,z
UBE2Q1,-0.6268141061317647
RNF14,-0.22421087829336284
UBE2Q2,0.8519613028444333
TMCO1,3.498265879561328
UBAC1,-0.32719889453509343
RAB4A,1.203109210165301
ZNF706,0.1447764707577889
MIB2,-0.883647530620314
RNF114,-0.8176230073241187
RNF115,-0.50149116111613
RNF111,0.11383227217734232
EEF1AKNMT,1.022200727547936
UNKL,-0.9368733508320518
MMAB,-1.2663606165203243
UBE4A,1.986268312292936
DDX41,2.034066464265028
ATMIN,-0.41065921091836677
TSG101,2.080924837189895
FBXW11,-1.250235291613183
UBE2D4,-1.094979489325814
RPS27A,-1.6736004645486098
UBE2D2,-1.1413143312138736
ATP6V1H,2.451136957952808
UBE2D1,-0.27935569497315677
MFSD11,-1.1328451227404925
CCT3,0.15906362126958676
LNX1,-1.8208698561039869
MRFAP1L1,-0.7722092527838841
GTF2B,-1.095301989126415
FBXL13,-0.9638333166184904
FBXL12,-0.9206711627594393
FBXL15,-0.5397877099443047
FBXL14,-0.8641330136206491
FBXL16,-1.0414051412481349
FBXL19,-1.131761492653084
FBXL18,0.9967132529823438
CCDC51,2.148718777610065
PPP1R11,0.47313159114914133
AKTIP,-0.45760499143675354
RNF41,0.053749667345015135
ANAPC1,-0.8542416613640823
ANAPC2,-0.6980453255965109
ANAPC5,0.7804974896612844
ANAPC4,-1.0476588052617921
ANAPC7,-0.6853996143117405
ZNRF1,-0.8219434436289949
LRR1,-1.0994813253865043
ZNRF2,1.7885307838799005
FBXO30,-0.8735918975009895
FBXO5,-1.1555775017699965
FBXO32,-1.219465580856548
EMC7,2.1579364944875805
KLHL25,-0.8988491343852171
KLHL21,-0.9571956866472446
KLHL20,-0.8236696423206544
KLHL22,-0.7318576846271762
MKRN1,-0.9679635680161559
SPSB2,-0.7719783909608227
SPSB1,1.433281649279778
TRIM50,-0.7704840309047591
SPSB4,-0.9247702211861079
ARF1,2.9907711030798536
CDC34,-0.7179882807461434
AREL1,-0.3702793591299455
LONRF1,-1.1263683026452944
CIAO2B,0.11349050297362635
RNF25,-0.34163553353882176
UBE2V1,-1.0867461280024049
UBE2V2,-0.8908320897493393
RNF26,-0.2330758977731324
PSMD8,2.6459987153388402
LMO7,-1.1067965302729232
MGRN1,0.9548529170753455
DHX8,-0.14320493990097297
SPCS1,2.053764100994227
ITCH,0.6515330268096655
PSMD4,1.3613229767354877
FLAD1,0.1837826602930911
CBLL2,-1.9798318118082139
ARIH2,1.18820368660678
TRIP12,0.273467236918825
MEX3C,-0.5355777674186467
E2F6,-0.7403064743889548
SNW1,-1.082553729158042
PRCC,-0.1267430526882258
C3AR1,-0.3697655196252282
BTRC,-1.4972231096293815
TRIM11,-1.0027258944210127
HUWE1,-0.7340885613035664
UFC1,0.029994724988894914
LRRC41,-0.6538403828626165
USP25,-0.7176930379263032
MOAP1,-0.7307709151578471
ASB2,-1.15616303510586
ASB1,-1.000162151323269
ASB6,1.1847900078326798
ASB7,-1.295301220935392
ASB4,-1.5680313013509064
ASB5,-1.132665555339751
ASB8,-1.1656529875703905
ASB9,-1.3149091654354057
PIP4K2C,-0.908416239552743
ZMPSTE24,2.316987211577261
MRPL34,-0.18313785407913982
UBE2R2,-1.0742156432100938
IMPA1,2.577049465958185
RNF19B,-0.84907339750839
RNF19A,-0.9571906590396426
RFX5,-0.6881916018159451
TRAIP,-1.1341840209411713
UBA52,-0.6967335298028372
KAT7,-1.460726737012224
EXOSC7,1.2222475336087442
ADAR,-0.5355174710150875
STK24,0.7630507770671768
GPR161,-1.0879659286059409
UBE2E1,-0.9651651925303956
UBE2E3,-1.0532447625430108
UBE2E2,-1.1808453058980946
DLGAP3,-0.0037637455915326833
JTB,2.105498354561132
TRIM9,-1.2669704747635484
FBXL20,-1.0741621013818394
TRIM4,-0.586728396193505
FBXW12,-1.3082164379725258
PI4KB,-0.08636110270644395
RNPEP,2.0734648027415035
ELOB,1.8487923789176708
FBXW8,-1.0144036811177346
SKP2,-0.127338857783218
ZBTB16,-1.5207851379609003
SKP1,-1.2424765107437574
DEDD,0.15405462575040252
WDR26,1.068845717249267
FBXW9,-0.8028563728852797
FBXO21,-0.7495992211800714
FBXO27,-0.8722278924280682
HNRNPAB,1.7110068921224535
DDX19B,-0.45994462094469485
FBXO28,-0.35212766658847827
FBXW4,-0.5788186472480896
FBXW5,-0.9277086206188118
FBXW7,0.03165212105512944
KLHL11,-0.9544534227548893
KLHL12,-0.5716217786949288
LRSAM1,-0.6835651962691556
SH3RF1,0.95140881116423
CSTB,-0.2584377979006287
GNB1,-1.5606175631655073
UBE2D3,-1.2030222037899367
TRIM69,-0.9806113063627384
JOSD1,0.26790358381101076
TRIM63,-1.2709998511579317
PIP5K1A,-0.7395182412808482
KEAP1,0.7732788457084779
ATP6V0C,3.0638360288043787
ERCC3,-1.0936057526247582
RNF34,-0.3855317151651557
TOR1A,1.8503683586244
TOR1B,2.9987395589126034
RLIM,-0.8704148200966535
TMEM248,0.5762221721170379
MFSD5,2.236644603122148
PSME3,0.311092765326846
KBTBD13,-0.8391762953443364
DDX23,0.06914797024225613
ERP44,2.770357502782742
ILF2,0.9464280791147957
ASB10,-0.8882409085432876
UBE2J1,1.326997584249479
UBE2J2,-0.716740444697775
WWP1,-0.11420438125321318
BTBD1,-0.575599027853746
FBXO10,-0.9303412591917997
FBXO17,-0.9646804734350292
FBXO15,-0.8640975804258719
ASB13,0.399754569788779
CAPRIN1,1.418755875878556
PPP1R7,0.5640994182074595
CERS2,2.3209916032669664
ASB17,-1.8226980201321203
EIF4ENIF1,-0.8673529620997751
CUL5,-0.48874425296098895
CUL7,0.4313030842721289
CUL1,-0.8808524864773797
CUL2,-1.3144008485677534
CUL3,0.04658909072927007
TRIM27,-0.5592409927266334
TRIM21,-1.2113468437550805
IRF2BPL,-0.33733262973246336
RNF138,-0.7665106050537673
TOR1AIP1,2.3818192657229376
DZIP3,-0.9930471720390301
RBBP6,-1.4565344972552519
RNF182,-0.895096699607233
RBX1,-0.8724530006147725
RNF217,-0.6360488568389039
RNF213,-1.0423731964921872
SLBP,-0.22520277123745477
SMURF1,-0.5124478792642387
UBE2F-SCLY,-0.5778952305233277
SMURF2,-1.079260049425102
CDC16,-0.8674825168521133
UBAP2L,1.6038727216819306
RNF130,1.1773158899935356
B4GALT1,3.1371845981171136
B4GALT3,3.1324046256826477
PJA2,0.10178366318678782
RIC8A,0.34068012671077
HERC1,-1.4035397853380174
HERC3,-0.6042049764701172
HERC2,0.7087389564885351
HERC5,-1.0940075050644578
HERC4,0.7022834320575357
HERC6,-1.1738858469429299
MRPL9,-0.19890434307663138
UBE2I,-1.2861708515311159
UBE2H,-0.05252267629603172
UBE2K,-0.9343130105678484
UBE2M,0.4410084643775529
UBE2O,-1.0863226498544376
UBE2N,-0.06725024414167932
UBE2A,-1.0011419363975933
UBE2C,-1.2880719854757492
UBE2B,-1.218007845254989
UBE2F,-0.9671463931996396
UBA5,1.1351636991877279
RBCK1,-0.8652146237591466
UBE2S,0.11165654326502206
UBE2U,-1.8913018518363234
UBE2T,0.32842799082643936
UBE2W,0.43452258663097
DPF2,-0.7106474802336814
UBA1,2.0391217028829653
FBXO2,-0.981452367391942
FBXO4,-0.9094457395939283
FBXO6,3.45941018873342
FBXO7,-0.9541040631777117
FBXO9,-1.0195840427733605
HACE1,-1.1936567900160027
SRPRB,2.964849733394621
ASB11,-1.175089232359113
FHL3,-1.1877711124636188
FBXO44,-0.8915302720734117
FBXO41,-1.011228194063644
FBXO40,-1.4721724455089165
NDUFA8,1.741983050496031
DET1,0.09136104195749366
TP53,-0.9453421894405645
MAEA,1.2058332425525449
TRIM71,0.07980161867969496
BIRC6,-0.11001368212499128
PEX19,2.3206740828252697
MAP2K1,0.46614545824126724
ADPGK,2.5227864206939654
ANGEL2,1.5273200149698989
RCHY1,1.2779174374735085
LYPD3,1.3856241927977497
NSF,2.0839372547290766
APEX1,0.8985325004772248
UBE2Z,-0.6835554988056761
MAD2L1BP,-0.14733326181998072
POGK,1.524212268303426
PPP1CA,-0.16817008324064509
MYLIP,-0.979069233023886
M6PR,1.4934195809700286
HECTD2,-0.7596751752758759
HECTD3,-0.3845306092140578
ASB12,-1.1833011438396592
HECTD1,-0.94229546868407
ASB14,-1.0521630725587883
ASB15,-1.952427572712972
ASB16,-1.0898553931344674
UBE2QL1,-0.5834551871411862
ASB18,-0.8620324186591929
DHX16,-0.7639431150828594
AC022826.2,-0.013397281798084998
STUB1,1.7538303289583836
ANAPC11,-0.7509965179965868
ANAPC10,-0.6903889054255424
ANAPC13,1.4038641010316502
CSNK1D,-0.24001301541210554
UBR4,-0.5930195156341238
WSB1,0.18072421169913816
SCAMP3,3.2796430903965748
CHTOP,-0.7024110064487218
KLHL5,-0.7668893062774874
KLHL2,-0.6169452835480328
KLHL3,-1.015748981016507
UBR2,0.034726093177698994
UBR1,0.3709287390362233
FBXO22,-0.8287316602142755
KLHL9,-0.8655507977921356
FBXL8,-0.8342192303521673
SOCS1,-1.716959365482203
SOCS3,-1.5877057325905652
FBXL3,-0.9349630227879051
FZR1,1.1875895526285722
FBXL5,-0.9091125336799476
FBXL4,0.4838451548866075
FBXL7,-1.2522691279302338
SUPT4H1,-0.1718557735962409
TMEM189-UBE2V1,-0.1665032041412159
UBB,-0.7608923762863337
UBC,1.8352393919724252
RNF6,0.02488887220433627
RNF7,-1.6538576627010773
RNF4,-0.885493392659712
TRIM39,-1.3790456434239275
TRIM32,-0.872932913575752
TRIM37,-0.6077771491974028
TRIM36,-1.6654752339015615
UBE2L6,-1.4211280758703797
UBE2L3,-0.6453044354855415
KBTBD7,-1.1039617661035968
KBTBD6,-0.9368054903681529
UBE3B,-0.8309697661541541
UBE3C,1.1994090099530201
UBE3A,-1.0115792535269819
CCNF,-1.2711983782216205
UBE3D,-0.4782144812018003
KBTBD8,-0.9939621884125649
NGRN,-0.15988127130153768
HTR2C,-1.0003369821708263
PCBP1,0.88618482550331
RNF220,-0.49646933486390565
ECPAS,3.8084000782168315
ARPC5,-0.2249478296788918
TRIM41,-1.478057863086708
TAF7,-0.9653075504788243
SLC25A44,3.499952511134045
CDC27,-0.5072868349337797
CDC26,-0.6187474025831633
CDC23,-0.594145417822583
CDC20,-0.34798628853337765
KLHL42,-1.0191136173090447
KLHL41,-1.223061428855771
HECW2,0.6556761234762327
RNF126,0.5075091360147294
BTBD6,-0.7853309741816598
RNF123,-0.4682752732456971
DTX3L,-1.0569092783249754
COP1,-0.785388448155085
NEDD4,-0.5818718407302345
PFDN2,-0.3686357720930021
SIAH1,-0.9855529988269744
SIAH2,-1.022737465474745
TCEAL1,-0.612159622968616
RNF144B,-0.795356627729417
PSMB4,1.2703925519535146
KCTD6,-0.9397874579253856
HAX1,2.1485977257904523
VHL,-0.8181113356095682
UBOX5,-0.7389360345658104
LTN1,0.5978353668600063
UBE2G2,-0.5925182875665866
UBE2G1,0.06440536848115634
PJA1,-0.8105641113559686
UFL1,1.6416939408662559
RFXANK,1.3390766016294222
RRAGA,2.508702965060822
TRAF7,-0.92773390238383
USP11,0.6360604846214573
C1QTNF2,-0.6134793597427839
NEDD4L,1.113405121157979
SCFD1,1.8708810537362845
RNF11,-0.4927811035501736
UBL3,0.6866727170153889
HSPA4,0.07063388294851426
SUMO1,-0.2764917535611197
HSPA9,2.360482309543633
SEC23IP,2.8991750174249984
ANKIB1,-0.46368506963510964
COMMD8,1.792670208163594
C6orf120,2.698984473206493
CDC73,0.9592980010587809
PIK3CA,-1.1595738315910384
RMND5A,1.5970235243139228
PRKAG1,0.17694600368894461
FAM114A2,0.8687748286010564
ABCD3,0.270849748619738
HBS1L,-0.4034409850690923
RAB9A,-0.2439312146809503
WRB,0.007700447812556245
NIPSNAP2,0.47931238432857787
SP3,0.5935034440304529
AP5M1,0.19523315792208962
TMEM9B,0.11175510301932688
DHX29,1.6230548877962852
TMEM184C,0.686503709292539
GPI,-1.0292569889491998
SNAP23,-0.14161619215118576
PTER,0.9172144638171472
ARHGAP12,0.3861723577017834
TCF12,-0.9598265383775963
CTCF,-1.8192272960301954
ATP6V1D,2.459206946481585
RPS6KC1,2.2061792150510424
ATP6V1A,2.167140116221186
ALDH3A2,0.13849025297806783
PUM2,0.2825900400684936
ISCA1,-0.2204548406757481
SPTSSA,0.387760270886098
ARNTL,-0.9596729625412362
RWDD2A,2.3931954370452235
BUB3,-0.6418846701106216
XPO7,1.207801267601491
RWDD2B,-0.1451599849915026
APOO,-0.062007892000103274
CETN3,-1.1865160212852115
CTNNB1,-0.5286197240517871
JAK2,-0.9530444378642347
TMED10,2.750057604427863
KIF1BP,-0.24170384845724885
TSPYL1,-0.35842495809798774
ZNF226,-1.3609310202663727
CHUK,-0.7338613648212261
INSIG2,0.7618158557601121
CSGALNACT2,2.5573949269968415
SLC39A6,1.8339481665441677
PREPL,0.1551112137944686
RPS6KA3,1.2997420481274078
CSNK1A1,-0.25981494933911164
C5orf15,1.3568706406320516
GFM2,-0.29157673879346846
ATAD1,1.89695513005742
SLC35B3,3.7710854126949656
TTC37,1.1679650349607442
MINDY3,1.3888406882267643
MINDY2,2.003480245655573
EMC2,3.108729241356466
MINPP1,0.13459492093541756
FBXO38,2.3459681153448826
ECHDC1,-0.16973355331352455
SOAT1,2.4105379013187176
SMAD4,-0.104308624338765
RAP1B,-0.06604559686359679
RAP1A,-0.8163806514553277
AP1AR,0.05444032770945086
DCTN4,2.646094445065308
LRIF1,-0.4202661442665352
NCOA4,-0.17171044379983558
CCNDBP1,-1.1070874094233014
CRYZL1,-0.5024908388422179
ALAS1,-0.28269685164608166
CRBN,-0.8209162327604793
TM9SF3,2.9411634198708247
TM9SF2,2.7338773969671792
TOGARAM1,1.607827075301619
AUH,0.8110247611488439
TMEM59,0.3122966169049629
CIAO2A,-0.2684224972182668
TCEA1P2,1.1582200310672681
PRKAR1A,-0.1517323027416037
SAR1B,1.477508557342407
SCAF8,-0.5137042553973947
CAPZA2,-0.12089334063007419
PEX7,-0.38066361567188484
PRRC1,2.44415347610997
SUCLA2,0.1118134138468088
ATP6V1E1,2.5763576495131915
TBCA,-0.15456537377038113
MORC3,1.524524530807324
ACTR10,-0.5651019950176223
CPEB4,-0.5420693708292547
TMEM251,0.25674312944809796
CAT,0.379574234682232
EI24,2.959814776709094
RAB2A,0.6498579910422188
C10orf88,-0.2155957517295491
EPS8,-0.6429768198806336
EPS15,-0.35660201075516895
TOB1,-0.3854396035805863
PRMT2,-0.8259713697730312
CLIP1,1.02411265939501
HNF1A,-1.1296835084778418
ETNK1,2.95254231404037
ATP6V1B2,1.749439853304217
CDC37L1,-0.12868824996984224
ARIH1,-0.49028379609197964
CD46,1.1822806585082517
HIKESHI,-0.4200663524890582
FPGT,1.9781382505249365
LPIN2,-0.5311010464949539
CGRRF1,-0.17807737347220062
RAB21,-0.25272991893918784
LACTB2,1.1310430639175666
DMXL1,0.3218260322322648
NCK1,-0.40052694781216547
EXOC5,0.6382920170711693
MBD4,-1.3601807720554195
PPP3CB,-0.9962334257671807
SPG11,-0.13607844048842135
BZW1,0.18341960187905787
MPC2,-0.0527417145805799
MARCH5,-0.0009104287572086751
MARCH7,0.28308918647649567
RCBTB1,1.7052636913392898
SLC25A12,0.38069417487423257
ADSS,2.0706931754561837
B3GNT2,3.199433809752165
NFE2L2,0.5575728803875445
DYNLT3,1.1955072876241604
TTC5,-0.22968012299342405
RARS,1.7499238993123833
GMCL1,0.2156503981063511
ZNF263,-1.471082639308632
MTMR6,2.085108261088122
TSNAX,-0.2366066417915403
UTP14C,0.32919013096562677
SEC24A,2.873091017341105
TERF2IP,-0.8830165348281701
SIGLEC10,-0.4989181386539324
SIGLEC11,0.09196380188894354
SH3BGRL,-0.3711794837075169
HTATIP2,0.035727138739968495
SYPL1,1.4053423528914595
OSBPL11,1.252421443680327
SCARB2,0.49396549122257133
MRPL42,-0.36312949420330076
RNF103,0.1376421720379769
APC,0.44844003744939154
UQCRFS1,0.39799371090765195
YIPF5,2.590874684929175
YIPF6,2.1963472464856597
SNX2,0.2687245736952754
SNX1,-0.15500781559786336
ARFIP1,1.7460581638629373
COPS2,-0.5358207335511821
SERINC1,0.7431678965570043
COPS4,-0.2120831355389731
ALG5,3.6425609674381487
MED7,0.37798573974978966
BLCAP,-0.13466577598232898
SUB1,-0.2351432233889046
RAB11A,-0.2909637248164335
DERL1,2.744961596360211
C11orf58,0.4645643989572508
MAP1LC3B,-0.46990762361998195
OGA,-0.43717887919434667
TCF7L2,-0.6557564393488099
TCF7L1,0.5584956347022749
DLD,1.0303059601517655
DNAJB9,2.9350094697073708
C12orf29,0.6605447090971173
RFK,0.5719276817174084
HAT1,-0.12447322711831095
C18orf32,0.19900837111397862
KDM3B,-1.19922247311331
RALB,-0.5676942617505237
MMUT,0.19815455755669587
TMEM126B,-0.26290266980347254
CCDC47,2.3892029925715397
ZNF236,-0.8906703871064152
AIDA,0.8052042608861674
STXBP3,0.31455039829376646
PRKAR2B,-1.089234728975576
AL136295.5,-0.9198944928373539
FECH,-0.11331747226473653
BET1,2.094871822995132
TMEM14B,-0.2229780349539296
TMEM14A,-0.07687488831460848
PSEN2,2.4281504774684373
PSEN1,1.0754760276698792
DNAJB6,-0.35537304792803226
ETF1,-0.2077863041646535
NDFIP1,0.08795749841096849
CHPT1,0.034202731643444916
TRAPPC11,0.3285445663711852
TRAPPC13,0.03478979967632059
RAB14,-0.07542853317259679
THAP1,0.13633178043935798
HNRNPA1,-1.1883537427974677
RAB6A,1.8700479864464223
RTCA,1.6509181264671542
ACOX1,0.743873247938481
STX7,-0.05938781195077742
SHOC2,0.5119029719126523
SGPP1,1.8073044071480013
RNF141,-1.5302370648040564
ATP6V1G1,2.872147373048307
TBCEL,-0.6560297301334745
GRSF1,-0.1307578219620357
CAB39,-0.6739952977678698
PRKN,-1.1629969906332254
NFYB,0.03393193912606798
MEGF9,-0.3730866457135585
RNF38,-0.8144112795061929
SMARCA2,-1.8095815944801477
RNF31,-0.7496675596977188
IMPACT,2.099679094646343
NPTN,0.4820159916001881
GABARAPL2,0.23424308637557326
DDHD2,-0.6965489849995339
MTX2,0.3779580676633201
FEM1B,-0.8287048426459775
ARL6IP5,0.8814255622863172
PCMTD2,-0.8819034423144646
COPA,2.590461465946049
MAT2B,2.1939433820158962
MFSD1,1.3298099162920543
MOGAT2,2.8124996239336113
GLRX,-0.2139506766468988
VTN,-0.7206070433182259
CTNNA1,0.7288385387962165
VAMP3,1.2978704730235016
VAMP4,1.6636956071734403
VAMP7,0.44416616005226156
WDR47,-0.08809231485051108
ROCK1,0.11834630285237997
CUL4A,-0.23227598768685492
DCAF6,0.05583246292040445
WBP4,-0.7232022014247509
PCCB,2.0194165499478016
NDUFB5,0.05995244876776199
FAM3C,3.475956609320522
NARS,0.9805395072566326
SLC30A5,2.735220250376394
TOPORS,1.9657493265632466
TENT5A,1.747599175730511
CUL9,-0.39587437178490836
CLINT1,1.7585527124558549
PPP3R1,-0.813852656929155
KLHDC10,0.9381807927948992
SEC62,1.5987787527851447
ANKRD46,-0.6638311317086405
ZNF200,-0.5395157022468675
CLCN3,1.3583125760165642
IDH1,1.6535475371993893
SH3GLB1,0.5011018527334238
TRIM23,0.11848637316288574
USP21,0.7013196361095798
GHITM,0.5413599285404056
PTPN11,-1.0277922578235563
JKAMP,0.2795158463377989
PGGT1B,2.083070845288423
CCDC28A,-0.2890111974729173
KIN,2.8236214204357917
KPNA1,2.10587302581608
COPB1,2.5646686149670415
RNF216,-0.6333554695625483
MED21,-0.7289190027526536
KAT2B,-1.3238863868767898
IARS2,2.1328574696867353
PPM1B,-0.3046173903552705
PPM1A,1.3824096550804528
CLDND1,1.6144107935997347
VPS37A,4.6998535339663094
PNPLA7,-0.5120118885745273
ARMC1,-0.45419793813675646
UNC50,1.1503012775145702
GSPT2,-0.5463875293918956
GSPT1,-0.33177371947967504
BECN1,-0.3085786182432683
RNF144A,-0.2876494627768964
MAN2A1,3.176476177158543
UBA6,0.33446427192136063
UBA7,-1.3492068575650356
ATG12,-0.33625617517283246
UBA3,2.0472104540256035
RWDD3,1.6790330885792735
MRPS27,0.8138438746654709
UEVLD,1.4261177514855319
VPS26C,-0.16447401783530433
PHF7,-2.395440863336058
BAG2,-0.1693286873924416
FBXO3,1.2899156677650008
RHOT1,-0.7826952092393443
FBXO8,0.5265864900886102
BCAS2,-0.6229125539171761
CAPN7,0.9426409514339584
OPTN,-0.8705441964708795
SNX13,1.1544824587940385
SEC23A,3.387368155135089
ADIPOR1,1.8738983492856234
SNX19,2.709875464340148
ERC2,-0.4993638750554476
BNIP2,-0.3684018313245524
DPM1,3.9953030540969454
NDUFA6,1.1808333133677384
NDUFA5,-0.023693408916191244
FBXO43,-0.7164385055432334
PRDX3,0.2603032818603484
RABIF,0.02089692593900587
RWDD4,0.036425371778378395
GALC,1.218876349657074
ATXN10,-0.37558582909676824
ESR2,-1.639141918445255
EFCAB14,0.9237964135952392
NRBF2,-0.08487130327100689
GOLT1B,2.976119140137903
MRPS35,0.18243525105889363
ISOC1,0.6914188860035104
RWDD1,-0.26855661160996397
EIF2AK4,-0.43049313965229147
HIBCH,-0.29677468307233856
DTD1,-0.16702830159987722
NECAP1,1.7434932923098374
BPGM,0.7277612159742655
UFM1,1.675014298052476
BIRC2,-0.38941831049290876
MOSPD1,0.1678718507705748
MDH1,1.769918758597754
MAP2K4,0.42560767807137956
PEX13,0.698236095653412
LPGAT1,0.09701813372326087
MICU2,0.5501966321011893
RNF170,1.3775932072617703
ECT2,-0.8756244988444488
STAM2,2.059074762138571
SCAMP1,1.066556725419013
TMEM192,0.8385873978561714
SYNJ1,-1.1368840082639333
GLT8D1,2.7979651037770457
ATP5MC3,2.1724421919220696
CNIH1,0.7673567183817124
ANXA4,0.7112051388875674
ANXA7,2.1068514191373833
NUMB,-0.06243673766844493
HLTF,1.9214015618305824
TAGLN,-0.7531566132157498
PPP1CB,-0.6865725007925468
RNFT1,1.473655338838009
C1D,0.8138484822107283
HADHB,0.6088087503137151
NDUFS4,-0.14692780681489753
PICALM,0.6181973077251683
TM2D1,0.8413570291415445
TMOD3,-0.6222068795464191
WASHC5,0.8347369103544235
LYPLA1,1.8850860592333243
SEC24B,1.8036542338026456
SRP9,-0.39905820759885563
OAT,0.8719643561961061
KIFAP3,-0.32150929020749813
LEF1,1.0464219241028692
CANX,3.5842779509659657
NDUFAB1,1.1659670401013353
ZNF140,0.2963439980893784
MRPL3,0.7761571019847743
MMADHC,-0.07501330240100462
LIG4,0.6404207417766646
GOLGA7,-0.0493357529659677
NNT,3.6980579352082485
SOD1,1.4405228738330855
SEC63,2.880209627055635
SARAF,0.41189120286014574
GARS,1.353678567719081
TRMT1L,-0.5342249110669859
TDP2,1.4218543885468153
SCOC,0.23490977902741839
ACYP2,0.03256051142169264
PPP2CA,-1.1523124818764627
ACSL3,1.9554233950010254
WDR59,-0.7232049720692665
ASF1A,1.4735504319701394
RNF8,-0.990512100328379
CCNH,-0.8490195969169112
ZNF217,-1.010014419428566
VDR,-0.12183437265733378
METAP1,-1.2209914088566838
TRAK2,-0.5425124178673587
PCMT1,0.6876559416217131
SLC25A32,-0.14904683825133108
PNMA1,1.03945454259496
NMD3,1.169538623697736
FAM177A1,0.1574757199673586
DCTN6,2.8813434975610086
CMAS,1.8592332567364651
LANCL1,2.070137825207127
SLC35A1,1.387358678377721
SLC35A3,3.088326981993283
UBXN4,2.634635714556311
PRELID3B,0.8175633660465631
ORC4,1.6999245044661206
C5orf22,1.0578037197013286
TTC1,0.054091289666253255
RCN2,2.241335910452997
DCUN1D1,-0.6159754983400546
SLC26A2,1.7708261647897585
DYNC1LI1,2.7752895228935928
POLR2B,-0.7959059950833403
TRIP4,0.007366373587480807
POLR2K,-0.9666725236410846
STRN3,1.7704112047776828
HADH,0.07424362180523868
SLC25A46,0.6725648844904055
TNFAIP3,0.0031611946544881733
FAM8A1,-0.29442473462231006
AP3B1,1.372009348436162
RBM22,-0.8551722666053791
SNCA,-1.1260826000934745
ACTR6,-0.47130268855840757
STAMBP,1.9130888094790883
APOOL,-0.10456138008117319
SDCBP,-0.0712783782132491
ATP5PF,1.1344124394472035
CCNG2,-0.5984067257603025
ATP5PO,0.973711728275643
PCDHB11,0.5535600528899526
NCOR1,-1.363446729931055
LMBR1,-0.10161112070848305
TMED7,2.545106614336784
TBC1D9,-0.8632939476248566
ACSL4,0.8725959256381625
TMED2,2.308416625830417
ARPP19,0.6006133417837256
MRPS30,-0.45166465693513314
MAPK1,-0.5897800970163605
MAPK6,0.25023381674961465
SACM1L,0.5245318040172425
TMEM30A,1.863050095729765
MAPK9,-1.1726602017384586
REEP5,1.8691547618816913
ARMT1,0.6180223593188299
RBL2,-1.5972042854872635
PAQR3,2.9416541491902204
RDX,-0.027523866592675666
SERINC3,1.6489239943293186
COPS5,-1.0656684547702149
CRNKL1,-0.8208632267655716
DEGS1,0.178537684830313
YTHDC2,0.24187104045845825
VPS26A,1.1810946078081959
SPAST,0.36460020960644135
ITFG1,0.8970780610937247
MORF4L1,-0.9280579351579856
PRKACB,-2.0379663171978337
PGRMC1,0.747148616949896
DECR1,0.36245545956336384
TMEM230,0.4813240015620156
ARFGAP3,2.1791835325902036
CLPX,0.8408672398843661
LRBA,-0.13425616371770407
ACVR1,0.8502008215849234
CD59,1.740896953081218
CTDSP2,-0.20888720665911634
NRIP1,1.5084635497640193
DERA,1.2747884253823898
CAND1,-0.5723940143490805
UBQLN2,-1.0926937183835481
BLZF1,2.06459572215199
HIGD1A,0.08834872565726148
GCLC,0.6801410839822816
NR3C2,-0.8687951541140447
NR3C1,-1.7970687745012346
SRI,1.9966279682994448
CRYZ,-0.10377709954476912
GTF2H1,-0.13067797386349225
USP12P1,-0.5972147466463066
TMX4,0.1793389241014455
AKR1B1,-0.4308403865725416
TMX1,1.7763496285584577
DACH1,-0.9411671286384607
CDV3,-0.1006610545129848
COX7A2L,-0.11306290786918927
SEC22B,3.5876928421224354
DAZAP2,-0.6289546568914863
ESR1,-1.6719689676257647
TAB2,0.7825057859772047
CD164,1.7627699439166558
RIOK3,-0.3991705007001481
TARBP1,-0.6711089144599298
ACTL6A,-0.8985232251505424
SDHB,1.3652389334388928
GDNF,0.12636930831792414
SDHD,0.17101922522230908
RNF10,-0.3093447462375516
DBN1,0.8955955592392318
ACTG1,0.47772525442960917
BLOC1S2,-0.221639465082548
COMMD2,-0.30215125239869794
CAPZB,0.0251748151285653
ELAVL1,0.7406410703446686
RC3H2,-0.5370119347100637
ARL13B,1.8903261708746515
GFM1,-0.1689010072759238
ITGAV,1.4506343311437129
SMAD5,0.7631000224743898
AP3M1,0.9196646748767142
SMAD2,-0.40352962900207245
MIB1,0.1621671388264408
XIAP,0.8623039891068668
AMMECR1L,-0.030964985995570963
RBM12,-0.558101809082661
RIOK1,1.8505208273075167
CMTR2,2.1460541821052996
MOB1B,-0.3443576890740215
EEA1,1.001365715287105
SELENOF,1.6706187879841612
ITGB1,1.2699508081423163
THUMPD1,0.5019812466708119
BMI1,0.012333426437758099
BRMS1L,2.3468853785176247
THAP5,0.1251608713788698
FAR1,1.187609047096713
WDR77,0.8068515732565108
SLC12A2,2.885964761389557
SH3BP4,-0.20927894978692244
SLC2A9,-0.637726418827835
YTHDF3,1.372668992367244
MED4,-0.9560891190275748
VEZF1,1.4168763721438924
CCDC6,-0.4018856953744612
DHX40,0.3539032479531268
HMGN4,0.34943582420168734
OSTM1,0.40353867647119535
RPS6KB1,-0.792414801770835
RANBP6,-0.5626963718231417
CLIC4,1.7115909750435465
SMNDC1,1.4649914876006565
USP8,1.3425875853749438
MTERF3,-0.5997908021496858
AP3S1,-0.016375879865943212
IQGAP1,0.6376034934760538
ZBTB2,-0.8500622928058079
PAPOLA,1.534533850415592
DPH3,0.02837874795364696
PPIL4,1.3821832200328557
TMEM263,3.745811633024724
TRIM25,-0.8385597205083191
PRMT5,1.2480687822660668
DNAJA2,1.6876115676726917
GSKIP,0.17734236042591453
SEPT6,-0.5928523378514834
TWSG1,0.49336947010726323
USP46,-0.28194470798916194
UBLCP1,2.46261887839177
UBA2,-0.20764526687084361
SMIM15,0.1913293203964059
MYO1E,-0.956236728674246
PHF10,-0.36171923327598093
BTBD10,-0.164192143031758
ZNF532,-0.8347532178090368
GMFB,0.7337823650266938
APLP2,0.35474669300178374
VPS4B,0.6380728407481812
MAP4K3,-0.5732703798923219
BIRC3,-1.4237501104917432
AEBP2,-1.085003566398151
ABCC4,2.3133907839629106
TMEM167B,0.2910808494382609
VEZT,1.9182831075476743
TM2D2,0.9519153176381947
ZFAND1,0.866829631038034
GSN,-1.0593189064579107
SLC39A10,0.34335899178576756
ZNF146,-0.7120639573769865
GOLGA5,2.8830020292834715
URI1,-0.46111882475261784
OTUD6B,1.506605217704022
PCGF2,-0.7086454590665192
ADAM9,2.1519955842344074
NIPSNAP3A,0.5061925255596177
ANKRD50,-0.8861265480531068
METAP2,-0.9196682987722743
THAP12,0.21466405785853604
TOP2B,-1.3128006745426806
ARPC2,0.19388073221676416
ARPC4,1.5242241220915798
TAF9,0.04444378054298357
AGPS,1.9867696328529818
RAD23B,0.7929157273961611
HNRNPR,0.17635270837199982
TCEAL8,0.03882861150616716
AKR1B10,2.189071374832354
ZBTB41,2.757990589922579
TATDN1,-0.29429655931443105
LRP11,-0.5955999579834417
DPY19L4,3.9663319055484614
HOOK3,1.3489093188472707
LRRC57,-0.4789375077621102
USP14,0.04215173681637104
SSBP2,-1.0709692141544807
RASA1,0.9797512329321275
SEC22C,0.39323336907531664
GORAB,10.299787818740581
BCL2L1,0.7848168628787465
MOV10,1.475941566179716
GLRX5,1.7150262709250323
PSMF1,-0.4816474933597809
MARCH6,0.33918287402055336
ZFAND3,-0.16161745124464053
MARCH3,1.8190106097707788
MARCH2,0.09721965350457841
SUPT5H,1.070568966955633
HSP90AB1,0.36937456333849633
FLII,1.3927307263814739
PTP4A2,-0.5817601698600461
RELA,-1.4507409177934978
SETDB1,-1.0683788023662688
DYSF,-0.8932808150302582
RAB5B,1.0739987836008273
R3HDM4,2.7459645831342865
TRIM26,-0.8686013721602458
UTP14A,0.5085503422323432
SEC24C,0.9946077243162063
CHFR,-0.39132241421002445
MDM2,0.5898347688086587
SHMT2,1.0171021621875087
GMPR,-0.6699993333902498
RNF181,-0.37598441021690093
PPP2R5B,-0.7699089759682921
TERF1,-1.0255870686984272
STRADB,-0.8555765008430942
ZNF592,1.0827692257015777
SLC25A37,-0.48992493712751917
PINK1,1.0415790431615093
SEC16A,0.33616234531602285
EIF5B,0.3434968983395624
NPRL3,1.0833373376738413
XPO1,-0.816236704016717
UBAP1,0.21736132183653625
UBTD1,0.06300639445061405
PPP6C,-0.30769620772508427
UBXN6,-0.027465720031386243
CCDC90B,0.8216814882191043
CNPPD1,0.2640412690595392
RBM38,-0.4628843815276527
NR1H2,1.6188703039257084
MAPK1IP1L,3.0419295869003906
NXF1,3.143237098025803
SGTA,-0.6720818564976597
COL4A5,-0.8741249945170174
TP53INP2,-0.3308608673655056
GRB2,-1.794109977484303
PSMD11,-0.0069974208833514925
RRP12,0.01534295504923325
SRRD,0.6695766803509052
RBM28,0.23632886104759934
ACADVL,1.084669656213065
KDM1A,-0.5108604753712291
BAG6,0.1770727155525863
RAD23A,-0.5410368231572348
MKNK2,-0.8455141509921715
TLE1,-1.1342292833661458
FOXO3,-0.32016763296153555
SLC4A1,-0.2723344139383195
RNASE3,-1.0050872767372647
MEOX2,-1.4878448374691133
STRN4,-0.6463883314661565
MLF2,1.5651959593278886
SRPRA,4.069175210168454
NOC2L,0.5172396434147677
ALAS2,-0.6979527027443785
EPB42,-1.1018301801935535
ENO1,3.835955548399498
AMFR,1.2859063850664825
CS,0.504065806959772
RMND5B,2.8664508472443395
TARDBP,-0.889845586107669
EIF2AK2,-0.7208995128434638
ARPC5L,0.9275988849926704
RNF149,0.8618904604017609
ZBTB14,-1.1340212272296166
HSP90AA1,0.5866298622495282
ZMIZ1,-0.8198342773664737
KCTD2,-0.3312954169148697
EEF1A1,-0.030497335481631714
CHORDC1,1.1933063560011092
PSMD2,2.860298717324161
MAP2K3,-0.759981067972443
DCAF12,0.49240319211655487
PON3,0.28491238723707957
EED,0.7782124032905243
SCAP,1.369206200721496
RNF32,-1.6444002605529635
TAL1,-1.459989171286249
WRN,0.27477336215037684
DNPEP,2.611721116662159
CANT1,1.2966672394218892
PSME4,0.6373375903691444
ASCC2,-0.3177393702590957
RNFT2,0.2806218287875297
ACTR1A,0.8014610964544412
TULP3,-1.1636328804807543
MAGI1,-0.5031103024983261
ZDHHC17,-0.6071954110160452
GOLPH3,4.044221199920541
RNF13,0.7134979023793268
HOMER2,2.1528713550942884
IL6ST,0.3066029708685405
MOCS2,-0.12526637476996214
P4HA1,0.42593175666566807
SRSF11,-0.9787924649530925
PDCD10,0.12457424645519379
DYNLL1,0.8205977885688421
LEMD3,1.553306615200638
GAPVD1,0.5879413976137641
ZFYVE16,0.12117913072103415
FAM114A1,0.3106829284703442
YAF2,-0.6236032339694852
ARHGEF12,-1.0284423878098345
ITPRID2,0.2960791954994605
PIK3C2A,1.1475404968886964
OSBPL9,-0.034293854809159696
SNN,-0.37897756101126095
PTEN,-0.9116355929352296
CDKN1B,-1.0031496832914972
MYO18A,-0.8204072495109721
PUM1,-0.1370986214309188
CRIPT,-0.23578078831317076
CCNT2,0.7536271931251233
WDR44,-0.23869957783126727
CSDE1,1.3726757004998804
WSB2,0.6829012926627366
JAK1,-0.0961790232148055
SPRTN,1.7399664377023158
ZEB2,0.9885403689856949
DSTN,0.17518517519020643
CAMSAP2,-0.4536462789213861
PSMD14,1.8119104736817107
PSMD10,0.1475168836347662
CBL,-1.5783593705272836
PSMD12,1.0938417912883345
FBXO34,-0.633527941692342
WDFY3,-0.2223020497027958
FBXO33,-0.5303272811575874
ANKRA2,0.4224985353574142
ATXN1,-0.6912278344662847
RALBP1,-0.6776179119446812
PRNP,0.3733106033409396
TNFRSF10B,-0.39175423492415334
ATP6AP2,3.5218617347774646
KCMF1,0.09833533258840511
MARF1,-0.7991018752026597
PYROXD1,1.9142583319542221
ARL8B,-0.21394132240434233
ANKRD28,-1.205790514343225
AP2M1,1.469049152032375
SPTLC1,1.2264192856265446
HEBP2,0.1762637294391033
CPEB3,1.3488871732491017
HS2ST1,1.739209169231176
LMBRD1,0.108883422413193
CAPZA1,0.00013993122061167228
RAB33B,1.6605276246471259
INSL3,-1.3462685167486965
ZFYVE9,-0.7797551394055493
AP1G1,0.09515148955151599
MMD,-0.2213810207035072
ATP11B,1.819947781086562
RBM7,0.3518240045446644
LAPTM4A,1.0110107012886067
PSMD5,1.1926893863846433
PSMD7,-0.09675728817177595
PSMD6,0.1066402031845131
PSMD1,2.977670017648316
PSMD3,1.5521944815188515
QKI,0.8826532424079865
ATP13A3,1.3162681494175852
DYNC1I2,2.269913370834301
RYBP,-0.8535444557295612
EFR3A,1.4886307136779486
PSMC6,1.9272084935157368
APPBP2,2.279750675244559
RTN4,-0.33232354715570606
HGS,1.6880941074421687
RTN3,2.424324660178146
RRN3,2.2529549004143354
MCFD2,1.7076759634842449
NCK2,-0.9218727591290241
SLU7,-0.6812198799066399
OSER1,-0.236765873404153
TMEM41B,2.661819848175871
MARCH4,-0.3046061450258926
TMEM131,2.7130847150327164
MARCH1,-1.0480713721816515
IKBKG,-0.8241267517258692
IKBKE,-0.6940970005831246
USP24,0.9437432693545778
MARCH9,-0.12641327920042678
CCSER2,0.6575540085816906
GNG10,0.3485924113087955
SRCAP,-1.0291573232482771
TSC22D1,-0.5611756084162928
KHNYN,-0.06291705552133002
PAFAH1B1,0.3184289981660444
CNEP1R1,0.21047449035194912
PTTG1IP,1.2854362770548344
ZC3H11A,-0.04616730207510785
APP,-0.7613347123856367
RABGAP1L,-0.31356967473185254
EID1,-0.36338824995934177
TMEM47,-0.7391391732527439
PLAGL1,-0.6293441840932127
UQCRC2,0.46651600042235813
SNX3,-0.02899274733397349
COPS8,-0.3313377136552597
ADNP,0.5857147141313098
CYB5R1,0.20032558583392812
FUBP3,-0.12218240099338437
NMRK1,-0.018108559356387954
STAM,-0.25599189785249515
AP2B1,-0.20532358761375546
YPEL5,-0.7428405326167182
NEK7,-0.02601202436244336
USP7,-0.50093940911567
KMT2E,-0.41850168531188053
PLA2G12A,-0.24829317386890942
ZBTB11,0.15042789149438376
UHRF1BP1L,-0.26629931015241376
GALNT1,3.856072120360595
BCAR3,-0.4908107857815423
FZD6,0.784644650936042
TRIM8,-0.7375421819343023
PFN2,-0.5718618910384666
CREM,-0.9875543315014375
RSL24D1,-0.3745145282436787
VPS51,1.757076785541646
CREBBP,-2.37191267650934
HDAC3,-1.4705068131617187
HDAC2,-1.4713407284225906
HDAC4,-1.6681529816266596
ANKRD13A,-0.3554299936734749
ELOC,-0.6827967051005657
MLF1,-1.4662881701584367
TPM1,0.3155373072015822
RAB18,1.4810266384091546
CCPG1,2.5422164042515867
RANBP9,1.0323178462322307
FANCL,-0.9532217006474515
LSM14A,-0.9640197818370013
RANBP2,0.6030845480631571
PLPP1,1.3728237464562325
ACVR2A,-0.8794286432991125
UGDH,1.8724277454777989
SSX2IP,-1.2052624708282684
ACADSB,0.5512483384599897
REEP3,-0.1509178627495251
RSRC2,-0.2541316786005521
STX4,2.1348191333887168
RNF145,-0.06432225404196787
ATP5PB,1.4885928196191165
USP2,-1.4516254741546266
KIAA0232,-0.6935916131940746
WTAP,-0.4854024885059809
ERCC6,0.4468596798701976
MYO6,-0.37877553570341127
RPRD1A,-0.25366157183356913
MCL1,0.5762633526271477
NR1D2,-0.9293713539567879
YWHAZ,-0.877608377433748
SERTAD2,-0.6712016033645343
SUN1,0.05282961138640743
RB1,-0.5798199598946885
PHKB,0.3022565785686051
MED13,0.011679405140206585
GDE1,2.2693731102295
MED17,-0.5511421683575446
FEM1C,-0.5425815223141054
AMD1,1.786070204621081
CDC42EP3,-0.41185260300004384
VCL,-0.8794957228770214
AP2A1,-0.6729281027991808
FYN,-2.015004799505669
AGTPBP1,-0.6208753828476807
PHYH,-0.3771658213777052
ABI1,-0.9071759696441596
AZIN1,1.128860416679751
GGA3,-0.25545385981982155
ATP6V1C1,3.154795584889493
WWP2,-0.45239037545172833
SLC30A9,-0.050791819420727594
ATP2C1,2.0518395965798257
KIF2A,0.3804802499211337
MYCBP2,1.691396932330949
CALM1,-1.3923022576323332
GADD45A,-0.46214790825697094
CCDC91,-0.18977186169457078
MAP3K5,-0.19685957826208425
CYP51A1,0.2384124402532172
AZI2,0.7099566654855561
AUP1,3.7037197981633727
TNIP1,0.5803127558396396
PNPLA8,-0.09912754258877737
FNDC3A,1.08669684843262
USP33,-0.03706781238485228
MAN1A1,3.4674786829731548
SMPDL3A,-0.33597894515620247
CNN3,1.3605551368471847
AKT1,1.4266834518282336
PTPN12,0.8039229278652723
KPNA4,1.420731296129719
BMPR2,-0.595726141682602
PNRC1,-0.8476796798370554
YME1L1,1.5098064177976904
HIF1A,2.2056741808474163
YOD1,-0.6029106312310947
FOXJ3,-0.1867654003448339
MATR3,2.7699988438977337
ARHGAP5,0.1655861827487332
SEPT7,2.5801973377045884
ACADM,0.17500029763311922
SUCO,0.9406075961444865
FNBP1L,-0.4342277495896458
AP2S1,1.9756525026758511
EGR3,-1.3238960975886285
JUN,-1.2286480031612022
SECISBP2L,-0.5071963868105489
PLEKHB2,-0.19811624702798417
USP15,-0.37214242790202473
RNF139,-0.2520436016515626
PDCD6IP,3.002012888514021
EPN1,0.5564882896412467
EPN3,-0.19864259418844513
EPN2,-0.48960038214834584
TIPARP,-0.0970682258171547
THOC7,-0.6163215070931534
CAAP1,0.829415255954384
ERBIN,-0.01830099599090764
TPRG1L,0.42577552134958896
CTBS,1.2714711217442651
PPP2R5E,0.3589158732633072
PPP2R5C,1.0862349091790957
EIF1AX,1.724548909956531
GNG12,-1.9472704762818893
CHMP3,1.3100162458239069
CHMP5,-0.3622123779272529
SNX16,0.05869433287826444
SERP1,3.3955978844347943
PGBD3,-0.6602230704201679
STAT1,-1.5142667288189438
HPLH1,-0.8612709843656248
PSMA5,1.2851607697639256
FTH1,0.3157995313351086
MORF4L2,1.2557990828094097
BNIP3L,-0.5824851578087619
RABGEF1,-0.33173775389723514
USP5,-0.4009690617187881
RAB1A,1.7611442676946372
TOMM70,0.4998756976190934
EPRS,1.2438908265336908
EZH2,-2.247405438610845
TBL1XR1,0.039006030531654495
TDG,-0.4307539514101879
C1orf162,-0.9608948445102314
PHIP,-0.13793580942380923
STX12,0.7825462146628588
CSNK2B,0.8000170941706785
CREG1,-0.026213859272277477
JARID2,-1.3580855301684258
BMPR1A,0.776129241468763
PSMD13,1.1601346795179204
RB1CC1,-0.5119548616805486
ANKRD12,-0.8097831107145997
EIF1B,-0.23122163046430166
NAP1L1,-0.5718673794152191
CALCOCO2,-1.036549231113062
BNIP3,1.1113291620176455
ATG5,0.3773737843317257
ZNF350,-1.5106515848863507
ANXA1,-0.49530313351060773
DCP2,1.109317622940622
PIGK,3.4818929170409336
TP53BP2,-0.5989758966607661
GABARAPL1,0.1841820187432432
DUSP11,0.5143044642359887
TAX1BP1,1.884466592738107
TSPAN3,0.3089667391748246
HBP1,-0.7332501021907819
TOM1L2,2.7616075527694965
LAMTOR3,0.19137242722553802
TM2D3,0.1551672302371804
ZRANB1,-1.0533925414427405
CRY1,1.7093083368963853
ZFAND6,-0.21304681948040827
CREBL2,1.6674406855477837
LEPROT,0.215592185682973
CDK2AP1,-0.23764006775271115
MBIP,1.7691696294814205
STK17B,-1.303908474374411
RSBN1,1.0795020801988522
MFAP3L,-1.0073016094921494
KRAS,-0.6014738688264207
SEPT10,0.8554824944756328
ISCU,-0.41710369384603635
SOCS5,1.1749940061722957
DDX3X,1.2226722003066857
ENPP4,2.7602710794197516
CSNK1G3,0.6617408249523212
VAPA,-0.14754198334840005
TSPAN5,-0.08687122043765495
ABHD3,1.3110075190309876
CSNK2A2,-0.7529763845643612
TWF1,1.4718038465631853
PCGF5,-0.6799511997818084
EIF4G3,2.3462268088635865
PPP2CB,-1.0729808651227792
C6orf62,1.950165803217623
MARCH11,-1.8222381191640524
MARCH10,-1.8454494103731611
ACSL1,1.7607690900777937
DNM3,-1.0249612197351086
ARID4A,0.6102248010943271
CD2AP,0.18468645712997994
NCKAP1,-0.6127101314939004
PIM3,-0.8734962558266584
CHD1,-1.3925696590479815
POLI,0.3636947921079473
SRP19,2.332356283275491
PTS,1.4294456520233412
TXNL1,1.1084493886302949
RAB7A,1.265478438083246
PIKFYVE,0.6331105473143368
ARPC3,-0.781318637590417
DCUN1D4,0.7249722155343017
EIF4E,1.8158020813027704
PEX3,0.6478713756284601
LEPROTL1,-0.2904575046347237
TAF1,0.5209324524493053
SLC25A48,0.18895458938643145
GCH1,0.675345997930872
ITM2B,0.9763211481754578
RNF125,-1.26285549193224
ACTR3,0.41858785544392757
BTBD3,-0.32384288502617664
AASDHPPT,0.8825598153032713
ARMC8,1.5236485450490491
GNAI1,-0.677748092339184
TNPO2,-0.42975064763784804
TMED5,2.033525509239438
TBK1,-0.9722419268298613
SYVN1,2.329148331282415
NFKB1,-0.6842895439240609
MAPK8,-1.2182915962298608
SNRNP70,-1.103054253549792
RAP2C,-0.4538734268274329
ASH1L,-0.8112477702887647
GGA1,1.3280544055674732
GGA2,-0.3659064078714527
TCEAL4,-0.3704836817659316
TRPS1,-1.5626185043484375
ADH5,-0.2640714541192752
PAIP1,0.5110410185557113
STAMBPL1,-0.5515668132192183
KCTD3,-0.47033520306997084
CD55,1.723204502749634
RIPK1,1.7382341562681476
ELF2,-0.8239775148272078
HIST1H2AC,-1.3937625686681578
YWHAQ,-0.9088029575063227
UBQLN4,-0.743968903578655
CCDC127,2.1941151572198128
TANK,-0.7644457153343646
PGRMC2,0.5288949763651174
TRAF6,-0.9578169204798698
PDIA3,4.125573617787433
GTF2H4,-0.4556037730713817
TNF,-1.6477532215952875
TVP23B,2.198717246448237
NDEL1,-0.4793614581685724
USPL1,-0.5672456390158106
MXI1,-0.9977188175732807
RNF168,-0.6445882099464075
TXNDC11,3.5274628782661672
PTPRC,-1.2559927428664306
G3BP2,1.6397873623609205
RYK,-0.35813283817122543
SUMO4,-0.8307827191407596
TYK2,-1.6305558943668765
NCBP2,-0.8117103430830708
NPC2,1.1500299123572788
ZSWIM6,-0.36958085645453387
WDR7,0.1331311956903216
SLC38A6,0.2666677232204586
C2CD5,-0.5033107798858313
FXR1,-0.6602117332202599
PIK3C3,0.38387131098509497
FAM172A,1.2197813637854553
TRAPPC8,-0.7051934836361483
GTF2F2,-0.017160511980504906
LITAF,-0.4427920061244371
SPPL2A,1.000012341151642
HSD17B12,3.4548718155841565
HSD17B11,-0.07887257948973386
PNISR,-1.0144344864985995
HSP90B1,2.433420843123963
TPK1,-0.9824255261894144
GPR137B,-0.34894089484881347
BAZ2B,0.05845132391519349
IFIT1,-0.8849307945228491
UFSP2,-0.13816668060239598
BRIP1,0.4481839269769229
XPOT,0.5220724903050012
GRN,1.129570884903406
PLXNC1,-0.5286192838953984
MTCH1,0.23869185150677355
PPP2R5A,-0.9866266939859717
SLC38A1,-0.10389402139685995
IGF2R,0.7436583046636565
LHFPL2,1.200904927219237
NCOA1,-1.3431899213150809
TNFSF10,-1.2780289736094583
SMC3,-0.6838778585210233
NR2F1,-1.0190023151856054
SMC4,1.4418594658196324
NR2F2,-1.1280843370018543
AP3D1,1.6856611128125034
SETX,-0.3334905703005735
PRADC1,0.4170827950505287
ZNF83,-1.1047676270441227
RAB11FIP2,2.1068896276055455
ZNF638,-0.6132528133800084
MAPRE1,0.40582997849852986
FGL2,1.2371786525107156
AP1S2,0.6723443636075478
FMR1,0.08025731300057637
SGMS1,1.9548536196326047
GYG1,0.9127553388637704
DPYD,0.18088237415758696
PSMC2,0.005942769538342797
FOLH1,0.33405826039297415
DMXL2,-0.6910391395206108
EXOC1,-0.13691710463508963
MTUS1,-0.5027523287015832
RAB29,-0.5301836803574045
ANKFY1,-0.9630231906419837
HEXB,1.340435188988928
OSBPL8,1.0029279969147922
ACBD3,2.3595942386550175
ATP6V0E1,2.220829812664955
VRK2,-0.6420826891823328
CMTM6,0.9671425523047215
TRIM13,-0.2474958393199228
FRYL,0.4553671693818026
PKP4,1.6051658035117093
NAALAD2,1.8706108434282838
RBM47,-0.10159117289699648
GINM1,0.33527415526257853
NABP1,-0.7052296757431441
SCGB1D1,0.28176899934105504
RAB5A,-0.17540632474786408
RGS2,-0.6900299033719998
REV3L,-0.22764091951400203
EDEM3,10.715508538702391
SERPINI1,-0.3631055328520706
CEP350,-1.0719879870961448
GATAD1,0.6307047247230997
CYB5R4,2.1235889032237107
SNX6,-0.2913847268348238
IL10RB,-0.6389178627268832
SNX4,0.4926574081053922
MTDH,2.2932128164152505
GCA,0.4118134487926491
NLRP2B,0.17155599192662208
MANSC1,-0.3126140228890196
HACD2,0.8195110736186884
HDGFL3,0.04659336501654044
DOP1A,0.09236921383699878
MEF2A,-0.9140598627287706
KDM3A,-0.75215789693565
SSB,0.10578189572263312
APIP,-0.09618056372485065
TMEM135,0.34306128609976466
CNBP,-0.6996881678806712
CBX7,-0.5654172250810602
TMEM165,4.709996207535966
COL4A3BP,-0.4904907494112601
ALCAM,2.5182160824510866
LYST,-0.15925096680431208
PPP1R12A,-0.054292714942827856
MTMR10,-0.974188546741105
TET2,0.8487868321808701
LAMP2,1.8566897938598224
LAMP1,2.020446131263324
BBX,-0.7323194003934584
LRRFIP1,-0.9949664335168555
STX3,-0.39724849253769345
ARHGEF10,-0.031126375146716845
VMP1,2.1240439095525283
PTK2,0.4309049403489016
PHF11,-0.9234776497725551
USP1,-1.1771742976496657
SF3B2,1.136662406513443
PLPP3,1.0675932719144674
AP3S2,0.08022519571158325
CEBPB,-0.2026938641144863
ASAH1,-0.26499741334356003
DNAJC13,0.8278119954426456
VIPR1,-1.067111126092248
SNAPIN,-0.6117850078421176
ST3GAL6,1.6988991309519803
ACD,-0.41464449619033933
NBR1,-0.6552343227960585
EAPP,-0.38305442578069626
SEC11A,3.35216973276343
PRCP,0.08779799972010698
CHST15,3.449618426103289
SSR1,3.9423037981235356
VTI1B,0.032546794050355356
PTCH2,-1.1600611347624814
PTCH1,1.8184606402791503
ADD3,0.23566807566302728
SLC9A9,-0.1508206024751702
TXNDC9,1.982218976009148
N4BP2L2,0.4201115226982614
GGPS1,-0.2180420405185167
NAALADL1,1.467914893703185
CALM2,-1.4900718904550618
SPOPL,-0.5602236176484686
CLN5,1.0567971398483094
RNF133,-0.6314215314042637
DCX,-0.14740203896652973
MBNL1,0.3988680454873108
MFSD14B,0.7713046508587226
LUC7L3,-1.1288565679435274
TMEM260,0.5506826739436163
CTSK,-0.1308925483298108
CTSC,-0.29341952042442154
CLCN7,2.0942295084453266
RESF1,-1.0655456558333583
DICER1,-0.8815070460913612
USP32,0.5838485921060066
CTSS,-0.25360843335955136
OGFRL1,-0.14256108819397167
LIMA1,-0.7459385203178853
COPB2,3.028426485036898
MED28,-0.5278935216036365
SKAP2,-0.1854316140637293
DOCK4,1.0947037955166605
DOCK5,-0.8230784773462813
SLC31A2,1.3226810843401458
IFNGR1,0.29166982038076505
TRAM1,2.9754601732615713
GSAP,-0.9231091686092783
TFRC,2.0845293445402766
DNAJB14,0.05078874745416056
B4GALT4,3.53788975350371
TFR2,0.9632508526183264
PARP4,-0.13111386296962085
LMNB1,0.9096696966201011
MED13L,-1.2559820906132542
ZNF148,-0.4006849864353767
PHF3,0.018810094198424263
NAMPT,0.6608668206809628
NSMAF,-0.4518389132782571
CD9,0.5267402075319094
SNX10,1.2722330758355367
RAB22A,-0.11525514469447873
ERN1,-0.7472269338803978
KIDINS220,0.4022747808043833
LGALS9,-0.5976755403745042
LGALS8,1.955753653589667
FAIM,0.26554098713394797
TMEM87A,2.4283607155456517
SGK3,0.33579409079688244
CDS2,1.5686745297120117
IL15,-1.4358279961570692
PDE4B,-1.587294035451582
MFN1,-0.11259697549896044
GNS,1.9095173086634767
MAP4K5,0.317454672575317
EIF5,2.2124174872961153
MOSPD2,1.369105435558951
OXR1,1.1944910106248985
KRCC1,0.6011979249430048
RBMS1,-0.4067803017779299
LTA4H,-0.4050785187222385
EBAG9,0.11292256876463544
PLEKHF2,-0.4338086364029228
UVRAG,-0.659776201043828
SMARCA5,-0.5603845321910355
DPP8,-0.6234928368972482
ATG3,1.232662437074734
GBE1,0.18585401228119625
FNDC3B,2.091528027227574
TUT7,-0.7553726461006572
SLC44A1,0.023485310353832063
ANXA5,2.854100469390994
CEP63,-0.6685160092925899
CLEC11A,-0.13092850814769422
PIGP,2.430805693955964
PCNP,-0.43950908180039117
TMBIM4,0.42647681353827993
TMBIM1,5.491645289588231
CASP4,-0.9568130090802808
CASP1,-0.4213575843454061
CPNE3,0.04895969187224483
PIBF1,-0.3657159779323411
WASHC4,0.5470087067467851
CHMP2B,1.6029569754284436
LY96,0.8357383207040814
RO60,1.2074248694382115
SPINT2,-0.19796003847697238
PPT1,1.877623725675175
RBPJ,0.10067012498267672
PDE8A,0.49997948004953885
ERMP1,0.37069693308250146
GOLGA4,2.4189579424614687
UBR5,-0.10765723726088347
SAP18,-0.7068208128205936
LYN,-0.7823060043027658
FNTA,-0.3573947939336146
SPAG9,0.7743153389076893
OSTF1,1.7975184176542964
TLR1,-0.3109092177412023
TLR4,-1.1666516344884468
RNF5,0.18656640185486048
MACF1,-1.0471782804126872
HLA-E,-0.7583985056693022
GLUL,-0.0002831383070828682
SLC25A36,-0.646647672787497
KLHDC2,-0.5239974699895144
PDHX,-0.05015196870496348
LRRK2,-0.389300232057126
SCAF11,0.36637709076524555
ZBTB38,-0.9715546710518213
SPATA13,-0.5313129469154729
TTC3,0.34276518713937576
NCOA3,-2.1050131881792087
STAG2,0.06192474446067542
RHOQ,-0.5970122294253979
PMEPA1,0.058733661257979804
ABRAXAS2,-0.4273474907244967
RECQL,1.3955477553460767
DENND5A,1.110074401685222
ADIPOR2,3.209021705571536
PXMP2,0.25759704681673334
PEX2,0.6603503679490151
PLSCR1,0.09930015467398023
TMEM50B,1.6593263482492706
TMEM50A,0.9019702125160788
TSPAN31,1.2405850838003343
IPO7,-0.06579883167027514
ACTR2,0.31965220096041724
CIR1,-0.8593689597474191
BTN3A3,-0.1429225798777954
SMCHD1,0.7220913050257795
LAP3,1.0693766523137054
POT1,-0.3998040884513025
CCNG1,-0.2673692174372724
CD302,-0.3943327584030327
NES,0.04726558598120785
FNIP1,-0.3572983455759596
NAGK,2.016343357410698
SCPEP1,1.428462834360614
ARTN,0.21754793652408758
SLC35A5,2.455654792749523
LRRC8D,-0.9789098661936514
SEL1L,2.764020819416121
FERMT2,0.3360428385189823
SOS2,0.0904062260263593
KAT6A,-1.6847404790462848
GLB1,3.0763903677141156
STAT5A,0.6248022498075292
SQOR,0.9578155249059025
ETFRF1,-0.26599411045856314
TBC1D15,-0.719000189609342
SLC33A1,3.020910697765792
ADAM10,2.2006165172694425
CD63,1.9916879496516025
P2RX4,1.7053010976218244
PAPSS1,2.115342124737213
VPS13B,0.26672532058288334
TMEM106B,0.6664045882768846
RAD21,-1.218948894156719
ACAP2,1.951420731395198
EVI2A,0.28196368957173756
INPP1,-0.20776484573053808
RNF167,2.746345934168293
TXNDC15,0.6505309557503309
ATF6,1.1528691275624985
REM1,0.8049733704412846
NYX,-1.4635767358844864
JPH2,-1.012840073397247
MXRA8,-0.8254209755099993
DUSP28,-1.50379262457382
SAMD14,-1.3678872177902555
GLP1R,-1.543674668158713
GPRIN1,-1.8981991312459432
NPR1,-1.3721309837457087
ARHGEF15,-1.3009511383827144
OPN1SW,-1.799673876051062
SP1,-0.9446397583313016
CRTAC1,-1.2039514584043716
MUC6,2.5578563668413152
CYP3A4,-0.1832109348897043
RAB40C,-1.0410698457062808
RAB40B,-1.0030508033026277
RAB40A,-0.9650241889028985
F7,-1.9334563930977657
RHBDD3,1.9501420883786955
ERCC2,-0.6177380013863433
ZSCAN12,-1.0078182737040937
RASGRP2,-1.645215547854285
GPR12,-1.378310253606932
ELAVL3,-1.5694130564857542
LRIT1,-2.249380392087616
RAB6B,1.7850161134749551
RAB6C,-0.14730639574982027
APOA1,-0.5401815148757437
SOX10,-1.4304963963887956
CETN1,-2.6654532848812496
GRAP2,-1.636375970344846
JAK3,-2.4769707117841744
RASEF,-0.8661921840291366
GRM4,-1.897762650630018
TBC1D29P,-1.3807354191608703
KCNIP3,-0.943572390189176
GRM2,-1.9541659092959387
PDLIM4,-0.6147334167274187
CACNA1H,0.8051860599811826
PDLIM7,-0.7559184586233908
PDLIM1,-0.7526782773560826
HOXB5,-0.13847563477316283
PPARG,-1.168743636315072
IRGC,-1.9882143201868068
CNTFR,-1.5679132796751902
DSE,9.841003697394507
SPAM1,-2.062839141230472
TACR1,-1.5981811835589594
CABP5,-1.0778787163880819
SPDEF,1.9690117604271575
CABP2,-0.22246971530599435
INS,0.7737585521170205
SLC22A7,-0.6376763021181928
PDE6G,-1.8792413928398701
PRDM8,-0.35061253935496206
PRDM9,-1.77403952081929
MYH11,-1.1848429031909402
CACNA1C,-1.6307420369531092
RHOC,0.250935130386175
RHOB,-1.170186972572065
CACNA1G,-1.577860536004009
COL2A1,-0.8035994664448094
HIC1,-1.2344839994463965
ASPN,-0.9837211107342765
MUC5AC,2.3225795258796933
BUD23,-0.17055320290050507
ADGRB1,-1.2569183510732456
ART1,-1.8140488124134773
ARVCF,0.05090865867266577
SULT1A4,6.028676317600745
CALB1,-0.5888784708753968
OPRM1,0.17663231824799758
LTK,-1.2445266012034228
HCRT,-0.36810138804811793
EDA,0.8243989016792653
ALK,-1.2246817762720152
GSTM5,-1.7021279031360268
NTN3,-0.8726796885711736
TAS2R3,-1.8549016521420079
ADARB1,-0.515298851766613
SSTR5,-1.5836041399414933
GLS2,1.2647143328815076
CDC42,-0.5162931368224395
TOM1,0.008156544542326217
ZNF205,0.08935500557477041
NGFR,-1.0461406637738302
C3CER1,-1.795329212097239
ERAL1,0.6747367431584324
GJB4,-1.8887844860058478
ACTL7B,-0.8784587511118772
ACTL7A,-1.558529769682774
KLF2,-1.159744412844078
PGPEP1,-0.17205468545008398
GFAP,-1.7585070637852678
KLF8,-0.8324574705239784
NANOS3,0.4200525799076045
NCR2,-1.3694332302888645
SP5,-1.2368802647629553
CRYBB1,-1.17380837900097
TRIP10,-0.7932591286727523
RAB20,-0.8968116681611662
RAB24,-0.6508293862173664
ATP4B,-0.3846642463627147
RAB28,-0.5277020502279322
CA7,-1.2715797451018644
MAP3K10,-0.7883687327250496
RND1,-0.3003625253413401
FUT5,3.011714167408333
RND3,-0.02376341198168632
CHRNE,-0.7765578602993451
TGM1,0.9644307642397706
LIF,-1.4926021414827997
TGM4,-1.2873791502007448
RAB44,-0.47240364545262153
TRIM17,-1.1539805384249515
SFTPC,0.622168198547524
SPTB,1.3547045577963137
RAN,-0.2564072036570635
DHRS2,1.4059685895360718
ADRA2C,-1.3000136953784527
SLC12A3,-0.8766978657200247
STRA6,-0.7270786418300041
LDB3,-1.2014076325928411
KLK2,-1.239188306859823
NRG1,2.7868163815230584
SNAI1,-0.5166832865101694
LRRC4C,0.8016014004753449
LRRC4B,-0.6595569040453754
GH1,-1.586849118780179
AVPR2,-1.4160620759956875
RFX1,1.0214349148410446
CSF2,-1.6609706223576761
RHOD,-0.6398598224488539
ARHGEF7,0.11532399046864797
FOXP3,-1.312413855570626
NGF,-1.3574099015540997
COLQ,-0.09352005421696251
CNTN2,-1.3777022238147232
LTBP4,1.5594354955743241
LAMB4,-0.8938118133193343
MARCO,-1.132999880921706
CFAP410,2.395293304053589
CYP2D6,-0.9326158694658565
RHAG,-1.5655112915468732
INF2,0.9996376678289361
LRRTM4,-1.3839581189231411
LRRTM1,-0.7158168642248751
PRKG2,-1.7805992924279306
CLDN5,-0.9205522839067466
PLXDC1,-0.6013301802573067
MAP4K2,1.3096723783162743
CCDC9,-0.09768201960683273
AFP,-0.4520652400579912
TUBB2B,0.46143947449020306
MGP,0.7694507061950089
ATP6V0A2,8.848508107827879
ZNF114,-0.6602014393839889
PROC,-0.15700968626545184
GUCA1B,-1.2899962860304461
ACTA2,0.39049476682680107
PDGFRA,-2.0313323168928608
ZNF335,-0.7752467311035569
APOBEC1,0.01801536625390314
CHAD,-1.2389760596054027
ZNF234,-1.6121201451062097
HAAO,1.5102404193821155
NHLH1,2.021445731677449
FLT4,-0.7639010169955611
CACNB4,-1.5355280878926394
KIF19,0.31715533275920593
ATP2A1,-0.027306877071775863
MYH2,-1.4055230115100616
S1PR2,0.5626689906622494
TPM2,-1.084384048374941
TBX10,-0.9452174744749499
MB,-0.46289250070117577
PRELP,1.5578929569866562
RAB15,-0.2706356568754152
HNF1A-AS1,0.9294051969095836
HAO2,-0.34615620869696057
FGD1,-1.0243257219567123
NTSR2,-2.5175161584241166
AGAP1,-0.7266424914612215
AGAP2,-1.162262322606132
AGAP3,-0.48116205000027884
LINC01565,-1.8530819138840933
COL17A1,-0.894443806362839
SLC22A18,0.002377112935037624
OMD,2.2387110860607615
HOXA6,-1.3917828329298607
OMP,-0.9829261080800873
HOXA3,-1.216019499892827
TUB,-1.173197118502008
TGFB3,-1.2401624935036746
LIMS2,-0.935321684557381
SLC5A5,-1.5527464701839977
ECE1,-0.22233366853786884
RABL6,-0.2868655750428258
OPRL1,-0.06072121656219194
SCARA3,-0.07651796373278077
RND2,-1.3222796368875294
C11orf16,-0.612907105546807
YWHAH,-1.2488462853811393
OGN,2.1687731653314173
YWHAB,-0.740363347186792
YWHAE,-0.9031767344839078
RAC2,-1.7307609893285132
RNASE1,-0.05234800037796917
CROCC,-0.7421296558387542
PRKCG,-0.11796817229299758
TANC2,-1.1626808211594855
CES1,0.010848338164339187
ARR3,-1.6586337877647472
CDK20,-0.7902175516609946
GCGR,-0.7134707503822422
CYTH4,-1.2175575957300289
SLC16A8,-0.881535522850482
ZNF157,-1.5906242546818747
NRL,-1.078976594800709
TLX2,-1.1643715899602738
MMP2,-1.0976056298113173
FGFRL1,-0.4879565445917651
SLC6A7,-1.9878169702573918
CKM,-0.4859977339351735
SYMPK,0.7612972718336184
CD34,-1.5873396327711142
BGN,2.2878619992634874
GPER1,-1.3774600866439213
MYL7,-1.426733320633216
MYL4,-1.0443715116845405
MYL2,-0.4127862588493537
AXL,-1.043037592404739
KIF2B,-1.3975540752020554
DCN,1.5837948184588082
COL11A2,-1.1426311479874882
CACNA1B,-1.979998232418121
CNTD2,0.03278373725484394
ACSM5,-0.8200460440969448
THRA,-1.4517118238144113
GP9,-1.363247615601528
FMOD,1.3349815877537121
TRPV4,2.359677794460868
EVX1,-0.6747864726283722
LRRC3,2.0851242268569496
PGAP3,0.57741482935107
FGFR4,0.20307405137274276
MORN1,2.1214236486031854
ADCY1,-1.9540903486851646
PLD2,0.5842232347132867
ZNF516,-0.9536713175040149
RUNX2,-1.8148612645266258
IHH,-1.0136019445389808
RAB42P1,-0.15889694244794555
KCNIP1,-1.5052903373084425
PPIAP10,0.5498131326028589
RRP8,-0.6828972213330987
GNAO1,-2.3303394712555705
CRX,-1.93150877871182
DOCK6,-0.233344117132205
NTSR1,-1.7795158734750522
SLC5A8,-0.4774347616271849
SEPT4,-1.415929066711043
ICOSLG,-1.021879024244812
SLC9A3,-1.7984881121067415
PPM1L,-1.3208948312867672
MALL,-0.28136094603258377
NPPA,-0.8563192151812054
EPHB3,-1.1442935706831432
PLCB2,-1.728194081421678
EPHB4,-0.9105322760526426
LARGE1,-0.3065263373777763
VGF,-1.067924911107578
DDO,-0.23947887159616688
PAX3,-1.8940693754214089
BTNL3,1.1518758240306137
KCNQ1,2.183235191502139
DVL1,-1.126850747233232
CDC14B,-0.9966926216784551
AGFG2,-0.8652353287459936
AVIL,-0.35306921270498764
HMX1,0.2032540704458276
OXA1L,1.1806309649395526
ILK,0.7849996139094166
MYO1A,-0.009302038860457775
ADIRF,-0.6275452261598965
ZNF536,-1.3187683176024945
CHRNB2,-1.0839805745204556
CASR,-1.771195363116044
COMP,-0.5748057759153331
FOXD3,-1.4966179387233371
SLC26A10,0.07393242147865536
GHRH,-1.5799400831432833
WNT2,-1.4807402491090969
SLC30A3,1.1961352905180396
IL13,-1.8524147858570834
LRRN2,-1.1912995197678564
ADRB3,-1.8153878763561144
CACFD1,-0.05709288966327159
ZNF407,-1.1719718836570647
MYO16,-0.4229302806194542
PDE4C,-0.5746758023339651
ASAP3,-0.18684309666882248
LGI2,-0.9383841763066838
BIRC7,-0.8657292269114657
MMP14,-0.8549394588184714
LOXL2,-0.08841656347146444
MAP2K2,1.1288461160014245
NOCT,-1.1775367353317308
MAP2K5,-1.1731836368329298
TEAD2,-0.871000661071874
RAB3IL1,-1.0379195609328338
MT-CO3,-0.16940650100499818
AMHR2,-1.7232398668301045
AMBP,-0.6728551562502062
GDF5,-1.4576117543567733
ECEL1,0.8996795712504713
SMARCB1,-1.2550213440984697
STAC3,2.1507783764529598
OSR2,-0.7949187698976858
RHOBTB2,-0.3505205347019787
RHOBTB1,-1.3124020248510138
INO80D,-1.2784724950412496
LOC105369243,1.1627022875087571
ALPP,-1.0441255814912558
MOG,-1.2478421062958212
DRD2,0.5986267624264582
ABCC8,-1.7973903472088855
COL6A1,-0.6858429454147454
HTR1E,-1.9738136779599802
ALPI,1.3026196398139607
BCL3,0.019450903933938
ALPL,0.07722511743836176
KCNE1,-1.2827701925440667
LUM,1.972627269604328
CDX2,-1.3192901245926
MC2R,-1.822668658214689
EPX,-0.8655462870507057
BOK,0.9687588693780215
CACNA1A,0.19819565808377876
KITLG,-1.3455724364952217
RREB1,-1.4201757718345163
MMP11,-1.4159799605547139
RXFP3,-1.712351236160959
MICAL1,-0.7192108564593331
PDE7B,-1.0282381161600644
EDN3,-1.356976706549809
EDN2,-1.2623039702665804
ZNF444,-0.9448315819069227
ZNF362,-1.201802398156763
CCIN,-2.0363381901989652
CAB39L,0.07729763236083097
TREH,1.0059478400345898
ISLR,3.018273792950009
GSK3A,-0.8354168346864104
HUNK,-1.3036393035881788
ULBP1,-1.2671681843778673
MYO15A,-2.2181518525540134
CSF1,-1.3173216432846415
ABCD1,0.7253689134564552
TNXB,-0.6119690008424103
PIK3R5,-1.8693168977069599
PIK3R2,0.5382673077356263
NR5A1,-0.22502599163465056
SLC14A2,-1.1079598587240427
RHOV,-1.1441430282704006
RHOU,0.014737884799194726
RHOJ,-1.094041642139307
CMA1,-0.9164975058648519
RHOH,-0.1775769039214836
FGF7,-1.0285791720451742
PTCRA,1.2868500658372781
RHOA,0.41678847167589766
RHOG,0.6343523704898643
RHOF,-1.14625754962424
VCP,0.8415436002269113
PLSCR4,0.0019893003456376112
SGCA,-1.0713796083062566
LRRC19,0.9160828286640935
LRRC17,-0.9977199830310015
HOXD13,-1.4394178257772288
PDZD3,-0.4137826671344594
MATK,-1.1147208999345735
CLDN11,-0.8150032589496038
EFCC1,-1.5473147576269788
IKZF4,-1.0813025429377592
ABL2,-1.1651784618337724
KIAA1614,-0.532838823949317
PCDHA4,3.434138995795495
TNN,-0.7222799492140808
GRAP,-0.4965129122804921
CACNB2,-1.058916912341029
CACNB1,-1.4150656418743601
OBP2A,-1.2435574060520747
TEF,-1.2356843396822457
GP1BB,0.2217185341778556
FGF18,-1.3446901372446072
PDGFRB,-1.5694354843134666
PDCD1,-0.9027867631075316
TBXA2R,-1.6956295450273233
RAB40AL,-0.9431195157417265
SMIM6,-0.7260614018800577
SYDE1,-0.9870187610264267
FEV,-1.6400360377159102
ACHE,0.9426876096189352
PRB3,-0.940141589338613
TNFRSF13B,-0.8890253406582698
CCL19,-1.8605134414424762
ZNF528,-1.7331487718613727
IGFALS,-0.04413552483079813
IFNA4,-2.141647936337798
PRKACG,-2.194084144389749
PTH1R,-0.7548851986325871
LGR5,-1.2107243655464472
JUNB,-1.1567415001444112
GNAT1,-1.6830311587363318
GNAT3,-1.7862421998730236
P2RX2,-1.0895414598753552
P2RX6,0.15173858314548416
AOC1,-0.9908186297061113
GLI1,-1.3063367295386366
SMCP,-2.937182515433338
HSD11B2,1.0128801518830004
PDGFB,-1.7990785261132611
ERVW-1,-0.3690538738348549
TNR,-1.8025535001843718
PDIA2,-0.20317664260904375
EFNA2,-1.1913368099945156
GGT2,0.1923927884526665
SULT1A3,6.1454620996040275
LRRC55,-1.4423223094199311
RTEL1,0.8659619039406496
SHANK1,-1.2192763775124813
PTPRU,-1.0060538230132376
POU2F2,-1.3383802925223869
COL14A1,0.15925874085334626
GNA15,-0.5848642409693245
GLYAT,-0.5223415791945611
ACTL6B,-1.8369233597142811
ZBTB47,-0.6483014882314556
CARTPT,-1.013119467585507
SIGLEC7,-1.3309695778388595
MYO7A,-0.9717981980860542
WNT11,-0.8561980519805343
REM2,-1.235719906492731
STX1B,-0.5762216050886699
MYO1H,-0.8472388582803333
NF1,-1.2201564632463116
IQSEC1,-0.13222171253854506
IKZF3,-1.3882742911667776
ZNF143,-1.0927538054011334
NANOG,-1.6346519976403164
ZNF354C,-1.5351902276624103
ANK1,1.0350886781877262
ZNF221,-1.5502367094256448
ANKRD30A,-1.2796351357968951
CYSRT1,-1.4136637437229946
PRDM14,-1.3664290854679626
RAB12,-0.2450610621409947
KRTAP1-1,-1.23380041921201
ERP27,0.11238266119713347
ZNF300,-1.0388098514419104
SGSM2,0.4641724714738241
EFCAB13,-1.6901734766902115
CAMK4,-1.5910120059935042
LRWD1,-1.2369552917396034
ZNF605,-1.4549976122965338
ZBTB18,-1.073695488067993
MAZ,-1.2343591432543728
ZNF844,-0.8016267842591165
CALML6,-1.0075780234849814
TINF2,-0.32739814620523505
ZNF776,-1.8915668052190036
LRRC10B,-0.6685606520659081
SYNGR2,2.3289653394228864
SEC14L2,1.4751006741276282
CMTM3,-0.31458304074802884
RAB4B,1.421430198610237
TIMP1,1.4080110855842172
MAN2B1,1.246826569596872
ZFYVE27,-0.23573221969631505
CENPX,1.8673494980169458
PPP2R1A,-0.7545356688151518
LAPTM5,-0.07575745750181913
ARAF,-0.618755229942798
POLD4,1.7901414093103618
IFITM3,1.0588856807962665
SYNPR,-1.0660071484425138
CMTM8,-0.43393915965622765
PLIN3,1.99348501547063
CDK2AP2,2.705879017396706
LTBR,-0.10811018076550387
INPP5D,-1.546564350104785
OGDH,1.7198068702277296
COMMD9,0.3687365127527395
SNX8,0.24225997614458278
SCAMP4,2.279868618939321
PSME1,1.096323074756953
STAT3,0.5139819084524885
SYNE4,2.5493014318943654
VOPP1,0.1603600980256291
EIF3G,0.025530890623644303
TOR3A,0.8188977686608043
SLC34A2,2.076340997172208
MARVELD1,-0.4016085893460085
COX8A,1.983417496884813
PSD4,2.0569193153649254
VIPR2,-1.101372944380748
PLLP,-0.45362854570079697
PNPLA6,0.14884773001910592
CTSH,-0.523320351267191
HLA-DPB1,0.3123911657725398
HPCAL1,-0.6110089270685066
SCAMP2,2.2679821304258287
HSPB1,-0.7030846732601447
CTSA,1.7804659310549602
FPR2,0.3517461526125233
PRMT1,0.17899298288475302
CREB3L4,1.6509624975595432
IFI30,0.1644180210018804
ESRRA,1.4230368325874638
CTSD,-0.03346158440486666
APRT,1.345229246669741
GM2A,-0.35985927136793927
GUK1,0.9463313796640839
SMARCD2,1.1552696835758973
YIF1A,3.1164209642692935
SERPINB1,0.8322660572196858
SLC15A3,-0.8838681699391726
PARVB,1.4572250769617705
RBM42,1.6054000614134627
SYPL2,-0.5220738889989877
ORMDL2,3.21668633096574
LST1,-1.106041791177526
ARPC1B,0.5369316016639386
EIF4G1,1.6074300671955357
SLC2A4,-0.12213372407240586
TAGLN2,1.8554421577483429
TNIP2,1.9340901696691846
C9orf16,1.506459259458835
ADGRG5,0.32221022971142055
TIRAP,0.32439347240455596
UQCRC1,1.9550678544085376
OS9,4.022291071403334
SZRD1,0.8185431034959118
MRPL23,1.5944672072953041
ALG3,3.3225873534153685
HLA-A,0.9832823003854521
NFKBIA,-0.4356682196234176
HLA-F,-0.808426300201305
G6PC3,9.673436648800346
SLC7A1,1.2020173181723248
RRAS,0.3594343476974691
ITGB2,-1.27588744679928
RNASEH1P1,2.645367253216271
MYADM,-0.2920539237011836
EDNRA,-0.28321079018999373
MPG,1.8500651886997093
MAPKAPK3,-0.3869095549957875
CD81,-0.23482021200633696
DUS1L,2.623616292813209
HMOX1,0.31465898948283016
CYB561,0.37619678301989024
TREX1,0.11635450210848709
SLC35B1,4.06977318160757
TMEM173,1.6832382198086369
PCDHAC2,2.36455993957869
FATE1,-1.2068620011338411
SYP,-0.5841022416633131
HLA-DQB1,-1.0717541012857676
ZYX,0.9359571007829041
CMTM5,-0.4666399485936453
TAPBPL,2.0169621611592192
TGFB1,-1.5350178589988348
MRPL12,1.73133285457361
TFEB,1.2625752262319236
SGSH,2.109317256038906
MAL2,0.17034359346864275
HID1,-0.3108437266890518
SDF4,2.8856633984943025
TK1,0.35678612375874746
BLVRB,1.0343535511126103
CYHR1,0.10771899804247123
CAPG,-0.2290561710773511
RPS6KA1,-0.820746461981774
SBNO2,0.725377477901473
ATOX1,1.4155118577808676
TNFRSF1A,1.7596657864715395
ADGRE5,0.5860499238622999
WARS,1.0075645019940231
TCIRG1,1.9193160226860955
PFN1,1.0345364278392044
CD14,0.13841728720070015
SCO2,1.784864442711663
FLOT2,1.8477246792459754
ELOVL1,2.6084336402195705
SLC22A9,-0.05188988260809949
WDR83OS,1.8669728712761573
CD74,-0.9129265713487571
TMC6,-0.4879554154304178
MYH9,0.5101148388816316
ASNA1,2.6093878981708793
TMEM134,2.7906747386333226
PSMB10,0.898128432193654
LRPAP1,2.961600226948495
LMAN2,1.736593382786205
ALDOA,2.734513044295976
STXBP2,1.0349595773047162
TMED9,3.0846196410694264
PLP2,0.11636251928122592
RNASET2,-0.32726760088013906
UCP2,-0.7144705289135628
SNX17,2.0922158990370763
STAT6,0.7409475384529415
ATP6V1F,2.4026837311180893
ARF3,1.503103027264126
SERF2,0.3019485447773371
TOMM22,2.026246172111824
TRADD,0.8254833391915832
CDC37,1.0797151092125505
NECTIN2,2.375227432499332
CFLAR,-1.355252038037672
POLD2,1.5786783383299714
CIB1,1.4658544788451597
SAP30BP,0.1836861374903479
ETHE1,0.35040684073374484
ICAM1,-1.4011782138296354
ERCC1,1.2528843272625825
S100A4,0.3328013256381287
NFKB2,-1.0758740003546674
BSG,2.1418817028867223
SH3GLB2,-0.20262620083328253
DUSP3,-0.48396122660642465
ASL,2.674194177488525
MVP,0.8592487577875964
DPAGT1,4.005901140963935
CLIC1,1.05819945940309
RAB1B,1.0706069124514002
COMT,0.3523635283465159
GNB2,1.5483734126444018
TMEM147,3.2557172776844934
GALE,3.6520237439152456
TPD52L2,1.8057295983118553
EIF6,2.2442943513568094
CST3,0.8544229020285656
NFKBIE,-1.114026219429836
TSPO,1.302613399699942
ATP6V0D1,4.156083966631325
SSR2,2.969459298022618
ATP6V0B,3.477934911062847
CORO1B,1.6586828287831412
TRAFD1,-0.34363549654844305
RALY,1.1466098933375652
LTBP2,-0.005000644105592535
SLC22A16,-0.3050849931391583
MRPL58,1.488193750581803
PREB,2.992269880827871
TAPBP,-0.1414969189455794
BANF1,2.153389774166011
EMP3,1.3225491222549741
PSMB8,-0.7232222347018996
HLA-DPA1,0.2165004843991162
PSMB5,2.295854099921468
FAM89B,0.03317239360040397
PPIB,3.6161417718108226
ZBED1,-0.29381252241118583
CLPP,1.0658764042887277
AURKAIP1,0.7523793450708591
BAX,-0.6202303634717327
SLCO1B1,-0.41350736686616557
GPR52,-1.3503069397641534
DDOST,2.819102515969555
GALNT2,7.964306250333288
OTUB1,0.8364209137724057
GNPDA1,2.4911533666467394
HLA-DRA,-1.1127160597013301
INPPL1,-0.8469313447809046
PLOD3,2.571321313539893
SLC9A3R1,0.7391438208200957
TMED3,3.617132284006861
GSTP1,0.7481412094153895
SSNA1,1.1913363310305418
PEA15,-0.34912037473434865
APEX2,1.6707692426947225
ARHGDIB,-0.9293873927647142
SH3BGRL3,0.3230643928597737
CMTM7,-0.3252307365141488
AP1B1,1.8711408737110957
DPP3,2.876722091904673
GAA,1.0173109786078547
DPP7,0.43083573240390344
ZNHIT1,2.1836234430372463
HLA-DRB1,-1.0618378586567543
TRAF4,-0.8504755110104003
COPE,3.305389602216209
CD44,1.420801727788569
PDIA4,3.5042097811580395
PSME2,-0.4489992022242473
CD40,-1.2259709862514592
COA3,2.310683680235957
MOGAT1,3.0961187230050795
CYBA,1.4821968563153967
IL32,-0.8919870716410456
ARHGDIA,-0.11121607510414101
CYTH1,1.4970430492401723
TMBIM6,1.1261912320340701
LMNA,0.9430344960572489
MSN,0.6043057536411115
SQSTM1,-0.7846077649855542
TAX1BP3,0.9751579635869093
ATP4A,-0.024695218900379744
VAMP8,0.803811292910466
SLC16A3,-0.05850348436093109
CYC1,1.5488621232906417
GPX1,1.6702486315937306
OAZ1,0.3844349018106705
TYMP,1.3436562633705769
CMTM4,-0.09097611552944596
UNC119,2.9240403602535356
GORASP2,2.009878316568436
WBP2,0.08489441963061459
AHCY,2.069725540254857
HLA-DMB,-1.041884402216424
FUCA1,2.0134242219026324
HLA-DMA,-0.7516790935628881
METTL26,0.4947467619201583
SORD,1.6487605947213375
HNF4A,0.24789343150595175
PHACTR1,-0.2449208040139844
RPE,0.3981932711291613
MVB12B,0.6483608402339587
CHMP4A,0.13130320737061718
CHMP4B,1.4382533320066808
CHMP4C,-0.20683941823682617
PLCG1,-1.4702584315524025
CHMP2A,1.0606516440071805
CHMP7,-0.03592021735906217
CHMP6,0.2569904639727204
VPS25,-0.038601629662853625
VPS28,2.230046915574421
VPS37D,0.5316735211403462
VPS37C,-0.5932476825316945
VPS37B,-0.09729593520552031
ADGRB2,-0.7841118328104664
METTL15,-0.16075052891112157
SNF8,2.599017723989134
MVB12A,0.5361984494202834
SLC25A41,-0.32538513697400284
VPS36,0.6169973273449999
ITM2C,2.6786459681850476
VPS4A,0.9901262481107203
RNF17,-2.093193327654053
TSSK1B,-2.4627995112672787
GALK2,1.128397149544278
SSX3,-1.8040173672668418
OR5I1,-1.8238626052883
FAM205A,-1.5464831216382278
FAM186B,-2.1629884167871776
REXO5,-1.9390423743213823
RLN1,0.21232560732658431
MYL1,-1.3190101021345566
ADGRV1,-1.7002359841254513
MS4A5,-1.635033464753599
SOHLH2,-0.11660909758226504
PPP3R2,-1.0958700111463928
SOX30,-2.1576711129877526
FNDC8,-2.2038887482032865
AKAP3,-2.109276859377615
OR12D3,-1.673934192973363
GAGE1,-1.5481005234512135
CTAGE1,-1.8143026661290254
FSTL4,-1.7301233667195952
TIAM2,-1.42557639401384
MOV10L1,-2.0292656928668467
ADGB,-1.5257146403980326
THEG,-2.222840609228991
RBMY1A1,-1.3652912755210356
P2RY4,-1.6072541479693714
PLCZ1,-1.6925372769921272
BRDT,-2.2491145819180383
C20orf173,-1.5690641888444166
IFNA17,-1.0715319017083893
IFNA16,-1.3214740443533461
ELSPBP1,-1.605371154727787
DAZL,-1.7162182586191046
TDRD9,-1.0086381347520372
AQP5,0.5540596406416823
FMO4,-1.007496296945227
SYNGR4,-2.1857775881104198
SPAG6,-2.070375480581204
TERB2,-1.857961683251009
TDRD1,-1.7649273488442536
C4orf17,-1.8219002086259524
TDRD7,-0.6075735273558359
BOLL,-2.466153529127862
TDRD5,-1.3116869062442222
TAS2R13,-1.488730824414021
SLC26A4,0.4810163937372448
CCDC155,-0.07229429518440718
ADAMTS20,1.9566159086297905
ABHD1,-1.7756637629309922
ADAM2,-1.5231921068245242
CYLC1,-1.8048476041892232
RFX4,-1.4311871616376146
KIF5A,-1.5920082652651033
NPY5R,-1.7246231803311844
CCDC87,-2.0577649968226517
CYLC2,-1.931846510591017
C2orf16,-1.9206210999297855
DDX4,-2.181369811210777
CCDC83,-1.8424898703210715
SPO11,-1.5452812526939945
PIWIL2,-1.9097792119416344
DKKL1,-1.8431331463411866
APOBEC4,-1.482686101692041
LDHC,-0.4602901292202139
SLC22A14,-2.2709500728671586
YBX2,-1.5762457942667671
C16orf71,-1.9800071415076375
CCDC63,-1.4131810024504703
SPATA12,-2.06660473829734
ACRBP,-1.9505800767059582
SLC7A4,-1.3611270646523275
MAEL,-2.074999157184299
SLC25A31,-0.22356484003047497
ACSBG2,-1.2266568660657107
TDRD12,-1.3582196568853069
OR2W1,-1.2715644758256768
TDRD10,-1.5156460473205418
PAGE1,-1.0849107949056547
SHCBP1L,-2.1811089480540913
OR2H1,-2.080912371350679
YPEL1,-0.628244462146665
TULP2,-2.2554620532556813
NME8,-0.5640585085315345
TEKT3,-2.012161700665413
TBATA,-1.9269749289670326
NMBR,-1.597308781788352
PRSS37,-1.865741382191079
HSF2BP,-1.432576183698776
RPGRIP1,-2.524212995929494
GRM6,-2.1787634777652576
CAGE1,-1.833020377355534
CABS1,-2.140220893414056
NCAN,1.8043435248913657
PRSS54,-2.2000714203626024
ODF1,-1.989380932679355
SMC1B,-1.8288171996330178
SPATA16,-1.8455842065014487
DNAJC5B,-1.2071781927323586
OR52A1,-1.532310871993373
ZC2HC1C,-2.049223883303781
TCTE1,-1.7551357530772316
DNAJC5G,-1.2845395028748274
TAS2R9,-1.8232763539602215
CNGA3,-1.43975877743375
NPHS2,-0.7764741994388096
GOLGA6B,-1.968915558801965
TRIM48,-0.8255701819848775
TMPRSS15,-0.05320078127276882
SLC26A8,-1.9064277823154432
ALLC,-1.8135097453977536
SPACA4,-1.8007557760932413
SPACA1,-2.0089211617686
TNP1,-2.2729683274614123
IQUB,-2.2125656565859333
STK31,-2.112919577507854
ADAM30,-1.2728362018589017
FBXO25,-0.949716553207142
FETUB,-0.9994464533345622
PRR30,-2.079879353669662
AGTR1,-1.5503465632855864
EFCAB6,-0.8138989441139861
TFDP3,-1.910647524028497
AGBL5,-1.4735960847936966
MAGEB4,-1.900028085846408
PIWIL1,-1.3066574946938447
TEX15,-1.8670950415804095
TEX14,-2.0019401738870664
GAPDHS,-0.7884308994398441
HTN1,0.7643551784973034
TEX11,-1.5517704358314743
CCT8L2,-1.7121033476002443
TEX12,-1.8118645755635743
ACR,-1.3373573627622695
RFPL3,-1.8030649400003178
SMN1,-0.189444457300608
ADCY10,-2.383705239018975
CBX4,0.9614910621851804
CD1A,-0.6867272024795766
CNTD1,-2.0460120130648716
BTG4,-2.102754457531339
CCDC105,-1.9259940923939611
NR6A1,-1.466363792002488
RRH,-0.7874730851410672
CCDC62,-1.8735182010038025
HYPM,-2.534426317130136
SPATA22,-2.043412960900975
TTC29,-1.93785267872841
CIB4,-1.8639102215753829
ADAM29,-1.7913282939136836
PSMA8,-1.4740593757734504
CRYGC,-1.5679714561026403
FAM209B,-1.8578778343905378
FAM209A,-1.4304349482605707
TSKS,-1.8869684379194056
FSCB,-1.3393934120644
MSH4,-2.178688974040531
KRTAP5-2,-0.9402048384748806
LYZL4,-1.9019941542062757
CABYR,-1.8887341019284538
RBL1,-1.7894078948306409
ZPBP,-2.378686370070358
C10orf95,-1.0209858581275872
TSPY1,-1.4492139283559609
SYCP1,-1.2616766138291493
TDRKH,-1.2610146890327822
TAAR2,-1.4040821630103686
WDR93,-2.1405146860516946
TAS2R4,-1.7629383262326035
OR7A5,-1.9895119127641507
CRISP2,-2.2878311600667183
GDF9,-1.929707746968062
PRM2,-2.330476254743307
CPNE1,1.848264418322699
IFNA14,-1.5597929709964187
PDHA2,-0.6719920185961075
MORC1,-1.949248428459996
BIRC8,-1.570963085369643
TEX33,-2.2639150774789885
PZP,-1.7035235381075338
LDHAL6B,-0.9225844106643665
IL12B,-1.8602377173818965
TEX35,-1.9593019967888876
TGIF2LY,-1.9600483872671361
CLGN,1.6896639703404317
WDR87,-2.22716937582105
ACRV1,-2.6047086672696085
SSMEM1,-2.0101796067617435
MAGEB1,-1.6785308030118236
SLC5A7,0.4589480909244961
ADAM18,-1.170399611118612
CLPB,-0.6032644455903814
ARID4B,-1.3927439011461462
CCDC169,-1.7519111038737254
ANKRD7,-2.4506874819593274
C20orf141,-1.412171565555771
TDRD3,-0.7425435981110667
UBQLN3,-2.087106888055261
OLAH,-2.1759279739673567
COLEC10,0.14517025626548566
POM121L2,-2.211215277498021
TEX55,-2.025431690215842
GALNT8,2.5359347026332166
AURKC,-2.5864472940082552
FAM71F1,-2.191891755626556
LRRIQ3,-1.3614496451795386
TAS2R16,-1.8492275429645808
OR2C1,-1.548397967169185
CCT6B,0.7547711482312836
TTLL10,-1.5144210709367023
CDC5L,-0.9749688626262774
CPXCR1,-1.9160344156538602
PGLYRP4,-1.449907737201146
PRPS1L1,-0.669394870004351
ROPN1,-1.993751833073895
ASZ1,-2.0368091138790305
MNS1,-1.7781068842856476
ELOA2,-2.0646218929668256
TDRD6,-1.934836702996989
LUZP4,-1.3133872137987288
POU4F2,-1.2848489707277768
TP53TG5,-1.9532230944877103
TCP11,-2.250620955786439
TCP10,-1.8020794417135502
OR7E24,-1.524902632586738
MMP25,-1.0176319939616412
PAPOLB,-1.727085010926226
C22orf23,-2.1792708781335617
TAF7L,-2.1075357792460383
MAJIN,-2.157728258018114
OAZ3,-1.8772944767101116
ACKR2,-2.2135968107835047
C3orf20,-1.5568913417345276
TSGA10,-1.8804739892233984
C1orf94,-1.6112484893353567
ZNF541,-1.9933056498075785
SUN3,-1.8577363567162424
FSCN3,-2.0013953863104432
HTR1F,-0.691874925066709
RSPH6A,-2.0726840820155568
SPATA6,-1.94115128538974
MMP26,-0.45550965856343734
C2orf42,-1.4205607599100536
MZT2A,-0.19311831451908232
SAC3D1,-0.40766772560719566
RPL12,0.6129587438613177
NELFB,-0.35659541903854236
SRSF9,0.3001109289616358
NDUFB4,0.032613608548115534
SIVA1,-0.1978824443479843
NDUFB1,-0.13124072614998225
S100A9,0.13114926968819696
ANP32B,1.2683685449429445
MZT2B,0.14146326844078785
ATP5IF1,1.1717744405897101
UQCRB,0.5121003465011308
EIF3H,0.9932625832186542
GPS1,-0.08587144971898965
NOSIP,0.0183166302287976
EIF3L,-0.18037322245032486
CEP135,-1.0144316284584296
PARK7,1.424200636126948
EIF3D,0.5538059712776419
EIF3E,0.04021557980528101
COMMD4,1.509504278110523
FAM173A,0.5263326873884682
PLK1,-1.5944190799098445
EIF3I,0.5614488782222133
NDUFA13,1.5979156936912142
NECAB3,-0.3207041907848148
MRPL37,0.11683780189848914
LDHB,1.181195781918388
CENPJ,-0.9593013651528782
IPO4,1.1788033456402767
MRPS7,0.9551056201854743
IDH2,1.9198373461255656
SLC25A6,1.3311618531853406
SCAND1,1.2647520799064702
NME7,-0.11638650460656023
RPL11,0.9846198039646645
PHGDH,1.2430737283948297
TEX264,1.8851225353320111
RPS16,1.1279686486793816
UQCRQ,0.780145310682307
RPL19,0.8961114382472166
C19orf53,1.4455236419807613
ATIC,1.3458022623260395
SNRPD3,-0.6357287662836175
SNRPD2,-0.09389703027955336
PTMA,-0.5294438915854754
EEF1G,0.2838257898805205
EEF1D,-0.24534076577611644
RBBP7,-1.5276083573587558
ERI3,0.25793630622372354
CEP290,-0.8066820819513649
SNRNP25,-0.5002401236565523
POP7,2.02160610904005
MRPL46,-0.30411225428141964
CEP72,-0.8190441830091302
TUBB4B,0.857353284555424
PSMC5,1.538363446271279
NTHL1,-0.1777843486880919
MEA1,1.9743558011699625
TLE5,-1.2089502194342747
HMGN2,-0.7150286915391084
RPL8,-0.03349028721926952
MRPL22,0.07706068987763093
MBD1,-0.7995988232630454
RPL4,-0.3727308778305092
RPL3,0.44680375723197013
SLAIN2,0.016302859149013908
NHP2,0.9726077260394038
DCTN3,2.174088914387176
COX6B1,0.7303713341974918
TIMM8B,-0.19322863524027534
CHCHD2,-0.060468616704058696
PMM1,2.4152836533452207
REX1BD,0.5058347240424733
ECHS1,1.541001465596632
TUBA1C,0.20633129890875865
HAUS4,0.9335701565633728
MRPL17,-0.03177699939546904
MZT1,-0.3916794758367163
CCT7,0.6082038181039006
CCT4,0.5884680996567664
PRKACA,-2.108744644325195
TIMM13,1.22449660441621
SRP14,-0.337332932564751
BABAM1,1.7704003988548616
UQCRH,-0.17355560882806897
ATP5F1D,1.8507981777994273
NINL,-1.1301484150376606
COX6C,-0.44779979459658364
PEBP1,-0.32743664229065866
NUDT1,-0.4313055649964317
UXT,-0.685397650354514
DDT,1.7171852161448586
ECSIT,0.021202827896173684
RTRAF,-0.3092560115451323
C1orf35,-0.6449357333235262
TUBGCP3,0.2490585991852573
TUBB2A,1.2841204354950064
NDUFV1,1.7261835280538156
COX7C,-0.2731000718418568
GTF3A,-0.5162601125536336
ANAPC15,-0.05791778150487659
POLR2F,-0.569716565930263
GPX4,-0.06495579614719103
HAUS8,-0.7829408907491254
COX17,0.003524883389364482
LCMT1,-0.039654956295021394
CUTA,2.2806319125861876
RPLP1,-0.18762127939291362
RPLP0,1.903350438963218
TMEM161A,2.493374201312422
RPS7,-0.3607686539025885
C12orf10,2.189788302048583
RPS3,1.1710842380300492
DYRK4,-1.0202509247320308
PGAM4,2.024470924451834
RPL36AL,0.7558332272098015
HARS,0.7730067119563052
HINT1,-0.40597755958526993
ATP5F1E,1.7938899107963784
RPS8,-0.6226294989031632
FAU,0.01089692650651686
SNRPA,-0.8404159449827365
NFU1,-0.3187455068756761
TMED1,3.4033768899303585
NEDD1,-0.48032712120616294
CDT1,-0.9998097492941894
SS18L2,0.08931112142248498
TBC1D7,-0.7355565021966067
RPL13A,1.2260413256966145
R3HCC1,0.18574812001852353
DPM3,2.963752889048411
HRAS,0.4555789721268452
LRIG1,-1.2762033498974423
ETFB,1.5378529686087554
RNASE7,-0.8809370714327909
RPS5,0.808997304590726
ARL6IP4,0.25192172200061314
PTPRA,1.2371696836101465
RPS28,0.9983645122771463
COX4I1,-0.16928231765455165
RPL35,-0.29266217416939033
LOC400927-CSNK1E,-0.6129662082542252
SMDT1,0.053996162808257205
FAM162A,1.924711772752498
NAA38,-0.15526002834488178
RPSA,1.3925208031076166
WDR54,0.44292431642373853
TACC3,-1.0936995638100575
PGLS,2.0686930334439535
RPS15,1.2054516133697308
FARSA,3.0244276910143544
RPL10A,-0.3007524351659986
DGUOK,-0.4460259177514006
CDK5RAP2,-0.6225970306972274
TUBGCP2,-0.19534825268476824
WDR18,1.3220518895799995
TUBGCP4,1.4098558361932227
TUBGCP5,-0.4374361337644096
TUBGCP6,-0.6190148079123414
FBL,0.28104603876918316
CEP131,0.8911423571833613
COX5A,1.3613771969298174
RPL23A,-0.32718735175833624
TXNDC12,0.31617494194153783
SF3B5,-0.1286188976117242
PRDX2,0.931758924712182
BAD,-0.0910939768102438
PFDN5,-0.3806288129198036
CAMLG,-0.14534401332750657
CD320,1.9546410147273676
SLC2A4RG,0.04885232330194294
RPL29,-0.12524862387739424
PLEKHJ1,0.25263951024246395
RPL27,1.8390772458592601
NUDC,0.4400954495818494
NOP53,-0.7394390670766711
RPL22,-0.36125397976298057
MYL6B,-0.1728965229704502
MRPS34,-0.2049430800450433
EIF3F,-0.28361863058964115
YWHAG,-1.2876043718817403
ATP5MC2,1.9481722260615044
EDF1,1.239735621292826
NDUFC1,-0.0567698663841511
NDUFC2,0.33401712722224997
LSM7,-0.4907562681120161
TRAPPC6A,-0.10008829157926298
LGALS3BP,2.221554887403592
TMEM160,0.1264385571211477
OLA1,1.9405865379628935
TMA7,-0.2477441565479995
TUBA4A,1.8487223058677273
EEF1B2,0.8949979631310038
SNRPF,0.06816519522795274
SNRPG,-0.670570201627015
RPL36,-0.11518907016961814
RUVBL2,0.9486233078243175
FIBP,1.211503480741718
RBMX,-1.1142039813634006
TUBG1,0.776411310640512
HAUS6,-0.7739357835747022
TUBG2,-0.7037502103248962
PHB,0.7811305773438937
BOLA3,-0.32108680340467005
CKAP5,-0.018776381001941518
HIST1H4C,-1.5350843349933425
ATP5MF,1.9727532770462533
ALMS1,-1.044533739357453
MRPL57,-0.3170147431395351
PTBP3,-0.4561694408136103
OFD1,-1.1096910596816345
MRPL13,0.25642760714226426
USP34,-0.7313919267737194
TRAPPC5,0.10754395577428988
ATP5ME,1.492513865914079
PRR11,-0.8815577410028467
RPL9,-0.4185325579002246
CHD8,-1.6347392355635029
TUBA1A,1.5924432057321396
ZNF160,-1.8453847712125917
HAUS2,0.5077046910365332
ATP8B1,2.544263604889176
ATP5MPL,-0.22002460973825458
ZNF611,-1.7585413813087105
IQCF1,3.46259697205647
RPS15A,1.4900391891600657
RPS2,1.2344982971391818
ATP5MG,2.031387232528584
OGFOD2,0.35987334960904255
TMEM206,-0.44133635638001034
RPS27,-0.5069146861202886
RPS20,-0.2864214657716052
GAPDH,1.7369891402363375
APLNR,0.9438716779735433
MYC,-0.4820503083349344
PODNL1,-1.3393496883698692
SRPK2,-0.7089992328324382
NDE1,-0.7647033563625436
DCLRE1C,-1.2887256705547792
GTF2H3,1.4891537885720831
RPS29,-0.15535211234652915
RPL38,-0.32032369724779614
DNPH1,1.8242264779421073
RPL32,-0.28336816003125853
NPY2R,-1.739102540338891
CHMP1B,0.21183012356995096
HSPA2,0.06514981581564214
HSPA6,0.8364878315621755
HSPA5,2.6789962123900204
GNA13,-1.2564334633808742
HSPA8,0.5647601900576481
IST1,-0.09622734580862259
ZFAND5,-0.5139305711059526
MAFF,-0.9204679927477292
SNRNP200,0.8314247930568641
BHLHE40,-1.3011669958907097
CNOT8,-0.512667407005811
MTMR3,-1.0401204580993615
WDR5,-0.3797339579903235
ARFGEF1,1.364443581705481
PSMC1,-0.061041299348626114
MAX,0.5544092674311194
MITD1,1.796945786328294
RASSF7,1.9190094356940934
GRID2,-0.12156395759116381
IKZF5,-0.8633322041233322
BTG2,-0.9480286612576524
EDC4,-0.20228306360823128
CC2D1B,0.5665555472228305
ETS1,-1.5201764334344632
CHIC2,-0.47314613933430777
NEK2,-1.3709782745512946
WDR48,-0.7698846698167877
RNF103-CHMP3,0.5888195294929467
VTA1,1.7208836245665429
TNPO3,-0.27576395350783817
SEC13,2.1005758028951034
CNOT10,-0.6136222511662404
SENP2,0.10868695289035714
EIF4B,-0.7591038982246544
USP54,1.0645919675353699
PPP1R2,0.2537715883690305
SSRP1,-1.0176026480610367
FLOT1,1.499503109877244
TOX4,-0.046236814672524135
TRPC4AP,0.2943889154879706
AL136295.1,1.327500973838631
ABHD17B,4.9622491191539035
ATF3,-0.8525383539484281
CCL14,1.7528028740262462
RFC3,-0.8849430518780805
MAPK14,-1.2410653441258321
EIF1,-0.408096830400359
BROX,0.039674430156582605
CHMP1A,1.2676117603949821
KNSTRN,-0.8463956908094548
TMEM63B,3.0262662425506655
PICK1,1.4281841769932588
GRID1,0.527971723049289
PPP1R15A,-0.8090328762930116
GABPA,1.1480282381314297
RNF146,1.8070628939110343
ADPRM,-0.02990997772407887
CLTC,0.3156927366694535
HSPA1A,1.3546512567106261
MAP7,2.7762800102640806
ELOF1,1.1544463183078435
EIF2S3,0.7593396799183142
HSPA1L,1.2032612744662161
PTPN23,2.214953237606335
PGD,3.0606874499883174
WASF2,-0.626164487748113
HADHA,1.5462639272226377
NRAS,1.365676124706393
SELENOT,1.669013707594682
ETS2,-1.1311918394929323
KLF4,-1.102402752983254
KLF3,-1.0537715393516829
ATP6V1B1,4.128265996207463
STON2,-0.36474496216444946
SLC25A15,-1.1114120116730128
SUCLG1,1.5496405940415996
LMAN1,2.9733949359989293
C6orf89,-0.7427293877250671
TFG,0.13770319074169904
PRUNE1,0.4074305312729423
TGIF1,0.8493192294478095
PMM2,11.485931750140479
HIST1H4I,-0.2658226243848288
FKBP2,3.619674048924729
TWNK,0.7691735308291514
HKDC1,3.380530922643254
PPP4C,1.1380843665962765
LARP1,1.40839189097085
WDR3,-0.16463859516528484
TUBB4A,0.2543962270345255
AKAP8,0.609840703901704
BAK1,1.0298798733411652
ACTA1,-0.7372851213737318
ATP2A2,2.551031770915211
ATP2A3,0.4088638000249109
NOP2,-0.2523208176209683
PUM3,0.20783594372539207
WDR43,0.39687260561741616
XPO5,0.8293782863867499
CCT2,0.6401962553932687
CCT5,1.171106702440434
AHSA1,1.2718658080151635
PAM16,0.9378663841474834
TIMM10,0.537400731393436
CNGB1,-0.08647570301435166
PTBP1,0.8891779551855415
UCK2,1.504636198393588
BLM,-0.3458449183976236
GDI2,0.6279299037290741
SFI1,0.33879952552771125
DNAJC2,0.4523444386182928
PPTC7,0.5667044901364683
MYBBP1A,0.19659001677706495
GFPT1,12.923597594182036
GFPT2,1.8606433775370101
EIF4A1,0.2819615836197994
EIF4A2,0.8817069759789352
NUTF2,1.9847687373627647
PKLR,1.0717286958826824
ATG101,2.1499565491519292
PRDX5,0.4204486549966331
FAM86B1,2.85944262716169
SAR1A,2.7878023113641173
ALG12,3.2477725762120984
NOL6,0.2251229717357652
UPRT,0.9359376626810855
UBIAD1,2.9038079367771816
AK2,1.4187200050453213
ATP1A4,0.3526038332324868
ATP1A2,-0.26689390605303703
ATP1A1,1.1947672343377063
MARS,1.020254032205261
SARS2,1.757749677073332
EEF1A2,1.4024187567059168
MCRS1,1.6868307062533352
LARS2,0.5256283862273161
ACOD1,-0.2249118842831787
RDH8,1.0649400562690927
ATP13A1,2.6841826636316153
DDX18,1.5921559774699896
PSMC4,1.479095338569905
NOLC1,0.659305899153903
E2F4,-0.8139217528179619
CALU,3.157845979539169
FUT4,3.657391544970732
SLC1A5,1.8523350316719518
EEF2,2.0822722197703656
BZW2,0.8902176727289145
MAT1A,0.5421294042895355
PES1,1.818375626391177
PYCR1,1.8950098594063418
GNL3,0.2233137575556969
GNL2,0.8583861954802141
TUBA3C,0.723063399220264
TUBA3E,2.1505892067566568
EIF3B,1.0212354102481656
CNPY2,3.4329754381881856
MRPL36,-0.11306301507049338
EIF2B5,2.738733017104775
IMPA2,1.55435977409066
SNU13,1.0075598121451734
ATP5MC1,2.406943956419551
ACTB,-0.10464478393464821
ALG8,3.4554150949324898
ALG2,9.419319036177951
ZNF593,0.5649992696450307
BCKDK,2.3326031208173417
BTF3L4,2.103887553984364
RUVBL1,0.49160063770743284
B3GNTL1,3.544694352832899
FTSJ3,1.7567289927365777
DDX55,0.5988805431675361
RAB43,0.8253438192648089
RRBP1,2.7902921993593983
PKM,3.879064629340066
TPT1,0.9019409260818676
CSK,-0.47152091211806696
BOP1,0.2745182681481803
MTHFD1,2.3794159802575714
COMTD1,2.4058224600298788
COX18,2.3725282362317897
TMEM214,3.4807091251816398
HDAC1,-1.2734120810396785
SLC35C1,7.234872534327556
PUS1,0.3328418434048789
PUS7,0.45248631600609834
RRS1,0.47646403346267224
CARS,3.112999283084864
GMPPA,9.37275087014533
GMPPB,4.0010936880344365
GCN1,0.1655091254537759
ENO2,2.03115817825125
ENO3,1.3578181949873132
SND1,3.2242718370263965
DUT,1.1590234829927122
RXYLT1,4.833321327488923
NAT10,0.2570651812920118
DLST,2.013770563818189
TCP1,1.0353322473984132
PRDX4,3.0786916563765523
PRKAA2,-0.3796680909420079
SLC5A6,2.850318780824349
SLC25A21,1.824828465732687
BID,0.8796075327341097
PFKP,2.971302849084888
HSPD1,0.8805760773334582
PFKM,1.9249375489162568
PFKL,1.9238588050892356
MTX1,2.7556266987943645
GNB4,-1.0510441496168803
NANS,10.384869727491159
EIF5A,2.8631784431527776
CCT6A,0.6088164933533263
MAT2A,1.035164385021118
ATP10A,2.1606368383343586
ATP10D,2.801466807509906
OSTC,2.4818602045492035
RER1,3.2818036100208143
MGAT5,3.2017859465091534
MLX,1.9978664526069279
DDX21,0.29314638339516497
DDX27,0.48666824806615117
ABCC1,2.311692098124781
ITPA,0.9865573399823991
TARS,2.4011849651434276
ATP6V1C2,3.203517288903278
TIMM44,1.546514730421227
TOMM40,0.5731566499621993
ACTG2,-0.3061917177763677
MLEC,2.8413171359435174
TACO1,2.736042225363847
POLR3E,0.8339632610634591
ATP2C2,0.5270054691167195
TXNDC5,1.9221646144574083
TAGLN3,0.495180581282244
IARS,3.5416970252231548
SLC25A5,1.0633040178288629
SLC25A4,1.6595586410205598
SHMT1,0.6938277062089006
NME4,2.9299041446542495
DNAJA3,0.27047618484978636
RMRP,2.0532025440347477
NME2,1.4716548864049623
NME3,1.8544638630996553
KPNA6,0.22164641886871078
KPNA5,0.11843163651032647
RUNX1,-0.6325416303336053
FKBP1A,0.811946615317911
SHC1,0.7214233889026963
RRP9,0.9056653544385393
PPRC1,2.989796246940257
NOP14,0.6258384582989316
TNFRSF12A,1.0064118290411217
PITPNB,3.2507419299452867
PPM1G,0.16907304868204778
ABCF3,1.6983930391257358
ABCF2,1.6474716019634346
PODXL,1.4260493897063906
YARS,2.5531692018905616
B4GALT2,3.603658001646814
CHEK2,1.720332836197993
B4GALT7,2.479473295914011
CLUH,1.346802653107068
UMPS,0.5019495215562749
TUBB8,1.3937672377477301
TUBB6,1.090980558357747
TUBB3,0.09841499953411909
MRPL4,0.2156792088355627
SLC3A2,2.262211213941626
MOGS,3.0510132110183146
ZPR1,1.857861821310658
CDC14A,-0.11243083261754139
MYDGF,3.7198084995902305
HMOX2,3.0590313999646956
ACTC1,-0.5111278209527927
CTDP1,0.9082705910387369
UTP4,-0.00781831877914254
DNAAF5,1.8155810927373985
CTPS1,1.957252297254024
FOSL1,0.027188509732444355
PSMA7,1.69733650744786
DPM2,3.6847619510995435
UGGT1,2.7969417380761032
HMGCS1,0.9319740433020384
HMGCS2,0.5319480583111846
ACACA,1.1360281421359573
ACACB,0.474465785364383
RABEPK,0.9316831791094896
SRMS,2.1934318766579617
PUDP,2.256014449507826
GMEB2,0.8633451638678528
EBNA1BP2,2.5012892059996363
UCHL3,0.6059169744095979
TSTA3,3.380566190110747
WDR12,-0.23410309272756824
PPIF,2.410347381750212
SLC35D1,3.1454087464852765
PPID,1.6890809307497756
PPIA,0.811925675796686
ATP11C,1.8186599528957632
MDH2,1.9819277280258734
MPDU1,9.032559838540884
NIP7,4.113209238629851
DAD1,3.1931263237933933
DPH2,0.8642515724316389
EIF4E2,0.4715376323284518
HOOK2,1.8968559788010022
COPG1,2.9958121751262743
ACY3,1.7303218293213989
GTPBP4,1.0330948099394477
NOC3L,0.6863734386660928
SEC61A1,3.751491223288159
CKAP4,2.527135451053222
DOLK,8.808960940234439
NME1-NME2,0.9421009212406198
LYPLA2,2.12224580356482
DHX15,0.8806746628598553
S100A11,1.590791508895286
UGP2,2.4824595071493296
ATP2B4,-0.05857753110625661
CIAPIN1,2.180543214855319
GOT2,1.997810322318983
PFAS,1.4417762381869557
RAB5IF,1.5712142119628116
P4HB,4.0459861590149675
HOOK1,1.8568362668313372
MRPS2,0.3564372179144856
COG5,10.583071962595204
LSG1,0.5068983736711168
ATP2B1,1.854203544424848
DOHH,3.177420938132074
PA2G4,1.4524520257299156
FDPS,1.6451680970358673
CCDC86,2.048687411758851
ATP8B3,1.9468879185980181
ATP8B2,2.051698496617277
SUMO3,0.6105710358332193
KDELR2,3.8939029969112755
ATP5F1C,1.160545408329036
HSP90B2P,2.510220987028511
TUBA1B,0.7971328338247917
TMEM186,2.08197379690849
SLC35A2,3.8492563591936624
NPEPPS,2.2257576806282713
TOP2A,-0.334012706745322
GNPNAT1,1.8373967172412051
IL4R,-0.1533936546445655
BRIX1,0.026555724371738282
PGM5,3.534279727848994
ATP8B4,2.494568770347048
PGM1,2.6423145537862367
PGM2,3.2142223162095833
PAK1IP1,0.13407127472560756
JMJD6,0.23931104756980293
STT3A,9.880284450648269
ACO2,2.5671989067971785
FAM57A,2.63398918259349
SEC23B,3.361718634455526
MPI,9.162191386634497
POMT2,2.542452742026917
TUBA8,1.5332451633002135
NOM1,1.2918007211207372
ATP5F1B,1.0392533916507856
OGFOD1,1.497443196544501
TRMT6,0.5419157323221669
GPN2,2.8967409082751137
ALDH18A1,2.4502606856930336
NIFK,0.011449872770215737
HDLBP,2.9676624594139507
SEC11C,2.893277641054459
ATP12A,0.09432304503164565
ARFGEF2,1.4702395199290381
ADK,4.456272680017969
METTL1,0.6155350485085305
PPAN,0.3572123758469501
MRTO4,0.2751411109527925
BYSL,0.9363271784986292
KCTD5,1.800829606588709
RRM2,1.4055757080159896
SEC31A,3.039293252779782
IDH3A,2.510072458759985
PAPSS2,1.2355814669919976
TATDN2,1.5583234131450998
PDIA5,3.296351033381072
CFL1,1.1763653353752697
TMX2,3.2775493758636776
SNRPB,0.6310824984748562
LRRC59,3.092216614327759
DNM1L,2.073050164799879
STK19,3.0583391279575354
MGST3,1.3976625140050598
NISCH,-0.8217016592227866
CCS,1.532953755796525
NELFE,2.2914050308118568
PPIL2,-0.5379938071577658
PGAP2,2.682844522671822
RARA,-1.364297302490497
EP300,-2.5122649527119383
SNHG28,-0.06552845284340753
FANCA,-0.6297834183714062
TBC1D22A,-0.06627970581638601
CSNK1E,-1.3241312096684714
CNPY3,0.1571490957025873
CD151,1.3780245708904002
TRIM28,-0.9424416824207996
SLC25A1,1.4849602748992174
PCYT2,1.8986084912059653
RANGAP1,-0.5094025518707115
TWF2,0.22430865312372741
NUCB1,1.0966012996055625
PTPN18,-0.7621991337323848
PLD3,0.8909964736451701
KAT5,-0.6303301908072009
MLST8,1.0673230359299029
FKBP1B,-0.48571566622218076
HSD3B2,1.1811026940772156
TRIP6,0.8504146277788801
FBF1,-1.6312510100138344
ZNF395,-0.7466741071350115
FAHD2A,2.1207229587709104
CPT1A,-0.14203200747887865
PDXK,1.9236037597389595
UROS,2.7564854714117013
ACAA1,0.14253867951154003
UROD,1.677112470777185
TST,-0.2346548036613283
CHKB,1.1917681969969975
XRCC6,-0.9384174027278265
SREBF2,-0.21548248770565734
HEPHL1,-0.1064366156810005
DDR2,1.3584589225262984
ALAD,-0.2681114946581961
GPAA1,3.491074025017304
IRGQ,-0.5198551974311982
DALRD3,0.5060210251571632
MPST,1.8701238682526933
ERP29,2.626814725022779
SAMM50,0.09082772757566608
POLR2E,0.19233789356729825
KAT6B,-1.710025026271876
POLR2I,0.07150073998269148
IRF3,0.24642497553225234
TECR,3.811784438306995
GALK1,2.0508254158403036
LRRC15,-0.7672146708924218
MSRB2,0.17044324571452948
DDA1,2.5235096358586464
ABHD17A,1.2655895136234059
HDAC5,-1.2064709393908741
PI4KA,-0.6012863900378963
NAGA,2.253050295474121
NIT1,0.17915753793869724
POLG,-0.20246206371952
RBKS,0.9194341576870705
ACADS,1.222238841380021
ARF5,2.3323802661587725
AKR7A2,2.397059274763759
CUEDC2,1.4611435351384894
DNAJB2,-0.23544379077492392
ATP5F1A,2.0814412714540973
CBY1,-0.8314189429109884
MAPK3,-1.491494629653555
DSG4,0.10664876645784913
GALT,3.461316814761914
GNB5,-2.0099319118307872
TXN2,2.94375199303964
STK25,-0.5469829060601971
SLC27A4,0.3996385224186612
UCKL1,-0.5381007651748057
ZSCAN26,-0.7513288565384273
SPSB3,1.1986603211184368
VSIG8,0.17208789353579992
RETREG2,1.4691405766659917
GSTK1,1.7657279274238311
PPIE,0.4886458235811584
PRKD2,-0.5389415364499872
RBSN,-0.1596645977569575
COX5B,-0.31367787756799065
PPP6R2,-0.6555525551916348
AACS,1.225219281553456
OVOL3,2.4152836533451896
PIN1,-0.46035711176513977
AANAT,0.24990166381461412
GCHFR,0.13378099057013876
NDUFS1,1.716559235672283
HAGH,0.9321959350584619
TCF25,0.13384589079158396
IMPDH2,1.2478391790424022
HMGCL,0.5362778567119422
ILVBL,3.5098921862081305
POTEE,-0.5894508942553028
PIGA,3.220489896968245
ALDH3B1,0.8859152077997468
TTLL1,-0.45783184674480915
ISYNA1,0.08957856550505955
CRYL1,0.15231036855205035
QRICH1,-0.8846174092880821
NDUFS8,2.0495024922089287
SGSM3,1.0259834818007334
DUSP14,0.244201792217026
E2F3,0.03199232212083634
CABIN1,-0.5596703568355333
PEMT,2.0332290040120853
HEMK1,0.22962510215771223
OTC,0.1339563754602064
PMVK,1.43588170610765
SUN2,-0.031242371338432634
NDUFS3,1.9469072118317317
ACTR1B,0.2425219448448187
NDUFS7,1.165760639345863
SDHA,0.08309154180817634
ATP6V0E2,3.3202511081391517
ASS1,1.3692983947159962
DUOXA1,-0.5672103355764881
AGA,0.5820114406713783
RAD51B,-0.6388037228904315
SUMO2,-1.377111369911018
MAN2C1,1.811018081976142
IFNG,-1.87815761995614
PTGR1,-0.011457935445797212
BCAT1,1.3005258114064624
ABLIM1,-1.2012746901341769
TMEM184A,-0.07898671265647846
CYP3A5,-0.3191621900644693
CNDP2,3.345006210224229
ORM2,-0.6925646262368222
PARP12,-0.30114848853408527
EIF2S1,0.6681807072591179
SERPINE2,-0.4360522587818207
APOE,-1.1146277228571324
TTR,-0.5925405476045686
PEPD,0.469692980702332
PAICS,1.8956982390393535
GDF15,-0.3775199432462369
UAP1,1.8186001608680598
NMRAL1,0.45984114848412555
ALDH8A1,1.1708211216432558
VEGFA,-0.9846996814876449
PPARA,-1.1308932431102126
SULT4A1,1.983538767475428
GLYATL1,-0.20917030072531814
KRT17,-0.7680797562304531
SELENBP1,-0.610061711044718
SLC22A6,-0.2174372029341833
GPX2,0.248937075432571
GIT1,1.4128233955513056
GIT2,-0.8712734797309996
SORT1,-0.4629846000948718
FLNC,-0.8746757640376327
SLC22A8,-0.7970533004743002
SESN2,-0.2970817136752958
RET,-0.8239380595686785
SLC2A10,0.2418704142079889
FH,1.4426604409313923
VSIG2,2.229080483769949
HTRA2,-0.5282578916785071
MDK,-0.1465592935736876
SCLT1,-0.59462518086772
ASPG,-0.1541683071735392
ASPA,-0.4808494126088498
ACAT1,1.036479092251843
GGH,0.18224891529585846
KIF21B,-0.9343092246519301
MVD,2.497218818920924
F2,-1.2509824047655658
CNTN1,-0.7754897569735678
TRIOBP,0.11098443638905837
PIPOX,-0.020694646537721774
GSTZ1,-0.3335465525367529
SLC17A3,-0.6394488976364545
TINAGL1,-0.05324497291603595
MT2A,-0.5250250250654722
UGT2B7,0.5303774685445732
G6PC,1.5595924002753048
EGFR,0.41873691537993896
BHMT2,1.0048950156823195
ABAT,-0.4294255709446559
BIN3,4.060488821526416
AQP3,-0.3485795699115208
AASS,0.23140394398293626
DPYS,0.6195818270240574
ACAA2,2.8128811471044664
GCDH,1.3308057672174054
SLC25A2,0.05609682190643075
RPGRIP1L,-0.8676823923329621
PSMC3,0.9920248002334789
ALDH3B2,0.04821790726598018
NANOS2,-0.8895626485596221
CD48,-0.08918238297280398
FBN1,-0.7355718721977986
STS,1.7820911810123465
HGD,0.9954308541469439
CRAT,1.5374231011044417
CFH,0.10293729858572195
CFI,0.42345702148967573
GJB1,-0.24347544029372298
FUT3,3.7060653617578843
CAMK2N1,-0.5081627408315903
PCK2,1.7833977955931433
PCK1,1.1150889285624814
NQO2,0.4173894852894254
AGXT2,0.8585792081771264
CYP3A7,0.3977051990522434
PYCR3,0.7404838333063456
PYCR2,-0.094996280930667
SLC25A13,0.03370274298696472
EHHADH,-0.09223613214310611
KLF5,1.0128961027933703
FGFR3,0.8037172864438505
LAD1,2.477729565902647
IFITM1,-1.0089722566634571
CENPK,-0.9704349945639075
ASNSD1,-0.20865073966415823
TNFRSF21,-0.41793453662467833
PALM,-0.642162697757392
SSH3,-0.5304419097003155
HOGA1,-0.18573669619233182
WDTC1,-1.0809222185807672
ALDH1L1,0.12106518990594992
SLC2A2,-0.36001496030619806
SPINK1,0.3437668576642719
VLDLR,-0.4710602211290301
NANOS1,-1.7869356730254504
SPTAN1,1.201212735946015
PROS1,0.8732269021328108
LAMC1,1.0869405525571558
ATP7B,0.11743851098437655
MYCN,-1.28838557900345
MT1X,-0.37572251980279303
NBL1,1.4175023672670122
PALMD,-0.640906874763208
NUPR1,-0.10485933533106398
IGFBP3,-0.6183398240608257
AGMAT,4.840561140974552
ADSSL1,-0.16210704879235313
CA10,-0.908023974231019
SDSL,1.722409907639559
MTHFD2,1.7544681047001145
EPHX1,-0.08237261843681008
TMSB10,-0.15885999233221426
PPA2,1.1427356303018332
PPA1,2.7898582729930905
FABP1,0.1251369000629164
QPRT,-0.4232159979688617
USF1,1.0945340843861524
ETFA,0.04727541313757589
MTOR,0.028536524937241056
CLU,-0.8205732753619949
RACK1,0.158107883667512
KNG1,-1.2904694538328687
ALDH2,0.38305498040128416
CDK1,-1.6724539619287202
CDK2,-0.3353536440880118
CDK3,-1.289096220885525
NAGPA,2.8433271506484683
LCN2,-0.4893565543562979
PHB2,0.19430863611709276
USP4,-0.8291222324913057
PRDX1,1.7615976948024703
DDX11,-1.0866322843078353
PM20D1,-0.3001778172845124
STIP1,0.9633065275370166
CDC42EP1,2.3649335887254233
TNFRSF11A,0.1043255364945571
ACMSD,-0.3345895612204805
LATS1,-1.3607381467882225
CCNB2,0.09484175401092072
DDX24,-0.6605648071913782
ARHGAP32,-0.9854333852162472
C4BPB,0.1624430365465677
TUFM,1.6015811064267254
CKB,1.2201838388713717
TPBG,-0.8633470865951449
TPI1,3.065714883446732
PAH,0.021384319741507164
FURIN,1.485000481228216
CALM3,-1.5454027038423945
ACSM1,-0.5961820892873333
ACSM3,-0.5158296783428397
PRODH,-0.372536477850738
ACSM4,-0.10150548073331905
ACSM6,-0.0033531530454805627
FGFR2,-1.6650687279010934
ASRGL1,0.1427578609216292
ERBB2,-0.3678766436217502
ERBB3,1.1188968547315714
CTSB,0.3209248416081924
ACSM2A,-0.5683697006056136
ACSM2B,0.5877308482394091
SLC25A20,-0.23507509056153364
RPL18,0.13831946945354479
GMPS,0.8678838965961831
CPB2,-0.06754442862737134
KPNA2,-1.0287451995228831
FBP1,1.0931714536420905
ENAH,-0.62871312391058
PDZK1IP1,-0.045379817025299
NDRG1,1.0256467701105383
ITGB4,1.138654545993543
HSPH1,1.104518426852826
NONO,0.5357488773169646
GLDC,0.6094204077992982
XDH,-1.7290163617396674
ECH1,0.5539131638656746
SCNN1A,2.6159155727409167
ANXA11,2.970222006628416
GBP2,1.081254089362027
ACSF2,-0.42439424309907253
PTPN1,1.4557744457199544
LCT,-0.02257112468071611
ANG,1.226804808098646
EIF4EBP1,1.204006397809144
BCR,-1.0596361910324252
ADI1,1.8606589659735524
BHMT,0.2923409373470573
ZER1,-0.22739862797752922
FHL2,-1.0359558991192508
KRT6B,-1.0576241823839472
LY6E,2.9011734877714863
EFNA1,-0.7826486628971009
SRR,0.0698911212120185
PRKAA1,0.2601045275882676
ALDH7A1,0.41589715298523056
LGALS3,-0.40500507952687587
ALDH4A1,1.559145346296099
FSCN1,-0.34258802697422086
LGALS4,-0.021243333953314507
PLXNA3,-0.5197554398359815
AGXT,-1.4616887771708658
ASNS,2.541847313122655
RARRES1,-0.5561927557741674
PLG,-0.23836540003372456
S100P,1.822221100823574
MPRIP,-0.535784519453996
INSR,0.8860915461473221
ALDH1A2,0.25773469681266564
KYNU,1.545838684859708
CBS,-0.11877751046938048
TFAP2C,-0.6960732032598186
RPL17,0.18481765097895156
ACY1,0.7854996463668993
AADAT,0.2717354356475999
SIGIRR,-0.3202693885377889
SERPINA1,-0.5043539742561474
SUCLG2,0.2103049502404907
IDH3B,1.2373137556774918
HPN,0.11010575280402855
ALDOB,10.567416186491261
HPGDS,-0.9247707502492482
HPD,-0.007329048404710024
PSAT1,1.9529477703472784
PDK2,-0.35191349650108295
PDK4,-0.8302105532810925
ABCC3,-0.3614669474858235
GSR,1.5865712348370906
DARS,1.835732755615974
DOLPP1,2.598420876826849
AFG3L2,1.1102613831264956
DMGDH,0.47224889958843913
PLIN1,-1.069605871818522
NHLRC2,-0.36161832375779124
WWC1,2.3258404552066887
KHK,0.7090666338559957
CAPN1,-0.1664711194111493
PIR,2.1317347409724436
IREB2,-0.6994053811138772
DDX3Y,-0.5603437981626486
VWA8,0.4432323911784693
BAMBI,-0.8485266712251874
POLR2D,-0.021729135881720523
CYREN,3.05299040637303
CSPG4,2.630052513192708
TERF2,-0.8902358691668014
STC2,-0.2875650143748419
SLC7A9,-0.42680188712156236
SLC7A7,0.46264518222775625
SLC7A5,1.5652096524652224
AKR1A1,2.4241320483209137
AOPEP,-0.413407832879634
NAGS,0.0689486423399785
NEBL,-0.9140633313203468
TMPRSS11D,0.7409769385011897
SIRT3,-0.4674206649233368
EFEMP2,-0.2710874469757535
SGTB,-0.6351356018726246
ACO1,0.5836828633097481
HOPX,-0.9163616344806533
TNFAIP8,0.7603899965463802
SDC1,1.9941868495536277
ARG2,1.5484122908920686
ECI2,0.7781612940083867
GGT1,-0.05614740434708287
AIFM1,0.3394022190733554
IL17RC,2.905108696307524
GAD1,-1.0457507661493048
GAD2,-1.0353955140372562
BAIAP2L1,-0.24852109520363644
TES,0.8758027459067592
TSKU,-0.016505049240150494
MTHFR,0.1890329147798819
SLC13A1,0.05756041060864847
SLC13A3,-0.48520890796612837
PBLD,0.9734733174508354
FES,-1.0039488333343862
SERPINF2,-0.5093147603076735
ADM,-0.004759267349895507
STAU1,0.11203367266924202
RGS14,-0.6830302678636057
PSPH,4.7515895916371305
STEAP3,0.06481474895510875
TBC1D16,-0.6360445024833615
KARS,0.7688961011729349
SLC7A11,1.2254513906592448
ELF3,1.3111418979169165
TXN,0.7765177850576411
SERPINA3,0.6924156597200661
CRABP2,-0.6745544026896363
PTPRF,-0.7755655597308428
CDR2,1.2969406505530268
NDN,-0.859268663939537
MLH1,-0.3194241069083127
GMPR2,-0.2804016087404833
PLS1,0.251390075792864
TDO2,-0.026846521198541036
PDIA6,3.4924438828739093
GPC1,2.2575334304136536
ALDH6A1,0.3640422363863135
ALDH1B1,0.8177546204505273
MTAP,1.3096999645372651
DAZAP1,1.8906948978456886
AARS,2.781535340761656
LOC101060399,1.9765149936547681
CREB3L1,0.9874506301688805
ATF5,-0.35686017315069707
ATF4,-0.6545713307620393
FOLR1,2.146887312682538
LINC00671,0.5648815720116932
KRTAP12-2,-1.0369607682752489
ADAMTSL4,1.307738580336516
FHIT,-0.2922077724703612
SRC,-1.1235804672127427
AMPD3,-0.7473115250341552
AMPD1,-1.0959971038384066
MGMT,-0.0984407008463034
AMPD2,1.1643835118905559
DNMT3A,-0.9761595530992769
REL,-0.9144264124864105
FDXR,-0.15452229290326092
SMARCA4,-1.1994185887590594
HINT2,0.08036471949357502
HINT3,-0.3051831167342728
RARB,-0.9494814733393407
ERBB4,-1.7132031706364517
FOXM1,-2.1122671423746207
DNMT1,-0.09988030513270016
THRB,-1.4083474719411004
APTX,-0.24516231244377643
DNMT3B,-1.0530269281408238
ENTPD3,-0.5065427798435571
RPS23,1.2010050406558146
ENTPD1,-0.9836748703983991
WWOX,-1.238221722416952
RABL2A,-0.5346956235391065
ENTPD8,0.26640883298593754
SH3GL2,-1.3988917878883476
AK1,2.1621272113071437
AK7,2.2534898566853028
AK5,-0.1598056945734579
AK4,0.06403998285165916
PTPRD,-1.174130689352877
HSPE1,0.6218434991976427
SFRP1,-1.0778098675299168
ARHGAP19,-0.982167789957845
SPX,-1.1729444606693118
CTRC,-0.6889498671828328
SPINT3,-0.8159976022252842
NTNG2,-1.6071871039547212
MPP3,-1.6430279649246675
SLC12A5,-1.4523215084220122
SCN4A,-1.260458328347998
PRKRA,0.03951178205746554
THPO,-1.6465030127151752
HTR6,-1.9876645425307817
GPR27,-1.5342931469574648
DBH,-0.9650637504299687
RNF186,1.5170171095082639
CSHL1,-0.9714141193079036
HGFAC,-0.9113125336209907
TSHB,-1.3465429727449898
TNNT2,-0.45001820825952876
SLC11A1,-1.6900885684707658
PRLH,-1.4398193093859126
GGTLC1,1.947089357428996
OXT,-1.4975679164635325
LBX1,-1.9795074243514184
PSG4,-1.1684026133288241
FGF1,-0.9953413918228625
A1CF,-0.22849057206641005
MYH15,-1.5533525221990563
GABRR1,-0.4402190427105271
SCN10A,-1.658518941574936
STXBP6,-0.018926529538799815
SEMG1,-0.8727894499545039
FZD4,-1.4076768811860487
LGALS14,-1.4506687577443393
RHBG,0.734451288241051
CDKL2,-1.7782436740460905
CST8,-2.1778580762431625
GML,-1.5967786615932535
OR51E2,-1.1271650293863034
CHRNA6,-1.3044734266963993
MAS1,-0.942348888745691
GPR37L1,-1.2276374055802513
IFNA7,-1.5546452141519171
RALYL,-1.4075318477005196
ABCA4,-1.2290104169728857
KCNC1,-1.2485450665230187
PITX3,1.0237821715656674
PARM1,-0.7031201089280713
GCNT4,1.4879682650182826
PGC,-1.3625169799582542
TM4SF5,-0.293200346787475
DEFA5,-0.24164291220087578
PROP1,-2.0327722387746174
TG,-1.1947047926850558
KCNJ10,-1.1272529258086303
UCP1,0.20898101517100812
PHOX2B,-0.9441084581692134
ZNF709,-0.220233192617375
FOXQ1,2.777254118466282
UBD,0.39485822582499125
PPP5D1,-1.838488370171866
CAMK1G,-2.004509147862875
BRPF3,-0.35872344274052265
CAMK1,-1.7595494733463897
ARF6,-0.2689585273115637
TAF9B,-1.1779260179837157
RCVRN,-1.9855073558088632
ILKAP,-1.199129044101545
INSRR,-1.6961985779862745
TTC13,1.5111189594520165
LRRC56,-1.317578956121256
ZNF708,-1.4698163843783072
ZNF66,-1.62592022937331
ZNF791,-1.7742974798374853
ZNF77,-1.5112576402897528
ZNF383,-1.483006331799749
ZNF382,-1.5273859457446795
ZNF354B,-1.7331767225711545
ZNF700,-1.6347509710619055
MAP3K7,0.9103353332218735
ZNF264,-1.8665345888683693
ZNF782,-1.5352885644061374
ZNF267,-1.3952394383881517
ZNF587B,-1.7634182914364187
ZFP69,-1.4433987224058613
ZNF471,0.7643974433914638
ZNF470,-1.4744514645501126
ZNF184,-1.4656494927435852
ZNF268,-1.5003917463975889
CTTNBP2,-0.8929581039592037
ZNF667,-1.4305530889321467
ZNF45,0.2694739850132169
ZNF44,-1.726466845623818
ZNF404,-1.4870433517959372
ZNF680,-0.9512550952823775
ZNF681,-1.406127725807098
CENPCP1,-0.21979130575561198
LRRC2,-0.9748502006081977
MYSM1,-0.7547092296963328
ZNF764,-1.6157261627636392
ZNF284,-1.4498196676268669
ZNF677,-1.5880983909467399
ZNF675,-1.3442418480059835
ZNF674,-1.6461804308273549
ZNF440,-1.6091606255172288
CLK4,-1.3659856785503326
ZNF442,-1.6553558080476616
ZNF841,-1.4842029920202422
ZNF845,-1.469823711656655
ZNF679,-1.5218970370824103
ZNF273,-0.7151556098200366
TTC14,-0.6781902912863698
ZNF569,-1.523220616841267
ZNF568,-1.5528895641549665
ZNF567,0.703239379525122
HDAC10,-1.579131250562554
ZNF565,-1.4435760884297635
ZNF37A,-1.4659776316744215
ZNF563,-1.4352693618799934
ZNF562,-1.5632499170699938
ZNF560,-1.5793607631365931
ZNF699,-1.4973258357469228
ZNF214,-1.6503208036745258
ZNF195,-1.5328037009983866
ZNF283,-1.5204271926069952
ZNF57,-1.4561938459896566
ZFP90,-1.5433542714181614
RBAK,-1.4981767265450494
ZNF599,-1.5453319807307544
ZNF606,-1.6579039209257216
ZNF607,-1.530002092782522
ZNF454,-1.4983140835528421
USP47,-0.915953123575817
ZNF585A,-1.4700233297551224
ANKS3,-1.4285330038334707
ZNF669,-1.8800113822373434
ZNF347,-1.5521147376536963
ZNF765,-1.169489978651583
ZNF875,-1.4560592253581284
ZNF510,-0.4258628470518511
ZNF766,-1.457295943606965
ZNF517,-1.5051412198711824
ZNF514,-1.632773170661736
ZFP28,-1.4179077409026832
EGR1,-2.274661184278667
ZNF227,-1.521821369724924
ZNF25,-1.412801709205237
ZNF823,-1.450791477707978
ZNF583,-1.5387735883724112
ZNF584,-1.3414577117222248
ZNF587,-1.9230431714443181
RBM12B,-1.2099406526474004
ZNF879,-1.5246831538085104
ZNF829,-1.4322599571120924
ZNF610,-1.5785328492483313
ZNF613,-1.5123166752546968
ZNF564,-1.6234320681373897
ZNF614,-1.4849999137141445
ZNF616,-1.6083062418145955
ZNF619,-1.2364338384823952
ZNF426,-1.7011503358548379
TTC32,-1.0635022155962237
ZNF425,-1.5188850776349798
ZNF420,-1.6267631944871768
GUCA1A,-2.0683521592204652
ZNF429,-1.5103579155081575
ZNF337,-1.6298271873567471
MAP3K1,-0.5917739186212876
ZNF23,-1.5264696921743832
ZNF331,-1.6659877667000103
ZNF235,-1.435824598691253
ZNF233,-1.5647443794562637
ZNF34,-1.6264508162564253
ZNF30,-1.4845778812951185
ZNF836,-1.4905381573798615
ZNF175,-1.6243979047166157
MGAM,-1.184464579208853
ZNF354A,-1.473180529068243
ZNF534,-1.4224153001540238
ZNF530,-1.587701657026514
ZNF571,-1.4906172414403993
ZNF624,-1.466773519560033
ZNF627,-1.46913666505023
ZNF621,-1.4210060622200922
ZNF749,-1.4225626961532987
ZNF623,-0.77484696521268
ZNF436,-1.4210636091445934
ZNF431,-1.5330676000287569
ZNF433,-1.489450427873789
ZNF432,-1.4872654095260853
ZNF92,-0.7157345234715735
BRWD1,-0.17823645724626921
ZNF439,-1.633640604062939
ZFP1,-1.466880514957213
ZIM3,-1.5748553769714744
GABPB1,-1.2016291947630007
ZNF324,-1.5299963188690453
TSSK4,-1.3914699922401204
WDR20,-0.4889526876589799
ZNF473,-1.571399608997063
ZNF689,-1.5321079132493103
ZNF527,-1.2558751703103808
ZNF480,-1.551612533028983
ZNF529,-1.6147731338326763
ZNF155,-1.4930882291694816
ZNF484,-1.6566221409684285
ZNF665,-1.5564095691557236
ZFP37,-1.3960432602609794
ZNF33B,-1.6013534138472476
ZNF33A,-1.6540546658406692
ZNF132,-1.8292853105622715
ZNF133,-1.5868216923275769
ZNF311,-1.4946381817709078
ZNF317,-1.4923551915750413
ZNF251,-1.445674439578776
ZNF250,-1.6927373537508297
ZNF253,-0.974197637235932
ZNF254,-1.272311321388763
ZNF257,-1.6353755229492213
ZNF256,-1.5977829591080517
ZNF493,-1.6218291529349933
ZNF492,-1.4492407261577533
ZNF490,-1.6935738128801652
ZNF813,-1.3590828746287749
ZNF780B,-1.472922557142692
ZNF17,-1.4821932451854491
ZNF12,-0.7355742861148867
ZNF814,-1.5245206489658614
ZNF7,-1.3359997669528205
ZNF14,-1.6897357418603132
ZNF726,-1.4391328994046284
ZNF684,-1.4409424872135053
ZNF557,-1.4914129736299004
ZNF554,-1.3266712797249982
ZNF555,-1.525748208267073
ZNF649,-1.5114582289239409
ZNF416,-1.5303657965006485
ZNF662,-1.476417764381981
ZNF792,-1.4272661852592456
ZNF93,-1.456664868066503
ORC2,-0.7630146468725173
ZNF324B,-1.6019894557912655
ZNF208,-1.720907712203313
MCM9,-0.5211543515648417
ZNF461,-1.4926217412076206
ZNF154,-1.8312969210887502
RHPN2,-0.9955020277571074
ZNF714,-1.3570405286881837
ZNF98,-1.4322765580450836
RHOBTB3,-0.5793661294329013
ZNF860,-1.3559445289300371
ZNF99,-1.5213151942913594
ZNF468,-1.0946258971311231
ZNF790,-1.5322190209850426
ZNF91,-1.6994133506043214
ZNF543,-1.3639297594466944
ZNF793,-1.499539975216468
ZNF460,-1.8037408805904005
ZNF506,-1.6245498230327031
ZNF549,-1.6439222758733751
ZNF548,-1.5703176369527492
PPWD1,-0.47299185146110256
ZFP14,-1.4060361860561632
USP28,-0.6114589245690023
TBPL1,0.8826231329947807
TBP,-1.860256164025582
GP1BA,-1.77395471423873
ACTRT3,-2.033920964156422
ZNF559,-1.0847523040613798
TTBK2,-1.1442085475720936
PGA3,-0.22231838894127984
EPC2,-0.9838508432275246
KANK3,-0.7539863685936411
ZNF878,1.8352393919723975
NID2,-0.6134243273116579
CPE,-0.8381248227712331
P4HA2,0.21825578056687298
CPZ,-0.34633339834788635
MFAP4,-0.7425939862760906
GPR183,-1.052244065341177
WWTR1,3.7692852714479907
THY1,-0.87553267843165
TACSTD2,2.041315586918438
GATA6,2.3604433800463878
COL15A1,-0.7722244004428724
MFAP5,-0.6544330275081668
COLEC12,-0.36284326458423266
ANGPTL2,-0.9827828933700026
EMCN,-0.5986315285111715
ITGA1,-0.6832419461096852
ITGA5,-0.5469534631875704
COL3A1,0.06846922699696252
SERPINE1,-0.8489364084672155
ALPK2,-0.4596117501544625
COL4A2,0.48941929195604317
VEGFC,-0.8403940021595946
CHST3,3.1691113920816543
ZEB1,0.9280049769471734
ZNF423,-1.2406960161969556
GPX8,4.280789071151812
VWF,-0.7692250469926496
MYH10,-1.2284162267930139
DLK1,-0.23069023510855652
HTRA1,-0.7443614967307699
TLL2,-0.9979501627365598
PTX3,-0.3604255056575477
SPARC,1.0968598050576968
TFPI,0.36794664180118425
PARVA,-0.5898511447192131
LAMA1,-0.5768015200588357
LAMA2,-0.9993892675350861
LAMA4,-0.5825269610149154
MCAM,1.1568627574547758
LEPR,-1.155558137234056
ADGRL4,-0.6183551708084569
NREP,-0.7419544785135512
MXRA5,-0.7375978040214318
MTCL1,-0.8827358074377369
CXXC1,0.12390000021600076
MME,3.93049356028791
CTHRC1,-0.05417064936243981
CALCRL,-0.9757505879614973
SPARCL1,1.038377667195144
AFAP1,-0.4924857669139495
TWIST1,-1.2260657029818243
TM4SF1,-0.6045290706764276
SULF1,-0.3695257701839996
LMCD1,-0.6720341013454854
SLIT3,-1.6911661698295444
DEFA1A3,0.89654503235999
JAG1,2.3555309746314608
PDZD2,-0.5302895837738745
SPON1,1.68395813778806
ITGB5,-1.0120938313373458
LTBP3,-0.6940264461009996
LTBP1,-0.5031203728802798
FBN2,0.07982159405117276
CA12,-0.5014693678608441
IL33,-0.77912243396216
SOS1,0.25912027811977834
NRP1,0.4073909413984833
NELL2,0.9196836754857627
BNC2,-0.9419301877966327
CILP,-0.6317126796817916
ANK2,0.7772209503758848
COL11A1,-0.3850364988689885
DAB2,-0.012144804408198012
FBLN1,-0.948313141840641
FBLN5,-0.7679717770994761
EHD2,-0.36705691732106954
ADAMTS5,1.9235400323044236
ADAMTS1,1.7330486610313502
GNG11,-0.6657735085033673
FOXF1,-1.354922733134538
FOXF2,-1.8753203379350565
PLXND1,-0.400445090733588
CDH5,-1.0717543180177784
CRISPLD2,0.9211343505356974
SNAI2,-0.6657379735715977
FN1,1.1584738285992988
VIM,-0.06300635044040903
KCNH8,0.7578109432325555
CAVIN3,1.6047776495039892
CAVIN1,0.32149639865961804
LAMB1,-0.5714658418621686
ADAMTSL3,2.0789539975481373
COPZ2,1.884277794391425
LCE1A,-0.7205793437576631
ANXA6,2.025176007621383
NID1,0.4899192833825574
ANGPT2,-0.7806180798579797
ITGBL1,-0.5389453808006794
TMEM45A,-0.30947217527284965
IGF2,-1.3688844247832355
DPYSL3,-0.8792407693334982
PRSS23,1.0375260301791267
IGFBP2,-0.007820936972484996
IGFBP6,-0.6965886636544091
IGFBP7,-0.6552606008797145
IGFBP4,-0.5110817274282017
IGFBP5,-1.001228460366388
COL16A1,-0.3844400505264454
GJA1,-0.8119333300301504
CD93,0.2882439568735599
PCDH17,-0.328139025714621
GAS1,-0.7659666217312259
PCDH18,-0.769038264117551
ANKRD13D,-0.32021758399495776
FILIP1L,-0.7191447918492595
PDGFRL,1.3560493373454878
SPRY1,-1.194067922992832
TRPC1,-0.9572861183191823
NUAK1,-0.7581955169308552
HAS2,-0.08606910505076454
COL5A2,0.25919305841386797
COL5A3,-0.21292235990329875
SUSD4,0.818791646741213
TRAM2,2.7828112337552837
HOXA9,-1.1582384685600116
TGFB2,-1.220872517281686
PTK7,-1.0327376899260807
JCAD,-0.6729025614352717
PITX1,-1.1202935510545255
CD248,-0.5290398958405363
LOXL1,-0.4201785394999832
RGL1,0.5983640667482094
MATN3,-0.04379581812886985
MATN2,-0.503306711369273
HEG1,-0.16471314688620578
SKIL,-0.5926677270163538
THBD,0.5256353065587875
CALD1,0.22920355136839166
DCBLD2,-0.5745039001103923
AKAP12,1.1571000984549231
NOTCH2,1.8321992033471641
ACKR3,-1.3888994051025425
COL5A1,0.30510626182488065
TGFBI,0.6513145514101296
MMP1,-0.7660431247271308
CHN1,-0.8415662046822575
CAV2,-0.737311666999537
CAV1,-1.0275043802764243
EML1,-0.538964124694057
SRPX2,-0.14448948166484366
PLK2,-1.1472857908329979
POSTN,-0.7519079847576058
RORA,-0.2631256044178424
DZIP1,-0.659468395235454
RAI14,0.6883315537060755
F2R,0.08384069463263284
GUCY1B1,-1.1102528898271535
PRRX1,-1.1539543617984815
HSPG2,1.83870731920706
FBLN2,-0.4326637062967489
CD200,-0.40853622012751334
PDPN,-0.39510781686387336
MAP1B,-0.3977064352887362
FRZB,-1.060213293866525
TSHZ3,-0.7654135158978859
ZNF581,-0.9124154941625174
KPRP,-0.6397670928041208
LAMC3,-0.559721916516521
FRMD6,-0.37009436818912916
NNMT,-0.7182464469971703
TIE1,-1.2560784886816216
COL12A1,-0.30337034872570257
COL4A1,0.2464703517596518
LHFPL6,0.7494739766755293
AMOTL2,-0.9348225057187761
FST,-0.8907831382149004
OLFM4,2.2704476629463035
SNED1,-0.27195937713489776
DACT1,-0.8081162438106891
A2M,-0.6992427086026746
ENPEP,-0.26501252827296884
KDR,0.5430618468653772
P3H2,-0.5828351487811816
LGALS1,-0.19596768107979146
GSDME,-0.12176495289078744
SFRP4,3.263441494749181
KCNJ8,-0.5181806811891396
PALLD,-0.5533842328602623
COL13A1,-0.7364210380771476
COL1A2,0.013428289481387322
COL1A1,-0.8340992647603998
PPIC,0.014472779198836851
CDH11,0.0865122784076352
AOX1,-0.6022234608323782
CEMIP,-0.45848416826340227
ANTXR1,-0.319291845658694
PLAUR,1.159646501444562
GJA4,-0.7485360419260306
ECM2,-1.1846412128580859
ECM1,-0.7395172651670491
AEBP1,-0.9303954308893297
RBMS3,-1.2019244102119737
LOX,-0.7674816704769989
FAP,-0.6077693596094242
RGS4,-0.7649298751273776
RGS5,-0.8986233822871874
GLT8D2,-0.08162746493944624
TPST1,0.7690812084397508
COL18A1,-0.7451476794955557
ENPP2,-0.5909558717342493
EPCAM,2.429130209757181
PLXNA1,-0.47888202773488603
OLFML2A,-0.33478155961314837
COL6A3,-0.6780034379875831
COL6A2,-0.8444613558264433
TIMP3,0.023839881230634557
TIMP2,1.1216566538623713
MSR1,-0.7481451309391433
MRC2,0.32406710720034715
ITSN1,-1.0314009314904704
DSC3,-0.5972158645964953
FSTL1,-0.35325008709948547
MICAL2,-0.7483239363223738
ARHGAP29,-0.7663187473143056
E2F1,-0.2222905942340235
MSX1,-1.10558650618425
BMP1,-0.4011064403595797
KRTAP10-3,0.8046296135409016
TFPI2,-0.6986789333695299
SRPX,-0.7260987105217442
EGFL6,-0.6942331892934068
FAT4,-0.7706621997402435
KDELR3,2.140948545376867
PXDN,0.43913804708762083
HOXC8,-1.4115999952503233
OLFML1,-0.3035685599457053
OLFML3,-0.34234949490311667
PTN,-0.9503052150464537
LYG2,-0.6028079515851369
THBS4,-0.5236724496044948
CCN4,-0.5798009141332541
THBS2,1.743692264873472
THBS1,1.7834166752352774
PILRA,-0.8604235950716519
GUCY1A1,-0.9489163328122229
PCOLCE,-0.3617647394298124
TGFB1I1,-1.2306038315655634
TLL1,0.1426517818781501
EFEMP1,0.34629626790386403
STC1,1.268835947588505
OLFML2B,-0.6306777767282744
ETV6,-1.0169360293055256
SDC2,2.1472344556403744
TNFAIP6,0.3050513595371144
RBPMS,-1.2355280444989605
ADGRA2,-1.0906116386655467
SPOCK1,-0.48082906840264844
WNT5A,-0.16972281697541508
GPC6,2.8929565560315886
EPHA7,-1.1121548769359282
GPNMB,-1.0437074018036685
STOM,1.351840086016847
FZD1,-1.2353208284301231
SGCD,-1.0248545843419847
SGCB,-0.2506145878036793
SERPINF1,-0.5434186519953461
VCAM1,-1.496886771940756
ABI3BP,-0.306328824394331
TCEAL9,-0.04483894470402699
EMILIN1,-0.8246758820314485
CCN2,-0.8061233682462011
VCAN,1.708847753712866
ADAM12,0.5365795257382104
NOTCH3,1.5756413169391421
LAMA5,-0.40449383614940965
RAB31,0.9901200963038131
PLOD2,0.7952704672986981
GLI3,-1.2689671257663806
OSMR,1.1145860897491309
COL8A2,-0.3594407521173895
COL8A1,-0.6634821682684309
ADGRF5,-0.6660618367113786
PLAU,0.026406683302485384
PLAT,-0.8466598176635577
GPC3,2.218467442551892
TNC,-0.6468497329058068
SERPINH1,0.10068437389779542
TMEM25,2.9523706228976767
PCDH7,-0.7370607163536809
PTPRM,-1.15680432582208
PTPRK,1.667838420539733
ESM1,-0.3850279874386537
CYP11B2,-0.33902720927287083
STK11,0.927636920743578
STK16,0.7157612260590217
DLGAP5,-0.4448936668336993
ZNF701,-1.2058204581922574
PIK3CG,-1.1165440418492398
ZNF585B,-1.4382851671370016
IRAK2,1.091658578384632
IRAK3,0.3718041745283393
IRAK4,-1.417072328001887
ZNF43,-0.8910287823503215
ZNF41,-1.0402104834112251
CSF1R,-0.4400648392868181
ZNF682,-1.7872944603118417
CAMK2G,-1.2681731436186316
CAMK2A,-2.037251036969932
CAMK2B,0.5179813577700728
STK4,-1.4448794314890918
LMNTD1,-1.2203799250964726
ZNF676,-2.5256457234442076
ZNF672,-0.5802195188242706
ZNF671,-1.4351255262168723
CCND1,0.27519439360061043
ZNF678,-1.3156178217692056
ZNF774,-0.9456229699386729
STK38L,0.3183656024009637
ZNF771,-0.9867684827433992
ZNF197,4.103025053851673e-05
CALHM2,-0.5613423791946806
CYP11A1,-0.8300020412830079
ZNF519,-2.1750325114290496
ZNF224,-1.1873393004902875
BLK,-1.4632331657948172
ZNF491,-0.814795618754978
KCNH2,-1.084573775565276
CACNA1D,-1.4835547264947773
CDC123,1.19728379178829
ZFP69B,-0.8900681812043119
CDC7,-1.213341379257125
ZNF573,-1.4981326194381779
PLAAT3,-0.2933896975100715
ZNF85,-1.2020193600772267
ZNF84,-0.9799351001866964
ACTBL2,-0.8501260240628945
ZNF688,-0.3836799190446607
ZNF497,-1.279224292443133
ZNF19,-2.5601588430532516
MLKL,1.7708723512117956
ZNF16,2.13372520092892
ZNF10,-1.3269774273889714
CDK18,-1.2168980435574113
CDK10,-0.5888861256826127
CDK17,-0.8392575971153772
CDK14,-1.4221806172789768
CDK15,-1.165521644357239
ZNF304,-0.8270182638212803
ZNF302,-0.9237176702836222
E4F1,-0.8745543640400493
TTBK1,-0.965673275516371
ST6GALNAC3,1.611722073612573
CYB5A,-0.3440790816972103
CYB5B,0.045851503665477605
ZNF544,-1.2398526233354092
ZNF547,0.15283366419646202
ZNF546,-1.3198529074114718
ZNF540,-1.0432955050404737
PPP3CA,-0.6906821500714617
PPP3CC,-0.9489842950308028
PSKH1,-0.6374089577963319
CDO1,-0.2809029329679777
GCM1,-0.6472887906356743
SLC25A11,1.8302207692681027
ZNF333,-0.3193165129536123
SRF,-1.1617872876830362
FGR,-2.008118007548507
ZNF266,-1.1166801176207772
PIP4K2A,1.076011654058266
NMT2,-0.44735826502113213
RSKR,-1.298647192077155
ZFP82,-1.2259948701340178
ZNF670,-0.5759573746438157
HSD3B7,-0.026075238576272
PAK4,0.7513714902608116
PKN1,3.064908493511126
PAK2,1.3343444775098137
IL10RA,-1.701534945164706
ZNF696,-1.2624006589448364
ZNF596,-1.3282398043376955
TRIB1,0.6784678664553536
TRIB2,-1.2220576733466282
TRIB3,-0.6039808425291588
NEK6,-1.2303998595636185
ZNF600,-1.2974371350015965
AC006486.1,-1.0739390579935784
STK26,-0.8171818659109106
ITPKB,-1.069830431223801
PRKG1,-1.6048764989303634
ZNF768,-1.0009083724456456
PPP1R9B,-1.0007521455004726
ZNF180,-0.9660427516083825
ENG,1.342770954657444
NAXD,1.6690565213139696
ZNF189,-0.8639444206045503
PDIK1L,-0.8586479111909952
ZNF26,-1.0961224736073243
TK2,-0.32343359951855166
ZNF121,-1.2356040800926773
STK32C,-1.2842953595478792
STK32B,-1.4452418907794287
STK32A,-1.0807521693918305
CALML3,-0.9038798119555777
PPP5C,0.7799783165130508
CALML5,-1.1364530804624033
CALML4,-0.8740456109585286
ZNF501,-1.204122174232508
ZNF117,-1.0358819859522848
ZNF502,-1.6266563505907208
ZNF112,-0.8600729571341851
ZNF239,-1.0442745541005454
HDAC9,-1.3837285021459957
PRKAR2A,-0.9395419695070258
PGAM2,0.38294092954957537
OXSR1,-0.8281788997822858
FLT3,-1.7300062693381049
MYH1,-1.015501584928175
CYP1B1,-0.7440575140423181
CDKL4,-0.9959146997301872
RPS6KB2,0.5694418522692588
ZNF343,-0.19653043788574043
ZNF430,-1.184984638181853
ZNF345,-1.1271977118789642
ACOX2,0.3352510221053207
CDK5,0.20150048027390235
RAD51,-0.7279122734483164
GDPD5,2.393041752020393
CDK9,-1.144068606464292
ZNF441,-0.812468173853955
PTK6,-1.1057234054809877
PRKX,-1.2860332842475772
ZNF721,-1.4828944125194665
CEBPA,-0.8654275459224134
ZNF3,-0.8761321525635707
MZF1,-1.0398643735342585
ADCK1,-0.5703790740426317
AURKA,-0.4280193020760447
AURKB,-1.6062012725545358
PRKCA,0.30084096852425823
NINJ1,-0.21176711159450218
PRKCB,0.08311062616357869
ABHD14A,2.6550889024500632
AP2A2,0.5394502432518785
NIM1K,-1.2254110430290968
CTNS,1.8972157609983273
BCL6,-1.6008886998560485
CYP11B1,0.5989927804714581
MYL6,-0.6298060164032346
PKDCC,-1.0351624794953016
MYL3,-1.130139233739126
MYL9,-1.2500264853418581
MAP3K8,0.08399535443627353
FAM153B,-1.23287835976879
DEAF1,-0.5483707342291845
ZNF773,-1.407084242958131
ZNF570,-0.9732486840046604
ZNF572,-1.062432351013763
ZNF577,-0.8932227852412303
VRK1,-1.1000168677770403
VRK3,-0.7789947913976898
CREB5,-1.143176189696643
CREB1,-0.6378994233899669
PNKD,-0.37998865483348154
ZNF334,-0.9369820830861174
PIP5K1C,-1.0098225057354198
ZNF79,-1.525339161496443
MYO5C,0.7198236524719432
MYO5B,-0.6204874593010724
MYO5A,-0.9543043364239652
DDI2,-0.5373969944765327
RRAS2,-0.598725815365313
ZSCAN2,-1.22737919421129
SMARCD3,-0.725058625533025
PPM1F,-0.9804556461035483
PPM1E,-0.6428303892836248
PPM1K,-1.3023143227816685
EGR4,-1.466454099066971
CHEK1,-1.5044483204019712
STK40,-0.8829771475487412
ZNF582,-1.5527345219871829
PTPN7,-1.402534565093822
PTPN6,-1.4401180479788365
ZNF615,-0.7255396410506768
MOCOS,-1.7943424159812726
CAMKK2,-0.9866527954211229
CAMKK1,-1.0097314247021476
STK33,-1.1621354007194946
STK38,-1.0957340875641288
CDK4,1.3668477300744044
LCK,-1.9152403786029928
SYN1,-1.1929339980640206
RPS6,0.6956559840809772
ZNF35,-0.8886838652715955
PTAFR,0.5371728988546997
HCK,-1.8925202508041488
ZFP3,-1.1051153650166665
BMP2K,-0.9852079514700108
CD86,-1.7286036539931313
CDK6,-1.888582830109219
MARK2,-0.9780162302776315
ZNF107,-1.3080157099981773
ZNF100,-0.9748633708917747
ZNF248,-0.9543791498830383
TSSK3,-1.2376959268548255
ACSS2,1.3543783809433612
ACSS1,1.5132603862488663
ZNF329,-0.6522493844352606
ZNF660,-1.1179632350213702
SGK1,1.3826599147076784
IL16,-1.8478616809546804
FIS1,2.0783131290950188
PLN,-0.8404369992444376
PEG3,-1.4009893315345614
CAMK1D,-0.17012057295957056
SPATA20,0.003902948795451545
MAP2K7,-1.215498627012277
MAP2K6,-1.1749504831151858
HPCAL4,-1.4670482257800255
MELK,0.6843264192634888
GAK,-0.907922174296855
NRGN,-1.024306959908447
PPP2R5D,-0.952388238581211
STK39,0.44920911888735227
SAMHD1,-0.9020936161355079
ATF6B,-0.5134470470558677
EFCAB2,-1.0614572148037211
ART4,-0.15091988968186482
AKT2,1.8310784817906602
AKT3,-1.6168627127347435
ZNF70,-1.381763389995517
ZNF71,-1.433615504372595
ZNF141,-2.378491415238133
GRK3,-1.478087173526437
ZFP2,-1.3080879150583067
EDN1,-1.8238252468802307
ZNF664,-1.4580447436215016
ZSCAN22,-0.9907192187566357
RNASE2,0.8564481542058325
TAFA3,-0.6490128286076623
KCNN2,-0.5588598040517082
BRSK2,-1.4870505072817457
ZNF443,-1.0980399177224986
GSK3B,-1.608614833700074
ZKSCAN7,-0.917874030961289
ZKSCAN8,-1.3309363268724244
ZNF211,-1.5157141078093628
ZNF219,-0.7793961419904933
DCLK2,-1.290293887304397
CHD3,-1.2165840159280388
PPME1,-0.08087108706271966
PIK3R4,1.634079361254656
PIK3R3,-1.1908710611498456
ZNF287,-1.2264121365527674
ZNF285,-1.7595494733463855
PRKCE,-0.5627498801090469
ZNF566,-1.378348338463336
CDKL1,-0.8990888424216459
SIK1,-1.3385385047848044
SBK1,-0.72052673122809
PBK,-1.312191637974645
EPHA4,-1.4482535304384063
EPHA1,-1.2749627950159652
TMCC1,0.7369581636445506
MAPK10,-0.8458979276012
MAPK11,1.228843997311199
MAPK12,-1.7071447636407495
MAPK13,1.5433812519504568
ABL1,-0.33956996253538485
CCDC106,-0.3526091851119543
ZNF625,-1.1935885757846298
MAPK7,0.18047014624904728
PHF19,-1.0049215880660136
CGB2,-0.9274653048523954
VAMP2,0.1409438369043
FADS2,0.2701446575012648
CSNK1A1L,-1.1488789937515396
ZNF485,-1.682054991887631
ZNF134,-1.0022440752263793
ZNF135,-1.0201434403898582
ZNF136,-1.677709021008656
MKI67,-0.9798469745297649
RPS19,-0.25089616992409286
ARL2,1.0794514138689646
RIPK4,-1.1175345655487903
TSSK2,-0.46704759344326807
TXK,-1.9852142415828329
AKAP5,-0.7263231671238416
KRBOX4,-0.6450183926438937
ZNF419,-1.4527901889185806
ZNF551,-1.2919610918499322
ZNF417,-1.6913842867957405
ZNF415,-1.0342038709417893
ZNF558,-1.070731135220516
ULK3,-0.7164637254185612
PIM2,-1.0177559322436156
LONP1,-0.8138480500458758
AAK1,-1.912696855207228
PDPK1,-1.2771210533424233
CREB3L2,-0.13857489267025808
CREB3L3,-0.5877682775559376
ZNF286A,-0.927471528397188
RPL37,-0.05216769517946412
NCBP1,0.9891112901723078
MFAP1,-0.9104114965937992
PDCD11,-0.5984568384323599
SMG5,-0.31807454000338464
SMG7,-0.6093518557653467
SMG6,-0.635505667687376
SMG1,-0.5227978978619191
RPF2,-0.6212793304914892
SMG9,-0.20849430362053
SMG8,-0.3149671149182732
NOB1,-0.45768957596046767
PPP2R2A,-0.4014212356291149
IFRD2,0.19017415853933403
EIF5A2,0.3713983166745399
YBX3,0.21742805530219955
RPS27L,1.150228245864975
POLR1B,-1.0689876079228642
POLR1C,-0.7231126204808391
RNPS1,-1.1825214405695785
RPL7A,-0.4474154552572141
GMDS,5.1252273450377634
PPARD,-0.8373046745510209
PYM1,-0.29025535459554924
SERBP1,0.1001812207433474
EIF4A3,-0.5673803951520493
RAI1,-0.03469285584102275
MUS81,1.3929732063479834
NEDD8,1.2807643720945878
RPS4Y1,-0.060141229401473734
SPCS2,1.617812891921057
TIMM9,-0.2571840855633766
SRPK1,1.2983927255913046
TAF1D,1.585820620179906
SPCS3,2.557035404063356
EIF2S2,1.952860629822462
MCTS1,0.9128347207292781
SEC61G,3.4217692469533554
SEC61B,3.466741248903139
EXOC2,2.518855746939626
TRMT112,-0.32407682443221614
EIF3J,1.3533859572123224
EIF3K,1.3216544740204208
EIF3M,1.061922480716503
EIF3A,-0.12026440866254326
EIF3C,0.19855856162006902
EEFSEC,-0.05127023521237452
EFL1,-0.3657016748730805
RPL37A,-0.3527755739053524
RPL27A,-0.22699790326866945
EXOSC8,-0.9432541359091551
WIF1,-0.5273004777412414
ARFGAP2,2.524942596184295
EXOSC2,0.4518071553903908
EXOSC4,-0.2673358014503524
EXOSC5,0.5498050659901071
GTF2E1,-0.7152496560994782
DDX56,-0.2099984202391091
PLCH1,-0.6829783112666414
DHPS,0.08610461720466804
CNOT11,-0.298841875910904
ZNF24,0.23988288042954814
EIF4H,-0.2567246628004026
COX7A2,-0.1147848684947234
RPL7L1,1.1508529707247677
RPLP2,1.4769036539102685
TEX10,-0.5433822718597551
RPL41,0.10214189379448657
UPF2,-0.8409356710772591
C1QBP,1.6556277848218126
SRP72,1.2252603187860984
RANBP1,0.6047777524158154
LETMD1,0.9638483443310194
RPS4X,0.6522558006355531
RTCB,0.3827882773217749
COASY,1.505239476571049
RPS3A,1.220629723986396
RPL10L,1.239806370664497
ERCC4,0.21805957609741788
ERCC5,-1.1572299927390581
RPS4Y2,-0.04320761816564221
MRPS11,0.2533723770702655
NOP56,-0.8900504948664386
MDM4,0.25559318060589986
NDUFS5,-0.01900077625125292
LSM8,3.4235441331284506
LSM5,-0.18426700732297827
LSM6,-0.7254833279681181
LSM1,1.4389242074003357
CASC3,-0.7549788717550306
HIST1H3D,-1.297118813425066
DPH1,-0.10224671189498365
DPH5,-0.3393928777263964
SSR3,2.740340820960422
SSR4,1.548480911756827
SEC61A2,2.0227521421542893
NACA2,-1.111116497542325
LAS1L,-0.7864954401218459
RPL14,-0.5431136429359149
RPL15,-0.14543758806394172
RPL23,0.12964643193992176
RPL39L,2.2806094344988055
HIST3H3,-1.1898963026829792
NOP10,-0.36290406857355806
ROMO1,-0.03170592846203554
HSPA4L,-0.27026333102726946
BCCIP,-0.41236151999198567
RSL1D1,-0.6333420542212145
RPL18A,-0.10318680945823679
ARRB1,-1.5659958525071207
RPS9,-0.21279359171681067
RBM8A,-0.7740817795027366
PNO1,0.7317477540869733
RPS26,0.022250897939196133
RPS24,-0.3047270701018145
RPS25,-0.29278154040053306
RPS21,-0.17733738426455134
MAST3,-0.766631767838931
SRP68,0.49212503693353954
MAGOHB,-0.8838990281787764
DNAJC3,1.7296392619952043
RDH14,-0.9758140514118595
RPL28,-0.19735333034092806
RPL26,-0.1565967904523685
RPL21,-0.30403418964885964
SECISBP2,0.06747501845485059
TRMT61B,-0.5750440970136949
RPL22L1,-0.09481971979479159
HIF1AN,-0.7459161788034073
EIF1AY,-0.19595474388672435
OAS2,-1.0846554763827407
MAGOH,-0.7230500749493537
MRPS9,0.6841687021992268
NKRF,-0.8484121665851341
UPF1,-0.9493546844609337
RPL6,-0.4103985297913017
RPL7,0.7558374097618162
RPL5,1.1491775392490142
PABPC4,-0.29619438929859737
EXOSC10,-0.15172619776218577
NACA,-0.18420308358801477
ISCA2,-0.2950225251128456
POLR2G,-0.9766117052023211
POLR2L,-0.5649826244763644
RPL35A,-0.1437919778036738
NPM1,-1.0147263356234866
PABPC1,0.3017236269745456
PABPC3,0.7097232886136716
NSA2,-0.4641672467067311
HIST1H1E,-1.1001939130225982
EXOSC9,-0.8445736918372831
PSMB1,-0.3814328933112209
RPS13,-0.5479982935930654
MRPS12,0.5702509860504911
RPS11,-0.3520721431178118
RPS10,-0.11081566712916463
RPS17,-0.2183948217517917
RPS14,0.9985315986523439
RPS18,-0.04855906127777662
IGBP1,-0.7262512900132114
RPL3L,-0.900589757832263
SRP54,2.5356545339980743
SNRPN,-0.8871943278885349
RTF1,-0.9051763034491375
SNRPE,0.1640288507772791
RPL26L1,-0.46385288413287307
RPL39,-0.19933061685938766
RPL34,-0.157146961634343
RPL30,-0.5792924389820805
RPL31,-0.34150712145563533
UPF3B,-0.9003282137337941
UPF3A,1.1498010984377498
DKC1,-0.6425092176389411
COPRS,-0.3362505377411196
SMARCC2,-1.5773136122545723
HIST1H4B,-1.3081155991606794
SMARCC1,-1.4240242079063232
HIST1H4E,-0.6002344909518464
HIST1H4J,-1.3418905601874718
GLRX2,0.19910143708606878
DCTPP1,1.7852877691523978
SCO1,-0.10708517459520757
LYRM4,-0.04799382511642813
PRPF4,0.887891028279073
EARS2,2.1172993376973914
PRPF31,-1.0010363750227358
CBFB,0.7190882570511141
MRPL51,-0.2988394092269926
NDUFA12,-0.24664906288158367
DPY30,-0.7184785122416806
SCCPDH,0.35239440881542994
USP39,-0.5940662746759574
HYLS1,-0.310251760714755
SNAPC5,-0.4911504991852556
PTRH2,3.124587244144993
MTCH2,1.1856258182851667
H2AFX,1.4882063832166605
H2AFZ,-1.2421826758835666
POP5,1.2640289506925848
MRPL24,1.650036029663118
ADCYAP1,-1.9878646028518014
PTPMT1,-0.7230005919267957
GTF3C6,-0.07213141917911553
SLC25A33,0.18415017799570071
EFTUD2,0.3764709667971998
PSMG1,-0.42888847891486404
HIST4H4,-1.289550071400223
NAXE,1.3209531901271756
HIST2H3A,-1.473819473456868
HIST1H2BC,-1.2204661407334478
CMSS1,-0.5550381040099147
RBFOX2,-0.769637918381531
VBP1,0.3682368513307602
ARRB2,-1.5694101055289573
NDUFAF3,1.2481488633295206
NDUFAF2,-0.18784149036142414
ADSL,0.6783773523080472
HYPK,-0.06808510768099446
MICOS10,-0.01687200775266321
CFAP36,-0.4364287091083686
GEMIN5,-0.45058062449471886
PSMB6,1.405388692136025
WIZ,1.1523504966246434
CRTAP,1.7191836971329033
ARL3,-0.520093034386189
HIST1H2AJ,-1.373737102714741
HIST1H2AD,-1.3444434593317534
TXNL4A,-0.15248318496976246
HIST2H4A,-0.9082663877476852
TRMT10C,-0.4821035412448714
TIMM50,-0.5124423678721073
COA6,-0.316240056463041
HIST1H3C,-1.4647466063273191
FAM216A,-0.366442983149471
HIST1H3E,-1.1000465261840213
HIST1H3J,-1.4188445637098492
HIST2H2AC,-1.4152201747542148
KTI12,-0.3523448143016381
EWSR1,-0.8601178907946777
EPG5,-0.5937554702034519
LINS1,-0.7106481684783397
KDM2A,-1.2486228250064493
CEP295,-0.9635834225794382
AKAP9,-0.5361323091337242
ZSCAN16,-0.8333452345485127
DSTYK,-0.9105589748747663
RC3H1,-0.8632776467816655
ZNF451,0.3809292291250059
AHSA2P,-0.8991864927673747
RSBN1L,-0.9237203660571682
TTC39B,1.9335475750329671
CEP85L,-0.7461373914477915
NPHP3,-0.35519224540837663
SLC4A7,2.232092832153458
ZNF816-ZNF321P,-1.4655083273542462
AKAP10,-0.9671346544360656
NCOA2,-0.2843230937745981
SMC6,2.2025656568126997
ERICH1,-1.0499493321982114
ALG13,0.2902020058846689
SREK1,-0.7308297758259645
ABCA5,-0.6301560238965919
PBRM1,-1.43725506033762
RBM6,-1.07095172066576
RBM5,-1.5028578264562147
RAB2B,0.19602983362725673
ARL16,-0.8012441327152559
DDX17,-0.7435968037277266
CDK13,-1.7256573083334554
CNOT2,-0.9658607533552781
N4BP2,-0.25802529437960897
MIS18BP1,-1.267024916417797
SEPSECS,-1.4749055868303973
HMBOX1,-1.154201616603875
PNN,1.0288383752218155
FAM126B,1.9914237407261834
IKBKB,-1.3207242323854407
TNRC6B,-1.32510340188345
PCF11,-1.1890764351154541
SMIM29,-0.43712743460476167
NPIPB4,-1.181482735051331
CEP192,-0.663804995090214
BAZ1A,-0.07235707742954307
SSH2,-1.2853764869157929
MANBA,-0.11007314132637824
SLTM,-1.412159570272979
NFATC3,-1.478040498151254
CCAR1,-0.8769516399127434
SHPRH,0.6995352630076056
CEP97,-0.9169722407044065
MPHOSPH8,-0.41808958764748594
ARID2,-0.700949402321211
HSPBAP1,-0.9459526988853023
LCORL,0.1528563596645598
RCOR3,0.0443571873504225
RASGRP1,-1.345852154190002
ATXN7L1,-1.1719317684255426
SNRPA1,-0.7192305806669043
USF3,-0.7113189194851122
TRAPPC10,-0.8927280158349995
U2SURP,1.5218249501457854
ZNF808,-0.9504692942433933
ZNF805,-1.1506718458260414
UHRF2,1.724745178450846
TAOK3,-0.76659517388506
MYO9A,-0.12088422268506359
USP3,-0.7410220768530552
FAM13B,-1.0238095723240799
FAM192A,-0.10489053504712803
ARAP2,1.8080785305843168
RALGAPB,0.9832818478347299
ATG16L1,-0.8975373303848625
MFSD8,2.6201019743897564
RUFY2,-1.014651531923339
KRIT1,0.3846858930184197
FBXO11,-0.05712065213666257
PRPF4B,-1.0718235923966914
ATF7IP,-1.2529415436277038
RAPGEF6,-0.8112330651157367
S100PBP,0.4419121783627234
SLC30A7,2.2584027706128946
EML4,1.3613004761754712
DMTF1,-1.32861599369732
ANKRD49,-1.3329715281650094
SETD2,-1.5513250202326476
USP37,0.3141342672659535
SYK,-1.6442913341249037
TTC17,0.791732676228227
ZBTB20,-1.50214170854226
TASOR2,0.2552603204032474
MED23,0.21857195842353833
RICTOR,-1.07457375746878
USP48,-0.8336167363380353
JMJD1C,-0.04825193783454652
RBM39,-1.0833383269015333
CDK11A,-0.9131113930988211
TENT2,0.46381903852945694
ZNF586,-1.1947880492502565
REV1,-0.06173998193842551
EHMT1,-1.6259628612670536
PHTF2,1.9057563321148578
MARK3,-0.48050341862120044
ZNF101,-1.3949953004569413
NAA16,-0.7138590079466125
NEMF,0.2707494093418837
FAM214A,-0.511056188368374
CFAP44,-0.9129058124610631
SON,-1.0198762728885677
NIPBL,-0.04791042544938355
HNRNPA2B1,-0.10986185841462788
RSRP1,-0.722957406168982
PIGB,1.4839250864146987
WDR33,-0.9621947278527377
KMT2D,-1.637808545693871
PKN2,-0.38819033970414424
TIA1,1.1894134675765897
ZNF292,0.18634591683698057
SP100,-1.4481014217944312
PI4K2B,-0.41634225955888954
TRMT13,0.365415748764637
ITSN2,-0.5028751054721319
CAPN3,-1.2665007593687525
PHC3,-0.1000429558676793
CREBRF,-1.0826221062865176
ATG2B,0.45127676246313425
FAM76B,-0.5444750392139404
L3MBTL3,-0.999303457125691
XRN1,1.8278290585025394
NRDC,-0.2579292301923437
TRIM33,-0.4245494996119198
LUC7L,-0.5701457848326262
ABHD18,-0.04414941201337391
LRRK1,-1.1504881877795603
CHD9,-0.6923833705654429
ZFC3H1,-1.1103616199813484
ANKRD27,-1.046954553993443
KIAA1109,0.7282550239553034
KDM5A,-1.5060628545322172
AGO4,-0.6574014542342681
AGO2,-1.0200236987448292
FNBP4,-0.9600116731935984
BCOR,-1.1695501419472651
GPBP1L1,-0.7019524311243205
ZNF138,-1.4129791300605608
LPXN,-1.202191092919609
MPPE1,1.6047202404435363
VPS13C,0.2690497352665088
VCPKMT,-0.4354657703413691
DENND1B,-0.36452351728465154
RASA2,0.29806172836247985
ZNF707,-0.9708836091562426
BPTF,-1.5655404775427608
STX1A,-0.7456321152613281
MRPS10,-0.07860954025257547
CENPB,-0.4817285093130111
ZNF747,0.20950673772862213
MRPS24,-0.3502487237122122
MDFI,-1.4718659167909787
MRPS33,-0.40738766240807045
MRPS31,-0.6833002572121818
DCAF1,-0.7216595212648592
ZNF783,-0.9752556133512265
PTCD3,-0.7210272633520102
ZNF579,-0.2992445169924098
DAPK2,-0.0307225704115911
ZNF316,-1.1659134859591447
SIRT1,-0.06650332099983783
ZMYM6,-1.0973076851532224
ZNF445,-0.9604948246414878
MRPS5,1.7940717581053525
MRPS18C,-0.42116416674545293
HIST2H2AB,-1.205288002998275
MRPS26,-0.18828594945244634
LLGL2,-0.4842359853872849
KRTAP10-7,-1.3919772679211428
KRTAP10-5,-1.0432932518823836
MRPS25,-0.2786816863355556
MRPS22,0.6975155776145745
MRPS23,-0.3802294790720664
MRPS28,0.19673543981861397
HOXA5,-1.326897033277527
NKTR,-1.6566758533088688
DHX57,-0.36140224926362224
TOR2A,0.2998936752468464
NIPA2,1.8877546445475903
S100A10,1.0685100762807698
SMAP1,-0.017707747107622254
TPD52,3.3408890645396117
COMMD3,-0.4839186317057394
DRAP1,0.028198938769853167
VDAC1,0.08496864130672012
PARL,0.18400694940818257
GNG5,-0.3875207172412524
PTGES3,-0.4151649129292986
NUP54,1.3507868643550365
ARPC1A,0.698654788625272
POLB,-0.28888190133715685
FAM49B,-0.7284723974549765
CLTA,2.613447483177871
SUMF1,0.9604794928422304
PSMG2,-0.36330253765261655
TMEM70,0.007934850240524642
FDFT1,0.05977884685576244
NUDT9,0.2144053421754585
CLNS1A,-0.31743849179520156
MRPL15,0.7517091867272153
MRPL18,1.0075075522248094
TPRKB,-0.3191520744381992
ITGAE,-0.5961327031013919
PTDSS1,0.42859254748851167
ZNF207,0.1456933102720229
NDUFAF4,-0.3388839137296249
NDUFV2,0.10499487263199127
PSMA3,1.2671996253673798
LAPTM4B,0.004616871242298072
EMC6,1.7048587539360898
ENY2,-0.4301968142211638
RAB10,0.4349855646393472
NDUFA7,-0.15137317377032852
NT5C3A,-0.33587145271586927
CKS2,-0.7666920499696297
JPT1,-0.2560601214563926
MAIP1,-0.11827084785840457
CMC2,1.3469727799508935
NT5DC3,-0.5982846905657574
MRPS16,-0.2837386944474065
UTP3,-0.27317711973271364
GTF2A2,-0.4710205645298365
TMEM258,2.9747382618009928
WDR82P1,-0.06106663347086075
CIT,-0.9075022041105535
CACYBP,-0.7248332286610374
CNIH4,1.8435299602724031
TRMT5,-0.49128197699856935
DYNLRB1,0.042410601793351724
CNOT7,-0.6201604244484257
RMDN1,0.06947493802309258
LSM4,-0.30037943149237506
COA4,-0.10532202807306194
INTS8,-0.766747944247463
ORC5,0.05737778674478274
LSM3,-0.5157555315357842
UQCR10,0.41349459847142167
LAMTOR5,-0.14631462695014955
EEF1E1,-0.17305699284618287
ZNF704,-0.7889766925750289
IMPDH1,0.6581981355997693
DCP1B,-0.6516528878151543
SF3B3,-0.887847241298074
SAP30,-0.9777513684804675
ZNF260,-0.5279980342497188
ZNF414,-0.21000835957743616
SIN3A,-1.3803335363897364
SUDS3,-0.9139415967408568
INGX,-0.9591612866403664
TRIM67,-0.8011657549904665
ZNRF3,-0.5497091781626757
SAP30L,-0.927464364625668
HIVEP1,0.555901164383495
ZC3H10,-1.0644908292745412
FAM168B,-0.6683522498128657
PRR20D,-1.032433668822744
TEX37,-1.8065315014091166
JUND,-1.2047755865886922
ZC3H4,-0.8633388594482355
HELZ,0.6416555714187635
MKRN3,-1.313686954510566
MKRN2,-0.4680611971736183
ZMAT5,-0.24178213883133046
LOC105370298,-1.2711000703137725
ZRSR2P1,-0.9462420203418176
DAB1,-1.6328097752610522
MLLT6,-0.6765250665927359
OXER1,-1.590469742765681
RBPMS2,-0.7154792597808456
DDX39B,-0.46377572525824134
RBM27,-0.14806756790863715
U2AF1,-0.8842169467420714
PRR3,-0.30347760100302895
KRTAP6-2,-1.300263913203213
TENT5B,-1.263948849111026
OTX2,-1.0160424634805258
ZC3H15,-0.17356809398563489
TRMT1,-0.5703394868135255
ZC3H18,-0.6494192044735382
MSX2,-1.3256823630227124
RBM4B,-1.0250138625983802
ZC3H7A,0.12372461172893469
TOE1,-0.5541883460684897
NCS1,-0.3381935161468062
PPP1R10,-0.6790130662916694
NUP42,-0.5355755392168141
C10orf55,-0.8049500634970221
FOXH1,-1.486606793980874
ZRSR2,-1.029753002867175
CPSF4L,-0.860128906570064
PRR20E,-0.035647725657925025
PLA2G10,-0.6662438495573049
ARID5A,-1.0168900020380962
C19orf54,-0.6378395040659013
ZC3H3,-0.4726832747215868
PRR20C,0.3840337927272832
NFYA,1.0614088031033648
PIAS2,-1.1871681060181285
ZC3H6,-0.7860149277045111
RBM26,-0.7983860206453333
ZGPAT,-0.7357775406584595
PRR20A,-1.2226699384494026
FOSB,-1.1829817492153492
POU2F1,-1.6772552119433746
IDI2,-0.3993321756173894
TRIM14,-1.0841660796132735
UBE2DNL,-1.020068271157994
PRPF6,1.3916727324415528
SUZ12,-1.569107577406588
TSPAN15,-0.040097382879822084
OSBPL2,-0.4050773069453567
SYNCRIP,-0.38830817209086277
XAF1,-1.1269668606167198
DNAJA1,1.066944522739762
PARP11,0.8300176373839918
RNF2,-1.1882142273270426
FBXW10,-0.8128698326012018
YTHDF1,-0.5538032063054108
KANSL2,-0.6351977995948397
NFIL3,-0.8806003359328296
TMEM123,-0.049166585099678396
GID8,-0.1588124449979223
CDKN1A,-1.0732900523859052
SART3,-0.8417027132531142
CLP1,-0.5156019208267085
POLE3,0.6304420187293583
RTF2,2.3094611016230746
FBXL21P,-0.6783293159157051
FBXL22,-0.7543509851905724
NUDCD2,-0.47389020124687053
GRPEL1,0.15487068114961436
TRIM55,-0.9051573934929397
PLP1,-1.0288116992527285
TRIM52,-1.0237380218569612
FBXW2,-0.5483839006416654
HNRNPC,-0.46845303528274496
ADRM1,1.2937443188354505
WBP11,-0.6368705861414364
AIMP1,0.9676746175408067
WAPL,0.9796351436684008
COMMD3-BMI1,-0.8152455862931931
TLK2,-1.0971589401222062
TBCC,-0.17250887650879285
HNRNPF,0.30178688328459513
FAM32A,0.2907447604936399
TOMM20,0.0061997621531379105
LAGE3,-0.13264614057250892
DTX3,-0.521979505903067
LACRT,-0.013499407528523575
MOB1A,1.1395536625286422
CPLX1,-0.927027792446542
RNF166,-0.5642250297086796
TM9SF4,2.806025009498246
CSTF1,-0.8290480277358107
USO1,3.546412318126577
HIPK1,-1.4304812925150137
SSH1,1.1491843748424933
REXO2,-0.8888863562849244
KPNA3,0.9212411171455538
KDELR1,3.8153081849123627
VPS72,-0.2705615308628911
UGCG,3.2562359586867538
TIPRL,0.7768851217656698
RAB7B,0.2777129567127754
NUP153,0.11927518897979497
GABRD,1.05482022914632
AGO3,-1.0375716685588536
DYNC1LI2,2.7327614536006157
TNPO1,1.42640615984869
PRPF40A,1.665940472150906
PDCD6,-0.08938081998653889
IGHA1,-0.916885928037791
MTF2,-1.282628524690503
ZNRD2,-0.11753474339829721
USP13,-0.7811330314245847
ATN1,-0.9834504664227548
FOLR3,-0.030057173707700714
ZCCHC10,-0.5766806628971298
AGK,-0.04317196041806695
UCHL5,0.49872225887651045
ANP32E,0.09267305732946561
SRSF10,-0.1777217432423807
ANP32A,-0.4606088160715078
VDAC2,1.314626328878866
C8orf33,-0.24670201061466077
RBM15,-0.6314083741551608
KHDC4,0.04108952509314321
TAF1B,-0.728948058415159
MRPL50,0.906472581482886
ZC3H14,1.6811525936071035
DHX9,0.8661124297200952
DIMT1,-0.1474626134742428
OSGEP,-0.12355056035849556
NUP98,-0.8170428468031075
NDUFB3,0.960189969494867
NUP93,0.584930277934567
TAF1A,2.21718931610571
HSF2,-1.1212570576804284
IFRD1,0.5550253965775745
MED12,-0.6673028154842908
CEP83,-0.5830078162531857
HNRNPDL,-0.7557156196180237
DDX46,-0.08555678294716723
DBF4,-0.9696666082051258
PYDC1,-0.500023806072309
SNRNP27,-0.027131505435311412
TSN,-0.4985094281872736
HMGN5,-0.7056222011031598
PDS5A,1.781382410920162
GTF3C3,1.5581485632142942
KRR1,-0.24937618768147715
TNNT1,-1.0215980918595424
CHCHD3,-0.41041948836064135
CCT8,-0.3566891577989243
BMS1,-0.5590721043573693
FARSB,0.11615703705554771
IPO8,0.6309559377994777
CETN2,-0.48207609395350487
TTK,1.7025981020299372
HMMR,-0.8182580721970906
CCDC59,-0.6129096769546051
PAXIP1,-1.4021800165160685
FAM136A,1.7354432074337196
FAM120A,-0.03675716826207026
RPAP3,1.0905771300405027
GART,0.8096635992115786
ARL5A,-0.19287499628406585
MCCC2,-0.26971118327922194
NUFIP1,-0.6297555121794913
ZC3H8,-0.5191479070278584
SNRPB2,-0.8230713903308926
DNAJC9,-0.8036609101675881
TOP1,-0.3435029650395959
RRP15,-0.42942123664258636
NUP133,-0.21589078773226641
KIF23,-0.8181140405845027
PRKDC,0.46887293630664684
UNG,-0.7901868995186415
PRKCSH,3.1942315293645294
MTIF2,-0.6033102835768623
AKAP11,-0.552878989044018
DCTN1,1.82070929728161
DCTN5,3.389944076014489
PHAX,-0.40216802359436427
SMC2,-0.8935362123778481
GRWD1,-0.6634144288744797
ARF4,3.2703644100641767
SOAT2,0.1547168978052679
RBM17,-0.7659439629746132
TFB1M,0.0883429555197256
CEP44,-0.9640231112522639
HACD3,1.5962134048594159
RGPD3,0.020663441739110954
NOL8,1.0331365528618401
NOL7,0.0719032037230341
MOB4,0.38595778722241575
RIOK2,-0.461590087239596
CEP170,0.8539288083783244
LTV1,-0.6031387085401549
GEMIN2,-0.832775524828646
TBCE,-0.2790561115758362
GEMIN6,-0.24068524105670897
UBFD1,2.6148335182206526
ATAD2B,-0.1776492501753415
LUC7L2,-0.7489405134408188
CDC40,-0.17601784796533101
ZWINT,-0.005448145191123044
HMGB2,-1.2015498614313709
HMGB1,-1.417117038726188
TPP2,-0.5736466065172672
CPSF6,1.1852090100067993
CTNNAL1,-0.5453235935683356
PRC1,0.5189657455212998
ERH,0.9677913161417967
FRG1,-0.3288427176961535
CCNA2,-1.2859194284044553
PMPCB,1.0377548582805454
DDX10,-0.649503140408064
CDK12,-1.2598931009263552
SINHCAF,0.025865965591336842
NARS2,0.2067859454951774
FIP1L1,-1.0901387965067464
HEATR1,0.48408702412567983
KPNB1,-0.6852517598898379
R3HDM1,-0.5974843730540895
MRS2,0.13349059673830393
FXN,-0.039644859802966635
SEM1,-0.6095070304412445
WASF1,-0.9764328181279328
YRDC,-0.10002087835599056
FAF1,-0.46611884876409587
RABGGTB,0.8416363142705064
ADNP2,-0.6321389216994177
WDR75,1.2791105645810166
WDR74,-0.5091232589639921
AHCTF1,2.4018431390605453
RAD18,-0.9678341681130331
LRRC40,-0.578159818249493
NUDT21,0.2218280117429864
TMEM126A,-0.1605023618398579
LBR,2.2837015658293067
DDX39A,0.9962339805910857
MKLN1,1.2521656311377265
MKKS,-0.3825484660702333
NOL11,0.8523806056434389
MRPL35,-0.3143250009373463
MRPL32,-0.4841664356175202
MRPL33,-0.10826435991129436
MRPL30,-0.42176151113337645
SLC19A1,-0.41377268957933494
MRPL39,0.05368789457917203
TBL3,0.6326762128467257
THOC3,-0.8035341641916246
THOC2,-0.4152748819286682
THOC1,-1.1002915654812742
THOC6,-0.6727288096267592
STIL,-0.978269013834007
MRPL40,1.4879267633945918
MRPL47,-0.4564163101507118
TIAL1,-0.9159709015245163
FKBP3,-0.28510382057173916
HNRNPH1,-0.9133022605837741
ABCE1,0.18714213822049472
SYF2,-0.9411128910463838
FUBP1,-0.8226703668104322
YTHDF2,-0.4032369828438112
DDX47,0.5702494499174612
ZNF598,0.242233763844863
DHX36,-0.8785978229445303
DHX37,-0.5247677144054539
CCDC124,0.1537427041326031
DDX52,-0.2086994608417634
CFAP20,-0.6470774884611761
DDX50,-0.005144750788978994
DDX54,-0.4217277880335127
MPHOSPH6,-0.8204715226857995
SDAD1,-0.4702541144046504
SF3A3,-0.8615773670957835
ZNF277,1.3958555097814183
COA7,-0.10996691705663167
TXNRD1,1.621274160666863
MRE11,-1.183893747784653
ALYREF,0.5823977419902552
CHAC2,-0.31111046702998363
DLAT,0.2804763423953716
PWP2,-0.7883511567718265
NUDT15,4.960918521790414
NASP,-1.0046489426837684
YARS2,0.2830718381258706
DENR,-0.41049726494806243
RALA,0.062171168711692745
MDN1,0.6121882956869642
RFC5,-0.9481228814372215
RFC4,-0.8349814704077567
TCERG1,-0.7199746588217978
EIF2B1,0.05452848886709946
FABP5P1,-0.2040589150058534
GMNN,-0.11522788217395702
HMGN3,-0.537247588326849
CBX3,-1.2001124075040333
MPLKIP,-0.23484501584097867
INTS13,-0.47713549149705864
INTS12,-0.45759978740409557
FASTKD2,0.39127426756363204
FASTKD3,1.6388636611356213
SHLD2,0.27040219488059275
RRP1B,-0.42054753637709474
UTP11,-0.2672556651163484
UTP15,-0.6330076264882785
TTC27,0.3654360741989956
HNRNPM,-0.8268419010137359
HNRNPA3,-0.8201877844734575
HNRNPA0,-0.6559259490342745
MRPS18B,0.7430672420762374
FIGNL1,-0.42085083260807893
DEK,0.9688408341182921
CCZ1,2.0921246232964963
API5,2.6098925351311637
UTP18,-0.7813470184068069
RSRC1,-0.7232740150223634
MTREX,0.027869002050761083
HNRNPH2,-0.31015651507767367
AATF,-0.3734759537229735
PHF14,0.4089318169910889
KTN1,-0.08391832083942041
LYSMD2,-0.1531507192634823
MSH2,0.9649190538988668
MRPS15,-0.38330616191610983
NUP37,-0.8769357155436542
CEBPG,-0.24615440634838417
NOP58,-0.254390103646204
TIPIN,-0.8762811922796402
NCL,0.38565554899884
KRI1,-0.0593415522180483
SUPT16H,-1.2795510909167047
PDSS1,-0.2958889647987765
SEH1L,0.14456328497879914
DDX20,-0.24062865711242876
SLC16A1,0.0434152563236026
MEAF6,0.2997878044737628
TWISTNB,-0.6576458058920159
IMMT,0.7082785013778624
PHKG2,-0.4552399440704526
TIMM23B,-0.020678290048972127
PMAIP1,-0.5793278594507011
CRLF3,0.2759324768640885
ZFR,0.5032456060027725
CDKN2AIP,-0.4559569746740272
ERGIC2,2.64867897932484
POLR3F,-0.5413901359939332
NGDN,-0.6349248601384273
CWC27,-0.7539996453211076
RPIA,-0.10073113642489533
CWC22,1.4535954519552023
KIF2C,-0.5853342259644195
SUGT1,-1.1254557141592911
MAP3K2,-0.15241198879469925
TFB2M,-0.00963362527100239
CPSF3,1.2211960727121967
BCLAF1,-0.3753752406299458
MFSD14A,-0.06813414464416118
PRPSAP1,-0.20584871517898345
PRMT3,0.7431993652602407
HMGCR,2.2689388626027718
MTPAP,-0.4987857045038765
BRD1,-1.6380308224178879
KIF5B,0.9724696499979267
ARCN1,3.085400076235613
ZNF131,-0.29632045964635767
UTRN,-0.6337712075391837
LYAR,-0.5883238532380013
NUCKS1,-0.6140107335659597
MRPL21,-0.3597393561907021
PNRC2,-0.40006925392291115
METTL5,-0.29251719860923114
ICE1,-0.8367002164384201
NOP16,-0.16254022809539465
XRCC2,-0.8803665077397161
XRCC5,1.1650872946189776
SRSF4,-0.9127654975024102
SRSF7,-0.791350688685255
SDHAF3,-0.01516288861888383
SRSF1,-0.23303827638868835
SRSF3,-0.7584041715841324
SRSF2,-0.8216281412733965
USP45,-0.44963269500875364
RIDA,-0.17290096683648695
RBM34,-0.4579317230900196
NXT1,-0.28227050305815593
SURF6,-0.4471273395618259
FAM98A,1.1928267519898732
CISD1,-0.036663279535600515
TRMT11,-0.3109871864094516
DNTTIP2,-0.544890763179595
MRPL1,-0.1587659584282778
PTPN2,1.086313892125666
PWP1,2.1072830319867384
LARP4,0.2142312307969327
GINS3,-0.7798721682634304
NAA15,-0.6384053229100843
TSFM,-0.1860964216272162
RPP38,-0.22808829360468394
MIS18A,-1.086905677798611
LARP7,1.6382378400388535
VDAC1P5,0.01971226959678982
GCFC2,-0.439125782722482
PSMA2,-0.0685858791313424
PSMA6,-0.21527686671740465
PSMA4,-0.3039342131581379
DUS3L,-0.36991105219874604
ZC3HAV1L,-0.2346568562617141
MSH6,0.3382972595064848
NUP50,0.6076988667530712
SPNS1,-1.5211112850358521
PPIG,-0.8624334541406481
SET,-0.9194819771053592
TMPO,-0.2199368268340902
AIMP2,0.8057219679976165
CYCS,-0.22943257986251897
TRA2B,-0.25673819373878826
ANKRD17,-0.1246942189762808
ABCF1,1.3196555784893271
TIMM17A,1.6520134682595504
ZCCHC8,1.413086440058585
TMF1,2.8613042726166693
PCNA,-0.30906721904542944
ZNHIT6,-0.319384584004645
MTR,1.2089912581517124
SPATA5L1,-0.2866052303867082
MCM6,-0.10871635436401277
KCNN4,-0.7676210986551709
GCLM,0.6733532531234674
NIF3L1,-0.5461232074657727
PPP6R1,1.5605591231479385
KIAA1143,-0.39055292561173094
DUSP12,-1.1059623092366235
CEP19,-0.3110308274625065
PPP1CC,-1.0466399113887972
PDCD5,-0.2780893135290421
NAA50,0.011949448944741682
RPA3,-0.8663531564520316
NUP160,-0.7337659656935265
PPIP5K1,0.04287415243231565
ILF3,-0.04652443037555837
LRPPRC,0.8638568910532474
NTRK1,1.0901745746676075
PTP4A1,0.6350539520541058
THOC5,-0.8170047294044257
PTBP2,-0.7405305687380533
NDUFB6,-0.11780591992759698
PRRC2C,-0.8535787322507496
ISG15,-0.8259715731448422
CEBPZ,0.4962086700725063
PMS1,-0.9195051207766741
H2AFV,-1.3832400843031087
PPIP5K2,0.8041776215786466
DDX5,-0.5036509145912678
CTR9,1.2762422996868366
DDX1,-0.24548277951446185
KATNA1,-0.6720080422031912
NDC80,0.10440975271721162
ELP1,-0.5229377985314736
ESF1,-0.7685928455872152
FEN1,0.3250681950998982
ST13,-0.8182741835026517
MAPKAPK5,-0.457863979086655
ZC3H7B,-0.6497172071724179
KBTBD2,-0.751404783438884
HAUS3,-0.35998541808877565
HDDC2,-0.020470187140400515
TXLNG,-0.5103501203865111
PDHB,-0.04834605051836577
UBXN7,-0.2641768118287553
MRPL16,-0.2719557509620757
MRPL19,-0.36207182318275305
CCNC,0.8191267524175081
SART1,-0.5837765554033281
MRPL48,-0.27535469650629885
ATP5MD,3.2181900653212514
IPO5,1.1679311286343965
GLOD4,2.2089742997995945
NUP155,0.2780967230034688
ASCC3,2.5050161118668846
HPRT1,2.014953269487725
SFPQ,-1.011090735873255
HNRNPH3,-0.887417801729071
CWF19L1,3.2051167873393775
HNRNPU,0.48007997856709644
ZNF622,-0.36606178228761327
HNRNPK,-0.9379433957203812
GPN3,-0.48853838088944956
COPS3,-1.1426956792132037
DESI2,0.8208349580521365
HNRNPD,0.3622671946778552
MRM2,0.7252818361971671
PFDN4,0.2669758300597151
KHDRBS1,-1.0411767579622224
CCNB1,-0.32642942946393194
ARL6IP1,-0.05565622592479533
CC2D2A,-0.31255678211029053
MNAT1,-0.8078989075791676
HNRNPUL1,-0.6073693200953241
VPS35,0.5910119343662368
NAE1,-0.5914807369195616
CSE1L,0.9679203226872484
QSER1,-0.17859471922736486
MAK16,-0.4793046107156962
UTP6,0.3708097235086087
C1orf109,1.4388378643452922
DCAF13,-0.5873782247342768
DHX30,-0.3894179298062202
RIPK2,-0.8357353284382689
RRM1,0.9287758122483055
EXOSC3,-0.566459681656305
RNGTT,1.627529189207877
PRPS1,0.9874090157317232
TSR1,-0.5062888391796186
PRPF18,-0.8517386291147142
UBQLN1,0.9593975698101403
LSM12,2.8969632712168765
ZZZ3,1.2675150831631252
TRMT10A,-0.12947453495743808
ENOPH1,0.907658654139921
TFAM,-0.6864278775841863
CLASP2,-0.1654349252332617
ORC3,-0.10659063370486206
ESD,0.8686696643590589
SSBP1,-0.15807866062125642
MPHOSPH10,-0.5945675204757792
PLAA,-0.006825861019221218
HSPA13,3.0347364066547344
HSPA14,0.15798643151953426
SNRPC,-0.7805810145754896
G3BP1,0.8509689808956606
EMG1,1.3988209321591432
SLIRP,-0.44839557256873436
SLC4A1AP,-0.5014621956808256
TUT4,-0.425169226875757
AGL,0.0019232391649193722
ZCCHC17,-0.6006650366970052
ZC3H13,-0.832287408291123
GCC2,2.358000428914311
CAMKV,-1.6513927555058026
GTF2F1,-0.708431446277981
TTI1,-0.551754968979753
DDX42,-1.1026216305226078
CEP76,-1.0031691230116415
STARD7,-0.09838754010138392
ELAVL2,-0.9270644370495549
FOXJ2,-1.4217579401316105
SENP6,1.4173621224917037
SENP3,-0.10959906987374074
BICRAL,-0.3029366535066791
SNIP1,-0.8858630952780234
PPP1R8,-0.5367181802099066
KIAA0586,-0.8283975137816055
TAF11,-0.6805843413713362
NDUFAF1,0.07142307880004695
NCOA5,-0.6567562888050743
PLRG1,-0.7493235464496429
C17orf80,0.6035246733472593
TAF5,-1.1316421533959018
CPOX,-0.3147001495407605
RGPD8,0.16554912141144287
CPSF4,-0.7167634824246351
CPSF2,0.187673173315328
CLK2,-1.3518343264288033
EXOC7,0.1556654040252757
OGT,2.4702116048550105
PPFIA1,0.5898707062342258
NUP35,1.0463212731026528
ALKBH1,0.2598511218553988
PRPF3,-1.0310726725685537
DYNLT1,-0.37868420060294
MTMR4,-0.7169859679188244
TPR,-1.009820188492512
CSTF2T,-0.9231389715315534
ALG6,3.9555339241136385
NUP85,-0.8406194031381826
LRRC42,0.5441230567185815
GLE1,-0.47390491206753854
NEK4,0.5454435034866371
MRTFB,-0.45431639688178727
NKAPD1,-0.6982663641514366
IBTK,0.7012489206335499
DROSHA,-1.2588343759393243
ZNF22,-0.9029194517627275
ARGLU1,-0.6778452637722975
CCDC8,1.2009266372965948
COX11,-0.38360017629090104
VPS54,3.2979242711965187
EIF2B4,3.150106437693943
CBX1,-0.3897247594076624
RNF113A,1.6172514659532005
TIMMDC1,0.5651819359026672
IFI16,0.6194651333803737
NUP107,0.5239112915461516
DDX19A,-0.4209463209565636
RAD50,0.16236050376354533
PATJ,-0.8356220856028235
DNAJC16,0.2522582238836171
NEMP1,-0.5929790538670417
ZFX,0.5074996396540398
EML5,-0.3135310715003325
PRMT9,-0.01041547678018751
COIL,-0.7168687260521447
SETD3,1.1179037260851545
RNF219,-0.6216383444600259
SARNP,-0.6777879794377522
TASOR,-0.5275324598315245
SRSF5,-1.0839106089128643
SRSF6,0.5339861656884546
SRSF8,-0.643975427763277
RBM33,-0.7407902669488001
SMARCAD1,1.1940326042129823
PARP2,-0.6806480729523428
ATG14,-0.9472805459174454
CCP110,-0.8267927721768793
SHQ1,-0.3359019044650645
NVL,-0.8172945008763095
YY1,1.7685983253122648
BAG5,-1.1735124698963717
TSEN2,-0.4523838601500986
OBSL1,-1.2156636372025875
RALGAPA1,1.0472639528275942
AGPAT5,-0.14334976182752934
ASAP2,2.9458859549236736
DCLRE1A,-0.7350553136321791
THUMPD3,1.9684469294269262
KRT20,0.34966076267591534
PGF,2.710641018793329
SNRNP40,0.46287446816878663
SRRM1,-1.1771223396635906
SRRM2,0.3245971198922824
PARN,-0.17018360237715413
WRAP73,-0.7524721591605629
LRRC37B,-0.9015831496780279
DDIT3,-0.47513389344210183
KRT27,-1.3112363011611856
SNAPC1,-0.10274629204763565
UBR7,-0.523428888115496
TDP1,-0.6634022360107442
RASSF8,-0.022353627244225956
UBAP2,-0.5528213018483286
SIRT7,-0.2552412377561054
RAB3GAP1,2.3427751985687477
IFT74,-0.7863965648701241
KIAA1107,-0.7079044935973209
TAF4,-0.8460998536481403
TLK1,-0.7305618764903615
PCID2,-0.3417294103184508
RBM25,-0.952943381235504
NUP205,0.7706232948059131
BTBD7,-0.6768517869286778
PAXBP1,-0.7891070223882022
POLDIP3,-0.7774527782821807
GGCT,0.004007814065261045
HIST1H1C,-0.8999236808301829
SMARCE1,-1.2188047642735838
YAE1,-0.4634646189799764
AQR,-0.9269356826095067
ZNF410,1.2103868877316943
TMEM168,1.2083072672740882
SPATA7,-0.8360972077563421
CD38,-1.4022417332778132
ELANE,-1.0748450535932603
NTAN1,0.14870751437133392
CD33,-1.0971699095658278
MLLT1,1.7025195271147577
B2M,0.03542727369523447
SELPLG,-0.9773990111617912
SLC39A11,0.17431796449807976
IL12RB1,-1.12903534578236
PRB4,-1.077340493885518
GRK2,-1.5412858558820506
TNFRSF8,-1.3107920291373298
PRTN3,0.07278166915069274
TNFRSF9,-1.0094930584037978
CD28,-1.6341686668519468
CXCR5,-1.5458995472286612
CLCN1,-0.718446509063426
CD27,-1.2269050193694666
LY9,-1.1815581759292655
MUC4,2.716746463631339
FASLG,-1.945948409016262
GYPC,-0.7157733850111521
GATA2,-1.3636558310634836
GATA1,-0.7081025552343824
CD6,-1.3369291632453046
TLR3,-0.9170733987373805
CD79B,1.1301962079881243
TLR9,-1.1108846715199854
CD3E,-1.5218412726286985
CD1C,-1.3204290550836553
ITGA4,-1.2247120501779378
SAAL1,-0.4838483343379482
DNM1,-1.3637663528446375
DAXX,-1.0189964569288732
TNNT3,-0.5090539866511744
TCTN2,2.4713259372890293
MEFV,1.4054409994044554
CARD9,-1.2975262125099882
MADCAM1,-1.7576124816505034
TNFRSF4,-1.100418710189493
NPFFR1,0.9654647002583739
SPI1,-1.4426223659728654
ITGAX,-1.4155254839632356
CR1,-1.5658640457162867
IRF5,-1.2841933866371047
VAV1,-1.765101938615984
CD276,0.29595233006240373
ITGAL,-1.6121336056444575
ITGAM,-1.251237256813934
CD80,-1.1562053864709279
PTGDR2,-1.5285413554810037
KRT76,-1.854504069684728
NCF4,-1.2859194047924476
GABRR2,-1.6217698180564994
EIF2B2,5.430479959289849
EIF2B3,3.3276782771720472
LAG3,-1.0995908507894163
CD4,0.6564169607309193
CD5,-1.5599516932075455
CCR2,-0.7802650178056801
CD7,-1.0411425842199828
ZNF835,-1.116051546428042
CD2,-1.5386820871900848
PSTPIP1,-1.3593632629579495
ARHGEF1,-0.9252677850906955
IKZF1,-1.840387195561929
NCAM1,-1.4009332270259396
PCDHA6,-2.356045341005129
INS-IGF2,-1.4433754191329384
ITGA2B,-1.2655645446277781
CD82,0.471192090960317
ICAM3,1.9947143358540809
ICAM2,-1.1745153248054494
FLT3LG,-1.0434744300243581
PLA2G2D,1.8201007683581552
WAS,-1.0139227596161926
TNFRSF13C,-0.5750911556539173
NEUROD2,-1.6027651345336271
IL2RG,-1.5610931714831933
IRF4,-1.7043136597559292
SLC17A1,-0.9243477761588006
IL3,-1.2260429269242372
IGLL1,-0.7729447149953896
CD52,-1.2603631812841263
CD53,-1.1873024974004303
PLEK,-1.3942915734243069
TARBP2,1.779853107732633
CHIT1,-0.5782187340095636
OPHN1,-1.1914238299268336
GATA3,-1.8980343700871238
CXCR3,-1.7159840544572211
KLF1,-1.7924661561508388
CD22,0.9590504957599802
MYBPC3,-1.2158002533480998
APOL5,-1.1563291653116312
DPP4,-0.4245366438791484
NCR3,-1.1730069800906178
ACAP1,-1.0117607191761648
EBF1,-1.0356395276026786
SCD5,-0.14485660502984107
TCL1A,-1.1737365847037464
SELE,-1.0343723530920497
EZR,-0.0664733973702048
FUT6,2.3590138449518445
SIGLEC8,-0.9960406515819843
CD19,-1.2975582953175673
SIGLEC1,-1.1107756078778541
ICK,2.8987642095584882
HIPK3,-0.03512255166726627
BTAF1,-0.4236213095549822
LMBRD2,-0.27371275767867476
XPC,-0.87567982188257
XPA,-0.7275871512015921
MON2,-0.3789206230381799
TNKS2,-0.17085321404763967
ARHGAP15,-1.4301774046230427
CTBP1,-1.0456122499524927
PDS5B,-1.0472845670809348
DENND4A,0.1925708045266125
EDARADD,-0.4667750110029088
SENP7,1.5657781434315612
NUFIP2,0.2619833588494473
CFAP298,-0.4317788767063236
TTC33,-0.41884795012805615
WDR37,-0.8651938609864028
GIGYF2,-0.8473842422828615
SMAD6,-0.7937739372386214
SMAD7,-1.107629372681223
SMAD3,-1.666921783843933
NEDD9,-0.9900443226672073
NCOA6,-1.304644303480669
GDAP2,-0.45441707262109265
DDB2,-1.039457919871736
BRWD3,-0.8085494439913019
SUPT7L,-0.6496010021181696
RNF20,-0.7000550413812883
TAF2,-0.48297934982229107
ELMO2,-0.6112172183325708
SRBD1,0.7874168921182525
KIAA2026,-0.6764045657720501
BBS10,-0.5049387544763918
CNOT6,-1.7173703409125896
FAM189B,-0.08934404165211582
EXOC4,0.19697009399523926
LCE4A,-0.7349312642265832
PPP2R3C,0.9856950813557084
ESRP2,0.24251372303191834
ESRP1,2.196849968506002
MTMR9,-0.8687254307067779
DYRK1A,-1.494424442913254
HMG20A,-1.5491924184398023
RFX7,-0.4603410370393946
MSL2,-1.0651516009244029
KMT2A,-1.6211561709841287
CSRNP2,-0.16169709381539094
GNAI3,-1.4949501432933086
TOPBP1,-0.5220608940405081
GALNT15,3.0164355822168645
CLK1,-1.1318221351732907
ZNF507,-1.556846365902275
TNKS,-0.7245838089754331
ANKRD13C,2.249109685470241
RELCH,1.521052520588911
CCL15,2.2083068002170783
GPBP1,-0.657433541206488
FANCF,-0.6764813775197619
DIDO1,-1.2023962372674808
GPCPD1,-0.21236162837912553
LYSMD3,2.955290486962407
TGFBR1,-0.14263337430398818
KRTAP5-3,-1.5437310895381566
PML,-1.3007126280733643
TAOK1,0.3710099340598714
NSMCE2,-0.4883350941394926
SUGP1,1.9386916490669803
EXOC8,-0.5724596208156485
RABGAP1,-0.9831267790958765
LIMS1,-0.5042405735195763
GTF2A1,-0.6993077804852208
AXIN2,-0.846064401098672
AXIN1,-0.7173040424716028
KDM4A,-1.2327266611746301
GIN1,0.13633238704494804
ZBTB1,-0.46185697576152646
INTS6,0.36723041927110717
RUFY1,-0.5981763065151534
NR4A1,-1.2653210109845274
CHD1L,-0.6958912188764296
CUL4B,0.08173190352185467
ZNF654,-0.5389370676754974
SLF2,-0.6879862750458517
SLF1,-0.8928808432375108
KMT5B,0.339236005575445
PPP4R2,-0.4213266260252328
TBC1D23,0.6517898669023947
DCK,-0.7289136356500718
POC1B,2.7708536898810325
CCDC93,-0.7777930803035142
RPGR,0.7869486553812914
NR2C2,-0.3621071377508617
GPATCH8,-1.2256252051455747
HECA,0.501290886723531
SETD7,-1.3364853180726715
GPATCH1,-0.9002326277851027
NIN,0.20348189195364788
RNF185,0.0604999508178952
UBE4B,-0.6471835759015486
HHAT,-0.44231964069333046
EMSY,-0.8877182787471342
MAML1,-0.8738588127545142
CARD8,-1.3217687020672042
TPX2,-0.9597728704819286
PARP1,-0.47948174715456165
PHF20L1,0.2300374771776025
FAN1,-0.25542562127744844
GNAQ,-1.79256807886897
IFNAR1,-0.8825984696719061
ARHGEF3,0.9459259848940996
VPS41,0.6324828293366149
SS18L1,0.16572307705491646
ZNF106,-1.0138996525080084
THRAP3,-1.159148767458595
WAC,-0.5993617765865511
ATRX,0.725552948060391
EIF2AK3,2.133102201387732
BOD1L1,-0.8261543018103141
STX16,1.115123377268646
ASAP1,-0.49899654615211436
DIP2B,-0.5828035555593118
USP9X,-0.9229026132335316
RING1,0.7892532082490255
CGGBP1,-0.47316158378152323
UBN2,-0.25488167395853634
PRDM2,-1.2414360357481868
PPP6R3,-0.8856214172944902
GOSR1,2.785668244717234
SHTN1,-0.039238257791217285
TFCP2,-0.649874507375891
LNPEP,0.6584692633817452
TTC9C,-0.49461994623136696
CDYL,-0.5298881573117483
ANKMY2,0.0531825672997825
UBR3,1.0990888502038603
PCGF3,-0.7548898846460973
ZNF280D,-0.6277430777638539
KATNBL1,-0.5485147329817516
RASSF3,-0.4875556063153042
INO80,-0.23085821415614904
ASXL2,-0.7690554625304864
ABHD13,-0.22139178452290756
NPC1,1.3831507684784337
RAB3GAP2,2.7313622863118976
RNF44,-0.9556296681055478
DCUN1D5,-0.5763884790046964
TRIM44,-0.46268498274618747
ITPR1,-1.100851904585371
TRIM40,-1.1174142383618646
PEX1,0.462816765328492
LRIG2,-0.17534628285741086
PRDM10,1.6543473674131057
RBM23,0.15184142705383072
FAM120B,-0.5043794716402921
GON4L,-1.0816220124206748
NCOR2,-1.2382437170971077
TBC1D5,1.0068153788024397
LCOR,-0.9176461355313971
DDB1,1.123917629426136
VPS39,1.1421762336239212
PIAS1,-1.38273457110509
RCOR1,4.744602206469972
HIVEP2,-1.2859793606340664
MIS12,2.552078466929798
BTN2A1,-0.6562666988845597
AVL9,-0.12349114043305559
CMPK1,1.7671646733152646
TRAF5,1.4429154160458404
CLASP1,-1.3681030733039221
GTF2H2,-0.8080157720226293
GTF2H5,-0.460513120147261
FOXN2,-1.25574090914031
ACTN3,-1.2483917459447733
TTC21B,-0.7377416949181916
VPS50,-0.1800248403777663
DTWD1,-0.12616187463785675
NACA4P,0.8279835167126848
USP17L9P,0.5583689272779004
TXLNA,-0.8315946851458945
CTNNBIP1,1.7789210316866324
PKMYT1,-1.4250537966022545
JPH4,-0.9342688022233255
VIRMA,-0.4505110653493046
RBM15B,-0.41216002079727065
PCGF1,-0.49956219565906557
PTGER3,-1.8764143955968904
PPHLN1,-0.7039279763682283
TCOF1,-0.9289383085869264
YTHDC1,-0.7780769434433148
ACIN1,1.6159210673566407
SAFB,-0.8903235954491039
ERMAP,-0.5961717725791029
BRD4,0.6545662952894097
OSBPL10,-0.18387435386050738
SETD1A,-1.0541302947706024
TRA2A,-1.032423815306676
NKAP,-0.41049150981002275
LGR4,-0.6740666163528866
SRSF12,-0.94576093053451
NCSTN,3.2196516294312887
GTF3C5,-0.5121927268743333
VANGL1,-0.20597743974445026
DHX35,-0.8028517900919541
DDX51,-0.6954611355393031
U2AF2,-0.890458205409403
ZSWIM9,-0.7457214025147082
TRPM8,-0.7071693148761797
SF3A1,-0.6817868158681428
SF3A2,2.304435091960826
TSPYL2,-1.0152127666159991
CARNMT1,1.5625697484962646
CCDC137,-0.26695391463971113
PSIP1,1.5752883829376885
SRRT,-0.943170947906642
SAFB2,-1.2762716510722276
BUD31,-0.29139049988916677
CLK3,-1.177778683129201
SPOUT1,-0.3221889237142386
RBM14,-0.8067937290945828
EPB41L3,-0.5732373022412167
FERMT3,-1.1181371242779592
NUMA1,0.22382034327579664
MEPCE,-0.5619602662431386
APOBEC3F,-0.8081380209496966
SMU1,-0.7266812993440016
LEO1,-0.7159742698373446
XAB2,-0.5478421169707595
HP1BP3,-0.8081643542188501
SPG7,0.22252177762682612
SF3B6,-0.7248552550186479
RBMXL1,-0.794275921382587
WDR83,-0.9575985166903721
ZNF816,-0.9076182138887979
UBN1,-0.8685116789517587
ANKRD11,-0.9255563381233859
FBRS,-0.4866738914725311
BRPF1,-0.9929013964502368
NFKBIL1,2.8898305433315845
ZCCHC3,-0.7826425885647247
VASN,-0.876595506831507
MCM7,-1.4957901692136102
MCM4,-0.7113345076564693
PRPF38B,-0.30983133821849773
DCAF7,-0.6288236252781568
WDR70,-0.7066306850415633
HTR3B,-1.2617480841683877
PCSK2,-1.2230681655436981
JPH3,-0.8468060322031952
TAT,-0.05352632405275421
ITPKA,-0.6181605836154266
MPP2,-1.4864445552379628
LLGL1,0.5645517161796254
OR12D2,-1.504186532589889
SLC28A2,-0.4420447890302859
CYP46A1,-0.5894875818690525
PIK3CD,-1.6947862706004975
SV2B,-0.462646554228758
TSPO2,0.7231417540203088
DOC2A,-1.0895892329999628
PIK3R1,-1.4582560909048934
CAMK2D,-1.064943200093483
KCNF1,-0.899177385528284
COX6A2,-1.443336463790919
MYL12A,-0.9635666768572579
HCN2,-0.7421783927260089
NPY,-1.6492072278316947
CYP26A1,-0.683046487554104
KLC2,-0.35689463497786794
LRP8,-0.24678769221852237
RASGRP3,-0.781969508132539
RASGRP4,-1.1305544816873931
NOVA2,-1.0919225202532044
CELF3,-1.528103013114884
C22orf24,-1.3666347636292187
GABBR1,-1.7653516201879345
GABBR2,-1.761121030084587
MYBPH,-1.0942461113426423
GAP43,-1.2049697606276688
KCNMA1,-1.3617583541467189
GRM8,-2.0276959679582918
TTN,-1.4289265897601025
DIO3,-0.8653542451302916
GRM5,-1.9603088818936631
GRM7,-2.254437750768644
KCNIP2,-1.6130864697332132
GRM3,-2.0685696540163296
IL5RA,-1.5709991845229978
GUCY2D,-1.6331699826840589
GUCY2F,-1.5259132037909655
HTR3A,1.0124480078350095
KCNQ3,-1.431671783714266
ZNRF4,-1.9580052790619462
S100G,-0.8895501319087475
SLC18A3,-0.8024293177018923
EFCAB1,-1.0629883843914665
FOXC2,-0.9814631033979677
MYH7B,2.1291305337485644
PDYN,-1.7569567848268013
FGF8,-1.868897723541128
APPL1,-0.5265284257359528
PTGER1,1.2308233602975482
SPTA1,2.331759800719289
SLC4A3,-0.13375356055457668
ITPR3,-0.9968688661035644
GPRC5D,-1.1898765646638794
UTF1,0.31440204574725217
FGF3,1.963011692608412
BSN,-1.6890631311285154
RSPH14,-1.6552642910131574
MOBP,-1.242010476570976
RIMS1,-1.4475557902350082
CALB2,-0.7613982311187246
LTA,-2.0788906498552273
FGF23,1.699331097164308
PRKAR1B,-1.149938868850829
PRDM12,-0.8301905690559142
FAIM2,-0.9798271928625654
GPR156,-1.029038397549358
PDLIM5,1.6875634854694905
SLC17A7,-1.5811561786464992
EMX1,-1.2148716556310306
ATP1A3,-0.6860165939597366
KCNC4,-0.6866469540883388
CTTN,-0.819097105338844
KCNC2,-1.0712336305382357
BEGAIN,-0.8828975765552547
SHBG,0.8367217076075857
PPFIA2,-1.1733198017426436
MYOD1,-1.8108091601479575
DYNC1I1,1.9286402344290334
GNAI2,-0.42860596917910104
CLIP3,-0.5368422292785089
GRIN3B,-0.9050440485630755
SLIT1,-1.1518833244861744
YES1,0.309584791163699
HOMER1,-0.980422135316958
NOS1AP,-1.7238710672207949
NUMBL,-0.35172165298768576
KISS1R,-1.343884154151475
SLC24A2,-1.3298909630316473
GKN1,-0.3891360082425323
CRYBB3,-1.6136403380800437
PHOX2A,-1.1280108487969527
PLA2G4A,-0.6404802096172986
EFNB2,-0.7431096980744557
PPFIA3,-0.8939676113102123
SOX21,-1.6677519953218685
EXOC3,1.5378735433148387
GLRA2,-0.8587346923413031
GLRA1,-1.6880798648818838
CA4,-1.0356756689634412
NEFL,-0.8898831641950269
SLC1A7,-0.9384134427074157
SLC1A1,-0.5970628882796574
SLC1A2,-1.3893362687522464
SLC1A3,-0.38759662172944
TRIM10,-1.3084026724336506
EFNB3,-1.0585576957565235
PTK2B,1.0750526025824723
TNNI3,-1.1506620555293114
TNNC2,-1.334863978124554
CLSTN3,-0.4260670780079178
B3GNT4,3.701830202220461
GRIN3A,-2.0833837051001667
ADAMTS7,1.964057439544152
RNF208,1.7700034713395272
CDH2,0.6996396190702369
EPHA5,0.018202798910808206
SNAP25,-1.521832782283811
LPO,-0.22305306082276227
SIPA1L1,-1.3366637068918792
RPH3A,-1.2697650007693455
PDE8B,0.29518377600124784
RAB27A,0.5287730523197971
SYT1,-1.4078104403931246
NRXN3,-1.3210852930534493
SYT5,-1.07323954922752
NRXN1,-1.7646695196449427
RHBDL1,0.40570032977936665
KIF17,-1.104076063884513
GNG3,-1.527884279047299
NETO1,-0.7734521136615095
TRPM2,-1.4229285399588378
HMHB1,-0.10954043473902184
FUS,-0.7735299506035392
TBR1,-1.692476495720313
HCN4,-1.5947823221493342
ADAMTSL2,1.4929392075621986
MMP17,2.086393467866344
TULP1,-0.9974096156336634
CLDN9,1.5075557655691163
NKX2-8,-1.077585177174347
REST,-1.2847771097158094
SLC8A2,-1.5228144426804047
DMTN,-0.7024696024454888
WNT1,-2.030930004693468
MAPK8IP1,-0.9678072053142164
NEFM,-1.0718242350262104
SST,-1.1812844608589876
MYBPC2,-1.2184740764167055
MYBPC1,-1.506429051624547
KRT75,-1.524101772881547
MYO3A,-1.808766757526775
EFNB1,-0.845291482454818
NODAL,-1.8379230618110458
STXBP1,-0.9905915239134039
TRPC5,-1.170617967490485
GABRA5,-1.3738576060573193
GABRA1,-1.608069603712554
MYH7,-1.1618989195157385
MYH8,-1.2540527233196528
ADORA1,-1.979010685861427
GRIA3,-0.6680679603709144
FOXB1,-0.058008386638499006
FGD4,-0.7583114711642083
NLGN3,-1.140547792681284
FRS3,-1.151865198562812
DUSP4,-0.7439380881986066
TAOK2,-0.1963127253352673
NDOR1,-0.8930489275656267
ARNT,-0.804869526991668
IRS4,-1.333844649363404
GRIK1,-1.4210622323547073
GRIK5,-1.1601098533909233
GRIK3,-1.8999619708571451
GRIK4,-1.2040879748342241
IRS1,-1.4077965681199134
CADM3,-1.217443782318405
CRHR1,-1.3950486081019715
SLC4A10,-0.4762910910104518
SLC5A2,-0.8817814932217348
SORBS3,0.09278075385666046
SOX1,-1.4627033813751664
DIPK2B,-1.748010270136396
ALX3,-1.2989380902369942
ARHGDIG,0.5783787161827636
SCN2A,-1.2554579897919425
TNNI1,-1.3068677191437665
OGFR,-0.2766775892938469
ST3GAL2,1.5267630051741852
DAB2IP,-0.7335584824987255
SYNGAP1,-0.9287862302999242
SLC1A6,-1.155935722925664
TBKBP1,-0.4354551846982013
ALPG,1.1783730857071026
MAGEA10,-1.8447091365557409
ASGR2,0.1616177666732391
CACNG8,-1.204452137295228
SLC6A4,-0.32787818818908937
CACNG2,-1.483377158017593
CACNG3,-1.724645501699624
CACNG4,-0.923362274821936
CACNG5,-1.5768292088715232
CACNG7,-1.1707974329461937
SLC6A3,-0.9030413007565852
SLC6A2,-1.0782529383981982
SLC6A1,-1.005049198618862
HSF4,0.014257225209020967
KRT31,-1.021343786659292
GPR153,-0.7487674356066032
MYL5,1.0190027388531875
B3GAT1,2.585140001658336
CACNA1I,1.115041130443448
CACNA1E,-1.7037108214337804
CACNA1F,-1.5267484763744508
DLGAP2,-1.5161675830411265
DLGAP1,-1.3287403833282032
MAGI2,-1.2119666146573582
DLGAP4,-0.9509669042206802
TRPV5,-1.2109227831601324
CACNA1S,-1.6821632254016885
TRPV1,-0.9197166306240357
PRMT8,-1.2928837065701715
ZFPM1,-0.6626142782306804
SHC3,-1.3126745134892777
TJP1,-1.082158364488294
OPCML,-1.502714010240309
ADCY8,-1.8326039466137616
GRM1,-1.9022645180695557
PRSS22,1.5626764023216009
KCNV1,-1.0115350346245933
GRIA2,-1.5781702114981178
GRIA1,-0.9241659268530678
GRIA4,-1.2943695545997023
PLCB4,-1.0742559108035339
CRH,-1.1583172329357458
SHC2,-0.8574455826303309
SLC9A2,-0.6956387603951883
TIAM1,-1.370946278633641
GGT5,-0.15332777653376783
GNRH2,-1.5761107168542714
TRPM1,0.4677014057484606
TRPM3,-1.423955946714041
EPHB2,0.039441286016340595
PLCB1,-1.6192860544793155
EPHB1,-1.418037506410495
IGSF9B,-1.3662346111342163
DDN,0.9878648669188278
PTPN5,-1.055554627770305
RBFOX1,-1.449160823897728
PEX5L,-1.3345775683950483
FGF6,-1.6794375587961554
PSD,-0.8346615792946328
NPTXR,-0.8759704955178895
HAPLN2,-1.2137327144511392
SYN3,-1.4429767885661937
FGF20,-0.8577350831061685
DPF1,-0.8878536010045783
MYO1G,-1.2315234492442888
MYO1D,-0.3245055974984298
MYO1B,0.4773781991584272
CEND1,-1.231325017892248
SIX3,-1.4248002177769234
CRYGD,-1.055552757720862
SH3GL3,-1.7470179441049893
KCNA1,0.5368818256579694
CAPN5,-0.29012681949199054
ICAM5,-0.300796764828838
SLC6A13,-0.9105220580150648
SLC6A12,-0.460500987089252
SLC6A11,-1.293931606001933
DSG1,-0.8947685641732762
MTSS2,-0.31842144515724574
EFNA5,-0.7396959520534654
EFNA3,-0.7422628541969571
GABRB1,-1.4785511728663907
GABRB2,-1.7768587928047006
GABRB3,-1.4467417274787715
OSBP2,-0.8769453872025521
KCNJ3,-1.191177704768984
LRP3,-0.3530832302138745
NEUROD6,-1.207727390216418
KCNJ6,-1.5846926683373221
KCNJ5,-1.5428034039377172
KCNJ4,-1.4053996812470029
KCNJ9,-0.33763888333139386
DSCR4,-1.8575195563737221
HS3ST2,2.127496134014883
SSTR4,-0.708600751355098
GPRIN2,-0.7716235285747362
MYLPF,-1.5008151028750711
PAEP,-1.125567538875297
SPTBN5,1.4939396170163681
SPTBN4,1.8752156303179754
SPTBN2,1.510771095082961
SPTBN1,1.8594510526926626
TFAP2A,1.4786028715541273
MT3,-1.315371717303028
TFAP2D,-0.7636133656689529
DMWD,-1.3230009782962868
PPY,0.641704339343833
NRG2,1.1363433099678606
POU3F3,-0.9321499581766193
POU3F2,-1.3513324061812828
TP53BP1,-1.0372211841918981
MPPED1,0.010534048943965485
DRD4,-1.7678773395231502
DRD5,-2.1223415606317357
DRD3,-1.8721149103533892
DRD1,-1.7206032828708353
TPPP,-0.9281653352578225
NOL3,-0.6417169317198562
MAPT,-1.2904902574956565
HTR1A,-1.9300288586690657
HTR1B,-1.9592809204798007
FXYD2,2.0118845601768336
LRFN2,-1.2171814364908982
LRFN1,-0.9639474186854144
CCK,-0.7339289438298233
HBZ,-1.3876219636546945
APLP1,-1.0372297969586601
UTS2R,-1.3121547669954359
ATP2B3,1.2556388345531706
PHYHIP,-0.9884032388555527
RYR1,-1.1048236825040127
RYR3,-0.8256913377471603
RYR2,-1.1515855814419829
NTRK2,-1.4918857656824636
NTRK3,-1.5555092129680934
SLC34A1,-0.29867814419963234
SLC34A3,0.17615988981243244
PYGM,0.8240023328303586
HTR7,-1.8034302303227685
IGHMBP2,-0.833696390898006
KCNN1,-1.3372057996372526
GPR20,-0.9590098697990755
BRINP2,-1.249014691129561
GPR6,-1.1210761585152806
GFRA4,-1.556961785383903
GFRA3,-1.511306139623811
MPIG6B,-0.6664323280322813
HTR5A,-1.65080059501544
AIPL1,-1.313650125134633
HR,-0.9521903465736532
DES,-0.6424715541682937
TMEM59L,-1.022352243994388
DPEP3,-0.7880553073065012
EPHB6,-0.6480581033987511
SLMAP,-0.548058804828123
HTR2A,-2.0173514836734125
PCBP3,-1.0886446127465372
NEUROG3,-0.8162648511362051
SCT,1.2909635359737803
NEUROG1,-1.0540783667371232
GFRA2,-1.138771575312929
MYL10,-1.1306468449722995
LMX1B,-0.5690229122769142
NPHS1,-1.3786757955223634
ITPR2,-0.018458520919558206
EVPL,2.115373873739633
FGF5,-1.4071762911276202
FGF13,-1.3439420274128202
AMPH,-1.1150699550205057
BCAT2,1.467735320574298
ABCG4,-1.4806376732453375
SNCG,-0.29607191861377
INA,-1.345028796872863
SNCB,-1.160378841455175
EPHA8,-0.944777912705583
SLC32A1,-0.7828438809858982
SORCS3,-0.5074549175435475
EPHA3,-1.2909945636475224
EPHA2,-1.189301526304353
CYP2E1,-0.7960521917148031
GBX2,-1.3225738285513762
GBX1,-2.1571641554269134
CACNB3,-1.285945206115659
REEP2,-0.2553095793202555
FGF17,-1.4558008238040865
FGF16,-0.5323968055865955
DAGLA,-0.5165419320124247
RAP2A,-0.8114356390033187
SLC13A2,-0.018700672142081123
SLC13A4,0.11633144055377546
CHRNA4,-1.3217466485546407
SLC8A1,-1.348129320827083
UNC13B,-0.7878174819811722
CHRNA2,-0.6237637352854765
POMC,2.7157049797551687
HIST1H1A,-1.4112536828479243
MAPK8IP2,0.9602167911644109
MAPK8IP3,2.742512291486254
PSPN,-0.8680333035635756
MT-ND2,0.03559143502527748
RASGRF1,-1.616133420465178
RASGRF2,-1.2445210869796328
SYNGR1,-0.40098878438457203
PITPNM3,-1.185275747849478
PLEKHG6,1.8779925932262356
KALRN,-1.7413249722233481
CLPS,-1.1393766076243161
CPLANE2,-1.0276371019568982
RUNDC3A,-1.1001554091504864
ADAM11,-0.879201070958291
GPR50,-1.1350324939232344
TRPA1,-1.7325167882256667
CPNE7,1.6879062949165224
CPNE6,-1.4688918745289155
TH,-1.3749556119896784
DAPK1,1.6259060850519869
SIGLEC9,-0.9341494612340046
SNTA1,-0.9067287426096369
TRAF3,-0.876333925576861
MYL12B,-0.8969748519429837
TMPRSS6,-1.258656772915656
NR2E1,-1.216052232024858
RAB3A,-1.0958317459593074
SHANK2,-1.4680968798905791
ACTN2,-1.2011988395677173
ACTN1,0.27684164520703897
CYP4A11,-0.2383403860937695
ACTN4,0.4843682274451309
GRIN2B,-0.9971582146829626
GRIN2C,-1.2783995573928277
GRIN2A,-2.0618971444713936
GRIN2D,-1.6178666606736938
PTPRN,-1.2747006258222677
OR2B2,-1.5708713092234914
MYO7B,0.19814995951522132
SGPL1,2.1693482766248477
EHD1,-0.3975481270065954
ATXN7L3,-0.6037626492822467
PLA2G6,-0.37397529324759293
PLA2G5,-1.0765755002614759
PLA2G3,-0.1539645403359752
METTL17,-0.6319698199351556
BRCA1,-1.7401275058683403
PRRC2A,0.7963063415981647
FOXA1,-1.3921227744037044
KDM5D,-1.1243865427604287
OSBP,1.4776479567729548
SLC25A35,0.2830287363838232
SLC25A34,0.8944367985144768
PLA2G1B,-1.0832265222486883
CHKA,1.8920007021003638
WDR46,1.215116921729691
PLA2G12B,0.05036631876635891
CDC25B,-1.193976183791872
KIAA0100,2.8842230541448215
POLR2A,1.462444900435027
PIGO,4.114083301681485
JMJD7-PLA2G4B,0.052419548608310725
TNFAIP2,0.33117617533126836
CRLS1,0.8307853531284344
IL17RA,-0.4311439391641741
PTDSS2,0.3689749698421027
TOMM40L,0.6499779944833163
KIF15,-0.8181336478271855
MBOAT1,0.6185571840164489
CDIPT,3.019005448183273
IFT140,0.9642212371407329
ZBTB17,-0.6548993474976798
CTPS2,1.1109480530066698
CUTC,-0.26564162936645663
DAGLB,-0.2497415650425057
PLA2G2A,-0.488053569524763
PLA2G2C,0.31144262375395604
PLA2G2E,-0.5184171234308987
PLA2G2F,-0.5853015306348595
CAPN15,1.005287071733131
SLC35D2,2.797342716318946
WDR19,-0.7912100101793477
NBEAL2,-0.23380390523758307
WDR89,-0.2322387081039125
ACER3,0.7412500684655988
ARAP1,-0.7689968543434234
SELENOI,0.8773269785545826
PEF1,1.887191130293389
ARFIP2,3.0246108620142316
PIGG,4.226827050796658
PIGN,2.4566181936916367
MAP7D1,-0.2619513656685719
PLB1,0.05326910731395386
PLA2G4B,-0.041513383811894615
PLA2G4E,-0.07889209571862647
RCC1,-0.5760782823383404
CEPT1,3.4546389399476554
ZBTB48,-0.782101166415759
NPIPA1,-1.0926191111693373
CRKL,1.14056703405537
FKBP4,1.04174070142063
DUS2,-0.20045345856940358
DIAPH1,-0.6694504481461487
SP2,-0.5010880947273862
CTNNBL1,1.5373829961790186
DDX49,1.157459949765974
YBX1,-0.6280990313385749
LTB4R2,-0.7263347860399766
HINFP,-0.5230912055963185
TTC4,-0.4203744977012265
GTF3C2,0.2291757305087297
GTF3C1,0.9892030261283913
TAF1L,-1.4815679034369693
XPO6,0.7614346601929294
MYPN,-0.9274053954370522
MAP1LC3A,-0.5022762958980367
GTF2I,-0.4955112178792346
UCK1,0.14983584241347972
LIN28A,-1.0835917105376385
NOC4L,-0.6037068671993955
DNAJC8,2.6539316374963504
MTHFD1L,0.3883234836699752
YJU2,-0.2519531708424643
TTC31,-0.5546931260022625
WDR36,0.26810127374357695
ATXN2,-0.9943950351171238
PIK3CB,-1.1346798652589134
POLK,-1.0269690968258816
DYRK2,-1.298781490760894
AKAP13,-1.4750929312205454
RBM10,-0.4845937411568663
PPM1D,-1.1126979915270687
NOL9,-0.36457137838007986
SUPT6H,-0.7619618252610112
SRPK3,-0.6466065321616977
GEMIN7,-0.12548530545419884
GEMIN4,-0.5904359696237531
ABT1,-0.39594816917015685
RBM4,-0.276611080333121
MORC2,-0.4714100881079208
WDR45B,0.7326396376468177
YLPM1,-1.1359347017600088
CNOT1,-1.0258248122817573
DHRS7B,2.564917029893847
KHSRP,0.332594614278149
ZNFX1,-0.7962345079861354
BRD9,-0.2690501344304042
CBR1,1.3748310609589185
PRPF8,-0.8293541667251447
LRRC47,1.3254285653435203
BRD7,-1.0143595430465828
VPS33A,0.2867199302848562
SETD4,-0.5927527071812384
CCDC12,-0.041479719323401595
TYRP1,-0.8243224374233243
SMARCAL1,-0.8105882476755205
NMT1,2.0985367537150967
KIFC1,-0.8689896776981717
ISG20L2,-0.5083250581196922
DNAJA4,-0.24428788460100712
FKBPL,-0.7417208180570318
DBT,-0.45094410894410814
CD2BP2,-0.12473270440544106
DHX38,-0.8847712954554195
DHX33,-0.6121558748218859
EXOSC6,-0.30582673832515167
GUSB,0.714335879560041
KDM5B,-1.025337902118962
TARS2,0.5964899385135721
MLLT10,1.4915686612049524
ACLY,2.0726158360483096
LARS,0.016661666323314384
RNASEH2A,0.6299668803838249
NUBP1,0.17734333448291392
NSD1,-1.2694479966015735
MCM3,-0.885934672278458
NSD2,-1.2974425632028475
NUDCD1,-0.13689439888383936
CIRBP,-1.0184194752744729
RFC2,-0.266744691271883
UTP25,1.87655781537665
KIF11,-0.932535167801204
HNRNPCL1,-0.49026803806454683
NUP62,-0.7199397757327822
DNAJB1,-0.30047063812039543
H1FX,-0.4816759406534246
GPATCH11,3.1371921520527373
SUGP2,-0.9174105704072526
RBBP4,-1.1038171516572834
KLHL18,-0.43694390033026553
MRPS18A,-0.0672661655080228
NUDT10,0.16469990453785552
NUDT11,0.15687300900144424
CELF1,0.6076299689045128
IGF2BP3,-0.7219432183265548
ATXN2L,-0.6989548004821209
MXD1,-0.3119354115352081
BUD13,-0.698974867656376
TFIP11,-1.0299644789201035
CA2,1.6081536508346934
POLA1,-1.0989702505123646
PNPT1,-0.12685378829445337
MRPS14,-0.15109698919059247
SMARCA1,-0.9592662271321151
ELAC1,-0.41439801551324523
LARP4B,-0.2955985965039222
TPM3,0.7055540623822456
NDUFS2,1.6932238882185158
PCMTD1,1.2492387530378748
ATAD3A,-0.34080373692431903
LSM2,0.5978244359096752
NLE1,-0.6644329431378724
DYNC1H1,1.8833681099499273
TBC1D22B,-0.38626683530011086
NSUN3,-0.5083297296041204
NSUN5,-0.6706204455359126
NOTCH1,1.3139117731403016
ADD1,-0.6448960151754723
PPIL1,-0.4884149631488858
PPIL3,-0.6433964283339273
POLR3C,-0.2845951773002697
FAM50B,-0.29479503753711167
PRMT7,-0.28282016678440214
TOMM34,-0.3685680500434831
CHERP,-0.6819524091461373
TRMO,-0.5870730849687075
SPEN,-1.295912895551627
HELQ,-0.6334053284574981
JADE2,-1.0044403533861574
USP22,-0.6024858867424975
THADA,-0.368845093366859
PGK1,2.9966103829211406
TRRAP,-1.2688823692602988
RPUSD2,-0.6654785364995449
TUBB1,0.036753440836728705
TESK2,0.06666410158072558
PRPF19,-0.6420129334898215
LRCH1,-0.8517530004930242
MRPL2,1.447084655688641
BAG3,0.3934346591233502
RPUSD3,-0.1817445010378071
DDX31,-0.6458390448802817
DARS2,-0.4276028511428346
CHCHD10,-0.11033226624427951
SF3B4,-0.462769570935936
CWC15,-0.816575567452984
HTATSF1,-0.8337793973403209
RAD51D,-0.8275825866518715
RIPK3,-1.0536529995148665
BLMH,-0.4570445381172207
PPIH,-0.5042989080024444
TRMT2A,-0.3820309599864878
FKBP8,1.3030890639306665
KANSL1,-1.31679260254243
DNAJC7,-0.2989045741194307
VARS,-0.01377004024416973
TTF2,-0.8066782958354216
NAP1L4,-0.2868366450252619
GBA,0.20275445271988135
NBAS,0.3097123252557738
MCM5,-1.162485442794591
PHF5A,-0.5129643629639237
NOMO1,0.9958761431257454
DDX28,-0.3482660397782897
PDK3,0.4601418335748375
NRDE2,-0.29805050383759263
KCNK5,-0.6903936177363355
ABCC5,-0.30948034173068545
TRMT61A,-0.43453831253492586
PUF60,-0.2264312907541876
TARSL2,0.6502351025954968
POLR1A,0.16713167504132204
AHCYL1,1.3737882491321505
AHCYL2,1.3757817151331408
SNRNP35,-0.7868797805845408
LIG3,2.3861065114888578
MYB,-1.6046017073662684
PYGL,2.7928361329451574
ATG2A,0.8778976451980285
IP6K2,-0.5402745773651509
HSDL2,0.1821209518873785
TLR2,0.3715077559692961
ELP3,-0.7836010402670958
NCBP2L,-0.4136361708924961
TPGS1,-0.19291423173590158
DQX1,-0.3166750225644779
ATAD3B,2.3638565102058586
CHD6,-1.3327016862074998
INTS4,-0.3049307991195547
CAP1,0.5354182973200647
SKIV2L,1.6712993490107895
RBMX2,-0.7516996984971837
INTS9,-0.5041468318728457
MRPL11,-0.36776445742214764
POLR2C,-0.5808067381451991
STRADA,1.4864188688662108
ERCC6L2,-0.9367598499370842
IPO9,-0.10036130464551873
GPKOW,0.1399143563875867
CDX1,-1.3222095017646354
BRD2,-0.9855356813521463
WRNIP1,1.260588049847386
POLD1,-0.0605175836073704
HIST1H1T,-1.2353563575141013
PHLPP1,-0.9779902732314429
DDX25,-1.6261776739097624
EP400,-1.4742127962568112
PSMB3,1.6359956644893203
NSUN2,-0.6150410703540968
TALDO1,2.087962821055525
CLEC16A,-0.627190159767989
CACTIN,-0.3552333565322683
DHX32,-0.7678508438057584
TSR2,-0.43339499442987983
LDHA,3.0890908251847624
PABPN1,-0.8845255718797199
ALDH9A1,0.44544192768681634
XRN2,-0.6927563561878669
DHX34,-0.5285684641288306
DIS3,1.0528862155231267
PRPF38A,-0.7716019722557688
TAB1,-1.0870072024858664
HIST1H4H,-0.7551253237257921
PAWR,-0.18723727106288718
GTSE1,-1.0570750303291498
GTF3C4,1.8904768948915969
DNASE1L3,-1.020043495407291
KCNH5,-0.5740842542150714
KCNH1,-1.3748182289414372
ATAD5,-1.016215180477301
UTP23,-0.5815781624802294
UTP20,-0.4778929235998626
GANAB,2.657693869382816
GDAP1,-0.10251210624857894
ADARB2,-1.1163702011193646
CDC45,-1.1600662363133092
CHAF1B,0.4025585248228493
UBTF,-1.1076156132850201
KIF4A,-0.7061366941565576
CDCA8,-1.0796583806486537
MCM10,-0.8559262179948235
AKAP8L,1.321785104697164
HDGF,1.9743393870667598
RECQL5,-0.7923142046859675
MED6,1.1562927918707269
ZNF609,1.7633209337473255
ZNF330,-0.5303915868798486
PATL1,-0.5844283181581642
ZMAT3,-0.1939604296779097
MYBL2,-1.078240469751613
PAPOLG,-0.6410845942364962
KMT5A,-0.9207704918210721
POLR3B,0.002225900116635915
OIP5,-1.282096447403184
SLC25A3,1.3045594036457686
PRMT6,-0.9091856442839744
PQBP1,-0.6714715669678991
AEN,-0.7620909048085465
GINS1,-0.9277889624581354
CEP55,-0.9455798400272128
G2E3,-0.7260374735487597
NUP58,-0.531627700871551
OCRL,-0.862662248191633
ATAD2,-0.8232284020200765
SPAG5,-1.1398480891314806
PCLAF,-0.8939933147199496
AKIRIN1,-0.015567268101228186
DNAJC10,2.94248653521906
MBTPS2,1.8226366726816163
DR1,1.1448362605741782
EIF4G2,-0.3012533113824808
CHD4,-1.4062298787120868
CDC25C,-1.6213252117570578
CDC25A,-1.311520871350432
POLR2H,0.22976184108942854
POLR2J,0.32640608380406627
AGO1,-0.6791771695338186
AVEN,0.9605586180772946
APAF1,-0.1675542887150758
HELLS,-1.1210190348922189
HIST1H1D,-0.6884030210382946
HIST1H1B,-0.6957951918982231
KIF20B,-0.7591653920216841
OVOL2,2.4000558722561167
OVOL1,-0.42008005810215415
ESCO2,-0.7284661106554603
PSPC1,-0.4982769765719956
METTL16,0.5101110723466931
ZMYM4,0.02202471329383627
SRFBP1,0.02973882656521941
MACROD1,0.27435093527592347
R3HCC1L,-0.2379770983745099
DDX60L,-0.9187622742472835
IL7R,-0.5528521067879226
ODR4,4.1191225746650915
H3F3B,-1.3469797171659068
H3F3A,-1.556892644857945
PDAP1,2.133535562868729
MPP5,0.796088728539741
SS18,0.35701588396553074
CDK5RAP1,-0.378465361168543
DHFR,-0.7655869253944452
MDC1,-1.2497133899428512
KIF18A,-0.6301982794308383
TRIP13,-0.04758389588725367
LIN7C,-0.016082433773919946
UHMK1,-0.9617242569043664
BARD1,-1.490984989578885
BAZ1B,-1.2962626881079768
EXO1,0.3416143803732427
DEPDC1,-0.8677055869580165
ALKBH5,1.1586902122734868
ATM,-1.2659052032856357
SMPD4,-0.22307439527798958
FASN,0.5155829500198053
H1F0,-0.7782068081140786
NPAT,0.3126259004545786
CALR,3.243385574021316
SKOR1,-0.17837183308953014
LOC107987487,0.030571693077241016
ELAC2,-0.1391939288856142
PRKCI,2.037285075403233
SCRIB,-0.7683512895053014
CWC25,-0.7289485363848909
TRUB1,-0.17477347814710373
NUP214,-0.7080132223082137
EMD,0.24969487693209658
EPB41,-0.6036279672881577
GLYR1,-1.105440739426243
TOP3A,-0.8643726283744757
TOP3B,-0.4187498914597888
KRT5,-1.1980094760799394
RABEP1,1.0919022692803082
BIRC5,-1.1958318826811893
NKX2-1,-1.9673474359747596
PINX1,-0.4847330458608201
DGCR8,-0.807764340490302
LOC107987491,-0.009055972991443319
RPP40,-0.35909951028277776
HLA-B,0.6815838713525406
H2AFY,-0.706371003053931
NCAPG2,-1.074851852754609
HAUS1,0.8228192630051288
TFE3,-0.40639441701989315
HIST1H2BB,-0.6530917298616195
HIST1H2BM,-0.7575545192171574
VAV2,-1.2603620640671052
FYTTD1,-0.4081413622049707
TP63,-1.5723822812567367
GNL3L,-0.3896997441917921
NAA25,-0.3341809375552363
LRRC8A,-0.022351278980063814
IGFLR1,-1.2073770864008893
U2AF1L5,-0.683852582995456
NPM3,-0.08537193508175366
PARPBP,0.7089712980678807
RIC1,3.49874695048917
PRIM1,-0.9137200901838974
PRIM2,1.8484417308296026
NCAPD2,-1.0307037465498146
HIST2H3D,-1.2267756838348662
HIST2H3C,-1.3430831702187473
EMC1,2.5093043410861635
SMC5,-0.7772599437071833
NAA35,0.3627785686243879
RBM3,-0.4866238064190329
ZMYND11,-0.5720089690334099
IVNS1ABP,0.2987698414862573
C1orf112,-0.624011048582833
URB2,1.3515123963240574
CENPF,-1.0830518114370271
CENPE,-0.8455750754159532
CENPA,-1.1525580729164728
MPHOSPH9,-1.1816565548866689
DDX59,-0.2805758393266103
DDX53,-1.5050717435673497
NSD3,-1.1178389440821503
WDHD1,-1.1288315211610775
RACGAP1,-0.7728791659569385
CEP250,-0.6493382450600133
UHRF1,-0.9422559904781391
MCMBP,-0.6711984156591881
SMN2,0.00786761837042809
ILRUN,0.18411061508479123
NLGN1,-0.8396930756955804
CSTF3,-0.6624962067451575
CSTF2,-0.8156137396250861
CCNT1,-1.0412224536202768
CREBZF,-0.6595534459497823
BRCA2,-1.1618342234601637
WNK1,-0.8532689039322964
ACOT7,-0.1009597141933574
USP36,-0.8167673670892137
RBBP5,0.11843814290431666
KIF22,-0.5775010710943037
ACSBG1,-0.5113976702724182
XRCC4,-0.5299585725202057
DDX60,-0.7373451265587232
LMNB2,-0.5270501303282228
PHF6,-0.612994501996799
PHF1,-0.6707531383521074
RPP30,-0.38481684070526295
KCNA4,-0.7965136139023815
KCNA2,-1.0243083121291006
KCNA3,1.3971128012234004
RAD51C,0.29530512665898895
ERLIN1,3.254423889754944
CTDSPL2,2.1175124873913296
HMGXB4,-0.9915352140955784
CORO1C,-0.09004790278641947
DNA2,-1.1327864150413636
KRT14,-1.3057220877720028
NFATC2IP,-1.0066059623621748
CASP3,-1.0381246727867173
CASP8,-1.0748603970937747
PLK4,-1.2736079569149357
ADAD1,-1.9199142482328464
ADAD2,-1.8744261260665243
GRK5,-0.050511787688379245
CAPN2,-0.22059025551296668
COG8,3.39290460526373
PCBP2,-0.38774011467772124
SMC1A,-1.251576822272946
ACE,-0.5074984313593622
DNHD1,-0.12620232141598967
HNRNPUL2,-0.1869804108260879
KCTD20,1.6058315220994284
FKBP5,-0.7582277970028333
PPP4R3A,-0.7183628017635898
APBB1,-0.8639638243695549
GABARAP,0.977988084101571
WDR4,-0.3887427459186695
IWS1,-0.6317165135710634
MYD88,0.8580598261427892
HMGN1,-0.4949833929135933
DTL,-1.1570381618155823
MSH3,-0.5474510494622907
HNRNPCL2,-0.012489545049903957
DEPDC1B,-1.0415801474734672
SPDL1,-0.7719381980623876
TAF15,-0.5759865574281615
TNFRSF10D,-0.8202306350381746
CDC6,0.6100908381551331
KNTC1,-1.1820980350503416
RBM19,-0.42864345435493806
TMEM259,2.7678105787231315
CPSF7,-1.0083036236690497
CPSF1,-0.7125805165490726
RNMT,-0.43650772416355804
PMPCA,-0.723059830396475
MBD2,-1.018686520340849
PATZ1,-1.1535230184878233
RBBP8,-0.9469362674878044
SLC29A1,0.2616129378861588
CCNE2,-0.632574681325019
FTSJ1,1.4860670842426518
L1TD1,-1.0923354182173048
ZWILCH,-0.6346105792404418
DTYMK,-0.636267979907081
PIWIL4,-0.5526806006503202
PIWIL3,-0.5254998794621276
KIF14,-1.0234340811341074
FANCD2,2.7540858265538595
CBX5,-1.4045355575440213
IGF2BP1,-0.4965168781423801
KIF1C,-0.5429844018603428
NFE2L1,-0.7859672719221243
CD247,-1.4648529280019138
ABCB1,-0.006919508583258163
DHODH,0.9622700746656934
NCAPH,-1.0287574297102469
NCAPG,-1.1249627277560057
TNFRSF14,-0.3785877910389573
CRK,0.5177347178796458
POLE2,-1.0233383789314552
TFDP1,-0.8412331255979163
RHOT2,0.3987136105378544
EHMT2,-0.445851534184943
NUSAP1,-0.974205616470973
ZBED4,-0.4575798035572161
SHCBP1,-0.8211197560035032
GPD2,1.321139119832168
SUV39H2,-1.2018729668317463
MAP3K14,-0.5146592869239918
BCL2L2,-0.36910718698431444
TMOD2,-0.14163210948512583
ZNF281,-0.7026719471659228
HEXIM1,-0.49521733075010377
IDE,1.6739734407279163
GUF1,-0.18090433666070183
HNRNPL,-0.9385279131500177
MRM3,-0.34989418770705794
STAU2,1.0811458259366633
FBXO46,-0.5416026202118629
RAB35,2.184971933728906
HNRNPA1L2,-0.00607624431530192
CFL2,-0.7936266186847597
NFIA,-0.9548377710168193
NELFA,-0.7368777654837626
MEN1,0.5497713440889733
MVK,1.312549700821746
BUB1B,-1.143103768409645
SMARCD1,0.1405825687860954
CD3EAP,-0.7586672405922177
PIDD1,-0.9998605174816976
KLC1,0.01061146777925882
SOX12,-0.4521274162700054
HPDL,0.2268798279206363
FLNA,0.07917667474029773
LETM1,0.07036302707858091
ENTR1,-0.7018211549341494
POLE,-1.190565771146499
INTS5,1.6359429882736796
HIC2,-0.4886498047183146
CKS1B,-0.824411570930876
TM9SF1,1.7859711247071193
PTTG1,0.6338892020704039
SZT2,-0.6062237685431205
TEDC2,-0.8033068878372364
IGSF8,-0.13445286969838544
MED19,-0.7355448103234847
CHAF1A,-1.1396964517946944
TRMU,-0.17370156581976473
CDK16,-0.7041816382376196
PDCD2L,-0.4339611609428854
KIF18B,-0.903169735139659
SFSWAP,-1.100063033578628
TBL1X,-1.1979269613526893
TBL1Y,-0.5766435088669272
HEXA,2.467855050868775
MBD3,0.922597566466876
TLN1,-0.6116134664875692
SIX4,-1.2123988648951827
HDAC6,-1.0918448767536701
CDKN2A,0.5468195504828829
TSC22D4,-0.6897220115129663
PAFAH1B3,-0.039389986725115525
SLC2A1,-0.11093848723680325
KCNH4,-1.0396679943835583
SLC4A2,1.4462649856275156
RECQL4,-1.0591616535956945
SLC29A2,0.10665753782232265
CCNE1,-1.0664652098888454
TIMELESS,-1.0514582204710983
GYS1,2.7689085688611583
RAD54L2,-0.8885553150893437
SMYD5,0.27853253445019627
RAG1,-0.7047424193224598
TELO2,1.2755375876761401
FGFR1OP,1.9352795998993368
GTPBP3,0.44376407090374403
PIMREG,-1.1074365091492708
SLX4,-0.7623490670273553
FANCG,-1.1500796165960916
CLASRP,-0.6105564472806633
RALGDS,-0.8751306283668852
MED22,-0.2955549974163957
PARD3,-1.2029872278274845
HOXA7,-1.2450064517411052
MFSD12,2.5081300618100872
CDK8,-0.7985813666754974
DSCC1,-0.6353003373405742
MAD2L1,-0.27398588015641184
C19orf24,1.7585782521012334
AQP2,-1.4571884625027889
DRG2,1.353713665735637
RAD54L,-1.0815362185826378
FASTK,1.3833372878944306
CIAO3,0.1783647248781502
ZAP70,-1.798111030515411
DNAJC11,-0.12976582571764353
INTS1,-0.15838187531214454
THOP1,-0.016081554044611184
ETV4,-0.9723483120244416
TYMS,-0.39276418455235407
SAE1,0.7532880547297688
PAGR1,-0.9559281354136989
RAD9A,1.348924007722422
RRP7A,-0.2876732039198728
RANBP10,1.9791902464669013
EML3,1.530218032158874
CLN6,2.6982016052646167
ZNF574,-0.824740031846009
WDR62,-0.754224664303492
NUP210,-0.6064197254625302
PNKP,1.9021369158648218
GPATCH4,-0.6607565708605646
CLSPN,-0.9733055324949356
MRPL28,1.1127197048230388
NPTX1,-0.1616200599748636
XRCC3,-0.4777843177001131
USP44,-0.731280740767704
ORC6,-1.0280573875838703
PLCB3,-1.3278049583736706
GPHN,-0.42191366780044093
RHBDF2,-0.4210240377481106
POLA2,-0.8491151708569097
CTNND1,-0.079144150528133
IL1A,-1.4297198844423098
IFNB1,-1.560401147268892
ERN2,-0.4933320258089128
POU5F1,-1.220162626698206
LRP5,-0.17011779246555397
NABP2,-0.3152437515156483
GATAD2A,-0.8732085627052247
SIGMAR1,1.8417186956526534
RPAP1,-0.0923640483995087
NUP188,-0.3617520729104489
ATG7,0.7766671263354404
TERT,-1.414941756594372
KMT2B,1.3586050398414884
PSMC3IP,-1.0871387958318173
PIGR,-0.4935778802353847
WRAP53,-0.6692768007929976
CDKN3,0.295826463293873
CTRL,-1.2706367194450843
MRGBP,-0.7874261528632488
HBB,1.2100909566280516
HRNR,0.058351934913288515
ZNF142,-0.6587429377018298
DENND2D,-0.9175833677196443
GRK6,-0.84251926796151
NSMF,0.3480003569385134
GOLGA1,1.6234183767801391
GOLGA2,1.6883552019481856
ZNF787,0.003679475076778868
SEPT11,0.5424028176889242
MED15,-0.4329196712337776
MED16,1.8606292298644729
CSNK1G2,-1.06525244187065
CCDC85B,-1.0647943292197475
PELP1,-0.5239421984438766
SCARB1,-0.028828300943455752
HIRIP3,-0.25758033302950634
RASSF9,-0.9026874049570233
STMN1,-0.9374650655497198
PTOV1,0.12590147482479483
DNM2,-0.4054593261126214
RSAD1,0.021356689516067676
HAUS5,-0.590768032614022
ZNF282,-0.31959383334164027
SIRT6,-0.09125302494484115
TMEM94,1.1236636814670222
PLEC,-0.567585198877
TAF6,-0.6661097355847692
PEX5,-0.6841192313255398
CTDNEP1,1.5673140364330884
RFWD3,-0.7146595226966743
ARMC6,-0.12347778674087108
JMJD4,0.48240463338772943
GPN1,-0.1652330734724295
TCF20,-1.1575522694897065
HMGA1,-0.5048752824389552
FHOD1,-0.1944949240804027
RIN1,1.9966993466171752
CARM1,1.4133048019193566
OXCT1,-0.13396400084702312
KIF20A,-0.751414036742331
FOPNL,-0.20166598652772413
HSPBP1,1.0199549332003044
HJURP,0.5423322643155635
HCFC1,-0.29366646696262294
PAXX,1.0573717574068624
TTLL12,-0.13537182630162017
TSSC4,0.1661596287269492
MTA1,-1.003972916086104
NF2,-0.6099527727347487
ANLN,1.1216800170639196
ARMC9,-0.048502823296396574
SSBP3,-0.2925739367476436
NSRP1,0.4468546649844485
BLOC1S6,-0.3854844890352845
CEP120,1.2335492204217142
ARHGAP21,-0.9166968819187415
MMGT1,1.913298681641946
DOCK7,-0.7345530723274218
CIAO1,-0.35526635132375284
JMY,-0.7557079624887014
RCN1,1.6250263004472292
NEPRO,5.5049774761975385
EXOC6,1.119229847841272
WEE1,-1.4059927255133386
DIAPH2,-0.6533937416580375
NXF2B,-0.2506548453853592
NXF3,-0.7034363857310149
SENP1,-0.5547514090603308
CUX1,1.7612268578963646
HOXC13,-1.2865610412742787
NAB1,-0.20196367744784566
OTUD4,-0.9355535011864465
NXF5,-0.3872396943586462
MECP2,0.49593940272950476
RGPD2,0.30024359623986546
RGPD1,2.6414102736055782
RGPD4,-0.11062733272849966
RGPD5,-0.005544870371159372
GEMIN8,-0.5664127692727474
PRKD3,-0.47537461925267066
FOXI2,-0.05143122076224781
IFIH1,-1.0854611913175733
NFX1,0.3488924099366976
MAD1L1,-0.682600600315208
SKA1,-0.9075088460258321
SKA2,-0.9028125770267641
CDCA5,-0.9937663098004578
UXS1,1.6742150607452324
QRICH2,3.959813804523865
AAAS,0.11761224476990507
TMEM33,1.5918439653496272
CDCA2,-0.9836934749026475
CENPO,-1.0436698684582186
CENPN,-0.96760912838738
CENPM,0.8624647002658852
CENPL,-0.8813098764292708
CENPI,-1.1490074471707463
CENPH,-1.0216433691416353
CHM,0.22405301271026587
PROSER1,0.8502475780462703
CCL13,1.9871162096041035
NUP88,-0.40521590339020946
POM121C,-0.43083910828969124
CCAR2,-0.5350317886062848
SGO2,-1.0481165165980433
ESPL1,-1.022928798411054
GTF2E2,-0.4088263293605707
NEK9,2.1912839337064525
INCENP,-1.1367901511660237
BUB1,0.6880675112592662
CD70,-0.8924692432253404
HDAC8,-0.8817771858611512
TPM4,-0.4487669101921383
RANBP3,-0.694291838669679
PAF1,-0.6636543687045504
FOXL1,-0.476555370655448
ZW10,2.3571871386198495
MFN2,0.13826414904938059
CDK7,-0.7914768425899152
ITGB3BP,-0.9556958770614136
KNL1,-0.9348146128479425
PBX2P1,-1.1135479018875343
PBX1,-1.5813582973237206
NSUN6,-1.087176782430935
RAPGEF3,-0.9854134668150916
UNK,0.6282939299736896
NDC1,-0.3101521489352386
HDAC11,-1.3480416828961466
GBF1,0.26875189414235257
KAT2A,-1.091549910269903
B9D2,-0.7634711281214195
POMZP3,-0.7035154390427577
TENT4A,0.31263516773253197
DSN1,-1.0800471031630499
ZNF318,-0.7502556781668981
TMEM209,2.8164460071241786
ERCC6L,-1.0475822251721878
PPP2R1B,0.6399009807244666
CENPS,-0.7094679825758051
NADK,-0.16277242202090333
HPS5,0.07338788006470728
MSI2,-0.5095533225617596
MSI1,-1.209651377316781
POLR3A,-0.03395987804031984
POGZ,-1.5386564028794574
CENPT,-0.6194515149856227
CENPU,-1.123968347257159
CENPP,-0.7870603045720727
NUF2,-1.0258761793791387
QTRT2,1.7330174245423113
PMF1,-0.5692924196552095
FAM193A,-1.0556496301283373
SGO1,-0.9356014803426328
SPC25,-0.86671290995494
SPC24,-0.8666654669853149
PHF21A,-1.149720328514884
CENPQ,-0.7748939260349805
MMS19,1.8220722984831852
ASXL1,-1.0957234054844405
ZBTB33,-0.8530156055598505
ODF2,-0.8969908193398255
NXF2,-0.5135533682965425
SIK3,-1.0082266587928677
SFMBT1,-0.4438403596133178
PBX3,-1.2764645660200176
KDM6A,-1.2305624890146147
LIN54,-0.7984101637400464
ELL,-0.7707777432977473
SNUPN,2.2668165412252215
SYNE2,-0.5842063599280278
NXT2,3.9978995360918255
STAT5B,-1.6763571487131284
HSPA1B,-0.41925893976913114
NUP43,-0.7670194416248712
RCC2,-0.7029098091393686
RANBP3L,-0.1688379861267515
IGF1R,-1.7320657478834907
WIPI2,-0.434605744765276
SOX13,-0.5785590726552531
CHRAC1,-0.3044368719317194
TP53I3,0.1380946739522048
ZNF428,-0.09146539555095619
SESN1,-0.5891027890837982
DCTN2,2.25697811555605
POLL,-0.5028657495661136
POLQ,-0.8906719049856455
HIST1H2BO,-0.7780383734072548
TFPT,-0.4850146637256457
AIG1,0.1809250628331279
NFRKB,-0.635183305779938
ZFYVE26,-1.0605049111075409
GTF2H2C,-1.0928626927253484
SPIN2B,-0.7316227225718234
APOBEC3C,-0.7457862494219694
ABCA1,1.2740350931377724
COPS7B,-0.5742665129607066
COPS7A,1.8584783036928045
MAPKBP1,-1.0002017380236523
WDR76,-0.986283622502625
LDB2,-1.3052237154898518
AASDH,-0.42901648338818477
CSAD,-0.6325292976250113
TMEM43,2.804629193185695
COPS6,0.9684002933528056
ORAI3,-0.25674747420301713
DNAJB5,-0.4056635672024594
GORASP1,2.135696261974346
MTMR14,-0.40717062163799567
PGGHG,-0.507290782727614
OXLD1,1.9600293731444336
NAA40,-0.5925146733431144
PHLDA3,-0.2775692289753884
HIST1H3A,-1.2348986845501284
GOLGB1,2.4666675329434153
BCL2,-1.7103494179050605
PTPN14,-1.1496283136765486
RRM2B,1.5687073420790474
PHF8,-0.9861517961322737
MSMO1,1.202625864482436
H2AFY2,-1.014905199209507
FOXO1,-0.1007371074059027
HIST2H2BE,-1.3777738508744486
BBC3,-0.8893353939594377
INO80E,-0.47586950016779467
INO80B,1.582873189482659
INO80C,-0.4966796769025986
RPA4,-0.9263011560491459
ATXN3,-0.8383411813732953
EPM2AIP1,-0.7939637139156807
ZNF512B,-0.635871223132649
PLIN2,-0.5189535827757408
OGG1,-0.48988666361866157
CRCP,-0.6011152488075208
POC5,0.9924873646967898
FAXDC2,-0.7749469234144026
CHD2,-1.9217826847317667
HIST1H2BD,-1.3065441108540017
HIST1H2BG,-0.917575939800107
HIST1H2BA,-1.3075053895977204
AKR7A3,0.14407192377725817
APLF,-0.6819070615739121
ACTR8,-0.9440453648735805
ACTR5,-0.6094164234420119
PIAS3,-1.1478815267968592
HIST1H2AG,-1.0296195150213265
NGLY1,0.40468250920128646
DGKA,-1.2091460403691414
PLXNB2,-0.1333465894570668
FGFR1OP2,-0.5094133142664432
HIST1H4F,-1.1921234846649442
HIST1H4A,-1.281429812823054
ADIPOQ,-0.7862060136477571
ZDHHC13,-0.44552143551288675
ZNF703,-0.5648295314165073
ZSWIM4,-0.8195185611365109
SPTLC2,0.19285745996357326
MACO1,0.03889819807626812
TMEM53,0.08529048429371537
MUC2,2.750025711481228
SP4,-1.66215202579233
SP7,-0.4375015350003031
AKIRIN2,-0.06194000344663619
TMLHE,0.16289675474199722
LMO1,-1.2724691169098887
ITGA2,-1.2160907276194681
ALDH3A1,0.1800163732686361
SWAP70,2.676551509327718
APOA2,-0.6781075339717421
PHLDA2,-0.1574740035787423
CYP27B1,-0.5412906247873763
AGPAT3,0.22463940104826885
PRSS50,1.5826315681124852
RAG2,-1.1331978307658206
RPS6KA4,-0.509656665881191
HLX,-1.2443379272972674
NR0B2,-1.1332451002238353
ZNF296,-1.373903024185791
CD40LG,-1.3920411064737361
TRERF1,-0.5580342647264375
MIOS,-0.4311293231456435
ZSWIM3,-1.348995917137357
TCEA3,-0.5526439927251333
CHTF18,-1.0072278915302804
PAAF1,-0.36128419506969006
BDKRB2,-1.5878190961918657
CLPTM1,1.0857973499480436
SPHK2,1.7628289931361147
FIZ1,-0.3517742041661525
ZNF780A,1.8100863931954927
RHEBL1,-0.7111962503073344
CDCA3,-0.689855455714767
CDCA7,-0.9311469642040631
MNDA,-0.09952845476932903
RSF1,-1.0999654859599675
ZNF687,-0.7653984604379942
THAP8,-0.10327616777114389
DZIP1L,-1.24045899701598
NQO1,-0.07555789520132995
SIX5,1.3621834702433093
CLOCK,-0.8101152508010468
MR1,-0.501117467433412
HTN3,1.1519084072062682
RELB,-1.1227324052328462
ZFP64,-0.662737429966701
HMG20B,-0.5334969357781829
ARRDC4,-0.3819939689418417
KLKB1,-0.675899881886071
COL7A1,2.0546425628796396
ELK4,-0.4788599793734451
RBM18,2.8556901532711874
FOXP2,-1.0211115861042033
FOXP1,-1.4684776714777983
BCL11B,-1.5006362815423144
FOXP4,-0.39210682158263493
ZNF597,-1.2265328297277924
ZNF595,-1.1436474344996512
GAST,-1.4556471656832255
LHCGR,-1.4237632788625296
CAMTA1,-0.8769463952918797
TNS1,-0.9636685916651494
IGF1,-1.689364481385722
GCG,-1.183760488662553
IGFBP1,-0.1855157888149295
HBE1,-1.0154176212066341
CYP2R1,0.10763245755464439
ABTB2,-0.6393318248887335
CYP27A1,-0.026365783879551078
BTC,1.977254658452033
MEF2D,-1.0533938264125584
GAS7,-1.0047524077729992
MECOM,-1.0451397415475367
CIB2,-0.9404415966574183
TGFBR2,-0.9669846265890971
MTMR12,-0.29567948233601726
SEPHS2,-0.07268906361071428
ZNF48,-1.1822480178744188
STMN2,-0.7782364713036191
FOXL2,-0.6184815409955673
LRRC39,-0.47209954346047944
NFYC,-0.6783870592319908
PITX2,-1.553904003339869
CTCFL,-1.1016441576297247
ANGPTL7,3.025150829599363
GALNS,1.7039306465665414
VASP,1.8397608855848688
CYTH2,1.6591879925288244
CALCR,-1.1286957792113452
KATNB1,0.07746748542929653
WIPF1,-1.1786191752463588
B3GAT3,2.2465093648666126
MBNL2,0.5982600137887907
TRIM24,-1.4648179354618334
CLCN2,-0.37677106803962196
R3HDM2,-1.0384523786214386
FLRT1,-1.1732865879564751
FLRT3,-0.6330436342965037
KAT8,-0.9535738632711396
TTC16,-1.119371756054446
DMD,-1.4697998698722856
C16orf72,2.888891457442132
DNAJC27,-0.7152977312995381
SLC31A1,0.9784314428904325
ZNF223,-1.2963398640592905
ZFP91,-0.763348607090988
EGR2,-1.4752031723274048
PPARGC1A,1.4091018350204556
SUPT20H,0.3848971270722126
RPUSD4,-0.4056277863001468
ZFAT,0.4972963107050353
PTPN4,-0.119187789981432
GINS4,-0.8642913677832422
LRCH4,-1.200116299571925
LRCH2,-0.7626506501931515
LRCH3,-1.2885927177886267
DENND6A,-0.8077888622537961
ZNF385A,-0.41993676499524857
PSMA1,-0.40313783898135086
ZSCAN29,-0.7198146073292391
TSSK6,-0.29582467368722004
PDHA1,0.16125568338413476
LCAT,-0.20500188860844953
MSH5,2.0871518108592264
SRY,-1.2798787254987318
SOX9,1.0532244143563476
AGPAT1,1.8099297713826303
FOXO4,-1.4156360501728766
PRICKLE4,0.4991486214800295
LRRC8C,-1.0601209454614609
RGS3,-0.9071089479198226
PLAG1,-1.2851526370580089
KIR2DL4,-1.1614856158293887
PIGV,2.0665000205276542
NAB2,-0.8074016691902999
COQ8B,-0.2534953193825562
MGARP,-0.7037380547338846
FXYD1,-0.8181066396870624
ZFAND4,-0.782260640443523
KLRG1,-1.2667020089140182
ARHGAP26,-0.8632715823574908
PPP1R16A,-0.6653513921267076
PPP1R16B,-1.5022629113281365
ZSCAN20,-0.8700291113687574
ZSCAN21,-0.9750731326672
DDIT4,-0.539418444908496
ABHD2,0.23334761823269073
NUCB2,1.9997502036336985
BMP7,2.0387727004001372
BMP4,-1.54851791411889
BMP2,-1.1735526060174133
MAF1,0.1523090461639481
NR1I3,0.6400889934002618
NR1I2,0.9076031574098643
PACSIN2,3.2217179283276725
CCNI,-0.8719603927619131
CCNK,0.8034536684561739
RASSF1,-0.6374339044059625
RASSF2,-1.350678644884287
CCHCR1,-1.095978248953161
MNT,-0.6595560138665892
CRMP1,-1.1264174197300734
SLC49A4,0.40023408599849725
VPS35L,0.14165820303332582
PRDM16,-0.99877445085375
PRDM13,-0.9694046924937199
TMEM60,-0.1624771719067715
PRKCZ,-1.2756318363220385
CASKIN2,-0.6560391903487295
CASKIN1,-1.0774303150835127
ZNF629,-0.7297788511485989
RAP2B,-0.6424938889494959
ESRRB,-1.4136309022486753
ADA,1.3669511190110804
TSNAXIP1,-1.6339570548351325
ADH6,0.1322270106939348
BABAM2,-0.12819826080283592
RASL12,-1.1478558967247712
HIST1H2AM,-1.0922979974519291
HIST1H2AI,-1.040688589177804
ANKHD1,-0.620982641602726
HIST1H2AE,-0.39559468215067944
NRIP3,-0.71652985552938
SWSAP1,-0.6925651246557707
HIST1H2AB,-1.0086260572087995
BCL2L11,-0.7502730096507989
ZNF556,-0.8250240003648535
SIN3B,-1.225817130336144
NCDN,-0.21516314179738102
DENND1A,-0.7464272947639429
REPIN1,-0.8745712561445866
PTH,-1.3470066984167053
RSU1,-0.2750401296878676
GNA12,0.887646678301943
GNA11,-1.2327125853364251
SDHC,1.7794108476603259
MUSK,-1.7475105350103193
MOCS3,-0.051269125486895294
LHX3,-1.806922171339008
PTGER4,-1.1725123614071193
SOX6,-0.21610415555754475
ZMYM2,-1.1341752106909768
SLC38A7,0.0036282561216139965
LHB,-0.849885845088841
CXCL12,-1.9248946949619183
ADRA1D,-2.1061999934437896
SIRT2,-1.1878136652873577
HIP1R,0.9022531213288413
LTC4S,-0.26251674305462996
ZIC4,-0.8886155565774342
ZIC5,-1.6209617150751339
ZIC1,-1.6029626727667883
CCL20,-1.37727722631662
GUCY2C,-0.09777509204077053
HOXB3,-1.2229400904536127
HOXB7,-1.0927778745417989
RNF40,-0.46389651166225054
TYRO3,0.21464354788814405
WDFY2,-0.5287245326099632
ASH2L,-0.7949812583136187
ANKRD35,-1.6480095840856266
ANKRD39,-0.4254242366118782
NR2F6,-0.5487789395680545
CISH,-0.9540264005830521
ELL2,0.51023591645855
INHA,-1.0625561085479855
CTF1,-1.0201379492264953
ZNF80,-1.2002159018583227
LDLR,-0.3103931873870549
CYP2C9,-0.8094637635951947
IL2RB,-1.5623990659887659
TPCN1,-0.19373002593848337
SCARF1,-0.34787483128436847
LMO2,0.24724543197577598
WDR81,-0.05607437008063435
ERC1,-0.8718580932451824
CBLL1,1.5848288374402575
ZMYND8,-1.0863330012041783
CASZ1,-0.7394976708768263
HERPUD2,-0.12863662038613186
CDK19,-1.3427467305184295
LPIN1,-0.4818968687416144
KLF7,-1.3894069927687547
KLF6,-1.0656831261317419
KLF9,-1.1510760393087704
KCNAB1,-0.03471545031848268
MMP28,0.05425544750557661
POU1F1,-1.2296320202877604
MAP3K11,0.6986873157166354
MAP3K19,-1.6792490422085118
IDI1,0.17799442514576438
JOSD2,0.33818067044154465
SCRT2,-1.0389974822848493
RPUSD1,1.9849957550010044
RARG,-1.124559245285918
B3GNT9,2.4627019495549276
CACUL1,-0.5467930075977767
CDKN2B,-0.8029531923100667
CXCL1,-1.3955811722005838
CDKN2D,1.0221332179555567
NEB,-1.1277874513019854
PLAGL2,2.6176819464055807
YIPF4,0.9653095797086656
CCL2,-0.5064879640795653
NFATC1,-1.6453575466062684
PER3,-0.866614639145959
FOXA3,-0.6093670418109408
FOXA2,-0.04757625404375535
EPS8L1,-1.4760155295897237
UBP1,-0.7587646122304087
GTF2IRD1,-1.0653520283836875
EPAS1,0.2854233068527052
DEPDC5,-0.775118284059587
SLC22A5,1.9209208176862855
ELOA,-0.7536816446052489
FLT1,-0.20409817390117954
PODN,-0.5488116729273395
S1PR1,-1.5491243902566616
AAMP,-0.0382867098516758
IL6R,-1.2943215510568808
ASIC2,0.17814049509466853
LRRFIP2,-0.22517652688790354
ICE2,-0.6938719181307361
IRS2,-1.3182088546166264
OBSCN,-0.9506029899313576
CEP57,-0.5563853461958774
CYP17A1,3.196403643629429
RGL3,-0.265980471936817
XPR1,0.1680159658121548
PRKCH,-0.10228922726233515
PRKCD,0.682822061268488
SOX11,-0.7763128323453531
HIST1H3H,-1.25247285177883
NRIP2,-1.2238491098257687
FKBP14,1.9221256095714712
FKBP15,-0.3484542467260914
TBX21,-1.3364833810785657
PPP4R1,1.0287912566023794
PPP1R3D,0.022149325151547883
MAP3K3,-1.3380141903213592
MAP3K6,-0.9798411999533393
ZNF575,-0.5816479984790746
ZNF576,-0.4418749764345914
KIAA0319L,2.5964822558194545
CTSL,1.1309583221226929
PASK,0.37571368756385864
OMA1,0.8487370283161308
PCYT1A,2.4864976751016115
HIRA,-1.0769815122619195
CXCL8,-1.2140833660098986
SPEG,-1.030569273240761
FGFR1,-1.8088088016942363
GFOD2,-0.1694770708948286
AHNAK,0.8231378335153724
AFF4,0.16315892351460823
PDPR,0.5870572809180397
GUCA2A,-0.5407039596726014
FOS,-1.6488880712277645
HOMEZ,-1.2005596695036633
PLPP6,1.1490631246402487
ST8SIA4,0.20881693438013746
ZBTB4,-1.251459994707223
PRL,-2.1330176893354853
DMAC2,0.25019620528466924
KRT1,-1.6394716242528034
IL1B,0.24684785956587513
KRT8,1.1237498410575195
SIK2,-1.2936156030105794
RABEP2,1.8562346423224156
PENK,-1.3975941557688636
ZIM2,-1.8852277327511142
BCL11A,-1.3178646811019523
SALL1,-1.0186911986730092
SALL3,-0.8475645401637649
CD180,-1.4696436678868534
CYP1A1,-0.5853710015308385
IL10,-1.7578914441330191
IL11,-1.3886722037114363
WNT4,-0.646597623295974
IL6,-0.13493026348909623
IL4,-1.5249406463208834
IL2,-1.778916603603945
STX17,0.09845719904844183
HIST1H2AK,-0.8063284906473702
RUNX1T1,-1.3735962212763542
ANKRD16,-1.0554492354867997
TXNL4B,-0.6753180039979109
KLF13,-0.8137515430698444
KLF12,-1.2058095541794303
KLF11,-0.6742392211037443
KLF17,-1.4564017362776278
KLF16,-1.1286737173841417
KLF15,-1.1163784813338924
SP6,-0.191915428479629
NT5C2,-0.6024091888871147
SLC44A2,0.564225978033236
ANXA2,0.8921873732961149
ZBTB7A,0.8604112154159975
SLC44A5,0.1870041442653955
ZBTB7B,1.209041495510976
CYP2A6,-0.12648563853628586
UTY,-1.3171218215209548
CDKN2C,-1.1887983874494303
AOC2,-0.5173452379935851
MFHAS1,-0.9485383684542288
INPP4A,-0.7285718627485348
PHC2,-0.8569220449581615
RNASEL,-1.1051729842176365
ZNF367,-1.0417097219842044
ANKHD1-EIF4EBP3,-0.4574811095021589
BRSK1,-1.1344244542927628
TLR7,-1.2867625988803462
ZNF213,-0.8900036143993643
NFKBIB,-0.7486223696593219
NFKBID,-1.1738940960255704
NOX5,-0.4619363787710945
NR5A2,-0.7961421196548919
DLX4,-1.400052993307302
HIST1H2BF,-1.0086877968466905
FGF9,-1.0421436912152586
HIST1H2BN,-1.417525057719844
FGF4,-1.5179708811065111
HIST1H2BJ,-1.3632497138357418
MISP,-0.06749500916086587
SLC25A40,1.9087343201220144
TOX2,-1.0500328657945084
JAZF1,-0.870640272240164
RAB8A,-0.4557892245847632
SGCG,-0.6988427189674626
DUSP5,-0.6439109840747157
LRRC8E,-0.32201900035604675
ANKS1B,-1.265753111161216
ANKS1A,-0.9053066557571307
HEY1,-1.0053435436173757
METTL9,0.24631914282146297
ACTRT1,-0.7291886074963544
LEP,-0.8059868825663646
PITPNM1,1.7997282466506148
NKX3-1,-1.080663570425849
PITPNM2,0.02240573885928496
TBC1D17,-0.5379132254001209
SP8,-1.3638950792573687
ADAM17,0.4074157170660935
DNASE1,-0.5660335508956889
TLX3,-1.3581832898280684
UNC45B,-0.8627769972523662
ZBTB40,-1.0533658868370706
ZBTB44,-0.8459944817591212
BRAF,-1.2756308063383772
PCSK1,-0.805306710869444
PCSK5,-0.37831159185065666
HIPK2,0.8431435274164315
PMP22,-1.149865211151847
ZNF683,-2.0321919316345647
MT-ATP6,3.6695550322479065
PAPPA,-0.5337282719954111
MIF,-0.4356401143229408
AHR,1.6193776551156627
FDX1,0.028719603225540485
KLC4,0.1828003410881335
MMP12,0.3557015746238742
CDKN1C,-1.1246284912987077
BAZ2A,-1.630255969493111
EDNRB,-1.3827967632436264
STX11,-0.7279764875790423
APOB,3.35609161405561
TADA2B,-0.8638476221294524
ZNF512,-0.9771832308657682
ZNF513,-1.0249884953663224
HOXC11,-1.3900578834018982
HOXC10,-1.1256460348885944
VEGFB,-0.13219422665338199
LHX4,-1.1748093088223375
TCN2,-0.7488797500977329
ZNF358,1.1756658118778798
AP3M2,2.017116088383528
COX7A1,-0.7820164269295653
CCDC186,1.1242443071009336
HMBS,2.1575345816931484
HIP1,-0.3694122497637307
DMPK,2.021700047965477
STYX,-0.5893959518938635
ABTB1,-0.9248147755232013
SPIB,-1.2461217321595721
LTF,-0.5724580202749873
AFDN,-0.7089831681417395
TP73,-1.205802882036305
LMOD1,-1.0928016630377988
GPATCH2L,-0.8580776057686731
NUBP2,2.494788561002711
CCNA1,-0.8620646378213104
VPS29,-0.1396476417945749
ESYT1,2.0718812234399513
PGR,-0.895272496285073
CXCR4,-1.5686469081649077
JAG2,-0.8666100634432695
KLF10,-0.5151144218183484
E2F7,-0.9822268965380095
CA9,0.4051669614728857
E2F2,-1.3280412746023935
PPP1R13B,-1.035212933195525
MGAT4B,2.894876026471266
PPP1R13L,-0.09214717800471961
EVA1C,0.2635377048299066
TNRC6A,-0.7638141061173501
GATA5,-1.0955387465752358
ARHGEF2,-0.7307068253767518
CDH15,-1.0834517055597608
MEF2C,0.9511201281388306
ZNF232,-1.216075849000844
CLCF1,-1.231250507422741
GH2,-1.0222747477813712
SPRY2,-0.9044706697973454
CSF3,-1.232153530444226
PLEKHA6,0.222073083009792
RRAD,0.40558093656310445
ZNF691,-0.4446365037407218
CEP68,-1.1406591676746909
SLC44A4,0.4984352046283118
ATP7A,0.6002583264749878
COPZ1,1.8368016852690847
SUV39H1,-1.4330201113864445
CDC42BPB,-0.733465287221658
SHH,-0.10311778998984181
EPOR,-1.3055923306760866
PLA2G15,2.1736107416762325
NR0B1,-1.1875225441531005
ZNF503,-1.1868511282297474
PCNT,-0.9653056120502531
INTS11,0.8040918479911314
INTS10,-0.5518731620303517
INTS14,-0.13111998866373084
USF2,-0.4554245513564032
FBXO24,-1.5410557940666076
SATB1,-1.2925881119188987
STX5,1.7321970099179154
STX6,2.2243758893922045
SLC5A1,0.2377840385642815
RAVER1,-0.608266452466743
ZBTB3,-0.9185423381149206
ZBTB6,1.1919165148683113
ZBTB5,-0.8628691110703087
CYP21A2,3.717953646818373
ANKRD30BL,-1.1283061007711073
CHRM1,-1.2924886812882588
ABI2,-0.5897840457501703
ROCK2,-0.8314499776862572
CYP2C19,-0.08788545766010922
MMP9,-1.4433011109085385
CD209,-1.0150613342638946
CLN3,0.8865121683092815
ENSA,2.4086527063772323
LRRC4,-0.7541065301367545
AQP7,-0.493849067118209
ACOT8,-0.05876047591295951
ADCY2,-2.4591079412382326
KIF27,-0.24283223819269592
ADCY9,-1.6147650571074792
DOCK8,-1.1354636822867739
ATRAID,2.0507427043861224
MED26,-0.8651821384868732
KANSL3,-0.7675512014978725
MEIS2,-1.353623998416772
MEIS1,-1.7285236105384054
PLEKHB1,-0.8897774055978486
JUP,1.1374033312144696
PARP8,-0.5700282672264343
MIER1,-0.6362037385198284
BTK,-1.5647078022602818
IL13RA1,1.0426135154836058
HIST1H2AH,-1.0431211273737173
FGF22,-0.6867745520647852
TBX3,-0.7678158049702972
ZNF32,-0.4954223462871822
C18orf25,-0.4251267006100464
ZHX2,-0.9920563069779317
SUSD2,0.19277550689646608
PUS10,0.7527826996232215
MT-ND5,0.19239118383257828
MT-ND4,0.02437179418936884
ZNF785,-1.224380051659534
FOXD2,-0.8549908181429813
ATRN,3.106727495748728
ZDHHC7,-0.05170396672350519
ATL2,-0.20507556780551775
ZNF408,-1.0034401611265142
LENG1,-0.7275973619241048
SNTB2,-0.7390134340332596
MYBL1,-1.1988583431352826
CORO1A,-1.2376401773278327
SOD2,0.5100255018296321
PRDM4,-0.9691220377184189
PRDM5,-1.4637895654883057
PTHLH,-0.8843151548445468
PDXDC1,2.400974203695652
SLC22A1,0.17468919656515614
PDE6D,-0.5009985143027104
SPOP,-1.0803500410136613
GTPBP2,1.6436979219696768
CASP6,-0.35586666500211833
TSEN34,0.08176806470175144
NCAPH2,-0.7722576621662631
CASP2,-0.9729649261684222
CASP9,-0.6717799331053521
PURA,0.7124853232716037
PORCN,1.8472444061299347
QTRT1,0.3430250527350877
GLG1,0.12305327028771201
LRFN5,-1.0249311776688608
RCAN1,-0.4989726679481587
ZNF222,-1.0645909850059896
ALOX5,-1.1981226605373916
COG7,9.538288815402868
SNAPC3,1.3944651875784988
SNAPC2,0.03267998209841376
TIMM10B,-0.22463125334908732
SNAPC4,-0.9231229128959177
SERPINB2,-0.8247923835271255
TAF13,-0.7450634232891958
KLHDC3,0.08139288952984197
AKT1S1,-0.0067681840041490995
ZBTB37,-0.8676204073687174
RASL11A,-0.9478048374818303
HIST1H2BL,-1.2254809974348893
KIF3A,-0.7864408355092547
IVL,0.002893370168097412
FNBP1,-1.018581004085649
PCDHB16,0.9628405572431319
MPZL1,2.467910087638555
HCFC1R1,1.7061944882395905
FGF19,-0.9080896401466803
CITED2,-0.329631480314641
CGB8,-0.7100224870193595
ELL3,-0.7194675046916978
DTNA,-0.8202080222297892
CNTLN,-0.3747667691306778
ZNF524,-0.19782311784970263
GTPBP1,-0.4945173447558912
DCAF11,0.956930155084995
DCAF17,-0.179432121804513
DSCAM,-1.5535034359069866
FEZF1,-1.136625090512371
FEZF2,-1.1768479870721835
SLC35E1,2.4449002572818896
DAPK3,1.4939398332967397
EIPR1,0.14278357474037048
KCNJ11,1.1059083364751556
ULK4,-0.7331764804473843
KCNJ14,-1.1088871512071803
POU4F1,-1.4108241365375433
RNLS,-0.5699046828972254
PTPRJ,3.164040717043619
PGAP1,2.5347153592600935
ZFY,-1.1773900712850016
ANKRD23,-0.9897344453605582
MANF,4.424395492256268
IRAK1,0.720360794596649
ZFYVE21,-0.14647703135886667
GATA4,-1.0806079021866246
CCND2,-1.132737923361078
SNAP29,2.2807528453007113
ATF7IP2,-0.8683045113426492
PRR14,-0.3813169632544212
CSRP3,-1.1598451326571164
RASL10A,-1.3978197270990127
ACVR1B,-0.9581811944987743
PANK3,0.012372977617508501
PDLIM2,-0.47383754474756123
SCGN,-0.14542164747011505
RPRD2,-0.779885659791256
TNK1,2.3901045937722736
TFAP4,-1.0235920166098316
KRT16,-1.1812625013566789
ABCB10,1.5057557002444761
PRDM1,-0.8470958853014205
HES1,-0.9765516466498921
KRT19,-0.7613013390109702
KRT18,-0.6251556656662842
KLHL24,-1.2445310643836303
CAPNS1,1.1532032635295917
TLE3,-0.9000320186485464
PAG1,-0.6437344791219326
KLHL28,-1.1215332148747805
TLE4,-1.167748644828223
TAF10,1.1002813607039137
HIST1H2BK,-1.1848935287439135
TLR8,-1.1616542572735489
ZNF212,-0.8319879853840996
RXRA,-1.0813257319997653
RXRB,-0.8157203423144371
GLO1,0.9136146958410316
BCLAF3,-0.4196974632503498
NTS,-1.0192681547624984
IGSF3,-0.08564071783804733
MITF,-1.1618011806471085
MYOG,-1.5399518696785632
ZNF646,-0.8042576723134153
HSD17B1,0.01704820020213373
ZNF644,-0.5944277512347388
HSD17B4,0.13782798951522426
SLC37A1,0.356993488379338
BACE1,-0.660511020885752
KIF13A,-0.9350372999994373
ZNF467,-1.1747986013994354
ZFPM2,-1.1934575894455528
PKP3,1.6083405817702379
EGF,-0.7914347651102857
SLC25A10,-0.08038134595124505
SLC12A4,2.6531248807609624
EXT1,2.5589699065907516
CNOT3,-0.7113500529903274
ARID1A,-1.0083935374540827
ZNF280A,-1.4914382331341787
YIPF1,1.4086054324640107
CNOT4,-1.069151814698738
TYR,-1.3892179846539088
STAR,-0.21905973830878814
ALG1,3.341502979548968
ARL4A,-0.627402272232688
SLC11A2,0.057837283963551964
GCC1,1.9803278284075587
SMYD4,-1.4033427842748831
IRF1,-0.3524203053870658
PCNX1,0.8472140794915229
CD99,1.7445864898756038
MAOB,0.6659452963250244
MAOA,-0.6332266087954729
SNX27,-0.832379686960984
HDAC7,-1.327924169418879
CASP7,-0.27376292767017546
ZBTB10,1.4629875497976839
SNCAIP,-0.903977311317256
TRAPPC12,-0.40421485418947267
CNOT9,-0.6277585213651846
ASCL2,-0.6761380288276867
OMG,-1.4848522243066016
KIF1A,-0.9429481203243075
KIF1B,0.6685180004478628
NEU1,2.13108999757164
SOX8,-0.8323745870477249
RPRD1B,-0.548251602319533
SOX5,-1.2847211172369957
SERTAD3,-0.9183913622832142
BIK,0.13949873366705642
RAD54B,-1.2713755113307448
CEBPD,-0.09205857894760033
PITPNA,2.8148275776113185
MED14,0.9330770173535815
ABCB6,-0.14688031583433453
LMAN2L,1.3750902200764175
INTS3,-0.5697798619819266
INTS2,-0.27327405002013927
INTS7,-0.344855146208479
NOTCH4,1.7421701605345077
PPM1N,-1.9062632867281233
HSF1,-0.6041845578360258
CASP8AP2,-0.909460945509935
ZNF384,-0.7242859310465165
LINGO1,-0.9532397594586797
BHLHE41,-1.008290710867193
GADD45B,-0.9913155228183493
CETP,-0.9993145158239638
SLC25A28,-0.35724757558980197
MAN1A2,2.9844682055626786
KIT,-0.1403534379977065
MYT1,-0.8681192268322871
ZNF274,-1.1062476327209037
LRTM1,-1.2442576735810555
SDHAF2,-0.3884522398694175
GBP1,0.12415837213676391
CYP19A1,0.22175344818792228
RPAP2,-0.6484765059188865
INSM1,-1.2803054634710282
STRN,1.194071778016035
EGLN2,0.09839780529511252
TFDP2,-0.8231609322080671
CADPS2,-0.9964970591652448
CCDC14,-0.7852721350048502
APH1A,0.42325636876534495
STAT2,-1.208299442643024
CD83,-0.9248320854498663
CHRNB4,0.23739812580606698
HBEGF,-1.23512397729878
MARK1,-1.259545937591334
FOSL2,-1.0294707604662257
CYP7A1,-0.15608006616157402
PWWP2A,-0.9178741275964875
DYRK1B,-1.32526324024905
NEAT1,-1.8339657426807288
ISOC2,0.3053435345156741
GNAT2,-1.9929902167473292
ZZEF1,-0.8799724094330449
PDE4D,-1.249500053277486
STIM1,1.8442563208556877
MAP4K4,-0.7021117536044975
WT1,-1.2436548977370576
LIMK2,-0.5026725567504915
WASL,-0.8663850661376743
TEAD3,-0.6508661858335919
TEAD1,-0.36320557939502524
TEAD4,-0.5343760012665095
PTPN21,-1.1081943871779831
ESRRG,-0.9798664543911523
HSPB3,-0.4270799945644153
OPRK1,-2.1821787956600147
ZNF710,-0.5015484771787917
ZNF711,-1.0312810253159725
DHCR7,2.349687640471241
CASP10,-1.5405744123826275
BDNF,-1.4796955097471487
ZNF76,-0.9015921989559713
ZNF668,-0.9808762284790109
MSRB1,0.46116008556770555
RSPRY1,3.598067015725516
HELZ2,-0.8987064556232829
GIPC1,1.3956208632427582
ZKSCAN4,-1.0143328714570423
PDGFC,-0.59802818817621
BET1L,3.1746164385383704
TAF8,-0.5822022605254221
DDAH2,-0.2320076297068012
RTN4RL1,-0.9951642854543274
DDIAS,-0.8617194141495924
IKZF2,-1.3043644215082926
CGN,-0.8167207972295233
HMGA2,-0.8021432803306321
ID2,-0.757558682211104
SREBF1,-0.6867185207581723
TADA3,-0.5450623631133008
ARL4D,-0.5402495945585262
FSHB,-0.6706026163376305
GLI4,-1.1783145925489562
LUZP1,-0.64368226070826
ARMC5,-0.7315125615370972
NFIC,-0.7267320948016218
NFIB,-0.7662863595337609
CD163,0.21993881310107422
KDM8,-0.7254079405025436
NFIX,-1.0257814315598657
MCCC1,-0.272429466100725
TMEM80,0.3676208009985755
ZNF830,-0.5501478120478978
FKTN,0.3136444344455817
TSC1,-1.4540840931494343
PIN4,-0.1799392604071124
RCBTB2,-0.35126469941272076
SYNJ2BP,1.2623250158096686
NUDT6,-0.3813531267651969
TJP2,-0.8029002478722093
ERCC8,-0.7656323535395491
UVSSA,-0.6326702058459851
NSMCE4A,-0.7920643454224058
DVL3,-1.3444312845198652
BDH2,-0.45487376578717864
ZNF518A,-0.5448047720808609
LOC107984056,0.3109956923287759
GNPAT,0.23107189969130426
DCTD,0.47916744231309005
HSPB11,-0.4857584914998967
PARP3,0.4538574907863322
POLE4,-0.3886067205534191
LIPT1,0.7091392304081051
CEP164,-0.7565331404686044
PPCDC,-0.8035401008472834
SLC38A2,1.4850011044781926
MLLT3,-0.8059333737602481
ARID3A,-0.7673121914942914
MLH3,1.8371078812576622
LYRM1,-0.1049532073891537
ABITRAM,5.170826184624726
PMS2,-0.14467218369069504
BCHE,-0.8214624211895921
ABHD10,-0.38468897611834196
MUTYH,-0.5588800012771873
SPHAR,0.23250447811091993
HUS1,0.7771914764408645
POLD3,-0.9364343430706651
PDCD4,-0.7202108706871556
SETMAR,-0.9962071285472844
IFNA1,-1.2952899849215904
DDX58,-0.8471734867477474
PCSK7,-0.2933376722851724
PCSK4,-1.6673435412350996
METTL18,2.079544802763463
NPRL2,-0.955172425208264
MBTD1,-1.3061250662923494
TCF19,-0.957243924732804
ETAA1,-0.22328285822056945
TMEM267,0.7678624088395615
ZNF341,-1.4460814291423016
BICD2,1.7394710458168003
ITGAD,-0.6628728909348645
GOLPH3L,3.914292876719118
PELI1,-0.42310796221570596
LMO4,-0.928606121195336
ABCA2,-0.7001562727571119
JRKL,1.991182764004336
HSD17B2,0.5963077159906145
ITGB8,-0.8387016385069024
MAP3K12,-0.5533085773983222
ITLN1,1.0830934396709484
CBR4,-0.3429312436919352
FUT8,10.004526578802633
CHI3L1,-0.852519565312546
MDM1,-0.4428616624018752
WNT10A,-0.6871186475262733
MIPEP,-0.09701569153793303
PTAR1,1.186961138250941
FCHSD2,-0.8422405381182265
CASD1,1.8418784960468149
DPYSL2,0.4626246826620714
IRF2,-1.1998898054529035
CIB3,-1.3409876533918024
MTO1,0.02860912520368556
BPI,-0.7341898429261988
SLC20A1,2.0352582749264427
BCKDHA,-0.061362385155338206
AGER,-0.6116692005681859
CHSY1,3.12957500340066
MAP3K4,-1.1376452314528218
PRPSAP2,-0.4650075608672752
LRRC1,-0.7479971601139368
PTGS2,-1.0530235288957
ADCY7,-1.8653701416101585
MYCBP,0.40389450570990704
MSANTD2,0.3722197385925138
UNC119B,0.39737673962753156
AFF1,-1.0105467829119417
UBXN2B,-0.21244190538999602
SPANXN2,-0.4466165592441737
SEC14L1,-0.3853199485489104
ADAMTS12,1.9152932250306798
ING3,-1.0281105462891422
DBR1,3.272261061076099
MEMO1,-0.23179031503400668
LRRN3,-0.9058784570778937
NMI,-0.722595839236163
ANKRD10,-0.8342720618817911
TSC22D2,-0.5361542869835229
LRRC8B,-0.8842351331436973
GGNBP2,-0.5159790972713223
PARG,2.317234308943339
MTM1,-0.47703753967283813
SPAG1,2.1761348844012662
HHEX,-0.6646226381253145
ULBP3,-0.3569326247701302
SAMD8,0.6479830358836157
MTFR1,2.730080820011354
BTG1,-0.9217196931178069
GABPAP,-0.956916094982649
ASTE1,-0.24056335346059204
AUTS2,-1.0825730836762488
RMI1,-0.8230811904966874
DNASE2,0.5033776295487231
SGCZ,-0.2105099653813151
BMF,-0.6669766868670648
SNRK,-1.1784605738913367
FOXN3,-1.294752496123971
RANGRF,0.41431137826919856
TTI2,-0.04345274408558882
URM1,3.1515459605156018
NDUFA9,1.8384912982967334
MPV17,1.7972283420935455
NCAPD3,-0.6738428458534113
CIZ1,1.1400982541168883
EMC8,0.15423564819057128
ASPM,-0.9043038579890986
TBCB,1.2910572470745316
HMGB3,-0.8214319598056252
ZFP36L2,-0.8688640174179252
CDCA4,-0.7576884390429638
COBLL1,-0.4613708638358881
TLN2,-0.9793439484060296
TMEM100,-0.1754473369811886
UFD1,1.048334424871177
FGG,-0.8485076402590452
PHLDB2,-0.8646674996254937
HSD17B10,0.1395163158865613
CBX8,-0.9958013329771694
FANCI,-0.877379173661712
JPT2,-0.24062618188462134
ENDOG,-0.0338766657401713
AICDA,-0.8446471553459995
POLR3K,1.7148059471160857
NSFL1C,0.05716560059901502
DNAJC21,0.010316141401453163
PDCL3,0.18575779178756294
PRKAB1,1.8867995560146158
GINS2,-0.8431788461150392
MARCKSL1,1.2929161994397391
PTP4A3,-0.73219559307513
ADRB2,-1.1977027819396355
PALB2,-1.0543727867634485
SOX2,-1.594418655087504
RBMS2,-0.19193255368346485
PEX14,-0.06856354128914757
NLRP6,-0.5872869975026301
FAM83D,-0.6673214456968748
MTPN,-0.4501506917170339
MPPED2,0.27009533747081815
NDUFS6,-0.12609692755252527
CKAP2,-0.8389239133394946
TMEM109,2.400965534860409
CENPW,-0.9646813887692817
TRMT12,-0.246805599558444
EVI5,-0.6531283267470263
COG2,2.55913735244559
KLHL7,-0.3436025889905549
TROAP,-1.0290429107990027
H2AFJ,-1.3075162678006162
NPLOC4,0.0018358647555686018
HSPA12B,-0.27059044814506805
HSPA12A,-0.170029796638326
TBRG4,-0.1604091885330357
AIRE,-1.1114697225653252
BCAP31,3.9319709078561234
STOML2,0.022152329694158254
PSMB9,-1.3031834677838536
PSMB7,1.0436477873636099
PSMB2,0.8538298896192587
ZC3HC1,-0.2258704212830405
PLS3,1.649766892336204
AP5Z1,0.14080278215635098
BICD1,3.4224554588034697
PLPPR3,1.365630924778096
NDUFB9,-0.09998176901239526
DYNLL2,2.2588224203232925
SERPINC1,-0.5017165689857647
GADD45G,-0.9115352013860483
CCDC13,-1.0234609098408598
ZNF648,-0.9303236647696994
KIF5C,-0.6516208538557053
GABRG3,-1.29443508996063
GABRG1,-0.6841514578878062
CCDC113,-1.3902653999214563
ZNF124,-1.2347985908699948
GPRASP2,-0.6182001150760338
GABRA6,-1.1571043971892707
CPA1,-0.47660316078771575
ING5,-0.9556185672660877
C7orf25,4.742259982385323
DNAH7,-1.8497936029893531
DNAH5,-0.37053475785987566
DNAH8,-1.0485704387406274
GABRP,-0.49128014009195514
MSGN1,-0.844061546225607
GABRE,0.11244951247214355
CNRIP1,-0.0038188590339211926
DEFB1,0.4935767853843921
AHI1,-0.5828442852615764
TRPC3,-1.4288731331344429
GABRA4,-1.1095760277512932
GABRA3,-0.8192017269216506
GABRA2,-1.274635380829036
DYNC2H1,2.2091432201314927
GABRG2,-1.3866403212371958
PDCD7,-0.4324156496036382
PFDN1,-0.383130402480735
DNAH3,-1.2364366154046749
COL9A2,-0.9652206580017716
CEP126,-0.7551898415369968
NEUROD1,-1.5281128061637077
NTN1,-0.15332508348589
ZMAT2,-0.5801049749318475
GABRQ,-1.325684662935098
C1orf216,-0.7410337401600043
NTF3,-1.2071033489902
TAF6L,1.5760074129910058
NAP1L5,-0.9737904438846527
TGFA,-0.6108913768607369
DNAI2,-1.8220641832953823
DNAL4,-0.5724389705626165
RHPN1,-0.8205168547490824
LZTS1,-1.319158008736589
MMP7,-0.8669977152003854
PPP1R18,-1.0338201790556971
ZIC3,-1.4597766162381085
FOXK2,-0.8223594437011041
DNAAF3,0.4300016209083073
SORL1,-0.9030966693558375
PP2D1,-2.003354965917316
NCALD,-1.2739554644758257
CCZ1B,0.10479220740745608
SPHK1,-0.6132895591829932
GFI1,-1.5645242382132059
ACTRT2,-2.040330951077819
HOXA2,-1.3145267422087639
MON1A,4.3220986021597
RMC1,0.387332349298926
HIF3A,-1.2445723676761142
JPH1,-0.6910273795761177
VRTN,-0.62588908091335
PCDH11Y,-1.45132654528703
LRRTM2,-1.351570707567151
PPP2R2B,-1.7497249783025925
ENC1,-0.6693416924889986
ZNF770,-0.6652374949684832
RASL10B,-0.23079603978438729
RIT2,-1.3501170339641824
KSR1,-1.4459993778838842
KCNQ2,-1.2203994403150105
RPS6KA6,-1.4158288139091615
DNAJC4,-0.7215189641089548
TMEM74B,-0.5916302027518288
ZSWIM1,-1.0336946508055591
TCEA2,-0.8154917786247413
ETV3,-0.13385019737101891
ZMYM3,-0.704907427571012
PDE1B,-1.1678562197652083
OR3A3,-1.5477819705713314
LRRC7,-1.007111723849646
SCN8A,-1.3605591217622042
AP3B2,-1.1775673109098632
ROS1,-1.5635324667740316
WNT10B,-1.142468873859766
CDH4,-1.3518015711620341
GDAP1L1,-0.6204947728901956
PRRG3,-1.6928203958353227
PKDREJ,-1.1222823728821183
BMX,-1.5067521936617214
DPYSL4,-0.7666010608645791
TEK,-1.586771033708877
PPP1R14D,-0.19125880875366016
SARDH,-0.5965790330546639
OR1D2,-1.3412340332260253
NEURL1,-1.0120828100672
FANCC,-0.07719583043135303
TGFBR3,-0.7129648969569511
RIT1,-0.43635310755765394
MERTK,-1.0164356022679353
TM6SF2,-0.6115782917296936
NPAP1,-1.1947892962942654
OR10H2,-1.8043584846533967
SLC22A13,-1.314101638996712
AGRN,2.0077495562692413
ZMAT4,-1.1968130120706983
CNIH2,0.4278841518098596
CHRM2,-1.1103294156282717
CPLX2,-1.2117429272314535
TLX1,-1.5222923707729565
KRT38,-1.711879363051719
OR10C1,-1.6249826539316605
MAP3K9,1.9972392463599502
SFTPB,-1.420831707037252
STYK1,-1.1555041681118303
DCC,-0.6104951824418664
HRH3,-1.7616643533833611
HOXD9,1.1212351405684393
BRD3,-1.4552089235861028
LRTM2,-1.321210257855432
ARHGEF4,-0.9140173378820837
ACTL8,-0.8361305700760003
SEPT3,-0.9435837899431256
TNRC18,-0.2720427287816631
TSHZ2,-0.7683275718250789
ST8SIA2,2.2679853858827643
ATP6V1G2,2.2367041865345803
MAGEC3,-1.2361006107745711
DNAAF2,-0.6534712291228892
CBLN1,-0.9490957415452874
EPB41L5,0.38747372047964473
CCDC33,-1.4813608347745053
KCNH3,-0.7046037091127088
OR1F1,-1.795313042798759
HLA-DOA,-1.2605309067910244
HLCS,-0.23802229038757677
CDH18,-0.10152015769892136
NCKIPSD,-1.6873430808536336
MINK1,1.0428340562244116
PRICKLE3,-0.535446661049315
NAP1L2,-0.16139889749998101
RGS7,-1.5445562007061575
KCNS1,-0.26709185068580854
CNMD,-1.5308638413120914
CYP2A7,-1.017751383702064
FXYD7,-1.054465130005438
TTC7A,0.17622855991033137
NDST3,3.6362414089634716
SCAMP5,0.14954598893390897
BRINP1,-1.3350459219844526
CALN1,-1.0831284418027607
KCTD17,1.2564847139160356
ZKSCAN3,-1.6576224171017557
EXD3,-0.3854629384923126
DCLK1,-1.4936019273230006
OAS3,-0.8249645876391444
BTBD17,-0.7515676454477613
BEX1,-1.2626272838649868
CPA2,-1.3281924815826196
LZTS3,-1.0852626615560517
PLPPR1,1.1817271894708323
WFDC8,-1.1701409612857687
KIF3C,-0.8928064347475273
OR7C2,-1.40098144882023
HECW1,-1.5758638485846401
CLDN10,-1.0081947747561395
CNKSR2,-1.413476302139919
UNC13A,-1.0169088162829771
KCNB2,-1.4148262094622233
KHDRBS2,-1.4512167975601762
ATCAY,-0.7524467237298422
ZNF483,-0.7350320511498564
IFNA5,-1.7201114236277741
NNAT,-1.2023669347389376
OCLM,-0.891218895617273
MEPE,-0.6640930166083748
FAM155B,-0.703755210387263
DGKB,-0.5644121229991186
BEX2,-1.332237253280646
SHOX,-1.828220270028066
GPC4,2.52276584959725
MYNN,-0.40806107156114796
KLHDC8A,-0.7505198739271284
CCDC189,-1.1147158653418907
SCGB1D2,-0.49336066752831464
SPPL3,0.4027033263448956
SLC2A12,1.77919995354812
SLC18A1,0.7584501111266772
HM13,4.226252313120247
TPRA1,2.8373788883838165
SLC6A15,-0.4153750236341893
SLC39A8,0.3735108295837379
SPPL2C,2.2119313212414475
SLC15A1,-0.5912317432292165
CHRND,-0.5488058272473005
YIPF3,1.6933791596870882
SPPL2B,0.35087810148738197
GOLIM4,2.662398426693714
SSPN,-0.5658406909003395
RAET1E,0.1531423982367248
MRAP2,-0.15894385623115131
FCHO2,-0.6388695453167359
PARD6B,-0.5793590486534449
RAB5C,1.2156554755379347
COG3,3.476072441454099
EXTL2,0.4527838663919767
COG6,2.0210268312512865
COG4,2.8899130175734196
NFAT5,-1.0978933529251393
ROBO1,0.8774423614570876
PPFIBP1,-0.5418534760480296
AP4S1,2.785078712733977
HAUS7,-0.18517124172822988
SURF4,1.8668026543149088
EME1,-0.7540655200982588
GOSR2,2.2335412615113435
SLC39A4,2.1356235058624176
DSG2,-0.027054298809510133
YKT6,3.1469507525814917
GOLM1,3.275066790647586
POMK,1.2206072605773173
TACC1,0.8397931402528207
UST,1.3261617894247129
TRDN,-0.21929876435105009
C5orf24,0.11963553715335162
KCNS3,-0.3020017494798688
FCGRT,1.8200726520446768
COG1,3.3086634231278182
ACBD5,2.8938449416592205
AP4E1,-0.43921395430681826
BATF3,-0.746866204317082
PON2,1.6385840263359366
FUT1,3.291954958541778
OPA3,0.4796080189950903
PHYHIPL,0.41936967261432523
TNFRSF17,-0.9007741829007156
PCDHGB1,-0.43445465593377885
PCDHGB4,-0.2342795694412315
HSD17B6,3.0884398321495743
HAO1,-0.27602348874441207
TIMM23,0.10151181758520213
VPS8,-0.07773259980734865
NAPG,1.5303018115930656
METTL14,2.255408007726667
ARHGAP17,-0.6783283715800984
MX1,-1.1636168049032127
MED11,-0.13045515663634288
DYNC2LI1,2.1220246856563176
SENP5,-0.6081626231655961
EPS15L1,-0.7264129671863081
OTUD3,-0.5981545982294204
MX2,-1.2090439593444304
IFT88,-1.0378075705094842
NCLN,2.7376591076975454
SUPV3L1,-0.4338124863348838
TBCCD1,-0.3857381858922576
RINT1,1.2171896228533026
YEATS4,-1.0298418806306953
FAM122B,-0.19032759572875713
MED8,-0.17397493795480654
HCCS,-0.10587173748206156
MLLT11,-0.2756026018070177
TBC1D31,-0.9311444651137836
COX15,-0.1446690853762265
FASTKD1,-0.42560267947943153
TRIT1,-0.4939775711164664
RABL3,0.12799397932635517
MED10,-0.48618591289597035
SCN2B,-0.8815960650538708
NR4A2,-1.0109552036106715
MFF,-0.30509025159784636
MED18,-0.6965658475471586
INPP5F,-0.1984134682290326
INSYN2A,-0.3054069568252834
TTC19,-0.4403485208658743
ZBTB24,-1.0459712021812706
MED29,-0.7416606087896647
MED20,-0.5266144736105994
MED9,-0.6322640015098144
MED27,2.603295967874985
TIMM8A,0.11698520650585686
FAM174A,-0.03858172154743591
MARK4,-1.0292255201699438
ATL1,-0.2556661550862122
ACTR3B,-0.5441393936559918
GTPBP6,0.01864571620078119
GTPBP8,-0.40647384406543857
COQ9,-0.22045530137730848
ACYP1,-0.5155004058819495
TMA16,1.760129822990583
NIT2,0.25667743105524027
MED30,-0.6463183064513234
MED31,-0.8232226170435947
EHD4,-0.005332743217791883
EHD3,0.3394500926874192
SACS,-0.49265537488456723
PEX11B,0.171594821402146
KCTD9,0.16706438507834614
VPS13A,-0.4444143387733548
TXNDC16,1.1976662360820447
MIEF1,2.8964359461302
LOC100996763,0.47365046148535356
LIN7A,-0.7583722693763119
ADCK5,-0.01744330591456019
MYPOP,-1.0568097865698218
KRTAP9-4,-0.6868178813745603
KRTAP26-1,-0.8060796257638926
RPS19BP1,0.13013724684018133
FAM124B,-0.9406834889767307
SEMA4C,-0.2924135138136994
LMNTD2,-0.9964054499136611
LYVE1,-0.5103959880722609
SMOC1,-0.32638732916160657
DGCR6,-0.20825337835120378
XCL2,-1.620332425236373
CXCL16,-1.5166895275864332
AQP1,-0.8565733556241781
CNNM3,-0.5343079569596042
KRTAP3-1,-0.37408487349064423
STAC,-1.3632968884360577
TNIP3,-0.46375398830112735
INO80B-WBP1,-0.8813649477246204
NMU,-1.5870062193780157
TSPAN4,0.9734577349495007
TNS2,-1.3447065556027777
KLK8,-1.0059194679359977
CXCL5,-1.627471763131776
GLRX3,-0.5395298330432963
CARHSP1,-0.38789412634392956
ZNF446,1.1917762572709254
CRY2,-0.3779007159351225
C19orf57,-1.1399981952422695
KRTAP13-3,-0.8096152641177919
KRTAP10-8,0.3034565859010595
LCE3D,-0.7927780835755808
LCE2D,-0.7385257325396999
KRTAP10-1,-1.0414221643831534
SPINK2,-0.5869870635403887
MAP11,0.3639039416343253
DHRS1,-0.16243370214317188
CRACR2A,-1.1947423378451039
DGKQ,1.3978103301878229
FAM221A,-0.8973991570843923
TMEM150A,0.7833886332776473
DMRT3,-0.5729115256239552
PCED1A,-0.2399942760840575
RASD1,-1.237553804632911
PCED1B,-1.000724470154653
DOCK2,-1.4237835965207464
LRFN4,-0.5196454651516764
FZD10,0.7204043894624782
HSBP1,-0.23792773182886726
LCE1D,-0.7887646541512074
LCE1E,-0.7208573110560702
LCE1B,-0.8651837976320219
SELENOM,0.5207004823979233
ATG9A,-0.3378691370372844
KRTAP9-2,1.1525052527274395
KRTAP9-3,-0.880429063359304
KRTAP4-5,-0.8975820733646178
KRTAP4-4,-0.837375107393261
FAM71C,-1.981075518620936
CHRD,-0.7763717835571428
CDK5R1,-0.6688118230813758
ALDH16A1,0.707447552769409
CLDN2,-0.8318518328688753
LOC100996750,-0.5297316324306991
NPPB,-1.396167350852627
CCER1,-1.9376842185644787
HOXB9,-1.04359376204478
GFOD1,-0.39985952111328793
MFSD13A,-0.7613368843772169
KRTAP4-11,-0.7271978130704595
KRTAP10-11,-0.536754265496465
KRTAP10-10,-0.9532789871726005
PID1,-0.52792735554628
KLHL38,-0.7457705139125415
F10,0.08526615428787855
TRIM42,-1.5460753781476915
CRCT1,-0.8399242559567852
ZDHHC1,-0.5969109155001688
TNK2,0.9944184045771969
TCAF1,-0.3485909428169081
TNP2,-1.7752722515711612
KRTAP12-4,-1.1572324221041472
TMEFF2,-0.5553085571584573
ADAMTSL5,2.5761064229510424
KRTAP10-9,0.858868633504177
NPBWR2,-1.6122947034127368
LCE3E,-0.6423605428506179
PLPP2,1.8916588139539396
PRR35,-1.0081399795538482
FARS2,1.4944651511242861
NPDC1,-0.5548803304092861
CTSZ,-0.040886726803471767
LCE3A,-0.656695110836972
RECK,-0.6327815352745891
LCE2B,-1.0102292559037742
OLFM2,-0.2409720910490312
FTHL17,-1.6488486423700712
OTX1,-1.3682764743122624
ZNF837,-1.301650237397871
CHDH,0.1764757425924088
CLEC18A,0.04526543019235217
MXD3,-0.8546889798585812
KRTAP4-12,-1.1903639426566317
KRTAP5-5,-0.7227485275389517
PVR,-0.3940496792847427
SLC22A23,-0.09122859457101537
POMGNT2,2.168041742386207
KRT83,-1.5668195374479437
CST9L,-1.985335948259504
LCE3C,-0.644634538301216
NECTIN3,-0.5357594799941926
WDR25,-0.7473339816589482
CST2,0.3076669199716045
CELF5,-0.9207677988440456
KRTAP12-1,-0.9038363507863921
KRTAP5-11,-0.8644786333108154
LONRF3,-0.8930021394982053
KRTAP5-7,-0.9158962160491975
KRTAP2-3,1.1294249815589195
FAM71E2,-1.4944751082426448
C11orf87,-0.9483990163437436
LCE2C,-0.524241593250168
TRPV6,-0.8035572769862919
ASPSCR1,0.06342954698759225
KRTAP9-8,-0.6177318315156956
PDE9A,-0.6879793164516085
SLC23A2,-0.28507940945950316
NTM,-0.6864978159800006
KRTAP4-2,-0.9767496765875037
HOXA1,-1.3419769609641061
MELTF,-0.3173201256732196
NEU2,0.16552435960818218
KRTAP5-4,-0.6805419922711947
GNMT,0.5739367013379814
LOC102724770,-0.9872234954718277
SPATA24,-1.5959006493112047
CA6,-0.2566111600914353
GNE,1.9964565367090858
PLEKHN1,0.028976032144271607
P2RX7,-1.025453427511063
FAM90A1,-1.1421659029158353
PRPS2,3.1050332883131992
TYMSOS,-0.3211200232929599
TMEM41A,1.0294667619761986
KCTD15,-0.4008037212078869
LCE5A,-0.587017613586993
CATSPER1,-1.1392130072537336
THEMIS2,-1.0489564823523725
HBA1,1.9363624996798106
KCNS2,-0.5989417394344716
FA2H,0.33021650366266847
TTPA,-0.6734794911269543
C19orf66,-0.7691674314437488
TNFAIP8L2-SCNM1,-0.988501327678921
KRTAP13-4,0.2557668610460568
PIGS,10.465944311186844
ICAM4,-0.21994485256455867
RAMP3,-1.4428323921609918
KRTAP13-2,-1.0349980246245805
TMEM231,1.0083228646145257
CTSG,-0.9299095734504432
P2RY6,-1.3546908053771987
BCL6B,-0.7716412218220309
NMUR2,-1.4352415861182102
SLC6A20,-0.5749225058590313
C5orf60,0.0032526029343266085
THAP7,2.0441166284484362
KRTAP12-3,-1.1135223767640001
RGL2,-0.3216361271476762
CERK,-0.6848557941312473
SPATS1,-1.9277087488026297
CHRNG,-0.8270620072404103
TBC1D10C,-0.7717393710511128
PCOTH,1.2671996253673699
RERGL,-0.8972387340415368
ARHGEF16,-0.3261384192901926
ALS2CL,1.203270361802507
LMTK2,-0.771880341778477
DIRAS1,-0.7257589254038599
DIRAS3,-1.0560686217475297
MAU2,-0.5756664514090384
CCDC57,-1.063539586994748
HOXB1,-1.7807155347487829
ZFP36L1,-0.9110301171301387
ARL5C,-0.6857627095098022
MYH13,-1.1708129203533633
TSC2,1.2041578857908215
NAT8,2.5160330615666373
SH2B1,0.7318771480707057
PQLC2,2.146645498458971
BPIFA1,-1.1701047933967477
ABCA3,-0.2578037119197722
NPC1L1,-0.22852829271831435
ARL10,-0.42134182927329006
C1orf61,-1.3433696339154084
BICDL1,-0.2293689977978906
GJB3,-1.3808694524277811
RDH5,-0.6194743011905017
DEFA6,-0.2909750574002461
SLC25A23,-1.2612810280936884
NMUR1,-1.6873022225613885
RAB23,2.055806342245448
RAB25,-0.489831292904376
RAB26,-0.6751993938760587
LMAN1L,-0.1819528460178318
ASB3,-0.8391516977478339
GNG13,-2.025140686723878
ARRDC1,-0.09792538963405331
RFX2,-1.1727169927346925
YIPF2,2.682214040084082
WNT7B,-0.6099019571805071
MASP1,-0.9649345936241047
MRTFA,3.164948121880865
PHKG1,-1.1532017284054175
MRAS,-1.482021622272634
GJA3,-0.9662996612298284
ITIH1,-0.45424694706954827
DIRAS2,-1.207738827870694
CRYBG2,4.014242184270074
RAB19,-0.3583129138052024
WDR24,1.6746434750213721
RAB17,0.11896717080895274
TRIM66,-1.2994927264614438
CNNM2,-0.824046455455406
LPAR2,-1.4938336564073604
RCE1,-0.2843489749003922
AGRP,-1.0807436919679776
MEGF6,-0.4328859348578777
RERG,-0.9600702186769096
ARHGAP35,-0.5451141550476476
EML2,-0.32276618429958953
PARD6A,-0.9363965636510687
BICDL2,0.5881461474326302
RFNG,1.216428573700182
SMPDL3B,-0.12261983220224612
INPP5J,-1.0952865144739545
LZTR1,0.5854584185647106
C16orf70,-0.9073693487630085
CC2D1A,-0.19855449662259297
ARHGAP1,1.8219810496745215
MAML3,-1.0375569465511434
AC099811.2,-0.2179944011613419
SULT2B1,2.098369688255605
FAAP100,1.2774487496661808
POFUT2,3.1246219610357087
LY6D,-0.36735352458371995
GPR68,-1.3272382719945204
RAB9B,-0.47940766917343325
WNT6,-1.6441059685302426
ZMYND10,-1.9167114510690124
SPATA2L,-0.3704095399181984
FXYD3,0.9282220420293841
MAFK,-0.6504149202385712
S100A11P1,2.1489310057845383
CHML,-0.36166192666164126
SPAG11A,-1.1010292107868835
GRTP1,-0.5420650940686866
RASD2,-0.8280785347082227
NEUROG2,-1.2945597238304691
RASL11B,-1.019999362604724
ZNF821,-0.6003430682989238
WFDC2,-0.4350886235544138
IVD,0.5338640645600531
TBC1D2,-0.608722070831905
CTRB2,-0.27731222651787885
WDR90,-0.5254309576225041
RAB39A,2.2984228224526193
TFF2,-0.3522875577511552
RAB36,1.1871342514702696
RAB32,0.744882900152208
RAB30,2.168398625342983
RAB38,-0.283255741797054
ZFPL1,2.845608525191483
ATP9A,0.06272520452144319
GPM6B,-1.0930982687468092
MYRF,-0.05721044682330689
TSPAN6,-0.24168938943495813
RAB27B,-0.4284361171602125
KIAA0930,-0.0403694933511942
GPRC5B,-0.4318121923370394
WFDC1,-0.9262775540301047
DDR1,0.6550440980853465
GPD1L,0.5347952307870465
TRIM2,-0.23414847589452234
DGCR2,-0.09040801523903857
SEC14L5,-1.2317184372952708
DNER,0.017275526197201907
EPB41L1,-0.7391313405687951
QDPR,-0.2570092039387979
RAB33A,-0.5846725739457634
TBCD,-0.4063095193163772
COBL,-0.5077878100449058
RAB37,-0.1794236794792251
BAIAP2,1.049693107414297
RAB4B-EGLN2,0.0017041273517623247
F3,0.9229077524783581
PRG2,-0.9522251142323498
FN3KRP,-0.30923368816456354
CLMN,-1.0179196963733756
LYRM7,0.07311895977185937
IQCC,-0.026677399226239806
SEC31B,0.03114993353186216
EXOC3L4,-0.565679698376331
VSX1,-1.1458240354803777
TBC1D30,-0.690467513996049
INPP5B,-0.8300685892741723
PIP5K1B,-1.281134672048186
ALDH1A1,0.31911771854245763
KRTAP21-2,-1.2222971225465875
KRTAP20-2,-1.2222971225465875
KRTAP20-3,-1.2751724987460449
KRTAP20-1,-1.2222971225465875
KRTAP22-1,-1.2222971225465888
KRTAP19-2,-0.8449653845807491
KRTAP19-3,-1.0731299399157956
KRTAP19-1,-0.9746101052105436
KRTAP19-6,-1.160987449877346
KRTAP19-7,-1.269537381633645
KRTAP19-4,-1.2857780634052338
KRTAP19-5,-1.1763182370556584
KRTAP19-8,-1.2751724987460449
KRTAP8-1,-1.3232231633278586
FAM162B,-1.0446568111607804
BMP5,-1.2541434490698042
HIGD1B,-1.1869648066085188
COX4I2,-0.46503616790454755
CLEC1A,-1.1953328976645976
CALHM4,-0.952801380830951
TRAPPC2L,1.3086301565364695
P4HA3,-0.8172960601443365
MFAP2,-0.16885779802986983
COL4A4,0.025746666988132983
SPINT4,0.6121611370955271
DSC2,-0.8527266078978558
INHBA,-1.0982944792881062
RCN3,-0.20763813735508618
NAPSA,1.666562386381775
COL19A1,-0.5538813182342682
SEC24D,2.893161620882453
COL4A3,-1.083848188545996
COL23A1,-0.35547590305606547
TRAPPC9,-0.030959743380919457
HOXD10,-0.3613854924346965
PLEKHG3,-0.7661670295829363
CNN1,-0.7180520981176042
TRAPPC1,1.2861006658439014
TRAPPC3,1.439339428745918
TRAPPC2,-0.24795619323528822
TRAPPC4,0.20750961819837366
ANGPTL4,-0.6934873053289173
TMEM132A,0.05520186828788463
ITGA8,-0.6159016723723276
ITGA9,-0.7272558603106645
FBXL2,-0.9287695691972767
MMP10,0.1056404133489952
ITGA3,-0.3397760123343223
ITGA6,0.13344405543703905
ITGA7,-0.5878349826593045
SLC26A6,-0.24054028976783323
ITGA10,-0.377931084782646
ITGA11,-0.3959070564499767
LAMB3,-0.6937912158745227
SLC9A5,-0.21136642856450516
A4GALT,8.39757672602022
TRO,-0.7250153174459611
PLCH2,-0.4554928944132134
COL27A1,-0.05780983893366905
ITPKC,-0.6675057448360887
COL10A1,-0.5972966229315076
PRSS53,0.7356722010896499
AREG,-0.5901887224384859
PTGES,2.033441999453715
SPINT1,-0.04984698011027071
MIA3,1.496865180496244
CFAP73,0.8658055104063958
LAMC2,1.925714759763443
CEP170B,-0.381553714626522
COL4A6,-0.6700110712353521
COL22A1,-0.3702293973018788
FLNB,-0.3330411749934444
MIA2,-0.45320115120580745
SMOX,-1.1533280163198072
COL24A1,0.2261711411414883
COLGALT1,0.22220597957989208
KRT4,-0.8942111394643739
PAPLN,3.282942333262059
SHKBP1,-0.05011022905761579
CNKSR1,-0.06655981956184462
P3H3,1.4056042563350062
FAM160B2,1.5454045450354994
COL25A1,-0.4280930263499497
P3H1,1.2403595220095145
COL9A3,-0.29846591292701885
COL9A1,0.4042312743052162
F5,0.4787406475441645
MICALL1,1.3966050088918627
PKD1,1.05422283940893
COLGALT2,-0.644020590712164
TRAPPC6B,0.10813694598500234
COL21A1,-0.1778675223273506
NPFF,-1.4143206814672535
SEC22A,0.6607797517427341
UTS2,0.764086743596397
SEC16B,0.573461222611793
TSPAN9,-0.10416455150852147
PLOD1,2.911534977020546
GAS6,-0.6745672656064805
COL28A1,-0.35043513122404363
ITGB3,-0.6709607912473707
ITGB7,-1.3199930066739725
ITGB6,-0.692715249541692
CNIH3,0.26404438718664963
F8,0.8577947719144617
CELSR3,-0.8084487780796246
CPT1B,-0.39842027468362007
CHPF,2.20123322050452
FXR2,-0.6474401891702549
COL6A5,-0.20443518196324736
COL20A1,-0.5450803151669731
COL6A6,-0.2907972601630311
CLRN1,-0.5111278209527471
MDP1,-0.16088017664311202
DMAC2L,1.8425920214740332
TMEM256,0.04455872281450044
SMIM19,-0.30003096634990345
POLG2,-0.355576667011358
FMC1,-0.09347349401783377
TMEM14C,-0.15331566947722747
HDDC3,2.4671688205338107
SELENOH,-0.1972795574507762
THYN1,-0.50122563192624
NTPCR,-0.112853291223221
SYT17,-0.7567548977555145
MRPL43,-0.19355020496753592
NDUFB10,-0.343513609851218
DNAJC19,-0.363301414772837
AP1M1,-0.7905441242899127
DIAPH3,-0.8842288092650534
CEP85,-0.6661804057423657
TICRR,-0.971146590151935
WDR34,-0.47575743924537967
EMC9,0.39328429869337367
DONSON,-0.6364197592915818
RAD51AP1,-0.9971903154346977
PSMD9,-0.21486054054632037
PHETA2,-0.9669985412381458
AP1S1,1.5849046823101305
SKA3,-0.841403219913964
N4BP3,-0.8577165489911462
HEATR6,0.069826986776112
MND1,-1.0656755977448458
E2F8,-1.0115435964499604
PPP2R3B,-0.42036431376538724
PPP2R3A,-0.8865333613679095
TUBA3D,-0.688623569732228
RPRM,-0.6689959927272919
DFFA,-0.3271673609383434
XPNPEP3,-0.09276341062803015
SNX9,-0.6059722295795678
C6orf141,-0.7621637490608205
TUBD1,0.6540386736646714
SAPCD2,-0.9460924353192579
TCF7,-1.6353243152447163
C9orf40,-0.5173724218186075
NEIL3,-1.1028643184526363
PSMB11,-0.6801980383011075
WASHC2A,-0.7151469094538004
SIPA1,-0.675384546467213
HASPIN,-1.1338042068489886
SFXN1,0.7998759678603401
CKAP2L,-0.905106737319807
MAD2L2,-0.04343365210232314
SYNRG,-0.19425200279934593
GNB1L,-0.6464915740650964
ASF1B,-1.1019879636295618
LCA5,-0.664167436095681
CNTRL,-1.1840824383990238
CAV3,-1.1805069697481336
POC1A,-1.0615952263698942
CCDC77,-1.0220034874146955
PSRC1,2.826592294127995
PKP2,-0.6011189696867026
CRTC3,-0.8915677957789484
CRTC2,-0.6884784350329846
MIIP,0.0032905250764527086
DNAJB11,2.314791952364084
SPICE1,2.255366470959929
KIAA0753,-1.043445010322313
C17orf53,-1.166781109720965
XAGE3,0.45349089920535657
NAA10,-0.32716738020609365
ARNTL2,-0.5296560737028502
MYO19,-0.6526955873275978
GPSM2,-1.096398812715304
DCAF16,-0.825995883525444
ZMYND19,1.3652612781582922
ARHGEF39,-1.010263747234448
BORA,-0.8899817791611174
SMOC2,-0.5164835982928221
KPTN,-0.6329403432635885
AUNIP,-0.8117910791957351
CLTB,1.1599532713575849
TRABD,-0.07011200477181942
LZTS2,-1.4145341113666918
CARD10,1.749411708617435
MTFR2,-0.8926137653217472
DNMBP,-0.7420437741672855
ESS2,-0.33605364352132977
REPS1,-0.6184107116397332
ARHGAP11A,-1.0817880171362
FAM83H,-0.4725670033912444
FAM83B,-0.13319653915476737
ACAD11,-0.3477945311381784
RMI2,-0.8822716316794204
SH3KBP1,-0.9812983178483528
CLTCL1,-0.2618171276273698
PIF1,-0.5362384029212505
FAM183A,-1.203717439526679
C9orf24,-0.8944042975841815
C11orf88,-1.96510983214261
WDR38,-0.7009549296905618
ARFRP1,2.9553275455254013
NPEPL1,1.845423793348084
TGOLN2,2.931010301230072
SYS1,3.9940851332689733
TUT1,-0.35387700953447176
ENTPD6,1.6922928559496113
PTGES2,0.3041336397328129
STARD3,1.39041889216154
HGH1,0.7763666097530235
ARL5B,-0.707418790337987
CCDC134,0.5199338930339206
VPS53,2.840341912585224
VPS52,1.4187798705497388
JMJD8,0.4047007896608654
DUSP7,-0.812728387103826
NAA30,0.1551115091186894
PEX16,2.019034864714634
CPTP,0.5719047050802567
VTI1A,2.3672328328428534
GPR132,1.5262271567605818
OVCH1,-0.08172246968287057
TMPRSS7,-0.08172246968288853
FLG2,-0.6427878544941177
SERPINA12,-0.7918678715608339
KRT77,-0.8045889403369374
IQCB1,-0.7394815340335572
CDSN,-1.6434016936164055
ASPRV1,-0.03818737063952088
ACER1,-0.8399472303823515
DCD,-0.8745812533147973
LY6G6C,-1.0619845557951515
RPTN,-1.0698830596810507
S100A7,-0.912184603495246
S100A6,-0.18453017518481157
ALOX12B,-0.9551553816878896
S100A3,-0.39311703011097554
SERPINB12,-0.3909887445245893
ALOXE3,-0.007720243289448433
DSP,-0.47787443386043293
DMKN,-1.0495188487861022
LELP1,-1.8984602650208438
KLK6,-0.9819361773768438
WFDC5,-1.1894429637449255
SERPINB7,-0.8581944935114368
AADACL2,-1.0227075359414723
CABP7,-0.8626781774472813
S100A1,-0.67301781091827
S100A7A,-0.8247727091090663
BPIFC,-1.1451400165970618
KRT10,-0.9992909933904224
POU2F3,-1.1582416273724618
POLR2M,-0.718918989613732
MTNR1B,-1.754004098436471
ZNF326,-0.1644233899735246
MAP3K20,-0.7245338240717834
WIPI1,0.6965857092124639
LACTB,-0.32864332384303174
IFNGR2,-0.6810539575545367
CYSTM1,0.7232741058818575
RNF128,1.3511524408055013
RNF150,2.1970027980690996
NUS1,3.9296660827483665
ERO1A,0.9485596499208445
SELENOS,3.2446028079664417
RRAGC,-0.3926880126571998
C14orf178,-0.3334905703006394
FXYD6,-0.2950392273794794
TLCD1,3.0968795627551304
BRI3BP,0.6142092022999065
NDUFB8,0.3760074488384718
ERGIC3,3.5516550715079536
SLC30A6,3.143568228855728
UPK1A,-0.4775677436889997
METTL7A,-0.6269785598472359
ENTPD7,0.8789837807674488
EXTL3,0.6479827443394086
PLD6,0.45256419965547234
SPINK4,1.1132598006895444
MAVS,-0.676578104391289
SLC19A2,0.15157277202251093
SLC39A1,0.4047347960389408
SLC35B2,2.8969699811021035
CD300E,0.6022461318609614
ACP2,2.0365054134070766
NRN1,1.933981000317816
PIGW,2.416426719512214
GPRC5C,0.10252157768910142
TMED4,1.0039980292648825
SLC8A3,-0.5314685088156671
CADM1,-0.7162452987519086
CCNYL1,-0.18870556173421332
ALG10,2.5210348426237994
FAM187B,-1.7731436040473343
FAM20B,4.137777238935365
FITM2,-0.0635716347221718
HTR3C,1.966469015720984
TMEM8A,1.6225877750202329
LPAR1,-1.1484739412553877
MOXD1,0.012579683156571495
MT-CO1,-0.3950350282782686
ABCB8,1.814613546905952
ATP1B4,-0.40611401613807097
PIGU,2.1211416265453846
CASC4,0.2257718358688171
RMND1,0.359727663692927
SLC35F2,2.9349825584727363
ENDOD1,0.8678491487356178
URB1,-0.40360658902896174
NOL10,-0.5613088317106468
TBL2,-0.07716260656453659
IBA57,-0.27406824695898346
REXO4,-0.488958859006018
SLC30A4,0.5834725103840714
HEATR3,0.05568096851540471
POLR1E,-0.6774847719228394
CHST8,4.775755796917973
GAMT,1.1269904959233839
TYW1,1.9769619604344608
RRP36,-0.07370292125048142
POLR1D,-0.6628875148786493
WDR6,-0.7818331438352186
CTU1,-0.21153412719760198
ENDOV,-0.010620391702103707
UHRF1BP1,0.013954239445177988
AVPR1A,-1.7579568723370351
KLK10,-1.0568606086159866
TGM2,-0.7445056986641989
L1CAM,-0.016188368656858066
IGKC,-0.7443878606155273
RELN,-1.1753690143363582
SOD3,-0.9559423632358535
GYPB,-1.286062187820886
SERPINB4,0.6452591000462848
ADAM8,-1.204287125397963
CSF2RA,-1.3795642870298466
GPLD1,-1.0921611724625788
HABP2,-0.6942225128403714
SPRR1B,-1.059361904788112
IBSP,-0.7135407313943404
FAM189A2,-1.1053298684638697
CPA4,-0.6666560037828546
THBS3,-0.6506983681823291
UNC5C,-0.6040921782694519
BMP10,-2.087424123074996
VEGFD,-1.159626212429632
PCYOX1L,0.6675097377233328
MRLN,-1.4904491581753634
BCAR1,-1.0100592506851114
SLURP1,0.9497693130375453
ACAN,3.2366373963463726
KRT2,-0.5947301555142992
CTNND2,-1.1687180111554922
TEC,-1.6210215124520633
AC068234.1,-0.6839163982031118
TMEM204,-0.6701682729050634
PARVG,-1.188063241490762
DEPP1,-0.95461524917551
KCNB1,-1.452914414292497
CP,-0.15929267127300717
ITFG2,-0.7403202642654562
SEMA3F,-0.3822987655905533
GJC2,-1.1575873975620217
ID1,-0.9450559151980922
IGLL5,-0.8237380816209073
ADAM15,1.8605888601967697
F13A1,-1.0027245675059242
ALDH1A3,0.823000889488641
WASF3,-0.9948229616397342
DEFA4,-0.04369562980708776
ATP10B,0.6994912869928742
NPAS3,-1.3008264016516842
UPK2,-1.5153641025734814
SLC16A7,-0.3793248418432639
B3GNT5,3.826361189429613
IER5,-0.6107366302524172
APBB2,-0.5327000951032544
STK17A,-1.1745632378213242
B3GALT4,3.2665804690368874
B3GALT5,3.5293096708917084
B3GALT6,7.295234601376549
SGMS2,0.23746105907435092
ENPP7,0.17105050279077064
DEGS2,0.47981225229485924
CXCL3,-1.5000451780322697
B3GALNT1,3.4951197616815546
SLC2A3,-0.5677221281818916
TNFRSF10A,-0.5619535491130138
ARHGAP18,-0.17948917783801585
TRIM38,-0.8470735957306238
GAB2,-1.1379494291042642
NT5E,1.1508988798459652
IFIT3,-1.1365640606922172
IFIT2,-0.9067315027484768
C16orf58,2.621641356978634
GBA2,0.31691378203023396
B4GALT5,1.868017553417192
B4GALT6,2.5070732827940594
CCDC50,0.3510629268932629
IER3,-0.6526838187797531
GALNT4,3.1004779680380947
GALNT5,2.6533681572883094
ABCG2,0.25753099305610344
IER2,-0.7374098895231335
UGT8,1.5621530369429275
SMPD1,-0.21054467723621595
SMPD3,-0.07831056918034554
SMPD2,0.31758380784683193
ATP1B3,0.18201727333813708
FGD6,-0.37186433828750454
ZBTB43,-1.079815754193145
IL2RA,-1.3799814866580373
ARID5B,-0.624359312700943
CCN1,1.1621546184565252
CXXC5,2.9009866484143276
B4GALNT1,2.9815034247539267
BBS4,-0.07484720093530538
ZC3H12A,-0.8604322191398264
MYOF,0.9719490701961422
GCNT2,3.558345369835791
POC1B-GALNT4,5.091827803123164
GLIPR1,0.9708500525310407
HEPACAM2,0.2935886957640528
RTN1,-0.8446973288185148
PTGIR,-0.11660591365348216
BACE2,2.9598113813696876
DUSP10,-0.9851678601304427
MYO3B,-0.7626392197884289
ZDHHC15,-0.9731549061137548
IRX1,-1.1838414889998778
LRRIQ1,-1.0506665591593605
MORN5,-1.6249714939338387
TRPC6,-1.1850960703562714
SPECC1L,-0.5172531596238032
MYO18B,-0.8674391369120702
NEK1,-0.7280444673474815
INVS,-1.0608518474402535
UACA,-0.49825148627316923
KRT7,1.3109552588764257
MYH6,1.431759925302798
MYH4,-1.0245891452501315
MYLK2,-1.389407878262309
MYLK3,-1.1392783190448434
GPR150,-1.4072231509802064
SPECC1,-0.5533074787642323
GPR182,-1.6036835367597275
PRKAG3,-0.7984085950005241
PRPH,-1.3878247181697603
ALPK3,-1.2189018988795606
PDLIM3,-1.0256840496639252
KCNK16,0.10262153114877348
DNASE1L2,-0.8353325865009941
IPO13,1.083706179254507
ASPH,1.7258342122178607
ROGDI,-0.10816226077845845
JSRP1,0.48012318224075534
MYF5,-1.2166923699333083
MYF6,-1.3464528678493501
KCNC3,-1.4988144485893227
MYOT,-1.036766510419095
BIN1,-0.7135451793431402
ATP13A2,2.422104305985391
ATP13A5,0.9858510637864752
ATP13A4,0.995731177408797
SLC24A3,-0.8295856981514488
SYNPO2L,0.2724499180104001
CATSPER3,-1.8865360177096633
ATP1B2,-0.3229492106607213
HRC,-0.7488501699095389
LRRCC1,-1.0157079732064997
ORAI2,0.08013677680979123
VNN2,1.799052376338951
NXPH3,-1.1928535298768141
ITIH4,-0.500494521412027
DUSP13,-1.457760200296019
VGLL2,-1.123143404250592
OR10H3,-1.5081038613220388
NEU3,-0.8593944688960876
SEMA6C,-1.0481371606117447
CASQ1,-1.325732180437635
CASQ2,-0.9272049711218892
TNNI2,-1.1570968033519833
KCND3,-1.2422033489298698
CARD14,-0.9442136119223362
SLN,-0.8902374499355842
UCP3,-1.2473380474835003
CACNG1,-1.3094604354398136
CACNG6,-1.1858726342812735
RORC,-0.8320305244892134
AQP6,-0.7742094217944898
CTSE,3.3646140412674916
MYLK,-1.0742452248469945
TRPM7,-0.2550394937664624
TNFRSF1B,-1.1927174463439474
MYOM1,0.5698741171822119
KCNA7,-0.9498576590986985
TMEM38A,0.07089332459499333
CHRNB1,-0.5701219467316456
CHRNB3,-1.3943712328959326
OPRD1,-1.5964533002444137
ATP8A1,0.13239214604810742
TCAP,-0.8060972119778943
CKMT2,0.18060857207912293
TRIM72,-0.9909563254630591
LDHAL6A,1.9594380637664257
C8B,0.08687563763042191
CATSPER4,-1.3752431637086338
EYA1,-1.0301974649016514
EYA3,-0.7974170202186924
HSPB7,-1.1870315698657703
CATSPERD,-2.080152006120368
CATSPERG,-0.9463226067114191
CATSPERB,1.9358054992080092
TMOD4,-1.0407328498072246
ATP9B,0.938636424120532
RABAC1,2.0124171406412255
PYGB,3.076117119018596
PMEL,0.9986347127117342
CYP2A13,-0.39434657395627104
CACNA2D2,-0.8668143250384485
CACNA2D3,-1.1946017961868054
CACNA2D1,-1.1182282820083171
CACNA2D4,-1.1825471054304162
SMPX,-0.21422479532781524
CFTR,-0.6733545625199113
NOX1,-0.3276223529428068
ABCC9,-1.2097134490245558
BTN1A1,0.20957347697744877
GYS2,2.040179293069558
NLRP3,-1.6120579992231576
KLHL40,-1.0430370132081417
XPNPEP2,0.26034103252546237
RTN4RL2,-1.2458635167040124
ATP8A2,-0.20115236168983602
CHRNA1,-1.0924990781221962
CHRNA3,0.6501578909216496
SLC8B1,0.16017066523463092
RAPSN,-0.43613622178794803
PRPH2,-0.751922713880208
ANKRD1,-1.4094199728810863
ANKRD2,-1.2573976138884722
FSHR,-1.3994920333148022
MYOZ2,-0.6741365234553762
MYOZ3,-1.3431304733418572
MYOZ1,-1.482581864884033
SEC14L3,1.5392032451304714
RIC3,0.035896452405309316
L3MBTL1,-1.005809860756653
TPTE,-0.2722320262581595
SLC43A3,1.8449548354401817
TMCO3,3.264282181693819
AKAP1,-0.3002912509706986
DST,-0.7922357756753436
INSIG1,0.8156664229363886
ERLIN2,0.18304905831642793
SLC4A4,-0.7887364967782291
NDUFV3,0.09766110197274575
PPEF2,-1.5783256509767778
PPEF1,-1.5360902633602973
ESYT2,0.5985198420903466
DHRS7C,0.6067363074394849
SLC35F6,3.022768896256016
SLC9A1,1.8846240162837342
BRK1,-0.805423439777176
CLSTN1,-0.013701679452392812
POPDC3,-0.6506598380124485
NOMO2,2.279174828852302
CYB5R3,2.5872422583119543
EGLN1,0.45796015692066566
ATP6V0A1,1.8615437092965095
CDKAL1,0.11613550050741464
TCTN3,2.6150847791187424
ITGB1BP2,-0.12977366926007827
NELL1,-1.199342686418228
TECRL,4.444236098356835
SLC20A2,1.9924322463285211
SLC9A6,2.4527541510872535
MARCKS,4.663179060224513
PHKA2,-0.21504751662833976
HYOU1,3.3963813251840227
SRL,-0.8496355671224523
JAGN1,2.4834033132043167
RHEBP1,0.6462042636044333
CYFIP1,1.1575476730419487
CYFIP2,-1.1139454859136404
CMYA5,-0.9683183266937798
AC138894.1,1.0743704803994292
LPCAT1,-0.07515301175045482
PIEZO1,2.0760601852162934
ATP1B1,1.4829915452012674
SLC39A14,3.0812931664986176
SUSD1,0.14583291566422665
FABP3,-0.6882381891687076
DDX6,0.26860104212749614
DPY19L1,1.004927393717011
TMTC3,0.3001445117299167
NHSL1,-0.34269912644280376
PGM3,9.579277036988717
DAG1,4.032750901806488
STT3B,2.9439722572807003
TRAK1,-0.5512869535155821
CCNB3,1.1263406721807308
KRT6A,-1.1299659243726647
TIMM21,-0.19143805321573154
NDUFA4,-0.24394876993985284
XBP1P1,0.9715755724638278
KCNK1,-0.5495841310868376
TMX3,0.19711833588578243
PIK3C2B,-0.9237553330571747
HTR3E,-0.5015952570598744
FMNL1,-0.8707737083919477
SLC4A8,-0.39410529441479303
LIMD2,-0.9704777752760829
LTB,-1.1820841244531677
IL21R,-1.2879895355555588
NCKAP1L,-1.2755988838691903
SASH3,-1.3983778581148527
SIDT1,1.2596859119505688
TSPAN17,0.05191314342000198
USP20,-0.8279607007574445
FNDC5,0.6699111776606265
VSIG1,1.42897461534621
ARL4C,-0.9095401663961544
DNAH1,-0.5288486456676833
PTPRCAP,-1.0141995209365746
CST7,-1.2757722751225953
LIME1,-0.18357754029038506
ARHGAP45,-1.2828562216970814
PRKCQ,-0.28068581238393586
TESC,-0.3733994069957084
CD37,-1.2226135834541374
ITK,-2.064006011210139
PCDHB5,-0.6219505402302778
SYT12,-0.6681792035217465
PCDHA12,-0.15776064987201383
PCDHGA5,-0.17916699933172395
CCR7,-1.9660754795058741
KCNA5,0.8394744347959584
TREML2,0.8833261267884396
GPSM3,-1.312497388560673
MAP4K1,-1.6482884926711614
IL23A,-1.2879762954360785
PCDHA3,-0.07958073949008093
PBXIP1,-0.7125414745623828
ENTPD4,0.1659396379033715
EHBP1L1,1.6831205411329004
HCLS1,0.03165374138955302
SLC7A6,2.7222687759717346
IL1R1,0.3668100160785424
LRMP,-0.9063175565604017
AP1G2,1.6250810223209944
IL17RB,3.4586776123874015
TMED6,0.8840314264878939
LYL1,-0.9828091747809813
FCMR,-1.2325642545862885
RIN3,-0.4427826600216412
ISG20,-1.1865567978837561
P2RX1,-0.28674270103555993
P2RX5,-0.5700619966473403
KCNK6,-0.4995826230065833
SLC38A10,1.4037293043009365
MCOLN3,0.16315494171156766
SSPO,-0.6945582807051234
SLC6A9,-0.3564554193248506
ARHGEF6,0.013355120525862435
SEMA7A,0.594060899924664
PAK6,-1.1593432601122962
GZMA,-1.6155110758687563
SDC4,2.3408950053336572
ASGR1,-0.20436012974446022
IL7,-1.1740743337789041
KLRD1,-1.202746271788856
LIMK1,-0.751783182003397
FCGR3A,-1.2768322242844832
SORBS1,0.6539876278198793
MATN1,-0.9669099280412302
SELL,-1.5002789526315476
MLC1,0.028607061215882808
SHARPIN,0.024300121537288596
IGHG1,-1.2077716218089327
WLS,0.03175521702655365
CEACAM6,0.3268778934409568
CRB1,-0.8324465077380263
EHF,1.999675697019178
ADRA1B,-1.6603916819684568
ODAM,-0.6253427620096887
EDIL3,-0.9301965071472141
GSTM1,-0.25317818794094926
TNS4,-0.44703338214999727
PHLDA1,-0.4207903783779736
APOH,0.23611191067911533
REG3A,-0.26876491346373993
GSTO1,0.9442831628040474
NOG,1.6418646636089014
TCN1,-0.03205667243317009
GPX3,-0.7042325650115043
CROT,-0.7474243328798744
CLCA2,-0.7353234960672079
GPRC5A,-0.4274774544790405
KRT15,-1.0164429638229104
FICD,0.16912315012811333
S100A2,-0.5870535309812047
SCAF1,-0.9033540200240595
PDE10A,-1.2349183693178596
YAP1,-0.7619583644028819
SLC17A5,0.1416819230526706
OXTR,-1.427818011341426
PLCG2,-1.294980197767676
AHSG,-0.1654548906782591
OR3A2,-1.5360837113508372
CD47,1.6354387420143779
PLA2G4F,-0.5725535874070655
CFD,-0.7857381279688521
CFB,-0.6117782486554381
DKK1,-0.702666534307898
MGAT4C,2.7314564979865796
IGDCC4,-0.8969456663128995
HAMP,-0.6975584268821003
RPE65,-0.7676561101008215
SMAGP,-0.7108854667999644
FGA,-0.3415669084600124
SH3BP5,-0.8404030459375369
HPX,-0.23375925113595167
VANGL2,-0.5702851965535475
AMELX,-1.298047935246689
CEACAM1,-0.40832366107013496
EN2,-0.9728335002174064
CLDN1,-0.5888082797542205
PLEK2,-0.3697842317188183
HSPB8,-0.7618853135412478
OR8D2,-1.232966117053781
IRF6,-0.5522146310788725
SCN5A,-1.3841523847244115
TTPAL,1.7999595964042967
TNFSF15,2.037450867863538
CDCP1,-0.6668242863145191
ANO1,-0.029740603745458078
PRSS3,0.902810023979643
LGI1,-0.9349442069443075
SPATA31A7,-0.9306722853738265
BTF3P11,-0.5729768164490608
SLC9A8,-0.5867307873537724
ERGIC1,3.6880404202133343
APOC2,0.08702326481962691
APOC3,0.9143751464452371
APOC1,-1.2631006324359266
PERP,-0.40652410071970074
PTPN13,-1.2405872111665155
CPB1,-0.9754319345284587
LXN,0.6562070564853952
ZACN,0.8662364494192775
NT5M,-0.5309319519645516
CX3CL1,-1.084242704038426
EMP1,-0.6144415793329403
PAX5,-0.45717966152480144
BTNL8,-0.2487457722929927
AMIGO2,0.10766885676051828
C2CD4A,-0.844306695364848
PF4V1,-1.235047027200376
SERPING1,-0.27737138306773607
PPBP,-0.13609392794135763
C2,-1.229877629186911
GPR87,-0.1371719669982633
FOXD1,-0.5942403953989926
STATH,0.30239001703573476
IL18,-1.4350496434255076
KCNJ2,-0.9916768784981468
EREG,-1.0979295890480205
KRT9,-1.5200230985208336
ANTXR2,-0.20392514826865166
NLRC4,-1.1509937272791766
SYNJ2,-0.8257602466932661
KRT13,-0.8213869392960714
ANXA3,-0.05903737982416179
REG1A,0.6194876840857144
MC4R,-1.4336433030762443
PTGS1,0.9731994337500688
PNLIP,-0.570802122334115
SERPINB8,-0.9148767225587637
OR2T6,-1.4101145712130052
SERPINB3,-0.6485549042993113
PI3,-0.5555405083188739
SERPINB5,-0.8986877374112929
MST1R,-0.26152774301303644
FAT1,1.311448692817261
PDGFA,-0.9356995383424217
DLC1,-1.0734680617211512
NFKBIZ,-0.8098529716518382
CLCA1,0.2415727272377792
PROCR,-0.27820101592566443
C3orf52,0.32269538293686134
ETV1,-1.1455678824614988
IL1RN,-0.40043211634377285
ETV5,1.110962165760206
SDC3,2.4325435827638593
SLA2,-1.1105577304059773
NECTIN1,-1.652688481299454
COL26A1,0.4001461686593428
OCLN,-0.1290452951697297
FERMT1,-0.3012654110928447
PDZRN4,-0.7737614123353516
SEMA3A,-0.4763846572128744
SEMA3C,-0.4036814903886286
ADH7,-0.1688832629763917
CD58,-0.24313290776046428
SERPINA4,-0.9344483926060181
KCNK3,-1.0091020854525283
CABLES1,-0.712872736066442
DGKG,-0.8933914159823517
HSD11B1,0.7056647567598212
KCNJ15,-0.5201176658523546
PCDH1,-0.7767580008160723
BBS2,0.9755182637339955
MMP3,-0.4288560781561945
AHNAK2,-0.2710099671731175
SCLY,0.15494468074584575
METTL2B,0.9217814028142327
VAPB,-0.08894062826457985
SC5D,0.3973108610543535
TRMT44,-0.7469746001493266
MAGEA4,-0.6171087125690718
THAP4,-0.17558288598731428
YDJC,-0.17230022532545314
LBHD1,0.3001391609288025
CEP70,-1.2800554002351086
NLN,-0.16551607608214144
NUDT5,-0.2308332471714832
SBDS,-0.16760181984828507
NSUN4,-0.5073461265247864
NSUN7,-1.0055069940299899
POLR3G,-0.6420962043668235
POLR3D,-0.04806399358383585
BAG1,1.4372716587534267
MTRF1L,2.3337949967186407
HIST2H2AA3,-0.9943726153441509
EIF3CL,0.2177784867079564
WDR55,-0.4588230228066551
POLRMT,-0.06908319486987549
HIST1H2AA,-0.45868356790065196
CTU2,-0.2931746707126896
PPAN-P2RY11,-0.5535802844833073
ZCCHC13,-1.6082334760872434
MRI1,0.4634861177365849
LARP1B,0.4779345845261913
FMO1,-0.23635706441179047
GNL1,-0.3669298825423595
NOL12,-0.7386603549231907
EXOSC1,-0.4699391723749974
PABPC1L2B,-0.20071100005672102
FCF1,-0.5333191404001734
RCL1,-0.1539240952665656
PACSIN3,-0.6108221301550923
BDH1,1.6629047045303165
MAP3K21,-1.0733058330126597
CASK,-0.6716108037787897
BCS1L,1.2336459405521876
PABPC1L,1.3314952223880443
NRBP1,0.17079823917370737
POLDIP2,1.5390542612313527
RIOX2,-0.040655229937917196
THNSL1,0.6238316002852627
MAGEB10,-0.5374859298310388
CPNE4,3.030475768596693
MT1F,-0.1945193658610135
C7orf26,0.005897832407656457
CDCA7L,-1.1418748436877073
MTFMT,-0.629869057184408
ADAT2,-0.16547520430561394
CENPV,-0.36125084190732637
ZNF346,-0.46341134804336326
ZC3HAV1,-0.5422155724596833
C12orf4,4.543458209641853
UCHL1,-0.657978506946169
LLPH,-0.46945658344051866
SETD1B,-1.3176796256019196
C12orf43,0.2490411451517323
KLHDC4,-0.35711258913169913
HIST3H2A,-1.107193576034784
PUSL1,0.1499215482666433
SFXN4,0.22894377041696223
NAT9,0.06328736213781674
AARS2,-0.36918653966819565
SLC25A19,0.8324591598275182
TESK1,-0.5403899398170778
IGF2BP2,0.005401957069949969
KNOP1,0.11423557745394133
SOGA1,-0.7520407201141055
TENT4B,-0.6335272311237791
ZNRD1,-0.6330960611791858
EPHA10,-1.381655161800501
GOLGA3,0.5273305058776822
PABPC5,-0.6253420095180918
GATD1,-0.10341415359693296
PDCD2,-0.45935865249425595
FER,-0.6274343553829429
AAR2,3.083805695125348
ANKRD6,-1.0302302292698187
HIST1H4D,-0.9026606748658297
HIST1H4K,-0.8148622537479415
HBA2,-0.4987123026374639
HIST1H4L,-0.798954591316651
UBL5,-0.3820293888436319
PTGER2,-1.1124851281699117
PRF1,-1.4090805961156603
SAMD3,-0.98127319460687
JAML,-1.0386113599780222
CXCL13,-1.7421956124036815
CLEC2B,-0.9637117951828977
PRR16,0.0324289093609048
CD1D,-0.9079187758662114
CD1E,-0.14199459927313302
JAM2,-0.68016573740693
JAM3,-0.7644743800603325
CCL21,-1.6413512967075152
GZMK,-1.5031802974776765
GPR174,-1.5498992137393885
SH2B3,-0.7599096978324265
ALOX5AP,-1.0865753447825164
HIST2H4B,-0.7977355426078503
FYB1,-1.6489157372788852
CERKL,-0.5116061662642559
BIN2,-1.2397357104962492
PTPN22,-1.5428322382111535
LCP2,-1.6880774130080853
CPVL,-0.7391894956965301
AOAH,-1.2137312518816556
KLRK1,-1.163213526811031
PRSS2,0.5451793651586717
GAPT,-1.4997247763350832
NAAA,0.9809134691153982
TMEM131L,-0.7878694833522074
PROM1,2.040541208617912
CYLD,0.0810877581515132
ERAP1,-0.48892494270560183
CYSLTR1,-1.4911164097119403
AIF1,-1.2221996438466658
TRAF3IP3,1.4468229769907097
RNASEH2B,-0.8931708637615136
RIPOR2,-1.1470290185843306
IRF8,-1.465963934104114
GIMAP4,-1.2747647796249078
BTLA,-0.8479811662552947
CD72,-1.1924717653635317
CST9,-0.5183675259245044
PATL2,-1.1139454807373645
TNFSF4,-0.9471365848132394
CELF2,-0.7655270302111706
PDE7A,-1.11009024575062
GPR18,-2.031888203813758
UBE2NL,-0.2792935272159521
SLAMF1,-1.2453528087810544
ST6GAL1,2.2774463346391975
SAMSN1,-1.0275494585710643
IQGAP2,2.315012694940085
EOMES,-1.4000345955806497
LY86,-1.2061154204262383
FCGR2C,-1.1301766985573305
FCGR2A,-0.11150084154136672
HIST1H3G,-0.9914438085098722
HIST1H3I,-0.9749192305174652
CHST11,3.501003727325833
DCT,-1.6241223072359028
MAPRE2,-0.8233683308191049
ANKRD44,-1.1628827037290197
RUNX3,-1.3056064155218776
CD3D,-1.614939558467839
CD3G,-1.6629539673322347
SP140,-1.2930250881897292
GIMAP6,-1.155110841492462
GIMAP1,-1.0243065443194508
GIMAP2,-1.0103107626708785
CR2,-0.9694163970558898
CD274,2.841761029269606
GPR171,-1.4646728740135744
AGFG1,0.7841952314040768
SH2D1A,-1.4450330296390106
DOCK10,-0.9071804403536047
DOCK11,-1.010888230813457
STAT4,-1.9099151067071432
CD84,-1.4096604094442187
PDE3B,-0.6978438184722978
NDUFA2,-0.1294766400524003
SLFN11,4.928880689880803
CD8A,-1.3781028305550929
ADAM28,-0.9219212325984159
SP140L,-1.056683957468363
FCGR3B,-1.3864842774307191
HLA-DQA1,0.4809781905301761
SEL1L3,-0.04075457665382994
JCHAIN,-0.8750100582065864
CCR1,-0.5704429191007817
KLRB1,-1.184282264664607
MS4A2,-1.4619416992755299
ARHGAP25,-1.4681395005804716
HPSE,0.32957039541554906
TAFA4,0.2464911312814602
RNASE6,-1.078264387139396
CX3CR1,-1.4920988736359018
CYTIP,-1.2327633769302442
SCGB2A2,0.7759083940205851
RASSF5,-0.627448146368569
HBG2,-0.35258584984619457
MANEA,1.5092701736915357
RSAD2,-0.9661473034323875
LGALS13,-1.1354692909990383
FCGR2B,-1.300524419200297
HIST1H2BE,-0.8251655623003435
HIST1H2BH,-0.7152046599730265
HIST1H2BI,-1.023451279669386
HIST1H3B,-1.0327407788160423
ITM2A,-0.9577812433022732
HIST1H3F,-1.0041933503889764
BTN3A1,-1.2713441861355086
FCER1G,-1.1510052983340577
EVI2B,-0.9791909913011957
PYHIN1,-1.164233280202163
HIST2H2BF,-1.1444087562963754
GIMAP5,-1.2599518003384864
TRAT1,-1.4684375777542902
CD69,-1.3786503847497658
BOLA2,1.9892939947561519
GPR65,-1.7002860460778542
FOLR2,-0.7801981241874786
SYNPO,-0.7276308501707608
RTL8C,2.177966382545715
TRIO,0.30769181408027463
WDR1,0.49168094746774255
CEACAM8,-0.20905813135193627
GRB10,-0.6532781881420295
ANGPTL3,0.4210140359036233
CSRP1,2.561722656571786
SFXN3,2.0996294874813834
NR1H3,1.1298350269377604
CHST7,3.4000274784668942
SLC2A14,-0.21567775007246345
ITPRIP,-0.3887854192729757
S100A8,0.11166468496904876
RNF24,-0.47067737582754776
HOMER3,-0.9205822510095133
ESAM,-0.39388921489569884
PLEKHO2,-0.6507911883589513
DKK3,-0.42983600738302247
FUT7,4.394869445564558
FGB,-0.18632195521680864
IFITM2,1.847513788492444
CCL7,-0.8417788982723223
PLTP,2.4998798264733906
ANGPT1,-0.7681164871377765
ANPEP,0.9821836010378238
RIPOR1,-0.28534860754621394
MFNG,2.728052577039948
ADAM32,1.034219588915611
NLRP1,-1.2279074801108742
RAB13,0.47204810710187634
QSOX1,1.9006256640404549
LRRC32,-1.0110456458118637
STAB1,-0.8653152415573873
CHPF2,3.3841127888530007
MMRN2,-0.834746116323572
PECAM1,0.23400984404462444
HOXD3,-1.2705787837053986
EMILIN2,-0.4375052799130293
FBLIM1,-0.342940431992041
RUSC2,-0.39930204913444994
PAX6,-1.897481255481825
CD68,-0.9596403932822934
SFRP2,-0.5734940261031587
TMEM158,-0.016937969952935252
SLC22A4,-0.3173499440906639
UPP1,-0.2842932040421349
C11orf24,4.079758692665878
C1R,0.0022268636737669423
FSTL3,-0.2064451562557818
PRAF2,2.744591859133873
SMTN,-0.4412279072182177
SH3GL1,-0.6874247809067083
ACVRL1,-0.9622762176347127
PLSCR3,1.7979119085476207
ADGRA3,-1.3799327755963435
NCF2,-0.04240442466085952
PXDC1,-0.030190035829256178
SMIM3,-0.20051349787137315
FZD2,0.6203825878646383
RGS16,-0.9086742120888436
ELF4,-0.38535474538444
PTPRE,0.6054648534925202
ARHGEF40,2.1974769068897513
SELENOP,-1.3487069893256969
LHX2,-1.3051523332458599
OSBPL3,-0.03483096895200102
LHX9,-0.873332722793515
TMPRSS11B,0.08781270464740605
TMEM17,1.5054650570206263
RXRG,-1.2608369037329126
ADGRL2,-0.5771395273639703
RAB11FIP5,-0.22458723500444294
PCDH20,-0.49876897328561887
TSPAN11,0.027080713086810555
FAM234A,1.1751950661279704
ARHGEF5,-0.43456170247861176
EXT3,2.3219763172642303
PHACTR2,2.1201118824815635
CXADR,-0.02829698294200699
LPAR6,0.03388097359751806
CD36,-0.965241564259407
SLC30A1,1.893812783407976
EHBP1,-0.4598436901050231
MB21D2,-0.015692337198579636
CTDSPL,-0.12491573703807961
EPB41L2,0.8674806476426021
FAM171A1,-0.590512392396062
CDH17,-0.5354684197302616
IL1RAP,-1.0025980297240653
KANK1,-1.2419923879912316
CD24,-0.10119091226084913
TSPAN8,0.07819069147409503
KCTD12,0.46087684684178326
SOCS2,-0.7151532861856141
HLA-C,-0.5810653136044138
TOX3,-0.6492102340738203
MPZL2,-0.29281337554864867
FZD8,-1.0124466132129768
TBC1D4,-0.19554839519150588
DUSP6,-0.9975263520460074
TIMP4,-0.03987637319759138
FADS3,2.7841285098225828
PTGIS,-1.1219594141605393
SIRPA,0.8229718638716381
LPL,-0.23472422192584755
TNFSF13B,0.9817722504082115
SVEP1,-0.8539603778187103
PSG8,-0.256868576359905
PPP1R1A,0.25517529548100615
ZCCHC24,-0.8958958583359825
NCEH1,0.3325534690141086
CDH19,-0.9471536268406013
HSPB6,-1.2854037429880394
RCAN2,-0.9950468953908216
TBX2,-0.774842620721041
FABP4,-0.7070938557453423
ITIH5,-0.7351025657426649
DNALI1,-1.3175895433100921
CXCL10,-2.1631270634386324
CHRDL1,-0.41993738133117
NMRK2,-0.308157614336549
LFNG,3.552314635990352
ABCA8,-0.7822661652370502
ART3,-0.06975193402144075
GPD1,0.08243026411273087
MYOC,-0.19250417779079879
SORBS2,-0.9235147920623603
CLEC3B,-0.899348566908224
ST5,-0.586997462862585
DAAM2,-1.1150694735971673
PDE2A,-1.0290045021448573
C1QTNF1,-0.726462418192942
ACKR1,-1.1092876808650443
ADH1B,-0.6812177256674045
TRHR,-1.5243944447966686
UTS2B,-1.2667387529021208
KRT34,-1.5423578744491857
GPRC6A,-1.409775641487862
IL22,-1.2570893647157089
CCL23,-1.3194157881536706
GPR31,-1.051733666486992
GHSR,-1.641228421199749
PROKR1,-1.2954304537363588
PROKR2,-1.3130660028050172
BRS3,-1.3055959643130588
PRY,-1.3305438492929502
MC1R,-1.084993557212094
B3GALT1,4.088944059764811
HTR2B,-1.3520066573441218
MCHR1,-1.7436148226501322
APCS,-0.5746285120659196
OR1A1,-1.5762151631144226
CRHR2,-1.501794975517993
GPR4,-1.2164020626965417
GNG4,-2.3717656148537563
GNG2,-2.1677307445850866
PSG9,-1.1092117650883426
PSG6,-1.2247437129371965
GNRHR,-1.901650713585634
CD200R1,0.8409968079324168
PSG3,-0.35277722048852017
NPS,-1.4449543333094952
GPR17,-1.7372384995737087
GHRHR,-1.8271035355147616
SAA1,-1.5442662397491418
TSHR,-1.2577831723427717
CYSLTR2,-1.3996263518907834
CCKBR,0.35131325584724854
LGALSL,-1.6138518644636288
GNG7,-1.5777459945304446
HRH4,-1.9259084625551088
LTB4R,1.055232230464423
GNGT2,-1.9982655006781842
TRH,-1.6739562855936259
CCKAR,-1.5829428373215868
CHRM3,-1.2237941472383986
GNRH1,-1.1902346691055783
NPFFR2,-1.371711680089739
PMCH,-1.6958742013206174
LPAR3,-1.698397933822986
BTNL2,-1.3533084950904013
TACR3,-1.6618614482561231
F2RL1,-0.9973841117569723
MLNR,-1.3097555820003417
PROK1,-1.282529354856297
PROK2,-1.0108681114802336
ARHGEF25,-1.166640344238548
EDDM3A,-1.5415672310440343
AGTR2,-1.7901122580881683
MS4A12,-0.6904133734673902
PTGFR,-1.0145822721459052
ZP2,-0.16503732597428758
GHRL,-1.203053325205048
OR6A2,-1.4576827372376189
P2RY2,-1.2621324486076224
OPN4,0.45498730406678445
HYDIN,-1.1225482381932896
SLC10A2,4.879111762815541
FFAR1,-1.3199671786157512
GP2,-0.9574972820113535
P2RY10,-1.618369211493483
P2RY11,-1.41392009435017
TACR2,-1.5820005883244221
MRGPRX2,-1.2368551473258709
HCRTR1,-1.7338626531451387
C22orf31,-1.8035659080931083
C8A,-0.7573186979621923
GNB3,-1.941226215961734
MC5R,-0.6576905543515067
BDKRB1,-1.7265207861980127
KCNJ1,-0.9593050424161567
NMS,-1.5776884957279123
PON1,-0.5405753191802847
QRFPR,-1.3299742404284038
IFNA21,-1.4363394969963486
F2RL3,-1.5827087138050344
F2RL2,-1.2450742413506453
LPAR4,-1.2033039501707354
LPAR5,-1.5946056334068126
KISS1,-1.428177390158523
QRFP,-1.266662747461344
EDAR,-1.3873045995183557
TAC1,-1.904632793823986
GRPR,-1.656832071050408
TAC3,-1.836832475108824
XCR1,-1.530351832254995
AVPR1B,-1.3664245568371534
WNT8B,-1.8338325072656638
OR3A1,-1.5300747954438214
SLC5A4,-0.8701044282520312
GNG8,-2.0591542419379016
UCN,-0.4271381157966017
OR2F1,-0.5637832050983381
CELA3B,-0.8620867868482796
CHRM5,-1.4632408392104261
MCHR2,-1.560750355176031
SCTR,-0.5132114718729123
FFAR3,-1.3507636873402682
XCL1,-1.7109106056902479
OR10J1,-2.2454978724141204
PLAAT2,2.2958560737935336
FFAR2,-1.3684286805914503
MMP27,-1.5002392269491374
NPSR1,-1.4565505255900646
CHAT,-1.0723482907521156
GNA14,-1.7376209751025533
GNGT1,-2.006734866705913
CALCA,-1.6531671941470811
P2RY1,-1.3833770450572258
C4orf54,-0.9878490470231449
XIRP2,-1.3254463077685161
SH3BGR,-1.0083958542168505
SLC51B,0.41658309522338066
VIL1,-0.47396330099186795
CHP2,-0.019444526845589793
FABP2,-0.15964428060895183
ANKS4B,-0.6831980711046611
SLC5A9,0.2661526319542771
NR1H4,0.3478229851804561
GUCA2B,-0.22659707583095964
SULT1A2,3.798062005604713
HHLA2,0.24405534500528345
CDHR2,0.5851843452339929
CDHR5,0.8801169010884966
ADAMDEC1,-1.0240147843410259
SLC51A,0.7737904504921393
MT-TP,0.5769108735929985
MEP1A,0.6206601265956427
MEP1B,0.4857309010839412
SBF2,-0.5167907338516355
CDC42SE2,-0.37242442782906693
DENND4C,-0.6772548732732111
GDI1,1.3140522201241764
GIGYF1,-0.9239755302884816
SRGAP3,-1.2231272620775402
PCNX4,1.8756652500067288
TRIP11,3.1252216439165688
KIF13B,0.05774187927741348
KDM7A,-0.741515419563391
MCM2,-0.8980752197850854
AZU1,1.2128317257607917
RAB8B,-0.48879046151399946
SAMD4A,-0.7391659111525241
TTC28,-0.6707575180393517
SH3RF3,-0.770739029387364
HEATR5A,-0.050099195401492366
SH3PXD2A,-0.8117774434914716
PCBD1,0.9965698709788995
CEBPE,-0.9622983783952898
DDHD1,-0.3182975348673309
CNKSR3,-1.4275510266811189
ZBTB21,-1.0043656053586494
PPM1H,-0.7264741291077311
DENND2C,-0.7489255677640411
SCRN1,-0.4682080176522908
PTCD2,-0.5681129181869635
PTCD1,-0.1342043877985204
RTKN,-0.846794937860369
TPD52L1,-0.12404756961632334
LYPD4,0.7094391909015783
SERTAD1,-0.8022772773471839
DENND2A,-0.7901698900385762
DENND3,-1.0842948378697679
METTL6,-0.30171278986809325
EOGT,4.7181058144458214
TFF1,-0.5109451980599089
C1QTNF9,-0.660241150614984
DENND4B,-0.6099663570341537
IFFO1,0.24461941681990623
KDM4B,-0.8460387795039312
APBB3,-0.6542748850863358
ARHGEF11,-0.611308846972559
SETD5,-1.1494675523268107
FAM193B,-0.288863822323674
EVL,-0.8213278956385502
POLM,-0.7364373354822189
PANK4,-0.24960593702414116
PILRB,-0.6240116001867206
CAMTA2,-0.2500514851199426
MAN2A2,3.130861934984365
DENND5B,-0.48343196705528124
ZMIZ2,-0.6109127427909897
MAP1S,-0.3569856765486501
GSE1,-0.8214387660645276
ENGASE,-0.6867250674622127
TAF1C,-0.7633213339171746
TMEM63A,-0.3133645246406469
ANKZF1,-0.5799156985505806
TBC1D9B,-0.1066683718759121
RUSC1,-0.32488432364668296
MYO9B,-1.0128759850531122
TBC1D13,-0.4270138772523754
CMTR1,-0.27906830691827905
CIC,-0.5559286932738444
FBRSL1,-0.6363650317098508
AKAP17A,-0.8055523809006536
ATG16L2,-0.6326519053643979
DGKD,-0.27961950557257603
DENND1C,-1.2763879132553582
ABCC10,0.07664749482703109
TJAP1,-0.31860939962133505
TMEM39B,0.1970030555242702
MAST2,-0.519816191479227
WIPF2,-0.9239122110231879
TBC1D10B,2.5106176932294133
RASAL2,-0.9360808567820431
FAM110B,-1.0406373125760553
OSBPL6,-0.4233988420876313
PLEKHA7,-0.9189066325246367
NAV1,-0.6438995409406856
RALGPS2,-1.0699330283708346
STARD13,-0.9286363106465991
FAM110A,-0.7018827237084926
ANKRD34A,-0.9864437346479219
DCAF10,-0.6944200957530473
RPTOR,0.9445117266898743
LPIN3,-0.7608262712313159
VPS33B,-0.03188118940755396
MAPKAP1,1.8457634953418374
FAM53C,-1.0283171325133413
OR4C12,-1.7753211642688098
RTP1,-1.445171687660911
RTP2,-1.4379993354324343
REEP1,-1.477345828411998
GNAL,-1.458764965307874
ZRANB2,-0.5911503765615437
SAV1,-0.5869959437172282
RAPGEF4,-0.9791032931776088
RFTN1,-0.43733962804365645
SUSD6,-0.28153024539867455
IFT57,-0.510609193914372
TRIM22,0.20401197653396477
MCUB,-0.4181102093647976
PLEKHA1,-0.42555481208521934
DOCK9,-0.667924644604212
DOCK1,-0.9697518022199308
PHLDB3,-0.2983342280022997
TRIM5,-0.501731521840553
NAA20,0.04386591082270067
CRYBG1,3.398733840756823
LASP1,-0.7311418632380977
NECAP2,1.286874192196534
ACOT9,-0.10861505018891905
DAAM1,0.19572097778824327
MDFIC,1.3535718014498739
MALT1,-0.3496807685869222
TMEM243,0.07158965190253566
CYTH3,-0.6151392104118991
ZDHHC16,0.32648677074011695
IFT27,-0.3180809115619977
NT5DC2,0.17003761473798448
EDEM2,2.835665265363562
ANO6,0.4838818167496817
WDR41,0.6035220117189459
WDR49,-0.45391542593545314
BNIP1,0.6938903899592521
SLC39A7,2.7137684919615954
DNAJC1,2.281790292304331
SPAG16,-0.9597973412069847
KRTCAP2,4.392537411613523
WDR86,-0.38036057415234426
WDR88,-0.9101927145551952
IFT80,-0.7999751138948062
DDRGK1,2.3279907367726107
RABGGTA,1.614295917058447
SLC1A4,1.1397943212959258
CYB561D2,3.3548666576865545
APOL2,-0.11486298948506525
MRPL49,0.26283162855138537
WFS1,1.4337701945831591
NSDHL,2.8319299284650077
CRELD2,3.892170399916671
SDF2L1,2.9495151522919674
TMEM216,1.5860012892148783
WDR27,-0.580164350532796
SLC35C2,3.630499939999544
AMBRA1,-0.6062217259211192
CEMIP2,0.16164752510103494
ACOX3,1.182465450388593
CDC20B,-0.8630975724090126
EVC2,2.1634141082937024
DCAF5,-0.6302809561928479
EML6,-0.5665902069126548
WDR61,-0.41798802184376266
WDR64,-1.646678780445419
CORO2B,-0.8658206606514391
BCAS3,-0.8121994767667384
VPS45,2.7465582916704188
TMEM208,2.968957251363381
WDR17,-0.45481455523184283
STX18,2.6932516365534296
CORO7,-0.29326623623535025
PIGT,9.424128364042042
WDR5B,-1.2370859266418852
APEH,1.4028539138888945
MSTO1,1.188383889762794
ELP2,-0.6451164455605495
TMEM120B,0.9459425907699557
NBEA,-0.6304479122323823
TMEM67,1.8040590821572644
NWD1,-0.5008934340935701
CLPTM1L,3.4882922838279335
WDR97,-0.5106694637440112
DESI1,3.7606268258707414
CCDC22,-0.28236551071973914
CFAP57,-0.9175254653609036
PLK3,-0.9507373272957215
GPAT3,0.1404772640240447
OSBPL5,-0.18062160976188835
ERRFI1,-0.4118520414818869
FABP7,-0.9734229456059399
CNN2,-0.12359646059326407
ADORA2B,-1.4295702095642868
ZFP36,-0.8786192002473174
SLC23A1,-0.16467306296525222
HCAR3,-1.5541640665916232
EGLN3,-0.5054847720222534
GAL,-1.3975027378919447
FOXC1,-1.3397760150380358
PANX1,1.9852228139563934
CSTA,-0.866078568038815
STEAP1,-0.1447203581519901
RARS2,0.4151165102556502
WWC3,-0.5600100851661457
ABHD4,-0.29530555595301905
UQCC3,0.6286091170658855
PHPT1,0.2614664109528436
XPO4,-0.17170093118930776
PCBP4,-0.40913256691230143
LOC102724985,0.8142645039398362
RHBDF1,-0.1446483268275713
EPS8L2,-0.013458060672349177
DRAM1,1.1620681114651366
TMEM11,1.7180209354348923
ADAP1,-0.4705145037180187
TNFSF9,-0.3353898373947757
FAM214B,-0.15128667735366563
IPO11,-0.39036188569712393
LARP6,-0.7631274060078428
COPG2,2.835828497688578
ETNK2,2.3702762996749716
CDC42EP4,-0.21614779401465034
UNC45A,-0.37564479962006214
CZIB,-0.030202170554980656
TRAM1L1,0.5801804643043675
OARD1,-0.46637396116003954
SIGLEC12,-1.433850563134352
LZTFL1,-0.15652769167893493
GATD3A,1.9533929289627854
CLUAP1,-0.5435265101192424
UFSP1,-1.127571700888804
PLXDC2,1.4426938404845164
TAF12,-0.609600362614909
ETFDH,-0.2859604214955004
KIR3DL2,-0.6009733850652507
ELP4,-0.5343287068828261
AMZ2,0.20069983018039184
ASCC1,0.3297253003020074
VAT1L,0.11491680327811782
ATP5PD,1.033714985001138
WASHC3,-0.5467322544407713
CD79A,3.2267352466242865
SIGLEC5,-0.38860524413552266
UGGT2,4.127177653372081
SEPHS1,-0.6306735310010982
STX8,-0.03936692586119806
AMIGO3,0.2779946198720939
KIAA1191,-0.6307264233538559
CD244,-0.5217366976756638
PLPBP,0.060157845338549065
DYM,0.1676087747083184
SLC16A11,-0.3574686756123486
LIAS,-0.4277182469009977
ZUP1,-0.036910297688467236
TCAIM,0.7004412907605044
SCG2,-0.8879965626970471
GPM6A,-0.8271151257789675
RTN4R,-0.6966791075880728
SV2A,-0.9741799459454701
SV2C,-1.5065032821249584
PCDHGC3,-0.195336858274612
AKAP6,-1.233221638234958
ELAVL4,-0.8666839720964998
CRYBA4,-1.221909621230485
TECTA,-1.1164354784170296
NFASC,-0.7857605201131826
CHST1,3.2497358885731575
SLC18A2,1.7458800460226023
ADGRB3,-1.4468491850073097
BCAN,1.7827435928734223
IL17A,-1.3793275281453599
ADGRL1,-0.623091100274965
OLIG2,-0.9977917327679048
APBA1,-1.042182843541281
APBA2,-0.2353430607521036
SLC17A6,-1.4141576163803473
SSTR2,-1.8170960843645239
PDE1C,-1.0393311954871265
GJB7,-0.6905385324561834
MCF2,-1.1504279033277889
TMEM185A,2.2527730130658754
CDH8,-1.4536384618522014
CCNL2,-0.8005754405426989
SHISAL1,-1.1470328417111582
SYT3,-0.9190152059726024
CPAMD8,-1.5431967272316252
CNTN6,-0.00931683184382777
ASTN1,-0.3065103216681396
PCNX2,-1.026516294048643
TRIM3,-0.19871128594801635
SEZ6L,-0.4119948957000359
PMP2,-1.0149370926590486
RFPL2,-0.8983305031888478
TIGD5,-0.3888179723669752
ASCL1,-1.383593960821401
BASP1,-0.521122109620881
KCND2,-0.7767028717756366
CADPS,-1.4164347958812198
CTNNA2,-0.8587024836512948
VAMP1,-0.28319809478332647
FUT9,3.5999784093364227
CHGA,0.3832852242721909
MARVELD2,0.4900700861792913
EXTL1,3.25710383138702
MAGEL2,-0.7386174558063725
SYT13,-0.9576332481548531
PHF24,-1.3254947294645387
ST8SIA5,0.8332482228919437
CYP2S1,-0.137614059433524
MAB21L2,-1.061281300816611
EPPIN,-1.523255034533676
RIMBP2,-0.8826619085329969
CNTNAP2,-1.0306798118832547
IL9,-0.2497011998889863
CDH13,-0.9232534245221828
NEFH,-0.8548947171323271
RGS6,-1.662283753944416
DPP6,-1.5602226327115678
PCP4,-1.2553633706627187
NRCAM,-0.8091609042229162
ISL1,-1.6147799911140985
DNTT,-1.0035265908557898
SCN3A,-0.5846797656533115
STMN4,-1.245952390837258
STMN3,-0.6903548218305541
AJAP1,-0.6099160109393201
PLPPR4,0.9419682939405278
LSAMP,-1.2408104578768209
SPA17,-1.496850739517713
PLCD1,-0.7867662923215438
PAPPA2,-1.3026576338053801
RIMS2,-1.1186108080480779
CHGB,-0.8901284204845616
CNTNAP1,-0.5398025827527405
DOK5,-0.6103757256343588
POU4F3,-1.404067834857991
GPC5,2.820668724667234
SLCO1C1,-1.4146488309111451
PCDH8,-0.853007168613197
FSD1,-0.14960347886347944
PAMR1,-0.29829659706471556
FJX1,-0.16846462863788
ADAMTS2,1.9253599848989171
EFS,-0.7011296411262019
SEZ6,-0.6474963313780039
TRIM29,-0.8783081648755844
GDF10,-1.18165200852421
RAMP2,-1.1351636730686718
TPSAB1,-0.7504013200039653
SCUBE3,-0.4053174156036513
SEMA5A,2.062995465670687
MT-CYB,0.18724564908209712
UQCR11,0.028119687306756527
HEBP1,-0.8355675195082126
ABCD2,-0.3020738846977533
TAS2R19,-1.4022574913501527
TAS2R14,-1.4095516377285244
TAS2R10,-1.4241024498214079
CXCL11,-1.8745650648839456
NPB,-1.2755125440226274
TAS2R7,-1.402063029361032
NPW,-1.4251733352149294
TNFSF18,-1.6137386254477355
CCL28,1.7243137970667826
CCL25,-0.463545402024266
CCL27,-1.578786409073771
CHST4,2.0871821801562813
P2RY14,-1.4347914848557057
SLC30A10,0.1247840449294863
P2RY12,-1.020544771386719
P2RY13,-1.673278348147686
TAS2R8,-1.4168100564086288
SPIN2A,-1.1931672496752768
TAS2R5,-1.418813695236816
TAS2R1,-1.6163320389189852
SSTR1,-1.5900852634952127
SSTR3,-1.4857181233723966
HAND1,-1.223546288673991
CXCR2,-1.883646377616244
CXCR1,-1.7222425993579649
TAS2R38,-1.4129621949820914
OR1G1,-1.8280646101843985
C5AR1,-1.674619857852578
TAS2R50,-1.447249230656465
ADRA2A,-1.5591945126382407
ADRA2B,-1.4922144515303066
CLEC1B,-0.9395629469212365
CXCR6,-1.9477763694290513
JAKMIP2,-1.170594306350048
LEFTY1,-1.2394960470012366
CXCL2,-0.24682645527265373
PYY,-1.812594198615968
CCL5,-1.9596322190889894
TAS2R20,-1.383656243330783
INSL5,-1.131589897169172
TREM1,-0.9649476673304207
ITIH2,-1.2184200381433146
S1PR3,-1.3529048496333378
S1PR5,-1.3822595363006747
S1PR4,-1.5291752370795955
CFHR2,-0.47037283649709793
TAAR5,-1.5431244137412794
TAAR8,-1.3378482859096497
SEMA6D,-1.035249707470697
CHRM4,-1.2430683663375632
CRHBP,-0.8052785562151609
TAS2R60,-1.372663401372351
RLN3,-1.525457844781279
RORB,-1.3817853255658052
FPR1,-0.2750276326999767
FPR3,-1.8599801443100512
ADCY4,-1.8267663860123482
ADCY5,-1.802300012188892
ADCY6,-1.6906962526333535
CXCL6,-1.4784515574540935
CXCL9,-1.9546243624975401
NPY1R,-1.5368947588304616
GALR3,-1.5330539376248273
GALR2,-1.440709629510728
GALR1,-1.4526348388633261
ADORA3,-1.3366082509589965
PRLR,-1.1995175319413707
KRTAP4-7,-0.9730725637663092
GNAZ,-1.6705547917346195
NPBWR1,-1.510170921062994
GRK4,-2.098221822279332
CCR3,-1.8007949558613052
CCR5,-2.0406745042827614
CCR6,-1.5733554038182194
CCR8,-1.673970445372005
NPY4R,-1.4209952226672158
BEAN1,-0.7757912556054161
C3,-1.4696465376798395
C5,-1.2972036722979037
TAS2R39,-1.3694534795589253
OR1E2,1.0726221556902895
OR1E1,-1.98737970214171
PNOC,-1.499719399944198
OR7A17,-1.7599809063465006
GPSM1,-1.3947148234069504
OR2J2,-1.9564334643145809
ADGRE3,-1.1513044479960317
ADCYAP1R1,-1.8409329724561163
PI15,-0.9091249827953297
LINC01587,-1.3899812859938403
HTR1D,-1.7918142915702018
UPB1,-0.4137821612281931
GRK7,-1.891932095893881
RXFP4,-1.488079109738371
GRK1,-1.474281749885205
KCNMB4,-0.8924501143833722
IFNA10,-1.0804073182333311
DCHS2,-1.3420266923494253
HCAR2,-1.3844040546731284
HCAR1,-1.29517420367366
APLN,-1.3625628773706318
TRIM49,-1.2511766252736365
MTNR1A,-1.3265851843121395
OR7C1,-1.4278606528553794
OR11A1,-1.6783891073850479
OXGR1,-1.4463210694199478
SUCNR1,-1.4292487651455674
TAS2R30,-1.4087168637603795
TAS2R31,-1.3946034017731201
CORT,-1.5339107652306654
CCL11,-1.3232638836196768
CCL16,-1.3014949037394423
TAS2R43,-1.3758521675944895
TAS2R42,-1.302731870551259
TAS2R41,-1.2314628101181981
TAS2R40,-1.4209858254503271
TAS2R46,-1.4129621949820914
PF4,-1.6475512711097733
GPR55,-1.4740521178011285
ATF7,0.5750999846791606
FBH1,-0.7482195690919853
KDM2B,-0.8442001354713743
FBXL6,-0.2977799504608947
FBXL17,-0.5992923887188707
ASTN2,-0.2090333825038808
ECT2L,-0.8248730641798279
PRAME,-1.0524025967394544
FBXO45,-0.5662637181837312
FBXO47,-0.9591488477862887
FBXO42,-0.831862809197949
XKR8,0.3028160120846008
FBXO36,-0.21298617112264187
CBWD3,1.4616146366740193
PPP4R3B,2.450032601926127
PPP1R37,-0.5743102078701162
XPNPEP1,0.2989932103299344
SH3BP1,-0.5354839202396521
SSU72,0.07691160458047866
C1orf131,2.154637625427454
SIKE1,-0.31616639471466146
EEF1AKMT3,0.5576335653660672
SH3YL1,-0.25215127457147185
ATE1,-0.5101663143433203
ACAD10,0.0650996706953591
ARHGAP44,-0.7929674379796543
TSEN15,-0.35489696981293317
TCTEX1D2,-0.36650990745578527
IL1RL1,-0.8877111521793835
CYP2W1,-0.34969540783354736
CYP4F2,0.08898482450165736
CYP4F3,-0.43389939873401284
CYP3A43,-0.604553029088286
CYP2F1,-0.628706444918141
CYP4F12,-0.5265297323063243
CYP39A1,-0.0584992762596786
TBXAS1,-0.9993083270214707
PHEX,-0.3962664140543886
BGLAP,-0.2633480831153724
GC,0.18315387823000753
CYP4X1,-0.045978649253664156
CYP27C1,-0.1639728494313642
CYP2U1,-0.2723441651215737
CYP2C8,-0.2085395616425796
CYP26B1,-0.4441553190411653
CYP4Z1,0.09826098552436258
CYP8B1,-0.3852378888907684
CYP26C1,-0.1656704203633441
CYP2J2,0.6584404314293536
CYP4F11,0.7360926572977871
CYP4B1,-0.16771553513336765
KCTD11,-0.6466362325035679
MCTP2,-0.6526195624190807
CYP2B6,0.09667048900932064
CITED1,-0.8661471464268534
CYP20A1,-0.27831867565004903
CYP4F22,-0.2369832090132155
CYP1A2,-0.7047575324492259
CYP24A1,-0.6088848776849787
GCAT,0.10748974257866255
KL,-0.34822082471623284
DEFB4A,-0.8258825872809828
CYP4A22,0.17603279597531607
CUBN,0.7609469154316018
CYP4V2,-0.21428827141618367
CYP7B1,-0.31676042466390264
BAAT,0.05535165046946338
CYP2C18,0.1487560313059063
BCORL1,-0.9659587117482832
DVL2,-1.2648386055097243
KLHL10,-1.4526978305658675
KLHL14,0.0029911925149115185
ZBTB42,-1.290657748962896
SUFU,-1.0581326987411857
KIAA1671,-0.803248514757923
ZBTB46,-0.6869955863932595
GPR101,-0.9708441794414431
DISC1,-1.3230115770888873
THSD4,2.360158922820229
BMPR1B,-1.3860979719479534
OASL,-1.0685742848039907
CBFA2T2,-1.22262499968701
ZNF843,-1.2126720370452768
SIRT5,0.1080690695037389
ING4,-0.945545230971534
EFHC2,-1.1885734129095786
ING1,-0.9073389583705779
PHF23,-0.04304434929318256
ZNF775,-1.3195301684976297
PHF2,-1.0472533088353175
TET1,-0.8185700927797207
DGAT2L6,0.1424716331668768
TMEM239,-0.49056503231741655
ZBTB22,-0.38744921240948427
ABCB9,0.8027547501608063
NACC1,-0.9666998397976041
PPP2R2C,-1.0275252769756147
ZBTB45,-0.5284662530667957
ZNF653,-1.8496807731347622
CDRT1,-1.5201728166703448
AMZ1,0.4392638742795042
NKX6-1,-1.0796822754382915
VWA7,-0.8864574310121356
MTUS2,0.053325743149198954
GPR21,-0.14733743550745837
ACSF3,-0.1661235878086949
NOTCH2NLA,1.0540983702013214
TRMT2B,-0.43389868651873975
MAGEA1,-0.8757229615304146
MID2,-1.4568540294824668
GPR137,0.1087732862468686
FAAP24,-0.4390565640366212
TRAF1,-1.8370207262997
KIAA0556,-0.6386829484807767
KRT40,0.33702491436520815
ARHGEF38,-1.1707605819711884
PIGQ,9.271342999487478
RALGAPA2,1.9942830379340006
DDI1,-1.7047573953325814
MTMR7,-0.9831916139256893
FRY,-0.9791269139197265
NKIRAS2,-0.4762243237832628
TBC1D14,-0.6436243337870942
GLT1D1,0.4227704654749663
STEAP4,-0.22834531605909694
GHDC,0.16303710663919982
POPDC2,0.2800511383194875
CYB561A3,0.11364607435642371
ABHD14B,-0.04174402442079285
CHRNA9,1.70569029228944
BRAT1,-0.02924093583425093
CAMSAP3,-0.6444851457220048
TKFC,2.9911480454129893
TMEM219,0.30350503590340555
SDK1,-0.3699836645776928
IGSF22,0.2213350980319081
ROBO2,-0.9587324831377801
DSCAML1,0.8171597188066988
MACROD2,-0.46835423209053556
SDK2,3.2258176886544576
VMAC,0.001639846216963508
CNTN5,-0.4270483411526597
CNTN3,-0.13883586608751713
CNTN4,0.7724689316747069
DNAI1,-1.119690361040085
CEACAM21,3.2067413476587348
FCRL3,-0.23902802195399322
IL13RA2,-0.3173977984115414
TMEM30B,1.626004191660885
ORMDL3,4.611153526689638
ROBO3,-0.5456388487204155
EPHX3,0.11002271219625867
C9orf43,-1.812993731717147
SPEM2,-1.2391843230783142
TMCO2,-1.8745420390325263
MROH7,-1.9776077010854038
SAMD15,-1.8628872254279043
TKTL2,0.5955889691391523
SYCE3,-1.6902492294686775
TPPP2,-1.2352987201473338
COX8C,-1.7245518851965225
ZSWIM2,-1.1892797608981653
ARMC12,-1.8272568786246346
ZPBP2,-1.7551563746855936
CCDC70,-2.0697860218093034
FNDC11,-1.948880583086964
RGSL1,-2.1433166768991407
CCDC96,-1.9045248891665656
ACTL10,-1.5051328015907288
TTC23L,-1.7733503451833121
RBM46,-1.9291237805486878
STARD6,-1.9627452409178996
C9orf57,-1.8126299184603054
DMRTB1,-2.1502228768086034
AL163195.3,-2.0044504569106407
PGK2,-0.7280783309523873
SPATA17,-1.4957403518559829
SPATA19,-1.6842882573872202
C10orf62,-2.0343639280542614
FAM47B,-1.80697272944768
C20orf144,-1.77680881297617
IQCF5,-1.595050396637855
CCDC42,-2.106817870345708
DNAJB8,-1.561860473446446
TSACC,-2.0970635892918676
ODF3L1,-1.7355908189492932
CCDC38,-1.866442676080011
SYCP3,-2.065869771410605
SPERT,-2.0729545645909297
RNF148,-2.037561356938555
PRM1,-2.2109360160543963
SEPT12,-1.9671586797992708
REC114,-1.9419950410871392
HMGB4,-2.0596565358817798
RBMXL2,-1.869924831475044
ZMYND12,-1.8912541080141516
DYDC1,-1.9561626364850757
GOLGA6L2,-1.9165466087264187
TRIML1,-1.8065393993208279
TMEM225,-1.746159705148155
TTLL2,-1.9940113052563473
C14orf39,-1.8471105245818003
PCP2,-1.275513421129436
DEFB123,-1.9431651807527035
KIRREL3-AS3,1.26719962536737
WNT3,-0.5621730659608577
PRKD1,-1.0032888354816631
CCL1,-1.8678142994505638
CEACAM5,-0.5844437342785016
DNAH9,-1.2692983907077395
ALX1,-1.4870018410929517
FFAR4,-1.381205465909815
DDC,0.45097653395537346
TBX5,-1.6491297331503088
REG1B,-0.3183233729047235
HTR4,-1.5067211552196362
GPR1,-1.296431652265886
PSG2,-1.8676062619338063
ADGRG2,-1.3055641736425594
FZD9,-1.3212802162629018
FZD5,-1.0926425396710528
FZD7,-1.212047999806558
CGA,-0.9034250219131371
FGF14,-1.150502877285166
ADORA2A,-1.587881176194775
TPRN,-0.291932787671571
WHRN,-0.7964369442100415
PPP1R3A,-0.5094225071078963
CLIC6,-0.8244306480757025
CCDC85C,-0.7984711268131478
AC003688.1,-0.6448406491502828
CLDN16,-0.7898490341852404
CLDN17,-0.8665659613638335
CLDN14,-0.8624046464098248
CLDN15,-0.3736415670211749
CLDN23,-0.5722540072379464
CLDN22,-0.7301325371986456
CLDN18,-0.4686414370806851
CLDN19,-0.40365233200813133
CLDN25,-0.7334219228772345
CLDN24,-0.7334219228772345
CLDN20,-0.9008422930270961
CLDN6,-0.7226241070579668
RAPGEF1,2.5341022345012356
MTMR2,-0.3284889862075387
GPATCH3,0.167368896802316
DNAJB12,2.3371269532318655
FPGS,1.6159582099765668
VKORC1,2.138482036613171
BCL7C,1.4050879056323007
PLEKHM2,-0.2113381892703144
MCAT,0.12618775363902224
TOLLIP,1.4262731130151383
POMGNT1,3.844425275164865
ST6GALNAC4,2.99252943627424
PEX10,0.5404766878629945
MUL1,0.643565371608152
INKA2,-0.25403317923594837
CEP128,-1.0285943187248363
CDC42BPA,-0.6699619201151165
INKA1,2.127696980066918
PAK5,3.808785836985611
CHST9,3.486521978137227
CHST2,4.395371380747653
CHST10,4.393030655021086
CHST13,2.9986023357218627
CHST12,2.5432178495428874
LRP6,-0.34367800959532113
CHST14,2.7380745594809253
CSPG5,2.4585549867567256
HS6ST1,3.5478248211855394
HS6ST2,2.2344403993734976
HS6ST3,2.5505738160169833
SYTL5,0.6698916076809027
PKP1,-0.9869453806322683
MS4A1,-1.228214608323685
RADX,-0.723364740879587
NSG1,-0.8405739487655736
GP6,-1.1222039726341937
ENPP1,0.10698580737443088
FLRT2,-0.8808537222398228
KLK1,-1.0848681569032876
SUMF2,0.5378707942189752
CCM2,-1.070490874036838
C1QL1,-0.6385237869469983
F12,-0.5476322725322604
SLC39A2,-0.8431022894882974
HOXA11,-0.921058877050444
PAX8,-1.4965132011256446
LRP2,0.002883249832378527
IGSF1,-0.9676625436162025
SOX3,0.35938411563372175
ARHGAP6,-1.2891445392598413
GRHL2,2.751487179137946
WNT5B,-0.8218575899244844
PEG10,-0.4484179937351665
APOD,1.2213434997473571
CEP170P1,-0.42359248953614137
PTPRZ1,-0.9592763339440552
NHS,-0.35492678815069323
ATG4A,1.3845879809515051
SLC25A14,0.15065712402103804
CPLANE1,-0.6904268183760913
ADGRG6,-0.41886761466169103
AL139011.2,-0.3998536751786793
PPP1R14A,-0.9383430688097315
GAS2,-1.1338601439626206
CELSR2,-0.7027251782362446
GLRB,-1.0877171304065307
NUP62CL,-0.4202097243265479
PSD3,-0.7261506494546555
NME5,-0.9380491272827788
AMMECR1,-0.43605659163600835
LIMCH1,-0.33171760607856243
SCNN1B,-0.13260887874515376
PLCE1,-0.5466625867747102
GLCE,1.8270378109438952
TOM1L1,-0.3057546014633516
NAV3,-0.35311712435112397
HOXC6,-0.882307764660246
DLX5,-1.3734944981799955
C1orf198,-0.7346123237148888
SPOCK3,-0.7834168186074617
VPS26B,-0.0579962272773996
SERPINA7,-0.09173836316874363
PDGFD,-0.48348031432543365
USH1C,-0.0738591352409927
SLC15A2,-0.7507435601610046
SAA2,-0.773797930380192
PTGDS,-0.9046026375405468
PAX7,-1.160252626414547
PAX2,-1.1843027652899052
ATP6V0A4,2.912826822015403
SLC22A2,-0.0030044758289365365
FMO3,-0.36907352883730926
MCC,0.9676865344174163
MMP19,-0.448425374056808
HFE,-0.9274895607954398
FGF12,-1.1791196332924105
ARSE,-0.11773395261344018
PLA2R1,-0.8012899739306062
ID4,-0.9592791430089288
CPED1,-0.9352692008582978
DPT,-0.9326229439689168
DKK2,-0.39277351607776384
EYA4,-1.0114481995294948
KERA,2.5129690107434297
ABCC6,-0.015166778481360334
KRT33B,-1.7188163359806012
LHX1,-0.7166413394335244
PTGDR,-1.4836856993113683
GPRASP1,-1.1191683934959253
EMID1,-0.7209908278708702
CA1,-1.3861012936471797
RASAL1,-0.4163461281934088
ADAMTS6,2.3787360585260267
INSL4,0.6223799300351947
DMBT1,0.1777641777421337
VN1R1,-1.604381447088005
AFM,0.28971194074960005
MAGEB2,0.4983760748925556
SLC22A11,-0.9739721004127887
CLCNKB,-1.0335400203674874
CLEC4M,-1.4113221895493575
HOXD4,-1.3968960411945797
SCNN1G,-0.23046844495023092
FCN2,-0.6582600138112027
PAX9,-1.209767146898533
NAA11,-1.2546469007072807
KRT85,-1.3214082011007489
ADRB1,-1.3140514751805354
CDH16,1.3605928175389144
POU3F4,-1.3394634893068702
USH2A,-0.9673775105531769
SFTPA2,-0.6523889787647901
ANKRD34C,-0.9981162067497983
CRYAA,0.3943112828600581
UMOD,0.32940367979366536
MFGE8,-0.20100095270465804
CELA2B,-0.6706464309335428
ARHGEF17,-0.7071846545749798
TMEM184B,-0.09919164237836839
CLPSL1,1.0070132306040889
SOX18,-0.8254817683362374
FARP1,-0.29891330888262235
GPX7,1.5173355576935232
RETN,-0.5987701800045074
KIRREL1,-0.6033980564651681
MXRA7,0.10977795041826509
ERG,-1.063117576930421
NDUFA4L2,-0.1369578426281635
SPON2,2.1856918215314405
SHOX2,-1.0840379772028954
ITLN2,-0.5684775657705182
EVA1B,0.009433637903316281
FNDC1,-0.44211486831865354
TSC22D3,-0.93693541350419
LPP,1.1747573317824498
C1QB,-1.1505805050443427
STBD1,0.3567424603536507
VGLL3,-0.9480605283527657
SOX4,-0.9796491843326082
ARAP3,-1.16627706682786
DCBLD1,0.5366828344167505
SLC16A2,-0.37617045337651195
FKBP10,-0.696101935884806
PLVAP,2.828383339909262
UNC5B,-0.15394993713141863
RASIP1,-0.5001617874927086
UAP1L1,2.928617761814125
RARRES2,-0.7728216886933398
CDH6,-1.076084491564767
MYO10,-0.7202138331198329
MID1,-0.805182058897601
FGL1,0.3215151291545665
SLCO2A1,-0.7402209942744767
RAB34,-0.1520577621861772
AOC3,-0.646755083977187
CCDC102B,-0.8632729076689506
NDST1,3.3128744138118287
BMP3,-0.08708750426192503
HYAL2,0.40721002593026995
CCDC80,1.4157984266858807
ROBO4,-0.5689566980107561
EGFL7,1.1740602927299157
TBC1D1,-0.8229456691987406
SGCE,-0.23397066246105325
ID3,-1.0119857506685754
GJD3,-0.43947453701020794
MSC,-0.7101722689550842
SERPINA6,0.4828917304672128
VWA1,0.963112703691808
GLIPR2,-0.5760017993155135
PTPRG,-0.9415490880501669
CSRP2,-0.415414243572505
ADAMTS9,2.466188480581912
C1QA,-1.3133574536518715
SAA4,-0.09440516972544609
PCDH12,-0.8974746579971207
SVIL,-0.8544939719184251
CDR2L,-0.8005209666383588
INHBB,-0.9693417221867006
SPESP1,-1.6462148079660852
APOLD1,-0.6618662235888919
CYBRD1,-0.11142961055322066
COCH,1.5798414344213692
LIPG,-0.12827901368841635
MYCT1,-0.83381905718128
GASK1B,-0.28032924170509904
NXN,0.09502693206396978
IKBIP,2.0860130192939974
HEPH,-0.22958545204987174
TINAG,-0.6652848844989419
OR8J3,-1.7843049783240554
OR4C15,-1.7234471468304082
STK10,0.5127805387360429
TYROBP,-0.18793768162018276
ZDHHC12,0.38095406229095774
GMIP,-0.9073866705401813
CDA,0.8132361164708823
NPL,1.233158817061698
PRR13,-0.013003506804650686
TNFSF13,-0.4915393150618391
MGST2,0.03707887283551243
EDC3,-0.3086081893023685
TMEM127,0.7795522136588957
GLMP,0.2264961167335779
HOXB6,-1.274132054441676
FTL,-0.4537062153348859
SDF2,3.2952456658040337
BCL2A1,-0.8893512028623785
FRAT1,-0.7544244382491324
ATXN7,-0.9003437152268562
SMAD9,-1.1241312720843653
OTUD5,-0.4668636358649447
NADSYN1,0.6603539066446437
GFI1B,-0.69785310196199
SHISA5,4.0420761176939966
STN1,-0.18923146488370035
N4BP1,-0.47234669051636907
MS4A6A,0.4349530561778692
ABR,-0.5884734248818025
ARSA,1.6060886470904434
SIDT2,1.6011539178767316
MAN1B1,2.9385405366602857
HPS1,-0.15413744082118574
VSIR,-0.6455136768773417
PLBD1,-0.3929979565049809
TMUB2,0.49548638000772754
ADAMTSL1,2.795099869995288
TADA2A,0.6211725197547172
TNFSF12,-0.3557394734741034
TREM2,-1.0111932439761475
TXNIP,-1.0652962662268275
PPDPF,2.1901812049038303
ADAP2,-0.7107115518741218
NAGLU,0.6779785987342162
BTD,2.1874123141984008
MFSD10,2.673367063513013
IFI6,1.9407928845538553
HS1BP3,0.3176561542925072
ACP5,-0.7001339451749934
BMT2,0.1781860052295939
LOC100653049,-1.4084140492621067
CYBB,-1.118986709743157
IFI27,-0.8769556209836666
RNPEPL1,1.060017744178561
CCDC92,-0.35766165595030336
C11orf68,-0.11231906322872581
TRPV2,-0.4028131493820346
FAM131C,-0.7437785547274013
KRTAP1-5,-0.7413390772763289
CTSF,-0.37830109734482653
TRPM4,-0.2252903792696782
SECTM1,-0.8151168547211566
MAFB,0.5947279569106385
PRKAB2,-0.23101777674964544
BST2,-0.3168885305049297
LGMN,-0.19120186367656122
LAMTOR1,0.5149264299321862
SRGN,0.37849259175567174
GMFG,-1.2100631968293585
WBP1L,-0.1289505758698535
SLPI,-0.240678440854192
KRTAP11-1,-0.9441188894422929
PLAAT4,-0.934010540725947
STX10,1.8590718018017949
KRTAP15-1,-0.6149459880342549
MICU1,-0.1386406471314538
CALCOCO1,-0.7757614037945798
ZFP41,-0.0878748167299549
ZDHHC24,3.321891115101438
ANO10,3.7166439816467975
CPNE2,0.9950047832754859
MAN2B2,0.7869615389614119
S100A13,0.07703193135715876
LYZ,0.6560163135109788
TTYH3,0.1608595656923475
IFI35,-0.47301636165938765
OAS1,-0.7581108463809355
MAGED2,2.409004925908791
CCDC69,-0.9890633934349176
TMEM115,2.5344458338954543
GNPTG,1.1624527985452546
FLYWCH2,-0.14773744916707285
DLX2,-1.3470363090178645
FAM102A,-0.45040854571852634
APH1B,-1.1709252199525189
FAM207A,0.9613240701546778
BSCL2,0.33721196277856486
ABCG1,-0.4921911899679323
AC113554.2,-0.8710658982176709
RETSAT,0.0741841186598913
SIL1,2.9752610878916803
TOR4A,0.5930157078397525
INAVA,0.12959931599895172
PYCARD,-0.7057941306148086
LRP10,2.116129286347724
ULK1,-0.730315882329182
MCOLN1,0.3263549196493443
SULT1B1,3.208162139964577
CHSY3,1.3355912525417135
SBF1,1.2392857531943884
NDST2,3.885631526915121
NDST4,3.1869569631893784
SULT1E1,3.3463292271007314
SULT1C3,5.506511846487482
NFATC4,-0.7531030713885417
SULT1C4,2.672151770369818
CHST6,11.724605845129183
HS3ST3B1,4.051842396120691
VSNL1,-1.3312797890682846
CHST5,4.08375763068359
SULT6B1,5.705804447949685
SCRG1,-0.9917777598853563
DIP2C,-0.567592610977553
SULT1A1,3.3744452525362534
BPNT1,0.703045430684773
HS3ST6,4.4587269633531905
HS3ST4,3.9923612565328384
HS3ST1,4.040701862790869
HS3ST3A1,3.9711193140596586
SULT2A1,2.751792977718805
IFNAR2,-0.8689440761411069
ZBTB32,1.999002148584678
GAL3ST1,3.497399606785704
ADAM19,-0.5693642893112371
GAL3ST3,6.077619878269202
GAL3ST4,7.404862052003175
GCNT1,3.1598359919525167
CFAP74,-0.8499094113542068
REG4,-0.0011814685043267951
CLRN3,2.4948086678828987
TMEM125,0.5440435482823003
ZG16,1.0140395333843522
ADTRP,-1.2437546419452965
ATAT1,-0.5677444910691147
GSTM2,-0.15942064262036168
SLC28A3,-0.6456941497195559
PCDH11X,-1.2579487666970162
MUC1,2.2900438012505635
MUC7,2.7134625152116922
MUC19,3.4052500832360617
MUC17,2.8703877577632997
MUC16,2.546305985191939
MUC15,3.045307953040494
MUC13,2.6489477600451288
MUC12,2.9902256869422725
LECT2,-0.332456216302437
GPR15,-1.4161417035985366
CDH10,-1.4549432330184637
KYAT1,-0.296125968729457
GJA5,-1.104724935672738
SLC17A4,-0.8437701008706864
F9,-0.15776997296416095
TEX13B,-1.15284453624985
TM4SF4,0.6712285461642472
SLC45A2,-0.9289002186471824
TRIM15,-0.716353381668213
USP29,-1.1467238883837445
LBP,-0.966504821457952
B3GNT3,3.9184142534183986
IQCA1,-1.027152532178767
EPS8L3,2.6904354962536443
PROZ,0.3180487014018997
GJD2,-1.794516738376444
NHLH2,-1.1369172618277672
CA5A,-0.041404629261423055
ASCL3,-0.9065433351939781
MUCL1,2.705091132866227
MUC3A,3.442224574938939
MUC3B,3.3987459192549787
WDR78,-1.5563994837010509
NECTIN4,-0.5210285951755551
CDY1,-1.0645205238715707
CIDEC,-0.6199034461450135
PFKFB1,1.3751311775879829
MMP8,-0.7668975548712105
DEFB126,-1.4334023408749605
KRT37,-1.3886443639864137
IL21,-1.2387333130193996
CNGB3,-1.475626849388818
GP5,-0.8525625193473897
MASP2,-1.0656275484148647
PAX4,-1.550780467073348
PCDHGA9,-1.0501216248105258
PKNOX2,-1.402574473020215
YY2,-2.163020878997901
SLC10A1,3.6391173002262724
IL19,-0.754110701243924
NEUROD4,-1.3745871887274488
LENEP,-0.8011479052835602
IL1RAPL1,-1.4073934756761672
DCPS,0.4738356070159245
GCNT3,2.985642737575025
HAVCR1,-1.1208130032516652
MUC20,3.028161394412065
MUC21,3.031653234726863
C6orf15,-0.7297830588017419
CELA3A,-1.074151753291896
OR1A2,-1.1422863521607005
FOXK1,-0.9320244675027582
TRIM31,-0.7789673392946092
SPRR1A,-0.8185258656418588
PLAC1,-1.402907041485111
IL22RA1,0.19539643995746284
MUC5B,2.5515696539111823
PROX1,0.7156915587020974
TMPRSS5,-1.0698579774326382
ARMC4,-1.7021789221252832
SIGLEC6,-1.7255511154293666
GALNT10,2.994350891972148
ALG9,3.342255207531407
B3GNT7,3.9440416369065545
DNAJC18,3.7766092202429133
ST3GAL3,3.466742906714141
GLB1L2,2.7110587522705774
CD226,-1.4117071074091263
CDC42SE1,-0.24525976389009804
CRTAM,-0.7323430120892995
CSF3R,-1.2718372564596114
MS4A4A,0.6422437703819501
MAF,-1.1201890406070587
LILRB3,-0.7845101197397725
LILRB2,-1.0325864130973772
LILRB1,-1.1006188222182505
CCL22,-1.2596370503732082
GZMB,-1.4259015109226125
GZMH,-1.3922038230302025
SIRPB1,-0.38207244609294616
TNFRSF10C,-1.060600534131471
CLEC5A,-0.0991638653724694
IGSF6,0.20086231574114724
IL3RA,-1.3294808311374697
PRAM1,-1.0154912855972564
LSP1,-0.9161680399425769
MPO,-1.1837470533914176
IRF9,-0.7283634057864271
LILRA6,-0.5972444680888593
CFP,1.6949494687236155
FCGR1A,-1.0928594621913
GNLY,-1.1532122018613724
HLA-DRB5,-0.550508450496777
CD300C,-0.9380069867676329
CD300A,-1.2024078657718902
CLEC10A,0.2527490898080968
CD300LF,-1.4204232993827497
SH3BP2,-1.0155182005341887
APOBR,-0.8446454354270474
TNFSF8,0.43584374602267534
SLAMF8,-1.0877410781611756
SLAMF7,-1.1891967127207126
ALOX15,-0.7433817574943326
IL18RAP,-1.1544467847900188
LILRB4,-0.9465686796452433
PDCD1LG2,-0.9080843355780235
AIM2,-1.3718750297819202
LILRA2,-0.8157226724069414
CLEC4A,0.3546695186460255
CMKLR1,-1.2018272479032333
PLA2G7,-0.9918417374082911
CTSW,-1.2033029354301195
FCER2,-0.9110792897207642
CSF2RB,-1.551758662208781
FCN1,-1.2538514883009833
LAIR1,-0.656957523251225
ARHGAP9,-1.228186454667514
CLEC7A,-1.0015401779347985
NFE2,-0.8241844402859355
HLA-DQB2,-0.6509660939040501
CTLA4,-1.2656563826642613
SLCO2B1,-0.7667932006553794
MYO1F,-1.1404115605974365
CD8B,-1.2726114363528411
HLA-DOB,-1.1205128624925647
ADGRE1,-1.3068846216509549
ADGRE2,-0.7537908281879198
RGS1,-1.087316586444351
S100A12,-1.1091845090673744
DPEP2,-0.5703979360793652
TFEC,-0.8856733303614811
CIITA,-1.4266856138812023
BEST1,-0.8910923545320396
NCF1,-1.3045228773858943
TNFAIP8L2,-1.0776270625994777
ICOS,-1.393146505899756
RIN2,0.9604406825175927
CLEC4E,-0.8201908097171781
C1QC,-1.1433666710294146
DOK2,-1.1934497253360568
IL18R1,-1.3420068067053175
ABHD6,0.016007137932672992
PARS2,1.5709075994031398
ABHD12,2.3397843041604016
DHTKD1,-0.13034039103320558
ARL2BP,0.4737496188785741
MALSU1,-0.44727572602791466
SPG21,-0.6577136338621022
ABHD8,0.6682208159454244
EPHX2,-0.30833169785422243
ABHD5,-0.09772083676404766
INPP5K,-0.6820172783145722
SERHL2,-0.5709378937433759
ZADH2,-0.1898511034940991
ABHD12B,0.11951258999881606
NFS1,1.1013286246230123
ANKRD52,-0.9547526822003882
HIBADH,-0.12438635618696561
LDAH,1.4213045225350833
CHCHD4,-0.25586745884090395
RTN4IP1,-0.3243249703555797
ENOSF1,-0.6456666938935456
CISD3,-0.027008730261440805
IMMP1L,-0.27824365114682187
UQCC1,-0.11254224736069005
EPDR1,-1.1300505200780362
EPHX4,-0.20119910536816807
NDUFAF7,-0.06232409520574141
OXSM,-0.12413614991468895
HACL1,-0.15899316673344238
ABHD16B,-0.3267618504700826
ABHD16A,0.11814604078984148
PDSS2,0.12734166202185007
TRIM68,-0.22916792437084638
BPHL,-0.17125038399344772
NIPSNAP1,1.2254581003214264
GON7,0.0621228923116862
CCNB1IP1,-0.5141647873616484
HDHD2,-0.16038869317505336
MGLL,-0.4339212204585223
C20orf194,0.22042924757866458
MAGEF1,-0.5518716161825834
HSD17B8,2.0183003011526743
MCEE,2.5266572938730594
EFCAB7,-0.9598968000329916
ARMCX5,-0.5045060868621118
OSGEPL1,-0.5389435637145957
ANK3,0.9589380837441271
COQ5,-0.4880072817846804
COQ7,-0.07892870623348987
COQ3,-0.25720502863342704
OR8J1,-1.592298092339003
OR10K2,-1.6025398956922425
OR8K1,-1.5665035897013646
OR5B17,-1.5980942592827148
OR6C3,-1.462666774565526
OR6C1,-1.4610600360537325
OR5T3,-1.5314042720103807
OR4X1,-1.7384178987152847
GSC,-1.2161778690643488
IL12RB2,-1.2077948337162565
ZYG11B,-0.12249636369766578
DPRX,-1.3490547086791442
FAM129A,-0.7095654687206219
CTBP2,-1.1493331257387314
PRRX2,-0.6818908247560638
NOBOX,-1.577102482227736
HESX1,-0.9737704159121792
VENTX,-1.2254464291398925
MNX1,-1.139663172739673
DLX3,-1.1209170372820123
ANHX,-1.136913222800928
ISX,-1.1325936045172864
TLE2,-0.9598989525269076
SCAF4,-1.0723401322407717
IL12A,-1.345535912254387
DMBX1,-1.002318810130155
UNCX,-0.22243262888710447
ALX4,-1.6027550403753485
PELO,0.012361641896727995
RAX2,-1.31841205537114
CDC42EP2,-0.41385409048533245
DRGX,-1.1859249743965943
OTP,-0.6764579134365588
COX7B,-0.16589278201212923
MT-CO2,-0.07128309720174772
NDUFB2,-0.07172078681505704
NDUFB11,0.08252508913118185
NDUFB7,1.3325585059836507
NDUFA11,-0.03704367701796261
COX6A1,-0.07013151070397064
COX6B2,-1.4204431632387056
COX7B2,-0.9529353358124224
SURF1,0.1210238017540359
COX14,-0.07718472486580684
COX16,0.10492047780577748
MRPS36,-0.24394197238389148
NDUFA3,0.11738975972915948
NDUFA1,0.04786465513108281
IDH3G,2.1201565073984487
CCDC151,-0.8330297448632916
COLEC11,-0.7071745816498538
CBWD1,-0.1875049091742429
SYT16,-0.10819417489587801
WDYHV1,-1.1798056231895209
PLGRKT,0.10939753804093594
MCUR1,0.5407737309123961
CCDC120,-0.9521058668716376
DIABLO,0.06089245374435575
TICAM2,1.160552927979784
LHX8,-1.2435228094811375
IRX5,-0.9914159096867378
IRX4,-0.9467226048178625
BANK1,-0.9227387737455622
IRX3,-1.109876087519137
TCF15,-0.413099312644328
HHIP,-0.8471678094479917
TNFSF11,-0.8095537220849505
PPP1R1B,-1.3081615863632934
SOX17,-0.7212490303528932
ZIC2,-1.1530728773464418
B3GLCT,6.241031407049975
FOXJ1,-1.2059881407782613
HES5,-0.8001759507299172
SESN3,-0.40053020582040794
RGMB,-0.5895265017355078
RGMA,-0.6743375465467307
STRIP2,0.12154405683374869
PPFIA4,-0.6948352132436724
TWIST2,-0.948245253268122
SULF2,1.0923008210772824
VWCE,-0.310324485475966
PRSS12,-1.0377177282092815
NRTN,-0.7530397637072578
GDF7,-1.114216219381419
SIX1,-1.4249836065311898
KIRREL3,-0.009570075683803754
CDON,-0.9129148100187854
FIG4,-0.4589898243417554
C1orf56,0.9599617411668028
LY75,-0.7674230448594174
NXPH2,-0.47013068658879464
SHISA9,-0.40638404368133635
WNT3A,-0.8170212574502587
MESP1,-0.9066351532850082
HJV,-0.6996156923192323
ACVR2B,-0.8610083226178499
DLL1,2.8079208908159727
SATB2,-1.128300556044033
BMPER,0.6367447792078446
SPTSSB,0.25783673095335286
GREM1,0.8730959829058628
APCDD1,-0.8386868620273636
INHBE,-0.9200367075212634
BMP8A,-0.834263901236464
BMP8B,-0.8920939213579784
GLB1L3,0.6600239046075731
PCYT1B,-0.2647837964799547
FREM1,0.7199654829443342
NPTX2,-0.6749263208034494
TMEM71,-0.4556328778885851
TSHZ1,-0.7005745944362398
PAX1,-1.0180749830236007
IMPG1,-0.05259237649801946
SIX6,-1.8042091081321596
MEOX1,-1.1866692928582292
THSD7A,2.155452733897216
SLC35D3,3.960489908356167
S100B,-1.0743244426247136
GDF6,-1.094101847835514
ZFP42,-0.8746726219286542
PCP4L1,1.065592988686313
WNT2B,-1.1173618265948275
CRIM1,0.34338002622319974
FXYD5,-0.15885549830922807
DELE1,-0.3670633693794184
BOC,-0.1757908879499971
NKX2-5,-1.3182714086418799
WNT8A,-0.8160978686165279
BMP6,-0.8724669595234877
BARHL1,-1.1841412123388275
ZKSCAN5,-1.011573508208657
SLAIN1,0.48665675094127103
AMH,-0.4538849164373769
CYGB,4.477940835898012
PRSS35,2.464656627082506
DLX6,-1.2053371146433867
DLX1,-0.9545179365372266
SH2D5,0.14225559251667813
LMX1A,-1.2849123436194216
HENMT1,-0.6213167314087283
IL17RD,3.2635918231340297
SOST,-0.32723383627056635
SOSTDC1,-0.7286986028226121
HEY2,-0.9346541084209141
FOXG1,-1.137998693966488
PIFO,-0.9246143554895577
LATS2,-1.0628730927081498
FIBIN,0.06246806878140145
GLI2,-1.5119185137050133
DGKE,-0.5328531392291894
C1QTNF4,-0.40726581338914225
VAV3,-1.116958218175592
MBOAT4,-0.21283649103951746
SPART,1.4634095209980296
LRP12,0.3780323097163498
ARRDC3,-0.4971263821872446
AL591806.3,-0.3623202914527097
SNX7,0.07328115935287847
SHB,2.781718347001887
AZGP1,0.06646655705019984
ONECUT1,-0.4471440873681803
DNAJB4,1.4686607384501706
ST3GAL1,1.6039173329347127
SLC25A24,0.3937252829060378
TAGAP,-1.3624617201185494
KRT3,-0.8395975042579706
OLR1,-0.8935456148385897
NHLRC3,0.6470633735362956
F11R,3.921290385296179
KDSR,0.524277258204063
ERLEC1,2.210601698687622
LYZL2,-0.16160285354191584
TBC1D12,-0.7111535522632411
GRAMD2B,2.2392508103651783
DSPP,0.1982981326966439
BLOC1S1,0.8980162627976631
COMMD6,-0.44618020864235236
MT-ATP8,0.07398694383288852
SELENOW,0.40757791944835803
MPC1,0.16376880656739431
NDUFA10,0.27134877834353394
DMAC1,-0.12579946133890985
HIGD2A,0.5637816128046326
AL133352.1,0.4104311508087887
NUDT2,0.25114752265296725
MAGEA2B,-0.46619661600972867
TOMM7,-0.16687371098238266
TOMM5,-0.373498561911286
MRPL20,-0.10827312703426717
TRIAP1,-0.05522803217362675
PNPLA4,-0.32569891053088973
ARV1,0.5750122461117655
GNAS,1.4773781119273248
AAMDC,0.08823655991251249
ANAPC16,-0.4964985865423509
SPAG7,1.8652363884392669
GRHPR,2.248714924986188
ECI1,-0.06698831300547535
SMIM7,0.2568800409487207
C15orf48,-0.18732738772479116
BAG4,-0.9769504353662599
LETM2,-0.7556767225739428
PLPPR2,1.3421061476401086
TMEM54,0.6465992725965477
PLPP5,3.157611688017653
ZNF518B,-0.8293524466968168
ZNF521,-0.9877324533929718
FAM170A,-2.01455134360625
VSX2,-1.182048885075706
SEMA4D,-1.0934811315561448
POU2AF1,-1.0516987538420681
CCND3,-0.7180806052624981
CLEC2D,-0.7081989405601511
CD1B,-0.7158825980688099
VPREB3,-0.5964521107921945
NKG7,1.0887807852591995
GZMM,-0.935589066610723
ZNF831,-1.5086718459440285
APOBEC3G,-1.1388044813891853
APOL6,-0.9666157010900385
APOL3,-1.128175772152098
APOL1,-0.6585671747178573
IFI44,-0.9393793013681164
SYTL1,-0.6203858802944346
CHI3L2,-1.0505434826374938
NFATC2,-1.3435102797280276
G0S2,-0.9327506198680651
IRF7,-1.055097247660108
CD96,-1.3091645641341316
TMC8,-0.8678850393427633
SCML4,-1.0433802662474683
ARHGAP30,-0.9555092063892103
CPPED1,-0.3535855330417156
ZNF276,-0.7603362759910223
APBB1IP,-1.1014969201809903
AKNA,-0.8467554665505325
SKAP1,-1.4427309783615567
HELB,-0.5057118828848529
ZBP1,-0.8452097075538816
MZB1,-0.25233189569882125
MICB,-0.6503408887412409
LAX1,-1.2273352596749603
GIMAP7,-1.2301200596169872
IDO1,-1.2526004621611315
TMEM156,-0.8266704264997197
NLRC5,-1.1998926195527202
MOB3A,-0.7475788510716848
ZNF862,-1.3385450681887388
CCDC88C,-0.9080984047756768
TLR6,-1.2412359447838648
BATF,-1.2596417036517666
PREX1,-1.155548425918892
BTN3A2,-0.887647126022068
UNC13D,-0.2989759493697351
SIT1,-1.1549902317398668
CCL17,-0.9660858582625096
RGS19,-1.021925754169111
OXNAD1,-0.3649786228159229
UBASH3A,-1.5473144988326466
RASA3,-0.6841936622609532
IL27RA,-0.8376902959283701
PVRIG,-1.3756252768479036
C4A,-0.5485381765275046
PIK3AP1,-0.7571326199971988
AHSP,-0.7187302638443206
PGLYRP1,-1.3856461531433413
HVCN1,-0.19847440920307488
GYPA,-0.908393288086859
LPA,-0.49816770890954526
CCL3,-1.1892281998690735
VSIG4,0.35018345972955245
LAMP3,-0.8878034547189649
TM6SF1,-0.2915209677547177
CHAMP1,-0.6222459821915531
PADI4,-1.1245048918582667
CIDEB,1.3833169052669938
CRLF2,-1.3494844968471083
NAALADL2,0.06464739484669496
FCAR,-0.8680427847511875
IL5,-1.352722247170323
C1S,0.6187811627304246
HLA-DQA2,-0.06634043187778434
AC018755.2,-0.8008354286974041
MPEG1,-0.9269303057052987
IL1R2,0.6053528956750233
MPL,-1.6002456270322378
FCER1A,-1.085679878188778
SNAP91,-1.1686698235930602
CHN2,-0.9025606198910779
NFE2L3,-0.5795211642901681
GSTA3,0.7697876014444954
PTPRN2,-0.7246314626652416
BACH2,0.7109883028509614
FAM30A,-0.9616394147346946
MAN1C1,2.12727106765078
BATF2,-0.7770043615582538
BEND5,-1.0852896019368554
SALL2,-1.0760480293741987
NDP,-1.153945003633225
JDP2,-0.846149214913416
HNF4G,-0.21237301547984613
NR1D1,-0.853756315469776
PPL,-0.7054709947472999
PIK3C2G,-0.7716399733870469
KCNMB1,-1.2402227870313451
GREM2,-0.7339260371834978
CCN5,-0.6185206719154118
OTOGL,-1.0000944908239826
CGB5,-0.3123768856602595
CGB7,-0.9228917801115625
CGB3,-0.7583220995103749
PDE1A,-0.7290169785800727
GPHA2,-0.8417863158877444
IGFBPL1,-0.5958335250163347
PTPRR,-1.2128147491146661
TCFL5,-0.543537028087517
TXNDC17,-0.3281028849218384
ZDHHC11,-0.446815919112169
SLC27A2,0.31096093415498266
RUBCN,-0.5895089418641136
ACVR1C,-0.4541977764044102
GDF11,-0.8645101599059751
ERVV-1,-1.3912871538803817
CAMSAP1,-0.4725727064806451
NPHP1,-0.8654283692644498
BARX2,-1.0439321130470232
MAB21L1,-0.9335697772000503
GJB6,-0.8271253640155918
TOB2,-0.822659897129507
CRISPLD1,-0.8761237452994395
LEFTY2,-1.1856096855226776
ARID1B,-0.9304943275267927
HEYL,-1.109169969658893
FOXE1,-1.388274586252521
MTMR11,-0.616551150349658
ZNF8,-0.6924245138033532
DHH,-0.45061643452612277
INHBC,-0.9949334862833549
ZSCAN4,-1.661162728647353
PNPLA2,1.290975142759781
MSTN,-1.1906954005091224
TBX6,-1.3117940173667648
CPXM2,-0.31658228375331515
VCPIP1,-0.6495167439811744
EXPH5,-0.40405891229698454
MCM3AP,-0.4983691972168748
GDF3,-1.2762320984635642
GDF2,-0.8164469729304802
GDF1,-0.9309267017112981
EYA2,-1.0354831941713398
CSH2,-1.3581553509861004
CSH1,-1.3681510826487555
BMP15,-1.3504794227362082
RCOR2,-0.9351977079242755
BCAS4,-0.35344910300873184
RERE,-1.0099464623735586
DNTTIP1,-0.49526605290190717
PHF12,-0.8852506963257749
ELMSAN1,-0.5782703655702734
MTA2,-1.158220127852288
MTA3,-0.9457134694988263
MIER3,-0.1270494300720003
MIER2,-0.41105295608433196
ZNF827,-0.718451329402402
GATAD2B,-1.1344428658376533
LRATD2,0.009353121897915343
PARP16,4.122100297916425
RPS6KA2,-1.0419689551827895
OLIG1,-0.9378645680316979
AGGF1,0.5981087830797938
TSTD2,-0.06652555376365271
SOCS6,-0.5595747429145714
TRIM35,-0.9453341343767704
TGFBRAP1,2.837434421726473
PIAS4,-0.7660247327452178
TDGF1,-0.3755269417967044
VPS13D,-0.6450832139250853
ZSCAN10,-0.7843812255600618
NUAK2,-0.7784890886432514
GLMN,-0.49387335958459005
MEX3B,0.13705860839673298
MAP3K13,-0.7266828551866928
SKOR2,-1.0707826147872257
EPC1,-1.0014665181989286
MSANTD3,0.2928587263535315
THRSP,-0.24664041257433642
PKNOX1,-1.3287413658281397
GPALPP1,-0.4127674822658731
SALL4,-0.8568977843686781
IL23R,-0.9199178275854628
ELOVL5,1.2193339200342002
CWF19L2,-0.8720257802588913
GTDC1,3.8942146004159257
METTL4,2.8869535830914317
NKX3-2,-1.3496466022141056
DNMT3L,-1.2362031779247424
MYZAP,-0.5639651396964734
STIM2,-0.23774076516967116
E2F5,1.7545442974288967
EID2,-0.1867827347420872
GREB1,-0.5637345789200972
PARD3B,-0.5674356460460981
IL24,-1.0046152332112486
CBFA2T3,-0.9706153179626519
BCL9,-1.0307263917641127
STK11IP,0.7936914194033657
TENM3,0.04199180663082712
KDM6B,-1.1326399635811624
GOPC,0.8357731808671937
RASA4,-0.7084314406741158
TIAF1,-0.25199873062628436
WDR35,-0.5406128580459103
TCTA,1.749980646714161
C11orf54,0.3673521336960098
NELFCD,-0.1091353544528034
PYGO1,-1.3563476272029424
PYGO2,-0.5573072257335798
TGIF2,-0.8181601013917724
ZNF652,-0.8270592553257855
USB1,-0.0105961679304055
HEMGN,-0.681340864884832
STK35,-0.5712301497598914
ZBED5,-0.7010135355098058
CRYAB,-0.886762897985669
CFC1,-0.9961044413652534
ALDOC,1.9230777438408804
DCP1A,-0.24353158527891022
RAB3B,-0.6207002441687135
TBX20,-1.2709014031225343
ZMYM5,-0.6615941470777785
FAM169A,-0.7250678494859697
PUS7L,-0.03559637081705373
DLG5,-1.0129983411520271
PLEKHO1,-0.5012493278250036
PCYOX1,-0.318854506980874
ZBTB8A,-1.0007619190680803
TBX19,-1.1498447875736408
VGLL4,-0.49172639269913193
SOX7,-1.4113857746186762
POU6F2,-1.7517275722567236
CSPP1,-0.8759081527590489
LSR,0.4231378601050078
KMT2C,-1.275266666913639
IPPK,0.3301338695815208
ZKSCAN1,0.07664893585116359
RFXAP,-0.30165164186214793
HOXA13,-1.1663590942827746
BTG3,0.38204555760297215
HOXB8,-1.551010683579688
RPS6KA5,-0.8547262550635065
CLIC3,-0.48590442550541707
BARX1,-1.0549369167528684
HAND2,-1.2493014763889994
RNF165,-0.4098765453929439
TNS3,1.1752636255164706
TFAP2B,-0.8542328062658963
LOC102724428,-0.4947405369938763
PEX6,0.16552718475164674
TAB3,-0.5523241561829636
ZMYM1,-0.32760760024086527
DIPK2A,2.249156948899147
SLC39A5,0.17569812636671595
HERPUD1,1.3260168257031397
CWH43,-0.041554276316078075
ZCCHC12,-0.8625996053569552
KCNQ5,-0.6001607942465023
SLC39A9,0.46936138983811465
ZDHHC3,-0.1819424229239342
VPS18,2.40407510124597
IRF2BP1,-0.2939980355127581
UNC5D,-0.3499051895291374
POLR2J2,-0.29405541765944
FHL5,-1.4494886607019377
CTDSP1,-0.29379105754714746
MAST4,-0.6376877241821135
GMEB1,-0.7344331370442566
VEPH1,-0.11268777380639948
NEK11,-1.4255202832279203
UBXN1,-0.4530942627420138
BTBD2,-0.27334512777138986
PPP2R2D,-0.9181078533119972
MCF2L,-0.8442779060195046
BEX3,-0.7538427637699938
RGCC,-0.696322410726432
MTMR1,-0.5475497929479308
GFER,-0.2609996075739001
MYOCD,-0.8456853260528016
SEMA6A,-0.7103277619223118
TPGS2,-0.2363694404316142
SH2D2A,-1.2183157894907422
C22orf46,-0.5963953431852359
FAM161B,-0.8734991174460804
RNPC3,-0.8469724129494551
FAM83G,-0.08407406010532356
GRIPAP1,-0.8747826205126291
C1orf116,0.12389977970375504
ARSJ,0.38802676305714234
DPP10,-0.8523873478871675
CCDC25,-0.26800683563026423
HSD17B3,3.2421657248500244
TRIM62,-0.7943548978801848
TCEAL6,-0.545784964422245
MKS1,2.039569758781126
CORO2A,-0.6778701703578792
PBDC1,0.3073747784418361
COMMD10,0.23480747821382172
LDLRAD4,-0.10324182035011968
PTMS,2.5402247007847816
PREX2,-0.8615074098388358
TAF3,-1.0619058264979067
ZCCHC14,-0.761218247033983
MMP13,-0.3726077716225917
IQSEC2,-0.19959635019192654
ZDHHC4,0.5318298419704891
EBI3,-0.8530983668222141
ST6GALNAC2,3.0788046069300297
IL37,-1.085317704781198
RNASE12,-0.6187387208611056
DHRS3,0.03389603143090903
POU5F1B,-0.842648663078708
UBL4A,1.0708185434985602
DYNLRB2,-1.5660381708882365
GAS2L1,-0.13218859935922134
RSPH3,-1.417556477355899
TNFRSF19,-0.9759463199152335
TEKT4,-1.0469210122687282
R3HDML,-1.382004233528985
TRANK1,-1.0261206320135738
C15orf39,-0.4078018914207722
KIAA1522,0.09747018642390302
BCL9L,-0.7332511617790382
APMAP,0.9173678542525294
CFDP1,-0.5797399433222256
IL36RN,-1.0467390781390986
IP6K3,-0.3920756684881923
NOX4,0.6607767491429795
MN1,-1.0054123549634544
TTC9,0.3142631440180783
KDM5C,-1.06647721384688
HOXA10,-1.1518515309248034
PPP1R12C,-0.7492261632113334
PDZRN3,-0.8325896291289782
SLC9A3R2,-0.4736515366845751
TBC1D10A,-0.5306391702331876
SLX1B,-0.6731084076755164
SLX4IP,-0.43177859600247726
EME2,-0.28345564092953585
XRCC1,-0.21686897941274147
ZNF500,1.0293396488348308
SLX1A,-0.6564939990418591
CARS2,2.5971328468241244
CCDC130,-0.7963723367240764
FANCE,-0.5752061061308615
FANCB,-0.41541827621504834
FANCM,-0.8577493421871696
APBA3,1.6738349987283148
GEN1,-0.7778879623364517
ZNF202,-0.8242060958054364
DCLRE1B,-0.810397604404183
FAAP20,-0.651781653940625
ZNF692,-0.9461454053027619
ATG4B,-0.17323973769800338
METTL21A,-0.22540577545108287
WDR73,-0.5346548188319921
PCSK9,0.34839236206006735
MECR,0.22661845710773157
NRARP,-1.0554572714162391
AP1M2,-0.1622574372516814
KIAA0319,-0.6577780817151262
DNAJC6,-0.6332430435072173
LDLRAP1,-0.4959857711112708
AP1S3,-0.06704434650499286
SYT8,-0.5335152993466208
SYT9,-0.593743713466539
SLC2A8,-0.41406516871593557
SYT2,-0.6880491681611614
TBC1D8B,-0.4951461793195336
FASTKD5,0.253439885817169
SYT11,-1.0648580525534035
PACSIN1,-0.8698422259771516
FCHO1,-0.8498500342231765
SNX18,-0.7306318704272959
SGIP1,-0.29055291431318786
COQ10B,-0.0554851564547014
MCF2L2,-0.5133861419831939
REPS2,-0.5054321267143588
SPATA1,-0.2547291456872888
TGM3,-0.8133225788631065
KLK12,-0.5047688936422632
KLK13,-1.3110180149929174
KLK11,-0.5137754385600227
LRFN3,-0.4802525927278025
IL36A,-1.1791123358997648
SLC16A10,0.8368510316405078
DIPK1A,0.17686883614117682
UMODL1,0.05029101507003682
KLK5,-0.8525471257230249
FAT2,1.275796111652004
PRSS27,-0.7627852511994507
TYSND1,-0.5511721450955165
SLC7A2,-0.05408610813007872
SEMA4F,-0.7034806856970012
HPR,-0.808967918064407
PRSS57,-0.6844554002933235
SERPINB13,-0.9449594583526961
SPRR3,-0.841027794659793
AC011473.4,-0.47164641845181365
SPRR2D,-0.6542213968586409
IMPG2,-0.39934268422541647
KRT78,-0.44972227579001256
HTRA4,-0.9835273704503683
TMPRSS11A,-0.23759479204650485
TMPRSS11E,0.0978340416419623
TMPRSS11F,-0.03308104366461263
SLC39A3,0.15715629850246587
DSG3,-0.8736201284103539
GLTP,-0.1533645241620788
GALNT11,2.5442380594471388
CAPN14,-0.8626346795141671
RHCG,0.12109156768395418
A2ML1,-0.9654804380627513
DHFR2,0.7787616105159304
GRHL3,-0.06368051946079856
GALNT12,2.5525259841602486
GJB2,-0.3099776823009728
CNTNAP3B,0.6056026465666219
SPINK5,-0.6421046436561809
FAM241B,0.23934576694309986
ADGRF1,-0.04124169611612775
TMPRSS4,0.24341584982280423
CRNN,-0.5835880888249938
GBP6,-0.6578556000626936
TMEM51,0.4961822717636104
FAM129B,4.005209661532054
GPAT4,2.169558797419161
NBEAL1,-0.41286606151033933
SLC12A7,-0.09716308846755164
SLC12A6,-0.5294283263230575
SLC6A8,0.7522199629621511
ATP6AP1,11.751333405825461
FLCN,2.9517192403782504
AP4B1,2.112211788698106
CASP5,-0.8552317786778642
FAF2,2.7531794679494728
USP50,-0.1553589852029787
WASHC2C,-0.592519565565149
PACS1,0.7304756724141814
SEMA4G,-0.9619839036048103
SMR3B,-1.1474589627251697
PRRG2,0.027473111392304572
ACE2,1.386956399305618
DUSP21,-1.3280875420778475
BNIPL,-0.5029921568623749
IAPP,-1.3228820350509505
OR2H2,-2.0056609438471646
CLCA4,-0.306370932023576
SIM2,-0.9892474135084444
GJB5,0.06352045287447125
CRISP1,-1.193938966663077
DCSTAMP,-0.7527397459990957
FUT2,3.4119572626407706
GSTA1,0.17416674154356176
SIX2,-1.2903542094599452
FGFBP1,0.7421194373997474
KLK4,-0.5561550261534358
RFX3,-1.0351812543873562
SEMA4A,-0.697280407867416
TMEM40,-0.6301070635072611
LCN15,-0.024079563049810657
STH,-1.2130040588945694
NUDT7,-0.4311313386152946
SERPIND1,-0.04176292577699522
SCEL,-0.5271797172666763
TTC22,-0.67613306733479
KEL,-1.2741457594762362
DKK4,-0.6489206885622554
RNF39,-0.9138757021922613
PRSS8,-0.32145908607088197
PADI3,-1.5094527358506256
ENDOU,0.08789463899754928
KRT35,-1.2688226628791024
GPR35,-0.9810797756541849
CLCN5,-0.008601373243775306
PRSS55,-1.551496487108023
STX2,-0.025298535695620187
IL36G,-0.9129895955409458
ECE2,-0.2706153058914243
KRT33A,-0.17055394404931115
KRTDAP,-1.2873338953552642
SPINK7,-0.7684297755347413
SERPINI2,-0.5988826700883899
ZCCHC4,0.12362796085402929
SPAG11B,-0.6385646638920454
KRT24,-0.7075798469174993
TBXT,-0.28091464428009344
DLK2,-0.1162603136779912
NOX3,-0.4754423270108601
SERPINB10,-1.020484187809306
TMPRSS13,-0.4847634310583739
ALOX12,-0.5303436421795102
SPINK6,-0.6518958134191745
WSCD2,-1.5363614213321692
CNTNAP4,-0.804150612168728
ELF5,-0.0968718496065121
TMPRSS2,0.08747308999128128
LUZP2,-1.503228829380185
ADAM20,0.2712425037254523
KRT32,-1.2676688521285788
KLK14,0.8027411437118002
UPK1B,-0.41079587633664283
VSIG10L,-0.6923000991102493
FCN3,-0.96181227974436
PRSS42P,-0.6646008647840276
OPRPN,-1.3721876428180957
FIBCD1,-0.23129498975365456
SPRR2B,-0.6420293535024473
ZNF750,0.12091580318115655
SERPINA10,-0.44119356470319626
CNTNAP3,0.5131836560041038
VGLL1,-0.6077753587420767
C10orf99,-0.556311879840889
CELA1,-0.5966276024393254
IGFL1,-1.1010429792384544
SERPINA5,0.10571412241513799
ALOX15B,-1.0311127385744145
PRSS45P,-0.8901700481822677
KLK15,-0.491605260633555
PRSS48,-0.6079190054668094
PRSS38,-1.0429004384816647
TMPRSS9,0.25076664698492085
TMPRSS12,-1.2749822663626946
TPSD1,-0.9033345515140024
PRR14L,-0.21874469488611742
TMEM212,-0.8010329878645465
TECPR2,-0.5716435279940282
RLN2,-1.1602029644817606
GPR32,-1.5678922624121991
RXFP1,-1.3104365864672056
GPR25,-1.1712300963236708
ADM2,-1.1829508310645702
RAMP1,-1.0902198448964586
PTH2R,-1.250547588114835
RXFP2,-1.5723868605115185
GPBAR1,-1.234926879970062
MC3R,-1.465682205099157
PTENP1,-1.2788761471492793
SLC22A3,-0.19535063467143235
GPR176,-1.0595619474512432
GPR83,-1.300111268435591
GPR84,-1.0598358435272066
TAAR6,-1.6231792329676922
TAAR1,-1.2749958963708738
GLP2R,-1.4433851652283005
GIPR,-1.232766308929818
GPR45,-1.3267198608814708
CALCB,0.08053257282696547
DHRSX,0.6120084760134856
PNPO,0.9706390204010966
SLC29A4,0.9377556715089922
FCSK,0.5947574352590967
ABHD15,-0.19407089122861926
TRPT1,0.4717142408732852
SCRN2,-0.5201027610792575
MARC2,0.20017844664625795
MXD4,-0.5189469533681154
DCXR,-0.10310243960472794
P4HTM,-0.16710471180463843
ZBED3,0.4017386260163033
DCAKD,-0.29021857281600927
NSMCE1,0.25124030599496666
OCEL1,0.2352865980232901
C8orf82,0.24714463056958
RAD21L1,-2.057394744587728
DRICH1,-1.79057763721979
IZUMO1,-1.7436347177083114
FAM71D,-1.892638183164996
SPATA46,-1.727224772159425
ENTHD1,-1.6050920430611773
TEX29,-1.63029032939891
KRT25,-1.6280997507168926
MCMDC2,-1.9400565185344865
C12orf40,-1.4652174241949398
CCDC158,-1.9281321537731553
SAXO1,-2.04874518962455
KCTD19,-1.927620213502464
FAM24A,-2.0825957755884184
CAPN11,-1.6749803572279305
AL035460.1,-2.010674315902484
TBC1D21,-1.8195956396956225
TEX44,-1.4568792520332616
TSPYL6,-1.8552026215646122
STAG3,-1.3878673172208544
FAM47A,-1.9317781927699222
IQCF6,-1.4396193404889812
TEX19,-2.4582750797881694
TERB1,-1.200977488122476
SYCE1,-1.737094762739252
RNF151,-2.0846888735780436
CT47B1,-1.894380095188901
CCDC36,-1.691738561380229
CCDC27,-2.015457001098159
PLAC8L1,-2.1338988887208017
C11orf94,-1.98008693884893
LCA5L,-2.1850336252793454
IQCF2,-1.674631497340265
TCP10L,-1.5268505663610261
SCP2D1,-2.0847654120473433
ANKRD60,-1.627298824381835
DCAF4L2,-1.8648785140568576
BPY2B,-1.6013812669830096
REC8,-0.9695677257417641
FAM228A,-1.7364561139579853
SPATA3,-2.0102158645918786
PRIMPOL,0.14788085444391866
CCDC15,-0.8495446780422231
FAM161A,-1.2302266710623586
FRA10AC1,0.11830908585635382
CCDC66,-0.7882770556739926
TMEM116,-0.3881174163548838
ABRAXAS1,-0.6992444483218124
SCRN3,2.632576461271741
ALG10B,4.320052457569297
DIS3L,-0.3210536315492135
FAM149B1,0.6722608024636434
TBCK,0.30078902463730406
ZCCHC9,2.1236659667424753
COA5,-0.41366079250636745
DUS4L,1.1001053188612089
CNPY4,-0.02043740550855244
ARHGEF18,-0.7696419037279398
SNX5,-0.43400184767548144
TRIM56,-0.5119064755322975
MYEF2,1.333045657695475
FAM117A,-0.5795808739202422
BTN2A2,-0.37690361987445087
SLC36A3,0.27704181263232774
ZDHHC14,-0.3721176326667188
TGM7,-1.8900872843461762
TMEM104,0.6962264144103024
ZDHHC18,-0.3425427503760926
PIGC,3.227301511492995
MAFIP,-1.3136580524410233
PMFBP1,-1.1984026843103228
SLC38A11,0.17397807716306082
SLC36A1,0.4764025006383006
ODF3,-1.9660111957073718
SLC38A4,-0.5667838568155792
SLC38A9,0.45514194116713713
SLC38A8,0.09957594051821798
ODF3L2,-1.3937859387799847
ODF4,-1.9060236909047992
HSDL1,0.6818387567318209
ICMT,0.5796180747166652
AQP4,-0.5059501166138465
ZDHHC9,-0.1311127107480266
CCDC114,-1.8031956433228273
C16orf92,-1.8701326091923574
GDPD4,-1.1299613004442148
REEP6,1.6174741362147687
RAP1GDS1,-0.4602096190781004
DCDC2,0.7031715840855174
SPDYE4,-1.7960108084380948
GDPGP1,5.9392866770437935
TRIM49C,-0.8244115709308996
MCM8,-0.7777948674175499
MRPS17,-0.2513368698035892
ZBTB9,-1.114747232609466
SUMO1P1,-0.6475704261508273
MIPOL1,-1.1047983512888482
INCA1,-0.9501175884915315
MASTL,-0.7509715505304974
BCL7A,-0.6909657060812695
GAS8,-1.0818522232171714
PRELID1,0.21304412074099977
CCNJL,0.07915749027644847
CDX4,-1.294273640252134
CCNJ,-0.4632957634742226
CT45A1,-0.4780926384979475
TMEM97,-0.2349468610947075
ESCO1,-0.9509788369202561
SLC47A1,0.13941004030676019
SLC38A5,1.645197023829096
SLC38A3,-0.5451623348870712
SLC7A8,-0.7883548410950891
SLC7A3,0.033198799231136694
SLC3A1,0.5904472188772563
ELOVL2,0.8584638890846438
SLC36A2,0.9531077312875537
ATP5F1EP2,1.597440383894289
CLTRN,0.01575177108894808
ELOVL3,1.0480354835458914
SLC7A10,0.06365953874931009
EXOG,0.2509652376003053
TNFSF14,-0.5349191280553527
ADAT1,3.1558144582828977
AK9,2.178053268521426
RIPPLY2,-0.025783017930193747
TUBB7P,1.525378176919037
HYI,-0.18933488985312572
HDHD3,2.4546668432909913
CRELD1,2.8802135892744083
GSTM4,-0.044851134580435104
C4BPA,0.05438393894058253
TMEM222,2.7671742139447435
IDUA,1.9214741797364594
TRIM45,0.4397583139647811
AVPI1,-0.6763818011181858
ECHDC2,-0.6105857283679625
MROH2A,-0.38666657623668466
ERICH6,-1.4860422748849529
HSF5,-1.9432613455138965
PROCA1,-1.7052313704550415
FAM71A,-2.0331456998175192
TXNDC2,-1.569892714396494
ROPN1B,-1.700797157536139
TENT5D,-1.4255827715666927
SLC9C2,-1.4030389590673447
C5orf47,-1.569685786787124
PPP1R36,-1.9931613558818908
SLCO6A1,-1.874058302890384
TMCO5A,-1.524201021745411
FANCD2OS,-2.083803995144894
EXD1,-1.9512099764114803
ATXN3L,-2.184671796183399
CHODL,-1.9974734089853687
TEKT5,-1.848518177162272
C16orf78,-1.463429437435867
CCDC54,-2.129186811103199
CNGA4,-0.7874483779511015
IQCF3,-1.5248104434209653
DMRT1,-2.0671500918021777
UBL4B,-1.9699099545581964
CFAP97D1,-1.9138591999978056
MAGEC1,0.19889100948098815
SLC6A16,-1.9975446779733768
SPATA32,-1.9459664652144546
AKNAD1,-1.8134050267094712
LYZL1,-0.07190725597185804
NUTM1,-1.9110848345285567
NUP210L,-1.5711867830317585
BPIFA3,-1.6658639029781555
BOD1L2,-1.8856202955205779
BANF2,-1.8162714359358791
CALR3,-1.7598461221015815
POM121L12,-1.312977212452887
C1orf100,-2.075479589195844
TEX36,-1.9260002492786117
CCDC168,-1.5967913852928808
MGAT4D,-1.1789567043297913
TMEM31,-1.657341809672992
H1FNT,-1.160287635837656
HORMAD2,-2.0095789182222092
CATSPERE,-1.9132755994116828
PLAAT1,-2.1207903077072148
FAM9B,-1.132368185429361
SRRM5,-2.0227310405755374
SMKR1,-1.6444167990935177
C3orf22,-1.9339909909916644
CMTM2,-1.5973317692887112
SPATA4,-2.0685183904124065
ERICH5,0.6211958912445567
IGHV4-34,-0.7540499820507365
IGLV2-8,-0.7481703008152102
IGKV5-2,-0.7526852766723142
IGHG4,-0.7857798112983677
IGHV3-11,-0.7540499820507366
IGHV3-13,-0.7540499820507365
IGHG3,-0.8918873627256549
IGKV1D-39,-0.7342831300856962
IGKV1-33,-0.7526852766723143
IGKV3-11,-0.7526852766723142
IGKV3-15,-0.7526852766723124
IGHV3-7,-0.7540499820507366
IGHV2-70,-0.7540499820507366
IGHG2,-0.9414182696390249
IGKV1-5,-0.8035256275187092
IGLV3-21,-0.7462501622862416
IGLV1-47,-0.74817030081521
IGLV1-40,-0.74817030081521
ELMO1,-1.05081872696689
IGKV1-12,-0.7682333473209837
IGLV1-44,-0.74817030081521
IGKV1-16,-0.7526852766723142
IGKV1-17,-0.7526852766723161
IGLV3-25,-0.7564394333078897
IGLC3,-0.7881315852826009
IGLV6-57,-0.7817403933982766
IGLV3-27,-0.7481703008152102
VPREB1,-1.0211899150149306
IGKV1D-33,-0.7300419285913231
IGLV7-43,-0.7481703008152102
IGLV1-51,-0.7481703008152117
IGHV1-2,-0.7519849443306618
IGKV1-39,-0.7526852766723159
IGHV4-39,-0.7540499820507366
IGKV3-20,-0.7382948309348489
IGKV2D-40,-0.7556148616769776
IGKV2-30,-0.7526852766723161
IGKV4-1,-0.7678467659376045
IGHV3-48,-0.7594581389398867
IGLC6,-0.7830427669810788
IGLC7,-0.7857512620026909
IGLC1,-0.7980279715995662
IGLC2,-0.8146063113779266
IGHV2-5,-0.7540499820507366
IGLV3-19,-0.7493534234272452
IGKV3D-20,-0.763673832561526
IGHA2,-0.7790596165781442
C4B_2,-0.8130043854512101
IGHV1-46,-0.7540499820507366
IGHV4-59,-0.7540499820507366
IGKV2D-28,-0.7459100224008213
IGHV3-23,-0.7511492147243298
IGLV2-23,-0.7481703008152102
DAPP1,-1.2749063971483672
IGLV2-11,-0.7481703008152116
IGLV3-1,-0.7481703008152117
BLNK,-0.9329364787840622
FCAMR,-0.8133156453203217
IGKV2D-30,-0.763673832561526
IGHV3-33,-0.7540499820507366
IGLV2-14,-0.7430338383115592
IGHV3-30,-0.7540499820507366
IGKV1D-16,-0.7524793332496136
IGKV2-28,-0.758377241187774
IGKV1D-12,-0.7526852766723161
IGHV1-69,-0.7540499820507366
IGHD,-0.5119965690441504
IGHE,-0.969483878666394
IGHV3-53,-0.7540499820507366
IGHM,-0.6892972399355642
ERICH3,-1.7940246059729623
CFAP299,-1.9703288956347043
FAM81B,-1.656461331632193
LRRC46,-1.8756903620532552
DNAAF1,-1.9575739547845692
RGS22,-1.8517710660793385
ZBBX,-1.8029632153282102
CFAP300,-1.9656143621910107
C1orf87,-1.0632759407954988
LRRC73,-1.594603735213171
DRC1,-1.727906209316115
SPAG8,-1.3066092579189492
CASC1,-1.8817060929946865
IQCD,-1.3134037642955039
LRRC71,-2.046830418099382
C1orf194,-1.9318843003133415
CCDC173,-1.7959764959577735
SPACA9,-1.8634724409412333
TMEM213,0.5007276948316444
DMRT2,-0.7848403919146433
TMEM174,-0.016515942437210603
SLC4A9,0.4031273007967897
SLC12A1,0.32642572680473747
TMEM207,0.20767246211026555
ATP6V0D2,2.675694312264804
TMEM72,-0.1229219213525551
GRAMD1C,-0.39428213671551643
ALG11,3.4801020986157076
TMEM61,0.5007276948316404
TMEM52B,-0.0500898096742314
SLC7A13,-0.4296230283971271
ATP6V1G3,3.1451965934010264
ENTPD2,-1.0425607310912213
ANXA10,1.8946610971219016
ACSL6,-1.2417890040045545
SCNN1D,2.0598060877494655
TDRP,-1.0726097184231014
ITPK1,-0.5429041987543162
KLHL35,-1.0846797750433856
C7orf69,-0.954666065557704
SLC24A1,-1.0121975382164816
SLC25A42,-0.8751470202925258
MLANA,-1.4107338049468148
MTG1,-0.3775395779898758
DPF3,-1.3568232656511723
GPR143,1.2423992811291231
POU6F1,-1.2236608656196415
FAM107A,-1.1799298775165563
TMEM154,-0.8081711632685767
DPEP1,1.7416773592670443
MMP24,-0.946879337157263
GLRA3,-1.4663783175613088
C14orf119,-0.030959192213634804
UBXN11,-0.6444928299684259
CTAG1A,-1.016394333562663
MORN3,-0.8858999532333306
MRPL41,-0.5331789212061011
CHCHD1,-0.4036057637310361
RAMAC,-0.7189262845942659
LAMTOR2,1.2820124656088019
EMC4,2.3510092440682895
BEND7,-0.9369730111433033
DECR2,0.09462416675603934
SFT2D1,0.8464902754048831
PDZD11,-0.022264745951777347
PBX4,-1.1070850363562226
ARID3C,0.056319922966226385
OCA2,-1.3909673607926245
AIFM2,-0.5143920854498579
HPSE2,0.6775865084715833
GPX5,-0.9673436947702425
CBARP,-0.6180229546155952
TLE6,-0.8641104239182872
GARNL3,-0.6490591521524169
S100A5,-0.8770441429225829
TMEM151B,-1.3455271571056555
CNTF,-1.2180904535878492
HOXB13,-1.321938510281438
FOXI1,-0.5926434665695328
NCAM2,0.9330508951943576
ANGPT4,-1.2450505685991469
IL9R,-0.9842084462204617
PDE11A,-1.5436161185737471
SAMD4B,-0.6643242109296215
CFHR4,0.005415916769969572
OR10H1,-1.5647238663963103
FCRLB,-0.7682187015003463
NXPE4,-0.7716013279651558
SNTG1,-0.916668397617556
AQP8,0.761869191500995
GPA33,0.8367978337104929
PRAMEF12,-1.2181409133508065
KCNV2,-1.6333963718294684
RGL4,-1.3823259370882708
HHIPL2,-1.1044604210989044
PRR34,-1.150433469137291
ADPRH,-0.02622520300040931
CHIA,0.40119049713969135
LALBA,-0.27116837435760505
C9,-0.4020487385483797
ACSS3,-0.7156503084919495
ADAM21,-0.5610557703574083
PEAK1,-1.203459596247761
BPY2,-1.7196676365614956
RTP5,-1.3296453807483624
AMOT,-1.0190963817054857
C1orf105,-1.5229358439062182
DEFA1B,-0.3539217778077949
AKR1D1,3.6123647470363416
KCNK10,-0.8569470160684569
TEX13A,-1.2699406868937793
RLBP1,-1.416436424913352
SLCO1A2,-0.982502555726026
GPR135,-1.4659720746150662
EDA2R,-1.0229086772457363
GPR62,-0.8907821051884087
OTOF,-1.269936423166846
GPR3,-1.299608273463269
PDZD7,-0.7135524557591396
OR2F2,0.353337030079765
POGLUT1,4.501908737744143
EN1,-1.2497116559299928
COX10,0.2184951202519679
SLC6A14,-0.6463632811882676
ART5,-1.1310857460360453
RAB39B,-0.010774901279615886
ARSK,0.45710975405187143
HERC2P2,-0.8279607007574791
DNAJB13,0.10847494675439787
FAM92A,0.037603124524884624
RHCE,-0.8680740629612675
STAB2,-0.7964856066310808
NIPAL3,-0.13937934863087303
RAB3IP,-0.6177610941085195
CEP104,-0.5002635001878324
PIH1D1,-0.10299957358649016
KIF24,-0.312905776074513
LEMD2,-0.1255855233290871
C2CD3,0.10044878151850756
FKRP,0.6846142909515704
LIPH,-0.056500759206383915
CEP89,-0.611580826785629
AJUBA,-1.0286472317869029
CEP78,-0.6432653397868415
DPPA3,-0.8788543169769846
SPRYD7,-0.48681628765704765
B9D1,-0.18833824528736148
TCTN1,2.453152482577513
SASS6,-0.9266294628956031
SDCCAG8,-0.4147856017017184
NPHP4,-0.043308677451477436
CEP162,-0.8780240769120214
IQCN,-0.8697884024766063
CEP41,-0.2138787426437883
ALG14,1.4777866969809945
CEP152,-0.8985979533195488
PIP4P1,1.875181252613661
H3F3C,-1.0283792746103562
AK3,1.6277392197952794
C17orf49,-0.28763495236166275
ARHGEF10L,-0.46587506506347187
FEZ2,-0.4052191674645006
MICOS13,1.6415787703857472
HIST2H2AA4,-1.065108254868251
AGPAT2,2.4903735440075248
TIMM17B,0.15519982661929982
OAZ2,0.55007645663756
C20orf27,1.7999192708937755
LNX2,-0.9421950190323084
ASMTL,1.6865874375103032
TBPL2,-0.9156308670562003
DGKZ,-0.5543221743876087
TSR3,2.5984024632379463
C11orf49,-0.3547625520344235
TSPYL4,-0.9719313075981116
IL11RA,-1.0261527766281586
HES7,-0.2808451085195165
TRIM54,-1.552852074606026
TMEM8B,0.10858192562046727
CCDC136,-0.004721146941426537
GSTA4,-0.6702169474873466
REXO1,-0.9275651594044966
DMAP1,-0.9128841056449338
FADD,-0.3940767546552195
KIAA1958,-0.6318641064744963
CNTROB,1.814197482766316
KXD1,-0.1430963701895417
SSC5D,-0.022929657802029064
MAGEA11,-1.157489878896683
MSANTD4,-0.6475560702527282
CDK11B,-0.7586280550252869
NMNAT3,0.04248719762039795
SPOCD1,-0.9124193434636052
KANK2,-0.9953809287793703
PIH1D2,-1.1713813472405272
LDOC1,-1.1562897248118447
NECAB1,-0.10889773810575097
RNASE4,0.2198699812340221
KCTD10,-0.5169356520961998
TCEANC2,-0.7148443197609765
AGTRAP,-0.09437758835531064
BHLHB9,-1.161858478897372
ZNF526,-1.0938622571842271
KCTD7,-1.1353871575284404
ELOA3,-0.38597797900701536
PNMA5,-0.7482024152828108
HIGD1C,-0.6514873812857945
NDRG2,-0.5579408799290526
RPH3AL,-0.7572414877769403
ADH1A,0.19725343218763916
SETBP1,-0.9610619462803007
CHCHD7,-0.28113936095946973
RGN,1.6474140785193019
NAPRT,2.2451233675656335
TMEM106C,-0.49101910168721324
DUSP19,-1.254555953827166
MEI1,-1.2437500803955708
CPNE5,-0.5910661305999593
ZYG11A,-0.7556629639995238
GATB,0.10889497400833456
MRPL14,-0.2287235867036942
FUNDC2,0.12790445204049036
PET100,0.21117882763587079
INMT,-0.31422989433354787
ABCB7,-0.3792242651192823
CIDEA,0.030138564876504886
TOMM6,0.021248976135917263
COX20,-0.2697567408045447
MAGT1,3.119226408694749
CISD2,0.7337790845562076
BCAP29,2.4647919032215513
BFAR,-0.3539856089574285
TM7SF3,0.06898835238581348
CSNK1G1,-1.1037928587458765
MOB2,0.030192999989570504
YEATS2,-0.8137059918740738
AC129492.3,1.8687178910443085
DUOXA2,-0.760940834737282
ABCA12,-0.48643495225131383
ABCA13,-0.33099408217644444
DUOX2,0.18014470644189737
NOXA1,-1.0358435508630184
MMP16,-1.1101255907312833
DIP2A,-1.1216803166994493
CCDC144A,-1.5941419053816819
BTBD18,-0.6875691074587641
FAM189A1,-0.4830117913133917
PCDHGA10,-0.6103658581686591
SPTLC3,0.2953652466408846
CXorf21,-1.3614621355388847
TM7SF2,2.0071237576303416
IRF2BP2,-0.7822261219000304
APOM,0.5830898738009264
PTPN3,-0.9834104148161492
B4GAT1,1.353080856873872
DNAJC12,0.0189689688920313
MPND,-0.0611932983506133
RMDN3,3.4589968494444996
TIGIT,-0.9614957693092054
SIRPG,-0.8140869372535915
KIRREL2,4.5411775079044725
SLFN12,-0.18176358046871674
SLAMF6,-1.2049548856246228
KLRC3,-0.5402103297018745
OSTCP1,2.55833967931927
GIMAP1-GIMAP5,-0.662009159930537
LNPK,-0.30293095151570115
VMA21,3.3989025604642684
ARSF,3.408999633011789
TMUB1,0.40185456410278525
TNFRSF25,-1.3441267229800145
TMEM42,-0.5291725037415224
PDXP,-0.17103155728019423
CLBA1,-0.1589768110879585
CDKL5,-1.252286714872557
HOXA4,-1.2599834002709773
KIF25,-0.5334732591439313
CTXN3,-0.1175089013050125
AFF2,-0.7956384612786623
TRPM6,-0.6777085652365555
RSC1A1,-1.6688809291357944
MS4A13,-0.1852166613251426
CRYGA,-1.1656386806893788
DLEC1,-1.1926192705201182
MPZ,1.8425723844865354
RNF122,-0.91213706707832
SQLE,1.5345047531119689
L2HGDH,-0.1995590695299088
GGTLC2,-1.7966256856129592
PYROXD2,-0.1794285552244742
LIPC,0.10327872884932934
AMACR,-0.1241159286641888
ALDH5A1,0.491259620263163
ADHFE1,-0.08439600337707545
CEL,-0.6113376631723277
GATM,-0.364176931264896
MT1G,-0.5259129700854044
PAOX,-0.1128928164132355
ITIH3,0.15680908859440323
GDPD2,-0.7680209612273294
EPB41L4B,-0.27227917888554365
SLC35G1,3.0119550913792295
HAL,-1.0985514322112349
KMO,0.37845345265181085
FTCD,0.3526460007085306
OGDHL,0.8471058726818473
SUOX,-0.5571372025386632
ZBTB7C,-0.12283138298623465
AADAC,0.5084353440632677
ABCC2,0.9618246246858243
PECR,1.2653057480840106
CRABP1,0.3833869493421307
PRAP1,0.1839762887503318
ELP6,-0.06953695237513804
ELP5,2.862683593414287
UROC1,-0.4206057784232819
AMT,-0.8059588836305658
KDM1B,-0.8382188145130455
UGT2B15,0.9926169028072955
IL4I1,-0.46450584214568147
ADH4,0.20110966729793375
C21orf62,-0.7569109085601735
ODF2L,-0.5809276764019187
CRYM,-0.14651403230872143
CCDC116,-1.5814478871222204
ZDHHC19,-1.3608389246980601
IZUMO4,-1.3657446836526732
MROH8,-1.8357478004445242
TEPP,-1.8899581642540437
CTAG1B,-1.0815803571186238
C2CD6,-1.9131949362786853
HORMAD1,-1.7936937473059267
USHBP1,-1.2453371080187152
IGSF11,-1.3339712020604972
C10orf53,-1.9313044277777935
DSCR8,-1.9652374750987986
PFN4,-1.692535108184033
GLB1L,-1.18252770491905
RNF113B,-1.4797500242625077
TMEM202,-1.6810776050281668
OOEP,-1.8784881873946488
SPATA31E1,-0.980896789550223
GOLGA6L9,-1.4058548851884944
C8orf74,-1.3222309881999796
STPG3,-1.7494121186052407
C17orf64,-2.152407968302109
VCX3A,-1.737065206464429
KCNA10,2.179413758483795
MEGF10,-0.7617159326950453
RASA4B,-0.7688496703904876
TSPOAP1,-1.0962428003084355
GYG2,4.22860439876851
TEX45,-1.7331815930642964
TSPAN12,-0.8089197687595653
NLGN4X,-0.39625128344748833
RAB3C,-0.3421347972065623
UNC13C,-0.7165947689403505
GULP1,-0.7796986239106481
CCDC40,-1.0065741717453267
CFAP53,-1.9445951341287848
SPAG17,-1.7191882663621727
RSPH9,-1.4727798603102489
DAW1,-1.915004745812774
TEKT1,-1.689396794482645
RSPH1,-1.2448314068411
TEKT2,-1.6756688562387334
CFAP100,-1.5804728623968713
TEX26,-1.962864051773298
DRC7,-2.1451877464640545
CCDC39,-1.751530996129466
CFAP43,-1.6576588013132203
LRGUK,-1.5633847894731592
TMEM95,-1.6469311767112127
C20orf85,-1.482889982644744
CFAP52,-1.2599019359851906
EFHB,-1.9911181024111775
KCNIP4,-1.063424542027624
ZNF462,-0.7016302621670799
TGDS,2.5730705021259643
ZNF280C,-0.6405050827366213
YPEL2,-0.31263036086778595
C1orf52,-0.3407746007663651
UIMC1,-0.2317493634990369
TANC1,-0.8752889616885673
EDRF1,-0.5742775512265085
PFKFB3,2.4369590830515455
LINGO2,-0.6505594758215392
SCAI,-0.5959821563568208
HILPDA,0.028902983147997417
ZCCHC2,-0.6486510089346772
PCGF6,-0.7748138433598385
ANKRD37,-0.8438019036759987
TMEFF1,-0.24215478505213175
AHDC1,-0.6194315630249937
BCL10,1.8957869120433628
CCDC112,-0.8003364547720083
LURAP1,-0.6847135673231374
TESMIN,-0.9034206670322271
PM20D2,-0.6448759152270952
REEP4,2.6903698808226784
MAP7D3,-0.6178269863244505
FSD2,-0.6929809505154885
TEX9,-0.47494564307448794
CFAP97,-0.40575219292437026
USP17L30,-0.6133441214464209
USP17L2,-0.646259903569412
USP18,-0.8997559002606582
USP17L28,-0.6133441214464174
USP17L29,-0.4181777329101945
USP41,-0.8606717736548843
USP17L27,-0.6133441214464208
USP43,-0.37700139133237504
USP30,-0.43726362617009357
USP35,-0.7653511616442719
USP53,-0.4762100939933932
USP51,-0.8462463588607668
USP40,-0.7094841302169053
CCDC110,-1.9961016122734334
TBX22,-1.7570824679644295
EQTN,-2.113055347566393
CT62,-2.0278438358900712
MYCBPAP,-2.187743525465284
PDCL2,-1.8347050002593064
C7orf31,-1.9263766347835671
ZNF165,-0.9969443016068971
C6orf201,-1.9554350580312763
NUPR2,-1.8888618087888214
GKAP1,-1.4812082908577786
DEPTOR,-0.5329810729621351
SPACA3,-2.0004055875223674
MEIOC,-1.9095308621481704
LRRC3B,-1.4767596121575368
OSCP1,-0.8863456216236941
CAPZA3,-2.0141925561886733
PPP1R1C,-1.822602592447619
FAM220A,-0.14949251191014504
NT5C1B,-1.4433087106755398
OR2C3,-2.3926379884486493
MS4A6E,-2.030208138348841
C2orf73,-2.141710912502109
FBXO39,-1.7138318399786225
ABCD4,-0.3558740689001187
FAM234B,-0.015278228654205781
DLEU1,-0.28493645968548714
RFPL1,-1.2706381378877858
ACSL5,-0.33216822425360754
ABCA7,-0.29460573776423726
ABCC11,-0.34783084788608226
ABCB5,-0.42603880340040956
HSPB2,-0.6040203820710089
ABCB4,-0.3836824705078357
MMACHC,-0.5861777175428675
ABCC12,-0.5412573442546874
ABCA10,-0.2987299333031267
ABCG5,-0.21650849125161417
ABCG8,-0.0521079527277612
ABCA6,-0.7546929878456214
ABCA9,-0.2664679661989723
MRPL44,-0.3578871951573596
CCDC43,-0.2930268264685242
ZBTB8OS,-0.3374920900061158
ELOA3D,0.5918095553165772
TOP1MT,-0.914134540940154
ELOA3B,0.5918095553165772
RUBCNL,-0.9042099197730585
PNMA2,-1.0945044098125176
RALGPS1,-0.6415698080523881
SHROOM2,-0.6375768603109429
NPAS2,-0.7124120155473598
FXYD4,-0.613827819240077
KCNU1,-1.3264083462778
SLC9C1,-0.9807623137027127
HCN3,-1.1302188377064768
SLC9B1,-1.325741880213961
KCNG2,-1.0192135560988642
SLC9A4,0.17287195686936602
SLC9A7,0.1568945888199402
SLC5A10,0.17999563053061912
KCNK18,-0.7435641548415024
KCNK17,-0.5073671175976866
KCNQ4,-0.7458282412961122
KCNK15,-0.9366824206397372
NALCN,-0.7017852814734079
PNMA8B,-1.2341441253544867
SLC4A11,0.7229544252659964
KCNG1,-0.874054260422079
SCN11A,-0.5461847753369578
KCNG3,-0.6154903405740966
KCNG4,-0.6268676820913368
SCN9A,-0.14888733914472962
KCNK4,-0.764812901265631
KCNK7,-0.8937821175016716
KCNK2,1.2857472728937855
KCND1,-0.42970403610260355
KCNJ16,-0.633067709365387
AMY2B,0.05440848644463988
P2RY8,-0.7862365192145555
SCN1A,-0.9238950853895357
PRPF39,2.1701877752823737
SLC25A22,-0.33735590162889056
CTSV,-0.7150270097638672
HCN1,-1.2820464845752486
SYAP1,0.15206787799804825
AKAP14,-2.2258526277399318
SARM1,2.897300704617652
LYPD6,0.14637478838896847
LGR6,-1.392757552517616
PPP1R3C,0.17273620354114397
SCN4B,0.32413342701131287
RAI2,-0.5126764710305427
SLC35F1,2.6897343577568984
SCN1B,-1.006312893800389
STXBP5L,-0.985287995322614
ANOS1,-0.2372081223834214
KCNE3,0.008532389391327902
PSD2,-0.797386836591093
LRRC6,-1.4923214581647668
NACAD,-0.748599631659224
TMTC1,-0.7795963796648754
KCNN3,-0.9825888623815964
TSPAN7,-1.0534203851165969
SCN7A,-0.59872374181303
SEMA3G,-0.8618139374248402
PCDH9,-0.633991490510153
C2orf40,-1.0435450684578254
HIPK4,-1.6436196234178144
SLC6A6,0.0882276753254409
SLC28A1,1.080056504092977
MBOAT7,1.8281260472076541
AC004691.2,0.2958564704837509
LRRIQ4,-0.5120599749369484
TSPAN13,0.11805556412296511
ADGRG1,-0.06629795062774063
TMEM9,1.3406996970545173
FLVCR1,0.05230075169399424
ANKRD42,-0.7334932538786779
MAP4,1.9409271227961615
ANKLE2,1.9382696165786106
SH3D19,0.6304277553741308
PIP,-0.10959484691558595
EMC10,4.178386835352671
KCNMB3,-1.6513859196065828
MAPK4,-0.7853765236419237
DHCR24,0.24268251705018673
ABHD11,-0.16036527476740292
DTX2,1.6694796437862875
DHRS4,1.8422407955457272
DOK6,-0.34864197953669657
VAC14,-0.3299987153902078
ACAD8,0.7389867734192065
BOLA1,-0.1888152038811026
GUSBP1,-0.7044194849383579
GRINA,0.5632721352219633
TIMM29,1.2524899184854832
HPS6,4.112136254157414
VPS9D1,1.0786200164392266
SLC12A9,1.6439427704773681
MRAP,-0.3920121319357614
MEGF8,0.011880893148093378
PRR5,-0.45033328351965485
ZNF580,1.624065174924664
TRIM74,-0.3297222017850431
LMF2,1.9963718662146257
IP6K1,-0.01761009807186134
KCTD13,-0.4600976147889004
DUSP8,-1.1174723151390977
NHEJ1,-0.22073225213846007
ZSWIM7,-0.024904542146926084
SURF2,-0.022812591787572972
KRTAP17-1,-0.5672618707602027
TMEM229B,0.7649421981489765
RHBDL3,-0.15153072879625284
MUCL3,1.0721724807057529
MTHFSD,1.0528530101030336
MSMB,0.5577040193379408
DUPD1,-0.9825610533054441
ANKRD22,-0.6587757941035004
HMCN1,0.983525967981247
PLSCR2,-0.5175374651800961
CAPN8,0.2704385458379277
TBX4,-0.8294146784702784
SLC10A7,20.920322146841897
ATOH1,-0.8861637690075406
EFCAB11,-0.948177787020038
GALNT18,2.6605887383683915
ZNF850,0.7566328667454906
SBSPON,2.3809817512595037
SEL1L2,-0.5679260930125841
ZNF469,0.029115436109184514
ZNF578,0.019535543923698755
ORAI1,-0.7008110921146243
CNGA1,-1.1181000678163893
ACER2,-0.22869892146900175
ARMCX3,-0.22004119013020124
SPHKAP,-1.6440668184437808
RELT,-0.07336592648100683
PDZK1,1.2911330444831353
CH25H,-0.6636426102183073
AKR1C3,0.4928010041159388
PLPP4,3.1210115662891944
IER5L,0.026804916712581443
SOWAHC,-0.6520170277776923
ASAH2,-0.14427828288528846
AIF1L,-0.8482382367061756
TRAC,-0.7305348454190479
MBTPS1,2.6766300898729645
TRBC1,-1.1505374781037143
SGPP2,3.2400854437028674
DGKH,0.11425058616559446
DGKI,-0.4377820055362221
KCNE4,-0.42961177277296775
CXCL14,-0.9086388199629937
ANGPTL1,-0.678488921155299
ACADL,-0.39835269324951317
PCOLCE2,0.34190387993447263
MRGPRF,-1.1319140054504198
C1QTNF3,-0.1430388860580897
SLC39A12,0.8645527039875481
SLC2A6,0.21332199654494718
ZDHHC6,-0.018730895374841613
TMEM138,0.6170751871019453
H6PD,2.576676839639314
GALM,0.7511943407772519
C1GALT1C1,3.1762481475491775
G6PD,2.445067825934947
ZNF655,-0.7732097370340293
UBL7,0.08119929296047257
FTO,-0.24719797885325548
SWI5,0.6713694498704302
CUEDC1,-0.07025101598778719
CHID1,1.3261720551832283
DEXI,1.2217173840141284
YIF1B,2.6936996674647515
MIF4GD,-0.015931790236939553
C1orf50,0.7651953438250264
VAMP5,-0.6750805835101623
NRM,-0.1759605977228676
VPS11,0.11335070130652658
TMEM205,0.9570940156004046
THTPA,0.7190442869938269
PKIA,-0.6527626857538149
HDHD5,0.07416761368468858
ACOT13,-0.08272347457744146
DXO,-0.1011222673218674
APOBEC3D,-0.7592970173676518
METTL3,-0.7874356893832074
SEPT8,-0.4485085126135622
IL31RA,-0.008626401363899812
MRPL38,-0.19255714472921104
SESTD1,-0.606955927387538
RBM24,-0.6704064632842729
RBM20,-0.587291806110592
BSDC1,-0.36351187526117307
ZBED6,-0.3813195320400254
C9orf72,0.18724695245923773
CPEB1,-0.4296384264007738
CPEB2,-0.8286030230603806
C21orf91,-0.12668400428527032
C11orf98,-1.2778643145016841
FAM184A,-1.0791862560911791
GAN,0.8359735330909306
GBP5,-0.9674023796135808
METAP1D,0.665721890059348
NEURL1B,0.5778784397053116
TACC2,-0.6885195588316053
USP6,-0.9954548305793749
C14orf28,-0.5627104435153024
FDXACB1,-0.856235372853592
RBMXL3,1.5955848714680962
SEMG2,-0.6678124996862013
DAZ3,-0.9976579491127836
DAZ1,-0.8680197766313094
DAZ4,-1.097727539259903
RBM44,-1.9298701420474282
KHDRBS3,-0.9336218394809052
WFDC3,-2.1572151898513363
EPHA6,-1.6591341220252385
OPN5,-2.226878070546996
CCDC185,-1.902453951002599
SPDYA,-1.40589540025053
GAB4,-1.9621152834105453
GALNTL5,1.603332140609434
TPD52L3,-1.8318403100939664
C4orf45,-1.7826455440266495
DAZ2,-0.8076723160137643
RBMY1J,-1.322049831403632
RBM11,-0.9280099384150928
RBMY1E,-1.504091329042511
ACCSL,0.07802770378626246
ARMH1,-0.8792434245891206
CNDP1,0.7070767958625865
ETNPPL,0.20517154451922112
DDAH1,-0.19457703829695633
SEC14L4,-0.003146416609699994
HSD17B14,0.13839392736453113
BBOX1,0.7559822669532883
KYAT3,-0.04197829491021796
GOT1L1,-1.0627648252501847
GADL1,0.19468295333784083
FAHD1,2.2077843166390094
ACCS,-0.04556038398082778
CARNS1,-0.45802003905701205
IDNK,0.6536208136260576
PHYKPL,-0.2783095364070744
BEX4,-0.43870030570330204
GPT2,0.29205098588215395
CDH20,-1.4334978080803003
FRK,-0.4464577662268185
CDH23,-0.8018142448698179
CTNNA3,-1.0101723446550355
PCDH10,-0.7384097895209715
MFAP3,0.45619941895228827
ANKRD26,-1.1923676951461744
TULP4,-0.9784983940300943
DLL3,-0.47320482082934634
PIGL,2.850448190841537
GLYCAM1,-1.5002789526315068
FAM98B,0.29302468267127196
CRYBA2,-1.397506285180107
ASIC4,-0.34119862272721657
ZC2HC1B,-1.8916294647958773
FRMPD1,-1.4224111831429254
EFR3B,-1.1342153721314039
TSPAN16,-1.78095628853264
ONECUT2,-1.4651195377903532
CADM4,-0.6351436691415178
CNBD2,-1.8373494740334892
SUN5,-1.857520539907251
MATN4,-0.3755191507200904
MOGAT3,1.837391044044033
DEFB129,-1.64042109081868
LRRC72,-2.0179180753450536
APOBEC2,-0.9254003213562324
AFF3,-0.8206807660128745
OXCT2,-1.060545684522878
PDE3A,-1.0122156844092411
ADAM22,-0.8854461408181917
ZMYND15,-1.9063279683028804
NPAS1,1.7575026624018328
PDE6A,-1.1698732490882395
POU3F1,-1.3452993114865777
FAM166A,-2.0713228423738497
RDH16,-0.4868300675547621
PRH1,-0.7242055999169564
FNTB,-0.10922069482329844
SMIM23,-1.9264544374496686
ADAM7,-1.6282245006010778
PRM3,-1.8839435447081607
SLFNL1,-1.6768895119192713
FAM83E,2.030964558972384
KIAA1211L,-1.192587327656143
USP19,-0.5717834571183038
CABP4,-1.1241201388500128
NRROS,-0.8051767707944669
ARL14,-0.2598331981127657
PIP5KL1,-1.2513174201825064
RRAGB,1.6507125107042129
CPQ,-0.07531568133043857
HNMT,0.8993777224703224
SFTPD,-1.0127294638527014
SIGLEC14,-0.5400706967502683
TCHH,-0.9604904881233841
ATP11A,0.5783561939089897
GRAMD4,-0.42699350961735233
IFT22,-0.6945986837205111
IFT20,-0.5935036953443935
UBXN10,-0.412353296981624
TTC30A,-0.6567310929932408
TTC30B,-0.47400053706645984
WDR60,-0.4311930439961804
WDR66,-1.3639474658494066
WDR53,-0.76511224295144
TRIM59,-0.5592342588277901
IFT43,-0.31243920064556946
KIF3B,2.5165346710467014
IFT52,-0.5188039084763116
SNX33,-0.3134312916159027
TRAF3IP1,-0.5690766768739677
TCTE3,-0.45865329381479614
TTC8,-0.5435532450406133
BBS7,0.6200928539631626
AL136295.3,-0.7119501722340028
DCAF8L1,-0.8016323832156771
IFT46,-0.45331378463787
TTC26,-0.574559405299735
PLXNA2,-0.34976404428470975
WDR91,-0.6224529116808951
IFT122,-0.8718380747087228
IFT81,-0.7664386874642142
IFT172,-0.8624614934919698
TCTEX1D1,-0.3335987961771868
C12orf54,-1.8295671472199833
C9orf50,-1.989704332967966
TEX47,-1.990429997193263
GOLGA6A,-1.634754586827033
LRRC74A,-1.9056900259083926
MBD3L1,-1.6990356341482329
GGN,-1.74197620858213
ADIG,-1.6954522162617962
CDRT15L2,-1.4076630013148577
FAM181A,-1.9997464460211425
FAM170B,-1.8490372263664505
GCNA,-0.46940422720795494
CXorf38,-0.18076825702197322
CFAP70,-0.9410577332654273
FAM160A2,2.663201541018272
PKD2L2,-0.4089820207681259
PKD2L1,-0.9538960284327257
CCDC148,-1.0377706300366163
WDR63,-1.771529594800765
IQCK,-1.0323035419617015
EEF2KMT,0.44007330428224295
TTC12,-0.6945050330168544
CASP14,-0.8024760678995274
SAYSD1,0.22217251845773517
NKX2-2,-1.3418332030141786
BBOF1,-0.8173193260496007
IFIT5,-0.9392008320128473
NEK3,-0.8121529966780527
CCDC121,-1.4946966253792917
BCKDHB,0.964657765107099
TTC6,-0.8795021540008079
KIF9,-0.9579916398632338
KIF7,-0.9590109848943755
IFIT1B,-0.674855038458769
EFHC1,-0.8352903043828674
TBC1D32,2.464884684422827
BBS12,-0.429110974646713
TTC36,-0.3696421050457768
CCDC181,-1.4804198904209183
DNAAF4,-0.9708497929215001
CDKL3,-0.9603598957597974
CCDC146,-1.1460856585005004
MOK,-1.168875456345069
CFAP69,-1.102706325764555
FANK1,-1.8073321219091474
BBS5,-0.594540131064488
HCFC2,-0.6053779153638591
BBS9,-0.43801648456182535
BBS1,1.2862480950213626
BBIP1,-0.4660763766768168
TTC21A,-1.5167230895234955
NR2C1,-0.9408284363970191
TKTL1,3.0164202130645266
DOC2B,-1.3447297559879436
APOA4,-0.0035243653532027854
APOF,0.011001216133532396
LCN1,-0.9485346416053858
LY6G6F,-1.6066843502109251
SLC17A9,-0.41578232071429255
GCSH,-0.06524426991934587
P2RX3,0.9929219559449135
FOXRED1,-0.03221826771060651
PFKFB4,1.8636622510401333
FGF21,-1.218727833778655
TMEM217,0.12391701435239107
TNFAIP8L1,0.3438823563009467
CINP,-0.15744118027716886
FAM200A,-0.7070000352970718
ZNF789,-1.3146616561207576
BANP,-1.2081011587186046
ZNF718,-2.1560689584322876
PNMT,-0.8598644293539204
ZNF394,-0.8794434708942654
PSKH2,-1.1152927870541034
GSX1,-1.3744628248356516
SIM1,-1.01154317618481
TGIF2LX,-1.4839024110463508
IRX6,-1.2792080465820888
EVX2,-1.281902134623151
NKX6-2,-1.2975032474171286
TPRX1,-1.075079098262097
DBX2,-1.2808823981087594
GSX2,-1.5303632191694334
DUXA,-1.1221452267051355
LEUTX,-1.2643105698785544
RELL2,0.2815589729493292
APOBEC3B,-0.5940467789194837
TTLL4,-0.598822648624719
TPH1,-0.6400615082417297
TMEM177,4.005578700228146
TMEM171,2.919863259050268
ZBTB8B,-1.0971896337074316
ATRIP,-0.650155640364206
CCDC138,-0.5287150069114069
CCDC18,-0.5280274436751122
PLCXD1,-0.9206596028015055
DPPA2,-0.6851228232316877
FAM111B,-0.4144020549514255
SREK1IP1,0.9509925937088268
MGME1,-0.6097660063050284
TEX30,-0.45653292525646827
ANKRD36,-1.1373804688378921
PELI2,-0.6663850323632028
LMO3,-1.2820373724398413
TOX,-1.0241801309002325
SPZ1,-1.8647025657354324
EPYC,-0.8988635810419695
GLCCI1,-0.4691705079093956
PAPPA-AS1,-0.8538823516905847
SPANXN3,0.8256412644407858
FOXO6,-1.167384394135044
FAM76A,-1.5075019260394331
CCN6,0.06514661486271972
GUCY1A2,-1.1610208775113462
TLR10,-1.134216174419598
AL355315.1,-1.0044996954476098
TUSC1,-0.14861377969425751
SPINK14,-0.5478545734236717
FSTL5,-0.7403190835843252
SLCO5A1,-0.8502699888930836
SPINK9,-0.48051741093610034
WFIKKN2,-0.2391234288752224
SPOCK2,-1.2589100559285589
KRTAP10-6,-1.3808797782738986
LRRD1,-1.1852752658991594
HOXD12,-1.7006112185168465
ZGLP1,-1.4353053814050263
MAGEA8,-0.9814238099676159
FOXN1,-1.6084539408656133
ATG4C,0.026164834817009514
MAP1LC3C,-0.5434022768520904
ATG10,-0.3484479236019068
GSTA2,1.372991512809978
TUBAL3,1.665185200863966
LRRC14,-0.24441882411006896
SYNE3,-0.10275778371698388
FYCO1,-0.22053473186106745
TECPR1,-0.3405564139709052
ATG4D,-0.036414876840909195
VPS16,-0.11681000600590644
BOD1,0.2543645568715537
C1orf220,2.437213035957094
ERI1,-0.35285116419667695
FUNDC1,-0.4835705899003899
SLC25A43,0.012979957239146113
MORC4,-0.45645145145943644
TMEM164,-0.15141127017649728
THUMPD2,-0.48378273920969317
N6AMT1,-0.22832100632043248
METTL2A,0.827178629979976
NDUFAF5,-0.2775991140792595
TGS1,-0.6091658268656294
RPAIN,0.3428326134927369
CDH22,-0.9498152003115781
PCDHGB3,-0.6781073917839249
PCDHGB7,-0.655753716216607
PCDHGC5,-0.7886620076288836
NRXN2,-1.2915738916891422
DCHS1,-0.7607111186087373
PCDHGA8,-0.9052565341451384
PCDHGA3,-0.8159786432352111
PCDHGA1,-0.3529027927814562
PCDHGA6,-0.6053148781696647
CDHR1,-0.796134651056637
PCDH15,-0.7371400810322222
FABP6,1.1517530828619438
PCDHGA2,-0.67060141124491
CELSR1,-0.7588839425918629
PCDHGA11,-0.5047017688740489
PTPRH,2.638561073379242
GPR42,-1.0964925024484773
GPR75,-1.1213459339441996
GPR78,-1.093789043779282
GPR141,-0.44381907825280337
GPR88,-0.39638858472460115
MRGPRX4,-1.168395202943465
MRGPRX1,-1.3378760719153906
MRGPRX3,-1.5571078991460852
MAS1L,-1.276979912322465
MRGPRD,-1.4767686615708833
GPR39,0.006134997415657815
LHX5,-1.5084430520426655
TPSG1,1.1095337609456841
FERD3L,-1.0737358413378337
TRIM46,-1.063621481443598
CUX2,-1.027331826389054
ARHGAP33,-0.8642879326590657
SLITRK3,-1.0792923258105795
IFNW1,-0.23082228761616547
HOXB2,-1.195858768540888
FAM153A,-0.5286018826407017
ATOH7,-0.8176138362521949
HOXD11,-0.748479603519726
MYCL,-1.026688555858553
MYT1L,-1.339190515135807
FOXB2,-1.3972324862035774
NR4A3,-1.1840045569898858
EBF2,-1.0648254222667104
HOXD1,-1.4544013832294653
GYPE,-1.1702796552943941
VSTM2L,0.8101870518011703
TBX1,-1.3845896216856837
PIEZO2,-0.4223831421434385
ACOT11,-0.5678880488912792
HOXC5,-1.2138847647845703
ASIC1,-0.348404792406821
KCNK9,-0.7832549509999145
SCMH1,-0.367095954648124
PHACTR4,-0.04264779273757819
CAPRIN2,-0.5867318886540125
BRD8,2.9721614987400056
JADE1,-1.1310668558009964
PTPN9,1.832962530049934
HMGXB3,0.47771732958337076
DIS3L2,-0.6022830198472156
HECTD4,-0.9456149739236954
MICAL3,-0.7873960854528146
PHC1,-1.0145128589186674
PRRC2B,-0.6847620990281978
RETREG3,-0.15133392515205618
SLC30A8,2.951500457212857
PARD6G,-0.8591457193281036
MAGI3,-0.9855114700976672
ANKRD45,-1.2454271994193764
LRRC9,-1.295033351786044
CCNO,-0.8933474511594807
ZNF215,-1.7361242289395884
ZSCAN5A,-0.9728798771727458
ZNF628,-0.6435935051327142
GLIS3,-0.5726994777855642
TJP3,0.054904079317065806
SLC22A12,-0.29366802554736593
LRRC52,-1.7481923317121388
SGSM1,-0.6735482430067743
PPP1R42,-0.8823476680521299
ZSCAN31,-0.9806791183264548
PPCS,0.23281144651962074
TGM5,-0.5720332807940474
SOX15,-0.7908653139754562
CLEC17A,-0.2650266093341272
PSORS1C2,-1.3275304252701963
STOML3,0.37005655229700235
SCGB1A1,0.889569626631563
KRT81,-0.9851469822741012
CRTC1,-0.9194470043387263
KRTAP2-2,-1.096333026524059
PADI1,-0.5315722773482447
ORM1,-0.7145099506588962
FAM20C,-0.4643201211288657
PRG4,-0.43270804794606954
GHR,-1.0436992127120677
MT1M,-0.8057829193816457
CFHR3,-0.3030157544954168
CFHR1,-0.4301041851481614
F13B,0.3683564660977258
C1RL,-0.23363010296375572
A1BG,-0.5510960788760441
C8G,0.2381421215113905
CLMP,0.03368878438828627
MRC1,-0.7902513719311353
SMIM1,-0.2710677867722678
MBL2,0.20415528782808276
LEAP2,0.09474055021288852
EPSTI1,-0.798059102850817
SSC4D,-0.7906321941251655
CFHR5,-0.4860433523010619
SCARA5,0.34597382773186247
LOXL3,-0.5619061633515889
PGM2L1,3.5376033471796315
DUSP22,-0.842873368633645
NADK2,0.16446795600249092
GK,1.087876290094196
IMPAD1,2.590523996902112
SMYD3,-0.31513994106393156
ACPP,2.0127474658091984
ADAT3,0.08316736366225348
ADAL,0.2731363181797031
NUDT4,0.4704409833983148
AS3MT,-0.23546881473588607
SRXN1,0.3975920841909236
NANP,2.9933884411172436
TIGAR,2.3571029380208097
RBM48,0.8313615798575434
NT5C,-0.5145384101581671
PRTFDC1,0.39113697239105255
ZHX1,1.462577009178587
TRNT1,1.5361509506702955
LHPP,-0.09053822449728394
NT5C1A,-0.4325176385714664
UPP2,-0.33013310395109874
ULBP2,-0.5058114788063963
NT5C3B,0.8827419570790096
DUSP2,-1.201527415435466
PTPRT,-1.690199668331364
PLIN4,0.34735698043594504
ANGPTL5,-0.17317504977026468
PRSS21,-0.5884796606877619
AL645922.1,-0.5140916762032322
SRD5A1,5.787533337751122
LIPE,-0.4531195539342174
RGS10,-0.9503250732280689
PXDNL,0.7552255497247656
DUOX1,-0.6060158201020402
PHF21B,0.09649719227108144
OAF,-0.01806604623549925
CLDN4,-0.0605910744975722
GDPD1,-0.3817638061503633
OR5P3,-1.7062856215941415
TAS1R2,-2.1167810248733345
OR5P2,-1.7585994039261292
VN1R2,-1.3461614282846794
MEIOB,-1.7684262650005689
OOSP2,-1.3599466825303665
TP53TG3,-1.8927477944553426
MAGEB6,-1.6120356540912881
MDH1B,-1.1839595049333382
DERL3,0.6994626015132074
RTP4,-0.8769472684080072
DERL2,2.827118839629361
TYW1B,1.199790115317616
MOCS1,-0.17017490755899464
MCPH1,-0.8453392374617127
YBEY,0.17269468708451793
LCLAT1,0.056844734966742506
MBOAT2,-0.04713274462310421
TYW3,-0.26138635518455827
CNNM1,-0.4092611855368394
CNNM4,-0.3561125679320421
TMEM237,0.033502604437973815
POLR3H,-0.3962879699217803
POLR3GL,-0.6879346142299848
LOC101060521,-0.20999239782218745
DTNBP1,1.6582743493026042
IL17B,-0.48374900742177956
ROM1,-0.3399783827041006
PODXL2,0.3638871832514459
DOT1L,-0.5212843262140199
PCBD2,-0.7428023056595888
LMLN,1.1530292445454897
FAM9A,-0.35120433738673906
SCML1,-0.14795954121936694
MTERF1,-0.25748510164384275
SETD6,-0.9943225526944616
RILPL1,0.5712990142371488
GOLGA8A,-0.8287819982940062
CHD7,-1.0989996180317516
MTRF1,2.159032254921677
NCBP3,-0.5101098464527204
COMMD1,-0.21043725718963358
ATP6V1E2,4.776883345328197
TMEM199,4.037166287438084
CCDC115,2.6129917882929203
TP53TG1,1.6477917065779755
COTL1,-0.41168508933926345
BLVRA,0.08657045036042385
NME6,-0.11403919158681824
TMEM167A,0.3275174807472282
KIAA2013,3.457143144617396
URGCP,-0.2581912318690795
CBX6,-1.0582487356353936
STOML1,2.7895194463457202
ADCK2,0.20231572673251727
CERS6,0.2971198656288923
UGT2B4,0.3342156554551486
OTUB2,-0.9122224811460751
THSD1,2.6536653648384014
KIAA0513,0.052643288474788094
HACD4,-0.15659198085765386
ADAMTS4,2.5104911781995334
ADAMTS3,2.5961056552136768
ADAMTS8,2.7960341327002585
SEMA5B,2.788725974450934
NOD2,2.333642022351903
PADI2,-0.40377159777933047
RGS18,-1.075837086544704
ADAMTS13,4.066241329547477
ADAMTS14,2.6493384984071637
ADAMTS17,2.7861526759268544
ADAMTS16,2.378483524971424
ADAMTS18,2.5999146541775793
THSD7B,2.6562345978125346
LRRC25,-0.7668513345256098
ADAMTS15,2.6948653456173823
ADAMTS19,2.7816589113710406
HEXIM2,-0.9251505930530861
DOK3,-0.738109374911992
DPY19L3,2.150705773440882
SMUG1,-0.184366664130837
ALKBH4,1.2605336541970344
NUDCD3,-0.8506490479165099
RFT1,3.0317944830239822
SLC37A4,4.141182022076811
THG1L,-0.10270603728045401
ANGPTL8,-0.5827876236269015
ST14,2.2141894843218943
SLC40A1,-0.08798267694239571
FAM174B,0.19936416747506028
MGAT4A,0.5338280035335957
GALNT6,2.75032089732156
FAM168A,-0.6388205835598776
SMCO4,2.768446416041009
PNLDC1,1.7454865192111255
MSRA,0.23899230105601665
SLC46A3,-0.0906894985744481
LAMTOR4,0.6383484947576789
NLRX1,-0.1555967111552764
CDH24,-0.6048337181721332
CDH12,-0.8923644987478702
CDH9,-0.5663690922904209
FREM2,0.5607662264554351
PET117,-0.9434309021294727
UQCC2,-0.07640670154374449
FGGY,0.05459696786047218
SHPK,0.08138849355204755
GK5,0.05817358011443562
XYLB,1.0894399668745636
MIXL1,-0.9544853895003255
ZNF74,-0.46497370313307795
PLEKHH3,-0.08549010606004695
FAM110D,-0.07161750480211236
SNX25,0.13849444795529833
MAMSTR,0.09107965442987216
HRK,0.9952781274368105
TMEM102,0.07202361381000173
THAP11,-0.35605401406607073
ONECUT3,-0.15447407769757437
ZFHX4,-0.966399280834001
FAM185A,0.45948152074549625
PRDX6,-0.1225874484272689
MACC1,0.20174087613269678
SFRP5,-0.5091380396010106
DNAJC17,-0.046715738567987455
ZNF169,-1.0568388835346945
SLC26A1,-0.7731705680552382
TCL1B,-0.547035726964364
HSD3B1,4.060769164718989
FOXE3,-1.4558047903815818
NENF,-0.36327499939080576
LIM2,-1.1384162064592067
MAGEC2,-1.7050644072258603
GTF2A1L,-0.8822046244106693
AMBN,-0.8410996525390603
UPK3A,-1.175678110877662
ISL2,-1.0034764210438776
VAX2,-0.7087279601098605
VAX1,-1.3420029223453627
RGS11,1.1634407459723604
SAGE1,-1.6369349239767121
HLA-DRB4,-0.17079633094895033
VWA5A,-0.593190504525757
SAMD9L,-0.84533824132204
TRIM34,-0.764402280390595
SAMD9,-0.3154671214265256
SFT2D2,0.8031369047544037
SIAE,0.4414677552344676
LILRA5,-0.9608586204765596
HLA-G,-0.5352559618594727
NINJ2,-0.6199480889293326
TNMD,-0.3719064057293252
HOXD8,-1.3133105089087744
HOXC9,1.3776826821005885
BCDIN3D,0.09403373326616138
PSMG3,-0.09531108325120147
HOXC12,-1.1978921111431418
HMX2,-1.2978404986763235
RAVER2,-0.8699034484013843
WNT9B,-0.8117816335488807
KRT36,-1.5225966596096383
LHX6,-0.9298961356636253
CASS4,-1.1644322531267528
CAPN6,-0.8463057619354375
IRX2,-1.0030622911115783
BARHL2,-1.123746372948999
HOXB4,-1.1496513413301368
HMX3,-1.333911998183776
SMR3A,-0.8479465249315747
WASH3P,-0.1735493486574482
HDX,-1.175482832097729
ARGFX,-1.3079556822485265
SLITRK4,-0.34962656107952395
SCNM1,-0.2626232636581689
UNC93B1,3.572038520057631
TLR5,-0.38641507648454737
SELENON,2.574401839402582
CYBC1,2.473620243286172
CTC1,-0.20689719007497406
ERO1B,3.2979215064579424
FKBP11,2.6854608311194097
TNIK,1.6640023273109166
MAGEH1,-0.5830503006152331
GGCX,2.970439849111925
PFDN6,0.07165967445108008
MLXIP,-0.3565982374009533
CNPY1,-0.972833500217388
NKAPL,-1.775045696956173
HBD,-0.29772762538827824
IPMK,3.4853969795740674
PLCXD2,-1.0448634384124362
PI4K2A,-0.5944374375266075
C2orf70,-1.9832477854989097
ARHGAP28,-2.0849281166009894
PIP4K2B,-0.9275524470169935
AC007192.1,-1.0841670084642934
INPP5A,2.1475075864630617
SPEM1,-1.8700902033478326
DGAT1,1.4388280384449221
DGAT2,0.07082977208978132
SPACA7,-2.008806586765106
PLCXD3,-1.4753654776288647
EFCAB3,-1.5071897414335511
PLCD4,-0.844071822938188
PLCD3,-0.5677161307509087
RGS17,-1.1224147759627385
DGKK,-1.0130002353670826
WFDC11,-2.0088667672543625
CCDC172,-1.6009220379312101
UBAC2,0.6338470108385257
SELENOO,-0.2578515922034866
EDEM1,1.6517686053455927
NUBPL,-0.2632953797996319
SVIP,0.8455964460105546
NUB1,-0.19890523609823607
HSCB,-0.08773784808339026
USP38,-0.3625287936944686
ZFAND2B,-0.32455156556965636
AC018523.2,0.23159370375509855
UBXN2A,-0.19424365554179904
UBXN8,1.0748555353497546
TMEM62,-0.25420836901251015
ANKRD54,-0.9009388914821589
OSBPL1A,-0.018871984914316662
PPP1R27,-1.2773382832339593
ANKRD29,-0.8916138757419777
ANKRD61,-0.9988447537210339
ANKRD65,-0.9865211524511033
ANKDD1B,-0.9619262355251322
KNDC1,-0.9074408929234122
RAPGEF5,-0.7301225278363588
SH2D3C,-0.8234221182175979
RAP1GAP,-0.8985170663446072
RAPGEFL1,-0.7354729823071514
RASGEF1C,-0.7450554224572664
RASGEF1B,-0.9558154677486298
RASGEF1A,-0.7398805747348118
SPIRE1,-0.8189971690218248
SPIRE2,-0.4641011075226286
DGCR6L,1.2617413322267947
ZC4H2,-0.8088206229293268
SYTL4,-0.851713125725076
RAD17,-0.7421932644238213
ZXDA,-1.44544480218763
TUFT1,-0.4843028903112188
NCKAP5L,-0.2757151931800647
TCP11L1,0.1295175163513244
ZNF720,-1.2366031134495281
PANK1,-0.42697190612860003
ZSCAN32,-0.778508980847604
ZBTB26,-1.0778957026931115
ZNF75A,-1.083664623926007
ZNF75D,-0.18264027335844107
DDIT4L,-0.9044753112180519
NT5DC1,-0.37377493276460405
SNTB1,-0.16122535051678105
PKN3,-1.0768434892928591
ZNF786,-1.0416049230876179
ZBTB39,-1.0041253363846263
ZNF740,-1.000673449973582
DTNB,-1.145746601821523
VIPAS39,-0.15535578760119953
C17orf82,-0.8565194052534062
DOK4,-0.3749212619440596
RTN2,-0.02153755417785016
ALKBH7,0.5812951437118569
ZNF777,-0.6616179491696603
MCRIP1,0.31048292569584024
METRN,0.4482484445452228
MOSPD3,1.8818753618458817
SAMD1,0.42794528612391725
PHOSPHO2,0.07601041174688823
AAGAB,0.41466969978918833
CCDC32,0.5961632912887159
KLC3,0.022382763206458017
NOVA1,-1.0305450756786716
TRIM58,-0.6257274412643793
KIF4B,0.5757616488652808
HLA-DRB3,-0.15927775400796468
WDCP,-0.43260583966377836
PRICKLE1,1.6635393385127404
TMEM35A,-1.0645944851660432
LAMP5,-0.716036874970942
HAPLN1,-0.022232327509565608
MAPRE3,-0.6376952349054684
KIF26A,0.2801633721349852
ST8SIA3,0.5644625459968378
OLFM1,-0.8545634552215697
FAM171B,-0.46723059656130367
ZNF365,-0.4394466754651739
GRB7,-0.5343594847452107
RUNDC3B,0.45584437143026085
C4orf19,1.0476304295898562
PRR15L,0.26345964548876577
ICA1,-0.20183431973179883
CLDN7,0.03740367783515059
ANXA9,-0.10409284796954592
TFCP2L1,-0.6284818845636346
CAPN9,1.1545223685702917
AGR2,1.8501491966591408
MLPH,-0.4126412976385861
PLCL1,-1.0240884684405338
PIP4P2,-0.5295585867390675
ANGEL1,-0.5369777315414764
PDE12,-0.5314833157616812
CYB5R2,4.420658007388318
INPP4B,-0.6369383690187093
AC138969.1,-0.7391777568106903
PLEKHA4,-0.49478972245663116
PIK3R6,-1.2101758196870644
XKR4,-1.4244112264019946
SPRED2,-0.6961417798533241
ARL14EP,4.056046018808675
GPS2,-0.7831730890678236
PER2,-0.6638105297471683
ARHGAP22,-0.8706790334006115
MAFG,-0.3967367757685043
ERG28,0.08552984236084853
HPGD,0.03505101656192214
ADO,3.56952215839873
C15orf40,-0.15115272495995713
ALS2,-0.20268484752090177
DIO2,-0.5252662791293173
SLC2A11,-0.048201791104611064
BSX,-0.8576784253274782
SMCO1,-1.364583303473294
PDCL,-0.7558733647531993
HNF1B,-1.2319749326780454
ARMCX1,-0.5220767912005384
AC023509.3,-1.5836512068582238
NPAS4,-0.6529126834364507
ULK2,-1.0108866258327205
MBD5,0.7340027999872863
MAMLD1,-0.3659649644155607
RAPGEF2,-0.7934446350299945
MAML2,-0.4741980457945833
GFRA1,-0.9869900117199658
PSENEN,0.312504050381032
MAPKAPK2,-0.6381620460885576
C2orf49,0.6802413241975815
SPATA2,-0.47477541006226154
NKX1-1,-1.2150443523830836
LBX2,-1.3833476578132582
NANOGNB,-1.5752237720618534
KANK4,-0.9691806618723469
TSPAN1,-0.12298963547715691
CCNY,-0.35387325643947154
KLHDC9,-1.657498743884931
DNAH2,-0.898517495326891
CCNI2,-0.48642689687676793
C9orf116,-1.2537934628699705
CABLES2,-0.44649071255451067
ZNF620,-1.338319292648661
ZNF552,-1.1130790610158205
ZNF724,-1.2215017176803329
GRB14,-0.10265867089514533
KIF16B,0.02542542488176366
RADIL,-1.0466044777400407
MTSS1,-0.8170602883510024
MARVELD3,0.18414294956099045
PTPRB,-1.21877948125597
SYNGR3,-0.6829368639107892
PAIP2,-0.31299475183933856
TRIM16,-0.48354729837311944
TRIM16L,-0.8069171546047839
FRMPD4,-0.5663536211716298
TRIM47,-0.19716468203026616
TRIM65,-0.6092869428442252
FSD1L,-0.21417372596544648
NUDT9P1,-0.7237945065106651
TMEM120A,1.0412396023721506
ENKUR,-1.478210101277653
LONRF2,-0.884636391520564
RFPL4AL1,0.3063724057056945
RFPL4A,-0.7543033435156598
FAM71B,-1.5672382313005588
PTCHD1,-0.5994244652765901
H1FOO,-2.069076829547675
SMIM21,-2.204170285743044
FAM122C,0.27279547953027555
OR8D1,-2.6077701338174526
DEUP1,-1.698142470067445
ANKRD31,-2.122019319566889
LIPJ,-1.4835013569919138
AK8,1.1552288418275096
CNBD1,-1.9184910853945671
DISP3,-0.9659604687438788
SERTAD4,-0.8751831808868656
C7orf61,-1.9874492513207787
MRPL53,-0.32287928242675473
RFX8,0.14146531165520534
RFX6,-0.9691713218899796
CYCSP5,-0.5320313048579588
PRKAG2,0.11941329306284916
PARP15,1.7377872715597187
CMC4,-0.05051744352426985
MRPL52,-0.40946829972779686
RETREG1,-0.5607644950307403
PELI3,0.008274433354189169
C19orf18,-0.7613347123855789
OR6B3,-1.7022176055314158
SPRED1,-0.5604452856788141
KLK9,0.053769193116708844
FAM122A,-0.19586829898593017
MSL3,-0.7396317404163478
SPRR4,-0.7595715168971003
MSLN,0.15632904603120606
SH3RF2,-0.4906942847276173
TET3,-0.6138861028734433
TPMT,0.109302229439858
PCIF1,3.663950387825276
TRIR,0.014319476749879111
ITGB1BP1,0.06946248363173835
RUFY3,-0.5823998819221009
TARP,-0.7613347123855788
GPAM,0.1614383210940374
GSDMB,-1.0943209979821813
ORMDL1,0.6024839975544769
C3orf62,-0.9202673462291805
DTD2,-0.013394568637997598
ZSCAN1,-1.3470501722746635
LOC102724023,-0.18664070917289477
FOXS1,-0.8378120116390555
ZC2HC1A,-0.7368782290210916
SH2D1B,-0.8707979352537434
DENND6B,-0.6613784240680926
DHX58,-0.8737404221875372
ZNF385B,-0.7341688976510731
ZNF322P1,-0.7567023628106329
CATIP,-0.49737021890885064
GUCD1,-0.8072531443282687
ENKD1,-1.2095927319964384
C14orf93,-0.5009720043040675
KIR2DL3,-1.177241811371803
PRICKLE2,-0.6493964449524815
C19orf33,0.06657615821366787
RD3,-0.370202623693399
HAVCR2,-0.6818840065172826
ARHGAP24,-0.9253405022720202
MRPS6,-0.1973710824026921
KIAA1841,-0.5661408984116999
NKIRAS1,-0.6340912875439065
MTURN,-0.16430079947939225
IL20RB,-1.1040442774199062
HOXC4,-1.2944103560940632
MRPL10,-0.4493224713484577
DNAJC30,0.25200712028089245
PLA1A,-1.247667234949826
DCUN1D2,-0.35074093660315286
AIFM3,-0.3812394964934529
GRASP,-0.11183202395917859
ZNF486,-1.6683846969096292
CIART,-0.7303428437944377
BCL2L10,-0.4346234297705727
BCL2L13,2.1484892319302196
NTMT1,-0.024293704680472934
AP4M1,2.950366495702408
PLXNB1,1.4196253958634268
CCDC149,0.1366270674551237
BLOC1S5,0.08967737218246064
FAM3A,0.5161606348139961
SMIM11B,-0.08187804396967514
SMIM11A,-1.0972937765635153
C6orf118,-1.36375259777273
RNASE11,-0.45205957112427886
TEX2,0.2131601140742106
ZSCAN18,-1.2088049886101297
LRIT2,-1.4520410418166674
WDR45,-0.08492498942364031
TBC1D20,-0.34584080051147914
TBC1D26,-0.6633028353349677
ANKS6,-0.5014437739875784
METTL25,0.01536841339409513
CXXC4,-1.0966009871919253
FSIP1,-1.045647950466128
GSTO2,-0.24876300155914274
VASH2,-1.1303858789125916
ZNF839,-0.8437988421006302
APOBEC3H,-0.768625772062678
RIMS4,-0.46431323369714533
LIMD1,-0.6704640062169073
TSPY2,-1.452706386401451
C4orf46,-0.32311443464045686
TMEM255A,-0.5665705740458192
NCR1,-0.8594932295486168
RNF183,-0.8269894270950154
EEPD1,-0.10225071999110208
SYCP2L,-0.7826000792593822
ZXDC,-0.7601736748459205
TMEM175,-0.43338934176505584
FGFBP2,-0.9492207757157358
SYT6,-0.6300201526326791
DIXDC1,-0.4559125665789455
TASP1,0.022937682816491268
MESD,1.0673558471590112
SCHIP1,-0.588706867443229
TCP11L2,-0.38706501615478545
HDGFL2,-0.6230127384814511
ALKBH8,-0.15930561328256293
TIGD1,-0.19631980744515085
DNAJB7,0.21477799687502822
OR4D6,-1.750045548057506
TTC23,-1.0042149488893894
RTL8A,-0.02187535488224556
VCY,-1.6204671857764048
C3orf33,1.3518878504237026
C3orf36,-0.8437824544996185
CES3,0.08103551255430859
EBF4,-0.7487543234112877
CDPF1,-1.353954884922584
CTRB1,-0.7066808159761752
FAM3B,0.5638538458180866
OCIAD2,0.10872243242746553
ATPAF2,-0.19345392850460225
KCNAB3,0.14082843749980747
PPP1R32,-1.748020480873
HMCES,-0.21857746322147056
ATG13,-0.16621092832569653
FRMD8,-0.423800586978302
NMNAT2,-0.572658593787835
NMNAT1,-0.2749329744050686
GPR61,-0.9135099020245449
C9orf78,-0.04968151424471844
EFHD2,-0.35586577945956865
PCDHA7,-0.027244817769292568
TTLL7,-0.9595073716927136
PCDHGA12,-0.9015439445073802
ANXA8,-0.85521310629717
MEST,0.056152102044718606
ZDHHC23,-0.8779298378771148
COQ6,-0.0034808859321242957
ZFYVE1,-0.6695915849869803
SUSD3,-0.45583789855776324
PITRM1,-0.21984341048101838
CCDC60,-0.26670152136981723
PRSS33,-0.6436856528567662
TMEM183A,0.6538856532086768
PDZD4,-1.4249945596682922
STON1,-0.19535777956430678
PDZD9,-1.2119505707771092
GPANK1,-0.7891857305261146
TMCC2,-1.0498204261042041
MARS2,0.07606337246888964
CCDC144NL,-0.7613347123855788
PHYHD1,-0.4868625752344407
CFAP58,-1.7412390016174526
LOC403312,-0.7613347123855788
USP6NL,1.7680064973135579
PASD1,-1.472821403485433
SCG5,-1.0153716987347878
DDX43,1.6864116375001772
GADD45GIP1,-0.6193354015702931
SERF1B,-0.8363331918258552
CHCHD6,0.2675611359250346
FAM151A,0.1705970760763312
FAM133B,-0.5099844633307632
PPP1R17,-1.393329840517286
PNMA8A,-1.340629822900161
PTTG2,-0.15944484781089846
SPIC,-0.7963980525671449
FITM1,-0.6902432189730944
SRARP,-0.5497910546219446
C1orf115,-0.3686734096910538
C12orf65,0.20279358477548232
ACBD6,-0.155178551637895
ACBD4,-0.23154579937192438
EVA1A,-0.40573546334830746
AKAP4,-1.8256257647042144
DFFB,-0.5988207201021876
VCY1B,-0.7613347123855789
KIFC3,1.0725016869060988
SLC41A3,0.002561360980550412
CD300LB,-1.4630740330123309
STARD10,-0.4085014159106726
CRADD,-0.35658272444780853
PRR15,-0.4969378386413346
FAM53A,-0.7613347123855787
CELF4,-0.9119402758682451
CCDC190,-0.06375068983467064
PACRG,-1.480443906340691
MTERF4,-0.5864783641567444
PRSS1,-0.40805297751189973
TSLP,-0.8801671461868281
THAP3,-0.30495927057200906
CARD18,-1.0191763937475784
RP9,-0.4473801969937691
DNAH14,-0.5164785954225597
GNPTAB,0.44666546351506015
IL26,-0.5708515785310966
FAM50A,0.5769592534334174
FMNL2,0.1334639454134002
FMNL3,-0.2054031116262446
KCNE5,-0.3819495446216311
PPFIBP2,-0.6554215160011105
CCL26,-1.2534353822001016
SEPT9,-0.07290123174884217
SEPT5,-0.347769237919779
SEPT1,-0.6838848903402492
DPCD,-0.373860215051177
CDK5R2,-0.8826050900334631
GIMAP8,-0.8038234144544404
CXorf56,1.3137608302685044
MOB3C,-0.3083713009737182
C18orf21,-0.08271178624209331
MT-ND3,0.16816751943679392
GPR107,1.7605385257137445
RITA1,2.872448973742063
ATL3,0.36126074109664597
UGT1A10,0.8359227731265398
CSAG1,-0.23310384286657357
ZNF2,-0.8651955406066182
ARID3B,-1.1311451734562132
PURG,-1.2123654537777835
CCDC28B,-0.3929120128861971
FAAH2,-0.2148647342995942
SNX21,0.13582737762774102
MAGED1,-0.8906669900686951
RSPH10B2,-1.1708256616348893
CLEC12A,-0.04265512147877382
LANCL2,0.013203762498001734
SERAC1,0.3805716246989106
PLAAT5,-1.8207552048555904
C19orf12,0.13557302161497342
ERMN,-0.6669265663466132
LSMEM1,-0.9529961400093757
LSMEM2,-0.8202908295578994
ST6GALNAC6,2.7760536951439683
CAMKMT,-0.33243612967337893
WARS2,0.1361451636393294
KLHL32,-1.054622020800932
DGLUCY,-0.46541360300589335
JHY,-1.9033183716494824
TEPSIN,-0.10186377699982845
C11orf45,-1.3053949153056719
ARNT2,-1.1543209042960039
CRIP2,-0.27225376617657415
CAPNS2,-1.076346873860032
NBPF3,0.2667951490071648
NUDT16L1,-0.0949207603845894
PDE6H,-1.1729942534104185
BEND2,-0.5284997606644467
INIP,-0.06404032688472035
QPCTL,0.5894312646026939
NAA80,-0.4008664056723274
ZNF641,-0.8815625578014921
PLA2G4C,0.3296390000067668
PLA2G4D,0.012256648351140055
CHRFAM7A,-0.9775015637826114
ROPN1L,-2.135748604369083
NEO1,-0.6015797103678682
RBPJL,-1.002785546030826
CAVIN4,-1.0853474878508351
CORIN,-0.5193645137450578
PROSER2,-0.37338725802896694
MRRF,-0.2998677116951467
MPV17L,1.5618091133511147
BSND,-0.02859660401412889
TTLL6,-1.6923705094441073
TCEANC,-1.1244917681603088
YPEL3,-0.3050779620463811
C11orf53,-1.0760732633031558
C11orf52,0.1444391131465404
CLDN3,-0.5714770460370043
C6orf203,0.0963353141230542
TRDMT1,-0.12089162799823362
NEIL1,-0.7869901992869472
NLRP2,-0.4600492085035208
FILIP1,-1.1994220918845038
ARL6IP6,-0.172056384901761
CRACR2B,-0.4458601971887199
ZGRF1,0.7117872401114999
PRKRIP1,-0.6906663168481565
MCU,0.4814608753020485
ADD2,-1.3329459330787716
EPB41L4A,-1.3002031387047626
LURAP1L,-0.3708872516885938
C7orf50,-0.024938481016905947
NXPE1,1.6303999246434122
NXPE3,-0.5112910138397766
METTL8,-0.1910259839002349
ERVFRD-1,-0.5052878638697073
QPCT,-0.163855595593504
SMTNL2,-1.0427629818422257
MKNK1,-0.7907339138914342
OLFM3,-0.24977594157453542
CAPSL,-1.3435719593603852
CHURC1,-0.49863492563546974
MAP9,-0.04817387209042557
PRXL2A,0.8835598104785948
FDX2,-0.06947820728450645
KIAA0825,-1.1296710670573935
EP400P1,-0.2658767045943401
KCTD18,-0.39640196542290795
ZNF449,-0.4057141786898205
L3MBTL4,-0.820627380242449
SERTM1,-0.7613347123855788
SERF1A,-0.9748892640498715
AFAP1L2,-0.5182841736782715
IGSF10,-0.8801408778731897
CCDC107,1.4244141791822809
C11orf71,-0.8129105288781544
SPATS2,1.8721678014060774
TCEAL2,-0.5998481432378993
CHRNA7,-0.7346713479984738
IFNA8,-1.2790776408631719
IFNA2,-1.4542977819979326
SLC48A1,0.12765500877915942
OR2A42,-1.5503389987620222
C1orf174,-0.27963936384285565
LRP1B,-0.2981918389107264
RAB3D,-0.4628098335233955
ARMC7,-0.7625945433216059
PLEKHG2,-0.9756768184315271
LIN7B,-0.6231206115085113
TAFA1,-0.8584683320169112
NEGR1,-0.6421971632808668
DBNL,-0.5343165619397622
PKIB,-0.9453297845156629
SYT7,-0.6197516647306631
FAT3,0.15292044166570273
SYT10,-0.7917854400439507
LRRTM3,-0.9731633045326056
NLGN4Y,-1.1506979196224332
ARPP21,-0.7972898002139897
KIAA1549L,-1.406368305500257
ZNF804A,-1.0081690447603875
CBLN4,-0.7753691630982874
CADM2,-1.0151529786417444
NLGN2,-0.8478339924072287
CNTNAP5,-0.8659012742401495
BAALC,-0.3770831040866424
SHANK3,-1.115463050195756
ANKRD13B,-0.625951462584746
NOL4,-1.797047386002138
SLITRK5,-0.49852612437298455
SLITRK1,-0.2526229799702103
SOX14,-1.284634577371797
KCNK12,-0.8961140366199772
RIMS3,-0.3639172774144899
ADGRL3,-1.3825416113085678
FAM131B,1.5832685675299552
SYTL2,-0.6753215115138365
SYT4,-1.1179272919766419
CSRNP3,-0.9967821840731943
NXPH1,-1.8112093596257308
PCDH19,-0.8422129912465511
SDCBP2,-0.47245399255367854
SYTL3,-0.4885963272945976
PCLO,-1.1129630430441058
SNTG2,-1.1641466514937342
NSG2,-0.9129583482105099
GPR173,-1.9104930958046824
KIAA0408,-1.066220062841823
FAM155A,-0.32516394999426806
KLHL4,-1.2640657138434617
KCTD16,-0.0049006385086251755
SCN3B,2.0790753201734984
ST18,-1.1219887811281999
TENM4,-1.1591457962368499
OPALIN,-1.324735557581086
LRRC49,-1.1861484806257878
XYLT2,2.5284810917110563
INSL6,-1.2440214217449133
ACAD9,-0.21724706035118896
CCDC65,-1.4626525501744951
C19orf48,-0.16267671607998152
NR2C2AP,-0.015217256623559697
PPP1R35,-0.18562218952973536
ARSG,0.8724271960992916
MORN2,-0.9721054452783294
TEX43,-1.9291818241808762
TBC1D28,-1.6867772720885124
SPATA18,-1.6665828366380044
TMEM232,-1.991229448657679
TMC1,0.34718337272706057
ARMC3,-1.0018686040504168
NLRP13,-0.28331241448005806
NLRP9,-0.3458068770383392
NLRP8,-0.7100611613393143
STARD5,-0.7476591827051718
FRAT2,-0.6559906198998303
AMER1,-0.35324841315372185
CIP2A,-0.6161565263007167
NOSTRIN,-0.9306242341034853
AMER3,-0.9313081899686007
CGNL1,-0.7110744962599677
DVL1P1,-0.8781495360335333
MTFR1L,-0.009641838701172025
AGR3,0.5111893442292474
CTTNBP2NL,2.7650977356263007
TMOD1,0.10025859081984685
SYNC,-0.6915932458137614
CCDC88A,-0.709306182466824
GLIS2,-1.2592843114358852
TCHP,-0.9648461161515686
KIAA1328,-0.6657361995443187
PLEKHM3,-0.4270967761977792
NAP1L3,-1.125484834841731
C1GALT1,3.6608752325461635
NAV2,-0.7087023322324634
KRT23,-0.6722700741106017
NCKAP5,-0.8477436970272052
SCAPER,-0.7422390706583031
SYNE1,-1.037273119343939
WNT16,-0.8908820753331674
AMER2,-0.309566901864479
TMEM179B,-0.3127225014815252
PQLC3,1.036141972889087
TMEM107,0.36468148442283843
TM4SF18,0.4416546085888401
FUCA2,0.7076249428289191
MTRR,0.16323750633800072
PIGM,3.904202689112112
GRPEL2,0.7065907330955753
STARD9,-0.772402363006138
ARMC10,0.01389640464590897
CBR3,0.33324304417821854
VKORC1L1,0.6373149725682365
MREG,4.703758127645164
C16orf96,0.18714213822054807
NETO2,-0.0859168492311252
GAS2L3,-0.59357458769563
STK19B,2.72671449468435
C12orf45,-0.16244370523029306
AL669918.1,-0.25892498346198345
C17orf75,-0.24241760090859407
ELOVL6,0.29960228837798497
LTO1,-0.08764125041933526
NOA1,-0.5554542585895959
COQ2,1.794102952681525
CLCC1,0.6633791553583159
C5orf51,-0.6980274192827725
COQ8A,-0.2533943735325075
QRSL1,-0.21619868286959792
TRUB2,1.9232046339652735
MT-ND6,-0.04756826543030845
PIGH,2.607187003047494
LYRM2,0.057713501853339115
CPT2,1.0703651948037294
LYPLAL1,0.37739856044537323
THNSL2,3.7489180864234415
ZCRB1,-0.7211317831115194
PCCA,-0.26541501361013686
AC034102.2,-0.14689510953386214
NUDT3,-0.2461196098048995
LIPF,-0.5167631057849763
DHDH,1.581343106843175
SLC5A12,0.9524218761717743
TMEM92,0.19068234376523457
HES2,-0.704367232311769
SLC6A19,-0.262094748819447
SLC23A3,-0.019465826215608877
EPPK1,0.322548830937951
ZNF511,0.17651343055494303
AARSD1,-0.4034649050204271
PPP1R14B,0.8470872075621722
TMEM141,1.0298952341009184
MCRIP2,0.15733941080111222
TIMM22,0.1219796281537781
MIEN1,2.2795548948236326
COQ4,0.669066542605654
SLC35A4,3.84698027092553
CAND2,-0.6684233067448418
SLC25A39,0.5992211957674327
NPPC,-0.6773540988379478
UNC5CL,-0.6400460157106483
MEAK7,0.7044024852621359
RFFL,-0.5320886651946486
NRK,-0.5248934116976505
GSDMD,0.07721908829177311
UNC5A,0.35107017513812255
CASP12,-0.5877171523161496
TICAM1,-0.5774365185697194
ANKDD1A,-0.46745889801241103
PCSK6,0.49393985961862447
BICC1,0.20058815238460953
CYB5D2,0.5472614673693047
KLHL36,0.36601030318176986
PCDHB15,-0.07422274546135113
ZNF398,-1.0865139919025115
KLHL23,-0.6774937200676965
STRBP,-0.7277465153033954
ZBTB34,-0.5372017750185735
FAM117B,-0.6384633781458772
C16orf87,-0.12325328453586812
NKX2-4,-1.1148579771474307
C2orf69,0.11745162078817437
TAF5L,-0.8364858921451961
FAM217B,-0.3263905526897288
RGS12,2.266679945540162
ABHD14A-ACY1,1.6797013242680525
PDP2,-0.4909332949813186
ZFP57,-1.1475382036784925
RANBP17,-0.14472591074257657
MRPL54,-0.2639071063237491
TRAPPC3L,0.16866379970545833
MCEMP1,-0.11542063862507268
TPCN2,-0.3782056257207587
BCL2L14,-1.1280470711540505
STXBP5,2.5131398530697675
LGI3,-1.1045400261735423
KCNAB2,1.0470986800160735
SASH1,-0.6250068104918962
ARHGEF9,-1.1478859600041236
MEX3D,4.740657531023979
UBASH3B,-0.8917953427603041
DOCK3,-0.45472146730871565
RASAL3,-1.1704735054108866
TSGA10IP,-1.2060169899229851
SOBP,-1.0369052244822117
CCDC187,-0.9110035868147921
PCDHB14,-0.7378424444801209
NUDT18,-0.4567684656329903
BAHD1,-0.9526142434180427
GGACT,-1.2446768456688877
COA1,-0.32016035267684895
RASSF10,-0.45421316589774186
GGT6,0.540069657400247
OPLAH,0.46984604211014225
GGT7,0.3940135704059653
NLRP12,-0.80765420122869
NLRP4,-0.6280688431376096
NOD1,-0.8245450566920494
PYDC2,-1.1142878893764845
PTGES3L-AARSD1,-0.7414836642655658
FRG1BP,0.22164641886871322
STAC2,-0.7818805035601891
CPNE9,-0.535151196714107
AGBL3,-1.2919706606735175
ATXN1L,0.5898260856632317
KCNE2,0.7601227661872921
GTPBP10,-0.3874334456874193
DNAJC24,-0.06659250444703471
ZCCHC7,-0.8317177988801631
RNF169,-0.544016508406919
OR4D2,-1.9620447073496894
ABRA,-1.3191955439150294
ZP1,-0.601096205543023
POF1B,-0.9371256767057126
AC011462.1,0.08226145530920231
USP17L11,-0.8397007195043478
USP17L5,-0.8567059479560563
USP17L22,-0.8397007195043478
USP17L20,-0.8397007195043478
USP17L21,-0.8397007195043479
USP17L17,-0.8397007195043478
USP17L15,-0.8397007195043478
USP17L12,-0.8397007195043478
USP17L10,-0.8397007195043479
USP17L19,-0.8397007195043478
USP17L18,-0.839700719504352
ESPN,-0.8918511568254017
FHDC1,-0.7641436595628222
FMN1,-0.47520902351243055
FMN2,-0.9377198856202911
LSS,1.8403255104208651
FHOD3,-0.7246446676043414
ZDHHC5,1.8226035370109923
ARHGAP42,-0.43624127863860046
PXK,-0.7312307448889079
WHAMM,-0.6133300226240755
GRID2IP,-0.7926542354931112
PACS2,-0.44749775910989004
WIPF3,-0.8036529836327003
RAB11FIP1,0.7098072189108643
ZIK1,-1.2907233354036092
ZNF800,-0.6051925312925878
ZNF736,-1.1491588883785055
AMIGO1,0.7442135131541682
TEN1,-0.014508098571099188
MSL3P1,-1.147939011087568
ASPHD1,-0.37505654299152963
PNMA3,-0.6560122946834943
DPYSL5,-0.5793782050584365
SEZ6L2,-0.39926452490445263
DEF8,-0.03594379872208608
AMDHD1,-0.3325142880852915
AMDHD2,2.9048113741382595
LGALS7,0.3828639142651944
PLXNA4,0.043085199404798595
AC011455.3,1.5273789491668144
CSGALNACT1,0.8221830682562856
CD109,-0.30943332603947626
ST3GAL5,3.434380502347643
FADS1,-0.2864605956111171
OTUD6A,-0.4996227167735495
PRUNE2,-0.06289618251856759
NCBP2AS2,-0.42392407253730285
LCE3B,-0.47040471524738514
VSTM4,-0.03294989743326141
ANKRD30B,-0.6627004817216595
EMP2,-0.8238795915703669
MT-RNR2,-1.6471618451574193
GALNT14,3.17315942922019
C8orf4,-0.9179115059077897
TTC9B,-0.648912125321244
ZNF784,-1.4242234949344588
TMEM108,-0.22620683155791527
MDGA1,-2.0832632204623738
PANK2,-0.1688066429335875
PLEKHA5,-0.8517743158843512
TBC1D25,-0.8903175132895323
DUSP15,-1.3088424555482487
NOTUM,-0.14429639671698435
SSUH2,-1.3892735851341396
IGDCC3,-0.8756168976987335
SUSD5,0.08455403095028363
FMR1NB,-0.003393809254242245
LRRC45,-0.39067663317943024
DNLZ,0.01811460331604438
OTULIN,-0.6799078054547377
NEXN,-0.9656844360011634
LRRC24,-0.2265117043397727
TMSB4X,-0.32131251907824193
OVGP1,-0.12592039700739907
NYNRIN,-0.6749030709394432
KAZALD1,-0.47080009378432186
SLC41A2,0.2664301058172964
SLC16A4,0.1757005982734616
GSTM3,-0.4729027517031479
LDLRAD1,-0.11149278025103185
MS4A3,-0.5372048515163242
SPAG4,-0.41291354895894355
TCF21,-1.1654866009028948
LMBR1L,-0.257150900531103
ORC1,-1.0477153676064248
CKS1BP7,-0.12733885778322143
KLHL13,-0.754712033641988
SIRT4,-0.33897835877434274
DCUN1D3,0.4232014880632717
BTBD9,1.7312516880351008
LRRC58,-0.4736269892380705
MRGPRG,-1.5544764648725489
ATP23,1.01122940145966
CCDC167,1.0191513798711587
CMC1,-0.28745808296457653
ZSCAN9,-1.1468767211486106
GJC3,-1.2068430650945774
GJA9,-1.3323100942055446
GJD4,-1.3034400144288665
CNST,-0.31502579747275233
FN3K,-0.48965444981177014
GJA8,-1.8389571136987402
KREMEN2,-0.6756746024850606
BFSP2,-1.3284347952786588
CLEC14A,-0.7227928712593862
ZP3,-0.18981590407170626
CCDC3,0.24667298295499457
PHF20,-0.8903811685894735
DLL4,2.9021935539379897
IL1RL2,-0.9396312779156124
KRT12,-1.3200694516000457
FCRL1,0.16643679319093277
CEACAM19,-0.9881395108167127
ARRDC2,-0.7602589400262706
PRSS56,0.884908796646038
SNX14,0.7229233324973061
PMS2P5,0.018735153397022707
OR4D1,-1.9799580409998654
ZNF397,-1.0844158835670157
KDM4C,-1.197574288542978
KDM4D,-0.8873177649396041
FAM13A,-0.6203577669351951
JMJD7,-1.0961042378103416
RFPL4B,-0.5885418073041356
GPATCH2,3.0688913487463534
AGAP4,0.01133277756873458
ZMAT1,-0.6454094347902385
CBX2,-1.2160777895846249
RASSF6,-0.16845435940291748
ETV2,-0.10704546755716585
ZBED8,-0.24111441029304861
LRMDA,-0.31586113561145696
DNAH17,1.5629829102834634
GPR22,0.2922794155218399
CHRNA10,-0.3532792518908715
AMELY,-1.115564426235929
CSMD1,-0.29757021808260053
LY6H,-0.9856611111542783
ST6GALNAC5,0.43047199251494894
CALY,-0.6752721979650291
ARPIN,-0.02423138931307962
NATD1,-0.1655406545432406
FSBP,-0.8538828567241106
AP5B1,-0.525376099199525
TEFM,-0.248663105502945
MIGA2,-0.11229893678326301
PALM2,0.18611204694955913
ENOX1,-0.2056793650806481
NUDT14,0.16388137951878146
PNPLA1,-0.3812298004970358
TP53RK,-0.3674602628105521
TMEM203,0.5795767518014592
DPP9,-0.10929511529366567
EBPL,0.5005681946088902
DHDDS,4.1499288460866826
C9orf64,0.40312651833790225
ANKRD40,3.0634442212128126
MLXIPL,0.03520855589137742
TMC4,-0.20409817390116453
SCGB1D4,-0.13907929595594978
NPNT,0.17281694096120387
PNLIPRP1,-0.6810942716987718
TMC2,0.9720435062115883
ARHGAP27,-0.7112993478960925
TMC3,0.9807153927174632
FAM53B,-0.27174111953835645
TMC7,0.5371861212536065
TMC5,2.0916805395326428
ZBTB25,-0.798754660802896
TMEM38B,0.8379730762011018
CFAP206,-1.3490587998986678
OCIAD1,0.18121206524196706
TECTB,-0.740577422668542
RTL3,-0.5171100415265456
TMEM200A,0.6893709300182872
CA14,3.046575469871495
OPN3,-0.349869406926205
SGF29,-0.9153655024777989
MAGEA6,-0.45670958049573407
SDR39U1,2.1034629934441456
AL162231.3,1.1529624759335801
MFSD4B,0.8780183135674541
B3GALNT2,15.016923214106754
SCFD2,0.7784037744888618
EEF2K,-0.5687510834051164
BHLHA15,-0.6935632733730243
CLEC3A,0.6443419900383174
PGAM5,-0.2052335953662768
EPM2A,-0.732876566630602
FOXR2,-1.5617567889037445
TRIML2,-1.1035033602843995
AKAP7,-0.8310115832820812
AKAP2,-0.548243118038229
CNGA2,-0.4277547645571375
LOC653513,-0.9879461072334591
EIF4E1B,-0.02129175607072974
PDE4A,-0.7655114581719791
PALM2-AKAP2,-0.8896397919680652
CCDC61,-0.38137575792315226
WDR92,-0.5464343526966648
PDE4DIP,-0.9840698412282985
ZG16B,0.4162074116151779
SLC2A5,-0.3658556667920474
CRYBG3,0.35032309117459154
MAATS1,-1.4579294016621187
C2orf88,-0.39612998691396567
SSX2,-0.8825601148441172
AMY1C,0.36311105912821373
AMY1B,0.577265104971659
FAM49A,-0.7734095608006504
TUSC3,2.2589962654952545
LDHD,-0.33696084833048945
ARRDC5,-1.056700348118469
CAVIN2,-0.7312263004180265
PIK3IP1,-0.9315793999303538
TP53INP1,-0.414527524820704
FAM91A1,4.445424043664908
GRHL1,0.754927541793644
MAB21L4,0.16785292724911813
GALNTL6,3.6209877023673633
GALNT3,6.469881878456062
GALNT16,3.3658629085162213
GALNT13,3.591146831855953
RIBC2,-0.9253006883821207
HEATR5B,-0.44808303536776445
GTF2IRD2,-0.41817396436822485
GET4,0.08650984124337305
TRIM43,-0.9208715365732498
HUS1B,0.08949021162320726
AGBL2,-1.1765819880679007
FAM57B,-0.2208613559068033
RGPD6,0.30029084981749476
FYB2,-0.46711305978486545
MMP15,0.18267644355361387
TRAF3IP2,0.6309118047976716
AFMID,-0.4082484278688672
NUDT12,-0.20735078719327535
CLCN6,2.168002215512344
WDFY1,-0.5217421265474647
C11orf74,-0.18178311093557414
LMF1,0.6073693607067353
NRSN2,0.214756280497307
RGS20,-0.840647067251469
TUSC2,1.5659892862771372
TMEM185B,0.5744143960617759
TMEM79,0.3938819676490021
TMEM128,0.44631943599893936
TMEM69,-0.013263557083780587
BORCS7,-0.05914375812072927
ABRACL,-0.108602703277496
SLC35G2,2.822205705786651
C3orf14,-0.3260259773342398
CLN8,0.4050385335934444
THAP10,-0.587759030962653
SMYD2,1.2186637582892648
CENPS-CORT,-0.48690759981493525
ZFP62,-1.08776199275045
PPP1R26,0.935772031204195
POLN,0.06898324567122513
PEX12,0.26035806684443313
NACC2,-0.6124789072889185
PRDM7,-1.402870227364358
DBNDD2,-0.004112947581694179
ST6GALNAC1,3.1949665993850833
SCRT1,2.5894605176065086
C6orf47,-0.4812917648156271
CSMD3,-0.4942898067890399
MMRN1,-0.7755114892650777
FRMD3,0.4287230334996233
FOXD4,-0.5975125147406208
NLRP14,-1.1439456177387628
RHEX,0.23235836941634377
FOXD4L4,-0.8333108940713458
FOXD4L5,-1.3586261732080884
FOXD4L1,-1.4254727837136514
FOXD4L3,-0.939223914225528
HBQ1,2.3802208488467254
RHD,-0.7973622284094488
CFAP45,-1.3369381291397195
RSPH4A,-0.6749649379256817
CFAP126,-0.6841264492927965
C7orf57,-1.5854971820703894
VMO1,-0.5095366315439133
PPIL6,-0.5699819515797916
TPPP3,-0.4591757928822626
CFAP157,-1.0100826134250398
CCDC153,-0.17852295368291662
MORN4,-0.6890248550320941
CABCOCO1,-1.678190918049841
CCDC170,-0.793787889876773
NME9,0.36903544289067397
RAD52,-0.9349250024104845
IGHV3-9,-0.7517997947235708
CLSTN2,-1.2971064284231941
AC105001.2,-1.1523369162979562
ZNF396,-0.9705680250812274
LRRC43,-2.0039536901707304
PGBD1,-0.5324286503026441
ZBED9,-1.3652925497779915
PROSER3,-0.2015262087042242
ZNF174,-0.8368313366269605
ZSCAN30,-1.0163252546057526
TXLNB,-1.1268367847520286
KRTAP5-9,-1.160267958257588
C1QL3,-0.917245199736324
GPR158,-1.3829995451588164
NRSN1,-0.9248446020085981
TMEM151A,-0.8078385575752274
CREG2,-1.4045623574302275
HEPACAM,-1.1493917317367723
PLD4,0.028252126539372157
QSOX2,1.399130333157842
PNPLA3,-0.12810328303526275
PNPLA5,0.8581219356051712
DRAM2,0.7228613408102071
PAFAH2,-0.1126212622646146
AWAT2,0.7089128652663096
LPCAT4,0.18298900405350307
LPCAT2,0.5090280660937451
LPCAT3,0.5113283782918853
NECAB2,-0.6741682601205726
HSD17B13,0.2368494873034417
APOA5,-0.26743630385548894
GBP7,-0.023180612990135085
SLC25A47,-0.47668847947257065
SERPINA11,-0.17985886229141132
PGLYRP2,-0.47254156787840185
SLC13A5,-0.5523328062969846
OIT3,-0.46462340366066934
RTP3,-0.39869524517566934
PLGLB2,1.095284256264453
EXOC6B,-0.18166851714574644
ACOT12,-0.6779186118446267
SLC27A5,-0.2711703032117133
CLCN4,-0.03753248135758291
CLIC2,-0.6308965882768375
TP53I11,0.43714205979914095
SERINC2,4.7986344563920476
PHACTR3,-0.6821495579003917
AADACL4,-0.7092081444922219
C1orf122,0.3062971772218952
RTL9,-1.070335680355727
WSCD1,-0.9904285874658715
ACOT2,-0.19461233997696173
PSG5,-0.6444396575720021
SHISA7,-0.25537116538236726
CBLN2,-1.0527770174568265
AADACL3,-0.7423904331855334
TCAF2,-0.9321395666890991
TMEM39A,1.7579368602475975
TSBP1,-0.8740962647833533
PRAMEF10,-0.551112271339502
AKR1C4,4.891919938744681
EXD2,0.04583214856528561
KRTAP4-9,-0.2327896461347728
GSDMC,-0.11027006417539859
KRTAP1-4,-0.2768269587314147
LCE1F,-0.6137579279468804
KRTAP4-1,-0.8353993996103514
KRTAP9-1,-0.3655902397361712
KRTAP4-3,-0.6070895207360938
KRTAP4-6,-0.5291615916028708
TMEM190,-0.5405834556564436
NKD1,-0.9748330406650372
KRTAP5-8,-0.5383292097557201
LCE2A,-0.7223293969330414
VWC2,-0.8171961023861446
KRTAP4-8,-0.7600364087371294
KRT74,-1.1145853177028224
KRTAP9-9,-1.069683262894902
UPK3B,-0.7310397116302967
KHDC3L,-1.4466571446238201
AC002310.5,-0.10333946989513877
NTF4,-1.053030495450076
NKAIN2,-1.9639676147215792
PLK5,-1.736014592653602
PLXNB3,-0.5828943731971057
TENM1,-0.6044263014734634
ANKRD66,-1.0152829171153215
MRPL55,-0.15879921918053536
RPP21,-0.019421919090055376
ABI3,-1.0605142827139713
NOMO3,2.0889145083435245
SLC52A2,0.7668702927587825
ADPRHL2,4.4556936801818745
B3GAT2,3.2549214034868292
KLRC2,-1.2155976193416242
TTC38,-0.07291956160085941
CLEC4G,-0.3067764378085805
MROH5,-0.5222726562848392
TMEM176B,-0.7299942406904274
REG3G,-0.13845324075364218
MMD2,0.4305165151303333
ETV7,-0.45250039105162465
ADAM33,-0.09477740136286582
TMEM86B,0.18154138594844832
TMPPE,0.2617989849385017
TMEM140,-0.6254050837689437
SLC43A1,0.1335339186375974
TMEM144,-0.7312279005235708
PAQR8,-0.13261592049773155
BCAS1,-0.09041012662093835
PLEKHH1,-0.5486641720144925
PAQR6,-0.5175648463282191
ANP32C,-0.6271459263776115
ZNF781,-0.9085567849379708
ZNF695,-0.6952887117997505
SLC50A1,2.0179588728566946
PHTF1,0.7909523534149534
DUSP16,-1.1159928776835482
IDS,4.313749217333172
AC067968.1,-0.8833951826552
GSC2,-1.3180270971872963
CRYBA1,-1.4557408480996759
IL17C,1.6306726316428002
ZNF81,-1.783892805036349
MRPL45,-0.3429115914870664
NFXL1,0.22479575119695194
SPIDR,-0.7516042838661193
BEST2,-0.44500721379530295
NPVF,-0.8885314242828523
DUSP9,-0.8995638199111109
PCDHA10,0.12478282019326056
TIGD4,-0.5722126591055624
PLEKHF1,-0.5670402995927978
DHRS13,1.840138543333853
CCDC89,-1.9826544082745916
TPTE2,-0.9522513186864529
OR52I1,-1.7902262778559728
RNF180,-0.036750008857463864
SOWAHA,-0.9301223700118021
ZSWIM5,-0.6746601712719358
ABHD17C,0.4517521647828005
FAM110C,2.2886096780087084
SMYD1,-0.5218820159826935
SOWAHD,-0.4377820055362243
FAM111A,-0.7755275729494597
PLEKHA8,-0.1176876910330053
C5orf34,-0.03845408208694463
PAQR4,-0.4608140893080577
CHRNA5,-0.8374609381674599
NCR3LG1,0.4092997431902512
PARP14,-0.05467010234012656
IL15RA,-1.1584983163173594
IFI44L,-0.9440667736950914
POTEF,-0.33461688560887143
FCGR1B,-1.042878467171168
SLC25A16,0.5185560360451497
CCL8,-1.2509249449127187
KLRG2,-0.06811951448174347
GXYLT2,1.5483129640066828
TMEM246,0.9315570687838775
FAM210A,0.1761762319515363
AL645941.2,-0.5654268277584518
GBP3,-0.861230437808613
GBP4,-0.7525126556517844
TMEM201,0.1284252298331851
TRBV12-3,-0.7182090434385531
TYW5,-0.9669661740164569
SERPINB6,-0.17030271042633457
OTULINL,-0.7812977679965143
PTPRS,-0.2422624053477255
COMMD7,-0.4569523636676272
COMMD5,-0.09520125321061856
MRFAP1,-0.465999610205625
WBP2NL,-1.9398348674401915
SIMC1,0.15687257370386046
FER1L6,1.8352393919723977
PCDHA9,-0.10935298816045155
LONP2,0.5367597369807571
MLYCD,-0.21083920579242746
PCDHA2,-0.3425500124932038
PCDHGB5,-0.4443522094344064
CA5B,-0.9211561893064497
STK36,-1.171271227385144
TIGD7,0.07678473922990334
CT55,-0.7441979000297078
SYNM,-0.5614377647850511
FGD2,-1.2625214496155637
FAM167B,-0.5978667030516873
ZXDB,-0.8363807220338324
RIMKLB,-0.31705720993282155
ZFHX3,-1.0038379344180708
ZFHX2,-1.1532052151071992
PSMG4,0.9096725823425389
GSTT1,-0.41460650053379056
RNU11,-0.44536774332324275
RNU12-2P,-0.42085514369964633
LSM10,-0.1321407404875656
SNRNP48,-0.41088903422029854
SYNPO2,-0.6283291518569695
FRAS1,-0.29033726461831544
SYNDIG1,-0.4265294848935474
SLC35F3,2.1140444981102613
MTFP1,2.2601916347024784
C19orf25,-0.39402506514212604
INSYN1,-1.017505857283489
COPS9,-0.020182495622672804
BORCS6,-0.7625500742006709
LIN9,-0.7413888241257964
LIN37,-0.4794629212921549
ZFP30,-0.9948356960935855
KLRC4,-1.3221608020554274
LIN52,-0.8559997706889205
MRVI1,-0.5082329309524215
HSP90AA4P,-0.9034556580152463
SLC14A1,-0.900570847498923
BCL2L12,-0.7611553334359069
SLC35F5,2.648552478215576
PAFAH1B2,0.24519508612491567
PLEKHA2,-0.9500342497875821
LACC1,-0.0918031108445032
NOXRED1,-0.9639224180090626
PRDM15,-1.1912712795364897
SLC25A17,3.0500618168782014
CDADC1,-0.002592308374824399
RAD9B,-1.079106164628629
CCDC34,-0.8594361589157601
RHNO1,-0.6445966030907383
FAM222B,-0.876640427413574
MSRB3,-0.5582149824511462
GLYCTK,-0.2831301245889186
FNDC4,0.08653939450087457
EIF4EBP2,-0.09771580283882773
TCP10L2,-0.2872835683432323
SIPA1L3,-0.6241903450129082
SPEF1,3.4258729408788393
OTOR,-1.0974288418814055
CFAP46,1.2216715878192768
TRA,-0.5261355376735145
TBC1D2B,-0.4698748237541297
OLIG3,-1.2139858843963791
PEAR1,-0.6409273172054659
HSFX1,-0.46021226745696675
FAM78A,-0.6417902280724115
SHISAL2A,-0.4153334708225077
NFAM1,-1.1426313556889214
CARD11,-0.856051654975749
SHC4,-1.2368394674567247
CLNK,-0.4585336168784302
KIR3DL3,-1.2149709278045948
PRRT2,-0.9177424017028766
ZNF853,-1.6332621860735912
PTPN20,-0.8751717146200628
DUSP18,-1.1889234270237299
GPR75-ASB3,-0.6390392304171841
LGSN,1.6780418232967573
DMRTA1,-0.545613031486239
TMEM233,0.19220753245003186
MFSD6,1.1011611421495395
SLC41A1,0.029495548828627805
PRDM6,-1.802563818634295
IFITM10,1.5571293123889136
AC068533.4,0.9098956494584145
LSM14B,-0.4644396007871244
SH3D21,-0.29286383577260594
OTUD7B,-0.5359539918930474
TNFAIP1,-0.24188852155371982
C2orf68,-0.5512970166933496
KCTD1,-0.8260204156103576
RBMY1F,-1.1694102364820562
SHROOM3,0.3641080701172437
RBM45,-0.35271192923027206
GOLGA8F,-0.5487420582929615
FAM120C,-0.27106215223372837
EIF2D,0.18380634401441506
KIF21A,-0.27280479638815286
DEPDC7,-0.8082715700734971
ISY1-RAB43,-0.15459449940554226
HNRNPLL,-0.3982323297311605
MYO15B,-0.5849372731337797
MED12L,-1.0886222860856605
SFR1,-0.5550121612550022
TNKS1BP1,0.015035454688989437
GOLGA8EP,-0.37512796773702023
ZNHIT3,-0.48032529588433837
MAGEE2,-0.4279997947208892
LENG9,0.27070351199125675
PSTPIP2,-0.7841407165994057
SNX12,-0.0948346152900287
SPATA5,-0.21477223871751033
RPL9P7,0.29041625163093704
ARHGEF19,-0.8286920245428278
SCGB2B2,-1.5672285755698327
ABLIM3,-0.9506127280659857
STARD8,-1.0648090210210814
ZDHHC8,-0.14140450016842418
SRGAP1,-0.610291976021668
PLEKHG5,-0.8893993631706157
NGEF,-0.8970695640185204
ABLIM2,-1.2266159354031498
FGD3,-0.988147559914877
IQGAP3,-0.7913218661444738
ARHGAP40,-0.659859451945649
ARHGAP31,-0.7428926452094883
ARHGAP36,-0.4608260112674561
ARHGAP39,-0.5974154123190777
RBM41,-0.7311191544270254
ARHGEF35,-0.702520945479138
ARHGAP8,-0.5054929849193907
ARHGAP4,-0.7220060129998889
ARHGEF37,-0.6962153489920302
ZDHHC22,-0.1769418719327155
ARHGAP23,-0.7139939775313832
ARHGAP20,-0.5924157719202516
ELMO3,0.0245810444643772
PPP1R12B,-0.8650938719813325
SYDE2,-0.7048127407498506
ARHGAP11B,-0.8364513793845528
ARHGEF26,-0.893770443365457
TBC1D3F,-0.8586344982780133
FARP2,-0.21218802419335528
AKIP1,0.5490076466731894
CDC42BPG,-0.32655874672369106
FGF10,-0.7523918034839885
SNX31,-0.6440660230213991
HPS4,0.15883796964757715
NOXO1,-0.6307783424925277
EFNA4,-0.6281290125449981
INTU,-0.3324208229707153
DNAJC5,-0.1349865711638771
FOCAD,-0.1027363999413347
PFN3,-0.854469025054667
SLC16A5,-0.2701648141179971
KIAA1217,-0.46501334776723696
PKIG,0.7431127116328115
TVP23C,0.524142383903851
KBTBD4,-0.2346076884453774
ZNF28,-1.7933402467207897
LOC81691,1.8445645379869928
DCAF8,-0.28346049336776474
AKR1B15,1.4976078172060932
GSTT2B,-0.258765451698034
KATNAL2,-0.35045993581619767
AC026464.4,0.13424287163339213
ZNF778,-1.088809478626799
RHBDD1,0.6631196873902585
FAM104A,0.026296025887099655
TMEM129,0.8386560316538326
AKR1E2,0.7553686348933896
UBQLNL,-1.2803816641382282
AKR1C1,1.365203699628232
AKR1C2,1.2935607422856217
AC010132.3,0.19990408656658212
CPLX3,-0.4875648110150444
CPLX4,-0.9748545545159034
PARP10,0.7368696723825909
USP9Y,-0.673670444535354
ABCB11,-0.15387410224966278
GRIP2,0.020437066839212852
EVI5L,-0.6463931789490449
C3orf67,-1.9842106213365671
C5orf52,-1.9705495078378577
STRIP1,0.043835081152945064
VCX,-1.7665418579510572
PAGE2,-1.5620962085345726
WEE2,-0.9944931059526982
ANKK1,-0.45212777414355254
FPGT-TNNI3K,-1.100938856504444
ADGRA1,-0.9900624812971782
MYLK4,-1.2832567018176106
AC005833.1,-0.8142963878539847
MEIS3P1,-1.3789220813948149
AC004080.3,-1.5238468147064728
CCM2L,-1.0306589696853474
CLCNKA,-0.7271066558142112
MKX,-1.139611663566194
POTEI,0.2860868943109206
KATNAL1,-0.5020097539664136
PPT2,0.5463151422988177
CCDC88B,-1.0430393398116
ZCWPW2,-0.8327400434719988
CENPBD1,0.23481317338894173
KRBA1,0.04047329043736108
NKX2-6,-1.3085854072474923
TMEM196,-1.3052579519366438
C1orf21,0.20813259527200242
FAM151B,1.0479386054418134
EMX2,-0.6953550229159896
PEX11A,-0.36918446783869374
NKX2-3,-1.5686695980178196
EIF1AD,-0.6379635828353742
KRTAP3-3,-1.1250377803581721
SLC26A3,-0.1497107374801929
EIF4EBP3,0.007924017542244775
SDR9C7,-0.2966524914250428
GDPD3,-0.2853933593571786
PYURF,0.7083074532870213
NEK10,-0.8546223674490014
HLA-F-AS1,-0.22372320358416345
SMIM14,-0.04923171420848409
TMEM19,0.8302457289567631
ALPK1,-1.0751256923175583
KCNH6,-1.046469241400843
PUS3,0.030501680385901134
NSUN5P2,-0.46998973079646317
SLC25A26,-0.659584884371475
RAB11FIP4,0.4079829392390496
CCDC7,-1.541201713451864
LRRC31,0.795825052974512
LGALS7B,-0.5950425424282779
CDK5RAP3,-0.17533623169580884
SPATC1,-0.005121189189386344
ANKRD24,0.02075281892099
TCP11X2,0.16051400862864454
PNCK,-1.2876548382528423
PRAMEF5,-0.37439648537279846
PRAMEF4,0.02433645982183051
PRAMEF15,-0.3743964853728041
NHLRC1,1.050787728448723
ZP4,-0.09629819504032384
LRRC23,-0.833643029594636
RDH11,1.6432219923480407
PPM1J,-1.7586332113851104
SPATA9,-1.9029531570609184
PRAMEF1,0.29478277273213754
PRAMEF2,1.8352393919723984
FAM71F2,0.23948743114487586
MYORG,0.43019115834675126
UGT3A2,1.2089533036468667
ST3GAL4,1.7039206404588643
TONSL,-0.33407371726362883
PXYLP1,0.15716021263872848
TPST2,1.250723275868171
DISP1,0.8925838371556035
FUT11,1.0368821138504891
DISP2,-0.36811840298597365
DNAJC15,0.16317962743500158
TOMM20L,0.2531640157768154
MTIF3,-0.3995097330245934
THEM6,0.8238455818444724
MTG2,-0.2574364318575175
AC139530.2,-0.18982174786030578
MRPS21,-0.31079453295074405
ALDH1L2,0.03407176238487255
SLC30A2,2.7060727446868142
TRARG1,0.5519338120438375
SLC27A6,-0.10726395483500935
SLC27A3,0.07025566962621031
CPT1C,-0.08949436429416412
PNLIPRP3,-0.2443800914568833
SLC35E2B,-0.514906381911667
SETDB2,-1.0749429378588595
AFTPH,-0.13590730515480962
SAPCD1,-1.1231670606010815
TSEN54,-0.23540459005457495
C11orf80,0.43114058423808005
KMT5C,-1.0496063704196101
STRA8,-1.7886842768169908
HES6,-0.38196139755821923
HIST2H3PS2,-0.7799342154328834
ZSCAN23,-0.8226120884763276
SH2D4A,-0.3932745563792298
CCDC71,0.04069718579531425
RDH10,0.10301593429990479
LINC00908,-0.5839436988818887
TMEM159,-0.33357282918529807
GPR34,-0.47082788718884666
RRNAD1,-0.12034648682312855
WDR13,1.8406835445090224
ZNHIT2,0.03879425146523455
GPC2,3.4681830186286633
SSBP4,-0.5834498907156842
UGT2A3,1.3668141843868367
UGT1A8,2.319971942788984
UGT1A9,0.7471198027485333
UGT1A5,1.3830990293731285
UGT1A4,1.1670014929685288
UGT1A7,1.3701711947227249
UGT1A1,1.1032801414545772
UGT1A6,1.5578914321355624
UGT1A3,1.0876009362809407
UGT2B17,2.1855678060640997
UGT2B10,1.372508975749464
MGAT5B,1.9851407029082004
RGS8,0.6570580807850709
XYLT1,3.4313346304440375
UGT2B28,1.3947041026976585
VXN,-0.2006785413694563
ACP7,-0.5402774646956954
TTYH2,-0.8752588406281586
PTRHD1,-0.2709958418946152
RNASEH2C,0.02003552788074844
PDRG1,-0.7015126572418652
CECR2,-1.2457249237793777
GUCA1C,-1.5723101118844378
CKMT1A,0.1649025511499701
CKMT1B,1.4810258202259534
TRPV3,-0.745021798948724
PHKA1,-0.13094777338621622
EFHD1,-1.038594819230674
ASIC3,2.239085357734611
IQCG,-1.3641519106114235
IQCE,-0.5712617783349756
UNC79,-1.1292641615702297
MYH3,-1.0192996957314355
FGF11,-0.9634435005265302
ARL6,-0.4425254847903853
TRPM5,-1.4286335782082549
C11orf65,-1.1537420821975282
OCM,-0.6583723291459914
TRNAU1AP,-0.5796236511620761
LIPK,-0.6390018285969252
NDRG3,-0.16988415373428417
PDE5A,-0.7107856230143706
CTIF,-0.3223862398169292
FLACC1,-0.3387745855400856
LOC102724652,-0.8550971119850621
FAM86C1,-0.30224694024270804
C10orf82,-1.3749690337692164
SLC35E3,3.277163225210015
KCNH7,-0.7656654447583761
SLC22A15,-0.5482209454059781
C4orf3,0.033371057475696846
SNPH,-0.9021030775071814
STXBP4,-0.2357409343717003
PPP1R3F,-0.22494156344444557
PPP1R3E,0.3073649153851263
PPP1R3B,3.6974941628735225
NAPSB,2.515591096139119
C1orf210,-0.14828255887578015
MAP6,-0.8414618342734459
GSDMA,-0.8561919427097971
PJVK,-0.9978470378037976
EBLN2,-0.8539061759490624
FAM83C,-0.6371824464582095
EVPLL,-1.2001671100183395
TMEM56,0.617768720708502
C1orf68,-0.9300773482622814
TMEM223,0.9441714403453398
TSPAN14,0.062125183536187276
NAT14,-0.06731858842040819
SLC15A4,0.23881133679903205
GPR89A,2.738753716917809
STUM,-1.0104291555945575
TSPAN2,0.3682484801539164
TSPAN32,-0.743666202823737
TSPAN33,-0.48950577801649997
POMT1,3.825009911352757
DHRS9,-0.1820197817136772
CXCL17,0.6853620808539329
TMEM91,-0.06095303358200434
KLRC1,-0.880339529937074
IFNA6,-1.442250446910648
C6orf136,0.02432480277491062
C1orf226,-0.7508404435772172
FOXN4,-0.7983874824281
MAP3K15,-1.048668726305177
DBF4B,-1.1339574987691377
DCLK3,-0.8930465816888714
CSN1S1,-1.0907761770413398
PMF1-BGLAP,-0.6516567194011013
LRP5L,-1.2420552040735233
DCAF15,-0.019383313505902833
SIPA1L2,-1.079801713502677
HPS3,0.18279969777675378
KIZ,-1.1648836329039325
RPP25L,-0.03334799794870592
CLUL1,-1.6708060541513463
FAM72D,1.4438851555506047
FBLN7,0.4257929184068069
SPATA33,-1.5113138750487405
FTMT,-1.7756224821744468
MROH2B,-1.9699904866258027
ANKEF1,-0.9067301818326938
GTSF1L,-2.0060692257345134
ZNF559-ZNF177,-0.6478271152864531
SLFN5,-0.6812038744332971
MBNL3,-0.47677195150763446
FAM210B,-0.3601537857136672
FAM104B,-0.21791944569243
CRISP3,-0.7581886925670699
LRG1,-0.5427756985633967
LRRC75B,-0.20667547247769413
RETNLB,1.2151869090674974
MEX3A,0.822187621766966
PHGR1,-0.6390099976402092
ANXA13,1.1012239838449973
TM4SF20,2.4822637493814828
FRMD5,-0.2736780501755101
TMEM87B,5.174054188639594
NKX6-3,-1.054891041495995
CCDC68,-0.9500785079971464
TRIM73,-0.9228741827260526
PHETA1,-1.024197878646056
RCCD1,-0.21089169488760445
MYRIP,-0.854372738859533
SNAP47,0.3612570432263289
SHISA6,-1.3888784977756932
KRT86,-1.2233149641747496
SAMD7,-1.1689038046488602
CCDC24,-1.0987761224834107
ANO3,0.03512356580507218
BEST4,-0.379933977015747
ANO5,1.157274908790177
ANO7,0.5325132796526051
SLC26A7,-0.3284944224666726
ANO8,0.21172090125948725
ANO9,0.9553534644165197
ANO4,1.6529984286507848
ANO2,-0.41345221336240556
BEST3,0.2227400332993169
TTC39A,-0.5850451895217532
FAM131A,-0.6085865097200616
TTLL3,-0.514761656549702
MBLAC2,-0.02628668793176745
PLEKHM1,0.1839959886659155
FLYWCH1,0.07490651432414976
BAIAP3,1.4403145787642204
TMEM106A,0.1975625677481911
SLC26A9,-0.10205027740909574
TENT5C,-0.5306128123035406
H2BFS,-0.9965901172858339
HIST3H2BB,-0.7657839437384755
GID4,-0.05871189832566282
HIST1H2AL,-0.993380780072974
EID2B,-0.8555331793034638
DPPA4,-1.1080454776256285
RIMBP3,-0.8099693167571995
FOXR1,-0.5246495089697806
PLEKHG4B,-0.5532521770622324
DPH7,0.1925501085279574
BICRA,-0.6447803151841403
BCL7B,-0.029730751035256343
SERPINB9,-0.8700428257935774
SCX,0.9193063892955167
ZNF639,2.3049808503321256
PWWP2B,-0.6838485254336585
ZNF594,-1.1948404495749583
HDGFL1,-1.3604031065884057
ZCWPW1,-1.0434211530446809
JADE3,-0.9494686566476074
RAP1GAP2,-0.5552903506076265
ZNF418,-0.786619821407329
ZNF550,-0.9417767583772142
YY1AP1,5.6404952941487645
AC005324.4,-1.247713392025831
METTL23,0.9335772170856258
ARL11,-0.655861433609086
SAP25,-0.7041191181394064
DNAJC28,0.36013917350273
DNAJC22,2.4645234698846434
EIF5AL1,0.5325145869922984
DNAJC25-GNG10,-0.03161680600683833
HSD17B7P2,1.5289421951687971
IMMP2L,0.23930083336162591
TXNRD3,-0.12431376964556143
ALKBH2,-0.252127590673165
CNOT6L,-1.0077390168942444
AATK,-0.7509465909724775
OSGIN1,-1.0558606673539106
CCDC117,0.2924783762395176
STARD3NL,0.3673059344582746
SELENOK,1.4862163715827699
SLCO4A1,-0.12326301982974935
RNF207,0.018537046449806232
CSRNP1,-0.9529829073926913
GPR37,-0.6955950629330919
ZFAND2A,-0.14100712981978394
LIFR,-1.0519295867552485
TCTEX1D4,-0.6445258158245398
YPEL4,-0.0501795020169659
TRMT9B,-1.1708859941022312
MGAM2,0.5202633309839283
MRM1,-0.31255020641459297
CORO6,-0.5812696589022481
FRMPD2,-0.7433129754449941
KAZN,-0.7276804468966925
OPTC,-1.0071417857162916
LRIG3,-0.1975257937575773
THAP2,0.40458225184415103
PTPDC1,-0.675833123514746
NRG3,-0.8985182988468563
NRG4,-0.984271946097628
KIR2DL5A,-1.220105240729566
KLB,-0.2420037314033066
OVCA2,6.017306216351277
TMEM220,-0.5359038375081578
LILRA4,-1.222793537984668
LILRA1,-1.0798977501078837
THEMIS,-1.6232261201292437
FRS2,-0.4276756956230715
SPRY4,-0.45055533980239615
KIR2DL1,-1.1060224758726314
TREML1,-1.2154133859511191
GAB3,-0.7716494383543328
KIR3DL1,-1.0728515619762893
MID1IP1,-0.14639699738149337
GAREM1,-0.31287742896167287
WWC2,-0.5712879350706506
OSGIN2,0.26216712339019416
AMOTL1,-0.46184670999276317
OR2W3,-1.8912366340582252
GALP,-1.3751737619915567
GPR151,-1.0869322421941685
OR14J1,-2.1943462152449396
FAM167A,-0.6684437747552668
L3HYPDH,-0.22472453145528204
PPP1R21,-0.27574291734845247
RELL1,0.10486151714372192
SWT1,-0.7461498216071116
KRT82,-1.1782854989324147
GPR142,-1.6454816125511873
GPR82,-1.2589752781007837
GPR139,-1.3879563089874305
MT-ND4L,0.019794928251300786
LY6G5C,-1.1141156846375002
AGMO,-0.3113582648398236
IFNK,-0.9658509170523083
IFNE,-0.6769155086669882
IFNL1,-1.0461702213386521
IFNL2,-0.8646506615444288
IFNL3,-0.9253538239363536
IL17D,-0.6545467148084361
IL20,-0.8871975963982974
SFTA3,-0.47503531655714926
SFTPA1,-0.30905498224722927
CCL18,-0.8409054801313491
PTRH1,0.6909658480322408
ATPAF1,-0.2512593195283312
EEF1AKMT1,-0.2601914532106023
AC135178.2,0.6697524739018408
OGFOD3,2.2754886577077156
MANBAL,2.3598150476492274
C1orf43,0.5890475774694909
FAM118B,0.5684919423209666
CCRL2,1.7250089379342348
VNN1,-0.3167263653538386
MILR1,-1.0252049467238202
EGFLAM,0.13869697520821708
ENOX2,-0.18289787127464263
ST7L,-0.7479902081200389
CA3,-0.7864045438229812
SYBU,-0.826151555584858
PPP1R9A,-0.8961640938712893
SLC24A5,-0.014612290462549126
XK,-0.37551318985341015
N4BP2L1,-0.7910616519864582
CHADL,-1.4889276967367175
ANKRD55,-1.1265180150671184
FMO5,-0.10404860093768682
KCNJ12,-1.4342305500660002
RCC1L,-0.08998550258774304
USP32P2,-0.42703512894130613
AL360181.3,-0.13538354638611966
TXNDC8,0.017746291627606114
C10orf67,-1.9499624967754328
TAS1R1,-2.001106430755915
SDHAF1,-0.8089592514545909
SNHG32,0.02240598795102267
CDNF,1.1827186169119273
TMEM247,-1.923620396155649
C18orf63,-1.2286480031611853
SNX32,-0.2931127591975883
KLHL26,-0.9410072536599777
FAM156B,-1.46525335795406
FAM156A,-0.9721312469592612
CCDC196,-1.5810523539881183
SNX20,-0.7079438014658256
FAM81A,-0.7371117438079433
GAS2L2,-1.1317517081485895
PRPF40B,-0.3722515466728452
LYSMD1,-0.23156228798051254
JRK,-0.6971053041020191
EXOC3L1,0.4772809998873256
FAM13C,-1.3668271666629184
CEP57L1,-0.7245245740123214
LSP1P3,0.2109058594177669
CEP95,-0.32187307719341174
AARD,-1.0165422638558086
HABP4,-0.457031185053223
C2orf80,-0.9213571219875604
PRND,-1.5693762440957386
GTSF1,-0.9590213594367778
DEFB119,-2.001922556423762
AXDND1,-2.041039929186647
KLHL15,-0.004437362921943205
LENG8,-0.8261995859255855
PSORS1C1,-1.9954149843948314
CCDC179,-2.218384340200413
DMRTA2,-1.608084021548058
SNORC,0.6252742348638562
TFF3,-0.13411035578674077
ZNF852,-1.1911158559844903
ADGRG4,-1.0342472327899535
WNT7A,-0.9876520487977496
RPRML,-1.3423265626125886
GXYLT1,3.93263425661012
LYPD1,-0.3143151039492723
ANKRD9,-0.766185472429061
NEURL2,-0.46765339368500264
MICALL2,2.6635292992712207
RRAGD,-0.22197577669181093
NDRG4,-0.250275908983941
ELMOD1,-0.6482223149367063
PABPN1L,-0.7004798521698976
CELF6,-0.956024841604313
CD101,0.2856379825364074
BCL2L2-PABPN1,-0.524842861498447
AP002990.1,-0.7375409533976807
LIN28B,-0.5230048409674056
RTL4,-0.5898524445369296
AC245033.1,-0.935494838898086
KIR2DS2,0.15819812961493437
GPR89B,1.321482070773369
LRRC28,-0.5789220286691594
H3F3AP6,-0.6958912188764265
SFXN2,0.439021112538861
AP002373.1,-1.0134682108644375
SBNO1,-0.4739836435146386
FCRL5,-0.6582539137827329
SMIM20,-0.04230823870816576
SH3PXD2B,-0.4566892367383011
AL355916.3,-1.293680557545367
MAPK15,-0.9144411505822759
CBSL,0.04206232009144411
HAS3,3.7527244283529626
SCML2,-0.5701853955623442
ACKR4,-0.32842821530861754
MT1E,-0.4052397373024899
HACD1,2.3512645214785524
KIF26B,-0.01784345213835882
SBK2,-1.3257789803274544
SLC12A8,0.23260651627515544
SPDYC,-1.567825912374144
CSNK2A3,-1.869157120119851
MSS51,-0.7119680108790994
GANC,0.7731788575235111
ZSWIM8,-0.05163597571106585
KLHL29,-0.5341452000923169
SLC25A30,2.28190273862101
KCTD21,-0.41017790817499244
IGLL3P,-0.9646711622392621
PARP9,0.06763916615967717
BPIFB1,0.2905054235226428
KIAA1324,-0.02661089102424953
SCGB2A1,-0.33828779409407783
PDE6B,-1.0290794498210996
SDE2,-0.3956464303797929
C3orf38,0.0467940373693224
PPP1R15B,-0.10806705686118513
KIAA1586,-0.17248614282962543
DNAJC25,1.030566457953982
RNF43,-0.3477839521563216
VHLL,-0.9293155019866146
LRRC10,-0.6276885938689291
FAHD2B,0.782383532239031
CILP2,1.2015240322677503
PCDHB7,0.7070339471719175
PCDHAC1,1.4863427219669476
GPR63,-1.697606281889151
HARBI1,0.009374779012437535
ALKBH3,-0.22382405519011236
NFE4,-0.3411616279788503
FRMD7,-0.7482821556504596
LSM11,-0.3978640763688435
TADA1,-0.5276492442196132
SUPT3H,-0.8259951643980179
USP17L1,-0.42461071546024376
MEDAG,-0.34313562985662716
RIPOR3,-0.8837043018546503
TBX18,-1.2579853460747439
EIF4E3,-0.46693512152836847
RNASEK,4.445116129036069
VILL,1.075780851404585
FAM3D,1.979810231193418
NUDT22,-0.33723078841230886
CNFN,-0.8841097980888951
GRAMD1A,2.7890288382474417
HSP90AA5P,-0.8585600711640293
LZIC,-0.22512207486226132
MTBP,-1.064841541828535
ZSCAN25,-0.727870082004838
XRRA1,-0.6197799971999647
PARP6,0.8892717296086889
DTX1,-0.2937440068112633
SPRY3,-1.0267960306055157
KRTAP2-4,-0.7815618197676396
C17orf50,-1.1169351279608069
CCDC125,-1.2984322403817206
SNRPD2P1,-1.2814683241007392
HSP90AB3P,-0.6217635939120894
HSP90AB4P,-0.025486249178110616
H2BFWT,-1.1220234880161073
NR2E3,-1.6764146673950728
ZNF589,-1.2005976585067073
LOC100996709,0.18144501539514057
F8A1,0.8568686678336783
P3H4,1.719433739591737
AC093155.3,2.42313711777777
VCX2,0.8143473686160194
FRMD1,-0.5555207753959598
CA8,-0.9225881803790865
PKD1L3,-0.8046102431059361
TMEM88,-1.3570947560181248
CLVS1,-0.33023928071363634
HEXD,1.847509755264349
SLC27A1,-0.06670065666170795
KIAA0355,0.1411655823952178
ZHX3,-0.30820388070520316
TNNI3K,-0.9964813092053357
HMGB3P1,-0.7476544476419934
OR8U1,-1.7902262778559728
GLDN,-1.3791749452246769
UNC80,-0.8959360488789199
OR2L13,-1.9161724317324782
ZPLD1,-0.02423016584342847
SSX5,-0.7810140986095682
SSX1,-0.9995340967164756
SSX2B,-1.1210628757018286
EID3,-1.1334259255509935
MAGEB3,-0.5613825014252067
C19orf84,-1.5837993946111821
MAGEB16,-0.7059454706772529
MAGEA9B,-0.8247433555321994
DNAH11,-0.6733064429878766
LRRC38,-1.8078161989604171
OCM2,-1.0924913204082891
CALHM6,-1.1495716509089011
ARPC4-TTLL3,-0.5324432605764619
TOR1AIP2,5.525621485575186
KIAA1211,-0.27343380272524154
STYXL1,0.06556533878739305
CPM,-0.4388158807763626
SLC17A8,-0.1462525205039562
BAIAP2L2,0.13813066679987127
C11orf86,0.1805803486340873
MS4A7,1.34433371584938
LRRC66,-0.3936020582097987
MT4,-0.11788328103200905
LCN6,-0.7509829049643731
LCN12,-1.174823932150856
LCN9,-0.5597531774988141
LCN8,-0.7536115933500459
WFDC10A,-1.242651964500883
LCN10,-0.7663036165418355
SERHL,-0.3524203053870552
ZFYVE28,0.009871690166079876
RAET1G,-1.1264438274009863
KLRC4-KLRK1,-1.1167840046365023
RAET1L,-1.1696915294022332
MICA,-0.02866282690774223
KIAA0391,0.10113075135804639
THEM4,-0.4996156790680849
RCAN3,-0.9606997885056491
TRABD2A,-0.9957961050989439
PIGZ,4.089591092424611
RIPPLY1,-0.9669394103023394
CCDC183,-0.5888856649387503
SLC22A17,-0.7710120974562661
IGSF21,0.0032446346783817936
PLEKHG1,-0.768638242936957
FAM45A,-0.33170103765066256
OR52N4,-1.8301352633193297
OR1L8,-1.7918172001399746
OR52N5,-1.7902262778559732
OR52N2,-1.7902262778559719
TIGD3,-0.2540365092404875
ENPP6,2.645080198191636
CMPK2,-0.4369194954541555
GNPDA2,2.340654888231449
OR52N1,-1.853741915155847
CCDC82,-0.1283713649780557
UNC93A,-0.3272954713343182
SBSN,-0.9009357389858532
KRT79,-1.2194028684227298
NKPD1,-1.3891266973821734
FCRLA,-1.034903647898147
PPIAL4A,0.5568081315110082
CCDC97,0.003825835845753642
PPIAL4C,-0.5698239866569879
PPIAL4G,-0.5698239866569753
KRTAP6-3,-0.8838451601574665
KRT80,-1.0930940153689874
C9orf106,-0.7931484878159879
SLC25A18,-0.7030057842169167
CSKMT,-0.9187928688501666
RHOXF2,-0.9995088366803194
CDY2A,-1.4070666364182285
CDYL2,-0.6676962976660923
CDY2B,-0.9340100934656065
ECHDC3,-0.26492206180897904
AC008982.1,-0.41254212554864705
CDY1B,-0.892113129780354
SOHLH1,-1.5144718408949247
SEMA3B,-0.571825108799345
FAM160B1,-0.0946014437771498
OR5F1,-1.2784914398195146
IRGM,-0.5145241036383447
HGSNAT,0.6602987375386759
CALHM1,-0.17971024371850672
TTYH1,-0.6051034885769021
FAM171A2,0.0600117312466076
GRAPL,-1.3697789482795373
NDFIP2,-0.497302888600742
PPARGC1B,-0.3552503415979602
SH2B2,-0.3518002870175326
PTPA,0.38664691951668334
TGM6,-0.8117966031785445
CEACAM3,-0.08033563847659783
ARHGEF28,-1.117945550914857
SPRR2A,-0.8411737154431405
ARL17B,-0.5710287208573899
ARL17A,0.36146756282493575
ACBD7,-0.1444788127529549
STAP2,0.05287041722718556
C1QL4,-0.4687947133907138
ZNF658B,-1.1235804672126748
SRCIN1,-0.8725967250433809
ANKRD18A,-0.843443263400382
MTHFD2L,0.276963878950621
B4GALNT2,3.434956262095123
POFUT1,7.142522277009895
LRRC18,-1.0266881005348416
ISLR2,-1.1056647305948726
ZBTB12,-1.4254687487901863
RPS6KL1,-0.6354596264642604
STKLD1,-0.10606395366158959
SPATA25,-1.55107638092103
PLEKHG4,-1.1885121432515853
KLHDC1,-0.8595108737743025
BLOC1S4,0.13138011272822617
EFCAB9,-0.8971533126794698
C12orf57,-0.2626239074926007
CAPN12,-0.49753854041612483
SPATA21,-1.0301179518193153
SYCP2,-1.2509926658753792
MYOM3,-0.812248624432852
ADPRHL1,0.6236187925344664
KLHL31,-0.8433460637967441
LMOD3,-0.9203258933364343
LMOD2,0.10473463571816198
CCDC150,-0.6307882098707698
AZIN2,0.6583734916958665
MPV17L2,0.8347726218747933
POTED,-1.0593421857756378
PDE6C,-1.2649158890882903
VASH1,-0.2454407460772149
WDFY4,-0.7204544897177054
KIAA1549,-0.5318832755868821
LGALS9C,0.051327145755954096
LGALS9B,-0.815653843559437
LGALS12,-0.36359209426767897
PTGFRN,5.609747676104832
C1orf159,0.1580763386256496
TMEM182,0.9694239460794534
MFSD4A,0.6764854912572532
LGALS16,-0.7914966088126768
MT1H,-0.37704020722646253
B3GALT2,4.0447567613020405
MIA,-0.2366254372957195
PNLIPRP2,-0.99850717603746
KLHL8,1.3242601508250993
MGST1,2.679833196168374
CEACAM7,-0.6707918928721639
SLC22A18AS,-0.639974385660208
APOBEC3A,-0.8989127685918511
CCL4,-0.8849682479531654
RTL10,-0.31896157002633424
GGNBP1,-0.4304931396523299
GKN2,-0.11683662636231781
EPGN,-0.12564896754146834
ASIC5,-0.09303816094637984
L3MBTL2,-1.1205505903291706
KRT72,-1.3297642603407243
RBFOX3,0.06999956270683237
IPCEF1,-0.8458793838767888
ESPNL,-1.4748004473218874
NUDT8,-0.06328290114389136
THAP6,-0.174791447803462
RAB11FIP3,3.4360199733042225
AGAP7P,-0.1992287408711016
FCHSD1,-0.7344284777849021
PLEKHA3,-0.1296611987143966
CFAP47,-1.0708774671606192
SMCR8,3.64807702550518
TLNRD1,-0.2860371134840395
DDX11L8,0.6979009141616388
METRNL,-0.24947749651763915
LYNX1,-0.1485482086931561
CERCAM,0.27241701396556034
TEX101,-0.6161368376232543
MT1HL1,-0.38005712913480244
LARGE2,1.7308290142661045
PSCA,1.4020888346691869
LYPD2,-0.45059427399428287
KRT28,-1.026420812681612
KRT39,-1.1603505094087818
KRT71,-1.17305956342912
KRT73,-1.0204659569376386
KRT84,-1.2211837491510777
KRT26,-1.0148608172895146
KCNK13,-0.8472777242043702
KCNT2,-0.5773065449489806
SLCO3A1,-0.01870335033250369
SLC22A10,-0.36031508892269787
SLC22A25,-0.3864427708318992
SLCO1B3,0.007708863305070651
SLC16A14,-0.5355647111244458
LRRC26,-1.5104834626346386
VSTM2A,-0.5715017886181982
PQLC1,4.751980576757549
WASHC1,-1.0190360419852331
LOXL4,-0.7472755105433504
GPAT2,0.42433946429822406
AGPAT4,2.147523779761605
HAGHL,0.301393525046772
LRRC29,-0.2877829615927145
LRRC69,-0.7595971081207237
LRRC20,-0.293015480780103
LRRC30,-0.5434678357687195
HYAL4,-0.34755315807138365
A4GNT,1.3172746272179294
GALNT9,2.801318246030492
RBM14-RBM4,0.08211660014247968
DBNDD1,0.7705158497802158
ENTPD5,1.4702650537369046
SEMA6B,-0.21810009644549677
CRB3,0.23443212648702932
GIPC2,0.008778393577030719
GIPC3,-0.09184572244203879
PKHD1,-0.4603074169172828
ATAD3C,-0.060467575081232995
CERS1,0.4893138774392036
HHATL,0.46273098288625375
AHRR,-0.7903791499492032
ANKRD36BP1,-0.44970340926412544
BCL2L15,-0.03248766194320436
SLC2A7,0.008898183731362384
ALG1L,4.985080563260047
PIGY,1.4975942528462345
PIGX,1.5357222957190344
SLC36A4,0.6735468959433303
PCTP,-0.34360453827044524
TBC1D3,0.18829636652620052
DHRS7,0.4137087678180325
ENPP5,0.7126407009423104
ENPP3,0.11754656990561206
ELOVL4,0.7327772729361955
TXNRD2,2.4354244525561817
CLDN8,-0.7000432463398272
ARSD,0.34538190832399274
NIPAL2,-0.7843298944740534
VTCN1,-0.2938390940014055
PLEKHS1,4.654502141104841
CST1,-0.032679778918364336
CST4,0.283315229830197
PFKFB2,2.6724257642518605
DYRK3,-0.5445932433794793
ZNF18,-0.5368739753109704
GZF1,-0.805755517315972
SLC25A38,-0.24025221916932835
PHLPP2,-0.697914474269828
FAM43A,-0.6713562538937097
C9orf153,-1.858263659140001
TMEM254,0.06926511011918245
CCNQ,-0.4419332828849684
IGFN1,-0.6926947897526905
CELA2A,-0.5343236386688803
SERPINE3,0.35462405433944627
BORCS5,-0.5201858787586702
TMEM65,0.07560785348623526
BEND3,-0.6643037031351177
ZNF496,-0.2536246819615568
ARSH,1.2288334722009662
ZNF391,-1.3438086004987826
RSPO4,-0.43089076603415916
CATSPERZ,-3.1748055137909788
ZNF366,-0.6325850519561602
CES5A,-0.4624464317332639
GLIS1,-1.0834839818569912
PDILT,-0.33568226658659295
ZNF319,-0.952759666207272
CLEC2A,-0.8199651076910118
SLC37A3,-0.3567611622458623
WNT9A,-0.7424633066410459
SRRM4,-1.4125874416518351
DCAF12L1,-1.5411749316399332
PCDHB12,-0.3311284284519818
C2orf78,-1.667352641075522
POTEC,-1.041692760605405
KIFC2,-0.15346532732777818
USP42,-0.49810887298958817
CRIPAK,-0.720713328309915
ADA2,0.32459711989227535
KIAA1257,-2.0316842668017694
C12orf56,-2.0441765737718347
CCDC177,-1.1896100924237736
FUZ,-0.2558524767943981
NRBP2,-1.37888842382051
C8orf44-SGK3,-0.18199099320654752
NME2P1,0.09607162214892434
GOLGA7B,0.05970909589176622
TAPT1,0.6693557144832648
FOXRED2,0.32822839278376725
SLC25A25,0.14790858984512947
LVRN,-0.4415682628693846
ERAP2,0.48933609942125705
TRHDE,-0.19815040274928766
TEX261,1.9624138231498103
SLC52A1,-0.8600210553523112
RDH13,0.10279754234614927
MIEF2,0.778678171055487
PI16,-0.4141928836772087
MSH5-SAPCD1,-0.7217935263261748
GSTA5,-0.21317945804128915
NHLRC4,-0.9291191826926841
CMIP,-0.8745428191103988
SH3TC1,0.09075329827162697
C8orf76,0.6971916419495003
SPNS2,-0.2902212883250857
PROM2,0.3896960990350919
OR11G2,-1.7902262778559719
DCST1,-2.1097552306625307
FAR2,2.010656021655819
MANEAL,1.5175309100573258
ZDBF2,-0.5366561426326117
CCDC102A,-0.5510495225605242
FAM199X,-0.34250398957832906
SLC39A13,0.5521738750407504
AC006538.2,0.7022109205047827
GLIPR1L2,-0.9640334929798519
GLIPR1L1,-2.0102215512194346
PDZD8,0.3940852004370238
TNRC6C,-0.6380197619918038
TC2N,2.7284357121790053
TUBE1,-0.05356252787598642
RPP14,-0.1777970942304606
CSDC2,-0.6131401273034347
TMSB4Y,-0.8869147671934239
PHLDB1,-0.13734377335240547
RGS9BP,-1.2304468833282778
PCDHB3,-0.324484195106753
ACOT1,-0.0340243337819063
RNF214,0.4822826013191483
LCMT2,0.39593425885884764
GAREM2,2.8441662620782378
PRRT4,1.6820628283983798
RTL1,0.10779223869048037
LEKR1,1.0901745746676372
SOGA3,-0.4138238288403533
SCUBE2,-0.16385552188207297
FAM149A,-0.5174595553448695
CRLF1,-0.7160051923542836
LINGO4,-1.1564528748004557
TBC1D24,-0.17935000838945903
EMC3,3.3059853078797468
ZNF177,-1.4418750656279966
RTBDN,-0.4922676835434297
BPIFB2,0.5077594406517874
BPIFB4,-0.17437846826162592
IZUMO1R,-0.5312154375858152
C2CD2,1.2877891278179687
NYAP1,-1.2880898000968228
NYAP2,-0.6928967740325257
RCSD1,-0.8534174593021386
REP15,-0.9358659830604665
AC093525.2,-0.5596513767037901
TBC1D8,-0.6530701929084772
MTX3,0.12780589925091887
OR9Q2,-1.7902262778559737
RSPO2,-0.5945649423902147
RTL6,0.024016044227870133
CHAC1,0.29044982204188285
TEDC1,-0.3176093954757632
TNFSF12-TNFSF13,-0.6998016477889039
SEMA4B,-0.33638560426771186
SLCO4C1,-0.29892480575600844
AC011604.2,-0.7445591993492534
ELOVL7,2.2006171239470285
CERS4,1.165111246417747
CERS5,1.2092298417135625
CERS3,1.3158748879072286
SRD5A3,13.872167575399327
RIIAD1,-1.7007197421144655
PURB,-0.6493300506182751
CHIC1,-0.5136641293906533
LRRC61,-1.1428016897288327
PKHD1L1,-0.6780035063236595
SLC49A3,-0.12306175299599248
CHRDL2,-0.6415225967856328
PPP1R14C,-0.42973540194884385
NXPH4,-0.743652742633053
GSTCD,-0.6032973871114045
C12orf60,1.597073743874585
WFIKKN1,-0.31101679976410124
DACT2,-1.2108277108132968
RHBDL2,0.4079290560117057
CCBE1,0.3781841297205091
MMP23A,-0.6411599251954435
POGLUT3,6.898106425122487
POGLUT2,1.3529769810148773
DCAF4,-0.719307504814898
KAT14,-0.4907047866623786
OR5R1,-1.6034169265435592
RNF222,-0.8337466662543911
ZNF608,-0.5641824546990735
EEF1AKMT2,-0.3563625287970846
FAM133A,-0.6664594923886221
ANKLE1,-1.0116326779514615
NAIF1,-0.618364815745848
NEXMIF,-1.0941668889439973
SNX22,1.9463763011886561
NXNL1,0.5112778575117097
MYOM2,-0.5174681269787508
HSP90AB2P,-0.3903339408574676
SIRPD,-1.820314979235541
ANXA8L1,-0.7167664756795566
MMS22L,-0.7135488707000243
CDAN1,-0.8182803168321663
H2AFB2,-1.1098282072845078
C15orf41,-0.45597701455820533
C18orf54,-0.751097781823842
GOLGA8J,1.8352393919723975
NDUFAF6,-0.0240982346998152
MT-ND1,0.44007731336040457
GOLGA8G,-0.4659996102056343
CCDC58,-0.040094892698071004
DNAJC14,-0.23102974394618586
GOLGA8B,-0.4664087138682707
C8orf44,-1.0013962573067303
SPRR2E,-0.7757706508699618
MAB21L3,-0.13681698994629984
CT45A10,-0.3306530157222443
SLC24A4,-0.805191204883974
CCDC191,-2.17419840598663
PITPNC1,-0.57746499976635
RSPO3,-0.35230060443670264
RAPH1,-0.5401089496153756
DEDD2,-0.2864584108813281
TMEM176A,-0.38134143090161293
COQ10A,-0.1840863823907711
TERC,0.21839715816722044
BOLA2B,0.05294070046928113
TSPY3,-1.6284568108870199
HFM1,-1.0684261047544183
DCAF4L1,-1.8895477556278133
ESX1,-0.48424794399830196
DND1,-0.8443434370256829
KIAA1210,-1.8971130728828849
WFDC6,-1.561409617426766
AC012184.2,-0.33314545795979117
TMIGD3,-1.7408195674277904
TSGA13,-1.6827173308330128
SPATS2L,-0.1645497054617269
DHRS12,0.3584962287025711
NDUFAF8,0.2500290863119381
SPRYD4,-0.3886278562109016
SUGCT,-0.2947314497464498
HSFY1,-0.8134482511709088
MBD6,-0.6043106410271583
EPOP,0.019073658320659378
MBD3L2,-1.1411324503955707
ZRANB3,-0.7051940663795345
ALL1,-1.908800040014437
ZFR2,-1.1525785011214849
FAM135A,-0.13531654899733409
SNX29,-1.195261647583267
NUDT13,-0.04765310999528937
TBRG1,-0.6250578011135817
SYN2,-0.9238610155020107
ZBTB49,-0.7643044975113558
FIGN,-0.10030325082978311
NEURL4,-0.6146522360130295
NHSL2,-0.6692798341016382
RPP25,-0.2961183867318588
STX19,0.2991706645618575
NUDT19,-0.15350570919520262
RILPL2,-0.11334490658696751
STARD4,-0.04317011009146402
PHRF1,-0.4559823123260618
EPR1,0.31107915884596243
ZNF137P,0.056505610011605395
STPG2,-0.3953077565628069
OFCC1,-0.9597417441828269
ZFYVE19,-0.5802080408238687
TTC24,-0.40491610406169803
AL139300.1,0.5767519923101291
IL17F,-0.403317211245576
FAM118A,-0.2987242475386707
PWWP3A,0.12977151961341626
DEPDC4,-1.0857411308984741
SCIN,-0.24984818451570376
MAMDC2,-0.5092567341825843
FAM126A,0.7641803034710624
FAM216B,-0.3193242830127723
CES4A,-0.16682231985798535
DTHD1,-1.1642332802021653
FRMD4A,-0.5245456796343637
FAM221B,-1.3185092810427255
DOK7,-0.5295251496272547
CFAP161,-0.7210173063837393
KCTD4,-1.0641978504440512
RBIS,-0.4569844342447628
CD5L,-0.9577638032722051
LRAT,-0.4284190365136631
FAM83A,-0.28700766368941144
NXPE2,0.5048540969523357
SLC26A11,0.03289947439970885
KRTAP3-2,-0.9758935803357465
LCE1C,-0.6376639991617524
PRELID3A,0.3284810940743113
C22orf39,-0.39174440362961643
CLYBL,0.3109302031162103
CTBP1-DT,0.47770059727194897
NEU4,0.21958467626596653
C12orf49,1.7842732457868962
LINC00663,0.0993001546739898
LINC01547,-0.9304822001330937
DAND5,-1.0470157784812844
VIT,-0.11028833174146885
ERI2,-0.9232944268443614
EVC,-0.28800378818383005
MAGEA12,-0.8371226988442362
SLC16A6,-0.6975539700977975
EDDM3B,-0.9501381424547051
SLC7A6OS,-0.17594395807310068
SLC35B4,2.7392822537456762
SPATC1L,-0.834787028503686
PANX2,0.2331185124148471
G6PC2,3.3496677236027215
DZANK1,0.3928149194011515
ACP6,0.24476068850352659
ALKBH6,-0.12970986084526698
TIGD6,0.020710233410140843
TTC25,-0.3976452249225061
ELMOD3,-0.6814254148543967
EXO5,-0.09730236538530422
C11orf1,-0.9760761974587441
PEX26,0.6202707805193838
TMEM101,-0.30673674878821283
PLGLB1,0.5201915835101573
MRO,0.49505305187011056
SLC19A3,0.21083054582350214
PAQR5,0.3838926823833996
OSCAR,-0.9713227769964187
CHCHD5,-0.03236484769113289
SLC25A51,-0.47259165704554645
MEF2B,-0.7064698186079332
GPR160,4.145368218867269
IFI27L2,0.14458540805613376
CARD19,-0.2794550256268597
ZAN,0.2478934315059623
FAM107B,-0.06224858200672984
SMIM12,0.8865276775194378
KLRF1,-0.7249158483687533
PRELID2,0.17411084427079387
C19orf44,-0.845124100862364
HYAL3,-0.21934852763006096
GPR146,-0.7663729392737688
MTHFS,0.20606051318358137
DPH6,-0.3017581897294692
MON1B,0.4854088783276112
BCO2,-0.42499508177518003
TMEM245,1.0910168478140392
TMEM242,0.7783155507809784
CDKN2AIPNL,-0.44340859732589716
SH3BGRL2,5.18329252605115
PRR36,-1.203653415588161
SNX11,2.5021804804547876
TMTC4,0.9423162942459062
PART1,0.24789343150596221
TMEM187,0.45439452355023957
TCEAL3,-0.4789549009253537
DACH2,0.2425826020330634
TMCO6,4.545703399005327
CARMIL1,0.1386265691928774
CGAS,-0.2971832113831079
GPR108,3.0756073978692924
MPZL3,0.2108041935265374
OSBPL7,-0.5545839620458018
RUNDC1,-0.29516374879437357
DTX4,0.3310928426864488
TBC1D19,-0.21695155376742636
KRT222,-0.5108604753712014
TMEM266,1.26372671465909
C8orf48,0.1619963151709108
NBPF7,-0.5108604753712014
CCDC74A,-0.8938371249877413
METTL27,-1.1339068342701053
METTL21C,0.21611834770284738
NBPF15,-0.0130121140146331
SNX15,0.09098507289983465
CCDC74B,0.21190992491900287
NBPF1,0.5456970704015407
SERGEF,-0.3110960388623431
SLC2A13,-0.028046466761842494
MCCD1,-0.4382083319573007
SLC47A2,-0.0617591278076319
ANKRD36C,-0.7752863113415602
IPP,-0.6630990079817698
RABL2B,-0.42012678020334404
LRRC27,-1.733833345804334
GATC,-0.13478477640962885
LILRB5,-0.5175034035850236
CLEC4D,-0.7258915271609326
CLEC4C,-0.8336644955435969
FLVCR2,-0.27034551368022897
CLEC6A,-0.585589904965102
EFCAB5,-1.876709059175034
OR5V1,-2.0505681017910065
SPATA31D1,-0.7107765588200531
RIBC1,-1.0715491129590984
KIAA0040,-0.2405047733142963
IL20RA,-0.24250917227908847
SLC25A29,0.5455376437895202
HSD11B1L,0.5489454223507361
GPR19,-2.6494030402084623
FRMPD3,-0.391147453507185
FAM241A,-0.05000461375000045
C4orf33,-0.902040967928079
SRD5A2,2.7996061954266125
TRMT10B,-0.817587600637845
TMEM64,-0.08161010229232855
NKD2,-1.256600183787048
ANKRD36B,-0.7600958210800304
ASMT,-0.9560166605142163
ZNF438,-0.9873397688786264
LRRC63,-1.9169202171492972
LIX1L,0.5553023029469881
TBC1D3C,-0.24060556525860596
TAMM41,-0.40325151883798416
SPRED3,-0.21786896034874037
CRYBB2,-0.5713107545022027
STPG1,-1.4141158459319823
RSPH10B,-1.6180677450899783
SPATA6L,-1.655045452909451
ERICH2,-1.8866449225953315
VWA3B,-1.9559540685143275
PBOV1,-1.049525173653162
ACAP3,-0.059200825506630285
PTGR2,-0.2986362331287371
UGT2A1,1.1234881848715732
BCO1,-0.2897237862751177
APOC4,-0.45855058338437304
ADH1C,0.6525426220175417
RDH12,0.09221689460136424
MICU3,-0.7287460853419582
PKD1L1,-0.5564282411253694
KANSL1L,-0.5682089036921947
MCOLN2,-1.1322244854159824
KREMEN1,-0.8716510236593719
SORCS1,0.12400751234383041
SORCS2,0.3864282733982907
C19orf73,-0.6466013267514226
STMP1,-0.3009824381926339
ZNF746,-0.7329900248940682
OR52B2,-1.7304087266499968
OR52B6,-1.7902262778559817
OR9I1,-1.653986138776302
OR10T2,-1.5977791858643031
OR5D18,-1.7902262778559739
OR5D16,-1.7902262778559732
OR6P1,-1.7902262778559737
OR6B1,-1.8744323436636698
OR6B2,-1.7925738600773518
OR13F1,-1.7902262778559725
OR51Q1,-1.82315901021942
OR10K1,-1.7625290747747582
OR10G4,-1.8021477512409496
OR4C11,-1.4187294269601227
OR4C13,-1.7902262778559723
OR1Q1,-1.8446150459554906
OR1C1,-1.835027404949379
OR11H12,-1.884990735721358
OR8D4,-1.3940947175209673
OR2K2,-1.3432014057746071
OR5AN1,-1.6604816761202403
OR6S1,-1.7902262778559732
OR5D14,-1.7524895361366184
OR13A1,-1.7902262778559717
OR51B5,-1.7902262778559737
OR51B4,0.49715964249092254
OR51B6,-1.8889704154505538
OR1I1,-1.9302284638321496
OR10V1,-1.7902262778559737
OR4D10,-1.619400317098205
OR4D11,-1.7902262778559732
OR1L4,-1.7902262778559732
OR1L6,-1.7902262778559732
OR1L1,-1.7902262778559717
OR1L3,-1.859393677577057
OR2J3,-1.688241008836382
OR2AK2,-1.8317571499411414
OR2AE1,-1.685458412776159
OR9Q1,-1.7902262778559803
OR51A2,-1.6308849426817764
OR51A4,-1.473327316147753
OR4F6,-1.8070878137638218
OR4F5,-1.7664808551836058
OR6Y1,-1.8650452601817127
OR52A5,-1.5088672628018505
OR1S2,-1.5970252107666723
OR4F21,-1.671636849968569
OR10W1,-1.7902262778559732
OR1M1,-1.5619784526308926
OR8B2,-1.7221201907097072
OR8B3,-1.7902262778559739
OR8B4,-1.7902262778559723
OR8B8,-1.7995179807803485
OR52M1,-1.7902262778559712
OR6K2,-1.5606363788620687
OR2AT4,-1.4116120587182817
OR4F4,-1.7902262778559732
OR13C4,-1.7808810071328696
OR13C5,-1.7902262778559719
OR13C2,-1.7902262778559719
OR13C8,-1.784421272899414
OR5A2,-1.8267792932559248
OR5A1,-1.8089011827474244
OR4E2,-1.8261797879686743
OR4K5,-1.528066987342621
OR4K1,-1.7902262778559723
OR4K2,-1.7669042965274966
OR51V1,-1.827616598067263
OR4F15,-1.7902262778559737
OR4F17,-1.7902262778559739
OR4C46,-1.790226277855973
OR8S1,-1.89478236627541
OR10P1,-1.6991190181368372
OR1N2,-1.7902262778559737
OR1N1,-1.7902262778559737
OR8A1,-1.7902262778559737
OR52L1,-1.7580219633377165
OR2Z1,-1.7902262778559737
OR2D2,-1.8783072340525733
OR2D3,-1.7902262778559723
OR5B21,-1.7902262778559719
OR5AC2,-1.7659801746819497
OR5B3,-1.7097371232457492
OR5B2,-1.7973219351922212
OR2AG2,-1.7902262778559737
OR2AG1,-1.8681303504406184
OR51G2,-1.498417656979685
OR5T1,-1.6668688839722825
OR5T2,-1.8019819918355768
OR2A12,-1.7902262778559737
OR2A14,-1.7902262778559737
OR10G7,-1.5953985538579583
OR10G3,-1.6493255442564003
OR10G9,-1.8501661548935517
OR10G8,-1.5629756448468524
OR4D9,-1.6645561200277534
OR4D5,-1.7902262778559737
OR14I1,-1.6073425539951964
OR10Q1,-1.7902262778559732
OR10AG1,-1.3365152366367505
OR2G3,-1.7902262778559719
OR2G2,-1.7497454688327945
OR2G6,-1.8012098429930903
OR2A25,-1.676442807726255
OR5C1,-1.7902262778559737
OR9G4,-1.6887864829241372
OR9G1,-1.597788718799586
OR5H15,-1.784870564894002
OR5H14,-1.7902262778559737
OR51T1,-1.5878872295133886
OR5B12,-1.7902262778559732
OR10R2,-1.7902262778559719
OR51F2,-1.5808068934295114
OR52J3,-1.4703632170152365
OR8B12,-1.790226277855973
OR2T8,-1.6564709238658502
OR2T4,-1.7902262778559719
OR2T5,-1.7902262778559732
OR2T2,-1.7902262778559825
OR2T3,-1.7587761649358042
OR2T1,-1.7834681980016083
OR11L1,-1.7902262778559732
OR5AS1,-1.7902262778559737
OR6V1,-1.7902262778559732
OR1J4,-1.8649495031813055
OR51E1,-1.5305094730721707
OR52H1,-1.7862772228292239
OR10A3,-1.856094672385912
OR10A2,-1.7902262778559732
OR10A5,-1.6260435526186672
OR10A4,-1.8495128802408394
OR10A7,-1.7902262778559732
OR51M1,-1.7902262778559732
OR10S1,-1.7902262778559732
OR52K1,-1.5647990473542066
OR52K2,-1.7797533320695873
OR2V1,-1.7902262778559732
OR7A10,-1.9436050024706428
OR2AP1,-1.6978360397572263
OR2A1,-1.6229184778383903
OR2A2,-1.820069910467235
OR2A5,-1.7902262778559732
OR2A4,-1.6809879586551748
OR2A7,-1.826345580521967
OR2T34,-1.652356654221993
OR2T33,-1.7902262778559719
OR6K3,-1.7682118416406951
OR6K6,-1.7902262778559717
OR7D2,-1.6049894091492147
OR51D1,-1.7902262778559717
OR5W2,-1.5377809619079423
OR6C65,-1.4532806070002195
OR6C68,-1.6978360397572247
OR9A2,-1.7902262778559732
OR9A4,-1.7902262778559732
OR4A47,-1.761750649614679
OR13C3,-1.6342256986604724
OR13C9,-1.6976873324950672
OR10AD1,-1.7013357806309783
OR2V2,-1.884896518985701
OR52E8,-1.7392278877724896
OR2Y1,-1.7728835144719244
OR1J2,-1.8987784057421384
OR1J1,-1.837754037453472
OR1D5,-1.4655675284661822
OR8K5,-1.4603912657439142
OR6X1,-1.5619784526308895
OR2T29,-1.7902262778559732
OR5H1,-1.546650114276051
OR5H2,-1.8031783143000057
OR6C75,-1.6910850276020906
OR6C74,-1.539784695749208
OR6C76,-1.7320596626589513
OR6C70,-1.7742258088979832
OR4N2,-1.85476504956183
OR51I1,-1.7902262778559732
OR51I2,-1.7902262778559732
OR52I2,-1.7902262778559732
OR2T27,-1.7902262778559732
OR52W1,-1.6883607776923513
OR5AP2,-1.7902262778559732
OR1K1,-1.7669042965274955
OR2T10,-1.6410246773202994
OR2T12,-1.7704761936961813
OR2M5,-1.7902262778559732
OR2M4,-1.855852216225648
OR2M7,-1.520338554667769
OR2M3,-1.7902262778559732
OR2M2,-1.7902262778559737
OR7G2,-1.8418138811068345
OR7G3,-1.4766084471379475
OR7G1,-1.5377010697122677
OR6M1,-1.6399469459398799
OR51A7,-1.7902262778559732
OR4M1,-1.7902262778559737
OR4S1,-1.7036393908403318
OR4S2,-1.3694553730608396
OR11H1,-1.7834681980016083
OR11H6,-1.7590463434318349
OR11H4,-1.79545026802685
OR56A3,-1.913613159878105
OR8I2,-1.7050092184430565
OR56B4,-1.7902262778559737
OR56B1,-1.7902262778559732
OR2B3,-1.6594435245738517
OR2B6,-1.805619155375865
OR13H1,-1.7902262778559732
OR2L5,-1.7902262778559728
OR2L2,-1.844615045955491
OR2L3,-1.7902262778559732
OR5AK2,-1.7902262778559732
OR7D4,-1.6908058487366784
OR5J2,-1.628325871872356
OR14C36,-1.7902262778559732
FAM186A,-2.1450374378994512
OR4L1,-1.7902262778559732
OR14A16,-1.5860841265418195
OR2S2,-1.1519942791330886
OR4N4,-1.6334245996182777
OR4N5,-1.6963512675777825
OR8H1,-1.7902262778559732
OR8H3,-1.4389775802744682
OR5K4,-1.6645561200277539
OR5K1,-1.7902262778559737
OR5K2,-1.7902262778559732
OR8H2,-1.628241764471885
OR10H4,-1.5458755657956507
OR10H5,-1.7736106551233386
OR4C6,-1.6252910652738002
OR4C3,-1.7902262778559732
OR10Z1,-1.907867667356695
OR52D1,-1.8373483995164652
OR4Q3,-1.78941869854961
OR9K2,-1.8257729133148897
OR5AU1,-1.8257729133148897
OR13J1,-1.7902262778559737
OR5M10,-1.7902262778559732
OR5M11,-1.7902262778559732
OR5L2,-1.7902262778559732
OR6N1,-1.823976125248914
OR6N2,-1.7902262778559732
OR13D1,-1.7902262778559737
OR4K15,-1.5322640074407554
OR4K14,-1.7902262778559732
OR4K17,-1.8305989583053817
OR4K13,-1.7902262778559732
OR4A16,-1.7989002073415672
OR4A15,-1.596558395969409
OR51S1,-1.7902262778559728
OR4B1,-1.7902262778559732
OR52E6,-1.7902262778559732
OR52E4,-1.7854076178566085
OR52E2,-1.6665129259840605
OR4P4,-1.6210043773365241
OR6T1,-1.4830645699505378
OR56A4,-1.6009387348635207
OR56A1,-1.3978238918804269
OR2B11,-1.9084800298647617
OR5M8,-1.5144719466072356
OR5M9,-1.7902262778559732
OR6F1,-1.7923858757729159
OR5M3,-1.62701029769883
OR5M1,-1.5644242624647016
OR6Q1,-1.7902262778559737
OR6C2,-1.666539086932687
OR6C6,-1.8418439593065896
OR6C4,-1.714154905149758
OR5K3,-1.8379458335837235
OR13G1,-1.7902262778559732
OR51L1,-1.7902262778559812
OR10J5,0.19141958642464652
OR10J3,-1.888790168328025
OR4A5,-1.644605552642472
USP49,-0.5331582657080836
ZNF561,-1.1129451409107756
NEK5,-1.2478304620451461
ASCL4,-1.8231419007543177
ZKSCAN2,-0.9455395044224547
TMCO4,0.12338887319737145
AC040162.1,0.008115350493422298
SAMD13,-1.3859209573251297
MAGEA3,-0.46699894815204374
TMEM161B,6.2563871330534635
JAKMIP1,-0.5177096876231195
TRIM51,-0.6438934618431827
AC023055.1,-0.3111270676312909
CPA5,0.8029719012103634
DNAH6,-0.8960489034083774
HSPB9,-1.2383687305008584
C16orf74,2.7117692347898608
LINC00482,-1.2355280444989392
DIPK1B,0.4882298955205623
TMEM250,0.2960395271885867
DIPK1C,-0.5282532973618512
KLHL30,-0.8558931528015279
SMIM8,-0.3055585833813558
CLEC12B,-0.371043546153574
CLEC9A,-0.6599065369962717
KCNT1,-0.7397045842619387
PRR5L,-0.3940406391580861
TMEM178B,-0.7037552103872591
LEXM,-0.6207681270068609
YJEFN3,0.04097457947218595
PMS2P1,-0.3469602337670323
FCGBP,-0.12872384349546862
HES4,-0.6938910887216845
DHRS4L2,0.39489964838303465
RNF135,-0.34378749260291736
SDR16C5,0.21173529378282777
SLC45A3,0.13397185841909573
PRSS46P,-0.8861664512375584
STEAP2,-0.02158090641719433
DNASE2B,0.03327350986147394
TRB,-0.007199324662908952
THEM5,-1.2954893538378809
ACOT6,-0.029565322706463632
XKRX,-0.5164653382520527
RTKN2,-0.597871064060077
USP27X,-0.5828650522247699
HMGCLL1,-0.0997363939549537
FAM78B,-0.67277136826938
IER3IP1,0.6544129687157052
BEX5,-1.2264336897222305
PACRGL,-0.8224989816489404
TCEAL5,-0.7091795462967714
TSPYL5,-0.7079479778245794
TCEAL7,-1.2845249662030969
ARMCX2,-0.6743054703542861
AC005520.1,-0.202978392696261
TMEM163,-0.9618122797443279
PXT1,-0.9661574301417294
MCTP1,0.8672944820095663
TP53AIP1,-1.1184648270884896
CD207,-0.34592253813600016
PRSS16,-0.13662509218269467
NICN1,-0.24792610443509996
VWA2,-0.579983954594628
DEFB121,1.412338987899207
ISM2,0.1443976233915149
RNASE13,0.6839233102862606
ANKH,0.4314944050730365
CPXM1,-0.6272961161693136
PLBD2,1.2321106993903017
RGS21,-2.0109925298056646
GNRHR2,-2.3800276792777866
AC073610.2,-0.5726243710538492
ARL9,-0.7650440835694459
OTUD7A,-0.682016532842683
PLCL2,-0.316688145947846
BMERB1,-0.6421587476586598
RIC8B,-0.5314779980604617
D2HGDH,-0.06853379454698277
C21orf58,-0.36021420184040115
PHOSPHO1,0.44473205742444566
CHTF8,0.8425705198795213
RTEL1-TNFRSF6B,-0.6134902840895802
EYS,-0.3006857078371621
HAPLN3,1.17870733658306
SMIM10,1.8352393919723977
GRAMD2A,-0.07203866209246361
OR51H1,-1.0601607677316764
OR4F3,-1.5999518992041624
LHFPL3,-0.49195307380060843
CLIP2,-0.3430496416720329
PRR7,0.06496327507147046
CA13,-0.14284757411315352
AFG1L,-0.31566182969990914
NOL4L,-1.051953450508618
PITHD1,-0.5584814134482988
MAP3K7CL,-0.508601570565175
AC100868.1,0.05036631876631101
EPPIN-WFDC6,-1.118015798425171
BSPRY,3.3958410939432118
C9orf139,-1.5882832636290383
WFDC13,-1.7019218054013958
ZDHHC2,-0.06872604637112903
HSH2D,-0.6399899782929005
BHLHE22,-0.830520538441961
SHD,-0.08069748799048417
SFXN5,0.3000511318468781
SLC22A24,1.6874800043282192
TIGD2,0.2081691823297562
PRXL2C,0.028125269460475506
CPNE8,0.2573921519753269
TMEM18,-0.1381301455171967
ZNF280B,-2.032571285797683
FSIP2,-0.15496584940614117
SPANXA1,-1.4427702548748922
PGA5,0.15285347107355804
AMY1A,1.8716265382347042
AMY2A,0.0431208269542694
LOC284412,-1.152558072916423
MESP2,0.1793502224902667
PSTK,-0.14261009009403605
PPDPFL,-1.2252320484867287
PRXL2B,0.11113790903544724
TSPY8,1.8352393919723977
IAH1,0.19503813737929468
TMEM170B,-1.4692395518109853
IGKV2-40,-0.42054753637712855
TRPC4,-0.8239654669711094
FAM219A,-0.19039338343890028
DNAH10,-0.95024821108952
ARL8A,0.09056922567797628
YIPF7,0.05802865591163337
NKAIN1,0.36952505110537975
SYCE2,-1.454654172012567
TMEM132E,-0.10811018076551329
RBFA,-0.2403483011540996
TMEM132B,-0.7931506908658648
SNX24,-0.4927762513539187
KLHDC8B,-0.6063175968700186
KLHDC7B,-0.4289163296787648
KLHDC7A,-0.6215737564193206
KBTBD12,-0.8135038411045168
DCAF12L2,-0.5477243662078775
SDHAF4,-0.14657109967471957
FKBP7,-0.3078517313006681
FBXO16,-1.2756312445078184
SPRYD3,0.31378737251609423
SLITRK2,0.6387115246324617
HIST1H4G,-0.6948684341369381
H2AFB1,-1.1323163998105727
H2BFM,-1.267303567424134
TNFRSF18,-1.3032097835110572
CCL24,-0.4797208679759103
FBN3,-0.4892800460676869
WFDC12,-1.16608460635925
KBTBD11,-0.5522523505900734
LYPD6B,-0.6378399442410396
PALD1,0.7913819161795379
SLC5A11,0.6326657413957748
SLC52A3,-0.6255943327362686
AC010542.3,-0.3302856679942933
AKR7L,-1.1108519750702814
ZNF618,-0.05516451978255637
POTEB,-0.6977179207632929
PERM1,1.148155404801211
XIRP1,-0.7593033526416473
TP53I13,-0.2433654547748457
BLOC1S3,0.03216167463755281
MIOX,0.009417170320060031
TSNARE1,0.6959142322533468
TMCC3,5.338007679937799
STX16-NPEPL1,1.0269632140442417
NDNF,-0.4736859617633204
SLC10A4,10.006437159257052
MFSD9,-0.024305093964551747
SLC46A2,-0.5155059242832807
SLC18B1,0.1200095497179727
SFT2D3,1.112872279141066
LEMD1,-2.18574191972961
SLC45A4,-0.2311887903389621
GSG1L,-0.6151888364399116
C12orf66,-0.0006200142194176083
LINC00598,0.35514104575380256
IDO2,-0.6452638731065469
ANKMY1,-1.0970197686390564
ARL15,-0.08231384147760196
C16orf54,-0.36657880742460275
AC005324.3,-1.0625310565504626
TRIM64B,-1.2611067715175117
GAS8-AS1,-1.145222176884567
TRBV2,-0.8258624850281483
PCDHB10,-0.3072507779412263
PKD1L2,-1.4429240972812014
F8A3,-1.0965353979420522
C10orf90,-0.33418123921024534
ST8SIA1,1.2820711117837054
RBMY1B,-1.3828571972106904
HELT,-1.2306688363490117
TCF24,-0.9626189167707332
TCF23,-1.7121182708948999
ASCL5,-0.7328672800956838
PTF1A,-0.3952515116959227
MMAA,0.2514461136280837
ACOXL,-0.23693752902028864
TTC39C,0.7510610087757734
PABPC4L,-0.45552707916200946
RNF152,-0.08147153141241018
AC037459.1,0.8494004844332983
AL365205.1,0.19816409415508096
RNF157,-0.6414533916456148
ATOH8,-1.0237559423399616
TMEM145,-0.3740630186641644
PRRG1,0.3188866346739664
KDF1,0.6051728730847052
CMTM1,-1.2980215761097276
MIGA1,0.07204643265792943
CIPC,0.33223865157741794
ZNF320,-0.7350256838620794
SPACA6,-1.1640442813155796
WNK4,-0.3871615714744547
ICA1L,0.6728606032832316
MS4A14,-1.4717212626858323
CCDC103,-0.9554649023448446
DPY19L2,-0.624831133746584
TSPY10,-0.9899768537551312
ANP32D,-0.811762967244815
ZNF385D,-0.9971216545911421
CD160,-1.179193399786154
MARCH8,-0.5631984588715835
RUFY4,-0.742302291372438
OR1F2P,-1.1768194741301763
SLC37A2,-0.6179914947722498
SLC16A9,-0.326251866930786
NKAIN4,-0.07819826245240569
BRINP3,-0.3905389065874912
WDR31,-0.8282910997059114
MEIG1,-0.16736293057408086
MFSD2A,0.6373279677078623
SLC6A18,-1.2876071872331976
MARC1,2.1742740931347693
MAP1LC3B2,0.8505589864443435
C2CD2L,-0.10439534107186127
PCNX3,-0.11582555057626231
GPR157,-0.4483459003372265
HSFY2,-1.4709890136849038
SH3TC2,-1.5306830046895288
SSX4B,-0.46268983000527447
SYCE1L,-1.5558940988114696
NIPSNAP3B,-1.3351671229554727
NUDT16,0.22958867840457903
ILDR1,-0.4390035220630725
ZDHHC20,0.33339916182072854
LDLRAD3,0.7799651686561829
TCERG1L,-0.6309387840024183
MINDY1,-0.14953211891632767
LRRN4CL,-0.3229376280870146
RSPO1,-0.6629294286080689
UGT3A1,0.32207589459114083
CMBL,-0.06302014554476527
IGSF9,0.4314182677195779
MYBPHL,-0.424761495300963
FRMD4B,-0.8918610927304411
SLC5A3,-0.21780032750769754
LMTK3,-0.6477413164902502
HES3,-1.336224343108206
WT1-AS,-0.4359991376780948
GSTT4,-1.8108091601479743
MT1A,-0.12194286281502309
ATXN7L2,-0.5181641825825375
KNCN,-0.9475752112076279
TAL2,-1.2391970212317662
METTL7B,0.3173829447106999
FSCN2,-1.2278698230309308
IGF2-AS,-1.7326864621966878
FIGLA,-1.9795783100737219
PAIP2B,-1.0707242316921748
TRIM7,-0.417647696560468
TMEM99,-1.1474255179075459
ARSI,0.904006646550878
TREX2,-0.8323282111355194
ZNF185,-1.267833738003595
NCCRP1,-0.6870738105957245
PLEKHH2,-0.5692352573479741
SEMA3E,-0.5130161187943524
PIH1D3,-1.6390096375997187
NCOA7,-0.009461372008133918
TLDC2,-0.24072334502054835
CT45A6,-0.08045497365718793
CT45A5,-0.08045497365718793
ADGRG7,-0.8774496736203939
GTF2H2C_2,-0.17420526191868213
CSMD2,-0.12087943911063392
KCNA6,4.253324747674306
LGI4,-1.264597785253003
AC026786.1,-1.0315734582933054
C17orf77,-1.865322527875531
RNASE10,-0.37093179554444555
BFSP1,-1.2239264639386918
ELMOD2,-0.35972415866213303
AC012309.1,-1.398645837103151
SCGB3A1,-0.2983449842402798
CCDC17,-0.3995397453123243
C22orf15,-1.1505567732989308
SNTN,-0.3157245271142912
GPR85,-1.067005346539305
RFESD,-0.1567080298312672
KCNRG,-0.5043076117332647
INSC,-0.7581977421652364
MMP23B,-0.38411383538058724
ASTL,-0.46309556190211165
UCMA,-1.0709093903726536
OST4,4.281917528921004
KRTAP1-3,-1.4161966440689773
PRDM11,-1.08441926338407
CDH26,-0.9978615153304606
PRAC1,-1.0405678011806505
RPS10P5,-0.10727718121574834
RPL17-C18orf32,-0.05402448266732107
RPLP0P6,-0.19728257948664085
UMAD1,1.1289561583167111
CATSPER2,-1.0758695991020713
SEMA3D,-0.3247957138168123
FAM163A,-1.5352748366943527
ZBED2,0.06837675148824549
PPP4R4,-0.34839199710850555
SETSIP,-0.02583868774342924
EBF3,0.03872385613716484
IL22RA2,-1.1824395833808399
EPB41L4A-AS1,-0.23453996735202062
LRRC37A3,-0.7929198418710272
LRRC37A,-1.3563228517899384
AMTN,0.31664317959059585
DOP1B,0.19278822882274776
MAP7D2,-0.6519563590950759
ZNF385C,-1.367889734352835
FCRL4,0.17265564423451127
BLID,-0.6959312524702271
B4GALNT3,1.9889570547195423
FNDC9,-0.9961215162100469
MTRNR2L1,0.31408934801530064
SPTY2D1,-0.01727009826226695
ZNF626,-0.5632592132902593
FAM83F,1.2597426808620673
SLC9B2,0.06068461780504821
ARMH4,-0.2752085476054753
TEX28,0.6653345855054866
UPK3BL1,-0.28153766125000956
KRTAP13-1,-1.0842162731119287
LHFPL1,-0.2030386371982421
CCDC157,-1.8251372788958373
NPIPB5,-1.0452406979419482
SLC35G3,0.17900147559163587
LHFPL5,-0.47679560996518267
TMEM86A,0.6225982009194839
C14orf180,-0.8246267143291324
SERP2,-0.039080395898138574
CCDC159,-0.716868726052119
RD3L,-0.7524721591605837
TSPAN18,-0.02225107644771604
SPACA5,-1.5530999289089111
SYT15,-0.9231642766777646
ZNF705G,-1.6781523743923512
KIF6,0.3670711789365465
KIF12,0.4545513494041546
CLVS2,-0.3933019958560694
FAM219B,-0.07309526620766357
LY6G5B,0.16520071943228207
KIAA0754,-0.5706410907193636
LOC102724334,-0.05956571519697048
OR5H6,-1.1400300066895372
BSPH1,-0.4352883522030993
WNK2,-0.2134274567866472
C2CD4C,-0.7691323804253812
IGLON5,-1.3885791509780365
PRRT1,0.35017701279652547
PRRG4,0.37304618066895273
STEAP1B,-0.5746953890559023
KCNJ13,1.496565945736319
SHE,3.2212774349816575
RFLNB,-1.4021353158233627
CCSAP,-1.062496107804214
ZBED6CL,-0.9985258155734812
ITPRIPL1,-0.8974621956348096
C14orf177,-1.3441519470574625
UPK3BL2,-0.23882340256344126
TMEM178A,0.9123661562605296
RGS7BP,-1.5195590402557693
OTOL1,-0.8889748053946632
C1QTNF9B,-0.7116290789760505
TIMD4,-1.0956721960593405
SCGB3A2,-0.6108264029675766
BAHCC1,0.4245378869845076
CDR1,-1.458763088150722
ANGPTL6,-0.5271995881802813
PRSS36,1.6544369291963152
SMIM5,1.0368663941358536
ZAR1,-1.1895979590074057
C1orf53,0.0970010145929233
ISM1,1.1895483272525171
C1orf54,-0.766233737926245
KRT8P12,-0.4661966160097413
MAGED4,-0.3262864429590823
CEP295NL,0.07824749971547618
GPR149,-1.4225041231516051
ARFGEF3,-0.17525400379498846
GPR148,-1.2019984798561123
AL662899.3,0.16520071943232245
NBPF22P,0.3063514637353425
ACP4,-0.2062395032931749
ADGRD1,-0.988842059629883
SPDYE1,-2.128170650830032
M1AP,-2.1870661701900187
AC005670.2,0.6589509215081152
CDIP1,-0.19755461775074723
GPR180,4.316079016708134
C2orf76,-0.037368042477545084
SVOPL,-0.21946585843555697
DCST2,-1.640455522106414
IL1F10,-0.9976851879112111
PSAPL1,-0.43533255459087283
IQSEC3,-1.7364226597754855
CD99L2,-0.34224088886084947
NAIP,-1.4753340887333155
MROH9,-0.962712394381224
STON1-GTF2A1L,1.047609083357873
CHURC1-FNTB,-0.05063920741461805
RPL36A-HNRNPH2,1.8352393919723977
ACTL9,2.466445386154456
AC012254.2,2.0828317189000263
DHRS11,1.2334536817025976
ARMH3,1.4723358843429344
POLR2J3,-0.5632576582576815
SPEF2,-0.9138255007783888
COTL1P1,-1.1981226605374253
AC004754.1,0.4487474816940557
ENO4,6.203906522082319
CRAMP1,-0.4911653471921078
SH2D3A,0.24222851832661618
CTAGE9,-1.3969298920010955
AMN1,-1.3636188448501718
ENHO,0.5604035407041665
C9orf66,0.39652878268632885
TMEM181,3.04870185914521
NIPAL1,-0.4747009894040277
NSMCE3,-0.7415508508065795
AC020909.1,-0.7487846171195938
TMEM218,-0.6794189777082751
CSNK1G2-AS1,-1.9218866777357666
C2orf81,-0.6709846699849101
FAM43B,-0.26159940038262225
CTAG2,-0.8386112961562733
C19orf47,-0.1865951231084551
USH1G,-0.7418116222830702
ATP5MF-PTCD1,0.6092115733060557
CCDC198,-0.8140134377560811
SOCS4,-0.9452817290494103
ST6GAL2,1.8686889492832826
TMED7-TICAM2,0.5284269462963448
CARD16,-0.658765564971473
SLFN13,-1.2150038624340678
C11orf21,-1.3356900657487112
KY,-0.6011818120186145
RENBP,5.228954142171163
POTEG,-0.7622688568225372
MFRP,-0.5432248929175383
AC020915.1,-0.7273194792980264
SH2D4B,-1.4095215980413294
AL049634.2,-1.041142584219969
MLIP,-1.64316782963187
MTERF2,-0.5415294903277371
MEGF11,-0.9216856978502299
FGD5,-0.7535772086106954
BORCS8,0.07120433896277577
ZNF90,1.8352393919723977
PI4KAP1,-0.6012863900378652
CACHD1,0.12547893511859712
TMEM189,1.9528673652678117
MFSD3,0.5181928749797385
SLC26A5,-0.38800155802707403
FAM124A,-0.9822911530139952
IL18BP,-1.0459466668004231
PHF13,-0.6385899934286196
ODAPH,0.10858256727436068
FOXD4L6,-0.6474397999254891
SFTA2,-0.5978155639220255
CBWD2,-0.13449402427130963
GAGE12B,-0.2135493806535188
GMCL2,-0.7537446984541604
PROX2,-0.5779931782742427
BTNL9,-0.2581451122108533
FAM153CP,-1.2328783597687896
LOC100288778,-1.2328783597687945
CAPN10,-0.8572096571434249
AC138696.1,-1.339939381108625
ITPRID1,-0.670835488938914
GAGE12G,0.21565039810633033
LKAAEAR1,-1.3112363011611885
HSP90B3P,-1.6477532215953403
TNFRSF6B,-0.16429476953389271
DTWD2,-0.2577405681760784
TUBA4B,-0.016839926578309267
CCL3L1,-0.9025198801616703
GPR155,-0.9818237285538085
CCDC78,-0.5792047342603731
RPP38-DT,0.8676766517670017
RHBDD2,4.007152434889719
CST5,0.24759779684342803
C12orf73,0.5136536992298621
TMSB4XP1,-0.9050859543274717
FKBP1C,2.2514672064359793
SSX4,-0.08791489611048246
EGFL8,0.8126174082222056
SMIM4,0.4540532170916228
CENPC,1.0406517225309175
AQP11,-0.6397896338335609
NKAIN3,0.4610560870092856
AL691442.1,-0.8736796232749122
PRTG,-0.24359556118615763
CORO7-PAM16,-0.06069164597754628
ENAM,0.339115926415647
TBX15,-0.5629478655574092
BPY2C,-0.6353791143210935
LOC727751,-0.3700943681891291
INSM2,-0.7848630145858384
TMEM200B,-0.5047144191894996
SH3BP5L,0.032407989989396466
CROCCP2,-0.9006549488161484
OR14K1,-1.6185318161329776
OR2L8,-1.6034169265435594
OR52B4,-1.5216156312047093
OR1B1,-1.6034169265435594
OR5D13,-1.6034169265435592
OR2W5,-1.6034169265435594
OR5AR1,-1.6093892990803274
OR4E1,-1.6034169265435592
OR4K3,-1.6034169265435594
OR2I1P,-1.6034169265435592
OR2T35,-1.30354646641956
OR4C45,-1.6034169265435594
AC135068.1,-1.5212540968383845
OR14A2,-1.621922133193024
OR51J1,-1.6034169265435592
OR4A4P,-1.6034169265435592
OR4C16,-1.6034169265435594
OR8G2P,-1.6034169265435594
OR1F12,-1.6034169265435594
OR51G1,-1.6034169265435592
OR4C5,-1.5278613274193213
OR10G6,-1.6034169265435592
OR10G2,-1.609389299080329
OR8K3,-1.6093892990803291
OR2AJ1,-1.6034169265435594
OR4Q2,-1.6034169265435594
OR11H2,-1.6034169265435594
OR6J1,-1.6034169265435594
OR4X2,-1.609389299080328
OR3A4P,-1.6034169265435594
OR51B2,-1.7886774888711408
OR8G5,-1.6034169265435594
OR8G1,-1.6034169265435594
OR52R1,-1.6034169265435594
OR10D3,-1.7766110078159487
OR5L1,-1.6034169265435594
OR8U9,-1.4813532811114722
OR8U8,-1.6034169265435592
OR51F1,-1.6034169265435592
OR2J1,-1.520127419687053
OR2T11,-1.6034169265435594
OR52E5,-1.6034169265435594
LOC107987545,-1.6786589504576395
OR2T7,-1.6034169265435594
OR56A5,-1.6034169265435594
OR4M2,-1.6034169265435594
OR4F29,-1.6034169265435594
OR1S1,-1.6034169265435594
OR10X1,-1.4813532811114718
OR11H7,-1.6034169265435594
OR10A6,-1.6034169265435594
OR4A8,-1.6034169265435594
AP5S1,0.13902052907989784
C2orf72,-0.5826737100433739
RPL21P97,2.2442943513568183
UBTD2,-0.05395815662323574
ST20,-0.2940616713286388
DAPL1,-0.07813761569304362
DACT3,-0.9856655727876186
FAM74A4,-0.8192552947582608
FBXO48,-1.0795539984072458
SDR42E1,1.2515232803011895
KIR3DS1,-0.9409384798097559
SPRR2G,-0.8374101905017394
IL36B,-0.9441907501655288
LYPD5,-0.11552132759405634
ADGRF3,-1.189204675313154
CRB2,0.5383193527727796
GLYATL2,-0.22440647118752516
GLYATL3,1.4726506205399856
KRTAP6-1,-0.9013087971080851
RNF187,0.5946970114175919
ZNF727,1.835239391972398
PRR12,-0.27392242707801245
SELENOV,0.14926981174036816
ZNF488,-0.17403859431985483
NTN5,0.4650429591745426
CCDC71L,0.051930568769386225
SLC43A2,-0.09488478967985606
PINLYP,-0.3399871826947846
ASPDH,0.3573358122982861
SLITRK6,-0.9681202592489152
LRRC75A,-0.7207069127601045
ELFN1,-0.1860612678631855
LRRC37A2,-1.196942606184436
LRRN4,-1.5657828371994573
UBALD2,-0.988572032974289
TREML4,-0.5063216761859433
SIGLEC15,-1.062288786824354
LINC00305,-1.456534497255253
PXMP4,0.11969829355295625
C8orf37,-0.26031309083566223
SPDYE3,-1.621325211757007
ST8SIA6,1.7625251785083729
ZNF729,-2.013069982659513
ANKRD53,-0.728899530975241
SNHG29,-0.7701488685070479
TFAP2E,-0.3286449485131401
CITED4,-0.36175942160929153
VSIG10,-0.41894861462623934
APOL4,-1.0723645837830615
LINC01600,-0.7636133656689783
USP26,-0.8004863490638835
PRR9,-1.160052009177535
ZNF728,0.4985023809845757
SLC44A3,1.591755005785969
TMEM198,0.8604112154160432
ACTR3C,-0.7155693183760573
MIDN,-0.4686235349583953
WFDC9,-1.3616238243831924
PABPC1L2A,-0.4507912470976293
LY6K,0.020587797386946705
TXLNGY,-1.13059562715771
SNAI3,-1.3789291391844318
FRA10F,-1.2734120810396745
FABP9,-0.6863951351857493
SLC25A27,-0.15571119720623805
COX19,-0.3207662629327646
GASK1A,-0.26751237476841117
TBC1D3G,-0.36392363602219
OTUD1,-0.5636881596219268
DMRTC2,-0.6388023131452157
TTC7B,0.04092148009929277
OTOG,0.26297961508769935
GCNT7,2.6197791122047756
PCDHGA4,-0.9217241543737615
GRAMD1B,-0.23778670682381778
PAGE3,-1.7683829671369964
XAGE1B,-1.1137719265450787
PAGE2B,-1.5481005234512772
GAGE5,-0.5754381372077375
TANGO6,-1.2607475893337547
GAGE6,-0.30426406941265166
MICALCL,0.10787424260034176
SFMBT2,0.6116320318247919
SAMD10,-0.8816420312118273
SAMD5,-0.79067142454677
BORCS8-MEF2B,-0.4885783927900728
BRICD5,0.4543196891448984
CLHC1,0.1826715108598674
CAPN13,-0.2973423421811125
GRXCR1,-0.46701141829480747
C5orf63,-0.17423998301638038
TRP-AGG2-6,0.0664429719505627
MORF4,-1.1612812359671305
C5orf64,1.488206383216623
ANXA2P2,-0.04529635225301732
AL121594.3,0.47728329921967366
RNF215,-0.13175791920249455
CCDC9B,-0.674230772240366
RTTN,-0.7161305606355056
C2orf50,-0.37519409969485823
GSTT2,-0.4428298728263967
FAXC,-0.812104743624944
SP9,-1.351954224264754
GPR162,0.5875940029083312
ANKRD18B,-0.698085950312217
ANKRD20A2,-0.6152149621052546
ANKRD33,-1.381448078203393
ANKRD34B,-1.0795405074269542
POTEJ,-1.4189900207865274
POTEH,-0.615508349732471
PIANP,-1.6163233667222063
CAMK2N2,-0.8602331058673633
CLEC18C,1.6487178405493075
CLEC18B,-0.05871268397800308
ZDHHC21,-0.20802605455494372
PPM1M,-1.1493634286348162
LLCFC1,-0.7821011664157511
CD164L2,0.0513695554329007
KCTD8,-0.7977764484548913
SLC7A14,-0.03469039887105148
FABP12,-0.9229328370746753
TMEM119,-0.3347933789261334
MRGPRE,-1.704124095805167
USP17L7,-0.3272388075847375
LRRC36,-1.1405929403295352
C14orf132,-0.6555662729183617
POU5F2,-2.1829875579868183
SAMD11,-0.8725699068654188
CASTOR3,-0.10792627064653987
AC078927.1,2.7379139928538825
PAQR9,-0.016413835087692254
CCDC184,-0.4868485618965402
AGBL4,-1.9620008672511244
AGBL1,-0.9918914277170959
CSTL1,-0.3911760548289315
OTOA,-2.3631276479896997
CST11,-0.6847838573662536
SPINK13,-0.18706599343934113
CFAP65,-0.021036597254265738
CLDND2,-0.2534229905627097
SPDYE2B,-1.6213252117570072
AC002996.1,1.1414351183360323
RBM43,-0.26162084612182857
TSPY4,-0.5490385735428391
LOC102723996,-1.127505196931852
STIMATE,0.24561443037444158
ADGRD2,-0.9660295753772906
ADGRF2,-1.1158189731957024
ADGRF4,-1.1002760627620043
ADGRG3,-1.1702463744738176
ZNF713,-1.1639398044360054
LINC01018,-0.8877525024441826
HYAL1,-0.006631444309179689
C12orf76,-0.9028955995632488
TANGO2,0.10546804034478859
C16orf91,1.7894984156887261
LCTL,0.8352427116037536
LRRC34,-1.9187773469310496
MBLAC1,-1.8869416405685613
AL117348.2,0.9471621979164093
GFRAL,-2.310981540828567
ZNF716,-1.2667880500623934
TSPAN10,0.3210672938593425
WDSUB1,0.6816738441765609
SAMD12,0.31941195039675124
C17orf67,-0.09209358339001492
CARD6,-0.4182252638223798
CARD17,-0.40333306136244135
NLRP5,-0.7577986641081687
NLRP7,-0.8076152737881105
NLRP11,-0.08477349494530312
NLRP10,-0.6583899850209901
ARMC2,-0.8509284160585342
LRRC70,-1.063188800112733
DPPA5,-1.093204171637812
HEPN1,-1.6151394461728172
CCDC73,-0.6031059746663865
CXorf58,-1.1916418231334618
CCDC84,-1.150813192722463
CFC1B,-1.7701463622337361
ADAM1A,1.6896639703404588
IGHV4-31,-0.9551771237241711
RAP1BL,-0.9772917545356927
SLC25A53,0.20262172747565665
ZDHHC11B,-0.20953371840093626
SPIN3,-1.3364526947555007
FAM135B,0.9505789692742722
LINC02210-CRHR1,-0.2661756584574066
PCSK1N,-0.02141599124061744
TMEM89,-2.1026736553475107
GPIHBP1,0.23066021243838186
ARL13A,-0.8669454389867979
C12orf75,0.12149638734528331
C10orf71,-1.0922377787196311
SHLD1,0.16359724380998591
DSEL,1.9049681257326587
SLC35G5,2.4776362775504097
ERFE,0.3369314469928426
C1QTNF8,-0.8455789157302313
C5orf56,-0.737649064716859
C5orf38,-0.9728127075487438
SMIM13,0.08379570942888953
KCTD14,-0.5726244937339935
FDCSP,-0.5563548232284183
BPIFA2,-0.09014386338077122
INTS6L,0.08544739809452476
ECSCR,-0.0021700213048068983
BPIFB3,-0.4076910165405488
BPIFB6,-0.22378936955493575
FUT10,5.5978195976077
TMEM45B,1.586777193697867
FBLL1,-0.32921910561278456
TMEM268,1.3126194501355073
FAM120AOS,-0.6396251899548321
LOC101930123,-0.6644012753987745
ANXA2R,-0.7855594823898974
TMEM68,-0.12252371467105151
TP53TG3C,0.033409922939575294
SETD9,0.9473121127747449
PAQR7,-0.21402747429080876
C5orf30,1.891295817066153
SKIDA1,-1.0401282410197907
XXYLT1,3.237123781212934
RNF212,-0.17483229947747894
MOB3B,-1.0132422903561753
SLC10A3,10.892708309895777
KIAA0895,-0.3517851125442277
CLDN12,1.5052615655881438
BIVM,0.3319567078554125
SLC35E2A,1.791690546085132
ZFP91-CNTF,-0.6886725287532917
SPIN4,2.3573798885055237
NEIL2,-0.5307509449066306
IGIP,-0.22145953018548872
TMEM241,4.69266292028159
LRTOMT,0.184814369213818
FAM102B,0.42229892034921673
XKR6,-0.4111136562831549
MIR1915HG,0.74064107034472
EXOC3-AS1,-0.13524866233847588
LRRC37A11P,-1.034937764556195
SPANXD,-0.6726978575031525
SPANXC,-0.6454710230547607
KIAA1147,-0.29631761593154854
GCOM1,-0.567204599810354
OBP2B,0.15247384515823315
SMLR1,0.6654388438677707
GOLT1A,0.7524761948992496
CT45A2,1.453298138180831
PEX11G,-0.06951979315155414
MIR22HG,-0.8611693275200379
ZC3H12C,-0.14094112258121733
KRTCAP3,0.5296212078748088
C5orf49,-1.8372442634619246
CDHR3,-1.8323815966361878
TTLL9,-0.9685446542158042
HSFX2,-0.4531110082387301
LINC00526,-0.6064840088530585
RDM1,-0.8455565954548251
PTCHD3,-1.0635395869947775
BTBD16,-1.9279747777684033
CARMIL2,0.44865228611385793
S100Z,0.29335950435287095
LOC107987205,-1.271735583097844
ZNF229,-0.4679380357290205
SLC35E4,3.2791575377392674
RFLNA,0.7270967814027943
POTEKP,-0.19579748265628244
HHLA3,0.3751473191788438
TDRD15,0.28141840523671785
CCDC122,-0.36323329617468075
ATP5MGL,2.8872950224724776
SLC25A52,2.1356235058623985
PCARE,-0.6974486952460084
KIF25-AS1,-0.9758935803357491
RTL8B,-0.4694610688047346
TMSB4XP6,0.8282765925950067
TMSB4XP2,-0.2826968516460592
PGLYRP3,-1.0831751581782711
TCHHL1,0.1533825618518358
S100A7L2,-0.7959513066691241
SPINDOC,-0.9506028203470159
LINC01194,-0.945342189440467
C19orf67,-2.103542614270714
CHKB-CPT1B,1.8920007021003686
PCDHGB2,-0.5918973826183095
PCDHGB6,-0.5022621926542327
PCDHGC4,-0.2910268591715182
PCDHGA7,-0.6506823133548154
ANKFN1,-1.0620097141446172
AC099329.3,1.8702238958888657
CCDC197,-1.027405190583636
CBWD6,0.24632405547160996
CBWD5,0.14377382173415507
SERPINB8P1,1.457442548064175
RIMKLA,-0.5573649788700297
LOC554223,1.0617248319713057
C2orf48,-0.5322188309863147
KLHL30-AS1,1.4206182640991858
TMEM143,0.4092508021095776
GBGT1,4.81772252436798
CES1P1,-0.9654955622236284
BEND6,-0.8939318015999832
SPDYE2,-0.9170226691898494
TTC34,0.5868090940338452
CCT6P1,1.1380843665962335
AC068775.1,-0.11067049404239174
OPN1MW3,-2.063235088707227
PRR5-ARHGAP8,-0.24515799640139335
OPN1LW,-1.7577520925650314
ASPHD2,1.5166331170973326
SYT14,-0.5641193737871639
CCDC85A,-0.38880859104573373
IFFO2,0.19368887940329998
TAS1R3,-2.002863713134493
OPN1MW,-2.1189484688267415
IL1RAPL2,-2.2672874352401178
PRLHR,-0.7707002654449521
HBBP1,-0.7081025552343763
NT5C1B-RDH14,-0.4776022438571616
SYNDIG1L,-0.12441145051148557
LOXHD1,-0.5445301253094375
PLIN5,-0.6905166144874043
LIPM,-0.5642244915640494
GAGE2C,-0.729708622537164
AC108488.2,-0.8342796870295173
NBPF11,-0.08300636472683391
LOC105379861,-1.0581869568521671
RIPPLY3,-0.6564968711982752
LOC149950,-0.41550567820331424
POM121L4P,-0.03186757379775786
WTIP,-0.9455506548998006
HYKK,0.1350076131958651
AFAP1L1,-0.552953472105131
TM4SF19,0.12985430518691637
IGFL3,-1.2073770864008346
TMEM35B,3.100171017280257
KLRA1P,0.19742505154432308
RPS26P11,-0.7214917992989746
OTOP3,-0.7908708432109559
OTOP1,-0.9826297676914303
OTOP2,-1.0129278652930942
ZNF697,-0.7163612771266009
TRIM39-RPP21,-1.6048764989303541
ANKUB1,0.2104940854333308
METTL22,0.17888303014364404
HSP90AA2P,-0.31169408449698793
AD000671.2,-1.2698184298550692
CLRN2,-0.4145549693747795
CYYR1,-0.09590413063980346
HRCT1,0.008268851856703702
SHF,-2.3489321667607665
B4GALNT4,1.053621031606186
CCDC174,-0.6985801774184011
ZNF181,-1.537932111675908
ZNF880,-0.7123992441915918
MCIDAS,-0.5842278174448541
KLHL1,-0.6245125462858261
KLHL34,-0.18029607530019284
KLHL33,-0.4773551399549866
PHOSPHO2-KLHL23,-0.6231705323032374
FUOM,0.8283696478957162
TMEM63C,-0.8427363620799198
IFNLR1,-1.071787057960089
PCDHB2,-0.39854104179184885
PCDHA11,0.03959442184979919
HIVEP3,-1.0206065842029093
PRIMA1,-0.7793048505706465
KLHL17,-0.5526631326902972
KRBA2,-1.106740367017272
KRTAP27-1,-0.7100519500205188
KRTAP23-1,-1.0066076400968709
KRTAP24-1,-0.7100519500205188
KRTAP29-1,-0.6830679381754017
KRTAP25-1,-0.7100519500205188
NUDT17,1.6874284961243993
PRRT3,1.2654300587920124
TMED8,0.4042780432449967
HAPLN4,0.20458104314752923
FAM129C,-1.384048940295416
IL34,-1.2372956707643352
NAT8L,0.2512407095726921
APOPT1,0.5518529180816578
CUZD1,-0.8933657187855121
RNF175,-0.6798117264012796
TSPEAR,-1.264597785253009
TENM2,0.18449034021736907
ACOT4,-0.24992943381673852
SLCO1B7,0.8994771108057009
AC022335.1,0.24616358300066843
BVES,-0.9454605378763661
SEPT14,-0.3598622294884622
LOC155060,-1.6968223115380607
FAM92B,-1.0396677135875811
LRATD1,2.3144138169565913
ZNF888,-1.652692197488555
RHPN1-AS1,-1.7118793630517226
PRR19,-0.932272727588622
ZNF69,-1.3906851623299703
ZNRF2P1,-0.4630025516814168
IL31,0.055193286107283974
NPIPB13,-1.67555997970291
TTLL13P,-1.1316264179910716
TTLL8,-1.1316264179910327
FAM200B,-0.9662986942227058
XIST,-1.995671812829823
VN1R4,-1.3277279205099681
TPSB2,0.46512615340614594
HEATR4,-1.0353405293919653
ANKAR,-0.8493592439070788
IL17RE,5.487020834860284
SPNS3,-0.20770535644449073
IYD,-0.6519118329116442
NEDD8-MDP1,-0.712285101552448
MS4A15,0.009653408330463626
C5AR2,-0.6413297239465755
AC004223.3,-0.5805740680414784
SERPINA2,-0.9384174027277938
SENP8,-0.38739020941152463
TMEM139,-1.252530015893325
FAM86B2,0.42584481608942143
LILRA3,-0.7302796318401659
PCDHA5,0.19653204057606533
LIPT2,-0.5916795982502294
KIR2DL2,-0.8812656791444741
AC092647.5,-0.40437837966380835
TAFA2,0.09518289273126147
TUG1,0.39664177177509596
NAPEPLD,1.6251113043052985
TTLL11,-0.597244211655994
FRRS1,0.04564153960874923
DEFB4B,-0.42355848450566486
C17orf97,0.3813551615625515
C16orf95,-2.183228611297188
CGREF1,0.5324851412398374
PIRT,-1.7273041770359323
RBP7,-0.8434169207681004
MAGEA9,0.9300727921276196
RBBP9,-1.6886009745550234
LIX1,0.03426659865033239
CARMIL3,-0.5184171234309299
SHISA3,0.37844490902491396
SCIMP,-0.5927911457075474
URB1-AS1,0.05786240328684527
ESYT3,-0.34974704564877585
SLC46A1,0.8660223869220912
ARL14EPL,-1.0683788023662608
PRAG1,-0.18715308190208865
AGAP5,-1.8095059793324706
NPIPB2,-1.8095059793324826
C11orf96,-0.6243593127009273
WDR72,-0.7931338195597144
BECN2,-0.7811118014438678
FAM90A26,-0.9709242652603828
POTEA,-1.5517281149342455
PCDHB6,-0.478730382371515
PCDHB1,-0.6903344799110167
PCDHA1,-0.005328786525772799
NAMPTP1,3.45941018873341
PANX3,-1.4077620205365375
LIMS3,-1.297219538917086
LIMS4,-2.414454677394485
SERPINA9,3.9673777259665703
MALAT1,-0.9998655669517666
SPRR2F,-0.6219116744605301
NIPAL4,0.042724299310159024
LCE6A,-1.0130971620961733
CCDC160,0.610571035833239
SLC29A3,2.784626413122252
HTR3D,-0.2123163345103824
LYRM9,-0.1671047118046024
RNF112,-0.5831610524606033
GLRA4,-1.131557045080573
DEFB136,-0.306977435693702
DEFB105A,-0.5150953934404343
DEFB105B,-0.5188940313060313
DEFB110,-0.4325277384002059
DEFB108B,-0.49136417939295896
DEFB118,-1.0887389377668066
DEFB103B,-0.6638023896980674
DEFB103A,0.21290254715889778
DEFB130B,-0.4255241933364557
PRB2,-1.0116047033176934
CCL4L1,-0.9406174101213137
MAGEB17,1.2448538396504425
TSTD1,1.139106855514917
TOPAZ1,-0.9269988144646446
DUX1,-0.6344612432887545
TRIM6-TRIM34,0.20390727869315992
TRIM6,-0.4778827203859675
C9orf131,-1.4350974441609274
DNASE1L1,0.16973827036142375
KBTBD3,0.9122011927129667
TRIL,-0.9170733987373756
ASXL3,-0.5512089333270043
CHCHD2P9,-0.48485133725816304
BHLHE23,-1.0425197940731492
TMEM98,-0.07615486606209763
FAM182B,-2.405529916637594
IFITM5,0.17314753228574947
C5orf46,1.7679329522526164
CCL3L3,-1.4846035248561908
MOSMO,-0.9690181598148723
C1QTNF6,-0.9170096456476236
LAIR2,-1.8557627464263282
DEFB131A,-0.6720818564976231
IGL,-0.4970679922325959
BTN2A3P,-0.7268003260304816
ZNF761,2.7365759719674845
TRIM61,-1.5616212957345652
TRIM60,-0.45572234585492827
EZHIP,-0.8760696014827901
ZNF772,-0.04111245844521298
C6orf226,-0.2499246677409725
FAM25A,-0.19032294330200075
SHISA2,0.27681081338594227
CDRT15,-0.33663656480468424
IGSF5,-0.776905456776195
AQP10,-0.1210226972673848
ERAS,-1.5854290202596133
TAS2R45,-1.6097294188349376
NLRC3,0.642211542170998
KIR2DS4,0.09656841055739708
SLC16A12,0.6034605705190484
DDTL,-0.14037883283270275
GAGE12I,-0.4894386312610104
PRH2,2.286293417396348
C2orf27A,-0.8088876846596571
C2orf27B,-1.5738981473335774
GAGE12E,0.21565039810633033
GAGE12F,0.21565039810633035
TLCD2,1.7878328505051013
PEBP4,-0.773465920424999
MYEOV,0.4993068463986168
GCM2,-0.7446753228104533
C1QTNF7,-0.7136218349328096
CBLN3,-0.9746185243737138
C1QL2,-0.8462856508826565
ETFBKMT,0.07461634217651021
RHOXF1,-0.9438803124401721
NAT16,0.8188948486280733
PGA4,0.18530038915955283
C1QTNF12,-0.7919710708390656
PRR23B,-0.1370935128871315
HHLA1,-0.7635893200717176
SCUBE1,-0.6425089169379373
PTX4,-0.46155346550563076
PRR23D1,-2.197874710526953
ADAMTS10,3.6313389455267058
ITIH6,-1.0746279286677562
FNIP2,0.7998250329640356
PTCHD4,0.16348155431627018
VWC2L,-0.9885383494089015
ODF3B,-0.8779947785733112
PLPP7,4.0760315252164
CRYGS,-1.4631429254860624
PRAMEF8,0.04658909072924961
DEFB104A,0.03492912986698609
C12orf50,-0.2488355152487065
STPG4,-0.8408645604919578
CEP112,-1.4280049090873164
RINL,0.5416216914778099
C3orf18,1.1113727876939399
GPR152,-0.6404532778895193
SLC16A13,0.2944717768446429
RP1L1,-1.307742997208427
RN7SK,-0.8010605459297173
SNRPEP2,-0.5619602662431179
HNRNPA3P1,-0.04424860223951984
DYDC2,-1.1040271793773258
CCDC81,-1.383249195216777
OCSTAMP,-0.75273974599909
LINC00636,-0.06812343432914347
RPL6P1,1.6652036617681683
BIVM-ERCC5,1.8352393919723977
HHIPL1,-0.7174140934167598
ANKRD20A1,-1.6453575466062247
FAM98C,0.2567428803552849
AC004832.3,0.8416051871604356
HSPA7,-1.3911740652363487
DAOA,-0.9908186297061281
ERVV-2,-0.6512822309145663
ERVMER34-1,-0.6684497410935936
FAM89A,-0.21244190539002272
TNFAIP8L3,-0.7195808287857549
SLC45A1,-0.025723719569753747
NBPF10,0.5119264221780537
FGFBP3,0.20437295216622936
BAGE,-0.8825601148440877
TMEM155,1.555681026611914
DEFB125,-1.189834096243387
PCDHB13,-0.4911497168062473
PCDHB8,-0.46584992953943816
TMTC2,-0.24685540284833002
NAA60,0.3820789290792238
SATL1,0.9765851096783283
IGFL2,-1.2073770864008346
SLC6A17,-1.1009437292433302
SPANXB1,-0.8954211873804698
SPANXA2,-1.2623948266319844
IZUMO3,0.5267402075319008
NEMP2,0.9377977348452705
MFSD6L,-2.109276859377605
TMEM240,-1.498814448589334
PAGE5,-1.314958655975965
TMEM253,-0.4319000452209639
TMEM252,-0.48421311460467564
MEI4,-1.5959929898345182
CCDC126,-0.8524730282299212
MAGEB18,-0.8266293353255716
F8A2,-0.3278781881890695
AC091167.3,-0.9088098722373958
VN1R5,-1.1758894871388377
LOC401052,1.29839272559132
ZNF763,0.3172805629107826
AC008575.1,-1.2234152455297262
SLC35F4,2.3328134905438054
KIAA0087,1.9428263386889246
TAFA5,1.1450985766426864
CKLF-CMTM1,-0.456304355607443
SLAMF9,-1.1498790536569787
C9orf152,1.4486835648456469
TSPAN19,-0.29348752648809134
HNRNPA1P70,-1.1883537427974449
REXO1L1P,-1.2454583054043649
CYB561D1,-0.2026841614322915
CFAP77,-0.19774532439317977
PLAC9,-0.7957335955667383
CCDC154,0.28946402917410846
C6orf132,1.2426162445939484
SLC22A20P,1.597915693691203
AC011448.1,1.1382188191504208
SLC15A5,1.1612848487194458
RIOX1,0.13280154449486486
KCTD9P2,0.418736915379973
LOC147791,1.1882036866067955
DCANP1,-2.314622051007625
GLIDR,-0.2366518272422273
LOC148413,-1.4828529749737072
ZNF479,-1.1155955568387288
LINC01588,-0.7370599290795115
FAM27E3,-0.6667741254706709
POM121L8P,-0.6956411731611336
NWD2,-0.7973382882224005
FAM204A,-0.13628465940861728
RMDN2,0.6068933147941421
HMSD,-0.9504037332077833
CLECL1,-0.9640165571914758
GCSAM,1.374764834925445
C6orf58,-0.30891865530397145
TMEM150C,-0.2393154398247398
PLEKHG7,-0.5313129469154975
MICOS10-NBL1,-0.8074069732775142
LOC107987235,-0.6284778303912563
KIR2DS3,-0.18793768162014193
GAGE7,-1.113771926545079
ATXN7L3B,-0.15305726258685431
GDI2P1,0.09637650729289489
WFDC10B,-0.610481760870892
P2RX5-TAX1BP3,0.3760078542679771
C2orf83,0.350605042552981
DRAXIN,-0.9094871574238186
BTBD8,-1.399452030448801
FAM24B,-0.25119597015880324
AC008764.1,-1.281352848993501
CCDC169-SOHLH2,-1.6660090047373952
A3GALT2,4.8177225243679676
GLT6D1,4.8177225243679676
PRCD,-0.831364102880593
SSX7,-0.5085294836268062
PATE1,-1.2776341758391108
RTL5,-0.5352447801214931
APCDD1L,0.68844033627588
PRNT,-2.6760467850521996
HEATR9,0.2296251021577217
CD300LG,-0.6212493994039717
CEACAM16,-0.6386216281073017
AP000295.1,-0.6784177417448115
GOLGA2P10,-0.4476140486927938
PRR18,-0.37082468328667767
THAP9,-0.10521698702993608
ZNF799,0.37428233174443926
DCDC2B,-1.035188695780688
NPIPB3,0.5898347688086586
KHDC1L,-0.9945821775450662
CYS1,0.01738116452591504
PNMA6A,-0.19224566338677923
NOTO,-1.3066383423250085
PCDHA8,-0.43873034423902907
FLJ44635,1.835239391972398
C19orf38,-1.5907417456736055
AC092143.1,-0.5107755211877109
USP17L25,-0.41538812105139455
SPRN,-1.43655676194938
PGBD5,-0.34711981647074813
POLR2J4,0.5209324524492782
ATPSCKMT,2.559137352445607
FAM72B,-0.7117762086669418
PCDHA13,-0.08345032895079166
GTF2IRD2B,-1.201186432869409
SMCO2,-0.5296560737028324
POTEB2,-0.9309999457710911
XAGE2,-0.6661434858465375
ANKRD20A4,-1.1546833153076301
ANKRD63,-1.00715301593899
NBPF20,1.8352393919723977
TMEM170A,0.25200766736753766
PALM3,-0.8596054715413718
AC068775.2,-1.204604875390814
KLRF2,-0.11806338808590744
EFCAB10,-1.8711220288688608
EFCAB12,-1.288465357593781
C15orf61,0.10657795789260709
TMEM52,-0.7944598463836269
IGHV1OR15-9,0.7087389564885259
ARPC3P1,-0.544139393655992
STOX1,-0.3030556019494936
RAB1C,-1.7941099774842788
MAGED4B,-0.1791238637823426
USP17L23,-0.8224979376828466
WASH2P,-0.5967237636197632
FAM20A,0.4391204883052844
AGAP11,-0.10506015553949476
DIRC3,-0.48912165972070976
TBC1D3B,-0.7030846732601168
AGAP9,-0.7030846732601168
SCGB1C1,-0.2960171284118615
TMEM270,0.3934346591233555
LDLRAD2,0.8138484822107239
SLFN12L,-1.6041898847514255
STOX2,-1.438894412610603
DEFB114,-0.4735134573337947
DEFB132,-1.6487394999405762
ZNF286B,-0.8283539045533426
SHISA4,-2.4661535291278796
MT1B,-0.9708748885688312
MT1DP,-0.4096872882680802
CCDC26,0.19459471225026617
BMS1P1,0.3425477412502815
SNHG11,-0.022511959078266298
MGC39584,0.9234531413962231
SLC25A45,0.41930209017242404
GK3P,0.9023530951692948
MMEL1,-0.9599841482005352
GPHB5,-0.6512574337069377
PGBD2,-1.4012842669166294
RPL9P8,0.2904162516309306
BTBD19,0.6566303573598283
CDC42EP5,0.0722214222296631
UBALD1,0.15197735671273696
SHROOM1,-1.1794775559649056
C17orf58,0.5209324524492781
RFTN2,1.9552515260764347
LY6G6E,-0.6664323280322899
USP17L26,-0.6132188544305904
USP17L24,-0.6132188544305903
TINCR,1.2671996253673696
FAM218A,1.2671996253673696
RUSC1-AS1,0.2645798858803543
TMIGD2,-0.624224303600004
NXNL2,0.9527753475749771
TDH,0.10748974257865528
GPR119,-0.9192239629440825
MKRN4P,-0.7592970173676643
ZNF738,-1.904235433104285
LINC00846,-0.44791705267192666
IRAK1BP1,-0.3760515515871178
TATDN3,2.7366369347019734
PADI6,-1.5113144594823285
PWWP3B,0.6447952424194019
AC003002.1,0.9586145869925493
MINAR1,0.4010683103782696
WDPCP,0.4731144087211093
ZNF705D,-1.041146303291059
NIPA1,0.4720319840101835
TESPA1,-0.6512518482188706
RRP7BP,-0.20474028475124698
TMEM136,1.206070204713668
MROH1,0.06983518778609368
MEG3,-0.4232852100028805
TMEM37,-1.0171845463690665
TRAPPC2B,0.03485746832189504
UBE2Q2L,0.830017637383988
AWAT1,0.7359818943816052
BTBD11,-0.2715539767527083
AC004997.1,-0.2525739201405591
CD177,-0.3620692718551496
SPINK8,-0.1108334459307014
ATP6AP1L,3.096118723005094
MAGIX,-0.5772167904163374
HMCN2,-0.70899923283246
KIR3DX1,-1.563991578962913
RIMBP3C,-1.171320301627527
AC010422.3,1.3175910036141893
FAM166B,0.6767363555770123
MSANTD1,-0.08894062826458968
FAM229B,-0.8654283692644524
FOXO3B,-0.32016763296154277
AC005837.2,1.7420764578033403
NRN1L,-1.5063584911704824
DEFB127,0.33540799470839033
LOC100653061,3.006316213490225
HMGB1P1,-1.4171170387261713
AC104831.1,-0.46084040444025076
ERMARD,-0.6948126607241663
LAYN,-0.2430664877334665
SVOP,-0.511748349806185
CCDC142,-1.1100139037122958
CCDC30,-1.1665391255891429
TRABD2B,0.1109225635401559
FAM45BP,-0.33170103765065795
PPP1R3G,-0.21390933662477868
GREB1L,1.4558298057358816
NT5DC4,-0.4583815355269896
TMEM255B,0.6468639788070781
DEFB115,-2.233863950294282
TEDDM1,-1.0887389377668082
PMS2P3,0.7019778263694597
HOTAIR,-2.2474054386108686
RPL4P5,0.014447388207066186
C9orf135,0.8869071538041917
UGT2A2,1.2750833379860635
FAM9C,-0.7544690169229742
CDCP2,-0.6668242863144954
PLPPR5,4.564086612968824
SHROOM4,-0.5134202893461315
CCDC171,2.6505785139189677
LYSMD4,-0.15315071926345697
TDGF1P3,-0.8610083226178415
SYCN,-0.9524137782320347
SCARF2,-0.5775582796811911
GPRIN3,-1.4735038769082514
AQP12B,-0.6432154983631098
AQP12A,-0.8153985772571029
C1orf127,-0.41064287508421315
GAGE4,-1.113771926545079
THEGL,-2.2228406092290234
AC099850.2,-0.2084943036205489
C8orf86,-0.04469035887334958
DCDC1,-0.4639784940095771
IGHV3OR15-7,-0.2485408579336691
ZNF846,-2.464768851954955
ZNF525,-0.5124581594044968
SUPT20HL1,-0.8808524864773691
PRAMEF17,0.58672092610101
RPL35P5,-1.2641541961562666
ZNF804B,-0.5249779779545407
ZNF732,0.276774838583218
ZNF737,0.27677483858321783
ZNF705A,-0.942441682420823
ZNF658,-0.942441682420823
FLJ38668,-1.271910891663699
TMEM234,0.7265095631515338
LOC729603,0.11848637316287927
NBPF9,1.8352393919723975
TMEM235,-1.6248469143958437
ABO,2.348907808835856
TMEM74,-0.9059311037641878
C2orf66,-2.0327722387746805
PI4KAP2,1.7077145209911297
SERINC5,0.23300140538901404
MS4A18,-0.1654423340890786
TMEM132D,-0.5861037420748829
DNAJB3,0.4601143358156393
LOC153684,-0.43418198167088023
TCL6,-1.044477161852775
GOLGA8DP,-1.2195127848791374
CYTL1,-0.5134702657925042
VWDE,2.2423987944297403
LYPD8,-1.0921611724625986
CCL4L2,1.0668048700559967
LINC00656,0.5952900286405194
FAM178B,-0.42245048154436887
TRDC,-1.6046017073662533
FRRS1L,-0.5678347366842617
KRTAP10-4,-0.9339191319183724
LIPN,0.24889216977766138
CASTOR1,0.40428362842280446
CASTOR2,0.5698643371483848
NUTM2F,-1.3540468955014096
PRR22,-1.0993517986039676
GOLGA8R,1.2035313621945238
GOLGA8H,1.8352393919723984
PRKY,-1.570272750136824
WG,-1.3212802162628912
CTAGE8,-0.4532011512057972
CLEC4F,-0.6912278344663162
MAP6D1,1.0925872207126024
GAGE2B,0.14505868119292867
SMIM24,1.835239391972398
OPN1MW2,-1.4976068621060838
RBBP8NL,5.546526931436189
PIPSL,0.3997815827684278
DEFB124,-0.44679475965166954
LRRC3C,-0.8363983283591065
LRRC53,-0.9430298430708203
PATE3,-1.377111369911072
MT1P3,-0.9148767225587271
RNASEK-C17orf49,-0.1073439397911329
CCDC140,-1.4616232462532606
GUCY2EP,-1.525913203790975
SVBP,0.5923481094040218
RNF121,-0.6094713263068264
C11orf40,0.77375855211703
AP000350.4,0.4635673951616985
C15orf65,1.0064136687827583
KAAG1,-0.9454419632360301
VWA5B2,-0.7929890202284412
DCAF8L2,-1.0221998952133335
ALKAL1,-1.5582807237002199
LINC01465,-1.223546288673991
AC068896.1,-0.5644879531470691
PPP1R2C,-0.5273045400124159
AC090527.2,0.3467102417319892
AC110275.1,1.6142959170584363
WNK3,0.2098397936579503
HIGD2B,-1.3124973885606561
TMEM179,2.1765612929999527
CCDC141,-0.24997752276605462
SRGAP2C,0.0042931178532291695
FAM180A,-1.7123512361609678
EGOT,-1.6719689676258225
AC048338.1,0.6121902947173959
LINC00265,1.688094107442198
ZFP92,0.20150048027392073
CALHM5,0.15172670468869315
PRSS3P2,-1.6312510100138669
MINDY4,1.4910324000884652
SPACA5B,-1.1104732954817211
TMIGD1,-0.21380192267476822
CYP4F8,-0.41082409294396083
C4orf47,-1.9045248891665878
ZNF205-AS1,-0.9041162378830571
LOC142937,-1.2355280444989394
EEF1E1-BLOC1S5,0.253627831953719
AL110118.2,0.4058256046839797
CCSER1,-0.4793614581685647
AC026464.3,1.4739012794681636
AC026464.1,1.4116502022546658
TRN-GTT2-1,0.1985063804974141
BHMG1,-1.8119254609068927
CLLU1,-0.6475639096408249
HPF1,0.8134089075477904
PDPK2P,-0.481045691898064
NUTM2B,-0.6912278344663162
NUTM2A,1.8352393919723977
CGB1,-0.6219382837385354
EEF1A1P5,-1.2987814907608544
INAFM1,-0.7389938239996787
ZC3H12B,-1.5184320933340452
TMEM150B,-1.1344244542927762
TMIE,-2.218151852554018
STRC,-0.46834232694456673
CYB5D1,0.4510162603415933
KIR2DS1,-0.5823254642822637
CLEC19A,-0.2641768118287791
IGKV3D-7,-1.0164367870304996
CORD1,-1.091844876753663
TBC1D3H,-0.07127837821324248
RP9P,-0.11485313171288904
CT45A3,-0.2089963070355107
SPANXN4,1.29839272559132
TPRG1,-1.5723822812567487
LOC613037,-1.907681905310825
DEFB106B,-1.5262422636878463
C1orf74,1.4745117351657746
EEF1B2P5,-0.8336167363380468
PQLC2L,-0.3976504996355971
SPRR2C,-0.7811330314245921
BHLHA9,-1.2037773779862684
C15orf54,1.1405670340553806
CLEC2L,0.537442894482429
MT1L,-0.5828438563166392
ARPIN-AP3S2,0.4412247269029793
PPIAL4D,0.8083742760608574
TBC1D27P,-1.0031691230116682
VNN3,0.5929035246779409
PLET1,-1.0921611724625986
PRSS41,-1.092161172462604
MDGA2,0.020587797386946705
ZNF182,-1.659999079976328
FAM163B,-0.44489366683372555
CDRT4,-0.9458649026460039
ZNF630,-1.4382904844924247
REXO1L6P,-1.1822993533465993
CRIP3,-1.187771112463607
GLTPD2,0.9908994105958993
C10orf120,-1.4753541118818432
C4orf48,-0.32861486731815875
NPIPB9,-0.9878098275838366
ARMCX6,-0.5055475419355663
RBMY2FP,-1.1542016166039033
CT83,1.835239391972398
LYZL6,-0.5553402687465001
AL359922.1,-0.28429320404213226
C2orf15,1.1955072876241923
SIGLEC16,-0.41236011745612244
ILDR2,0.04355013856027717
HSBP1L1,-0.5487789395680722
ARMCX4,4.005901140963965
TIFAB,-2.062714711507485
C11orf42,-1.0859900757294971
TRIM77,1.835239391972398
XKRY2,-0.7529763845643828
RNU1-4,0.846698300469704
RNU2-1,0.8466983004697041
ZNF275,-0.6996881678806285
BAGE3,-1.6719689676258225
CXorf40B,1.304269060927653
LOC344382,-0.5686891040422362
DEFB104B,0.9701881850247757
AP001458.2,-0.8900504948663835
FCRL6,-0.6985638982109089
SNAP23P1,-1.2876043718817878
IGSF23,-1.034903647898161
CTXN1,0.5944876668513022
LINC00312,0.060912783365735315
SHOC1,-0.7927780835755776
ST13P4,-1.3380141903214195
PLD5,0.4847285326986215
GOLGA6L10,1.8352393919723977
TMEM114,-1.3166944852258942
CRYGB,-0.31933165480115094
AL589666.1,-1.2286480031611853
BEND4,-1.0169291979586803
FAM184B,-0.08623823330829854
NBPF8,0.42008658970356016
C20orf197,-1.6719689676258225
RPSAP58,1.3925208031076244
SMIM17,-0.6159754983400231
PCDHB4,-0.3336394574741272
CFAP54,0.1311935762689599
CR1L,-0.29728834170411655
NBPF14,0.1044308551480692
NBPF12,0.7117376426735885
GAGE12C,0.21565039810633033
TMEM121,-0.04105779406036012
C20orf203,-0.012827199056560852
KIR2DS5,-0.3173144669521528
CEMP1,0.5029536097209467
HDL3,2.287861999263478
TMEM44,-0.7641275984090947
LINC00242,-1.3919772679211355
TMEM169,-0.17663026223514233
C4orf51,1.8352393919723984
GBA3,1.0646632966344414
POTEM,1.8352393919723984
ZHX1-C8orf76,1.8352393919723984
TMEM183B,1.8352393919723977
KCNJ18,1.8352393919723977
PLEKHD1,1.835239391972398
ZNF730,1.8352393919723984
ZNF735,1.835239391972398
ALG1L2,1.8352393919723984
ZNF717,0.3157206438271689
ZNF865,-1.0453660887004457
ASAH2B,0.13097047615144625
C16orf47,1.8352393919723977
MROH6,0.905071984433348
TRIQK,0.014557237262566238
GPR179,1.8352393919723977
HNRNPCL3,2.311431990329814
C8orf34,0.5202780387642044
TRIM49B,1.835239391972398
IGKV2D-29,0.23715402749485437
IQCJ,1.8352393919723977
HSPE1-MOB4,1.835239391972398
NEURL3,-0.14849803277687829
FAM72A,0.018484320612385072
RPS10-NUDT3,1.8610040452968923
POTEB3,1.835239391972398
C20orf96,-0.13144825918783548
CTAGE15,1.8352393919723984
SUPT20HL2,1.8352393919723977
ELFN2,-0.1829325724202798
GUCY1B2,-1.0725420807382677
SMCO3,-1.3121522389939873
ZC3H12D,-0.8604322191398325
ATRNL1,-1.7927982143040349
ATG9B,-0.9833056278759934
GEMIN8P4,-1.1992746782991357
OTOS,-1.8047148081181457
LINC00518,-0.3299987153901901
LPAL2,-0.6635222334777554
TVP23A,1.4526750052661774
CRYGN,-1.0811329826648015
C17orf102,0.11936952494357908
FAM160A1,0.896318441286804
CT47A11,-1.8065315014091143
TMEM132C,1.7562707854980542
CC2D2B,-1.5561617037866762
VWA5B1,-2.261693702046249
CFAP61,-1.939779993843482
DIRC1,-0.12803490017813907
MYMK,1.2443236150710313
NPM2,-0.7482157962777133
TCIM,-2.751048767773556
PRY2,-1.9458039071530464
GABARAPL3,-0.13867694574939748
CYP4Z2P,0.18418201874327253
CRSP5,0.9330770173535787
ZNF891,0.3110927653267853
ADM5,-0.9595862325788537
AC138811.2,1.4261128090060664
C3orf80,-0.24977594157454083
CD163L1,0.6243692624404521
XKR9,-0.5164653382520717
PIN1P1,-1.2904902574956525
PAGE4,-1.855163983459889
CEACAM4,-1.0556360493575745
AC008770.3,-1.3254323874197256
TMEM121B,-0.837582596708503
FAM74A1,-1.2406893299329338
FMO6P,-1.0074962969451569
KIR3DP1,0.1581981296149108
TAC4,-1.6049375690333514
C1orf189,-0.06516096323631373
DLX6-AS1,1.375164986396578
C16orf89,-0.8631560683150118
SPATA31A3,-1.4507409177935868
UCN3,-1.7594183664563938
FAM222A,-0.7720992873238628
KRTAP9-7,-1.4957901692135693
SIAH3,-1.7931883641217596
EXOC3L2,-0.6815538584179626
C12orf74,-0.14407161872196222
TRNAG1,-0.8528312439206585
PPP1R2B,-0.7757306139374511
C9orf163,-0.9274139251778317
MRNIP,-0.38930023205710235
TRPC2,-0.9926176592341164
C2orf74,-0.6989138628720424
FAM217A,-1.250589337875469
CDHR4,-0.760711118608742
ANKRD33B,0.9188053918640658
DDX12P,-1.2624400514027565
PRR29,-0.40913256691230887
PPIAL4E,-0.5698239866569877
INTS4P2,0.9403815360156372
GPR137C,1.1976662360820465
ST20-MTHFS,1.0528530101030735
WASH6P,-0.5756493408403255
CARF,-0.9511526390937437
VCX3B,-1.3975540752020463
GGT3P,0.6259043728718696
ERV3-1,0.6556761234762283
VSTM1,-0.6087214622934543
EIF3FP3,0.39181085297678936
RPL13AP17,0.8357731808671831
MRRFP1,-0.2998677116951384
C16orf46,-0.9740468405584939
FREM3,0.4091456792886469
SLFN14,-0.4145948510385166
ARHGEF33,-0.7202834567149773
AFG3L1P,-1.011579253526988
SSX6P,-0.8825601148440876
ETV3L,0.6051303370688986
ITPRIPL2,0.6815716699996368
PRSS40A,-0.6985885590403581
AC013269.1,-0.6985885590403581
NAP1L6,-0.6014738688263902
IFI27L1,1.940792884553883
LINC00588,-1.2355280444989394
C6orf222,-0.2931938222987121
STAG3L1,-0.0943775883552937
VWA3A,-1.006200093568848
ASB16-AS1,0.8367217076076346
TMEM236,0.4505508647656871
XKR3,-1.9937518330738906
GAGE2E,-0.21354938065351878
ZNF702P,0.3370249143652061
NPIPA7,-1.0247584639493375
EEF1DP3,0.2838257898805887
NCF1B,-1.2859194047924145
LY75-CD302,-1.2068620011338373
XG,1.002852232299883
CXorf40A,-0.46537036485608424
RNASE8,0.2694508741056533
GOLGA2P11,0.05332574314921361
C12orf42,-0.9341156366006361
OC90,-0.5957261416826343
C2CD4D,-0.10439534107184002
C2CD4B,-0.7691323804254158
UBE2L1,-0.5890104103646435
PDXDC2P,-1.1363154189886957
AC135050.2,0.6373149725682342
C8orf58,-0.2619513656685845
SMIM2,-0.5890027528526459
JAKMIP3,-0.4898154410227122
MUSTN1,-2.1953782035480263
MAMDC4,-0.7344556666727561
NAT8B,-0.7482942647832883
PABPC1P1,0.3789883992422661
C1orf158,-0.9586772725330182
ERICH6B,-1.3339493022021673
DUX5,-0.24307516255254755
TMEM117,-0.7428405326167089
SEBOX,-0.12231357677667834
MAGEA5,0.1988910094809942
AC011479.1,-0.19796003847698831
PRR23D2,-2.197874710526953
XKRY,-0.7529763845643829
ZNF767P,-0.97525561335124
ALKAL2,-1.2246817762720326
PRR23A,-0.13709351288710003
ANKRD26P1,-0.20577364305289542
CLPSL2,-1.0926937183835816
C9orf85,0.7851456128594501
CD200R1L,-0.5221574990561043
H2AFB3,-0.3574686756123361
SLC10A6,11.918136685122146
OR4F16,-1.4466604244441559
KRTAP3-4P,-0.7883687327250459
C8orf88,0.04659336501655402
NPIPB15,1.5255666164892638
RFPL3S,-1.2616766138291167
CYTOR,-0.5279190974364015
C22orf34,-1.4136637437229613
IZUMO2,0.5267402075319008
LYG1,-1.2254464291398715
SEC14L6,1.3691054355589642
RPL23AP32,-0.9977188175732576
MIR4435-2HG,-0.5279190974363982
GLOD5,-1.0918448767536628
TMEM26,-1.2435228094811348
RAD51AP2,-0.5608772122604785
AC010422.6,-1.5626185043484415
PLEKHA8P1,-0.1304826902755596
MGC34796,1.7077145209911295
CD300LD,-0.5109451980598936
SLC10A5,11.354198969934023
BAGE4,-2.233863950294282
FAM181B,-1.999746446021159
TPT1P8,1.239806370664497
