,z
UBE2Q1,1.071298724632857
RNF14,2.202005245308238
UBE2Q2,1.8156202272416124
TMCO1,1.3531292398776653
UBAC1,1.079642304689645
RAB4A,3.1079911789496197
ZNF706,0.177565106485607
MIB2,2.151469966011087
RNF114,-0.07096049086947763
RNF115,-0.07994737241317215
RNF111,0.5105599219262432
EEF1AKNMT,1.5672427385025334
UNKL,0.010218514329694672
MMAB,0.5364763380028643
UBE4A,1.612158949224347
DDX41,-1.3130774519001183
ATMIN,1.601534596486815
TSG101,2.025869883268126
FBXW11,3.084375297411309
UBE2D4,2.4657054605147346
RPS27A,-0.6139755211428858
UBE2D2,2.007053189432496
ATP6V1H,0.39947627844508715
UBE2D1,1.4487184150480892
MFSD11,-1.0570921768808565
CCT3,1.0272783355242427
LNX1,-0.739093950926606
MRFAP1L1,1.2387145620446913
GTF2B,-0.8392115752573543
FBXL13,0.027705118858624755
FBXL12,-0.33681000221033686
FBXL15,0.03994701145323046
FBXL14,0.2278896684789274
FBXL16,-0.06885139351221266
FBXL19,-0.39503748813302725
FBXL18,-0.3821256018297593
CCDC51,-0.14458794947642561
PPP1R11,-0.432676781302765
AKTIP,2.381292967115206
RNF41,1.4487705572205691
ANAPC1,-0.5914879400377877
ANAPC2,-1.0454383155794553
ANAPC5,-0.4043032171458476
ANAPC4,-0.34605442418637444
ANAPC7,-0.20953021840144417
ZNRF1,0.22804802006383904
LRR1,-0.5656632026832636
ZNRF2,0.27967390255684543
FBXO30,1.8876567197683782
FBXO5,0.4928112638304643
FBXO32,-0.031019366058500582
EMC7,0.3792113869734945
KLHL25,0.03844413738020257
KLHL21,0.009389220003827622
KLHL20,0.07039845749812401
KLHL22,-0.29277435221164794
MKRN1,1.4814093729168492
SPSB2,0.0975314907418258
SPSB1,-0.46936442535537987
TRIM50,-0.03849688591449646
SPSB4,0.013521192444588302
ARF1,-1.0716261444933797
CDC34,0.4404251845977989
AREL1,1.356477252645599
LONRF1,-0.28513992215590533
CIAO2B,-0.27640226224418113
RNF25,0.12376700142736127
UBE2V1,1.8467476794192834
UBE2V2,1.9248007025521916
RNF26,-0.3183739625642184
PSMD8,-0.11713335122232411
LMO7,1.1130152328263576
MGRN1,-0.8414920061615232
DHX8,-0.47794803979933825
SPCS1,1.4922049947189275
ITCH,1.0359719492310435
PSMD4,-1.2104981668439123
FLAD1,-0.44718747326222835
CBLL2,-0.709478740518121
ARIH2,-0.5671317732078772
TRIP12,0.5237339277579129
MEX3C,1.0738885227423618
E2F6,1.248710960393783
SNW1,0.24420018668354512
PRCC,-0.9091662546641811
C3AR1,0.9388439467668576
BTRC,3.017634036695058
TRIM11,-0.059421800190133996
HUWE1,-0.9963737443829042
UFC1,1.4473710612420951
LRRC41,-0.23131852065956038
USP25,-0.5354575568518378
MOAP1,3.063358772283466
ASB2,-0.3674335703251516
ASB1,-0.40661270151585893
ASB6,-0.40642318586699794
ASB7,-0.4119132589703
ASB4,-0.7948887054070937
ASB5,-0.2880661379531921
ASB8,-0.21455261490591637
ASB9,-0.5241731118755836
PIP4K2C,-0.6060713885526486
ZMPSTE24,0.8305882863715254
MRPL34,0.00411007210532042
UBE2R2,1.1137821575657778
IMPA1,2.4320446926086996
RNF19B,-0.7582865937382739
RNF19A,-0.19684376475008414
RFX5,-0.2516193936829525
TRAIP,-0.430260689117777
UBA52,-0.8122088170399144
KAT7,-0.716122823059232
EXOSC7,-0.8754089292481831
ADAR,0.6039755020390226
STK24,-0.5787173957571726
GPR161,-0.3218564821351129
UBE2E1,1.1174121477383667
UBE2E3,2.5468078867898267
UBE2E2,1.2523056986761265
DLGAP3,0.11274219744708351
JTB,1.2008379727325547
TRIM9,1.950150735693652
FBXL20,1.9291348320377744
TRIM4,0.5219691619542722
FBXW12,-0.4912621483193324
PI4KB,-0.973038098499196
RNPEP,0.031911808418861105
ELOB,-0.8172999642678302
FBXW8,-0.040904677024383704
SKP2,0.8855202244853907
ZBTB16,-0.5842392690212084
SKP1,1.1737295289406415
DEDD,-0.03127635008449975
WDR26,1.0870770775996996
FBXW9,0.06066628579257293
FBXO21,1.2905953330248143
FBXO27,0.12393199436206766
HNRNPAB,-0.06729140181169611
DDX19B,-0.4876090174982533
FBXO28,1.4951558378351313
FBXW4,-0.3319975487849543
FBXW5,-0.4799903792981743
FBXW7,1.3742973897617226
KLHL11,0.17592031795693255
KLHL12,1.8337706874158533
LRSAM1,-0.036037526340330486
SH3RF1,0.43625907742776227
CSTB,-0.5024668533330412
GNB1,0.33859451660002404
UBE2D3,2.1292945133830847
TRIM69,-0.263777394395415
JOSD1,-0.4786990439250236
TRIM63,2.266959497407214
PIP5K1A,-0.705263015286371
KEAP1,-0.6986556127270435
ATP6V0C,-0.9547018713817119
ERCC3,-0.7286304568340832
RNF34,3.3677503291406268
TOR1A,-0.1195283394874705
TOR1B,0.09963498995014129
RLIM,-0.1873214191409947
TMEM248,-0.18625982256151521
MFSD5,-0.4290218844680047
PSME3,0.8167034846846796
KBTBD13,0.18142251011777555
DDX23,0.431893326591731
ERP44,-0.4839840116987835
ILF2,0.22007279889946593
ASB10,-0.23010245959735895
UBE2J1,0.6158173946201027
UBE2J2,1.442173706014855
WWP1,1.2279723143064174
BTBD1,1.6090592621191802
FBXO10,0.07501371258121792
FBXO17,-0.04413219288648418
FBXO15,0.06960849068661576
ASB13,-0.35485307686018797
CAPRIN1,3.6605697197786196
PPP1R7,1.5420347140642723
CERS2,-0.3059459195855051
ASB17,-0.49836479522200616
EIF4ENIF1,-0.5293275051253018
CUL5,0.7322710031682441
CUL7,-1.2088823479542337
CUL1,0.990865721550797
CUL2,-0.7325038201791748
CUL3,0.3251373090678333
TRIM27,-0.8456530931366097
TRIM21,-0.7738923939704018
IRF2BPL,-0.041354634119745534
RNF138,0.6208184829785063
TOR1AIP1,0.3052000689757557
DZIP3,1.3007449675501224
RBBP6,-0.5117736230931544
RNF182,-0.05749774268900506
RBX1,-0.6241257453127658
RNF217,0.25629722391312687
RNF213,-0.5491450940376101
SLBP,0.4651541415813893
SMURF1,-1.041318474483725
UBE2F-SCLY,0.5269159493354046
SMURF2,0.9468234755429781
CDC16,1.047290764589491
UBAP2L,-1.0991518309438073
RNF130,-0.014246278059329891
B4GALT1,-0.5023692736093301
B4GALT3,-0.4034156774719626
PJA2,1.6038135515551233
RIC8A,-0.23982966070008488
HERC1,0.6294675135251887
HERC3,0.030959389892044997
HERC2,0.6975872156919829
HERC5,-0.8931699437715633
HERC4,-0.32947928331703824
HERC6,-0.5065657839510365
MRPL9,1.355526294469002
UBE2I,-0.22440349313956848
UBE2H,1.4593310144730867
UBE2K,0.9164301796248323
UBE2M,-0.008242731339559755
UBE2O,0.9435970834144084
UBE2N,0.6403470489694572
UBE2A,0.9846001484486365
UBE2C,0.3005318751779485
UBE2B,0.6345820624795637
UBE2F,1.3179860358727982
UBA5,2.1707391203145914
RBCK1,-0.6591879509593046
UBE2S,0.6786109797028248
UBE2U,0.6925705271691498
UBE2T,-0.43695434171164627
UBE2W,0.6646516588779767
DPF2,-0.6807895097418818
UBA1,-0.8225546296436347
FBXO2,-0.20374444261179867
FBXO4,0.25301140844616443
FBXO6,-0.5140027278597961
FBXO7,-0.18542909761280588
FBXO9,1.8677074912184581
HACE1,-0.028657118646116888
SRPRB,-0.8407004407389326
ASB11,-0.3126263907319833
FHL3,-1.0650395473116943
FBXO44,0.13721772206960903
FBXO41,0.25919588687599326
FBXO40,0.9181472066962983
NDUFA8,1.3037249861030422
DET1,2.8554966924592278
TP53,0.0676938030947162
MAEA,1.3819779332256834
TRIM71,2.5722036734188864
BIRC6,0.9660574401961513
PEX19,3.3944908470633566
MAP2K1,-0.23445446504537423
ADPGK,0.21351439012504117
ANGEL2,1.8777701224376502
RCHY1,0.8926723734002506
LYPD3,1.2877668998064704
NSF,0.49165976841051634
APEX1,-0.7995531983038354
UBE2Z,0.47883528988997176
MAD2L1BP,-0.2842612453061197
POGK,3.364051257198284
PPP1CA,-1.5698338300001606
MYLIP,-0.08287127005723965
M6PR,0.9856141477474993
HECTD2,0.1362067177443284
HECTD3,-0.6419691312313629
ASB12,-0.34286024184884784
HECTD1,1.480427160247856
ASB14,-0.20610947655461995
ASB15,-0.4608659513805814
ASB16,-0.23512835445123137
UBE2QL1,0.024253011065159844
ASB18,0.12934293369489305
DHX16,-1.2271369823675573
AC022826.2,0.6987932667241158
STUB1,-0.9998420956049243
ANAPC11,-0.5398042256671841
ANAPC10,1.4237898970271683
ANAPC13,2.304067737796544
CSNK1D,-0.6617812772853653
UBR4,-0.5405421452379783
WSB1,1.7478392016722772
SCAMP3,-0.7181451002499587
CHTOP,-0.6477660130356467
KLHL5,0.010857355472535083
KLHL2,0.9728391549883525
KLHL3,0.40512207306682657
UBR2,0.3995984274960797
UBR1,-0.27633559486417103
FBXO22,-0.030420173726669025
KLHL9,0.19312482774260234
FBXL8,-0.03468407664772397
SOCS1,-1.0685522984468825
SOCS3,-1.1875176975259303
FBXL3,0.14952243956118874
FZR1,0.5323017378130431
FBXL5,2.389026894633882
FBXL4,0.057783941852511275
FBXL7,-0.6342211864011063
SUPT4H1,1.1519740277388923
TMEM189-UBE2V1,0.43061210582330584
UBB,-0.34311990534923625
UBC,1.2826413716825156
RNF6,1.2258060544195248
RNF7,-0.6832663153346707
RNF4,0.6777868384851892
TRIM39,-0.12510179012232456
TRIM32,1.8113860705778468
TRIM37,10.347131705632489
TRIM36,1.6415957452362047
UBE2L6,0.6264710203401516
UBE2L3,0.8832264991479362
KBTBD7,-0.3539344060936648
KBTBD6,1.7869512040745126
UBE3B,-0.437059598943675
UBE3C,1.854698034222586
UBE3A,1.145438514241638
CCNF,-0.7912985568008485
UBE3D,0.7635756485677021
KBTBD8,0.022824867902105445
NGRN,0.3015839011522846
HTR2C,1.047562155570165
PCBP1,-0.8193925503915344
RNF220,-0.4909611426066246
ECPAS,-0.3669214537782691
ARPC5,0.995112020558135
TRIM41,1.611176153150083
TAF7,0.7863371656589898
SLC25A44,-0.21730830969209947
CDC27,1.108715561510477
CDC26,-0.2257102077733433
CDC23,1.169731412309827
CDC20,1.346851770681322
KLHL42,0.022858964541949543
KLHL41,-0.25815954701860405
HECW2,-0.5402209922695824
RNF126,-0.776095780737979
BTBD6,0.08503555231069848
RNF123,-0.4856864510246686
DTX3L,-0.5697271403718056
COP1,2.4555852912610265
NEDD4,-0.8721243397621057
PFDN2,0.5453727101160717
SIAH1,0.5147433458283464
SIAH2,1.2477732731162277
TCEAL1,2.9852403241816856
RNF144B,0.10036327919792531
PSMB4,0.4027085995643779
KCTD6,0.13406245668473665
HAX1,1.2101902196613539
VHL,-0.9671368781358282
UBOX5,-0.2306744259582811
LTN1,0.8913760045102807
UBE2G2,1.1541040379033833
UBE2G1,1.2287749032755997
PJA1,0.07592427062514943
UFL1,1.4034293290946112
RFXANK,-0.8144230937951737
RRAGA,0.2548009726636226
TRAF7,2.79623304689768
USP11,-0.5702015145943345
C1QTNF2,4.056735956647397
NEDD4L,-0.4548672786258809
SCFD1,2.062478412586663
RNF11,2.580689996401407
UBL3,2.7917137082181096
HSPA4,0.028329207490834084
SUMO1,0.7526141969684881
HSPA9,0.4332473677450683
SEC23IP,1.4475213893344006
ANKIB1,0.04084219860026205
COMMD8,0.29576485572291167
C6orf120,2.287477477910474
CDC73,0.6723139883541258
PIK3CA,-0.2931553647710828
RMND5A,0.1181638824753428
PRKAG1,-0.30776167626243206
FAM114A2,2.8077335990523875
ABCD3,4.180670361129219
HBS1L,-0.2621734776189212
RAB9A,0.26656876203401125
WRB,2.6485739912810202
NIPSNAP2,2.7808437080828594
SP3,-0.7561588526888506
AP5M1,1.1483721315247961
TMEM9B,0.422279181876465
DHX29,0.34989144694493235
TMEM184C,0.6265586077131229
GPI,-0.7475086208178643
SNAP23,1.2423394607757992
PTER,4.5690442088757255
ARHGAP12,2.2492085799567545
TCF12,0.21590816364992557
CTCF,-0.22131196370257913
ATP6V1D,3.3266779708644925
RPS6KC1,3.974669568718932
ATP6V1A,1.6055276956144517
ALDH3A2,1.8398008728083142
PUM2,0.30688431028896984
ISCA1,2.4644687239894916
SPTSSA,0.5014835927793824
ARNTL,-0.5613201841811964
RWDD2A,0.3133504179490096
BUB3,1.1974917188956324
XPO7,4.110690093592403
RWDD2B,0.29388844163845407
APOO,0.2498043276134538
CETN3,0.28774808580243993
CTNNB1,-0.4114439327895484
JAK2,-0.6953742542738935
TMED10,-0.2566776955320172
KIF1BP,2.7601160964380544
TSPYL1,2.6134254841451385
ZNF226,-0.42128063951126066
CHUK,1.1511108963680463
INSIG2,0.48860006263421074
CSGALNACT2,-0.1581312056701233
SLC39A6,1.9011198862662422
PREPL,2.6564390602646655
RPS6KA3,0.40041677031383466
CSNK1A1,0.15046185888157781
C5orf15,0.3448805690517067
GFM2,0.6657772668038621
ATAD1,1.3437356467670853
SLC35B3,0.3675646655820071
TTC37,1.7202523851354035
MINDY3,0.35878155101146386
MINDY2,2.661431928555884
EMC2,2.360706795000511
MINPP1,3.4502073875119033
FBXO38,0.1616520007209463
ECHDC1,2.9667927285952866
SOAT1,0.23238960195605735
SMAD4,-0.9201860288222831
RAP1B,-0.06455237758292738
RAP1A,-0.5482693374671772
AP1AR,0.08340930498475539
DCTN4,3.4842350184405593
LRIF1,0.24480348206739058
NCOA4,2.5931143751423353
CCNDBP1,0.9979999123198569
CRYZL1,3.663177940322585
ALAS1,0.7892151471735188
CRBN,1.7300737076729293
TM9SF3,0.1219565686261262
TM9SF2,2.439212025644823
TOGARAM1,2.0726124889044226
AUH,3.149564943956575
TMEM59,2.509518965776437
CIAO2A,0.3859821190210448
TCEA1P2,0.25953898664804603
PRKAR1A,1.2462198345449595
SAR1B,0.2284348164145689
SCAF8,3.2986033166307
CAPZA2,0.9817425927520095
PEX7,9.831083414429536
PRRC1,0.16675667439281902
SUCLA2,2.6433217963410764
ATP6V1E1,1.2361590990241977
TBCA,0.75433476798195
MORC3,-0.3332487720659248
ACTR10,1.5505590969076006
CPEB4,-0.34041833046761244
TMEM251,1.6724669025674537
CAT,4.213106304249964
EI24,0.02808981383246604
RAB2A,0.6039805183122567
C10orf88,0.2882089334133584
EPS8,-0.485858521741605
EPS15,1.4271181973996292
TOB1,2.4700172254378585
PRMT2,-0.351432321952102
CLIP1,0.5449254345906326
HNF1A,-0.25208663244663515
ETNK1,1.1651855557299189
ATP6V1B2,0.28091915759675173
CDC37L1,0.2198001458262647
ARIH1,0.3982861517879406
CD46,2.562607130240288
HIKESHI,2.2045289513639696
FPGT,0.5757377373903075
LPIN2,-0.028116796884227524
CGRRF1,0.2739284853048777
RAB21,0.12334796882222455
LACTB2,2.8784356899654036
DMXL1,1.2747598764330355
NCK1,0.2711874605806744
EXOC5,2.8953058374526903
MBD4,1.0673107824691157
PPP3CB,-0.34060526083209264
SPG11,-0.2615890603430787
BZW1,1.5776692194533346
MPC2,2.708189982755739
MARCH5,3.3481327721446132
MARCH7,0.6528767671773918
RCBTB1,0.08268702199418068
SLC25A12,2.027335465017505
ADSS,1.7875303970774745
B3GNT2,1.4833833275499604
NFE2L2,0.6124956799127953
DYNLT3,2.4303918675805134
TTC5,1.7031919487054978
RARS,1.4541983508001701
GMCL1,-0.13952024842750096
ZNF263,1.1820583372485158
MTMR6,0.008021434715181084
TSNAX,1.7330619710017656
UTP14C,1.4673511892955524
SEC24A,0.6659824993974753
TERF2IP,-0.4030257805382333
SIGLEC10,-0.7508644721340533
SIGLEC11,-0.38866295949526164
SH3BGRL,0.39789743650581566
HTATIP2,3.1611268892682673
SYPL1,1.7398108666812808
OSBPL11,0.9195535689387152
SCARB2,0.02625541201705568
MRPL42,1.3757611899045556
RNF103,0.14738074765456582
APC,0.34123663817227046
UQCRFS1,1.2055515139957114
YIPF5,3.607770731198089
YIPF6,0.5254388383975171
SNX2,1.4953544049744334
SNX1,0.0383747821723523
ARFIP1,1.7502826999922714
COPS2,0.4281949695233294
SERINC1,2.3771328679285704
COPS4,1.2580382380621837
ALG5,-0.0948725960254882
MED7,0.1643067951605411
BLCAP,0.1829231620530964
SUB1,-0.16565028315162975
RAB11A,0.7928533082083715
DERL1,-0.10721348950580718
C11orf58,1.4140583929469297
MAP1LC3B,-0.5047873331870607
OGA,0.35320220892691795
TCF7L2,-0.6911897389952345
TCF7L1,-1.810068308394185
DLD,2.1618752849306495
DNAJB9,0.9652546141090141
C12orf29,1.3279393952016572
RFK,3.541177504380308
HAT1,1.7802073237875882
C18orf32,0.8716570256549117
KDM3B,1.4016260970483936
RALB,0.6680361487973806
MMUT,4.2755422880981016
TMEM126B,0.2417721750806368
CCDC47,0.839356782621729
ZNF236,-0.7653657141560213
AIDA,2.2022264245992647
STXBP3,1.298410329746566
PRKAR2B,0.31670339833076083
AL136295.5,1.1920387843203553
FECH,2.9053999572328952
BET1,0.22494657377537305
TMEM14B,3.714163957372964
TMEM14A,1.084944628398397
PSEN2,-0.260913934334147
PSEN1,-0.25740068363335095
DNAJB6,1.617542276154338
ETF1,-1.0470252218765572
NDFIP1,0.5033286992084746
CHPT1,0.7382227555703073
TRAPPC11,-0.11693451927386114
TRAPPC13,0.31319973016255176
RAB14,0.5656239160754294
THAP1,2.6786082679808714
HNRNPA1,-1.3472753548969916
RAB6A,-0.1467627960566005
RTCA,1.738496654425917
ACOX1,5.200398688992894
STX7,1.6632124128518821
SHOC2,-0.04148020833103827
SGPP1,1.7112444350922429
RNF141,1.9122787190976493
ATP6V1G1,0.8860360843882842
TBCEL,-0.6873226905462674
GRSF1,2.115327933271375
CAB39,-0.02211548310258744
PRKN,1.580366625363618
NFYB,0.37543364724462497
MEGF9,-0.12543212083680702
RNF38,0.0019297188553889476
SMARCA2,-0.3780625613088369
RNF31,-0.499295990999618
IMPACT,2.4409231460800784
NPTN,1.3872661911584492
GABARAPL2,-0.29915273497026845
DDHD2,1.8976495820090902
MTX2,2.038558719790249
FEM1B,-0.34044779657630103
ARL6IP5,0.2882509464855004
PCMTD2,-0.3374406937566131
COPA,-0.7354400849643027
MAT2B,0.11473384316606916
MFSD1,0.24875293817926106
MOGAT2,1.157379915230023
GLRX,1.97794280387382
VTN,0.7147694672493327
CTNNA1,0.08451508020692537
VAMP3,0.07050586705325397
VAMP4,0.35553093332166935
VAMP7,1.6966194308972586
WDR47,0.2136779310201597
ROCK1,1.3807042474856088
CUL4A,-0.7516761230725341
DCAF6,2.86664686009295
WBP4,-0.28244902296215363
PCCB,0.4989266905262605
NDUFB5,1.5859267931807466
FAM3C,1.294099357493617
NARS,2.492585259563866
SLC30A5,0.2374317568836093
TOPORS,-0.31161645369459434
TENT5A,-0.37635918024067533
CUL9,-0.17218174168909625
CLINT1,1.0689804885692211
PPP3R1,-0.6381527164674919
KLHDC10,2.5661363133982045
SEC62,0.3909796735687428
ANKRD46,-0.08057626675647932
ZNF200,-0.14655043652518848
CLCN3,2.0357845499122096
IDH1,3.4433293199154544
SH3GLB1,2.0965936272954258
TRIM23,1.1412168242203413
USP21,1.6406717589002828
GHITM,0.406231396190007
PTPN11,2.566265740872525
JKAMP,2.585646115187162
PGGT1B,2.2832723264283596
CCDC28A,3.6042008125583354
KIN,1.0458412506251678
KPNA1,-0.4603145464265017
COPB1,1.4496856934569404
RNF216,-0.5236816089765575
MED21,1.6329164091006954
KAT2B,-1.0813604250147157
IARS2,3.0828292423238954
PPM1B,-0.7026555653569728
PPM1A,-0.7515724514625143
CLDND1,1.8411583752721346
VPS37A,4.915637335560656
PNPLA7,0.29128927461570775
ARMC1,0.6363081479296002
UNC50,3.0167157876709223
GSPT2,-0.5552156801301845
GSPT1,1.1396416783698966
BECN1,2.3395536628013267
RNF144A,-0.10891126395732033
MAN2A1,4.0315891679773435
UBA6,2.1136067127864573
UBA7,0.45434849067948946
ATG12,1.0617505712150384
UBA3,1.5221884270264188
RWDD3,1.8139209210460479
MRPS27,-0.40033312485364203
UEVLD,2.5709815533271594
VPS26C,2.8078347564063617
PHF7,-1.0833709691322135
BAG2,1.5042146190160273
FBXO3,0.44715315659575283
RHOT1,1.088123215243078
FBXO8,4.772014495681369
BCAS2,2.5554603112630825
CAPN7,1.1701188718899214
OPTN,1.8458827312100128
SNX13,1.2464113076150247
SEC23A,0.21845002965955926
ADIPOR1,-0.1907155212796237
SNX19,0.7007906094332482
ERC2,0.04491069423774933
BNIP2,-0.26381010429186597
DPM1,1.2329341788855384
NDUFA6,1.5546406022134298
NDUFA5,0.19761146518980446
FBXO43,0.020935076000563633
PRDX3,2.2970181890992905
RABIF,-0.15204555063094202
RWDD4,0.5777318876530017
GALC,2.718045318491917
ATXN10,2.8512716525533803
ESR2,-0.7491540712111923
EFCAB14,0.22763930329418683
NRBF2,0.4071501989723601
GOLT1B,2.9519839629747366
MRPS35,0.8971049646765857
ISOC1,0.40517608820567574
RWDD1,1.4936933091965956
EIF2AK4,-0.31868332651435666
HIBCH,3.570434274506601
DTD1,1.5277862119666754
NECAP1,-0.0424161044399608
BPGM,0.09483034532643399
UFM1,-0.07753162197645375
BIRC2,0.24908531964211922
MOSPD1,2.537258628993446
MDH1,3.0068609191906988
MAP2K4,0.7117266097466753
PEX13,3.924922626275982
LPGAT1,4.168505719780583
MICU2,1.7097212656419727
RNF170,4.0255899867463905
ECT2,0.6150865018808677
STAM2,1.5937987408997105
SCAMP1,1.9055296131123338
TMEM192,0.2235149778516724
SYNJ1,-0.5561298773604123
GLT8D1,0.40793018796814684
ATP5MC3,3.353295960680164
CNIH1,2.195810595628265
ANXA4,0.05416521336300179
ANXA7,1.3607576888481587
NUMB,-0.6025809400425598
HLTF,1.1981879107014455
TAGLN,-0.9395377998931552
PPP1CB,-0.7987789917514324
RNFT1,1.2100456171458778
C1D,-0.6084902116204131
HADHB,2.965096113389387
NDUFS4,2.504397433113752
PICALM,0.37378584769911494
TM2D1,3.28341244235568
TMOD3,1.4989778553414932
WASHC5,2.3048163218281497
LYPLA1,1.9880725631715956
SEC24B,0.8571168922863437
SRP9,0.8082363658178017
OAT,1.8933151224387619
KIFAP3,0.9384937577325502
LEF1,-1.3248938306282818
CANX,1.1712982706551764
NDUFAB1,1.1390131669301724
ZNF140,-0.3864166857246477
MRPL3,1.4500317241546945
MMADHC,2.3021032893734334
LIG4,0.8794184468003681
GOLGA7,0.9077169182802135
NNT,1.7310349815355743
SOD1,1.6244920832786964
SEC63,1.807267125701761
SARAF,0.6285133509617522
GARS,-0.23163783419912615
TRMT1L,1.1473916972298617
TDP2,1.4434402592662265
SCOC,0.5414277230464803
ACYP2,4.06781619430781
PPP2CA,-0.018707209808120316
ACSL3,2.4188384839156485
WDR59,-0.10446448179805223
ASF1A,0.5423373769503517
RNF8,-0.5831145829083658
CCNH,0.36931738236887646
ZNF217,-0.5327510836466641
VDR,1.44957454263287
METAP1,0.912375230057891
TRAK2,0.38404939086990036
PCMT1,2.3775000844535095
SLC25A32,1.0339818686249496
PNMA1,1.0706069781927896
NMD3,1.0828109057107802
FAM177A1,2.018043725905659
DCTN6,1.1490502109183944
CMAS,1.9575275156103955
LANCL1,2.546930980349798
SLC35A1,2.191936103852767
SLC35A3,1.6905546235440472
UBXN4,0.7738972651376752
PRELID3B,0.09984639427814976
ORC4,2.2520471227412355
C5orf22,1.913175045783652
TTC1,1.1642504781284715
RCN2,1.3674834203677018
DCUN1D1,-0.10083012750662979
SLC26A2,0.24290768331367718
DYNC1LI1,2.257516962379291
POLR2B,0.09771981762130955
TRIP4,0.4607817639053408
POLR2K,0.9593956104174913
STRN3,1.6861736281483695
HADH,3.4515662162218046
SLC25A46,2.8209407106693125
TNFAIP3,-1.24422880186467
FAM8A1,2.6227374424329626
AP3B1,1.0228056179756027
RBM22,-0.5564198004152461
SNCA,-0.6181729348710787
ACTR6,1.2114024323892565
STAMBP,1.785904306139414
APOOL,0.5802865388760776
SDCBP,-0.45951664321308017
ATP5PF,1.9949201589846532
CCNG2,-0.3905075824333724
ATP5PO,1.1664090338105797
PCDHB11,1.343702945758695
NCOR1,0.21049199526652088
LMBR1,0.18929791869562887
TMED7,0.8736118337869071
TBC1D9,-0.2021110961870357
ACSL4,1.2649451019816709
TMED2,-0.1588654727063687
ARPP19,0.49889046282678795
MRPS30,1.8470662231755768
MAPK1,0.17004555710680452
MAPK6,0.061949711481964584
SACM1L,0.21067409043275487
TMEM30A,0.060441440820528394
MAPK9,1.05298827811512
REEP5,1.5816288210593437
ARMT1,2.1153189050909416
RBL2,-0.7399795342017224
PAQR3,0.13713116541812972
RDX,1.255304676002261
SERINC3,1.563884357965477
COPS5,0.4526944014172957
CRNKL1,-0.1435332543519294
DEGS1,0.30191646834809766
YTHDC2,0.1702446275883039
VPS26A,2.4645624707133504
SPAST,1.4265570195751902
ITFG1,2.9164288053075067
MORF4L1,0.6760843529848374
PRKACB,0.0009286287833216756
PGRMC1,0.6381438168003367
DECR1,3.7070093114332656
TMEM230,1.786782510888815
ARFGAP3,-0.9191217065219042
CLPX,3.5201651634398288
LRBA,2.9655279022784784
ACVR1,-0.2377805287508809
CD59,-0.2476003161207374
CTDSP2,3.128463481950877
NRIP1,-0.3988578148885346
DERA,3.1187186713910235
CAND1,0.6332002215802746
UBQLN2,-0.4985008664588994
BLZF1,2.239999102164819
HIGD1A,2.297934741634395
GCLC,0.6943158174093387
NR3C2,1.02359577135625
NR3C1,-0.48831715219201116
SRI,1.2789179117776097
CRYZ,1.639873459382094
GTF2H1,-0.47705624772593086
USP12P1,-0.28003009144813207
TMX4,2.590125829007943
AKR1B1,2.1407046081862378
TMX1,1.516088036689941
DACH1,-0.14599725366014993
CDV3,0.012707713448079675
COX7A2L,2.4259433644650397
SEC22B,3.26796954259489
DAZAP2,-0.2281793591881846
ESR1,-0.07506323932640468
TAB2,1.7506222607575872
CD164,0.3540621139853309
RIOK3,-0.2569529775478251
TARBP1,1.6430683820384728
ACTL6A,0.7077249920365659
SDHB,0.8956613810811318
GDNF,0.3956492520763531
SDHD,1.6384830348128
RNF10,-0.07882744554632029
DBN1,-0.7848644430119972
ACTG1,-0.10627743598640274
BLOC1S2,0.2755059574239352
COMMD2,0.6176830860271182
CAPZB,-1.2552341673256011
ELAVL1,0.24171331937580065
RC3H2,5.074140381066743
ARL13B,0.04515602730327702
GFM1,-0.34971740880207697
ITGAV,0.450939391383791
SMAD5,1.1089688121199526
AP3M1,-0.1918670440454864
SMAD2,1.3302320365882152
MIB1,-0.15134153001318199
XIAP,0.9485595534974881
AMMECR1L,0.3452676883974413
RBM12,1.5096913266708092
RIOK1,-0.7436910812477607
CMTR2,0.624323398607112
MOB1B,-0.40866371930883577
EEA1,1.1320790701119825
SELENOF,1.763483554767355
ITGB1,-1.0414515290284108
THUMPD1,-0.36368452887137603
BMI1,1.3895296043981726
BRMS1L,-0.9586913789293544
THAP5,1.153709732279411
FAR1,2.5794232853824504
WDR77,0.6635729986720348
SLC12A2,1.1164064632032902
SH3BP4,-0.6525790847040739
SLC2A9,-0.25128767674693964
YTHDF3,0.8669689193920327
MED4,-0.46010195523896913
VEZF1,0.6013803020495514
CCDC6,2.1473294933578244
DHX40,1.0989308456591267
HMGN4,2.282622593703112
OSTM1,0.5065855684113726
RPS6KB1,1.0781270044718398
RANBP6,0.7902191286443854
CLIC4,1.3894797574128308
SMNDC1,0.35077057751218
USP8,0.4359624333962965
MTERF3,1.7328587631360322
AP3S1,1.2037035141771393
IQGAP1,0.034762600731697096
ZBTB2,-0.15581150432446703
PAPOLA,0.46783276889232106
DPH3,2.3895944029403458
PPIL4,4.010375273456974
TMEM263,0.5442735672952236
TRIM25,-0.4639399647737524
PRMT5,0.5183403497327883
DNAJA2,0.9803449262220599
GSKIP,3.7986621932641946
SEPT6,0.048095358103771184
TWSG1,0.9722606444163011
USP46,-0.041576180036394295
UBLCP1,0.03992381075525004
UBA2,0.00014501249547264257
SMIM15,2.0248034510754076
MYO1E,-1.3295557976646746
PHF10,0.6096304369979137
BTBD10,0.24095757424961964
ZNF532,-0.8675334477014537
GMFB,1.0849667801742933
APLP2,-0.22454745567836534
VPS4B,3.2567666458620907
MAP4K3,-0.17328636541795997
BIRC3,-1.1348266586867668
AEBP2,-0.40502794903773454
ABCC4,0.48450082143833884
TMEM167B,1.224356895808633
VEZT,0.11482582945528336
TM2D2,0.8029919981063828
ZFAND1,0.29007247161813915
GSN,-0.8611694961676877
SLC39A10,0.09336418360714167
ZNF146,-0.5946337457878145
GOLGA5,1.5427559558916344
URI1,2.3038931771139834
OTUD6B,0.1623030476580856
PCGF2,-0.20064420092126461
ADAM9,0.8741952063392435
NIPSNAP3A,3.1174034035706573
ANKRD50,-0.4607878148947552
METAP2,0.2686089798324283
THAP12,1.5026192410024581
TOP2B,0.8245342953125893
ARPC2,-0.7889756107859265
ARPC4,-0.825719419802177
TAF9,1.403149942992181
AGPS,12.071887647390595
RAD23B,0.6348603684616548
HNRNPR,-0.07064407665893421
TCEAL8,0.5993577391549115
AKR1B10,1.4997753320671106
ZBTB41,0.025388018778990884
TATDN1,2.380768099471432
LRP11,0.5122555691419599
DPY19L4,0.1818232632097399
HOOK3,-0.8292528803057857
LRRC57,0.25054677470406583
USP14,1.4020444976431996
SSBP2,-0.16538926903141887
RASA1,-0.45524058312816246
SEC22C,0.2455375302637722
GORAB,0.2576723668414312
BCL2L1,0.2426032427768937
MOV10,2.6272904059433286
GLRX5,1.369602798901364
PSMF1,-0.36449281724620697
MARCH6,-0.19583278602316587
ZFAND3,-0.556591785397938
MARCH3,0.5717465589123822
MARCH2,-0.017579814229545375
SUPT5H,-1.638119913102355
HSP90AB1,0.11517647291638589
FLII,-1.8906811619549708
PTP4A2,-0.05494425345786001
RELA,-0.9998772243004496
SETDB1,-0.8407642413353408
DYSF,-0.6202491549374689
RAB5B,-0.4065119947796317
R3HDM4,-1.1946812369265627
TRIM26,-0.557137037068858
UTP14A,0.6429814716682859
SEC24C,-1.0202799033124277
CHFR,0.07847772365907627
MDM2,0.17599333133312378
SHMT2,2.277236549129159
GMPR,-0.31527403153521505
RNF181,-0.23374274124701883
PPP2R5B,-1.0830952483931244
TERF1,-0.5946137866342985
STRADB,-0.7493949917051362
ZNF592,-1.2392064991565424
SLC25A37,0.4310628959099272
PINK1,2.688566392903369
SEC16A,-0.935389478558103
EIF5B,-1.0767590410893284
NPRL3,-1.0447091829049935
XPO1,0.12736029962171277
UBAP1,0.6494920615023494
UBTD1,-0.3925270668457599
PPP6C,1.609621254650468
UBXN6,-0.7546481341031611
CCDC90B,2.213980382320411
CNPPD1,-0.49787032321360764
RBM38,-1.0177481075637502
NR1H2,-1.0151752717105011
MAPK1IP1L,0.0037642286026540357
NXF1,3.0676159222849817
SGTA,-1.0707987824510552
COL4A5,-0.5702742477645603
TP53INP2,0.8824048008688838
GRB2,-0.9755330988401782
PSMD11,1.945208600335662
RRP12,-1.1479997385172382
SRRD,-0.26551080287243584
RBM28,0.53364991121363
ACADVL,2.3846904008042134
KDM1A,1.087365867768154
BAG6,0.21486817587900148
RAD23A,-1.1990240913002772
MKNK2,-0.8678279036823321
TLE1,-0.17525785840824767
FOXO3,-0.9691834283320565
SLC4A1,-0.6107424499242801
RNASE3,-0.5224297810048797
MEOX2,-0.7651448453234816
STRN4,-1.1417171144240785
MLF2,-1.1737156024834239
SRPRA,-0.7689386629416868
NOC2L,-1.2740805585733004
ALAS2,1.6932427136590464
EPB42,-0.882749662976044
ENO1,-1.2348385951426004
AMFR,-0.09091273743396536
CS,1.1675985501758275
RMND5B,0.24745685284699684
TARDBP,-1.1629416001411452
EIF2AK2,-1.1411563882102649
ARPC5L,-0.5202902412133931
RNF149,-0.2757015906772639
ZBTB14,-0.36160814819476794
HSP90AA1,-0.07484890699705378
ZMIZ1,-0.7889824374699406
KCTD2,-1.0043976981923013
EEF1A1,-0.5334416794623228
CHORDC1,1.0788011690384929
PSMD2,-0.0009358036218114269
MAP2K3,-1.1338399233900913
DCAF12,0.8894911430540547
PON3,1.6401216206784768
EED,0.46083454671092183
SCAP,-1.2158815308957296
RNF32,-0.7352619737791694
TAL1,-1.108530303396184
WRN,0.6069928868223037
DNPEP,0.3511923716857024
CANT1,-0.3170306617678714
PSME4,2.0563087931463
ASCC2,-0.9768026226141172
RNFT2,1.2840137920840726
ACTR1A,-0.9414952366013541
TULP3,-0.37166422366458424
MAGI1,-1.0009368913897019
ZDHHC17,-0.007517607650593727
GOLPH3,0.024699477510396937
RNF13,0.2871552441914386
HOMER2,0.1147866109241661
IL6ST,-0.3998437474725586
MOCS2,2.5562664713917336
P4HA1,1.2475185699476965
SRSF11,-0.6051394982073383
PDCD10,0.7475181034505833
DYNLL1,0.5252032893576132
LEMD3,-0.442441318369851
GAPVD1,0.5410191382941373
ZFYVE16,-0.21368549201329348
FAM114A1,3.910930310005033
YAF2,4.219787211601697
ARHGEF12,-0.23052557456311867
ITPRID2,0.16414460700349248
PIK3C2A,-0.5862129887227525
OSBPL9,0.5856687084977396
SNN,-0.4315091887656513
PTEN,-0.38797725103479597
CDKN1B,0.24680555586576686
MYO18A,-0.40426993247333726
PUM1,0.32953863549699625
CRIPT,1.919083500859166
CCNT2,0.576770678422799
WDR44,-0.23143819069143076
CSDE1,-0.3193270200668223
WSB2,2.4037765250488916
JAK1,-0.8084296451329056
SPRTN,-0.2702133665768005
ZEB2,-0.8319359666993452
DSTN,2.3490677650322707
CAMSAP2,1.2110759015367691
PSMD14,0.8624283148984274
PSMD10,-0.3216951658682434
CBL,-1.2628103094521774
PSMD12,0.18488424153740324
FBXO34,0.694774114554742
WDFY3,-0.37376490022882203
FBXO33,0.22973671200111867
ANKRA2,-0.033060590898734935
ATXN1,-0.8925325490204093
RALBP1,-0.18656034667105176
PRNP,0.4137586288275373
TNFRSF10B,-0.7556875428772445
ATP6AP2,0.7368313086664668
KCMF1,-0.058736390566260295
MARF1,-0.5774945331444956
PYROXD1,3.004919964363603
ARL8B,0.853650386178074
ANKRD28,0.8911254806690818
AP2M1,0.15555898741135937
SPTLC1,1.7107936040810234
HEBP2,2.7301481986622957
CPEB3,0.09110853539043305
HS2ST1,1.8759513925953186
LMBRD1,0.7286653444666512
CAPZA1,0.45652016760173814
RAB33B,-0.19978674028106722
INSL3,-1.0653528478574685
ZFYVE9,-0.5743820331160933
AP1G1,0.5843510025899521
MMD,2.5676661085308035
ATP11B,-0.32832093214345937
RBM7,0.09071298567864695
LAPTM4A,2.3105433668913045
PSMD5,-0.5360520309570156
PSMD7,0.8766705858379215
PSMD6,0.8319198137487199
PSMD1,1.430254624753671
PSMD3,-1.3045896774085102
QKI,-0.5456469646614431
ATP13A3,1.9061506698714192
DYNC1I2,2.5475552891675735
RYBP,-0.39605158338919655
EFR3A,0.9072063828367828
PSMC6,1.5182398803560595
APPBP2,0.5893728787568318
RTN4,1.6330962379161253
HGS,-1.3658622578501831
RTN3,0.39928136802363595
RRN3,1.4795551242095004
MCFD2,0.015291301274994699
NCK2,-0.6266104951117843
SLU7,-0.3630872951068798
OSER1,0.626673938519886
TMEM41B,1.3568206153276123
MARCH4,1.5276257872650836
TMEM131,0.06331593315575654
MARCH1,-0.4528539293725663
IKBKG,-1.0531203529098678
IKBKE,-0.9385827620248207
USP24,0.48637302098757357
MARCH9,0.9197683561548878
CCSER2,0.10611214328040663
GNG10,0.42561239062524603
SRCAP,-1.2618143450241075
TSC22D1,-0.4964434953248448
KHNYN,-0.8325850565216953
PAFAH1B1,1.7984376635557915
CNEP1R1,0.8102303096545778
PTTG1IP,0.11431845586234209
ZC3H11A,-0.27789079352777757
APP,-0.291084493399611
RABGAP1L,-0.7283519772667455
EID1,0.3534841312938443
TMEM47,-0.18221140023554874
PLAGL1,-0.7040790563754731
UQCRC2,2.4503838177032735
SNX3,3.2881815413335915
COPS8,1.9758730142605434
ADNP,0.905213502682086
CYB5R1,0.8262478121018221
FUBP3,0.7914073428509828
NMRK1,0.4913977423858707
STAM,0.8938370530089436
AP2B1,-0.338114751171886
YPEL5,0.10116952182653721
NEK7,-0.09179056756422006
USP7,0.2677231357519402
KMT2E,-0.6747750025319609
PLA2G12A,2.705439285285113
ZBTB11,-0.35279476796615006
UHRF1BP1L,0.018216498804626124
GALNT1,1.6044476396002603
BCAR3,-0.6535441650576482
FZD6,0.41601537562198065
TRIM8,-0.3793015344316338
PFN2,1.5245403478733812
CREM,-0.8417299584991099
RSL24D1,-0.333332965482241
VPS51,-0.7183474981655055
CREBBP,-0.9567849979654429
HDAC3,-1.2054488416795708
HDAC2,1.320814600181986
HDAC4,-0.956706232941836
ANKRD13A,-0.30964828139945255
ELOC,0.2906798419537359
MLF1,-0.7399533555469232
TPM1,-0.9397117322177446
RAB18,0.5928605144273331
CCPG1,0.45527078764950973
RANBP9,1.2127002585789037
FANCL,1.0127819545594314
LSM14A,0.7177028322176503
RANBP2,0.30529374856836267
PLPP1,2.900992292216289
ACVR2A,-0.5560234216431226
UGDH,0.2599427353501823
SSX2IP,1.1073260604722852
ACADSB,3.5891705135616743
REEP3,1.823019879961245
RSRC2,-0.3214848033525228
STX4,-0.42968083296626136
RNF145,1.6184800518725408
ATP5PB,2.468324030620084
USP2,-0.6142497135813857
KIAA0232,1.0311456875438085
WTAP,-0.22725168771663792
ERCC6,-0.8067992275412199
MYO6,3.343687456019012
RPRD1A,0.3047435017771256
MCL1,-0.7973769463892598
NR1D2,-0.3383159464282744
YWHAZ,2.5321371825776704
SERTAD2,-0.37599837474090514
SUN1,-0.04961159349798944
RB1,-0.2853344229315304
PHKB,2.0458297697997967
MED13,0.8112191316955669
GDE1,1.6344555964497298
MED17,1.7934145969696376
FEM1C,-0.5723778757662298
AMD1,2.1030881991627264
CDC42EP3,-0.5286273506350713
VCL,-1.070230268442974
AP2A1,0.208518712232613
FYN,-1.7553120465376484
AGTPBP1,2.423951976990763
PHYH,9.797960739195284
ABI1,0.5810532010920714
AZIN1,3.479862084269929
GGA3,-0.7215260915636423
ATP6V1C1,1.8446401720120114
WWP2,-0.6826934373786504
SLC30A9,2.456932892205627
ATP2C1,0.9300528788760261
KIF2A,0.9575699657416384
MYCBP2,1.3074196387437416
CALM1,-0.13584464073616057
GADD45A,-0.6964155040126327
CCDC91,0.21241080628939657
MAP3K5,1.2566846085748464
CYP51A1,1.2582446170148105
AZI2,0.48877400990020414
AUP1,-0.36817251223429714
TNIP1,0.13163709845133334
PNPLA8,0.7587390912642038
FNDC3A,4.022572150611335
USP33,0.7145897517454346
MAN1A1,0.1981291543639795
SMPDL3A,2.842724423146109
CNN3,-0.34300085390238017
AKT1,-0.10345409341390976
PTPN12,-0.585416173958851
KPNA4,0.21987473613797856
BMPR2,1.2014472471870692
PNRC1,-0.28655129037104665
YME1L1,1.5143966782080558
HIF1A,-0.46423639366636726
YOD1,0.027609130732517136
FOXJ3,-0.4325076284871339
MATR3,0.30484599475633667
ARHGAP5,1.2039700836338136
SEPT7,0.5902689302907308
ACADM,3.4334884347205863
SUCO,0.9170027083378226
FNBP1L,0.14281417717643388
AP2S1,-1.1897913112480614
EGR3,0.32930466525418756
JUN,-1.2144575858152542
SECISBP2L,-0.25002697619726694
PLEKHB2,-0.0736418590864915
USP15,0.2991231218947886
RNF139,1.4910772601559956
PDCD6IP,0.8774635207170415
EPN1,-0.6164946581327094
EPN3,-0.3818948846633224
EPN2,-0.28480920875558974
TIPARP,-0.36245868634886147
THOC7,0.507722638938957
CAAP1,0.1358966145585628
ERBIN,-0.689110707927586
TPRG1L,0.5826821446496134
CTBS,0.5592175229934582
PPP2R5E,0.7258847401612396
PPP2R5C,0.14584324267133741
EIF1AX,-0.6370439279481844
GNG12,0.30302770837320453
CHMP3,0.638106321115769
CHMP5,1.9736181450421426
SNX16,1.9357464930584278
SERP1,-0.02503332547182163
PGBD3,-0.23278974920722487
STAT1,-0.6336879532907912
HPLH1,1.9184511504491224
PSMA5,1.1456803925213215
FTH1,-0.3252472938134896
MORF4L2,-0.3942513131236105
BNIP3L,-0.10846015071663556
RABGEF1,-0.32935491065291606
USP5,-0.19993081754960298
RAB1A,-0.03261543500124394
TOMM70,0.44259904805229144
EPRS,0.6063152337183351
EZH2,2.1926215646496434
TBL1XR1,1.9860751135909787
TDG,-0.18925289611845425
C1orf162,-1.0922474778319171
PHIP,1.4101197793770495
STX12,0.22381941833303473
CSNK2B,-0.256425394794741
CREG1,2.705694198332156
JARID2,0.986300857737411
BMPR1A,-0.11721675801013233
PSMD13,-1.1797391944261604
RB1CC1,-0.2058502888553877
ANKRD12,-0.6008132849496141
EIF1B,1.9096547672364919
NAP1L1,-0.2603106728048505
CALCOCO2,-0.3656559891923449
BNIP3,3.8683311610217483
ATG5,2.1406520375197515
ZNF350,-0.38666944308315293
ANXA1,-0.19958475463685701
DCP2,0.4561769914042873
PIGK,2.539586820374451
TP53BP2,0.8705929863690703
GABARAPL1,0.7479577843938868
DUSP11,-0.008361484193090653
TAX1BP1,0.18983725264063386
TSPAN3,2.271876178944323
HBP1,-0.17084191954397868
TOM1L2,-0.25825460280469387
LAMTOR3,0.21512990403690327
TM2D3,0.312344099017413
ZRANB1,-0.1637278900441126
CRY1,0.7378822950429401
ZFAND6,0.23812543852443943
CREBL2,2.142080318327803
LEPROT,0.31599961308463453
CDK2AP1,0.008639025318971538
MBIP,0.12334987117888585
STK17B,-1.0506245945218684
RSBN1,-0.39517766907533103
MFAP3L,1.4445780943620452
KRAS,-0.07511646899138869
SEPT10,2.495833076711219
ISCU,0.40751978550613766
SOCS5,0.8686648401832979
DDX3X,-0.11487336540051858
ENPP4,0.40807463657695775
CSNK1G3,0.9340482663233002
VAPA,3.627913428419214
TSPAN5,-0.12990544922153638
ABHD3,2.0759904732151937
CSNK2A2,-0.20086740788932647
TWF1,-0.09074336505701545
PCGF5,0.013424296743213913
EIF4G3,1.5313680648721482
PPP2CB,-0.6508987346296903
C6orf62,0.22136925542940578
MARCH11,-0.25705953161558026
MARCH10,-0.4015584924260832
ACSL1,3.1756426308450862
DNM3,-0.26053276099549993
ARID4A,0.1674579030036307
CD2AP,2.0534739223861607
NCKAP1,1.618357848287112
PIM3,-0.9860608713342165
CHD1,0.06421567600036514
POLI,-0.015806218048100815
SRP19,-0.4129015524540565
PTS,2.3900923956336197
TXNL1,1.7722872019151583
RAB7A,-0.5847630177593167
PIKFYVE,-0.5253176475227134
ARPC3,-0.5727036788299148
DCUN1D4,1.1614984761660772
EIF4E,0.41511879405819135
PEX3,3.492020341430611
LEPROTL1,1.6342995586018851
TAF1,2.706400673036714
SLC25A48,0.4528706555303552
GCH1,-0.3981178243808633
ITM2B,0.20713523845062426
RNF125,-0.23845438822928855
ACTR3,0.06705041186711057
BTBD3,-0.08439691348637568
AASDHPPT,1.570955993942674
ARMC8,1.0023751854848382
GNAI1,0.547419119528683
TNPO2,-0.5406400971071988
TMED5,1.263746452889512
TBK1,0.41406627385835215
SYVN1,-0.057311689171356206
NFKB1,-0.9624614564798961
MAPK8,-0.8873035496396808
SNRNP70,-1.5335421194491419
RAP2C,-0.4634394282899359
ASH1L,-0.915220802397415
GGA1,-0.6476360483002422
GGA2,-0.29422210919925124
TCEAL4,3.2742096387123354
TRPS1,-1.0073883175091862
ADH5,2.3901235817865665
PAIP1,1.3650505423834391
STAMBPL1,-0.29891617920266184
KCTD3,-0.05193146183377128
CD55,-0.55604757284047
RIPK1,0.27645988928217236
ELF2,1.2813752078489409
HIST1H2AC,-1.068841440291437
YWHAQ,0.5439633713451933
UBQLN4,-0.8700196026173406
CCDC127,3.0356572950075016
TANK,-0.05327056607482919
PGRMC2,2.111493776333377
TRAF6,0.2969257287903909
PDIA3,0.07381049050611915
GTF2H4,-0.6636322592889333
TNF,-0.7295509178928442
TVP23B,0.19352817391470545
NDEL1,-0.5499081466963277
USPL1,-0.006768014873053131
MXI1,3.6530022840306207
RNF168,-0.3317924419939798
TXNDC11,-0.3748259507124049
PTPRC,-1.224713158217763
G3BP2,0.6815691764388943
RYK,1.3582217434904413
SUMO4,-0.7891356361630726
TYK2,-1.7560995459321789
NCBP2,0.9253827192511044
NPC2,-0.5021436978069473
ZSWIM6,0.08311789434236745
WDR7,2.2953381271639706
SLC38A6,0.3504307740951527
C2CD5,0.5011278164750722
FXR1,0.8593760929786826
PIK3C3,-0.6116233717406344
FAM172A,1.8000155463690308
TRAPPC8,1.2950770100111384
GTF2F2,1.5778066413989997
LITAF,-0.5761283942088831
SPPL2A,-0.8435393567179542
HSD17B12,1.6188690175011626
HSD17B11,2.532344732257996
PNISR,-0.3954998071962929
HSP90B1,0.031211623313476395
TPK1,-1.1029524639289765
GPR137B,3.168649659937824
BAZ2B,-0.5440474923088204
IFIT1,1.8332565827251621
UFSP2,2.288402062461797
BRIP1,-0.6274138978058944
XPOT,1.4005177535931437
GRN,-0.254123296820318
PLXNC1,-0.8948165264944076
MTCH1,2.457807349145659
PPP2R5A,1.2172041518162713
SLC38A1,0.2024910989943383
IGF2R,-0.5349305223705427
LHFPL2,-0.4099264703098927
NCOA1,0.009027896474595476
TNFSF10,-0.3774423896664476
SMC3,0.2000114006858075
NR2F1,-1.064438382979102
SMC4,0.22181916099346585
NR2F2,-0.9346938483525724
AP3D1,-0.7172214464353037
SETX,-0.8285263874825282
PRADC1,0.22071764042728736
ZNF83,1.0709451455777548
RAB11FIP2,-0.17524031273613175
ZNF638,0.3305084629285202
MAPRE1,1.2698990457488502
FGL2,-0.8884671559634502
AP1S2,-0.37263594193335053
FMR1,-0.6742749046154676
SGMS1,0.19280000309006284
GYG1,2.227960283507684
DPYD,-0.30717459962232363
PSMC2,0.6485546775973141
FOLH1,3.1005038150676056
DMXL2,2.0298308038567994
EXOC1,1.0440997694281184
MTUS1,0.7215674277249235
RAB29,-0.29932408666992294
ANKFY1,-0.3419108677940662
HEXB,0.07404146571804725
OSBPL8,-0.23575648348935307
ACBD3,3.716793492373941
ATP6V0E1,2.284303074320712
VRK2,-0.37746437151837137
CMTM6,-0.17172790166851096
TRIM13,1.5044935028692625
FRYL,0.5822770411763476
PKP4,-0.6450905789493689
NAALAD2,-0.005904217001540648
RBM47,-0.2679155743025009
GINM1,-0.325136869882193
NABP1,-0.5527315569455975
SCGB1D1,0.5089745363139662
RAB5A,1.213463775623574
RGS2,-0.9652625709836484
REV3L,0.12604904730348965
EDEM3,0.09161759408739943
SERPINI1,2.040051365363859
CEP350,0.44146775864423593
GATAD1,0.07869691049976556
CYB5R4,1.0348356747399687
SNX6,-0.20132236095737088
IL10RB,-0.4729099875145151
SNX4,1.5326373265880526
MTDH,-0.3877591584663157
GCA,-0.3847530913538445
NLRP2B,-0.31825935400705097
MANSC1,-0.24938347823100473
HACD2,1.2857512641018005
HDGFL3,0.0563616460972709
DOP1A,-0.19080456773564633
MEF2A,-0.9596807152537904
KDM3A,-0.32293235589724245
SSB,1.5734292944757136
APIP,2.0465649763653184
TMEM135,0.9690815377447265
CNBP,-0.6259128202906207
CBX7,-0.2313424197399277
TMEM165,0.14882923347431348
COL4A3BP,-0.15115572384982606
ALCAM,2.0071845013558334
LYST,-0.7791622659129291
PPP1R12A,0.32613603952659875
MTMR10,0.15778119787143133
TET2,-0.2366574967452575
LAMP2,0.05481276743182866
LAMP1,-0.3238913165797611
BBX,-0.26628325133159975
LRRFIP1,-0.8478106525854707
STX3,1.132305534808988
ARHGEF10,-0.6303105952134801
VMP1,-0.3093444627823862
PTK2,-0.2889397221333246
PHF11,-0.905363356072907
USP1,0.6997825037553745
SF3B2,-1.3554847391330431
PLPP3,-0.5311107053967284
AP3S2,0.3702740361996231
CEBPB,-0.9521857137118978
ASAH1,1.8093074794150121
DNAJC13,0.6237663325058177
VIPR1,-0.4940605220157101
SNAPIN,-0.16119791513764856
ST3GAL6,-0.3946818894003635
ACD,-1.028896693231254
NBR1,-0.38185041902447553
EAPP,1.1469483444441901
SEC11A,-0.2061335399355141
PRCP,1.2796549092122964
CHST15,-0.4746459730229853
SSR1,-0.2286032690314825
VTI1B,2.1051279058470165
PTCH2,-1.1112489454084178
PTCH1,-1.0951576065625284
ADD3,0.8233682033822479
SLC9A9,-0.5475667918407741
TXNDC9,1.5301587263020124
N4BP2L2,-0.5747827843627664
GGPS1,3.0267274341196435
NAALADL1,1.6417043223873908
CALM2,0.04461699231548799
SPOPL,2.248773197577862
CLN5,3.5935638526291336
RNF133,-0.826095449574098
DCX,-0.8585134144318524
MBNL1,0.7676464784237746
MFSD14B,3.311425594854104
LUC7L3,0.30902632648078465
TMEM260,-0.1764625304603911
CTSK,-0.8801794014395247
CTSC,0.2597811251948424
CLCN7,2.187461115365769
RESF1,-0.9088664439840671
DICER1,-1.3389360623264495
USP32,-0.20221267410680896
CTSS,-1.0144870711327707
OGFRL1,-0.41905555817781737
LIMA1,-0.6493503622267023
COPB2,0.22251175926783487
MED28,-0.11986914349230168
SKAP2,-0.2191600890048814
DOCK4,-0.7136345853507031
DOCK5,1.5079115975031956
SLC31A2,-0.34586824770484564
IFNGR1,0.1644997855963609
TRAM1,-0.012934359669189911
GSAP,-0.6930228326609742
TFRC,1.5264036622149746
DNAJB14,-0.25869856285035714
B4GALT4,0.1512484436167198
TFR2,1.5543120875148628
PARP4,-0.4181780936203419
LMNB1,0.2594610801355268
MED13L,-0.749966211272668
ZNF148,-0.6836290369916432
PHF3,-0.33729140330708807
NAMPT,0.3376916513248162
NSMAF,-0.2661091346904438
CD9,-0.2939838737715491
SNX10,0.14917391746716505
RAB22A,0.065746914931717
ERN1,-1.0573251604044172
KIDINS220,0.4850817309412224
LGALS9,-1.3099480306891713
LGALS8,-0.16968913767507926
FAIM,0.48245172528537683
TMEM87A,1.6993066132100805
SGK3,-0.6553424509246724
CDS2,-0.0322420509917694
IL15,-1.1430471987231359
PDE4B,-0.9977780378455171
MFN1,2.3238917129729875
GNS,1.5053841559201875
MAP4K5,1.423213888199821
EIF5,-0.7387221056343279
MOSPD2,-0.11923272209418118
OXR1,0.36194812745364624
KRCC1,0.7780482375586112
RBMS1,-0.7203636682519605
LTA4H,1.2710104803098923
EBAG9,1.513319444613732
PLEKHF2,-0.05570587362046146
UVRAG,1.5862610373740824
SMARCA5,0.32558192323685975
DPP8,1.0350758456601779
ATG3,-0.028199983456842968
GBE1,1.7744551185181214
FNDC3B,-0.22224279245772768
TUT7,-0.5989794758860238
SLC44A1,-0.02291092208884758
ANXA5,0.565602780738782
CEP63,1.194785705831793
CLEC11A,-0.6316418587331761
PIGP,2.3851365820079016
PCNP,1.5307836737218359
TMBIM4,0.07286709616166558
TMBIM1,-0.35227768876345705
CASP4,-1.0865265732805067
CASP1,-1.2357057329742256
CPNE3,0.4091546847163137
PIBF1,1.4976597240688512
WASHC4,-0.3155105982034358
CHMP2B,1.5436587123722
LY96,-0.8699938206053567
RO60,2.101342063519682
SPINT2,-0.5144767301951982
PPT1,2.2472815338391823
RBPJ,-0.9924178974342099
PDE8A,-0.3844440713345621
ERMP1,0.41926033078487496
GOLGA4,0.9663405576082245
UBR5,1.8866223027943982
SAP18,1.3615989827488746
LYN,-1.4991920234405576
FNTA,1.9429909432192698
SPAG9,-0.1917537096778888
OSTF1,2.4658028095590767
TLR1,-1.0481508524835774
TLR4,0.14240813381942777
RNF5,0.4339080029056265
MACF1,-0.9534044433886566
HLA-E,-1.2759645652127352
GLUL,0.6239591092385999
SLC25A36,-0.2307862018654351
KLHDC2,2.411352860557497
PDHX,1.5234509283058935
LRRK2,0.02715556125418814
SCAF11,-0.632245929164787
ZBTB38,-0.7621631300169301
SPATA13,-0.8429195791721525
TTC3,0.35243575149670436
NCOA3,-1.5892274529937886
STAG2,0.10674302198543296
RHOQ,0.14189507018331396
PMEPA1,1.3251371104277438
ABRAXAS2,0.2951251679752727
RECQL,0.64396480152057
DENND5A,-0.5335934748842283
ADIPOR2,0.06290092620893901
PXMP2,0.9258514838838163
PEX2,3.5483529952285275
PLSCR1,-0.7155337588230813
TMEM50B,2.677919950902262
TMEM50A,0.3842791394439967
TSPAN31,2.3403186981152797
IPO7,1.4966228090597278
ACTR2,-0.10266229722342216
CIR1,-0.26340625103287996
BTN3A3,-1.2370730011380642
SMCHD1,0.3628781085195097
LAP3,-0.4212116401439973
POT1,2.1023173539793496
CCNG1,0.9722315943519864
CD302,2.2247006329524135
NES,-0.41690719550848854
FNIP1,-0.02762667732808989
NAGK,-0.5116169933238333
SCPEP1,0.10712872766416096
ARTN,0.40762427703177123
SLC35A5,1.683781310277617
LRRC8D,-0.5532592046058372
SEL1L,0.013963112018264709
FERMT2,-0.4580008318997132
SOS2,-0.5620439636910876
KAT6A,-1.0720513572287023
GLB1,-0.03522519399143325
STAT5A,-1.498194601818346
SQOR,-0.03153456698558339
ETFRF1,0.7567355979465986
TBC1D15,0.8308480571501125
SLC33A1,0.005571050331041716
ADAM10,0.04499157639534355
CD63,-0.6718758078877596
P2RX4,-0.4775080937609349
PAPSS1,1.0071521772497913
VPS13B,-0.32550631804632224
TMEM106B,2.1455084394940727
RAD21,1.15650273803984
ACAP2,-0.4075663415453914
EVI2A,-1.0609529046925377
INPP1,0.059753780562393936
RNF167,2.6823611634379954
TXNDC15,0.03289567602761914
ATF6,-0.32762273401043057
REM1,-1.2715599348945772
NYX,-1.3092941647521794
JPH2,-1.146170200260435
MXRA8,-1.2426878080773731
DUSP28,-1.1019153554762902
SAMD14,-1.00559298446716
GLP1R,-0.8348696450518749
GPRIN1,-0.9791904947571394
NPR1,0.16480842160020373
ARHGEF15,-1.3462121410707373
OPN1SW,-0.9651370035979127
SP1,-0.6646810212647937
CRTAC1,-1.060614381541423
MUC6,-0.2186943341914192
CYP3A4,0.8715400447706146
RAB40C,-1.0365655955970894
RAB40B,2.153645908898482
RAB40A,-0.6259887921850248
F7,-0.3483179187531175
RHBDD3,-1.0222766835482624
ERCC2,-1.1889300110988823
ZSCAN12,-0.8009299003549532
RASGRP2,-1.184916021263565
GPR12,-0.9059829199436067
ELAVL3,-0.9418602808540949
LRIT1,-1.215201460526306
RAB6B,3.198283872704291
RAB6C,-0.25454527449290637
APOA1,0.3323381425912282
SOX10,-0.8790530520557482
CETN1,-1.3120480455536052
GRAP2,-1.1112044150370821
JAK3,-1.7619264980425826
RASEF,-0.6048323832998884
GRM4,-0.006845341823577739
TBC1D29P,-1.5576785745397694
KCNIP3,-0.701094257168797
GRM2,0.06342208850814031
PDLIM4,-1.1941455465811504
CACNA1H,-1.2931480494948275
PDLIM7,-1.244672015782951
PDLIM1,1.852140241656423
HOXB5,-1.0445589288898836
PPARG,0.18022226059947505
IRGC,-1.1022929374964043
CNTFR,-1.147798682836137
DSE,-0.6368228950442858
SPAM1,-1.0016749067692352
TACR1,0.060719196250735075
CABP5,-1.187694658630231
SPDEF,-0.333877052604547
CABP2,-0.8946456684767298
INS,0.14445297793732634
SLC22A7,1.2401497546223061
PDE6G,-0.36040395756928073
PRDM8,-1.4401326734338347
PRDM9,-1.1605316023809253
MYH11,-1.2537958196768857
CACNA1C,-0.9945107762517802
RHOC,-0.9219160728279524
RHOB,-0.7874836066289954
CACNA1G,-1.05893348319527
COL2A1,-1.2724533313807684
HIC1,-1.3364309521449995
ASPN,-1.204435533869461
MUC5AC,-0.8003624761105362
BUD23,-0.5430362505813724
ADGRB1,-0.9552794635467126
ART1,-0.12514864990866595
ARVCF,-1.1095884777258387
SULT1A4,-0.5921786653361529
CALB1,-0.7724866969825401
OPRM1,0.07880515102771457
LTK,-1.2136080396513713
HCRT,-0.2568767175987738
EDA,-1.0304555932330728
ALK,-1.1305797040698653
GSTM5,2.5133644676987164
NTN3,0.3454549855328006
TAS2R3,0.3147148382810386
ADARB1,-0.7113438985320147
SSTR5,0.09411572294952411
GLS2,0.511899810860084
CDC42,-1.0781152969686316
TOM1,-0.48077315681252475
ZNF205,-1.05245317250159
NGFR,0.49470651873527555
C3CER1,-0.9702752534346831
ERAL1,-0.8273876206347192
GJB4,-0.8649275238563107
ACTL7B,-1.1582648017306145
ACTL7A,-0.06655077717042987
KLF2,-1.218968365431161
PGPEP1,-0.16629751068705034
GFAP,-0.16201212234504936
KLF8,-0.9757245308278746
NANOS3,0.020517952594113483
NCR2,-1.0452431136572577
SP5,-1.3782100134121171
CRYBB1,-0.8809279578818023
TRIP10,-0.9428380059012886
RAB20,-0.7894250941826984
RAB24,-0.6080070337910575
ATP4B,0.26808186757584745
RAB28,1.6044906513047617
CA7,-0.9001910851663358
MAP3K10,-0.07783680441140621
RND1,-0.8960884211467772
FUT5,-1.070966795807453
RND3,-0.735926696549509
CHRNE,-1.0387123758216998
TGM1,-0.7642417583459792
LIF,0.06491286116613679
TGM4,-1.095006104885943
RAB44,-0.4920954385979436
TRIM17,-0.28305888138986174
SFTPC,-1.0284367424463428
SPTB,-1.1789264044703742
RAN,-0.04499414369640951
DHRS2,0.16618644561184095
ADRA2C,0.5802126312920569
SLC12A3,0.67061741002983
STRA6,-0.5593460568348992
LDB3,-1.0218881471413621
KLK2,-0.8330032262784236
NRG1,-0.2555093017963583
SNAI1,-0.893331533550362
LRRC4C,-0.8742377152337981
LRRC4B,-0.39926467608393257
GH1,0.03021414364371789
AVPR2,-0.6191415751057704
RFX1,-1.1705430902721603
CSF2,-0.17546539675193648
RHOD,-0.6891611941167094
ARHGEF7,-1.081919088648807
FOXP3,-1.1229290092727666
NGF,-0.17380709799327312
COLQ,-0.01041911386200067
CNTN2,-0.2768871723844994
LTBP4,-1.1338339040021348
LAMB4,-1.230719157730857
MARCO,-0.8572320065856934
CFAP410,-0.8142124971719444
CYP2D6,-0.14760684429775892
RHAG,0.43348817402785256
INF2,-0.7235603602687406
LRRTM4,-1.0208597493007783
LRRTM1,-0.5579915025831572
PRKG2,-1.2727543413852378
CLDN5,-0.8913743213825928
PLXDC1,-0.8668041527215079
MAP4K2,-0.3271412188198178
CCDC9,-1.4327407997838224
AFP,1.7912987171607169
TUBB2B,0.03557868612621116
MGP,-0.9632463661031996
ATP6V0A2,2.8942921690055305
ZNF114,-0.7140863485404791
PROC,0.7385953001527362
GUCA1B,-0.8586621906517901
ACTA2,-0.4084809540858442
PDGFRA,-1.662216841091787
ZNF335,-1.1726088283851326
APOBEC1,-0.8416183910785787
CHAD,-1.2429188300033225
ZNF234,-0.613923985370792
HAAO,1.3160194908822371
NHLH1,-1.2151870203597541
FLT4,-1.3288638365318592
CACNB4,-0.7692810864029788
KIF19,-0.4868968105628053
ATP2A1,-1.040212125022118
MYH2,-1.1193669712104415
S1PR2,0.03864543665432965
TPM2,-1.060933056532407
TBX10,0.4850947936563556
MB,-0.765061705473762
PRELP,-0.9794967575376484
RAB15,-0.28187961505690856
HNF1A-AS1,-0.918860279788436
HAO2,2.9108297967875054
FGD1,-1.1421830389651213
NTSR2,-0.7604682550421558
AGAP1,-0.5973928895058033
AGAP2,-1.079919178603443
AGAP3,-0.5820263712884975
LINC01565,-0.8954704578658581
COL17A1,0.25727318308207914
SLC22A18,0.4683447985019373
OMD,-0.9168441130365498
HOXA6,-0.9765085650260771
OMP,-0.5818621487169473
HOXA3,-0.9733457970873791
TUB,0.3717540499481576
TGFB3,-0.12767933319345207
LIMS2,-1.2908861279411143
SLC5A5,-0.20092370104430618
ECE1,0.7604776924140623
RABL6,-0.5699891146718179
OPRL1,0.28436005318957086
SCARA3,-0.23619640886553028
RND2,-0.7170729211830642
C11orf16,-0.99534941600517
YWHAH,0.7103068336589256
OGN,-0.8514499059032602
YWHAB,-0.4253855725255017
YWHAE,-0.29263709208422517
RAC2,-1.6074109563200074
RNASE1,-1.2841527029061388
CROCC,0.12143753331572531
PRKCG,-0.7828664992472973
TANC2,1.9695137505903464
CES1,0.27118937576252355
ARR3,-0.9219357057655276
CDK20,-0.6116887851855279
GCGR,0.4025904614798506
CYTH4,-1.357685939960417
SLC16A8,-0.6812049029319486
ZNF157,-1.0218701735162607
NRL,0.8645445168596071
TLX2,-1.2924718480777555
MMP2,-0.467765521768007
FGFRL1,-1.0932520417818778
SLC6A7,-0.6755318969762726
CKM,-0.7239286647024457
SYMPK,-1.0942198877890523
CD34,-1.3881272336382553
BGN,-1.2595302539357225
GPER1,1.2354408899029394
MYL7,-1.3656371375478866
MYL4,-0.2180802046084762
MYL2,-0.8562023369027266
AXL,-1.3733278762737104
KIF2B,-0.8425340116490201
DCN,-0.09463746240035915
COL11A2,-1.312357885031169
CACNA1B,-1.0775385827549964
CNTD2,-1.0661611773992565
ACSM5,1.255688317996362
THRA,-0.7530385791189611
GP9,-1.2186979242064904
FMOD,-1.3380854177489332
TRPV4,-0.9202646676306724
EVX1,-1.1725070301157186
LRRC3,-1.1770061244113745
PGAP3,-0.9327187392388901
FGFR4,-1.2605660787029396
MORN1,-1.0059397940941697
ADCY1,-0.0487395857946766
PLD2,-0.508813250364293
ZNF516,-0.7211157856357461
RUNX2,-1.1736223794964449
IHH,0.16998737193586488
RAB42P1,-0.7766710256614935
KCNIP1,-0.90186552125696
PPIAP10,0.1391721124037269
RRP8,-1.0285638331667997
GNAO1,1.8869539088097058
CRX,-0.3467435551367239
DOCK6,-0.8075579329471324
NTSR1,0.48387477559464925
SLC5A8,-0.552044849569679
SEPT4,-0.8080570388456785
ICOSLG,-1.0549548576193495
SLC9A3,-1.0061403252165482
PPM1L,-0.9479052008230014
MALL,-0.6061940531744027
NPPA,-0.07728455342315918
EPHB3,-1.3056228907585665
PLCB2,0.04201854787975907
EPHB4,-1.3469356320717625
LARGE1,-0.229095307502242
VGF,-0.6183015700227825
DDO,3.0242729599542035
PAX3,-1.285297901186442
BTNL3,-0.9006642696528472
KCNQ1,-0.8647593431464755
DVL1,-1.2708185144409028
CDC14B,-0.732613340384889
AGFG2,-1.0214538178539636
AVIL,-0.29854667286854625
HMX1,-0.12189780712484125
OXA1L,1.0148391858237005
ILK,-1.4195866163156168
MYO1A,-0.9003111349313488
ADIRF,-0.42283977721143945
ZNF536,-1.1144302896401015
CHRNB2,-1.0045031087493925
CASR,0.3242567463877678
COMP,-0.5740053194673939
FOXD3,-1.1905475619042296
SLC26A10,-0.7795967676340985
GHRH,-0.8471154487142285
WNT2,-0.8315407327747406
SLC30A3,-0.38613926962926254
IL13,-0.26846898274956793
LRRN2,-1.145483659748193
ADRB3,0.3460701664636106
CACFD1,-0.5635960775415462
ZNF407,-1.0981856990182899
MYO16,0.4319555923560929
PDE4C,-1.0289403416279508
ASAP3,-0.9688668623742807
LGI2,-1.114703736912882
BIRC7,-0.9633188557846271
MMP14,-1.3127649061334687
LOXL2,-0.9395506594587215
MAP2K2,-0.3570882415741125
NOCT,0.38688060479435954
MAP2K5,-0.7881604165263334
TEAD2,-1.0171379739943467
RAB3IL1,0.7008732041311599
MT-CO3,0.36449575657766237
AMHR2,-0.12968504935298297
AMBP,0.2790250657831081
GDF5,-1.1143946020413007
ECEL1,-0.6810093181040875
SMARCB1,-1.0403340759949264
STAC3,-0.6925268582641734
OSR2,-1.1511403248176615
RHOBTB2,-0.6957288212480824
RHOBTB1,-0.6659905395691438
INO80D,-0.9200495564999769
LOC105369243,-0.5268038236558519
ALPP,-0.302010976645465
MOG,-0.7840131378985046
DRD2,-0.3173014544269072
ABCC8,-0.9200075361284955
COL6A1,-1.400033725008939
HTR1E,0.1781279595865233
ALPI,-0.2809098568385259
BCL3,-1.4996342094901283
ALPL,0.6418523202267584
KCNE1,-0.8694707107796072
LUM,-1.07306627022886
CDX2,-1.268323358091059
MC2R,-1.006033795096946
EPX,-0.07357298557230915
BOK,-0.7109703928609062
CACNA1A,-0.4664253517164122
KITLG,-1.0139119695860188
RREB1,-1.3984653694892657
MMP11,-1.2385329705641137
RXFP3,0.17367013816191987
MICAL1,-1.2692403884937258
PDE7B,-0.8369140045323559
EDN3,0.3603568490325947
EDN2,0.851376672050236
ZNF444,-0.9269897450511626
ZNF362,-1.2316730288245112
CCIN,-1.1897860769202566
CAB39L,0.04091748518102483
TREH,-0.1242484060107215
ISLR,-1.1764010049851208
GSK3A,-1.6313959480201334
HUNK,-1.111215112414237
ULBP1,-0.8501680037003757
MYO15A,-1.2079715382921947
CSF1,-0.15576499034865013
ABCD1,0.7172427131098169
TNXB,-1.148672873130109
PIK3R5,-1.1950977372597174
PIK3R2,-1.1706102769780704
NR5A1,-0.6635593224830157
SLC14A2,-0.6124257767949974
RHOV,-0.811684776864067
RHOU,-0.7497177566479407
RHOJ,-0.9464648155507537
CMA1,0.5835500748126222
RHOH,-1.229660374233933
FGF7,-1.0742443925439813
PTCRA,-1.3136077134469903
RHOA,-0.5223629315771267
RHOG,-1.1889639717273988
RHOF,-0.8119695401666583
VCP,-0.4251043602048738
PLSCR4,-0.4720909415370539
SGCA,-0.9693376766149583
LRRC19,-0.5821013035829681
LRRC17,-0.9242167286443826
HOXD13,0.06257658625807089
PDZD3,-0.38096219353737826
MATK,-1.1357579534074314
CLDN11,-0.6095888885818808
EFCC1,-0.7749692372376413
IKZF4,-0.8953209564385916
ABL2,-1.134645421960801
KIAA1614,-1.3917576950735338
PCDHA4,0.29938323042643794
TNN,-0.6779616561172573
GRAP,-0.7930018197530437
CACNB2,-0.9532034041469883
CACNB1,-1.0631386384857127
OBP2A,-0.9236157878613064
TEF,-0.7097244950603981
GP1BB,-1.4423598910037436
FGF18,-1.2618535554323724
PDGFRB,-1.6088739195880701
PDCD1,-1.0700292285569835
TBXA2R,0.34842494746377073
RAB40AL,-0.5868134948923835
SMIM6,-1.1446902119522142
SYDE1,-1.0317667267468724
FEV,0.22185147704385372
ACHE,-0.8340049992955062
PRB3,-0.6768486550510594
TNFRSF13B,-1.19496872763446
CCL19,0.16902859748500762
ZNF528,-0.699431124134981
IGFALS,-0.0009216353887008884
IFNA4,-1.0910636021024545
PRKACG,-1.4740109025308046
PTH1R,0.16106492825233726
LGR5,-0.5526825419397786
JUNB,-1.2949712529723976
GNAT1,-1.0185242835759292
GNAT3,0.2492910163505403
P2RX2,-1.0308974384498932
P2RX6,-0.03511350710335173
AOC1,0.2542592447665274
GLI1,-1.2211332221246187
SMCP,-0.6463676508557762
HSD11B2,0.036031889924560204
PDGFB,-0.7371924377420829
ERVW-1,-0.6047063885420672
TNR,-0.14453099638224404
PDIA2,-0.6511747664259734
EFNA2,-1.2888816934189113
GGT2,1.654989579614981
SULT1A3,-0.4130272411994564
LRRC55,-1.4430216654819679
RTEL1,-1.3243152504323128
SHANK1,-0.9390220141581775
PTPRU,-0.8614830512129118
POU2F2,-1.3607885545715068
COL14A1,-1.0297357207000157
GNA15,-0.128618059052265
GLYAT,3.0112209580193214
ACTL6B,-1.089988297739007
ZBTB47,-1.2408174247968389
CARTPT,-0.023313996848382198
SIGLEC7,-1.1800873145661706
MYO7A,-0.8661577484351287
WNT11,0.04540053611418511
REM2,-0.38852253586160157
STX1B,4.621264531741933
MYO1H,-0.7253251673332438
NF1,-1.1893190181425528
IQSEC1,-0.9154088056075406
IKZF3,-0.8547823820392997
ZNF143,-0.6012625133590471
NANOG,-1.0914043290404976
ZNF354C,-0.6657567395580799
ANK1,-0.8124389252803333
ZNF221,-0.890239605057946
ANKRD30A,-0.012499437355798528
CYSRT1,0.03155373759114057
PRDM14,-0.9852808463939321
RAB12,-0.10115163781207255
KRTAP1-1,1.1745735539680164
ERP27,1.1464698545455594
ZNF300,-0.4355114112056907
SGSM2,-1.1926355531252002
EFCAB13,-1.2562643169604013
CAMK4,-1.1076943967464268
LRWD1,-0.8867032632610352
ZNF605,-0.6291851294286783
ZBTB18,-0.6362661036556945
MAZ,-1.5098652445051481
ZNF844,-0.42203540584308863
CALML6,-0.5426807808892503
TINF2,-0.47651754448962663
ZNF776,-0.899262239204037
LRRC10B,-1.1514310469056481
SYNGR2,-0.6109585959020222
SEC14L2,-0.7651259221515404
CMTM3,-0.4764267616659448
RAB4B,-0.4294867515993834
TIMP1,-0.22990519030422144
MAN2B1,-0.9229877660305963
ZFYVE27,0.2543619905454999
CENPX,-0.7352256012580906
PPP2R1A,-1.4784948760884016
LAPTM5,-1.291220906076629
ARAF,-0.9331976045499083
POLD4,-0.5504034782083124
IFITM3,-1.141646637965373
SYNPR,0.24481157262218944
CMTM8,-0.6614312233926181
PLIN3,-0.7826949161771458
CDK2AP2,-0.7838388751472418
LTBR,1.734677857230759
INPP5D,-1.5220022612553608
OGDH,1.1915890619350702
COMMD9,2.423949837702662
SNX8,0.14011961929070416
SCAMP4,-0.5303854642426021
PSME1,-0.8094156769184361
STAT3,-0.13137092342992931
SYNE4,0.42609145557964045
VOPP1,-0.4259478988665709
EIF3G,-1.1001006383663532
TOR3A,-0.37544015069223163
SLC34A2,0.32311385779001717
MARVELD1,-0.28040194640014593
COX8A,-0.41240471450818095
PSD4,-1.3721194794954619
VIPR2,-0.7079855928055737
PLLP,-0.569233197404584
PNPLA6,-1.0955980449511502
CTSH,0.5153568213289302
HLA-DPB1,-0.8603863161888062
HPCAL1,-0.861634374168428
SCAMP2,-0.6449607514442489
HSPB1,0.45698532492161753
CTSA,-0.5082879592434635
FPR2,0.16308970777114634
PRMT1,-1.4552223673940987
CREB3L4,-0.1749837019169673
IFI30,-1.0972370575577444
ESRRA,-0.5738237570300679
CTSD,-0.21834097898063048
APRT,-1.04902466985057
GM2A,-0.26751681398445587
GUK1,-1.1255069159550817
SMARCD2,-0.7480454281903788
YIF1A,-0.4135740569926984
SERPINB1,0.31609981444104673
SLC15A3,-1.2344322241209063
PARVB,-1.202007132782308
RBM42,-1.197509108849046
SYPL2,-0.6358761077865851
ORMDL2,-0.03752014084525513
LST1,-0.9199617739121719
ARPC1B,-0.9144440234729085
EIF4G1,-0.529701349175295
SLC2A4,2.511184164869026
TAGLN2,-0.7312914636218636
TNIP2,-1.0834067965307816
C9orf16,-0.6266497874412443
ADGRG5,-0.2143032159090531
TIRAP,0.4735441938450375
UQCRC1,-0.4859230877081417
OS9,-0.6214285353308941
SZRD1,-0.5528591511772316
MRPL23,-0.652773802811766
ALG3,-0.890841317711912
HLA-A,-1.1520182358046585
NFKBIA,-0.6118974457388728
HLA-F,-1.0685213287073052
G6PC3,-0.6185025776262367
SLC7A1,1.3969702307904304
RRAS,-1.2394434355468866
ITGB2,-1.4044906059749211
RNASEH1P1,-0.9454242081454776
MYADM,-0.5683684986882903
EDNRA,0.163364624726045
MPG,-0.6357818550264464
MAPKAPK3,-0.9155537603551456
CD81,-1.1921012467470495
DUS1L,-1.0577056805340168
HMOX1,0.37380213675674245
CYB561,-0.6703514887431232
TREX1,-0.8042824131990768
SLC35B1,-0.12813568829593106
TMEM173,-0.6230508289897027
PCDHAC2,-0.4158131964244509
FATE1,-0.5611802527621507
SYP,-0.23920244137784805
HLA-DQB1,-1.114779328974579
ZYX,-1.6912525499195064
CMTM5,0.5004514138941439
TAPBPL,-0.8684148700092136
TGFB1,-1.0662055763021832
MRPL12,-0.9260576665432969
TFEB,-0.9413320263242237
SGSH,-0.6517673815338537
MAL2,-0.2931890049992369
HID1,-0.7274832478420367
SDF4,-0.9398432759473044
TK1,-0.9866737480733809
BLVRB,0.12016759225133819
CYHR1,1.3807228475979796
CAPG,-0.8338600327270304
RPS6KA1,-1.3561252031727642
SBNO2,-1.311714128013198
ATOX1,0.0028285863368013304
TNFRSF1A,-1.358058122508162
ADGRE5,-1.327232610474159
WARS,-1.1963862761080908
TCIRG1,-1.165325059059526
PFN1,-1.5255738121156075
CD14,-1.0447170159919819
SCO2,-0.8805778108390434
FLOT2,-0.37540694135659
ELOVL1,-0.19186811944828253
SLC22A9,4.363474348679803
WDR83OS,-0.13011979054141087
CD74,-1.246839374514445
TMC6,-1.4624914877393858
MYH9,-1.4189610703503743
ASNA1,-0.45626079605999037
TMEM134,-0.05095705461051116
PSMB10,-0.9796528568501734
LRPAP1,-0.20350112253789504
LMAN2,-0.3581211627715795
ALDOA,0.48619561707109493
STXBP2,-0.7543858552475903
TMED9,-0.2908607671574658
PLP2,-0.3817907878697991
RNASET2,-0.7787841786146609
UCP2,0.32325286737367614
SNX17,-0.46996714937378115
STAT6,-1.514359382551205
ATP6V1F,3.7071541700027066
ARF3,0.16915028206574492
SERF2,-0.012392720817872285
TOMM22,0.806708077414977
TRADD,-1.0077708449553477
CDC37,-0.43474113264565906
NECTIN2,-1.188404975185601
CFLAR,-1.2404421087152846
POLD2,-1.087822432727847
CIB1,-0.5939915494670905
SAP30BP,-0.5492785220872959
ETHE1,1.4250885868175673
ICAM1,-0.7864460808090883
ERCC1,-0.736890499737527
S100A4,-1.1259650448850624
NFKB2,-1.3949782657992387
BSG,1.1639066274562642
SH3GLB2,-0.7772270670818693
DUSP3,-0.9112046782001699
ASL,0.20429729975707672
MVP,-0.9303792506958706
DPAGT1,0.4724738383216056
CLIC1,-1.0897765445015046
RAB1B,-0.6373550833021588
COMT,0.7128541674957871
GNB2,-0.4614975083720693
TMEM147,-0.538375369161113
GALE,-0.20258672958203833
TPD52L2,-0.5425468384619699
EIF6,-1.2498523886023847
CST3,-0.830449175218601
NFKBIE,-1.2658911461175022
TSPO,0.5679417552644709
ATP6V0D1,-0.3802168402253824
SSR2,-0.7124738476931817
ATP6V0B,-0.6671300445629259
CORO1B,-0.6205794182766399
TRAFD1,-1.0905635195398728
RALY,-1.3375549125032327
LTBP2,-1.0849482489376299
SLC22A16,0.7887930201856486
MRPL58,0.4999861819710959
PREB,2.037806531456629
TAPBP,-1.1672036073049121
BANF1,-1.1253349149628777
EMP3,-1.2357154931677719
PSMB8,-0.9157348370753711
HLA-DPA1,-0.6965107259686952
PSMB5,-0.7260421160363869
FAM89B,-0.9646692750981302
PPIB,-0.9552444014075743
ZBED1,-0.5819729110880502
CLPP,-0.6473978347940179
AURKAIP1,-0.8403720916706295
BAX,0.04241237152889661
SLCO1B1,1.4499094628687126
GPR52,-0.7890664742049135
DDOST,-0.7947878943586743
GALNT2,3.681742505566454
OTUB1,-1.1255014515913242
GNPDA1,0.5943169264522985
HLA-DRA,-0.15065405787521277
INPPL1,-1.177864359452762
PLOD3,-1.2266075186047203
SLC9A3R1,0.666752031815263
TMED3,-0.5007598864894959
GSTP1,2.729672096605796
SSNA1,-0.8564771294837258
PEA15,-0.8132461961858438
APEX2,1.1653400368830849
ARHGDIB,-1.1715021744739436
SH3BGRL3,-0.9962413218270819
CMTM7,-0.47914115715490696
AP1B1,-1.0994644065684693
DPP3,0.7487845538130812
GAA,-0.6903479995495976
DPP7,-0.7900710940555711
ZNHIT1,-0.5238622588185462
HLA-DRB1,-0.022679423554746996
TRAF4,1.2360873544646274
COPE,-0.7129516259817951
CD44,-0.6388213461024459
PDIA4,-0.7326064694677845
PSME2,-0.8112401951031494
CD40,-1.3730020994263947
COA3,0.23303408763826072
MOGAT1,-0.3816881507951143
CYBA,0.10868567069086232
IL32,-1.3461233998841406
ARHGDIA,-1.5127899562115237
CYTH1,-0.8782596044327023
TMBIM6,0.08991629651523353
LMNA,-0.26018295706119365
MSN,0.14339689593652538
SQSTM1,-1.1721838497664407
TAX1BP3,-0.5337409643132328
ATP4A,-0.8928266920915006
VAMP8,1.7617504218713922
SLC16A3,-0.7377335636167829
CYC1,-0.6169042984009355
GPX1,0.5360610613074174
OAZ1,-0.672013103866364
TYMP,-1.235914249739183
CMTM4,-0.40926371029615227
UNC119,-0.6113735340478256
GORASP2,0.035538931824142285
WBP2,-0.884860511092261
AHCY,0.3789680151982531
HLA-DMB,-1.0757209333225992
FUCA1,2.7496579075568923
HLA-DMA,-1.0097459466774799
METTL26,-0.38111126812621926
SORD,3.8646128400331365
HNF4A,1.101481550066168
PHACTR1,-0.9475742168071696
RPE,1.5932403050280044
MVB12B,1.3523983088166867
CHMP4A,0.13468036896302732
CHMP4B,-0.007582254329259384
CHMP4C,0.9975285179158921
PLCG1,-1.1429278289361415
CHMP2A,-0.126158826473577
CHMP7,0.4072273191129255
CHMP6,0.06214178273228517
VPS25,-0.12524745820723243
VPS28,-0.10645846948749582
VPS37D,1.2766639251103187
VPS37C,0.06566849854603697
VPS37B,-0.16283879028324139
ADGRB2,-0.6606180129350244
METTL15,0.4153874688832951
SNF8,0.0668422514826187
MVB12A,0.396397462348179
SLC25A41,0.05481345238936851
VPS36,0.6688806540109069
ITM2C,-0.25877617778986595
VPS4A,-0.3504884137903878
RNF17,-0.8973973744675585
TSSK1B,-1.3111440924079771
GALK2,0.5621171156808166
SSX3,-0.8187805927899888
OR5I1,-0.6504265879130848
FAM205A,-0.8871796996959137
FAM186B,-0.9403032751578246
REXO5,-0.9867666485753159
RLN1,-0.7748149856783153
MYL1,-0.9783029339721062
ADGRV1,-0.2475961966903175
MS4A5,-0.9858628306649029
SOHLH2,-0.9413535938189769
PPP3R2,-0.8770940380469519
SOX30,-1.1425524493334784
FNDC8,-1.0736751351627656
AKAP3,0.14638352725432408
OR12D3,-0.8575964459115067
GAGE1,-1.071602410335268
CTAGE1,-1.1458496927516986
FSTL4,-0.9040649845392474
TIAM2,-0.32253220362330776
MOV10L1,-1.016126979538397
ADGB,-0.9229995425602427
THEG,-1.0251073784977913
RBMY1A1,-0.8565594769673165
P2RY4,-0.20230075265245548
PLCZ1,-0.7323120881293678
BRDT,-1.2095340072886704
C20orf173,-0.9785202027525187
IFNA17,-0.9941679131577171
IFNA16,-1.0803444894647405
ELSPBP1,-0.9628894339081684
DAZL,-0.8814791350645836
TDRD9,-0.8096657690616376
AQP5,-0.9077314726269032
FMO4,0.1916438792046922
SYNGR4,-1.1610084799289253
SPAG6,-0.8976975413956448
TERB2,-0.9292532016279254
TDRD1,-0.7285027966091233
C4orf17,-1.0111470317769766
TDRD7,-0.5650951111088525
BOLL,-1.0450027961300625
TDRD5,-0.9939359449831435
TAS2R13,0.8923603827493162
SLC26A4,-0.28994672486300954
CCDC155,-0.6439174571349126
ADAMTS20,-0.7175663121519642
ABHD1,-0.7448981776498355
ADAM2,-0.9799678273852087
CYLC1,-0.8817614594389092
RFX4,-0.9263251214511363
KIF5A,1.9427816068447454
NPY5R,0.3988020886056364
CCDC87,-0.93354178740013
CYLC2,-1.0647250017851557
C2orf16,-0.9341368308021686
DDX4,-1.119854370660021
CCDC83,-0.9058538780915608
SPO11,-1.0333660997093266
PIWIL2,-1.0412215439673935
DKKL1,-0.8512034588574235
APOBEC4,-0.9514122741530758
LDHC,0.7489385172113414
SLC22A14,-1.0001688296937106
YBX2,-0.9372952864298497
C16orf71,1.7592386197443366
CCDC63,-0.6244300972444902
SPATA12,-1.2862417019602927
ACRBP,-1.1484193010106942
SLC7A4,-0.7544204793577417
MAEL,-0.8924329393800612
SLC25A31,-0.622356521021677
ACSBG2,-0.43589636776323826
TDRD12,-0.867444773979333
OR2W1,-0.7173055197097155
TDRD10,-0.9885530273161481
PAGE1,-0.502645523640111
SHCBP1L,-0.9305962798403411
OR2H1,-0.9498868427540531
YPEL1,0.4479775510629494
TULP2,-1.1065374056491208
NME8,-0.6683779360546641
TEKT3,-0.8047792982303811
TBATA,-0.8341484522227366
NMBR,0.5112216402186225
PRSS37,-1.0072100066103784
HSF2BP,-0.9141205208348335
RPGRIP1,0.37637803866090014
GRM6,-0.11194912774617533
CAGE1,-0.7852541586550381
CABS1,-1.022926558858963
NCAN,-0.8716843706039654
PRSS54,-1.0498967552225327
ODF1,-0.5536368648549224
SMC1B,-1.135484677574155
SPATA16,-0.8050686890895893
DNAJC5B,-0.3715138734536162
OR52A1,-0.9060710644922418
ZC2HC1C,-0.8354847888240291
TCTE1,-0.8399951384833462
DNAJC5G,-0.7378079802963484
TAS2R9,0.4692608509610056
CNGA3,3.447286431172543
NPHS2,-0.04122256608177066
GOLGA6B,-1.0175118122298432
TRIM48,-0.733737354773426
TMPRSS15,-0.6118057306908059
SLC26A8,-0.8425472657578184
ALLC,-0.8431582512450286
SPACA4,-0.7439931464356535
SPACA1,-0.6568133613811352
TNP1,-1.1773441721128963
IQUB,-0.7336371219703361
STK31,-1.0404008718365725
ADAM30,-1.0747709238081442
FBXO25,-0.21000491391707646
FETUB,0.7855934872839737
PRR30,-1.0079349313531294
AGTR1,0.07001960843474708
EFCAB6,-1.3139840733923953
TFDP3,-1.2295469672576855
AGBL5,-0.6381796102130992
MAGEB4,-0.7892646892660958
PIWIL1,0.18265365961389826
TEX15,-1.2638484551158162
TEX14,-1.175381045680368
GAPDHS,-0.8235148506295706
HTN1,-0.6243589521168913
TEX11,1.8728733120676442
CCT8L2,-0.8339060007564026
TEX12,-0.8976117577215355
ACR,-0.9931369314024491
RFPL3,-0.8532074825366777
SMN1,-0.7532505859892501
ADCY10,-1.1149903172442126
CBX4,-0.7532706553976584
CD1A,-1.1660088825416282
CNTD1,-0.8984780093317938
BTG4,-1.0695340029279112
CCDC105,-0.7238532640693885
NR6A1,0.40816603371725174
RRH,-0.9698809252404273
CCDC62,-0.8174229971215164
HYPM,-1.079429785240701
SPATA22,-0.8223211543233939
TTC29,-0.4285906163265704
CIB4,-1.0384085391704376
ADAM29,-0.7967863617347167
PSMA8,-0.8337667942880989
CRYGC,-1.230222107935182
FAM209B,-0.8267780659882885
FAM209A,-0.988243102355724
TSKS,-0.9359457549528147
FSCB,-0.8158978683051145
MSH4,-0.8901144886844865
KRTAP5-2,-1.0897232917037785
LYZL4,-1.0466798289011527
CABYR,-1.0328664648220114
RBL1,-1.241379980353133
ZPBP,-1.1089653455882547
C10orf95,-0.7510758079108913
TSPY1,0.7324766464105056
SYCP1,-1.1003092090913722
TDRKH,-0.7475582046697086
TAAR2,-0.8398691774029854
WDR93,-0.8814635616953211
TAS2R4,0.6028597647051988
OR7A5,-0.7919728900936217
CRISP2,-1.0026319912480193
GDF9,0.10856344634886343
PRM2,-1.3533432534512695
CPNE1,-0.1000254302590517
IFNA14,-1.097980393631822
PDHA2,0.2691321893024097
MORC1,-0.961706404442089
BIRC8,-0.4966802043236049
TEX33,-1.0906601568308214
PZP,0.3883434964150959
LDHAL6B,0.42714144285781735
IL12B,-0.03860632201408809
TEX35,-0.9657406511476236
TGIF2LY,-0.9899931733934236
CLGN,-0.47134287863787444
WDR87,-0.7497841339050121
ACRV1,-1.0664782478844106
SSMEM1,-0.9568729927040881
MAGEB1,-0.9603159102778929
SLC5A7,-0.5403099200669376
ADAM18,-0.8399564256476522
CLPB,-0.5493870059292468
ARID4B,-0.6164786512644612
CCDC169,-1.3051380251621638
ANKRD7,-1.0265206607240953
C20orf141,-1.0112225515502555
TDRD3,-0.08597484253813682
UBQLN3,-0.9725689908219172
OLAH,-0.5475216550547446
COLEC10,-0.33362966745127187
POM121L2,-1.1247602392044012
TEX55,-0.6919175902019391
GALNT8,-0.4389078742782791
AURKC,-1.0910858777660288
FAM71F1,-1.058192654792187
LRRIQ3,-0.6567247906480909
TAS2R16,0.2889569020473125
OR2C1,-0.9316737044316495
CCT6B,1.6335728496926947
TTLL10,-0.693996605984038
CDC5L,-0.31801168530667234
CPXCR1,-1.0287510457887192
PGLYRP4,-0.7902748038863285
PRPS1L1,-0.8723523343946976
ROPN1,-0.630683551037687
ASZ1,-0.11969993379644892
MNS1,-0.7615739810563623
ELOA2,0.8213767303645575
TDRD6,-1.0334051623111382
LUZP4,-0.8060582570421914
POU4F2,-1.0551771669687562
TP53TG5,-1.2593785114064149
TCP11,-1.1172157855400764
TCP10,-1.1327135002457185
OR7E24,-0.9859599525244593
MMP25,-1.1267432508325332
PAPOLB,-1.1648229102007226
C22orf23,-0.7424010146773093
TAF7L,-1.0776163858204575
MAJIN,-0.8329540121038093
OAZ3,-0.9437537677728556
ACKR2,-0.23727949753520083
C3orf20,-0.647363616521498
TSGA10,-0.6804593165323831
C1orf94,-1.160682226090182
ZNF541,-1.0336657299141379
SUN3,-0.9293937812607616
FSCN3,-1.115220009579254
HTR1F,0.5071118733255701
RSPH6A,-0.707635784930169
SPATA6,-0.8534143460614
MMP26,-1.0413507764555916
C2orf42,-0.5521775374132171
MZT2A,-0.3952039464640662
SAC3D1,-0.9255152879465964
RPL12,-1.3483067451246646
NELFB,-1.1801796596655711
SRSF9,0.2116690833912891
NDUFB4,0.14168949685238955
SIVA1,-0.8879390056916087
NDUFB1,1.1211102337146723
S100A9,-1.4229503729096344
ANP32B,-0.8959358366516805
MZT2B,-0.5328263456651989
ATP5IF1,0.35235590446404597
UQCRB,1.8158475537218575
EIF3H,0.6851748475786551
GPS1,-0.8924123727495391
NOSIP,-1.0116351108307837
EIF3L,-0.771803418765723
CEP135,1.1325499450637975
PARK7,0.48439785378750994
EIF3D,-1.0897240143840456
EIF3E,-0.7871300750606163
COMMD4,-0.5514123969932742
FAM173A,-0.41357658285738574
PLK1,-1.5211598960029518
EIF3I,0.7773839318350574
NDUFA13,-0.3046806901231482
NECAB3,-0.01533668775464156
MRPL37,0.7141797359046534
LDHB,-0.0029916235747792378
CENPJ,-0.30829614286934565
IPO4,-1.2383419470756252
MRPS7,-0.7025714025516051
IDH2,1.794754783011305
SLC25A6,-0.9226398985404388
SCAND1,-0.7893583133841676
NME7,1.2943934590460204
RPL11,-1.240686906033643
PHGDH,0.15494062063644531
TEX264,-0.42256674795779886
RPS16,-1.1716859297481166
UQCRQ,1.624048979174867
RPL19,-1.2145942172310942
C19orf53,-0.6301562123293343
ATIC,1.0610432411710968
SNRPD3,-0.03235320917236372
SNRPD2,-1.2890762608171669
PTMA,-1.0580557219888287
EEF1G,2.4071147797070367
EEF1D,-1.0861807392968663
RBBP7,0.8345069167581207
ERI3,-0.7144722984983819
CEP290,1.3033290843923635
SNRNP25,0.9744527679690596
POP7,-1.0476802212397966
MRPL46,-0.3279831822080541
CEP72,1.385189359004273
TUBB4B,-0.4562265227399406
PSMC5,0.20033549900397737
NTHL1,-0.7039808365548065
MEA1,0.7499032870777812
TLE5,-1.3495239315489347
HMGN2,-0.726569524508721
RPL8,-1.3004671462615995
MRPL22,-0.5428954658142349
MBD1,-0.5095039483022794
RPL4,-1.295209440679074
RPL3,-1.2092138903721041
SLAIN2,0.8395488506084767
NHP2,-0.9425531308386199
DCTN3,-0.22828035175507996
COX6B1,1.6695664678105366
TIMM8B,-0.21041602656079422
CHCHD2,-0.3955772300403418
PMM1,-0.28517988083226936
REX1BD,-0.6076976848367874
ECHS1,3.105735392967892
TUBA1C,-0.05187246348635095
HAUS4,1.5003145700319518
MRPL17,-0.7946007146137372
MZT1,0.04068177580244983
CCT7,0.9701406854486092
CCT4,1.3679054481985484
PRKACA,-0.8108014812308384
TIMM13,-0.8262290112529599
SRP14,2.034547378932156
BABAM1,-0.4750316689358041
UQCRH,0.36075197012601307
ATP5F1D,-0.6988450937345638
NINL,-0.3044695154693917
COX6C,1.701447977327184
PEBP1,1.41812685496743
NUDT1,-0.7531023153535477
UXT,-0.9425619842437737
DDT,-0.06436243074382902
ECSIT,-0.5678881839530434
RTRAF,0.9062995518803243
C1orf35,-0.9988702526797179
TUBGCP3,0.773724332489647
TUBB2A,2.3047389405078356
NDUFV1,-0.23594047347823227
COX7C,1.5918130899073053
GTF3A,0.6358452396229423
ANAPC15,-0.5355424677472248
POLR2F,-1.1237353672322525
GPX4,1.4515063063759952
HAUS8,-0.3227200160252931
COX17,1.2262330750724448
LCMT1,0.049432514525614285
CUTA,1.7475159074175497
RPLP1,-0.9406112073473639
RPLP0,-1.3428888345631749
TMEM161A,-0.6790124802530508
RPS7,-1.0805010879999861
C12orf10,-0.6195930583414744
RPS3,-1.423723137592528
DYRK4,-0.9622614499028069
PGAM4,-0.03707414443342559
RPL36AL,-0.7486349075457316
HARS,-0.656416222239114
HINT1,-0.3248887482582272
ATP5F1E,-0.15115772687124215
RPS8,-1.3282116724321347
FAU,-1.0992730188404742
SNRPA,-1.4008881579147998
NFU1,2.84566206202571
TMED1,-0.20089974978671932
NEDD1,-0.0651447080429597
CDT1,-0.8558847475649195
SS18L2,-0.25886732335624774
TBC1D7,-0.6343697852324309
RPL13A,-1.2590405444979866
R3HCC1,-0.3675059109715772
DPM3,-0.2475720615518572
HRAS,-1.168481209213804
LRIG1,-1.2122692193330553
ETFB,1.700048565947136
RNASE7,-0.5623809774292348
RPS5,-1.2105277925645361
ARL6IP4,-0.5209652407590577
PTPRA,-0.11181310280804216
RPS28,-1.0316607657042574
COX4I1,0.5877543032339977
RPL35,-1.1676628007106424
LOC400927-CSNK1E,-0.647886320235007
SMDT1,1.0351790140754573
FAM162A,0.6060717874191662
NAA38,-0.3923360464688451
RPSA,-1.3649975643541246
WDR54,-0.3875417476574308
TACC3,-0.743480045728734
PGLS,-0.49627288077167486
RPS15,-1.2328011101017375
FARSA,-1.047089108760408
RPL10A,-0.974063521152169
DGUOK,1.8239068933094817
CDK5RAP2,1.7892723956205505
TUBGCP2,-0.7215689508202726
WDR18,1.3243681638361542
TUBGCP4,-0.34901049381952076
TUBGCP5,-0.156036091893572
TUBGCP6,-0.05108302418203328
FBL,-1.5998537386526042
CEP131,-0.5335935205822253
COX5A,-0.11123264554972925
RPL23A,-1.174967030566916
TXNDC12,1.7458695426462947
SF3B5,-0.6921070816537445
PRDX2,0.11176591086782235
BAD,-0.654241630585867
PFDN5,0.2788277975623573
CAMLG,0.00045157971780844346
CD320,-0.6217834891233641
SLC2A4RG,-0.7526557811703917
RPL29,-0.995414635797981
PLEKHJ1,-0.4148571368892067
RPL27,-1.302123506814597
NUDC,0.536769077009746
NOP53,-0.9324069386138637
RPL22,-0.9567673437816117
MYL6B,-0.7310614429970081
MRPS34,-0.5162175245260625
EIF3F,-0.866891026760069
YWHAG,-0.03639741468021197
ATP5MC2,3.0662793819437506
EDF1,-0.5252172299127291
NDUFC1,1.7358900108180322
NDUFC2,0.20969787432054637
LSM7,-0.9003798171796761
TRAPPC6A,2.056189085602835
LGALS3BP,-0.9076715289341571
TMEM160,-0.41351595970616517
OLA1,-0.6052043253761589
TMA7,-0.2947992648101207
TUBA4A,-0.2254339087674421
EEF1B2,-0.8399721741238338
SNRPF,-0.2863735893065106
SNRPG,-0.8940403567039406
RPL36,-1.2545145364045853
RUVBL2,-1.5665088465410923
FIBP,-0.6236683728525704
RBMX,0.7378873879846236
TUBG1,-0.08045606448623167
HAUS6,0.8195844637128328
TUBG2,-0.34441601544233735
PHB,1.1945998430592368
BOLA3,-0.1670194213567838
CKAP5,0.7100316200192455
HIST1H4C,-0.13427661269661417
ATP5MF,0.827383901275881
ALMS1,-0.3405018804102092
MRPL57,-0.36310677828121823
PTBP3,3.571655759363748
OFD1,-0.5694656133713332
MRPL13,1.2773065248038376
USP34,-0.6979110180245859
TRAPPC5,-0.09144698921863322
ATP5ME,-0.34904792429972764
PRR11,-0.8181402977434808
RPL9,0.1173747122813705
CHD8,-1.2391079057536287
TUBA1A,-0.6685810155987292
ZNF160,-0.3417096952182189
HAUS2,-0.6120409519728683
ATP8B1,-0.7009479265539972
ATP5MPL,1.168317698011416
ZNF611,-0.9514035353724257
IQCF1,-0.05491236865037359
RPS15A,-0.8492810191647646
RPS2,-1.3255869969935918
ATP5MG,-0.013021551324218198
OGFOD2,0.4771861742654187
TMEM206,2.510718004389174
RPS27,-1.0317874652358312
RPS20,-1.1157598865046332
GAPDH,-0.29213106260154126
APLNR,0.528726763943867
MYC,1.5768866982705583
PODNL1,-1.0665612073188933
SRPK2,0.0006780325546792154
NDE1,-0.3268975645177862
DCLRE1C,-0.836520742884223
GTF2H3,-0.5963738928149335
RPS29,-1.162579166115018
RPL38,-1.0442245967510169
DNPH1,0.0725701977437897
RPL32,-0.9126582052026112
NPY2R,0.09870337701979073
CHMP1B,0.35773368732419014
HSPA2,-0.43636903625854917
HSPA6,-0.5428255715624432
HSPA5,-0.8309690479414198
GNA13,2.9338535681508042
HSPA8,-0.8429569637040502
IST1,0.05505442820332361
ZFAND5,-0.17784972354467757
MAFF,-0.7873082139741424
SNRNP200,-1.419385723095427
BHLHE40,-1.0483398841701987
CNOT8,0.09043788578618084
MTMR3,-0.715001168575819
WDR5,1.2885749541715221
ARFGEF1,0.4474596605097974
PSMC1,-0.11278377686951412
MAX,1.9886302592395442
MITD1,0.18372432077465065
RASSF7,-1.351602473278802
GRID2,2.218715859284157
IKZF5,2.1614834757469605
BTG2,-0.9869399022433283
EDC4,-1.1884794044956686
CC2D1B,0.5101618488450319
ETS1,-1.1431514798629752
CHIC2,1.3280378692543178
NEK2,0.7274491574125199
WDR48,0.05327944102067265
RNF103-CHMP3,0.3349813914822443
VTA1,2.0721368454601636
TNPO3,-0.8267253318415189
SEC13,1.143599642930267
CNOT10,3.4080589621098323
SENP2,0.3504717360155556
EIF4B,-0.5886476793696671
USP54,-0.4730629563929784
PPP1R2,0.20432168009641413
SSRP1,0.26935570806253684
FLOT1,-0.3645188046042394
TOX4,-1.3735547684452782
TRPC4AP,-0.7600772359293627
AL136295.1,0.3969611248198689
ABHD17B,3.2387924481727044
ATF3,-0.01728209303577983
CCL14,0.7977943961091628
RFC3,0.276994132611954
MAPK14,0.16835784903027057
EIF1,-0.6475460666775248
BROX,1.5482310313140173
CHMP1A,-0.8182951188846308
KNSTRN,-0.2858475590996417
TMEM63B,0.290024309696206
PICK1,-1.1109023845270554
GRID1,1.7054820695739517
PPP1R15A,-1.0919900501865945
GABPA,3.781624126042524
RNF146,0.3823338710110611
ADPRM,0.6652324526653837
CLTC,0.49259886274397496
HSPA1A,-0.7901549033406151
MAP7,-0.2563885640856516
ELOF1,-0.7320721150195034
EIF2S3,1.1794204019730672
HSPA1L,-0.28508925998462886
PTPN23,-0.8579783211152405
PGD,-0.0030924818026440482
WASF2,-0.9934462135563575
HADHA,2.422073386376932
NRAS,0.5910076168704539
SELENOT,1.9262479526460161
ETS2,0.3456814576256893
KLF4,-1.0654639619951016
KLF3,-0.43192645661490564
ATP6V1B1,0.8503614743704112
STON2,0.0025977679234622476
SLC25A15,-0.8226045510705099
SUCLG1,2.4841755706268818
LMAN1,1.7213238489948095
C6orf89,-0.3723145564416498
TFG,-0.34456340459278206
PRUNE1,0.2356478409390311
TGIF1,-0.9607569429463386
PMM2,0.7218653886028427
HIST1H4I,-1.1828383631164225
FKBP2,-0.3282835689987563
TWNK,-0.5601808653224696
HKDC1,-0.09020312218456261
PPP4C,-1.3412201783361544
LARP1,-1.3518538099710045
WDR3,-0.691052819880068
TUBB4A,-0.13422653255555309
AKAP8,-0.9570440497775611
BAK1,-0.9807673014050035
ACTA1,0.10691341712128088
ATP2A2,-0.6543004612690068
ATP2A3,-1.039210322231944
NOP2,-1.6095567713624945
PUM3,-0.9642569641169795
WDR43,-0.65370247542893
XPO5,-0.7550343821942196
CCT2,1.048429046126778
CCT5,0.9432877149885521
AHSA1,-0.9719250469874767
PAM16,-0.6470927385541887
TIMM10,-0.530390519696147
CNGB1,-0.8748396739877106
PTBP1,-1.6543749525041187
UCK2,-0.647878964097556
BLM,0.7563318882617761
GDI2,-0.6403497888885966
SFI1,0.4609605917948845
DNAJC2,1.2449093525596662
PPTC7,-0.484110689220301
MYBBP1A,-1.3027946649458177
GFPT1,1.7483815480567177
GFPT2,-0.9909416344963566
EIF4A1,-0.7740511727198898
EIF4A2,-1.271148679034056
NUTF2,-0.619768799816607
PKLR,0.30626090106606146
ATG101,-0.5560169220706397
PRDX5,1.9124761364869352
FAM86B1,-0.39289026613158295
SAR1A,1.2078139401086054
ALG12,-0.13588968454335706
NOL6,-1.1922368758383506
UPRT,0.03718698987423195
UBIAD1,-0.5423950831341536
AK2,-0.2715819756273576
ATP1A4,-0.7183722724561347
ATP1A2,0.16816903502282715
ATP1A1,-0.7969465362072297
MARS,0.5344083617848577
SARS2,0.37312969390164713
EEF1A2,-0.088674891821017
MCRS1,0.6103036108924677
LARS2,1.1855418416392454
ACOD1,0.18154319515140013
RDH8,-0.5128361213287334
ATP13A1,-0.919517523789581
DDX18,-0.23995254904725688
PSMC4,-0.30496439826378813
NOLC1,-0.16050148712057583
E2F4,-1.2031360038266032
CALU,1.493286398701942
FUT4,-0.6534518856083589
SLC1A5,-0.7593224085711255
EEF2,-1.532776683628467
BZW2,0.8454416445274798
MAT1A,0.7818301429943857
PES1,-1.3058319084193373
PYCR1,-0.6942346453340418
GNL3,-0.4755995035243404
GNL2,-0.05727659263557569
TUBA3C,0.3451958362379559
TUBA3E,1.2147361213708028
EIF3B,-1.5606613786890102
CNPY2,-0.24139142492176177
MRPL36,-0.7798499142690095
EIF2B5,-0.7120094801305051
IMPA2,0.10118730643003947
SNU13,-0.08992763460683796
ATP5MC1,-0.3740681113479244
ACTB,-0.8678279831481694
ALG8,1.7726221266567646
ALG2,0.3763261551420812
ZNF593,-0.9191623420788516
BCKDK,-0.571056335717278
BTF3L4,-0.3143734308306425
RUVBL1,-1.3838282388313552
B3GNTL1,-0.10126732731699513
FTSJ3,0.08599470412893087
DDX55,-0.8154666742549097
RAB43,-1.0877895879616233
RRBP1,-1.1712131702274093
PKM,-0.8032061528811962
TPT1,0.6447337086366467
CSK,-1.6623903153510575
BOP1,1.1800182731945374
MTHFD1,0.20988899364353727
COMTD1,0.021598879614955494
COX18,0.08535141229929664
TMEM214,-0.964983045684548
HDAC1,0.15048596756590726
SLC35C1,-0.3932689824202477
PUS1,-0.8811536139730545
PUS7,1.015311268691057
RRS1,-0.9760396347178314
CARS,1.5138489093327487
GMPPA,-0.24949823478806382
GMPPB,-0.5252173094328875
GCN1,-1.3813274662199562
ENO2,0.6714789734791637
ENO3,0.47795382715472273
SND1,-1.0278343831022285
DUT,-0.688362442508617
RXYLT1,1.2741708084197403
NAT10,-1.3025030720580761
DLST,-0.3043040293862537
TCP1,1.4687669192013555
PRDX4,-0.3580882014656137
PRKAA2,-0.8114042789483998
SLC5A6,-0.6925559540452686
SLC25A21,-0.8453292665837536
BID,-0.5323021091009215
PFKP,-0.5221369264235558
HSPD1,0.04957311944009231
PFKM,-0.04452937026661799
PFKL,-0.9409555839961312
MTX1,-0.4945257311715321
GNB4,0.3746922153412865
NANS,-0.3751291674955157
EIF5A,-0.09281519637590642
CCT6A,0.9914122448400802
MAT2A,1.15570591859445
ATP10A,-0.9586693094541688
ATP10D,-0.012266011903683358
OSTC,0.15279826836076105
RER1,-0.13952933066421175
MGAT5,-0.713225884746298
MLX,-0.042950956713546366
DDX21,0.11650027968813821
DDX27,-1.2796782203948622
ABCC1,-0.1827596081594427
ITPA,-0.5574551558532501
TARS,-0.1372236601172076
ATP6V1C2,0.3163395405314564
TIMM44,-0.8210151042924774
TOMM40,-0.20826623482464687
ACTG2,0.0927068334780928
MLEC,-0.21953332363335334
TACO1,-0.17532046987176317
POLR3E,-0.5098729698787783
ATP2C2,-0.723975928194025
TXNDC5,-0.6869013177057893
TAGLN3,-0.5565575452984296
IARS,0.9832780286639756
SLC25A5,-0.8458976501227489
SLC25A4,1.5775032488503293
SHMT1,0.476505837437813
NME4,0.11757914077086547
DNAJA3,-0.8889351449343847
RMRP,-0.4329531394984178
NME2,0.06238823811140393
NME3,0.7946452697248013
KPNA6,-0.9064830607297445
KPNA5,0.7921793943317359
RUNX1,-1.5973107545839298
FKBP1A,0.6914058864188027
SHC1,-0.6695967770613103
RRP9,1.1330444687035235
PPRC1,-0.8708028006393723
NOP14,-0.8385849436584489
TNFRSF12A,-0.8744147412364421
PITPNB,1.9569569654757617
PPM1G,-0.10559995124933856
ABCF3,-0.6971840095866975
ABCF2,-0.89472165280701
PODXL,0.44350416470118137
YARS,0.25481824991274143
B4GALT2,-0.4727088637384598
CHEK2,-0.31741676059220436
B4GALT7,-0.5406618788991195
CLUH,-0.95124850940174
UMPS,0.552261548382024
TUBB8,1.4158032188097045
TUBB6,-0.09799561540764776
TUBB3,-0.40169398068327433
MRPL4,-1.0511828760778663
SLC3A2,-0.6115700926304743
MOGS,-1.010424490549827
ZPR1,-0.6730965160360999
CDC14A,1.4293089160761343
MYDGF,-0.744150150189681
HMOX2,-0.5769801984208655
ACTC1,0.11614198864777037
CTDP1,-0.8070375120179438
UTP4,1.9467298547191696
DNAAF5,-0.40857603007367926
CTPS1,0.11376768007239525
FOSL1,-0.9877291292727981
PSMA7,0.1805097158335393
DPM2,-0.5690118990964121
UGGT1,1.903154257204347
HMGCS1,0.6133729709479078
HMGCS2,1.6041522578035146
ACACA,-0.13465859477068182
ACACB,0.7926550838553553
RABEPK,1.2135039939219683
SRMS,-1.3562599920874705
PUDP,0.21956513467061564
GMEB2,-0.737659967172766
EBNA1BP2,-0.2066929563967537
UCHL3,2.149662587589155
TSTA3,-0.3218778544755671
WDR12,1.2423896819503684
PPIF,0.8251516727734141
SLC35D1,0.574305272078505
PPID,0.8523275420012649
PPIA,3.56490221427364
ATP11C,-0.19292314022004284
MDH2,1.6446038091210102
MPDU1,-0.08879307604103197
NIP7,-0.843683233496863
DAD1,-0.036564519697799676
DPH2,-0.7529872570573293
EIF4E2,-0.6196336717901593
HOOK2,-0.45880618669675827
COPG1,-0.6826430657208974
ACY3,1.243405800820132
GTPBP4,-0.5701067960913737
NOC3L,0.04802669015715482
SEC61A1,-0.9201333135613916
CKAP4,-0.31076454909221696
DOLK,0.001135206264491687
NME1-NME2,-0.7493403022791626
LYPLA2,-0.9616634918481205
DHX15,0.5551463795316205
S100A11,-0.9166457015534946
UGP2,1.9543792324311724
ATP2B4,-0.7556061307057936
CIAPIN1,-0.45011098112537734
GOT2,2.5504770215778043
PFAS,0.32464509573896483
RAB5IF,-0.1570504614154003
P4HB,-1.2176515239213253
HOOK1,-0.5704163953970296
MRPS2,-0.9177638814455971
COG5,0.31994215968133916
LSG1,-0.8485681266031553
ATP2B1,-0.6182280876754099
DOHH,-0.9036276863242687
PA2G4,-1.3217767397043068
FDPS,1.07129399190154
CCDC86,-0.8568662170638569
ATP8B3,0.9125732802806624
ATP8B2,-0.9467132327505277
SUMO3,-0.16004731939683453
KDELR2,-0.34865543302446317
ATP5F1C,2.0388543304373163
HSP90B2P,0.3146306019225816
TUBA1B,-0.6455305708130742
TMEM186,-0.17076417679874098
SLC35A2,0.022534409422759593
NPEPPS,0.5661516962675069
TOP2A,0.6710011021254969
GNPNAT1,0.16468500936405459
IL4R,-1.283796934106197
BRIX1,0.4456823365460798
PGM5,0.05559944269740385
ATP8B4,-0.5473769212205557
PGM1,2.211327891768744
PGM2,0.4435480096898471
PAK1IP1,1.3613950655066362
JMJD6,1.1011123467907094
STT3A,-0.20800518027339954
ACO2,0.8314195675848874
FAM57A,-0.19079984787923138
SEC23B,0.49258236125731963
MPI,0.15479180569093715
POMT2,-0.4788813492581957
TUBA8,0.9069902570026724
NOM1,-0.46167098904962667
ATP5F1B,-0.12912346216902673
OGFOD1,-0.2837004212909106
TRMT6,0.502561871691741
GPN2,-0.28907498776976365
ALDH18A1,1.3646954344030742
NIFK,-1.0120995780725022
HDLBP,-1.0529222503048126
SEC11C,-0.6692648899942704
ATP12A,-0.6593361164526885
ARFGEF2,1.6153461363574075
ADK,0.0047166370730816875
METTL1,-0.7060277156653092
PPAN,-1.0013293960516858
MRTO4,-1.037056558160637
BYSL,0.2939240302401585
KCTD5,-0.03854997196295022
RRM2,0.15467150198272328
SEC31A,2.8143373843918207
IDH3A,0.9898091634646429
PAPSS2,1.077320490647518
TATDN2,-0.22068969836381278
PDIA5,-0.3516486349515327
CFL1,-1.3503932868545105
TMX2,0.18960432236538022
SNRPB,-1.4302669663300647
LRRC59,0.5508252540223588
DNM1L,12.970432101886939
STK19,-0.49982066154507565
MGST3,2.937956469842786
NISCH,-0.7969244265708271
CCS,-0.14788703127580774
NELFE,-0.7264271758611421
PPIL2,-0.45582669121767705
PGAP2,0.04680945154049529
RARA,-1.6241743677874025
EP300,-1.273765128870116
SNHG28,-0.12440901611840569
FANCA,1.3367556685725355
TBC1D22A,0.018886438592929412
CSNK1E,-0.1854624154991017
CNPY3,-0.8533658440029205
CD151,-0.8230144537071615
TRIM28,-1.6947092979795573
SLC25A1,-0.6917696428754873
PCYT2,0.950707120367866
RANGAP1,-1.3396047283856911
TWF2,-0.6617420021293909
NUCB1,-0.8105192390249361
PTPN18,-1.0669718742906156
PLD3,-0.7699696369351796
KAT5,0.06851320065126784
MLST8,1.3922789431429117
FKBP1B,-0.9864361013511431
HSD3B2,0.27752198206770123
TRIP6,-0.912704496381502
FBF1,0.5623648770909528
ZNF395,-0.3339875087092242
FAHD2A,3.7187797829074554
CPT1A,2.190563975501422
PDXK,-0.4190807639622249
UROS,0.06820048912522904
ACAA1,4.066764756285287
UROD,1.9522468046262127
TST,2.496713899552017
CHKB,-0.8575035258866494
XRCC6,-1.2506320186014779
SREBF2,-0.6811093575233811
HEPHL1,-0.3723720607120121
DDR2,-0.8358614815546478
ALAD,0.8689015344040013
GPAA1,-0.5165405002584944
IRGQ,1.9188484986283745
DALRD3,-0.09765411154358909
MPST,-0.049680849069655066
ERP29,-0.5010803055204347
SAMM50,1.4373217200716921
POLR2E,-1.384097078454005
KAT6B,-0.9831818344063693
POLR2I,-1.000833212999742
IRF3,-1.3703273369842344
TECR,-0.4644052764441231
GALK1,-0.2560109468356986
LRRC15,-1.2149911610462216
MSRB2,3.058294866416066
DDA1,-0.26948267480756005
ABHD17A,-0.938174639256443
HDAC5,-1.2532437283560296
PI4KA,-0.9096620008261566
NAGA,-0.38442042238863466
NIT1,1.2796295275219962
POLG,-0.44011373901144635
RBKS,3.771473742192669
ACADS,3.602774296213933
ARF5,-1.185849471181798
AKR7A2,1.8091004156774153
CUEDC2,1.0565469799075204
DNAJB2,-0.8794596591238092
ATP5F1A,1.8780569308233654
CBY1,-0.08573956545656236
MAPK3,-1.0737877411772019
DSG4,0.0673101644843141
GALT,-0.032446460333051576
GNB5,0.5071682201191728
TXN2,0.04146805958222846
STK25,-1.172253114487602
SLC27A4,1.2255860422238016
UCKL1,-0.8509635529875962
ZSCAN26,-0.31835312721955084
SPSB3,-0.49780276676711505
VSIG8,-0.462966261568361
RETREG2,0.22639779106410476
GSTK1,1.3375676749417087
PPIE,0.41806932345475295
PRKD2,-1.2595084669412653
RBSN,0.2621075892456817
COX5B,-0.08362657702293207
PPP6R2,-0.4755036389533775
AACS,1.0481374409602908
OVOL3,-0.2851798808322904
PIN1,-0.9340552786562663
AANAT,-0.8033947261036964
GCHFR,0.9196953816334478
NDUFS1,3.233257374512301
HAGH,2.7208313785901947
TCF25,-0.8816951350671988
IMPDH2,0.09203928294189079
HMGCL,3.9942624721245643
ILVBL,0.7804316755270749
POTEE,-0.6530501343182814
PIGA,-0.29090939792070697
ALDH3B1,-0.28482980669192104
TTLL1,0.7327630749668779
ISYNA1,-0.09417364785110045
CRYL1,3.9410810777198586
QRICH1,-0.4598966613987697
NDUFS8,-0.4016182239586081
SGSM3,-0.9001230264431437
DUSP14,0.3076462867471592
E2F3,-0.939707467953429
CABIN1,-1.3441837880170362
PEMT,-0.17196686760789864
HEMK1,-0.22161034143879602
OTC,1.071121756572781
PMVK,-0.07137486327049582
SUN2,-0.7679996957713922
NDUFS3,0.4828105699926717
ACTR1B,-0.9289440461794769
NDUFS7,-0.18457983576299544
SDHA,1.730681817287934
ATP6V0E2,0.005939498294110185
ASS1,0.6575295286453688
DUOXA1,-0.44816220838551635
AGA,2.3568859156124344
RAD51B,-0.05295774259688057
SUMO2,-0.262411216851077
MAN2C1,-0.5244526695635509
IFNG,-0.3762975278935326
PTGR1,1.5486468698294047
BCAT1,1.4397161697461618
ABLIM1,1.112629597052785
TMEM184A,1.029060382915222
CYP3A5,1.982597841880141
CNDP2,1.5751067194355817
ORM2,1.2498985095815853
PARP12,-1.0192273319772946
EIF2S1,-0.9905748622410631
SERPINE2,0.6523296000434572
APOE,-0.024896327713562427
TTR,0.5086288097971002
PEPD,2.412045586335995
PAICS,0.6662524907648798
GDF15,-0.6868216731891069
UAP1,1.6879858150438993
NMRAL1,0.24382983000495415
ALDH8A1,1.5751717201416722
VEGFA,-0.4788395072143489
PPARA,0.6117487863780146
SULT4A1,-0.5067940713728233
GLYATL1,2.906992718178324
KRT17,-1.0088450381022456
SELENBP1,1.0967574680207028
SLC22A6,2.7441689962792313
GPX2,0.5166450020970428
GIT1,-1.1365183036913782
GIT2,-1.0614954991531975
SORT1,0.060698869534453484
FLNC,-1.2702000833153353
SLC22A8,3.1745887121710807
SESN2,-0.626151275519491
RET,-0.32564989540722616
SLC2A10,0.3855837659929902
FH,3.376146769286102
VSIG2,0.8101966935831468
HTRA2,-0.5074613691260904
MDK,-1.2073089128266667
SCLT1,-0.18808517611224296
ASPG,0.833045030037567
ASPA,1.8859817070478317
ACAT1,3.0958521910855357
GGH,1.9154953162533706
KIF21B,-0.9268464243620852
MVD,-0.2935362931118611
F2,0.861364593686593
CNTN1,2.3448658203440575
TRIOBP,-0.5241906280112363
PIPOX,3.251558868100145
GSTZ1,3.4461634749976033
SLC17A3,2.519564632766482
TINAGL1,0.5565465328967201
MT2A,1.0633700899250753
UGT2B7,1.4065140862033771
G6PC,1.1346963827036258
EGFR,-1.0932599506399454
BHMT2,1.3957051455353384
ABAT,0.9743687312453375
BIN3,0.45775785617262515
AQP3,-0.0828721207309355
AASS,1.8532974633263635
DPYS,1.7154535635855095
ACAA2,4.288902812260645
GCDH,3.5200715801739
SLC25A2,-0.10197170288376434
RPGRIP1L,1.2680195873410613
PSMC3,0.25851589500875555
ALDH3B2,0.37121833567502105
NANOS2,0.032243777679712385
CD48,-1.130258537133448
FBN1,0.2630159074500509
STS,0.20521741999312754
HGD,1.8257454436078893
CRAT,2.42705455497138
CFH,0.5078602249210852
CFI,0.9584511155156249
GJB1,0.6687733319689969
FUT3,-0.6189685111553204
CAMK2N1,-0.29317444381894614
PCK2,2.4166622224821173
PCK1,1.0099378175101361
NQO2,0.8238279890594727
AGXT2,3.8767107550440203
CYP3A7,0.9253752905059918
PYCR3,-0.20540833765194413
PYCR2,-0.02396865998602648
SLC25A13,-0.1582714597412051
EHHADH,3.6778246080893586
KLF5,-1.1266037163536655
FGFR3,-0.9043353586452599
LAD1,-1.0461132136959943
IFITM1,-1.0656528395381704
CENPK,-0.25507166018037347
ASNSD1,2.015983001888662
TNFRSF21,-0.11887695330199431
PALM,-0.881923657734572
SSH3,-0.9708128617335671
HOGA1,0.9611793926881053
WDTC1,-0.7758041364481251
ALDH1L1,3.523903755282502
SLC2A2,0.7730185628277662
SPINK1,-0.29916931608636776
VLDLR,-0.2762147196562446
NANOS1,-0.25691803409887765
SPTAN1,-1.3408398272203463
PROS1,-0.14668253506481194
LAMC1,-0.3718780880554328
ATP7B,1.1606377713789064
MYCN,-1.0281757894772126
MT1X,1.972874496557896
NBL1,-1.0464754667710443
PALMD,-0.4844412464342624
NUPR1,-0.38427072499322873
IGFBP3,0.16209383829567056
AGMAT,0.10497508368663985
ADSSL1,-0.1284861335030916
CA10,1.1312593554394412
SDSL,2.3395666380582294
MTHFD2,-0.2984889126053265
EPHX1,2.1891358283339817
TMSB10,-0.853202381656427
PPA2,1.5720553896458813
PPA1,0.17117739691794065
FABP1,0.4438670820434538
QPRT,-0.1795839109645531
USF1,-0.8218626996620907
ETFA,2.52981774355103
MTOR,-0.12995163820206618
CLU,0.11329069031303582
RACK1,-1.2395097068782748
KNG1,0.25317293195566776
ALDH2,1.682003186355187
CDK1,-0.022183854382026448
CDK2,-1.6400245356082324
CDK3,-1.0696409506160476
NAGPA,0.10489914954900617
LCN2,-0.35681275146721114
PHB2,0.1752640101855419
USP4,-0.9622644232349481
PRDX1,1.100630353210683
DDX11,0.531011797934669
PM20D1,0.2903635731733848
STIP1,0.6087909771756403
CDC42EP1,-1.0553073920611873
TNFRSF11A,-0.14661530528010044
ACMSD,1.5117360787178904
LATS1,-0.7472548202755297
CCNB2,-1.0278317946569846
DDX24,-1.0867101486707562
ARHGAP32,-0.6649793018610402
C4BPB,1.0417217776769425
TUFM,-1.0271055202035086
CKB,-0.4015854569746099
TPBG,-1.0425075615846227
TPI1,0.9078072225556038
PAH,1.9929625851147117
FURIN,-0.2846528161387619
CALM3,-0.6459957412868494
ACSM1,1.2815618677341083
ACSM3,1.7343757705502556
PRODH,-0.03940827969868163
ACSM4,2.3618729528991773
ACSM6,2.241808174872328
FGFR2,-1.3568453117281192
ASRGL1,0.36520892490882223
ERBB2,1.7073793012661542
ERBB3,-0.5752114914837053
CTSB,-0.988554125431628
ACSM2A,1.300985970572848
ACSM2B,1.4301401005536094
SLC25A20,1.4015645847506728
RPL18,-1.284769749292268
GMPS,1.1743758536982603
CPB2,0.8699077541590574
KPNA2,-0.2370560943521702
FBP1,0.8590841207061918
ENAH,-0.5956929670898625
PDZK1IP1,-0.1940298222491578
NDRG1,-0.058438523887981535
ITGB4,-1.2076549499081461
HSPH1,0.3652251502852092
NONO,0.01272918732519538
GLDC,1.0126070179124895
XDH,-0.35452546160344417
ECH1,2.57509892741334
SCNN1A,-0.9058081276505635
ANXA11,-0.6752514096349265
GBP2,-0.8009942285850489
ACSF2,3.710949829013017
PTPN1,-0.05100096296378279
LCT,0.37282459875715857
ANG,1.2558563064463368
EIF4EBP1,-0.8663084156799394
BCR,0.23821998195359664
ADI1,2.959605669285286
BHMT,1.3686232869110249
ZER1,-0.829008471143755
FHL2,-0.9749724235593492
KRT6B,-0.760149923675911
LY6E,-0.7798609042821965
EFNA1,-1.0914830850873745
SRR,1.645700782691615
PRKAA1,0.9095876123576835
ALDH7A1,3.138844144480513
LGALS3,0.7954874925471879
ALDH4A1,2.7176838864665664
FSCN1,0.188612222342422
LGALS4,0.6292160750110952
PLXNA3,-0.7011163721535367
AGXT,9.070094578788575
ASNS,-0.49684143874014425
RARRES1,-0.6571771443165111
PLG,1.3898115414180292
S100P,-0.7862744196843975
MPRIP,-0.5204942646669396
INSR,-0.8257085955001062
ALDH1A2,-0.09903037441803525
KYNU,0.9305387535066402
CBS,0.802782275408191
TFAP2C,-1.1603800203113688
RPL17,-1.2062779808015867
ACY1,1.4629665043022662
AADAT,2.5008850640561278
SIGIRR,-0.7106607672694338
SERPINA1,0.04901245984166831
SUCLG2,2.375596743829888
IDH3B,-0.6665771729962474
HPN,2.820839036984513
ALDOB,1.2497862142118425
HPGDS,3.698992145822991
HPD,1.9161307549816013
PSAT1,1.948506936928473
PDK2,0.2589934446020193
PDK4,0.5385146492092134
ABCC3,-0.19374111935629562
GSR,1.7127203445093528
DARS,-0.4439729038744055
DOLPP1,-0.07834502078634759
AFG3L2,-0.5303291495099441
DMGDH,1.4504700352349553
PLIN1,0.7594847562125909
NHLRC2,-0.0054197245289833934
WWC1,-0.36073908611841166
KHK,1.1289619793211387
CAPN1,-0.9843891400819207
PIR,0.816332639273512
IREB2,3.040449528826879
DDX3Y,-0.9551967508680833
VWA8,2.708182402025933
BAMBI,-0.7479648848089173
POLR2D,0.23056487490559924
CYREN,-0.23953131012251433
CSPG4,-0.9675635308501422
TERF2,-0.7202959643053783
STC2,-0.3881647008372727
SLC7A9,-0.2553116811251207
SLC7A7,-0.4814473808898255
SLC7A5,-0.7324056509634662
AKR1A1,3.4911153981112917
AOPEP,2.8275462773565434
NAGS,1.9141453405042164
NEBL,-0.12312322655250767
TMPRSS11D,0.004170758694748931
SIRT3,1.3728738409195762
EFEMP2,-0.8179141968423155
SGTB,-0.5579273207105505
ACO1,1.2131463107865204
HOPX,-0.9288446709972056
TNFAIP8,-0.7542348097659527
SDC1,-0.8985303721604748
ARG2,0.05835638519660884
ECI2,3.910845326803611
GGT1,3.0008560504941273
AIFM1,1.3469577177881487
IL17RC,-0.3400748585429628
GAD1,0.5545721310633773
GAD2,0.12073791676298257
BAIAP2L1,-0.45743916414989433
TES,0.6181309420910353
TSKU,-1.3881466256585184
MTHFR,0.16945976635382473
SLC13A1,0.7260887540611732
SLC13A3,0.7953783003757765
PBLD,4.583268657168111
FES,-0.7577850355976233
SERPINF2,1.0625204550589304
ADM,-0.7785562832092741
STAU1,0.631780434839535
RGS14,-1.0809581771013013
PSPH,1.577307481441882
STEAP3,-0.07571413662578694
TBC1D16,-0.49746566566890016
KARS,0.5650143503955457
SLC7A11,-0.06009665184234126
ELF3,-0.6255820918088927
TXN,1.276003876688529
SERPINA3,0.7750298779190955
CRABP2,-0.8534114260568502
PTPRF,-0.7157384724225385
CDR2,-0.3056164736197277
NDN,0.09588200595809417
MLH1,1.8388825984557708
GMPR2,1.3027758632908362
PLS1,-0.21484823573858214
TDO2,0.7671085031097418
PDIA6,-0.5445458478681302
GPC1,0.32875903378424803
ALDH6A1,3.0941229505266716
ALDH1B1,0.9456188010351337
MTAP,0.9423315601071187
DAZAP1,-1.1707398584004403
AARS,0.1665525242619148
LOC101060399,-0.284187724145041
CREB3L1,0.058686480736078565
ATF5,-0.7507267698140472
ATF4,-0.9398370672170167
FOLR1,1.38888865627394
LINC00671,-1.0926859517980245
KRTAP12-2,-1.1015720202152128
ADAMTSL4,-0.9224075597465141
FHIT,-0.371991297025355
SRC,-0.5942889869216716
AMPD3,-0.7110217574082428
AMPD1,-0.5457628819072871
MGMT,-0.1411630899795677
AMPD2,-0.8353406962719615
DNMT3A,-0.8082732488622166
REL,-0.7009835744182413
FDXR,-0.10661435191840005
SMARCA4,-1.2592195590917266
HINT2,0.19539114395373477
HINT3,0.587168718671425
RARB,-1.2254871831400576
ERBB4,0.011175228687073796
FOXM1,-0.5441421685156793
DNMT1,0.5817065482745469
THRB,-0.7683594092633957
APTX,1.364191008523776
DNMT3B,-0.6095038433917686
ENTPD3,-0.5187181292712284
RPS23,-1.147982821252908
ENTPD1,-1.1674606985162794
WWOX,-0.6017836385778841
RABL2A,-0.30905408091645653
ENTPD8,-0.6475460913923481
SH3GL2,0.8946304815395908
AK1,-0.5252372777366022
AK7,-0.4086310000358083
AK5,-0.44209345801503613
AK4,-0.18042143735286473
PTPRD,-0.9953162354162312
HSPE1,0.8433742193996032
SFRP1,-0.8937462446238347
ARHGAP19,-0.4250700620352053
SPX,-0.38163833347200277
CTRC,0.25332566708622617
SPINT3,0.08460830294053436
NTNG2,-1.033068619995975
MPP3,-1.3666556643910464
SLC12A5,-0.2872295319101927
SCN4A,-1.1896273179743677
PRKRA,0.879428922211926
THPO,0.09660849676953481
HTR6,-1.148166362717319
GPR27,-0.7879560775167684
DBH,-0.2505374442898652
RNF186,0.09124652314293337
CSHL1,-0.5966685563058917
HGFAC,0.4771271712365008
TSHB,-0.879281255806569
TNNT2,-0.505425327640834
SLC11A1,-1.1136731340422652
PRLH,0.317236869375959
GGTLC1,-0.06519444017378051
OXT,0.22977717478110257
LBX1,-0.12451697344627409
PSG4,0.5956504001417102
FGF1,-0.8826845991740689
A1CF,0.8567427532398607
MYH15,-1.0127577583819194
GABRR1,1.172605298390237
SCN10A,-0.9560921267983313
STXBP6,0.13340703330568304
SEMG1,-0.42584161912338425
FZD4,0.19651345463685538
LGALS14,-1.0212475631466804
RHBG,3.744406285684949
CDKL2,-0.6392816849252112
CST8,-1.1489971303098403
GML,-1.0074243136607532
OR51E2,-0.7564471295452736
CHRNA6,-1.1182741991880834
MAS1,0.5978204525284476
GPR37L1,-0.5725854743407894
IFNA7,-0.9159667809279247
RALYL,-0.6950500538749234
ABCA4,-0.5524115032869502
KCNC1,-0.7159315601720476
PITX3,-1.165908536715748
PARM1,-0.26733054601373046
GCNT4,-0.7600554442316333
PGC,0.30031832058928803
TM4SF5,0.2567183385773489
DEFA5,-1.010453955364016
PROP1,-0.1584396489505348
TG,-0.8687122447942117
KCNJ10,-1.0183648616100522
UCP1,0.878401123514021
PHOX2B,-0.9784429511037592
ZNF709,-1.529974925913846
FOXQ1,-0.739932365437053
UBD,-0.9950060049251275
PPP5D1,-0.842631880478188
CAMK1G,-1.0709112927857314
BRPF3,-0.9408999504574531
CAMK1,-0.9298446939208216
ARF6,-0.5629148023369906
TAF9B,-0.6323645530186205
RCVRN,-1.202250782272903
ILKAP,-1.3016903120300842
INSRR,-1.1454722257441567
TTC13,-0.4693490237499589
LRRC56,-1.3516355745971687
ZNF708,-0.6617227806338976
ZNF66,-0.7175139898201244
ZNF791,-0.9043395660736537
ZNF77,-0.6423867113675864
ZNF383,-0.5443707922658138
ZNF382,-0.6218353485308897
ZNF354B,-0.810288918505571
ZNF700,-0.5895601727623965
MAP3K7,0.3693635351287393
ZNF264,-0.908173604723441
ZNF782,-0.6761184119005497
ZNF267,-0.876631679272028
ZNF587B,-0.7117112497125171
ZFP69,-0.668717128037599
ZNF471,-0.7597324710367217
ZNF470,-0.6967132088513596
ZNF184,0.8821103429841738
ZNF268,-0.44512694391446206
CTTNBP2,-0.6390241512204214
ZNF667,-0.6225658814629799
ZNF45,0.7500187088373985
ZNF44,-0.8682900865556442
ZNF404,-0.5739817099811678
ZNF680,-0.26117517492331566
ZNF681,-0.8769692641374871
CENPCP1,-0.6061592569718101
LRRC2,-1.104416946633194
MYSM1,-0.5751505373067952
ZNF764,-0.7943638561605219
ZNF284,-0.6936011700924927
ZNF677,-0.7072424887231957
ZNF675,-0.3319959620389092
ZNF674,-0.9571679926086519
ZNF440,-0.7522212510692985
CLK4,-0.8763444177808387
ZNF442,-0.8479254092227834
ZNF841,-0.6076829003618067
ZNF845,-0.6406594338340975
ZNF679,-0.6675591991772974
ZNF273,-0.40657393908316414
TTC14,-0.4866770664865976
ZNF569,-0.6242142031359955
ZNF568,-0.5969198677530042
ZNF567,-0.48488409412302363
HDAC10,1.6237147727195704
ZNF565,-0.543397506385561
ZNF37A,-0.3276818575491059
ZNF563,-0.7691993692728043
ZNF562,-0.8082908789029767
ZNF560,-0.591012337373213
ZNF699,-0.6964326108580596
ZNF214,1.6069907607441725
ZNF195,-0.6010435957147261
ZNF283,-0.5944795958979386
ZNF57,-0.43925205103560916
ZFP90,-0.5885805339418807
RBAK,-0.6953242860303421
ZNF599,-0.696578306825836
ZNF606,-0.7603752049814549
ZNF607,-0.6827032006280243
ZNF454,-0.4701898498495421
USP47,0.5697188600464327
ZNF585A,-0.6654202757496366
ANKS3,-0.7849418578377454
ZNF669,-0.8638925240229929
ZNF347,-0.6981338599211484
ZNF765,-0.7869560697801409
ZNF875,-0.7436358065160397
ZNF510,-0.44709708866964754
ZNF766,-0.6382413310360358
ZNF517,-0.604714073997707
ZNF514,-0.9222314501839575
ZFP28,-0.6951525332167748
EGR1,2.1693362493089947
ZNF227,-0.5555109166142876
ZNF25,-0.656620784321187
ZNF823,-0.6181289745819786
ZNF583,-0.6032045327313468
ZNF584,-0.6887702225051694
ZNF587,0.8163280143574493
RBM12B,-0.41148949282160746
ZNF879,-0.643855533230243
ZNF829,-0.6805308121241174
ZNF610,2.01162546903689
ZNF613,-0.7395992866309943
ZNF564,-0.6663070679482208
ZNF614,-0.5737815640145514
ZNF616,-0.6044484950809698
ZNF619,-0.7148623942505247
ZNF426,-0.7852149768334676
TTC32,0.10183432371351697
ZNF425,-0.6341584879326427
ZNF420,-0.6425019444514499
GUCA1A,-1.223585460801062
ZNF429,-0.5843884213539917
ZNF337,-0.8730831087356618
MAP3K1,-1.054236729916562
ZNF23,-0.3853029777887602
ZNF331,-0.8897784923065917
ZNF235,-0.8212935096637219
ZNF233,-0.6866375748122654
ZNF34,-0.7791398323136357
ZNF30,-0.48370619171047224
ZNF836,-0.642791043069419
ZNF175,-0.6904112538382046
MGAM,-0.7370014881481016
ZNF354A,-0.4291085692127252
ZNF534,-0.5673781076154378
ZNF530,-0.7663766142328043
ZNF571,-0.021407201036801375
ZNF624,-0.725493284205846
ZNF627,-0.6685054831704867
ZNF621,-0.7044267202301402
ZNF749,-0.8789907268092422
ZNF623,0.21401548145082552
ZNF436,-0.7440877512423689
ZNF431,-0.7149923634503843
ZNF433,-0.6891132691139862
ZNF432,-0.6375900105895658
ZNF92,-0.27074001720976215
BRWD1,-0.38992243206223703
ZNF439,-0.7790549425670327
ZFP1,-0.6742646455254658
ZIM3,-0.7263445170222332
GABPB1,-0.697079116272159
ZNF324,-0.830989446115717
TSSK4,-0.898636277090621
WDR20,0.1160797145172035
ZNF473,-0.9230912334077259
ZNF689,-0.6339251770821088
ZNF527,-0.5803556040116677
ZNF480,-0.6884333598227811
ZNF529,-0.5952677762934276
ZNF155,-0.6862859988756546
ZNF484,-0.7288987298375355
ZNF665,-0.5736914492195011
ZFP37,-0.7887424103182517
ZNF33B,-0.5978962628204147
ZNF33A,-0.6419995116898692
ZNF132,-0.5580641551336182
ZNF133,-0.6674441982519662
ZNF311,-0.6743736586560496
ZNF317,-0.824924903776247
ZNF251,-0.657192325262234
ZNF250,-0.7919087180335399
ZNF253,0.7979788531465869
ZNF254,-0.4135972060182287
ZNF257,-0.5212587007538729
ZNF256,-0.6815320362878238
ZNF493,-0.817416716085507
ZNF492,-0.8430490871714995
ZNF490,-0.7841073113498068
ZNF813,-0.6684644177073754
ZNF780B,-0.6013819892983313
ZNF17,-0.7565717044439918
ZNF12,-0.5813737520650135
ZNF814,-0.6322310132911589
ZNF7,-0.21588793962100022
ZNF14,-0.668770517394424
ZNF726,-0.5905776667799169
ZNF684,-0.569692665421368
ZNF557,-0.5180446180696094
ZNF554,-0.6961266015465382
ZNF555,-0.6799830074155663
ZNF649,-0.6536903357015734
ZNF416,1.9002631980268352
ZNF662,-0.703684856246073
ZNF792,-0.47491321639844764
ZNF93,-0.5599094332948388
ORC2,0.9335855366904341
ZNF324B,-0.945582319157642
ZNF208,-0.8481704957352191
MCM9,-0.17729455623997348
ZNF461,-0.683263082576937
ZNF154,-1.0840179542331478
RHPN2,-0.7822485392865663
ZNF714,-0.48583059515943
ZNF98,-0.4689077315919611
RHOBTB3,-0.13343627533307975
ZNF860,-0.47698488500797837
ZNF99,-0.7662349167158338
ZNF468,-0.3033750080646789
ZNF790,-0.590636363470011
ZNF91,-0.6132257433851391
ZNF543,-0.6358864479212425
ZNF793,-0.5977124016423175
ZNF460,-0.5895334471052683
ZNF506,-0.7760011291619087
ZNF549,-0.8358307112027372
ZNF548,-0.6249054373428538
PPWD1,-0.5968842789039727
ZFP14,-0.5586132087593985
USP28,-0.4850683823096303
TBPL1,2.7656365941457035
TBP,-1.291237054686895
GP1BA,-1.2693798873950535
ACTRT3,-0.6662841334739258
ZNF559,-0.46490604657597495
TTBK2,-0.6626053828100331
PGA3,-1.207353969176367
EPC2,-0.5190461387781785
KANK3,-1.486295563678504
ZNF878,1.2826413716824392
NID2,-0.9184785534176887
CPE,2.0029989301952216
P4HA2,-0.7422224345821876
CPZ,-0.8325856280847583
MFAP4,-0.894466251589672
GPR183,-1.2238307154714303
WWTR1,-0.6808707439771079
THY1,-1.1332235608964445
TACSTD2,-1.0029054993369444
GATA6,-1.2918275556796512
COL15A1,-1.016217080095108
MFAP5,-0.8883479946138708
COLEC12,-0.6369405613053654
ANGPTL2,-1.1065011480488114
EMCN,-0.8606943360593021
ITGA1,-1.2878907049446366
ITGA5,-1.4066371032938692
COL3A1,-1.2124923456110983
SERPINE1,-0.12137712030122563
ALPK2,-1.033645240659094
COL4A2,-0.19576782987231875
VEGFC,-0.9772181960393932
CHST3,-0.6323374636828724
ZEB1,1.0845951934743518
ZNF423,-0.7129667610964986
GPX8,-0.5665220636373342
VWF,-0.0003776592677139328
MYH10,-0.6281597108238359
DLK1,-0.650380643486563
HTRA1,-0.8602512492175828
TLL2,-0.47296507706290103
PTX3,-0.8267898788135283
SPARC,-1.0183765376925435
TFPI,-0.4395392553413792
PARVA,-0.9071830894741604
LAMA1,-1.0981824764038517
LAMA2,-1.0628271057704002
LAMA4,-1.2132278523936528
MCAM,-1.1165493893663203
LEPR,-0.5905878469203781
ADGRL4,-1.03243558214065
NREP,-0.019924490642339622
MXRA5,-0.9544593143147154
MTCL1,-0.09933563731317226
CXXC1,-0.8182538722106732
MME,0.6102033065931188
CTHRC1,0.25435164331453425
CALCRL,-0.8158139030969974
SPARCL1,-0.6239277571098959
AFAP1,-0.5705321468595436
TWIST1,-1.097079156460984
TM4SF1,-0.5843694709901986
SULF1,-0.8234690848296612
LMCD1,-0.7332446672723418
SLIT3,-1.3286953388621694
DEFA1A3,-0.7695351290268215
JAG1,-1.1283364378617307
PDZD2,-1.0067026115190865
SPON1,-0.7958548822454379
ITGB5,-1.2193011006821823
LTBP3,-1.0961559511943566
LTBP1,-0.8608521772848583
FBN2,-0.8226679379767562
CA12,0.9828073004528852
IL33,-0.9833897559922365
SOS1,-0.850800790278862
NRP1,-0.8842715493379975
NELL2,-0.8901660142708235
BNC2,-0.7668611590565682
CILP,-1.0434889258134383
ANK2,-0.845529437250875
COL11A1,-1.0941498625225143
DAB2,-0.8510046241465352
FBLN1,-1.0226857516675791
FBLN5,-0.70394232980971
EHD2,1.2671278054809638
ADAMTS5,-0.8783382785357222
ADAMTS1,-1.091486992592413
GNG11,0.13710411536621966
FOXF1,-1.2122521094156191
FOXF2,-1.212525981366823
PLXND1,-1.1279142257340367
CDH5,-0.9340285811463767
CRISPLD2,-1.0077682454253165
SNAI2,-1.021838470035834
FN1,-1.0761161154350607
VIM,-0.5972287725540643
KCNH8,-0.8582719000372503
CAVIN3,-0.1220069810503847
CAVIN1,-0.9136912931906718
LAMB1,-0.9118529118889646
ADAMTSL3,-0.9617588307478852
COPZ2,-0.567753154825411
LCE1A,-0.7691114795014499
ANXA6,-0.85324140019231
NID1,-0.9958398386158159
ANGPT2,-1.0087741986950998
ITGBL1,-1.205111066586919
TMEM45A,-0.371775468378032
IGF2,-0.146028508345772
DPYSL3,-0.7398322089272797
PRSS23,-0.6779054962642026
IGFBP2,1.2066337083062908
IGFBP6,-0.7619043005878134
IGFBP7,-0.9418344223173155
IGFBP4,-1.1427692813378856
IGFBP5,-0.5853436194654992
COL16A1,-1.1539770938031195
GJA1,0.234073476202207
CD93,-1.0839066651588223
PCDH17,-0.7185700030912975
GAS1,-1.051537093750553
PCDH18,-0.5391236489900906
ANKRD13D,-0.5035738930657208
FILIP1L,-0.8425633563827702
PDGFRL,-0.9424853478637034
SPRY1,-0.906642826394383
TRPC1,-0.5130219986726218
NUAK1,-0.8897921423401296
HAS2,-0.8248665835730181
COL5A2,-1.1022977136699348
COL5A3,-1.123880270713622
SUSD4,-0.7681669783134235
TRAM2,-0.48533480092939846
HOXA9,-0.6686844422721334
TGFB2,-1.1540465397917032
PTK7,-1.1867088886043904
JCAD,-1.141294562949007
PITX1,-1.0069038135636013
CD248,-1.0922777288771417
LOXL1,-1.0444938734496263
RGL1,-0.8690031040747725
MATN3,0.06746155898058757
MATN2,-0.3507700885743423
HEG1,-0.7852389852468061
SKIL,-0.9140803655053933
THBD,-0.9095908171583688
CALD1,-0.9837549901068572
DCBLD2,5.657824660216996
AKAP12,-0.6064636586188088
NOTCH2,-1.246234952273955
ACKR3,0.7086932754869553
COL5A1,-1.0768112880368441
TGFBI,-0.9057469704306277
MMP1,-0.7794832708809896
CHN1,-0.7476168262686201
CAV2,-0.6882706173454458
CAV1,-0.3717635928068718
EML1,-0.7623058402064249
SRPX2,-0.8866167561095154
PLK2,-0.8843543647886891
POSTN,-1.1658456181993886
RORA,-1.0708365556884538
DZIP1,0.25191026520848503
RAI14,3.175924239281093
F2R,0.37545047438772366
GUCY1B1,-0.7342655082164404
PRRX1,-1.0615784312269085
HSPG2,-1.254678687069548
FBLN2,-1.0629976729927584
CD200,-0.08301079654404726
PDPN,-0.9183075862310358
MAP1B,-0.6964055683676468
FRZB,-0.7947370010979821
TSHZ3,-1.1153096691094124
ZNF581,-1.01021594934662
KPRP,-0.7195911850632766
LAMC3,-1.0745656514047734
FRMD6,-0.45905967577808504
NNMT,0.07106127328849596
TIE1,-1.2529838784001766
COL12A1,-1.010001051701276
COL4A1,-1.0476968561074935
LHFPL6,-0.637351328767206
AMOTL2,-0.6348459668055448
FST,0.6190241939239286
OLFM4,-0.7021442662647934
SNED1,-0.44334028643034507
DACT1,-0.9645208777827241
A2M,-0.05284001431529964
ENPEP,1.0871948259733757
KDR,0.285620477191443
P3H2,-0.8909422407564348
LGALS1,-0.12506998292569912
GSDME,0.20024065992485968
SFRP4,-1.043960149710708
KCNJ8,-0.9557731005926303
PALLD,-0.5372237278450355
COL13A1,-0.9844565489181155
COL1A2,-1.0917045892508097
COL1A1,-0.27647632441354725
PPIC,-0.3509775500017401
CDH11,-0.630032190136268
AOX1,1.5916235085133048
CEMIP,-0.6744033647073828
ANTXR1,0.1328882311899058
PLAUR,-1.1179929402806617
GJA4,-1.051309891572057
ECM2,-0.6583538747899644
ECM1,-1.0835628973828553
AEBP1,-1.2148910475113346
RBMS3,-1.0577994191926443
LOX,-0.0064670434815606356
FAP,-0.8453599476181288
RGS4,-0.5629909241620006
RGS5,-0.1483710687781169
GLT8D2,-0.8416171156676877
TPST1,-0.3024336844092009
COL18A1,-1.0412163612511374
ENPP2,-0.6085611967370637
EPCAM,-0.4879235824402871
PLXNA1,-0.9627891632713839
OLFML2A,-0.4530575367409883
COL6A3,-1.0076204455157007
COL6A2,-1.2740552032374324
TIMP3,-1.0425574286153436
TIMP2,-0.9200958045290641
MSR1,-0.913787559698835
MRC2,-0.9512856544677829
ITSN1,-0.687686240659252
DSC3,-0.7340393503021141
FSTL1,-0.9778014480714694
MICAL2,-0.6869553559255656
ARHGAP29,-0.6302554641720838
E2F1,0.7273946653666159
MSX1,-1.20694348901455
BMP1,-0.810738743937721
KRTAP10-3,-0.8332034073114859
TFPI2,-0.6018836825836393
SRPX,-0.8967114937146197
EGFL6,-0.9488113526099012
FAT4,-0.9963499493258229
KDELR3,-0.3959794735078161
PXDN,-1.4012649109288087
HOXC8,-0.6988132639035448
OLFML1,-0.8322985141760556
OLFML3,-0.10412195911674568
PTN,-0.8356033990225293
LYG2,-0.637041172121879
THBS4,-1.0920648845339456
CCN4,-1.024619236755081
THBS2,-1.0530633088625743
THBS1,-0.3001613483559585
PILRA,-0.9613396689315538
GUCY1A1,-1.0890996254108247
PCOLCE,-1.1235789582345035
TGFB1I1,-1.1135494668541601
TLL1,-0.0240601216977215
EFEMP1,-0.9908414497091196
STC1,1.4537350856320017
OLFML2B,-1.17745327871631
ETV6,-1.1702362591637343
SDC2,-0.7235177470052669
TNFAIP6,-0.9472182416507031
RBPMS,-1.1337132973044455
ADGRA2,-0.964690627556755
SPOCK1,-0.3858692406135148
WNT5A,0.0796516854209946
GPC6,-0.7453383980586592
EPHA7,0.6592133435164113
GPNMB,0.20288397046339002
STOM,2.2695569919536474
FZD1,-0.009266819496406209
SGCD,-1.0226300388216263
SGCB,-0.0725220718254636
SERPINF1,0.5362135292740424
VCAM1,-1.0358726859788447
ABI3BP,-0.7961333604638833
TCEAL9,0.023618307859147158
EMILIN1,-0.8346029281469638
CCN2,-0.9382601753905768
VCAN,-1.1544920790809206
ADAM12,-1.0899248918758373
NOTCH3,-1.3620256624487872
LAMA5,-1.3169834631533688
RAB31,-0.797775100986653
PLOD2,-0.412497661596151
GLI3,-1.2959386465205467
OSMR,0.9447530758055345
COL8A2,-1.1440968251335555
COL8A1,-1.0142847892880382
ADGRF5,-0.9195452439026034
PLAU,-1.1426752759042496
PLAT,-0.9508439549559041
GPC3,0.4829433580240272
TNC,-1.264564157700528
SERPINH1,-1.072152842491271
TMEM25,-0.3623582630353964
PCDH7,-0.6479558229249243
PTPRM,1.8452998440045751
PTPRK,-0.8060839060921606
ESM1,-0.6828223930038224
CYP11B2,1.4009829762840154
STK11,-0.9151984772325917
STK16,-0.8163106351046229
DLGAP5,0.7631119157922551
ZNF701,-0.9180137000603478
PIK3CG,-0.5344447898958374
ZNF585B,-0.5035953299113215
IRAK2,-1.0778059693706257
IRAK3,0.44934634279836283
IRAK4,-1.0524433441356589
ZNF43,-0.1093822667766994
ZNF41,-0.6375579861147181
CSF1R,-0.5486276127253982
ZNF682,-1.4348682437756812
CAMK2G,-0.9708407896921732
CAMK2A,-0.9937383825651023
CAMK2B,-0.27455429234889467
STK4,-0.12839649376772677
LMNTD1,-1.0882997579274045
ZNF676,-0.8630485334770025
ZNF672,-1.0024788921239718
ZNF671,-0.8377724427374761
CCND1,-1.34189070777348
ZNF678,-0.42353155983355895
ZNF774,-0.477577725962399
STK38L,-0.5922770303845392
ZNF771,-1.3375228714984069
ZNF197,-0.9132054018816002
CALHM2,-1.3824959817048201
CYP11A1,-0.4594099165333931
ZNF519,-0.8353301519799743
ZNF224,-0.8592608050841392
BLK,-1.2713859550723932
ZNF491,-1.240741506147711
KCNH2,0.26754128130980803
CACNA1D,-0.9217405621783489
CDC123,1.7060638647909807
ZFP69B,-1.0657962044737348
CDC7,0.2598513819719947
ZNF573,-0.6799753527057858
PLAAT3,2.853971235285067
ZNF85,-0.5818371325984585
ZNF84,-0.4370398694508545
ACTBL2,-0.7880389523849984
ZNF688,-0.45194473882509034
ZNF497,-0.6785893003283696
ZNF19,-0.3523481460161035
MLKL,-1.0818059909618982
ZNF16,-0.9377842903483709
ZNF10,-0.6635407238479107
CDK18,-0.680262192904917
CDK10,-0.944251310802624
CDK17,0.4506877956885554
CDK14,0.46017936206489757
CDK15,-0.6074379547766241
ZNF304,-0.09835141445128973
ZNF302,0.9761407088917009
E4F1,-1.2793792955284728
TTBK1,-0.39721884499767496
ST6GALNAC3,-0.44225230918986214
CYB5A,2.1009536696080895
CYB5B,2.528868791492955
ZNF544,3.5167089904625284
ZNF547,-1.2002605111395834
ZNF546,-0.9653973531231498
ZNF540,-0.74043527086705
PPP3CA,0.31282424654818536
PPP3CC,-0.7974428809798147
PSKH1,-0.6093405244111916
CDO1,0.24567754987208204
GCM1,-0.9656559218361
SLC25A11,-0.40568995921362694
ZNF333,-0.7959144755763543
SRF,-1.227561840480155
FGR,-0.8165030514294747
ZNF266,-0.5317781532196146
PIP4K2A,-0.6585712219379436
NMT2,3.688182186658722
RSKR,-0.9952152031583416
ZFP82,-0.8036673834249631
ZNF670,-0.17683308746460907
HSD3B7,0.5783571909154611
PAK4,-1.0749266831594653
PKN1,-1.8056056983773634
PAK2,0.5979880303217505
IL10RA,-1.3094807983223775
ZNF696,-0.9138594690150053
ZNF596,-0.8054289885938952
TRIB1,-0.820578315701074
TRIB2,-0.811914737868899
TRIB3,-0.9536005944360817
NEK6,-0.7698859711260619
ZNF600,-0.8015533435088763
AC006486.1,-0.8999418823675273
STK26,-0.5696753793959545
ITPKB,-0.9019378695380968
PRKG1,-1.247850297516915
ZNF768,-1.0542865711431941
PPP1R9B,-0.615238265616446
ZNF180,-0.22376337250538028
ENG,0.5967282500434808
NAXD,0.09008076058406875
ZNF189,-0.3126305059301862
PDIK1L,-0.08688818555196208
ZNF26,-0.15586926092610232
TK2,2.3865544342452645
ZNF121,-0.776884065356684
STK32C,-0.5931803111589882
STK32B,-1.1367661397250872
STK32A,-1.0343853212318284
CALML3,-1.3640427232364964
PPP5C,-1.1467141685605327
CALML5,-0.8857353553977404
CALML4,2.12448748195384
ZNF501,-1.2056948499234312
ZNF117,-0.2682164811048441
ZNF502,-1.4245624160301078
ZNF112,-0.12448152538903308
ZNF239,-0.5933033259125878
HDAC9,0.4540317266393003
PRKAR2A,0.9848616919105473
PGAM2,-0.3100834007346276
OXSR1,0.7805846782557447
FLT3,-1.3958881744923701
MYH1,-0.5292918528830414
CYP1B1,0.14547279851272404
CDKL4,0.18604728862819117
RPS6KB2,-1.2362588387068556
ZNF343,-0.5174713821063857
ZNF430,-0.8236400555835678
ZNF345,-0.7738117873139707
ACOX2,4.998408830189601
CDK5,-0.22751070863330777
RAD51,-0.9545614878223182
GDPD5,0.5580870541688097
CDK9,-1.1062117194792536
ZNF441,-0.6794827494627174
PTK6,-1.1409885381490958
PRKX,-0.9249475053794872
ZNF721,-0.6272602823807214
CEBPA,-0.8919602861157945
ZNF3,-0.8195508568776214
MZF1,-0.9939089637681104
ADCK1,-0.11877334588312412
AURKA,0.3464648203312692
AURKB,-1.0676546837917456
PRKCA,-0.6038701456570824
NINJ1,-0.6949430031306911
PRKCB,-0.835587860102307
ABHD14A,0.1904273335749791
AP2A2,-1.0025903711725326
NIM1K,-0.8817979743772074
CTNS,-0.7616190014924064
BCL6,-1.3776031371653104
CYP11B1,1.7031627604207922
MYL6,-1.261094535950565
PKDCC,-0.6403410368932358
MYL3,-0.8570023326170007
MYL9,-1.2919161244887452
MAP3K8,-1.0104015640707282
FAM153B,-0.40697475717709597
DEAF1,-1.271354936833929
ZNF773,-0.5621382253528173
ZNF570,-0.7049170784425565
ZNF572,-0.518631052985103
ZNF577,-1.0612455649757366
VRK1,0.21119130544662917
VRK3,-0.7500945468726569
CREB5,-0.9924774552671006
CREB1,-0.12876220459611187
PNKD,-0.21944019400120793
ZNF334,-0.38803080405661283
PIP5K1C,-1.206139028530984
ZNF79,-0.8228683701495483
MYO5C,3.3981869549582826
MYO5B,2.090932735761284
MYO5A,1.429208922599693
DDI2,-0.14210133203976286
RRAS2,1.12127719121267
ZSCAN2,-0.711384769226541
SMARCD3,0.4628129152234087
PPM1F,-1.5920897940149528
PPM1E,-0.6686472473520182
PPM1K,-1.1229458768155907
EGR4,-1.195065008195351
CHEK1,0.4378391931491073
STK40,-1.006194580532167
ZNF582,-0.5528701223676403
PTPN7,-1.5492641950125088
PTPN6,-1.233175662690021
ZNF615,-0.8103360330482768
MOCOS,-0.2922838444364155
CAMKK2,-1.0527490738296257
CAMKK1,-1.074194616664513
STK33,-0.7186064419333463
STK38,-1.100481225120965
CDK4,-0.8933995142827643
LCK,-0.20663000567705844
SYN1,-0.4940171471469881
RPS6,-1.2383643052989028
ZNF35,-0.6797781604022183
PTAFR,0.20725054418426853
HCK,-0.5905891151891528
ZFP3,-0.6514600451953158
BMP2K,-0.9460147203401417
CD86,-1.1888692982730489
CDK6,-1.213920391105985
MARK2,-0.921664168935263
ZNF107,-0.6055953319406775
ZNF100,-1.3320853773203394
ZNF248,-0.4730736785281727
TSSK3,-1.077671958065089
ACSS2,0.629561309244363
ACSS1,0.9766169160109731
ZNF329,2.0140412197208417
ZNF660,-1.622864398942592
SGK1,-1.012374259805942
IL16,-1.4164363743965178
FIS1,3.389034013309258
PLN,-0.721886492484676
PEG3,-0.5316815449070397
CAMK1D,-0.4652320896023443
SPATA20,0.26966248136453574
MAP2K7,-1.2506277550773994
MAP2K6,4.079862543202126
HPCAL4,2.277854967866852
MELK,-0.17541780692106518
GAK,-1.1570403336297725
NRGN,-0.4629102423800967
PPP2R5D,-0.09869216010043438
STK39,1.5087213450320722
SAMHD1,0.8816660380381368
ATF6B,-0.4516733878532472
EFCAB2,-0.8026845921112069
ART4,-1.290753090364218
AKT2,-1.4431115224343374
AKT3,-1.1181483762881963
ZNF70,-1.518493906627936
ZNF71,-1.062364677976832
ZNF141,-0.4038374251828633
GRK3,-0.680427566581754
ZFP2,-0.8369494006928025
EDN1,-0.011253499271218666
ZNF664,-0.5266446283227234
ZSCAN22,-0.5665846438131089
RNASE2,-0.5412643523699678
TAFA3,-0.06699187527382552
KCNN2,-0.905204362439028
BRSK2,-1.3882826225299616
ZNF443,-0.3774127053341162
GSK3B,-0.5021376660339696
ZKSCAN7,-0.4598487109663338
ZKSCAN8,-0.3070953198976992
ZNF211,1.081222029745846
ZNF219,-0.7659151656054921
DCLK2,-0.24145939642033845
CHD3,-1.6151081905397024
PPME1,-0.311680659667276
PIK3R4,-0.31391185123585913
PIK3R3,-0.8988463710637586
ZNF287,-0.879709747869481
ZNF285,-0.9298446939208391
PRKCE,-1.2683632507062634
ZNF566,-0.6842810998431165
CDKL1,0.0903705401923516
SIK1,-1.1337993208568162
SBK1,-0.9730722582471683
PBK,0.5251386827145121
EPHA4,-0.8530979471762585
EPHA1,-1.102517662240469
TMCC1,-0.38303246345763486
MAPK10,-0.5149949383264796
MAPK11,-1.5307304233151828
MAPK12,-1.3042947869163088
MAPK13,-1.2259080872549273
ABL1,-1.53968971017953
CCDC106,-0.13583785336272935
ZNF625,-0.5829323676705594
MAPK7,-1.2402661308264893
PHF19,-0.5196795384173295
CGB2,-0.6043611247762986
VAMP2,-0.5433071460566168
FADS2,0.11665300729037262
CSNK1A1L,-0.9383477769912248
ZNF485,-0.9465449918758532
ZNF134,-0.18031197053905235
ZNF135,-0.7896174811561079
ZNF136,-0.7396665535171978
MKI67,-0.8524129183340057
RPS19,-1.0848531797420844
ARL2,-0.7293440326822263
RIPK4,0.20531367112885937
TSSK2,-1.2889150284586217
TXK,-1.283614605778284
AKAP5,-0.7726265137074235
KRBOX4,-0.2934935830428937
ZNF419,-0.7418046807372694
ZNF551,-0.7741448324609876
ZNF417,1.4263921879143837
ZNF415,-0.6778370490504209
ZNF558,-0.2627535118620739
ULK3,-0.5315417340967884
PIM2,-0.9671965916814671
LONP1,-1.4133100212284158
AAK1,-1.0568906600076162
PDPK1,0.11497047901107603
CREB3L2,-0.22939597033512185
CREB3L3,0.26553714578132126
ZNF286A,-0.5633326565482657
RPL37,-0.7868203670148073
NCBP1,0.7032290328201742
MFAP1,-0.20988044769928152
PDCD11,-1.214777669588159
SMG5,-1.3419996027600003
SMG7,-0.5837014574186115
SMG6,-0.8649353445530265
SMG1,-1.0273143908619133
RPF2,0.16018197977714516
SMG9,-0.9160810788984445
SMG8,1.7368672724696907
NOB1,-0.9390369652743027
PPP2R2A,0.07488205921762167
IFRD2,-0.5260094816245174
EIF5A2,1.0120189370632253
YBX3,-0.95540708503673
RPS27L,-0.2988972628655559
POLR1B,-1.2641451002483233
POLR1C,-1.3331846393692344
RNPS1,-1.2611278408771724
RPL7A,-1.3170825702321516
GMDS,0.363178519479682
PPARD,2.2239696245212968
PYM1,-0.4687211089800976
SERBP1,1.040246022617558
EIF4A3,-1.3761476738534015
RAI1,1.3301141890622585
MUS81,-0.7879325221244644
NEDD8,-0.10858306616556282
RPS4Y1,-1.1045601260081632
SPCS2,-0.312859653862221
TIMM9,-0.42994818365998316
SRPK1,0.5617482738624123
TAF1D,-0.6940110364402708
SPCS3,-0.3286989601198246
EIF2S2,-0.16206449360434547
MCTS1,0.6031256670701576
SEC61G,-0.46856034933039586
SEC61B,-0.6162647196032417
EXOC2,-0.06326789069603754
TRMT112,-0.8985032866617465
EIF3J,1.725808374255126
EIF3K,0.5671428574726497
EIF3M,-0.6808624944485783
EIF3A,-1.0791191867023673
EIF3C,-1.0839089906995218
EEFSEC,-0.7577879720598013
EFL1,2.565526419926772
RPL37A,-1.1254029941170984
RPL27A,-1.211314117726374
EXOSC8,-0.9394725752109854
WIF1,-1.5023225606888386
ARFGAP2,-0.9165210351384299
EXOSC2,-1.2208054599574003
EXOSC4,-1.0897241371801165
EXOSC5,-0.9403656388333731
GTF2E1,0.781706655017743
DDX56,-1.2813918979823156
PLCH1,-0.611848229349178
DHPS,-0.7893064602395161
CNOT11,0.3498188533087047
ZNF24,-0.33284121090870666
EIF4H,-1.0156531524016381
COX7A2,1.4685846907218765
RPL7L1,-0.8723392966280581
RPLP2,-1.0967532638680255
TEX10,0.41490332610175223
RPL41,-0.6297118844335191
UPF2,0.714486631184757
C1QBP,0.2573396018791492
SRP72,0.8926458827745174
RANBP1,-1.0488710737811593
LETMD1,2.3680231402505014
RPS4X,-1.3366740769468377
RTCB,-0.5652322642732194
COASY,1.3158479660152482
RPS3A,-1.254040514421378
RPL10L,-0.9916464951998706
ERCC4,0.2011567009120176
ERCC5,0.770520886013679
RPS4Y2,-0.9291729877153836
MRPS11,-0.5776106910021606
NOP56,-1.4108474621199332
MDM4,-0.6838431868578051
NDUFS5,-0.16785372609538765
LSM8,-0.5215802571763829
LSM5,-0.5554960820293516
LSM6,0.655272347891346
LSM1,0.9395994749241016
CASC3,0.419362917954993
HIST1H3D,-0.9635963481292457
DPH1,-0.7367466214999316
DPH5,-0.430516723574451
SSR3,-0.49213348572658805
SSR4,-0.8110828411663317
SEC61A2,-0.7192487177791065
NACA2,-0.7995793435326193
LAS1L,-1.175677638063033
RPL14,-1.087422042450984
RPL15,-1.0023950983999517
RPL23,-1.0536010114347827
RPL39L,-0.927230752750117
HIST3H3,0.5141900911211719
NOP10,-0.7366659120162574
ROMO1,-0.2904076771295521
HSPA4L,-0.12067407618621416
BCCIP,1.2851526604686614
RSL1D1,-1.0375037864897971
RPL18A,-1.2199681669794693
ARRB1,1.1747089632359535
RPS9,-1.2657860128346003
RBM8A,-0.7526762003968258
PNO1,-0.9501414414804841
RPS26,-1.0013387521022625
RPS24,-1.1131813725200066
RPS25,-0.9664058796155046
RPS21,-0.8478357911378438
MAST3,-0.9032269774332088
SRP68,-0.8796428928301334
MAGOHB,0.7364053534312653
DNAJC3,-0.250040862133817
RDH14,-0.4362526802326391
RPL28,-0.9341000561396076
RPL26,-1.018659212577991
RPL21,-0.9611549113143274
SECISBP2,-0.7799242577171098
TRMT61B,2.370138333946051
RPL22L1,-0.6742595930446645
HIF1AN,-0.5188426776086136
EIF1AY,-0.6448786941175116
OAS2,-1.216856043076873
MAGOH,0.15186004683064702
MRPS9,-0.4351337075449687
NKRF,1.3519903908189388
UPF1,-1.4506523399540177
RPL6,-1.0367044525254123
RPL7,-1.1250242858892443
RPL5,-1.214763575769791
PABPC4,-1.427222055092201
EXOSC10,0.6807129485575377
NACA,0.9056171883768062
ISCA2,0.47600319780270395
POLR2G,0.15766720611744484
POLR2L,-1.087305047205588
RPL35A,-1.0096164357996522
NPM1,-1.5588575633609105
PABPC1,-1.4507824175037127
PABPC3,-1.2540874777051918
NSA2,-0.6010231599578093
HIST1H1E,-1.0706161728513053
EXOSC9,-1.0038489753498114
PSMB1,0.9126789036599412
RPS13,-1.3439658423222243
MRPS12,-1.319867541675589
RPS11,-1.1245694216162583
RPS10,-1.1682198952956335
RPS17,-1.1443775958482045
RPS14,-1.3305214852984073
RPS18,-1.1011723531728477
IGBP1,1.116309127569717
RPL3L,-1.2879116308573504
SRP54,1.125007891327778
SNRPN,-0.8249763815619708
RTF1,1.623955942992015
SNRPE,0.8142515068022582
RPL26L1,0.34272791209268755
RPL39,-0.8487785452213168
RPL34,-0.8692522712786005
RPL30,-1.1637368615443484
RPL31,-0.9691155773688609
UPF3B,-0.8707845628872867
UPF3A,1.424449865508528
DKC1,-0.3359619396153024
COPRS,-0.2479195637924329
SMARCC2,-1.1629242666900905
HIST1H4B,-1.135913879246388
SMARCC1,0.9513275700324837
HIST1H4E,-1.1605220529178362
HIST1H4J,-1.1516232004720035
GLRX2,0.0913902361293757
DCTPP1,-0.6996537189510408
SCO1,-0.04725423101097716
LYRM4,-0.24061889171629225
PRPF4,3.9157038823821417
EARS2,0.1610935706855909
PRPF31,-1.4361655418350854
CBFB,0.9192136519580825
MRPL51,-0.3076985866097965
NDUFA12,0.13808334896165025
DPY30,1.1700758657281967
SCCPDH,2.7985558834243065
USP39,-1.0533785284200807
HYLS1,0.2029506336872139
SNAPC5,1.7474728884360171
PTRH2,0.58948483913991
MTCH2,2.9216908837059163
H2AFX,-1.6619118003552407
H2AFZ,0.9614990160366701
POP5,0.025864419332142376
MRPL24,-0.3370538383680446
ADCYAP1,-0.7483605615889234
PTPMT1,1.0572655341912083
GTF3C6,0.17009706079137268
SLC25A33,0.3488297154335317
EFTUD2,-1.4556260740206977
PSMG1,0.5954859728501157
HIST4H4,-1.075773773953691
NAXE,-0.28853391194738043
HIST2H3A,0.2767575970972205
HIST1H2BC,-0.9341102387992476
CMSS1,-0.6731074911129301
RBFOX2,-0.6816811197458559
VBP1,2.664083162631063
ARRB2,-1.3384243954458426
NDUFAF3,0.10987366962033461
NDUFAF2,1.0587835469956524
ADSL,0.9611326784064697
HYPK,-0.3658436841952501
MICOS10,0.3477082373287875
CFAP36,0.00911571295544542
GEMIN5,-0.12010704827096155
PSMB6,-0.7920986421690798
WIZ,-1.2286716844657097
CRTAP,-0.3246473659210409
ARL3,0.12773854555048533
HIST1H2AJ,-1.0421970077820437
HIST1H2AD,-1.1920580561521363
TXNL4A,-0.6300312793218285
HIST2H4A,-0.7383870258068691
TRMT10C,0.8169375450103246
TIMM50,-0.7913738314491927
COA6,0.1218978927013303
HIST1H3C,-1.327580904929714
FAM216A,-0.19112025243915193
HIST1H3E,-1.055739700050465
HIST1H3J,-0.9017884097570543
HIST2H2AC,0.3049070119635514
KTI12,-0.2828349646922162
EWSR1,0.5932751163767671
EPG5,-0.22989144131764397
LINS1,-0.30172555044053323
KDM2A,-0.988842620721212
CEP295,-0.10460037589186472
AKAP9,-0.5792856594416325
ZSCAN16,-0.39714864851024323
DSTYK,-0.899448471047065
RC3H1,-0.8087719554893147
ZNF451,-0.29003401669001044
AHSA2P,-0.10748063434855962
RSBN1L,-0.4938508017837392
TTC39B,-0.01215477327757125
CEP85L,-0.45998189080320406
NPHP3,-0.3844751722134681
SLC4A7,-0.2962201297364318
ZNF816-ZNF321P,-0.3017222184018041
AKAP10,1.4408779707763844
NCOA2,-0.31129449648134294
SMC6,0.15733440072451943
ERICH1,-1.0705037461698825
ALG13,-0.041813160889123784
SREK1,0.7011536237015816
ABCA5,3.163489652993583
PBRM1,-0.8679902760236207
RBM6,-0.5248411248905382
RBM5,-0.8433757678327022
RAB2B,-0.08034530045727775
ARL16,-0.22119459052802085
DDX17,-1.4778328384275425
CDK13,-0.7404457203223485
CNOT2,0.754275482924363
N4BP2,0.3227357378531311
MIS18BP1,-0.4954255592102145
SEPSECS,-1.07214088405695
HMBOX1,-0.7967337339600916
PNN,1.1875796771109839
FAM126B,-0.09449844006817898
IKBKB,-0.9555236978497945
TNRC6B,-0.6392719006545587
PCF11,-0.6849376240880487
SMIM29,-0.9478668839069475
NPIPB4,-0.6772914938636239
CEP192,1.701872908096361
BAZ1A,-0.8066853774628259
SSH2,-0.5845775891964843
MANBA,-0.10540822355715423
SLTM,-0.20470336316266935
NFATC3,-0.8991731621264251
CCAR1,1.4211247960691513
SHPRH,0.5853377136962967
CEP97,-0.6759771498420524
MPHOSPH8,-0.7786811772978803
ARID2,-0.5285927385665121
HSPBAP1,-0.4421325691485397
LCORL,-0.286072059048355
RCOR3,-0.2255270034272351
RASGRP1,-1.147236874044283
ATXN7L1,-0.6927055715930047
SNRPA1,-0.36900007908686844
USF3,0.17930143646667804
TRAPPC10,-0.5162343688361531
U2SURP,0.3402582425429448
ZNF808,-0.9243311723414547
ZNF805,-0.0978800889755661
UHRF2,-0.7597393712567294
TAOK3,-0.4431706501231465
MYO9A,-0.6224141802192783
USP3,-0.8052201673809029
FAM13B,0.5812700091197597
FAM192A,3.3888511806190107
ARAP2,-0.5891667310178226
RALGAPB,-0.16116546884938007
ATG16L1,2.4649939965980368
MFSD8,0.14815334678168413
RUFY2,-0.4915829843030062
KRIT1,-0.2779956709099269
FBXO11,-0.6297716960438103
PRPF4B,0.9856069951990635
ATF7IP,-0.7586110757333608
RAPGEF6,-0.39481478888690735
S100PBP,-0.2917557589546368
SLC30A7,0.06200807146625091
EML4,1.4414484276706894
DMTF1,-0.6447059367819131
ANKRD49,0.9989405616963425
SETD2,0.08748553628303163
USP37,-0.4229007905362514
SYK,-1.611452978688045
TTC17,-0.15198866988431345
ZBTB20,-0.9250029001629667
TASOR2,-0.3427328357882161
MED23,-0.5687381096905101
RICTOR,-0.5383551219308415
USP48,-0.5853318427527259
JMJD1C,-0.5411192741213027
RBM39,-0.0934886717599397
CDK11A,-0.9445626674143501
TENT2,-0.27733225029115127
ZNF586,-0.5706253174305219
REV1,-0.5548846091607901
EHMT1,-1.1167295032599482
PHTF2,0.39845768601064663
MARK3,-0.008503769235840952
ZNF101,-1.1661269331323332
NAA16,-0.5020374489175188
NEMF,-0.6081542697467809
FAM214A,0.11561796651370526
CFAP44,3.3439738614744163
SON,0.43338154789592037
NIPBL,0.2726194841823712
HNRNPA2B1,0.6262135030776046
RSRP1,-0.48747376479348536
PIGB,0.19107637683111103
WDR33,0.8387605843206739
KMT2D,-1.270046479091555
PKN2,-0.8261030940277014
TIA1,0.8544905191773586
ZNF292,-0.7342111067327739
SP100,-1.2443135106398968
PI4K2B,-0.3781181032395988
TRMT13,-0.2478162993648486
ITSN2,-0.10367798790209946
CAPN3,-0.290308962298121
PHC3,-0.35765700463537664
CREBRF,-0.41892643369429067
ATG2B,-0.20712052780567347
FAM76B,0.1164781437896554
L3MBTL3,-0.8486391007717983
XRN1,-1.0351661183849303
NRDC,1.1230529915560574
TRIM33,0.5057069242939333
LUC7L,-0.9848970435241435
ABHD18,-0.5861851951704267
LRRK1,-0.7722206905252449
CHD9,-0.15976085353679786
ZFC3H1,-0.6100491630813826
ANKRD27,-0.43062404383596803
KIAA1109,-0.21037417705674208
KDM5A,-0.8954320725455645
AGO4,-0.47435631517620613
AGO2,-1.0129192780220488
FNBP4,0.6178811527903642
BCOR,-0.6156356713655666
GPBP1L1,-0.13857043454932827
ZNF138,-0.590745503456535
LPXN,0.2720250864447442
MPPE1,2.398456968301622
VPS13C,-0.4648781377815978
VCPKMT,-0.2849409960582317
DENND1B,-0.3055812727427507
RASA2,-0.5231124705977612
ZNF707,-0.7295915881610802
BPTF,0.11710920752903546
STX1A,-0.09298378783039751
MRPS10,-0.1139006867184866
CENPB,-1.0672788107637763
ZNF747,-0.5632844147439628
MRPS24,-0.2895713994834406
MDFI,0.39127261058151175
MRPS33,1.2974165469715961
MRPS31,1.3604035945693107
DCAF1,-0.45000800073160774
ZNF783,-0.7830518742859591
PTCD3,0.6140213547631088
ZNF579,-1.3366692522391432
DAPK2,-0.830865779538845
ZNF316,-0.48971569074513066
SIRT1,-0.6518033314361468
ZMYM6,-0.24412062711769944
ZNF445,-0.9663391868938294
MRPS5,-0.6546967740945006
MRPS18C,-0.27731815765957396
HIST2H2AB,-0.8436072741797255
MRPS26,-0.5632330862525263
LLGL2,0.4624208849688521
KRTAP10-7,-0.7354741965418289
KRTAP10-5,-0.6362267944896368
MRPS25,-0.07738602707381188
MRPS22,0.5657525155727209
MRPS23,1.177514640526712
MRPS28,1.6022835986093404
HOXA5,-0.8736006069373297
NKTR,-0.8870494930574937
DHX57,-0.5216474721597987
TOR2A,-0.41241276383889663
NIPA2,1.643574604804791
S100A10,-0.7756015790466632
SMAP1,2.593390689266337
TPD52,3.9434517503132973
COMMD3,3.161501193495162
DRAP1,-1.0135302567827962
VDAC1,0.9557443517498948
PARL,0.9226476604963356
GNG5,0.17867274315158987
PTGES3,0.4385755459514776
NUP54,-0.4584175903935804
ARPC1A,-0.67270741954282
POLB,0.017622895687573324
FAM49B,-0.5367691994100878
CLTA,-0.753767332198064
SUMF1,-0.3175327723045456
PSMG2,1.101877477650565
TMEM70,0.2985858315139755
FDFT1,0.42829153283931215
NUDT9,2.678512583296106
CLNS1A,-0.37648369716649027
MRPL15,0.8930925809179607
MRPL18,-0.38450215110961267
TPRKB,0.6735487678221739
ITGAE,1.1594908253442657
PTDSS1,-0.43086458553610474
ZNF207,0.6790808310068138
NDUFAF4,-0.06235837114728824
NDUFV2,0.0574446725292273
PSMA3,0.5182829837362126
LAPTM4B,0.11529280433698111
EMC6,-0.34098374084519184
ENY2,-0.17237780098807148
RAB10,0.5680743818146817
NDUFA7,0.16897897593145833
NT5C3A,-0.1955410739137386
CKS2,1.2906415917423306
JPT1,-0.6980330177066685
MAIP1,0.9939855181319509
CMC2,-0.11201995919366675
NT5DC3,-0.17075365536330628
MRPS16,0.7475408467661421
UTP3,0.6869699966511875
GTF2A2,0.6369271672776682
TMEM258,-0.3528425895931844
WDR82P1,1.8482826374308647
CIT,-0.7541108084841015
CACYBP,0.9501566248467622
CNIH4,0.1132806233240024
TRMT5,-0.5346321628221389
DYNLRB1,-0.19016309417629748
CNOT7,0.08954598409926763
RMDN1,2.0231230054794374
LSM4,-0.8040458053922414
COA4,-0.14630162796297042
INTS8,1.8625428266951038
ORC5,1.4138574702115192
LSM3,-0.5233015695735279
UQCR10,1.1932950634689385
LAMTOR5,3.2058822807098752
EEF1E1,2.882347156464605
ZNF704,2.006586470878608
IMPDH1,-1.0176646420521862
DCP1B,0.31911877212624157
SF3B3,-1.2524257726074968
SAP30,1.1551177992199317
ZNF260,-0.38280562978483634
ZNF414,-0.657246489465984
SIN3A,-1.173540196983813
SUDS3,-0.21794498424998432
INGX,-0.22690910612380216
TRIM67,0.6152080386554085
ZNRF3,6.08803512804657
SAP30L,-0.6578393831505764
HIVEP1,-0.7851844311246141
ZC3H10,-0.040332058587838664
FAM168B,1.3695617707992926
PRR20D,-0.719397615678727
TEX37,-1.0434562426510487
JUND,-0.6087474379281946
ZC3H4,-0.3327709064188977
HELZ,-0.7917910225651522
MKRN3,-0.30183607278262875
MKRN2,0.21404531511829125
ZMAT5,0.8968821102445845
LOC105370298,-0.9689384346216922
ZRSR2P1,0.26407616346280716
DAB1,0.0012620651621507212
MLLT6,-0.6381350636352429
OXER1,1.0117179156076546
RBPMS2,-0.6112134166942901
DDX39B,-1.3649481956683098
RBM27,-0.23613445591635224
U2AF1,-1.102308544953503
PRR3,-0.5624695424136643
KRTAP6-2,-1.1012016825613997
TENT5B,-0.8050095514551447
OTX2,-1.2711022930207871
ZC3H15,0.21227464941092578
TRMT1,-1.0925696820100679
ZC3H18,-0.6519788735353277
MSX2,-1.1752030571839631
RBM4B,-0.7033277861219243
ZC3H7A,-0.19197768081748087
TOE1,-0.832955007787081
NCS1,3.4724609731073044
PPP1R10,-0.49284047945535114
NUP42,2.0369656066390376
C10orf55,-1.0964140479075346
FOXH1,-1.1828876013340779
ZRSR2,-0.7579461444980806
CPSF4L,0.6161186265559646
PRR20E,-0.9792720032271902
PLA2G10,1.1779548539449693
ARID5A,-1.2509358608147996
C19orf54,-0.20315751791371628
ZC3H3,-0.7001229934081113
PRR20C,-0.9209525233494181
NFYA,1.4338593680449834
PIAS2,-0.16896664383489682
ZC3H6,0.16312920046756763
RBM26,-0.12171464476899309
ZGPAT,-0.6781579306464635
PRR20A,-0.9689384346216922
FOSB,0.5893823999572999
POU2F1,-1.197317549461488
IDI2,-0.014382898867942492
TRIM14,-1.0251116642649014
UBE2DNL,0.6687587963953115
PRPF6,-1.173939146842923
SUZ12,1.805433887372919
TSPAN15,0.4280765754174381
OSBPL2,-0.15813286517308514
SYNCRIP,0.47764010996123907
XAF1,-1.0032875891489987
DNAJA1,0.4388794878576076
PARP11,-0.5242257298668312
RNF2,-1.0294631217212373
FBXW10,0.7793745423068759
YTHDF1,-0.4210571074657741
KANSL2,-0.1745388365184873
NFIL3,-0.3579562915913697
TMEM123,0.0401605101585197
GID8,5.560136373087015
CDKN1A,-1.556268506596713
SART3,0.35101624537599607
CLP1,-0.6581828206679607
POLE3,0.07585896452405985
RTF2,-0.15010491369881873
FBXL21P,0.11462603022669236
FBXL22,0.07252972858270315
NUDCD2,-0.06452800934052563
GRPEL1,0.2492969857874018
TRIM55,-0.154210748147873
PLP1,-0.7132359617127602
TRIM52,-0.30348797009203166
FBXW2,0.22879897209903793
HNRNPC,-0.952492865030376
ADRM1,-1.2929233658892592
WBP11,0.69363930363534
AIMP1,1.1600337627733583
WAPL,0.39663491366652587
COMMD3-BMI1,0.745006919879454
TLK2,1.0507020993761973
TBCC,0.23423208438604085
HNRNPF,0.22966871403298497
FAM32A,-0.17759083328091557
TOMM20,1.5336041870516774
LAGE3,-0.36150365681839686
DTX3,-0.5290059244128038
LACRT,-0.4125885056722352
MOB1A,-0.35235906219013957
CPLX1,0.19452103726868902
RNF166,-0.34590555925382216
TM9SF4,-0.0387890242038466
CSTF1,0.796185380458792
USO1,1.0452976560886347
HIPK1,-0.8983626896961258
SSH1,-1.1342801166057044
REXO2,0.1645607786702621
KPNA3,0.9210712432230318
KDELR1,-0.8418220055860668
VPS72,-0.7387593996441175
UGCG,1.681633191854531
TIPRL,1.7441844032971277
RAB7B,-0.058345114183447885
NUP153,1.386094937096162
GABRD,-0.7181675767069816
AGO3,-0.5498410282671811
DYNC1LI2,-0.24866066502766423
TNPO1,0.29935537411395835
PRPF40A,0.7087046325379146
PDCD6,-0.47412649297035386
IGHA1,-0.29160248339410316
MTF2,-0.8266697845984665
ZNRD2,-0.7137026831555066
USP13,1.8650311696459887
ATN1,-0.9007078852317856
FOLR3,-1.0085055912856973
ZCCHC10,2.8445335563721127e-05
AGK,0.43398084407527054
UCHL5,2.003246315195907
ANP32E,-0.23580714616627882
SRSF10,0.2626438417492781
ANP32A,0.8811302300078544
VDAC2,1.984824091901979
C8orf33,-0.5323395058814895
RBM15,0.5360299494804512
KHDC4,-0.2326546251154467
TAF1B,-0.4732019228188832
MRPL50,-0.14807674359987952
ZC3H14,1.847080465163574
DHX9,2.8851902961588216
DIMT1,-0.9536171424926277
OSGEP,-0.4047816092242061
NUP98,0.3240495449662149
NDUFB3,1.8981044281560666
NUP93,1.4321307403858883
TAF1A,-0.3107623657567096
HSF2,2.3388257010307965
IFRD1,-0.45321537071465207
MED12,2.7109256626695517
CEP83,1.2543229010825911
HNRNPDL,-0.6233278170224295
DDX46,1.1113680907382548
DBF4,1.1183220967307597
PYDC1,-0.9025592005878676
SNRNP27,-0.11630301311298119
TSN,0.7691430850956957
HMGN5,2.1720355279224646
PDS5A,0.21589914689682096
GTF3C3,1.720656731081631
KRR1,-1.1711629334221856
TNNT1,1.0170831139597907
CHCHD3,1.210504091363386
CCT8,1.4295685394342788
BMS1,0.20458671492165398
FARSB,-0.3827247058387252
IPO8,3.7488232905517562
CETN2,-0.3442186876812374
TTK,0.06063549025708577
HMMR,0.2620226334126117
CCDC59,-0.27864874053423155
PAXIP1,-0.851019230075698
FAM136A,-0.44726116439274527
FAM120A,-0.13882055379826033
RPAP3,1.3099331334892796
GART,0.5202703725886921
ARL5A,0.017464830820486874
MCCC2,1.9356429795580445
NUFIP1,1.2791872866640084
ZC3H8,0.163030229585881
SNRPB2,-0.11399456751876222
DNAJC9,0.29846593267561766
TOP1,1.0219778937559534
RRP15,0.7563072673870894
NUP133,1.4934173885444137
KIF23,-0.6365846413153287
PRKDC,-0.3515186859966864
UNG,-0.5499471234493744
PRKCSH,-1.2306944354520744
MTIF2,1.9802185229473361
AKAP11,0.021590233084294388
DCTN1,-0.7926868641198931
DCTN5,1.6380192258592812
PHAX,-0.4588911109375395
SMC2,0.8637297816232048
GRWD1,-0.7866611477802872
ARF4,0.253619832833539
SOAT2,1.3192123692604227
RBM17,-0.519770975971182
TFB1M,1.541330413285133
CEP44,-0.3883887569208125
HACD3,1.4764612427145016
RGPD3,-0.22760573130053008
NOL8,-0.5641690121950296
NOL7,1.022055945917663
MOB4,0.8139054342899265
RIOK2,1.5116977605777622
CEP170,0.8942388820877617
LTV1,-0.5008309411458927
GEMIN2,2.8526153909013923
TBCE,2.060528044055115
GEMIN6,-0.4545394695276062
UBFD1,2.8981976670602565
ATAD2B,-0.5508968889940773
LUC7L2,-0.9153343069484073
CDC40,2.085288094220403
ZWINT,1.0834537951918382
HMGB2,-0.871423973211004
HMGB1,-1.1333784421684923
TPP2,1.0199173247506115
CPSF6,-0.7313282969672233
CTNNAL1,0.9093305775019669
PRC1,0.5253453207761272
ERH,0.5509748847339095
FRG1,-0.42243462105186547
CCNA2,0.040495054270267054
PMPCB,0.9030870421968937
DDX10,-0.057378516672937134
CDK12,-1.167973332702142
SINHCAF,-0.33604815857141374
NARS2,1.919715161001279
FIP1L1,0.7060013829212987
HEATR1,1.4977307757936789
KPNB1,-0.30128627266227087
R3HDM1,3.0754646396952743
MRS2,0.8081875772911863
FXN,-0.13991764136055043
SEM1,0.3870385112524213
WASF1,-0.5329806677159141
YRDC,1.855652423838615
FAF1,-0.3352746444606182
RABGGTB,0.5007478946374073
ADNP2,-0.04042875777103188
WDR75,1.295136731980542
WDR74,-0.8356198264250235
AHCTF1,0.47331974795825393
RAD18,-0.714151364597038
LRRC40,-0.5481193511592228
NUDT21,3.265359028596137
TMEM126A,0.10011976080349824
LBR,0.924059762156434
DDX39A,-1.5907921576101864
MKLN1,1.378099652761132
MKKS,2.6362400460463244
NOL11,0.8201957388033035
MRPL35,0.018465113622008297
MRPL32,-0.06328807904189365
MRPL33,1.2682558346066084
MRPL30,-0.21643619228200178
SLC19A1,0.09268498534571039
MRPL39,0.5493627103670123
TBL3,-1.0842505080974238
THOC3,2.3455978612212145
THOC2,-0.9121016081816761
THOC1,0.3341966622446644
THOC6,2.053209180725935
STIL,0.830620941687352
MRPL40,1.576747610482546
MRPL47,-0.23209614068109105
TIAL1,-0.8403508112604979
FKBP3,2.2093104811145037
HNRNPH1,-1.0153545105640978
ABCE1,0.8166671327826013
SYF2,2.117540095807135
FUBP1,-0.8820747261477946
YTHDF2,-0.6812766645034477
DDX47,0.6394882015679697
ZNF598,-0.5725581273351872
DHX36,-0.9448688977819524
DHX37,-1.1066287943290118
CCDC124,-0.4613217646861087
DDX52,-0.777140657332494
CFAP20,0.7942313646558801
DDX50,0.512979954830614
DDX54,-1.2618824196870917
MPHOSPH6,0.64699636632328
SDAD1,-0.8161960646141716
SF3A3,0.27746209877592587
ZNF277,3.39769751888528
COA7,3.4953896795236727
TXNRD1,1.5183089353627375
MRE11,-0.9061266805537188
ALYREF,-1.2839319925045578
CHAC2,0.1116397422424606
DLAT,2.7536383358474206
PWP2,-0.976505761529107
NUDT15,-0.08870568356852339
NASP,-0.7772956328632736
YARS2,0.49987200336036386
DENR,0.752231950428523
RALA,0.9891018360736703
MDN1,-0.6360828242959362
RFC5,-0.07949026064887099
RFC4,0.6333492209494803
TCERG1,0.7417580573217798
EIF2B1,1.2160670881457862
FABP5P1,-0.3572794814891447
GMNN,0.6816883740051519
HMGN3,1.4450419918688806
CBX3,1.1354982766139976
MPLKIP,0.16866556241424785
INTS13,1.2029247930137452
INTS12,-0.09011802558107193
FASTKD2,1.0517822953618639
FASTKD3,0.09173926280711332
SHLD2,0.4259330044523257
RRP1B,-1.1096077206116537
UTP11,-0.5967313303433341
UTP15,0.7458157311775422
TTC27,-0.345299755834336
HNRNPM,-0.1091410774070363
HNRNPA3,-1.1621301499350662
HNRNPA0,-0.7857881200285199
MRPS18B,1.8971253833239767
FIGNL1,-0.6131461926741296
DEK,3.591252841385479
CCZ1,-0.7732144375010499
API5,2.0158213208612805
UTP18,2.2258776842075174
RSRC1,-0.4545804488204634
MTREX,0.3667192077659185
HNRNPH2,-0.6779400149280727
AATF,-0.8830388358148448
PHF14,-0.21661894187802758
KTN1,2.0883349418020183
LYSMD2,-0.8515144001317966
MSH2,0.8720917295669837
MRPS15,-0.6741260775220838
NUP37,1.1641996950673925
CEBPG,1.0974289234628045
NOP58,-0.21101952834228455
TIPIN,-0.637505603698179
NCL,-1.6312534244026082
KRI1,-1.1447195535448935
SUPT16H,0.9919580664700004
PDSS1,1.4175729035401838
SEH1L,1.207231198253062
DDX20,-0.9445575348532594
SLC16A1,0.7955912432925402
MEAF6,0.06466017253157323
TWISTNB,1.8862385802458035
IMMT,0.9646828252174635
PHKG2,-0.8904718957384206
TIMM23B,1.0643449288029785
PMAIP1,-0.6664883047984395
CRLF3,-0.700243260794439
ZFR,1.6234831338632238
CDKN2AIP,-0.0778358231415471
ERGIC2,0.8744287511267633
POLR3F,-0.44991758444853
NGDN,-0.3540892366046365
CWC27,-0.1918151396938492
RPIA,-0.3777122509690608
CWC22,-0.6413568711505376
KIF2C,0.03083440357942527
SUGT1,0.691478365498226
MAP3K2,0.8397515988352121
TFB2M,1.6391897611221042
CPSF3,1.1349218585851846
BCLAF1,0.4595531844286882
MFSD14A,0.8280770672081744
PRPSAP1,1.1384723553186518
PRMT3,1.230651108292481
HMGCR,1.3055109538253826
MTPAP,0.7285960790729076
BRD1,-1.0180140620822131
KIF5B,0.8153899894978439
ARCN1,-0.29432609656734005
ZNF131,1.0812714833935955
UTRN,0.56762321104328
LYAR,-0.9756473657050875
NUCKS1,-0.2726351868788467
MRPL21,-0.2746260005432775
PNRC2,-0.0716219489429459
METTL5,0.3046078818367176
ICE1,1.174767734810931
NOP16,-0.7212681807875253
XRCC2,-0.8224419021816582
XRCC5,-0.16101476267580755
SRSF4,-1.096075932663747
SRSF7,-0.7254156455498185
SDHAF3,2.3177678140341187
SRSF1,-1.191515162146311
SRSF3,-1.0139092485134706
SRSF2,1.158875803655889
USP45,-0.493721323680472
RIDA,2.025277928014333
RBM34,0.07658081470414133
NXT1,-0.7620008755362945
SURF6,-0.618348476529941
FAM98A,0.8896715903959329
CISD1,1.4867628537548072
TRMT11,1.7220448287898116
DNTTIP2,0.9369094453310586
MRPL1,-0.5255377351118085
PTPN2,-0.749025227459657
PWP1,-0.8288752977132693
LARP4,0.5228087780395297
GINS3,-0.4232516467666192
NAA15,-0.6223439959250093
TSFM,0.9668296321903956
RPP38,-0.6073556304097276
MIS18A,0.75777239216379
LARP7,0.42431255715699784
VDAC1P5,1.6204822594231407
GCFC2,-0.21078976179305095
PSMA2,0.2046466608319123
PSMA6,-0.9209875610110471
PSMA4,-0.05147395267224776
DUS3L,-0.5159950459294261
ZC3HAV1L,-0.503814680867151
MSH6,0.726418026187104
NUP50,1.0498209945261245
SPNS1,-0.8873768865647852
PPIG,-0.5540632990416104
SET,0.594222705371974
TMPO,0.36256651088729325
AIMP2,0.11570613187696119
CYCS,1.0291005723451077
TRA2B,0.24236457991674573
ANKRD17,0.6921206881773282
ABCF1,-1.0675025468609363
TIMM17A,2.0672433851303134
ZCCHC8,-0.6933912701387622
TMF1,-0.20140453441796752
PCNA,-0.08631004740368162
ZNHIT6,1.0347715626570362
MTR,1.468377051573693
SPATA5L1,-0.48993785637856196
MCM6,0.6369642174069139
KCNN4,0.4819379892794742
GCLM,2.2366151179458416
NIF3L1,-0.24509752065299145
PPP6R1,-1.1802785987952282
KIAA1143,0.5708658149555187
DUSP12,-1.2451789129711204
CEP19,-0.25434726698259347
PPP1CC,-0.5321389207555409
PDCD5,-0.5328550409735319
NAA50,0.7588726477248965
RPA3,0.16935548308172954
NUP160,0.2083840502961719
PPIP5K1,0.1132555098285627
ILF3,-0.6615705754913962
LRPPRC,1.4207434505987215
NTRK1,2.2337655884647556
PTP4A1,1.0993610616669438
THOC5,-0.6114149439385002
PTBP2,0.8111065102639602
NDUFB6,0.11678064430475416
PRRC2C,-0.7950327045977084
ISG15,-1.1630795938483764
CEBPZ,0.8063002218214543
PMS1,1.4283736688994617
H2AFV,-0.8591708695115373
PPIP5K2,1.702346313503166
DDX5,-1.4732522621686641
CTR9,-0.4815611159628381
DDX1,2.19644250651355
KATNA1,1.428616288614232
NDC80,0.6626747326345563
ELP1,2.0311883909885085
ESF1,-0.7479532381610574
FEN1,0.7895863027393014
ST13,1.0343385209206635
MAPKAPK5,0.8621524665965038
ZC3H7B,-0.9143247071568068
KBTBD2,-0.25892032765813366
HAUS3,0.7331024161641836
HDDC2,2.6880855974772753
TXLNG,2.0187465211664484
PDHB,2.617882479753918
UBXN7,-0.7105362099364657
MRPL16,-0.2755069979795233
MRPL19,4.268940404750363
CCNC,-0.4058279787572531
SART1,-1.3541239331900967
MRPL48,-0.38555675092465314
ATP5MD,-0.039775199417366056
IPO5,0.6747783682382656
GLOD4,0.3015822046846665
NUP155,1.3065970084073963
ASCC3,0.8764817214605196
HPRT1,2.0697303583845033
SFPQ,-0.991596597345276
HNRNPH3,-0.838547467636697
CWF19L1,-0.2307257408557679
HNRNPU,-0.2015630491422342
ZNF622,-0.6913601542957324
HNRNPK,-0.8114077392038817
GPN3,2.175375376278289
COPS3,1.2620985910233828
DESI2,3.1916164067810415
HNRNPD,-1.4430668890623548
MRM2,1.0284648899849245
PFDN4,0.06812539753277576
KHDRBS1,0.4939693386739267
CCNB1,0.6009586514938079
ARL6IP1,0.24749081848185528
CC2D2A,-0.19236767440745497
MNAT1,1.1813513598286038
HNRNPUL1,-1.5215041699344884
VPS35,1.4797030618471594
NAE1,2.1731616888845613
CSE1L,0.9731015367640973
QSER1,-0.1508514598307566
MAK16,0.6437801139407886
UTP6,0.5709332650549389
C1orf109,-0.19494025008125598
DCAF13,-0.5847150642278338
DHX30,-1.3686210856211172
RIPK2,-0.9160261067418337
RRM1,1.3028434942780438
EXOSC3,-0.7225755549502507
RNGTT,1.497082373908442
PRPS1,-0.8023201635988287
TSR1,-0.25821506129546
PRPF18,-0.4305905936792692
UBQLN1,-0.8238029723123917
LSM12,0.8984415927895714
ZZZ3,1.2337574024849725
TRMT10A,-0.5120627546159908
ENOPH1,1.3444077427382422
TFAM,0.3265877953679196
CLASP2,1.0984419082756347
ORC3,2.652510416456961
ESD,2.569312768734264
SSBP1,1.1732020553802516
MPHOSPH10,-0.7144512002572256
PLAA,2.2233158690889647
HSPA13,1.6082179610864633
HSPA14,-0.016560443142901473
SNRPC,-0.9399760668992212
G3BP1,0.1540008355082748
EMG1,-0.991177883892842
SLIRP,0.6599239566224948
SLC4A1AP,-0.1941123441164947
TUT4,0.5660514693040999
AGL,2.2565215878181704
ZCCHC17,-0.4090062469592743
ZC3H13,-0.4459286244589687
GCC2,-0.16863655105519726
CAMKV,-1.1738775830070098
GTF2F1,-1.1818540510745403
TTI1,-0.48680904442495226
DDX42,0.4353832482539234
CEP76,1.8252998967530223
STARD7,1.641331947185836
ELAVL2,-0.9159476161265482
FOXJ2,-0.7801164523539115
SENP6,0.46368307086683797
SENP3,-1.1115368183307477
BICRAL,-0.3239804014613759
SNIP1,-0.31654200532286797
PPP1R8,1.4727447566183978
KIAA0586,-0.21417093217434227
TAF11,-0.25437071171883124
NDUFAF1,2.479460522731318
NCOA5,-0.5287580574808541
PLRG1,0.8831780569621241
C17orf80,0.8629278905854758
TAF5,1.9908375138756675
CPOX,1.1980612654654674
RGPD8,-0.20205999755898865
CPSF4,-0.9502577557613842
CPSF2,-0.7516932736858633
CLK2,-0.9417374465537434
EXOC7,-0.5690304214204253
OGT,-0.6271630193694164
PPFIA1,1.3939932578916079
NUP35,-0.010733007661848927
ALKBH1,0.37008177189064123
PRPF3,-0.8357128599465803
DYNLT1,-0.030679962007440817
MTMR4,1.3881023641127788
TPR,1.2771692197527658
CSTF2T,-0.5901313925113422
ALG6,1.4508183520156925
NUP85,1.0506298980777564
LRRC42,0.28114267418353545
GLE1,1.665153314784028
NEK4,2.1750065836549997
MRTFB,-0.060385304225119646
NKAPD1,-0.3722848957910956
IBTK,0.07807687456477483
DROSHA,1.0081334695145718
ZNF22,-0.3142518075242024
ARGLU1,-0.3769944219241543
CCDC8,0.8359388791378117
COX11,2.0215655872942646
VPS54,1.2198661247140374
EIF2B4,-0.92258208718853
CBX1,1.0636420728902616
RNF113A,-0.40433086077482033
TIMMDC1,1.7266620992623471
IFI16,-1.342702230352964
NUP107,0.5468481494032666
DDX19A,-0.5561056845177084
RAD50,1.6610091773911468
PATJ,-0.7333012458145343
DNAJC16,-0.0985227716889058
NEMP1,0.7062142030913607
ZFX,1.2264749970039657
EML5,1.6508751709816583
PRMT9,0.18757885838734506
COIL,1.1238764456321393
SETD3,0.10270007224014799
RNF219,1.772694521162192
SARNP,-0.27250648805712196
TASOR,-0.09074123423396883
SRSF5,-1.0719198267136076
SRSF6,-0.9653092557694047
SRSF8,-0.3754420443949828
RBM33,-0.5925258973816407
SMARCAD1,-0.2521140446710746
PARP2,1.495815914847069
ATG14,-0.11164647743115536
CCP110,0.9313324529072805
SHQ1,1.027062789424587
NVL,0.8183083829486614
YY1,-1.1434936755849978
BAG5,0.8355556049245066
TSEN2,-0.11033014088618022
OBSL1,-1.180831350945271
RALGAPA1,0.6897649896894369
AGPAT5,2.29441393751101
ASAP2,1.0508301933612723
DCLRE1A,-0.37023348154731583
THUMPD3,0.09690060172691321
KRT20,-0.6099840588678522
PGF,1.9079062557250623
SNRNP40,1.3658226109361968
SRRM1,-0.8813366565132152
SRRM2,-1.3362523040324181
PARN,-0.15094902232254792
WRAP73,2.312242400747115
LRRC37B,-0.38199027467686136
DDIT3,-0.43083644543517835
KRT27,-0.7053088392320034
SNAPC1,-0.2567786134885757
UBR7,-0.016201367469275127
TDP1,-0.4028985823489298
RASSF8,-0.43012412601567385
UBAP2,-0.28779001458494907
SIRT7,-1.2814006141814351
RAB3GAP1,0.3520834767984174
IFT74,0.17472114215352152
KIAA1107,-0.21006520058124317
TAF4,-0.3658911193529065
TLK1,0.8738240630642168
PCID2,-0.4574340167058257
RBM25,-0.830550013501046
NUP205,0.6376554162130801
BTBD7,-0.2572982953999133
PAXBP1,-0.6553990554896474
POLDIP3,-0.8578390784202811
GGCT,1.3430094368271175
HIST1H1C,-1.0605914693807061
SMARCE1,1.1105015052104046
YAE1,0.08719049822721937
AQR,0.46860894702652667
ZNF410,-0.3259602749947248
TMEM168,0.3117148222419339
SPATA7,2.8781526563477104
CD38,-1.0292027535759092
ELANE,0.6073968468077752
NTAN1,0.16177967301892626
CD33,-1.059694509245624
MLLT1,0.40471764904720187
B2M,-0.17552063902513215
SELPLG,-1.2130403987200629
SLC39A11,0.327864885532894
IL12RB1,-1.0212201233303804
PRB4,-0.8445232732327124
GRK2,-0.7490541472003942
TNFRSF8,-0.910146983202072
PRTN3,-0.7033910699034778
TNFRSF9,-0.9907709322513021
CD28,-1.1757894845102186
CXCR5,0.3676076298409025
CLCN1,0.6148823022518224
CD27,-1.3003854842534182
LY9,-1.1793149397799472
MUC4,-0.4635275831257923
FASLG,-0.36945911538466
GYPC,-1.1270048074774826
GATA2,-0.08915842846678629
GATA1,-1.3343989962087521
CD6,-1.2795204836696614
TLR3,-0.7824330766167847
CD79B,-1.0092810463801236
TLR9,-1.080734993924321
CD3E,0.2290706950944096
CD1C,-1.1651437576316581
ITGA4,-1.5610928453973225
SAAL1,-0.18079302714806636
DNM1,3.4348572790024394
DAXX,-0.7566543679102816
TNNT3,-0.9135852682001643
TCTN2,-0.2711060265179391
MEFV,-1.0145928244361402
CARD9,0.2510899060136033
MADCAM1,-1.2886999011960785
TNFRSF4,-0.9571538828573181
NPFFR1,1.332421693650137
SPI1,-1.3481092358873532
ITGAX,-1.3947895981097815
CR1,-1.1222974161330759
IRF5,-1.271435618145492
VAV1,-1.4271623744799924
CD276,-1.0564034387121297
ITGAL,-1.5254873445306678
ITGAM,-1.18286379741689
CD80,-1.2904991798571837
PTGDR2,0.9686287253840578
KRT76,-1.0874145516318232
NCF4,-1.2624363964134055
GABRR2,-0.8210770617467835
EIF2B2,1.8116620548931934
EIF2B3,-0.5021029157495405
LAG3,-0.9839796081780086
CD4,0.292288371556872
CD5,-1.2303378501189894
CCR2,0.023072451917797207
CD7,-1.2539193951466467
ZNF835,0.7404278078274275
CD2,-1.1004777307100002
PSTPIP1,-1.1847210457974313
ARHGEF1,-1.0316836420336406
IKZF1,-1.1847503405626139
NCAM1,-1.1768239518659496
PCDHA6,-0.0950938681460283
INS-IGF2,-0.8317264067350953
ITGA2B,-1.2616719445723754
CD82,-0.9450564960350778
ICAM3,-1.0299602826593737
ICAM2,-1.3245619922931229
FLT3LG,-1.2033073286642888
PLA2G2D,-0.7080203591786628
WAS,-0.9938304165727817
TNFRSF13C,-0.6221995791800508
NEUROD2,-0.37669674032291667
IL2RG,-1.311603225937723
IRF4,-1.4515146743056744
SLC17A1,-0.09285009469486179
IL3,-0.3091000216056164
IGLL1,1.62880358979905
CD52,-1.3452243585307806
CD53,-1.2381757937428062
PLEK,-1.0360140408536076
TARBP2,-0.8377238962103559
CHIT1,-1.2044027251995209
OPHN1,-0.8335428020448731
GATA3,-1.2767392816105891
CXCR3,0.2978617117577071
KLF1,-1.041577764564942
CD22,-1.1049642159271589
MYBPC3,-1.0013892184006326
APOL5,-1.1309797288295655
DPP4,-0.36197351770180597
NCR3,-1.2302878368214598
ACAP1,-1.3410994305113837
EBF1,-1.0592752386526432
SCD5,0.22353763272743488
TCL1A,-1.5157479550960824
SELE,-1.0355190268354726
EZR,1.0991843609675767
FUT6,0.30446365147014065
SIGLEC8,-1.38161227121716
CD19,-0.02453553667398236
SIGLEC1,-1.0563138686022258
ICK,-0.15919804510558655
HIPK3,0.7392703798371997
BTAF1,0.024207694990992994
LMBRD2,-0.1617737916360978
XPC,-0.7172084787544187
XPA,1.4491623315316515
MON2,-0.17166405922854894
TNKS2,-0.6637392278407874
ARHGAP15,-1.077870212873814
CTBP1,0.3152848236237393
PDS5B,-0.6840012624621816
DENND4A,-0.47382733146813627
EDARADD,-0.752776893598403
SENP7,-0.08927394444918543
NUFIP2,-0.04043252882410094
CFAP298,5.303093447319034
TTC33,0.3179048191521984
WDR37,1.98597859634198
GIGYF2,-0.5702949697082796
SMAD6,-1.0304302305194881
SMAD7,-0.8328572954743264
SMAD3,-1.5052415815938927
NEDD9,-0.7311785578964594
NCOA6,0.544929749223649
GDAP2,0.3517756235109784
DDB2,1.784987545312004
BRWD3,0.3946963485251568
SUPT7L,0.1784489651056706
RNF20,-0.33419484743637196
TAF2,1.1128276468679161
ELMO2,-0.4974383891824041
SRBD1,2.031766262984189
KIAA2026,0.047866763288804695
BBS10,2.3600275170900127
CNOT6,0.4910025630225425
FAM189B,-0.7402395115154967
EXOC4,-0.5558431776968883
LCE4A,-0.5138668454287209
PPP2R3C,0.11149747489784655
ESRP2,-0.8866817897391787
ESRP1,-0.7330782933080743
MTMR9,0.9893982189965066
DYRK1A,-1.077680698635416
HMG20A,-0.4634370732564745
RFX7,0.32561928188186745
MSL2,-0.6446081617092705
KMT2A,-1.1134554554554297
CSRNP2,2.6628030485176644
GNAI3,0.45457665691217214
TOPBP1,1.270508923295186
GALNT15,1.2451243110923444
CLK1,-0.9399152194877043
ZNF507,-0.7409925430383747
TNKS,-0.7931971891393998
ANKRD13C,0.4853588199096378
RELCH,-0.17152255661931093
CCL15,-0.042102205307416464
GPBP1,-0.1111184671706398
FANCF,0.27972239924151043
DIDO1,-0.38149326629598
GPCPD1,-0.14348530067627177
LYSMD3,0.9582304362555967
TGFBR1,0.5899536782832351
KRTAP5-3,-1.0036326268873421
PML,-1.3363888259088528
TAOK1,-0.6937450616372273
NSMCE2,0.08570070970445516
SUGP1,-0.728324824460484
EXOC8,0.2318806520529788
RABGAP1,-0.4955130618293989
LIMS1,-0.7479222620893984
GTF2A1,-0.4472638730363278
AXIN2,0.07588631081673015
AXIN1,-0.7409243769512279
KDM4A,-0.8104446478052802
GIN1,0.37339088005933296
ZBTB1,-0.5464362238392637
INTS6,-0.474450205567872
RUFY1,-0.15919901268620798
NR4A1,-0.8701779171289146
CHD1L,1.0657896863814358
CUL4B,-0.620141814332857
ZNF654,-0.2528309186206185
SLF2,-0.2383800333730728
SLF1,1.888912425720131
KMT5B,-0.32828113671456166
PPP4R2,2.0824253215921615
TBC1D23,0.5429044443893247
DCK,0.9572686944324181
POC1B,3.237787126398402
CCDC93,-0.543864608615578
RPGR,-0.11130513726770244
NR2C2,0.9338852167029636
GPATCH8,0.6605025450815777
HECA,-0.5121082527540345
SETD7,-0.8056320885366355
GPATCH1,-0.3147377813156736
NIN,1.2630697756760656
RNF185,0.22442095319457242
UBE4B,-0.15308568625446548
HHAT,-0.8573595637319783
EMSY,-0.5060398043176846
MAML1,-0.5224727411840079
CARD8,-1.0764215560337629
TPX2,0.9718274981365225
PARP1,0.2389071190890822
PHF20L1,-0.5245983899471081
FAN1,1.8408262163183076
GNAQ,1.1170347968191823
IFNAR1,-0.39406008043107643
ARHGEF3,-0.6246367815240745
VPS41,0.21627009345509873
SS18L1,-0.3835596647615931
ZNF106,1.48913238080483
THRAP3,1.208780678541022
WAC,-0.024043317717711926
ATRX,-0.740191852336547
EIF2AK3,-0.5626579668118815
BOD1L1,-0.47621184718674187
STX16,-0.6165606630088184
ASAP1,0.8995036245810607
DIP2B,0.343298730206328
USP9X,1.254575808736556
RING1,-1.003475138055417
CGGBP1,0.33981670653424956
UBN2,-0.7054873846714521
PRDM2,-0.9497884323136204
PPP6R3,-0.7349710820341048
GOSR1,-0.04975067900726142
SHTN1,0.777845050936661
TFCP2,0.6523976682108201
LNPEP,1.0304135531952852
TTC9C,0.6045636547465858
CDYL,1.42482032626885
ANKMY2,1.9755022051592703
UBR3,0.014263048701695195
PCGF3,0.0033416525205449505
ZNF280D,-0.4022799939902825
KATNBL1,0.09005354616027805
RASSF3,0.16990903107625116
INO80,-0.9041678224945211
ASXL2,-0.3662464040600638
ABHD13,0.39363572967076976
NPC1,-0.27952934334000334
RAB3GAP2,1.6230911663000596
RNF44,-0.47923766171717674
DCUN1D5,-0.27524989245802417
TRIM44,0.0874037163885015
ITPR1,-0.7641163062347094
TRIM40,0.07528694550877849
PEX1,2.8816484443746484
LRIG2,-0.6534279563045247
PRDM10,0.6145540868803566
RBM23,-0.007716463275832445
FAM120B,-0.03187838883211045
GON4L,-0.854262603679304
NCOR2,0.005237263276221646
TBC1D5,-0.39407959321291575
LCOR,-0.34046803149560867
DDB1,-1.0614541363746057
VPS39,0.9722234370608601
PIAS1,-1.010578287447107
RCOR1,-0.3964730630922135
HIVEP2,-0.9884284476559234
MIS12,-0.40263633763339535
BTN2A1,-0.7310137091938544
AVL9,0.3697611889302872
CMPK1,0.8405676653002507
TRAF5,1.3927256978274236
CLASP1,0.14425873333222697
GTF2H2,-0.480722604905339
GTF2H5,3.2018119735154214
FOXN2,-0.41642578360412214
ACTN3,-1.0819396810641593
TTC21B,-0.1618992524013684
VPS50,0.39547636105676026
DTWD1,0.7408336296716014
NACA4P,-0.7647933828583949
USP17L9P,-1.5957223840531847
TXLNA,-0.6559815929542998
CTNNBIP1,-0.21901926027676352
PKMYT1,-1.3683249729343896
JPH4,0.5467094667285719
VIRMA,-0.43304722670445434
RBM15B,-0.935408476385872
PCGF1,-0.5944726096105329
PTGER3,-0.0065276420261457455
PPHLN1,-0.14119365646223492
TCOF1,-1.3940374734572856
YTHDC1,-0.5562905300344774
ACIN1,-1.1375103413359355
SAFB,-0.979786969545768
ERMAP,0.212693203984677
BRD4,-1.0980024138546027
OSBPL10,0.22356282531533134
SETD1A,-1.1592688571311538
TRA2A,-0.787024027068961
NKAP,-0.06808770976676086
LGR4,-0.5795998423153729
SRSF12,-0.5684033257597352
NCSTN,-0.40402914644846855
GTF3C5,-0.9250389109492351
VANGL1,-0.5880000748928043
DHX35,-0.4523138888988399
DDX51,-1.017124457766211
U2AF2,-1.5931472286146204
ZSWIM9,-0.21113455531063005
TRPM8,-0.6412546700253202
SF3A1,-1.2470808564127274
SF3A2,-1.2842994939632373
TSPYL2,-0.5844896527565726
CARNMT1,0.03073336095337851
CCDC137,-0.4430383964751295
PSIP1,0.6221104580701756
SRRT,-1.3572094438261644
SAFB2,-1.1206031335006474
BUD31,-0.8729291370696644
CLK3,-0.8929451701076391
SPOUT1,-0.9671298137426041
RBM14,-1.2252601182291047
EPB41L3,-0.25793031840519093
FERMT3,-1.2201483612049162
NUMA1,-1.4318379691842895
MEPCE,-0.951792145181612
APOBEC3F,-0.8413984454720075
SMU1,2.262162367451812
LEO1,2.1646237249455442
XAB2,-1.0903443226022258
HP1BP3,1.3186570663191821
SPG7,-0.7263168728669185
SF3B6,-0.7145365894361307
RBMXL1,-0.29228241584169445
WDR83,0.001991757594661465
ZNF816,2.52390968171496
UBN1,-0.9372555286732447
ANKRD11,1.5218529366810714
FBRS,-0.5833787444019618
BRPF1,-1.127464542352155
NFKBIL1,-0.1408408239877443
ZCCHC3,-0.702176944923431
VASN,-0.6346910679401643
MCM7,-0.9501810701073341
MCM4,0.01583366511484601
PRPF38B,-0.5575539546101994
DCAF7,1.7843853704912964
WDR70,0.4198839994936332
HTR3B,-0.9715967344119245
PCSK2,-0.37917857099469154
JPH3,-0.9175778447956655
TAT,0.6419062396103734
ITPKA,-0.6058491911895778
MPP2,-0.9436740604812637
LLGL1,-1.198392089671913
OR12D2,-0.9574815060894695
SLC28A2,-0.3801841677878707
CYP46A1,0.09103441754206135
PIK3CD,-1.4681027883101887
SV2B,0.427983583591414
TSPO2,-0.8549101977747607
DOC2A,-0.479302739178706
PIK3R1,-0.4766935148575645
CAMK2D,-0.9555193146517994
KCNF1,-0.9506372420875245
COX6A2,-0.9404442879776798
MYL12A,0.3101340806425983
HCN2,-0.6904087984663824
NPY,-0.027052455502394903
CYP26A1,1.202077038217317
KLC2,3.7056162799399557
LRP8,0.8188109130618219
RASGRP3,-1.076062017626384
RASGRP4,-1.1322192263177322
NOVA2,-0.8808310592714832
CELF3,-1.0911301276709189
C22orf24,-1.102569178516989
GABBR1,0.5337851320754451
GABBR2,0.42037857683799856
MYBPH,-0.6323087908277283
GAP43,-0.4855831967139098
KCNMA1,-0.6272167841394319
GRM8,0.2916529506629075
TTN,-0.9014199140301604
DIO3,-0.9394499979042588
GRM5,0.18297149976052168
GRM7,0.0018341419984476838
KCNIP2,-1.083478151277576
GRM3,0.22228034808922395
IL5RA,-0.9537442163070641
GUCY2D,-1.2184716932469306
GUCY2F,-0.9670842640234986
HTR3A,0.08876932652227904
KCNQ3,-0.8883334780258902
ZNRF4,-0.8750833188157522
S100G,-0.23934326467468806
SLC18A3,-0.46351002139546454
EFCAB1,-0.6501892140367671
FOXC2,-0.36372831751299306
MYH7B,-1.509358771757091
PDYN,0.6823506238421125
FGF8,-0.18783885278293666
APPL1,-0.2434009193948155
PTGER1,0.24945171542787517
SPTA1,-0.9283074738370956
SLC4A3,-1.1489462854587524
ITPR3,-0.8741723913600012
GPRC5D,-0.8745789807810205
UTF1,-1.0619474282820607
FGF3,-1.2600657206854233
BSN,-0.26333987506740203
RSPH14,-0.8447310302771017
MOBP,-0.7477560546838916
RIMS1,-0.6129249167833125
CALB2,-1.1165250984900437
LTA,-1.3994798681024871
FGF23,-0.8886587931981292
PRKAR1B,0.04464783395441406
PRDM12,-0.9215918569249851
FAIM2,-0.004681668376785205
GPR156,-0.2156374815015619
PDLIM5,1.5030782967805716
SLC17A7,-0.5344566057904907
EMX1,-1.0099525247975518
ATP1A3,-0.694887916353685
KCNC4,-0.7493780118155565
CTTN,-0.8666046209816992
KCNC2,-0.6078850604751109
BEGAIN,0.7695587321898929
SHBG,0.5686190656524448
PPFIA2,-0.38815217693111453
MYOD1,-1.3339519104772564
DYNC1I1,-0.20471299552440028
GNAI2,-0.4454592321203671
CLIP3,-0.5545301871798809
GRIN3B,-0.8044900397194896
SLIT1,-1.3458212652373176
YES1,-0.05052243240566052
HOMER1,1.3564227452534308
NOS1AP,-0.9031384418066448
NUMBL,-0.4948441302681266
KISS1R,1.7083633330191224
SLC24A2,-0.8716226891424625
GKN1,-0.0894349535955839
CRYBB3,-0.5868273673033186
PHOX2A,-1.0285234560709504
PLA2G4A,1.3578194496901301
EFNB2,-0.6688580933511137
PPFIA3,-0.7899389081424238
SOX21,-0.9642020722291578
EXOC3,1.9154324602567256
GLRA2,-0.4007271057915409
GLRA1,-0.8508578110315207
CA4,-0.4305256802060883
NEFL,-0.7135487766380917
SLC1A7,-0.7294489467129187
SLC1A1,4.102199173713241
SLC1A2,0.44586834438158
SLC1A3,-0.5741003605810228
TRIM10,-0.705431620728134
EFNB3,-0.6389142449517105
PTK2B,-1.3668602846992177
TNNI3,-0.9026335076640873
TNNC2,-1.0520589664522026
CLSTN3,-0.4911288547220872
B3GNT4,-0.8297359986954331
GRIN3A,-0.8507627838216241
ADAMTS7,-1.0559298188796116
RNF208,-1.2517336196645985
CDH2,0.0784644080878101
EPHA5,-1.1694152925134182
SNAP25,-0.2156420040793278
LPO,-0.9213542844586996
SIPA1L1,-0.5980148928409162
RPH3A,-0.4398337066172088
PDE8B,-0.7118726906430306
RAB27A,-0.7032458969967975
SYT1,-0.15646935131088388
NRXN3,-0.631397493558489
SYT5,-0.681676674648326
NRXN1,-0.273090796156489
RHBDL1,-0.7174854752152778
KIF17,-0.6096391090101713
GNG3,0.22082949496585857
NETO1,-1.062677964203957
TRPM2,-1.1921507534539335
HMHB1,-0.9413486229853892
FUS,0.0027877551840749066
TBR1,-0.8851771054311531
HCN4,-1.1171482762607345
ADAMTSL2,-0.06322809167233541
MMP17,-1.0361687490507887
TULP1,-1.0298044879918191
CLDN9,-1.1165766607877812
NKX2-8,-1.1988556735505156
REST,-0.6479000815568342
SLC8A2,-0.9430925639461373
DMTN,-0.5086132061612071
WNT1,-0.3011138600031605
MAPK8IP1,3.766318555585838
NEFM,-0.8082716158799264
SST,0.2923562064097086
MYBPC2,-0.7528785211552607
MYBPC1,-0.5610628043485472
KRT75,-0.8960255994872116
MYO3A,-0.9690596848046547
EFNB1,-1.2297575360924555
NODAL,-1.046104516922044
STXBP1,-0.18715847334723149
TRPC5,-0.8943864700792554
GABRA5,-0.6718908402133242
GABRA1,-0.9659081920022053
MYH7,-0.6798630802049165
MYH8,-0.7136578515634913
ADORA1,-0.0336490397181911
GRIA3,-0.6152891448033738
FOXB1,-1.00565890438305
FGD4,-0.025607875663679877
NLGN3,-0.49942387734985877
FRS3,-0.9860583804494318
DUSP4,-0.9409693247771098
TAOK2,-1.3033511116431329
NDOR1,-0.8257801658660067
ARNT,-0.33789882000670207
IRS4,0.11884948138524053
GRIK1,0.2674019462587884
GRIK5,-0.7669813175403071
GRIK3,-1.0969846134110592
GRIK4,-0.9370808911859441
IRS1,-0.0824325127495747
CADM3,-1.2364101700553665
CRHR1,-0.455017256765235
SLC4A10,0.040231708029687445
SLC5A2,-0.5582081621836296
SORBS3,-0.9760230230542919
SOX1,-1.1444150659833794
DIPK2B,-1.0558226062133163
ALX3,-0.9698918589391584
ARHGDIG,-0.2664422185236252
SCN2A,-0.610505174388753
TNNI1,-0.9341309718270658
OGFR,-1.146362479578572
ST3GAL2,-0.9296444525604597
DAB2IP,-0.8142298674273517
SYNGAP1,-0.06207216779716958
SLC1A6,-0.970564062799982
TBKBP1,-0.978473112735729
ALPG,-0.2411603590708768
MAGEA10,-1.1775587059799248
ASGR2,1.0382017449738383
CACNG8,-0.6985864827705003
SLC6A4,-1.1429606990477048
CACNG2,-0.76149738148488
CACNG3,-0.919978388953045
CACNG4,-0.8839623601700595
CACNG5,-0.8278673996723742
CACNG7,-0.824755055243641
SLC6A3,-0.34081286061991056
SLC6A2,-0.8139186337450135
SLC6A1,1.3089428528201252
HSF4,-0.9306802531703252
KRT31,-0.1695865438368053
GPR153,-1.2373131196893052
MYL5,-1.131251671113532
B3GAT1,-0.5463558869019393
CACNA1I,-1.1044841350819516
CACNA1E,-1.026688330748781
CACNA1F,-0.9550573083517188
DLGAP2,-0.7735709563569174
DLGAP1,0.3049109838966447
MAGI2,5.01396464915575
DLGAP4,-0.5424583502321414
TRPV5,-0.9161962688916713
CACNA1S,0.16303258142832475
TRPV1,-0.8304488883517251
PRMT8,-0.8848925599441313
ZFPM1,-1.113615221333916
SHC3,-1.115261159122942
TJP1,-0.7205550403282553
OPCML,-0.03085497524790174
ADCY8,0.023382681805100544
GRM1,0.01380157798751082
PRSS22,0.46610742435624997
KCNV1,-0.7105497774519941
GRIA2,-0.4424556995546534
GRIA1,-0.6966875663111737
GRIA4,-0.5272656620491023
PLCB4,-0.523071950989622
CRH,0.6992190026325744
SHC2,-0.9622931009769476
SLC9A2,-0.7946983958906295
TIAM1,-0.7687238121273389
GGT5,1.18200881039188
GNRH2,0.11728160397324225
TRPM1,-0.5690740849795444
TRPM3,-0.9017099711440948
EPHB2,-0.08020486039893938
PLCB1,0.2635233384645746
EPHB1,-1.108272415109657
IGSF9B,-1.0872969502701517
DDN,-0.6787838438646017
PTPN5,-0.9585335962413375
RBFOX1,-0.8088384520653659
PEX5L,2.942505070471238
FGF6,-1.1045660983201235
PSD,-0.47870234858237287
NPTXR,1.7998713037576686
HAPLN2,-0.7576832828398027
SYN3,-0.3038685591392282
FGF20,-0.9025657199868886
DPF1,-1.2060277445648147
MYO1G,-0.9709316152320482
MYO1D,-0.8051564038586403
MYO1B,1.1811485479248547
CEND1,-0.6513001873662031
SIX3,-1.0779154602073973
CRYGD,-1.1926440595029217
SH3GL3,-0.9677759549321934
KCNA1,-0.9326933067446196
CAPN5,-1.0430098643317944
ICAM5,-1.0815440141583896
SLC6A13,0.3454724769746886
SLC6A12,-0.19748684907587086
SLC6A11,-0.8602376411116843
DSG1,-0.6323090597249067
MTSS2,-1.118633964334398
EFNA5,-0.9744462100985126
EFNA3,-1.4390857798281782
GABRB1,0.05119293282456239
GABRB2,-0.5319489031925013
GABRB3,-0.3790205160515416
OSBP2,-0.5747698442038396
KCNJ3,-0.5973019448376896
LRP3,-1.3044698349887363
NEUROD6,-0.7896722767380456
KCNJ6,-0.5583613900729474
KCNJ5,-1.0241609494412243
KCNJ4,-1.0120789421591418
KCNJ9,-0.36560797555758634
DSCR4,-0.6305851187824493
HS3ST2,-0.5225527377235366
SSTR4,0.48981262819716315
GPRIN2,-1.053799513504315
MYLPF,-1.044750943427126
PAEP,-0.7561127090839868
SPTBN5,-1.2299354931695892
SPTBN4,-1.0192356492760617
SPTBN2,-0.8920784268404875
SPTBN1,0.5997063905448969
TFAP2A,-0.7334489460414035
MT3,0.5928882226172112
TFAP2D,-0.9709408735714657
DMWD,-1.1552132019949812
PPY,-0.41409635688303925
NRG2,-0.8455949689018959
POU3F3,-1.0140493801659758
POU3F2,-1.1442088344729004
TP53BP1,0.8028629321208369
MPPED1,-0.9519179434950117
DRD4,0.11070565956764208
DRD5,-0.46554816716497516
DRD3,0.29456658628980603
DRD1,0.5123958505009397
TPPP,-0.3311174214796118
NOL3,-1.0228433119038174
MAPT,-0.6051908266511087
HTR1A,0.5520916567431561
HTR1B,0.34953477214256173
FXYD2,-0.743341433601971
LRFN2,-0.5839536826952599
LRFN1,-0.8257893179107559
CCK,0.5177319024496851
HBZ,-1.0419135822989372
APLP1,-0.02931124684648434
UTS2R,1.2032028538264263
ATP2B3,-0.7303128789770901
PHYHIP,2.4271956888231094
RYR1,-0.7750953010985577
RYR3,-0.9746275503965414
RYR2,-0.9911584026813333
NTRK2,-0.6178077545386728
NTRK3,-0.7575867132417101
SLC34A1,0.6019061409435259
SLC34A3,-0.22369272468418996
PYGM,1.6148972800678514
HTR7,0.31433941690648165
IGHMBP2,-1.1138108489918377
KCNN1,-0.9060667483107733
GPR20,-0.5106955626945133
BRINP2,-0.6911731836791783
GPR6,-0.7703291104010241
GFRA4,0.3069687172792351
GFRA3,-1.0806613784637558
MPIG6B,-0.9743892398918266
HTR5A,0.5755619281370699
AIPL1,-0.9926988361417697
HR,-1.0740418682633432
DES,-0.8847144893758332
TMEM59L,-0.4647649957224583
DPEP3,-1.5855092843942267
EPHB6,-0.6934712339997267
SLMAP,-0.1040732695648931
HTR2A,0.12793619047854854
PCBP3,-1.2026782032124799
NEUROG3,-1.0540111275604251
SCT,-0.9667023197489593
NEUROG1,-0.43941986341908734
GFRA2,-0.7497218806285257
MYL10,-1.08981431984631
LMX1B,-1.0938185963425262
NPHS1,-0.8348340906959504
ITPR2,2.571639875920204
EVPL,-1.1374665138639184
FGF5,0.16266883926048653
FGF13,-0.38549169954261003
AMPH,3.9079934279229076
BCAT2,-0.6487805964200238
ABCG4,-0.9067101056895646
SNCG,-0.32891943694137105
INA,1.0114063548341632
SNCB,0.037416762178980136
EPHA8,-0.9199344498544937
SLC32A1,-0.24318250912349365
SORCS3,-0.4401565717323171
EPHA3,-1.146979808784659
EPHA2,-1.278572786924241
CYP2E1,0.7611548308349055
GBX2,-1.1265015036333916
GBX1,-1.2327832091773954
CACNB3,-1.0685835870543
REEP2,-0.35849191022112264
FGF17,-1.0351819391991313
FGF16,-0.8434130720509196
DAGLA,1.6048257593128665
RAP2A,-0.6127475190421037
SLC13A2,0.21535697118274713
SLC13A4,-0.29417076331679176
CHRNA4,-0.028189664450318785
SLC8A1,-0.8360380339816262
UNC13B,-0.06242021629894786
CHRNA2,-1.078524849845887
POMC,0.045390327153142014
HIST1H1A,-1.3365702536972992
MAPK8IP2,-0.8363196308924428
MAPK8IP3,-0.8606604275416196
PSPN,-0.9371709762527338
MT-ND2,0.18782107790574482
RASGRF1,-0.6592233957367778
RASGRF2,-0.905686040543251
SYNGR1,-0.4445514735994968
PITPNM3,-0.6973536965937673
PLEKHG6,-1.0785595571797306
KALRN,0.07132089486434293
CLPS,-0.20087648364691105
CPLANE2,-1.5646795598372032
RUNDC3A,-0.7185615346702727
ADAM11,-0.9123456750085815
GPR50,-0.0023343368797907067
TRPA1,-1.0650070770161817
CPNE7,-1.0461311070882289
CPNE6,-0.9023022585021919
TH,0.20713477022006616
DAPK1,-0.8758099883672505
SIGLEC9,-1.3598374772833515
SNTA1,-0.5846810687939353
TRAF3,1.5065113684457498
MYL12B,-0.7159455527596539
TMPRSS6,0.09711890222039377
NR2E1,-0.7407004756883904
RAB3A,-0.17604053355351235
SHANK2,-1.028882060710736
ACTN2,-1.125116639147664
ACTN1,-1.1435521824999104
CYP4A11,1.2057851532922907
ACTN4,-1.5383880691122276
GRIN2B,-1.0453860745412797
GRIN2C,-1.0268192134281158
GRIN2A,-0.28114473371769766
GRIN2D,-0.10212429360082517
PTPRN,2.7952429393296225
OR2B2,-0.7683922301569375
MYO7B,-0.8852277126595026
SGPL1,0.8547276965421805
EHD1,0.6228801198113973
ATXN7L3,-0.5103244976699128
PLA2G6,0.4777490300565804
PLA2G5,0.8359695462084009
PLA2G3,0.6032521091144102
METTL17,-0.5955697079034323
BRCA1,0.4589218289075463
PRRC2A,-1.2277325062856375
FOXA1,0.19587751058275457
KDM5D,-0.6859663287894072
OSBP,0.3477652055700548
SLC25A35,0.812690396466736
SLC25A34,1.1349080787167296
PLA2G1B,0.7668361484600807
CHKA,-0.529955841478161
WDR46,-1.1583792485572526
PLA2G12B,3.3260954298725567
CDC25B,-1.2010996101015274
KIAA0100,-0.6839013327090935
POLR2A,-1.4179113030186525
PIGO,-0.46914027083678894
JMJD7-PLA2G4B,1.137139947846121
TNFAIP2,-1.2300737569806255
CRLS1,2.441817223307192
IL17RA,-1.1450521325221386
PTDSS2,-0.008059887343457143
TOMM40L,0.03284537423105219
KIF15,-0.5481204550419861
MBOAT1,0.9163156921932986
CDIPT,-0.043363220109433824
IFT140,-0.16414172508162841
ZBTB17,-1.1420594772684036
CTPS2,-0.6269948246083278
CUTC,2.024896860201967
DAGLB,-0.30369116738898194
PLA2G2A,-0.10196875073426856
PLA2G2C,1.4558781384136328
PLA2G2E,0.24563571286965746
PLA2G2F,0.2200449737877298
CAPN15,-1.1374281064437652
SLC35D2,3.4830127827608437
WDR19,-0.033228770860739554
NBEAL2,2.2855854217686717
WDR89,0.3090714169551294
ACER3,0.17927094697079637
ARAP1,-1.1582139494116246
SELENOI,0.1893444060207188
PEF1,-0.7568948701013889
ARFIP2,-0.8357952167950795
PIGG,-0.03356000607346771
PIGN,0.620300628235814
MAP7D1,-1.2094662398002483
PLB1,1.0707024374999492
PLA2G4B,0.6457771496563638
PLA2G4E,0.8195746092173853
RCC1,-1.0312693745318884
CEPT1,0.31064483835649676
ZBTB48,-0.8073857542316482
NPIPA1,-0.9364914022738997
CRKL,0.7693955109775049
FKBP4,1.5542611945421936
DUS2,-0.5861396413660785
DIAPH1,-1.023147076366914
SP2,-0.9200459497318034
CTNNBL1,-0.8964716254461026
DDX49,-1.4021083627536906
YBX1,-0.4585001314315311
LTB4R2,0.4108690667806042
HINFP,-0.40846468481050063
TTC4,-0.6421450151738837
GTF3C2,0.9642802061352101
GTF3C1,-1.3476487000729787
TAF1L,-0.6069928164570286
XPO6,-1.0023864776562543
MYPN,-0.6715318039696354
MAP1LC3A,-0.7457540407259651
GTF2I,-0.1619829663275931
UCK1,0.07979217113101991
LIN28A,-0.8752370144385911
NOC4L,-1.0858446189909727
DNAJC8,-0.5807109418847594
MTHFD1L,-0.32981084856671483
YJU2,-1.012272073286735
TTC31,0.21540293597112878
WDR36,0.4694825054049403
ATXN2,-1.037660324965224
PIK3CB,1.1507274337762814
POLK,-0.5877532825613587
DYRK2,-1.0482432477647454
AKAP13,-1.188175876548839
RBM10,-0.40859014677038763
PPM1D,1.2701667479005383
NOL9,-0.6735502010730934
SUPT6H,-1.3622548189648496
SRPK3,-0.7458719234202861
GEMIN7,-0.23339995729525131
GEMIN4,-1.0373524863232557
ABT1,-0.6579009751355027
RBM4,-0.5508695806500766
MORC2,-0.31858145037182173
WDR45B,1.8085924494115369
YLPM1,1.0673134269114617
CNOT1,1.9949189562126333
DHRS7B,0.7747070855470725
KHSRP,-0.8722317578277885
ZNFX1,-0.65325397787646
BRD9,-1.1473727624910612
CBR1,3.276349302946892
PRPF8,-1.4641359959893057
LRRC47,0.31114383791087774
BRD7,-0.24362199993313732
VPS33A,0.1098878035197267
SETD4,-0.19360585521147414
CCDC12,-0.04594723005895145
TYRP1,-0.2686759587968935
SMARCAL1,1.9828255813644609
NMT1,-0.6990925978519397
KIFC1,-0.8359958628755229
ISG20L2,-0.91632415258142
DNAJA4,-0.702037694136082
FKBPL,-0.18552334449060714
DBT,0.39009302695321013
CD2BP2,-0.8676825173462671
DHX38,-1.0908091919784786
DHX33,-0.6791821332325539
EXOSC6,-0.7508478395032835
GUSB,-0.2627499246920801
KDM5B,-0.43042859432716474
TARS2,-0.6237736547443776
MLLT10,1.948112721353314
ACLY,1.8999149492620728
LARS,-0.7562725730564341
RNASEH2A,-0.8314057681855378
NUBP1,-0.13305589545270446
NSD1,-1.068135641847039
MCM3,-1.2983217811482344
NSD2,-1.0237116326634197
NUDCD1,-0.09961571070752148
CIRBP,-0.9500353879991518
RFC2,-1.0710815266173974
UTP25,2.0218397427810664
KIF11,0.6709282301258057
HNRNPCL1,-0.7863953820032676
NUP62,-1.0469240964011604
DNAJB1,-0.9548981944282322
H1FX,-1.5284236850954587
GPATCH11,-0.08931464752133385
SUGP2,-1.0481005539535706
RBBP4,-0.9820372905430985
KLHL18,0.3122563568508966
MRPS18A,-0.6055170820413016
NUDT10,-0.18356355013296863
NUDT11,0.054329730789033484
CELF1,-0.7252526337616787
IGF2BP3,0.9151726074360987
ATXN2L,-0.8958726008412965
MXD1,-0.8647625033380992
BUD13,-0.6038127870890428
TFIP11,-0.9154863080654638
CA2,0.6391283714823174
POLA1,1.0360900884585198
PNPT1,-0.3709487689255401
MRPS14,-0.3948136083183945
SMARCA1,0.3997772565140561
ELAC1,0.17962635826054837
LARP4B,-0.44688904142433067
TPM3,-0.745618049605438
NDUFS2,1.0504948155671263
PCMTD1,-0.43266403841580947
ATAD3A,-1.228231563719187
LSM2,-0.8818913129311261
NLE1,-0.7550176360738367
DYNC1H1,-0.6925725643460642
TBC1D22B,-0.5912012091377984
NSUN3,-0.9615517231324381
NSUN5,-1.2536489126443586
NOTCH1,-1.4300061210274777
ADD1,-0.8934514153903168
PPIL1,-0.40848198297967253
PPIL3,-0.3700108616005815
POLR3C,-0.6853320065726961
FAM50B,4.5077782925571865
PRMT7,-0.46531734933623903
TOMM34,-0.6166335635134226
CHERP,-1.0309774329028363
TRMO,-0.5879403394718725
SPEN,0.3902971146403511
HELQ,-0.4544091270137568
JADE2,-1.1461118265153352
USP22,-0.707852630486984
THADA,-0.3454315988352566
PGK1,0.8356610765126448
TRRAP,-1.1014723053859448
RPUSD2,-0.6811910461621463
TUBB1,0.15594724704286733
TESK2,-0.5265422950368776
PRPF19,-1.0124001852486424
LRCH1,-0.6810773636626145
MRPL2,-0.9705440599326256
BAG3,-0.5120603140495084
RPUSD3,-0.6829190175243098
DDX31,-1.0766378403632426
DARS2,-0.2539513001832974
CHCHD10,3.054045372847255
SF3B4,-0.9473418388227645
CWC15,-0.5621111332401498
HTATSF1,0.6604725671950944
RAD51D,-0.7177437633294215
RIPK3,0.4535912758890672
BLMH,0.7637261562412703
PPIH,-0.9256177738832034
TRMT2A,-0.954545895964999
FKBP8,-0.9135967899051196
KANSL1,0.9999714506398701
DNAJC7,-0.6038906520319812
VARS,2.1687201230830873
TTF2,0.7387550695885585
NAP1L4,-1.260409867632814
GBA,-0.2229189906205708
NBAS,-0.05044767482819177
MCM5,-1.600509403771938
PHF5A,-0.6559560190860231
NOMO1,-0.6726279382281056
DDX28,-0.7475182751741821
PDK3,0.15787319783792728
NRDE2,-0.9577100814787698
KCNK5,-0.6038567509853535
ABCC5,0.04876725504710854
TRMT61A,-0.9367965660546492
PUF60,-1.1674862349966528
TARSL2,-0.6349602195263309
POLR1A,0.5138009747898344
AHCYL1,2.7122072225352194
AHCYL2,-0.21642268297388076
SNRNP35,-0.6078648268741946
LIG3,-0.7336942960380138
MYB,-1.1905057586786376
PYGL,0.6014353476341613
ATG2A,-0.9639549486310502
IP6K2,-0.6246205018238576
HSDL2,3.542329504926345
TLR2,-0.22033124767852452
ELP3,1.93222132756149
NCBP2L,-0.3565907002982516
TPGS1,3.5732132154007186
DQX1,0.6236485432066694
ATAD3B,-0.5064356237712306
CHD6,-1.0459402114190823
INTS4,-0.1507592171388006
CAP1,0.2638529908721108
SKIV2L,-1.1603209493077107
RBMX2,-0.5717041770778695
INTS9,-0.49445065014276723
MRPL11,-0.7528128699073161
POLR2C,-1.1270063277684972
STRADA,-0.26334118432328657
ERCC6L2,-0.5929317571797539
IPO9,1.894683893589869
GPKOW,-0.5960182371604137
CDX1,-1.215849711509001
BRD2,-1.5510711767150966
WRNIP1,-0.8969410833807137
POLD1,-1.2699139025555362
HIST1H1T,-1.1869910055142954
PHLPP1,-0.5412032424796737
DDX25,-0.834304491591653
EP400,-1.0862138486934583
PSMB3,-0.5453387992345405
NSUN2,-1.3202800469838996
TALDO1,0.5413575683091932
CLEC16A,-0.21339273601194722
CACTIN,-1.0351248037222343
DHX32,-0.26280297609756464
TSR2,-0.7138171613854245
LDHA,0.9060015686125487
PABPN1,-1.3314025926218183
ALDH9A1,1.6031788318273241
XRN2,-0.8865866954424957
DHX34,-0.8090071799221924
DIS3,-0.8137672888600029
PRPF38A,-0.7479417617387388
TAB1,-0.8811994343931773
HIST1H4H,-0.6468225214291092
PAWR,0.09177774731537419
GTSE1,-0.9453957550921245
GTF3C4,-0.3160557346515457
DNASE1L3,-0.6139361833608682
KCNH5,-0.7240250739039379
KCNH1,-0.8932921318872826
ATAD5,-0.5048727367081952
UTP23,-0.5262577314762562
UTP20,-0.9670150776204303
GANAB,-0.949559438378528
GDAP1,10.657348871894644
ADARB2,-0.8244207970585303
CDC45,-0.724192371273101
CHAF1B,-0.7659744347896869
UBTF,-1.3210635650063314
KIF4A,-0.6305622242275868
CDCA8,-0.5191456070565665
MCM10,0.8660745734923441
AKAP8L,-0.8809737535222116
HDGF,-1.0720301926812168
RECQL5,-0.6984638428544153
MED6,-0.37639772169470653
ZNF609,-0.433342331281968
ZNF330,1.5068339271365758
PATL1,-0.17038225885894656
ZMAT3,0.5007364155135815
MYBL2,-1.0382606582882647
PAPOLG,-0.5956821959983605
KMT5A,2.4890878225610473
POLR3B,-0.7893084929133155
OIP5,0.587006245430809
SLC25A3,-0.715107331697473
PRMT6,2.032845591215195
PQBP1,-0.7746213953824216
AEN,-0.8463115610364222
GINS1,0.40361602531264534
CEP55,0.5985867583512156
G2E3,-0.07770274849208228
NUP58,0.7291524443965833
OCRL,0.6527627725188733
ATAD2,1.7541978008688839
SPAG5,-0.5425777387765187
PCLAF,-0.5352944613124806
AKIRIN1,2.143488595339054
DNAJC10,0.8485703879952015
MBTPS2,4.209290648831976
DR1,1.3671333785058608
EIF4G2,0.0010950936079597903
CHD4,-1.521401532690422
CDC25C,-1.09015885432042
CDC25A,-1.063963076282349
POLR2H,-1.058791668605939
POLR2J,-1.0987671382935562
AGO1,-0.9254428390707026
AVEN,2.5173087507420777
APAF1,1.8578218800430881
HELLS,-0.8196129760038602
HIST1H1D,-1.0174671632284062
HIST1H1B,-0.9385492289079885
KIF20B,-1.026435209800777
OVOL2,-0.700114531916439
OVOL1,-1.1472265085491857
ESCO2,-0.2925468104331339
PSPC1,-0.5021027893593469
METTL16,1.2848194505602581
ZMYM4,1.2077636411635573
SRFBP1,0.0574141243407199
MACROD1,-0.2017920431683612
R3HCC1L,4.0292865038594945
DDX60L,-0.9015642986553833
IL7R,-1.4729302868094634
ODR4,0.2517808362673994
H3F3B,-1.0706218751383219
H3F3A,0.011636117989317048
PDAP1,-0.8539720667870596
MPP5,0.8979282900424818
SS18,2.0376269258924955
CDK5RAP1,-0.49030471257346775
DHFR,0.4922199569109422
MDC1,-0.8203550841300008
KIF18A,-0.5172535371826612
TRIP13,0.42963269978232016
LIN7C,0.12915664953036912
UHMK1,-0.7145437303942035
BARD1,0.9640055765339184
BAZ1B,-0.935750612814414
EXO1,0.1347213334484427
DEPDC1,-0.14919034839298403
ALKBH5,-0.4402246064292621
ATM,-1.3658077196009486
SMPD4,-0.4765251353900555
FASN,0.8443780243227579
H1F0,-0.9037285834637243
NPAT,1.1960536631148715
CALR,-1.0791859962070016
SKOR1,-0.16852911954786942
LOC107987487,-0.7891017381278981
ELAC2,-0.5126742345656858
PRKCI,0.9201753806228945
SCRIB,0.3878205119558753
CWC25,-0.6787693084014481
TRUB1,-0.2588121767110734
NUP214,-0.7224321017626681
EMD,-0.8247939592161497
EPB41,-0.28774307073254707
GLYR1,0.9423176101267128
TOP3A,-0.8301548875155623
TOP3B,-0.8131356912763272
KRT5,-0.9719957396513871
RABEP1,2.518287368655657
BIRC5,-0.1540213553922196
NKX2-1,-1.302201586796085
PINX1,-0.7953457978938964
DGCR8,-0.9874430366226539
LOC107987491,-0.7658680893235843
RPP40,-0.5548299830166818
HLA-B,-0.8582285859021943
H2AFY,0.8489416972969659
NCAPG2,1.3598051617492644
HAUS1,1.4028175208679776
TFE3,-0.20904248302509476
HIST1H2BB,-0.7859573648407969
HIST1H2BM,-0.9449987926370994
VAV2,-0.9872404389867495
FYTTD1,0.4354910402874182
TP63,-0.9993021358844939
GNL3L,-0.8857438971188405
NAA25,2.09702995595179
LRRC8A,-0.6876567044335696
IGFLR1,-1.1345916001797798
U2AF1L5,-0.5640491445030119
NPM3,-0.7546290212423323
PARPBP,1.8557808698416518
RIC1,2.9499710403346713
PRIM1,0.42158672267812686
PRIM2,1.0958974820099536
NCAPD2,-0.8054943229203455
HIST2H3D,-0.9133104952919964
HIST2H3C,-0.9403383748300415
EMC1,0.031498942292643856
SMC5,-0.38785686180938683
NAA35,0.22273208219185364
RBM3,-0.7353106256978962
ZMYND11,-0.2487866598669536
IVNS1ABP,-0.052025778377293
C1orf112,-0.3014950600270286
URB2,-0.49898765786832316
CENPF,1.3123727589969276
CENPE,0.16831891376221506
CENPA,0.03657636518727726
MPHOSPH9,0.8594212425816005
DDX59,-0.2694719724609916
DDX53,-1.018171514726667
NSD3,-0.9066846004315147
WDHD1,1.7826485080634058
RACGAP1,0.7568063171031031
CEP250,0.6874959086629197
UHRF1,-0.5314723633744604
MCMBP,-0.0726538361038596
SMN2,-0.7306885945413558
ILRUN,0.09013239571954863
NLGN1,-0.2598344127209259
CSTF3,1.1099161858833562
CSTF2,0.4262890852192892
CCNT1,-0.7989253599424155
CREBZF,-0.02754190717561307
BRCA2,0.7318414744837569
WNK1,-0.7982045416302769
ACOT7,1.6600343721758017
USP36,-0.7716301592313712
RBBP5,1.7186960607407438
KIF22,-0.9867158574768694
ACSBG1,0.6584174312938271
XRCC4,1.6987013397311777
DDX60,-0.8006266830042811
LMNB2,-0.940735606145578
PHF6,-0.2514571990212125
PHF1,-1.1888522846061673
RPP30,-0.670714901829734
KCNA4,-0.6765381963899814
KCNA2,-0.685881366281389
KCNA3,-1.0398527710176857
RAD51C,0.5989745231663883
ERLIN1,1.6941445772188488
CTDSPL2,0.0962972758730216
HMGXB4,0.8090610312607268
CORO1C,-0.4704749314608469
DNA2,-0.6192528337841164
KRT14,-0.8949747026396627
NFATC2IP,-0.7503910193232749
CASP3,0.5061399599152412
CASP8,1.2910982615730011
PLK4,0.399386480184578
ADAD1,-0.9746871645032917
ADAD2,-0.8726865680844168
GRK5,0.07547999831160085
CAPN2,-0.1517242335342736
COG8,0.5133512701378602
PCBP2,-1.1747734279378008
SMC1A,-1.1548228726797238
ACE,1.7953048995905525
DNHD1,-0.22664511659918846
HNRNPUL2,-0.3497386278665813
KCTD20,5.071808243186755
FKBP5,4.063903936184596
PPP4R3A,-0.41955452495124385
APBB1,-0.44134344070036335
GABARAP,-0.8653454418377131
WDR4,-0.5309815254488984
IWS1,1.6084079656866606
MYD88,-1.2309360345559068
HMGN1,0.5479239576076339
DTL,-0.18036753126237892
MSH3,0.044024006495499264
HNRNPCL2,-0.05503403981692696
DEPDC1B,0.34610106400358137
SPDL1,-0.2953162332372092
TAF15,-0.6046029148948548
TNFRSF10D,-0.8549432723670388
CDC6,0.030792052075587394
KNTC1,1.0559399789654942
RBM19,-0.8231728190364588
TMEM259,-0.5428851308339429
CPSF7,-1.1137626397487221
CPSF1,-0.7730799835290485
RNMT,1.6543490780943868
PMPCA,-1.021669708565608
MBD2,-0.4797530932746268
PATZ1,-0.7711148875541177
RBBP8,0.6560814621953667
SLC29A1,-0.6864572927308312
CCNE2,-0.4555013750346938
FTSJ1,-0.6677406560835555
L1TD1,-0.6954958934286607
ZWILCH,1.1995361579820294
DTYMK,-0.9785179426128416
PIWIL4,-0.5168761274496534
PIWIL3,-0.704299831921907
KIF14,1.250059445047395
FANCD2,-0.6823794651468381
CBX5,-0.8690810735508997
IGF2BP1,-0.9588483657279274
KIF1C,-0.3654440811260687
NFE2L1,0.3770777538430019
CD247,0.0672847248082909
ABCB1,-0.050514554070464686
DHODH,-0.5077776559121245
NCAPH,-0.5641167690139169
NCAPG,-0.6443678323613284
TNFRSF14,-0.9753265677339578
CRK,-0.013863165502966677
POLE2,-0.6107278716030854
TFDP1,0.337596519493807
RHOT2,-0.9951029567745422
EHMT2,-1.40952310930117
NUSAP1,-0.39286250251974797
ZBED4,3.13622914599268
SHCBP1,-0.532082031636326
GPD2,1.7527647195371672
SUV39H2,-0.46639621781691204
MAP3K14,-0.26821152501185686
BCL2L2,-0.31483774214715105
TMOD2,-0.14857099049533196
ZNF281,-0.4649863430497701
HEXIM1,-0.36850025554936233
IDE,1.826818068190392
GUF1,3.653965695625223
HNRNPL,-1.3160288064804384
MRM3,-0.703778066358002
STAU2,1.9648376077851515
FBXO46,-0.49287132680345197
RAB35,2.10927274778013
HNRNPA1L2,-0.6285247907651333
CFL2,-0.397283351843127
NFIA,-0.7692607527527193
NELFA,-0.5429408443627659
MEN1,-0.9905423508669068
MVK,-0.862444148979653
BUB1B,0.12529095566793716
SMARCD1,-1.351789522896739
CD3EAP,-0.5404486107065394
PIDD1,-1.1836069109586482
KLC1,-0.5903594439383131
SOX12,-1.0711872517617378
HPDL,0.6781918561726024
FLNA,-0.6958931006865834
LETM1,-0.6021410619974878
ENTR1,-0.7094580435388688
POLE,-1.155781933536495
INTS5,-1.0280920908076365
HIC2,-0.9441059274874963
CKS1B,-0.8373550243773982
TM9SF1,-0.08975726735003979
PTTG1,-0.6946986200009336
SZT2,-1.1713865460465465
TEDC2,-0.6260494901855083
IGSF8,-0.9194840678370932
MED19,-0.7403825724887719
CHAF1A,-0.94708751034963
TRMU,-0.5757276891638293
CDK16,-0.8598412783316375
PDCD2L,-0.48174032873408734
KIF18B,-0.4407476209305394
SFSWAP,-1.0118521844520179
TBL1X,0.6954618354271237
TBL1Y,0.21179908210605058
HEXA,-0.377009467992743
MBD3,-1.3692884285582458
TLN1,-1.337853142332068
SIX4,-1.0783357175986603
HDAC6,-0.8511167868280841
CDKN2A,-0.7338235413629125
TSC22D4,-0.9858291783508604
PAFAH1B3,-0.736444733438193
SLC2A1,0.11326489081971604
KCNH4,-1.3060286144243656
SLC4A2,-1.281908308017126
RECQL4,-0.757063546070514
SLC29A2,-0.6419752205377952
CCNE1,-0.9143933706372986
TIMELESS,-0.6808491758781415
GYS1,0.44713720307122473
RAD54L2,-0.21425730532297246
SMYD5,-0.9460922453451521
RAG1,-0.7710130463781266
TELO2,-1.219772085205373
FGFR1OP,1.2550432906267466
GTPBP3,-0.5280011372797373
PIMREG,-0.5071815043326877
SLX4,1.8679041319465786
FANCG,-0.7620152034960849
CLASRP,-1.0532306756837893
RALGDS,-0.9992294985409713
MED22,-0.6005814904181982
PARD3,-0.7560573517671145
HOXA7,-0.6773224220141455
MFSD12,-0.20885194847566874
CDK8,0.7448217335450472
DSCC1,-0.4787045628541907
MAD2L1,-0.17596680598434108
C19orf24,-0.9583766039348548
AQP2,-0.11461757072654083
DRG2,-0.7286597656747645
RAD54L,-0.7105178567049225
FASTK,-0.8889028274296853
CIAO3,-0.41266731329260253
ZAP70,-0.5503735256835696
DNAJC11,-0.5542403877996477
INTS1,-0.8912196095638786
THOP1,-0.9967202937031402
ETV4,-0.7261800702053756
TYMS,1.4132479567730667
SAE1,-0.6723293384278173
PAGR1,-0.6571879548225454
RAD9A,-0.941933373690095
RRP7A,-1.0573442384638354
RANBP10,0.03006922111174839
EML3,1.5983696146303548
CLN6,-0.6123646755237021
ZNF574,-1.0722743782432285
WDR62,-0.25376627681376657
NUP210,-0.8975366429279567
PNKP,0.6537931823218218
GPATCH4,1.5666060362916436
CLSPN,-0.3976613235522897
MRPL28,-0.6967632566631295
NPTX1,0.10590213921720426
XRCC3,-0.9804645537525514
USP44,-0.3443993761895707
ORC6,-0.47909440660550673
PLCB3,0.18413880810941458
GPHN,4.333342697067062
RHBDF2,-1.1053855109383175
POLA2,-0.7992077686702866
CTNND1,0.11558348928223108
IL1A,-0.005937207712334565
IFNB1,0.1616285215497173
ERN2,-0.879905696117955
POU5F1,-1.0392319486392652
LRP5,-0.6835474752678369
NABP2,-0.6378179723834987
GATAD2A,-1.0690381892794172
SIGMAR1,-0.4863068224865657
RPAP1,-0.5999282620066061
NUP188,-0.9053857462421101
ATG7,-0.24886831817511132
TERT,-1.1394751503029257
KMT2B,-1.237183712747976
PSMC3IP,-0.6143020379906647
PIGR,0.03442639192321724
WRAP53,1.8420339491476279
CDKN3,-0.8092851572047512
CTRL,-0.6405747816198598
MRGBP,-0.5185489563582286
HBB,3.296961304526612
HRNR,0.012359122949794262
ZNF142,-0.6983141972579148
DENND2D,-0.894559924911378
GRK6,-0.028725151235167095
NSMF,-1.0696559536602004
GOLGA1,-0.3337379410317123
GOLGA2,-0.5630514093278288
ZNF787,-0.8616587075494879
SEPT11,2.440040294839022
MED15,-1.183682636788456
MED16,-1.0022105381895072
CSNK1G2,-1.4605783001732018
CCDC85B,-0.2608360774590496
PELP1,-1.1651168227187525
SCARB1,0.9777683323502112
HIRIP3,-0.7093629664640787
RASSF9,-0.6856839932764833
STMN1,-0.583215162880045
PTOV1,-0.8354807574241185
DNM2,-1.1215924412914011
RSAD1,-0.3514124866192891
HAUS5,-0.6390211422267738
ZNF282,-0.9167183078590315
SIRT6,-0.1901060645897016
TMEM94,-0.9569158340225196
PLEC,-1.2345792085859106
TAF6,-1.1818293347328357
PEX5,4.690193915435605
CTDNEP1,-1.1599074629069417
RFWD3,-0.39532625079313854
ARMC6,-0.8473508192713376
JMJD4,-0.5285476015302294
GPN1,-0.5130722814809988
TCF20,-1.0423574825619375
HMGA1,-1.524208664752035
FHOD1,-0.9586047883235311
RIN1,-1.1227684433746807
CARM1,-0.35644309159452825
OXCT1,3.0589413509306995
KIF20A,-0.5504272555796579
FOPNL,0.2910082286589858
HSPBP1,-0.8154694617398608
HJURP,-0.59665137717789
HCFC1,-1.0435599151484112
PAXX,-0.9184199948788982
TTLL12,-0.8794974546595165
TSSC4,-1.1032822111373959
MTA1,-1.5405734050697193
NF2,-0.5640723946407454
ANLN,0.6158142680094383
ARMC9,0.9850928007257076
SSBP3,-1.0846768496190526
NSRP1,0.613127852418372
BLOC1S6,0.0977293500940405
CEP120,-0.1894758831515072
ARHGAP21,3.9170454098375256
MMGT1,4.6319045743484395
DOCK7,-0.033981797677639376
CIAO1,2.208047360676646
JMY,-0.27917195788356114
RCN1,0.3640278278827785
NEPRO,-0.4710276215121555
EXOC6,0.19919744145882431
WEE1,-1.0212722358193256
DIAPH2,-0.5513637029957836
NXF2B,-0.0687411346055183
NXF3,0.004772945236621174
SENP1,-0.4144258244234219
CUX1,-0.5609421103990131
HOXC13,-0.8277933882126395
NAB1,2.1539090798486225
OTUD4,-0.48591644868015726
NXF5,-0.15778607954806614
MECP2,-1.1284990490029039
RGPD2,-0.08283804818405045
RGPD1,-0.11066178489787405
RGPD4,-0.22089697931469884
RGPD5,-0.2758356114792173
GEMIN8,-0.13470653862981694
PRKD3,-0.13881182852792387
FOXI2,-0.2805732927390847
IFIH1,-1.0521983132635981
NFX1,-0.10436264423516188
MAD1L1,-0.9215523079878726
SKA1,-0.5807179535810318
SKA2,1.08097740175659
CDCA5,0.5681417513552224
UXS1,0.5849621470909068
QRICH2,-0.596478920715972
AAAS,-0.6075960226908804
TMEM33,1.3464077816929452
CDCA2,-0.4331782127956165
CENPO,-0.46828454581592205
CENPN,-0.5389159312876414
CENPM,-0.7203572265813731
CENPL,-0.517440167572694
CENPI,-0.6310131683366673
CENPH,0.7240352485934454
CHM,1.5482042923771804
PROSER1,3.096386959774462
CCL13,-0.6135398694392982
NUP88,-0.3283905055253146
POM121C,-0.3000577844086193
CCAR2,-0.7850278495864618
SGO2,0.882395234974458
ESPL1,-0.8059164428943248
GTF2E2,1.5372243417438387
NEK9,-0.1988133158185398
INCENP,-0.5819759771236328
BUB1,1.0427551469027094
CD70,-0.5846493563781724
HDAC8,-0.3834803409373506
TPM4,0.8305296405459037
RANBP3,-0.8323622077320584
PAF1,-0.7080492021000323
FOXL1,-0.8439847811492249
ZW10,-0.26174719917367567
MFN2,1.376730975344329
CDK7,-0.5362908149420107
ITGB3BP,0.6154577935115264
KNL1,-0.41361735699948976
PBX2P1,-0.2900463354320874
PBX1,-0.30304931576106925
NSUN6,-1.1209579377262846
RAPGEF3,-0.7809228926852047
UNK,1.110364790494631
NDC1,1.1606339664104381
HDAC11,1.0305674855544933
GBF1,-0.7781355242497183
KAT2A,-1.0621104709277953
B9D2,-0.4346711664781648
POMZP3,-0.7124917393829995
TENT4A,-0.9203033630499599
DSN1,-0.3432994373734433
ZNF318,2.222425755573693
TMEM209,2.3557131908331153
ERCC6L,-0.616014199788635
PPP2R1B,0.4549820787002584
CENPS,-0.4040085343734252
NADK,-0.7005094920312455
HPS5,0.004872331400134955
MSI2,-0.706133581788759
MSI1,-1.3093486012451274
POLR3A,-0.8682105597728901
POGZ,-0.9482852119494377
CENPT,-0.763732241456156
CENPU,-0.6790662607188869
CENPP,-0.20299514963914345
NUF2,-0.5740928883670224
QTRT2,-0.2293902682869638
PMF1,0.8456661962694667
FAM193A,-0.8806979630726319
SGO1,-0.5018315832849386
SPC25,-0.44742975576930216
SPC24,-0.47970950851786326
PHF21A,-1.008436377686711
CENPQ,0.8423361908704955
MMS19,-0.7738379068700705
ASXL1,-0.8092331488656264
ZBTB33,-0.7763519057337196
ODF2,-0.2712854583154312
NXF2,-0.2631357869385879
SIK3,-0.3397891475063907
SFMBT1,-0.47073223689275806
PBX3,-0.3496956515458295
KDM6A,-0.8412171348300345
LIN54,-0.60847415607492
ELL,-0.6598742100691203
SNUPN,-0.12276325572610197
SYNE2,0.5308525776054116
NXT2,1.517157364200185
STAT5B,-1.3286754324908312
HSPA1B,-0.900113348402967
NUP43,-0.47952098871682003
RCC2,-0.8664304022112862
RANBP3L,-0.6189995383282171
IGF1R,-1.1978744572271265
WIPI2,0.09395654377890644
SOX13,-1.2857692134758198
CHRAC1,0.1310423990199313
TP53I3,0.24819883229545028
ZNF428,-0.7412998779104064
SESN1,0.1582911090179477
DCTN2,-0.46367327438190964
POLL,-0.7054966632484585
POLQ,-0.6415266369007193
HIST1H2BO,-0.6864344522452899
TFPT,-0.6182012314845113
AIG1,0.7024977239968355
NFRKB,-0.49061921897572336
ZFYVE26,-0.3637149201324691
GTF2H2C,0.37120024053190004
SPIN2B,0.11173008986331923
APOBEC3C,-1.1219667065297483
ABCA1,-0.5232779877414787
COPS7B,-0.619469829255783
COPS7A,-0.31866288078860067
MAPKBP1,0.32119149828168864
WDR76,-0.4685404585043173
LDB2,-1.1303334691061597
AASDH,0.33047677779722273
CSAD,0.36207754467338954
TMEM43,0.03830718858973815
COPS6,-0.8295535547175803
ORAI3,0.3517433500159721
DNAJB5,-0.6738298750536678
GORASP1,1.8068876746991145
MTMR14,-0.4767213527453154
PGGHG,-0.835259426500379
OXLD1,-0.3598973816655937
NAA40,-0.513270980373767
PHLDA3,-0.778147441145013
HIST1H3A,-1.0892505747009917
GOLGB1,-0.31833819420946263
BCL2,-0.5660921484570466
PTPN14,-0.8574778907207464
RRM2B,-0.04968258398456137
PHF8,-0.6907124954809875
MSMO1,0.6191979045298972
H2AFY2,-0.6791094050932359
FOXO1,-1.1632276020890993
HIST2H2BE,-1.1889640277660003
BBC3,-0.8984381321753798
INO80E,-1.1352106476406012
INO80B,-0.6896013240488402
INO80C,-0.399479700570056
RPA4,-0.40278321323073485
ATXN3,-0.6142325164311163
EPM2AIP1,-0.21930096284352063
ZNF512B,-1.054292867153109
PLIN2,1.3973911071009186
OGG1,-0.021081858631904343
CRCP,-0.46090035224643017
POC5,-0.032426991037091575
FAXDC2,0.4880456793447441
CHD2,-1.165832110955349
HIST1H2BD,-0.9662146118797688
HIST1H2BG,-0.6635074232673804
HIST1H2BA,-1.1079573262104387
AKR7A3,1.455263339828007
APLF,-0.4400371154185357
ACTR8,-0.6794693826943244
ACTR5,-0.8133285374545189
PIAS3,-0.7992972490164204
HIST1H2AG,-0.7118779760692142
NGLY1,-0.4238441070243116
DGKA,-1.1704081370828288
PLXNB2,-0.7805917565176551
FGFR1OP2,-0.3794096716318438
HIST1H4F,-0.9451931194858252
HIST1H4A,-0.9748899091091967
ADIPOQ,0.4670638105245016
ZDHHC13,-0.5895221851019186
ZNF703,-0.9302562659286098
ZSWIM4,-0.06284501377454757
SPTLC2,1.1114396976712977
MACO1,0.0923147612892309
TMEM53,0.379444462663318
MUC2,-0.5449500620171734
SP4,-1.088988995185374
SP7,-0.8271840694712639
AKIRIN2,-0.3079872527699709
TMLHE,0.2905866353471341
LMO1,-1.300318784756934
ITGA2,-1.0494092042839398
ALDH3A1,0.24091162827712725
SWAP70,-0.34953088040501634
APOA2,0.8147743139110215
PHLDA2,-0.6414053993545795
CYP27B1,0.33956638427916713
AGPAT3,3.585585231804972
PRSS50,-1.1179326196218289
RAG2,-1.0211833759618232
RPS6KA4,-1.461552097858072
HLX,-1.079668479262488
NR0B2,0.27712486672657094
ZNF296,-0.17755915442605671
CD40LG,-0.2626808580261606
TRERF1,-0.5757803412201493
MIOS,1.779280512511422
ZSWIM3,-0.6851997823684888
TCEA3,-0.49669977697096024
CHTF18,-0.6132683256861428
PAAF1,2.62702434531033
BDKRB2,0.9572091645317353
CLPTM1,-1.0935546183969458
SPHK2,-0.12449459537714055
FIZ1,-0.6767051746466444
ZNF780A,2.657332553539027
RHEBL1,-0.6351610762118086
CDCA3,-0.5075123686790287
CDCA7,-0.4464832219543061
MNDA,-1.26471919583483
RSF1,-0.5897738902820121
ZNF687,-0.956514597256675
THAP8,2.1371746249504775
DZIP1L,6.653899721028568
NQO1,0.9638492286493503
SIX5,-1.028731309517894
CLOCK,-0.5766875498202383
MR1,-0.7435190614060665
HTN3,-0.8033431602752953
RELB,-1.3088932245315772
ZFP64,-1.0270488807358873
HMG20B,-1.3232800404261293
ARRDC4,0.9923478754368903
KLKB1,0.040440953192386886
COL7A1,-0.8689375078438321
ELK4,-0.7674195363552698
RBM18,0.30782581260011344
FOXP2,-1.1616287306561603
FOXP1,-0.8938830585017974
BCL11B,-1.3083372248072223
FOXP4,-0.8519569790761581
ZNF597,-0.712530293331902
ZNF595,-0.17968614391868393
GAST,0.5242563276531383
LHCGR,-0.7075067496892462
CAMTA1,-0.3600724641840688
TNS1,0.32529452778648704
IGF1,-0.33436323092337206
GCG,0.2727452571594536
IGFBP1,0.8113342010380373
HBE1,-0.6033176109047473
CYP2R1,1.343864727512513
ABTB2,-0.18265220563700077
CYP27A1,0.8760192383031074
BTC,-0.6954049159011589
MEF2D,-1.2910191678711074
GAS7,-0.40253214735891707
MECOM,-1.4069802079047324
CIB2,-0.9883751543958249
TGFBR2,-1.1674994374776542
MTMR12,0.5025813391607895
SEPHS2,2.609341267692872
ZNF48,-0.5013424951358937
STMN2,-0.12701147080959038
FOXL2,-0.8761479157781336
LRRC39,-0.49197363055239496
NFYC,-0.4642424623947401
PITX2,0.1981815557239689
CTCFL,-0.6889756478830003
ANGPTL7,-0.6606543144734142
GALNS,0.23738305563584447
VASP,-1.199419457178976
CYTH2,-1.01214496934829
CALCR,-0.5539550418179275
KATNB1,-0.16672349222885585
WIPF1,-1.0658530731314404
B3GAT3,-0.7077834468699908
MBNL2,2.466472915059401
TRIM24,1.5780748262640105
CLCN2,-0.32630800773899576
R3HDM2,-0.4107661587407164
FLRT1,-1.3293265310327615
FLRT3,-0.7677404917449763
KAT8,-0.8327652109641805
TTC16,-0.3334016476609744
DMD,-0.8350996914620213
C16orf72,0.5373912962402855
DNAJC27,-0.48572909015298693
SLC31A1,0.17270610621087215
ZNF223,-0.47679995253829854
ZFP91,-0.829549547798293
EGR2,-1.2677601429543794
PPARGC1A,-0.19342990535590993
SUPT20H,-0.5502296477625972
RPUSD4,-0.37800587799890717
ZFAT,-0.7428092436942028
PTPN4,-0.8999928333572421
GINS4,-0.6088054601577512
LRCH4,-1.2728092759231995
LRCH2,-0.5144152379388885
LRCH3,-0.9201385138885153
DENND6A,-0.37457213525125455
ZNF385A,-1.1916532227848744
PSMA1,0.5171003126649641
ZSCAN29,-0.3200946960660939
TSSK6,0.31886899580579314
PDHA1,0.7002023609398315
LCAT,1.172955312513857
MSH5,-0.6489893416765423
SRY,0.08465462828335656
SOX9,-1.040919944687765
AGPAT1,0.8049525432708912
FOXO4,-1.0333253033858647
PRICKLE4,0.08229371011509029
LRRC8C,1.8774129667681076
RGS3,-0.6043455977394946
PLAG1,-0.7916515212333591
KIR2DL4,-0.9429149552328777
PIGV,1.7002405825486997
NAB2,-0.8110620640317364
COQ8B,-0.4621125586879446
MGARP,-0.6548335641908086
FXYD1,0.993471233964809
ZFAND4,-0.44964539131452
KLRG1,-1.0891194467135983
ARHGAP26,-0.5678982740675482
PPP1R16A,-0.8259737221608472
PPP1R16B,-1.4039520032040826
ZSCAN20,-0.9312470948461096
ZSCAN21,-0.8378651091061309
DDIT4,-0.4175857334006011
ABHD2,1.0443205353593787
NUCB2,0.2798174808684517
BMP7,0.1302760869483088
BMP4,0.07078591469935373
BMP2,-0.12411000785550177
MAF1,-0.9174082058252564
NR1I3,1.41704804147351
NR1I2,-0.28049160162631154
PACSIN2,-0.2915038806507237
CCNI,-0.9130323983243441
CCNK,1.2206430289791164
RASSF1,-0.3405516682242302
RASSF2,-1.0412480705857126
CCHCR1,-0.9372490585219375
MNT,-0.7105499477600132
CRMP1,-0.5030834859566895
SLC49A4,-0.27432722199966864
VPS35L,1.057016674561303
PRDM16,-0.8901613890081979
PRDM13,-1.022313547448495
TMEM60,-0.24937766396756716
PRKCZ,-1.042712160277553
CASKIN2,-1.3473613365843675
CASKIN1,-1.197125661446001
ZNF629,-0.9666230176483167
RAP2B,-0.6812360279336496
ESRRB,-1.047269465725036
ADA,1.14866410811753
TSNAXIP1,-0.9406519265424442
ADH6,1.1986999503165687
BABAM2,0.08896896966953989
RASL12,-1.021519143505669
HIST1H2AM,-0.7460106907983404
HIST1H2AI,-0.873357017834007
ANKHD1,-0.6952880666199044
HIST1H2AE,-1.1765501401149692
NRIP3,-0.8250198047609499
SWSAP1,-0.3168675812748545
HIST1H2AB,-0.7415671207014244
BCL2L11,1.5309932125856967
ZNF556,-0.9564426143396565
SIN3B,-1.1196545646089002
NCDN,-0.8358181309429007
DENND1A,-0.4238848121214362
REPIN1,-0.891368738621541
PTH,0.6402302028517275
RSU1,-0.5287883243438939
GNA12,-0.5780812022062197
GNA11,-0.2758298672373954
SDHC,3.733989812978528
MUSK,-1.2558143713755472
MOCS3,1.520504192276993
LHX3,-1.0398168882163206
PTGER4,-0.8785544613699485
SOX6,0.14554080845203088
ZMYM2,-0.28409054398514677
SLC38A7,-0.48904263635382506
LHB,0.24876677363334868
CXCL12,-0.14240373602589984
ADRA1D,-0.17757455598279573
SIRT2,-0.2757978790339023
HIP1R,-0.43975594057928497
LTC4S,0.09061993408582497
ZIC4,-1.097851174801936
ZIC5,-1.6044373784314763
ZIC1,-1.1037743236530806
CCL20,0.2816391354091095
GUCY2C,-0.9497294960025704
HOXB3,-0.919362157979529
HOXB7,-0.8782446384928381
RNF40,-0.5765896514626034
TYRO3,-0.896647667835394
WDFY2,-0.08488712948045031
ASH2L,2.127699090108365
ANKRD35,0.049617737205888045
ANKRD39,-0.8549664141372775
NR2F6,-0.9147232923740439
CISH,-0.6860698188556743
ELL2,1.8395797874906519
INHA,0.6115340967450195
CTF1,-0.8181162407723027
ZNF80,-0.8721689349619938
LDLR,-0.5632562447736881
CYP2C9,0.33675433048185954
IL2RB,-1.184794828447885
TPCN1,-1.0761607579340347
SCARF1,-0.8211050210111641
LMO2,-1.2276895154562677
WDR81,1.2357738539682512
ERC1,-0.640670184014315
CBLL1,-0.17403465224934395
ZMYND8,-1.0982364972569172
CASZ1,-0.9059472160835886
HERPUD2,0.7981215966365468
CDK19,-0.7186868672006811
LPIN1,-0.039661287098251556
KLF7,-1.2876843606059827
KLF6,-1.0177290558182222
KLF9,1.6971205208257651
KCNAB1,-0.5082649979177737
MMP28,-0.7508286065920015
POU1F1,-0.8160443648817096
MAP3K11,-1.7032797818353922
MAP3K19,-1.3513992842149631
IDI1,0.4451496459191014
JOSD2,-0.007993084262447464
SCRT2,-0.6089424690163799
RPUSD1,-0.7588458003471844
RARG,-0.7874030215131341
B3GNT9,0.11097629908992201
CACUL1,0.24487792943078507
CDKN2B,-0.8376141638551526
CXCL1,0.10421534411113145
CDKN2D,-1.0565789009638558
NEB,-0.6156897172013234
PLAGL2,-0.5383150749415639
YIPF4,0.43255090973303617
CCL2,-0.3947519750488487
NFATC1,-1.4297765132563662
PER3,0.8706051476415771
FOXA3,-0.31503252515400226
FOXA2,-0.6059358019040381
EPS8L1,-0.8541815940830345
UBP1,1.0453769334800531
GTF2IRD1,-0.5453829411072272
EPAS1,-0.7053761683382854
DEPDC5,-0.5625440616664333
SLC22A5,1.162618514686801
ELOA,1.6339838428967044
FLT1,-0.27444984342038303
PODN,-1.1781508632392217
S1PR1,0.40493350550211626
AAMP,1.822469937505831
IL6R,-0.8962558475617988
ASIC2,-0.9665051497812723
LRRFIP2,0.14069502197715592
ICE2,-0.07552384574126404
IRS2,0.22158959156035346
OBSCN,-1.0038338896742234
CEP57,1.2344407124751857
CYP17A1,-0.16037398555124333
RGL3,-0.560317441154546
XPR1,1.4065515292715207
PRKCH,-1.260244497506433
PRKCD,-1.1437002227691628
SOX11,-0.6532368312363371
HIST1H3H,-0.9629018905503608
NRIP2,-1.6144054500855514
FKBP14,-0.5468201128931275
FKBP15,-0.867382685411352
TBX21,-1.101719290944723
PPP4R1,-0.09720681500263482
PPP1R3D,-0.22351263519039619
MAP3K3,-1.3502080809029509
MAP3K6,-0.6174090277538511
ZNF575,-1.0324329166894057
ZNF576,-0.5295761446585695
KIAA0319L,-0.8453899407811902
CTSL,1.1712491841005999
PASK,-1.0913616780503226
OMA1,2.233050507926826
PCYT1A,1.475661070886846
HIRA,-0.6279909214636836
CXCL8,-0.5094489590262512
SPEG,-0.7949361689316284
FGFR1,-1.51951835025142
GFOD2,-0.2143001331947233
AHNAK,-0.6288590905499886
AFF4,-0.24006550814398142
PDPR,0.3535233046952599
GUCA2A,-0.47093006394185194
FOS,-0.5735965440415067
HOMEZ,-0.9855585242632489
PLPP6,-0.5448397861771535
ST8SIA4,-0.9488185221734143
ZBTB4,-1.055972352342262
PRL,-0.40868110337597763
DMAC2,0.5644219159445528
KRT1,-0.9151230265167446
IL1B,-0.41441182452307723
KRT8,-0.7237599413348966
SIK2,-0.8366019535447882
RABEP2,-0.9260460453396456
PENK,0.8665715700090939
ZIM2,-0.80025039662984
BCL11A,-1.3159692512104544
SALL1,-0.9863609988841655
SALL3,-1.5247894943505809
CD180,-1.4512158090070841
CYP1A1,1.309591314544257
IL10,-0.04255495589728495
IL11,-0.7204758072927403
WNT4,0.4208215364182042
IL6,-0.48102060174945754
IL4,-0.17072163523166797
IL2,-0.19449118353562944
STX17,0.41057590430066737
HIST1H2AK,-0.6275393825547155
RUNX1T1,-0.037975933554126755
ANKRD16,-0.7000549190412049
TXNL4B,-0.7858628604998787
KLF13,-0.9076813256447287
KLF12,-0.6165105093671563
KLF11,-0.8680120485333729
KLF17,-0.9073576541666653
KLF16,-0.850347873861452
KLF15,-0.7973763883911711
SP6,-0.9322656168334084
NT5C2,-0.28080334050337347
SLC44A2,0.18111970281655057
ANXA2,-1.0234467546120594
ZBTB7A,-1.4086368874655069
SLC44A5,0.45908135578510084
ZBTB7B,-1.2563883368754514
CYP2A6,0.44407875366579364
UTY,-0.9618892111053898
CDKN2C,-0.8180727694905725
AOC2,1.7344001036699475
MFHAS1,-0.6451998380510661
INPP4A,-0.2218883238763199
PHC2,-1.2270715199384044
RNASEL,-0.47079822786489933
ZNF367,-0.4392414734712194
ANKHD1-EIF4EBP3,-0.47721436331448835
BRSK1,-1.0185163720778838
TLR7,-1.0457686148360272
ZNF213,-0.4993612830979617
NFKBIB,-1.0175219146818455
NFKBID,-0.9209747598232496
NOX5,-0.6641736480825573
NR5A2,-0.33148929216255363
DLX4,-1.1806121744816003
HIST1H2BF,-0.8664796981183368
FGF9,0.3031767179459399
HIST1H2BN,-1.1971509001650698
FGF4,-1.1362342089354096
HIST1H2BJ,-1.0336116187533564
MISP,-0.4817000806399519
SLC25A40,3.619163548753176
TOX2,-0.16015729626998249
JAZF1,-0.06337702207232455
RAB8A,0.47061423699583815
SGCG,3.267291886118772
DUSP5,-1.0726484028034984
LRRC8E,-0.5561356690975827
ANKS1B,-0.7861783492734262
ANKS1A,0.9574143135345445
HEY1,-0.9773782778827108
METTL9,0.2348737608940492
ACTRT1,-0.4515651821285045
LEP,-0.009971470368753132
PITPNM1,-0.7934500023408714
NKX3-1,-0.9606846078739947
PITPNM2,0.3108124740193711
TBC1D17,-0.8238871388276658
SP8,-1.1233792864334788
ADAM17,-0.6769752538940863
DNASE1,0.3539508936761499
TLX3,-1.0171071209976121
UNC45B,-0.16261444756770255
ZBTB40,-0.9112999681506481
ZBTB44,-0.4681576355781492
BRAF,-0.895196083963748
PCSK1,-0.1321892809436453
PCSK5,-0.6312080949701682
HIPK2,-1.0951802688107914
PMP22,-1.3244421582754728
ZNF683,-0.821247487967118
MT-ATP6,0.15042214797449316
PAPPA,1.0594079235328837
MIF,-0.019577874064929824
AHR,-0.6577417284247334
FDX1,0.4985404187359801
KLC4,0.08003072328598398
MMP12,-1.0171893327691115
CDKN1C,-0.8036306318029903
BAZ2A,-1.1429364564712847
EDNRB,0.5546469324432677
STX11,-0.37655907317238957
APOB,0.34580939456217197
TADA2B,-0.6124967014143081
ZNF512,-0.6309999592201588
ZNF513,-0.7918909083547814
HOXC11,-1.129587533312605
HOXC10,-0.7419979956623726
VEGFB,0.40152085824557954
LHX4,-0.7870373236282933
TCN2,-0.4133697581863938
ZNF358,-0.037340979032526075
AP3M2,0.13605180700977704
COX7A1,-0.41416642306782675
CCDC186,3.95305996614464
HMBS,1.4691380928628999
HIP1,-0.2415142946246877
DMPK,-1.040902624143879
STYX,-0.28419700845578666
ABTB1,-0.7854160764886656
SPIB,-1.3423675810128364
LTF,-0.6979711124927109
AFDN,-0.6962244573127159
TP73,-1.1202746593019066
LMOD1,-0.8622372840310408
GPATCH2L,-0.06400549293308465
NUBP2,-0.5980585919003432
CCNA1,-0.8957706432835091
VPS29,0.10531038590599438
ESYT1,-0.4501146086654311
PGR,-0.7219710005598374
CXCR4,-0.4200365496733052
JAG2,-1.3960329121836692
KLF10,-0.7098730224438976
E2F7,-0.4614498899921627
CA9,1.0728800244729586
E2F2,-0.700866576902175
PPP1R13B,-0.5939811113336804
MGAT4B,-0.5974311763394345
PPP1R13L,-1.1528956623553859
EVA1C,1.239728856922556
TNRC6A,-0.6544043292337793
GATA5,-1.226579281345651
ARHGEF2,-0.6034473032414015
CDH15,-1.0601507914028847
MEF2C,-1.2320007237538702
ZNF232,-0.5745038574831918
CLCF1,-1.063159798512226
GH2,-0.7286152759192077
SPRY2,-0.4075541895228636
CSF3,-0.21793708754600966
PLEKHA6,-0.8626277094670474
RRAD,-0.8793523747518778
ZNF691,-0.11818827240961194
CEP68,-0.18999258795096347
SLC44A4,-0.10753778890439054
ATP7A,-0.3673472266240881
COPZ1,-0.20546080583791934
SUV39H1,-1.0930857247669705
CDC42BPB,-1.031646389491685
SHH,-0.8318066874076012
EPOR,2.8407670041535678
PLA2G15,-0.023311249396901323
NR0B1,-0.9130852383474848
ZNF503,-0.8240507318884642
PCNT,1.0612694088880053
INTS11,-0.7509755497595842
INTS10,2.3212956111578795
INTS14,0.0811800662383593
USF2,-1.0784489863731543
FBXO24,-0.9787523406349082
SATB1,-0.9302749082726655
STX5,0.1264989011406539
STX6,0.08426931510541096
SLC5A1,-0.4609473810715926
RAVER1,-0.5962986872181533
ZBTB3,-0.9545673452913492
ZBTB6,1.643010954795463
ZBTB5,-0.9057822736651405
CYP21A2,-0.04395083394136461
ANKRD30BL,-0.6319245145446718
CHRM1,1.006786528695249
ABI2,1.4371080815997217
ROCK2,1.30962685825527
CYP2C19,0.8620646279162478
MMP9,-0.3102274163279399
CD209,-1.1201719632870877
CLN3,-0.07034407208450529
ENSA,0.08433261667906994
LRRC4,-0.5391163023740367
AQP7,0.13645881144409402
ACOT8,4.205035894558423
ADCY2,0.03631798109908442
KIF27,-0.5606509540569122
ADCY9,0.30891001256571193
DOCK8,-1.169345674291228
ATRAID,0.19850278668715882
MED26,-0.40872862275134153
KANSL3,0.23013015093329842
MEIS2,-0.8854929212598942
MEIS1,-0.7517669794984949
PLEKHB1,-0.1943930238567399
JUP,0.5136295653201327
PARP8,-0.8710254986063839
MIER1,-0.2737092323709016
BTK,-1.1842965652106383
IL13RA1,-0.5992073926924107
HIST1H2AH,-0.8736740927583572
FGF22,-0.8413304552892621
TBX3,0.009807800078122764
ZNF32,2.9067679774200936
C18orf25,2.271512784226801
ZHX2,-0.583450038361204
SUSD2,2.003940114801611
PUS10,-0.6661676050414277
MT-ND5,0.4282711122547083
MT-ND4,0.48261474613343047
ZNF785,-0.458317114962385
FOXD2,-1.1241949704942298
ATRN,0.7933994892698822
ZDHHC7,1.9345530082690452
ATL2,0.32549489782800867
ZNF408,-1.0791219375243903
LENG1,0.05939856825546966
SNTB2,-0.5150146259090932
MYBL1,-0.7075273463726036
CORO1A,-0.8403916257643725
SOD2,1.5572508211156542
PRDM4,-0.30992691270904843
PRDM5,0.20178620890901733
PTHLH,-0.9436320113247371
PDXDC1,0.2594901148800452
SLC22A1,1.1405957840508945
PDE6D,1.8838100875614696
SPOP,1.1866982858471788
GTPBP2,-0.8343977818522553
CASP6,0.1688462367031334
TSEN34,0.7082246933748094
NCAPH2,1.3430854841149813
CASP2,-0.7822121189261307
CASP9,-0.7064925707380951
PURA,-0.6850083034685236
PORCN,-0.048687954431697475
QTRT1,-0.3723337737245874
GLG1,-0.6329911699701768
LRFN5,-0.8014339918878357
RCAN1,2.061734606248379
ZNF222,-0.24714389158665256
ALOX5,-0.730944102333412
COG7,0.5343564013073099
SNAPC3,2.7376356579370515
SNAPC2,-0.6860515988376145
TIMM10B,-0.20330961933384845
SNAPC4,-1.1059261527967503
SERPINB2,0.5983103121895142
TAF13,-0.30140384054857705
KLHDC3,-0.7407160067360995
AKT1S1,-0.28099863380944795
ZBTB37,-1.0572869618237448
RASL11A,-0.9445153513494277
HIST1H2BL,-1.1126124900036412
KIF3A,0.4868403450599328
IVL,-1.082136822402371
FNBP1,-0.6454967058038302
PCDHB16,1.691064336648943
MPZL1,1.6002629161510038
HCFC1R1,-0.6055267431433229
FGF19,-0.690755669993171
CITED2,-0.009876268033747792
CGB8,-0.9191662325662195
ELL3,-0.34000288498748693
DTNA,1.1221539186573293
CNTLN,-0.6523355958049417
ZNF524,-1.2721091763376424
GTPBP1,-1.0055453616853127
DCAF11,1.8979638507697705
DCAF17,2.4530182023374913
DSCAM,0.4069861900780802
FEZF1,0.35628885700323015
FEZF2,-0.8448378912060943
SLC35E1,-0.14721651285250395
DAPK3,-0.9979566174557207
EIPR1,-0.3828600798854984
KCNJ11,-0.25034960489037544
ULK4,-0.8272343612604757
KCNJ14,-0.7686066512403602
POU4F1,-1.1628547792619042
RNLS,0.7097601189042155
PTPRJ,-0.8498793475136167
PGAP1,-0.511505902078251
ZFY,-0.8331308868372399
ANKRD23,-0.7578533903301312
MANF,-0.4918849878473246
IRAK1,-1.0513707715877552
ZFYVE21,0.6710611004052809
GATA4,-1.2821122364272728
CCND2,-1.3560497640678497
SNAP29,0.10146765942392007
ATF7IP2,-0.5095151279803861
PRR14,-1.0340006629923244
CSRP3,-0.8878733464032522
RASL10A,-0.9168949551729455
ACVR1B,-0.8240135388339139
PANK3,0.7817785748923838
PDLIM2,-0.9165417257655029
SCGN,-0.5256767851437854
RPRD2,-0.4419846666664377
TNK1,-1.300351373587104
TFAP4,-0.8142967836994838
KRT16,-0.9095378688061072
ABCB10,3.9029468081535006
PRDM1,-1.2014128125396961
HES1,-0.8265455077521167
KRT19,-0.8049631646365076
KRT18,-0.752653923738123
KLHL24,-0.4901659679584981
CAPNS1,-1.0533694952684693
TLE3,2.0065207604550146
PAG1,-0.8036993441574638
KLHL28,-0.0532030382973642
TLE4,-1.0682918351802704
TAF10,-0.8451516127929561
HIST1H2BK,-1.1717761840083378
TLR8,-0.8142538998980117
ZNF212,-1.297554797489865
RXRA,0.4666733220653278
RXRB,-0.2382972126330934
GLO1,2.262920590024211
BCLAF3,-0.37021244692477834
NTS,1.014900131191579
IGSF3,-1.313274647167231
MITF,-0.7992435639298228
MYOG,-1.1541793735232508
ZNF646,-1.17385950150972
HSD17B1,1.7817710206657469
ZNF644,-0.3875190535074263
HSD17B4,3.420016108963521
SLC37A1,0.20981643412617335
BACE1,-0.0823400558564241
KIF13A,-0.6496589823689419
ZNF467,-1.4264296157714966
ZFPM2,-1.2372108233648946
PKP3,-1.2128151030233518
EGF,-0.47702438120233964
SLC25A10,-0.11039517315826226
SLC12A4,0.8541409345119597
EXT1,-0.44298254004965204
CNOT3,-0.5979830279194337
ARID1A,1.0921331960879974
ZNF280A,-1.138422735349866
YIPF1,0.8567929334533387
CNOT4,-0.4790809184362899
TYR,0.3542238403218851
STAR,1.7728901567145454
ALG1,-0.2079463266648416
ARL4A,-0.7563469857984636
SLC11A2,0.5096793542331571
GCC1,-0.023938939809232163
SMYD4,-0.8491990050858634
IRF1,-1.4968793735566333
PCNX1,-0.5965691356127459
CD99,-0.8191033294620921
MAOB,2.2510510280327485
MAOA,3.131949751607718
SNX27,-0.4270120257098032
HDAC7,-0.6099319610023949
CASP7,-0.6599046992501051
ZBTB10,-0.21242903296986132
SNCAIP,1.277968379480901
TRAPPC12,-0.2324849968482396
CNOT9,-0.39898442889855873
ASCL2,0.27150474131958496
OMG,-0.891402482668982
KIF1A,-0.6801558769806334
KIF1B,3.078632156857731
NEU1,0.059763327615717066
SOX8,-0.9630583602980071
RPRD1B,-0.31835402371117955
SOX5,-1.1460686672018627
SERTAD3,-0.5473183124736669
BIK,-0.3908596368816622
RAD54B,0.5863711176435684
CEBPD,-0.9561301307407648
PITPNA,-0.5250485740561964
MED14,-0.31079366914140455
ABCB6,2.4008427753308226
LMAN2L,0.1539509939506711
INTS3,-0.6447703154785952
INTS2,-0.41681908527171685
INTS7,-0.1525895976795456
NOTCH4,-1.397234274192708
PPM1N,-1.447400894087272
HSF1,-0.882430314307329
CASP8AP2,-0.21665156464570687
ZNF384,-1.1178330001174128
LINGO1,-0.7727620706751955
BHLHE41,0.18667914748008557
GADD45B,-0.9545175091277344
CETP,1.0257881713607422
SLC25A28,-0.25995074906014726
MAN1A2,-0.09305593431215334
KIT,-1.3642386899513184
MYT1,-1.1246537587189953
ZNF274,-0.7179268706173136
LRTM1,-0.9310193619845406
SDHAF2,0.9055590438035228
GBP1,-0.9936670029088167
CYP19A1,-0.1054545972832222
RPAP2,-0.376866904787928
INSM1,-0.0566823451120748
STRN,-0.15470640883814196
EGLN2,-0.19965614983855526
TFDP2,-0.3389586821525655
CADPS2,-0.07224347350545963
CCDC14,2.645911080351165
APH1A,0.4700103474292889
STAT2,-1.239842229915118
CD83,-1.155625008596862
CHRNB4,-0.520160762237491
HBEGF,-0.030289451020209367
MARK1,-0.7073227941805729
FOSL2,-1.0186913129435518
CYP7A1,4.143032531997582
PWWP2A,0.656710745887656
DYRK1B,-1.1750881879373416
NEAT1,2.2262549456676424
ISOC2,0.0592306826779324
GNAT2,-0.8689851014709312
ZZEF1,-0.4670173042728355
PDE4D,-0.8181507218625992
STIM1,-0.8329981250523395
MAP4K4,-0.9135325362229091
WT1,-0.838690668192684
LIMK2,-1.0718678394773598
WASL,-0.4654948000493528
TEAD3,-1.1651081495612723
TEAD1,-0.8762225809742277
TEAD4,-1.0744113763144219
PTPN21,-1.0531334075273517
ESRRG,-0.19773966725060757
HSPB3,-0.41316088650621663
OPRK1,0.3810609738461352
ZNF710,-1.733827320010533
ZNF711,-0.6048084623179727
DHCR7,-0.269837061975088
CASP10,-1.3527792709061002
BDNF,0.21547458414114526
ZNF76,-0.500582853885795
ZNF668,-0.857563572366388
MSRB1,0.4191213349643447
RSPRY1,-0.4733054459286854
HELZ2,1.0850120109588108
GIPC1,-0.9169336137133086
ZKSCAN4,-0.706866642608183
PDGFC,-0.3315713272211363
BET1L,0.4324209379406101
TAF8,-0.39752468862607476
DDAH2,-0.5192437685670511
RTN4RL1,-0.7336665001815366
DDIAS,-0.09225661643427183
IKZF2,-1.1601165392213237
CGN,-0.6467746392465108
HMGA2,-0.44034906955646896
ID2,-1.0374115314826706
SREBF1,-0.46240049657791843
TADA3,-0.7341237950266996
ARL4D,-0.9292359555425452
FSHB,0.23146392281685024
GLI4,-1.4545603141197072
LUZP1,-0.2817579823970015
ARMC5,-0.2180437180057894
NFIC,-0.8933020447092281
NFIB,-0.9735359528634662
CD163,-1.0116221016679519
KDM8,-0.37705890841516027
NFIX,-1.1626553832986906
MCCC1,0.6916750750013722
TMEM80,2.240326154556498
ZNF830,-0.3582463228265084
FKTN,3.638576587682354
TSC1,-0.6904362998703567
PIN4,-0.0486278983946673
RCBTB2,-0.06938526233117182
SYNJ2BP,0.6117606339218754
NUDT6,2.8830887069116207
TJP2,-0.2683845946190314
ERCC8,0.4916719566361204
UVSSA,-0.5663817874447102
NSMCE4A,0.06296397555117522
DVL3,-1.0930868340279158
BDH2,1.1978492683130564
ZNF518A,0.07469432652501896
LOC107984056,-0.5496886542768415
GNPAT,11.287358430800394
DCTD,0.03789266090049884
HSPB11,0.9675464693252578
PARP3,-0.5539646048311967
POLE4,-0.4570770293110797
LIPT1,2.2566831467792823
CEP164,-0.5241814776798022
PPCDC,-0.5163478678292761
SLC38A2,1.3560417874491864
MLLT3,-0.07121483269521722
ARID3A,-0.7003666615258138
MLH3,-0.3755328688283526
LYRM1,2.8055984032118104
ABITRAM,4.665596250365588
PMS2,-0.4937704749335792
BCHE,0.49730181289054615
ABHD10,1.9163067695962608
MUTYH,-0.8809054855692506
SPHAR,3.3429605375933114
HUS1,-0.48719564635778234
POLD3,-0.5827714657380514
PDCD4,-0.2063014532031882
SETMAR,-0.3236776569689751
IFNA1,0.5374093003975366
DDX58,-0.7644285582512459
PCSK7,-1.127554618458879
PCSK4,-0.9881575457169856
METTL18,1.7273407466865953
NPRL2,-0.8696400887337009
MBTD1,-0.789880246658938
TCF19,-0.43623166100865646
ETAA1,0.10971756304929015
TMEM267,0.10995099401734598
ZNF341,-0.9900593817187341
BICD2,-0.13705035664810294
ITGAD,-1.195594561341652
GOLPH3L,0.27725423866166093
PELI1,-0.5811193597274257
LMO4,-0.5222852514386656
ABCA2,-0.5624791399609536
JRKL,0.3332371726129831
HSD17B2,1.9183614678643892
ITGB8,-0.9272895731539581
MAP3K12,-0.7014493147256553
ITLN1,-0.5854918803829173
CBR4,0.7727253787015657
FUT8,0.10872713957690985
CHI3L1,0.8527265320293217
MDM1,1.0167246781770338
WNT10A,-0.10724940917757304
MIPEP,2.217835551208835
PTAR1,0.8058641753319247
FCHSD2,-0.33146061355036593
CASD1,0.577271261177915
DPYSL2,-0.6110142102657474
IRF2,-0.9437820482906468
CIB3,-1.0331331221329714
MTO1,1.0715089733647991
BPI,-0.7327315021891809
SLC20A1,-0.42872736876430867
BCKDHA,0.5200793067748241
AGER,-1.0498850767574703
CHSY1,3.9397755688667915
MAP3K4,1.8730542710120806
PRPSAP2,0.3495738714925196
LRRC1,-0.7775333157669488
PTGS2,-0.20207916133360673
ADCY7,-0.12209430747985238
MYCBP,0.22216511849245965
MSANTD2,-0.523223828749805
UNC119B,0.5083374583950093
AFF1,-0.5337991014168821
UBXN2B,0.2957773964415489
SPANXN2,0.16434905687406504
SEC14L1,-0.6960589620557426
ADAMTS12,-1.0857146944669356
ING3,-0.4791714151738504
DBR1,1.6815048509379773
MEMO1,-0.235194372611747
LRRN3,-0.8121996231790928
NMI,-0.6078764119991219
ANKRD10,-0.7124064414802331
TSC22D2,-0.33560135916929
LRRC8B,-0.5183414721048173
GGNBP2,0.2810327789707372
PARG,0.16739812613867278
MTM1,-0.3350603927672831
SPAG1,-0.13769825722126028
HHEX,-0.9663147478250294
ULBP3,-0.7644235112634781
SAMD8,0.10226602390817134
MTFR1,0.46902198923872773
BTG1,-1.0265486627965976
GABPAP,-0.48947227547620303
ASTE1,-0.10733554114889929
AUTS2,-0.12289672959104493
RMI1,0.9935966660924859
DNASE2,-0.4476895412036042
SGCZ,0.941351135505906
BMF,-0.5081628414443625
SNRK,-0.7781020239932637
FOXN3,-0.2716446980112219
RANGRF,-0.5087849559551894
TTI2,0.25556434612477386
URM1,-0.5752357028626238
NDUFA9,0.45902546639703296
MPV17,0.8405466853620461
NCAPD3,-0.5618288062772728
CIZ1,-1.141367813736886
EMC8,0.9733466437272835
ASPM,-0.49637874374404356
TBCB,-0.5938946895389028
HMGB3,2.1172184622349577
ZFP36L2,-0.9023721268020733
CDCA4,-0.6135314102562395
COBLL1,-0.36120335758190797
TLN2,-0.7400408678590581
TMEM100,2.2145101727870196
UFD1,-0.45172801611573093
FGG,0.9669746486950335
PHLDB2,-0.42729770329166733
HSD17B10,0.002649292984390837
CBX8,-0.9830863225419973
FANCI,-0.6974433416310784
JPT2,-0.6814095498748014
ENDOG,-0.20194705314898562
AICDA,-0.9281881747336538
POLR3K,-0.7869509980543125
NSFL1C,-0.4634673677752011
DNAJC21,-0.3772490243189128
PDCL3,4.745173690046076
PRKAB1,-0.017678193003900097
GINS2,-0.5865791696853225
MARCKSL1,-0.6528258852148191
PTP4A3,0.4421587840630006
ADRB2,0.38157269419362516
PALB2,-0.42702041319376044
SOX2,-0.2991894281554145
RBMS2,-0.5948712435360533
PEX14,5.458690793235645
NLRP6,-0.5459554142366398
FAM83D,-0.4342190663975761
MTPN,-0.17794998426003067
MPPED2,-0.5976109337837486
NDUFS6,2.8738166032207415
CKAP2,-0.44091084613004544
TMEM109,-0.8444228732462171
CENPW,-0.49851185875075305
TRMT12,-0.09079975431849521
EVI5,-0.5048723247398116
COG2,2.2582731449323896
KLHL7,0.2509103850802885
TROAP,-0.6021761792482746
H2AFJ,-0.9755546584781513
NPLOC4,-0.5797964705749369
HSPA12B,-0.4910989558418727
HSPA12A,-0.4680913779789431
TBRG4,-0.3288013807516426
AIRE,-1.0728972480075079
BCAP31,1.2081592362330598
STOML2,0.17463784644686742
PSMB9,-0.7626982202579792
PSMB7,0.5891360989462142
PSMB2,-0.06780361213830291
ZC3HC1,0.04253631588695886
PLS3,-0.5498725434222348
AP5Z1,-1.005447985572142
BICD1,0.06685236517088984
PLPPR3,0.7271860089988724
NDUFB9,0.042740770684195004
DYNLL2,-0.2800544506900009
SERPINC1,0.12414580960181754
GADD45G,-0.6655616154613909
CCDC13,0.39838782647703114
ZNF648,-0.6906131555419202
KIF5C,0.09094002693419974
GABRG3,-0.7023184419675765
GABRG1,-0.2184017526948955
CCDC113,0.05153697002955427
ZNF124,-0.6636616802602784
GPRASP2,-0.2876203017491452
GABRA6,-0.452725169355576
CPA1,1.3910969585854416
ING5,-0.7601626852902814
C7orf25,-0.5448047436955017
DNAH7,-1.0630351159904592
DNAH5,-0.34382055027282854
DNAH8,-0.3385167670447181
GABRP,-0.6230210523416819
MSGN1,-1.1964101024783855
GABRE,-0.6065302531651969
CNRIP1,0.08039026185187777
DEFB1,-0.23593189454727012
AHI1,1.993265274854542
TRPC3,0.8652898920522728
GABRA4,-0.5803085671864154
GABRA3,-0.8833896046762804
GABRA2,0.04521182459647183
DYNC2H1,-0.06108820536032421
GABRG2,-0.4569642846247153
PDCD7,-0.38401995546292
PFDN1,0.05948217875703672
DNAH3,-0.8736337299540002
COL9A2,-1.3577412630677332
CEP126,-0.16784345158324565
NEUROD1,-0.7967324585602628
NTN1,-1.2000511915441123
ZMAT2,2.538829104650882
GABRQ,-0.8537289841286171
C1orf216,-0.626161902470682
NTF3,-0.7719087967851828
TAF6L,-1.033040498782833
NAP1L5,0.21777875570505717
TGFA,0.7712887118388462
DNAI2,-0.528580689609443
DNAL4,-0.17287444292558088
RHPN1,2.534685994660003
LZTS1,-0.5294860441167651
MMP7,-0.801477071854517
PPP1R18,-1.1010509356094642
ZIC3,-1.1518699065761349
FOXK2,-0.8886733200706265
DNAAF3,0.02598574268628824
SORL1,-0.9492930211189855
PP2D1,-0.8467554689694874
NCALD,-0.6148847379463366
CCZ1B,-0.6424357552011237
SPHK1,-0.9020587448593683
GFI1,-1.2109574860539405
ACTRT2,-0.9430404122631258
HOXA2,-0.9790403731359776
MON1A,-0.7422877218328287
RMC1,0.06089156885355743
HIF3A,-1.0459737553440813
JPH1,-0.4857999510149557
VRTN,-0.999366134223997
PCDH11Y,-0.797439435876537
LRRTM2,-1.009989013676371
PPP2R2B,-1.0307235480587609
ENC1,-0.730310731577947
ZNF770,0.19005162962153627
RASL10B,1.6435518684139339
RIT2,-0.42266466149753723
KSR1,-1.1234059458816115
KCNQ2,-1.0113073500851473
RPS6KA6,-1.0634879600786584
DNAJC4,-0.9181281252147027
TMEM74B,-0.32464856025482725
ZSWIM1,-0.70469623955076
TCEA2,-0.3777431104518399
ETV3,-1.0178549673007102
ZMYM3,-0.5981999829870006
PDE1B,-0.9764441778910857
OR3A3,-1.1948241783352156
LRRC7,-1.0586418782257052
SCN8A,0.6316503091357222
AP3B2,-0.8821470844701103
ROS1,-0.004435287657158204
WNT10B,-0.6295571631585422
CDH4,-1.0289069778464015
GDAP1L1,2.472129494869765
PRRG3,-0.9532766154778622
PKDREJ,-0.8395449950392737
BMX,-0.8481661921599847
DPYSL4,-0.7875255476057011
TEK,-1.299558093886204
PPP1R14D,0.5036145498811457
SARDH,0.8710577174516311
OR1D2,-0.9053919948994253
NEURL1,-1.022873176392344
FANCC,-1.0307394628743791
TGFBR3,-0.956315014021173
RIT1,1.1682701863821074
MERTK,-0.9601052950630858
TM6SF2,-0.9454770431410155
NPAP1,-0.7458633272691862
OR10H2,-0.7737108542740032
SLC22A13,-0.7341328138053848
AGRN,-1.3482028999158406
ZMAT4,-0.7028186608371227
CNIH2,0.18928397325833843
CHRM2,0.2916421398574684
CPLX2,-0.28147466281917255
TLX1,-1.1490563142359838
KRT38,-0.9892538796468365
OR10C1,-0.7444517862749086
MAP3K9,-1.0496970667575793
SFTPB,-0.9656921849442494
STYK1,-0.8561019878197393
DCC,-1.1334312425034392
HRH3,0.5265032439371717
HOXD9,-0.9534403538239865
BRD3,-1.2711494933769758
LRTM2,-1.5912017381576262
ARHGEF4,-0.984236919710806
ACTL8,-0.11957966342858918
SEPT3,0.49246606874471865
TNRC18,-0.8864608135792891
TSHZ2,-0.8779915656093147
ST8SIA2,-0.9115285211604767
ATP6V1G2,0.061328863365482954
MAGEC3,-0.8470844503939121
DNAAF2,0.7782110976178702
CBLN1,-1.2863624552249917
EPB41L5,-0.3662647103754773
CCDC33,1.131515114611744
KCNH3,-0.4461302968908809
OR1F1,-0.8155085090942756
HLA-DOA,-1.244725555140839
HLCS,0.09699216119748696
CDH18,-0.9968128362407422
NCKIPSD,0.3100424844710405
MINK1,-1.1288769632777758
PRICKLE3,-0.07663595858335914
NAP1L2,-0.47436710660168685
RGS7,0.12145460819040928
KCNS1,-1.034978617533263
CNMD,-1.0502010536898612
CYP2A7,0.035351531023102595
FXYD7,-0.6250652239776697
TTC7A,-0.7028965985464553
NDST3,-0.6356400696903219
SCAMP5,0.09223384306799641
BRINP1,-0.40512786687749935
CALN1,-0.4161375376665661
KCTD17,-0.7685800208813158
ZKSCAN3,-1.1616608372732085
EXD3,-1.1837493016349818
DCLK1,-0.7071840668011651
OAS3,-0.8450329817176172
BTBD17,-0.39072510308018626
BEX1,0.2649510749008182
CPA2,-0.785550728792392
LZTS3,0.06775133638481684
PLPPR1,-0.5497186042177937
WFDC8,-1.106294314973953
KIF3C,-0.2721220574568585
OR7C2,-0.9009463392035144
HECW1,-0.9907018604690023
CLDN10,-0.6876094460216926
CNKSR2,-0.7396015580424613
UNC13A,0.1881528614776729
KCNB2,-0.7307735739248046
KHDRBS2,-0.6549653567895478
ATCAY,0.7557161038038201
ZNF483,-1.244784405819558
IFNA5,-0.7631956067044108
NNAT,-0.8451543934154262
OCLM,-0.762659882298448
MEPE,-1.0312848420349916
FAM155B,-0.6959902971104716
DGKB,0.46392222470494626
BEX2,0.7809966857837437
SHOX,-1.1873849136655064
GPC4,-0.6977367289872756
MYNN,-0.17771923185591834
KLHDC8A,6.276079702604516
CCDC189,0.6763136871966587
SCGB1D2,-0.13756008401372738
SPPL3,-0.6386162075463651
SLC2A12,0.9596501998615231
SLC18A1,-0.6621208757301281
HM13,0.12222471201753227
TPRA1,-0.3842003523886323
SLC6A15,-0.09324521306014714
SLC39A8,0.8536541515845273
SPPL2C,-0.419845123155839
SLC15A1,-0.2938413580155826
CHRND,-0.8667777721020054
YIPF3,-0.5105322541526631
SPPL2B,-0.27930725468710527
GOLIM4,4.848139537478023
SSPN,-0.18327032978728233
RAET1E,0.16419622762599137
MRAP2,0.6087194354121723
FCHO2,4.645521227051986
PARD6B,1.3891082710128415
RAB5C,3.7995806662385445
COG3,0.2735869650193321
EXTL2,1.386011986748797
COG6,-0.00048161874347339023
COG4,0.09254457084531573
NFAT5,-0.24121267427489523
ROBO1,1.4754694511461761
PPFIBP1,0.0690708183166432
AP4S1,0.6898228057197229
HAUS7,0.1266926540503942
SURF4,-0.08202562829795762
EME1,-0.3939134535480973
GOSR2,0.1820305344771688
SLC39A4,2.3727228959893973
DSG2,-0.013882312709468835
YKT6,1.209748730000542
GOLM1,0.7242434167634934
POMK,0.23370652048866716
TACC1,-0.18104580531845788
UST,0.37789034470019706
TRDN,0.7911538791904981
C5orf24,5.887146493536552
KCNS3,-0.032694296535270305
FCGRT,-0.5550569158523492
COG1,0.3733910509995571
ACBD5,14.541523451527542
AP4E1,0.05851261179573979
BATF3,2.080076946843185
PON2,2.879763102160933
FUT1,-0.6322414758046698
OPA3,0.7786063879933363
PHYHIPL,1.4340201498456162
TNFRSF17,-0.8339821763170139
PCDHGB1,-0.22175324574106586
PCDHGB4,-0.4418746701984719
HSD17B6,2.01572014155573
HAO1,0.8995143216888255
TIMM23,1.9496856117921466
VPS8,0.779216066819694
NAPG,3.319368323252769
METTL14,-0.14111899473249992
ARHGAP17,-0.4554342180470215
MX1,-1.046855976568104
MED11,-0.3389330825568081
DYNC2LI1,2.4577953103633092
SENP5,-0.02692423842037358
EPS15L1,-0.423242728140298
OTUD3,-0.3447842713628837
MX2,-1.0962499862952206
IFT88,-0.007172262858913611
NCLN,-0.7249143066308605
SUPV3L1,-0.236453659823679
TBCCD1,0.21972814850268346
RINT1,0.6126023417324559
YEATS4,-0.3789004681715781
FAM122B,0.03242078484225268
MED8,0.2567536298882408
HCCS,1.41530130678385
MLLT11,2.8846608168414294
TBC1D31,1.802185680310912
COX15,0.43747079715405324
FASTKD1,1.530263377136504
TRIT1,-0.13152069882878262
RABL3,0.26379630031227413
MED10,-0.6652166945036031
SCN2B,-0.11142887983869464
NR4A2,-0.6905663149486183
MFF,2.315212470519224
MED18,-0.4081722265727765
INPP5F,-0.048607219914916476
INSYN2A,0.10587602786742346
TTC19,-0.012312542012205338
ZBTB24,2.1080187868581675
MED29,-0.5487024062481927
MED20,-0.38273325974853356
MED9,-0.6814710011706016
MED27,-0.7321021264131597
TIMM8A,-0.16755205354641273
FAM174A,0.5963365276516861
MARK4,-0.9600733940626459
ATL1,4.498040159716057
ACTR3B,1.1510410559393143
GTPBP6,-0.7699902093683743
GTPBP8,2.0657569208952133
COQ9,0.5206423163883298
ACYP1,1.6115139878957108
TMA16,0.017196165812890813
NIT2,1.8453310800577811
MED30,-0.16935617529386707
MED31,-0.4831084539699617
EHD4,2.30493319051849
EHD3,5.8067937036217
SACS,1.0354570226004163
PEX11B,5.465190095598947
KCTD9,1.2000750752465705
VPS13A,-0.1745757185122784
TXNDC16,0.38264198543865013
MIEF1,1.9393049264991673
LOC100996763,0.7084324589998253
LIN7A,-0.391454122344754
ADCK5,-0.058602249309891656
MYPOP,-0.13455049708817104
KRTAP9-4,-0.8960309430271083
KRTAP26-1,-0.7152185567227365
RPS19BP1,-0.1642547061482584
FAM124B,3.7341108009362496
SEMA4C,-0.7735313701601199
LMNTD2,-0.36546793870809985
LYVE1,-0.7837222519192818
SMOC1,-0.7963039772019798
DGCR6,-0.07559145518836005
XCL2,1.0348436070257734
CXCL16,0.762736265357713
AQP1,1.197939667313378
CNNM3,-0.9456421561827156
KRTAP3-1,2.0549389591165563
STAC,-0.17073895944230327
TNIP3,-0.25978126343182656
INO80B-WBP1,-0.8688934469629136
NMU,0.5649257197001636
TSPAN4,-0.969639309111933
TNS2,-0.9488936432377916
KLK8,-0.8557675909673588
CXCL5,0.36988692374858284
GLRX3,-0.4071300956412011
CARHSP1,-0.8042599578749311
ZNF446,-1.1201446960536576
CRY2,-0.5578835228586833
C19orf57,-1.1086413155788373
KRTAP13-3,-0.610692888003353
KRTAP10-8,-0.8188608897808832
LCE3D,-0.7846521904136854
LCE2D,-0.8946982297181019
KRTAP10-1,-0.8422883620847732
SPINK2,-0.9164931824594996
MAP11,-0.9399540433032932
DHRS1,1.093689050513202
CRACR2A,-0.713427642307474
DGKQ,-0.7601679874068046
FAM221A,-0.038301685758888024
TMEM150A,2.081115100862934
DMRT3,-0.9595656790904615
PCED1A,-1.3580581507487723
RASD1,1.9054837110266014
PCED1B,-0.4344584529278342
DOCK2,-1.3745078444635164
LRFN4,-0.9524929587930342
FZD10,0.752825188735202
HSBP1,1.7903451847892204
LCE1D,-0.901798823544464
LCE1E,-0.6864022327909403
LCE1B,-0.6819214107140442
SELENOM,-0.45389472321469576
ATG9A,-1.0955469831116613
KRTAP9-2,1.7829748305322564
KRTAP9-3,-0.7922463239919156
KRTAP4-5,-0.7904135394569124
KRTAP4-4,-0.5583680815329425
FAM71C,-0.9511173183665567
CHRD,-1.0915058563851339
CDK5R1,-0.7376657186277821
ALDH16A1,0.44173919992048233
CLDN2,-0.811444672085023
LOC100996750,-0.5987067410750799
NPPB,0.9921001003754516
CCER1,-1.030433688666225
HOXB9,-0.9278276113966111
GFOD1,-0.060727070639753224
MFSD13A,-0.35181213700936803
KRTAP4-11,-0.263857196275112
KRTAP10-11,-0.7147128917097011
KRTAP10-10,-0.4952982346934285
PID1,0.16824697703393235
KLHL38,-0.7848607225766823
F10,0.6588467875897712
TRIM42,-0.22352472504142545
CRCT1,-0.9614949470531251
ZDHHC1,-0.45821047494397654
TNK2,-1.4340882967341064
TCAF1,0.0016518591491959489
TNP2,-1.091777954111751
KRTAP12-4,-1.0585227629295901
TMEFF2,-0.6800660707340823
ADAMTSL5,-0.36914161510212484
KRTAP10-9,-0.674451345465323
NPBWR2,0.9418467966065117
LCE3E,-0.5795025428573288
PLPP2,0.17596000382775237
PRR35,-0.9986443797605808
FARS2,-0.14419421997372756
NPDC1,-0.8099804181774177
CTSZ,1.3968716885301695
LCE3A,-0.5077452516630728
RECK,-0.8846351041823425
LCE2B,-0.8040821423816946
OLFM2,-0.36029169089362173
FTHL17,-0.4513437719003699
OTX1,-1.0036276761644938
ZNF837,-0.5674368530248052
CHDH,0.45922359388275585
CLEC18A,-0.45065929220913004
MXD3,-0.5412606056873173
KRTAP4-12,-0.7213283188666846
KRTAP5-5,-0.8148074804681869
PVR,2.1352766580558358
SLC22A23,-0.6688905504446129
POMGNT2,0.36709976993746674
KRT83,0.05039415849555169
CST9L,-0.898631460174809
LCE3C,-0.8431890254997547
NECTIN3,-0.6592914327071574
WDR25,0.7975543966896946
CST2,-0.5890414629900733
CELF5,-0.45056519138422935
KRTAP12-1,-0.8849147783367156
KRTAP5-11,-0.7856286143691308
LONRF3,-0.3854910122701893
KRTAP5-7,-0.6295013463241205
KRTAP2-3,-0.7599551442875307
FAM71E2,-0.7357215766866415
C11orf87,-0.5610928260545384
LCE2C,-0.7898454365679022
TRPV6,2.156973891148884
ASPSCR1,-0.5021471067892581
KRTAP9-8,-0.5416263041456458
PDE9A,-0.5261782374382853
SLC23A2,0.2616776265975379
NTM,0.09202133697142234
KRTAP4-2,-0.6606894604004422
HOXA1,-0.9911827494764703
MELTF,2.083697688130955
NEU2,0.19917698670783435
KRTAP5-4,-0.6830595722509814
GNMT,2.5118115171826463
LOC102724770,0.27024494915695846
SPATA24,-0.5037437996482794
CA6,-0.6076537082865985
GNE,2.0623618397633448
PLEKHN1,-0.8187482095858158
P2RX7,-1.0847165861565826
FAM90A1,-0.8299643947562526
PRPS2,0.8021177833434486
TYMSOS,-0.2246087187314473
TMEM41A,1.0574954931280929
KCTD15,-0.40384296522819646
LCE5A,-0.6842234084110196
CATSPER1,-0.8133751506878167
THEMIS2,-1.2079230776465746
HBA1,-0.6300399146377701
KCNS2,-1.097138858549775
FA2H,0.0427525803352239
TTPA,-0.2090894656849829
C19orf66,-1.0178897621151075
TNFAIP8L2-SCNM1,3.044400351929456
KRTAP13-4,-0.8134564988759362
PIGS,0.15226055958352158
ICAM4,-0.7607618036867725
RAMP3,-0.8913615620537133
KRTAP13-2,-0.6078258491310148
TMEM231,-0.5222319236367886
CTSG,0.7192245639807636
P2RY6,1.252707639324774
BCL6B,-1.4183218541584683
NMUR2,0.9365878039650679
SLC6A20,-0.053023068164918474
C5orf60,-0.2886170430306797
THAP7,-1.0954083188270893
KRTAP12-3,1.7890157928289894
RGL2,-0.7577006001761849
CERK,-0.4030503601061625
SPATS1,-0.4877891549871435
CHRNG,-1.131627568328373
TBC1D10C,-1.3497990755377327
PCOTH,0.5182829837362921
RERGL,-0.9473168165035923
ARHGEF16,-1.1043656738728942
ALS2CL,-1.2505715029267008
LMTK2,-0.42085688011812167
DIRAS1,-0.32707758220569627
DIRAS3,-0.49053731450721105
MAU2,-0.7024300634828949
CCDC57,-0.6122883714281911
HOXB1,-1.281058970114061
ZFP36L1,-0.9266205607218917
ARL5C,-0.2749641222865111
MYH13,-0.6364933247309087
TSC2,-0.9288290604796494
NAT8,0.4942048785073854
SH2B1,-0.9205418483122138
PQLC2,-1.012834458651298
BPIFA1,-1.087294377317653
ABCA3,-0.19610364553810702
NPC1L1,-0.37210251504266584
ARL10,-0.4086577465555968
C1orf61,0.6047812665482549
BICDL1,-0.4517079588092291
GJB3,-1.2770440795838265
RDH5,0.375207298522192
DEFA6,-0.989728822960842
SLC25A23,-0.854602413403545
NMUR1,0.5974594370755425
RAB23,0.11353014337332287
RAB25,-0.7256769959361783
RAB26,0.44202053477056175
LMAN1L,-0.4715457185907885
ASB3,-0.03509166390308171
GNG13,0.36458640392076536
ARRDC1,0.5491587489799844
RFX2,-0.7138840933593837
YIPF2,-0.48536818284226907
WNT7B,-0.25697783537563684
MASP1,0.5868337138288974
MRTFA,-0.9568614631048888
PHKG1,0.5634624568487925
MRAS,-0.8314086240621185
GJA3,-1.1699194682196088
ITIH1,0.60708327871096
DIRAS2,-0.1087626977845967
CRYBG2,0.0911858139869573
RAB19,-0.2254262637613123
WDR24,0.5426993250198615
RAB17,-0.2902547843989711
TRIM66,-0.6425937375012284
CNNM2,-0.5290305023857074
LPAR2,0.6102762341272564
RCE1,-1.059203317050792
AGRP,-0.7454304576142012
MEGF6,-0.9938560862485292
RERG,-0.8738105382664257
ARHGAP35,-1.140395351986742
EML2,-0.942697883535846
PARD6A,-0.9508375610439307
BICDL2,0.7288191045641392
RFNG,-1.0803933690468623
SMPDL3B,-0.9062510158772684
INPP5J,-0.7917215455229649
LZTR1,-1.1196652082271275
C16orf70,-0.7001191127698492
CC2D1A,-0.6057764777931454
ARHGAP1,-0.9248854920286912
MAML3,-1.0328329147682869
AC099811.2,-0.06954826128536354
SULT2B1,-0.7712062958217408
FAAP100,-1.0778600655396058
POFUT2,-1.0799767892353487
LY6D,-0.9842016693363523
GPR68,0.7958239301235033
RAB9B,2.4230364193410345
WNT6,-0.0038966547414579803
ZMYND10,-1.0773139272492587
SPATA2L,-0.7659798414006599
FXYD3,-1.0933188130123261
MAFK,-0.0856040271020245
S100A11P1,-1.096982151890664
CHML,-0.058819317717102096
SPAG11A,-0.7122269225010529
GRTP1,-0.7209314602806844
RASD2,-0.6791226222477578
NEUROG2,-1.0427161323505105
RASL11B,-0.8820479230512178
ZNF821,-1.347416064096638
WFDC2,-1.0770672869766802
IVD,1.177415180081193
TBC1D2,-1.2212687226502164
CTRB2,0.5956339309331511
WDR90,4.028375627634416
RAB39A,-0.08035543842769104
TFF2,-0.7145954567855698
RAB36,-0.5601690706874872
RAB32,-0.5087038274440774
RAB30,-0.2936164097917847
RAB38,0.24566089703755972
ZFPL1,4.176576607423968
ATP9A,-0.20302618125864386
GPM6B,-0.39754997819753135
MYRF,-0.4439468654391844
TSPAN6,3.9473464768493267
RAB27B,0.07674392383770447
KIAA0930,-0.7415322014896502
GPRC5B,0.08656119761485868
WFDC1,-0.24812570065262105
DDR1,-0.9628103066286059
GPD1L,3.138903100231972
TRIM2,-0.04666321826716635
DGCR2,-0.862317940970895
SEC14L5,-0.7582511892617928
DNER,5.572621916913391
EPB41L1,-0.7108132358880492
QDPR,0.5980127443902593
RAB33A,-0.4854139218206308
TBCD,-0.7169800236935939
COBL,-0.3478814242435266
RAB37,-0.09744248796996445
BAIAP2,-0.9324583786035682
RAB4B-EGLN2,0.5205731185904965
F3,1.468185422773538
PRG2,-0.8513430840677213
FN3KRP,0.06307543582753676
CLMN,-0.7368964815172173
LYRM7,0.1107873134863453
IQCC,-0.9430010654771686
SEC31B,-0.22860656302607046
EXOC3L4,0.33831865143596174
VSX1,-1.1639391569069402
TBC1D30,-0.6936458331968115
INPP5B,1.461354532939155
PIP5K1B,-0.9701980701975401
ALDH1A1,3.5278781880983625
KRTAP21-2,-0.9991674138246143
KRTAP20-2,-0.9991674138246143
KRTAP20-3,-1.0067801187407595
KRTAP20-1,-0.9991674138246143
KRTAP22-1,-0.9991674138246143
KRTAP19-2,-0.8081218455339673
KRTAP19-3,-1.1866348836677563
KRTAP19-1,-0.8680560082254261
KRTAP19-6,-0.9283771069172109
KRTAP19-7,-0.9460715465626103
KRTAP19-4,-1.1094081434996166
KRTAP19-5,-1.1032588784907797
KRTAP19-8,-1.0067801187407595
KRTAP8-1,-1.257974003469021
FAM162B,-1.0067604026710388
BMP5,-0.7536737031117317
HIGD1B,-0.06944231756847634
COX4I2,-0.06008496897163146
CLEC1A,-0.8947068749538011
CALHM4,-0.6032856369611876
TRAPPC2L,-0.3275653075405533
P4HA3,-0.4446508869213289
MFAP2,-1.1464041403043603
COL4A4,-0.8797279258282732
SPINT4,-1.1362648282933314
DSC2,-0.7872797543946519
INHBA,0.24783346136714454
RCN3,-1.1220870472009552
NAPSA,-0.5596753829286767
COL19A1,-1.2656220092476709
SEC24D,-0.1495869168350114
COL4A3,-1.0022457314749231
COL23A1,-1.027592009033894
TRAPPC9,-0.4547058999856481
HOXD10,-0.883425287773994
PLEKHG3,-0.6875854392569447
CNN1,-1.026301015810736
TRAPPC1,-0.45979095789912516
TRAPPC3,-0.04630405869999064
TRAPPC2,-0.15817168691002453
TRAPPC4,-0.04239040544841246
ANGPTL4,1.251723086435909
TMEM132A,0.17244386541522508
ITGA8,-0.7600851705763693
ITGA9,-1.3343222939665875
FBXL2,-0.05312686278194246
MMP10,-0.6159353412230734
ITGA3,-1.3861878575778468
ITGA6,-0.6905199871725916
ITGA7,-0.8982269508832252
SLC26A6,-0.7869647662387709
ITGA10,-1.2879918020259753
ITGA11,-1.2096894589980958
LAMB3,-1.180303361129789
SLC9A5,-0.5819762771463024
A4GALT,-0.255371703105486
TRO,1.9694928191094585
PLCH2,-0.8658604481874671
COL27A1,-1.1401451867267314
ITPKC,-1.090090200010892
COL10A1,-1.2088316769421656
PRSS53,-0.894782826341807
AREG,-0.5445505006663577
PTGES,-0.3522313764305176
SPINT1,-0.9617165993234307
MIA3,0.2941288544264524
CFAP73,-0.2864585715387864
LAMC2,-1.1516683855301915
CEP170B,-0.968196436315742
COL4A6,-1.240887643756927
COL22A1,-1.1110241518433206
FLNB,-0.96693486322841
MIA2,0.538113379635388
SMOX,0.08891936543890372
COL24A1,-1.0294231091623955
COLGALT1,-1.1322483778224737
KRT4,-0.9592811001039887
PAPLN,-0.8441448240489526
SHKBP1,-1.0136458033105613
CNKSR1,-1.1431669633802821
P3H3,-0.08079551028070932
FAM160B2,-1.1727229947565985
COL25A1,-0.996142104046032
P3H1,-0.8546517313922488
COL9A3,-1.2181341556234788
COL9A1,-1.2169412627068463
F5,0.8633513080903571
MICALL1,-1.1864935871199915
PKD1,-1.312356042100341
COLGALT2,-0.6865690139009922
TRAPPC6B,0.19840053548197015
COL21A1,-1.025101403814968
NPFF,1.5691649527397054
SEC22A,-0.05914463149677242
UTS2,1.368049851791129
SEC16B,0.5065010878353177
TSPAN9,-0.8396305121476286
PLOD1,-0.9611762825435802
GAS6,-0.6223747017026346
COL28A1,-1.0926890743530515
ITGB3,-1.106975532965184
ITGB7,-1.4771860743617318
ITGB6,-1.1385456372723897
CNIH3,0.0907976413741588
F8,3.40211111360471
CELSR3,-0.7357929957549432
CPT1B,3.3551598679381702
CHPF,-0.8872627565464682
FXR2,0.4654981178634652
COL6A5,-1.0416587186838075
COL20A1,-0.9518841262433431
COL6A6,-1.0294470044525228
CLRN1,0.1161419886477276
MDP1,0.23787799100802165
DMAC2L,0.6968457548471518
TMEM256,0.17818096617847476
SMIM19,3.43672734378236
POLG2,0.5098779150268368
FMC1,0.5289110195041836
TMEM14C,0.4759052049632261
HDDC3,-0.05276559640784692
SELENOH,-0.2859369504218423
THYN1,1.7699693188412429
NTPCR,-0.10722065692753228
SYT17,-0.7132813601361682
MRPL43,-0.4893429359585805
NDUFB10,-0.12434192375504541
DNAJC19,0.24555343575461677
AP1M1,-0.7944142809298509
DIAPH3,-0.16487090253340417
CEP85,-0.08063265269881938
TICRR,-0.3335672491525223
WDR34,-0.25782552573755213
EMC9,-0.24296893336658834
DONSON,1.4262798300910482
RAD51AP1,1.3944637664374075
PSMD9,-0.7131034004707494
PHETA2,0.6388364115197072
AP1S1,-0.4835849763028051
SKA3,-0.4355945441100328
N4BP3,-0.6480381300902421
HEATR6,3.2667880848939443
MND1,-0.45884643738902015
E2F8,-0.33282487008142414
PPP2R3B,-0.7330545456298092
PPP2R3A,-0.8142528462252198
TUBA3D,-0.7182532670833301
RPRM,0.1372208860192188
DFFA,-0.027726153359384702
XPNPEP3,-0.2994454776370744
SNX9,0.10716823451030215
C6orf141,-0.6847993736765234
TUBD1,1.5969600011066822
SAPCD2,-0.6316624182642738
TCF7,-0.8642213741678253
C9orf40,-0.021716491817460097
NEIL3,-0.4257022542415021
PSMB11,-0.45618156697019246
WASHC2A,0.28076085064681233
SIPA1,-1.4023987321915705
HASPIN,-0.47088109392635047
SFXN1,-0.23362916864025557
CKAP2L,-0.36045263590210613
MAD2L2,-0.5996938370062848
SYNRG,0.4592925541436863
GNB1L,2.624748823425401
ASF1B,-0.8679425816556176
LCA5,-0.3057039086356538
CNTRL,-0.7250412343188978
CAV3,-0.9762007177861061
POC1A,1.8442562933278042
CCDC77,-0.044819174961158524
PSRC1,-0.32140799552311017
PKP2,-0.7939708869070683
CRTC3,-1.0046891049978615
CRTC2,-1.036675618451717
MIIP,-0.7891792325630862
DNAJB11,-0.38601838845595887
SPICE1,1.8788303232905337
KIAA0753,1.1082134008172784
C17orf53,-0.5414639144645264
XAGE3,-0.9605387918532415
NAA10,-0.7979265804699228
ARNTL2,2.8711025246656066
MYO19,-0.031747237012147114
GPSM2,1.1531142126779497
DCAF16,0.8488895775387622
ZMYND19,-0.2482479113132517
ARHGEF39,-0.5446137852992234
BORA,0.9839015432565441
SMOC2,-0.9963031101745323
KPTN,0.13804954860056334
AUNIP,-0.4861073248856199
CLTB,-0.7219939371673842
TRABD,-1.0124150199344049
LZTS2,0.8722450035704109
CARD10,-1.1999644685289903
MTFR2,-0.35424452629116276
DNMBP,-0.5271398400184016
ESS2,-0.6593665206392245
REPS1,-0.1902555709788927
ARHGAP11A,-0.36662628537066644
FAM83H,-0.11760081781399277
FAM83B,0.202479691318459
ACAD11,1.9549072128471057
RMI2,-0.571842648881986
SH3KBP1,-0.672272425767441
CLTCL1,-0.17127768223593928
PIF1,-0.4231672115334015
FAM183A,2.5857184370947053
C9orf24,-0.03278145645401662
C11orf88,1.3310820040493543
WDR38,3.8476937517296275
ARFRP1,-0.24277161672959993
NPEPL1,-0.13899141740922258
TGOLN2,0.0654598983179467
SYS1,0.08429608162748688
TUT1,-0.9807766513784937
ENTPD6,-0.2907358681907422
PTGES2,-0.18887741591260984
STARD3,-0.6273651519136844
HGH1,-0.9084494385221691
ARL5B,0.48915906116701274
CCDC134,-0.8875995815552016
VPS53,-0.2776583894375016
VPS52,-0.16181162323258502
JMJD8,-0.5280898307818174
DUSP7,-1.1171346844905783
NAA30,0.22610584341323128
PEX16,0.4831513462909572
CPTP,-0.7157664651533197
VTI1A,0.28790213535826625
GPR132,1.065574637141316
OVCH1,-0.27018591752803417
TMPRSS7,-0.27018591752804
FLG2,-0.1674497849075342
SERPINA12,1.7480516828041912
KRT77,-0.685190734614697
IQCB1,-0.5757747014993991
CDSN,-0.9089982682085215
ASPRV1,-0.09111923006539652
ACER1,-0.410929747917366
DCD,-0.5382699611035701
LY6G6C,-0.8264890947494563
RPTN,-0.9731960553200089
S100A7,-0.846586206828938
S100A6,-0.7029460934238648
ALOX12B,-0.7761512945120014
S100A3,-1.2237162101078847
SERPINB12,1.9880882470028898
ALOXE3,-0.7220534152485835
DSP,-0.6178912995157388
DMKN,-0.6671361343022919
LELP1,-1.0299166046796997
KLK6,-0.8941900296701571
WFDC5,-0.5948921077594166
SERPINB7,1.0565356867473483
AADACL2,-0.027808412521745807
CABP7,-0.88505141322358
S100A1,-0.27309879535914316
S100A7A,-1.1215780226677807
BPIFC,-0.3664779514827771
KRT10,-0.540114426415059
POU2F3,-0.5316271434625066
POLR2M,-0.2894301585192997
MTNR1B,0.15796179591791965
ZNF326,-0.45990856933973867
MAP3K20,-0.5157595053585854
WIPI1,0.39060310269581366
LACTB,-0.11821303950876204
IFNGR2,-0.8385065613429485
CYSTM1,0.16071209143258366
RNF128,0.2812700888393761
RNF150,0.6496917320148368
NUS1,0.46762722302930965
ERO1A,1.7955421599393653
SELENOS,-0.07596978562020373
RRAGC,-0.2298904976000284
C14orf178,-0.8285263874824951
FXYD6,0.5822013063443576
TLCD1,-0.31601729962733616
BRI3BP,-0.23426080734696036
NDUFB8,0.4199468106003612
ERGIC3,-0.3059406171456031
SLC30A6,0.006953335251575922
UPK1A,-0.7646446937650917
METTL7A,0.7380883497639529
ENTPD7,0.4309554182721819
EXTL3,-0.5086386130825711
PLD6,0.32862448171313124
SPINK4,-0.7104155512445844
MAVS,-0.23225217139613002
SLC19A2,0.09402913588727997
SLC39A1,-0.11473804854473463
SLC35B2,-0.22838041337840298
CD300E,-0.7939759294340153
ACP2,-0.15726080341087534
NRN1,-0.061648111983582554
PIGW,0.7820264019410554
GPRC5C,0.0613911661624148
TMED4,-0.23121509446842844
SLC8A3,-0.6176494102943649
CADM1,-0.7658305952398342
CCNYL1,-0.21350910554709132
ALG10,-0.05006174833434699
FAM187B,-1.0729907251450355
FAM20B,3.165377329873225
FITM2,0.32872064317208993
HTR3C,-0.06673241807425062
TMEM8A,-0.7125164540632876
LPAR1,0.13854975399496133
MOXD1,-0.9517829571023848
MT-CO1,0.04453263156723742
ABCB8,-0.17039737675377833
ATP1B4,-0.9032752772123372
PIGU,-0.9606162791769343
CASC4,0.16304024889029314
RMND1,0.7180583763691507
SLC35F2,-0.19140308858825877
ENDOD1,0.45451811290774846
URB1,-0.5506322434966132
NOL10,-0.6426534076674477
TBL2,3.791967942084363
IBA57,-0.12896677146478652
REXO4,-0.8212392693925136
SLC30A4,-0.14525922762016824
HEATR3,-0.34943546169012474
POLR1E,-1.0502152440031125
CHST8,-0.8427536788073196
GAMT,-0.5176440858823977
TYW1,-0.3814216921482625
RRP36,-0.5395793364678678
POLR1D,0.412898713573621
WDR6,1.3732532585251553
CTU1,-0.46558887732042553
ENDOV,1.6749672006890244
UHRF1BP1,-0.17162719850087663
AVPR1A,0.4515018549874251
KLK10,-1.055225679018069
TGM2,-0.8875062018391501
L1CAM,-0.6218624631101758
IGKC,-1.0257218817930012
RELN,-0.9302755200050878
SOD3,0.18779037869701729
GYPB,-0.6829927392652136
SERPINB4,-0.7382928713900477
ADAM8,-1.1506763719672222
CSF2RA,-1.0953464867025156
GPLD1,-0.5486136961649196
HABP2,0.05596563164458508
SPRR1B,-1.2125114200652742
IBSP,-1.0562585439630146
FAM189A2,-0.7614025144109458
CPA4,0.6126362829820041
THBS3,-0.9276831841854739
UNC5C,-0.8242864285061605
BMP10,-1.0496226887688012
VEGFD,-0.8248599065073603
PCYOX1L,0.35233867443571704
MRLN,-0.08218049365364882
BCAR1,-0.5972762333923447
SLURP1,-0.684488515214073
ACAN,-1.0502580698795911
KRT2,-1.0905610240184234
CTNND2,-0.5645289640410405
TEC,-1.1003324401771768
AC068234.1,-1.1406196182226112
TMEM204,-1.0031613159844874
PARVG,-1.5899268076632946
DEPP1,-0.9873210138725481
KCNB1,-0.8089479781309074
CP,0.5071609684940194
ITFG2,-0.640457872122477
SEMA3F,-0.8231174935018477
GJC2,-0.9584871410288804
ID1,-0.9586511343276641
IGLL5,-0.809999774850956
ADAM15,-1.2239633613089067
F13A1,-0.8521207713678374
ALDH1A3,-0.0580524457886998
WASF3,-0.5273468330938187
DEFA4,-0.9521585724722097
ATP10B,-0.958339276847356
NPAS3,-0.7485135897215025
UPK2,-1.0531456060906916
SLC16A7,0.0029020206713897207
B3GNT5,0.41465363000684796
IER5,-0.6921482941694184
APBB2,-0.2598646671962524
STK17A,-0.9272315068725738
B3GALT4,-0.04218973307489585
B3GALT5,-0.8790998323588244
B3GALT6,-0.12077343580781968
SGMS2,0.6277854826937832
ENPP7,-0.3739290962266275
DEGS2,-0.057026504202463385
CXCL3,0.6231334271967152
B3GALNT1,2.622629188133994
SLC2A3,-0.3732549409746157
TNFRSF10A,-0.7963382382568183
ARHGAP18,-0.3142622960230779
TRIM38,-0.8746274432164325
GAB2,-0.9071178623211507
NT5E,0.9620603672046455
IFIT3,-1.148884391533621
IFIT2,-0.9398183308345415
C16orf58,-0.5956905412487176
GBA2,-0.18055128725889427
B4GALT5,-0.043748155266093366
B4GALT6,4.368376441094179
CCDC50,-0.0032149184544596056
IER3,-0.9846568150887807
GALNT4,0.03421682255837517
GALNT5,-0.2685781482879057
ABCG2,0.22813974127729295
IER2,-0.9006212719853195
UGT8,0.33677829658186736
SMPD1,-0.5064887580608787
SMPD3,-0.5631632676320267
SMPD2,1.8556030148652438
ATP1B3,-0.25758692688628576
FGD6,-0.23862400714713922
ZBTB43,-0.6293337484809961
IL2RA,-1.0542013923997857
ARID5B,-0.43794823328910965
CCN1,-0.8248249920137051
CXXC5,-1.0578254615970728
B4GALNT1,-0.05264257828540901
BBS4,-0.2822013349678462
ZC3H12A,-0.953180766792019
MYOF,-0.5582486620964863
GCNT2,0.29103675653235744
POC1B-GALNT4,2.5981662383716135
GLIPR1,-0.7283705016961607
HEPACAM2,-0.6612897835132318
RTN1,3.7095976581347556
PTGIR,-0.6987080221210158
BACE2,-0.39782083078166064
DUSP10,-0.96770000293771
MYO3B,-0.4350540243079916
ZDHHC15,-0.3865368075684219
IRX1,-0.9748459715504797
LRRIQ1,-0.6406396460016369
MORN5,1.4563036496922008
TRPC6,1.2677336255675764
SPECC1L,-0.8247801835632682
MYO18B,-0.672634819340827
NEK1,-0.3332148337849755
INVS,-0.604476493100225
UACA,-1.0471074960125186
KRT7,-0.864688514478428
MYH6,-0.8063945962250049
MYH4,-0.5471076475564887
MYLK2,-0.9534385463254483
MYLK3,-1.1021386915750588
GPR150,-0.44884905071727993
SPECC1,-0.2309172055859813
GPR182,-0.9982961933547516
PRKAG3,-0.32142635071503967
PRPH,-0.9752043790650122
ALPK3,-1.0083968421660368
PDLIM3,-0.6743789800866068
KCNK16,-0.15066542689698503
DNASE1L2,-1.0745043998791044
IPO13,-0.7920759625998859
ASPH,1.503414834269655
ROGDI,0.264744355892266
JSRP1,-0.5921907645358792
MYF5,-0.9667965784704664
MYF6,-0.8311470232507241
KCNC3,0.005702289268925165
MYOT,-0.24202151414960354
BIN1,-0.532835715187602
ATP13A2,-0.583364294224511
ATP13A5,-0.851627995972224
ATP13A4,-1.0023695623954847
SLC24A3,-0.1658999438431663
SYNPO2L,-0.07555146325707625
CATSPER3,-0.9286416715578657
ATP1B2,-0.6672593497321347
HRC,-0.4177241117532859
LRRCC1,-0.4287937152033399
ORAI2,-1.145286145440981
VNN2,-0.6731809138157274
NXPH3,-1.0251901489617403
ITIH4,0.3780081337208813
DUSP13,-1.1892615151882833
VGLL2,-1.4874114025671838
OR10H3,-0.9128819108805014
NEU3,-0.612282983918017
SEMA6C,-1.0630788081148594
CASQ1,-0.8987717582982827
CASQ2,0.929206599269625
TNNI2,-0.7611107189549716
KCND3,-0.9126515346137827
CARD14,-1.124160144710211
SLN,0.869684087985478
UCP3,-0.4852899383099936
CACNG1,-0.8229858976789798
CACNG6,-0.7802888581785435
RORC,-0.4281173354001679
AQP6,-0.5203590861731514
CTSE,-0.5355735281862731
MYLK,-0.9526383755316129
TRPM7,-0.1491378762233446
TNFRSF1B,0.143041891093542
MYOM1,-0.07471823879986883
KCNA7,-1.057271680965821
TMEM38A,-1.1236639314431616
CHRNB1,-0.9841111299808827
CHRNB3,-0.7311612864406621
OPRD1,0.58521171968208
ATP8A1,-0.6735822963177438
TCAP,-0.2764546451948957
CKMT2,0.9777301307588437
TRIM72,-0.6938312724284348
LDHAL6A,1.2737749550307542
C8B,0.9205590119171833
CATSPER4,-1.0965000516517394
EYA1,-1.0731957049300598
EYA3,-0.4573130084961725
HSPB7,-0.09113967369959072
CATSPERD,-0.5590595553241351
CATSPERG,-1.4105599723387419
CATSPERB,-0.6577137072676786
TMOD4,-0.40961771138066044
ATP9B,0.09334043347486783
RABAC1,0.0895816162913861
PYGB,0.9925555226869259
PMEL,-0.5734849250764964
CYP2A13,0.7151136382247368
CACNA2D2,-0.5459470311220485
CACNA2D3,-0.9444639004141047
CACNA2D1,-0.6042250058448243
CACNA2D4,-0.96891451247128
SMPX,0.30645118070962396
CFTR,-0.23491326570914703
NOX1,0.5055428322771812
ABCC9,-0.45916494597034785
BTN1A1,-0.9647207699923113
GYS2,0.5380264039322422
NLRP3,-0.4372716117827591
KLHL40,-0.6593429532313229
XPNPEP2,-0.02982324340629547
RTN4RL2,-0.63814445909538
ATP8A2,-0.5637473405888037
CHRNA1,-1.0511402044326548
CHRNA3,-0.7235767668834887
SLC8B1,-0.7764353807986548
RAPSN,-0.5966059932327203
PRPH2,-0.7613956182862459
ANKRD1,-0.803806913800487
ANKRD2,-1.1113418207910688
FSHR,-1.030921786716383
MYOZ2,-0.04465868755748294
MYOZ3,-1.0653137946435693
MYOZ1,-0.904943069654662
SEC14L3,-0.10565215602997574
RIC3,0.19187009641397793
L3MBTL1,-1.1186374246377613
TPTE,0.15433972720279318
SLC43A3,1.545831156324363
TMCO3,0.2295959170851471
AKAP1,1.1105424435119
DST,0.4318828551194971
INSIG1,0.2608545662327532
ERLIN2,2.380307270439074
SLC4A4,3.6008281102198594
NDUFV3,0.46294759328934915
PPEF2,-0.6541510819010348
PPEF1,-0.9796573403246273
ESYT2,0.40738896243774325
DHRS7C,0.8835957626570343
SLC35F6,-0.23178230575305675
SLC9A1,-0.7046483253548308
BRK1,-0.8047459911526524
CLSTN1,-0.6781085572003194
POPDC3,0.9056090067269187
NOMO2,-0.22842848411436562
CYB5R3,-0.21564814226827161
EGLN1,1.6267489844322744
ATP6V0A1,-0.34508792198509036
CDKAL1,-0.08295872508043145
TCTN3,0.07100152921217044
ITGB1BP2,-0.473006820704313
NELL1,-0.9043902516628128
TECRL,0.07226649501608153
SLC20A2,0.3082619003596197
SLC9A6,1.9323680186087655
MARCKS,-0.3494874162318227
PHKA2,-0.35844804589899776
HYOU1,-0.8123291728067757
SRL,2.7467325787778742
JAGN1,-0.15599316549511075
RHEBP1,-0.10774638551171671
CYFIP1,-0.36073983087294736
CYFIP2,-0.5703073244582514
CMYA5,-0.5523192804692639
AC138894.1,0.24264080586450557
LPCAT1,2.015192973107023
PIEZO1,-0.8194123193885482
ATP1B1,0.20946409019027282
SLC39A14,0.07609877693956295
SUSD1,-0.24432890736522783
FABP3,-0.030616933679129023
DDX6,1.0082533470019472
DPY19L1,0.23011369658506503
TMTC3,0.012293698122231397
NHSL1,-0.6938027193629632
PGM3,2.1823974015677585
DAG1,-0.9445868997018521
STT3B,-0.33814361719499614
TRAK1,-0.04434333035702012
CCNB3,-0.4208266458535715
KRT6A,-0.8931091809973302
TIMM21,0.1586120897590933
NDUFA4,-0.027919338244211455
XBP1P1,-0.4278715890969331
KCNK1,-0.5801707648211177
TMX3,0.04684805043796949
PIK3C2B,-0.750885419915682
HTR3E,-0.16608940260029081
FMNL1,-1.2796806179955476
SLC4A8,-0.06315160603032083
LIMD2,-1.5420586124165911
LTB,-1.1725969763423312
IL21R,-1.137318489531873
NCKAP1L,-1.2123524034586244
SASH3,-1.2567897786349915
SIDT1,0.3391492755694127
TSPAN17,0.64778952955553
USP20,-0.5727201905856117
FNDC5,-0.07615682740893977
VSIG1,0.18945011564219624
ARL4C,-1.2754840627173196
DNAH1,-0.3863520997641788
PTPRCAP,-1.3020986059310846
CST7,-1.0994439915858518
LIME1,-0.890111200604842
ARHGAP45,-1.3980898793721195
PRKCQ,-0.21152747189713716
TESC,-0.7878285287657553
CD37,-1.3224683033332734
ITK,-1.2832015098926077
PCDHB5,-0.6417020943350045
SYT12,-0.5758981544643692
PCDHA12,-0.21838700547987117
PCDHGA5,1.5908566089521459
CCR7,-0.12256161230489372
KCNA5,-0.8830480566673405
TREML2,1.4913043518826945
GPSM3,-1.3351403814881782
MAP4K1,-1.389552239036913
IL23A,-1.0522854272827193
PCDHA3,0.281426060913544
PBXIP1,-0.6462415065245666
ENTPD4,-0.5167241952185402
EHBP1L1,-1.0033321963942454
HCLS1,-1.2039041043058647
SLC7A6,-0.27553845679279
IL1R1,-0.9125988329493009
LRMP,-1.208970547242646
AP1G2,-0.5830723672636382
IL17RB,0.37555168395163874
TMED6,-0.3503830869079427
LYL1,-1.332436841310071
FCMR,-1.2919167497292139
RIN3,-0.9059493962141674
ISG20,-1.2568961945315347
P2RX1,-0.9625154553322263
P2RX5,-0.9082482019691251
KCNK6,-0.7965434644819716
SLC38A10,-0.6334222383427379
MCOLN3,0.48317153718154454
SSPO,-1.4343306917697587
SLC6A9,-1.0510399104443806
ARHGEF6,-1.1329886824154771
SEMA7A,0.23236047295374634
PAK6,-0.8011260322003515
GZMA,-1.246135879585571
SDC4,-0.9690591150178652
ASGR1,0.9326282280256788
IL7,-0.9849909763060201
KLRD1,-1.0303768216779507
LIMK1,-0.8293879256931466
FCGR3A,-1.0724458661958258
SORBS1,-0.7215394332760999
MATN1,-1.055562018143143
SELL,-1.2700326486501945
MLC1,0.18934257232970195
SHARPIN,-0.7098717943033052
IGHG1,-0.913137388356425
WLS,-0.10736511106223957
CEACAM6,-0.9612125232476942
CRB1,-0.6536038689912055
EHF,-0.6941869644673734
ADRA1B,0.7127394667785661
ODAM,-0.9130622921927778
EDIL3,-0.1880497035189182
GSTM1,5.38593183265429
TNS4,0.4354034885861438
PHLDA1,-0.7072158270194469
APOH,1.0849386358444795
REG3A,-0.5157753348060439
GSTO1,3.4251692554785444
NOG,-0.9655078231933719
TCN1,-1.1713993295997742
GPX3,1.0293199733736462
CROT,4.515803454016583
CLCA2,-0.791987579329865
GPRC5A,-0.5495723620173023
KRT15,-0.3425982982411224
FICD,-0.1921236690224875
S100A2,-0.6835248078283879
SCAF1,-0.639861608321494
PDE10A,-0.9973308275421701
YAP1,-0.6323445192192372
SLC17A5,0.058028492253386375
OXTR,1.7531666396182046
PLCG2,-1.120462955641812
AHSG,0.5934960724224922
OR3A2,-0.6198854980581274
CD47,1.0949067546059894
PLA2G4F,-0.07041015977795666
CFD,-0.6484652141765674
CFB,-0.554156293652001
DKK1,-0.4806750907953637
MGAT4C,0.28795383468319
IGDCC4,-0.32923570712254213
HAMP,-0.6404970832553449
RPE65,-0.3092165007951526
SMAGP,-0.516569834788575
FGA,0.4442090495201151
SH3BP5,-0.5403488457966483
HPX,0.4332190663068517
VANGL2,-0.7854836593132087
AMELX,-1.0200099552419637
CEACAM1,-0.9465456586005732
EN2,-1.0241331741649804
CLDN1,-0.9574260386125755
PLEK2,-1.2068761034149051
HSPB8,-0.5319513797457606
OR8D2,-0.3531880275547967
IRF6,-0.8743178912335974
SCN5A,-0.9646758448566287
TTPAL,-0.4582590968948652
TNFSF15,-0.8951680448283595
CDCP1,-0.5963119047571342
ANO1,-0.5270386455705546
PRSS3,-0.6502237911600309
LGI1,-0.30310135492166423
SPATA31A7,-0.3673597104994498
BTF3P11,-0.8959102246980406
SLC9A8,-0.5873637516206682
ERGIC1,0.2786961350797179
APOC2,0.8752870951245681
APOC3,0.42339864261488724
APOC1,0.5243153605207533
PERP,-0.6073985209461019
PTPN13,-0.7515267872174295
CPB1,0.9430508808721623
LXN,-0.30637405024444403
ZACN,-0.36569422821942693
NT5M,-0.40450530559949616
CX3CL1,-0.831415949247971
EMP1,-0.7305658847399793
PAX5,-1.3183253305567169
BTNL8,-0.13753547293435875
AMIGO2,-0.9082026029489586
C2CD4A,-0.7376976169263477
PF4V1,-0.3907920004312797
SERPING1,-0.15700165082975487
PPBP,0.4212844895821626
C2,-0.6981267650444464
GPR87,-0.9544212740666355
FOXD1,-0.9939660388654065
STATH,-0.3884932108961278
IL18,0.16807574730721078
KCNJ2,-1.0311061498566814
EREG,-0.797775945398472
KRT9,-0.9847983480681657
ANTXR2,-0.4064370024498229
NLRC4,-0.7740965678903668
SYNJ2,-0.6345551712533904
KRT13,-0.7847597808236482
ANXA3,-0.27350924296509316
REG1A,-0.24874630382445295
MC4R,-0.5789060548136185
PTGS1,0.9272830024455848
PNLIP,0.17066128393505692
SERPINB8,0.4704797327356825
OR2T6,-0.3944472899863119
SERPINB3,-0.6972013930321034
PI3,-0.9825696106380034
SERPINB5,0.42023803894516265
MST1R,-0.86816313775173
FAT1,-0.4826746960029865
PDGFA,0.41426463112704676
DLC1,0.7594993520063235
NFKBIZ,-1.0757468748623817
CLCA1,-0.775027489004965
PROCR,-0.9625367118054353
C3orf52,-0.21219060167304424
ETV1,-0.8750425563611253
IL1RN,-1.1071268520718665
ETV5,1.7255087664735254
SDC3,-1.0469002659934366
SLA2,-0.551219886613389
NECTIN1,-0.4641786494802464
COL26A1,-1.0870136808095943
OCLN,-0.5681708709550879
FERMT1,-1.0280972513694953
PDZRN4,-0.5171199198199011
SEMA3A,-0.5449838730848281
SEMA3C,-0.3632638159439791
ADH7,0.5022231197039444
CD58,1.2060833224266532
SERPINA4,0.05884387478622727
KCNK3,-0.7133461738109292
CABLES1,-0.47005535507950746
DGKG,-0.09749763708437559
HSD11B1,3.0000066148618134
KCNJ15,-0.5505602196734106
PCDH1,-1.0192846770119925
BBS2,0.035057703051097996
MMP3,-0.6919276177117278
AHNAK2,-0.4426130574718727
SCLY,1.4811344713500292
METTL2B,-0.24251099467403953
VAPB,4.0418080940176075
SC5D,1.142569987419806
TRMT44,-0.6279848040279612
MAGEA4,-0.4008922939237329
THAP4,-0.5477706281744281
YDJC,0.4377271273162683
LBHD1,-0.5568769914531526
CEP70,-0.32820392132679627
NLN,-0.19039484437472265
NUDT5,-0.2098107534332334
SBDS,0.6989767492043755
NSUN4,-0.4969175029029059
NSUN7,-0.44619581163581673
POLR3G,-0.598080382640171
POLR3D,-0.7837696197856306
BAG1,-0.30669852726177754
MTRF1L,-0.24392094723887137
HIST2H2AA3,-1.1154768861718154
EIF3CL,-0.6969426800443992
WDR55,2.9123571231340355
POLRMT,-1.0709260724450107
HIST1H2AA,-1.2028237569626956
CTU2,-0.25337798413807555
PPAN-P2RY11,-0.7975410998929846
ZCCHC13,-0.8597755749149886
MRI1,-0.47384233185874053
LARP1B,-0.6068684965186131
FMO1,0.7175502999657518
GNL1,-1.0185380188506867
NOL12,-0.6403432503836053
EXOSC1,-0.8106519353727879
PABPC1L2B,-0.7301607074878345
FCF1,-0.5857610261382065
RCL1,-0.6817984288423273
PACSIN3,-0.36408170811901386
BDH1,1.0615738194650632
MAP3K21,-0.2980467890036809
CASK,0.8944307050048579
BCS1L,-0.5620883356190232
PABPC1L,-0.7802655010681661
NRBP1,-0.8158863978857577
POLDIP2,-0.40130435751692933
RIOX2,1.5078590828613598
THNSL1,0.11417328154391918
MAGEB10,-0.0971398301310079
CPNE4,-0.8000353591108962
MT1F,0.005820405710339547
C7orf26,-1.0502720957750644
CDCA7L,-0.4474554267899211
MTFMT,-0.679538965080698
ADAT2,-0.20751146210512736
CENPV,-0.5426587969701299
ZNF346,-0.2598700980258313
ZC3HAV1,-0.9658094690281616
C12orf4,3.086604675197601
UCHL1,-0.32664679551337117
LLPH,-0.3905644453402484
SETD1B,-0.9374951847021493
C12orf43,-0.4449975873109677
KLHDC4,-0.3865777474682267
HIST3H2A,-0.951430611967937
PUSL1,-0.940177702160921
SFXN4,-0.1717832541691876
NAT9,-0.44304610692432195
AARS2,1.1204737206018054
SLC25A19,-0.4710870180773434
TESK1,-1.1212771354649005
IGF2BP2,-0.6733851201512074
KNOP1,-0.5807875984883519
SOGA1,-0.08513541617196979
TENT4B,-0.1939153702222995
ZNRD1,-0.9161315225709826
EPHA10,-1.1237606471842843
GOLGA3,-0.4133551940446599
PABPC5,-0.746738484230227
GATD1,-0.16413346742711807
PDCD2,2.1670251569645282
FER,-0.40320280282362636
AAR2,-0.15584649623427835
ANKRD6,-0.7426021908442626
HIST1H4D,-0.7928278647737288
HIST1H4K,-0.6756473695356465
HBA2,-0.40910462495516225
HIST1H4L,-0.6568987887764334
UBL5,1.026357800480798
PTGER2,-0.4913972470847057
PRF1,-1.1765176653239793
SAMD3,-0.8931942922037617
JAML,-1.0663310591429067
CXCL13,0.35233274715544066
CLEC2B,-1.1228244318466651
PRR16,-0.9830883213659738
CD1D,-1.143807114148168
CD1E,-0.8400897038405476
JAM2,-1.0545341113954405
JAM3,-0.9986531952691399
CCL21,0.48536852075375403
GZMK,-1.092340137656285
GPR174,-0.855102049570087
SH2B3,-1.1818625157466198
ALOX5AP,-1.029682426245172
HIST2H4B,-0.5979967168308923
FYB1,-1.2395732242986108
CERKL,-0.7832201517328586
BIN2,-1.0050018259627778
PTPN22,-1.315533839938514
LCP2,-1.3698537629987944
CPVL,-0.8330378647178215
AOAH,-1.1099690634878714
KLRK1,-1.1878103998377232
PRSS2,-0.7594951458056285
GAPT,-1.2852822866331437
NAAA,4.643635542337314
TMEM131L,-1.092328974951851
PROM1,-0.5890165145333079
CYLD,0.332301429603558
ERAP1,-0.25076764255894557
CYSLTR1,1.0587723514019798
AIF1,-1.0222552686681687
TRAF3IP3,-1.0924615050205244
RNASEH2B,-0.575498594990974
RIPOR2,-1.160160999716163
IRF8,-1.1978885264834216
GIMAP4,-1.2739006265121706
BTLA,-0.9329517990699271
CD72,-1.1342354654255455
CST9,-1.3724128855953377
PATL2,-1.2041292586810528
TNFSF4,-0.853866412586054
CELF2,-0.9623980888040092
PDE7A,-0.8506837630239018
GPR18,0.24583633082046477
UBE2NL,0.18385542363708704
SLAMF1,-0.9743636832751914
ST6GAL1,-0.7624219782918807
SAMSN1,-1.046822752475433
IQGAP2,-0.2221093174145576
EOMES,-1.0085427142423202
LY86,-1.2528163236920624
FCGR2C,-1.1531576440894509
FCGR2A,-1.0627022386833407
HIST1H3G,-0.7193672368314069
HIST1H3I,-0.6181557723133042
CHST11,-0.838611386934168
DCT,0.04448940963728757
MAPRE2,-0.6054999564543464
ANKRD44,-0.7308561533125882
RUNX3,-1.4360753505780983
CD3D,-0.11446617984472797
CD3G,-0.0020039669776431967
SP140,-1.3409865655728879
GIMAP6,-1.1860972831271326
GIMAP1,-1.0499014053767923
GIMAP2,-0.888621085935882
CR2,-0.9620447447808662
CD274,-0.6359448918410713
GPR171,-1.2114351302801323
AGFG1,1.7878026938850375
SH2D1A,-1.1653884244436494
DOCK10,-0.8025948790008998
DOCK11,-0.8329515425545684
STAT4,-1.3492243126069952
CD84,-1.1005161581769005
PDE3B,-0.6740979170657981
NDUFA2,1.0283917843966361
SLFN11,-0.5392985883344728
CD8A,-1.2164243304727669
ADAM28,-1.220266828923807
SP140L,-0.5861372449754164
FCGR3B,-0.9325397809013245
HLA-DQA1,-1.1016570531593228
SEL1L3,-0.7082561155628748
JCHAIN,-0.8889372896239977
CCR1,-0.12249021991022856
KLRB1,-1.1599798080119064
MS4A2,-1.3122408636140075
ARHGAP25,-1.4350140144711816
HPSE,-0.7143060118990463
TAFA4,0.2875227242384142
RNASE6,-1.1544015547708832
CX3CR1,-0.679596671572728
CYTIP,-1.1713457775972147
SCGB2A2,3.0536125278562816
RASSF5,-0.799507111546717
HBG2,-0.15792500739893067
MANEA,1.5211195590781152
RSAD2,-0.8695459133077359
LGALS13,-1.2384985515222304
FCGR2B,-1.1937475267563915
HIST1H2BE,-0.7566814177214076
HIST1H2BH,-0.7159505415717561
HIST1H2BI,-0.8037696869038019
HIST1H3B,-0.7797702124897491
ITM2A,-0.8737362061786256
HIST1H3F,-0.7182307622692762
BTN3A1,-1.0975467852929868
FCER1G,-1.175958303730282
EVI2B,-1.22679382888846
PYHIN1,-0.7431671884009301
HIST2H2BF,-0.7806702818917137
GIMAP5,-1.211954262762501
TRAT1,-1.1549371035843439
CD69,-1.3000031367191076
BOLA2,-0.5686374591654649
GPR65,0.013618055831267123
FOLR2,-0.950708333970908
SYNPO,-0.6692577045904148
RTL8C,0.01719685837469618
TRIO,0.352076496504655
WDR1,-0.09921208734645051
CEACAM8,-0.7402155933698749
GRB10,-0.7458246933869198
ANGPTL3,0.23328922639656377
CSRP1,-0.5655482577508897
SFXN3,-0.6485779218934657
NR1H3,-0.12927127019527218
CHST7,-0.038691216085843076
SLC2A14,1.0252129041386029
ITPRIP,-0.7572813435451626
S100A8,-1.1777585040947032
RNF24,-0.7284618557354182
HOMER3,-0.7474088350871838
ESAM,-1.1945202194438276
PLEKHO2,-1.247235647506968
DKK3,-0.5643161600138725
FUT7,-1.11703934831033
FGB,0.691308593303897
IFITM2,-0.9963888978037484
CCL7,1.285680182593763
PLTP,-0.8022338309614564
ANGPT1,-0.8798139266556407
ANPEP,0.7095582790496726
RIPOR1,-1.1578931849160108
MFNG,-1.2415017853363293
ADAM32,-0.5857225690187869
NLRP1,-1.205889911309576
RAB13,1.7154532435945675
QSOX1,-0.8115418506647618
LRRC32,-1.280015632947189
STAB1,-1.2818919368654091
CHPF2,-0.8701482550537509
MMRN2,-0.9023040409034049
PECAM1,-1.1562330072659304
HOXD3,-0.984230531601451
EMILIN2,-1.052497085641292
FBLIM1,-0.880701308392265
RUSC2,-1.0040522726164478
PAX6,-1.1290853644675076
CD68,-1.04599715273397
SFRP2,-1.0491868995242457
TMEM158,-0.3112490615468358
SLC22A4,0.009101292204616014
UPP1,-0.7088898838818294
C11orf24,-0.7827530454983567
C1R,-0.06228474209853857
FSTL3,-1.1139264593833205
PRAF2,-0.6379518458168204
SMTN,-1.3359381107682293
SH3GL1,0.35791991603641593
ACVRL1,-1.0287753085201636
PLSCR3,-1.2292643529446756
ADGRA3,-0.8062181877060204
NCF2,-0.20870071021661082
PXDC1,-0.5874526699644326
SMIM3,1.6510071116398364
FZD2,-0.014134235948011045
RGS16,-0.5835993395877577
ELF4,-1.0447181702454056
PTPRE,-1.2514641199392764
ARHGEF40,-0.8569094409348189
SELENOP,1.3560614910667061
LHX2,-0.7523943792151934
OSBPL3,0.16223002236376668
LHX9,-0.9642140380176206
TMPRSS11B,-0.14499462706662702
TMEM17,-0.24143337544865723
RXRG,-0.8317273783213538
ADGRL2,-0.25618671659607684
RAB11FIP5,-0.7083306969708845
PCDH20,-0.49116782298055817
TSPAN11,0.6880384672675102
FAM234A,-0.08948212391606361
ARHGEF5,-0.6496658090037964
EXT3,-0.08493892567367971
PHACTR2,-0.0491729138017634
CXADR,-0.07174482095138819
LPAR6,0.6643442008131301
CD36,-0.6601323750382416
SLC30A1,0.18787782281303522
EHBP1,1.4754529214014418
MB21D2,-0.4203173494894551
CTDSPL,-0.2570487621019696
EPB41L2,-0.715621369953305
FAM171A1,-0.6226741532906916
CDH17,-0.7668517905416341
IL1RAP,-0.7528461412163274
KANK1,-0.8156135366404622
CD24,-0.257717918059549
TSPAN8,0.33669825584936985
KCTD12,0.6564957418360372
SOCS2,-0.4158698964213108
HLA-C,-0.9544353614366478
TOX3,-0.14651186051191703
MPZL2,-0.2706719870875848
FZD8,0.8181619448141977
TBC1D4,1.2257657632079961
DUSP6,-1.062471979015814
TIMP4,-0.5593194118929422
FADS3,-0.1706026377487098
PTGIS,-0.7958744422661485
SIRPA,0.26769609791785853
LPL,0.8886108101987105
TNFSF13B,-0.9884595318433731
SVEP1,-0.5621790866223837
PSG8,2.905087797488817
PPP1R1A,1.1930670338569624
ZCCHC24,-0.6154756175848669
NCEH1,0.11578979155726277
CDH19,-0.5939938735050427
HSPB6,-1.1844355645867342
RCAN2,-0.22773062233744842
TBX2,-1.1745364551622988
FABP4,0.9196688008628939
ITIH5,1.3100194661064457
DNALI1,-0.49106163011577164
CXCL10,-0.3450196714320529
CHRDL1,-0.398745223549612
NMRK2,-0.3433739860930473
LFNG,-0.6848105276854854
ABCA8,-0.13796506140890935
ART3,-0.5312048165043909
GPD1,2.3324515265994528
MYOC,-0.674435577099388
SORBS2,-0.32582778292885467
CLEC3B,-0.5562885886737337
ST5,-0.9960806398072856
DAAM2,1.1616415681667656
PDE2A,-0.7842525466074813
C1QTNF1,-0.8159221200442273
ACKR1,-1.0388339356656648
ADH1B,0.6677451398637185
TRHR,0.9405536268072432
UTS2B,1.6428172497051825
KRT34,-0.7872121806854722
GPRC6A,1.4573268611707533
IL22,-1.0105031652811727
CCL23,1.1241421341097884
GPR31,-0.9120052659358644
GHSR,0.5700132862922948
PROKR1,1.8022694712298362
PROKR2,1.7716515664797048
BRS3,2.322003379114025
PRY,-0.6066415143865682
MC1R,-0.7923068770729652
B3GALT1,-0.44965493458263245
HTR2B,1.155951887789619
MCHR1,0.8310571046429894
APCS,0.239313911057465
OR1A1,-0.6810249351877435
CRHR2,-0.8503785732703864
GPR4,1.3169832302292905
GNG4,0.23456633026573467
GNG2,0.3334545753103292
PSG9,-0.860555279909877
PSG6,-0.741498810169085
GNRHR,0.2406283970095959
CD200R1,0.5946296974945818
PSG3,-0.609144715919889
NPS,1.2673813781667194
GPR17,0.7766607671179231
GHRHR,-0.8069110464646448
SAA1,0.841343459693481
TSHR,-0.7167636155639426
CYSLTR2,1.575039912299593
CCKBR,0.23204993703900548
LGALSL,0.5349067550991965
GNG7,0.18893368191252255
HRH4,0.5436083345724813
LTB4R,1.2028415379670543
GNGT2,0.60280985141853
TRH,0.6365586342579657
CCKAR,0.5902412865134595
CHRM3,1.1423488074883406
GNRH1,0.5911574886763314
NPFFR2,1.7367627967758166
PMCH,0.8529281506211152
LPAR3,0.724461535639765
BTNL2,-0.9513805040269693
TACR3,0.8207041292824728
F2RL1,1.4105853974863665
MLNR,1.5583061780633827
PROK1,1.8109059165409591
PROK2,1.708610150982616
ARHGEF25,1.9038621472847255
EDDM3A,-0.846912427918073
AGTR2,0.546321405093561
MS4A12,-0.865441211672747
PTGFR,1.3971151364565029
ZP2,-1.0989144153556158
GHRL,1.7113856778939487
OR6A2,-0.7514114025074466
P2RY2,1.2872786949488793
OPN4,1.5989355396185392
HYDIN,-0.884728176577809
SLC10A2,-0.17860849571393492
FFAR1,1.6888256478745074
GP2,-0.534088660677004
P2RY10,1.0777232360229023
P2RY11,1.386085669144535
TACR2,0.9438747618115356
MRGPRX2,-0.26781051238362763
HCRTR1,0.6638609905096189
C22orf31,-1.208184074812367
C8A,0.8074088340874269
GNB3,0.3532512881655659
MC5R,-0.8576893158816927
BDKRB1,0.8460139891291186
KCNJ1,-0.47529207604902474
NMS,1.0217700967225014
PON1,0.3981451327210071
QRFPR,1.6520482842173951
IFNA21,-0.9815455309011367
F2RL3,0.8553047957184663
F2RL2,1.4118419015052428
LPAR4,1.5593658253834175
LPAR5,1.0038659462701915
KISS1,0.3151820801052672
QRFP,1.8246636442945667
EDAR,-1.1925598799120016
TAC1,0.41900739972218565
GRPR,1.316192611042317
TAC3,0.44262431394799534
XCR1,0.9843310872816851
AVPR1B,1.4494079485996754
WNT8B,-0.03968998457140773
OR3A1,-1.0003834107545932
SLC5A4,-0.48393458729165545
GNG8,0.6093256709974337
UCN,-0.698588325043586
OR2F1,-0.7681820213700041
CELA3B,-0.12917189495300702
CHRM5,0.664486797077577
MCHR2,1.0029675043908965
SCTR,-0.7858593020695376
FFAR3,1.7020643195711487
XCL1,0.5688888847989032
OR10J1,-1.0413020409563853
PLAAT2,-1.1868394687452484
FFAR2,1.345464754585457
MMP27,-0.7821561872792983
NPSR1,1.3210968180835547
CHAT,2.684010782364082
GNA14,0.5346199909002343
GNGT1,0.3152705951718688
CALCA,0.15269294990659463
P2RY1,1.4139562098569607
C4orf54,3.5781633255427323
XIRP2,0.9490408587440373
SH3BGR,5.8459252526807886
SLC51B,-0.11612360843817403
VIL1,-0.5028254853783075
CHP2,-0.7299581629425043
FABP2,-0.033782963439303544
ANKS4B,-0.6508645379522875
SLC5A9,0.08918677144081277
NR1H4,0.2128136562357894
GUCA2B,0.36028497414861627
SULT1A2,0.07433422213936931
HHLA2,-0.8279584947086266
CDHR2,-0.3752636440956638
CDHR5,-0.15017938188649316
ADAMDEC1,-0.9210847761873986
SLC51A,0.41236786962344457
MT-TP,1.5972476603218857
MEP1A,1.6748482931198951
MEP1B,1.35219166458395
SBF2,-0.23780334408998927
CDC42SE2,-0.1998353844609651
DENND4C,-0.10933084181557132
GDI1,-0.5765250572585212
GIGYF1,-0.5723322196667907
SRGAP3,-0.5962521642075045
PCNX4,-0.04481566498737103
TRIP11,0.29711486447967966
KIF13B,-0.5205322024205814
KDM7A,-0.7868687254525765
MCM2,-0.7612840336577517
AZU1,-0.5362811817658089
RAB8B,-0.23400631736288557
SAMD4A,-0.6487949509902301
TTC28,-0.4776427385485945
SH3RF3,-0.7151157900959775
HEATR5A,0.4527658828342412
SH3PXD2A,-0.5228656823046058
PCBD1,0.4241170466944332
CEBPE,-1.0444072719494917
DDHD1,-0.1687319461760448
CNKSR3,0.7301177806893742
ZBTB21,-0.6553411058915971
PPM1H,-0.22805180865147037
DENND2C,3.0205271099216016
SCRN1,0.10867053754886564
PTCD2,0.9711496609421106
PTCD1,-0.041077467866623404
RTKN,-0.683625483309912
TPD52L1,0.7346034293523606
LYPD4,2.4398783936964
SERTAD1,-0.8250964045154736
DENND2A,-0.9708634267310994
DENND3,-1.1069601376894833
METTL6,0.35923666373820823
EOGT,0.08523827118326786
TFF1,-0.8433259190843494
C1QTNF9,0.05785791228598618
DENND4B,-0.9889027545263157
IFFO1,-1.0968851551932162
KDM4B,-1.0556089380066551
APBB3,-0.4048591711972665
ARHGEF11,-1.0977160764978557
SETD5,-0.8961633637399884
FAM193B,-1.164781588319608
EVL,-0.8720544340826178
POLM,-0.3233187972320481
PANK4,0.31197642830687905
PILRB,-0.4072500210646356
CAMTA2,-1.0992297475307184
MAN2A2,-0.32933287567986885
DENND5B,-0.5085453776944889
ZMIZ2,-1.2436273083718763
MAP1S,1.1431348829081758
GSE1,-0.5089722411024677
ENGASE,-0.8813723436399982
TAF1C,-0.9238812621102965
TMEM63A,-0.923244417470737
ANKZF1,-0.6470674630070242
TBC1D9B,-0.6782645716450364
RUSC1,-0.6546467090388378
MYO9B,-1.3648945489195037
TBC1D13,-1.0092255273876074
CMTR1,-0.09489263889621755
CIC,-1.362361700006458
FBRSL1,-0.32823654344516695
AKAP17A,-0.7776197155708572
ATG16L2,0.8737721529298674
DGKD,-0.1981757164047366
DENND1C,-1.1328787095924584
ABCC10,-0.08313049283533223
TJAP1,-0.5500542465575026
TMEM39B,-1.0420249649034277
MAST2,-0.7210735258735389
WIPF2,-0.7363653495393304
TBC1D10B,-1.248636710540653
RASAL2,-0.5386994213643318
FAM110B,-0.7771595462838299
OSBPL6,0.9408326862070743
PLEKHA7,-0.7500730600523196
NAV1,-0.23393490628178118
RALGPS2,-0.9641092524232978
STARD13,-0.7653814178965777
FAM110A,-0.9439796340966772
ANKRD34A,-0.7304699408036871
DCAF10,2.8162311117313923
RPTOR,-0.5705882916574567
LPIN3,-0.466173549203114
VPS33B,0.0008836982729707234
MAPKAP1,-0.5753266852116149
FAM53C,-0.553305993659883
OR4C12,-0.5306574686171146
RTP1,-0.6801604223768133
RTP2,-0.7181446699406993
REEP1,-0.3301451882163344
GNAL,-0.5298713282201977
ZRANB2,-0.5098689497573528
SAV1,-0.33613083302852587
RAPGEF4,-0.5386721117144504
RFTN1,-1.192189836695554
SUSD6,-0.8290445831824346
IFT57,-0.10805990236152808
TRIM22,-1.0909111045915474
MCUB,-0.05660074840925738
PLEKHA1,-0.2827690593697462
DOCK9,-0.4300301209759714
DOCK1,-1.0701647166258195
PHLDB3,-0.6953878391065875
TRIM5,-0.40424518337980825
NAA20,0.13417542348495104
CRYBG1,-0.5292908485559118
LASP1,-1.0448714214301866
NECAP2,-0.24142467780073204
ACOT9,0.1951144643428691
DAAM1,-0.10545423434866547
MDFIC,-0.3267585723837333
MALT1,-0.39075485531396814
TMEM243,-0.04825595679086262
CYTH3,-0.6814552083420252
ZDHHC16,-0.04714810137484356
IFT27,-0.31752314744202326
NT5DC2,-0.7108555372503698
EDEM2,-0.3131854400594046
ANO6,0.22956039938797876
WDR41,2.672547929915793
WDR49,3.845907170862894
BNIP1,-0.1334624819571885
SLC39A7,-0.014141390387408546
DNAJC1,-0.044938900480188386
SPAG16,1.1604297990528454
KRTCAP2,-0.24468366546534767
WDR86,4.015611729817042
WDR88,3.2349357521927624
IFT80,0.4495380931159465
DDRGK1,-0.511997648572986
RABGGTA,-0.6948971785907412
SLC1A4,0.1446567983347589
CYB561D2,-0.5007426640557089
APOL2,-0.5834284241821716
MRPL49,1.0132843019881768
WFS1,-0.8289968384156531
NSDHL,0.48127587694552787
CRELD2,-0.6270153363048406
SDF2L1,-0.5681642196964669
TMEM216,-0.02771464938322223
WDR27,3.746718185931228
SLC35C2,-0.1884044770508426
AMBRA1,2.772942665486037
CEMIP2,0.6898375957631379
ACOX3,5.581855634594773
CDC20B,3.215620608024008
EVC2,0.00615085272153886
DCAF5,0.6153386487195358
EML6,4.284961371857092
WDR61,1.527908554913973
WDR64,2.564008115943863
CORO2B,0.6259926996428758
BCAS3,2.622700524584024
VPS45,0.369060844167794
TMEM208,-0.5104234380068584
WDR17,1.7317898210641778
STX18,0.2588862117397835
CORO7,0.3738757367715406
PIGT,-0.5700615875678016
WDR5B,1.9390972410274305
APEH,1.0046143920298207
MSTO1,-0.5261593419133215
ELP2,0.44448697684523275
TMEM120B,0.3621581760913838
NBEA,-0.05041117734179482
TMEM67,-0.2001503102418651
NWD1,3.6370356360629192
CLPTM1L,-0.37756231585682526
WDR97,3.7064294380745393
DESI1,-0.454969772661482
CCDC22,-0.05009041891143192
CFAP57,3.161809605817417
PLK3,-1.0866777371614493
GPAT3,3.5858064584311538
OSBPL5,-0.3270256811529747
ERRFI1,-0.2891376384661285
FABP7,1.0498951240234713
CNN2,-1.3115673523758886
ADORA2B,0.5208141741331023
ZFP36,-1.0806032653114188
SLC23A1,-0.7400583711190004
HCAR3,0.6614681540719016
EGLN3,-0.3674066606990538
GAL,0.774525121708758
FOXC1,-0.7187999258591483
PANX1,3.2362176180940097
CSTA,-1.0359594886565042
STEAP1,0.06706623301367846
RARS2,0.049669195649997874
WWC3,-0.656272941402423
ABHD4,0.563865392894966
UQCC3,0.16164544941386247
PHPT1,0.09221846182031339
XPO4,1.8937496695698253
PCBP4,0.2056999985595438
LOC102724985,-0.39796574029139514
RHBDF1,-0.6735284227161537
EPS8L2,-0.7868037709691532
DRAM1,-0.9103360151652353
TMEM11,0.9950200066384681
ADAP1,-1.243808495626611
TNFSF9,-0.7991095908462781
FAM214B,-1.012530638932478
IPO11,0.10090535040629817
LARP6,0.2924752349350785
COPG2,-0.35632155432643153
ETNK2,-0.12738913908082602
CDC42EP4,-0.5771792298708655
UNC45A,-0.3215200963033443
CZIB,0.11747794198677661
TRAM1L1,-0.03972426393603028
OARD1,0.1277147729620995
SIGLEC12,-0.9284717068939581
LZTFL1,0.4588005610244393
GATD3A,2.6366181464703633
CLUAP1,-0.11175583501762672
UFSP1,-1.1350320281718873
PLXDC2,0.2129885575621721
TAF12,-0.2304560516947136
ETFDH,2.722630184954498
KIR3DL2,-0.7578039583954272
ELP4,0.37825956457507526
AMZ2,-0.1336974251434524
ASCC1,-0.21338170712821042
VAT1L,2.5948681157092297
ATP5PD,1.6523753167169868
WASHC3,0.6946570111142188
CD79A,-1.175103613680931
SIGLEC5,0.168774755065717
UGGT2,-0.15993000068918292
SEPHS1,2.334147378370372
STX8,0.01374574619005203
AMIGO3,0.31335183164047903
KIAA1191,0.8634649109684468
CD244,-0.6048410356612288
PLPBP,0.44237469244095673
DYM,-0.364925671954981
SLC16A11,1.338393182302068
LIAS,0.5857079414742291
ZUP1,0.4023487896052028
TCAIM,1.5563432903615457
SCG2,5.370646363004862
GPM6A,0.16330430261752912
RTN4R,-1.0056371304722036
SV2A,0.900575298752099
SV2C,-0.205172650857803
PCDHGC3,-0.7252002002928606
AKAP6,-1.008615560881567
ELAVL4,3.6876823868097066
CRYBA4,-1.0296936382164004
TECTA,-1.0139836679276295
NFASC,-0.707998491037381
CHST1,-0.5761267761869932
SLC18A2,0.2844183377616306
ADGRB3,-0.18183997607680752
BCAN,-1.0510549851431474
IL17A,-0.7099843815207422
ADGRL1,-0.9733325102063852
OLIG2,-1.0483899977053428
APBA1,-0.5343514336444315
APBA2,-0.4077579507717262
SLC17A6,-0.6025669872239654
SSTR2,0.4620145214795636
PDE1C,-0.7630751087050702
GJB7,-0.6419676514058316
MCF2,-0.9991730626337159
TMEM185A,-0.024098111090311937
CDH8,-0.966915300085629
CCNL2,-0.8984818597570253
SHISAL1,-1.1628434338167246
SYT3,0.5442676564956831
CPAMD8,-0.6397600703040546
CNTN6,-0.729009675668958
ASTN1,0.47132412863692363
PCNX2,-1.0066306523705024
TRIM3,-0.6718208238706578
SEZ6L,-0.3953270281794718
PMP2,-0.7517126245653273
RFPL2,0.4356354179667398
TIGD5,-0.6606185162065236
ASCL1,-0.9563248542907913
BASP1,-0.6654246734084958
KCND2,-0.8077514031561084
CADPS,0.17540531951007832
CTNNA2,-0.4411006388683715
VAMP1,0.1076796671846313
FUT9,-0.5772297861099592
CHGA,-0.10773618115033202
MARVELD2,0.0037306346497142408
EXTL1,-0.7391001643106556
MAGEL2,-0.01727039349095054
SYT13,-0.7244480400525609
PHF24,-0.4747411226994253
ST8SIA5,-1.055350662789428
CYP2S1,1.8986103841182653
MAB21L2,-0.8593752669010325
EPPIN,-0.7257905326781644
RIMBP2,-0.45758386444885985
CNTNAP2,-0.38715507712110653
IL9,-0.8543313081391883
CDH13,-0.6453105418260544
NEFH,-0.43534232539048445
RGS6,-1.036193530815786
DPP6,-0.570891335349922
PCP4,-0.6693089158471721
NRCAM,-0.8355575495741376
ISL1,-1.0178244521996502
DNTT,1.0061257658650782
SCN3A,-0.4633235379380191
STMN4,-0.42070548490551485
STMN3,0.4127977944631719
AJAP1,-0.6835377878750513
PLPPR4,-0.40258824644265223
LSAMP,-0.7852135083696294
SPA17,-0.8225066882009616
PLCD1,-0.4940596076208071
PAPPA2,-1.0176643901642775
RIMS2,-0.8655883727477438
CHGB,-0.06903785773999058
CNTNAP1,-0.863041109273789
DOK5,-0.5449735508300765
POU4F3,-1.223644159616469
GPC5,0.12192671349605771
SLCO1C1,1.6512232290414985
PCDH8,-0.2560996989716417
FSD1,0.09514966928294746
PAMR1,-0.7305472176550031
FJX1,-0.381611430909143
ADAMTS2,-0.9624921104502874
EFS,0.9789120686257164
SEZ6,-0.805427817508126
TRIM29,-1.1401650014670743
GDF10,-0.5796462265755172
RAMP2,-0.903747723258366
TPSAB1,-0.8646066417875864
SCUBE3,-0.9129260632179831
SEMA5A,3.580217581674929
MT-CYB,0.38971563602539383
UQCR11,0.0851889175349758
HEBP1,1.2408290032741078
ABCD2,1.505091588593332
TAS2R19,1.317620412912539
TAS2R14,1.3260191567783393
TAS2R10,1.2281641834971542
CXCL11,0.21259505110408056
NPB,1.2702904610232295
TAS2R7,1.122913790827041
NPW,1.31845796141217
TNFSF18,-1.0314870631699302
CCL28,1.1086581261695012
CCL25,0.6917286165406401
CCL27,0.4849345853433566
CHST4,-0.7865099404991137
P2RY14,0.8498510088056381
SLC30A10,0.27965091651821605
P2RY12,0.9757524888451119
P2RY13,0.6432154157642044
TAS2R8,1.3175291076397624
SPIN2A,-0.9503548984944165
TAS2R5,1.3252759839284494
TAS2R1,0.6972149002527233
SSTR1,1.1207091280592436
SSTR3,1.3339126656760658
HAND1,-1.162901911838451
CXCR2,0.19501074150426229
CXCR1,0.3439244979405248
TAS2R38,1.329248953876004
OR1G1,-0.6441970662248351
C5AR1,0.3839464147911398
TAS2R50,1.321823064534757
ADRA2A,0.6464460098316147
ADRA2B,1.2474901157187934
CLEC1B,-0.6457970202347459
CXCR6,0.35455962605156716
JAKMIP2,-0.40082697189709016
LEFTY1,-0.9237097025492864
CXCL2,0.2637827855055047
PYY,0.4024167805362949
CCL5,-0.0422627995071037
TAS2R20,1.3275359118612784
INSL5,0.8844965702517836
TREM1,-0.7679841809015233
ITIH2,0.4130527538017414
S1PR3,1.2063972665582023
S1PR5,0.7494649022075589
S1PR4,0.3845639963012678
CFHR2,1.3406759625044324
TAAR5,-0.7483098804784262
TAAR8,-0.34715914286014615
SEMA6D,-0.7318556334385508
CHRM4,0.6896626079842616
CRHBP,-0.04551096444723022
TAS2R60,1.3207340460740553
RLN3,1.15781860919998
RORB,-0.977912641395314
FPR1,0.13894104576737012
FPR3,0.5263858152226291
ADCY4,0.5722754400198609
ADCY5,0.7211513484924951
ADCY6,0.05891473707212879
CXCL6,0.8365492466968633
CXCL9,-0.18601006068918327
NPY1R,1.1742595334151227
GALR3,1.2303428282184754
GALR2,1.1241790931973068
GALR1,1.2379592016026482
ADORA3,1.4660971062131085
PRLR,-0.5472720800204035
KRTAP4-7,-0.7759486067345164
GNAZ,0.49101459249996765
NPBWR1,1.1074265039627857
GRK4,-0.7482560021254812
CCR3,0.47940839022681164
CCR5,-0.10300224403488506
CCR6,0.8682406736460458
CCR8,0.7022958562961912
NPY4R,1.2820129225694012
BEAN1,-0.7566636173416103
C3,0.09600970519387814
C5,0.6860464459478899
TAS2R39,1.3098892388535885
OR1E2,-0.41996097759614903
OR1E1,-0.48604736990850594
PNOC,1.0171275094893903
OR7A17,-0.8460006977004094
GPSM1,1.414521665649094
OR2J2,-0.7638595531524978
ADGRE3,-1.1597472562811293
ADCYAP1R1,-0.8909574465888825
PI15,0.1100665906704268
LINC01587,-0.9023022110280442
HTR1D,0.7745794449480112
UPB1,1.583460519753437
GRK7,-0.3515252334761196
RXFP4,1.2588317819583885
GRK1,0.3715112656454036
KCNMB4,-1.0279828781536378
IFNA10,-1.0901957275070193
DCHS2,-0.9585390811550942
HCAR2,1.2995254336749098
HCAR1,1.5026820487334351
APLN,1.4429973063334767
TRIM49,-0.7020293753644764
MTNR1A,0.7860974147107911
OR7C1,-0.49644867325302094
OR11A1,-0.9246704312981477
OXGR1,1.3142982890051844
SUCNR1,1.326150494684053
TAS2R30,1.3314672423160465
TAS2R31,1.327036260510714
CORT,0.9493600795625737
CCL11,0.38080307103162714
CCL16,1.5033059346336601
TAS2R43,1.3205057493135695
TAS2R42,0.5461750048456211
TAS2R41,1.051292725567609
TAS2R40,1.3233091407913824
TAS2R46,1.3292489538760042
PF4,0.5830664239091274
GPR55,1.2537533783022201
ATF7,-0.6509502539064085
FBH1,-0.3438625889956886
KDM2B,0.02575280731519057
FBXL6,-0.36132954598722516
FBXL17,-0.00914917148741327
ASTN2,-0.5930751974817591
ECT2L,2.5152622067180865
PRAME,-0.6729372256772749
FBXO45,0.12330897005769116
FBXO47,1.5858898998692301
FBXO42,-0.36278193374496087
XKR8,-0.7968904697618167
FBXO36,2.148984802514503
CBWD3,0.8122099952510234
PPP4R3B,-0.052710372593587414
PPP1R37,-0.5528286462186588
XPNPEP1,0.1339541889628517
SH3BP1,-0.9175287153997232
SSU72,-0.36806660818371156
C1orf131,0.43072079806678004
SIKE1,1.9894555510694567
EEF1AKMT3,0.12408256032759184
SH3YL1,2.0913675623177843
ATE1,-0.24473728670418488
ACAD10,2.238835997582477
ARHGAP44,-0.41149424836734927
TSEN15,-0.0006698476908599506
TCTEX1D2,-0.18603489163400894
IL1RL1,-0.8349124051301796
CYP2W1,0.036230671830777404
CYP4F2,1.242818016202663
CYP4F3,1.2965775675664561
CYP3A43,1.1080213295011472
CYP2F1,1.1498841034973404
CYP4F12,0.44981553604516733
CYP39A1,1.0382427355690644
TBXAS1,-0.6452835743125919
PHEX,-0.3273363433559241
BGLAP,-0.44411815439039115
GC,1.2089454717554466
CYP4X1,0.9207834436484974
CYP27C1,1.00190692393636
CYP2U1,0.71320978839167
CYP2C8,1.3805156692941944
CYP26B1,0.5253785767725182
CYP4Z1,1.1455242359885762
CYP8B1,2.2632496659033223
CYP26C1,0.9033403049326098
CYP2J2,2.163052266269711
CYP4F11,2.0807626280522995
CYP4B1,0.7618342097458191
KCTD11,0.47618887577864316
MCTP2,-0.3097752035769458
CYP2B6,1.1700910237154833
CITED1,-0.7177079501174725
CYP20A1,0.6540003830973394
CYP4F22,1.0476735433155926
CYP1A2,1.3879016514966123
CYP24A1,0.23286476638785206
GCAT,1.2133961232931496
KL,0.988524681965856
DEFB4A,-0.7266336295125874
CYP4A22,0.7111871941088151
CUBN,0.48566770506091134
CYP4V2,1.4862015384315912
CYP7B1,0.4231549292986126
BAAT,2.1148877322787665
CYP2C18,0.9076739920484455
BCORL1,-0.5532547451865861
DVL2,-0.9849609417148547
KLHL10,0.471387677760592
KLHL14,-1.1503644017943178
ZBTB42,-0.8451622325482241
SUFU,-0.5247818503884263
KIAA1671,0.16979764603142858
ZBTB46,-0.408615689789671
GPR101,-0.3977793584306554
DISC1,-0.9086685969872536
THSD4,-0.6392000116427387
BMPR1B,-0.21894731778562387
OASL,-0.9665699649069405
CBFA2T2,-0.8034364093020341
ZNF843,1.109640516102437
SIRT5,-0.45603598849741744
ING4,-0.3572136801680873
EFHC2,-0.10143679166361257
ING1,-0.6527980828798211
PHF23,-0.6803901937476363
ZNF775,-1.3336686733383454
PHF2,-0.6634985101023084
TET1,-1.2081175687974435
DGAT2L6,1.1449809158713138
TMEM239,0.405192684639877
ZBTB22,-0.7060038008324486
ABCB9,0.1399302202573764
NACC1,-0.8012525253483969
PPP2R2C,-0.32748488598113584
ZBTB45,-1.483844793504468
ZNF653,-0.09095191866512235
CDRT1,-0.1462922768830709
AMZ1,-0.3840901341319976
NKX6-1,-1.1066007804837246
VWA7,-1.201151041957976
MTUS2,-0.5174378966236249
GPR21,-0.6667013388759644
ACSF3,1.4661549576397226
NOTCH2NLA,-0.7298830456152661
TRMT2B,-0.7782362867523696
MAGEA1,2.440473587910215
MID2,-0.830655814435298
GPR137,-0.8144077565270434
FAAP24,-0.5436113574642658
TRAF1,1.7243009716910338
KIAA0556,-0.8890962318283706
KRT40,0.4875629286090176
ARHGEF38,-0.8877316682728746
PIGQ,-0.6785297931000903
RALGAPA2,-0.033281887315887645
DDI1,-0.8348955264966128
MTMR7,4.666352975315052
FRY,-0.6381678656373376
NKIRAS2,-0.02329200937675549
TBC1D14,-1.0787967847181639
GLT1D1,-0.7213095044068122
STEAP4,-0.8774919972437084
GHDC,0.010084641640321846
POPDC2,-0.5770872011944578
CYB561A3,-0.3298811208137643
ABHD14B,0.3473996429729311
CHRNA9,-0.5379261220439815
BRAT1,-0.8556837577991195
CAMSAP3,-0.28183609382885355
TKFC,2.842160003779693
TMEM219,2.222913656245569
SDK1,-0.4407924421476609
IGSF22,-0.4084637145048428
ROBO2,-0.3883073412067793
DSCAML1,0.2165506894274192
MACROD2,-0.5959768879597414
SDK2,-0.39445526876931075
VMAC,-0.9318841557529974
CNTN5,-0.33309776446133077
CNTN3,-0.5872301788697998
CNTN4,0.19604951773690052
DNAI1,-0.1432900368755719
CEACAM21,-0.23878341050865856
FCRL3,-1.0695646475688394
IL13RA2,-0.5777522632595432
TMEM30B,-0.7308517568254335
ORMDL3,0.7745704121624871
ROBO3,-0.8983649418820924
EPHX3,0.6916325127984472
C9orf43,-0.7881906571950575
SPEM2,-0.8202657004100243
TMCO2,-0.7397456788872776
MROH7,-1.005776472619378
SAMD15,-1.1251976164637694
TKTL2,-0.49285244611685164
SYCE3,-0.9328246369046092
TPPP2,-1.0330946205253189
COX8C,-0.9058726300771992
ZSWIM2,-0.7193252612386437
ARMC12,-0.8076065512909507
ZPBP2,-1.0210389632092502
CCDC70,-0.9675695751183349
FNDC11,-0.9795613244949573
RGSL1,-1.2076279979053444
CCDC96,-0.2557857562212383
ACTL10,-0.5293231804752525
TTC23L,-0.8754525964068423
RBM46,-1.1047614192476691
STARD6,-0.7244101585773121
C9orf57,-0.935212783706548
DMRTB1,-1.2307775543872583
AL163195.3,-1.002678454579789
PGK2,-0.6989104284377557
SPATA17,-0.7271265791137085
SPATA19,-0.9792083569877748
C10orf62,-1.0758496028954805
FAM47B,-1.0743638531710873
C20orf144,-0.9675823894315204
IQCF5,-1.0839058737426737
CCDC42,-1.0397473471130918
DNAJB8,-0.8338886769409521
TSACC,-1.022827283228662
ODF3L1,-1.0239325766699048
CCDC38,-0.9562969157839823
SYCP3,-0.8936199157680526
SPERT,-0.14170726911762807
RNF148,-1.0113361465118427
PRM1,-1.096052196656071
SEPT12,-0.9289924676874012
REC114,-1.0595049542014279
HMGB4,-1.071676132374322
RBMXL2,-0.9488161381069107
ZMYND12,-0.6279198005865084
DYDC1,-0.9736999869458848
GOLGA6L2,-1.0551514298360818
TRIML1,-0.7408281523653849
TMEM225,-0.8810056601272495
TTLL2,-1.0284385862819023
C14orf39,-0.5222671271802266
PCP2,-1.013328496740549
DEFB123,-0.9926480143198326
KIRREL3-AS3,0.518282983736292
WNT3,-0.2402568427137698
PRKD1,-0.7526329050480993
CCL1,-1.0477474937865028
CEACAM5,-0.2643041648769494
DNAH9,-0.6977848798604255
ALX1,-0.8708636783795926
FFAR4,0.04340797602524737
DDC,3.4505439363875827
TBX5,-1.142229076113198
REG1B,-0.7805051155800206
HTR4,-0.8971262070441351
GPR1,-0.8757074177290777
PSG2,-0.8495590156820474
ADGRG2,-0.9260614173258273
FZD9,0.6351313791915542
FZD5,0.5002317087153212
FZD7,0.07076525797959744
CGA,0.9024819176989974
FGF14,-0.9105918379742483
ADORA2A,0.5001842087999462
TPRN,-0.3823534759392745
WHRN,-0.799781563687343
PPP1R3A,-0.4860078488974009
CLIC6,0.28231106508048154
CCDC85C,-0.378810909568285
AC003688.1,-0.7056677225528721
CLDN16,-0.4004060282479167
CLDN17,-1.3381634676642506
CLDN14,-0.6250809640821471
CLDN15,-0.6557356190183489
CLDN23,-0.6398629443314002
CLDN22,-0.826309890283936
CLDN18,0.6720238344440158
CLDN19,-0.6198448539912775
CLDN25,-0.7883246009816606
CLDN24,-0.7883246009816606
CLDN20,-0.8686874740354972
CLDN6,-1.1057880179923607
RAPGEF1,-0.7136371945030523
MTMR2,1.4621970757578142
GPATCH3,-0.30789192958322964
DNAJB12,-0.42294630366868746
FPGS,-0.501850548402116
VKORC1,-0.23732979986590957
BCL7C,-0.49805554425505344
PLEKHM2,-0.6190576546654334
MCAT,-0.04470704461553963
TOLLIP,-0.5120175501591543
POMGNT1,0.23440537466962078
ST6GALNAC4,-0.8421420823107262
PEX10,1.1714019882973765
MUL1,3.9858077326039494
INKA2,0.3315660085510727
CEP128,1.4189746862467063
CDC42BPA,-0.42224018341681135
INKA1,-0.82602825172004
PAK5,-0.6780668715211947
CHST9,-0.657412520835638
CHST2,-0.5588449361212284
CHST10,-0.3786486943990594
CHST13,-0.15398739665980607
CHST12,-0.07685491953622944
LRP6,-0.5682160724409503
CHST14,-0.22061548063844963
CSPG5,-0.5675819938341594
HS6ST1,-0.6667751493963984
HS6ST2,-0.39582021823242813
HS6ST3,-0.45466981270082435
SYTL5,-0.24333438917902925
PKP1,-1.1233610453429552
MS4A1,-0.7256833477612135
RADX,0.10567327075483493
NSG1,-0.8613998798221354
GP6,-0.9961281426821598
ENPP1,0.04149947338909222
FLRT2,-0.9058185501609143
KLK1,0.22475415071486604
SUMF2,-0.6874737454201716
CCM2,-1.2788165253124113
C1QL1,-1.2829704316449537
F12,1.3456332808086249
SLC39A2,-0.16884757401119846
HOXA11,-1.0910289418763346
PAX8,-1.0318750805583192
LRP2,0.6753365691183981
IGSF1,-0.4748800551026339
SOX3,-0.8630661124223252
ARHGAP6,-1.1679800798830087
GRHL2,-1.0281154287359855
WNT5B,-0.11453166377435872
PEG10,1.5718836403832461
APOD,1.028657339857842
CEP170P1,-0.312419222343057
PTPRZ1,-1.0167569278620048
NHS,0.48893649441884346
ATG4A,0.05507211056883802
SLC25A14,2.3991098443716594
CPLANE1,-0.5373289334095124
ADGRG6,-0.40956711920735456
AL139011.2,4.7262311912744375
PPP1R14A,-0.32520417538480245
GAS2,2.1535351696641283
CELSR2,-0.5880204622877091
GLRB,0.4322972413210297
NUP62CL,0.33137401176861087
PSD3,0.14365638341905476
NME5,1.0097285060616434
AMMECR1,-0.3097832409972602
LIMCH1,-0.2926652825365243
SCNN1B,-1.091183063261617
PLCE1,-0.7075689902376822
GLCE,0.11902862583840293
TOM1L1,2.697347244263819
NAV3,-0.9076762031739529
HOXC6,-0.6835586786690817
DLX5,-1.117880224201971
C1orf198,-0.5188174398120161
SPOCK3,-1.0610715889873923
VPS26B,-0.0683819169905093
SERPINA7,0.8889981852372861
PDGFD,0.06005868175634796
USH1C,-0.6791053578765374
SLC15A2,-0.6638563852869956
SAA2,-0.3232872407571438
PTGDS,-0.8865782830206637
PAX7,-0.3379638531622511
PAX2,-0.911542929377031
ATP6V0A4,-0.333865636913016
SLC22A2,3.0559123880569956
FMO3,1.7492634252251167
MCC,-0.8685941219249379
MMP19,-1.0790445847332322
HFE,-0.4916414994072758
FGF12,-1.0322755214182784
ARSE,0.5002687154474283
PLA2R1,-0.5059653755364568
ID4,-0.6995110501838129
CPED1,-0.7850054595057823
DPT,-0.6421062058092444
DKK2,-0.8626533564672381
EYA4,-1.2185835384647363
KERA,-0.638575636081132
ABCC6,0.25503632681446786
KRT33B,-0.9490104261903366
LHX1,-0.9753649920470011
PTGDR,0.8155915486028401
GPRASP1,-0.03967750104437025
EMID1,-0.9799680352102218
CA1,-0.6487341201384016
RASAL1,-0.892262875546887
ADAMTS6,-0.31097862861793174
INSL4,-0.8282732582268943
DMBT1,-0.9291940857177461
VN1R1,-0.8077445582242508
AFM,1.1988229207232193
MAGEB2,-1.0139909437183519
SLC22A11,-0.2451626063986386
CLCNKB,0.48033171082587023
CLEC4M,-0.6417973077381112
HOXD4,-0.9696964055505843
SCNN1G,-0.8921489611116897
FCN2,1.4146838820096355
PAX9,-1.308104856930636
NAA11,-0.9305972283169863
KRT85,-0.9683385669617093
ADRB1,0.7903351376791805
CDH16,3.263286907459762
POU3F4,-1.1477112258436388
USH2A,-0.8672273750898111
SFTPA2,-0.3884162435896078
ANKRD34C,-0.5646435808796344
CRYAA,0.011384247359389693
UMOD,-0.5016864146744547
MFGE8,-0.634598309715913
CELA2B,0.48688263290302386
ARHGEF17,-0.6277155956905155
TMEM184B,-0.12073280483324432
CLPSL1,-0.39748661380666805
SOX18,-1.2111392993520758
FARP1,-0.3461229999930239
GPX7,1.3199772584137912
RETN,-0.5352961033784115
KIRREL1,-0.8456914502180134
MXRA7,-0.039960992238444466
ERG,-1.1369398542281721
NDUFA4L2,-0.5153399518779898
SPON2,-0.944840800651735
SHOX2,-1.2048424209588102
ITLN2,-0.5812557083687799
EVA1B,-1.0679172124452603
FNDC1,-0.9675892163651764
TSC22D3,-0.6835279508705755
LPP,-0.5376094035776819
C1QB,-0.9774374622629249
STBD1,0.04252454527330487
VGLL3,-1.1504998811961367
SOX4,-1.1101418591247278
ARAP3,-0.5265831608983621
DCBLD1,2.182870039478979
SLC16A2,-0.1359496681704989
FKBP10,-0.17867646653107339
PLVAP,-0.9308194493228998
UNC5B,-1.0204792019611486
RASIP1,-0.933373703376271
UAP1L1,-0.6116880310942959
RARRES2,0.7830025432286452
CDH6,-1.0873761104394126
MYO10,-0.6007801175703286
MID1,1.5087686736409789
FGL1,2.009983397814675
SLCO2A1,-0.37055439961684267
RAB34,-0.32170511501643473
AOC3,-0.2826022813201157
CCDC102B,-0.505083214356763
NDST1,-0.6295370271452861
BMP3,-0.9619068078189694
HYAL2,-0.6539112126477336
CCDC80,-1.0740412097322094
ROBO4,-1.082261114555956
EGFL7,-1.170281805382147
TBC1D1,-0.47401459852269584
SGCE,-0.4051456758408178
ID3,-1.1002346021759308
GJD3,-0.09905476980000323
MSC,-0.9443870555596487
SERPINA6,1.0651508704448582
VWA1,-0.6307796671318823
GLIPR2,0.40010135900018223
PTPRG,-0.7461202257710788
CSRP2,2.4895372461267176
ADAMTS9,-0.8825519242190868
C1QA,-1.0303345810711024
SAA4,0.6135305505024865
PCDH12,-0.5988865619067484
SVIL,-0.2454569436849623
CDR2L,-0.5890808427688332
INHBB,-0.7897702409297892
SPESP1,-1.0786626617974318
APOLD1,-0.9728141650589799
CYBRD1,0.2490548561842283
COCH,-0.04687316746513067
LIPG,0.46923838482961683
MYCT1,-1.1094792018200912
GASK1B,-0.6416404843465651
NXN,-0.44859085136549504
IKBIP,-0.13292335576380956
HEPH,-0.08270737609395738
TINAG,0.6248259718874491
OR8J3,-0.47332156398383685
OR4C15,-0.47200229797141346
STK10,-1.4599689219958634
TYROBP,-1.16334235876322
ZDHHC12,-0.8786070034368991
GMIP,-1.1549946670273512
CDA,-0.8516991366095001
NPL,0.7150058520354277
PRR13,-0.41873698906703055
TNFSF13,-0.7409775699985048
MGST2,1.1149964592204764
EDC3,-0.19038443322270238
TMEM127,-0.5806351431525701
GLMP,0.012741071073001549
HOXB6,-0.9521047075520257
FTL,-0.6637381366746958
SDF2,0.14912305209627977
BCL2A1,-1.031092596547451
FRAT1,0.1508928713087189
ATXN7,-0.8867421365031024
SMAD9,-0.48399714980846165
OTUD5,-0.17710361119838108
NADSYN1,0.9225815459916386
GFI1B,-0.30130173836584045
SHISA5,-1.089536832151944
STN1,-0.35252647699735645
N4BP1,-0.14275145544593704
MS4A6A,-0.9940043342393392
ABR,-0.9067622677474519
ARSA,-0.6462073403635623
SIDT2,-0.272848006172118
MAN1B1,-0.674910407549669
HPS1,-0.3348688862208104
VSIR,-1.1647313288797208
PLBD1,-0.4809118721008103
TMUB2,-0.15178821235565135
ADAMTSL1,-0.479136429512349
TADA2A,-1.1969104683915526
TNFSF12,-0.6068913261963169
TREM2,-1.1184613120278784
TXNIP,-0.5754722738099831
PPDPF,-1.0317218540067348
ADAP2,-1.0286427951613095
NAGLU,-0.21952366521865574
BTD,1.3484872408851605
MFSD10,-1.126001882581677
IFI6,-1.03061230912221
HS1BP3,1.089794038060148
ACP5,-0.7016748557186997
BMT2,0.5448444344567315
LOC100653049,0.5328697482792161
CYBB,0.20861170529378686
IFI27,-1.012949438752688
RNPEPL1,-1.0420381535821182
CCDC92,-0.3193341594694022
C11orf68,-0.8095758609612209
TRPV2,-1.1782264192925311
FAM131C,0.5532716513412493
KRTAP1-5,-0.5299950400792888
CTSF,-0.5417904344432503
TRPM4,-0.617338504423131
SECTM1,-1.1338565828341016
MAFB,-1.0045419606699868
PRKAB2,-0.38316482239920113
BST2,-0.8235637439486361
LGMN,-0.6293196207375762
LAMTOR1,-0.19136314250516748
SRGN,-1.0140609298145997
GMFG,-1.269918570497563
WBP1L,-0.4018153264418308
SLPI,-0.2999301826766544
KRTAP11-1,-0.7881175651874268
PLAAT4,-0.9827537326298204
STX10,-0.3394618533786519
KRTAP15-1,-0.8032949986604387
MICU1,3.6777853462298875
CALCOCO1,0.225147397624046
ZFP41,-0.43925893301739954
ZDHHC24,-0.9374974873039629
ANO10,0.2340899644508074
CPNE2,0.7960068630033764
MAN2B2,1.4051521121341874
S100A13,-0.23712875575413844
LYZ,-1.0993248562641067
TTYH3,-0.7439523122637318
IFI35,-1.0527502490398328
OAS1,-0.9435577834688101
MAGED2,-0.4334845279841021
CCDC69,1.5920606655544416
TMEM115,-0.43265975503738996
GNPTG,-0.24992731224139914
FLYWCH2,-0.35365075430586834
DLX2,-0.9233983695431487
FAM102A,-0.8723364641563175
APH1B,-0.4873483680584489
FAM207A,-0.7058203697609314
BSCL2,0.7318371039390548
ABCG1,-0.16900183557003792
AC113554.2,2.340780743609385
RETSAT,4.744404894003488
SIL1,-0.41129571385202834
TOR4A,-1.3397904173229858
INAVA,-0.47232595528747373
PYCARD,-0.8559949683605527
LRP10,-0.801915109044503
ULK1,-0.7977971547038784
MCOLN1,-0.708161291838827
SULT1B1,-0.15250181365411883
CHSY3,0.25138647755334315
SBF1,-0.8853182607117197
NDST2,-0.41779806672103853
NDST4,-0.6672110817909712
SULT1E1,3.527318197454169
SULT1C3,0.15564616174978332
NFATC4,-1.1171740127055692
SULT1C4,0.06986722062801023
CHST6,-0.2591405691300405
HS3ST3B1,-0.33354945259210594
VSNL1,-0.4495239989434131
CHST5,-0.09757693996650048
SULT6B1,0.28078551647893313
SCRG1,1.3500704687154046
DIP2C,0.3014572545501141
SULT1A1,0.12806851895987695
BPNT1,0.32494082232168287
HS3ST6,-0.025044291670553748
HS3ST4,-0.043672320666325475
HS3ST1,-0.2438953721120954
HS3ST3A1,0.014232904474333133
SULT2A1,0.9055600067871059
IFNAR2,-1.0095101196982428
ZBTB32,-1.160920820551679
GAL3ST1,0.1497682640651997
ADAM19,-1.2279806550682764
GAL3ST3,-0.7355316326737139
GAL3ST4,0.12985504025530661
GCNT1,0.1240899212722177
CFAP74,-0.9545181408997726
REG4,-0.9191815112854768
CLRN3,-0.5244791714940895
TMEM125,-0.38626197581869254
ZG16,0.3573608545287248
ADTRP,-0.6991199267140973
ATAT1,-0.5583260078618539
GSTM2,5.563839626857477
SLC28A3,-0.6051442049059546
PCDH11X,-0.8987167778870003
MUC1,-0.7247432542742446
MUC7,0.0035069575865775454
MUC19,0.2240248879052387
MUC17,0.06464855025477574
MUC16,0.03412482087039976
MUC15,0.37121410102826347
MUC13,-0.06846887665193116
MUC12,0.23043520855067062
LECT2,0.7615280593879086
GPR15,-0.6880215213180094
CDH10,-0.6447328530218135
KYAT1,2.365147342426235
GJA5,-1.1554608432363482
SLC17A4,-0.35711467868469093
F9,0.7974280588931018
TEX13B,-0.7405791423939536
TM4SF4,-0.04733073225345206
SLC45A2,-1.2819352334358678
TRIM15,-1.0963246097152455
USP29,-0.8920607608982225
LBP,0.587679399269049
B3GNT3,-0.2652059876768297
IQCA1,-0.6625029563298793
EPS8L3,-0.9335926926056414
PROZ,0.9746307805811119
GJD2,-1.0860213884333507
NHLH2,-1.1327325822540737
CA5A,0.7632642088370418
ASCL3,-0.6247114481967496
MUCL1,0.31334242439194476
MUC3A,0.19719401716472484
MUC3B,0.2908463272838511
WDR78,-0.5501386897858489
NECTIN4,-0.9237577363138897
CDY1,1.5986126884613308
CIDEC,-0.3156246272888747
PFKFB1,0.9337733135213326
MMP8,-0.9301076619150186
DEFB126,-0.8152651030814584
KRT37,0.5700687738077445
IL21,-0.8401250393766263
CNGB3,0.8197320818860914
GP5,-0.04910784848319403
MASP2,0.2992421838479697
PAX4,-1.129037282469004
PCDHGA9,-0.8389885712689267
PKNOX2,-0.2564477298955114
YY2,-1.3065253864914725
SLC10A1,0.6507326393438018
IL19,-0.7901134167090023
NEUROD4,-0.807799562382754
LENEP,-1.0020270053334825
IL1RAPL1,-1.0993198603229295
DCPS,0.9998802119633589
GCNT3,-0.4568435086506764
HAVCR1,-0.39232239037998207
MUC20,0.2334201256490449
MUC21,0.439349362527968
C6orf15,1.091270508959735
CELA3A,-0.3993333821179868
OR1A2,-0.8000345668796824
FOXK1,-0.8037026509473539
TRIM31,0.5427129214666673
SPRR1A,-1.1583205156268335
PLAC1,-0.36946166334552355
IL22RA1,-0.8196880162235012
MUC5B,-0.2668156580553491
PROX1,-0.850123031635828
TMPRSS5,-0.6770502634320381
ARMC4,-0.9759893743510035
SIGLEC6,-0.7835908060264113
GALNT10,-0.15510037644517502
ALG9,0.022885752808087693
B3GNT7,0.10484867059647274
DNAJC18,-0.4447949785546398
ST3GAL3,-0.7159784171422252
GLB1L2,0.5672048249129147
CD226,-0.9192088824191891
CDC42SE1,-0.3706083082529078
CRTAM,-0.9567570010575476
CSF3R,-1.0476214547738651
MS4A4A,-0.9086000403539186
MAF,-0.8245491042636719
LILRB3,-1.1235173987544242
LILRB2,-1.0872669973367262
LILRB1,-1.075047952731264
CCL22,-0.8986112690691388
GZMB,-1.1635155350520323
GZMH,0.6326702353864876
SIRPB1,-1.0702042174496798
TNFRSF10C,-0.9987024443604197
CLEC5A,-0.2175533310871324
IGSF6,-0.9717700728421241
IL3RA,-1.0695173746463082
PRAM1,-0.9038587294440832
LSP1,-0.9151503254531709
MPO,0.35337914027024275
IRF9,-1.2762655871570523
LILRA6,-1.2419673612349396
CFP,-1.0825655375607564
FCGR1A,-0.8961761020621133
GNLY,-1.1769890377553918
HLA-DRB5,-0.7001664002014365
CD300C,-1.265547058917002
CD300A,-1.0601901707604964
CLEC10A,-0.13046633347121173
CD300LF,-1.0027362489194085
SH3BP2,1.3841435422589188
APOBR,-1.3815110003220408
TNFSF8,-0.8718891497092087
SLAMF8,-0.9420416193346713
SLAMF7,-0.9515060327308168
ALOX15,-0.4203417671818699
IL18RAP,-0.9651454551020692
LILRB4,-0.8395644770208748
PDCD1LG2,-0.7559630308980297
AIM2,-0.6598604691785444
LILRA2,-1.4291159208949256
CLEC4A,-0.9056872428202577
CMKLR1,-1.023629236458043
PLA2G7,-0.32092782463124064
CTSW,-1.1318409303546748
FCER2,-1.1836253521550137
CSF2RB,-1.1665715953610543
FCN1,-0.9775718822580244
LAIR1,-0.8328925336036298
ARHGAP9,-0.9572926274157385
CLEC7A,-0.9517800569021533
NFE2,-0.08216381018784244
HLA-DQB2,-0.7845196379349093
CTLA4,-1.0077198988786804
SLCO2B1,-0.5362265283489994
MYO1F,-1.119163409431396
CD8B,-1.084683136988121
HLA-DOB,-1.217696910416012
ADGRE1,1.0569648707193742
ADGRE2,-1.1571902480343028
RGS1,-1.2085520693366183
S100A12,-0.9210374163158984
DPEP2,-0.9908341213958481
TFEC,-0.8813836256872475
CIITA,-1.2507869200424897
BEST1,-0.9992141047367917
NCF1,1.2871986403258908
TNFAIP8L2,-1.1031888952195834
ICOS,-1.122480876301852
RIN2,-0.532060612372996
CLEC4E,-0.9334741387686781
C1QC,-0.9133584656539732
DOK2,-1.220434816423509
IL18R1,-1.004641664299218
ABHD6,1.7983585115881435
PARS2,-0.13507146051200317
ABHD12,0.6645321810450144
DHTKD1,1.0188208524325562
ARL2BP,0.5294364724633325
MALSU1,1.955540051792125
SPG21,-0.044582680201131965
ABHD8,1.170374045760075
EPHX2,3.029467354275707
ABHD5,0.9115052410740139
INPP5K,-0.3767806789987597
SERHL2,0.8833673539733438
ZADH2,1.354673117467089
ABHD12B,1.600917985053728
NFS1,3.1130927346443538
ANKRD52,-0.3976758955424686
HIBADH,1.4163437447461835
LDAH,0.5209252353459063
CHCHD4,-0.01698450255065218
RTN4IP1,0.5449310480174162
ENOSF1,3.0528269658835505
CISD3,0.30021611862516867
IMMP1L,0.15596492206336288
UQCC1,-0.055016443365227256
EPDR1,0.08294810459014412
EPHX4,1.9518741477150134
NDUFAF7,0.4395836111797001
OXSM,2.6630425866092113
HACL1,5.6430935096098205
ABHD16B,0.8061143573615961
ABHD16A,4.318877652620255
PDSS2,0.794601910864048
TRIM68,0.17540832572521356
BPHL,2.0888275499132885
NIPSNAP1,2.2969155847723166
GON7,0.37198282436895125
CCNB1IP1,-0.15224553482274225
HDHD2,0.7983883699253753
MGLL,0.7815189852466218
C20orf194,0.25428195758148814
MAGEF1,0.18607791200967366
HSD17B8,0.6767755557124872
MCEE,1.0749897775090371
EFCAB7,-0.37417486975674835
ARMCX5,0.3842387615915263
OSGEPL1,0.5012464444158199
ANK3,-0.7474584265616484
COQ5,2.3832514734449655
COQ7,0.15180385715177983
COQ3,0.25684329300707515
OR8J1,-0.4840344024202537
OR10K2,-0.4753103799910702
OR8K1,-0.48466450950797785
OR5B17,-0.6260338999936148
OR6C3,-0.4807520273160816
OR6C1,-0.5917511598874899
OR5T3,-0.6282066924926185
OR4X1,-0.2728739813192124
GSC,-1.0163399329484746
IL12RB2,-0.8677891196846262
ZYG11B,0.6072626050528692
DPRX,-1.0557548120247051
FAM129A,-0.790406431157231
CTBP2,-0.004792918076275699
PRRX2,-1.2130107716813487
NOBOX,-1.2860065391766857
HESX1,-0.9127180420637028
VENTX,-1.3094802395632403
MNX1,-0.7628812401268056
DLX3,-0.9627956045667169
ANHX,-1.3035129606869467
ISX,-1.1546591483900859
TLE2,-0.9003746134686161
SCAF4,-0.46392768229876374
IL12A,-0.7955521323020837
DMBX1,-0.8483531391789041
UNCX,-0.8864550276753245
ALX4,-1.138186581286794
PELO,-0.4425741219377154
RAX2,-1.1650354579727564
CDC42EP2,-0.778603324894596
DRGX,-1.171030388378403
OTP,-0.8387548645869378
COX7B,0.14259213109035354
MT-CO2,0.21233357589094545
NDUFB2,0.07919785806375014
NDUFB11,0.14059650845695246
NDUFB7,-0.38170725674235684
NDUFA11,0.02237163274904235
COX6A1,-0.304781991269843
COX6B2,-0.8560422845164258
COX7B2,0.015486695881766774
SURF1,0.26339663029205834
COX14,0.057672869039098226
COX16,0.3022152385966302
MRPS36,0.031946019395123315
NDUFA3,2.769823612058801
NDUFA1,1.5201744747996286
IDH3G,1.3077403464311843
CCDC151,0.6954089603396497
COLEC11,-0.059171225009864915
CBWD1,-0.042285416177410176
SYT16,-0.394310862330239
WDYHV1,0.6964633354458756
PLGRKT,2.992806887076952
MCUR1,0.445600783303922
CCDC120,-0.622747182269195
DIABLO,1.6629330627252266
TICAM2,0.17981580588258522
LHX8,-0.5690449201965038
IRX5,-0.8342264011010491
IRX4,-1.0758440930436928
BANK1,-0.844345496386978
IRX3,-0.8586709921691098
TCF15,-1.1057128847390205
HHIP,-0.9100984431685678
TNFSF11,0.9598408702258464
PPP1R1B,-0.7064692645611299
SOX17,-1.3001224614707025
ZIC2,-1.0845723979596609
B3GLCT,0.08631485097179784
FOXJ1,-1.076545680886103
HES5,-1.1052397501482398
SESN3,-0.6384933806427787
RGMB,1.6468028707062978
RGMA,-0.8401847851614266
STRIP2,-0.5248560749465347
PPFIA4,-0.32070810022864704
TWIST2,-0.7538410676413102
SULF2,0.0941311536215172
VWCE,-0.987057542888514
PRSS12,-0.9764637354471369
NRTN,-1.2196093929679237
GDF7,-0.47336699046161385
SIX1,-0.9208219642460617
KIRREL3,-1.054291281616391
CDON,-0.7785922628793083
FIG4,4.471364855772783
C1orf56,-0.4508267703186547
LY75,-0.9215358941871102
NXPH2,-0.7171921573076383
SHISA9,-0.9971090802444205
WNT3A,-0.12716129013646735
MESP1,-1.082176687097907
HJV,-0.5343786337059669
ACVR2B,-0.8230286209720642
DLL1,-0.7061721375548302
SATB2,-0.9758328148138908
BMPER,-0.6013059219129927
SPTSSB,-0.07317674087751339
GREM1,-1.1073781281350505
APCDD1,-0.5279399227272117
INHBE,-0.37986002271920005
BMP8A,-0.9497488899775695
BMP8B,0.2616373174356007
GLB1L3,-0.7250287995472965
PCYT1B,-0.19483981511663878
FREM1,-1.4606674407032125
NPTX2,0.013946501803906145
TMEM71,-1.396756665127144
TSHZ1,-0.33871709075332324
PAX1,-1.0875001368117674
IMPG1,-1.0740449349853107
SIX6,-1.1817020559548304
MEOX1,-0.7268159287967653
THSD7A,-0.5656782928708711
SLC35D3,-0.2083658764134267
S100B,0.7157608195903226
GDF6,-0.48125340362694785
ZFP42,-0.3096220527803733
PCP4L1,-1.0453685724303974
WNT2B,-0.47231421557123926
CRIM1,1.640009887979025
FXYD5,-1.4342075532226866
DELE1,1.1507698127356492
BOC,-0.14660365842646586
NKX2-5,-1.2821575511722128
WNT8A,-0.07886558393316853
BMP6,-0.8011901600714499
BARHL1,-1.4400960910164886
ZKSCAN5,-0.5801614913340324
SLAIN1,0.47876938408344655
AMH,-0.6993903495962726
CYGB,-0.957042940154736
PRSS35,0.8862602202981507
DLX6,-0.854272850661906
DLX1,-1.0312095588650836
SH2D5,-0.22943446643856738
LMX1A,-0.9794501516037086
HENMT1,0.22706955098454634
IL17RD,1.1675892082445252
SOST,0.27105024179943565
SOSTDC1,-0.8968544678083862
HEY2,-0.8913794787352398
FOXG1,-1.1217872512847207
PIFO,1.2824982957147106
LATS2,1.0561449819960929
FIBIN,-0.8128806061776628
GLI2,-1.3250920297050448
DGKE,0.34988770408198966
C1QTNF4,-0.9208286394083559
VAV3,-0.746678676173449
MBOAT4,-0.39621656018684726
SPART,0.4049784984022333
LRP12,0.09732034437146334
ARRDC3,0.1475783500970833
AL591806.3,-0.746874611496045
SNX7,0.47130923471768116
SHB,-1.020351658512311
AZGP1,1.6240997642168307
ONECUT1,0.35874450328623203
DNAJB4,-0.2450404876954629
ST3GAL1,-0.4608881467727591
SLC25A24,0.18831387134210503
TAGAP,-0.794111586585162
KRT3,-1.0204804130900345
OLR1,1.1626075790656765
NHLRC3,1.4515669445353032
F11R,-0.46300660490134726
KDSR,0.891562515157094
ERLEC1,0.29840731190011915
LYZL2,-0.7519619389180071
TBC1D12,-0.46752485492723334
GRAMD2B,0.06337261199783552
DSPP,0.7673863244985604
BLOC1S1,-0.10427490675592069
COMMD6,-0.04453275775737677
MT-ATP8,-0.024423267673370348
SELENOW,0.12282419864951288
MPC1,2.833491872028402
NDUFA10,0.3741682499832311
DMAC1,0.5811862295819643
HIGD2A,0.41312984095179084
AL133352.1,0.43991223173691985
NUDT2,0.18151566023409244
MAGEA2B,-0.2943661012668915
TOMM7,-0.22348623471753234
TOMM5,-0.3298519118537289
MRPL20,-0.2969959968955502
TRIAP1,-0.23977613992216473
PNPLA4,3.5637607744182787
ARV1,3.51588457803551
GNAS,0.047665247239477536
AAMDC,4.595216164731031
ANAPC16,0.07009206461600258
SPAG7,0.02990011736585751
GRHPR,2.3351256588917035
ECI1,1.8153059154841282
SMIM7,0.2270554953490518
C15orf48,0.16285590483249845
BAG4,1.8843538631158356
LETM2,-0.23379400948753948
PLPPR2,-0.9070426769192546
TMEM54,-0.09241663026494426
PLPP5,0.35691550513040177
ZNF518B,-0.5655916201646315
ZNF521,-1.1680718567082735
FAM170A,-0.5512466414671408
VSX2,-0.7930128517944723
SEMA4D,-0.9679208250999335
POU2AF1,-1.2264437776005768
CCND3,-1.2764294852225408
CLEC2D,-0.5006282743036445
CD1B,-0.9155104990543645
VPREB3,-1.3930133155030207
NKG7,-1.0486381303684709
GZMM,-0.9302578319264557
ZNF831,-1.2750128568864438
APOBEC3G,-1.120958132068093
APOL6,-1.0539891538041528
APOL3,-1.1810706496072942
APOL1,-0.7453779372408934
IFI44,-1.059626531803582
SYTL1,-1.2778068275957881
CHI3L2,-1.3517543016858504
NFATC2,-0.9200916807384248
G0S2,-0.4743356049631868
IRF7,-1.189839056352115
CD96,-1.0021198725964695
TMC8,-0.7930742762174303
SCML4,-0.9381596792667007
ARHGAP30,-1.189255653275237
CPPED1,-0.5906510962283879
ZNF276,-1.2753472519469853
APBB1IP,-1.0292845064266891
AKNA,-1.691089013674209
SKAP1,-1.0302290978447937
HELB,-0.30611557656660543
ZBP1,-1.1141664951757697
MZB1,-1.263017724327888
MICB,-0.7904163742557659
LAX1,-1.1258928000679913
GIMAP7,-1.1005214150190379
IDO1,-0.8201332161279096
TMEM156,-1.8085503915551897
NLRC5,-1.239394934806849
MOB3A,-0.9470145801450442
ZNF862,-1.130327367545969
CCDC88C,-0.5842612391369489
TLR6,-1.2864182214501623
BATF,-1.2503702477141183
PREX1,-0.8214078206537071
BTN3A2,-1.0544738180543647
UNC13D,0.551670800614051
SIT1,-1.328159274506288
CCL17,-0.7630780396687082
RGS19,-1.290965873354814
OXNAD1,0.11827284442150987
UBASH3A,2.0023947514693363
RASA3,-0.39362320369857856
IL27RA,-1.1180799133263977
PVRIG,-1.1410422944031389
C4A,1.061387508576439
PIK3AP1,-1.0706272440770164
AHSP,-0.1399851648099386
PGLYRP1,-0.6861709356301432
HVCN1,-1.2560108576064104
GYPA,-0.5154712950681708
LPA,1.3730700336187147
CCL3,-0.7705648043494293
VSIG4,-0.9095523713824705
LAMP3,-0.9188911036297526
TM6SF1,-0.0030909069329823837
CHAMP1,-0.6687977923236613
PADI4,-1.2964971637694969
CIDEB,1.8068653898291787
CRLF2,-0.8472938201919544
NAALADL2,1.3239042823291696
FCAR,-0.9296581733997494
IL5,0.18228441062501913
C1S,-0.83908942987084
HLA-DQA2,-0.21396872413118584
AC018755.2,-1.1904634014065383
MPEG1,-1.1074543574668605
IL1R2,1.4400748702076829
MPL,-0.491447267400733
FCER1A,-0.7678374514789703
SNAP91,3.179398096336462
CHN2,-0.7437907294467109
NFE2L3,-0.5983865187861325
GSTA3,5.580934825375054
PTPRN2,-0.07565541526667216
BACH2,-0.8630121052380282
FAM30A,-1.2180415865725909
MAN1C1,-0.6254009860980045
BATF2,-0.9196769358067347
BEND5,-1.1143207664988066
SALL2,0.04033746209716868
NDP,1.1194189299353658
JDP2,-0.297834441079994
HNF4G,-0.1712759924138294
NR1D1,-0.45767495770121097
PPL,0.8453586794918401
PIK3C2G,-0.5981295609776569
KCNMB1,-1.0813247636448085
GREM2,-0.8660135115712082
CCN5,-0.8664072799651229
OTOGL,-0.7809239049991756
CGB5,-0.9959803646072928
CGB7,0.43846845265053547
CGB3,-1.0171284427552387
PDE1A,-0.8193375488046971
GPHA2,-0.38746559234162303
IGFBPL1,-0.7677290411912688
PTPRR,-0.7078357292702554
TCFL5,3.2739683564478725
TXNDC17,0.4373973380258013
ZDHHC11,-0.29872318211229004
SLC27A2,4.6171551757365705
RUBCN,-0.5611757088239663
ACVR1C,-0.681853152943118
GDF11,-0.5964118929369566
ERVV-1,-0.7076522249579926
CAMSAP1,-0.14719570683575403
NPHP1,-0.33612455986618206
BARX2,-1.2849993353648101
MAB21L1,-1.2110337416379704
GJB6,-0.4372693611518538
TOB2,-0.2428869249516134
CRISPLD1,5.649509928005745
LEFTY2,-0.9461910698408277
ARID1B,-0.6471118877186248
HEYL,-1.2114390941978432
FOXE1,-1.050222440213405
MTMR11,-1.4531769569448256
ZNF8,-0.46278565279391376
DHH,-0.2613990817941153
INHBC,-0.1770806557071145
ZSCAN4,-1.275692543276918
PNPLA2,0.41713592598116
MSTN,1.1584579342342751
TBX6,-1.277023412242765
CPXM2,-0.8308960464598912
VCPIP1,0.04900082335894304
EXPH5,0.01690634279933707
MCM3AP,-1.0356900028350242
GDF3,1.1623715780597572
GDF2,-0.7432830700907003
GDF1,-0.803385396826013
EYA2,-0.41160974109065473
CSH2,-0.8110321741691906
CSH1,-0.6474232922962291
BMP15,1.2183602369559239
RCOR2,-0.8492802550703776
BCAS4,1.1533532607456713
RERE,-0.9790853064914189
DNTTIP1,-0.6772363163217193
PHF12,-0.6874574597923656
ELMSAN1,-0.8426470716304038
MTA2,-0.9484265344139287
MTA3,-0.8669133011436869
MIER3,0.9393683459845771
MIER2,-0.37608929944201125
ZNF827,-0.9567039566048651
GATAD2B,-0.8117548571876861
LRATD2,-0.07067433657105081
PARP16,0.4712392280668249
RPS6KA2,-1.213706103059784
OLIG1,-0.972643060749432
AGGF1,1.7734130073149854
TSTD2,0.048002176296662015
SOCS6,2.2524851749846313
TRIM35,-0.15861929146419063
TGFBRAP1,-0.37221856348654225
PIAS4,-1.0409586886871336
TDGF1,-0.19503826776338415
VPS13D,-0.33907069018826835
ZSCAN10,-1.171398506955485
NUAK2,-0.5156586350593906
GLMN,-0.045628569193048266
MEX3B,0.018426690087399455
MAP3K13,-0.056510337575102904
SKOR2,-0.29315860669288824
EPC1,-0.8351154509835097
MSANTD3,0.9247547240184534
THRSP,0.07103764233811657
PKNOX1,0.09359541366632941
GPALPP1,0.4589121959856459
SALL4,-1.0597383403589002
IL23R,-0.9270067365630529
ELOVL5,0.47284320952815473
CWF19L2,2.9949246426178973
GTDC1,-0.45340872158014567
METTL4,0.26080719077535297
NKX3-2,-0.8364263801569892
DNMT3L,-0.7965594783454076
MYZAP,4.816822281189576
STIM2,-0.5421403134609843
E2F5,-0.3759689063857985
EID2,0.05240136391742195
GREB1,-0.42004011456302603
PARD3B,-0.28171977994474223
IL24,-0.7865615754464801
CBFA2T3,-0.9599175872759279
BCL9,-0.21750951278212413
STK11IP,-0.028860949415785563
TENM3,-0.36343588942076815
KDM6B,-1.3722487349821766
GOPC,-0.07786217048921867
RASA4,-1.11404845836966
TIAF1,-1.214840639347557
WDR35,-0.23169459634102174
TCTA,0.09145458471383908
C11orf54,1.025255899701175
NELFCD,-0.41871290553678353
PYGO1,-0.6330903102054721
PYGO2,-0.12226530845676238
TGIF2,-1.1204688210297213
ZNF652,-0.5368184819997037
USB1,-0.7711083237481722
HEMGN,-0.4733315688048546
STK35,0.8217065860829347
ZBED5,0.10879210210840418
CRYAB,-0.28010334487921024
CFC1,-1.46690359437076
ALDOC,1.3743866942979974
DCP1A,-0.39813505497329515
RAB3B,0.20188312662201963
TBX20,-0.662244156330215
ZMYM5,-0.31446413327252265
FAM169A,-0.1996268075767997
PUS7L,0.04318555256211376
DLG5,-0.4276822911725686
PLEKHO1,-0.7450711516071093
PCYOX1,0.8143493275607812
ZBTB8A,-0.5407300767022671
TBX19,-1.4270199517128255
VGLL4,-0.9103659669249843
SOX7,-0.3238043492089479
POU6F2,-1.1933607359644691
CSPP1,-0.024848099233841608
LSR,-0.5908672817369508
KMT2C,-0.945759331284845
IPPK,-0.2027500668258604
ZKSCAN1,-0.31865303862527167
RFXAP,0.4140480514985687
HOXA13,-0.8760073063493846
BTG3,-0.3359791848891971
HOXB8,-1.01562955668755
RPS6KA5,-0.44374404401905043
CLIC3,-0.3026962594230402
BARX1,-1.2656128268459501
HAND2,-1.239775051554413
RNF165,0.429300919965295
TNS3,-0.6299012550112051
TFAP2B,-0.6620756847523684
LOC102724428,0.299808397732327
PEX6,2.949634756058831
TAB3,-0.2725364521771345
ZMYM1,0.13885122248459447
DIPK2A,-0.43916618362871007
SLC39A5,0.23344359547033214
HERPUD1,-0.13265614028527437
CWH43,-0.8141775564792016
ZCCHC12,1.7467271221213168
KCNQ5,-0.742524594276502
SLC39A9,5.933017572770445
ZDHHC3,0.04773477382697934
VPS18,-0.17263259305289655
IRF2BP1,-0.8786059828977405
UNC5D,-0.9708016915676996
POLR2J2,-0.7443695784387525
FHL5,1.746552294272587
CTDSP1,-0.9686897217512627
MAST4,-1.3695452974523563
GMEB1,-0.7021480908757601
VEPH1,-0.31479113736999403
NEK11,-0.7857846236935123
UBXN1,-0.10522868849402482
BTBD2,-0.7212775010443992
PPP2R2D,0.0663936322737797
MCF2L,-0.5279254719175109
BEX3,3.8191836254853264
RGCC,-0.7080091590977714
MTMR1,-0.20762593887961034
GFER,-0.38239566700074656
MYOCD,-1.0185423507106641
SEMA6A,-0.6292268625988392
TPGS2,0.08404743047927345
SH2D2A,-1.2496330617782623
C22orf46,0.4478928269637017
FAM161B,0.3314866933945878
RNPC3,-0.6972346594754619
FAM83G,1.0315840147908784
GRIPAP1,-0.18985872508651414
C1orf116,-0.9901480152524038
ARSJ,0.19819906998276945
DPP10,0.011105898233980992
CCDC25,1.225443973177743
HSD17B3,0.45025514249938053
TRIM62,-0.20888258838311807
TCEAL6,1.751273942729241
MKS1,-0.17290732368543774
CORO2A,-0.34473809615559403
PBDC1,-0.1682585006298679
COMMD10,1.744406925194081
LDLRAD4,-0.5559057500770307
PTMS,-0.6941446973555297
PREX2,-0.293634228248488
TAF3,-0.4256555498328869
ZCCHC14,-0.8586549096419087
MMP13,-0.7162963808295347
IQSEC2,-1.1912602005419082
ZDHHC4,0.37368964785797243
EBI3,-1.0587408241759089
ST6GALNAC2,-0.6727735509175845
IL37,-0.754703966964772
RNASE12,-1.299679648636327
DHRS3,-0.01858940158836628
POU5F1B,-0.9138961482562553
UBL4A,-0.8466728061344663
DYNLRB2,-0.6908402877133322
GAS2L1,-0.6141359995872285
RSPH3,-0.18456315405753565
TNFRSF19,-0.8420721204232813
TEKT4,0.47954702371943403
R3HDML,-0.6136888385093524
TRANK1,-1.0967859337387924
C15orf39,-1.2407356722091145
KIAA1522,-0.04561692596177321
BCL9L,-0.6686105030892217
APMAP,0.652027962098768
CFDP1,0.5952127284665412
IL36RN,-1.1326102661888355
IP6K3,-0.5005761566187102
NOX4,1.1468541696985668
MN1,-0.698376540755985
TTC9,-1.451059509391329
KDM5C,-0.7632132423235554
HOXA10,-0.9726819498611522
PPP1R12C,-1.036738640207339
PDZRN3,-0.7559683753757841
SLC9A3R2,-0.7851434324896256
TBC1D10A,-0.72906035705418
SLX1B,-0.3542366184606588
SLX4IP,-0.5410179317358718
EME2,-0.6450060494447662
XRCC1,-0.8289114490777617
ZNF500,-1.255366997646158
SLX1A,-0.43533141083900945
CARS2,-0.09521951463310466
CCDC130,-0.7720906045443653
FANCE,1.9647501641999594
FANCB,-0.38414416295842807
FANCM,-0.616290395232502
APBA3,-0.8602011072267741
GEN1,-0.138650806678894
ZNF202,-0.6485505419597507
DCLRE1B,-0.46427000014774444
FAAP20,-0.5298569984090533
ZNF692,-1.1361413463915107
ATG4B,-0.4925459813985959
METTL21A,-0.012820840998544756
WDR73,0.29842485374
PCSK9,2.0008515590218745
MECR,0.4866621718940571
NRARP,-0.6772691949677458
AP1M2,-0.5875064721862334
KIAA0319,-0.004622571051750849
DNAJC6,0.22316645872021412
LDLRAP1,-0.38414373064612084
AP1S3,-0.046182192819242525
SYT8,0.34282927029058935
SYT9,0.015518347182870856
SLC2A8,0.8268456283550253
SYT2,0.04705955379035179
TBC1D8B,-0.351280182688047
FASTKD5,0.45927884117033324
SYT11,-0.3684095553258153
PACSIN1,-0.00429122327064881
FCHO1,-0.5323036901024606
SNX18,-0.1977353958365221
SGIP1,0.09880200226819548
COQ10B,-0.1470948272032223
MCF2L2,-0.7190120540084307
REPS2,0.021902719932379733
SPATA1,0.3915117908492713
TGM3,0.9536598664141495
KLK12,-0.7325844021430327
KLK13,-1.0366131032762687
KLK11,-0.7785625744996735
LRFN3,-0.56195478199172
IL36A,-1.1695538970907817
SLC16A10,0.3440118616608645
DIPK1A,0.3394324525554836
UMODL1,-1.1983932942882667
KLK5,-0.5461442465823695
FAT2,-0.675988479870145
PRSS27,2.3012655559658084
TYSND1,0.20796483128790846
SLC7A2,-0.16368249509030416
SEMA4F,-1.1055224983471588
HPR,0.9106189749985294
PRSS57,-0.3717136485849611
SERPINB13,0.5279048897967114
SPRR3,-1.01415834668084
AC011473.4,-0.3332052401876869
SPRR2D,0.24466691718391284
IMPG2,-0.9680042236184648
KRT78,-0.80568432235163
HTRA4,-0.5859532718064009
TMPRSS11A,-0.20224509841430807
TMPRSS11E,-0.744778834628708
TMPRSS11F,-0.6385164946863747
SLC39A3,1.9618175254250385
DSG3,-1.3368359193764254
GLTP,0.25787026153524467
GALNT11,0.2112888777218044
CAPN14,-0.9252649206160695
RHCG,-0.3912941824591665
A2ML1,-0.9305230246604198
DHFR2,-0.28387076884219953
GRHL3,-0.7560289323066169
GALNT12,-0.4228358148150377
GJB2,-0.8412827750249952
CNTNAP3B,-0.13390745118070618
SPINK5,-0.8827719156922718
FAM241B,-0.017350494980301653
ADGRF1,-0.6900773651365151
TMPRSS4,1.216144811815274
CRNN,-0.9162570257138113
GBP6,-0.5418698718820312
TMEM51,0.023378087585400036
FAM129B,3.0289448128242826
GPAT4,2.7467926455003226
NBEAL1,0.1960185461828501
SLC12A7,-0.6142019034295968
SLC12A6,-0.24574905527701477
SLC6A8,-0.552686018720841
ATP6AP1,-0.1416461021032833
FLCN,0.49154446616791236
AP4B1,0.021398076274562815
CASP5,-0.8784017683025553
FAF2,3.2293187757989794
USP50,0.03338455493880218
WASHC2C,0.07031331103625607
PACS1,-0.6745882334935219
SEMA4G,-0.1979334581068172
SMR3B,-1.0131699341288403
PRRG2,-0.5652869818778296
ACE2,2.14711631044591
DUSP21,0.9633638810786345
BNIPL,-1.0864390134049449
IAPP,-0.6846750809757198
OR2H2,-0.9322832130542655
CLCA4,-0.4463731334026793
SIM2,-0.7818406491047999
GJB5,-1.0744946103185693
CRISP1,-1.0409688248871152
DCSTAMP,-0.8501058019923796
FUT2,-0.6938955127296672
GSTA1,3.9551709579214602
SIX2,-0.7973876404485685
FGFBP1,-1.377211190635459
KLK4,-0.5103151043115337
RFX3,-0.8050999588032317
SEMA4A,-1.0707855572570149
TMEM40,-1.2748787957834147
LCN15,-0.8327004671557432
STH,0.5280882351146182
NUDT7,4.083965763036398
SERPIND1,2.1595726729106963
SCEL,-0.9126923312470094
TTC22,-1.1612884512274246
KEL,-0.20758041483078066
DKK4,-0.9285507846634206
RNF39,-0.8883442167274505
PRSS8,-0.7630484575988842
PADI3,-1.0042761243371936
ENDOU,-0.9935751709229489
KRT35,-1.0929396544629877
GPR35,-0.9878416032442919
CLCN5,0.23282119788123648
PRSS55,-0.9166565151019813
STX2,0.33454290221314537
IL36G,-0.8706178522824972
ECE2,-0.9611127776647599
KRT33A,-1.02498510036183
KRTDAP,-0.7141821389039666
SPINK7,-0.6552532709546521
SERPINI2,-0.16573635287112518
ZCCHC4,1.952558933376369
SPAG11B,-0.8038864092988489
KRT24,-0.826189701345564
TBXT,-1.0780142114225886
DLK2,-0.43836956724970916
NOX3,-0.5130999603296711
SERPINB10,1.4621972128154501
TMPRSS13,-0.5463319270447813
ALOX12,-0.41048365974321066
SPINK6,-1.0758846922494194
WSCD2,-1.0167758260192952
CNTNAP4,-0.7153498836692187
ELF5,-0.6133311924361253
TMPRSS2,0.8000360565873369
LUZP2,-0.502420337585446
ADAM20,-1.2555844035625314
KRT32,-1.0922646435084657
KLK14,0.523939364852326
UPK1B,-0.6112374556041668
VSIG10L,-0.42074111384831375
FCN3,-0.8727459616275685
PRSS42P,-0.6125289504281057
OPRPN,-0.7636419321248249
FIBCD1,-0.3999117453916648
SPRR2B,-1.0457099071152935
ZNF750,-0.8706574218992552
SERPINA10,1.2672790797151625
CNTNAP3,0.1894939584740289
VGLL1,-1.5932560617941753
C10orf99,-0.9746609553611965
CELA1,-0.3324930041990707
IGFL1,-1.051228717598917
SERPINA5,1.152883914637856
ALOX15B,-0.4118191891678165
PRSS45P,-0.6032374196902932
KLK15,-0.8101363352798677
PRSS48,-0.6552451404399445
PRSS38,-0.9048624579382015
TMPRSS9,-0.7241483761622612
TMPRSS12,-1.0421137593196823
TPSD1,0.6258022625371038
PRR14L,-0.4957579166588596
TMEM212,-0.6714995764677704
TECPR2,0.29902813343502593
RLN2,-0.32979329142800107
GPR32,-0.7301297336494854
RXFP1,-0.5782422533704222
GPR25,-0.6161289041824265
ADM2,-0.4283431790061462
RAMP1,-0.5492920607704183
PTH2R,3.4568559197309963
RXFP2,-0.8936637907533393
GPBAR1,-0.1224402010752085
MC3R,-0.4613556187241531
PTENP1,-0.3156679994303601
SLC22A3,0.684382499012007
GPR176,0.04458516238833113
GPR83,-0.2604358970118488
GPR84,-0.3926121242419396
TAAR6,-0.24651708728093005
TAAR1,-0.3771586497958185
GLP2R,-0.6102115842836716
GIPR,-0.7221402117874162
GPR45,-0.4992837570730966
CALCB,-0.4938636750227862
DHRSX,0.8025929995246415
PNPO,2.7846395889285627
SLC29A4,-0.5986380723935747
FCSK,0.0749837121134619
ABHD15,0.2538014820073838
TRPT1,-0.40526840272736686
SCRN2,1.49880323694302
MARC2,4.179662085919536
MXD4,-0.7484442382948786
DCXR,2.266205355481035
P4HTM,-0.4336024918507384
ZBED3,0.18977062628216318
DCAKD,-0.4930442821258069
NSMCE1,0.07359243120641049
OCEL1,0.24038308784798823
C8orf82,0.19681956316602076
RAD21L1,-0.9454008399657695
DRICH1,-0.9320615297047233
IZUMO1,-0.6369203565135694
FAM71D,-0.9713003099392664
SPATA46,-0.9793277509944404
ENTHD1,-0.6034643003752274
TEX29,-0.8858061793767492
KRT25,-1.0155491850306275
MCMDC2,-0.7393841826282481
C12orf40,-0.7699449558046594
CCDC158,-0.9844229480891964
SAXO1,-1.1694686780462444
KCTD19,-0.875889286666937
FAM24A,-1.1062961999764158
CAPN11,-1.0626856179289084
AL035460.1,-1.0843481126049181
TBC1D21,-0.9791985927279317
TEX44,-0.8504447359672307
TSPYL6,-0.7998829135097623
STAG3,-0.8644890307821356
FAM47A,-1.193466686686754
IQCF6,-0.9868784375926446
TEX19,-0.6460756303175775
TERB1,-0.9094516140364962
SYCE1,-0.6217153584143192
RNF151,-0.8538164883019377
CT47B1,-0.736612663022756
CCDC36,-0.5135768648512151
CCDC27,-0.7346569811881297
PLAC8L1,-0.8908848227504934
C11orf94,-0.8386351309322431
LCA5L,-0.6583725299012656
IQCF2,-1.078816275859176
TCP10L,-0.6720131036274697
SCP2D1,-0.9191476690366326
ANKRD60,-0.7449024112282985
DCAF4L2,-0.6418107856797345
BPY2B,-0.6630747412185544
REC8,-1.1688545556341894
FAM228A,-1.1521900960625484
SPATA3,-1.0880905972817163
PRIMPOL,0.7907909939159105
CCDC15,0.45081141375690564
FAM161A,1.7516137631457842
FRA10AC1,-0.4003043582480151
CCDC66,0.11066007524529642
TMEM116,2.7757162379850784
ABRAXAS1,-0.09143364797457132
SCRN3,1.092645242524894
ALG10B,0.1603225941009069
DIS3L,-0.23096089112096696
FAM149B1,1.502766838044367
TBCK,0.014602985296599995
ZCCHC9,0.03718312178716475
COA5,2.4988173288815005
DUS4L,0.3170990273334665
CNPY4,-0.3452594661293131
ARHGEF18,-0.8370195202096986
SNX5,-0.018778150620487325
TRIM56,2.9608736728705884
MYEF2,-0.7671006888448736
FAM117A,-0.9469274475753183
BTN2A2,-0.9519045367320598
SLC36A3,-0.36006038759949077
ZDHHC14,-0.37841346081167765
TGM7,-1.0807835264738908
TMEM104,-0.533047927440901
ZDHHC18,-0.8041291632142334
PIGC,2.823191914816375
MAFIP,-0.6500228916345363
PMFBP1,-1.0368049196754856
SLC38A11,-0.0730036505270584
SLC36A1,0.040437215125028646
ODF3,-1.113343639212041
SLC38A4,1.3993496558722673
SLC38A9,-0.06437261091742331
SLC38A8,-0.2709900140061963
ODF3L2,-0.4861956194458135
ODF4,-1.1555198444275832
HSDL1,0.6929446995507288
ICMT,-0.25148755473814943
AQP4,-0.6165997145130881
ZDHHC9,-0.21793569075294053
CCDC114,-0.18887999365823885
C16orf92,-1.1966658563502204
GDPD4,0.5855763323194234
REEP6,0.12636871829192298
RAP1GDS1,2.294559827982095
DCDC2,-0.32119064033029604
SPDYE4,-1.0260164131693992
GDPGP1,-0.22511766352490412
TRIM49C,-0.6177717721633009
MCM8,-0.41958211227605524
MRPS17,-0.21451081586110926
ZBTB9,-0.5313841122927987
SUMO1P1,-0.34281840002778835
MIPOL1,-0.10277477935963603
INCA1,-0.24714227953373014
MASTL,3.5068320513710596
BCL7A,-0.35215063420530507
GAS8,-0.2787477185232016
PRELID1,-0.4314570999709839
CCNJL,-0.9858422390553816
CDX4,-1.1540395431435155
CCNJ,-0.28663001182116066
CT45A1,1.1301778487097334
TMEM97,-0.07631749703338173
ESCO1,-0.24154601304428003
SLC47A1,0.2848742533932835
SLC38A5,1.1499408839769492
SLC38A3,-0.06383480616696606
SLC7A8,-0.2927723461790235
SLC7A3,-0.03934824299559298
SLC3A1,0.5658040971137562
ELOVL2,0.5560101001087381
SLC36A2,0.3382676110652991
ATP5F1EP2,0.35566588810367716
CLTRN,0.7531415460528464
ELOVL3,0.6494646248476292
SLC7A10,-0.5140840408881655
EXOG,-0.07271645801515259
TNFSF14,0.8839092996009088
ADAT1,0.2526347891680209
AK9,-0.08556129401527719
RIPPLY2,-0.6017672511583301
TUBB7P,-0.1730172776814371
HYI,3.005764219773131
HDHD3,0.6308708733025301
CRELD1,-0.42825710526730304
GSTM4,5.712486403546492
C4BPA,0.9175889117111085
TMEM222,-0.5473850948961317
IDUA,-0.9997003158477017
TRIM45,-0.19631976216607436
AVPI1,0.10557468286293785
ECHDC2,1.60628669232582
MROH2A,-0.5631218374724095
ERICH6,-0.9168379336294155
HSF5,-0.7809810075822801
PROCA1,-0.7737297332829262
FAM71A,-0.9448664929044645
TXNDC2,-0.8229834243509867
ROPN1B,-1.0076181755654443
TENT5D,-0.9986143066791345
SLC9C2,-0.7407702358329444
C5orf47,-1.0837371171180665
PPP1R36,-0.7915672980638956
SLCO6A1,-0.9382586306291759
TMCO5A,-0.9026864100906372
FANCD2OS,-0.9178079162258679
EXD1,-0.8682018245012335
ATXN3L,-1.0574098417333169
CHODL,-1.1459912919352413
TEKT5,-0.7309856459653267
C16orf78,-0.9787510678924091
CCDC54,-1.018586644419986
CNGA4,-0.7492645474067269
IQCF3,-1.092365900531697
DMRT1,-1.1403876263972343
UBL4B,-1.1592378563896475
CFAP97D1,-1.0328212358249593
MAGEC1,-0.899898944214909
SLC6A16,-0.9111879718963595
SPATA32,-1.0785991668758692
AKNAD1,-1.1885505109437795
LYZL1,-0.9821050991876251
NUTM1,-0.717334623563833
NUP210L,-1.0812863574076117
BPIFA3,-0.9219160336909347
BOD1L2,-0.8584303665090535
BANF2,-1.094149459062628
CALR3,-0.876291369827298
POM121L12,-1.1443915354560572
C1orf100,-1.0047318794365845
TEX36,-1.004093146081537
CCDC168,-1.1203890052286503
MGAT4D,-0.8242227645832497
TMEM31,-0.8817687622893661
H1FNT,-0.9275500719954536
HORMAD2,-0.9289554849438822
CATSPERE,-1.0869629921610806
PLAAT1,-0.7369772440957365
FAM9B,2.488644341834222
SRRM5,-1.0429277638935508
SMKR1,-1.120432446817406
C3orf22,-0.7021717169627503
CMTM2,-0.7385748890454441
SPATA4,-0.8124675779298066
ERICH5,-0.4664488978580363
IGHV4-34,-0.7697738003076174
IGLV2-8,-0.8352952476054776
IGKV5-2,-0.834378291599246
IGHG4,-0.777255983518083
IGHV3-11,-0.7697738003076173
IGHV3-13,-0.769773800307615
IGHG3,-0.9874334338737834
IGKV1D-39,-0.7859058671623097
IGKV1-33,-0.834378291599246
IGKV3-11,-0.834378291599246
IGKV3-15,-0.8343782915992459
IGHV3-7,-0.7697738003076174
IGHV2-70,-0.769773800307615
IGHG2,-0.7505603737959169
IGKV1-5,-0.7735453898576078
IGLV3-21,-0.8410855911669781
IGLV1-47,-0.8352952476054774
IGLV1-40,-0.8352952476054776
ELMO1,-1.1332787656543655
IGKV1-12,-0.8342322517362644
IGLV1-44,-0.8352952476054776
IGKV1-16,-0.834378291599246
IGKV1-17,-0.834378291599246
IGLV3-25,-0.8079959133102549
IGLC3,-0.983922219945777
IGLV6-57,-0.8402931198732325
IGLV3-27,-0.8352952476054774
VPREB1,-0.8829347756697499
IGKV1D-33,-0.7859058671623097
IGLV7-43,-0.8352952476054776
IGLV1-51,-0.8352952476054777
IGHV1-2,-0.770253044525461
IGKV1-39,-0.834378291599246
IGHV4-39,-0.769773800307615
IGKV3-20,-0.6867563523000714
IGKV2D-40,-0.7984952650256132
IGKV2-30,-0.834378291599246
IGKV4-1,-0.8498313281521435
IGHV3-48,-0.7469121249817829
IGLC6,-0.9779788934617294
IGLC7,-0.9839222199457744
IGLC1,-0.9523969866398887
IGLC2,-1.0180229793906321
IGHV2-5,-0.769773800307615
IGLV3-19,-0.8368736867114559
IGKV3D-20,-0.834707052954217
IGHA2,-0.6287335465636374
C4B_2,-0.4477222976512749
IGHV1-46,-0.7697738003076152
IGHV4-59,-0.769773800307615
IGKV2D-28,-0.834728225422652
IGHV3-23,-0.7651563500539167
IGLV2-23,-0.8352952476054776
DAPP1,-0.7996158206971773
IGLV2-11,-0.8352952476054776
IGLV3-1,-0.8352952476054777
BLNK,-0.8482149546779685
FCAMR,-0.7971116484597525
IGKV2D-30,-0.8347070529542171
IGHV3-33,-0.7697738003076152
IGLV2-14,-0.8439682968310653
IGHV3-30,-0.7697738003076174
IGKV1D-16,-0.8438387330236959
IGKV2-28,-0.7860211662314455
IGKV1D-12,-0.834378291599246
IGHV1-69,-0.7697738003076172
IGHD,-0.7358431801624836
IGHE,-0.8859207520232346
IGHV3-53,-0.769773800307615
IGHM,-0.5425006023878425
ERICH3,-0.8206270883094579
CFAP299,-0.4664030483252909
FAM81B,-0.9696499911421848
LRRC46,-0.8816552456822399
DNAAF1,-0.9117291398152915
RGS22,-0.9136878384000412
ZBBX,-0.9708094189037959
CFAP300,-0.7373518205506114
C1orf87,-0.018204148037923033
LRRC73,-0.7998646751041781
DRC1,-0.2526092793799477
SPAG8,-0.8465778194466597
CASC1,-0.3732906872469853
IQCD,-0.7649766792776816
LRRC71,-0.7884431954193502
C1orf194,-0.6323418604303831
CCDC173,-0.8726907093939017
SPACA9,-0.8434221696859768
TMEM213,0.6092389322924873
DMRT2,-0.9956806782514646
TMEM174,1.0984021269180733
SLC4A9,-0.03191860009301556
SLC12A1,0.09972985377907431
TMEM207,1.0780391652532832
ATP6V0D2,0.19914964622119655
TMEM72,0.8681559943457026
GRAMD1C,0.35513101222487814
ALG11,0.04151071434146746
TMEM61,0.6092389322924613
TMEM52B,0.7848308459769417
SLC7A13,0.5459310308264587
ATP6V1G3,0.6738019280890286
ENTPD2,-1.043634042762758
ANXA10,-0.6034707304530799
ACSL6,2.252646997323491
SCNN1D,-0.39332277709957514
TDRP,-1.426940223311573
ITPK1,-0.708731995102224
KLHL35,-1.1197926099252262
C7orf69,-0.3219086398443944
SLC24A1,-0.4666138805265816
SLC25A42,0.1973382221085597
MLANA,-0.8593414212673391
MTG1,-0.5131947487415818
DPF3,-0.7339919649880883
GPR143,-0.865258833372162
POU6F1,-0.8194374863456079
FAM107A,1.579080228266493
TMEM154,-0.8650195316786449
DPEP1,-0.5053159518938504
MMP24,1.1928419917093782
GLRA3,-0.6634395217171064
C14orf119,-0.05749621867326184
UBXN11,-0.4758295827336676
CTAG1A,-0.28152998575590205
MORN3,0.16118875848282116
MRPL41,-0.2831417174072728
CHCHD1,1.3248205872493286
RAMAC,0.261697503239609
LAMTOR2,1.3507149130774172
EMC4,0.275581325116664
BEND7,0.044839604794073964
DECR2,2.132285792292253
SFT2D1,0.9127346720157549
PDZD11,0.170228067890578
PBX4,-1.0909180128822251
ARID3C,-0.7418293834348599
OCA2,-0.7401213838802265
AIFM2,-0.19709829563647743
HPSE2,-0.9266369481910219
GPX5,0.2755709246550704
CBARP,-0.8954204604214718
TLE6,-0.9447794968181565
GARNL3,-0.7196049807928839
S100A5,-1.123087042777146
TMEM151B,-0.8849392319541304
CNTF,-0.8969013706656935
HOXB13,-1.1652424706665305
FOXI1,-0.6900790408345104
NCAM2,-0.7759634487048725
ANGPT4,-1.1901080073347592
IL9R,-0.642777342470576
PDE11A,-1.0573213895915121
SAMD4B,-0.5898262890940061
CFHR4,0.8203674842119668
OR10H1,-0.9259013875350094
FCRLB,-1.3533468081552988
NXPE4,-0.6700357483168987
SNTG1,-0.5114024317243177
AQP8,-0.3040358943861076
GPA33,-0.49598650073936473
PRAMEF12,-0.526443262776509
KCNV2,-0.9985083768033054
RGL4,-0.655837692124952
HHIPL2,-0.8143219608929602
PRR34,-0.939215896193509
ADPRH,3.4041707315609426
CHIA,-0.5638030556595834
LALBA,-1.0343900733020823
C9,1.422891463796974
ACSS3,2.070845712893456
ADAM21,-0.8600331710162376
PEAK1,-0.6751119744419868
BPY2,-0.9499619739006328
RTP5,-1.1316954808901574
AMOT,-0.5107153404288921
C1orf105,-0.8577666251529775
DEFA1B,-0.6374973532559856
AKR1D1,2.9477929160469225
KCNK10,-0.6863727990554899
TEX13A,-0.5576390611049803
RLBP1,-0.9518200150580572
SLCO1A2,-0.07842460695828153
GPR135,-0.7559095684282439
EDA2R,-0.9934233541786979
GPR62,-0.5256811550523471
OTOF,-1.0157590220654662
GPR3,2.470078550828395
PDZD7,-1.3774036744225837
OR2F2,-0.4473917241283815
POGLUT1,0.3961551888902912
EN1,-0.7239323488197541
COX10,0.46027652123021673
SLC6A14,-0.8295848160533401
ART5,0.25728199887585695
RAB39B,-0.05051172925980502
ARSK,0.44175495293157313
HERC2P2,-0.5727201905855899
DNAJB13,-0.18684355280737044
FAM92A,-0.14975537643637096
RHCE,-0.17779369061625047
STAB2,-1.0142689439245993
NIPAL3,1.5898920538975945
RAB3IP,-0.3889797001508913
CEP104,-0.2458776637710305
PIH1D1,-0.6864962031597996
KIF24,-0.3023068759518331
LEMD2,-0.6268019309094816
C2CD3,1.1887924488744013
FKRP,1.1935988164200202
LIPH,-0.27394434236010146
CEP89,2.3017196669285616
AJUBA,-0.62386537198078
CEP78,-0.33308703652955024
DPPA3,-1.2626864831965001
SPRYD7,0.9098589442910084
B9D1,0.4542505958158178
TCTN1,-0.007486669067502702
SASS6,-0.2595342487969063
SDCCAG8,-0.1648921467936121
NPHP4,-0.8450969479805761
CEP162,-0.28873702762859
IQCN,-0.0013945215350917404
CEP41,-0.14646308187235751
ALG14,0.32759454784635417
CEP152,-0.49079381458560484
PIP4P1,0.47980966697909205
H3F3C,1.3809421793499237
AK3,-0.22298495701921942
C17orf49,-0.23392383773244657
ARHGEF10L,-1.1183395805139091
FEZ2,-0.03028931674203698
MICOS13,-0.2473059481024943
HIST2H2AA4,-0.618843644786182
AGPAT2,0.9494544926815955
TIMM17B,0.1008735625454484
OAZ2,-0.1552400336768917
C20orf27,-0.8832767811898581
LNX2,-0.32647930591405805
ASMTL,-0.20592750560272322
TBPL2,-0.7296246857197471
DGKZ,-0.8611858037168604
TSR3,-0.9742647834032154
C11orf49,0.4315196498287455
TSPYL4,2.4161543571129753
IL11RA,-0.5259087901228072
HES7,-0.6943161070770935
TRIM54,-0.4725700866681781
TMEM8B,-0.9218337099007685
CCDC136,-0.883869709570591
GSTA4,7.022831356636372
REXO1,-1.202703130988561
DMAP1,-0.3287765529047153
FADD,-0.8330778138310431
KIAA1958,0.7276280865547169
CNTROB,2.726623200618366
KXD1,-0.424514670554709
SSC5D,2.1727503470028453
MAGEA11,2.36168912785966
MSANTD4,0.8038292778296987
CDK11B,-0.7841972921442184
NMNAT3,-0.18647496689624274
SPOCD1,-0.6624603933848257
KANK2,-0.6250932102939061
PIH1D2,0.20394599636074084
LDOC1,-0.355968101886901
NECAB1,2.223849852132165
RNASE4,2.738616476077528
KCTD10,0.08830005657978679
TCEANC2,-0.1504843729985154
AGTRAP,2.2391165374294015
BHLHB9,-0.404549575322272
ZNF526,-0.7632513040380835
KCTD7,-0.4982319702237611
ELOA3,-0.2594002163872973
PNMA5,0.5469505690626898
HIGD1C,0.0658310254219222
NDRG2,0.33102245032330796
RPH3AL,-0.7830315317778039
ADH1A,1.3297937034961336
SETBP1,-0.8960542986497815
CHCHD7,0.36511414977422946
RGN,1.1322946569461239
NAPRT,0.3808810283581084
TMEM106C,0.01912882899854618
DUSP19,-0.6875058529009299
MEI1,-1.2133395424804865
CPNE5,-0.15939017509703227
ZYG11A,-0.19310357941620368
GATB,0.4019209272030375
MRPL14,-0.45427584206315486
FUNDC2,0.46761993791289014
PET100,0.22762290802257842
INMT,0.32020815248613205
ABCB7,2.340100387862079
CIDEA,0.05031928167362499
TOMM6,-0.20411725244258733
COX20,0.7332861795025563
MAGT1,0.29519002504000963
CISD2,0.4513171440439474
BCAP29,0.7061314128335143
BFAR,0.22326724930509764
TM7SF3,1.1951645644750235
CSNK1G1,-0.8162006377417803
MOB2,-0.8838600809194924
YEATS2,-0.3323894062109208
AC129492.3,0.8188118909688954
DUOXA2,-0.11169785217341141
ABCA12,-0.28649702896537343
ABCA13,0.7611428943082352
DUOX2,3.7030355799039407
NOXA1,-0.7148740189098546
MMP16,-1.1089704383136418
DIP2A,-0.5690562149345113
CCDC144A,-0.6262718462949286
BTBD18,-0.17793289368340745
FAM189A1,-0.8966353955839258
PCDHGA10,-1.010602076952634
SPTLC3,1.8210153175176012
CXorf21,-1.2282971119796313
TM7SF2,0.781382470231684
IRF2BP2,-0.022431048336235455
APOM,1.1449514593380052
PTPN3,-0.7733832236626317
B4GAT1,3.0542535155640462
DNAJC12,0.6097050289816014
MPND,-0.27903988549890246
RMDN3,5.562388170116204
TIGIT,-0.7495190907639491
SIRPG,-1.0632134965421878
KIRREL2,-0.9340573469988657
SLFN12,-0.8770001431483169
SLAMF6,-0.6559946319571518
KLRC3,-0.5535118556750616
OSTCP1,-0.30076829904741137
GIMAP1-GIMAP5,-0.016094370670954913
LNPK,-0.009029717504762036
VMA21,0.25259483831719615
ARSF,-0.48481339471611473
TMUB1,0.1390855850427129
TNFRSF25,-1.2053539626978074
TMEM42,1.2741639533318545
PDXP,-0.21714036717756552
CLBA1,-1.4984501120114082
CDKL5,-0.955890763034568
HOXA4,-1.026112249056051
KIF25,-0.8433504338255826
CTXN3,0.8752782496569942
AFF2,-0.9003049365845214
TRPM6,-0.37208026037074265
RSC1A1,-0.8312943742033697
MS4A13,-0.6096878908253405
CRYGA,-0.9744832552689546
DLEC1,-0.8742602382932269
MPZ,-1.1805179760211448
RNF122,-0.5238875287520184
SQLE,2.600538402325804
L2HGDH,1.00022331934176
GGTLC2,0.5244974938203215
PYROXD2,1.4228609688540041
LIPC,1.1963095402994777
AMACR,11.406421886654092
ALDH5A1,0.7400665514617677
ADHFE1,2.2510012033290514
CEL,3.624200229362231
GATM,3.8842868117926845
MT1G,2.986468380995672
PAOX,2.404284971336145
ITIH3,0.9652208821883171
GDPD2,-0.4666602516951004
EPB41L4B,0.4644221310439664
SLC35G1,0.45650365152289896
HAL,1.0703316669752496
KMO,0.6280486872910542
FTCD,1.1315312263390058
OGDHL,0.6333796998067789
SUOX,4.0508962379616325
ZBTB7C,0.9012209347109591
AADAC,1.6874944051008904
ABCC2,1.073036097908366
PECR,3.7007270234236933
CRABP1,0.21652613018823558
PRAP1,0.2816491506457012
ELP6,0.01927187777488906
ELP5,-0.14049125406889582
UROC1,1.4636613294281158
AMT,1.5679102287885995
KDM1B,0.5063230867612721
UGT2B15,0.836056561208863
IL4I1,1.742360100721912
ADH4,1.6220817347344894
C21orf62,-0.15746177803041816
ODF2L,1.4691073942059014
CRYM,0.25499535941685053
CCDC116,-0.7740150048272884
ZDHHC19,-0.934914809599113
IZUMO4,-0.8423607296288423
MROH8,-0.9680503266238655
TEPP,-0.9883867820349074
CTAG1B,-0.21959130530812707
C2CD6,-0.8562627459804086
HORMAD1,-1.0297132356065153
USHBP1,-0.20570149177825894
IGSF11,-1.4441455875297424
C10orf53,-1.0162870506240156
DSCR8,-1.0169000600886056
PFN4,-1.0202740527293428
GLB1L,-0.5320942328703002
RNF113B,-0.5105338521029804
TMEM202,-0.9603099677274071
OOEP,-0.7969924098059122
SPATA31E1,-1.033102469026521
GOLGA6L9,-0.6851373897190923
C8orf74,-0.8068892722488521
STPG3,-1.0405001660021345
C17orf64,-1.0082764623899292
VCX3A,-1.0052789146813834
KCNA10,-1.0592651525593635
MEGF10,1.0812556809685012
RASA4B,-0.8083341693339279
TSPOAP1,-0.676460581173219
GYG2,-0.014373684428471667
TEX45,-0.618747834484236
TSPAN12,0.7534043036558707
NLGN4X,-0.10161713911694613
RAB3C,0.3118558088034464
UNC13C,1.1769010853635125
GULP1,-0.3421819313693553
CCDC40,-0.6688699203558527
CFAP53,-0.6137910862302869
SPAG17,-0.2050653727012161
RSPH9,0.10602663623918261
DAW1,1.9082711150951281
TEKT1,-0.5265023396264482
RSPH1,0.24488611022219722
TEKT2,-0.2910999769398834
CFAP100,-0.9475591179704507
TEX26,-0.3600807056612649
DRC7,-0.9518905234500061
CCDC39,-0.031799149472337515
CFAP43,-0.46015529621391804
LRGUK,-1.0877869549366241
TMEM95,-1.0533755111140388
C20orf85,-0.5176860182671857
CFAP52,3.472913268297732
EFHB,-0.6663332269672052
KCNIP4,-0.6804774970133975
ZNF462,-0.7703170021659173
TGDS,0.37944038467418434
ZNF280C,-0.4087159732571115
YPEL2,0.26394043317649013
C1orf52,0.0661650997433686
UIMC1,-0.6593131360585448
TANC1,2.086704716126489
EDRF1,-0.3124615586731121
PFKFB3,-0.3550588056786372
LINGO2,-0.7144979329635366
SCAI,3.4891722035134642
HILPDA,0.26466794978005836
ZCCHC2,-0.5955764914280509
PCGF6,-0.12499011977558536
ANKRD37,-0.49727184164270866
TMEFF1,-0.1479453807990353
AHDC1,-0.1550028637778099
BCL10,-0.3944704679692099
CCDC112,5.008699660915933
LURAP1,0.3581788467283832
TESMIN,0.12987271436154676
PM20D2,0.3610933619930065
REEP4,-0.02593113345508765
MAP7D3,-0.25882946270884055
FSD2,-0.24282371063863406
TEX9,3.3470368142614615
CFAP97,0.5382458137893097
USP17L30,-0.8823010017250754
USP17L2,-0.827884074963035
USP18,-0.7288000438044666
USP17L28,-0.8823010017250753
USP17L29,-1.0467280412380178
USP41,-0.739783879446078
USP17L27,-0.8823010017250753
USP43,-0.48914888816478624
USP30,0.21489577654241632
USP35,-0.5970988873788505
USP53,-0.34612269923668726
USP51,-0.7016479832489847
USP40,-0.32426065325977227
CCDC110,-0.672290742548639
TBX22,-1.0465236332771415
EQTN,-1.1682402228253486
CT62,-1.0770666733641374
MYCBPAP,-0.9562678576063571
PDCL2,-0.8460305792904343
C7orf31,-0.565351625828516
ZNF165,-0.6713643352618061
C6orf201,-0.7470798649282913
NUPR2,-0.9245602845035056
GKAP1,-0.5833552708157893
DEPTOR,3.2618346685964275
SPACA3,-0.8881773065849319
MEIOC,-0.7324040168477711
LRRC3B,-0.988053031764041
OSCP1,-0.39253751577881246
CAPZA3,-1.0455491803215458
PPP1R1C,-0.6510371935905973
FAM220A,0.4095390430038329
NT5C1B,-1.0162324137629672
OR2C3,-1.133740681590526
MS4A6E,-1.0568455410612483
C2orf73,-0.9080006093690431
FBXO39,-1.1597390437099304
ABCD4,1.4910390041490875
FAM234B,1.2517063867705045
DLEU1,0.16682982037545138
RFPL1,5.504581125654839
ACSL5,1.2754703323482228
ABCA7,1.3975567759116008
ABCC11,0.6871385200339151
ABCB5,0.21666144105828933
HSPB2,-0.44567106363801623
ABCB4,0.5354926118144727
MMACHC,-0.4250002194008571
ABCC12,-0.14689791028140703
ABCA10,0.541541435352337
ABCG5,0.6714579076486631
ABCG8,0.467517853765393
ABCA6,0.35415953894438185
ABCA9,0.5262150274626298
MRPL44,1.3944578321799936
CCDC43,0.5981262611309105
ZBTB8OS,2.1512086414562988
ELOA3D,1.2118334169041485
TOP1MT,-0.5268157345923173
ELOA3B,1.2118334169041485
RUBCNL,-1.2648990228474197
PNMA2,0.978094227001737
RALGPS1,0.48225763646016645
SHROOM2,-1.0196398265218998
NPAS2,-0.4027012516892226
FXYD4,-0.3296527529420868
KCNU1,-1.1087891083919732
SLC9C1,-0.47018445701859163
HCN3,1.165714581824528
SLC9B1,-0.9037593731814791
KCNG2,-0.7468340725478342
SLC9A4,-0.010862089208497754
SLC9A7,-0.15842866871059563
SLC5A10,1.0664352040573362
KCNK18,-0.7558632513127777
KCNK17,-0.8374945139429651
KCNQ4,-1.0591303397067744
KCNK15,1.463363116559222
NALCN,-0.3176151508083955
PNMA8B,1.2497564318690677
SLC4A11,0.5740883279886186
KCNG1,-1.211365690641151
SCN11A,-0.5647280445351809
KCNG3,-0.8261896035650104
KCNG4,-1.0657793834743607
SCN9A,1.2588073733386154
KCNK4,-0.5411479943595641
KCNK7,-1.0088361826291439
KCNK2,-0.8298120874354583
KCND1,-1.1160397779690898
KCNJ16,-0.36087024332595025
AMY2B,0.26680031804673365
P2RY8,-0.5735115112092644
SCN1A,-0.7895708868605117
PRPF39,-0.3319627880113951
SLC25A22,-0.4553771610874255
CTSV,-0.5785220368515896
HCN1,0.16478142189989695
SYAP1,-0.04400862344526813
AKAP14,-0.5886618767085
SARM1,-0.23048259744202962
LYPD6,0.7475479569258188
LGR6,0.385344705143434
PPP1R3C,0.14705773390717106
SCN4B,-0.9752124374114006
RAI2,-0.9255629108346236
SLC35F1,-0.0769383774536908
SCN1B,-0.9647401789751485
STXBP5L,-0.3523009946202645
ANOS1,-0.5480678565920837
KCNE3,-0.7779627984343077
PSD2,0.8235922564476714
LRRC6,-0.7616609179426027
NACAD,-0.44969201007931825
TMTC1,-0.5255022725979297
KCNN3,-0.893408324886359
TSPAN7,0.2479889901087753
SCN7A,-0.9667412082347533
SEMA3G,-0.6820166006385512
PCDH9,-0.43182797185217453
C2orf40,-0.9825269165752085
HIPK4,-1.160936059617908
SLC6A6,-0.6345644709670024
SLC28A1,0.5305934330313691
MBOAT7,0.4048305092015239
AC004691.2,0.19420086892600227
LRRIQ4,-0.7542126096071441
TSPAN13,5.21204894024661
ADGRG1,-1.0026841979757277
TMEM9,0.7301938052685919
FLVCR1,0.22628931119786852
ANKRD42,-0.5286670217600562
MAP4,-1.0936086019266709
ANKLE2,-0.2127425132380268
SH3D19,0.04529978658503249
PIP,-0.8916628067124531
EMC10,0.04092147146490855
KCNMB3,-0.736068749385214
MAPK4,-0.9885278465452381
DHCR24,2.5646158752435557
ABHD11,0.9201528950595497
DTX2,0.27122147634005705
DHRS4,4.121100361974199
DOK6,-1.0512467865476773
VAC14,-0.25485960542852604
ACAD8,4.16528273782615
BOLA1,0.4973451934029138
GUSBP1,-1.1302327305027886
GRINA,-0.3670825921799099
TIMM29,-0.21830338494153598
HPS6,-0.981568221910743
VPS9D1,-0.7176394235949971
SLC12A9,-0.6843334244526664
MRAP,-0.4508480408927225
MEGF8,-0.31624625628675523
PRR5,-0.9428867457166219
ZNF580,-1.2987465631846122
TRIM74,0.22460285833917837
LMF2,-0.9356667524147037
IP6K1,-0.8324376641207447
KCTD13,-0.4421088805803707
DUSP8,-0.9660834802755854
NHEJ1,-0.2305014471904902
ZSWIM7,0.10933653376375388
SURF2,-0.3451998960771611
KRTAP17-1,-0.9019761606725034
TMEM229B,0.07201187764029432
RHBDL3,-1.447542787078232
MUCL3,-0.4537826158604417
MTHFSD,0.20422950855429872
MSMB,-0.9010513520478104
DUPD1,-0.8378414571487097
ANKRD22,-1.0047864789606908
HMCN1,-0.7164369522585081
PLSCR2,-1.292132586975081
CAPN8,0.17098465903309953
TBX4,-1.0227039205765924
SLC10A7,-0.7855830789367492
ATOH1,-1.1480199484897804
EFCAB11,-0.29247226424554307
GALNT18,-0.29321143390253407
ZNF850,-0.10331859160772969
SBSPON,-0.4702562911651124
SEL1L2,-0.42278127120129816
ZNF469,-0.614346917650964
ZNF578,-0.41983310154933273
ORAI1,3.1694382872838096
CNGA1,0.6707197304230188
ACER2,0.08326032919553451
ARMCX3,0.12897893472566194
SPHKAP,-0.902056020057559
RELT,0.3629519236529888
PDZK1,0.31009201055352703
CH25H,-0.3681304462791547
AKR1C3,0.9612152062841051
PLPP4,0.35491126898228814
IER5L,-0.33277716088537596
SOWAHC,-0.7480270250784902
ASAH2,0.5216311688455194
AIF1L,-0.7088623585823165
TRAC,1.351196380352816
MBTPS1,-0.16437999137487763
TRBC1,1.4088872639417482
SGPP2,-0.011213832823303323
DGKH,0.8960522936794133
DGKI,0.3488086758276831
KCNE4,-0.9444076718654254
CXCL14,-0.4683697614133528
ANGPTL1,-1.2670107572820126
ACADL,4.193859055341962
PCOLCE2,-0.6986100238323159
MRGPRF,-1.0476087612415144
C1QTNF3,-0.052914277568943735
SLC39A12,0.8752214826588637
SLC2A6,0.8213098989083055
ZDHHC6,2.1123492760269
TMEM138,0.18628981969549047
H6PD,-0.6033574145158664
GALM,0.4236064042274372
C1GALT1C1,0.1200055769852498
G6PD,-0.07579587580542956
ZNF655,2.7285392221246547
UBL7,-0.46358897740887917
FTO,0.6560841515930341
SWI5,-0.3456679918727866
CUEDC1,-0.3864398301942674
CHID1,-0.3398060573208001
DEXI,0.33636479715166206
YIF1B,0.11288559579717344
MIF4GD,-0.5279212298013081
C1orf50,5.088443321583244
VAMP5,-0.6602465835353837
NRM,-0.651582300584288
VPS11,-0.17451651167382784
TMEM205,-0.18040629391981916
THTPA,0.20566920181973478
PKIA,0.05799662927613664
HDHD5,-0.06580937716747386
ACOT13,2.099109686914996
DXO,-0.9740151118750227
APOBEC3D,-0.7774342611795033
METTL3,1.4907873748478453
SEPT8,-0.342733612319548
IL31RA,-0.6979866101290856
MRPL38,-0.3271303275256489
SESTD1,-0.2640113417585336
RBM24,-0.6397084521191899
RBM20,-1.208732470190605
BSDC1,0.11869001808119616
ZBED6,-0.04609741448862892
C9orf72,0.12551791743674826
CPEB1,0.14840285974024794
CPEB2,-0.6825882060021907
C21orf91,0.3542314119582548
C11orf98,-0.33094293360731086
FAM184A,-0.08849278508706583
GAN,-0.8023006670732273
GBP5,-0.9673667459295855
METAP1D,-0.32495642180491097
NEURL1B,-1.519355846179424
TACC2,0.7025560565637209
USP6,-0.791067705197035
C14orf28,0.6731297972786843
FDXACB1,-0.7731902719444493
RBMXL3,-0.43801418844353623
SEMG2,-0.522968761695619
DAZ3,-0.26742732628089333
DAZ1,-0.13228370330547004
DAZ4,-0.5088691266851502
RBM44,-1.4493283837522655
KHDRBS3,-0.586231796695619
WFDC3,-1.1904080204452792
EPHA6,-1.2474720249027025
OPN5,-0.8130196759844125
CCDC185,-0.9258878292984352
SPDYA,-0.9852224099382775
GAB4,-1.0171120258393207
GALNTL5,-0.920920896432488
TPD52L3,-0.5898696061727071
C4orf45,-0.7478265691070848
DAZ2,-0.32391480181122706
RBMY1J,-0.8453415673282393
RBM11,-0.8174619912912073
RBMY1E,-0.7473778455968513
ACCSL,3.978314756746065
ARMH1,0.5963295823289735
CNDP1,0.030998612228602243
ETNPPL,2.8474558600442608
DDAH1,0.5198681758080884
SEC14L4,-0.40339512247829445
HSD17B14,1.307486016300952
BBOX1,1.6402303527038151
KYAT3,1.638190877441244
GOT1L1,0.1508407902917885
GADL1,2.2175535690736266
FAHD1,0.7474042279290689
ACCS,2.9344517872838343
CARNS1,0.10503046120463627
IDNK,0.799693339198836
PHYKPL,2.782179729512429
BEX4,0.5577179561714164
GPT2,2.8109308993803257
CDH20,-1.231942335260405
FRK,-0.7127287651789801
CDH23,-0.5160147951932373
CTNNA3,-0.48427772617861475
PCDH10,-0.31231834534294944
MFAP3,2.497549003408644
ANKRD26,-0.3747491826878994
TULP4,-0.2919396412063723
DLL3,-0.9294488687846983
PIGL,-0.742385415478116
GLYCAM1,-1.2700326486502078
FAM98B,0.05579867454661657
CRYBA2,-1.02499277344969
ASIC4,-1.1266405744294885
ZC2HC1B,-1.0897868306611238
FRMPD1,-1.11248373752832
EFR3B,-0.6898219066856673
TSPAN16,-0.6257297438498295
ONECUT2,-0.8978066010549403
CADM4,-1.1093685830631426
CNBD2,-0.8582632208971317
SUN5,-1.1505250360887334
MATN4,-0.9142980456485326
MOGAT3,-0.4963861507575277
DEFB129,-0.7781229745376038
LRRC72,-1.22514473308058
APOBEC2,-0.738447833763964
AFF3,-0.8462918897391094
OXCT2,0.6794125629007798
PDE3A,-0.5308008780742011
ADAM22,-0.8339972960945049
ZMYND15,-0.7888117494233698
NPAS1,-1.088157252165763
PDE6A,-0.8898407117740265
POU3F1,-0.8714469830630829
FAM166A,-1.106439807570827
RDH16,1.0218691661479518
PRH1,-1.066198941223521
FNTB,2.969939025899229
SMIM23,-0.9930663574012337
ADAM7,-0.5805679504990382
PRM3,-1.049142439725216
SLFNL1,-1.2650523956010096
FAM83E,-1.3107941140901742
KIAA1211L,-0.904262040027807
USP19,-0.6811817921665861
CABP4,-0.9588055673310905
NRROS,-0.8092992254401115
ARL14,0.07895240811476718
PIP5KL1,-0.7551236840724225
RRAGB,0.033117404470767775
CPQ,2.6305118833028525
HNMT,0.28142029730940066
SFTPD,-1.0222011718963728
SIGLEC14,-0.8525162468490747
TCHH,-0.6474769387713394
ATP11A,-0.27478071938855453
GRAMD4,-0.4032835653576224
IFT22,-0.2590101293218756
IFT20,-0.3139375010738773
UBXN10,-0.11598325853783979
TTC30A,0.08708333357610219
TTC30B,-0.08923448251328656
WDR60,0.01566305210678027
WDR66,0.6020162170798432
WDR53,3.464659841113636
TRIM59,0.5965281431810187
IFT43,0.2363661487359064
KIF3B,-0.49269664237478045
IFT52,-0.16722937003879965
SNX33,-0.08220566375391224
TRAF3IP1,-0.4315396069355972
TCTE3,-0.21159610291145278
TTC8,0.405493942891475
BBS7,2.4399146208778673
AL136295.3,0.6482947189870883
DCAF8L1,1.3890415135305036
IFT46,0.20524907356466765
TTC26,-0.36711640796860434
PLXNA2,-0.8349304725274107
WDR91,0.8122106166379621
IFT122,-0.25241183715999904
IFT81,-0.0672835936478827
IFT172,-0.04635855540728498
TCTEX1D1,-0.10986358411038272
C12orf54,-0.98609122756783
C9orf50,-0.8421851383569935
TEX47,-1.0072137605275435
GOLGA6A,-0.7645673693375047
LRRC74A,-0.9435278054680061
MBD3L1,-1.0582344550037543
GGN,-1.0206467631865404
ADIG,-1.0761600028434997
CDRT15L2,-0.5409135616270186
FAM181A,-0.8813822690091299
FAM170B,-0.8225652083602573
GCNA,-0.6018335357829998
CXorf38,-0.30454461322422177
CFAP70,0.27237080875199515
FAM160A2,1.1260983749507485
PKD2L2,-1.1853600413675525
PKD2L1,-1.187396735259949
CCDC148,-0.21110647378913142
WDR63,0.3349907148547727
IQCK,0.2892996322984265
EEF2KMT,-0.07647938108013741
TTC12,0.3206877578516246
CASP14,-0.741235712824727
SAYSD1,0.7395790703780616
NKX2-2,-1.0744748806187767
BBOF1,0.21078478928156238
IFIT5,-0.7385043632440268
NEK3,-0.501813985809023
CCDC121,0.21864037155088786
BCKDHB,3.1787981161660954
TTC6,0.6623235823930249
KIF9,1.7525310358436632
KIF7,-0.5760275422831753
IFIT1B,0.39993713500311756
EFHC1,2.824040214721519
TBC1D32,-0.6922609569222709
BBS12,1.3573566679946332
TTC36,0.047006507718311975
CCDC181,0.09484696665043056
DNAAF4,-0.3245127530186876
CDKL3,2.5478032441110092
CCDC146,0.2649541182222174
MOK,-0.7194645645464042
CFAP69,0.033268581120646484
FANK1,-0.8867829793678097
BBS5,1.0789304753959648
HCFC2,0.08164500358164035
BBS9,0.2748411882247268
BBS1,0.0847790296515188
BBIP1,0.9055166297045787
TTC21A,-0.09973558096470239
NR2C1,-0.42081487772967924
TKTL1,-0.02036851921250811
DOC2B,-1.016904505317448
APOA4,1.3318477538291305
APOF,1.522864169743524
LCN1,-0.790212060794542
LY6G6F,-1.09795384802493
SLC17A9,0.7403560139582286
GCSH,2.7973842288809747
P2RX3,-0.9130500692694381
FOXRED1,0.10721600902147024
PFKFB4,1.4843954699048327
FGF21,-0.6190242882243394
TMEM217,-0.5698324390191489
TNFAIP8L1,-0.5698324390191607
CINP,-0.27144664120616174
FAM200A,-0.6426149265635791
ZNF789,-0.2286520332846826
BANP,-0.978716301699687
ZNF718,0.15837077261446494
PNMT,-0.7257150133162024
ZNF394,-0.7035937209520584
PSKH2,-0.23630326590627568
GSX1,-1.0151908691869158
SIM1,-1.082351104696988
TGIF2LX,-1.2604200930992386
IRX6,-1.0747111485123395
EVX2,-0.9369670699782774
NKX6-2,-1.007344686703329
TPRX1,-1.0531874056383863
DBX2,-1.1689434398842065
GSX2,-1.0007651196684855
DUXA,-1.1059051926308907
LEUTX,-1.1830275874936065
RELL2,0.6566093558001842
APOBEC3B,-0.45774260486509705
TTLL4,0.13222610372991578
TPH1,0.15993116596694512
TMEM177,-0.17345229140708146
TMEM171,-0.5113866771791397
ZBTB8B,-0.46485517890581596
ATRIP,0.12250615255683497
CCDC138,0.07582878422209016
CCDC18,0.09676912172393463
PLCXD1,-0.3789234167209308
DPPA2,-0.46824397270631213
FAM111B,-0.23715034877440946
SREK1IP1,2.5516590726949873
MGME1,0.2645183466238913
TEX30,1.1806309148658571
ANKRD36,-0.7404198887871575
PELI2,-0.567560568771454
LMO3,-0.9193563902688132
TOX,-1.0374600584799114
SPZ1,-0.930808043396641
EPYC,-1.1595947069435781
GLCCI1,-0.44462479856348075
PAPPA-AS1,-0.2078348829486069
SPANXN3,1.5207249918649937
FOXO6,-0.8670457661977155
FAM76A,-0.5720065823427871
CCN6,-1.061453421466449
GUCY1A2,-0.7245981582992588
TLR10,-0.9672743966387969
AL355315.1,-1.7276997524940474
TUSC1,2.0806794339558268
SPINK14,-0.9591533936726998
FSTL5,-1.0099182143836014
SLCO5A1,-0.2930246643966441
SPINK9,-1.0981893877779452
WFIKKN2,-0.9193526992439742
SPOCK2,-1.159521657161453
KRTAP10-6,-1.0783800295165367
LRRD1,-1.0041467595345854
HOXD12,-1.0694099565475843
ZGLP1,-0.9274756543972416
MAGEA8,-0.7177172638545536
FOXN1,1.0187488200610344
ATG4C,0.8669374313207522
MAP1LC3C,-0.28744014406153345
ATG10,0.23751606298287897
GSTA2,5.638217865323297
TUBAL3,-0.30205569272812055
LRRC14,-0.7153397048338507
SYNE3,-1.0043465992047356
FYCO1,0.2417801360823966
TECPR1,-0.009277571335509991
ATG4D,0.057533608620507964
VPS16,-0.3962126504592669
BOD1,0.11255608419097624
C1orf220,0.17103164020615347
ERI1,-0.19316949889709079
FUNDC1,0.4578759229624147
SLC25A43,-0.20509388475618334
MORC4,0.21815495563170215
TMEM164,-0.33352450684999085
THUMPD2,-0.16102430593484682
N6AMT1,0.2733933083142381
METTL2A,0.38681820384374627
NDUFAF5,0.4267118254152204
TGS1,1.2689691017768343
RPAIN,1.2833259639188508
CDH22,-0.5051818868644912
PCDHGB3,-0.1998717730678524
PCDHGB7,-0.25871339797794346
PCDHGC5,-0.3076124945643741
NRXN2,-0.7586827990660893
DCHS1,-0.8750285159354345
PCDHGA8,-0.3790846208904104
PCDHGA3,-0.48380373285849737
PCDHGA1,-0.34080532150369786
PCDHGA6,-0.21827759557470022
CDHR1,-0.7376679200985276
PCDH15,-0.36873669709831924
FABP6,-0.5151680976852683
PCDHGA2,-0.22735199561848246
CELSR1,-0.626765425366222
PCDHGA11,-0.06503701879750436
PTPRH,-1.1576220955043408
GPR42,-0.43409270374185044
GPR75,-0.7415848084343022
GPR78,-0.8919071309871599
GPR141,0.7602043584068011
GPR88,-0.5496819705656333
MRGPRX4,0.7678962065166528
MRGPRX1,-0.4303353782509538
MRGPRX3,0.30038278774787025
MAS1L,-0.977103029856119
MRGPRD,-0.47007301391658446
GPR39,-0.4596736838347924
LHX5,-1.217357646191641
TPSG1,-0.8137732264461038
FERD3L,-0.5385561679456438
TRIM46,-0.814434862204088
CUX2,-0.8050572848938775
ARHGAP33,-0.9468630079143943
SLITRK3,-1.0279365149880861
IFNW1,-0.9235957660021378
HOXB2,-0.8056483642432175
FAM153A,-0.9533321379830244
ATOH7,-0.9340797451379966
HOXD11,-1.0508863622638427
MYCL,-0.5043445139818051
MYT1L,-0.1365428493097963
FOXB2,-0.6393928547995265
NR4A3,-0.8817371333290249
EBF2,-0.9236635907087011
HOXD1,-0.9519838894459591
GYPE,-1.0957898999669862
VSTM2L,-1.3042540538035554
TBX1,-1.2219146648753427
PIEZO2,0.2956197727849078
ACOT11,0.22003314273885832
HOXC5,-0.8255983444442199
ASIC1,-0.5160872311622146
KCNK9,-0.8323177357622077
SCMH1,-0.7697046393990041
PHACTR4,-0.44163290682880013
CAPRIN2,0.4240200481574509
BRD8,-0.5849487066500447
JADE1,-0.7815588095816218
PTPN9,-0.9501753709601347
HMGXB3,-0.7338640686074512
DIS3L2,-0.6059710519666686
HECTD4,-0.5386375359160642
MICAL3,-0.561234777432124
PHC1,-0.7237750108078239
PRRC2B,-0.8204179688809417
RETREG3,-0.33569695144871603
SLC30A8,0.8521260395254456
PARD6G,-0.04663174793090827
MAGI3,-1.2138135148705278
ANKRD45,-0.7351696974426475
LRRC9,-1.3494972458927226
CCNO,-1.0685109895342884
ZNF215,-0.37323149293691116
ZSCAN5A,-0.7592219824291293
ZNF628,-1.9505246355638053
GLIS3,-0.2909920959344126
TJP3,-1.056776024083019
SLC22A12,0.9430723182041023
LRRC52,-1.1738058348485834
SGSM1,-1.2290246383268293
PPP1R42,-1.0952897533715056
ZSCAN31,-0.5896682458096919
PPCS,3.0549671314340263
TGM5,-1.024877817731488
SOX15,-1.354329290542968
CLEC17A,2.0129600853948513
PSORS1C2,-0.8779752698578868
STOML3,-0.32074635991273115
SCGB1A1,-0.7329538919543602
KRT81,-1.09663433310521
CRTC1,-0.9634403339653151
KRTAP2-2,-0.7331151777473529
PADI1,-1.1726647851797003
ORM1,1.5393421295638499
FAM20C,-0.4267497673324871
PRG4,0.1540121690709108
GHR,1.8635502038932372
MT1M,0.09461695460765268
CFHR3,0.8031386791402694
CFHR1,2.1936902151236377
F13B,1.4619591950985396
C1RL,2.057306711367851
A1BG,1.5928841743262079
C8G,1.1820179836505358
CLMP,-0.4768010449227099
MRC1,-0.7684247364128455
SMIM1,0.47688223399785495
MBL2,1.298508544349702
LEAP2,0.7316608989508532
EPSTI1,-0.9885410455048318
SSC4D,-0.0981926230139006
CFHR5,0.39659428305631855
SCARA5,0.14620229211863645
LOXL3,-0.7625671341706709
PGM2L1,-0.1850026512497572
DUSP22,-0.6438272473649245
NADK2,0.7073979320035138
GK,1.9492523582392993
IMPAD1,2.271480268596157
SMYD3,2.827629367559798
ACPP,-0.35342959235622956
ADAT3,-0.7615953570348629
ADAL,0.22649828719487405
NUDT4,0.2522582366279095
AS3MT,1.1916937433658763
SRXN1,0.9341199051311775
NANP,0.5977049187625413
TIGAR,1.0709099744830708
RBM48,0.20442856049419064
NT5C,-0.4341350324122388
PRTFDC1,0.4850340807550257
ZHX1,0.9381153796410883
TRNT1,0.4331480981300369
LHPP,0.029114605398393494
NT5C1A,-0.5138335304894736
UPP2,-0.05233120460956451
ULBP2,-0.7302052658562957
NT5C3B,0.9073705209706887
DUSP2,-1.1077896482232275
PTPRT,-0.9894966659664856
PLIN4,0.16661636575331792
ANGPTL5,-0.7346919524835908
PRSS21,-0.5139039622353585
AL645922.1,2.6605289667555
SRD5A1,0.5239524084968893
LIPE,1.2739081101016625
RGS10,-0.978815362748631
PXDNL,0.232425632502512
DUOX1,-0.6791152506775477
PHF21B,-0.5812480163358739
OAF,1.119238181592115
CLDN4,-0.9216061286478646
GDPD1,0.7509141263498381
OR5P3,-0.4678212214315231
TAS1R2,-0.009330574359745915
OR5P2,-0.48423994361244993
VN1R2,-0.7422779429692669
MEIOB,-1.2448849854605835
OOSP2,-0.9893657510140533
TP53TG3,-1.0531237906454074
MAGEB6,-0.37591678620730223
MDH1B,0.14961882100079482
DERL3,-0.11241721536128399
RTP4,-1.0071276376485
DERL2,-0.052977774959308284
TYW1B,-0.4783755698050514
MOCS1,-0.053162435005908795
MCPH1,-0.24527093459655228
YBEY,-0.16278788978691341
LCLAT1,2.5609216773279413
MBOAT2,0.2825766774585522
TYW3,-0.2798410467822646
CNNM1,-0.6672934841704131
CNNM4,0.18805724878005317
TMEM237,0.40513355402666335
POLR3H,-0.7265082721648017
POLR3GL,-0.7675994883776098
LOC101060521,-0.44703002619509935
DTNBP1,0.3762626356643077
IL17B,-1.2528792795445167
ROM1,-0.9384248219466168
PODXL2,-0.2907370455221502
DOT1L,-1.011269841625192
PCBD2,0.5653804486931228
LMLN,0.8074306489716916
FAM9A,0.11165998809111563
SCML1,0.07019440058087373
MTERF1,0.04608591529761067
SETD6,-0.5264274726331886
RILPL1,0.792293049843363
GOLGA8A,-0.41279395138347125
CHD7,-0.9290469779526291
MTRF1,0.2882540882219448
NCBP3,-0.32864336460129984
COMMD1,0.0915005500718122
ATP6V1E2,3.621320532364563
TMEM199,0.42799773382873796
CCDC115,0.4126692281695969
TP53TG1,1.973521981338441
COTL1,-1.0299375618183548
BLVRA,0.18377772023792496
NME6,1.068036775578381
TMEM167A,1.4625058447801402
KIAA2013,-0.302677986076294
URGCP,-0.8657004334213674
CBX6,-1.0532955959171046
STOML1,-0.1127475490739714
ADCK2,-0.5044663667152431
CERS6,0.26503706799072935
UGT2B4,1.284096392251996
OTUB2,-0.2954412041688596
THSD1,0.0012101160318021766
KIAA0513,0.15935878960048544
HACD4,-1.13712933509342
ADAMTS4,-0.9716557264495005
ADAMTS3,-1.4618118147034644
ADAMTS8,-1.2768451234312597
SEMA5B,-0.20905448485350506
NOD2,-0.5998170185126522
PADI2,-0.5420929354565854
RGS18,-0.743318761662716
ADAMTS13,0.40964994516761744
ADAMTS14,-1.0344552321681422
ADAMTS17,-1.2992195400672832
ADAMTS16,-0.9730016646014595
ADAMTS18,-1.172442374020506
THSD7B,0.12760776560265755
LRRC25,-0.8797031506608334
ADAMTS15,-1.0578689615647652
ADAMTS19,-1.2532392935162777
HEXIM2,-0.8055887898054404
DOK3,-0.9900239800943145
DPY19L3,0.7740800940318713
SMUG1,0.06014852748356815
ALKBH4,-0.3829744120861697
NUDCD3,-0.377784580511089
RFT1,0.022657412415086536
SLC37A4,0.2892561515038989
THG1L,0.19473188105921863
ANGPTL8,1.2585342946900027
ST14,-0.9503277864813766
SLC40A1,-0.4156969320951577
FAM174B,-0.4383723958814089
MGAT4A,-0.1186654319624356
GALNT6,-0.1385426489919471
FAM168A,-0.05726468163054821
SMCO4,-0.24304758748935992
PNLDC1,-0.739033079668018
MSRA,1.242464975827521
SLC46A3,0.5370195886331489
LAMTOR4,0.3172976098704247
NLRX1,0.058733605112549755
CDH24,-0.3637041621102135
CDH12,-0.9069748281434358
CDH9,-0.7751128890037483
FREM2,0.008388108227846207
PET117,0.11396851222141133
UQCC2,-0.313733100903261
FGGY,5.124326741605647
SHPK,0.8979369335254804
GK5,1.6927032926284498
XYLB,0.5403989567586305
MIXL1,-1.1732083991038664
ZNF74,-0.26924261430450097
PLEKHH3,-1.0439066547762685
FAM110D,-1.075235200688996
SNX25,1.3019539745058701
MAMSTR,-0.4419126959683546
HRK,-1.020095960501465
TMEM102,-0.5357360249777593
THAP11,-0.05457744183711403
ONECUT3,-0.8689734298108694
ZFHX4,-1.1510811899938014
FAM185A,-1.031810852579606
PRDX6,-1.024425773072035
MACC1,-0.5110908624522683
SFRP5,-0.8506097466820802
DNAJC17,-0.5574578840803013
ZNF169,-0.6324363235343565
SLC26A1,0.8389542112642019
TCL1B,-0.8543604177591051
HSD3B1,0.6442406158768677
FOXE3,-1.7177782017833374
NENF,-0.6483434850584137
LIM2,-0.9438019029972345
MAGEC2,-0.8245414521181107
GTF2A1L,-1.1726077127750285
AMBN,-0.6779616461240058
UPK3A,-1.1710122662111586
ISL2,-0.8672429303930506
VAX2,-0.9577797169053921
VAX1,-0.9689776409959077
RGS11,-0.7623695059966438
SAGE1,-0.6972072286813894
HLA-DRB4,-0.5550183423305963
VWA5A,0.8311924886252687
SAMD9L,-1.1097591582546023
TRIM34,-0.4506127225800203
SAMD9,-0.8609808076922133
SFT2D2,1.823326458968567
SIAE,2.124331121374003
LILRA5,-0.9521512845208988
HLA-G,-0.7467411374165964
NINJ2,-0.7215207131775794
TNMD,-0.09326636200522695
HOXD8,-0.8642220337593975
HOXC9,-0.5994239378106113
BCDIN3D,0.6726608086790772
PSMG3,5.366475040772298
HOXC12,-0.9954342996911127
HMX2,-0.7013925001838818
RAVER2,-1.3152381046135149
WNT9B,-0.044983362164866335
KRT36,-1.0462827864380462
LHX6,-1.0701017784045042
CASS4,-0.8079180983448603
CAPN6,-0.7901217306859362
IRX2,-1.0140655662348341
BARHL2,-1.127943482207656
HOXB4,-0.9035124114015877
HMX3,-0.6899206153706868
SMR3A,-0.7973992143992747
WASH3P,0.39682252695218234
HDX,-1.0238346110754926
ARGFX,-1.1643862413226225
SLITRK4,-0.9049883866954257
SCNM1,1.9699366806757848
UNC93B1,-0.35448602385255057
TLR5,-1.0432305111764253
SELENON,0.1836289146542386
CYBC1,-1.05333803134414
CTC1,-1.0218307135769107
ERO1B,-0.38805734999690455
FKBP11,-0.8273587201029504
TNIK,-0.2820929837766431
MAGEH1,0.21235955323092973
GGCX,0.1427523489447529
PFDN6,-0.5673636605130584
MLXIP,-1.0292789179922202
CNPY1,-1.0241331741649586
NKAPL,-1.1982483474909404
HBD,-0.4077128734487329
IPMK,-0.35410411754927856
PLCXD2,-0.5576873306749053
PI4K2A,-0.5024195945296129
C2orf70,-0.7822664360341511
ARHGAP28,-0.9475736905156802
PIP4K2B,-0.6865822339196638
AC007192.1,-0.9251378067955123
INPP5A,-0.0027333017775104857
SPEM1,-0.944009807487666
DGAT1,0.7746431878304751
DGAT2,1.073644386571092
SPACA7,-1.0350453557748969
PLCXD3,0.24295075482064796
EFCAB3,-1.081868376072055
PLCD4,-0.3366598656944457
PLCD3,-0.5582865385344148
RGS17,-0.5485812297663626
DGKK,-0.41205740440601746
WFDC11,-0.9678709377440693
CCDC172,-0.9559450734709227
UBAC2,0.45638010359597797
SELENOO,0.5218972839696545
EDEM1,-0.06856179686490481
NUBPL,3.67455456646805
SVIP,0.08948941567223571
NUB1,-0.9273091273329714
HSCB,0.06053134363192478
USP38,0.18657349633731013
ZFAND2B,0.1318709795290818
AC018523.2,-0.2772453095020331
UBXN2A,0.039802247103264375
UBXN8,1.9232039886070709
TMEM62,0.5231642557765058
ANKRD54,-1.0544785309382079
OSBPL1A,2.359547843155386
PPP1R27,-1.014980390079434
ANKRD29,-1.1756130555320774
ANKRD61,-0.7878571514751695
ANKRD65,-1.044944393712603
ANKDD1B,-1.0389378915887446
KNDC1,-1.1575283926782587
RAPGEF5,-0.5303910463221341
SH2D3C,-1.1313416817201376
RAP1GAP,-0.4600742520756201
RAPGEFL1,-0.7267637239322379
RASGEF1C,-0.8062928733538842
RASGEF1B,-0.9995696020258399
RASGEF1A,-0.775735402451682
SPIRE1,0.016346663852531335
SPIRE2,-0.5076961506787824
DGCR6L,0.050102327263195516
ZC4H2,-0.32735033472758274
SYTL4,5.040926697821579
RAD17,-0.31869511210365215
ZXDA,-0.2988203471762586
TUFT1,-0.29327667451028994
NCKAP5L,-0.06817797204257224
TCP11L1,0.7278072207591347
ZNF720,-0.5651969268847395
PANK1,1.0092477024774484
ZSCAN32,-0.5994475904931319
ZBTB26,-0.261262541349215
ZNF75A,-0.491193236109477
ZNF75D,-0.41104742034823705
DDIT4L,-0.6680243163142664
NT5DC1,0.5798829478750942
SNTB1,-0.7189757944499792
PKN3,-0.7949449523424815
ZNF786,-0.9584738993278067
ZBTB39,-0.907524810582307
ZNF740,-0.42985706408311797
DTNB,1.4259388684641736
VIPAS39,0.7100168435590126
C17orf82,-0.17382122081564946
DOK4,-1.1072185117049367
RTN2,-0.1643337563023174
ALKBH7,0.18423385119814445
ZNF777,-0.7524068036801659
MCRIP1,0.30093267141679875
METRN,-0.3449533669972404
MOSPD3,-0.0561591342901476
SAMD1,-0.527958904161601
PHOSPHO2,-0.22573633895396933
AAGAB,0.3873461761957731
CCDC32,2.6153914833927883
KLC3,3.8070530376164617
NOVA1,-0.16098509952285428
TRIM58,0.052235685674398215
KIF4B,-0.16104890176005004
HLA-DRB3,-0.5053231205937975
WDCP,-0.29401844283537293
PRICKLE1,-0.5527177141067984
TMEM35A,-0.5832640316039278
LAMP5,-0.07832678770599415
HAPLN1,-1.1273073680754588
MAPRE3,-0.6619085648506077
KIF26A,-0.32907898883387776
ST8SIA3,-0.6627309095259719
OLFM1,-0.21487019126362714
FAM171B,0.546034017692582
ZNF365,2.6620613825612223
GRB7,-0.8895647497055821
RUNDC3B,-0.35558028786476614
C4orf19,-0.5637194818314395
PRR15L,-0.5081390001923294
ICA1,-0.31258561471778956
CLDN7,-0.7107387048706374
ANXA9,-0.04265447661183624
TFCP2L1,-0.8403582698902045
CAPN9,-1.0636144232847229
AGR2,-0.5972982642025922
MLPH,-0.153626202242782
PLCL1,-0.8523076788737743
PIP4P2,0.007612296202336527
ANGEL1,-0.3870532693061521
PDE12,-0.29587143157469403
CYB5R2,0.10673590632043282
INPP4B,-0.05604805851900454
AC138969.1,-1.1033708370009712
PLEKHA4,-1.081603868258974
PIK3R6,-1.0279595792503333
XKR4,-0.48113634768147734
SPRED2,-0.6352184007697913
ARL14EP,0.17021643539909428
GPS2,-0.0963767019540041
PER2,-0.2863772230345212
ARHGAP22,-0.817207018560542
MAFG,-0.6296667407299732
ERG28,0.5013592140430235
HPGD,4.002980763308556
ADO,2.2792975762720085
C15orf40,1.287527375249713
ALS2,-0.41641404403220794
DIO2,-0.5880299836007359
SLC2A11,2.048847001950456
BSX,-1.055454031796898
SMCO1,-0.6207183865103562
PDCL,3.050032609264559
HNF1B,-0.6670804630761882
ARMCX1,-0.22301183768170196
AC023509.3,-1.1002912842601469
NPAS4,-0.8595735828570698
ULK2,-0.06521384005954388
MBD5,-0.7868365759593547
MAMLD1,-0.9440671488193485
RAPGEF2,-0.6883149771822848
MAML2,-1.0119397668225458
GFRA1,-0.8379605663831239
PSENEN,0.07700761260648267
MAPKAPK2,-0.7555966112313112
C2orf49,4.627670102147502
SPATA2,4.594629891972526
NKX1-1,-1.2013070275480713
LBX2,-0.9526393339178076
NANOGNB,-0.9664691471309467
KANK4,0.01347767989856374
TSPAN1,-0.24316145390889415
CCNY,0.014454146259372611
KLHDC9,-0.49560379590327724
DNAH2,-0.7840587866922348
CCNI2,-0.790170589880406
C9orf116,-0.6719706946665253
CABLES2,-0.8577842926925336
ZNF620,-0.7701667918345463
ZNF552,-0.647356260711028
ZNF724,-0.6141272882603273
GRB14,-1.1715948298939196
KIF16B,-0.2161746829792387
RADIL,0.12566266182411232
MTSS1,-0.5081203040251795
MARVELD3,-0.7477639961103737
PTPRB,-1.0385867335630556
SYNGR3,0.7647138513132045
PAIP2,5.355830533973054
TRIM16,0.45145163001404837
TRIM16L,0.9472954440140883
FRMPD4,-0.0069309687682189425
TRIM47,1.12847389933499
TRIM65,0.7532951073655498
FSD1L,1.8451773541518581
NUDT9P1,0.7627014589446159
TMEM120A,0.5608949206041227
ENKUR,0.08066428599598444
LONRF2,1.0575346121610745
RFPL4AL1,0.26991452400858584
RFPL4A,-0.26461942326765225
FAM71B,-1.1393051601134114
PTCHD1,-0.9213673633350082
H1FOO,-1.1362586137504977
SMIM21,-1.2269115814747826
FAM122C,-0.6263237462448756
OR8D1,-1.0359850374967245
DEUP1,-0.6632634544010025
ANKRD31,-1.0566859855328634
LIPJ,0.7253243847555335
AK8,-0.6973016745569771
CNBD1,-1.0453493314383993
DISP3,-0.7635320964667367
SERTAD4,-0.5198310283870528
C7orf61,-1.022505325929699
MRPL53,-0.08085353004305006
RFX8,-1.013861846750414
RFX6,2.6855766982313587
CYCSP5,-0.9089663252278253
PRKAG2,-0.2155375218461835
PARP15,-0.8109819797578458
CMC4,-0.2178323023435843
MRPL52,-0.4158594569047382
RETREG1,0.5941448763208477
PELI3,-0.7717405073463203
C19orf18,-0.2910844933996219
OR6B3,-0.46318647741732444
SPRED1,-0.47652745848921824
KLK9,-0.3946958073585926
FAM122A,-0.2318489055330463
MSL3,-0.51757255437012
SPRR4,-0.8390148603616208
MSLN,-0.6258372288112072
SH3RF2,-0.7452340871511719
TET3,-0.4131988897236229
TPMT,-0.2779014852025553
PCIF1,-0.5683769891594447
TRIR,-0.24599488389222585
ITGB1BP1,0.0530522845342299
RUFY3,-0.4350101584192374
TARP,-0.29108449339962184
GPAM,1.3917575803558346
GSDMB,3.6189995414442198
ORMDL1,0.5371806149865753
C3orf62,-0.6782859131198442
DTD2,0.09436078077541558
ZSCAN1,-1.026523202540544
LOC102724023,0.919170682080943
FOXS1,-0.21234675878794082
ZC2HC1A,-0.6160323470735182
SH2D1B,-0.8121342544184893
DENND6B,0.06917793406921012
DHX58,-1.041182283755944
ZNF385B,0.6120840562551134
ZNF322P1,0.27896930070585957
CATIP,-0.5978063803530063
GUCD1,-0.5961799158091934
ENKD1,-0.8474288357392475
C14orf93,-0.22721961316038303
KIR2DL3,-0.7692700185067994
PRICKLE2,-0.5075299844984646
C19orf33,-1.0333311228349196
RD3,-0.17799462412673295
HAVCR2,-1.004524172128483
ARHGAP24,-0.49795009853394867
MRPS6,-0.1594387128163261
KIAA1841,0.2775645409161902
NKIRAS1,0.9160918999804266
MTURN,0.4700733185211214
IL20RB,-0.8394219572888904
HOXC4,-0.9049967231186611
MRPL10,-0.174708261299262
DNAJC30,0.08702694763254444
PLA1A,-0.3412899897317895
DCUN1D2,-0.18761229198711804
AIFM3,0.32866370713056137
GRASP,-0.33125817698598203
ZNF486,-0.27886868139490767
CIART,-0.49943811060618726
BCL2L10,-0.5556420188607586
BCL2L13,0.09535344040947587
NTMT1,2.322719510744704
AP4M1,0.014634873296099214
PLXNB1,-0.6884800284600618
CCDC149,4.9971177391465105
BLOC1S5,-0.1806336831496669
FAM3A,-0.20125970977682514
SMIM11B,-0.2025791013901528
SMIM11A,2.450426204328017
C6orf118,0.2732681388945559
RNASE11,-0.2942908873535245
TEX2,0.5426415590821302
ZSCAN18,-0.19554894416112734
LRIT2,-1.0962750698028871
WDR45,-0.637982969416866
TBC1D20,-1.0289443929302327
TBC1D26,-0.9134670094054651
ANKS6,-0.490175445062844
METTL25,-0.15098551054143008
CXXC4,-0.6536425426539432
FSIP1,-0.4581300909808284
GSTO2,5.614752044409799
VASH2,-0.7164868099467023
ZNF839,-1.3027452763728307
APOBEC3H,-1.0042987370510836
RIMS4,-0.8654438324223361
LIMD1,-0.5380738741514598
TSPY2,-0.1288626151017399
C4orf46,0.040895311212305635
TMEM255A,-0.427219332096131
NCR1,-1.0440551984793482
RNF183,-0.7126427145878717
EEPD1,-0.2292243102898269
SYCP2L,-0.5113089877928952
ZXDC,-0.802615155348566
TMEM175,-1.3225458038086904
FGFBP2,-0.9013960402610279
SYT6,0.15924888879265892
DIXDC1,-0.7367519791472464
TASP1,4.062340581309131
MESD,-0.4868227101715232
SCHIP1,0.5868055143100429
TCP11L2,0.13286837777695848
HDGFL2,0.5026606653133259
ALKBH8,-0.05908352154043815
TIGD1,0.046106992456686924
DNAJB7,-0.6138666674323748
OR4D6,-0.3560343489909923
TTC23,-0.6990654265255657
RTL8A,-0.1080373619741319
VCY,-0.9737244840323672
C3orf33,0.7803030714760385
C3orf36,-0.8918248918295425
CES3,0.9824696962333705
EBF4,-1.1855925917823205
CDPF1,-0.5421917409888823
CTRB1,-0.24551464652131555
FAM3B,-0.96495382008004
OCIAD2,0.8659707886611847
ATPAF2,-0.13914697024479236
KCNAB3,-0.2994539135880827
PPP1R32,-0.8461147845710881
HMCES,3.538047820825744
ATG13,-0.009463241619669195
FRMD8,-0.5907417204531397
NMNAT2,0.6397788589127286
NMNAT1,-0.48792220533578146
GPR61,1.7556453304473503
C9orf78,-0.18672863404616857
EFHD2,-0.8977536369474772
PCDHA7,-0.49475389519184093
TTLL7,-0.4114181852842166
PCDHGA12,-0.9103768584959853
ANXA8,-0.4236712718673099
MEST,-0.0440438117220007
ZDHHC23,-0.5270548749578492
COQ6,1.3032134901755366
ZFYVE1,-0.5368460586770116
SUSD3,-1.3926536173717061
PITRM1,2.3945991821351496
CCDC60,-1.37212224105712
PRSS33,-0.5229819493036316
TMEM183A,1.2061368906590815
PDZD4,-0.18047593855918723
STON1,-1.275462692748415
PDZD9,-0.5678718620255179
GPANK1,-0.7184608940607076
TMCC2,-0.6060790057210119
MARS2,-0.1838784244164378
CCDC144NL,-0.29108449339962184
PHYHD1,8.067257251083651
CFAP58,-0.795309240812461
LOC403312,-0.29108449339962184
USP6NL,-0.46659769561535086
PASD1,-1.026824904443907
SCG5,0.4097262466362949
DDX43,-1.0484608248470408
GADD45GIP1,-0.5314744856457324
SERF1B,-0.7326555445107241
CHCHD6,1.1974573142724199
FAM151A,1.1952020670351784
FAM133B,0.3011442765875268
PPP1R17,-0.593653726011423
PNMA8A,5.9272199216044
PTTG2,-0.32341943457122635
SPIC,-0.45593563894262534
FITM1,0.08363290098369541
SRARP,-0.5816585443964327
C1orf115,2.264879699276535
C12orf65,-0.328145806892536
ACBD6,1.3854741235836021
ACBD4,4.776383995454875
EVA1A,0.36672800638538466
AKAP4,-0.41918107583143566
DFFB,-0.33784241236237633
VCY1B,-0.2910844933996219
KIFC3,-0.46749961331131873
SLC41A3,-0.26453939552763833
CD300LB,-1.681062189972655
STARD10,0.12234841873736153
CRADD,0.18641444812985145
PRR15,-0.6527533245812197
FAM53A,-0.29108449339962184
CELF4,0.036648283007214656
CCDC190,-0.4786860738713711
PACRG,-0.42521334853565956
MTERF4,-0.11083587950949947
PRSS1,-0.3211197313523004
TSLP,-0.569610459179409
THAP3,-0.42307173895015476
CARD18,-0.7751167211597083
RP9,-0.5329831836153738
DNAH14,-0.7026454716321985
GNPTAB,-0.5307866856033221
IL26,-0.7036066920623868
FAM50A,0.05286615810463104
FMNL2,-0.40979126231098034
FMNL3,-0.5477975652527856
KCNE5,-0.9537408563764997
PPFIBP2,-0.5226195732939352
CCL26,-0.2764516082999637
SEPT9,-0.17663937363867682
SEPT5,-0.5356436118572031
SEPT1,-0.19087732469880858
DPCD,-0.029909362168194325
CDK5R2,-0.6490877545814913
GIMAP8,-1.0158164402126135
CXorf56,-0.8015180813476026
MOB3C,-0.4384993771086617
C18orf21,-0.17755471978590637
MT-ND3,0.8448575604244942
GPR107,0.6456523876554704
RITA1,-0.07366274099358874
ATL3,1.2928302534997582
UGT1A10,0.5073708258389431
CSAG1,-0.15810854914773537
ZNF2,-0.6155876977960005
ARID3B,-0.8766415785024284
PURG,0.08476409393131062
CCDC28B,0.09801096699135765
FAAH2,1.8044123272099994
SNX21,-0.15747312039317962
MAGED1,-0.640802744211044
RSPH10B2,-0.27362667215875963
CLEC12A,-0.8359935878483299
LANCL2,0.2157706396429791
SERAC1,-1.3341583740197487
PLAAT5,-1.1026647098336904
C19orf12,0.5044628939040484
ERMN,-0.5995165559120527
LSMEM1,0.17025270504162807
LSMEM2,2.808585789717557
ST6GALNAC6,-0.6150098277145954
CAMKMT,0.6362193791314521
WARS2,0.13179184765382132
KLHL32,-0.4731550469904005
DGLUCY,0.13658168071661328
JHY,-1.0960189003394025
TEPSIN,-0.9671932192413243
C11orf45,0.14194085714785307
ARNT2,2.28045994999205
CRIP2,0.4395713762524406
CAPNS2,0.06737779254139041
NBPF3,0.029757658598985944
NUDT16L1,0.3958917239302121
PDE6H,-0.5375068108467799
BEND2,-1.0829035264289284
INIP,0.3103590013746757
QPCTL,-0.06465253893254388
NAA80,-0.5937165846779687
ZNF641,-1.1148848905443434
PLA2G4C,0.2869816860031572
PLA2G4D,0.45381706925869386
CHRFAM7A,-0.8827364621013654
ROPN1L,-0.7677024118203069
NEO1,-0.20557511861697494
RBPJL,-0.9400290833017741
CAVIN4,-0.12525195345048476
CORIN,-0.6046791743238408
PROSER2,-0.601835141642378
MRRF,-0.11669861082576616
MPV17L,0.6173319079149606
BSND,0.15433812009599482
TTLL6,-1.1746879817166136
TCEANC,2.8267159293842425
YPEL3,0.817173129636596
C11orf53,-0.40266929437148435
C11orf52,0.5590871754144421
CLDN3,-0.4255391854104873
C6orf203,0.07654645289857355
TRDMT1,0.022016717861643685
NEIL1,-0.7283671236777113
NLRP2,-0.24691926749032642
FILIP1,-0.8560480716401957
ARL6IP6,0.3815262110341287
CRACR2B,0.007054067422282264
ZGRF1,-0.08014923402967285
PRKRIP1,-0.07448403706553929
MCU,1.4730806691126055
ADD2,-0.7489557335980493
EPB41L4A,-0.9460557857662775
LURAP1L,-0.5055075081687713
C7orf50,-0.44266045149797256
NXPE1,-0.297736427481226
NXPE3,-0.3217070984720746
METTL8,0.07896124423366312
ERVFRD-1,-0.9054768615278682
QPCT,0.035584986616382305
SMTNL2,-1.2152011442004693
MKNK1,-0.7729418117887478
OLFM3,-0.4516795839458218
CAPSL,-0.5074729685556053
CHURC1,0.07272578138664693
MAP9,-0.06907857066395881
PRXL2A,1.0511626402499146
FDX2,-0.09723960531284433
KIAA0825,-0.9461351675392661
EP400P1,2.1476735336967128
KCTD18,1.2221787407550748
ZNF449,-0.7832968711677126
L3MBTL4,-0.5906572357253184
SERTM1,-0.29108449339962184
SERF1A,-0.6807108761702259
AFAP1L2,-0.9358758396204969
IGSF10,0.9122099128797807
CCDC107,-0.6860665099801837
C11orf71,5.6578026632617
SPATS2,2.0642555583803524
TCEAL2,0.1321071949955504
CHRNA7,-0.9123689868377743
IFNA8,-0.497993831948338
IFNA2,-0.9615609820012049
SLC48A1,-1.1736233505661537
OR2A42,-0.7020983131795716
C1orf174,0.14508618222537276
LRP1B,-0.51349904337773
RAB3D,0.057701504582417705
ARMC7,-0.9453514149354684
PLEKHG2,-0.7658025104214309
LIN7B,-0.33079798998985344
TAFA1,-0.27835423288606803
NEGR1,-0.33257278234920035
DBNL,-0.7123551563457545
PKIB,1.6817767396494978
SYT7,0.4274109982348879
FAT3,-0.2347017719247245
SYT10,-0.6799813658317533
LRRTM3,-0.9380943720543422
NLGN4Y,0.569478439347788
ARPP21,0.6144692224827337
KIAA1549L,-0.9402862407692248
ZNF804A,-0.3931774674655004
CBLN4,0.211175493602586
CADM2,-0.8906109523861813
NLGN2,-0.1917307838963009
CNTNAP5,-0.1172148758509136
BAALC,-1.4082067265377494
SHANK3,-1.0336416799043688
ANKRD13B,-0.8794354941370904
NOL4,0.471406578150628
SLITRK5,-1.108054787160511
SLITRK1,-0.605505734825232
SOX14,-1.1761512926030167
KCNK12,-0.8364339699925161
RIMS3,-0.35016067133631007
ADGRL3,-0.8075019040923858
FAM131B,2.642079473228351
SYTL2,-0.5829968292623089
SYT4,-0.5599388269370257
CSRNP3,2.0436865438650282
NXPH1,-1.0799757928302862
PCDH19,-0.8574272573468228
SDCBP2,-0.4749409874221419
SYTL3,-0.35093816973757425
PCLO,-0.6512535281202292
SNTG2,-0.9606078533960369
NSG2,1.0809985091905565
GPR173,-0.37555885996145993
KIAA0408,5.53641525288328
FAM155A,1.8210095459172504
KLHL4,-0.489711349990025
KCTD16,-0.08399179561879215
SCN3B,-0.0447517866994068
ST18,-0.9468238841454082
TENM4,-1.0118227761667653
OPALIN,-0.6204296867070451
LRRC49,1.33486456184367
XYLT2,-0.17995389994604047
INSL6,-0.6594355430361067
ACAD9,2.210117961161463
CCDC65,-0.40710721382553144
C19orf48,-0.6270448487629435
NR2C2AP,0.5412389239570516
PPP1R35,-1.1986398318022322
ARSG,-0.24563502604492424
MORN2,-0.41380164960632343
TEX43,-1.075905105799656
TBC1D28,-1.0917955001772457
SPATA18,-0.6591154876818069
TMEM232,-0.5403611221850867
TMC1,-0.6880196060859497
ARMC3,-0.3531441878342244
NLRP13,-0.8205799415921411
NLRP9,-1.1003154912483801
NLRP8,-1.5775206373525095
STARD5,0.056733318137784594
FRAT2,0.24059543831941352
AMER1,-0.15512768620357978
CIP2A,1.4782315621471105
NOSTRIN,0.5510861845615206
AMER3,1.3402974002112882
CGNL1,0.30266210020282625
DVL1P1,-0.7262855278046191
MTFR1L,-0.07223178794089406
AGR3,0.05284235197160773
CTTNBP2NL,-0.2751858780492432
TMOD1,-0.330695774197144
SYNC,-0.4128264151217074
CCDC88A,-0.13901584267765243
GLIS2,-1.1551412424754945
TCHP,-0.33500548095078314
KIAA1328,-0.2190597856644594
PLEKHM3,0.2512429171294735
NAP1L3,0.6255530539802969
C1GALT1,-0.0873921065911949
NAV2,-0.5130658786156312
KRT23,-1.001439023280945
NCKAP5,-1.6349580968692352
SCAPER,0.15986007187898013
SYNE1,-0.8230004564308777
WNT16,-0.2786438033004824
AMER2,-0.3573256441114353
TMEM179B,0.04727036486078425
PQLC3,-0.12660375976667324
TMEM107,-0.6175946021865008
TM4SF18,-0.04688413969022938
FUCA2,-0.2104447076570956
MTRR,0.011115298399805613
PIGM,-0.04695854076570094
GRPEL2,0.17784250785473846
STARD9,-0.34668592270869913
ARMC10,0.24988286445012456
CBR3,0.6395972780468376
VKORC1L1,1.2404342612655674
MREG,0.49766365628782144
C16orf96,0.816667132782647
NETO2,1.838720489102639
GAS2L3,-0.2896779318798689
STK19B,0.24835541698330782
C12orf45,-0.23524227347777968
AL669918.1,0.029306870339875453
C17orf75,0.30967542365774814
ELOVL6,0.5267104536119892
LTO1,-0.6291908352668392
NOA1,-0.2979205900944704
COQ2,0.21870239917904655
CLCC1,0.3829697295422466
C5orf51,2.4113927668373365
COQ8A,-0.3053910959685457
QRSL1,0.06355789230541434
TRUB2,0.12240723173192981
MT-ND6,0.4324467436656756
PIGH,0.5375144412548615
LYRM2,0.7518674629442738
CPT2,3.6376347260575
LYPLAL1,0.985322971714823
THNSL2,0.15552583606406079
ZCRB1,1.9359855936149177
PCCA,1.5750981473687728
AC034102.2,0.6923621524737495
NUDT3,0.09436308972156311
LIPF,1.9895722740634352
DHDH,1.1634125003253426
SLC5A12,0.7571675595266517
TMEM92,-0.986465779624987
HES2,-1.3372840892916988
SLC6A19,0.8823156487350841
SLC23A3,0.49210409305086056
EPPK1,-0.5602412371807728
ZNF511,-0.5228447778805763
AARSD1,-0.5705496169517974
PPP1R14B,-0.6911638051259386
TMEM141,0.6655458233592065
MCRIP2,0.01388996749639674
TIMM22,0.028109240960331756
MIEN1,-0.21441918828703238
COQ4,-0.37505848825967825
SLC35A4,-0.6758339879140749
CAND2,4.334930718403339
SLC25A39,-0.3239979470570742
NPPC,0.10058884992086078
UNC5CL,-0.8656818354669413
MEAK7,-0.34642549181801896
RFFL,0.11687979487443834
NRK,-0.8425321082610356
GSDMD,-1.1602954157964558
UNC5A,-0.9214182321268367
CASP12,-0.23177406244032672
TICAM1,-0.5766920533021486
ANKDD1A,-0.6731642967726562
PCSK6,-0.7428319465246086
BICC1,-0.595835907232825
CYB5D2,1.8405376955237855
KLHL36,-0.48979314782905903
PCDHB15,2.105019914910843
ZNF398,-0.7536317551976897
KLHL23,-0.00029680394234733883
STRBP,-0.4233426301229517
ZBTB34,-0.5225560351216669
FAM117B,-0.31506892252428326
C16orf87,-0.1895909475611721
NKX2-4,-0.9868732131033959
C2orf69,6.177580876942838
TAF5L,2.8411326780719963
FAM217B,-0.08342556723281372
RGS12,-0.8128910255782786
ABHD14A-ACY1,0.26261380333517026
PDP2,-0.3784946770271607
ZFP57,-1.0906384309510053
RANBP17,1.0148766269380853
MRPL54,-0.30658708136729484
TRAPPC3L,0.2384897057495949
MCEMP1,-0.2648195274927551
TPCN2,-0.5259132949766987
BCL2L14,-0.6419586007622603
STXBP5,0.9511751463144457
LGI3,0.5376891885613215
KCNAB2,-0.7527958174882163
SASH1,-0.8036436975219673
ARHGEF9,0.04424165487224357
MEX3D,-0.63508008744618
UBASH3B,-0.5762129393919854
DOCK3,-0.41124450029508575
RASAL3,-0.9654597305937418
TSGA10IP,-1.1109365016265638
SOBP,-0.5477453694471566
CCDC187,-0.7919882614145866
PCDHB14,-0.5114488237286349
NUDT18,3.41968886028802
BAHD1,-0.9963914842583325
GGACT,-0.1933786324393818
COA1,0.3609998539056093
RASSF10,-0.9522909583141216
GGT6,2.8104348102415053
OPLAH,0.34152261651056814
GGT7,1.5815648787361922
NLRP12,-0.4884449653182851
NLRP4,-0.7160968997712417
NOD1,-0.39816733091992657
PYDC2,-0.9815067815007498
PTGES3L-AARSD1,-0.5414917292519889
FRG1BP,-0.9064830607297565
STAC2,-1.2509341468513917
CPNE9,0.20785577148531484
AGBL3,0.09977963970531342
ATXN1L,-0.8294885738985581
KCNE2,-0.22335957327982234
GTPBP10,-0.11814585739363442
DNAJC24,0.3898408120380475
ZCCHC7,-0.28143848046629927
RNF169,-0.431715992534723
OR4D2,-0.740707357086022
ABRA,-0.3982402964668532
ZP1,-1.3920881186368632
POF1B,-0.44156446405235245
AC011462.1,0.40325367764342424
USP17L11,-0.9684904605215163
USP17L5,-0.9885504660910842
USP17L22,-0.9684904605215163
USP17L20,-0.9684904605215163
USP17L21,-0.9684904605215162
USP17L17,-0.9684904605215163
USP17L15,-0.9684904605215163
USP17L12,-0.9684904605215163
USP17L10,-0.9684904605215163
USP17L19,-0.9684904605215162
USP17L18,-0.9684904605215162
ESPN,-1.4065391510281144
FHDC1,-0.9932738866436837
FMN1,-0.23554419637636936
FMN2,-0.09840294343839698
LSS,2.822109114842443
FHOD3,-0.9368217652509703
ZDHHC5,-0.4038945739309433
ARHGAP42,4.145341585900509
PXK,-0.839236876054235
WHAMM,-0.3838246719810925
GRID2IP,-0.2727741524425825
PACS2,-0.20464355356293537
WIPF3,-0.8769337348061073
RAB11FIP1,0.31415715706936365
ZIK1,-0.3308516242592422
ZNF800,-0.6460697996727824
ZNF736,-0.9047393352763345
AMIGO1,-0.49999735390145117
TEN1,0.7875382911325745
MSL3P1,-0.6845653992365267
ASPHD1,-0.4639689317697252
PNMA3,-0.9811507206949354
DPYSL5,-0.16549598569630927
SEZ6L2,-0.4693215124312136
DEF8,-0.3958809676064328
AMDHD1,0.49788713162442594
AMDHD2,-0.1292955483079675
LGALS7,-0.6414609316579215
PLXNA4,-0.27539344611676364
AC011455.3,0.04886908836680223
CSGALNACT1,1.8112277000465649
CD109,-0.5503641277408071
ST3GAL5,-0.1949696224915346
FADS1,-0.46323579477805144
OTUD6A,-1.0743854564969828
PRUNE2,-0.5342610725723564
NCBP2AS2,-0.5137710136014813
LCE3B,-0.7478136646767378
VSTM4,-0.7843755590550233
ANKRD30B,-0.6415343251701164
EMP2,-0.9013597737649892
MT-RNR2,0.1721649517123169
GALNT14,-0.2205734120885576
C8orf4,-0.6949698330519475
TTC9B,-0.14874311544197608
ZNF784,-0.7543917210976817
TMEM108,0.9959060586585529
MDGA1,-1.3669192943294919
PANK2,-0.0854298647399487
PLEKHA5,-0.4017583812313887
TBC1D25,-0.6711150910416616
DUSP15,-1.415079136190098
NOTUM,7.0625787805287885
SSUH2,-0.8238809844604098
IGDCC3,-0.23122061763847113
SUSD5,-0.6430722970193947
FMR1NB,-0.024859521989212353
LRRC45,-0.48139579324939663
DNLZ,-0.10228862824421923
OTULIN,-0.20971545719518497
NEXN,-0.4863454149575308
LRRC24,-1.3905995436746221
TMSB4X,-0.8125954131601216
OVGP1,-0.9674785035520861
NYNRIN,-0.03464218799163777
KAZALD1,-0.9216742924113396
SLC41A2,2.122682339394305
SLC16A4,0.44179235494283225
GSTM3,4.904319183948003
LDLRAD1,2.253040607592653
MS4A3,0.9119444553308936
SPAG4,0.3347490483106323
TCF21,-1.2338682119212423
LMBR1L,-1.2092139238819384
ORC1,-0.12440067183301536
CKS1BP7,0.8855202244853447
KLHL13,-0.1990097115478616
SIRT4,0.4645326512391466
DCUN1D3,0.1593299720490399
BTBD9,-0.10822954195185493
LRRC58,-0.1795928001401194
MRGPRG,0.37830036246024235
ATP23,-0.38834924272242416
CCDC167,-0.20727277302289634
CMC1,0.33489297975242227
ZSCAN9,-0.5895282853092435
GJC3,-1.1853961018392918
GJA9,-1.1386967418196976
GJD4,-1.2813338693540275
CNST,-0.6978306840646781
FN3K,-0.8331231541492543
GJA8,-1.5272157623097542
KREMEN2,-1.0835946720582854
BFSP2,-1.0678636711225515
CLEC14A,-1.037249266836754
ZP3,-1.2619175878929927
CCDC3,-0.7960256721457103
PHF20,-0.7039289727118393
DLL4,-0.7849859002564543
IL1RL2,-1.2189784265371508
KRT12,-0.8785686176885195
FCRL1,-0.9764772601998603
CEACAM19,-0.5865415954045451
ARRDC2,-0.3178377864974943
PRSS56,1.3965050503960061
SNX14,0.7149810766441383
PMS2P5,0.1808926533800296
OR4D1,-0.5638046587412163
ZNF397,-0.5013731607619869
KDM4C,-0.7719681674622473
KDM4D,-0.39032835371278957
FAM13A,0.00537183251516683
JMJD7,-0.6544964445660602
RFPL4B,-0.4479203327778995
GPATCH2,0.21253758159127745
AGAP4,-1.0538106195307335
ZMAT1,-0.12566748806424458
CBX2,-0.5702117999560669
RASSF6,-0.3136086753444804
ETV2,0.012670335827061788
ZBED8,0.33278104368886846
LRMDA,-0.40996643460770715
DNAH17,-0.9528127702587154
GPR22,-0.7208423439612199
CHRNA10,-0.8279077576268341
AMELY,-0.7281658490204623
CSMD1,-0.5817322796962288
LY6H,-0.3761265708881139
ST6GALNAC5,-0.49621560536899256
CALY,-1.2872115938368978
ARPIN,-0.8868327512371647
NATD1,-0.5867195670506891
FSBP,0.29657480349014825
AP5B1,-0.7466076166859362
TEFM,0.35593331671920325
MIGA2,3.947320136495728
PALM2,0.6663772125417392
ENOX1,0.17346422719705765
NUDT14,0.9982366481228903
PNPLA1,1.4731371144898424
TP53RK,-0.3273559788650327
TMEM203,-0.1967285218181863
DPP9,-0.2518701252939454
EBPL,0.30511502052261563
DHDDS,0.23668636848691327
C9orf64,0.2358087671272348
ANKRD40,-0.40199010842229144
MLXIPL,-0.28094030930195746
TMC4,-0.2744498434204298
SCGB1D4,-0.5204149895615631
NPNT,-0.7376684663694013
PNLIPRP1,6.124470401545062
TMC2,-1.0448613023910724
ARHGAP27,-0.27021715204943175
TMC3,-1.0385212078624741
FAM53B,-1.301093864770794
TMC7,-0.8104791349645746
TMC5,-0.6870720209314489
ZBTB25,-0.4884651651748548
TMEM38B,0.6245685509173993
CFAP206,-1.0130331689076246
OCIAD1,0.30562389645530214
TECTB,-1.1803184406229772
RTL3,-0.4029279703744845
TMEM200A,-0.6644184096165991
CA14,4.620149909959557
OPN3,-0.031095367811040636
SGF29,-0.683556571237361
MAGEA6,-0.3584026671461197
SDR39U1,-0.038185185109915476
AL162231.3,0.5764776442254268
MFSD4B,0.280805564664377
B3GALNT2,-0.22221069282784728
SCFD2,0.08325828288428555
EEF2K,0.10382804390064876
BHLHA15,-0.6288566135433961
CLEC3A,0.09435495359914667
PGAM5,1.5776937369960689
EPM2A,-0.48220525586638147
FOXR2,-0.8652807864277192
TRIML2,-0.6998867812864176
AKAP7,-0.8442512570705965
AKAP2,0.5299522952213136
CNGA2,-0.48209933020893125
LOC653513,0.28992404431835755
EIF4E1B,-0.709851019693321
PDE4A,-1.0847128670396848
PALM2-AKAP2,0.21257970015742805
CCDC61,-0.008466699059883374
WDR92,-5.4857044992865485e-05
PDE4DIP,-0.08576723208511512
ZG16B,-0.38303704124713234
SLC2A5,0.13385517601154667
CRYBG3,0.11899385268339058
MAATS1,-0.363028368165337
C2orf88,0.1004068838864974
SSX2,-0.15253939917351475
AMY1C,-0.15824292333129547
AMY1B,0.040214671385259554
FAM49A,-0.8106359703046727
TUSC3,-0.019815359215596684
LDHD,3.5677418792326296
ARRDC5,-0.36078952075279075
CAVIN2,0.20327835866967106
PIK3IP1,-0.970723353548798
TP53INP1,-0.7112962935846503
FAM91A1,0.1498034575870608
GRHL1,-0.5940459044018098
MAB21L4,-0.8331400835468681
GALNTL6,-0.17354827322379604
GALNT3,-0.036665013915007004
GALNT16,-0.19446433635147584
GALNT13,0.587382741271106
RIBC2,2.7693724492309038
HEATR5B,0.13331181275221662
GTF2IRD2,-0.6947570718497895
GET4,-0.24530539964328268
TRIM43,0.8143232176392501
HUS1B,-0.09640654249709611
AGBL2,-0.23880064147942304
FAM57B,-0.9144768996493662
RGPD6,-0.26430282478872646
FYB2,0.024108429373824822
MMP15,-1.0123002145877495
TRAF3IP2,0.3799477847872403
AFMID,0.36941848226974056
NUDT12,1.5324645096740401
CLCN6,0.18864949133047296
WDFY1,0.8110998685875341
C11orf74,0.3527961130917603
LMF1,-0.5457409945819586
NRSN2,-0.9095140954508699
RGS20,-0.5016405129960311
TUSC2,1.732567693780129
TMEM185B,-0.14010705328362646
TMEM79,-0.29290914471687046
TMEM128,0.7812198166067038
TMEM69,0.6285793645653717
BORCS7,1.2281748759771614
ABRACL,0.5611241252590927
SLC35G2,-0.7850154068023698
C3orf14,0.9329146396543643
CLN8,0.44887236303525285
THAP10,0.5969568922994652
SMYD2,0.1167613228393651
CENPS-CORT,-0.20782464017257593
ZFP62,-0.3516607056056541
PPP1R26,-0.42009485576101624
POLN,-0.4493603923165328
PEX12,6.254518947053842
NACC2,-1.003835648839783
PRDM7,-1.5542115160023708
DBNDD2,-0.80312142455477
ST6GALNAC1,-0.01526047761034923
SCRT1,-1.0502549342311276
C6orf47,-0.5589907936115978
CSMD3,-0.9538944615070581
MMRN1,-0.6207559589775086
FRMD3,2.727205069824088
FOXD4,0.6610820720806848
NLRP14,-2.094425093444229
RHEX,-0.9281777233614651
FOXD4L4,-1.0503244822223454
FOXD4L5,-0.6739096846605683
FOXD4L1,-0.8379941376441586
FOXD4L3,-1.1046703851689559
HBQ1,-0.6510289758468492
RHD,-0.5434993907412353
CFAP45,-0.4103929217950898
RSPH4A,0.7424226491240485
CFAP126,-0.4812137331024778
C7orf57,1.9657886018916435
VMO1,-1.0054177589198132
PPIL6,-0.6113363917968734
TPPP3,-0.8257088250545627
CFAP157,0.9297225259317673
CCDC153,1.7216447514632192
MORN4,-0.10900573095164946
CABCOCO1,-0.28007872242131554
CCDC170,-0.5827187789588986
NME9,-0.10588209003291489
RAD52,-0.5554836054475866
IGHV3-9,-0.9514407763748368
CLSTN2,-0.27398235987788483
AC105001.2,-1.5745843137946127
ZNF396,-1.1616354469494912
LRRC43,-0.629713900693537
PGBD1,-1.0418784935926424
ZBED9,0.24030412904968884
PROSER3,-0.05153989535776129
ZNF174,-0.8159305215521759
ZSCAN30,-1.2503422845180527
TXLNB,-0.4399397200196081
KRTAP5-9,-0.9609870478642901
C1QL3,0.3114227470800478
GPR158,-0.42222422167640977
NRSN1,0.24763283554331472
TMEM151A,-0.07109455094399579
CREG2,-0.17892860042142616
HEPACAM,-0.5298265026476703
PLD4,0.3599888242057751
QSOX2,-0.027180384306895875
PNPLA3,2.0480940149723232
PNPLA5,0.7322870978481432
DRAM2,0.5045044616677845
PAFAH2,5.050449624171331
AWAT2,2.4968871222894693
LPCAT4,3.1802198987372146
LPCAT2,3.454571962676891
LPCAT3,0.22131723933806097
NECAB2,6.1925786167038765
HSD17B13,2.9389804517541944
APOA5,1.6797355541310248
GBP7,0.8561927814989658
SLC25A47,1.5788574506695627
SERPINA11,2.4435476644086678
PGLYRP2,2.8786678732826045
SLC13A5,2.0748226909260024
OIT3,0.3197286474174615
RTP3,1.8544249290477306
PLGLB2,0.39119850226526637
EXOC6B,0.6019238621909575
ACOT12,1.1833057481278364
SLC27A5,3.6219406995414634
CLCN4,0.05835102452131937
CLIC2,-0.7294461275683799
TP53I11,-1.339977368988277
SERINC2,0.41221090631683116
PHACTR3,-0.4021534665128483
AADACL4,0.9315324127063155
C1orf122,-0.8619029565523086
RTL9,0.2640166408246869
WSCD1,-1.3779108027905165
ACOT2,5.885685770594646
PSG5,-0.34857218461241835
SHISA7,0.19692364206216806
CBLN2,-0.7571946836688336
AADACL3,1.1863701171532288
TCAF2,-1.4773253204504473
TMEM39A,-0.31959551041028395
TSBP1,-0.08671646723873751
PRAMEF10,0.13663335434535545
AKR1C4,0.39447716515352804
EXD2,0.9132794198006641
KRTAP4-9,-0.36875242085186655
GSDMC,0.3521169580218858
KRTAP1-4,-0.6820837553864062
LCE1F,-0.7121932921727555
KRTAP4-1,-0.6308166258095946
KRTAP9-1,-0.5062601905420085
KRTAP4-3,-0.7516180648514853
KRTAP4-6,-0.6515071750549284
TMEM190,-0.42471908395625263
NKD1,-0.3738583598708092
KRTAP5-8,-0.6111172431528068
LCE2A,-0.9166865639513732
VWC2,-1.0454414998002497
KRTAP4-8,-0.6951231387454982
KRT74,-0.9144751862234164
KRTAP9-9,-1.0342125373156013
UPK3B,-0.31373459929210035
KHDC3L,-1.386851144967968
AC002310.5,0.13481113079161428
NTF4,-0.38584855933789014
NKAIN2,-1.0393115769908983
PLK5,-0.5639176831183681
PLXNB3,0.014165000406657897
TENM1,0.35005507092897953
ANKRD66,0.1530302276884365
MRPL55,-0.373852480163612
RPP21,-0.4442500114274384
ABI3,0.39355938291239545
NOMO3,-0.29371634827757953
SLC52A2,-0.40715884067345937
ADPRHL2,0.7377616015974533
B3GAT2,-0.2335521082693416
KLRC2,-0.7753230727056946
TTC38,0.4392597769357631
CLEC4G,-0.8331593283176846
MROH5,-0.2901094181493378
TMEM176B,-0.6158924356453737
REG3G,-0.35642883819662824
MMD2,-0.3921133652784027
ETV7,-1.2753804699001368
ADAM33,-0.8451732438306327
TMEM86B,0.1288060056977872
TMPPE,-0.05115330220949812
TMEM140,-0.8403986034618967
SLC43A1,0.0023820634751028085
TMEM144,-0.37109722501490366
PAQR8,-0.25202479778575093
BCAS1,-0.6316510458172634
PLEKHH1,-0.6507330198022294
PAQR6,-0.26738415727905884
ANP32C,-1.1834898458917327
ZNF781,-1.1735233330886368
ZNF695,-0.7048734290968738
SLC50A1,-1.3689127462503894
PHTF1,1.099745999443491
DUSP16,-0.8891537497180104
IDS,-0.5083809718413675
AC067968.1,-0.6807964769728247
GSC2,-1.0507087255772256
CRYBA1,-1.150017331031882
IL17C,-0.27873575434474646
ZNF81,-1.3377734429052204
MRPL45,-0.3136691262324332
NFXL1,0.23721282546610997
SPIDR,-0.28422078568438697
BEST2,-0.4683611834171013
NPVF,-1.0741853325486324
DUSP9,-0.9872536977393002
PCDHA10,-0.3050129300623539
TIGD4,0.10199110485530428
PLEKHF1,-0.24066878136155948
DHRS13,0.7474088595295643
CCDC89,-0.7034906630950747
TPTE2,4.13848289134697
OR52I1,-0.47043514002138154
RNF180,1.9924784245767608
SOWAHA,-0.20513045341120212
ZSWIM5,-0.37225706792742114
ABHD17C,-0.044564518778439546
FAM110C,-0.0972831503764735
SMYD1,-0.5345360944768277
SOWAHD,0.34880867582766467
FAM111A,-0.17236555388446767
PLEKHA8,0.6090243191804391
C5orf34,0.2647485474989513
PAQR4,-0.5841486199197357
CHRNA5,-0.6918326487763262
NCR3LG1,-0.25319989126656794
PARP14,-0.902033654745352
IL15RA,-1.0428661510192234
IFI44L,-1.1227399017629396
POTEF,-0.2167141640219316
FCGR1B,-0.9492906022553079
SLC25A16,0.9206601455604062
CCL8,-0.8289853539712386
KLRG2,-0.8959111293813077
GXYLT2,-0.19717061587679963
TMEM246,0.37831232254673475
FAM210A,0.6079457030731881
AL645941.2,-1.0118837914859644
GBP3,-0.8101872933805498
GBP4,-1.057942809991892
TMEM201,-0.5137006834214357
TRBV12-3,-0.6508178829563872
TYW5,-0.6599079716714983
SERPINB6,1.2518468574927182
OTULINL,-1.1042077825373422
PTPRS,-0.7017201517943311
COMMD7,0.4126443747739894
COMMD5,0.19115380611216962
MRFAP1,-0.3184621226272403
WBP2NL,-1.089594211391039
SIMC1,-0.27047516776115205
FER1L6,1.282641371682439
PCDHA9,0.2860423593559891
LONP2,3.2523540451369253
MLYCD,2.860796060319781
PCDHA2,-0.560531066382186
PCDHGB5,-0.25517760537773787
CA5B,-0.3947867026282006
STK36,-0.8005387874811998
TIGD7,-0.06235679680296444
CT55,0.08036907482070378
SYNM,-0.4968023688965948
FGD2,-1.3306118767563395
FAM167B,-0.7126427145878992
ZXDB,-0.2458239896923193
RIMKLB,1.82316618758873
ZFHX3,-0.8774511220900215
ZFHX2,-0.4834487396788839
PSMG4,7.740126787678538
GSTT1,2.7182282233671016
RNU11,-0.5201678312153896
RNU12-2P,-0.4845868614279978
LSM10,-0.3020642355960892
SNRNP48,-0.31646288820913665
SYNPO2,-0.7679513615522793
FRAS1,-0.7441883323826539
SYNDIG1,0.19324261880940974
SLC35F3,-0.5139835733218489
MTFP1,0.23679855879366654
C19orf25,0.032135459113356725
INSYN1,0.7491115234270558
COPS9,0.0023569371718332502
BORCS6,2.7859955568188943
LIN9,-0.2554726805124001
LIN37,-0.9179530026825652
ZFP30,-0.5745334989058642
KLRC4,-1.0584802408191405
LIN52,-0.7549943457242329
MRVI1,-0.3835732877075676
HSP90AA4P,-1.2974046558792278
SLC14A1,0.5691611619950285
BCL2L12,-0.7386249161197127
SLC35F5,0.02080633829613075
PAFAH1B2,-0.08671717107653838
PLEKHA2,-0.8027950665399954
LACC1,-0.36486152093127366
NOXRED1,-0.4363983528985233
PRDM15,-1.2402338936676078
SLC25A17,3.6157418182601297
CDADC1,0.28961878460749346
RAD9B,-0.5360559002982521
CCDC34,-0.18867401928349195
RHNO1,-0.3772957137215614
FAM222B,-0.776145845949178
MSRB3,-0.4819949327931483
GLYCTK,2.3237931065425186
FNDC4,-0.11191281693972803
EIF4EBP2,0.07264432819756253
TCP10L2,-0.7871347962025399
SIPA1L3,-0.6369764175074808
SPEF1,-0.7727937075356214
OTOR,-0.017900791513006928
CFAP46,-0.4589319128859943
TRA,-0.7442846767335741
TBC1D2B,-1.111806627737774
OLIG3,-1.0727659852492821
PEAR1,-0.1957175083197816
HSFX1,-0.2754652515388384
FAM78A,-1.2395910825615615
SHISAL2A,-0.9660642118881214
NFAM1,-1.296454586990782
CARD11,-0.9072078362552713
SHC4,-0.8690965731126642
CLNK,1.046812840640813
KIR3DL3,-1.0752523587221086
PRRT2,-0.22555290481210394
ZNF853,-1.1267710184062725
PTPN20,-0.8395355769639118
DUSP18,-1.4569798639760763
GPR75-ASB3,-0.14125506465628512
LGSN,1.108563515325972
DMRTA1,-0.5481947210835985
TMEM233,-0.8759125858217199
MFSD6,0.5981674529021652
SLC41A1,1.6524410681262098
PRDM6,-1.0230349406242807
IFITM10,-0.877571340436154
AC068533.4,1.7878786621374723
LSM14B,-0.46858999157105163
SH3D21,-1.1590551024769622
OTUD7B,-0.6235496382668207
TNFAIP1,-0.5743942086553039
C2orf68,-0.2509951088571401
KCTD1,-0.8620094739607048
RBMY1F,-0.7760345440720835
SHROOM3,-0.8410119608106119
RBM45,0.12301575880967258
GOLGA8F,0.1443798422718484
FAM120C,-0.7697775059266259
EIF2D,-0.6540860842918952
KIF21A,-0.24717968372205973
DEPDC7,-0.09704962525078868
ISY1-RAB43,-0.40714856408990757
HNRNPLL,0.7974162672832105
MYO15B,-0.8675706403907626
MED12L,-0.1742345407082776
SFR1,0.21584273513640387
TNKS1BP1,-0.3957902606572851
GOLGA8EP,-0.050181991139170344
ZNHIT3,-0.012652029362325271
MAGEE2,-0.3578985290676728
LENG9,0.3938587943767172
PSTPIP2,-0.4980781781459676
SNX12,-0.17628601766635665
SPATA5,-0.0725929940158881
RPL9P7,2.088701185693162
ARHGEF19,-0.2764089719368881
SCGB2B2,-1.4353070225001585
ABLIM3,-0.5262446359711108
STARD8,-0.5826945300924742
ZDHHC8,-0.42667956139308333
SRGAP1,-0.3590645114394966
PLEKHG5,-0.35947370375210236
NGEF,-0.43253508593734574
ABLIM2,-1.0741098738642927
FGD3,-0.9092006766005318
IQGAP3,-0.5580455675663875
ARHGAP40,-0.7882280283916552
ARHGAP31,-1.0197496841232307
ARHGAP36,-0.27413478133442665
ARHGAP39,-0.204049182356047
RBM41,-0.49545422216668844
ARHGEF35,-0.53124241609911
ARHGAP8,-0.8441826011151037
ARHGAP4,-0.896022608220315
ARHGEF37,-0.2738108921628763
ZDHHC22,0.31114795241421384
ARHGAP23,-0.7294013157844129
ARHGAP20,-0.9792161849795721
ELMO3,-0.7816297311994654
PPP1R12B,-0.6989470268934554
SYDE2,-0.788809701659207
ARHGAP11B,-0.7068260024835277
ARHGEF26,0.021372066784567965
TBC1D3F,-0.4362999565565775
FARP2,-0.5486011209231161
AKIP1,-0.2771991132444829
CDC42BPG,-0.555159104343119
FGF10,-0.8363579599427339
SNX31,-1.2948335873853292
HPS4,0.7114416095947476
NOXO1,-0.025012891492086582
EFNA4,-1.1036565587535514
INTU,0.044851480284141584
DNAJC5,-0.019839915721279924
FOCAD,5.437929588619626
PFN3,-1.221990517775913
SLC16A5,4.684825569234283
KIAA1217,-0.19673599724663496
PKIG,4.741669402329562
TVP23C,0.7577283995509089
KBTBD4,0.3371243948068203
ZNF28,-0.7350901616154922
LOC81691,0.3548867377756622
DCAF8,0.009684951972371009
AKR1B15,0.8099878295418217
GSTT2B,6.54393244230992
KATNAL2,0.41461680071356616
AC026464.4,0.5743235093429002
ZNF778,-1.2194880476231824
RHBDD1,0.279627945717346
FAM104A,0.1902516309411604
TMEM129,-0.564608650570124
AKR1E2,0.6060108821286389
UBQLNL,-1.0075193120204677
AKR1C1,1.0584633637533092
AKR1C2,0.8571094375607734
AC010132.3,0.35335562389231384
CPLX3,-0.4869145764492
CPLX4,-1.0699232441142097
PARP10,-0.7829607437455877
USP9Y,-0.3594746312853347
ABCB11,2.277159108393254
GRIP2,-0.8291610852262491
EVI5L,-0.49959543753454766
C3orf67,-0.9417830953832448
C5orf52,-0.6923163578983093
STRIP1,-0.34017763735383766
VCX,-0.6506505402031842
PAGE2,0.012717495448444412
WEE2,-0.9942229137493556
ANKK1,-0.34949583700087816
FPGT-TNNI3K,-0.8792631081122676
ADGRA1,-0.34894013459460443
MYLK4,-0.13224024211694804
AC005833.1,-1.0568105566821648
MEIS3P1,-0.924990813881722
AC004080.3,-0.49663022034850257
CCM2L,-1.0116345504992514
CLCNKA,-0.3238971012633239
MKX,-0.7220181915371728
POTEI,-0.06715685899829348
KATNAL1,-0.007641940477499558
PPT2,-0.3920256934179036
CCDC88B,-0.8413416064002375
ZCWPW2,-1.33731263285367
CENPBD1,-0.4570022461231673
KRBA1,-1.0706790854040047
NKX2-6,-0.5855976810740215
TMEM196,-0.3991032522490218
C1orf21,1.1762969505033567
FAM151B,0.39399887705716
EMX2,-0.8299758402202011
PEX11A,5.164441302793767
NKX2-3,-0.8621696017788616
EIF1AD,-0.35369804777607017
KRTAP3-3,-0.773849213964855
SLC26A3,0.059627766961364626
EIF4EBP3,-0.6029232371171236
SDR9C7,0.9213648160586962
GDPD3,2.142210090772576
PYURF,0.8889526039116445
NEK10,-0.7708261289687071
HLA-F-AS1,-0.7372187780964592
SMIM14,-0.06513145133180316
TMEM19,-0.9794436334737018
ALPK1,-1.0728590356243874
KCNH6,-0.9109441304195183
PUS3,-0.40206375419408086
NSUN5P2,-1.2019745480833084
SLC25A26,0.8458373183626736
RAB11FIP4,-0.7842421598138345
CCDC7,-0.8360059675263314
LRRC31,-0.7584150796297088
LGALS7B,-0.6817669321683643
CDK5RAP3,-0.35038005980862413
SPATC1,0.5285167260704823
ANKRD24,-0.8163088179828583
TCP11X2,-0.39966499487272883
PNCK,0.06526095180755166
PRAMEF5,2.4647711965451378
PRAMEF4,0.16254057142176384
PRAMEF15,2.464771196545158
NHLRC1,0.01790982364105779
ZP4,-1.7141115233603803
LRRC23,-1.145567818865486
RDH11,0.29509210573534106
PPM1J,-1.0406402600055797
SPATA9,-0.802607630693084
PRAMEF1,-0.4522963357293139
PRAMEF2,1.2826413716824387
FAM71F2,0.10882742088749808
MYORG,-0.047380879551429285
UGT3A2,0.42806486648021985
ST3GAL4,-0.7149592574543829
TONSL,-0.9542477361614181
PXYLP1,4.276664178586861
TPST2,0.24238397714857135
DISP1,-0.9911281167100067
FUT11,0.6243402402113369
DISP2,-0.8992584736248733
DNAJC15,0.07056888680500414
TOMM20L,0.4334538588899703
MTIF3,-0.13204358148400303
THEM6,-0.6869162484098463
MTG2,-0.04114321603870121
AC139530.2,0.04168164228332052
MRPS21,2.1895796965004126
ALDH1L2,0.7500920829789703
SLC30A2,0.797718525250119
TRARG1,-0.08876075298025608
SLC27A6,0.8426781811012702
SLC27A3,0.3032189329501373
CPT1C,3.5553501256351034
PNLIPRP3,-0.1000567086747923
SLC35E2B,-0.07700277398131623
SETDB2,-0.7415055667315629
AFTPH,0.26915889827071005
SAPCD1,0.7176591064603117
TSEN54,-0.5224263916428599
C11orf80,0.0011453857857857109
KMT5C,-0.8237291657009951
STRA8,-0.7247292311765714
HES6,-0.6995048854111227
HIST2H3PS2,-0.5714477756172915
ZSCAN23,-1.5075242255507024
SH2D4A,0.10783382660712003
CCDC71,-0.9659521789630257
RDH10,0.9587981841118345
LINC00908,-0.4651515031837876
TMEM159,0.46053749985856995
GPR34,-0.45138924738281067
RRNAD1,-0.6985526506121318
WDR13,-0.26958965237258126
ZNHIT2,-0.9851234199886421
GPC2,-0.5629049829616587
SSBP4,-0.6773991606548084
UGT2A3,0.839278946629394
UGT1A8,0.702297140300269
UGT1A9,0.734411510187031
UGT1A5,0.7332250208737666
UGT1A4,0.9624778587973718
UGT1A7,0.696448991427844
UGT1A1,0.6937381206677591
UGT1A6,0.6476343617536807
UGT1A3,0.671901336066632
UGT2B17,0.3035913151693852
UGT2B10,0.8674636629276173
MGAT5B,-0.5888126234725993
RGS8,-0.6061201049526145
XYLT1,-0.36625789306391987
UGT2B28,0.5189755479779912
VXN,-0.6980961237602108
ACP7,-0.13096029674756485
TTYH2,-1.2850224558377987
PTRHD1,0.26438996708486434
RNASEH2C,-0.38804406999577556
PDRG1,-0.18523057552865327
CECR2,-0.662745570117617
GUCA1C,-0.8402818599482631
CKMT1A,-0.15715576633475786
CKMT1B,-0.3340805408773228
TRPV3,-0.718960840998905
PHKA1,-0.2312333862995182
EFHD1,-0.457227966866161
ASIC3,-1.0149719742829995
IQCG,-0.3321299676032316
IQCE,-1.0898512671623528
UNC79,0.21911812511905288
MYH3,-0.5639989059214905
FGF11,-0.6249293422990662
ARL6,1.6132883145539403
TRPM5,-0.28800027084668745
C11orf65,-0.7852297108314763
OCM,-0.5450453615363425
TRNAU1AP,-0.46380259454869366
LIPK,2.1162709622015403
NDRG3,0.6215374758330936
PDE5A,-0.6651885451981956
CTIF,-0.6741583121762841
FLACC1,-1.0340451921111826
LOC102724652,-0.8479260209827528
FAM86C1,-0.44231515066679206
C10orf82,-0.3036334363083197
SLC35E3,0.5920613247816657
KCNH7,-0.7004980478353425
SLC22A15,0.883664549071866
C4orf3,0.9617052203372464
SNPH,0.2459449982633455
STXBP4,-0.5441840612610892
PPP1R3F,-0.19659628140050817
PPP1R3E,-0.3187531649333517
PPP1R3B,-0.10732019619936554
NAPSB,0.44282912014682335
C1orf210,-0.43502071386252017
MAP6,0.4021422987685442
GSDMA,0.2227071271027249
PJVK,0.5933709264452756
EBLN2,-0.4698814465489988
FAM83C,-0.5411882730726197
EVPLL,-1.0781431698654804
TMEM56,0.6395784337119503
C1orf68,-0.661233807741424
TMEM223,-0.5606390107842724
TSPAN14,-0.8165104873933291
NAT14,-0.243353152050765
SLC15A4,0.12155059439441102
GPR89A,0.13405449161134642
STUM,-0.7771224746475273
TSPAN2,0.3485064715067535
TSPAN32,0.07708418152288336
TSPAN33,1.0533274426961654
POMT1,-0.5275086990453671
DHRS9,-0.06364211203881583
CXCL17,-0.45100275402006085
TMEM91,-0.8266299094135389
KLRC1,-0.7586081240086591
IFNA6,-0.7968401176682558
C6orf136,-0.18753470167577937
C1orf226,0.3380265001404565
FOXN4,-1.3707587043976581
MAP3K15,-1.0132207337664016
DBF4B,-0.04497652409911531
DCLK3,-0.7339086084719227
CSN1S1,-1.1809152230709419
PMF1-BGLAP,-0.2183377236177088
LRP5L,1.3607445618367533
DCAF15,-0.672563138337393
SIPA1L2,0.24765970259456443
HPS3,0.4431861276624943
KIZ,0.22421958080175766
RPP25L,-0.2668604285438387
CLUL1,-0.6695018315065485
FAM72D,0.6726609275609803
FBLN7,-0.7840303526524114
SPATA33,-1.387652210313801
FTMT,-0.5231786675381251
MROH2B,-1.0767975124667688
ANKEF1,-0.3772765937094308
GTSF1L,-0.955283920393399
ZNF559-ZNF177,-0.15423636898450466
SLFN5,-0.10791851883523014
MBNL3,0.31132267929284746
FAM210B,-0.011570109586994202
FAM104B,0.014410651346058042
CRISP3,0.23833290935191315
LRG1,-0.4347213091624784
LRRC75B,-0.6817068550577385
RETNLB,-0.4615381615682454
MEX3A,-0.35932085457952156
PHGR1,-0.6309922021551961
ANXA13,-0.22869779782444086
TM4SF20,-0.5191204740061643
FRMD5,-0.3536593457704041
TMEM87B,-0.2332267802622115
NKX6-3,-1.034949905495151
CCDC68,-0.5891984076914383
TRIM73,-0.678473603412193
PHETA1,-0.21819828591372298
RCCD1,-0.7567650162942039
MYRIP,0.8048929709720904
SNAP47,1.0612880519479146
SHISA6,-0.6840662360318763
KRT86,-0.8226984269609245
SAMD7,0.25248427320859884
CCDC24,-0.8430049414030208
ANO3,-0.26475905092878665
BEST4,-0.4070820402653998
ANO5,-0.6821824737383264
ANO7,-0.4558925524037355
SLC26A7,-0.4278823591107384
ANO8,-0.3133035372099799
ANO9,-0.43560601419558354
ANO4,0.05077583466927385
ANO2,-1.152209449434719
BEST3,0.3411506682413475
TTC39A,-0.426444051614598
FAM131A,0.47239982140569514
TTLL3,-0.3202464707032708
MBLAC2,0.6286029147985107
PLEKHM1,-0.1545395686471969
FLYWCH1,-0.2058401136633513
BAIAP3,-0.22795478156279683
TMEM106A,0.36218235705192586
SLC26A9,-0.39907129019840426
TENT5C,-0.49058185278848937
H2BFS,-0.8081365979395259
HIST3H2BB,-0.7688434824248462
GID4,0.91494908710369
HIST1H2AL,-0.6481226871940131
EID2B,0.255063028853264
DPPA4,-0.8724009619235854
RIMBP3,-0.45217722459602205
FOXR1,-0.8630792834387389
PLEKHG4B,-0.10609961913207741
DPH7,-0.35373124350077906
BICRA,-0.8365149083742227
BCL7B,-0.10689168646184533
SERPINB9,1.2178393899839988
SCX,-1.7967296473219931
ZNF639,0.521879433418485
PWWP2B,-0.49280800668130603
ZNF594,-0.7008782053251711
HDGFL1,-1.487846263680769
ZCWPW1,-0.9817788191775804
JADE3,-0.039831211456671435
RAP1GAP2,-0.5512239723463364
ZNF418,-1.5255009335815959
ZNF550,2.4250916330151115
YY1AP1,-0.6309675586559923
AC005324.4,-1.141142320119267
METTL23,-0.08114716863386776
ARL11,-0.5375760097830526
SAP25,-0.4595364401339495
DNAJC28,-0.22091469918326276
DNAJC22,-0.11514798378891697
EIF5AL1,-0.21795649522441252
DNAJC25-GNG10,-0.1676366958827197
HSD17B7P2,0.463638927290669
IMMP2L,0.06383241182351321
TXNRD3,1.0437321591780697
ALKBH2,-0.5990974393928271
CNOT6L,-0.5779802465340552
AATK,-0.8952905043299343
OSGIN1,-0.5534663309470413
CCDC117,0.27371671066247766
STARD3NL,1.9601538418326787
SELENOK,0.051406642569848525
SLCO4A1,-0.07297045939797214
RNF207,-0.7067791641241413
CSRNP1,-0.7659964479012397
GPR37,-0.12367150169900082
ZFAND2A,0.22351936841792422
LIFR,-0.8316393360931938
TCTEX1D4,-0.06522523742124066
YPEL4,1.8176828238762446
TRMT9B,-0.5032930980469515
MGAM2,-0.21362725753082232
MRM1,-0.4660763517817871
CORO6,-0.3576683336988563
FRMPD2,-1.1216595732672785
KAZN,-1.1627030602156656
OPTC,-0.9330058372628357
LRIG3,-0.08486726731740847
THAP2,1.3762718049543357
PTPDC1,-0.22980290875268833
NRG3,-0.3665131792864705
NRG4,-0.7148016330426126
KIR2DL5A,1.5010026707818485
KLB,-0.8253736987762176
OVCA2,0.08191456513884025
TMEM220,1.1863956803396682
LILRA4,-0.7767677396378415
LILRA1,-1.0244750318822338
THEMIS,-0.23944193523060386
FRS2,-0.8453894315809951
SPRY4,-1.0259735257681004
KIR2DL1,-0.8472737439076216
TREML1,-0.28766841829849327
GAB3,-0.8759476368382272
KIR3DL1,-0.5768996023953851
MID1IP1,-0.23483459723806116
GAREM1,-0.20660086343782655
WWC2,-0.5459829672596976
OSGIN2,-0.17261480886899364
AMOTL1,-0.23550994059426997
OR2W3,-0.3293293412859086
GALP,-0.22721013731739728
GPR151,-0.5025285846431825
OR14J1,-0.6636948784639647
FAM167A,-0.17655565755369954
L3HYPDH,0.6273781334997276
PPP1R21,1.0647247213054083
RELL1,-0.22982828518202605
SWT1,-0.5350478837767538
KRT82,-0.5629095318374101
GPR142,-0.5941298107330882
GPR82,-0.582413336964001
GPR139,-0.41352360286543605
MT-ND4L,1.0948712451575178
LY6G5C,0.4093191248995101
AGMO,0.9529004786481933
IFNK,-0.5632334249534129
IFNE,-0.6671373700225659
IFNL1,-0.6687453828152733
IFNL2,-0.6700925314592935
IFNL3,-0.5906921468586455
IL17D,-0.5889314370771388
IL20,-0.6041190862672223
SFTA3,-1.344462536443278
SFTPA1,-0.8062540949933322
CCL18,-0.793036693956121
PTRH1,-0.05815665993797953
ATPAF1,0.6883534607086544
EEF1AKMT1,0.8673251228568769
AC135178.2,0.03250269044960419
OGFOD3,-0.2806760440804558
MANBAL,-0.23996956811449624
C1orf43,0.5614156541149944
FAM118B,-0.1639483704992878
CCRL2,-0.7489118940885193
VNN1,0.6315052971786714
MILR1,-1.3823505567601913
EGFLAM,-0.4925670909509782
ENOX2,0.28006010983805313
ST7L,-0.15653659065323594
CA3,0.23657336864687037
SYBU,0.6413564839379453
PPP1R9A,-0.3898752297974756
SLC24A5,-0.13110935575776458
XK,0.04297612913173894
N4BP2L1,-0.42559603338448343
CHADL,-1.0014099393557747
ANKRD55,-1.0072590175657625
FMO5,0.977100466499898
KCNJ12,-0.5903851962675418
RCC1L,0.34290867328977676
USP32P2,-0.06042040929259708
AL360181.3,-0.1371296828466266
TXNDC8,-0.49495657922382125
C10orf67,-1.0467115514435064
TAS1R1,-0.7883491723395503
SDHAF1,-0.35716360430051663
SNHG32,-0.5002928099851133
CDNF,1.1162240484724801
TMEM247,-1.1107907321378667
C18orf63,-1.2144575858153126
SNX32,-0.0385085718640443
KLHL26,-0.29125587871819114
FAM156B,0.6201825325776033
FAM156A,1.186232678770443
CCDC196,-0.9727661878460292
SNX20,0.7041466301945796
FAM81A,-0.9998228337460343
GAS2L2,-1.2511409627002694
PRPF40B,-0.8404925536868063
LYSMD1,-0.4021143116050843
JRK,-0.7175143916029609
EXOC3L1,-0.3172399264308266
FAM13C,-1.4400231998805035
CEP57L1,0.28667865999555003
LSP1P3,-0.13406141570784644
CEP95,0.09004824707640133
AARD,-0.632030270685311
HABP4,-0.5890077700460038
C2orf80,1.709765775770694
PRND,-0.8995269266543217
GTSF1,-0.65745614119051
DEFB119,-0.9946749890704527
AXDND1,-1.0988889305067449
KLHL15,-0.40672247915960247
LENG8,-0.205479973742742
PSORS1C1,-1.2084551956663798
CCDC179,-0.8354984577990077
DMRTA2,0.1611339993017311
SNORC,-0.25922950038634174
TFF3,-0.24297921696454866
ZNF852,-0.09404506710500087
ADGRG4,-0.7964515606894442
WNT7A,-0.5625070898635184
RPRML,1.3550722610645107
GXYLT1,0.8048042058105127
LYPD1,-0.4002757209036184
ANKRD9,-0.6242002220060671
NEURL2,0.07034908522768507
MICALL2,-1.1699472434055258
RRAGD,3.083698991665744
NDRG4,0.10675558370460446
ELMOD1,-0.4355723197075655
PABPN1L,-0.5830135768961932
CELF6,0.1970165801251717
CD101,-0.7961284523311388
BCL2L2-PABPN1,-0.8371086528282365
AP002990.1,-0.36387523112805886
LIN28B,-0.5159761435719366
RTL4,-0.23312570842194646
AC245033.1,-0.5782112973774792
KIR2DS2,-0.8901069695043315
GPR89B,0.2620796033092947
LRRC28,-0.6964168610167205
H3F3AP6,1.0657896863814282
SFXN2,-0.11653675456543325
AP002373.1,-0.21804409516611004
SBNO1,-0.4933568977294154
FCRL5,-1.2901893428826203
SMIM20,0.5036135666943716
SH3PXD2B,-0.4039386429018071
AL355916.3,-1.0237004385799933
MAPK15,-0.7706498397253131
CBSL,0.31175190714538126
HAS3,0.19008208260251241
SCML2,-0.6045478592170923
ACKR4,-0.26436489417021675
MT1E,-0.3343154395226633
HACD1,-0.0029150909388330343
KIF26B,-0.5768228897931621
SBK2,0.16102266490712044
SLC12A8,-0.015449671966216548
SPDYC,-1.3163825833542109
CSNK2A3,-0.8626972935538237
MSS51,-0.2984969629340174
GANC,0.3566094732567909
ZSWIM8,-0.8170823269138053
KLHL29,-0.6100839404059358
SLC25A30,-0.5121734650562905
KCTD21,0.9712337139728546
IGLL3P,-1.02317655881714
PARP9,-0.9226040107561411
BPIFB1,-0.9553855104327634
KIAA1324,-0.5699956224948405
SCGB2A1,-0.35511564896986075
PDE6B,-0.7752971943290393
SDE2,-0.02572775333887797
C3orf38,1.2901444830873774
PPP1R15B,-0.15408475767242746
KIAA1586,1.523978284193668
DNAJC25,0.8470888694430343
RNF43,0.2185885868904072
VHLL,-0.8714056181601589
LRRC10,-0.5500326486467633
FAHD2B,3.263878613175392
CILP2,-1.1008426015856263
PCDHB7,-0.31169253296797417
PCDHAC1,-0.6354809424222556
GPR63,0.6337347249982485
HARBI1,-0.5021377770212654
ALKBH3,-0.1327232929861761
NFE4,0.1598694954941393
FRMD7,-0.6827973509902137
LSM11,-0.3332934748905102
TADA1,-0.22973513976788532
SUPT3H,-0.3732422296083302
USP17L1,-1.3103654882209304
MEDAG,-1.0798794434859273
RIPOR3,-0.36747749934006635
TBX18,-1.0354807040794765
EIF4E3,-0.5802293352776031
RNASEK,0.9572338083947292
VILL,-0.09623640384865943
FAM3D,-0.536032806516054
NUDT22,-0.653641397122215
CNFN,-0.8596417950134596
GRAMD1A,-0.8830182960375995
HSP90AA5P,6.251137153607639
LZIC,0.1365596746231585
MTBP,-0.04072766124706815
ZSCAN25,-0.2376418117176089
XRRA1,-0.8844603110325642
PARP6,-0.41576282122743863
DTX1,0.12366616783511485
SPRY3,-0.942653357178073
KRTAP2-4,0.21716343114352482
C17orf50,-0.22643002119795513
CCDC125,-0.35147095128561906
SNRPD2P1,0.5888339754865143
HSP90AB3P,-0.3184491968353648
HSP90AB4P,-0.2499342154675009
H2BFWT,-0.6019781538966444
NR2E3,-0.77488622131854
ZNF589,-0.791416443555931
LOC100996709,2.271876178944325
F8A1,-1.0396083642741352
P3H4,2.0717588261556825
AC093155.3,-0.45455290521995173
VCX2,-1.1831217865728059
FRMD1,-0.7807904878260291
CA8,-0.39119858878306
PKD1L3,-1.2346283778372844
TMEM88,-1.3422541032346889
CLVS1,-0.8950598496138127
HEXD,-0.6214435327627885
SLC27A1,0.7310899119710255
KIAA0355,0.041918103945273004
ZHX3,-0.8725899220131319
TNNI3K,-0.42513550809850964
HMGB3P1,0.019207251172338183
OR8U1,-0.47043514002138165
GLDN,-0.7421852164971398
UNC80,-0.4304119019511404
OR2L13,-0.4513523655469185
ZPLD1,-0.382345863097664
SSX5,-0.5512591105244246
SSX1,-0.2768564119413614
SSX2B,-0.07785990723150552
EID3,0.1192697790218499
MAGEB3,-0.515832587447559
C19orf84,-0.03207694177211192
MAGEB16,-0.8951055957512574
MAGEA9B,0.6498786779180759
DNAH11,-0.2709195010215417
LRRC38,-1.2264422121141905
OCM2,-0.9365258132266439
CALHM6,-1.3127543458487678
ARPC4-TTLL3,-0.8898419192012209
TOR1AIP2,-0.23669665604446266
KIAA1211,-0.2961981939775715
STYXL1,0.055837731466247265
CPM,-0.547946191561842
SLC17A8,0.23447483460794938
BAIAP2L2,-0.6099612990510328
C11orf86,0.13320624695715896
MS4A7,-0.4914563834179922
LRRC66,-0.42839866154956413
MT4,0.2862191708691051
LCN6,-0.34830209900708536
LCN12,-0.26688185310106016
LCN9,-0.1889668013782532
LCN8,-0.07665300993285507
WFDC10A,-1.214554901642359
LCN10,-0.11934006210421211
SERHL,-1.0592934928140962
ZFYVE28,-0.032095740275999214
RAET1G,-1.3722603532755508
KLRC4-KLRK1,-0.8396512907853425
RAET1L,-1.311182398566764
MICA,-0.5382653705106868
KIAA0391,0.07968738130663566
THEM4,1.9292532209962494
RCAN3,-0.13207480403829863
TRABD2A,-0.49609977488423007
PIGZ,0.08896264426604328
RIPPLY1,-0.23142142109744404
CCDC183,-0.20346415715746288
SLC22A17,8.003466695217321
IGSF21,1.053063677938943
PLEKHG1,0.3128973603798436
FAM45A,1.300088944288533
OR52N4,-0.5662343539973065
OR1L8,-0.47618418746870766
OR52N5,-0.47043514002138165
OR52N2,-0.47043514002138154
TIGD3,0.020367247360453908
ENPP6,3.236184735206081
CMPK2,-0.585395295613557
GNPDA2,0.7210828418517751
OR52N1,-0.3432197462861156
CCDC82,0.03905830921579482
UNC93A,-0.833004039732757
SBSN,-0.3701516051274169
KRT79,-0.8023729764136156
NKPD1,-1.2742994343077483
FCRLA,-1.30209039379389
PPIAL4A,-0.2532560532857879
CCDC97,-0.1402313761690602
PPIAL4C,-0.8853316528600848
PPIAL4G,-0.8853316528600869
KRTAP6-3,-0.9934830635548466
KRT80,-0.8113389062228781
C9orf106,1.0396759076702553
SLC25A18,0.07795330562199727
CSKMT,-0.2825132611276054
RHOXF2,-1.1314541125024928
CDY2A,1.4868628122399914
CDYL2,0.6615537202484539
CDY2B,2.635730669915343
ECHDC3,2.040284433259787
AC008982.1,2.712338662885028
CDY1B,2.137624379868703
SOHLH1,-0.6625063458711125
SEMA3B,-0.9601190451238035
FAM160B1,0.4352154519104919
OR5F1,-0.0869935352436479
IRGM,0.5019979605815768
HGSNAT,0.056122500732950636
CALHM1,-0.13034656711668166
TTYH1,-0.953496278348526
FAM171A2,-1.311997320050296
GRAPL,-1.2835382329703493
NDFIP2,1.3849965835263511
PPARGC1B,-0.1672094580394479
SH2B2,-0.6523140041502353
PTPA,0.2024726273136426
TGM6,-1.1946419229391116
CEACAM3,-0.9825127847094907
ARHGEF28,-0.30770674300648954
SPRR2A,-0.27968067009633585
ARL17B,-0.1964231490224449
ARL17A,1.4483663523408952
ACBD7,2.865904412619344
STAP2,-0.8432815422938864
C1QL4,0.8776118457782558
ZNF658B,-0.5942889869216965
SRCIN1,-0.4213381610475884
ANKRD18A,-0.08636663946301681
MTHFD2L,0.5202424035388338
B4GALNT2,0.29683833085949746
POFUT1,0.400070066495377
LRRC18,-0.8546443560421796
ISLR2,-0.993031357292894
ZBTB12,-1.074688720337715
RPS6KL1,-0.10009576705011806
STKLD1,-0.5458930340504841
SPATA25,-1.230478231857628
PLEKHG4,-0.5877725636178338
KLHDC1,-0.21521578152935672
BLOC1S4,-0.41228361441546135
EFCAB9,-0.5764898773563827
C12orf57,-0.32144529459584026
CAPN12,-0.45168886675858483
SPATA21,0.07076519106924556
SYCP2,-0.7948177961172493
MYOM3,0.8535732076610263
ADPRHL1,0.2316275527810237
KLHL31,-0.18285183290666168
LMOD3,-0.21951644868235404
LMOD2,0.07236384385647796
CCDC150,0.5398342673738756
AZIN2,0.03631709906892348
MPV17L2,-0.3512379110737635
POTED,-1.281929433902266
PDE6C,-0.5537278828730675
VASH1,-0.44198344714801624
WDFY4,-0.6190374841521927
KIAA1549,-0.08624063284220759
LGALS9C,-0.5349885304947164
LGALS9B,-0.7869826164548753
LGALS12,-0.321780513824533
PTGFRN,-0.24605711047110468
C1orf159,-1.891030580454403
TMEM182,-0.11356521872823905
MFSD4A,0.6195610274232226
LGALS16,1.8928425285139354
MT1H,2.4684939610270837
B3GALT2,-0.3324882471552566
MIA,-0.8097800477032611
PNLIPRP2,2.7058610068873077
KLHL8,-0.10353910344677404
MGST1,2.1627547509984995
CEACAM7,-0.3365503580959787
SLC22A18AS,-0.8689909663511726
APOBEC3A,-1.0303528243106919
CCL4,0.22111330636634718
RTL10,-0.910336619089095
GGNBP1,-0.3186833265143545
GKN2,-0.5947774334994521
EPGN,-0.8323467189632499
ASIC5,-0.20740582285242234
L3MBTL2,-0.6393757746393463
KRT72,-0.7980506170222285
RBFOX3,0.40939952004492075
IPCEF1,-0.38439419068957636
ESPNL,-0.9049112643209595
NUDT8,0.4682778618127473
THAP6,-0.20502116913862706
RAB11FIP3,0.003105390751623812
AGAP7P,-0.7065231987791779
FCHSD1,0.49827514272700074
PLEKHA3,0.11972286403188104
CFAP47,0.9889734678512132
SMCR8,-0.18620526439755739
TLNRD1,-1.3445413156426034
DDX11L8,-0.8756137399705344
METRNL,-0.8761677343668096
LYNX1,0.2991928855039486
CERCAM,-0.939875093469305
TEX101,-0.8519879308541194
MT1HL1,0.36165100139773354
LARGE2,0.4569572254833109
PSCA,-0.5009239799682345
LYPD2,0.2904712667750351
KRT28,-0.8510667378796857
KRT39,-0.6655583519145252
KRT71,-0.9349064191063935
KRT73,-0.8012050003580008
KRT84,-0.9441431166893662
KRT26,-0.3130765212357939
KCNK13,-0.9651360343143186
KCNT2,-0.7928341863642113
SLCO3A1,-0.33811051238335854
SLC22A10,0.961877247769271
SLC22A25,0.8045385182904966
SLCO1B3,0.884895014697136
SLC16A14,0.9143378023292978
LRRC26,-1.0113882385164044
VSTM2A,1.9224330501343834
PQLC1,-0.5041059656048508
WASHC1,0.04371757734237264
LOXL4,-0.3087318735938331
GPAT2,4.682994014707894
AGPAT4,2.9900142969904837
HAGHL,1.2036103702091985
LRRC29,0.3089845670934979
LRRC69,-0.7490115757404364
LRRC20,-0.6957693392128115
LRRC30,-0.6433667955003721
HYAL4,-0.5565798837761718
A4GNT,-0.5420377316346466
GALNT9,-0.26423169507539696
RBM14-RBM4,0.14402600814095795
DBNDD1,-0.6198557190939542
ENTPD5,0.2212455243637292
SEMA6B,-1.272273892470122
CRB3,-0.4238936782085636
GIPC2,-0.3760729134380234
GIPC3,-0.380454600624569
PKHD1,-0.3047599846294172
ATAD3C,0.07433885522886009
CERS1,-0.45632638760632255
HHATL,0.04371772685288896
AHRR,-0.4504457185782176
ANKRD36BP1,-0.34620370634469444
BCL2L15,-1.1097062629248422
SLC2A7,2.511741054431511
ALG1L,-0.3274975266592968
PIGY,0.6311207407503815
PIGX,0.7394379773439964
SLC36A4,-0.1235993319130321
PCTP,5.016675561821098
TBC1D3,1.3311135610681362
DHRS7,0.6960156122837162
ENPP5,0.556874207326761
ENPP3,-0.3609132383525246
ELOVL4,0.2449392776891368
TXNRD2,0.686239833756315
CLDN8,-0.6634159606471569
ARSD,0.15855491481540887
NIPAL2,0.37074799090781946
VTCN1,-1.3146816035402646
PLEKHS1,1.389747757923666
CST1,-0.4959813149190203
CST4,-0.5855786717587647
PFKFB2,-0.11661976548501031
DYRK3,-0.8372381904412936
ZNF18,-0.9913118648309037
GZF1,-0.7851438476141172
SLC25A38,0.8925860903056952
PHLPP2,-0.5679233355539477
FAM43A,-0.2513915730622687
C9orf153,-0.8922493895266121
TMEM254,1.4848895464678031
CCNQ,-0.2701170225883088
IGFN1,-0.730929132601139
CELA2A,-0.43250008582634547
SERPINE3,0.6467831036730387
BORCS5,-0.08539193094115861
TMEM65,0.5770315704194563
BEND3,0.06280336830327894
ZNF496,-1.1421280555245665
ARSH,-0.4444801363693685
ZNF391,-1.0282663555649534
RSPO4,0.5890676766936267
CATSPERZ,-0.959191822986683
ZNF366,-1.1801430666427297
CES5A,0.5624212989599672
GLIS1,-0.9214650870925729
PDILT,-0.6628556622640586
ZNF319,-0.4695332882716556
CLEC2A,-0.7796156047035238
SLC37A3,-0.062411426348147815
WNT9A,-0.03477523384039493
SRRM4,0.05440175685833311
DCAF12L1,-0.4630226989591881
PCDHB12,-0.24288850951966673
C2orf78,-1.0387036068812663
POTEC,-0.9693443985929577
KIFC2,-0.7952735749783891
USP42,-0.3105165346182021
CRIPAK,-0.40808421211195717
ADA2,-1.3362523040324223
KIAA1257,-1.1083546461404872
C12orf56,-1.0394112807754463
CCDC177,-0.10783729629614798
FUZ,-0.19552355616158754
NRBP2,-1.1742827184613265
C8orf44-SGK3,0.4622259720920889
NME2P1,-0.3003365930640631
GOLGA7B,0.10345777841112722
TAPT1,0.23450945399797046
FOXRED2,0.17976103386826128
SLC25A25,-0.05085387692423794
LVRN,-0.044466435552502834
ERAP2,-0.6838593823593394
TRHDE,0.0926009402340107
TEX261,-0.5999359320079546
SLC52A1,-0.15237259963734032
RDH13,0.6155627627658172
MIEF2,7.436822863172972
PI16,-0.6565584489758951
MSH5-SAPCD1,-0.32701495929309843
GSTA5,5.998944261720873
NHLRC4,-0.6786130451556989
CMIP,-0.4527923273874117
SH3TC1,-1.3599435412817162
C8orf76,0.2910528144563595
SPNS2,0.1375741701066621
PROM2,-0.595806511782777
OR11G2,-0.47043514002138154
DCST1,-1.0490885442809668
FAR2,5.662945851127394
MANEAL,1.4738292814181928
ZDBF2,1.2773110520833866
CCDC102A,-0.12403736619362289
FAM199X,0.10981302899757638
SLC39A13,0.25099140762325056
AC006538.2,0.22514178000403104
GLIPR1L2,-0.6853077604967234
GLIPR1L1,-0.7096679490019765
PDZD8,0.2402985301626082
TNRC6C,-0.43412808371351924
TC2N,-0.07800101958449855
TUBE1,0.30911753110128615
RPP14,-0.7192130054696997
CSDC2,-0.8876254637562496
TMSB4Y,-1.2605385996573293
PHLDB1,-0.7468136434746676
RGS9BP,-0.46638639668482723
PCDHB3,-0.17027957606594626
ACOT1,2.272674439857011
RNF214,-0.2864893256230994
LCMT2,-0.21050039364827994
GAREM2,0.1273250351072133
PRRT4,2.3029924241827127
RTL1,1.7593541684165415
LEKR1,2.2337655884648115
SOGA3,0.5420227028282459
SCUBE2,0.18590174472409948
FAM149A,0.34123968768236557
CRLF1,-0.8934309700746164
LINGO4,-1.3386783309459918
TBC1D24,-0.6851891130096531
EMC3,0.43226016381302756
ZNF177,0.7023731617725361
RTBDN,-1.0815637610118776
BPIFB2,0.5026193623729076
BPIFB4,-0.6974395275558217
IZUMO1R,-0.74426546635397
C2CD2,1.009576148765502
NYAP1,-1.1029708432264373
NYAP2,-0.04606077225495638
RCSD1,-1.3215252274316063
REP15,-0.3337670745439762
AC093525.2,-1.3229976799286058
TBC1D8,-0.4580935776524566
MTX3,2.038046058613774
OR9Q2,-0.47043514002138165
RSPO2,1.0345228659692762
RTL6,3.9031977736945573
CHAC1,-0.1274061234585953
TEDC1,1.6293268261314446
TNFSF12-TNFSF13,-0.7049960818388807
SEMA4B,0.3500685569542555
SLCO4C1,0.9739917924331108
AC011604.2,1.3604958003520493
ELOVL7,0.47991962228130003
CERS4,-0.3621025634615808
CERS5,-0.31406805148087713
CERS3,-0.3447663174431489
SRD5A3,0.46778545133195065
RIIAD1,-0.1309330811377172
PURB,-0.7770806211269751
CHIC1,0.023130414352348985
LRRC61,-0.731330831260251
PKHD1L1,-1.0665677579605306
SLC49A3,-1.4133053898205759
CHRDL2,-0.653298720526612
PPP1R14C,-0.5595196265353269
NXPH4,0.2829912010716053
GSTCD,5.837044917661255
C12orf60,-0.010737689749647937
WFIKKN1,-0.8994729341446196
DACT2,-1.02009378663125
RHBDL2,0.3502698300911346
CCBE1,-0.938391317183092
MMP23A,-0.5537099259928114
POGLUT3,0.1123223788360393
POGLUT2,-0.22296000526954482
DCAF4,0.34154911942016797
KAT14,-0.18999894337727974
OR5R1,-0.1918964538647433
RNF222,0.272801258693659
ZNF608,0.7504070505967072
EEF1AKMT2,0.17535743043382293
FAM133A,1.3365638306582426
ANKLE1,-0.7216801953385843
NAIF1,-0.686058485580564
NEXMIF,2.7736414597331205
SNX22,0.08966170031165734
NXNL1,-0.09866122001607235
MYOM2,-0.21995350493975407
HSP90AB2P,-1.2674161168154163
SIRPD,-0.34225909700017454
ANXA8L1,-0.22213053558618043
MMS22L,-0.31994527607667
CDAN1,-1.0383317478013738
H2AFB2,-0.5614119873825172
C15orf41,-0.5305845866498382
C18orf54,0.09184784984192883
GOLGA8J,1.2826413716824387
NDUFAF6,0.47914856074744683
MT-ND1,0.6480591889973616
GOLGA8G,-0.3184621226272155
CCDC58,0.02309071467015534
DNAJC14,1.0653242071473223
GOLGA8B,0.02701943064524266
C8orf44,-0.307364746469931
SPRR2E,-1.0333041034884338
MAB21L3,-0.12741000489944745
CT45A10,-0.4108406567828058
SLC24A4,-0.8599867473837531
CCDC191,0.27419414843200784
PITPNC1,-0.453235149257253
RSPO3,-0.12311321885359176
RAPH1,-0.6039120586479773
DEDD2,-0.5204647509144822
TMEM176A,-0.909394643952549
COQ10A,0.28533434990044065
TERC,-1.040767735663015
BOLA2B,-0.4261432001452893
TSPY3,-0.2877303895430602
HFM1,-0.785714121327269
DCAF4L1,-0.658519546944116
ESX1,-0.07529161936086844
DND1,-0.6000142203460193
KIAA1210,-1.0759057665620175
WFDC6,-0.9748037200858741
AC012184.2,-0.9435782606992857
TMIGD3,-0.583293999792115
TSGA13,-0.43116249614559055
SPATS2L,0.21142098600381462
DHRS12,1.1660869270399146
NDUFAF8,0.7379377654136597
SPRYD4,0.10482504647708218
SUGCT,0.483009353678258
HSFY1,-0.5571265616842289
MBD6,-0.9926205110039732
EPOP,1.4308928144762847
MBD3L2,-1.1060917771380536
ZRANB3,-0.45008904973880887
ALL1,-0.07447657498083017
ZFR2,-1.8327638266995372
FAM135A,-0.8048811893226162
SNX29,-0.7852409485879758
NUDT13,0.7347750810922287
TBRG1,-0.7272296989139326
SYN2,-0.13274886670457728
ZBTB49,-0.6930710366279204
FIGN,0.6237619495228522
NEURL4,-0.19563772785202319
NHSL2,-0.05005793258035863
RPP25,-1.0761752201392236
STX19,0.7135322212585855
NUDT19,1.4101943579533036
RILPL2,0.04777906287567566
STARD4,1.351174616709394
PHRF1,-0.8373768058083823
EPR1,0.863351308090335
ZNF137P,-1.0730588895556972
STPG2,-0.20495387583635463
OFCC1,-0.17154203857211905
ZFYVE19,-0.02385965913936343
TTC24,0.38550788273965847
AL139300.1,0.7343957003393325
IL17F,-1.065695418512243
FAM118A,-0.6702512820031955
PWWP3A,0.2534507437454348
DEPDC4,0.16691689582054822
SCIN,-0.4545091892387998
MAMDC2,-0.836230278861931
FAM126A,-0.01618422096466589
FAM216B,-0.7188031982958591
CES4A,1.1833169746436751
DTHD1,-0.7431671884008967
FRMD4A,-0.8436912327533151
FAM221B,-0.6047488751737464
DOK7,-0.35695391799715825
CFAP161,0.5410884870855805
KCTD4,0.6104490556360636
RBIS,0.03332825228962001
CD5L,-0.7570962221602547
LRAT,0.6694266290199273
FAM83A,-0.9766276636356743
NXPE2,-0.7135792126986007
SLC26A11,-0.5833683867963676
KRTAP3-2,-0.9799821660908722
LCE1C,-0.7990090330891938
PRELID3A,-0.5734800930894733
C22orf39,0.017297297926137566
CLYBL,1.8557133758387518
CTBP1-DT,-0.2232380385023854
NEU4,-0.5692014703250415
C12orf49,0.8683872611508242
LINC00663,-0.715533758823095
LINC01547,-1.3006574343609663
DAND5,-0.9655180710578612
VIT,0.004275376694465231
ERI2,0.7644658185975974
EVC,-0.7884018332858916
MAGEA12,-0.4653271223313512
SLC16A6,-0.6286892021045077
EDDM3B,-0.708586099218466
SLC7A6OS,0.4858978521065196
SLC35B4,0.45892841984803856
SPATC1L,-0.7683892041106335
PANX2,0.601575265186827
G6PC2,-0.16030118116289988
DZANK1,-0.189120725927537
ACP6,0.11231402301855245
ALKBH6,-0.512030552025053
TIGD6,-0.3342780674732529
TTC25,7.078526899775654
ELMOD3,-0.3851897723240804
EXO5,0.1504568235220923
C11orf1,-0.823513563706814
PEX26,2.7831655092206056
TMEM101,-0.027582447628206705
PLGLB1,0.3737202521454316
MRO,-0.456838050990741
SLC19A3,0.02952099196217301
PAQR5,0.26191304340565846
OSCAR,-0.6228757446839929
CHCHD5,0.43887847842596045
SLC25A51,-0.8972777868335579
MEF2B,-0.35377551273745006
GPR160,0.5783964606354
IFI27L2,-0.3079364836413038
CARD19,-0.45126494848773935
ZAN,1.1014815500661108
FAM107B,-0.4561838242074514
SMIM12,0.46066609556578647
KLRF1,-0.9758326855180568
PRELID2,-0.03394179093206583
C19orf44,-0.31698174122669387
HYAL3,1.6984016546192893
GPR146,2.7431127348613966
MTHFS,0.49800395228344074
DPH6,-0.30722818723473266
MON1B,-0.25448020624393053
BCO2,1.7772732097926593
TMEM245,1.055601343835198
TMEM242,0.42662712261818303
CDKN2AIPNL,-0.4950186630203982
SH3BGRL2,-0.2951753463004127
PRR36,-0.9427749966088341
SNX11,-0.2664246112392074
TMTC4,0.01986732837780245
PART1,1.1014815500661108
TMEM187,0.6417784228596813
TCEAL3,0.8621787692837185
DACH2,-0.014071097283819256
TMCO6,1.009131390630855
CARMIL1,0.6967943836100468
CGAS,0.4202133978491108
GPR108,-0.7969023487654474
MPZL3,-0.2820894777302382
OSBPL7,-0.8285755172654897
RUNDC1,0.10725836725440639
DTX4,0.4470861374791974
TBC1D19,-0.8240143933610231
KRT222,1.087365867768157
TMEM266,0.3220508030275785
C8orf48,-0.2220863815978097
NBPF7,1.0873658677681568
CCDC74A,-0.23471238349785542
METTL27,1.593375497449519
METTL21C,-0.17233179944861218
NBPF15,0.6013546422327185
SNX15,1.5238793832293074
CCDC74B,-0.051507755575860854
NBPF1,1.1852137075764952
SERGEF,-0.4477260857749509
SLC2A13,0.9988421669543165
MCCD1,0.22778651661586236
SLC47A2,0.8598650127455384
ANKRD36C,-0.1912100328437395
IPP,0.5457287772610065
RABL2B,-0.43009212986988554
LRRC27,-0.5330643816328365
GATC,0.466089927213323
LILRB5,-1.09260200485922
CLEC4D,-0.990516387556587
CLEC4C,-0.6284169805847152
FLVCR2,-0.31286484634205636
CLEC6A,-1.372339350191607
EFCAB5,-1.200059780947635
OR5V1,-0.8045082638070109
SPATA31D1,-0.3470323027300024
RIBC1,-0.21179044540011865
KIAA0040,-1.3606198034939736
IL20RA,-0.8154902434292344
SLC25A29,0.5326076126495172
HSD11B1L,1.2912191722767998
GPR19,-0.4531523031090549
FRMPD3,0.7558514780458695
FAM241A,0.25254750062364795
C4orf33,0.6640419871164797
SRD5A2,2.1980094829441392
TRMT10B,-0.26166955280610943
TMEM64,1.9816083643508515
NKD2,-0.2806526538526513
ANKRD36B,0.4008756479999157
ASMT,0.07004017641841395
ZNF438,-0.4738131776305388
LRRC63,-0.8640071423134427
LIX1L,0.46063809850684995
TBC1D3C,-0.04835829643270667
TAMM41,0.18268219905045302
SPRED3,-0.5932439873722889
CRYBB2,-1.2336802046366704
STPG1,1.3963809873799982
RSPH10B,-0.7216265834706124
SPATA6L,-1.295037814540552
ERICH2,-0.4850584991779403
VWA3B,-0.7609634557083051
PBOV1,-0.254794790995359
ACAP3,-0.8901806108317094
PTGR2,2.2856482346982223
UGT2A1,0.5142454957775736
BCO1,0.6602625320385862
APOC4,1.602606606667753
ADH1C,0.9654909710949531
RDH12,0.6993480555206288
MICU3,1.156192251459556
PKD1L1,-1.1682523259030844
KANSL1L,0.6763956546344938
MCOLN2,-1.1855252606702198
KREMEN1,-0.9180604702995167
SORCS1,-0.03137225373407716
SORCS2,-0.5096245960232293
C19orf73,-0.9871821706583884
STMP1,1.0119163454804774
ZNF746,-0.42290016020411103
OR52B2,-0.4610014496528559
OR52B6,-0.4704351400213418
OR9I1,-0.47066597444720076
OR10T2,-0.5265967021883362
OR5D18,-0.47043514002138154
OR5D16,-0.47043514002138154
OR6P1,-0.47043514002138165
OR6B1,-0.5538417074783143
OR6B2,-0.532604965454323
OR13F1,-0.47043514002138165
OR51Q1,-0.5437415226401248
OR10K1,-0.47569043857482335
OR10G4,-0.5109082215282481
OR4C11,-0.47020721505922963
OR4C13,-0.47043514002138165
OR1Q1,-0.516505134739214
OR1C1,-0.44069221336446424
OR11H12,-0.5446579872157282
OR8D4,-0.5668697326281014
OR2K2,-0.6520963200595289
OR5AN1,-0.48226446730611744
OR6S1,-0.47043514002138154
OR5D14,-0.5431061394000466
OR13A1,-0.47043514002138165
OR51B5,-0.47043514002138154
OR51B4,-0.581357772989733
OR51B6,-0.57212160185066
OR1I1,-0.0024697334901122277
OR10V1,-0.47043514002138154
OR4D10,-0.4798901687008418
OR4D11,-0.47043514002138165
OR1L4,-0.47043514002138154
OR1L6,-0.47043514002138165
OR1L1,-0.4704351400213789
OR1L3,-0.6003049324978734
OR2J3,-0.1699135476416361
OR2AK2,-0.15446998514441018
OR2AE1,-0.18001576587708482
OR9Q1,-0.4704351400213418
OR51A2,-0.49753212545012715
OR51A4,-0.5431804437896453
OR4F6,-0.5548130270023025
OR4F5,-0.40667793367153376
OR6Y1,-0.49369943312447157
OR52A5,-0.704220977354325
OR1S2,-0.4725165097820809
OR4F21,-0.5639693727426071
OR10W1,-0.47043514002138154
OR1M1,-0.37066487643008406
OR8B2,-0.5513405470017947
OR8B3,-0.47043514002138165
OR8B4,-0.47043514002138165
OR8B8,-0.4830991809905733
OR52M1,-0.47043514002138165
OR6K2,-0.4503821106600523
OR2AT4,-0.49206149982473774
OR4F4,-0.47043514002138154
OR13C4,-0.46209569516741794
OR13C5,-0.47043514002138165
OR13C2,-0.47043514002138165
OR13C8,-0.24017013831885317
OR5A2,-0.4376934566480883
OR5A1,-0.5786174979028539
OR4E2,-0.5614314377037378
OR4K5,-0.4772263034969256
OR4K1,-0.47043514002138165
OR4K2,-0.4832086860475644
OR51V1,-0.5999264551816563
OR4F15,-0.47043514002138154
OR4F17,-0.47043514002138165
OR4C46,-0.47043514002138165
OR8S1,-0.41211238373513104
OR10P1,-0.4380893321633728
OR1N2,-0.47043514002138165
OR1N1,-0.47043514002138165
OR8A1,-0.47043514002138165
OR52L1,-0.5566757771821967
OR2Z1,-0.47043514002138165
OR2D2,-0.6338432843335429
OR2D3,-0.47043514002138154
OR5B21,-0.4704351400213789
OR5AC2,-0.47090832136421296
OR5B3,-0.5399721408668631
OR5B2,-0.5699149357738382
OR2AG2,-0.4704351400213789
OR2AG1,-0.6197455204584228
OR51G2,-0.47514444928850075
OR5T1,-0.6283067679714702
OR5T2,-0.5699149357738381
OR2A12,-0.47043514002138165
OR2A14,-0.47043514002138154
OR10G7,-0.5124001744096495
OR10G3,-0.5620694568056658
OR10G9,-0.42223167296669795
OR10G8,-0.5334690883776915
OR4D9,-0.466921027558501
OR4D5,-0.47043514002138154
OR14I1,-0.36276958022659156
OR10Q1,-0.47043514002138165
OR10AG1,-0.5012863948303432
OR2G3,-0.47043514002138154
OR2G2,-0.4944229711803848
OR2G6,-0.5957091811461424
OR2A25,-0.5926213077037497
OR5C1,-0.47043514002138165
OR9G4,-0.5543394694127214
OR9G1,-0.3993766505646979
OR5H15,-0.46676734913941303
OR5H14,-0.47043514002138165
OR51T1,-0.5405201642307687
OR5B12,-0.47043514002138154
OR10R2,-0.47043514002138154
OR51F2,-0.449447300310289
OR52J3,-0.19815637209012307
OR8B12,-0.47043514002138165
OR2T8,-0.47364521664918957
OR2T4,-0.47043514002138165
OR2T5,-0.47043514002138165
OR2T2,-0.4704351400213418
OR2T3,-0.4859792629235455
OR2T1,-0.4751724229068891
OR11L1,-0.4704351400213817
OR5AS1,-0.47043514002138165
OR6V1,-0.47043514002138165
OR1J4,-0.687204689910122
OR51E1,-0.5774266469938844
OR52H1,-0.4732445172172948
OR10A3,-0.5469253350842022
OR10A2,-0.4704351400213817
OR10A5,-0.23486625495034374
OR10A4,-0.3855230090085298
OR10A7,-0.47043514002138165
OR51M1,-0.47043514002138165
OR10S1,-0.47043514002138154
OR52K1,-0.03558179906612131
OR52K2,-0.23237708367890025
OR2V1,-0.47043514002138165
OR7A10,-1.0438468200285056
OR2AP1,-0.4704038138672672
OR2A1,-0.6626032554258141
OR2A2,-0.4270492213377904
OR2A5,-0.47043514002138165
OR2A4,-0.47030633384056303
OR2A7,-0.43423143993713337
OR2T34,-0.5887620845135983
OR2T33,-0.47043514002138165
OR6K3,-0.47255723414816
OR6K6,-0.47043514002138165
OR7D2,-0.6256124757767074
OR51D1,-0.47043514002138165
OR5W2,-0.4755343003261195
OR6C65,-0.4422318657782142
OR6C68,-0.4704038138672672
OR9A2,-0.4704351400213817
OR9A4,-0.47043514002138154
OR4A47,-0.47584810832643476
OR13C3,-0.47066597444720076
OR13C9,-0.4748508343121769
OR10AD1,-0.5213139371594713
OR2V2,-0.6066021246067043
OR52E8,-0.5194664755759876
OR2Y1,-0.4776336901012675
OR1J2,-0.6708929492053601
OR1J1,-0.17138225132996543
OR1D5,-0.7784596274326505
OR8K5,-0.47246876860633247
OR6X1,-0.3706648764300841
OR2T29,-0.47043514002138165
OR5H1,-0.4361442803639083
OR5H2,-0.5699149357738381
OR6C75,-0.47077836204646467
OR6C74,-0.4821073940192533
OR6C76,-0.5030108987148234
OR6C70,-0.5842860656201371
OR4N2,-0.5257049197368457
OR51I1,-0.4704351400213817
OR51I2,-0.47043514002138154
OR52I2,-0.47043514002138165
OR2T27,-0.4704351400213817
OR52W1,-0.3256217291680956
OR5AP2,-0.47043514002138165
OR1K1,-0.48320868604756445
OR2T10,-0.4874172212008383
OR2T12,-0.46014882899815324
OR2M5,-0.47043514002138165
OR2M4,-0.5778977187861537
OR2M7,-0.5484424927889345
OR2M3,-0.47043514002138165
OR2M2,-0.47043514002138165
OR7G2,-0.6871164491862194
OR7G3,-0.3886832890695989
OR7G1,-0.5428522580955503
OR6M1,-0.5680145780153072
OR51A7,-0.47043514002138165
OR4M1,-0.47043514002138154
OR4S1,-0.719424537896395
OR4S2,0.261721968025397
OR11H1,-0.4751724229068892
OR11H6,-0.6351487283016114
OR11H4,-0.11277734143437641
OR56A3,-0.7072342108859845
OR8I2,-0.47306919181920426
OR56B4,-0.47043514002138165
OR56B1,-0.47043514002138154
OR2B3,-0.1369617314489301
OR2B6,-0.6811152323385025
OR13H1,-0.47043514002138154
OR2L5,-0.47043514002138154
OR2L2,-0.5165051347392139
OR2L3,-0.47043514002138165
OR5AK2,-0.47043514002138165
OR7D4,-0.42336052995113704
OR5J2,-0.575837374495202
OR14C36,-0.47043514002138165
FAM186A,-1.028476470555333
OR4L1,-0.47043514002138165
OR14A16,-0.47769725405739255
OR2S2,-0.314324816360094
OR4N4,-0.43118552866078447
OR4N5,-0.47143125800564645
OR8H1,-0.47043514002138165
OR8H3,-0.4430187332309026
OR5K4,-0.4669210275585039
OR5K1,-0.47043514002138154
OR5K2,-0.47043514002138154
OR8H2,-0.5660509831177636
OR10H4,-0.3787633740333823
OR10H5,-0.6432768506394635
OR4C6,-0.5210754079347115
OR4C3,-0.47043514002138165
OR10Z1,-0.11271457331011119
OR52D1,-0.5524603772489085
OR4Q3,-0.4705961026167216
OR9K2,-0.5096732904363873
OR5AU1,-0.5096732904363872
OR13J1,-0.47043514002138165
OR5M10,-0.47043514002138165
OR5M11,-0.47043514002138154
OR5L2,-0.4704351400213789
OR6N1,-0.5266107405689441
OR6N2,-0.47043514002138165
OR13D1,-0.47043514002138165
OR4K15,-0.4917552380497317
OR4K14,-0.47043514002138154
OR4K17,-0.3226213221493665
OR4K13,-0.47043514002138154
OR4A16,-0.42808398899680766
OR4A15,-0.5666066819584733
OR51S1,-0.47043514002138154
OR4B1,-0.47043514002138165
OR52E6,-0.47043514002138165
OR52E4,-0.4773477978815645
OR52E2,-0.4195474861112609
OR4P4,-0.4910890444858456
OR6T1,-0.36955198809423384
OR56A4,-0.6590549514352134
OR56A1,-0.6732221298077874
OR2B11,-0.12075893028122028
OR5M8,-0.4338650292572877
OR5M9,-0.47043514002138165
OR6F1,-0.1127773414343764
OR5M3,-0.5030494746953353
OR5M1,-0.5662474210250046
OR6Q1,-0.47043514002138154
OR6C2,-0.4278723253260548
OR6C6,-0.4433892146564772
OR6C4,-0.469367344644705
OR5K3,-0.5145495725685473
OR13G1,-0.47043514002138154
OR51L1,-0.4704351400213417
OR10J5,-0.5213515497123005
OR10J3,-0.6327062451236645
OR4A5,-0.4849103431578729
USP49,-0.17728714524733785
ZNF561,-0.29335074714777304
NEK5,-0.5600785493609745
ASCL4,-0.9768431881845686
ZKSCAN2,-0.6241120392774131
TMCO4,-1.1197416582913633
AC040162.1,-0.36303750869900164
SAMD13,2.634130662509021
MAGEA3,3.25278237229116
TMEM161B,-0.19301387328618838
JAKMIP1,0.2647666404119096
TRIM51,0.2031247353661773
AC023055.1,-0.9834680001713169
CPA5,-0.637823807792133
DNAH6,-0.7792352633146865
HSPB9,-0.16979208898310555
C16orf74,0.8485933517950077
LINC00482,-1.1337132973044657
DIPK1B,-0.43809641821676276
TMEM250,-1.1334370089683183
DIPK1C,-0.5759009077411211
KLHL30,1.4931764833443948
SMIM8,1.5235431846779668
CLEC12B,-0.08780424864255684
CLEC9A,-0.5224382252801401
KCNT1,-0.7402600199624225
PRR5L,-0.2918930206711917
TMEM178B,-0.6959902971104243
LEXM,-0.7901563832125859
YJEFN3,-0.04982199317720852
PMS2P1,0.681208979404397
FCGBP,-0.32208989363696644
HES4,-0.7619278302113301
DHRS4L2,1.609492461836756
RNF135,0.8019774990287851
SDR16C5,1.210202369527016
SLC45A3,0.12247178493934611
PRSS46P,-0.7737308876914862
STEAP2,0.2984554634967265
DNASE2B,-0.5981682071558275
TRB,-1.0573838303789596
THEM5,0.7309230546525912
ACOT6,5.279878676422719
XKRX,-0.3185311028790078
RTKN2,-0.25958870383808874
USP27X,-0.05110315589054286
HMGCLL1,1.61828326662256
FAM78B,-0.6906712540724448
IER3IP1,0.5455168071068025
BEX5,-0.5401816901082936
PACRGL,-1.0141263666572005
TCEAL5,0.46867388902508184
TSPYL5,2.053188989268497
TCEAL7,0.9772231465573098
ARMCX2,1.0786424498073666
AC005520.1,2.0923719008840425
TMEM163,-0.8727459616275268
PXT1,-0.6911192500305863
MCTP1,0.0020509817863120063
TP53AIP1,-1.0628086308497353
CD207,-0.9832474351400335
PRSS16,-0.07118208291125687
NICN1,0.6092269938317758
VWA2,-1.1954948855081209
DEFB121,-0.4838291969122798
ISM2,-0.33978222746863734
RNASE13,-0.046436780803185175
ANKH,0.7410819805363871
CPXM1,-0.4819324160317023
PLBD2,1.4902083337158392
RGS21,0.006784189113524712
GNRHR2,0.21217261333828769
AC073610.2,0.13786581437659642
ARL9,-0.10661447337895313
OTUD7A,-0.8606457837346834
PLCL2,-0.4100510693395061
BMERB1,0.4389493578193819
RIC8B,-0.21525120920452528
D2HGDH,2.9254233283989985
C21orf58,-0.41391432192678257
PHOSPHO1,0.5506300385956023
CHTF8,0.5400934748943239
RTEL1-TNFRSF6B,-0.6677735816970284
EYS,-0.9860721987968344
HAPLN3,-0.8206469298062192
SMIM10,1.2826413716824387
GRAMD2A,-0.6621112406509956
OR51H1,-0.5467042222133012
OR4F3,-0.8512510212222384
LHFPL3,1.9711036417055265
CLIP2,-0.370117955371083
PRR7,-1.919156444338619
CA13,0.059631485993376
AFG1L,0.4301362941228988
NOL4L,-0.2696344985177931
PITHD1,-0.010727747900764192
MAP3K7CL,-1.001707296691033
AC100868.1,3.3260954298725967
EPPIN-WFDC6,-0.9145819011785755
BSPRY,-0.3816272528832832
C9orf139,-0.40536779483790497
WFDC13,-1.0060321310859375
ZDHHC2,0.2760001773274995
HSH2D,-0.5146924761368036
BHLHE22,-1.1437873398598917
SHD,1.7781217652725132
SFXN5,0.8905398851491441
SLC22A24,0.8104992955313663
TIGD2,1.2319600368838086
PRXL2C,-0.5837986573043688
CPNE8,0.5278425872850353
TMEM18,1.8470727954970325
ZNF280B,0.18395298702072113
FSIP2,-0.4271351998298793
SPANXA1,-0.6333217833087375
PGA5,-1.2438451057220303
AMY1A,-0.1595641400762788
AMY2A,0.28074911642662814
LOC284412,-0.04077752632389248
MESP2,-0.8234687829171994
PSTK,0.3153548885161916
PPDPFL,-1.0568903277025685
PRXL2B,0.2124738767123948
TSPY8,1.282641371682439
IAH1,1.8767199340651939
TMEM170B,-0.3594693818955937
IGKV2-40,-1.1096077206116637
TRPC4,0.10924127332615957
FAM219A,0.10535478292184552
DNAH10,0.12514279173860104
ARL8A,-0.23793718719407275
YIPF7,0.43222240016764835
NKAIN1,0.382342387476038
SYCE2,-0.8531070478537967
TMEM132E,1.7346778572307309
RBFA,-0.17456016847014488
TMEM132B,-0.9945871403046745
SNX24,-0.10499993313833753
KLHDC8B,-0.0583336957424364
KLHDC7B,-0.4598808974175502
KLHDC7A,0.46753987315524637
KBTBD12,0.12257739779973455
DCAF12L2,-0.08424100975001234
SDHAF4,0.7456593476575464
FKBP7,-0.6736985814216855
FBXO16,-0.1583741474610185
SPRYD3,-0.3191194896320202
SLITRK2,-0.8113367678989409
HIST1H4G,-0.4174704980412891
H2AFB1,-0.717420280490403
H2BFM,-0.5635066867205607
TNFRSF18,-0.7475963974668951
CCL24,-0.2050529770563949
FBN3,-0.44811955409590787
WFDC12,-0.9564541042591488
KBTBD11,0.2612214220529123
LYPD6B,-0.7142705852113994
PALD1,-0.5271924742708433
SLC5A11,0.16367574313377076
SLC52A3,-0.5005181975661419
AC010542.3,-0.7790945790658349
AKR7L,-0.4118162534533764
ZNF618,0.14248638047380996
POTEB,-0.8086383565104358
PERM1,-0.3982004574997563
XIRP1,-0.3898185160874109
TP53I13,-0.4213449730383216
BLOC1S3,-0.36298156786973323
MIOX,1.2055426895101125
TSNARE1,0.5825009901240759
TMCC3,1.1816766830309868
STX16-NPEPL1,1.0737832176572604
NDNF,0.3687324144640938
SLC10A4,-0.25522501262882225
MFSD9,2.475380846086255
SLC46A2,0.3861410879461972
SLC18B1,-0.23247161356895585
SFT2D3,1.0090091424874996
LEMD1,-0.9731241841317881
SLC45A4,-0.8592278265899893
GSG1L,-0.793528112196348
C12orf66,1.3680433940796004
LINC00598,-0.088518578628715
IDO2,-1.0914271455272124
ANKMY1,-0.14417301222109605
ARL15,-0.18495805637925014
C16orf54,-0.6896617057671758
AC005324.3,-0.7170884084725527
TRIM64B,0.6843512320743483
GAS8-AS1,-0.5213661974623733
TRBV2,0.05957585830863941
PCDHB10,-0.03390967765495206
PKD1L2,0.3423523454973622
F8A3,-0.2896142076237875
C10orf90,0.7766504870023532
ST8SIA1,-0.5965303472650094
RBMY1B,-0.8784045086055251
HELT,-0.7000185357568606
TCF24,-1.0637071329941836
TCF23,-0.11505710185334202
ASCL5,-0.9034772573892024
PTF1A,-0.41339976726590055
MMAA,2.118352865781975
ACOXL,9.231975615339367
TTC39C,1.4595740645552913
PABPC4L,-0.6721189730845568
RNF152,0.017283884516278346
AC037459.1,-1.3804376803091296
AL365205.1,-1.0813073271172984
RNF157,1.7631325394990058
ATOH8,-0.48418472633289034
TMEM145,-0.3119323319338769
PRRG1,-0.6632570653349418
KDF1,-0.9768135641523195
CMTM1,-0.8710007155379048
MIGA1,0.18946810526351102
CIPC,0.9399695867590359
ZNF320,-0.2603619790540237
SPACA6,-0.29939281892569747
WNK4,-0.5941329820692955
ICA1L,-0.3731960383522455
MS4A14,-0.7187234809591649
CCDC103,0.24453098747070506
DPY19L2,-0.9606871506046478
TSPY10,-0.2737236415012939
ANP32D,0.1753391007087428
ZNF385D,0.41186887953680673
CD160,-0.9467558277357496
MARCH8,1.563086612391271
RUFY4,-0.8664337191288939
OR1F2P,1.3175291076397613
SLC37A2,1.377944580720998
SLC16A9,1.3092631504724963
NKAIN4,-0.7559141327265789
BRINP3,-0.5329875950630245
WDR31,3.984072698350929
MEIG1,-0.6462420580936936
MFSD2A,1.1743666128895112
SLC6A18,1.1596670509199798
MARC1,0.37551158046204347
MAP1LC3B2,0.4084013937592476
C2CD2L,0.05135391548724819
PCNX3,-0.7181615192315944
GPR157,-1.3184413511679896
HSFY2,-0.412641271086394
SH3TC2,0.8439151516037509
SSX4B,0.006630893450143913
SYCE1L,0.3370834689800488
NIPSNAP3B,0.013183493941441068
NUDT16,0.3250462993175708
ILDR1,0.2889238907961633
ZDHHC20,0.1981130197439293
LDLRAD3,2.239258998802202
TCERG1L,-0.45730607247878124
MINDY1,-0.1865996088534918
LRRN4CL,-1.1354481143425093
RSPO1,0.1684172370433156
UGT3A1,1.365664133703866
CMBL,1.5114543658949358
IGSF9,-0.8597297719867599
MYBPHL,-1.0307149174594228
FRMD4B,-0.8940737086923113
SLC5A3,0.517632643372708
LMTK3,-0.47446497205547306
HES3,-1.1232979901086668
WT1-AS,-0.8075946527199207
GSTT4,-1.0467432863151187
MT1A,0.06351166805421307
ATXN7L2,0.08168143513999468
KNCN,-0.54029518202276
TAL2,-0.8734730330005509
METTL7B,0.6043067299846931
FSCN2,-1.137030236445412
IGF2-AS,-1.268511225034576
FIGLA,-0.9953240280840777
PAIP2B,-0.31137561247462403
TRIM7,-0.29698109735438016
TMEM99,0.3892227415875613
ARSI,-0.44219136481816923
TREX2,-0.5848065062789722
ZNF185,-0.5990041000648912
NCCRP1,0.14416659509201707
PLEKHH2,-0.3256807541596109
SEMA3E,-0.08403451881865874
PIH1D3,0.06121245869190726
NCOA7,-0.21435495728185647
TLDC2,-1.0201645693391825
CT45A6,-0.46728898401025754
CT45A5,-0.46728898401025754
ADGRG7,-0.32947039620016433
GTF2H2C_2,0.999180500769681
CSMD2,-1.4770715252507272
KCNA6,-0.19955988339294098
LGI4,-1.3079151647982237
AC026786.1,-0.3877120986279006
C17orf77,-1.3564330203960901
RNASE10,0.052814030855092654
BFSP1,-1.5044607078825163
ELMOD2,-0.3994896786798755
AC012309.1,-0.19947804909087632
SCGB3A1,-0.5608444246886914
CCDC17,-0.7531601244424907
C22orf15,-0.3575646812638886
SNTN,1.0353291344127502
GPR85,-0.3596222648685278
RFESD,-0.225710729934208
KCNRG,-0.4841859023389675
INSC,-0.7859287626449614
MMP23B,-0.6908468455464879
ASTL,-0.5052218138497888
UCMA,-0.9754259018698629
OST4,-0.6454607512244778
KRTAP1-3,-0.9889535432044025
PRDM11,-1.3668978401302956
CDH26,-1.067216208760754
PRAC1,-0.9710450779952046
RPS10P5,-1.2851662317691352
RPL17-C18orf32,-0.8483657405613293
RPLP0P6,-0.9490614144222116
UMAD1,0.8697458021648476
CATSPER2,-1.2001200400446141
SEMA3D,-1.2346358650654325
FAM163A,-0.8331582692833719
ZBED2,-0.06055929499071163
PPP4R4,0.29335221947808604
SETSIP,-0.3697198633684709
EBF3,-0.8059950960733366
IL22RA2,-0.8224428092994468
EPB41L4A-AS1,-0.6499026145693588
LRRC37A3,-1.0153629871469971
LRRC37A,-0.9919856254716967
AMTN,-0.40203382933992415
DOP1B,0.3861913645915669
MAP7D2,-0.0639845641153529
ZNF385C,-0.26016861622278176
FCRL4,-1.085119006577744
BLID,-1.0347983629719766
B4GALNT3,-0.09027031094167799
FNDC9,-0.8407275035395759
MTRNR2L1,-0.081084612718135
SPTY2D1,0.018689108940084884
ZNF626,-0.9432128462314415
FAM83F,-0.12104813094906218
SLC9B2,0.20277114352409195
ARMH4,-0.4270847997379986
TEX28,-0.33260225974062857
UPK3BL1,-0.698713543293764
KRTAP13-1,-0.8155946729208728
LHFPL1,-0.6811539790379478
CCDC157,-1.2070170921904517
NPIPB5,-0.6110849854107117
SLC35G3,-0.6168714029821308
LHFPL5,-0.2544413652603039
TMEM86A,-0.26696891299381903
C14orf180,-0.47451340352971083
SERP2,-0.22670439014724655
CCDC159,1.1238764456320984
RD3L,2.312242400747181
TSPAN18,2.5289717772580627
SPACA5,-0.9612203429167071
SYT15,-0.4717528651737124
ZNF705G,0.05777721024304738
KIF6,-0.2938656868137801
KIF12,-0.20019030272301866
CLVS2,-1.0705563438016465
FAM219B,0.13172988223390197
LY6G5B,-0.25215688362182426
KIAA0754,-0.13652075853782186
LOC102724334,-1.2739227787005807
OR5H6,-1.141227722957718
BSPH1,-1.3573027281478403
WNK2,-0.6392534531291343
C2CD4C,1.1687170861795046
IGLON5,-0.8999266714103921
PRRT1,-1.52132932413325
PRRG4,-0.8869816770195018
STEAP1B,0.8263654691383535
KCNJ13,-0.6658105209632833
SHE,-0.8673096277330639
RFLNB,-0.9100508153803476
CCSAP,0.03741676217898733
ZBED6CL,-0.8294777756102546
ITPRIPL1,-0.6808987502694815
C14orf177,-0.8550805937233485
UPK3BL2,-0.7031952290233119
TMEM178A,-0.0307473790833428
RGS7BP,-0.8191958742545555
OTOL1,-0.0497064566714398
C1QTNF9B,-0.42151470765634885
TIMD4,-1.2929376875522103
SCGB3A2,0.28654716271477915
BAHCC1,-0.9066610975527003
CDR1,-1.04045255583843
ANGPTL6,-1.2277913072948208
PRSS36,-0.8772645337651331
SMIM5,1.635393057683411
ZAR1,-0.9980343988427431
C1orf53,2.5100417333286082
ISM1,-0.15951631602017105
C1orf54,-0.7471501383661936
KRT8P12,-0.294366101266902
MAGED4,0.14550865949904812
CEP295NL,-1.255584403562502
GPR149,0.06591308844660994
ARFGEF3,1.054015298809952
GPR148,-0.487250187086068
AL662899.3,-0.2521568836218138
NBPF22P,0.12375823445987429
ACP4,0.11973762735928306
ADGRD1,-1.1488512199056493
SPDYE1,-1.4351479797252256
M1AP,-0.8243493948366296
AC005670.2,1.5814290485376976
CDIP1,-0.26540507951083664
GPR180,0.059288316302751116
C2orf76,0.9047440241211058
SVOPL,1.3525080039112767
DCST2,-1.1622122620915216
IL1F10,-0.8872332808990392
PSAPL1,1.0469706573961228
IQSEC3,-0.7802410109162723
CD99L2,0.9502028231655151
NAIP,-0.7428976948150291
MROH9,-0.8840480519026283
STON1-GTF2A1L,-0.03693293350406284
CHURC1-FNTB,-0.1658756196249788
RPL36A-HNRNPH2,1.282641371682439
ACTL9,-0.07306179592437494
AC012254.2,3.179175928039626
DHRS11,0.0755952971597127
ARMH3,0.9845508607494806
POLR2J3,-0.7352540120947246
SPEF2,-0.37171860290053904
COTL1P1,-0.7309441023333948
AC004754.1,-1.0842505080974207
ENO4,-0.12735029171864803
CRAMP1,0.12743671277667656
SH2D3A,-0.6522442116902322
CTAGE9,-1.1051525228173178
AMN1,4.425042052415597
ENHO,-0.24270814419535505
C9orf66,0.2503728095465579
TMEM181,0.15044600547604595
NIPAL1,2.3828776557852485
NSMCE3,-0.09064227272369431
AC020909.1,-0.3781885778194593
TMEM218,6.840519833341756
CSNK1G2-AS1,-0.5897415929358617
C2orf81,-0.42398518368006144
FAM43B,-0.37806153806475234
CTAG2,-0.036161035685016316
C19orf47,-0.4430703801734397
USH1G,-0.516393976613774
ATP5MF-PTCD1,0.6489778016778115
CCDC198,-0.24642678273899254
SOCS4,-0.8888554296421445
ST6GAL2,-0.5418892544877233
TMED7-TICAM2,-0.9354982530200039
CARD16,-0.7495410421884
SLFN13,-1.0718691887182166
C11orf21,-1.1419832510018844
KY,-1.0702731959974778
RENBP,-0.0100719717892649
POTEG,-0.7460026045352625
MFRP,0.33988396951989264
AC020915.1,1.0762786819868606
SH2D4B,-0.5542760466286943
AL049634.2,-1.2539193951466827
MLIP,-1.0827140709537415
MTERF2,0.27250265490764347
MEGF11,-0.15470872500829813
FGD5,-0.9811080364405748
BORCS8,0.23860883346953995
ZNF90,1.2826413716824385
PI4KAP1,-0.9096620008262041
CACHD1,0.15374349501122492
TMEM189,0.20149887410822317
MFSD3,-0.4110682645719152
SLC26A5,-0.6118507799427718
FAM124A,-0.9287502753464512
IL18BP,-0.9486780733357785
PHF13,-0.6152600546995713
ODAPH,-0.14190303524817294
FOXD4L6,0.37033643896351504
SFTA2,-0.34724717347339473
CBWD2,0.464102077155199
GAGE12B,-0.29743897776483796
GMCL2,-0.34073779073001625
PROX2,-1.3834832590841935
BTNL9,-0.7910667296682532
FAM153CP,-0.4069747571770888
LOC100288778,-0.4069747571770937
CAPN10,-0.5812890499661477
AC138696.1,-1.0093188985874717
ITPRID1,0.3391134626718704
GAGE12G,-0.13952024842750707
LKAAEAR1,-0.705308839232011
HSP90B3P,-0.7295509178928631
TNFRSF6B,-0.40787763332785426
DTWD2,0.3790119146508131
TUBA4B,-0.055211866310640345
CCL3L1,-0.13827150340427402
GPR155,0.0709351173210131
CCDC78,0.07429109823457339
RPP38-DT,0.5588470647899159
RHBDD2,-0.35446183221664174
CST5,-1.0289388374770834
C12orf73,0.11053992467093567
TMSB4XP1,0.1714396050556619
FKBP1C,-0.5895688311349963
SSX4,-0.8087972009118417
EGFL8,3.187831577803484
SMIM4,0.6951141802841103
CENPC,-1.3130478115278246
AQP11,-0.49344745793893474
NKAIN3,-0.30343093792321135
AL691442.1,-2.1502672588369935
PRTG,-0.5463780463051857
CORO7-PAM16,-0.3726256533886068
ENAM,-0.6388864782578293
TBX15,-0.5688406174847443
BPY2C,0.45294681591887437
LOC727751,-0.4590596757780247
INSM2,-0.616668296376333
TMEM200B,-0.6835377878750601
SH3BP5L,0.011697463789086595
CROCCP2,-0.4813240813442465
OR14K1,-0.22968586186625964
OR2L8,-0.1918964538647433
OR52B4,-1.1394158144281203
OR1B1,-0.1918964538647433
OR5D13,-0.1918964538647433
OR2W5,-0.1918964538647433
OR5AR1,-0.4521868193780859
OR4E1,-0.1918964538647433
OR4K3,-0.1918964538647433
OR2I1P,-0.19189645386474327
OR2T35,-0.4222826333932214
OR4C45,-0.1918964538647433
AC135068.1,-0.532360748275127
OR14A2,-0.2288859407170662
OR51J1,-0.1918964538647433
OR4A4P,-0.1918964538647433
OR4C16,-0.1918964538647433
OR8G2P,-0.1918964538647433
OR1F12,-0.1918964538647433
OR51G1,-0.19189645386474327
OR4C5,-0.2684959035814369
OR10G6,-0.1918964538647433
OR10G2,-0.4521868193780859
OR8K3,-0.4521868193780859
OR2AJ1,-0.1918964538647433
OR4Q2,-0.1918964538647433
OR11H2,-0.1918964538647433
OR6J1,-0.1918964538647433
OR4X2,-0.4521868193780859
OR3A4P,-0.1918964538647433
OR51B2,-0.44873550658783934
OR8G5,-0.1918964538647433
OR8G1,-0.1918964538647433
OR52R1,-0.1918964538647433
OR10D3,-0.009748736684907824
OR5L1,-0.1918964538647433
OR8U9,-0.060725801252320966
OR8U8,-0.1918964538647433
OR51F1,-0.19189645386474327
OR2J1,-0.23845777749210478
OR2T11,-0.1918964538647433
OR52E5,-0.1918964538647433
LOC107987545,0.050546964874209184
OR2T7,-0.1918964538647433
OR56A5,-0.1918964538647433
OR4M2,-0.19189645386474327
OR4F29,-0.1918964538647433
OR1S1,-0.1918964538647433
OR10X1,-0.06072580125232097
OR11H7,-0.1918964538647433
OR10A6,-0.1918964538647433
OR4A8,-0.1918964538647433
AP5S1,-1.1761508055773897
C2orf72,0.6298202470392839
RPL21P97,-1.2498523886024562
UBTD2,-0.04929731600488054
ST20,-1.0623647368477767
DAPL1,-0.06843511262712212
DACT3,-0.8588270085551585
FAM74A4,-0.9427649937877836
FBXO48,0.7489683150657619
SDR42E1,1.5807281774560653
KIR3DS1,-0.5172208205498143
SPRR2G,-0.6131711030651581
IL36B,-0.4650451777829034
LYPD5,0.11776306980738244
ADGRF3,-0.9514528130602317
CRB2,-1.324597076258862
GLYATL2,1.8574979286691313
GLYATL3,0.23063197876799277
KRTAP6-1,-0.7404370084128189
RNF187,-0.24874704906909312
ZNF727,1.282641371682439
PRR12,-0.31754745540289486
SELENOV,-0.09462905388464375
ZNF488,-0.9808902941301257
NTN5,-0.8118967000314697
CCDC71L,-0.051287878028768386
SLC43A2,-0.4677779645908077
PINLYP,-0.40954728286070957
ASPDH,0.14628386174341695
SLITRK6,-0.8458018023964077
LRRC75A,-0.8121996231791092
ELFN1,-0.7957801547421173
LRRC37A2,-0.8002899323928012
LRRN4,-0.06321118726733127
UBALD2,0.1682994047495344
TREML4,-1.2784014581658025
SIGLEC15,-1.706897017889715
LINC00305,-0.511773623093186
PXMP4,2.240596115231018
C8orf37,5.062736955708133
SPDYE3,-1.090158854320415
ST8SIA6,-0.6746896305309307
ZNF729,-0.37673225696957907
ANKRD53,-1.268639821123578
SNHG29,-1.4314318616595654
TFAP2E,-0.6564210776770917
CITED4,-1.2175912316371422
VSIG10,0.431099563751292
APOL4,-1.2101330640038337
LINC01600,-0.9709408735714684
USP26,-0.4541124993347606
PRR9,-0.793773561808158
ZNF728,0.4693525054215114
SLC44A3,1.2355801483501896
TMEM198,-1.4086368874655137
ACTR3C,-0.33249911928066483
MIDN,-0.44735511877059797
WFDC9,-0.7907271976575866
PABPC1L2A,-0.6050352051402192
LY6K,0.04225540969152969
TXLNGY,-0.9618892111053947
SNAI3,-0.4251452521659271
FRA10F,0.15048596756590726
FABP9,-0.27012801267726255
SLC25A27,0.5984812504059135
COX19,0.4685290020109514
GASK1A,1.2423471335916025
TBC1D3G,-0.7435882686846533
OTUD1,1.0341858428929718
DMRTC2,-0.33211982668798506
TTC7B,-0.4430835647608977
OTOG,0.07258265834408256
GCNT7,-0.0269122166780286
PCDHGA4,-1.0476259415412505
GRAMD1B,-0.09863655338644775
PAGE3,1.9168774092818914
XAGE1B,1.535019754262634
PAGE2B,-1.0716024103352657
GAGE5,-0.476928364190038
TANGO6,0.5518910503313814
GAGE6,0.28663127346017475
MICALCL,1.8965948693911931
SFMBT2,0.524678318145931
SAMD10,-1.1912799221804127
SAMD5,-1.1301294307999477
BORCS8-MEF2B,-0.6056649184210043
BRICD5,-0.27087077892664285
CLHC1,-0.42517409847643167
CAPN13,-1.0414303105740608
GRXCR1,0.0938476715310901
C5orf63,-0.05830769158012522
TRP-AGG2-6,-0.5964272984207608
MORF4,0.5746288159439146
C5orf64,-1.6619118003552638
ANXA2P2,-0.6017523860105414
AL121594.3,-1.130027159806084
RNF215,-0.3523824291065319
CCDC9B,0.5511652913229832
RTTN,0.6410725175816293
C2orf50,5.397057763077509
GSTT2,6.001598108113334
FAXC,2.466774018303996
SP9,-0.09088942790326066
GPR162,-1.262631974812797
ANKRD18B,-0.5801837876121717
ANKRD20A2,0.025211726323396518
ANKRD33,-1.0674871836853932
ANKRD34B,-0.6722447680529419
POTEJ,-0.6592983715783199
POTEH,-0.6619451947379434
PIANP,-0.2102742634539983
CAMK2N2,-0.9611505149296008
CLEC18C,-0.04893942687723963
CLEC18B,0.11484995969515573
ZDHHC21,0.7044925161426027
PPM1M,-1.0268957560870722
LLCFC1,-0.8073857542316656
CD164L2,0.2161835968251842
KCTD8,1.0167580468388122
SLC7A14,-0.40051640522710374
FABP12,-0.18350179295842456
TMEM119,-1.045452273779174
MRGPRE,-0.09050591649651576
USP17L7,-0.9790495945580003
LRRC36,0.1402756783075093
C14orf132,-0.37682989782450055
POU5F2,-1.5770396804082787
SAMD11,-0.8766172371608068
CASTOR3,-0.9356704553558657
AC078927.1,-0.4999104830801445
PAQR9,0.1968757995153735
CCDC184,2.435910168576372
AGBL4,0.2894175363440869
AGBL1,-0.9326999081243477
CSTL1,-0.5194428153436713
OTOA,-1.0607004344664364
CST11,-0.7783987665642546
SPINK13,-0.13835032544183035
CFAP65,1.675553641834084
CLDND2,-0.7396920866930395
SPDYE2B,-1.090158854320415
AC002996.1,2.0314207482090687
RBM43,-0.5654030986112153
TSPY4,-0.1339749892145747
LOC102723996,-1.122480876301848
STIMATE,0.52432613612074
ADGRD2,-1.4249522235925032
ADGRF2,-1.3580879453951789
ADGRF4,-1.0863623636001503
ADGRG3,-0.980263921268273
ZNF713,-0.39235131864817463
LINC01018,0.47872819566364544
HYAL1,-0.05511476803853773
C12orf76,1.3128600989289312
TANGO2,0.4448897149254946
C16orf91,0.22530343788140078
LCTL,-0.5682945915307501
LRRC34,-0.07692461276467284
MBLAC1,-0.412210851632802
AL117348.2,1.8001409520525606
GFRAL,-0.1644403839818035
ZNF716,-0.03808589938495404
TSPAN10,1.0497210500923115
WDSUB1,1.4321791448692751
SAMD12,-0.11339722143848306
C17orf67,-0.1163552112304345
CARD6,-0.930697392144641
CARD17,-0.7407866772860678
NLRP5,-0.7003475548289703
NLRP7,-0.9028039905817099
NLRP11,-1.0485538766171765
NLRP10,-0.4786374145487227
ARMC2,0.9793871795991795
LRRC70,-1.0977769867862703
DPPA5,-1.2814053858019079
HEPN1,-0.8300240619928638
CCDC73,-1.4112137300848409
CXorf58,0.47266248365294405
CCDC84,0.611701114930185
CFC1B,-1.0742585420516537
ADAM1A,-0.4713428786378349
IGHV4-31,-0.7738923939704484
RAP1BL,-0.0992639907136026
SLC25A53,0.5750245154282759
ZDHHC11B,-0.48925845034747883
SPIN3,-0.5431572804870209
FAM135B,-0.6566059750458361
LINC02210-CRHR1,0.17056931135071238
PCSK1N,0.716729522385555
TMEM89,-0.96589316906918
GPIHBP1,0.23520281387038616
ARL13A,-0.2767247382196467
C12orf75,-0.39364283704139763
C10orf71,0.08962181699866728
SHLD1,-0.44414851279602785
DSEL,-1.0274670633722505
SLC35G5,-0.511771328500111
ERFE,0.5406873607491953
C1QTNF8,0.48977062733310905
C5orf56,-0.8671248923043988
C5orf38,-0.6123408066224267
SMIM13,-0.04476928857756973
KCTD14,0.36613523504782525
FDCSP,-0.1504252272861441
BPIFA2,-0.8569732181192313
INTS6L,-0.1806595321823412
ECSCR,-0.20613647916838118
BPIFB3,-0.8018976548814772
BPIFB6,-0.6314870323871065
FUT10,-0.8520108529856274
TMEM45B,-0.5706511956283455
FBLL1,-0.2189400788012756
TMEM268,-0.4764390937565634
FAM120AOS,0.18962630115231244
LOC101930123,1.0623342596313243
ANXA2R,-0.5656310528033679
TMEM68,7.121593711893909
TP53TG3C,-0.059804998586816926
SETD9,-0.13083095278733475
PAQR7,0.16054125314071194
C5orf30,-0.5473470901466185
SKIDA1,0.38241915443369967
XXYLT1,1.3545356721833117
RNF212,-0.005777931997616039
MOB3B,-0.8906250130387783
SLC10A3,0.58336776433963
KIAA0895,-0.8862460240557458
CLDN12,0.6803209256736202
BIVM,2.182407877857232
SLC35E2A,-0.052136680502834015
ZFP91-CNTF,-0.4512455332360398
SPIN4,2.782703564960679
NEIL2,-0.6707287450654521
IGIP,-0.4755634946452532
TMEM241,-0.16790945181148334
LRTOMT,0.5022877114208347
FAM102B,0.6379239275497749
XKR6,-0.2573441410729559
MIR1915HG,0.241713319375814
EXOC3-AS1,0.0688724909629982
LRRC37A11P,-1.3000165782352626
SPANXD,-1.0467544633604753
SPANXC,-0.972515560013844
KIAA1147,-0.8682998837924761
GCOM1,-0.20215445077030145
OBP2B,-0.14830309979032136
SMLR1,1.4087968648744489
GOLT1A,0.10773050986558483
CT45A2,4.388794493173549
PEX11G,5.126804076412669
MIR22HG,-0.6231988362543086
ZC3H12C,-0.22292730104997718
KRTCAP3,-0.7318968583064458
C5orf49,0.854418390213429
CDHR3,-0.9910975984992116
TTLL9,-0.41306817370955096
HSFX2,0.48784899042712604
LINC00526,-0.6623413203698701
RDM1,-0.927378160071333
PTCHD3,-0.6122883714281953
BTBD16,-0.6483816012621285
CARMIL2,-0.24613439442237375
S100Z,-1.0509440770295528
LOC107987205,-0.12899548637103647
ZNF229,0.6809229923573497
SLC35E4,0.9381236507124777
RFLNA,-0.3891298497530773
POTEKP,-0.38373620836501715
HHLA3,-0.9726748225498865
TDRD15,-1.6675096385801937
CCDC122,0.5846697358999349
ATP5MGL,0.44153108753152476
SLC25A52,2.3727228959893893
PCARE,-0.2108947209534237
KIF25-AS1,-0.9799821660908428
RTL8B,-0.3406136591869079
TMSB4XP6,-0.41606992136259047
TMSB4XP2,0.7892151471734847
PGLYRP3,0.34892895272050817
TCHHL1,-1.1886453675662558
S100A7L2,-1.0322978593814565
SPINDOC,-0.2334543259394456
LINC01194,0.0676938030946906
C19orf67,-0.8580226144224818
CHKB-CPT1B,-0.5299558414781453
PCDHGB2,-0.7643865563917602
PCDHGB6,-0.7509464880741009
PCDHGC4,-0.5675004715097489
PCDHGA7,-0.5321302263683457
ANKFN1,-1.046662581925259
AC099329.3,0.17095833406445066
CCDC197,-0.8102335689805441
CBWD6,0.2143900089485537
CBWD5,0.44865883172250276
SERPINB8P1,0.005746662545921543
RIMKLA,0.31833850832427524
LOC554223,0.22398310662188456
C2orf48,0.18214150659752987
KLHL30-AS1,-0.1749837019169647
TMEM143,0.20446193868093507
GBGT1,1.76311972379947
CES1P1,0.1133169604260134
BEND6,-0.6807024252868432
SPDYE2,0.1173970868866812
TTC34,-0.488755149611686
CCT6P1,-1.3412201783362054
AC068775.1,0.12739307404552677
OPN1MW3,-0.9096498862920177
PRR5-ARHGAP8,-0.8069613285894528
OPN1LW,-0.3467138821643679
ASPHD2,0.6625802274895138
SYT14,-0.5874230861145116
CCDC85A,-0.1206489585127911
IFFO2,-0.24788755770741527
TAS1R3,-0.06584490977794757
OPN1MW,-0.2430014634641496
IL1RAPL2,-0.7556096068275062
PRLHR,-0.0364160418367933
HBBP1,-1.3343989962087235
NT5C1B-RDH14,-0.22673845247758256
SYNDIG1L,-1.6427592403560307
LOXHD1,0.11805884600300752
PLIN5,-0.15789822134000353
LIPM,0.4110202458091979
GAGE2C,-0.2436664717967442
AC108488.2,-1.3648921689483946
NBPF11,0.43178216898503463
LOC105379861,-0.3735341202523013
RIPPLY3,-0.24336008843377888
LOC149950,0.03561374919972002
POM121L4P,0.78393161129775
WTIP,-0.7598005851858524
HYKK,2.304643138520477
AFAP1L1,-1.517242737859361
TM4SF19,-0.9651247193876008
IGFL3,-1.1345916001798269
TMEM35B,0.11106020665595226
KLRA1P,-0.44010235925384894
RPS26P11,-0.827154049699011
OTOP3,-0.4673654277231418
OTOP1,-0.6837242121920254
OTOP2,-0.7326996008546169
ZNF697,-0.5752191472627982
TRIM39-RPP21,-1.2478502975169457
ANKUB1,-1.0137082906131007
METTL22,-0.11500773247404954
HSP90AA2P,-0.5768131364526311
AD000671.2,-0.9227864983749324
CLRN2,-0.024173554561376428
CYYR1,-0.8586809674047987
HRCT1,-0.7694332677771345
SHF,-2.0614977177980958
B4GALNT4,-0.7569811084344544
CCDC174,2.523765912335895
ZNF181,0.14634973378743277
ZNF880,-0.24370329513973277
MCIDAS,0.2619149239147718
KLHL1,0.25452597417935063
KLHL34,-0.6982925758608415
KLHL33,1.5504992756032734
PHOSPHO2-KLHL23,2.322227555886571
FUOM,1.270707409044721
TMEM63C,2.4703003719570105
IFNLR1,-0.7157068666493362
PCDHB2,-0.3328870938070452
PCDHA11,-0.36720794622052266
HIVEP3,-0.03712494336260452
PRIMA1,-0.5516075831551756
KLHL17,0.9453192687656338
KRBA2,-0.99417016553757
KRTAP27-1,-0.8220252325854365
KRTAP23-1,-1.1771315489706782
KRTAP24-1,-0.822025232585433
KRTAP29-1,-0.8402812091924847
KRTAP25-1,-0.822025232585433
NUDT17,0.6737664204096386
PRRT3,-0.36460648109212607
TMED8,-0.45122418391951813
HAPLN4,1.464064975779698
FAM129C,-1.0031136279979274
IL34,-1.2109886791173734
NAT8L,0.3127282926018966
APOPT1,1.077315027725346
CUZD1,-0.9804181098971728
RNF175,-1.1687810090201018
TSPEAR,-1.3079151647982215
TENM2,0.05805592679044002
ACOT4,5.441010355801843
SLCO1B7,1.1111574435550986
AC022335.1,1.2746348320225267
BVES,-0.010295800557616648
SEPT14,-0.12306900343956108
LOC155060,-0.9812127081378159
FAM92B,2.8639304797629146
LRATD1,-1.2228813278498614
ZNF888,-0.8711546813226139
RHPN1-AS1,-0.9892538796468391
PRR19,-0.9194608634805171
ZNF69,-0.5681701653014003
ZNRF2P1,-0.19923228480991184
IL31,-0.0065798454280311044
NPIPB13,-0.4337380469710657
TTLL13P,-0.8055808870703768
TTLL8,-0.805580887070443
FAM200B,-0.11677578263000958
XIST,0.7436772916005701
VN1R4,1.151886789679316
TPSB2,-0.3068362094657654
HEATR4,0.9499366139257772
ANKAR,-0.3556675020736466
IL17RE,5.062163345965864
SPNS3,-0.07341569387098225
IYD,0.7969256883315977
NEDD8-MDP1,-0.6270860317334556
MS4A15,-0.8592155852295084
C5AR2,-0.552564952137439
AC004223.3,-0.6294790662060639
SERPINA2,-1.2506320186014748
SENP8,-0.18198189463956502
TMEM139,-0.06894308104284613
FAM86B2,1.169908921513246
LILRA3,-0.37559936866518123
PCDHA5,-0.475986961188907
LIPT2,1.475988533889741
KIR2DL2,-1.4039586037053806
AC092647.5,-0.154363272124608
TAFA2,-0.19048048962699293
TUG1,-0.9139914886529307
NAPEPLD,-0.2159746552002107
TTLL11,-0.21410783786349427
FRRS1,-0.7015937765643361
DEFB4B,-0.7974908054270345
C17orf97,0.6328129957017801
C16orf95,-0.7552770785506994
CGREF1,-0.5148628018612301
PIRT,-0.6300347644252777
RBP7,-0.46367746959265616
MAGEA9,-0.2767434786311824
RBBP9,-0.336152760158559
LIX1,0.1424517555546981
CARMIL3,0.24563571286965524
SHISA3,-0.40465353565422807
SCIMP,-1.435574882788343
URB1-AS1,1.8772403896677212
ESYT3,-0.6058344421752067
SLC46A1,3.6003875333011037
ARL14EPL,-0.8407642413353795
PRAG1,0.7780101447305241
AGAP5,-0.39470859891551024
NPIPB2,-0.3947085989154943
C11orf96,-0.43794823328911875
WDR72,1.1556436786046063
BECN2,1.1896073675700796
FAM90A26,-0.8299643947562582
POTEA,-0.7751721328627157
PCDHB6,-0.207112550195218
PCDHB1,-0.5679250545687934
PCDHA1,-0.4257261808025328
NAMPTP1,-0.5140027278598326
PANX3,-1.2309111503627341
LIMS3,-0.7231770755356296
LIMS4,-1.0889832869063076
SERPINA9,0.14906588923988323
MALAT1,-1.2739114855906437
SPRR2F,-0.8768163080217866
NIPAL4,2.1401609205544774
LCE6A,-0.9713609716191965
CCDC160,-0.16004731939685132
SLC29A3,-0.7217313207176885
HTR3D,-0.7402754998570779
LYRM9,-0.43360249185074295
RNF112,-0.7280993545746839
GLRA4,-0.9273884795487628
DEFB136,-0.6250758338515049
DEFB105A,-0.6760747403323918
DEFB105B,-0.6761254814994332
DEFB110,-0.6816377794192084
DEFB108B,-0.6640995928543235
DEFB118,-0.6429270615378833
DEFB103B,-0.700363717063153
DEFB103A,-0.5086367762690764
DEFB130B,-0.6967773257045552
PRB2,-0.9707238793507094
CCL4L1,-0.07923054370820685
MAGEB17,-0.4974038898779404
TSTD1,0.8984276191403466
TOPAZ1,0.024970003110644207
DUX1,0.3473297819633221
TRIM6-TRIM34,0.17399038619025944
TRIM6,0.11554705506832474
C9orf131,-0.20679460661191776
DNASE1L1,0.04543125613764298
KBTBD3,0.70592329265369
TRIL,-0.7824330766168289
ASXL3,-0.08449545989299868
CHCHD2P9,1.1730911273540616
BHLHE23,-0.3977319974362883
TMEM98,0.3881375733689872
FAM182B,-1.3072314145105866
IFITM5,-1.3554050264013136
C5orf46,0.6626950512449453
CCL3L3,-0.5019694976506995
MOSMO,-1.0458966250426593
C1QTNF6,0.37137120853807576
LAIR2,-1.629483436622192
DEFB131A,-1.0707987824510352
IGL,-0.4721315484555493
BTN2A3P,-0.7337373547734042
ZNF761,2.6701233999005103
TRIM61,0.9847555728075238
TRIM60,0.22901382811136836
EZHIP,0.5466331260110988
ZNF772,4.30347561567613
C6orf226,7.817695267654014
FAM25A,-0.4286871498458043
SHISA2,-0.34012184902964543
CDRT15,-0.004918871439319364
IGSF5,-0.7808454185979086
AQP10,-0.10248081844039139
ERAS,-0.3635089776153104
TAS2R45,0.37532258880013414
NLRC3,-0.47914554555429834
KIR2DS4,-1.086745184968831
SLC16A12,-0.16373439293682734
DDTL,-0.689589735983647
GAGE12I,0.05947362136510309
PRH2,-1.0407931455898345
C2orf27A,-1.0197243309677633
C2orf27B,-1.1399721314231477
GAGE12E,-0.13952024842750707
GAGE12F,-0.13952024842750707
TLCD2,-0.3629108478669603
PEBP4,-0.12103392253060224
MYEOV,-0.698105128912553
GCM2,-1.7442986894275503
C1QTNF7,-0.2589941329227288
CBLN3,0.8572962017563088
C1QL2,0.7985026116935812
ETFBKMT,1.8909078556218828
RHOXF1,0.07375784875372488
NAT16,-0.7236253965516822
PGA4,-0.49364865011818077
C1QTNF12,0.6864226703681037
PRR23B,-0.12835099919784917
HHLA1,-0.7525167433320891
SCUBE1,-0.9871801603452636
PTX4,-0.6844748865954134
PRR23D1,-0.9810276438244007
ADAMTS10,0.5596891425279082
ITIH6,-1.2796090780619436
FNIP2,1.0198240457908607
PTCHD4,-0.824863279673138
VWC2L,-0.8685452158023595
ODF3B,-1.316166851434539
PLPP7,0.10236881664522755
CRYGS,-0.7603441736889066
PRAMEF8,0.3251373090678259
DEFB104A,-0.09535618230577589
C12orf50,-1.141182361315145
STPG4,-1.055952221524865
CEP112,-0.944631200827388
RINL,-0.5442442855979523
C3orf18,-0.8779068395319111
GPR152,1.2788365126089465
SLC16A13,-0.24963804078669102
RP1L1,-0.5547867562620828
RN7SK,-0.9243560542842422
SNRPEP2,-0.9517921451815703
HNRNPA3P1,-0.4558484697383614
DYDC2,1.7921609049650078
CCDC81,1.2306735242277167
OCSTAMP,-0.7037771660731366
LINC00636,-0.10831930739364459
RPL6P1,-0.14487040655271297
BIVM-ERCC5,1.2826413716824387
HHIPL1,-0.9732202033246996
ANKRD20A1,-1.4297765132563791
FAM98C,-0.37544231804158973
AC004832.3,0.21337106073086964
HSPA7,-0.37158752606088363
DAOA,0.2542592447665139
ERVV-2,-0.7645878049184549
ERVMER34-1,-0.8211276993526828
FAM89A,0.2957773964415357
TNFAIP8L3,-0.41416315912215834
SLC45A1,-1.3304544145607096
NBPF10,0.8458748660314735
FGFBP3,-0.12205663085394772
BAGE,-0.1525393991735319
TMEM155,-0.2863616041357709
DEFB125,-1.050564240197885
PCDHB13,-0.40396898608095655
PCDHB8,-0.3160149114353156
TMTC2,0.596563639848845
NAA60,-0.0874114340370823
SATL1,-0.2108559943348728
IGFL2,-1.1345916001798269
SLC6A17,1.5048972237925429
SPANXB1,-0.4236467967507904
SPANXA2,-0.5818183644320327
IZUMO3,-0.29398387377148955
NEMP2,2.543592162819088
MFSD6L,0.14638352725430662
TMEM240,0.005702289268909479
PAGE5,0.3172354087168465
TMEM253,-0.8132619539988112
TMEM252,-0.8781388019881838
MEI4,-1.0595049542014152
CCDC126,0.6207649514966244
MAGEB18,5.391588549351469
F8A2,-0.8939038115380114
AC091167.3,-0.8231518082820825
VN1R5,-1.1243033912914333
LOC401052,0.5617482738623902
ZNF763,-0.19950580397289036
AC008575.1,-0.8656092823747048
SLC35F4,-0.426445038824392
KIAA0087,-0.2741914052365089
TAFA5,-0.8802300445812978
CKLF-CMTM1,-0.04228389689725781
SLAMF9,-0.9197191531492368
C9orf152,-0.7711720694885125
TSPAN19,1.7759965505061697
HNRNPA1P70,-1.3472753548969458
REXO1L1P,-0.4405444671158998
CYB561D1,0.02715750158587878
CFAP77,-0.6521850378202055
PLAC9,-0.23009247482310302
CCDC154,-0.2331107496828405
C6orf132,-0.9391988941758121
SLC22A20P,-0.3046806901231481
AC011448.1,-0.5392115967710222
SLC15A5,-0.2470367865477874
RIOX1,-0.35091184318930724
KCTD9P2,-1.093259950639966
LOC147791,-0.5671317732078823
DCANP1,-1.5201823677182564
GLIDR,-0.22184315807783866
LOC148413,-0.3597421322969692
ZNF479,-0.7507517814468107
LINC01588,-0.08595155031928602
FAM27E3,-0.5681293782115147
POM121L8P,-0.6538553088166326
NWD2,2.071998378453498
FAM204A,0.5886566827879754
RMDN2,4.071352122401563
HMSD,0.8171890502344028
CLECL1,-1.1026816568706448
GCSAM,-0.7309252080580767
C6orf58,-0.7813423559292372
TMEM150C,-0.07292928133841883
PLEKHG7,-0.8429195791721334
MICOS10-NBL1,0.8846353172572209
LOC107987235,1.1378873983635411
KIR2DS3,-1.163342358763232
GAGE7,1.5350197542626067
ATXN7L3B,-0.8046725797517629
GDI2P1,0.019197525007664872
WFDC10B,-0.9123258575874575
P2RX5-TAX1BP3,-0.9891235147655991
C2orf83,-0.6932551420435835
DRAXIN,-0.7414645676384652
BTBD8,0.4479887318487754
FAM24B,1.2773270383696864
AC008764.1,0.9610045045518507
CCDC169-SOHLH2,0.24247450482863697
A3GALT2,1.7631197237995062
GLT6D1,1.7631197237995062
PRCD,-0.48160132903691816
SSX7,-0.962260683680712
PATE1,-0.6527295998179418
RTL5,6.7827642849115675
APCDD1L,-0.313636040220169
PRNT,-1.0203658910315645
HEATR9,-0.22161034143876918
CD300LG,-0.6938473580185247
CEACAM16,-0.17904644393633445
AP000295.1,-1.110961994481884
GOLGA2P10,0.5004514138941419
PRR18,-0.5773114935992858
THAP9,0.6375001082172747
ZNF799,-0.6935289887191162
DCDC2B,2.3403066999181963
NPIPB3,0.17599333133318384
KHDC1L,-0.5352786337532763
CYS1,-0.6725804800316002
PNMA6A,0.04577381576090455
NOTO,-1.052777220092036
PCDHA8,-0.494716386038661
FLJ44635,1.2826413716824387
C19orf38,-0.44496040200785775
AC092143.1,-0.8135018228083312
USP17L25,-1.0491070881053879
SPRN,-0.8801611008188256
PGBD5,-0.7560813009980721
POLR2J4,2.706400673036715
ATPSCKMT,2.2582731449323235
FAM72B,-0.5008052542425068
PCDHA13,-0.44200778992927625
GTF2IRD2B,-0.6916571837831472
SMCO2,2.8711025246656305
POTEB2,-0.909133369075759
XAGE2,-0.8421953919717781
ANKRD20A4,0.9023737190577736
ANKRD63,0.6287377138449414
NBPF20,1.282641371682439
TMEM170A,0.6542576843527419
PALM3,-0.844387704009611
AC068775.2,-1.056582952017258
KLRF2,-1.2931235416860176
EFCAB10,-0.8313702725902726
EFCAB12,-0.6753287854595995
C15orf61,-0.6852831000935642
TMEM52,-0.6303659970033604
IGHV1OR15-9,0.4672854470695755
ARPC3P1,1.1510410559392812
STOX1,0.06166990434813471
RAB1C,-0.9755330988402031
MAGED4B,0.989120997740599
USP17L23,-0.3626701570990155
WASH2P,-0.5992145308379623
FAM20A,0.43548077013209935
AGAP11,1.7152588373425262
DIRC3,-0.7720814307116004
TBC1D3B,0.4569853249216903
AGAP9,0.4569853249216903
SCGB1C1,1.0236730261512081
TMEM270,-0.5120603140494628
LDLRAD2,-0.6084902116203847
SLFN12L,-0.24690994331091232
STOX2,-0.6493982288702056
DEFB114,-0.6353994781342553
DEFB132,-0.6462857468960829
ZNF286B,-0.5202922279115055
SHISA4,-1.0450027961300725
MT1B,0.3570957735793907
MT1DP,-0.8294423236455117
CCDC26,-0.8240460850003868
BMS1P1,0.581123714271011
SNHG11,0.05748146722803212
MGC39584,-0.4060644294109669
SLC25A45,0.9692731370772972
GK3P,1.79408525959635
MMEL1,-0.1823898053137866
GPHB5,-0.5607470527994587
PGBD2,-0.6282132782921631
RPL9P8,2.0887011856931617
BTBD19,0.18333219391555444
CDC42EP5,1.1628629050047252
UBALD1,0.607037958699287
SHROOM1,-0.42658311393743853
C17orf58,2.7064006730367147
RFTN2,-0.9512563776133383
LY6G6E,-0.9743892398918191
USP17L26,-0.8824048858266177
USP17L24,-0.8824048858266177
TINCR,0.5182829837362922
FAM218A,0.5182829837362921
RUSC1-AS1,1.0650053567337243
TMIGD2,-1.1525811771397767
NXNL2,0.08482545465726782
TDH,1.213396123293178
GPR119,-0.09912563706984283
MKRN4P,-0.7774342611795196
ZNF738,-1.1873141697614247
LINC00846,-0.7484442382948728
IRAK1BP1,0.3932059269008471
TATDN3,8.933075764302536
PADI6,-0.5161780545294042
PWWP3B,-0.40148901216106336
AC003002.1,0.2121241647171357
MINAR1,-0.4513133433297541
WDPCP,0.4952922797969023
ZNF705D,-1.0989081502544589
NIPA1,4.42851341707049
TESPA1,0.012312998555237358
RRP7BP,-1.3827307780912894
TMEM136,-0.4480531746699169
MROH1,0.9061505254002374
MEG3,-0.8844557475654239
TMEM37,0.6765911489620622
TRAPPC2B,0.18566420138049666
UBE2Q2L,-0.5242257298668151
AWAT1,2.5577895282335565
BTBD11,0.10959254900253028
AC004997.1,-1.1334224179746213
CD177,-0.5578146942038662
SPINK8,-0.9848692666329258
ATP6AP1L,-0.38168815079514057
MAGIX,-0.19800526972811894
HMCN2,0.0006780325546639675
KIR3DX1,-0.5941590977847375
RIMBP3C,-1.0517814840940996
AC010422.3,0.005818179090335848
FAM166B,-0.5927365315546228
MSANTD1,4.041808094017622
FAM229B,-0.33612455986616685
FOXO3B,-0.9691834283320346
AC005837.2,0.7213487453116274
NRN1L,-0.7926496236818582
DEFB127,2.1608670365116267
LOC100653061,-1.1877300628209055
HMGB1P1,-1.133378442168478
AC104831.1,0.9061090579956323
ERMARD,-0.6029063527364599
LAYN,-0.17927479910161884
SVOP,-0.30748936468668525
CCDC142,-1.1649247027820604
CCDC30,-0.8245385298427675
TRABD2B,0.1632211486837167
FAM45BP,1.3000889442884465
PPP1R3G,-0.7078966492122964
GREB1L,1.8167314923663809
NT5DC4,-0.17365531475165977
TMEM255B,0.5608728842356338
DEFB115,-0.5722207446040681
TEDDM1,-0.6429270615378581
PMS2P3,-0.192398654788555
HOTAIR,2.1926215646496465
RPL4P5,1.4523164564065205
C9orf135,0.3599465000041966
UGT2A2,0.10558954347572246
FAM9C,-0.9214573292719886
CDCP2,-0.5963119047571107
PLPPR5,-0.11292471369013678
SHROOM4,-0.7811597342019287
CCDC171,-0.7154877366391106
LYSMD4,-0.851514400131802
TDGF1P3,-0.823028620972046
SYCN,1.063181921010452
SCARF2,-1.07787369938261
GPRIN3,-0.9330511731589993
AQP12B,-0.7165935933413959
AQP12A,-0.36651147098552983
C1orf127,0.15677054801910803
GAGE4,1.5350197542626065
THEGL,-1.0251073784977947
AC099850.2,-0.9160810788984635
C8orf86,-0.08943470609140008
DCDC1,-0.03496371333340828
IGHV3OR15-7,-0.3197470182663075
ZNF846,-1.0096291263191854
ZNF525,0.003442630588446543
SUPT20HL1,0.9908657215508087
PRAMEF17,-0.5669079858630799
RPL35P5,-0.7720968628771087
ZNF804B,0.09421579043303666
ZNF732,-0.14389766330548193
ZNF737,-0.14389766330548198
ZNF705A,-1.6947092979795855
ZNF658,-1.6947092979795855
FLJ38668,-0.16795562910721137
TMEM234,-0.5969839577406187
LOC729603,1.1412168242203444
NBPF9,1.2826413716824387
TMEM235,-0.9702794575231029
ABO,-1.091929237957827
TMEM74,-0.797628419029597
C2orf66,-0.1584396489505528
PI4KAP2,0.5893728787568363
SERINC5,-0.09822908294378031
MS4A18,-0.549691372557162
TMEM132D,-0.6562704529856436
DNAJB3,0.3107625528166355
LOC153684,-0.8693451622364965
TCL6,-1.118393878570674
GOLGA8DP,1.2309575840126095
CYTL1,-0.9614813555629832
VWDE,1.059046444997079
LYPD8,-0.5486136961649553
CCL4L2,-0.21420614069693594
LINC00656,-0.8368118391116209
FAM178B,-0.34531592895020946
TRDC,-1.1905057586787144
FRRS1L,-0.8331385810214904
KRTAP10-4,0.2281388845411943
LIPN,1.2886526024020717
CASTOR1,0.30237474317118895
CASTOR2,0.41767801999907395
NUTM2F,-0.663717502173088
PRR22,-0.7052904995831856
GOLGA8R,-0.3763591802406634
GOLGA8H,1.2826413716824387
PRKY,-1.2138541737604929
WG,0.635131379191539
CTAGE8,0.5381133796353945
CLEC4F,-0.8925325490204016
MAP6D1,0.05465024154802496
GAGE2B,1.2244840596315645
SMIM24,1.2826413716824387
OPN1MW2,-1.0226175535300288
RBBP8NL,-1.39379211358594
PIPSL,-0.10873026524981595
DEFB124,-0.19425225917022088
LRRC3C,-1.1368515848398713
LRRC53,-1.029890957549022
PATE3,-0.26241121685101443
MT1P3,0.47047973273567034
RNASEK-C17orf49,0.37095048522971497
CCDC140,-1.0277675512691289
GUCY2EP,-0.9670842640234848
SVBP,0.4479721567145851
RNF121,-0.9717887105908799
C11orf40,0.1444529779373328
AP000350.4,0.6174855732816528
C15orf65,-0.10941173761908753
KAAG1,-1.1417309645866698
VWA5B2,1.5068725213038594
DCAF8L2,0.6225183724322654
ALKAL1,-1.4165896128340347
LINC01465,-0.9334330738751384
AC068896.1,-0.8005203841735495
PPP1R2C,-1.3601954078762353
AC090527.2,0.49445846767861723
AC110275.1,-0.6948971785907777
WNK3,-0.4223582874689667
HIGD2B,-1.3351403814881635
TMEM179,-1.5379469570606383
CCDC141,-0.6978155486239834
SRGAP2C,0.11881484175429578
FAM180A,0.17367013816190122
EGOT,-0.07506323932638032
AC048338.1,0.5667165071596952
LINC00265,-1.3658622578502422
ZFP92,-0.2275107086332946
CALHM5,-0.06718278243876351
PRSS3P2,0.5623648770909097
MINDY4,0.9016321078041363
SPACA5B,-0.9146017868002055
TMIGD1,-0.2653174840667535
CYP4F8,0.8802772320952914
C4orf47,-0.25578575622121175
ZNF205-AS1,-0.6147824355157904
LOC142937,-1.1337132973044657
EEF1E1-BLOC1S5,2.997034908127098
AL110118.2,-0.43903687281316817
CCSER1,-0.5499081466963022
AC026464.3,-0.5665708555429156
AC026464.1,-0.3774835617784804
TRN-GTT2-1,0.09115714517088538
BHMG1,-0.8145275428677894
CLLU1,-0.4852512932670169
HPF1,0.06415625332520108
PDPK2P,-0.3677016665426012
NUTM2B,-0.8925325490204015
NUTM2A,1.282641371682439
CGB1,-1.0769152536961062
EEF1A1P5,-1.048243247764725
INAFM1,-0.5080935443440725
ZC3H12B,-0.21598029140468983
TMEM150B,-1.0185163720778794
TMIE,-1.207971538292193
STRC,-0.48268999084095504
CYB5D1,1.3801034379435204
KIR2DS1,-1.604039687611318
CLEC19A,-0.7105362099364789
IGKV3D-7,-1.220623896830282
CORD1,-0.6107152656092957
TBC1D3H,-0.45951664321309854
RP9P,1.1877064241474258
CT45A3,0.374051210010872
SPANXN4,0.5617482738623902
TPRG1,-0.9993021358844726
LOC613037,-1.0245958090453293
DEFB106B,-0.7158328301150673
C1orf74,-0.9859647288631327
EEF1B2P5,-0.5853318427527148
PQLC2L,-0.49590949487749086
SPRR2C,1.8650311696459687
BHLHA9,-1.0408201360585414
C15orf54,0.7693955109774674
CLEC2L,-0.6863414815999096
MT1L,1.2073838299180082
ARPIN-AP3S2,0.4044505703339235
PPIAL4D,-0.8058602834101897
TBC1D27P,1.8252998967529868
VNN3,0.03408431625996824
PLET1,-0.5486136961649551
PRSS41,-0.5486136961649551
MDGA2,0.04225540969152968
ZNF182,-0.6684135420903716
FAM163B,0.7631119157922692
CDRT4,-0.3376235428540885
ZNF630,-0.7629890644754121
REXO1L6P,0.13264985756640985
CRIP3,-1.065039547311707
GLTPD2,-0.4012587806262862
C10orf120,-1.0949251451647548
C4orf48,-1.3516319418361744
NPIPB9,-0.5811534136181025
ARMCX6,0.6417705687474443
RBMY2FP,-0.7967337339600568
CT83,1.2826413716824387
LYZL6,-0.44726387303631293
AL359922.1,-0.7088898838818272
C2orf15,2.4303918675804863
SIGLEC16,-1.0778624716031173
ILDR2,0.20916901813763228
HSBP1L1,-0.9147232923740367
ARMCX4,0.4724738383215897
TIFAB,-0.8187320205404365
C11orf42,0.030426948208507238
TRIM77,1.2826413716824387
XKRY2,-0.20086740788933485
RNU1-4,0.7686764550306856
RNU2-1,0.7686764550306856
ZNF275,-0.6259128202906015
BAGE3,-0.07506323932638032
CXorf40B,-0.8211793376753341
LOC344382,-0.6601499250230091
DEFB104B,-0.4399800716651974
AP001458.2,-1.4108474621199645
FCRL6,-0.9797589576510427
SNAP23P1,-0.036397414680231686
IGSF23,-1.3020903937938957
CTXN1,-0.3328094795050221
LINC00312,0.15640418203004283
SHOC1,-0.7846521904136774
ST13P4,-0.9420926911913665
PLD5,0.7840567928245877
GOLGA6L10,1.282641371682439
TMEM114,-1.0644562252562848
CRYGB,-1.0204630505015821
AL589666.1,-1.2144575858153126
BEND4,-1.0874044370509481
FAM184B,0.4408793225697081
NBPF8,0.10791600475058022
C20orf197,-0.07506323932638032
RPSAP58,-0.9349606184343485
SMIM17,-0.10083012750663249
PCDHB4,-0.2977481093376456
CFAP54,0.3528662839241992
CR1L,-0.7722454008861663
NBPF14,0.159685402895947
NBPF12,1.038221720211198
GAGE12C,-0.13952024842750707
TMEM121,-1.5767926281737565
C20orf203,-0.10582074340813957
KIR2DS5,-1.9294404330856874
CEMP1,-0.8148202033900651
HDL3,-1.259530253935728
TMEM44,-0.811521710074152
LINC00242,-0.7354741965418155
TMEM169,0.9015021900536742
C4orf51,1.2826413716824387
GBA3,-0.4110582402880096
POTEM,1.2826413716824387
ZHX1-C8orf76,1.282641371682439
TMEM183B,1.282641371682439
KCNJ18,1.2826413716824387
PLEKHD1,1.282641371682439
ZNF730,1.2826413716824387
ZNF735,1.2826413716824387
ALG1L2,1.2826413716824387
ZNF717,0.09180283821199067
ZNF865,-0.49357042748114216
ASAH2B,0.9659559922965208
C16orf47,1.282641371682439
MROH6,0.5095547483691922
TRIQK,3.9910981062022426
GPR179,1.2826413716824387
HNRNPCL3,1.8426861462563568
C8orf34,0.22987400611278636
TRIM49B,1.282641371682439
IGKV2D-29,0.10152065174585083
IQCJ,1.2826413716824387
HSPE1-MOB4,1.2826413716824387
NEURL3,0.9123388172602288
FAM72A,0.4015793013618441
RPS10-NUDT3,1.8484744040167096
POTEB3,1.2826413716824387
C20orf96,-0.4225487558117562
CTAGE15,1.2826413716824387
SUPT20HL2,1.2826413716824387
ELFN2,-0.6432391615725319
GUCY1B2,-0.8591621305454279
SMCO3,0.08631244364677698
ZC3H12D,-0.9531807667920652
ATRNL1,0.18746032392348086
ATG9B,-0.5367200667377148
GEMIN8P4,-1.0036276761644938
OTOS,-0.6115002164103668
LINC00518,-0.2548596054285303
LPAL2,0.10073411895814591
TVP23A,1.807271776703345
CRYGN,-0.8227251606485243
C17orf102,0.42118942028923806
FAM160A1,1.3850107471967075
CT47A11,-1.043456242651043
TMEM132C,-0.2914023578850944
CC2D2B,-1.0491218880538704
VWA5B1,-0.7990934568538931
CFAP61,-1.4002464593409443
DIRC1,-0.29378908875902227
MYMK,-0.7125164540632788
NPM2,-1.2079247221535736
TCIM,-1.0905988267145208
PRY2,-0.9719272309216082
GABARAPL3,0.8955028563708699
CYP4Z2P,0.7479577843938815
CRSP5,-0.31079366914145545
ZNF891,0.4216357052169021
ADM5,-0.9942832755376045
AC138811.2,0.2340299191550186
C3orf80,-0.4516795839458353
CD163L1,-0.26896547823382294
XKR9,-0.3185311028789959
PIN1P1,-0.6051908266511218
PAGE4,-0.7573736493374191
CEACAM4,-0.17680817400939072
AC008770.3,-0.3081269454912636
TMEM121B,-0.9058391023624326
FAM74A1,-1.4449272656045906
FMO6P,0.19164387920465503
KIR3DP1,-0.8901069695043718
TAC4,0.1929502982462637
C1orf189,0.7793494747607588
DLX6-AS1,0.20551643280823878
C16orf89,-0.8722326625971493
SPATA31A3,-0.9998772243004722
UCN3,-0.9112158456895484
FAM222A,-0.540651348662244
KRTAP9-7,-0.9501810701073731
SIAH3,-1.2720381644302343
EXOC3L2,0.8734308992009657
C12orf74,7.788366193197677
TRNAG1,-0.9357506128143935
PPP1R2B,-1.211312942487336
C9orf163,-0.09722346834863173
MRNIP,-0.04990868216416
TRPC2,0.274900050765662
C2orf74,1.706038116828649
FAM217A,1.624434970416767
CDHR4,-0.875028515935452
ANKRD33B,1.4999479139608134
DDX12P,-1.7236747769965608
PRR29,0.20569999855952986
PPIAL4E,-0.8853316528600849
INTS4P2,-0.47125617659893254
GPR137C,0.3826419854386358
ST20-MTHFS,0.20422950855435607
WASH6P,0.8997951370131237
CARF,-0.9193563902688581
VCX3B,-0.8425340116490097
GGT3P,2.0506479194308547
ERV3-1,-0.5402209922695592
VSTM1,-0.5266087457608347
EIF3FP3,0.04335303847155852
RPL13AP17,-0.07786217048925362
MRRFP1,-0.11669861082575024
C16orf46,-0.6510134756721268
FREM3,-0.9063332282502746
SLFN14,-0.2773728538632978
ARHGEF33,-0.3172574250335173
AFG3L1P,0.590954029915504
SSX6P,-0.1525393991735319
ETV3L,-1.2487359814131482
ITPRIPL2,-1.1660978335506293
PRSS40A,-0.5691159334997408
AC013269.1,-0.5691159334997408
NAP1L6,-0.0751164689914108
IFI27L1,-1.0306123091221948
LINC00588,-1.1337132973044657
C6orf222,0.010178393016997784
STAG3L1,2.239116537429398
VWA3A,2.025162448802547
ASB16-AS1,0.5686190656524054
TMEM236,0.22475065921159376
XKR3,-0.6306835510376683
GAGE2E,-0.29743897776483796
ZNF702P,0.4875629286090101
NPIPA7,0.131178346579329
EEF1DP3,2.407114779707059
NCF1B,-1.2624363964133396
LY75-CD302,-0.5611802527621392
XG,-0.9894453068337193
CXorf40A,0.6370294099591152
RNASE8,0.3099547226419713
GOLGA2P11,-0.5174378966236316
C12orf42,-0.8160443648817122
OC90,1.201447247187105
C2CD4D,0.05135391548725098
C2CD4B,1.1687170861794953
UBE2L1,-0.41955982905545436
PDXDC2P,-0.9674353061931175
AC135050.2,1.240434261265542
C8orf58,-1.2094662398002507
SMIM2,-0.935578382971248
JAKMIP3,-0.1321572268625854
MUSTN1,-1.2433814955052336
MAMDC4,-0.037027503422149076
NAT8B,0.21480908070313473
PABPC1P1,-1.1969104683915475
C1orf158,-0.9545557264908346
ERICH6B,0.0672847248083249
DUX5,0.7349383922423217
TMEM117,0.10116952182655088
SEBOX,-0.6059358019040557
MAGEA5,-0.8998989442149493
AC011479.1,-0.514476730195192
PRR23D2,-0.9810276438243765
XKRY,-0.20086740788933485
ZNF767P,-0.7830518742859723
ALKAL2,-1.1305797040698746
PRR23A,-0.12835099919776946
ANKRD26P1,-0.38745016629616363
CLPSL2,-0.49850086645887154
C9orf85,-0.3258893364039719
CD200R1L,-0.6758013223856811
H2AFB3,1.3383931823020094
SLC10A6,-0.09705740728326372
OR4F16,-0.7106549302839372
KRTAP3-4P,-0.07783680441141771
C8orf88,0.05636164609727373
NPIPB15,0.1530916931894756
RFPL3S,-1.1003092090913822
CYTOR,0.24714494085127978
C22orf34,0.031553737591146144
IZUMO2,-0.2939838737714896
LYG1,-1.3094802395632248
SEC14L6,-0.1192327220941766
RPL23AP32,3.6530022840305967
MIR4435-2HG,0.2471449408512752
GLOD5,-0.6107152656092957
TMEM26,-0.5690449201964896
RAD51AP2,-0.9545614878223303
AC010422.6,-1.0073883175091927
PLEKHA8P1,0.6090243191804637
MGC34796,0.5893728787568364
CD300LD,-0.8433259190843962
SLC10A5,-0.05162354903977109
BAGE4,-0.5722207446040681
FAM181B,-0.881382269009094
TPT1P8,-0.9916464951998573
