,z
UBE2Q1,-0.1269356867903196
RNF14,-0.0889776610575467
UBE2Q2,-0.3807744290772496
TMCO1,0.22631826743658606
UBAC1,0.03125708837713175
RAB4A,-0.18355447332163335
ZNF706,0.39138056057130977
MIB2,-0.13422863224049983
RNF114,-0.34655196895361445
RNF115,-0.152072252027797
RNF111,-0.40411472938634974
EEF1AKNMT,-0.5363543336332357
UNKL,0.15904161638850345
MMAB,1.8163881090167324
UBE4A,-0.2871881718763502
DDX41,0.011745999635385881
ATMIN,4.255811483218212
TSG101,-0.441241234662238
FBXW11,1.2349201178204836
UBE2D4,-0.21128040296714415
RPS27A,0.7566986754640006
UBE2D2,-0.5479412556581963
ATP6V1H,-0.17935197462925215
UBE2D1,-0.3525077492086624
MFSD11,-0.39113165845390474
CCT3,-0.6100777216630512
LNX1,-0.1181128149808511
MRFAP1L1,-0.5092185710116717
GTF2B,-0.794206443233528
FBXL13,-0.22047740557998835
FBXL12,2.0786215255667964
FBXL15,0.380237128743614
FBXL14,-0.24396876536190013
FBXL16,-0.32522764475537064
FBXL19,-0.2688119693533283
FBXL18,-0.2511156902660436
CCDC51,-0.15580002554632974
PPP1R11,0.4645045835607488
AKTIP,-0.21766634203692345
RNF41,-0.1988183686157705
ANAPC1,-0.603645303546031
ANAPC2,3.837588297489803
ANAPC5,-0.22510104735622094
ANAPC4,-0.4160196247877762
ANAPC7,2.567813556691432
ZNRF1,-0.3076306595676185
LRR1,-0.761727032077209
ZNRF2,-0.15954680962341536
FBXO30,-0.3965184568913655
FBXO5,-0.6980516287480784
FBXO32,0.03075456924775904
EMC7,2.7108212429072394
KLHL25,-0.2525217983309417
KLHL21,-0.37450157294106434
KLHL20,-0.5608237645234821
KLHL22,2.2926302336436537
MKRN1,-0.25466482908555443
SPSB2,-0.1272881667433595
SPSB1,-0.005183360046918761
TRIM50,-0.011362798164701388
SPSB4,-0.14787500813830085
ARF1,-0.09233911489397617
CDC34,1.7120190890556795
AREL1,2.9270011814003793
LONRF1,-0.4932362305630156
CIAO2B,-0.06474938219486122
RNF25,0.3732384920277245
UBE2V1,-0.3462727899220654
UBE2V2,-0.6747972684736431
RNF26,-0.9338472284880314
PSMD8,2.054173691999681
LMO7,-0.5405863047453027
MGRN1,1.2947157335749409
DHX8,0.22435618687930606
SPCS1,0.2866886472475427
ITCH,-0.36777416336166446
PSMD4,-0.39576665278235307
FLAD1,0.06643842507105965
CBLL2,-0.8763532348740843
ARIH2,0.002070784209317619
TRIP12,-0.6554311610779554
MEX3C,-0.5522621680541272
E2F6,-0.9035794277908406
SNW1,-0.9016824619335022
PRCC,-0.4992470017571135
C3AR1,0.8734926436210771
BTRC,-0.568312057285724
TRIM11,-0.35341523012778037
HUWE1,-0.22204398027960284
UFC1,-0.03239325391968064
LRRC41,-0.134524819374063
USP25,-0.32634209403547093
MOAP1,-0.12388916419202858
ASB2,-0.3915972218516429
ASB1,-0.4600891099865591
ASB6,-0.4981710016608022
ASB7,-0.4867716743390778
ASB4,-0.8583764799520711
ASB5,-0.4265407075341038
ASB8,-0.43218399454449785
ASB9,-0.6142061986426606
PIP4K2C,0.06536977680520265
ZMPSTE24,0.1645195259131186
MRPL34,0.18733497891056888
UBE2R2,2.121919339103152
IMPA1,0.13224374794832655
RNF19B,0.004922224334546721
RNF19A,-0.3462155285056306
RFX5,-0.3004925383409169
TRAIP,-0.9290220222103079
UBA52,0.6538847523285793
KAT7,-0.9548712519057283
EXOSC7,-0.46690088930254237
ADAR,-0.1269739103354299
STK24,1.1414587039622157
GPR161,-0.34200162055917294
UBE2E1,-0.404429261879891
UBE2E3,1.8576336586560953
UBE2E2,-0.2110740566458774
DLGAP3,-0.6233666594129764
JTB,0.401911506513374
TRIM9,-0.5456968100238618
FBXL20,-0.4124136148101431
TRIM4,-0.16501434719116476
FBXW12,-0.4842286847466772
PI4KB,0.5777226323785346
RNPEP,3.5389292095764717
ELOB,0.010046744991348699
FBXW8,-0.31020253618756277
SKP2,-0.5723127551502405
ZBTB16,-0.32693761399012067
SKP1,-0.6128231831455115
DEDD,0.5046931373565162
WDR26,0.04586695778659616
FBXW9,-0.2521696399061787
FBXO21,-0.36653711635072184
FBXO27,-0.1334022090656148
HNRNPAB,-0.572627175511862
DDX19B,-0.5107288295422372
FBXO28,-0.6398389219365668
FBXW4,0.31684079754140304
FBXW5,-0.09838821030473392
FBXW7,-0.46155781391250533
KLHL11,-0.20797023946094068
KLHL12,-0.10411818881254377
LRSAM1,0.11133477700920456
SH3RF1,-0.36068342394492287
CSTB,0.17186097521511265
GNB1,-0.7988308111893563
UBE2D3,-0.542030026992139
TRIM69,0.3601126373504172
JOSD1,-0.5250492907294356
TRIM63,-0.4722874141823305
PIP5K1A,-0.37961497469676736
KEAP1,1.349338842825129
ATP6V0C,2.2677520345528963
ERCC3,2.156363926505582
RNF34,-0.039906009212013184
TOR1A,0.7066895836089215
TOR1B,0.421083122915649
RLIM,-0.24327530660692553
TMEM248,0.8676788661848419
MFSD5,1.0243238473562684
PSME3,-0.39385033200855846
KBTBD13,-0.22751301986619793
DDX23,-0.6998824481446885
ERP44,2.859517125676089
ILF2,-0.7468944170384987
ASB10,-0.31264653578808865
UBE2J1,-0.21050653622819188
UBE2J2,0.042304105938680746
WWP1,-0.4910661051311386
BTBD1,-0.5315776719966048
FBXO10,-0.26188707352440926
FBXO17,-0.3538745945554604
FBXO15,-0.15339169590788013
ASB13,-0.12331312372510224
CAPRIN1,-0.6117382809522315
PPP1R7,-0.17674863403635227
CERS2,0.9900366306301559
ASB17,-0.7716727874757118
EIF4ENIF1,-0.21212258959593666
CUL5,-0.3391892729340986
CUL7,0.03812328323801497
CUL1,-0.7015496373813789
CUL2,-0.6742935511434894
CUL3,0.6062264746591629
TRIM27,-0.6425080885549015
TRIM21,0.8968382581629811
IRF2BPL,0.19392994052358403
RNF138,1.7551495983555403
TOR1AIP1,0.06631409867364649
DZIP3,-0.5596664636892209
RBBP6,-0.6597175436788145
RNF182,0.1765370399999954
RBX1,-0.6081553663194762
RNF217,-0.1452078988340116
RNF213,0.02122443329874564
SLBP,-1.0112483477348952
SMURF1,-0.5443031940724243
UBE2F-SCLY,0.1281596797097519
SMURF2,-0.40796800784930914
CDC16,3.0609617590354574
UBAP2L,-0.24517487676257918
RNF130,0.40352310498648614
B4GALT1,0.4864117671642656
B4GALT3,0.7936930473942105
PJA2,1.4661413600249489
RIC8A,0.4669992476817553
HERC1,-0.41968171333141785
HERC3,-0.3285001011050722
HERC2,-0.3270059436407439
HERC5,-0.25869458001406215
HERC4,-0.28186269860497376
HERC6,2.096725817122406
MRPL9,-0.45973189420922084
UBE2I,-0.6930844356540679
UBE2H,1.3468045436963796
UBE2K,-0.650483975420969
UBE2M,-0.2182984423180565
UBE2O,1.7787248188730376
UBE2N,-0.7497115260904356
UBE2A,-0.4411626374365676
UBE2C,-0.4975879263522476
UBE2B,-0.48506140005488374
UBE2F,-0.13782968007790564
UBA5,2.4177972056968606
RBCK1,0.11383400519975277
UBE2S,-0.4200743157147311
UBE2U,-0.7819736477528062
UBE2T,-0.6440219279019278
UBE2W,-0.2567204093863402
DPF2,-0.20140547723753235
UBA1,1.631346517109889
FBXO2,-0.2711275987603715
FBXO4,-0.33896772223290145
FBXO6,1.8698316800089094
FBXO7,-0.18981295265059375
FBXO9,-0.3686739519408119
HACE1,1.5630239020425178
SRPRB,-0.10769601963315507
ASB11,-0.3904926531547549
FHL3,-0.7233142570541324
FBXO44,-0.3491938362220439
FBXO41,-0.26834539318146955
FBXO40,-0.9640434529756366
NDUFA8,0.12390811959597782
DET1,0.12842821670867016
TP53,1.0404564407458046
MAEA,0.2573841219304841
TRIM71,0.32130084885713794
BIRC6,-0.7120386042867802
PEX19,2.3770516513844138
MAP2K1,-0.4117609870052852
ADPGK,0.6078346566493137
ANGEL2,-0.5584905631753743
RCHY1,-0.5126026699911002
LYPD3,-0.15396411023130951
NSF,1.5189220308404228
APEX1,-0.6202261460094688
UBE2Z,-0.07892462578315193
MAD2L1BP,-0.6132107339534999
POGK,-0.9256231184382605
PPP1CA,-0.30468823974858933
MYLIP,1.953508002351372
M6PR,4.258461768712908
HECTD2,-0.11283375991255597
HECTD3,0.9984161010538524
ASB12,-0.031202643816152096
HECTD1,-0.2251302743880832
ASB14,-0.4087954920960572
ASB15,-0.8176780657155907
ASB16,-0.3475154220917128
UBE2QL1,0.05021761826952265
ASB18,-0.15201036966400883
DHX16,-0.6483265011911141
AC022826.2,1.2493986163608486
STUB1,2.268294297406228
ANAPC11,0.12245844279221957
ANAPC10,-0.6820325942862396
ANAPC13,0.0009491008856770055
CSNK1D,-0.46659758997901185
UBR4,0.04285119188620959
WSB1,-0.33429438340459616
SCAMP3,0.7539792792477075
CHTOP,-0.7456718970137738
KLHL5,-0.1263966573888421
KLHL2,-0.30295038082666276
KLHL3,-0.3468712666216392
UBR2,1.442934809257868
UBR1,2.486070394662441
FBXO22,-0.4209622257270286
KLHL9,-0.47974621904932924
FBXL8,-0.28128146840946794
SOCS1,-0.23416903667596725
SOCS3,1.5498380421837472
FBXL3,-0.23335098862693443
FZR1,0.5399979719451551
FBXL5,0.8815964800607413
FBXL4,-0.4591985295885707
FBXL7,0.965334265805274
SUPT4H1,-0.400493741593952
TMEM189-UBE2V1,0.49714344484102707
UBB,0.46549471667675046
UBC,0.5089669818066018
RNF6,-0.3577195008813121
RNF7,-1.0431192501441793
RNF4,-0.7381360431600132
TRIM39,-0.42317300490490495
TRIM32,-0.7696287283074071
TRIM37,-0.9006992426478272
TRIM36,-0.8995620006259877
UBE2L6,0.8664066031677427
UBE2L3,-0.3356816219540752
KBTBD7,1.4022418953400215
KBTBD6,1.9652301970940267
UBE3B,-0.027681524505723486
UBE3C,-0.3007838828317317
UBE3A,-0.5443042216720274
CCNF,-0.7408186825234482
UBE3D,0.03719408757446012
KBTBD8,-0.32029901263887783
NGRN,-0.05408019919384128
HTR2C,-0.43931142424971364
PCBP1,-0.26650392486855357
RNF220,0.1266443714329748
ECPAS,2.2663250413554965
ARPC5,-0.2840546520594057
TRIM41,-0.7973860995835744
TAF7,-0.8487069603464106
SLC25A44,-0.1818868572017283
CDC27,-0.7019718542384342
CDC26,4.970243572001473
CDC23,2.6132296631336613
CDC20,-0.7042925215723991
KLHL42,-0.34508207715747236
KLHL41,-0.5339756732716285
HECW2,-0.24967108293865867
RNF126,-0.02387359090871793
BTBD6,-0.09663146119092722
RNF123,0.5326156151898828
DTX3L,-0.019852555066410975
COP1,3.94690538801402
NEDD4,1.4082489599118357
PFDN2,-0.5853508138577423
SIAH1,-0.6417799414188057
SIAH2,-0.23196639892307577
TCEAL1,-0.19679398082372757
RNF144B,-0.15761748854470925
PSMB4,-0.26110067970448536
KCTD6,-0.19096819293364284
HAX1,0.10496635581343439
VHL,-0.5142926377801014
UBOX5,0.7467523921770226
LTN1,-0.2456235556952113
UBE2G2,-0.09343157902649607
UBE2G1,-0.5206922971595197
PJA1,-0.0931640960364417
UFL1,-0.4569583122808645
RFXANK,2.0755688859100756
RRAGA,0.11222258069797461
TRAF7,-0.32010722214901943
USP11,-0.037147306102812874
C1QTNF2,0.056054324311715954
NEDD4L,1.2754153862641968
SCFD1,-0.5236081418325919
RNF11,0.20173090287055492
UBL3,-0.19409853802595062
HSPA4,-0.648938509444509
SUMO1,-0.8869129578577906
HSPA9,1.421515112168678
SEC23IP,-0.49368240460742363
ANKIB1,-0.5823998348230798
COMMD8,-0.3781265036391782
C6orf120,-0.2825760931297432
CDC73,-0.7117527938480663
PIK3CA,0.6485186368854398
RMND5A,-0.034873157272672185
PRKAG1,0.006352923428455677
FAM114A2,0.028193319746174027
ABCD3,-0.3423339652991824
HBS1L,-0.47311038344864315
RAB9A,2.2186628268469963
WRB,-0.13042366306676656
NIPSNAP2,-0.41342606952579936
SP3,-0.48685109359806744
AP5M1,-0.5084012015795977
TMEM9B,0.46222590316379547
DHX29,-0.8430895670275359
TMEM184C,0.7145578304989214
GPI,-0.5198612116468074
SNAP23,0.12220222339768819
PTER,-0.5913610240093194
ARHGAP12,-0.17168613531669705
TCF12,-0.7803524301821283
CTCF,-1.008777450297434
ATP6V1D,-0.11035058012725685
RPS6KC1,-0.23259690230143784
ATP6V1A,-0.019574119516708677
ALDH3A2,0.31347710244218946
PUM2,1.346742250151506
ISCA1,-0.4836123203192068
SPTSSA,0.17947435049186328
ARNTL,0.3284798898289685
RWDD2A,4.068505441723507
BUB3,-0.8961204453925471
XPO7,0.01671124881656109
RWDD2B,0.4046731587504101
APOO,-0.1224297469493628
CETN3,-1.1248980075027921
CTNNB1,0.9626807853822502
JAK2,1.1078918529968589
TMED10,3.0541985385486177
KIF1BP,-0.694644453348792
TSPYL1,-0.5040211586808967
ZNF226,-0.7037060844001812
CHUK,-0.5683165940026063
INSIG2,2.639369934309616
CSGALNACT2,2.671375301577689
SLC39A6,2.0300529014702464
PREPL,0.01983782116732612
RPS6KA3,-0.35297639264673025
CSNK1A1,-0.6987625992258693
C5orf15,2.9577725522595633
GFM2,-0.1798534312880173
ATAD1,-0.17962249502589353
SLC35B3,0.3505378264678218
TTC37,-0.6860454443947807
MINDY3,-0.04850854987310935
MINDY2,-0.21891943583314666
EMC2,-0.5276407091270509
MINPP1,-0.12428719988185838
FBXO38,-0.5159192767592229
ECHDC1,0.13759779604386407
SOAT1,0.7632544334371684
SMAD4,-0.7637736786605989
RAP1B,2.260454607505877
RAP1A,-0.2873176024337043
AP1AR,-0.5116788151835131
DCTN4,-0.15313714168725387
LRIF1,-0.8127140593356187
NCOA4,0.3954296278778977
CCNDBP1,-0.25161382295309015
CRYZL1,-0.15677707792167636
ALAS1,1.4077114454171742
CRBN,-0.5725559907207769
TM9SF3,0.2050279302688841
TM9SF2,2.552705973399646
TOGARAM1,-0.48263193947327776
AUH,0.07154390668830135
TMEM59,1.6267101951733307
CIAO2A,-0.12850726780152674
TCEA1P2,-0.6968153773933707
PRKAR1A,2.0066137195379206
SAR1B,2.0813914730926473
SCAF8,-0.7664630535174672
CAPZA2,-0.5717749550517927
PEX7,0.29087047079320766
PRRC1,0.1366098108739206
SUCLA2,-0.2953703652243271
ATP6V1E1,0.0015285413726794622
TBCA,-0.46301644925699764
MORC3,-0.5640208425864052
ACTR10,-0.511196999821551
CPEB4,3.828470424789017
TMEM251,-0.19252387773184532
CAT,0.6748080910202681
EI24,0.20805688113704174
RAB2A,1.9888496312864115
C10orf88,-0.8195629363944673
EPS8,0.18456191482510087
EPS15,-0.5522563686491646
TOB1,-0.05752685742519683
PRMT2,3.4558909198256385
CLIP1,-0.22837890064451977
HNF1A,-1.1479355797319732
ETNK1,-0.4068748233884944
ATP6V1B2,1.2929228080277733
CDC37L1,-0.17404036199512468
ARIH1,-0.5748104000663745
CD46,0.14142342105531677
HIKESHI,-0.6404566859233135
FPGT,0.042606755408759155
LPIN2,3.5877820036321757
CGRRF1,0.1563130310644435
RAB21,2.5501015896681034
LACTB2,-0.12243743023121548
DMXL1,1.8379944144849547
NCK1,-0.3728327323167971
EXOC5,-0.38936614262002833
MBD4,-0.7760956073572542
PPP3CB,2.2433638915113243
SPG11,-0.12547260150139647
BZW1,-0.3339969229538801
MPC2,-0.08672111645613854
MARCH5,0.36338413123032254
MARCH7,-0.5966123020277625
RCBTB1,-0.45547918953230665
SLC25A12,-0.46583301274897687
ADSS,-0.32826782896823953
B3GNT2,-0.17116568271934093
NFE2L2,-0.0210094842513476
DYNLT3,0.05394663312088106
TTC5,-0.6658804753659923
RARS,-0.6049756684262831
GMCL1,-0.1365826159768771
ZNF263,0.09655635037655917
MTMR6,-0.39747966822461506
TSNAX,-0.6291048577982401
UTP14C,-0.7032855474282966
SEC24A,-0.12450521129310346
TERF2IP,1.985755994788616
SIGLEC10,-0.18899298561544728
SIGLEC11,-0.12406675124425925
SH3BGRL,1.3471890757936362
HTATIP2,0.3824376839964731
SYPL1,-0.20769376954538493
OSBPL11,2.4028541060372928
SCARB2,1.7074698033852769
MRPL42,-0.8068403303834113
RNF103,2.8911942112310407
APC,-0.8937821016750599
UQCRFS1,-0.03217663313456882
YIPF5,0.19796203301141732
YIPF6,0.27358343836764926
SNX2,1.494348729248817
SNX1,2.8754460748552506
ARFIP1,-0.3169120787045631
COPS2,-1.0519462659755685
SERINC1,0.020452817427437722
COPS4,-0.5533963265015092
ALG5,0.261500065396535
MED7,-0.5982069335911442
BLCAP,0.4507347663524842
SUB1,-0.6756240640275939
RAB11A,-0.43395657083285355
DERL1,0.33271620962934306
C11orf58,2.3943124707908883
MAP1LC3B,2.095943907695081
OGA,-0.35953996920049475
TCF7L2,0.8256433964761034
TCF7L1,-0.6228123096797435
DLD,1.8168963916850709
DNAJB9,0.40099785035336694
C12orf29,-0.7425592925283544
RFK,-0.11028893129361247
HAT1,-0.8083030326186574
C18orf32,0.02186662755619824
KDM3B,2.0342993953091284
RALB,1.6297485044457602
MMUT,-0.05283885444313612
TMEM126B,-0.6398420056243199
CCDC47,-0.22964534613150395
ZNF236,-0.8709740711985093
AIDA,-0.14207386518646195
STXBP3,-0.4134177930928585
PRKAR2B,-0.41584602503893364
AL136295.5,-0.28861856522244217
FECH,0.1101775709581997
BET1,-0.3932691237390701
TMEM14B,-0.27440962896159776
TMEM14A,-0.07755020847871673
PSEN2,0.4005513519589327
PSEN1,1.6338500375856793
DNAJB6,-0.49105389113662207
ETF1,-0.34774246103501943
NDFIP1,0.603632172456758
CHPT1,0.4253503373820705
TRAPPC11,-0.5183916618136635
TRAPPC13,-0.6034766508684105
RAB14,-0.15242121953567717
THAP1,-0.6367244773872281
HNRNPA1,-0.8352253676017862
RAB6A,-0.19949661115308032
RTCA,-0.6037965865659176
ACOX1,2.419880955820683
STX7,0.12126089817985923
SHOC2,-0.6327635930078087
SGPP1,0.5118289459115246
RNF141,-0.7301709334615398
ATP6V1G1,0.0005123357864745896
TBCEL,-1.214108893942941
GRSF1,-0.5362798468511253
CAB39,-0.19418489792234747
PRKN,-0.40475243538140676
NFYB,-0.9336819387603446
MEGF9,0.5848319429770273
RNF38,-0.5147510344283205
SMARCA2,-1.1034340006641916
RNF31,-0.4290372010728937
IMPACT,1.5372517219185295
NPTN,2.1004167957362814
GABARAPL2,1.7274476419980127
DDHD2,-0.477914113475358
MTX2,-0.7175543150696242
FEM1B,-0.4567029281080956
ARL6IP5,0.4000009382532474
PCMTD2,-0.2003166957018794
COPA,-0.1178994741306528
MAT2B,2.091125032382899
MFSD1,2.852129256213773
MOGAT2,-0.024202724443487214
GLRX,0.6519866534676315
VTN,-0.22890240131415612
CTNNA1,-0.12316893450055015
VAMP3,0.1665412823652639
VAMP4,-0.1898584304525529
VAMP7,-0.13018044136662335
WDR47,-0.34054751118513354
ROCK1,-0.5655233536752662
CUL4A,-0.5431075947572804
DCAF6,0.046143702659715215
WBP4,-0.703514705661471
PCCB,0.4381059612537515
NDUFB5,-0.311061804745989
FAM3C,0.11894203362326317
NARS,-0.6956239649765714
SLC30A5,-0.02317564394483815
TOPORS,-0.6995388990650623
TENT5A,2.8497868513559155
CUL9,0.5749604212989349
CLINT1,1.6395110857826836
PPP3R1,-0.48168050109462396
KLHDC10,0.16162301893670444
SEC62,0.08453680088885417
ANKRD46,-0.7236851810723569
ZNF200,-0.8815760273264323
CLCN3,-0.1536954655407389
IDH1,0.5855170528707789
SH3GLB1,2.4911743177054446
TRIM23,-0.5870735696631717
USP21,-0.745005530174677
GHITM,-0.10541668664980246
PTPN11,-0.6894761472902715
JKAMP,-0.15339479588418556
PGGT1B,0.012753499412392776
CCDC28A,-0.012991658097445685
KIN,-0.7663066482956453
KPNA1,-0.7121012629625659
COPB1,-0.44693327121901083
RNF216,-0.11374676617154592
MED21,-0.6653087551974691
KAT2B,-0.5723011451240634
IARS2,-0.38629249097679613
PPM1B,-0.7389659418921884
PPM1A,-0.7539302990712609
CLDND1,-0.041770004288247654
VPS37A,0.04685731550404235
PNPLA7,3.7826719834449114
ARMC1,-0.8666792946687819
UNC50,0.027797584904414106
GSPT2,3.0655800933619406
GSPT1,1.6883722871726365
BECN1,0.26776041269907774
RNF144A,-0.17484066215646915
MAN2A1,0.5497945226393681
UBA6,1.7479819480508443
UBA7,1.4237581145176381
ATG12,1.9681582008389409
UBA3,1.0886272273815247
RWDD3,-0.6088816524387001
MRPS27,-0.5508783934300019
UEVLD,0.2997924178473117
VPS26C,0.11149591712274254
PHF7,-1.171011552002735
BAG2,-0.5615617717114132
FBXO3,-0.13613122966250008
RHOT1,-0.3571962811807271
FBXO8,-0.1114343393094786
BCAS2,-0.8296473335402759
CAPN7,1.6188780505830884
OPTN,0.14476221256373675
SNX13,0.034061208291574024
SEC23A,-0.19843940632718035
ADIPOR1,2.877832606084229
SNX19,0.18324212022710445
ERC2,0.18098143587310966
BNIP2,-0.21019194218008377
DPM1,-0.7357014618182941
NDUFA6,-0.2958750089921903
NDUFA5,-0.41269755596992264
FBXO43,-0.13634564764188953
PRDX3,-0.15138941093476496
RABIF,-0.005905946623207058
RWDD4,0.19016287783691233
GALC,3.9890131470616264
ATXN10,3.7199256473362703
ESR2,-1.003039673756505
EFCAB14,2.4887612949921714
NRBF2,-0.37647637049188837
GOLT1B,-0.28297728524629273
MRPS35,-0.5666129672852851
ISOC1,-0.5215934148855569
RWDD1,-0.47675522321526803
EIF2AK4,-0.13010330111778354
HIBCH,0.0454131295900012
DTD1,-0.11188656574944647
NECAP1,-0.30459308097175114
BPGM,3.406131149724388
UFM1,-0.2287836944196903
BIRC2,0.45586914708448895
MOSPD1,-0.03578997157402148
MDH1,-0.123884366310119
MAP2K4,-0.49646994879695283
PEX13,-0.0798191594569078
LPGAT1,0.4614648555093637
MICU2,-0.6570610949765432
RNF170,0.37211624364850565
ECT2,-0.6574056579443679
STAM2,-0.3758568386913316
SCAMP1,-0.2963578868043579
TMEM192,0.4477153970723289
SYNJ1,-0.4271716930022273
GLT8D1,0.40245451977516117
ATP5MC3,-0.128597446728408
CNIH1,-0.39273756628417633
ANXA4,1.3257691625142802
ANXA7,-0.17330827233180193
NUMB,1.4603363847909456
HLTF,-0.9793927616353071
TAGLN,0.7982548306374189
PPP1CB,-0.5124672220037668
RNFT1,0.05449140596277133
C1D,1.608198845544879
HADHB,2.655170217510902
NDUFS4,-0.3839430040106153
PICALM,2.2514882515659838
TM2D1,1.752392272600267
TMOD3,-0.37050872957852804
WASHC5,-0.2881722714990855
LYPLA1,1.2540217330798686
SEC24B,1.0729044542241677
SRP9,-0.5985248390710061
OAT,-0.23020823429989884
KIFAP3,-0.4541320307628035
LEF1,-1.0132338116551638
CANX,2.488235193152743
NDUFAB1,-0.5404493303463876
ZNF140,-1.0327073879494604
MRPL3,-0.8823173568803737
MMADHC,-0.4110166893293835
LIG4,0.9238804870898765
GOLGA7,-0.20942425967017544
NNT,-0.05184896641028641
SOD1,-0.21269863751589282
SEC63,1.9394285723389733
SARAF,0.4192164510445011
GARS,-0.5936548383231302
TRMT1L,-0.5607016706456233
TDP2,-0.45557651952104145
SCOC,-0.5602359553753382
ACYP2,0.33084895889711347
PPP2CA,1.8550295925795954
ACSL3,1.9576028972500708
WDR59,2.9777544386705985
ASF1A,-1.0163016203996198
RNF8,-0.4420405206487426
CCNH,-0.4648879277494073
ZNF217,-0.5928071828212357
VDR,0.012456448200238593
METAP1,1.3147533563823455
TRAK2,-0.1733491869295166
PCMT1,-0.4857063871348561
SLC25A32,-0.7612933072073053
PNMA1,1.8950644478028813
NMD3,-0.6820611645693234
FAM177A1,0.40501712657925976
DCTN6,-0.41867577831124303
CMAS,-0.2139473680312131
LANCL1,-0.03450530899488772
SLC35A1,-0.11172228363884626
SLC35A3,1.1473820767344458
UBXN4,-0.09221190029446608
PRELID3B,-0.5445820939165098
ORC4,-0.7093932591647161
C5orf22,-0.5175676632057393
TTC1,-0.487098222241829
RCN2,-0.6081507245311032
DCUN1D1,-0.6060006291772984
SLC26A2,0.973416830000159
DYNC1LI1,-0.5209454655974008
POLR2B,-1.1995026591469622
TRIP4,-0.1300924382598965
POLR2K,-1.0189406631250153
STRN3,-0.44488450998232976
HADH,0.25343065670397213
SLC25A46,-0.40597462354964553
TNFAIP3,1.1974690254980986
FAM8A1,0.06790833212520703
AP3B1,-0.2886359868930016
RBM22,-0.7497647670447076
SNCA,-0.44526227071625324
ACTR6,-0.7766727753767309
STAMBP,-0.5345041074500155
APOOL,0.13026165185807456
SDCBP,1.5897551333822835
ATP5PF,-0.2658194389293736
CCNG2,-0.44475981845348683
ATP5PO,-0.24493376928516933
PCDHB11,-0.12760217686059577
NCOR1,-0.3536137494461011
LMBR1,-0.09715057182190402
TMED7,-0.2859690251218102
TBC1D9,2.445149666336089
ACSL4,1.9458854036867061
TMED2,-0.07149333306584016
ARPP19,-0.42464614053888977
MRPS30,-0.8104952532090944
MAPK1,0.641790902510449
MAPK6,-0.9461963074617787
SACM1L,-0.5991291318242276
TMEM30A,1.2223143114838584
MAPK9,-0.48826014645924243
REEP5,0.3009396176224702
ARMT1,-0.6053024968956734
RBL2,-0.8797452150169887
PAQR3,-0.755583965387478
RDX,2.155877340414467
SERINC3,2.4096281442953913
COPS5,-0.8895341418875711
CRNKL1,-0.643704111086891
DEGS1,0.4734122171947552
YTHDC2,-0.8621425769423027
VPS26A,-0.26271270467203567
SPAST,-0.7128256508260257
ITFG1,3.68873376879394
MORF4L1,-0.6017579145890235
PRKACB,0.7742316855459747
PGRMC1,0.22097501382532186
DECR1,0.698880416750881
TMEM230,0.327264432370347
ARFGAP3,0.013122337221927925
CLPX,-0.5347069119619139
LRBA,-0.09044668101814236
ACVR1,1.923288284055458
CD59,0.40464318408105654
CTDSP2,1.5421343603613573
NRIP1,-0.2324304567113233
DERA,0.726450483607098
CAND1,-0.8754365039941967
UBQLN2,-0.42683053972904544
BLZF1,-0.5653582349813804
HIGD1A,-0.1632906408732328
GCLC,0.04312435615008612
NR3C2,-0.5923349748974327
NR3C1,1.6077614265594566
SRI,0.04813449493507862
CRYZ,-0.14856565342016054
GTF2H1,-0.7202596669839936
USP12P1,-0.37021293840956876
TMX4,2.0080012510284027
AKR1B1,-0.051533291712227744
TMX1,0.3034002516919923
DACH1,-0.6151168155303116
CDV3,-0.33808515984889703
COX7A2L,-0.3130361049966758
SEC22B,-0.034660508327606566
DAZAP2,-0.11586391482110593
ESR1,-0.6495026685187402
TAB2,-0.4720552287427478
CD164,0.07369689414551175
RIOK3,-0.1238418740823288
TARBP1,-0.5488480685159368
ACTL6A,-1.2404257735994284
SDHB,-0.22889632281565062
GDNF,-0.9241184863860048
SDHD,-0.20214828654716263
RNF10,0.671496879288131
DBN1,-0.31823039926632457
ACTG1,-0.5958717201390943
BLOC1S2,-0.6085272788427487
COMMD2,-0.8628619722699356
CAPZB,1.4907850559426816
ELAVL1,-0.31444230243128046
RC3H2,-0.2962971293907995
ARL13B,-0.678489672732625
GFM1,-0.1236357744029601
ITGAV,1.7060696012045131
SMAD5,-0.5406998389076075
AP3M1,-0.4420397588324943
SMAD2,-0.3364041353350322
MIB1,-0.6592454591838689
XIAP,0.8172474954034437
AMMECR1L,0.22512144749326293
RBM12,-0.5254482637226983
RIOK1,-1.0028416468090235
CMTR2,-0.5017354040417159
MOB1B,-0.342040961282618
EEA1,-0.18943924921590924
SELENOF,-0.02197573818515356
ITGB1,-0.15486097316101496
THUMPD1,-0.9710763656362222
BMI1,-0.7786233112774126
BRMS1L,0.11344641747532602
THAP5,0.08452741168623686
FAR1,0.6668725147083809
WDR77,-0.48265354246352343
SLC12A2,-0.17822013962282804
SH3BP4,-0.46854339203463286
SLC2A9,-0.023094166803241233
YTHDF3,-0.5851513778289632
MED4,-0.7875088298816393
VEZF1,-0.806557358564221
CCDC6,-0.14076828122694668
DHX40,-0.7417854795519142
HMGN4,-0.4115557615007951
OSTM1,1.7958165787258809
RPS6KB1,-0.8266618785823835
RANBP6,-0.734278916419414
CLIC4,0.44876676259255033
SMNDC1,-0.8969611140825356
USP8,-0.6435765777805366
MTERF3,-0.7404071973709561
AP3S1,-0.27916147540677677
IQGAP1,1.4615915331971283
ZBTB2,-0.3670850963111032
PAPOLA,-0.6182121154413182
DPH3,-0.31564593073868796
PPIL4,-0.5340239984540451
TMEM263,0.4139661375004128
TRIM25,-0.12234099885580393
PRMT5,-0.6581661004018424
DNAJA2,2.2334466120195984
GSKIP,0.07147339969061733
SEPT6,-0.5427055613588792
TWSG1,-0.0526527859899216
USP46,-0.5712842935082434
UBLCP1,-0.2555515716873226
UBA2,1.1060283800286232
SMIM15,-0.5894744004494142
MYO1E,1.2239620017586041
PHF10,-0.8352139017609285
BTBD10,-0.46727359213719427
ZNF532,-0.24427103248278106
GMFB,-0.500785657329857
APLP2,2.342707292866879
VPS4B,-0.5975380038916188
MAP4K3,-0.593547016253517
BIRC3,2.671929847913855
AEBP2,-0.9761022219284259
ABCC4,-0.12155367015371676
TMEM167B,0.2361587233589372
VEZT,-0.33213966443150755
TM2D2,1.5249278519669394
ZFAND1,-0.3754604422035831
GSN,0.7944108386280744
SLC39A10,-0.5727691411743293
ZNF146,-0.9686479364562104
GOLGA5,-0.0455303596273643
URI1,-0.8735942046616203
OTUD6B,-0.6559332357562927
PCGF2,-0.6478617699752226
ADAM9,2.621459191409841
NIPSNAP3A,-0.6745629046605317
ANKRD50,-0.5319272455311115
METAP2,-0.8775625854457844
THAP12,-0.7468589264892189
TOP2B,-0.9758249792603396
ARPC2,-0.3993169764091238
ARPC4,0.02192243499386175
TAF9,-1.0790540140991123
AGPS,-0.4036954718373706
RAD23B,-0.6722093543511769
HNRNPR,-0.9174722296630907
TCEAL8,0.43483373274733944
AKR1B10,-0.26106343840568563
ZBTB41,-0.5158471144637157
TATDN1,-0.5434515671751221
LRP11,0.9758002393367955
DPY19L4,-0.3575199288479543
HOOK3,0.16135209160954153
LRRC57,-0.7615313848634099
USP14,-0.6876920589199654
SSBP2,-0.6213360941370197
RASA1,-0.4767818985914904
SEC22C,0.15241244803707477
GORAB,-0.7492941273993866
BCL2L1,0.9515333326141334
MOV10,0.7775067000454277
GLRX5,-0.24730363370720726
PSMF1,0.028077469708495287
MARCH6,-0.1877469636785412
ZFAND3,1.3109413261001788
MARCH3,5.652515388031724
MARCH2,1.432312972545421
SUPT5H,-0.13356312085923125
HSP90AB1,0.6233543391101707
FLII,1.14074641309749
PTP4A2,-0.3756203782154902
RELA,-0.3309814399852208
SETDB1,-0.5108531286078186
DYSF,0.17640855303081276
RAB5B,1.6753947869056012
R3HDM4,3.8125922757201707
TRIM26,-0.28575536094643683
UTP14A,-0.9306283907982819
SEC24C,0.17193306818405388
CHFR,3.7088415210153927
MDM2,-0.48023779955851786
SHMT2,0.77090558053541
GMPR,-0.0540370464773508
RNF181,-0.1002982144033012
PPP2R5B,2.3169661080893604
TERF1,-0.6885105203093411
STRADB,-0.23631237887484058
ZNF592,-0.12585888242519544
SLC25A37,-0.08924741465890153
PINK1,3.5744427842265765
SEC16A,1.9306499706399414
EIF5B,-0.4813916328445638
NPRL3,0.48047470361979683
XPO1,-0.07447401769440004
UBAP1,3.5215536198919613
UBTD1,0.5186574402222411
PPP6C,-0.43622293294697073
UBXN6,3.638443571551366
CCDC90B,-0.7273986857976609
CNPPD1,1.3388283212604792
RBM38,-0.12222748743659234
NR1H2,0.8830255213395611
MAPK1IP1L,-0.4732419262296977
NXF1,0.6063362781699284
SGTA,-0.009293656882691854
COL4A5,0.21322194549938384
TP53INP2,1.3821900024395761
GRB2,-0.7089909756168462
PSMD11,-0.6560305889296771
RRP12,-0.7769216205279501
SRRD,-0.39735849299932313
RBM28,-0.84112297601226
ACADVL,4.006955137134862
KDM1A,-0.8957154266868869
BAG6,1.8812378459444232
RAD23A,-0.22231935838468908
MKNK2,0.09298180826959107
TLE1,-0.36814782366044024
FOXO3,-0.5062760907060506
SLC4A1,-0.3036444350061032
RNASE3,1.440887169917422
MEOX2,-0.5323193742065064
STRN4,0.11252168647504356
MLF2,0.17495613577695815
SRPRA,0.17973935466871654
NOC2L,-0.4609121472440965
ALAS2,0.01371460025136125
EPB42,-0.7510263800980724
ENO1,1.0099291150876084
AMFR,0.6439571907709304
CS,2.1854275232212346
RMND5B,0.7177062193423409
TARDBP,-0.8645240843369295
EIF2AK2,-0.36739796826328797
ARPC5L,-0.31568483199055447
RNF149,0.05193255439784368
ZBTB14,-0.8530035853266298
HSP90AA1,-0.973833284534842
ZMIZ1,-0.1601529844339778
KCTD2,0.5445211256616745
EEF1A1,-0.5934988146766026
CHORDC1,2.362682247945765
PSMD2,1.2236993946281716
MAP2K3,-0.1308865722743506
DCAF12,-0.10689611673480572
PON3,-0.3215682335575266
EED,-0.8944019601619203
SCAP,2.0387889160648465
RNF32,-0.8176211433745769
TAL1,-0.6946562946695612
WRN,-0.8519711458254984
DNPEP,1.3966480919610023
CANT1,0.5283908602893235
PSME4,-0.36535791637654264
ASCC2,0.010895108483136373
RNFT2,0.14050586562735964
ACTR1A,1.4424072208668368
TULP3,-0.42159048055962955
MAGI1,0.31737209721621956
ZDHHC17,-0.6913377875756264
GOLPH3,-0.1994493021920669
RNF13,1.010811626066009
HOMER2,1.8679125750732484
IL6ST,0.9158455725890078
MOCS2,-0.07576340697170508
P4HA1,0.3938551368428593
SRSF11,1.6227465867899922
PDCD10,-0.5322954455611673
DYNLL1,0.6500897109447302
LEMD3,-0.48892286424984704
GAPVD1,-0.4260762149770227
ZFYVE16,1.748944616231159
FAM114A1,2.4289065856723666
YAF2,-0.3243649108951092
ARHGEF12,-0.5637029858229846
ITPRID2,2.7990770146878825
PIK3C2A,1.0252985053307138
OSBPL9,-0.03877523536327437
SNN,0.45418138498375643
PTEN,-0.08636115326353035
CDKN1B,1.1004847400363147
MYO18A,-0.23123697279725702
PUM1,-0.7040892750625413
CRIPT,-0.5382077391584908
CCNT2,-0.8004093123073929
WDR44,-0.37640360954313196
CSDE1,-0.3133835489725158
WSB2,-0.5325682164787895
JAK1,1.3567130322959788
SPRTN,-0.1250197386188957
ZEB2,2.5672171477028596
DSTN,0.12247934837506334
CAMSAP2,-0.6112674570520943
PSMD14,-0.7388150100298552
PSMD10,-0.6775843213328995
CBL,1.425473768549697
PSMD12,-0.619294734323169
FBXO34,-0.5317933333850451
WDFY3,1.7416869364580054
FBXO33,-0.16737710173022977
ANKRA2,-0.7103238693226084
ATXN1,-0.3890356792199035
RALBP1,-0.34978634240273754
PRNP,1.7977689314546315
TNFRSF10B,0.15524965340876432
ATP6AP2,0.3833000578942905
KCMF1,-0.1257346858777974
MARF1,-0.1395874021759727
PYROXD1,-0.11872346099301902
ARL8B,-0.07961287802254713
ANKRD28,-0.7012990258230205
AP2M1,-0.10973665596807927
SPTLC1,-0.27769875796041593
HEBP2,0.2791861309113729
CPEB3,-0.044278053092432844
HS2ST1,-0.22082311246037592
LMBRD1,2.0504914521410473
CAPZA1,-0.44805427729589337
RAB33B,-0.09414901229650337
INSL3,-1.0875163138259072
ZFYVE9,0.3074889523755128
AP1G1,1.801504656560078
MMD,0.02962535303383205
ATP11B,-0.3952860940749753
RBM7,-0.6327882834878926
LAPTM4A,0.5194585197636009
PSMD5,-0.04033794384311717
PSMD7,-0.44138659799842866
PSMD6,-0.5296624482262574
PSMD1,1.7080968950964541
PSMD3,-0.17975684821415833
QKI,-0.19350251143152042
ATP13A3,-0.4888591005054933
DYNC1I2,-0.5585029382775746
RYBP,-0.2897456666109838
EFR3A,-0.266544188362869
PSMC6,-0.751350595936599
APPBP2,-0.24773327326584654
RTN4,0.5551600981770645
HGS,-0.1850787430101972
RTN3,0.45244439305719847
RRN3,-0.6911027437665772
MCFD2,0.2435492613498373
NCK2,-0.5548959100592128
SLU7,-0.7138988990056747
OSER1,-0.12711116291156357
TMEM41B,-0.02077871558970607
MARCH4,0.5524784869761915
TMEM131,0.36559075490233417
MARCH1,0.47424285067355926
IKBKG,1.7147070773961326
IKBKE,-0.20395897601043933
USP24,-0.5784285232579742
MARCH9,1.2341951884990323
CCSER2,-0.13014641575844207
GNG10,-0.7025435280818421
SRCAP,-0.6862605817581816
TSC22D1,1.9510680028101057
KHNYN,0.4485163210031296
PAFAH1B1,1.5084837560793254
CNEP1R1,0.739636046681135
PTTG1IP,3.006451119459458
ZC3H11A,-0.6499326595014516
APP,-0.06708954390374645
RABGAP1L,-0.45809380799035
EID1,-0.24720560264282226
TMEM47,1.244421820670286
PLAGL1,-0.011255289876046813
UQCRC2,-0.168867280366427
SNX3,-0.025664957795464773
COPS8,-0.5286093217633512
ADNP,-0.9436821347543577
CYB5R1,1.144441647056303
FUBP3,-0.6766100950943815
NMRK1,0.576092065588096
STAM,-0.28485868869273545
AP2B1,-0.30515201365422384
YPEL5,0.877015977774729
NEK7,1.3419393597241
USP7,0.7385951791369115
KMT2E,-0.6402441632090782
PLA2G12A,0.08368120477663414
ZBTB11,-0.8022548087080174
UHRF1BP1L,-0.08334149807359977
GALNT1,-0.09764643877523162
BCAR3,-0.20782281132010508
FZD6,-0.4137401096332077
TRIM8,-0.08658161022515232
PFN2,-0.27607381686128857
CREM,-0.13171964440936504
RSL24D1,-0.8304837255886152
VPS51,0.6541717473559897
CREBBP,-0.998748953290323
HDAC3,-0.5760883834354944
HDAC2,1.0421102834660363
HDAC4,-0.6551159093469137
ANKRD13A,-0.18415786344704652
ELOC,-0.6950611331267335
MLF1,-0.8868758221906192
TPM1,-0.13382998666086388
RAB18,2.71888327109234
CCPG1,2.1026573818274708
RANBP9,-0.1819192164913316
FANCL,-0.8682271693950707
LSM14A,-0.8459685095457834
RANBP2,-0.9028867511738785
PLPP1,3.3173758009948355
ACVR2A,-0.02408518614606454
UGDH,2.012078400116718
SSX2IP,-0.8884661358682442
ACADSB,0.40331556782871175
REEP3,0.07702951021876844
RSRC2,-0.7227668964839824
STX4,0.8644312405952066
RNF145,1.3719145583185903
ATP5PB,-0.4554141762390697
USP2,-0.9757959864277783
KIAA0232,-0.02234392739049377
WTAP,-0.6445758801397621
ERCC6,-0.5296510585108576
MYO6,-0.5047265304862718
RPRD1A,-0.5762599828426972
MCL1,0.9386199981677421
NR1D2,-0.6878039367942343
YWHAZ,-0.675261509054267
SERTAD2,-0.37120114689580136
SUN1,-0.01153927792798312
RB1,-1.0570909292816633
PHKB,0.1554760585558497
MED13,-0.5369977428570707
GDE1,0.5907479442820968
MED17,-0.696801393512113
FEM1C,-0.5458240724857346
AMD1,-0.4538201648827744
CDC42EP3,0.36774813855289223
VCL,-0.1684829404799357
AP2A1,-0.28600382122444906
FYN,0.552560400449526
AGTPBP1,-0.1011058030865092
PHYH,0.33707113891428364
ABI1,-0.6111308396502598
AZIN1,-0.4790804243018056
GGA3,0.32143267153207544
ATP6V1C1,2.1274881874029163
WWP2,3.146135240414622
SLC30A9,-0.29785307055902044
ATP2C1,-0.07016545272933059
KIF2A,-1.0338033733771077
MYCBP2,1.3402067652235543
CALM1,-0.8282432095581145
GADD45A,-0.21570348877237655
CCDC91,-0.41625130870493693
MAP3K5,-0.4848766054690472
CYP51A1,-0.22685811536134493
AZI2,-0.24383881766258492
AUP1,3.511762711352138
TNIP1,-0.04548544070083226
PNPLA8,2.719700400674354
FNDC3A,-0.16832243709503672
USP33,-0.6778489079710608
MAN1A1,0.4252193406203304
SMPDL3A,1.543309396723878
CNN3,0.5315978762907265
AKT1,1.3559125662666882
PTPN12,-0.2690055950165569
KPNA4,-0.7649622708863485
BMPR2,-0.3507549545832155
PNRC1,-0.030708753496518963
YME1L1,-0.5356114147003076
HIF1A,2.2356382046560817
YOD1,0.23969267929333585
FOXJ3,-0.7653865948324132
MATR3,-0.7758775653257526
ARHGAP5,-0.389699938198432
SEPT7,-0.4806829210441743
ACADM,2.40685084692889
SUCO,-0.3079218923784484
FNBP1L,-0.371190568259526
AP2S1,0.3682230179163635
EGR3,-0.45909967533357277
JUN,-0.16333465048804366
SECISBP2L,-0.051140528993395544
PLEKHB2,0.10632403367481855
USP15,-0.38666002772622726
RNF139,0.11991599276503717
PDCD6IP,0.11377341760288923
EPN1,-0.4216618676682676
EPN3,0.07549244365517968
EPN2,0.018726125386973772
TIPARP,-0.1656353475059649
THOC7,-0.8121795270830128
CAAP1,-0.4641652711020889
ERBIN,2.1444080869514006
TPRG1L,4.842180342725212
CTBS,1.9174210860540863
PPP2R5E,-0.7009313063234187
PPP2R5C,-0.8712454269612708
EIF1AX,-0.591856324285956
GNG12,-0.5588996691396245
CHMP3,0.18059732267040612
CHMP5,-0.2567613432854436
SNX16,-0.2646389198694783
SERP1,0.16949524476480488
PGBD3,-0.3431448186415867
STAT1,1.2301727110909841
HPLH1,-0.1006554700951398
PSMA5,-0.5544482418109574
FTH1,4.33511185943808
MORF4L2,-0.43001055264357296
BNIP3L,0.29653437713592656
RABGEF1,-0.036617723859541554
USP5,-0.0241936660458039
RAB1A,2.031921761904907
TOMM70,-0.6634603782124049
EPRS,-0.4790107861937845
EZH2,-0.9803946500822821
TBL1XR1,-0.7757716983710566
TDG,-0.8595342008866562
C1orf162,0.8408068406212915
PHIP,1.0835203371880036
STX12,1.6429435911746937
CSNK2B,-0.2740109341040044
CREG1,3.1916056424561665
JARID2,-0.5113301278445932
BMPR1A,-0.20616182813672015
PSMD13,1.7403972711961317
RB1CC1,2.2162641272376447
ANKRD12,-0.6383412736534929
EIF1B,-0.390609137067693
NAP1L1,-0.9348188195483672
CALCOCO2,-0.1313609185462244
BNIP3,0.2248199390785994
ATG5,2.0688526965412044
ZNF350,-0.9445368491949182
ANXA1,0.6132713242496726
DCP2,-0.5699422445569898
PIGK,0.2787557027893497
TP53BP2,-0.5065293645749491
GABARAPL1,1.0430796663082005
DUSP11,-0.454212664113233
TAX1BP1,-0.060143646358154286
TSPAN3,0.9530174593096175
HBP1,1.0777138953613443
TOM1L2,0.23368809209587574
LAMTOR3,-0.3090132088530583
TM2D3,-0.4240845575435098
ZRANB1,-0.6940731380531703
CRY1,-0.640070383609465
ZFAND6,0.03315102244346673
CREBL2,1.44684171599625
LEPROT,4.18107532096211
CDK2AP1,-0.0733870468011935
MBIP,-0.6850969664701692
STK17B,-0.10231844817854371
RSBN1,-0.8327754945076767
MFAP3L,0.2892091122706747
KRAS,1.3467550564850168
SEPT10,-0.06538579405431995
ISCU,0.06762293842869713
SOCS5,-0.39963953759763876
DDX3X,-0.780753226517388
ENPP4,0.40535808391817496
CSNK1G3,-0.29966202094149136
VAPA,-0.06454909335734917
TSPAN5,0.13534009533040153
ABHD3,2.148732318004435
CSNK2A2,-0.9191777646570451
TWF1,-0.3013715341537156
PCGF5,-0.2594111435043939
EIF4G3,-0.39200306182547573
PPP2CB,1.3509243378829652
C6orf62,-0.17640115218176855
MARCH11,-1.0630429407443691
MARCH10,-0.6746550991158986
ACSL1,2.5809442811021137
DNM3,-0.2073843599923927
ARID4A,-0.605192403796584
CD2AP,1.5477589687156728
NCKAP1,-0.4155356267943727
PIM3,-0.41775688908245967
CHD1,-0.8337494372578327
POLI,-0.6787014050984497
SRP19,-0.45066395605007425
PTS,0.12430693181267903
TXNL1,-0.35602703434317046
RAB7A,0.10371959280924559
PIKFYVE,-0.6174455604441066
ARPC3,-0.3561155627955422
DCUN1D4,-0.5672635374045698
EIF4E,-0.7528328575606852
PEX3,-0.3686546112227549
LEPROTL1,-0.08152984800728526
TAF1,-1.1310514626667543
SLC25A48,-0.3400183744429483
GCH1,0.008047812323530877
ITM2B,1.2027104617252613
RNF125,0.4288223650519185
ACTR3,1.1113501625107411
BTBD3,-0.23367100928107126
AASDHPPT,-0.6459726119478437
ARMC8,-0.3307849901355022
GNAI1,-0.7026506952233404
TNPO2,-0.1383826355219074
TMED5,0.3106872732947872
TBK1,-0.5665918593667215
SYVN1,1.137397103890921
NFKB1,0.9000309514211903
MAPK8,-0.7266062068114081
SNRNP70,-0.31330761267451496
RAP2C,1.9776299477612247
ASH1L,-1.0715593403130426
GGA1,0.4513500723982465
GGA2,0.12407310879536879
TCEAL4,3.585884669335946
TRPS1,0.723396495083912
ADH5,-0.0015712843383285594
PAIP1,-0.6899256392760745
STAMBPL1,0.6066469988030194
KCTD3,-0.7309919388500941
CD55,0.08101185092732698
RIPK1,2.8290183060789618
ELF2,-0.852666130854157
HIST1H2AC,-0.696625599646712
YWHAQ,-0.7971738759983724
UBQLN4,-0.5262186207818494
CCDC127,0.12006771904627353
TANK,0.9318343593828787
PGRMC2,0.02519582870995346
TRAF6,-0.04773606937895786
PDIA3,2.1406226107916027
GTF2H4,-0.5071483380186966
TNF,-0.246751978333506
TVP23B,-0.1641946396715847
NDEL1,-0.5726597713528703
USPL1,-0.9244899625434673
MXI1,-0.17588450550700893
RNF168,-0.3443842059466263
TXNDC11,1.906614331550436
PTPRC,1.146185304052404
G3BP2,-0.6564056998272912
RYK,-0.44664621155131384
SUMO4,-0.5424030314628223
TYK2,0.0339116684893
NCBP2,-1.0530155889171653
NPC2,1.6528430633249416
ZSWIM6,0.12029637557465504
WDR7,-0.1833205397840195
SLC38A6,0.922619923509701
C2CD5,-0.5710598171246669
FXR1,-0.6892112801311369
PIK3C3,1.6359623242547998
FAM172A,-0.3836920801379916
TRAPPC8,-0.09813367420029312
GTF2F2,-0.7775681426257892
LITAF,0.9174725210158485
SPPL2A,-0.4564545938884549
HSD17B12,0.11360311639798677
HSD17B11,1.6210821344745732
PNISR,-0.7429445816524533
HSP90B1,3.2223294441647905
TPK1,2.173199678784603
GPR137B,3.1226063566096496
BAZ2B,-0.6490225030053355
IFIT1,1.4519592336189266
UFSP2,-0.19293466391504913
BRIP1,0.06473612644080824
XPOT,-0.7095020989772117
GRN,3.5577261247975365
PLXNC1,1.9076465154653066
MTCH1,2.9573581485598486
PPP2R5A,-0.46523077168423077
SLC38A1,0.15733262274352838
IGF2R,1.7631908873663331
LHFPL2,2.8067647400924525
NCOA1,-0.2951797273823593
TNFSF10,1.6102151537848608
SMC3,-1.0477046400216592
NR2F1,-0.3748042684002732
SMC4,-1.057254513136567
NR2F2,-0.12082700119711902
AP3D1,-0.02870889594931967
SETX,-0.6336402163480337
PRADC1,0.21922318910182534
ZNF83,-0.5530574450118376
RAB11FIP2,-0.7268522412361763
ZNF638,-0.823266701565051
MAPRE1,-0.9474974412193226
FGL2,1.6004570083656553
AP1S2,0.42156750345503124
FMR1,-0.5592594607346927
SGMS1,0.07905815007690374
GYG1,0.1727086133522686
DPYD,2.450676473207416
PSMC2,-0.6776299669666074
FOLH1,-0.5478403043100873
DMXL2,2.4831257053996048
EXOC1,-0.48295040079925716
MTUS1,-0.08307962323753168
RAB29,0.15304538128769676
ANKFY1,2.1211649849977947
HEXB,3.7996225375480726
OSBPL8,-0.3857018341816544
ACBD3,-0.07672474728759143
ATP6V0E1,0.7465815528321115
VRK2,-0.6161738558140988
CMTM6,0.1673204809640102
TRIM13,-0.4624578535427535
FRYL,-0.3769483243239947
PKP4,-0.6221048398479423
NAALAD2,0.5621592540387135
RBM47,0.22070770008483473
GINM1,0.5789675395127073
NABP1,-0.10838615286580137
SCGB1D1,2.479950859427445
RAB5A,3.208527521044805
RGS2,0.1681334048447277
REV3L,-0.721027539367415
EDEM3,2.1537267205677173
SERPINI1,2.0484344289079854
CEP350,-0.5486420552751461
GATAD1,1.4797232912648586
CYB5R4,0.017174564639321346
SNX6,2.5921190527126163
IL10RB,3.143884479971671
SNX4,-0.35127586359915297
MTDH,-0.38069472745226574
GCA,0.03523679526614303
NLRP2B,-0.5483572625213153
MANSC1,0.22378454039832055
HACD2,0.08745089679504091
HDGFL3,-0.429169310319748
DOP1A,-0.49126373810718355
MEF2A,-0.5346622466442049
KDM3A,-0.41242127441957754
SSB,-0.9399209267096652
APIP,0.11646050344016601
TMEM135,0.49676142055947403
CNBP,-0.7936391397113564
CBX7,0.09873465564805493
TMEM165,0.1096799940047793
COL4A3BP,-0.2635709168276996
ALCAM,0.27034552893682684
LYST,-0.15402645644988688
PPP1R12A,-0.7883312027358683
MTMR10,-0.15990559486080091
TET2,-0.01698909647699465
LAMP2,2.2151015444231223
LAMP1,1.057610720512857
BBX,-0.6656341530329356
LRRFIP1,-0.3943100240182256
STX3,1.9351836191697303
ARHGEF10,0.3962994915295606
VMP1,0.4520526487676788
PTK2,1.4044757209140524
PHF11,1.3819584447324502
USP1,-1.1049137656599932
SF3B2,-0.7705638332457123
PLPP3,2.488999189330839
AP3S2,-0.06381147335037479
CEBPB,0.1434033793290376
ASAH1,2.500537001249832
DNAJC13,-0.24253872921192526
VIPR1,-0.043172461954366866
SNAPIN,-0.31952745392724796
ST3GAL6,0.04942727639517137
ACD,1.2825895162580692
NBR1,1.7821526416578022
EAPP,-0.4410760892120932
SEC11A,0.18040418262837177
PRCP,2.7014467332294876
CHST15,1.481143122592928
SSR1,0.3662263356834408
VTI1B,0.2983350802374938
PTCH2,-0.44928320127862564
PTCH1,-0.1761384081560541
ADD3,-0.23466121011927216
SLC9A9,0.21210852800526286
TXNDC9,-0.5401408341917573
N4BP2L2,-0.03716571255199817
GGPS1,-0.20069706895922196
NAALADL1,0.46103808175860816
CALM2,-0.9119409337726462
SPOPL,-0.31664514937950766
CLN5,2.0340706110245543
RNF133,-0.9796717199389395
DCX,-1.257265830970912
MBNL1,-0.3650592523843107
MFSD14B,0.02712594996070622
LUC7L3,-0.8507499744783753
TMEM260,-0.45744870895004985
CTSK,8.107154264962709
CTSC,1.4266648576910368
CLCN7,0.7677548136382174
RESF1,1.9020144181733092
DICER1,-0.8092479412873747
USP32,1.723644068914731
CTSS,0.868483503669799
OGFRL1,0.18674638014638328
LIMA1,1.7155499043595694
COPB2,-0.29265263527262203
MED28,-0.1949848912218556
SKAP2,3.5192400199352147
DOCK4,2.1371779872256913
DOCK5,-0.11274700310025826
SLC31A2,0.9948387851225043
IFNGR1,1.5349055394176183
TRAM1,0.644239947762239
GSAP,1.58363560771217
TFRC,-0.26033528832314673
DNAJB14,-0.5503274192810372
B4GALT4,0.7712868461455014
TFR2,-0.04467140033857083
PARP4,2.1307310982311836
LMNB1,-0.875209115965864
MED13L,-0.441132255709292
ZNF148,-0.7110809174886276
PHF3,-0.7644773601925501
NAMPT,2.7163873859807275
NSMAF,3.0873681674734486
CD9,0.32165983362279826
SNX10,0.38210951202260224
RAB22A,-0.15535893049793012
ERN1,2.351100662729789
KIDINS220,-0.5692522132597961
LGALS9,0.7214389589517906
LGALS8,0.5266930132455807
FAIM,-0.38584516476070213
TMEM87A,0.653074215146207
SGK3,-0.7084867183749789
CDS2,4.848588867860995
IL15,1.4663648242935357
PDE4B,-0.1441240339651268
MFN1,-0.44239297814427203
GNS,3.385127497073559
MAP4K5,-0.9307607115995896
EIF5,-0.4741791657607486
MOSPD2,-0.018918567880372352
OXR1,-0.2510873245916213
KRCC1,-0.16174762092640796
RBMS1,0.5135224813570078
LTA4H,3.0660173383088263
EBAG9,-0.35935676180383125
PLEKHF2,-0.6635485598825244
UVRAG,-0.04814216188288618
SMARCA5,-1.1621918958892261
DPP8,3.8569717130414873
ATG3,2.5161378110050685
GBE1,0.15376993817455242
FNDC3B,2.014000454523148
TUT7,-0.18618737476462263
SLC44A1,0.49054573127347545
ANXA5,1.50847732854666
CEP63,-0.6237256877203414
CLEC11A,0.8606152411885611
PIGP,0.17392806858153526
PCNP,-0.5978911077506134
TMBIM4,0.6547749059832557
TMBIM1,1.339686336174765
CASP4,0.479795539808648
CASP1,1.3765537287861882
CPNE3,-0.16837279464663243
PIBF1,-0.9824106461405003
WASHC4,-0.3207405250301487
CHMP2B,-0.21365082647343747
LY96,1.0278560971317188
RO60,-0.7403207708834009
SPINT2,0.08761534582105572
PPT1,1.1277259791997758
RBPJ,-0.7185157421951827
PDE8A,0.38984477973561105
ERMP1,3.1391070110824395
GOLGA4,2.6587615909369635
UBR5,-0.4637121182361466
SAP18,-0.6459575213655926
LYN,-0.5616394735450372
FNTA,-0.6251728167448617
SPAG9,-0.5314448581394227
OSTF1,0.24018119700462082
TLR1,0.675300132750998
TLR4,1.90177674976035
RNF5,0.6134293374004445
MACF1,-0.33594576668140913
HLA-E,1.3094878846585298
GLUL,0.20607905142777858
SLC25A36,-0.9434866913565392
KLHDC2,2.1013727528890818
PDHX,-1.0405497391313998
LRRK2,-0.44038802941818506
SCAF11,-0.380023793829548
ZBTB38,-0.199987116747785
SPATA13,-0.2385701673743884
TTC3,-0.5786433788685202
NCOA3,0.40294857705866216
STAG2,-0.690021791158897
RHOQ,1.5700012472481761
PMEPA1,-0.857721783942223
ABRAXAS2,-0.5569225093244228
RECQL,-0.7046619699414426
DENND5A,2.712366768349184
ADIPOR2,0.8698072140500519
PXMP2,2.741350592343894
PEX2,-0.2062660384680212
PLSCR1,-0.12875433473594333
TMEM50B,0.45315202889476947
TMEM50A,0.35768062117182653
TSPAN31,2.343203252912654
IPO7,-0.8574681417425676
ACTR2,-0.7632911515078045
CIR1,-0.5268609247234695
BTN3A3,0.6729126847748848
SMCHD1,-0.4924584268243686
LAP3,0.17559437006484788
POT1,-0.7472365146244795
CCNG1,-0.4687714342235835
CD302,1.8433155217137105
NES,-0.03788831582716699
FNIP1,2.9797194111860175
NAGK,2.5808598987255134
SCPEP1,3.5016026281509838
ARTN,-0.6474291996353813
SLC35A5,0.05361668587273898
LRRC8D,-0.6720515348595199
SEL1L,3.3206343321734844
FERMT2,-0.04792385372171062
SOS2,2.4302261565942103
KAT6A,-0.6606452319839907
GLB1,3.7944923799191854
STAT5A,-0.30360995557964854
SQOR,0.7492444286980615
ETFRF1,-0.29553582218457136
TBC1D15,3.2917962570365766
SLC33A1,2.2662601471915984
ADAM10,1.8704974456679697
CD63,2.375114608110753
P2RX4,1.8640987711709203
PAPSS1,3.323989340009256
VPS13B,-0.04725580542474021
TMEM106B,-0.17018873341910276
RAD21,-1.093474275615143
ACAP2,-0.27307314859455417
EVI2A,0.567023297357628
INPP1,3.0747270458620095
RNF167,1.3183918007520858
TXNDC15,2.499794225138172
ATF6,5.0705977523359325
REM1,0.46941804738642623
NYX,-1.1125975344109522
JPH2,-1.089495161233827
MXRA8,1.0255996198170174
DUSP28,-1.0105595789539852
SAMD14,-1.0708428993579446
GLP1R,-0.8071853917577941
GPRIN1,-0.8504494950422019
NPR1,-0.2771989765444914
ARHGEF15,-0.7088227603079826
OPN1SW,-1.31000322717762
SP1,1.23910780308157
CRTAC1,-0.6987039166129199
MUC6,-0.7571007801680552
CYP3A4,-0.19762317514269997
RAB40C,-0.5802465812354802
RAB40B,-0.2883973352667776
RAB40A,-0.39765205438514806
F7,-0.9673356544364152
RHBDD3,0.9199185396454613
ERCC2,-0.7302060348329881
ZSCAN12,-0.7641856196813601
RASGRP2,-0.39337631967724435
GPR12,-1.1169685068565132
ELAVL3,-1.0256295723255626
LRIT1,-1.1009260183955194
RAB6B,-0.37069503024072464
RAB6C,-0.20175308935175523
APOA1,1.4429778419509722
SOX10,0.6076128197766507
CETN1,-1.5058035855407321
GRAP2,-0.6097307777968863
JAK3,-1.1804003313442066
RASEF,-0.2543545669374594
GRM4,-0.9482964426326521
TBC1D29P,-0.48999524606856326
KCNIP3,-0.578328344572965
GRM2,-0.8848809966451325
PDLIM4,-0.12107314924110711
CACNA1H,-0.9941954485194464
PDLIM7,-0.24484408862746423
PDLIM1,-0.2536804789475601
HOXB5,-1.0817576400160545
PPARG,2.387577964110968
IRGC,-0.7603610163177613
CNTFR,1.839363085920101
DSE,2.686252707859365
SPAM1,-1.0245666722932054
TACR1,-0.8479542061569184
CABP5,-1.2853358547571345
SPDEF,-0.5104902539815371
CABP2,-1.1000031734128548
INS,-0.6830444241061465
SLC22A7,0.18033310604677055
PDE6G,0.993699687598961
PRDM8,-1.3588350717719586
PRDM9,-1.2938887816702174
MYH11,-0.4395972749139981
CACNA1C,-0.9547978497114253
RHOC,-0.0983809388301254
RHOB,-0.34458355875948954
CACNA1G,-1.0618054517729212
COL2A1,1.0252843999717671
HIC1,2.222190861156268
ASPN,1.7126650655404612
MUC5AC,-0.9725871262729981
BUD23,-0.739838357549578
ADGRB1,-1.0146243035464355
ART1,-1.157785459553583
ARVCF,-0.8421729754216801
SULT1A4,1.0890302253660185
CALB1,-1.0479423356081656
OPRM1,-0.8663328384393556
LTK,-0.7585362447608062
HCRT,-0.9651828454248331
EDA,-0.7736031918308882
ALK,-0.47414458894704875
GSTM5,-0.9130881646186475
NTN3,-0.5721105188443256
TAS2R3,-1.02603844038311
ADARB1,-0.5502404366804073
SSTR5,-1.0908435281806883
GLS2,0.12564578380295457
CDC42,0.7071207255813352
TOM1,1.091904800065239
ZNF205,-0.9352852247058898
NGFR,-0.5138536340831394
C3CER1,-0.8812416653251773
ERAL1,0.12111363361805422
GJB4,-1.2464552934076658
ACTL7B,-1.4565965237129086
ACTL7A,-1.2707901790303135
KLF2,0.07185725645234457
PGPEP1,0.9942852614801322
GFAP,-0.9278235777578182
KLF8,-0.19179197894398953
NANOS3,-0.04846723535688783
NCR2,-1.1561808678178909
SP5,-1.2877512983083887
CRYBB1,-0.9261156263365966
TRIP10,-0.16276831497961
RAB20,0.4835669118307891
RAB24,0.11007632994012966
ATP4B,-0.859896610408252
RAB28,-0.3768918725814932
CA7,-1.0470536639846488
MAP3K10,0.6761508470026826
RND1,-0.7665145604100267
FUT5,-1.0056011756485523
RND3,1.0830960708833757
CHRNE,-0.7985463383968613
TGM1,-0.7755187264325011
LIF,-0.38437951529940834
TGM4,0.729056904618199
RAB44,-0.08760279920225886
TRIM17,-1.0953875467161143
SFTPC,-0.7743241581137522
SPTB,-0.5832252421162496
RAN,-0.8443739418567494
DHRS2,-0.04749550886287878
ADRA2C,-0.7614024107823931
SLC12A3,-0.5524473440734844
STRA6,-0.29514590099622884
LDB3,-0.8361204603919458
KLK2,-0.8310930935292618
NRG1,-0.904154410908538
SNAI1,-0.4452259772298618
LRRC4C,-0.3873141723145558
LRRC4B,-1.3722609599434143
GH1,-0.8071287798460114
AVPR2,-0.7272282633761029
RFX1,-0.6012186808765858
CSF2,-0.38872156462649243
RHOD,0.6598994160189543
ARHGEF7,-0.7064046561016059
FOXP3,-0.7433104072258118
NGF,-0.6167142106848205
COLQ,-0.2212778981065557
CNTN2,0.7672339610803438
LTBP4,0.051799240211747206
LAMB4,-0.14763391086213629
MARCO,0.6338638938281693
CFAP410,-0.47408606407395193
CYP2D6,-0.47160093018521937
RHAG,-0.6715563755867842
INF2,2.490173461228371
LRRTM4,-0.8504284678637316
LRRTM1,-0.5477623845800995
PRKG2,-0.9251459639426782
CLDN5,0.08256423691829405
PLXDC1,1.253592423714108
MAP4K2,-0.6909854466241951
CCDC9,-0.8632674302340635
AFP,2.9507341915811183
TUBB2B,-0.35375223824583674
MGP,0.6870514673438141
ATP6V0A2,0.1105643005845579
ZNF114,0.2590350797635629
PROC,1.6949188071676362
GUCA1B,-1.3123223047832648
ACTA2,0.38430052062871206
PDGFRA,0.1373752172570434
ZNF335,-0.5223276171606068
APOBEC1,-0.5601978807076843
CHAD,-1.0285922434425638
ZNF234,-1.0190843511259253
HAAO,-0.24489487509883653
NHLH1,0.6998883880310263
FLT4,-0.8671640783992053
CACNB4,-1.2048558525298165
KIF19,-0.3890123610130973
ATP2A1,-0.8548003911264633
MYH2,0.7405288233472513
S1PR2,-0.890628540770477
TPM2,-0.15201066290842374
TBX10,-1.0647113784745446
MB,-0.6764448173852748
PRELP,0.5511201886098098
RAB15,-0.21389014707288506
HNF1A-AS1,1.7486795473412484
HAO2,-0.7497104604050772
FGD1,-0.392848565593228
NTSR2,-1.4608242035478503
AGAP1,-0.23785969208149668
AGAP2,-0.2674737171451536
AGAP3,0.4134645019909238
LINC01565,-1.1236728444562754
COL17A1,0.8995452392172383
SLC22A18,1.2139221102317326
OMD,0.9099733442856341
HOXA6,-0.9641713394043004
OMP,-1.3845416375928707
HOXA3,-0.9170519586763687
TUB,-1.101041866062767
TGFB3,0.8494689831271233
LIMS2,-0.2739696339147426
SLC5A5,1.1683833807370176
ECE1,0.39589506586189177
RABL6,-0.5145811493781577
OPRL1,-0.9738775319663936
SCARA3,0.23546536904333482
RND2,-0.9230207374998699
C11orf16,-1.4192446213103256
YWHAH,-0.43410849612426905
OGN,1.8126531543099256
YWHAB,-0.5775146786749611
YWHAE,-0.7853840384398992
RAC2,1.4980140296557847
RNASE1,0.49302490352549616
CROCC,-0.7746267839705612
PRKCG,-1.002040255834389
TANC2,-0.7856809552955596
CES1,2.3966361356586976
ARR3,-1.1064867895515063
CDK20,-0.4703713416744625
GCGR,-1.0874234860468526
CYTH4,0.14428001919449537
SLC16A8,-0.5940753198128612
ZNF157,-0.7655938491636508
NRL,-0.9690668444101022
TLX2,-0.950145612413412
MMP2,0.5776014598389753
FGFRL1,-0.6724650182092146
SLC6A7,-1.2934158377385678
CKM,-0.8851433224716947
SYMPK,-0.10792403620027856
CD34,0.7279997809743192
BGN,1.5323363760877513
GPER1,-0.2484826516744203
MYL7,-1.2590667769497044
MYL4,0.6103390193131162
MYL2,-1.199207727959942
AXL,0.09722613991415098
KIF2B,-0.9277304970563613
DCN,0.8686005023684532
COL11A2,-0.6161378981510962
CACNA1B,-0.980935732538773
CNTD2,-1.176633567239941
ACSM5,1.1051283809269963
THRA,-0.6678046096791032
GP9,-0.5305370453919946
FMOD,0.49483453492248125
TRPV4,-0.6905950962983783
EVX1,-1.0716360820947601
LRRC3,-1.348717241341947
PGAP3,1.5859024914542401
FGFR4,-0.819117018547142
MORN1,-0.5365283868517307
ADCY1,-0.8483178932643034
PLD2,2.066620728129235
ZNF516,-0.5016569099289778
RUNX2,0.11386098410895393
IHH,-0.778022992241621
RAB42P1,0.43846305202969166
KCNIP1,-1.0948788296419818
PPIAP10,-0.5509224170146
RRP8,-0.714910374840535
GNAO1,-1.2464465159379308
CRX,-1.1599165483916578
DOCK6,0.0753825504539302
NTSR1,-1.2116598372543321
SLC5A8,0.22471077709982568
SEPT4,-0.7238449212102592
ICOSLG,-0.8084546647215459
SLC9A3,-0.7351763623097208
PPM1L,-0.7260078985213041
MALL,-0.19957603856740538
NPPA,-0.819364289940182
EPHB3,-0.7960229216022153
PLCB2,-0.40525431651001587
EPHB4,-0.5340692736063929
LARGE1,-0.0403877588328107
VGF,2.0758694854026536
DDO,0.6738964321460219
PAX3,-1.1506909272676475
BTNL3,-0.6548658868093344
KCNQ1,1.7860184149760245
DVL1,-0.6011366269315742
CDC14B,-0.42242481792087877
AGFG2,1.0174337284150872
AVIL,-0.24543267750938277
HMX1,1.2808898108578963
OXA1L,0.14673680654104657
ILK,0.050442148761817594
MYO1A,0.86275260956082
ADIRF,0.5208042714677283
ZNF536,-1.0827677315371738
CHRNB2,-0.9310520437072045
CASR,-0.8214912719026617
COMP,0.26433193324686555
FOXD3,-1.1753088253722528
SLC26A10,-0.07931972090517318
GHRH,-1.0771167611335093
WNT2,0.7128351236166766
SLC30A3,-1.3418141112068027
IL13,-0.6156009404022829
LRRN2,-0.9837697398164172
ADRB3,-0.9930622978753415
CACFD1,0.26026800288694113
ZNF407,-1.0859769400920696
MYO16,0.5218658507084355
PDE4C,-0.8483469392237043
ASAP3,0.5135098328106458
LGI2,-0.7401881027064505
BIRC7,-0.7661711757352552
MMP14,0.805901733221429
LOXL2,0.0007697627516945913
MAP2K2,0.08467403922809776
NOCT,-0.997817903974473
MAP2K5,-0.5930224181995103
TEAD2,-0.503480987811766
RAB3IL1,-0.6819035415776706
MT-CO3,-0.33706439498802354
AMHR2,-1.115632441758504
AMBP,-0.71704483156312
GDF5,-0.8000807591134597
ECEL1,-0.5610911187659204
SMARCB1,-0.6302257604217887
STAC3,-0.31077865809637
OSR2,2.540587479771013
RHOBTB2,-0.5149473615740426
RHOBTB1,1.3334464789525415
INO80D,-1.0637591810104874
LOC105369243,-0.09417103503896965
ALPP,-0.8510592232545443
MOG,-0.788022810528316
DRD2,-0.9761880560397226
ABCC8,-0.9609036994177704
COL6A1,1.2725136723206278
HTR1E,-1.119787607805505
ALPI,-0.4065270304806178
BCL3,-0.16902717373378917
ALPL,2.302066191490678
KCNE1,-1.0022566739507062
LUM,0.6608870350619173
CDX2,-0.9851080888728364
MC2R,-0.8974290680949575
EPX,-0.7477253964172434
BOK,-0.6252361754280759
CACNA1A,-0.8868642693460006
KITLG,-0.29350227923842004
RREB1,-1.0573753659648277
MMP11,0.7308052273250654
RXFP3,-0.8939325767684075
MICAL1,0.09540701942987656
PDE7B,-0.08556830980001992
EDN3,-0.9117306861944257
EDN2,-0.8216730051908112
ZNF444,0.049619444653830815
ZNF362,-1.0360010666380821
CCIN,-1.0033907310612236
CAB39L,-0.15202048764530396
TREH,0.3002371245072477
ISLR,3.119906657443326
GSK3A,0.5083321487137836
HUNK,-1.2300624910482023
ULBP1,-1.1699066775649491
MYO15A,-1.4969166723863736
CSF1,1.8277261743749018
ABCD1,-0.49433698357778144
TNXB,-0.15018092443334558
PIK3R5,-0.7131984228208285
PIK3R2,-0.6000415252370764
NR5A1,-0.8596970822103659
SLC14A2,-0.7868969975153723
RHOV,-0.4714970737874611
RHOU,-0.6322525453089283
RHOJ,0.9255368519695922
CMA1,-0.5706416562331197
RHOH,-0.5318240110838311
FGF7,0.848933897343175
PTCRA,-0.8516119795969493
RHOA,-0.46063915326546356
RHOG,0.16294795596605546
RHOF,-0.365555112515749
VCP,-0.18279328862977423
PLSCR4,0.642205458854824
SGCA,-0.5866402645132921
LRRC19,-0.9178512379813364
LRRC17,1.0096104108968387
HOXD13,-1.0218474098439836
PDZD3,-0.44555745658351165
MATK,-0.6037531617247762
CLDN11,-0.14268708013815098
EFCC1,-0.30343639099536995
IKZF4,-1.0321004809793373
ABL2,-0.4984671205615969
KIAA1614,2.5496988568403864
PCDHA4,-0.7918340436368299
TNN,-0.3987658643294614
GRAP,-0.08186895998167504
CACNB2,-0.44987363717684026
CACNB1,-1.0240567242049612
OBP2A,-0.8950638570892829
TEF,-0.7927013281873357
GP1BB,-1.0808771745089085
FGF18,-0.9010347805429875
PDGFRB,0.16136806294008646
PDCD1,-0.5856440497513286
TBXA2R,-0.46428952759727987
RAB40AL,-0.34551891393509854
SMIM6,0.3243707525856076
SYDE1,-0.18774239506492946
FEV,-1.1541143711171828
ACHE,-0.5556863803996668
PRB3,-1.1808546340695163
TNFRSF13B,-0.9200786487589229
CCL19,-0.014263414292540997
ZNF528,-0.9324634301603738
IGFALS,1.3504903600816902
IFNA4,-1.0737671272357467
PRKACG,0.9099093708953658
PTH1R,-0.48108975812471505
LGR5,-0.9892221633858668
JUNB,-0.1054684534681858
GNAT1,-1.1653856942485303
GNAT3,-0.9607477497586149
P2RX2,-0.9906388992560224
P2RX6,-1.0112136128905826
AOC1,0.804906067718705
GLI1,-0.8511093503041967
SMCP,-1.5758726567996704
HSD11B2,-0.11865211573411266
PDGFB,-0.7178885132995307
ERVW-1,-0.2818895141967534
TNR,-0.945845203270397
PDIA2,-0.4202846686249701
EFNA2,-0.9426434927703088
GGT2,0.04515166696327657
SULT1A3,1.1603164979913576
LRRC55,-1.3590013797578036
RTEL1,-0.5663504783508709
SHANK1,-1.2535207690933363
PTPRU,-0.38927967040933786
POU2F2,-0.6345741262488889
COL14A1,2.128764804469017
GNA15,-0.5677022086795489
GLYAT,-0.46535125239641173
ACTL6B,-1.3283101541860658
ZBTB47,-0.46795106524733565
CARTPT,-0.44908080816815155
SIGLEC7,1.8842143829451485
MYO7A,0.20166313176637993
WNT11,1.3165893980784174
REM2,-0.5620199411464005
STX1B,2.6267297627861557
MYO1H,-1.441947214931616
NF1,-0.7876772257846536
IQSEC1,0.4189728761712839
IKZF3,-0.748088201502105
ZNF143,-0.5464950013344083
NANOG,-0.9091548694950803
ZNF354C,-1.0028747265912736
ANK1,-0.4368120763063576
ZNF221,-1.1385529703555723
ANKRD30A,0.03460875953335099
CYSRT1,0.9495135457712012
PRDM14,-0.8345464424513408
RAB12,0.3127495600883966
KRTAP1-1,-0.6828732945883583
ERP27,0.33897589813269574
ZNF300,-0.24400412177544986
SGSM2,-0.09578588734116696
EFCAB13,-1.540288654927881
CAMK4,-0.6523961727582506
LRWD1,-0.6998070691783416
ZNF605,-1.0353529564343005
ZBTB18,-0.5933019898360257
MAZ,-0.477652881750633
ZNF844,-1.8895474102777259
CALML6,-0.8191898598532898
TINF2,-0.025627282416467414
ZNF776,-0.7362259463898676
LRRC10B,-0.7223811713275513
SYNGR2,0.8113842990588283
SEC14L2,0.06552262032498252
CMTM3,0.08809748094930125
RAB4B,0.679855065640592
TIMP1,2.663351855358934
MAN2B1,3.4010346058671277
ZFYVE27,0.9288131146635864
CENPX,0.06826938288639131
PPP2R1A,1.479005345211765
LAPTM5,0.30583991165484714
ARAF,2.612934478357853
POLD4,2.737384273544533
IFITM3,0.8565686978577263
SYNPR,-0.6566906640988516
CMTM8,-0.5777672802030412
PLIN3,3.5139592769925323
CDK2AP2,3.0455095952314095
LTBR,0.5412090624618295
INPP5D,-0.26697587585065363
OGDH,0.23078645455335117
COMMD9,0.4642206032990093
SNX8,0.04719679851549448
SCAMP4,1.344319859174042
PSME1,1.12909177907806
STAT3,-0.24356669841467798
SYNE4,0.11799460927135277
VOPP1,0.25719567188297654
EIF3G,0.09226120409122629
TOR3A,1.5469407176938224
SLC34A2,-0.026974057912672263
MARVELD1,-0.5033229459415067
COX8A,0.39264469844618727
PSD4,0.3101207730681319
VIPR2,-0.8860012752466969
PLLP,-0.36709372363096787
PNPLA6,1.3259762891098432
CTSH,1.9807380557058543
HLA-DPB1,1.1572236433305958
HPCAL1,-0.07209481002187373
SCAMP2,4.661393676437344
HSPB1,1.6250443614950145
CTSA,3.7977007434474603
FPR2,-0.17619269382386404
PRMT1,-0.5771651888151575
CREB3L4,4.001495360046993
IFI30,0.8102183306275236
ESRRA,0.17652705457056503
CTSD,3.272861241695934
APRT,2.7267645006333674
GM2A,1.3743259953395621
GUK1,0.10042591691465033
SMARCD2,-0.16659351977049963
YIF1A,2.450258269356702
SERPINB1,0.06074472528569512
SLC15A3,4.661932427064119
PARVB,0.6610532623918691
RBM42,0.5298180593706733
SYPL2,-0.6044392844333512
ORMDL2,0.5048316258583424
LST1,1.785824570675201
ARPC1B,1.684578791879237
EIF4G1,-0.30154939480005993
SLC2A4,0.37477368528828703
TAGLN2,0.42122754996858636
TNIP2,0.585844759456854
C9orf16,0.8256475788914353
ADGRG5,0.6920266913873183
TIRAP,-0.2926458861158779
UQCRC1,0.254222479598784
OS9,3.592224467887405
SZRD1,0.3058858798100313
MRPL23,0.28420938170192717
ALG3,0.682412102011858
HLA-A,0.7986262423224584
NFKBIA,0.6616605551006037
HLA-F,1.0264477486378718
G6PC3,4.344168800651212
SLC7A1,-0.16572806436630375
RRAS,3.7529815072182147
ITGB2,1.0511103103655548
RNASEH1P1,2.313569395657428
MYADM,0.028242911946801796
EDNRA,0.8152656538416589
MPG,4.793882729078478
MAPKAPK3,0.2872481157541435
CD81,2.3220236040464455
DUS1L,0.009015955955071845
HMOX1,0.6878396511567474
CYB561,0.361300207963266
TREX1,0.7580355515448001
SLC35B1,0.1497839363145478
TMEM173,0.784435556466266
PCDHAC2,-0.18329264880160745
FATE1,-0.6805427387886909
SYP,-0.14250804118760352
HLA-DQB1,1.2461721726944857
ZYX,0.2448968393838845
CMTM5,0.010151982489029786
TAPBPL,2.2331934877427586
TGFB1,-0.2265825430473961
MRPL12,-0.05266075270975675
TFEB,0.8005516297781818
SGSH,3.997604094783098
MAL2,-0.39273203632409553
HID1,-0.21962315408889743
SDF4,3.7357113162020723
TK1,-0.21828749767926778
BLVRB,0.9001678141910616
CYHR1,0.9145815239794952
CAPG,0.8788794709513783
RPS6KA1,0.05635183060302511
SBNO2,0.6251014089789281
ATOX1,1.438608719545671
TNFRSF1A,0.27938391499221105
ADGRE5,0.2609743598531972
WARS,0.22841274046664725
TCIRG1,2.355482371267717
PFN1,-0.03684496399637663
CD14,2.2055880380849446
SCO2,0.23993480961982366
FLOT2,0.19819804901505073
ELOVL1,0.659435582471824
SLC22A9,0.6024530368879568
WDR83OS,0.931878255743681
CD74,1.194501576229921
TMC6,0.19921945310289857
MYH9,-0.31656312015520827
ASNA1,0.37409506376931767
TMEM134,1.9846961922572677
PSMB10,0.5253766723593258
LRPAP1,4.260370778350993
LMAN2,3.2702032859534844
ALDOA,0.49938639740754004
STXBP2,0.48720160618604236
TMED9,2.1564670021666883
PLP2,0.14619328225196884
RNASET2,0.8865846942747613
UCP2,0.28748540226919256
SNX17,0.5248632930902775
STAT6,0.07477939384565035
ATP6V1F,0.43640384319704106
ARF3,0.339974822213056
SERF2,0.9252999108023858
TOMM22,-0.013777468349970661
TRADD,0.6821246651249876
CDC37,1.4518234837692123
NECTIN2,2.0138279609486864
CFLAR,0.9443260399033441
POLD2,-0.006753377820760269
CIB1,0.4677163644892286
SAP30BP,-0.5612673951798743
ETHE1,1.3527537430811964
ICAM1,0.6213816441423469
ERCC1,0.41419630279503533
S100A4,1.371147724348038
NFKB2,-0.40327320985019016
BSG,0.6490106971294362
SH3GLB2,0.3117378187617446
DUSP3,0.010768865024274437
ASL,0.8588126255429652
MVP,0.989961304195359
DPAGT1,0.33652874921603027
CLIC1,0.28759507220730685
RAB1B,0.16042894193108675
COMT,3.470729387690438
GNB2,-0.11093025670700592
TMEM147,0.6418366723088657
GALE,0.28712828248089534
TPD52L2,0.4047720762477145
EIF6,1.246229845128641
CST3,3.641098325604645
NFKBIE,-0.24005122669503579
TSPO,0.7202341214867589
ATP6V0D1,1.7227536114497912
SSR2,2.856240368350641
ATP6V0B,0.9387795415411972
CORO1B,0.6363989502776859
TRAFD1,0.0822434695930455
RALY,-0.12229199620997365
LTBP2,0.9669132886722261
SLC22A16,1.4348674204031617
MRPL58,-0.36391293757233456
PREB,0.5042315459635239
TAPBP,0.5872879303272411
BANF1,-0.040498129938049465
EMP3,0.8399789625043599
PSMB8,0.21810261191737565
HLA-DPA1,0.7474211421912342
PSMB5,-0.2551028192709812
FAM89B,0.6456234077742695
PPIB,2.3943206774661827
ZBED1,0.5890512852984718
CLPP,0.06350037178973728
AURKAIP1,0.33087749083031814
BAX,-0.13296071555513875
SLCO1B1,-0.3114959857153005
GPR52,-1.1329863925311499
DDOST,2.8283627231052777
GALNT2,3.017738814686242
OTUB1,0.40477259409083777
GNPDA1,0.07398599137474333
HLA-DRA,1.1180915686045103
INPPL1,2.1751817772460305
PLOD3,2.3399914951641296
SLC9A3R1,2.1308202340621416
TMED3,2.717081651298615
GSTP1,0.13018315007644923
SSNA1,0.20046396004084066
PEA15,0.5139293965679261
APEX2,0.502147611327327
ARHGDIB,0.33577212375154086
SH3BGRL3,0.9620324714289147
CMTM7,0.03150394942970026
AP1B1,0.21709314844600158
DPP3,0.5145089402587641
GAA,3.36863343031766
DPP7,1.5091777031344569
ZNHIT1,3.7382114639460142
HLA-DRB1,1.1316444136403696
TRAF4,-0.34038408633132666
COPE,2.377280210488048
CD44,0.5951635677172633
PDIA4,2.8476761115019027
PSME2,0.16635114397961084
CD40,0.3257669201569253
COA3,0.5558326010388873
MOGAT1,2.8234317223486975
CYBA,0.8966838339999517
IL32,1.9240008909582957
ARHGDIA,0.16777907740667553
CYTH1,-0.18628401611345918
TMBIM6,0.7286783986078477
LMNA,0.20151371632602372
MSN,0.1984855487957866
SQSTM1,1.205954922262311
TAX1BP3,2.636873809210691
ATP4A,-0.609894732371857
VAMP8,0.6621027474118582
SLC16A3,0.583899418421919
CYC1,0.12907737375866563
GPX1,0.7045357302689995
OAZ1,1.017169968855217
TYMP,0.9564864747485111
CMTM4,0.014499923787740452
UNC119,0.03175824856036404
GORASP2,-0.13355631326149636
WBP2,1.2849905633967178
AHCY,0.1320957790054571
HLA-DMB,0.575075111306995
FUCA1,2.1475159047921535
HLA-DMA,1.5549024668562672
METTL26,1.0080432492833014
SORD,0.17819395779761457
HNF4A,-0.6032261870053257
PHACTR1,-0.16313729916330422
RPE,-0.776531341620635
MVB12B,0.0658366425283878
CHMP4A,0.4745358969119512
CHMP4B,-0.18314608072489294
CHMP4C,0.025911866095027
PLCG1,1.3711489154048662
CHMP2A,0.14704225192675638
CHMP7,0.6300906144228213
CHMP6,0.38035528129913926
VPS25,-0.05979400703845403
VPS28,0.3473021969347881
VPS37D,0.18165527002863993
VPS37C,0.3133457403296648
VPS37B,0.9229431509169987
ADGRB2,-0.6436344504223922
METTL15,-0.23672516537511293
SNF8,0.2993866581675694
MVB12A,0.7081407695708211
SLC25A41,-0.3094429866127963
VPS36,3.4809517899639313
ITM2C,1.2731030452770948
VPS4A,0.06304853334140052
RNF17,-0.988423343532976
TSSK1B,-1.218094605298616
GALK2,-0.6332705502926319
SSX3,-1.567189395027487
OR5I1,-1.1993870298432547
FAM205A,-0.8766808334882628
FAM186B,-0.9840462823252852
REXO5,-0.9129222941444439
RLN1,-0.968548390936737
MYL1,-1.153616445224888
ADGRV1,-0.2373734071807908
MS4A5,-1.0491283948890244
SOHLH2,-0.859300002170012
PPP3R2,-0.541581535987476
SOX30,-1.2325475586815906
FNDC8,-0.8659794536221934
AKAP3,-1.193952568546647
OR12D3,-0.7228185287107146
GAGE1,-0.9795147828622134
CTAGE1,-1.3348700214486326
FSTL4,-1.0836547490430763
TIAM2,-0.924591302180602
MOV10L1,-1.204910763543846
ADGB,-1.415177153537628
THEG,-1.2022279746275082
RBMY1A1,-0.9628500251494081
P2RY4,-1.0279690443331864
PLCZ1,-0.7804927340807141
BRDT,-1.2616140313354895
C20orf173,-0.7665639349487946
IFNA17,-0.9193299676873705
IFNA16,-1.0678424162367255
ELSPBP1,-0.7798619494472778
DAZL,-1.355004325301528
TDRD9,-0.3650512602062936
AQP5,-0.9287447719262675
FMO4,0.1142248597250964
SYNGR4,-1.2509248389775873
SPAG6,-1.5304502345927393
TERB2,-1.2069879487009758
TDRD1,-1.0495533523220975
C4orf17,-0.6814112010147798
TDRD7,0.020913712906944305
BOLL,-1.1946164345513373
TDRD5,-1.1401753814365398
TAS2R13,-0.678759643823838
SLC26A4,3.0706067826008905
CCDC155,-0.5496524199835421
ADAMTS20,-0.98681725696402
ABHD1,2.272485735586754
ADAM2,-0.8826690390740213
CYLC1,-1.3495069543765918
RFX4,-1.3644924131958842
KIF5A,-1.2645520640958627
NPY5R,-0.7666279282792591
CCDC87,-0.8289344037301004
CYLC2,-1.3562091815854664
C2orf16,-0.7918043000307833
DDX4,-1.167046183412334
CCDC83,-1.1592315521665573
SPO11,-0.920870962905122
PIWIL2,-1.386899686414341
DKKL1,-0.9773243042704052
APOBEC4,-1.0630117196698528
LDHC,-0.8091166509140739
SLC22A14,0.7706261920006479
YBX2,-1.0898463193971044
C16orf71,-1.0154598329807665
CCDC63,-0.5226361889234564
SPATA12,-0.9536620450777346
ACRBP,-1.2657374301974942
SLC7A4,-1.00995848550253
MAEL,-1.0120981125980282
SLC25A31,-1.1016524790489182
ACSBG2,-0.9641879642327728
TDRD12,-0.9209139776303338
OR2W1,-0.9096286342605663
TDRD10,-1.0855152106481616
PAGE1,-0.6250086480063894
SHCBP1L,-0.9041401050549449
OR2H1,-1.4314968961753816
YPEL1,-0.5026455239927103
TULP2,-1.3105320641272824
NME8,-0.07256743918169771
TEKT3,-1.1209652175002134
TBATA,-0.6673216390983695
NMBR,-1.2854648814362162
PRSS37,-0.6087210595721045
HSF2BP,-1.1416242897364732
RPGRIP1,-1.4843105348221277
GRM6,-1.00191495089013
CAGE1,-1.0209914853836204
CABS1,-0.7768013297136814
NCAN,-0.37001453286535224
PRSS54,-0.824155332697295
ODF1,-1.51634890691266
SMC1B,-1.1589892332299203
SPATA16,-1.005177313698615
DNAJC5B,-0.5677171253636144
OR52A1,-1.1567102748551576
ZC2HC1C,-0.924847374483275
TCTE1,-0.9501572391429414
DNAJC5G,-0.23059129764384984
TAS2R9,-1.0575916915376629
CNGA3,-1.2269975753584612
NPHS2,-0.7489524264418523
GOLGA6B,-1.1988110758752686
TRIM48,-1.052482235111911
TMPRSS15,-0.4745089385077863
SLC26A8,-0.22439069613448773
ALLC,-0.6979376832612005
SPACA4,2.2427003054990227
SPACA1,-0.8425359608509542
TNP1,-1.14944046698488
IQUB,-1.3869841226480162
STK31,-1.0006701140370904
ADAM30,-1.0018379669310427
FBXO25,-0.7554863556878956
FETUB,-0.7328038673013026
PRR30,-0.9101993490020325
AGTR1,0.18708852815553484
EFCAB6,-1.1274127057336087
TFDP3,-1.3124561500075564
AGBL5,-0.6593312660878594
MAGEB4,-1.4131940111614423
PIWIL1,-0.5859735735588829
TEX15,-1.2738835610855397
TEX14,-1.36682888895888
GAPDHS,-0.9630819378529794
HTN1,-0.35409594467828753
TEX11,-1.0392654672868564
CCT8L2,-0.8413215751847581
TEX12,-1.3745307413012513
ACR,-1.0680898100888956
RFPL3,-1.1360053246770991
SMN1,-0.6876658147355242
ADCY10,-1.34215912875693
CBX4,-0.35904014194889167
CD1A,-0.7374361920359068
CNTD1,-0.9567432770397337
BTG4,-1.2974896502739013
CCDC105,-0.6776980613026338
NR6A1,-0.8080977354589983
RRH,-1.124508250644027
CCDC62,-0.9924692021880641
HYPM,-0.9082206628154718
SPATA22,-0.9750412449955842
TTC29,-1.2237570825624564
CIB4,-1.0158217196821662
ADAM29,-1.0170732141911578
PSMA8,-0.5084749368440162
CRYGC,-1.0950812660900138
FAM209B,-1.2073999049622723
FAM209A,-1.1250910584541978
TSKS,-0.6753603090367881
FSCB,-1.2169096804248867
MSH4,-1.2926625748235063
KRTAP5-2,-0.8094202087572865
LYZL4,-0.49239978380390814
CABYR,-1.2526294238008235
RBL1,-1.178298950870433
ZPBP,-1.2444726476168453
C10orf95,-1.1720118062084028
TSPY1,-1.2213426158174443
SYCP1,-0.9496947041341646
TDRKH,-0.8975309842652016
TAAR2,-1.3623487386172444
WDR93,-0.9051734150056552
TAS2R4,-1.0845972511117528
OR7A5,-1.3892684579953616
CRISP2,-0.9926485419113873
GDF9,-0.9421481888485049
PRM2,-1.4962613805169307
CPNE1,-0.8118815709883322
IFNA14,-1.2435303472698556
PDHA2,-1.09949006053736
MORC1,-0.5310937796841829
BIRC8,-1.0192933382953975
TEX33,-1.3007270964674518
PZP,-0.7852513667278401
LDHAL6B,-0.7739621967777512
IL12B,-0.7377839967749398
TEX35,-0.7222797168105005
TGIF2LY,-0.5806780696782197
CLGN,0.38932721061494113
WDR87,-0.7079167415210718
ACRV1,-1.2515221193175654
SSMEM1,-0.7004917887710509
MAGEB1,-1.1805635756750172
SLC5A7,-0.6078731887623617
ADAM18,-0.8383056487301848
CLPB,2.242714900496733
ARID4B,0.5932717143058913
CCDC169,-1.3692442870922203
ANKRD7,-1.1657411463577831
C20orf141,-0.5134564938124773
TDRD3,-0.6007734563940489
UBQLN3,-1.193173387607667
OLAH,-0.3847711885520799
COLEC10,-1.1108806994773448
POM121L2,-1.4250761798373086
TEX55,-1.1764759381746934
GALNT8,-0.4674565238382152
AURKC,-1.416956087974757
FAM71F1,-1.23314150530114
LRRIQ3,-1.2755857448061632
TAS2R16,-1.171012288951859
OR2C1,-1.0928787354245686
CCT6B,-0.6105568407236264
TTLL10,-1.2202472488579088
CDC5L,-1.0584888246887145
CPXCR1,-1.254880740615253
PGLYRP4,-1.1058023549468907
PRPS1L1,-1.0361813808937108
ROPN1,-0.9696621121850527
ASZ1,-1.1001663910591684
MNS1,-1.321061379204131
ELOA2,-1.3541442189299562
TDRD6,-1.0332468060736426
LUZP4,-1.0687117880996306
POU4F2,-1.099644956018679
TP53TG5,-0.7990690689335637
TCP11,-1.19296230441558
TCP10,-1.03546358381825
OR7E24,-1.4005462120651742
MMP25,-0.45205462462315815
PAPOLB,-1.037724585219234
C22orf23,-0.9309700350367797
TAF7L,0.9287749842539079
MAJIN,-0.7932916761887272
OAZ3,-0.8603487331458839
ACKR2,-1.1794172315940359
C3orf20,-0.10816978033816212
TSGA10,-1.4374504635715495
C1orf94,-0.8471687126373272
ZNF541,-1.010898999736191
SUN3,-1.020352665917506
FSCN3,-0.927320892172132
HTR1F,-0.9175897732795784
RSPH6A,-0.9506009642848554
SPATA6,-1.0069606596518943
MMP26,-0.8526712872388157
C2orf42,-1.4256095978310934
MZT2A,0.46800259776876374
SAC3D1,-0.20352000101586232
RPL12,-0.3990817271959556
NELFB,0.1413441502768676
SRSF9,-0.6111610494866287
NDUFB4,0.2302608983428001
SIVA1,0.18610749593560766
NDUFB1,0.371868611087466
S100A9,0.1372661959700431
ANP32B,-0.26165284648922243
MZT2B,-0.23904750154714657
ATP5IF1,0.17718407030579456
UQCRB,-0.4013394089976779
EIF3H,-0.5520471263353591
GPS1,0.43199217099283355
NOSIP,0.2013950303116913
EIF3L,-0.4049509211501135
CEP135,-0.6887300488415102
PARK7,1.7864318950982088
EIF3D,-0.33270263508986636
EIF3E,-0.6898427170386224
COMMD4,0.2826150016500271
FAM173A,3.1629435273650883
PLK1,-0.8150127076829924
EIF3I,-0.37336451834772755
NDUFA13,2.4544308895724036
NECAB3,0.3688092039041207
MRPL37,-0.06691842048375035
LDHB,-0.3709110063045248
CENPJ,-0.7792220676832413
IPO4,-0.4461963805471089
MRPS7,-0.38971292171777594
IDH2,0.4106556361304472
SLC25A6,-0.0327210759460209
SCAND1,2.1386871913563836
NME7,-0.5500782670371386
RPL11,-0.4304311513268802
PHGDH,-0.08396699615171632
TEX264,2.53002676422254
RPS16,-0.3878897247382016
UQCRQ,0.3126198049786534
RPL19,-0.296030556933818
C19orf53,0.24848814528673027
ATIC,-0.526323615815557
SNRPD3,-0.7784799792762073
SNRPD2,-0.7286270129938631
PTMA,-0.4754311146444926
EEF1G,-0.30635473264254276
EEF1D,2.3343430753316885
RBBP7,1.7459230899304885
ERI3,0.5504893481281854
CEP290,-0.8440447305790995
SNRNP25,-0.15079191787886503
POP7,-0.41814946248386203
MRPL46,-0.3415692414612324
CEP72,-0.512180919865683
TUBB4B,-0.649094283934568
PSMC5,-0.40272043178027384
NTHL1,4.773658774140337
MEA1,0.34807233756425243
TLE5,-0.21811430968936762
HMGN2,-0.26425446569994543
RPL8,-0.3741780542194633
MRPL22,-0.544764133071393
MBD1,-0.8128242639245592
RPL4,-0.45422060768807826
RPL3,-0.47263925898058473
SLAIN2,-0.35588146495993306
NHP2,-0.2950606934007935
DCTN3,-0.12000003107834722
COX6B1,0.35717170990411146
TIMM8B,-0.14563842942072294
CHCHD2,-0.35497560895068186
PMM1,0.6807302301534629
REX1BD,1.2131286855612413
ECHS1,2.7189283987210042
TUBA1C,-0.01828287461630955
HAUS4,-0.5008329163543503
MRPL17,-0.40889112748100515
MZT1,-0.6802330699494548
CCT7,-0.5138833032186686
CCT4,-0.719681858499876
PRKACA,0.8513608228798842
TIMM13,-0.08898857071774413
SRP14,-0.31393875752255845
BABAM1,0.33012149225588394
UQCRH,-0.20155599428422
ATP5F1D,0.6166946806303529
NINL,-0.47477539080033837
COX6C,-0.4052587224715975
PEBP1,0.16286780775303117
NUDT1,-0.2626512627403619
UXT,-0.18849819093255357
DDT,0.6747761385250547
ECSIT,0.1859034898008658
RTRAF,-0.6518973449405912
C1orf35,-0.2844050294562417
TUBGCP3,-0.8033237147231622
TUBB2A,-0.5957086100799122
NDUFV1,0.5689071524162174
COX7C,-0.28858305676911356
GTF3A,-0.5540924421027614
ANAPC15,3.962402587971192
POLR2F,-0.6641591479639856
GPX4,0.41640401189173476
HAUS8,-0.3890457504174273
COX17,-0.18319892580439187
LCMT1,0.01892655675231493
CUTA,0.8735171455260989
RPLP1,0.09167876898842357
RPLP0,-0.35203082607959757
TMEM161A,1.2221236700293872
RPS7,-0.49335714227899524
C12orf10,0.6670209644047214
RPS3,-0.5265119062174433
DYRK4,-0.5538896101889544
PGAM4,-0.15992363043762067
RPL36AL,-0.6597948938713724
HARS,-0.4725173347622763
HINT1,-0.16633832558263217
ATP5F1E,-0.19700629786732937
RPS8,-0.3301945934616932
FAU,-0.19077497722733852
SNRPA,-0.45760340103474817
NFU1,-0.28238345771199097
TMED1,4.212397605852193
NEDD1,-0.6801278254811705
CDT1,-0.7283017183104198
SS18L2,-0.7394558925987871
TBC1D7,0.12620349022660474
RPL13A,-0.3308585801807532
R3HCC1,0.8164163451783819
DPM3,3.539770892079439
HRAS,1.4467129185932281
LRIG1,-0.7187769827372225
ETFB,2.1094302888843646
RNASE7,-0.8782876308356172
RPS5,-0.3544172588821606
ARL6IP4,3.2816897917472065
PTPRA,0.07085450094768538
RPS28,-0.41532662439485546
COX4I1,0.4823982882819837
RPL35,-0.28515359485204295
LOC400927-CSNK1E,-0.36234704525701267
SMDT1,0.5723087151999725
FAM162A,0.3636725322146958
NAA38,0.6087819608800595
RPSA,-0.5533292348290899
WDR54,0.16657346341965742
TACC3,-0.7717348122311276
PGLS,2.541917317859426
RPS15,-0.4495452714784054
FARSA,-0.09939088338850707
RPL10A,-0.40261067639214626
DGUOK,-0.3588213494647482
CDK5RAP2,-0.5392212527682502
TUBGCP2,-0.05150767122122484
WDR18,-0.1708379654099479
TUBGCP4,-0.8368045248393229
TUBGCP5,-0.38306491181736857
TUBGCP6,-0.24309566184021403
FBL,-0.6636531222328821
CEP131,-0.36959458679749646
COX5A,-0.1470418593743421
RPL23A,-0.6390134252765935
TXNDC12,0.9256191755142723
SF3B5,-0.4010098816687342
PRDX2,-0.10442993821849275
BAD,0.4969922910767728
PFDN5,-0.35351890193944174
CAMLG,-0.43250878398141096
CD320,0.6243758104854403
SLC2A4RG,0.8011981438555735
RPL29,-0.20422878606516828
PLEKHJ1,0.7898018266807237
RPL27,-0.48927129777113726
NUDC,-0.24125792636010218
NOP53,0.04296649091883176
RPL22,-0.10181316806712623
MYL6B,0.102637613426544
MRPS34,-0.04977134959969907
EIF3F,-0.24524094171806224
YWHAG,-0.7417986307703124
ATP5MC2,0.010255695420142215
EDF1,2.456831633593579
NDUFC1,-0.20943594249909772
NDUFC2,0.2200928204509436
LSM7,-0.35241026355399085
TRAPPC6A,2.109904528245929
LGALS3BP,0.5539551119367949
TMEM160,0.5243326987821287
OLA1,-0.4270553179139575
TMA7,-0.2635815495256014
TUBA4A,0.09679168271126692
EEF1B2,-0.4851192663356086
SNRPF,-0.7805043820991866
SNRPG,-0.9422098433071453
RPL36,-0.2867730917910392
RUVBL2,-0.5869665816153078
FIBP,0.5887328955122351
RBMX,-0.9217767041718994
TUBG1,-0.4815250403627198
HAUS6,-0.8947055677035235
TUBG2,-0.7066080024952418
PHB,-0.10960354707845693
BOLA3,-0.051686361547727204
CKAP5,-0.9744144726582694
HIST1H4C,-1.069348383493017
ATP5MF,-0.06749759642667513
ALMS1,-0.8367773461800171
MRPL57,-0.21048150167229634
PTBP3,-0.5739244555407534
OFD1,-0.8875057442652282
MRPL13,-0.6161481765630659
USP34,-0.7001179160442842
TRAPPC5,0.32550053714229593
ATP5ME,-0.12900968539545948
PRR11,-0.9867387641162214
RPL9,-0.5406517283723662
CHD8,1.1171005144686728
TUBA1A,1.0397927856098093
ZNF160,-1.3400071948522019
HAUS2,-0.8147642206864893
ATP8B1,-0.5702178813873472
ATP5MPL,-0.3229814575075496
ZNF611,-0.9807147140964417
IQCF1,-0.2324708799997727
RPS15A,-0.4564768790815072
RPS2,-0.4109445221298325
ATP5MG,0.14933328578973498
OGFOD2,1.1946376310911975
TMEM206,-0.4657402805953513
RPS27,-0.5349255728290664
RPS20,0.8061752894623673
GAPDH,-0.4780815594625683
APLNR,-0.3209027680850743
MYC,-0.10801010515620013
PODNL1,-0.9231784641542515
SRPK2,-0.7547260308739966
NDE1,-0.7898230302186119
DCLRE1C,-0.5385049935449375
GTF2H3,-0.6470049674965437
RPS29,-0.31112265680682466
RPL38,-0.4839831962913778
DNPH1,2.8156464587439025
RPL32,-0.32168681108019054
NPY2R,-1.062623541470952
CHMP1B,0.11936572367563783
HSPA2,-0.36470516712066925
HSPA6,-0.2314344527831873
HSPA5,1.9949496982832118
GNA13,-0.7420444094283126
HSPA8,0.630534263154321
IST1,0.25921820708311966
ZFAND5,0.059949091478740696
MAFF,-0.186113144455934
SNRNP200,-0.5968586906292707
BHLHE40,-0.4330048562775444
CNOT8,-0.7083554940989079
MTMR3,-0.24543927435397886
WDR5,-0.9950767799038931
ARFGEF1,-0.29287343277597544
PSMC1,-0.5019091892441839
MAX,1.6436915719735559
MITD1,-0.4190523799417625
RASSF7,2.9214278934005202
GRID2,-0.20727445823985027
IKZF5,-0.5523761542563851
BTG2,0.0006218854057999588
EDC4,2.9598186096753123
CC2D1B,-0.756445854201588
ETS1,-0.36655956980256715
CHIC2,-0.19491246192055064
NEK2,-0.7400987515426616
WDR48,-0.07626003099267072
RNF103-CHMP3,0.1599897051410458
VTA1,-0.5666575290825633
TNPO3,-0.47358109966463746
SEC13,-0.1158158425049418
CNOT10,-0.6741517906754702
SENP2,2.6811971130816157
EIF4B,-0.5933132527059052
USP54,0.12875742654036795
PPP1R2,-0.13821338998959276
SSRP1,-0.6942219434656529
FLOT1,0.21488749001881025
TOX4,-0.32970642923535326
TRPC4AP,1.1527779636282938
AL136295.1,5.94664852011654
ABHD17B,0.8767924645171415
ATF3,-0.05491010778719909
CCL14,-0.3564743504925387
RFC3,-0.9350599015869616
MAPK14,-0.5039518675669331
EIF1,0.20038238491138732
BROX,-0.31399711783753126
CHMP1A,0.21693003394542093
KNSTRN,-0.734645387074674
TMEM63B,0.29051561069857706
PICK1,-0.6508194195970205
GRID1,-0.12085296220965984
PPP1R15A,0.185716836060938
GABPA,-0.5819796694061216
RNF146,-0.29769003012105705
ADPRM,2.8286454661419715
CLTC,-0.5585821787427017
HSPA1A,-0.4136316623449966
MAP7,-0.24493695494670725
ELOF1,-0.23210377444954736
EIF2S3,-0.5366442865811719
HSPA1L,-0.37829267644345527
PTPN23,-0.09513631086810195
PGD,0.5967662301607561
WASF2,-0.14017769890484638
HADHA,2.0601687491900416
NRAS,1.5551861080018272
SELENOT,-0.06380183733797846
ETS2,1.682879595450658
KLF4,0.8848388614329801
KLF3,-0.11507483034769295
ATP6V1B1,-0.12777409641598778
STON2,-0.05649256178345758
SLC25A15,-0.6661407028457139
SUCLG1,0.26189921173222447
LMAN1,0.19515571109963376
C6orf89,-0.28021109447147324
TFG,-0.3522497260485422
PRUNE1,0.4446833283780378
TGIF1,-0.4251846961897454
PMM2,0.012130759547173636
HIST1H4I,-0.823541003479405
FKBP2,2.9144566998008554
TWNK,-0.5510029057057966
HKDC1,0.12625335417365624
PPP4C,0.09728455808544649
LARP1,-0.3601466383425757
WDR3,-0.8612217972259859
TUBB4A,-0.8542573505220014
AKAP8,-0.5701057256749488
BAK1,0.17982527883515206
ACTA1,-0.8056054112568845
ATP2A2,-0.15242855833832422
ATP2A3,-0.1114492691508811
NOP2,1.028442786083531
PUM3,-1.0808675691122833
WDR43,-1.0198620652318344
XPO5,-0.5983738785258296
CCT2,-0.7390296488559829
CCT5,-0.7854232319651328
AHSA1,-0.42031785095411706
PAM16,-0.021808944070310504
TIMM10,0.10561423214448346
CNGB1,-1.4072747590792758
PTBP1,-0.5354474381129556
UCK2,-0.06588637440933219
BLM,-0.8979110579246459
GDI2,1.942926998845039
SFI1,-0.26903522228139454
DNAJC2,-0.9054084016046512
PPTC7,-0.4534570124757874
MYBBP1A,-0.5845479108750223
GFPT1,-0.09315706261345458
GFPT2,0.8983280706435479
EIF4A1,-0.4822136710622466
EIF4A2,-0.7572644159641797
NUTF2,-0.21211985732173202
PKLR,-0.5523431523118346
ATG101,0.3549346025094739
PRDX5,3.0314122185899293
FAM86B1,-0.21516622494769055
SAR1A,0.0297503841914993
ALG12,1.5302829918576755
NOL6,-0.7057089088432152
UPRT,-0.1360443178546661
UBIAD1,-0.28988045836638604
AK2,-0.3968338886211399
ATP1A4,-0.6610193734256606
ATP1A2,-0.7022550927681196
ATP1A1,0.011231403621393111
MARS,-0.5240553175704818
SARS2,1.6421248514924627
EEF1A2,0.054675142684494575
MCRS1,-0.2137946750315184
LARS2,-0.4991298868377454
ACOD1,-0.410907399676433
RDH8,-0.4384006617153029
ATP13A1,0.6071745805689778
DDX18,-0.9393386959626984
PSMC4,1.6875801378816762
NOLC1,-0.8470293328981187
E2F4,-0.598983334516508
CALU,2.1532438924356736
FUT4,0.7799793655978979
SLC1A5,0.08304776424680994
EEF2,1.8952117949450786
BZW2,-0.5090740472277157
MAT1A,-0.7989708097510363
PES1,-0.3442664179160973
PYCR1,0.17548790707383177
GNL3,-0.8699598049043313
GNL2,-0.8467042953353598
TUBA3C,-0.5942019053060468
TUBA3E,-0.13793856690783776
EIF3B,-0.4182093607840727
CNPY2,4.043683837802313
MRPL36,-0.8146928805394014
EIF2B5,-0.28902252552830504
IMPA2,1.4063947364419218
SNU13,-0.6780481798031505
ATP5MC1,0.1236077742922559
ACTB,-0.924095902176703
ALG8,0.0864988691887421
ALG2,0.29311494476721206
ZNF593,-0.01764650677861134
BCKDK,0.6450500509528504
BTF3L4,-0.39160157098244774
RUVBL1,-0.6517535945800662
B3GNTL1,-0.18389279371825867
FTSJ3,-0.6610924482788006
DDX55,-0.8811964225924903
RAB43,1.2698199753419883
RRBP1,1.3700562728397725
PKM,-0.024750005683872103
TPT1,-0.09626896939228238
CSK,-0.356303709673518
BOP1,-0.13541567612745634
MTHFD1,1.4828677047619108
COMTD1,-0.1029481423768154
COX18,-0.0018143028959179972
TMEM214,0.7044724000461927
HDAC1,0.8496989444220691
SLC35C1,0.2999634023042311
PUS1,-0.4967077679189219
PUS7,-0.8984253690061796
RRS1,-0.7746607788565634
CARS,-0.16320597840704534
GMPPA,3.203469166432562
GMPPB,0.7138254743728418
GCN1,-0.5416942089654897
ENO2,-0.03398489869872997
ENO3,0.3551015404068966
SND1,2.530611775236018
DUT,-0.5890130682227385
RXYLT1,-0.33064211198594123
NAT10,-0.6886300988835352
DLST,0.01392877206076113
TCP1,-0.7303441956396627
PRDX4,3.047968846042251
PRKAA2,-0.6148646101437115
SLC5A6,0.0329853346382334
SLC25A21,-0.4495324296178461
BID,3.2723678918007413
PFKP,-0.09704192192979509
HSPD1,-0.46680271494603526
PFKM,-0.023181223199737852
PFKL,2.0909439122261904
MTX1,2.1465062858137633
GNB4,-0.7264146379941124
NANS,4.339909078681042
EIF5A,-0.17867103811969565
CCT6A,-0.8143236501625415
MAT2A,-0.18273604702636212
ATP10A,-0.7384831550826805
ATP10D,2.775931035466696
OSTC,0.08495527950868863
RER1,1.1677271211403626
MGAT5,1.2658668099533257
MLX,0.4506294713212684
DDX21,-0.8092875375778702
DDX27,-0.7051971150214782
ABCC1,2.1522721974637538
ITPA,0.5930508108918032
TARS,-0.6426651949056758
ATP6V1C2,0.13954360135770522
TIMM44,-0.04252715368166467
TOMM40,-0.17742267293073355
ACTG2,0.38110870413772463
MLEC,3.2789925174726204
TACO1,-0.23070770856997577
POLR3E,-0.7248637421160021
ATP2C2,-0.7966201462042882
TXNDC5,0.46093531707376384
TAGLN3,-1.0680046885064134
IARS,-0.723170293381368
SLC25A5,-0.48046002316272063
SLC25A4,-0.2682622039047887
SHMT1,-0.11950565024483786
NME4,0.1811784854996785
DNAJA3,-0.49575676247060485
RMRP,-0.3332485304442668
NME2,-0.09763751838850283
NME3,4.155007959434017
KPNA6,-0.7537988989875501
KPNA5,-0.9491318611164693
RUNX1,-0.3770840012782601
FKBP1A,1.8090187679347431
SHC1,0.06285820218645612
RRP9,-0.32112618720558694
PPRC1,-0.8106717513416691
NOP14,-0.5992026829132555
TNFRSF12A,0.05872215838806601
PITPNB,-0.4644604762831952
PPM1G,-0.41185740271572674
ABCF3,2.0925116213527253
ABCF2,-0.24970978476667385
PODXL,0.34456949588588004
YARS,-0.28271362789436555
B4GALT2,0.42269830622627824
CHEK2,1.908216979200263
B4GALT7,2.7279809216602806
CLUH,0.21121146704038105
UMPS,-0.811174603765544
TUBB8,1.025136980091453
TUBB6,-0.22468706874627395
TUBB3,-0.19624012040976901
MRPL4,-0.18270733438331335
SLC3A2,0.21541713424982564
MOGS,2.8061919296738975
ZPR1,-0.3036305911786711
CDC14A,-0.6936759521787517
MYDGF,3.1970380253315773
HMOX2,2.670049361948966
ACTC1,-0.7252376830025489
CTDP1,-0.18356540371809132
UTP4,-0.6215338922547637
DNAAF5,-0.817944375657057
CTPS1,-0.7186397705725985
FOSL1,-0.3104267593394217
PSMA7,-0.7364639943611898
DPM2,1.2364210965852378
UGGT1,4.069238907252628
HMGCS1,0.1628499160516828
HMGCS2,0.08526809557339439
ACACA,-0.025711289213392705
ACACB,1.8403705251941036
RABEPK,0.07681276405680437
SRMS,-0.2242098323585101
PUDP,0.05954328169749165
GMEB2,0.41592024267301175
EBNA1BP2,-0.7244653693537471
UCHL3,-0.45090776015741935
TSTA3,2.166319575540454
WDR12,-0.7704542270549878
PPIF,-0.21800206980561043
SLC35D1,0.008560490441909546
PPID,-0.4987624386741396
PPIA,-0.28040064552494787
ATP11C,-0.37638604132002224
MDH2,0.05149548129571726
MPDU1,1.0978520714935533
NIP7,-0.8914235314943034
DAD1,0.4943708391294926
DPH2,-0.39250730138594425
EIF4E2,-0.5366335200507548
HOOK2,-0.3970989703374271
COPG1,2.205069635316836
ACY3,-0.29783832994893866
GTPBP4,-1.1089605695535427
NOC3L,-0.9329273244266997
SEC61A1,2.4550724384061486
CKAP4,0.9185346870894181
DOLK,0.8281443087969644
NME1-NME2,-0.16595978984142137
LYPLA2,0.4908487604380372
DHX15,-1.267195812423115
S100A11,0.5670781169261094
UGP2,-0.06402574415766538
ATP2B4,-0.6803007556169327
CIAPIN1,-0.49374539034361425
GOT2,-0.03046719725749209
PFAS,-0.476914914605746
RAB5IF,-0.07429218688436408
P4HB,2.22721846650871
HOOK1,-0.03488060786961486
MRPS2,-0.19300491146831913
COG5,-0.2642413247298399
LSG1,-0.7776897427158703
ATP2B1,-0.5324856234149191
DOHH,-0.6621757603616549
PA2G4,-0.5241738748035673
FDPS,0.002113571057084237
CCDC86,-0.3659158647985398
ATP8B3,-0.3554420877115096
ATP8B2,-0.3226164984272236
SUMO3,-0.7711875873105
KDELR2,0.5784009762864667
ATP5F1C,-0.45782183581518615
HSP90B2P,-0.11017138253183233
TUBA1B,-0.4665340305790932
TMEM186,0.026970718980144644
SLC35A2,0.21296199675872954
NPEPPS,-0.0865432704735572
TOP2A,1.7461435848561717
GNPNAT1,0.25621635244882157
IL4R,-0.016581035194809073
BRIX1,-1.0737234435036271
PGM5,1.4780895307346573
ATP8B4,-0.16935147915375337
PGM1,0.57736643895724
PGM2,-0.020699010784786868
PAK1IP1,-0.8916822081004052
JMJD6,-0.4602121759864277
STT3A,0.7101459084523297
ACO2,0.23161396363197206
FAM57A,0.13675255292838487
SEC23B,-0.12687527145763317
MPI,0.5261943663361218
POMT2,1.248588183421012
TUBA8,-0.42324442441003524
NOM1,-0.8960722565372102
ATP5F1B,-0.2651921372072699
OGFOD1,-0.4130416118119069
TRMT6,-0.9102693809569146
GPN2,0.07574256756034052
ALDH18A1,-0.27468263980729474
NIFK,-0.9814981230435482
HDLBP,3.3324898685555153
SEC11C,0.44710536605493423
ATP12A,-0.5796700693514463
ARFGEF2,2.585015937096749
ADK,4.915551591624953
METTL1,-0.3898298751978627
PPAN,-0.547077610821619
MRTO4,-0.6682329914053355
BYSL,-0.7687161532542748
KCTD5,-0.3788666390971359
RRM2,-0.4826843886053124
SEC31A,0.9046901706278944
IDH3A,-0.03939457954002913
PAPSS2,2.7309230200455517
TATDN2,-0.16843354029042418
PDIA5,0.9956657808103252
CFL1,-0.22389904813002437
TMX2,0.2546901526213897
SNRPB,1.2408781675284177
LRRC59,-0.09143252084227836
DNM1L,-0.5032053741314584
STK19,1.072760895653971
MGST3,0.39799475750577373
NISCH,1.7871117165444255
CCS,4.056040297488154
NELFE,0.10242002138602997
PPIL2,-0.2208292961602501
PGAP2,-0.19949938324402278
RARA,-0.3705919558706182
EP300,0.1497027858749825
SNHG28,0.41295353895834186
FANCA,0.25027843284187656
TBC1D22A,0.5735835573266418
CSNK1E,-0.5841493823788385
CNPY3,1.4028938446407062
CD151,2.667799171651617
TRIM28,-0.7679852996913683
SLC25A1,0.5770778115380691
PCYT2,0.6715895468231968
RANGAP1,-0.33434810015051347
TWF2,0.4039535361565819
NUCB1,4.165740098944118
PTPN18,0.08782188837183227
PLD3,2.8739934692306917
KAT5,-0.4585361109304398
MLST8,0.35150323584228266
FKBP1B,0.13584749248195022
HSD3B2,1.041270855559717
TRIP6,1.3755126720552802
FBF1,0.922586798662491
ZNF395,0.04064361643180684
FAHD2A,1.0783826282503526
CPT1A,0.7139031926358382
PDXK,3.0002875775290057
UROS,3.3729945766412786
ACAA1,2.8738860588655037
UROD,0.5088305954245743
TST,2.1465312640456453
CHKB,0.2563371260481744
XRCC6,-0.5195479314494478
SREBF2,2.6938456925791328
HEPHL1,-0.8478674858099945
DDR2,0.8348971486546346
ALAD,0.4441192582622899
GPAA1,0.65857934999878
IRGQ,-0.537746398734894
DALRD3,0.33184712025222873
MPST,0.7135452177940591
ERP29,3.3905465177018383
SAMM50,-0.023776160976269667
POLR2E,-0.31614507022552446
KAT6B,-0.9175438436212502
POLR2I,-0.48990482508290667
IRF3,2.79464364202889
TECR,0.5193505772818707
GALK1,0.6139175650253141
LRRC15,1.3064219853840353
MSRB2,0.8398353880721655
DDA1,0.23789234199733986
ABHD17A,1.3005114618890021
HDAC5,-0.11674700402883488
PI4KA,0.04071883804407377
NAGA,4.054688493024285
NIT1,0.9094956203093799
POLG,0.208496228498393
RBKS,0.8029529822360721
ACADS,3.261272502414499
ARF5,0.21044469360598478
AKR7A2,0.6879547927881895
CUEDC2,0.7814954286994753
DNAJB2,0.522102838725072
ATP5F1A,-0.34287322564113965
CBY1,-0.19783512759161304
MAPK3,0.8779400816163674
DSG4,-0.37106597706864686
GALT,0.6617586751533926
GNB5,-0.6011588513980787
TXN2,0.4215139782778872
STK25,0.03355443898297592
SLC27A4,0.8957762177810341
UCKL1,-0.2741657266917935
ZSCAN26,-0.30664846846798827
SPSB3,3.1906055948257834
VSIG8,0.00589814076376941
RETREG2,1.044092925370174
GSTK1,2.693519884824407
PPIE,-0.6090464239753782
PRKD2,1.3202321314894263
RBSN,-0.04806695759631752
COX5B,0.04054380435366946
PPP6R2,0.3566828351830963
AACS,1.546950561973049
OVOL3,0.6807302301534367
PIN1,1.52180925862861
AANAT,-0.9210318740336907
GCHFR,1.2631470969786034
NDUFS1,-0.01240352561664221
HAGH,3.5632454522663575
TCF25,4.360415239383188
IMPDH2,-0.24022093860018925
HMGCL,2.6646608672095913
ILVBL,2.9833738023620016
POTEE,-0.33876241329877943
PIGA,0.05341945534686989
ALDH3B1,1.0347495331971746
TTLL1,0.815106812205101
ISYNA1,1.0507408979959474
CRYL1,1.3199437076963083
QRICH1,-0.5769451688301407
NDUFS8,0.6363707801834884
SGSM3,0.5948043495433606
DUSP14,-0.7438757994581944
E2F3,-0.6484314994087467
CABIN1,2.5143050272896788
PEMT,2.6704949319588405
HEMK1,3.8449678092317754
OTC,-0.49220672837765317
PMVK,0.52877605443393
SUN2,0.170434516494186
NDUFS3,-0.1388899651427777
ACTR1B,0.32721984383611435
NDUFS7,0.4222688042445894
SDHA,0.17810044978030298
ATP6V0E2,0.7363793977557808
ASS1,0.13882508451201547
DUOXA1,0.25610787549650266
AGA,0.9132292252299208
RAD51B,-0.3140139412396672
SUMO2,0.880468999337568
MAN2C1,1.0777996126433043
IFNG,-0.018913546387664345
PTGR1,0.7716826615047617
BCAT1,0.07833867110648299
ABLIM1,-0.5184136342476213
TMEM184A,-0.5206697534482866
CYP3A5,-0.21243914861689975
CNDP2,0.5377656166291085
ORM2,-0.07633367573057287
PARP12,0.31596635961823566
EIF2S1,-0.7740156019580507
SERPINE2,1.1268211237501686
APOE,2.281081143628886
TTR,0.733524511015311
PEPD,2.3157798697010947
PAICS,-0.498693440384493
GDF15,0.0827963073024789
UAP1,0.23825085217028402
NMRAL1,0.7935913020860745
ALDH8A1,0.09171514106309606
VEGFA,-0.18151664479278606
PPARA,2.049631364711623
SULT4A1,-0.5326215585178022
GLYATL1,0.04877356414441032
KRT17,-0.8084206555529615
SELENBP1,0.41882272884673416
SLC22A6,0.04091772013363794
GPX2,-0.6793111026469928
GIT1,-0.3986523825036415
GIT2,-0.17871661757680474
SORT1,0.32992533623886633
FLNC,-0.4307632935590117
SLC22A8,0.19702934954766604
SESN2,0.29269545638217614
RET,-0.9829403131619661
SLC2A10,0.8955908455650347
FH,0.0801950868711645
VSIG2,-0.18637698756852183
HTRA2,-0.24386705727532698
MDK,0.6204210660280599
SCLT1,-0.5497015777105695
ASPG,-0.1858312317885358
ASPA,0.24202945044602772
ACAT1,2.726128765922902
GGH,-0.2908838029018771
KIF21B,-0.5800566708341045
MVD,3.8053273006201915
F2,1.0860581168362484
CNTN1,-0.4032840296848869
TRIOBP,1.5769182845813128
PIPOX,-0.1322879459210254
GSTZ1,0.3418689820635491
SLC17A3,-0.33362063672681624
TINAGL1,2.2251763973226044
MT2A,0.10313104834853278
UGT2B7,-0.08520903020056118
G6PC,0.4352116266345326
EGFR,0.6687598912938696
BHMT2,-0.16023507897740688
ABAT,0.2203053124693193
BIN3,0.49755863456388616
AQP3,-0.20586725735446626
AASS,-0.15866265920481665
DPYS,-0.23172396988248328
ACAA2,3.4026297405242554
GCDH,0.5593740661115258
SLC25A2,0.12647876952627563
RPGRIP1L,-0.7602316800562536
PSMC3,-0.44028446446920666
ALDH3B2,0.43205299052788576
NANOS2,-0.5730670453487482
CD48,1.0430059275550143
FBN1,0.6545575816368482
STS,3.0496883646866007
HGD,0.16827988876030395
CRAT,0.8420440587610344
CFH,1.13025410978694
CFI,1.009776772141794
GJB1,-0.09681602575773403
FUT3,-0.3713869752818965
CAMK2N1,-0.30049155603938554
PCK2,0.7074254901727587
PCK1,-0.1150072010327877
NQO2,0.4940240058808392
AGXT2,-0.1921528659616536
CYP3A7,-0.2271875602213515
PYCR3,0.0033858301652738387
PYCR2,0.29682936368429913
SLC25A13,-0.33838909702785414
EHHADH,1.9408246613580955
KLF5,-0.4980526462637846
FGFR3,0.31079096021871977
LAD1,-0.19884441143108786
IFITM1,0.38288717534387495
CENPK,-0.7557294385454046
ASNSD1,-0.7523216078074147
TNFRSF21,-0.027387687871061352
PALM,2.7593289578879405
SSH3,0.14941805601104258
HOGA1,0.9030919519993191
WDTC1,1.8584921675221773
ALDH1L1,-0.07029499141066824
SLC2A2,0.006359786232693939
SPINK1,1.6343582671742134
VLDLR,0.6243810593307357
NANOS1,-0.9619137755309335
SPTAN1,-0.39600859714955217
PROS1,1.6840100567539467
LAMC1,1.9975911087484963
ATP7B,0.004170438135124522
MYCN,2.066445635954252
MT1X,0.7387720844526218
NBL1,0.4605764201457213
PALMD,0.8095307749912839
NUPR1,1.1209499139428776
IGFBP3,2.652215022628806
AGMAT,-0.7206760194262909
ADSSL1,0.04503349445450185
CA10,-0.3128435169763098
SDSL,0.06823808097656925
MTHFD2,-0.46532728322636313
EPHX1,2.406389489527378
TMSB10,0.24853206791923962
PPA2,0.0635283492370905
PPA1,-0.3850959856059503
FABP1,-0.13672254180263402
QPRT,0.7018095579239993
USF1,-0.036118858172797856
ETFA,-0.17801903988085296
MTOR,1.4731340848877397
CLU,0.44357350759905884
RACK1,-0.47279870175052197
KNG1,1.4170868301492179
ALDH2,0.22966612110483225
CDK1,-0.964086999523098
CDK2,-0.5503637101336225
CDK3,-0.6525195306030392
NAGPA,4.21009395300229
LCN2,-0.10501001729722746
PHB2,-0.13453246633195617
USP4,2.4638288811704316
PRDX1,-0.2594189343576533
DDX11,-0.6898847673944122
PM20D1,-0.28053430423860515
STIP1,-0.3259891077849217
CDC42EP1,0.29727064974363615
TNFRSF11A,-0.04536642510682705
ACMSD,0.9699337076019358
LATS1,-0.788795500066064
CCNB2,-0.8366689665420698
DDX24,-0.7211388132131858
ARHGAP32,-0.2769073106176105
C4BPB,-0.03708318801808238
TUFM,0.08614251638623327
CKB,-0.1685994213731901
TPBG,0.1288245018482572
TPI1,0.3902159354939519
PAH,-0.33625377750308466
FURIN,2.4573373360575297
CALM3,-0.7902980659224655
ACSM1,0.8099806430913211
ACSM3,0.594914164873463
PRODH,-0.297336465388146
ACSM4,1.0517714288467235
ACSM6,1.4454327730465297
FGFR2,-1.1504484132319255
ASRGL1,-1.0376027894375284
ERBB2,0.6808437044844744
ERBB3,-0.6942625507638972
CTSB,3.5783651542510486
ACSM2A,0.46688627492324364
ACSM2B,0.11489944869941428
SLC25A20,1.1308777870531586
RPL18,-0.4583292805856042
GMPS,-0.6304028732679006
CPB2,-0.3712647018255361
KPNA2,-1.0608241377121188
FBP1,0.9427263122601023
ENAH,-0.09499234390332865
PDZK1IP1,-0.012565243509272343
NDRG1,1.1038950748271066
ITGB4,-0.5063656503970432
HSPH1,-0.5436064404903818
NONO,2.1119911264285283
GLDC,0.04090764979390978
XDH,-0.9278695521980352
ECH1,0.18359296050833854
SCNN1A,-0.15721758706827724
ANXA11,0.8560852732974771
GBP2,0.9617164931260243
ACSF2,1.1110862739631786
PTPN1,-0.4599174259439606
LCT,-0.46999147472074765
ANG,0.183967680015238
EIF4EBP1,0.3874109557662873
BCR,1.5188969418038338
ADI1,0.7599804378058259
BHMT,-0.40330700987086193
ZER1,3.1532740915418414
FHL2,-0.2845893111405611
KRT6B,-0.5864974832876245
LY6E,0.9787177857524056
EFNA1,-0.31820776733225276
SRR,-0.1316909586139706
PRKAA1,1.548451723624828
ALDH7A1,-0.01661652643640913
LGALS3,0.5779839617767997
ALDH4A1,0.2755361161610468
FSCN1,-0.23058043012926835
LGALS4,-0.3962844374184173
PLXNA3,-0.2250302628002842
AGXT,-0.6987506487987387
ASNS,-0.17154800242750057
RARRES1,3.2504386146724307
PLG,-0.1581234277426731
S100P,-0.3201577501192851
MPRIP,-0.4730784197861129
INSR,1.4484174454828314
ALDH1A2,-0.15747367194106063
KYNU,0.6878567288039846
CBS,0.28056378789887404
TFAP2C,-0.20921831774028132
RPL17,-0.4096678615388633
ACY1,0.6394742824940711
AADAT,0.48960447052754147
SIGIRR,0.7142552731787933
SERPINA1,0.8257225284204226
SUCLG2,0.21398260783556508
IDH3B,1.9908148679805806
HPN,-0.4367411483984972
ALDOB,-0.6918235089023662
HPGDS,-0.13523319601634273
HPD,-0.15209609644985253
PSAT1,-0.15185459072490157
PDK2,0.2913255033785332
PDK4,0.723448272823886
ABCC3,0.3737470545021862
GSR,0.1336554543360902
DARS,-0.6904526196010426
DOLPP1,0.7209131498988003
AFG3L2,-0.4658865887540758
DMGDH,0.6804851366956107
PLIN1,3.1254982835819805
NHLRC2,-0.523982387797097
WWC1,-0.14796568946930708
KHK,0.29414510963294394
CAPN1,0.4888292894126657
PIR,0.3150576890176237
IREB2,-0.13067807442052196
DDX3Y,-0.6982497000057846
VWA8,0.007943958094918567
BAMBI,-0.37892186922717
POLR2D,-0.9225290574697459
CYREN,-0.12003498280219134
CSPG4,0.49019047882281713
TERF2,-0.15171713536595935
STC2,0.017956013239295365
SLC7A9,-0.35980789004649794
SLC7A7,2.628906955207144
SLC7A5,0.02517712902905689
AKR1A1,0.5878262473725124
AOPEP,0.9629902122578619
NAGS,0.2730231028807305
NEBL,-0.527094435979874
TMPRSS11D,-0.8935539807244972
SIRT3,2.9754965809365514
EFEMP2,2.008916830221029
SGTB,2.6938092250510994
ACO1,0.5293258440573612
HOPX,0.1133186101451371
TNFAIP8,-0.21057924052921112
SDC1,-0.28528770490553496
ARG2,-0.04978604441059011
ECI2,1.1291511496137852
GGT1,-0.12766999767537185
AIFM1,-0.24759242091378414
IL17RC,-0.0970669746738785
GAD1,-0.673102960790074
GAD2,-0.6257223168966436
BAIAP2L1,0.015441024074417045
TES,1.5608328908833156
TSKU,0.0960198304811937
MTHFR,-0.4110459303966893
SLC13A1,1.111323132073383
SLC13A3,0.29074935253982365
PBLD,0.6056977919404865
FES,0.38901093311907237
SERPINF2,-0.18047161218373034
ADM,0.018942880485819023
STAU1,-0.5515151587297836
RGS14,-0.24276578928982948
PSPH,0.05406123916213549
STEAP3,0.5755719992279105
TBC1D16,0.23366064229348096
KARS,-0.6120460690094333
SLC7A11,1.336040985845866
ELF3,0.4177145156154961
TXN,-0.17588645339871053
SERPINA3,1.0928415811976466
CRABP2,0.6613424544479733
PTPRF,-0.6575313921039753
CDR2,-0.39307584767881304
NDN,1.517413474646197
MLH1,-0.38555371033949776
GMPR2,2.3034818845913154
PLS1,-0.3644968317035887
TDO2,0.006353428574774784
PDIA6,2.0331393480350894
GPC1,0.0716366213521319
ALDH6A1,0.19421587270342192
ALDH1B1,0.0008801464858103983
MTAP,-0.03195291018827447
DAZAP1,-0.5773554348079153
AARS,4.0281765712044235
LOC101060399,-0.08661928746885081
CREB3L1,-0.028402125391325788
ATF5,0.3952289281495371
ATF4,-0.13490941058185638
FOLR1,-0.2488240414998455
LINC00671,-0.500833606476384
KRTAP12-2,-0.2115204982360291
ADAMTSL4,-0.509768431175244
FHIT,0.22543039819268915
SRC,0.3706445266119834
AMPD3,-0.055923590340892185
AMPD1,1.3415129760325188
MGMT,3.6356875962272532
AMPD2,3.081237820498229
DNMT3A,-0.013140049355212676
REL,-0.6494537490218784
FDXR,0.1885489282455703
SMARCA4,-0.7912223987785716
HINT2,0.7412021354421044
HINT3,-0.44153575118554433
RARB,-0.9016503805735618
ERBB4,-0.9217851071956008
FOXM1,-1.0403792697791547
DNMT1,-0.6447039752129328
THRB,-0.9117147475490438
APTX,-0.47181188141540026
DNMT3B,-0.5025910076452423
ENTPD3,-0.15253864312988666
RPS23,0.8945551422905345
ENTPD1,1.3646751655404927
WWOX,0.7729505099129618
RABL2A,-0.0114395693453863
ENTPD8,0.810116729330741
SH3GL2,-0.46619573062088077
AK1,-0.07646850653488799
AK7,-0.06278340997257299
AK5,-0.3517378385859091
AK4,-0.06052432895330953
PTPRD,-0.832679019124875
HSPE1,-0.4566711430589157
SFRP1,0.7144322650477862
ARHGAP19,-0.5810026640311253
SPX,-0.6849705564200268
CTRC,-0.7299833475512778
SPINT3,-1.096012401703381
NTNG2,-0.8624201832438044
MPP3,-1.271720153635017
SLC12A5,-0.7558071106297909
SCN4A,-0.9449310468780354
PRKRA,-1.2439425250066236
THPO,-0.7042316018823356
HTR6,1.3065789707359798
GPR27,-0.8563902474739995
DBH,-0.6799519612868511
RNF186,-0.8402320166529912
CSHL1,-0.5318250708517698
HGFAC,-0.8453099698968821
TSHB,-1.2202648485494807
TNNT2,-0.9142815154806021
SLC11A1,-0.1889024844736422
PRLH,1.643952153198956
GGTLC1,-0.26627543180054025
OXT,-1.0411520200812063
LBX1,-1.2210552255670106
PSG4,-0.38074018209281085
FGF1,-0.3766473012543088
A1CF,-0.811544042995077
MYH15,-1.2698410629716759
GABRR1,-1.1749396335614222
SCN10A,-0.9146918101725429
STXBP6,4.172353368669261
SEMG1,-0.8987887426586009
FZD4,-0.31263207482432476
LGALS14,-1.2123717365879116
RHBG,-0.6968654690906699
CDKL2,-1.2494061919363286
CST8,-1.18725739429171
GML,-1.0855550273802321
OR51E2,-0.9020135436205298
CHRNA6,-1.187534921733512
MAS1,-0.871384803267643
GPR37L1,-1.1165995313427644
IFNA7,-1.0564377605456003
RALYL,-0.8977750955782029
ABCA4,-0.6821016593407252
KCNC1,-1.033934945064436
PITX3,-1.2779573989103803
PARM1,-0.045601365479828404
GCNT4,-0.9846049168938789
PGC,0.6271888025625577
TM4SF5,1.7991501251893218
DEFA5,-0.6201670194774472
PROP1,-0.8686847692554158
TG,-0.6710251525279132
KCNJ10,-1.0236651444048264
UCP1,-0.3708752370363689
PHOX2B,-1.3899487129729067
ZNF709,-0.37192780549949306
FOXQ1,-1.0133073890326318
UBD,-0.08447279599414603
PPP5D1,-1.3439265072070892
CAMK1G,-1.0857785144355137
BRPF3,-0.9053611240601733
CAMK1,-0.6411145611310501
ARF6,-0.3118255756824582
TAF9B,-0.9860417004656402
RCVRN,-1.3430525479986304
ILKAP,-0.8807844829123334
INSRR,-1.0254140492726243
TTC13,2.079049443352484
LRRC56,-1.2897103883476864
ZNF708,-1.0687821237101878
ZNF66,-0.06987963011315156
ZNF791,-0.9283027190369383
ZNF77,-0.9323239631694697
ZNF383,-0.9474424457824037
ZNF382,-0.9542590733147306
ZNF354B,-1.0553100828023367
ZNF700,-0.8993817261319046
MAP3K7,-0.8359697770365813
ZNF264,-0.9642164140275858
ZNF782,-1.0318756831329674
ZNF267,-0.8699582006370705
ZNF587B,0.6416637770830586
ZFP69,-0.9115899113745393
ZNF471,-0.8427516670836006
ZNF470,-0.9719223913631906
ZNF184,-1.1134763734094817
ZNF268,-0.9937200419488147
CTTNBP2,-0.6775636891484128
ZNF667,-1.0035046897777293
ZNF45,-0.9479219057224844
ZNF44,-0.974454361582295
ZNF404,-0.9959173149518578
ZNF680,-1.0172734328826258
ZNF681,-0.9458132968129005
CENPCP1,-0.7963243105360754
LRRC2,-0.5673059673289313
MYSM1,-0.9165258535553014
ZNF764,-0.853249763309182
ZNF284,-1.0901032498245784
ZNF677,-1.0207539867856403
ZNF675,-0.8347442889580905
ZNF674,-0.924834807180104
ZNF440,-1.1030594007538757
CLK4,-0.6723660468950434
ZNF442,-1.1341729848648991
ZNF841,-1.0613577881903695
ZNF845,-1.015745277469831
ZNF679,-1.012215815917833
ZNF273,-1.0488554043227005
TTC14,-0.6895790484486892
ZNF569,-0.9658200862742584
ZNF568,-0.9965478763386795
ZNF567,-1.0040099968705154
HDAC10,-1.0246694087565134
ZNF565,-0.9894435945039902
ZNF37A,-0.993164783179188
ZNF563,-0.8529010816909255
ZNF562,-0.8498927333952964
ZNF560,-1.0603970784735894
ZNF699,-0.9034064480084392
ZNF214,-0.9099770289528619
ZNF195,-1.059177051027972
ZNF283,-1.0228490438249465
ZNF57,-0.9575181446233935
ZFP90,-0.9416636803402219
RBAK,-1.0101188272613553
ZNF599,-1.0023937675447283
ZNF606,-1.023101436793096
ZNF607,-1.0323122091235089
ZNF454,-0.9571258607335059
USP47,-0.5953558171737106
ZNF585A,-0.9503943668350827
ANKS3,-0.5819017706790378
ZNF669,-1.0307920706229583
ZNF347,-0.9382212732793067
ZNF765,-1.128672448048751
ZNF875,-1.0343703465227425
ZNF510,-0.8393299093408725
ZNF766,-1.0647362269732772
ZNF517,-0.6994159359352375
ZNF514,-0.8573760664341814
ZFP28,-0.9301263854847522
EGR1,-0.17561573407782718
ZNF227,-0.999735012262581
ZNF25,-0.8282027408817212
ZNF823,-0.9744112049949613
ZNF583,-1.000808563155776
ZNF584,-0.8389025744940453
ZNF587,-1.046635087322469
RBM12B,-1.1093431239083025
ZNF879,-1.0505350713135317
ZNF829,-0.9858995342465889
ZNF610,-0.9886449571979214
ZNF613,-1.0460406836594676
ZNF564,-1.0062951388506585
ZNF614,-1.0797190945615747
ZNF616,-0.9988773643376617
ZNF619,-1.02287368059665
ZNF426,-0.9743736939995605
TTC32,-0.41104765473522076
ZNF425,-1.0923864319922105
ZNF420,-0.957543356831062
GUCA1A,-1.5195474167808438
ZNF429,-0.9925582616870408
ZNF337,-0.9030792248897298
MAP3K1,-0.6596817709142063
ZNF23,-1.04056830451598
ZNF331,-0.9775456768309144
ZNF235,-0.7868145717671713
ZNF233,-1.0112008364345442
ZNF34,-0.9182441236543989
ZNF30,-0.9914994513123098
ZNF836,-0.9494543564811446
ZNF175,-0.9743868518597921
MGAM,-0.7227009963980168
ZNF354A,-0.9294490656976303
ZNF534,-1.0160815969716506
ZNF530,-1.0412737007465287
ZNF571,-1.0199299889345927
ZNF624,-0.8705685014951478
ZNF627,-0.8813903351860992
ZNF621,-1.0378193804143234
ZNF749,-1.0997104841871084
ZNF623,-0.9388965428514945
ZNF436,-0.7726257099889433
ZNF431,-0.9163572768322672
ZNF433,-0.9869224780938016
ZNF432,-0.8898656784161743
ZNF92,-0.8341436954042107
BRWD1,-0.9616572597786672
ZNF439,-1.069070943958712
ZFP1,-0.9988957062065619
ZIM3,-1.053294944978791
GABPB1,-0.7541477829818151
ZNF324,-0.7465316883124553
TSSK4,-0.8895554104610293
WDR20,-0.5333486967843952
ZNF473,-1.037740686745095
ZNF689,-0.7976639914608936
ZNF527,-1.0374568848168373
ZNF480,-0.9421232450568554
ZNF529,-1.0083259983400512
ZNF155,-0.961163087145681
ZNF484,-1.0986312586295348
ZNF665,-0.9268263329435945
ZFP37,-0.8162810092819107
ZNF33B,-0.9430033792708605
ZNF33A,-1.095004903705719
ZNF132,-1.1282255846549323
ZNF133,-0.8391048833785717
ZNF311,-1.0777076659029907
ZNF317,-1.0349358885912308
ZNF251,-0.9046442526451189
ZNF250,-0.7518505565935786
ZNF253,-0.860409506133802
ZNF254,-0.6015095286669904
ZNF257,-0.9471833002960434
ZNF256,-0.9880603116443575
ZNF493,-0.9982614433709086
ZNF492,-1.0669704111247496
ZNF490,-1.001720606666045
ZNF813,-0.9735955703978059
ZNF780B,-1.0320372705466336
ZNF17,-1.0398664537259794
ZNF12,-1.0359557117230491
ZNF814,-1.0798954081885774
ZNF7,-1.0048014851683769
ZNF14,-0.9752230201154017
ZNF726,-1.0229863479764254
ZNF684,-0.9084591616322124
ZNF557,-0.8914447209755768
ZNF554,-1.0008979031968936
ZNF555,-0.9742436971061552
ZNF649,-0.902217115673913
ZNF416,-1.0378458706409683
ZNF662,-0.8476913584530295
ZNF792,-0.95079839832368
ZNF93,-1.0281487691357047
ORC2,-1.2239736287219523
ZNF324B,-1.1450280747426411
ZNF208,-0.9338086342843127
MCM9,0.00896557377055975
ZNF461,-1.0150137975370532
ZNF154,-1.2433557998450928
RHPN2,-0.6280032097882037
ZNF714,-1.0086951288794574
ZNF98,-1.0277828500665875
RHOBTB3,0.03870567442157021
ZNF860,-0.9985241031104246
ZNF99,-1.1376523010385888
ZNF468,-0.8515262219377877
ZNF790,-0.9963605827275668
ZNF91,-0.9799698755571398
ZNF543,-1.0533168307631544
ZNF793,-1.0461066968282209
ZNF460,-0.8338685759444506
ZNF506,-1.0658843631674655
ZNF549,-0.7820199910905998
ZNF548,-0.827657419349399
PPWD1,-0.9630051527721821
ZFP14,-1.2597048417667198
USP28,-0.6957885356352932
TBPL1,-1.0411038979368312
TBP,-1.2610719053178707
GP1BA,-1.0435748498018553
ACTRT3,-1.385019859394035
ZNF559,-0.5784996031642565
TTBK2,-1.0509376161601465
PGA3,0.05226230275081323
EPC2,-0.5886027468805034
KANK3,-0.5638346745128944
ZNF878,0.5089669818066168
NID2,1.2793393730248432
CPE,1.283097589580739
P4HA2,0.30762073077821794
CPZ,0.8409848516047741
MFAP4,1.165001937814946
GPR183,0.3054927238639425
WWTR1,3.4803789501568327
THY1,1.223384952772883
TACSTD2,-0.19196326288245527
GATA6,-0.5223635328550128
COL15A1,1.0591745214021957
MFAP5,1.5699055950502
COLEC12,0.9732945695168503
ANGPTL2,1.6359224911589338
EMCN,0.42704681365289726
ITGA1,0.03327791141494922
ITGA5,0.28774666449122954
COL3A1,0.7687276772707629
SERPINE1,0.9190851010642864
ALPK2,1.9616729011504253
COL4A2,0.2940437383023903
VEGFC,0.2007663489427089
CHST3,0.48610487723175544
ZEB1,-0.3936738971959918
ZNF423,0.07094689211577113
GPX8,1.8611127068198692
VWF,0.7866347969846152
MYH10,0.3550113372591558
DLK1,-0.09754433200160749
HTRA1,1.3612002375639622
TLL2,-0.4458480732700142
PTX3,0.773904503547226
SPARC,1.6552153577923312
TFPI,1.551561470214533
PARVA,0.26772314710712114
LAMA1,-0.23822034982381665
LAMA2,1.1447200290075308
LAMA4,0.06616446843807268
MCAM,0.11755338368285354
LEPR,1.7638729680709009
ADGRL4,0.3747765139782452
NREP,0.13141230350097846
MXRA5,1.376764456204076
MTCL1,-0.33209168491423063
CXXC1,1.7332971954527694
MME,0.934089095414511
CTHRC1,2.207792741878401
CALCRL,-0.013987987142484577
SPARCL1,0.9782978298572654
AFAP1,-0.15535969319157678
TWIST1,1.5338630608166688
TM4SF1,0.007740073598030399
SULF1,3.787824883774889
LMCD1,0.510126329453007
SLIT3,-0.5746690315433962
DEFA1A3,4.424037616788448
JAG1,1.0868412359071158
PDZD2,0.34344292746780647
SPON1,1.2726542355330464
ITGB5,1.6284717243107383
LTBP3,0.9793802690957637
LTBP1,2.348501848430495
FBN2,0.46482783897552155
CA12,1.5875677964930648
IL33,0.3685536146688147
SOS1,0.05566116533815168
NRP1,1.042491213955209
NELL2,1.5027400636307628
BNC2,1.5034749031407395
CILP,1.221005824039894
ANK2,-0.5839120288956795
COL11A1,1.3823857134535003
DAB2,1.9639071121638205
FBLN1,0.6880883021732161
FBLN5,1.3820950256809952
EHD2,0.9819575963095633
ADAMTS5,1.5108522774705084
ADAMTS1,1.1035908631929003
GNG11,1.3100895991807264
FOXF1,-0.5240059544178326
FOXF2,-0.47018360369828227
PLXND1,0.5293642792735743
CDH5,-0.04708744968784848
CRISPLD2,2.3278155315304
SNAI2,1.392463454728067
FN1,1.915383929330602
VIM,0.6478296322236167
KCNH8,1.780044117011824
CAVIN3,1.8921970941166188
CAVIN1,0.08124847186271288
LAMB1,0.3952234792546981
ADAMTSL3,-0.18161291139191602
COPZ2,0.2558375704782327
LCE1A,-0.043432936402589876
ANXA6,0.7052150600017633
NID1,1.2443547036812992
ANGPT2,0.10366781307065936
ITGBL1,1.6391530164974466
TMEM45A,0.49578961638860786
IGF2,-0.26263217395716226
DPYSL3,1.0110958850966483
PRSS23,2.75846171236248
IGFBP2,0.7720126853964826
IGFBP6,0.4343643116722802
IGFBP7,1.0951184780852299
IGFBP4,1.469629314689299
IGFBP5,2.188169304897281
COL16A1,0.35065078773632735
GJA1,-0.07272853536040925
CD93,1.8788641576740446
PCDH17,-0.16015746367333064
GAS1,1.5349479993693964
PCDH18,0.03896692379594641
ANKRD13D,-0.5334505289664492
FILIP1L,1.5972884284180395
PDGFRL,2.3837958002598065
SPRY1,-0.11346564019317029
TRPC1,-0.6008070713026156
NUAK1,2.032458076109841
HAS2,0.3104451850394794
COL5A2,1.69723453153925
COL5A3,1.9750551486542367
SUSD4,0.6458918117311845
TRAM2,3.107354780935528
HOXA9,-0.8173378792637084
TGFB2,-0.32361014729529447
PTK7,-0.3712544497667091
JCAD,0.31386507882404274
PITX1,-0.43957448821297657
CD248,1.4980440704211082
LOXL1,1.277858521279577
RGL1,2.158028671219671
MATN3,0.5660973557056325
MATN2,0.3462961458183655
HEG1,2.4915456461674297
SKIL,-0.3813106516294963
THBD,0.34736265947601136
CALD1,1.7469242104834806
DCBLD2,0.6832106386216334
AKAP12,0.2255012110291344
NOTCH2,1.5904080471756015
ACKR3,-0.08894063363959356
COL5A1,0.9532838935898988
TGFBI,2.0171761306619516
MMP1,1.4492003769245703
CHN1,-0.02762508834129553
CAV2,0.5019460965936673
CAV1,1.2634797616586724
EML1,0.4993161761108426
SRPX2,2.5468293821516035
PLK2,-0.4267819475031556
POSTN,2.379670317341143
RORA,-0.45608849818432823
DZIP1,-0.09124171584458773
RAI14,-0.07306345396976648
F2R,-0.00012629606560264246
GUCY1B1,-0.15086935796215023
PRRX1,1.5857766825470205
HSPG2,0.1549752436324918
FBLN2,1.0231889327176995
CD200,-0.07090263511504002
PDPN,0.7413380234450812
MAP1B,1.5232105697007579
FRZB,0.8131655127815992
TSHZ3,-0.11820788810290506
ZNF581,-0.24033366831612568
KPRP,-0.1048634104966718
LAMC3,0.12894509543073412
FRMD6,0.8341552498449524
NNMT,0.43113283404130354
TIE1,-0.3854581680313199
COL12A1,1.8225826248130246
COL4A1,0.9799276365989572
LHFPL6,1.246884078820803
AMOTL2,2.237891151344649
FST,1.0674385237261939
OLFM4,3.936587558957132
SNED1,2.10020414586865
DACT1,2.1309102803648217
A2M,0.939754267776549
ENPEP,3.144987773125413
KDR,0.5105056777615856
P3H2,0.267089699550805
LGALS1,0.7468402178365698
GSDME,1.1341481784279408
SFRP4,1.0260266314747337
KCNJ8,0.1263612241294383
PALLD,2.7444650945225098
COL13A1,0.005348541913358714
COL1A2,0.836093777823446
COL1A1,0.820487293989814
PPIC,0.9747619445467542
CDH11,1.367524199214679
AOX1,0.42597229500066036
CEMIP,0.7590876886065033
ANTXR1,0.15203523696425228
PLAUR,2.38878809428457
GJA4,0.017748710930378858
ECM2,1.9174492233056102
ECM1,1.9903554583934435
AEBP1,0.9515446811185558
RBMS3,0.9046909194864653
LOX,1.125095837528286
FAP,1.56363147589489
RGS4,-0.2751383204233683
RGS5,0.20891155221439447
GLT8D2,1.0237621395025815
TPST1,2.7364533517197804
COL18A1,2.292189404976494
ENPP2,0.7458045892436607
EPCAM,-0.10324075603462142
PLXNA1,0.24120371709176316
OLFML2A,0.594679901458389
COL6A3,1.1160526425642987
COL6A2,1.112466898567702
TIMP3,0.933004303956841
TIMP2,3.019091250762767
MSR1,0.5609020359903855
MRC2,1.3166525922555483
ITSN1,1.7657777926840967
DSC3,-0.786580608617118
FSTL1,1.4228582722579384
MICAL2,0.44276637511490496
ARHGAP29,1.6687798735620756
E2F1,-1.0753822972978149
MSX1,-0.45761591464149703
BMP1,3.4592470954589776
KRTAP10-3,-0.3874087887906682
TFPI2,0.1240079493487042
SRPX,1.0719459625393213
EGFL6,2.075393231085849
FAT4,0.13369869469873363
KDELR3,1.5721577120124226
PXDN,-0.18259983701871815
HOXC8,-1.0545849617659664
OLFML1,1.9740484581015358
OLFML3,1.7179550112039363
PTN,0.03761280097902813
LYG2,0.0048423162052195915
THBS4,0.17434237575567868
CCN4,2.1917679983263376
THBS2,1.3303017723093364
THBS1,1.4831029276950987
PILRA,2.156370462156718
GUCY1A1,-0.06717667590016395
PCOLCE,1.2211843923419385
TGFB1I1,-0.018156028103496532
TLL1,0.15080795954345402
EFEMP1,0.8965663605374923
STC1,3.6396051387949635
OLFML2B,2.583596419599091
ETV6,-0.21615642002095597
SDC2,1.0960000619715982
TNFAIP6,1.436971917042945
RBPMS,-0.2267703633058053
ADGRA2,0.6693861817050805
SPOCK1,0.18100750178047742
WNT5A,-0.14426689904867473
GPC6,0.7306878508356816
EPHA7,-0.7977721513752913
GPNMB,1.2529458624012797
STOM,0.31677420918815724
FZD1,1.0318881479664712
SGCD,-0.20968829173096992
SGCB,0.8189143506007244
SERPINF1,3.230137397671464
VCAM1,0.6709013429249502
ABI3BP,0.5579384806921652
TCEAL9,3.598692734625321
EMILIN1,1.2310018855186906
CCN2,0.874451962221356
VCAN,1.5421484200049635
ADAM12,1.1693445829949196
NOTCH3,0.06295357460610587
LAMA5,0.18617218319623363
RAB31,2.033680032174183
PLOD2,0.2712785720259703
GLI3,0.5835547906946742
OSMR,0.2587279802942488
COL8A2,1.3382070197685905
COL8A1,0.09360244609456903
ADGRF5,-0.011956347572831531
PLAU,1.383378958833887
PLAT,0.8574139184247553
GPC3,-0.11427184079400568
TNC,2.2032168480913255
SERPINH1,1.1349064982264188
TMEM25,4.064870363133736
PCDH7,-0.22882193307664328
PTPRM,-0.14887088792619488
PTPRK,3.2878614457708086
ESM1,0.963724489012121
CYP11B2,-0.3976317638830911
STK11,1.7607810254876444
STK16,-0.4615431703240572
DLGAP5,-0.8110563369151372
ZNF701,-0.8362324335875038
PIK3CG,1.0437689324528152
ZNF585B,-0.8593509044899387
IRAK2,-0.22213308244480715
IRAK3,0.11050838585509133
IRAK4,-0.45079473713216545
ZNF43,-0.9914061103357581
ZNF41,-0.3035937850939708
CSF1R,1.4935055238808255
ZNF682,-0.9447784699397233
CAMK2G,-0.3549782752602921
CAMK2A,-1.0492073161891766
CAMK2B,-0.8327914367252347
STK4,1.4717996990435456
LMNTD1,-1.1846191440511389
ZNF676,-0.6112483901231509
ZNF672,-0.3616340889530483
ZNF671,-0.9770502730821969
CCND1,-0.10398530197136992
ZNF678,-0.8526969400093728
ZNF774,-0.6716391956934229
STK38L,1.9015572649778583
ZNF771,-1.196045811181473
ZNF197,-1.1412826102061104
CALHM2,1.6985921044826395
CYP11A1,-0.36816056997079105
ZNF519,-0.46591800455843535
ZNF224,-0.8847992760030368
BLK,-0.6567133659561345
ZNF491,-0.8338134786541591
KCNH2,-0.7999028708089114
CACNA1D,-0.784504640159758
CDC123,-0.7103106426058939
ZFP69B,-0.5891645219373978
CDC7,-0.9698269102682855
ZNF573,-0.8630659185386335
PLAAT3,0.6018813321480987
ZNF85,-0.9079044236568901
ZNF84,-0.8333622513693455
ACTBL2,-0.4244282873964226
ZNF688,0.1974472340634426
ZNF497,-0.9784611813932015
ZNF19,-0.699435055412515
MLKL,-0.3214294844214519
ZNF16,-0.460013214359544
ZNF10,-1.038327043795472
CDK18,-0.43198323943774264
CDK10,3.3970554395948955
CDK17,-0.6901361576576879
CDK14,-0.694108427276441
CDK15,-0.636941822692688
ZNF304,-0.901797798038464
ZNF302,-0.5886711234765349
E4F1,0.04859328710247791
TTBK1,-0.9639651554152152
ST6GALNAC3,-0.5666520121844082
CYB5A,0.19609908984027113
CYB5B,-0.26639281495461953
ZNF544,-0.8122115452463582
ZNF547,-0.8417425632204577
ZNF546,-1.1474602321173424
ZNF540,-0.636684896936623
PPP3CA,-0.32244985422847955
PPP3CC,-0.2642804484343861
PSKH1,0.1742873362239711
CDO1,-0.08230304569836722
GCM1,-1.0377554301323029
SLC25A11,1.5449774848943503
ZNF333,-0.5749099524929759
SRF,-0.663139119707354
FGR,0.43643641341756223
ZNF266,-0.4460682493234733
PIP4K2A,-0.22461716917118021
NMT2,-0.07488131114597635
RSKR,-0.6273206198698466
ZFP82,-0.8490710106500887
ZNF670,-1.1242834541003266
HSD3B7,0.454913416651818
PAK4,2.0660567326705204
PKN1,0.9730018668603402
PAK2,-0.636039524867259
IL10RA,0.9442535073130385
ZNF696,-1.1715949015141283
ZNF596,-0.6066172809933372
TRIB1,-0.3414562093520869
TRIB2,-0.5814010593720265
TRIB3,-0.3832642846276521
NEK6,-0.8113810049782801
ZNF600,-0.8614451310546409
AC006486.1,-0.5723270543082303
STK26,-0.4234165831293036
ITPKB,-0.19348671751518473
PRKG1,0.8166096542669293
ZNF768,-0.06321560115453957
PPP1R9B,-0.4778888535187922
ZNF180,-1.0983832950923167
ENG,2.0675060306297723
NAXD,4.611560174083844
ZNF189,-0.5568186071355832
PDIK1L,-0.42695623865059457
ZNF26,-1.3409731157987843
TK2,3.141368886238676
ZNF121,-1.0649468243273974
STK32C,-0.6215424789827735
STK32B,-0.6631572687546855
STK32A,-0.47876202146683067
CALML3,-0.9351353573801172
PPP5C,-0.42985133134093717
CALML5,-0.8998424584495388
CALML4,-0.7619046268113678
ZNF501,-0.41702649552855947
ZNF117,-0.6885098798121633
ZNF502,-1.035166938042209
ZNF112,0.5724998763757476
ZNF239,-1.051713752032589
HDAC9,-0.6777603376646946
PRKAR2A,-0.4727448321213004
PGAM2,-0.5644703352364016
OXSR1,-0.6207892969986047
FLT3,-0.672394562239707
MYH1,1.5075126477175809
CYP1B1,1.8327624724512745
CDKL4,-0.23193345986883956
RPS6KB2,3.4879653373795
ZNF343,0.16038223361281725
ZNF430,-0.921523223535881
ZNF345,-0.9813826939866318
ACOX2,0.4772826763387127
CDK5,-0.34397363220253563
RAD51,-0.7360033218162263
GDPD5,0.35572993167375416
CDK9,-0.661280360821032
ZNF441,-0.17106320857938925
PTK6,-0.8446137045415057
PRKX,-0.203536623648581
ZNF721,-0.9405246461535657
CEBPA,1.896001136535852
ZNF3,-0.1852946482968598
MZF1,0.07877281946117214
ADCK1,0.30916868600248065
AURKA,-0.7548011605881508
AURKB,-0.7742448203271588
PRKCA,-0.5647506822343571
NINJ1,4.58171209993221
PRKCB,0.8733374529833672
ABHD14A,1.1092778733174011
AP2A2,2.5030522591162443
NIM1K,-0.7774444188009216
CTNS,4.250429075484384
BCL6,-0.2724813830557362
CYP11B1,-0.2852777634128202
MYL6,-0.4217289627580401
PKDCC,-0.39122500638518193
MYL3,-0.9137563916424621
MYL9,0.03343929084243892
MAP3K8,-0.2671945814073646
FAM153B,-0.47284655543171944
DEAF1,-0.24464531950617405
ZNF773,-0.878699634908637
ZNF570,-0.8994342929630418
ZNF572,-1.1034448019591145
ZNF577,0.040016712236117774
VRK1,-1.155488737113184
VRK3,-0.1004560753244482
CREB5,-0.2952135810502493
CREB1,-0.7880009589776134
PNKD,-0.42266594580981753
ZNF334,-0.8985104163279329
PIP5K1C,-0.06330782542559873
ZNF79,-0.9522336827407505
MYO5C,-0.5625150310221009
MYO5B,-0.5772893891416331
MYO5A,-0.5546203226211929
DDI2,0.1018044757398838
RRAS2,0.050797155058894164
ZSCAN2,-0.7145053561297539
SMARCD3,-0.1722139183809729
PPM1F,-0.2399194720618632
PPM1E,-0.8785966318917817
PPM1K,-0.6699710207684049
EGR4,-1.0455910681551048
CHEK1,1.142579614741546
STK40,-0.4626632822765713
ZNF582,-0.8517858815955325
PTPN7,-0.6472405444086459
PTPN6,-0.34648797879258436
ZNF615,-0.7779883239123987
MOCOS,-1.182928816043604
CAMKK2,-0.24606111214169563
CAMKK1,-0.3230050582313072
STK33,-0.6726519601863428
STK38,-0.6706661275685097
CDK4,-0.8370755192216796
LCK,-0.49122494536765304
SYN1,2.18396067561914
RPS6,-0.3427556024831314
ZNF35,-0.3907377255922696
PTAFR,1.6382245175273595
HCK,-0.08009710311625753
ZFP3,-0.4173056549687108
BMP2K,-0.5369433692455464
CD86,0.9579062389109931
CDK6,-0.6652124740672476
MARK2,-0.19271087480353613
ZNF107,-0.9706594269138465
ZNF100,-0.5510302154637834
ZNF248,0.18910296603437093
TSSK3,-0.9004266321865478
ACSS2,2.135683493971966
ACSS1,0.7376000055356514
ZNF329,-0.9406359365555322
ZNF660,-0.5423070963287385
SGK1,0.29465540244381977
IL16,-0.1531774835866803
FIS1,0.631937431317797
PLN,-0.13322669911401352
PEG3,-0.638171115171075
CAMK1D,0.39971760431794334
SPATA20,1.1150001041624573
MAP2K7,1.9390259419064435
MAP2K6,-0.5263642113482673
HPCAL4,-1.066753958181835
MELK,-0.8056676444168727
GAK,-0.1081453137509927
NRGN,-0.09867921484502772
PPP2R5D,-0.27610286030466824
STK39,-0.547604510352043
SAMHD1,1.9160926552500523
ATF6B,3.9691737515215424
EFCAB2,-1.005561596169893
ART4,-0.13298265914957952
AKT2,-0.6073567796973516
AKT3,-0.37652640825255734
ZNF70,-0.5577532872050174
ZNF71,-0.6821707347922354
ZNF141,-0.7748514898217882
GRK3,-0.5490557876502057
ZFP2,-0.9547716813521778
EDN1,-0.4370008084697404
ZNF664,-0.42330191130428424
ZSCAN22,-0.6070596832721842
RNASE2,0.6789366312449222
TAFA3,0.5377796090254877
KCNN2,-0.7833845412012117
BRSK2,-0.923949702034112
ZNF443,-0.7235943702621809
GSK3B,-0.5925782766355326
ZKSCAN7,-0.5004297090464896
ZKSCAN8,-0.8172733302457217
ZNF211,-0.6751267493468355
ZNF219,-0.23269224245926032
DCLK2,-0.6911484160731287
CHD3,-0.36198942623676394
PPME1,1.7917728810977087
PIK3R4,-0.2454006080690472
PIK3R3,-0.5890975272647991
ZNF287,-0.8801957278205995
ZNF285,-0.6411145611310433
PRKCE,-1.005743797648808
ZNF566,-0.801891078045332
CDKL1,-0.20961284078395706
SIK1,-0.5778598725316885
SBK1,-0.27873381236891975
PBK,-0.9406364617885303
EPHA4,-0.7999471543693488
EPHA1,-0.9790373428362007
TMCC1,-0.26928929077829983
MAPK10,-0.8784230165514131
MAPK11,-0.6630712290699251
MAPK12,-0.28506978775608416
MAPK13,-0.5768873642528612
ABL1,-0.7649367686857604
CCDC106,0.1280574585168559
ZNF625,-1.0149520943379802
MAPK7,-0.3575489867557245
PHF19,-0.9863025740729392
CGB2,-0.7763873299264845
VAMP2,0.0645409043923299
FADS2,0.76370119256754
CSNK1A1L,-0.5773611371434799
ZNF485,-0.7455921399840578
ZNF134,-1.0172821671027752
ZNF135,-0.7563708131360432
ZNF136,-0.9690759684775415
MKI67,-0.8008057986159445
RPS19,-0.3273569360839134
ARL2,0.5204694175719555
RIPK4,-0.37640538903213877
TSSK2,-1.1848170200797974
TXK,-0.6734180250957679
AKAP5,-0.9434632767184651
KRBOX4,-0.2932020957472548
ZNF419,-0.7907755357981265
ZNF551,-1.1804622118558803
ZNF417,-1.2297767980800705
ZNF415,-0.35405818167105385
ZNF558,-0.17119600822482903
ULK3,0.11962773052376684
PIM2,-0.5485571241953606
LONP1,1.3993825845924976
AAK1,-0.8540855245523269
PDPK1,-0.46557170035821266
CREB3L2,0.8274835730645443
CREB3L3,5.088003763168768
ZNF286A,-0.8911589383438007
RPL37,-0.34269262342191253
NCBP1,-1.0033136479171594
MFAP1,-0.8849830916180487
PDCD11,-0.48839226451704704
SMG5,0.12098206969546184
SMG7,-0.20524156427012785
SMG6,-0.09158516615899905
SMG1,-0.7373490298744978
RPF2,-0.8817590851417795
SMG9,0.14601019209202457
SMG8,-0.2520871282940431
NOB1,-0.6908742884418354
PPP2R2A,-0.5738285619202917
IFRD2,-0.2069666739240325
EIF5A2,-0.38328972590622135
YBX3,-0.13626522965768786
RPS27L,-0.24418793370354178
POLR1B,-0.9668969012606513
POLR1C,-0.8690325958272997
RNPS1,-0.8013135579186036
RPL7A,-0.667492106415526
GMDS,0.6368054367799827
PPARD,0.07495174967102472
PYM1,-0.4914152501670939
SERBP1,-0.70319728898711
EIF4A3,-0.9754941807374762
RAI1,3.593989164785302
MUS81,-0.1673148189001328
NEDD8,-0.3776249512916883
RPS4Y1,-0.40853575181629465
SPCS2,0.2086486865816938
TIMM9,-0.46214048294863797
SRPK1,2.4438912637348347
TAF1D,-1.007392426903973
SPCS3,2.9850355476002486
EIF2S2,-0.7953408084610287
MCTS1,-0.6660164030483318
SEC61G,0.37138001240804114
SEC61B,0.30289134379711835
EXOC2,-0.22856706016940703
TRMT112,-0.1311793274608644
EIF3J,-0.7660119142763931
EIF3K,0.3083421210427404
EIF3M,-0.7324659765836472
EIF3A,-0.8713176991141428
EIF3C,-0.5671236891011014
EEFSEC,-0.310601035150741
EFL1,-0.6170418478325492
RPL37A,-0.47010041174543143
RPL27A,-0.4829384952856588
EXOSC8,-1.1709663122473688
WIF1,-0.43469174646436787
ARFGAP2,0.3411067015684441
EXOSC2,-0.8578962304945352
EXOSC4,-0.3631345629650833
EXOSC5,-0.5237928260660913
GTF2E1,-0.8821078608237025
DDX56,-0.543406036614019
PLCH1,-0.1596372806077771
DHPS,0.0342204356975112
CNOT11,-0.8635051858561774
ZNF24,-0.6069270422071278
EIF4H,-0.42509924036925717
COX7A2,0.0921436220716202
RPL7L1,-0.8204929497984635
RPLP2,-0.28217708233361694
TEX10,-1.0377246383665217
RPL41,0.12389255764332745
UPF2,2.307117283640338
C1QBP,-0.5473472529367692
SRP72,-0.744795955611884
RANBP1,-0.747294328968494
LETMD1,2.487192202076572
RPS4X,-0.6190983462831383
RTCB,-0.412644263187583
COASY,0.028631837503003632
RPS3A,-0.49706698582834263
RPL10L,-0.6679829915695218
ERCC4,1.3766952067308973
ERCC5,2.63420272388438
RPS4Y2,-0.5335534175740558
MRPS11,-0.18987293535811736
NOP56,-0.7270725449265563
MDM4,-0.5094253174161552
NDUFS5,0.11660802686593776
LSM8,-0.4743814547287368
LSM5,-0.8175214773482274
LSM6,-0.9795361887015871
LSM1,-0.5336027038598484
CASC3,-0.5524765789392232
HIST1H3D,-0.9078000796815745
DPH1,0.36124884810541674
DPH5,-0.2521607230063274
SSR3,0.32999076114626624
SSR4,0.5400630812937868
SEC61A2,0.4560420502054793
NACA2,-0.934713381927527
LAS1L,-0.6665792897847802
RPL14,-0.49790246713808317
RPL15,-0.5060856575866257
RPL23,-0.3669064519464403
RPL39L,-0.465075234966611
HIST3H3,-1.0291655620628206
NOP10,-0.5049769778936513
ROMO1,0.5743734546327918
HSPA4L,-0.4500690892559005
BCCIP,-0.8215856390995496
RSL1D1,-0.7671708334077808
RPL18A,-0.5093603475398787
ARRB1,-0.5387102718616132
RPS9,-0.3626049895012998
RBM8A,-0.6912488065658593
PNO1,-0.6941549583977343
RPS26,-0.463448672652539
RPS24,-0.6562568224838036
RPS25,-0.601849331961844
RPS21,-0.08143578858351018
MAST3,-0.2494350362551343
SRP68,-0.4170253395922969
MAGOHB,-0.9959074796135796
DNAJC3,2.9033499669756315
RDH14,-0.5592601791602484
RPL28,-0.14665956838587343
RPL26,-0.5429607547521467
RPL21,-0.4671019538127355
SECISBP2,-0.5663721401445752
TRMT61B,-0.7920644356507435
RPL22L1,-0.5416595098397385
HIF1AN,-0.39872772882260876
EIF1AY,-0.6227868219745111
OAS2,0.08445223304705161
MAGOH,-0.9767260647726135
MRPS9,-0.7168035252721937
NKRF,-0.8554172533175161
UPF1,2.6508546335198204
RPL6,-0.6085394584491965
RPL7,-0.6362835170189923
RPL5,-0.4478154190990471
PABPC4,-0.5108097804337789
EXOSC10,-0.8588380798590073
NACA,-0.3798067726965315
ISCA2,-0.01838830577868195
POLR2G,-0.6906803366635119
POLR2L,1.5488013219418855
RPL35A,-0.5098312069613044
NPM1,-0.825872927246957
PABPC1,-0.6230694606988236
PABPC3,-0.7212589076811127
NSA2,-0.8007732642651261
HIST1H1E,-0.9404639471667824
EXOSC9,-0.9464180287154302
PSMB1,2.0163219463408306
RPS13,-0.5697643896149265
MRPS12,-0.37879538410539826
RPS11,-0.505948791397711
RPS10,-0.20195216998179882
RPS17,-0.3722455982125846
RPS14,-0.5905007395306067
RPS18,-0.6043342506261988
IGBP1,0.04718642482208568
RPL3L,-0.9499791809778793
SRP54,-0.314649980146993
SNRPN,-0.5062674662269939
RTF1,-0.5699969261927185
SNRPE,-0.9816108221918084
RPL26L1,-0.6519944378940067
RPL39,-0.4969646625497341
RPL34,1.5208128152466984
RPL30,-0.6433932542614174
RPL31,-0.42303751328290223
UPF3B,-0.8598528939220692
UPF3A,-0.6174689268905826
DKC1,-0.7755518086967832
COPRS,-1.035583287380195
SMARCC2,-0.5018661011691062
HIST1H4B,-0.8897186045142736
SMARCC1,-0.9956888199303741
HIST1H4E,-0.7482757932198972
HIST1H4J,-0.9215753600141899
GLRX2,-0.5044026899429457
DCTPP1,-0.04417746308402487
SCO1,-0.283751326374754
LYRM4,-0.20816761146804852
PRPF4,-0.755006801663457
EARS2,-0.5949723526673515
PRPF31,-0.7728087848124844
CBFB,-0.5727775157410325
MRPL51,-0.2510429168287401
NDUFA12,-0.3312327498098116
DPY30,-0.7825323027277115
SCCPDH,0.12167394655078069
USP39,-0.8263128097547743
HYLS1,-1.42053234149778
SNAPC5,-0.5429665728355904
PTRH2,-0.2459208745406616
MTCH2,-0.308524127144282
H2AFX,-0.5660955700703918
H2AFZ,-1.004679515442163
POP5,-0.1670380853173189
MRPL24,0.1864185303112879
ADCYAP1,-1.0533608232022498
PTPMT1,-0.6261310864654269
GTF3C6,-0.6685727143760004
SLC25A33,-0.5829936329966162
EFTUD2,-0.7151170901709769
PSMG1,-0.7241549342941889
HIST4H4,-0.9155863313590168
NAXE,1.009337165105339
HIST2H3A,-0.6954525902902428
HIST1H2BC,-0.8643277807611459
CMSS1,-0.9873637068792451
RBFOX2,-0.4466918858074607
VBP1,-0.52803505390477
ARRB2,-0.2462560813042785
NDUFAF3,0.5021579754932948
NDUFAF2,-0.4507350924444365
ADSL,-0.5928155141978968
HYPK,-0.2157257767910284
MICOS10,0.09009026788945969
CFAP36,-0.025931637282647624
GEMIN5,-0.5832946279230946
PSMB6,0.17939134880687962
WIZ,-0.2158646220055431
CRTAP,2.2373169334677536
ARL3,-0.1013632972205541
HIST1H2AJ,-0.888725646646202
HIST1H2AD,-0.8795830681477405
TXNL4A,-0.5345398146104868
HIST2H4A,-0.795715131533288
TRMT10C,-0.9131652163005276
TIMM50,-0.38681091188352623
COA6,-0.5855146157963939
HIST1H3C,-0.9201687414003789
FAM216A,-0.7497835435429989
HIST1H3E,-1.1230218176068032
HIST1H3J,-0.7945099896595084
HIST2H2AC,-0.9058354975477052
KTI12,-0.9550497222275616
EWSR1,1.6041400120089742
EPG5,-0.1315870324077837
LINS1,-0.8856789238283039
KDM2A,-0.429731519026803
CEP295,-0.8896918172311319
AKAP9,-0.8845053234134674
ZSCAN16,-0.7684125117591323
DSTYK,-0.7442283515542711
RC3H1,-0.5565369538004755
ZNF451,-0.5130869483840664
AHSA2P,-0.6755186324162551
RSBN1L,-0.2956225239205811
TTC39B,-0.5811499578730445
CEP85L,-0.3128114157902317
NPHP3,-0.03144230121034013
SLC4A7,-0.1810213953727782
ZNF816-ZNF321P,-0.5349129139045624
AKAP10,-0.5611327911838843
NCOA2,-0.8785862949841666
SMC6,-0.9851502922407789
ERICH1,-0.9172514371109077
ALG13,2.652856937851066
SREK1,-0.8534148666132433
ABCA5,-0.3502194182233525
PBRM1,-0.8592143894440465
RBM6,-0.4839254330942022
RBM5,1.3435108954948993
RAB2B,-0.32619137119396685
ARL16,-0.5188274354311572
DDX17,-0.7330249620996779
CDK13,-0.941634770349045
CNOT2,-0.7486704013613623
N4BP2,-0.8362479411172831
MIS18BP1,-0.7421013849929724
SEPSECS,0.08840125690544841
HMBOX1,-0.8763806386239256
PNN,-0.8822418415786384
FAM126B,-0.16803260846165471
IKBKB,-0.09086139206383692
TNRC6B,-0.5354378211094044
PCF11,-0.909030988981114
SMIM29,0.3018577881207234
NPIPB4,-1.0209479620325475
CEP192,2.287262386708616
BAZ1A,-0.742579445892832
SSH2,-0.38404021926249676
MANBA,1.4089043060415838
SLTM,-0.9735347127607054
NFATC3,-0.43689386168091005
CCAR1,-0.8858714598894393
SHPRH,-0.855114843420485
CEP97,-0.8997955566605375
MPHOSPH8,-0.7664427703074366
ARID2,-0.5900493660820086
HSPBAP1,-0.46917307765426586
LCORL,-0.20003733967201343
RCOR3,-0.6283088275484254
RASGRP1,-0.3138223235684152
ATXN7L1,-1.1186662770591123
SNRPA1,-1.0927622368854322
USF3,-1.025343774235806
TRAPPC10,-0.41136538045840865
U2SURP,-0.9575670008397251
ZNF808,-1.1540629867084953
ZNF805,-0.9496268821008959
UHRF2,-0.7614963736210996
TAOK3,-0.33689751283611014
MYO9A,1.128589291197594
USP3,-0.472968849824342
FAM13B,-0.7194714038983422
FAM192A,-0.1140455850634128
ARAP2,2.0995502149062144
RALGAPB,-0.21551370114108698
ATG16L1,2.231291330478835
MFSD8,-0.21048261998283668
RUFY2,-0.7452603399638608
KRIT1,-0.7127721107301529
FBXO11,-0.7727420598402075
PRPF4B,-0.9595334811337293
ATF7IP,-0.42106110313077316
RAPGEF6,-0.16032763810029155
S100PBP,-0.6948194831209993
SLC30A7,0.024324410543160722
EML4,-0.6373202768546644
DMTF1,-1.036893910757211
ANKRD49,-0.9537409152041808
SETD2,-0.7451181470469396
USP37,-0.3588025852707433
SYK,-0.3271879063989806
TTC17,1.3968542235318253
ZBTB20,0.7211046259063973
TASOR2,-0.8005245786607479
MED23,-0.6714397422905332
RICTOR,-0.1894755964446575
USP48,-0.5789108953372093
JMJD1C,-0.5632682319594507
RBM39,-0.867387041108259
CDK11A,-0.3121791215808087
TENT2,-0.6071522807758382
ZNF586,-0.9043347940101757
REV1,-0.6203918788148169
EHMT1,-0.7625682512270815
PHTF2,-0.5260221374384897
MARK3,3.1852509805644544
ZNF101,-0.998373060244119
NAA16,-0.6878731815585502
NEMF,-0.9585215593299985
FAM214A,0.043106026970642725
CFAP44,-0.8222959834947935
SON,-0.8497151228119577
NIPBL,1.4235391303351557
HNRNPA2B1,1.280781314793161
RSRP1,-0.3338728045070546
PIGB,0.14516378464192115
WDR33,-0.5957308190777794
KMT2D,-1.0092460561875574
PKN2,-0.7939660588218496
TIA1,1.7053060995695133
ZNF292,-0.8554741025113359
SP100,0.8937523809254126
PI4K2B,-0.6413421467947832
TRMT13,-0.9056624454139868
ITSN2,-0.5887218879641738
CAPN3,-0.11672113766542877
PHC3,-0.8285627569370582
CREBRF,0.11420160282275926
ATG2B,-0.39287142357551624
FAM76B,-1.0674575005123765
L3MBTL3,-0.2863074505927892
XRN1,0.11177779100811606
NRDC,2.984317749373734
TRIM33,-0.6851643458565069
LUC7L,-0.51509047003402
ABHD18,-0.5594864294114724
LRRK1,-0.49590905504123334
CHD9,1.1482225409315543
ZFC3H1,-0.6327953570962721
ANKRD27,-0.6389392345784946
KIAA1109,-0.12613607261038765
KDM5A,-0.7427170050046169
AGO4,-0.03373440300245827
AGO2,-0.6808853308874433
FNBP4,-0.6780031327837668
BCOR,-0.9274863169843037
GPBP1L1,-0.39015562626328987
ZNF138,-1.2427840340709995
LPXN,-0.1435395333594364
MPPE1,0.23079307587836942
VPS13C,-0.10376730018924732
VCPKMT,-0.07292374211860675
DENND1B,0.10040967318918169
RASA2,-0.45530406160184766
ZNF707,-1.0527483561561874
BPTF,-0.9062626538001005
STX1A,1.6635099284309711
MRPS10,-0.7631115859468036
CENPB,0.047352203802519824
ZNF747,-0.8522625489985062
MRPS24,0.17244676638944706
MDFI,-0.5464858546071837
MRPS33,-0.44474719897317166
MRPS31,-0.8795694060128019
DCAF1,-0.21312123912469172
ZNF783,0.06261659791183394
PTCD3,-0.741906502580828
ZNF579,-0.504358830818999
DAPK2,-0.10082051101180377
ZNF316,0.9505489417178827
SIRT1,2.3149135716623923
ZMYM6,0.3423340836639181
ZNF445,-0.9592580074777486
MRPS5,-0.38700065475797746
MRPS18C,-0.6766950556340681
HIST2H2AB,-0.6687745992089358
MRPS26,-0.09025143204041881
LLGL2,-0.13750955875742174
KRTAP10-7,-0.5488288690732879
KRTAP10-5,-0.6364926399239752
MRPS25,-0.36237411392897484
MRPS22,-0.5541127966321664
MRPS23,-0.6953985804796298
MRPS28,-0.6463956462238455
HOXA5,-0.7176975708206588
NKTR,-0.8298608005378091
DHX57,-0.7697378189113255
TOR2A,0.1816091571384213
NIPA2,-0.501704632575303
S100A10,0.40219895545932416
SMAP1,-0.34833465770819316
TPD52,-0.4816889525518051
COMMD3,-0.5444470850011625
DRAP1,0.22961577069667338
VDAC1,-0.19925276928092506
PARL,-0.34550151038605625
GNG5,-0.6810816448895254
PTGES3,-0.6426624195491628
NUP54,-0.8748217410221183
ARPC1A,-0.24557899516722873
POLB,-0.18171627505200955
FAM49B,0.096382676905793
CLTA,-0.2562598481550834
SUMF1,5.620477613229747
PSMG2,-0.6235618124436314
TMEM70,-0.4790406178345865
FDFT1,0.4909441559097887
NUDT9,0.1645829428519899
CLNS1A,-0.4778486747818243
MRPL15,-0.6207003479148363
MRPL18,-0.7425921715378406
TPRKB,-0.5572423461768545
ITGAE,-0.20889442963093846
PTDSS1,0.10702198485500043
ZNF207,-0.8123697690850747
NDUFAF4,-0.7645706639502463
NDUFV2,-0.32135557043127855
PSMA3,0.9439625229789794
LAPTM4B,-0.5334827558425275
EMC6,0.0397329103403445
ENY2,-0.7596234695641483
RAB10,-0.27155176990244223
NDUFA7,0.005674727088049461
NT5C3A,-0.346979041405789
CKS2,-0.8277028885965481
JPT1,-0.514418485714237
MAIP1,-0.5136589407854797
CMC2,-0.34316750665027307
NT5DC3,-0.03669210770021698
MRPS16,-0.3891889657993579
UTP3,-1.0309953563750338
GTF2A2,-0.793572002918962
TMEM258,0.5106939302838969
WDR82P1,-0.1242393481659979
CIT,-0.7579923785084172
CACYBP,-0.7841303802976867
CNIH4,-0.07240214463285953
TRMT5,-0.78857923109906
DYNLRB1,0.08159480735734731
CNOT7,-0.8665118483966786
RMDN1,0.0371785560185646
LSM4,-0.452965930608108
COA4,-0.20986685470962513
INTS8,-0.817696295018244
ORC5,-1.0382268296719792
LSM3,-0.7417707858192946
UQCR10,0.004201838589098863
LAMTOR5,-0.2847919800454837
EEF1E1,-0.8117175883606671
ZNF704,-1.0696425882790137
IMPDH1,-0.053425723762997944
DCP1B,-0.05912188460257653
SF3B3,-0.8144736264945465
SAP30,-0.746354168414838
ZNF260,-0.964535505596433
ZNF414,0.020838394081365983
SIN3A,-0.9673735902388156
SUDS3,-0.8798488787006546
INGX,-0.6330138084470592
TRIM67,-0.44479019288084276
ZNRF3,0.688895566382953
SAP30L,-0.6545736298263722
HIVEP1,-0.33925251497183917
ZC3H10,-1.004129045197025
FAM168B,-0.14088805661951057
PRR20D,-1.0414880578912737
TEX37,-1.008481724109412
JUND,-0.23226502235902588
ZC3H4,-0.8903873353919733
HELZ,-0.5549280432210878
MKRN3,-0.9459268503417455
MKRN2,-0.5349644196316884
ZMAT5,-0.18412701206143703
LOC105370298,-1.0202058226472444
ZRSR2P1,-1.026532054533259
DAB1,-0.9452672752185909
MLLT6,-0.6304910220992389
OXER1,-0.6001146752413651
RBPMS2,-1.1273992712012786
DDX39B,-0.7494766224615048
RBM27,-0.7460037780639682
U2AF1,-0.8060454253200807
PRR3,-0.9729804308298372
KRTAP6-2,-0.7515165766347321
TENT5B,-0.6135330256780667
OTX2,-0.9287186492628706
ZC3H15,-0.990678222912296
TRMT1,-0.18231605120803496
ZC3H18,-0.4084455655597599
MSX2,-0.6136328214847572
RBM4B,-0.7532539242997526
ZC3H7A,-0.3725802542415217
TOE1,-0.7047285340626531
NCS1,-0.635946222729325
PPP1R10,-0.29632012202501684
NUP42,-0.7913384727945217
C10orf55,-0.6378338087102566
FOXH1,-1.3316207711780865
ZRSR2,-0.667561599681638
CPSF4L,-0.01797478833039131
PRR20E,-0.44951792971385307
PLA2G10,-0.4158661732262807
ARID5A,-0.4816807497611432
C19orf54,-0.10149491354229707
ZC3H3,0.12547903725719864
PRR20C,-0.2780452380654198
NFYA,-0.36196695601884116
PIAS2,-0.814093227294319
ZC3H6,-0.9518705588234753
RBM26,-0.9386130229537057
ZGPAT,0.0008599550099344212
PRR20A,-1.0202058226472441
FOSB,-0.061863262629247275
POU2F1,-0.9536557759459799
IDI2,-0.328056994349837
TRIM14,-0.09168430330872891
UBE2DNL,-0.6593832015545666
PRPF6,-0.123356745720898
SUZ12,-1.1566123071899699
TSPAN15,0.6973950019388315
OSBPL2,0.270516759603546
SYNCRIP,-0.7415419263616688
XAF1,0.08610133192254175
DNAJA1,-0.49638757345504325
PARP11,-0.4524560113213494
RNF2,-0.8151137725142128
FBXW10,-0.2729815124749521
YTHDF1,-0.17335585876972498
KANSL2,-1.0469365892223712
NFIL3,0.2362294521229607
TMEM123,-0.22414752408534744
GID8,0.14534945036967437
CDKN1A,-0.20916009797715385
SART3,-0.7646112687127565
CLP1,-0.3900557213051239
POLE3,-0.7927495507488401
RTF2,0.042107456588346345
FBXL21P,-0.13511762657067672
FBXL22,-0.278008824013357
NUDCD2,-0.6952418179265201
GRPEL1,-0.46570329120820503
TRIM55,-0.5749445562387883
PLP1,-0.3286639565536461
TRIM52,-0.5974168913884946
FBXW2,-0.41522524470873895
HNRNPC,-0.802994410967625
ADRM1,0.29228323813910856
WBP11,-0.8871408773720322
AIMP1,-0.725519223294546
WAPL,-0.7961516302115447
COMMD3-BMI1,-0.7322025991934338
TLK2,-0.6586857407362191
TBCC,0.12104251681340086
HNRNPF,-0.8944359473005431
FAM32A,0.2085287843627219
TOMM20,-0.4396588964417898
LAGE3,-0.21344135175948692
DTX3,-0.28856666567767764
LACRT,0.6298191095400556
MOB1A,1.8897688006643347
CPLX1,-0.6134479241486032
RNF166,-0.7348658790019341
TM9SF4,1.0572047021762243
CSTF1,-0.8253610333123171
USO1,-0.4570650939962873
HIPK1,-0.5899201345980041
SSH1,-0.0722948084611388
REXO2,-0.6468069380408499
KPNA3,-0.8030472888191263
KDELR1,3.0540834187762966
VPS72,-0.23791179916218647
UGCG,0.11045356246629578
TIPRL,-0.7191516871672425
RAB7B,1.415586767638504
NUP153,-0.7076534346028909
GABRD,-0.8557274106293333
AGO3,-0.5037873061575567
DYNC1LI2,-0.4219612550206624
TNPO1,-0.6017459465146197
PRPF40A,-0.9875853199403111
PDCD6,-0.4270532024520296
IGHA1,-0.36163108594539656
MTF2,-1.2847191631663488
ZNRD2,0.0599679466207436
USP13,-0.5230076761131682
ATN1,-0.2109342747044078
FOLR3,-0.08803867374127936
ZCCHC10,-0.8196060227539427
AGK,1.5165842630607644
UCHL5,-0.8876645988523344
ANP32E,4.647028854134614
SRSF10,-0.8878949989431077
ANP32A,-0.41690700163199995
VDAC2,-0.4192946912197062
C8orf33,-0.4479272924976035
RBM15,-0.8361887872740384
KHDC4,-0.7315116799390581
TAF1B,-0.850406120667855
MRPL50,-0.9207804671100457
ZC3H14,-0.8147194329941458
DHX9,-0.9012738460265559
DIMT1,-0.8510845403186263
OSGEP,-0.062206454719281844
NUP98,-0.808405056658046
NDUFB3,-0.37610834419939887
NUP93,-0.4620347796275008
TAF1A,-1.149515153615661
HSF2,-0.8647195004014517
IFRD1,-0.1900444247309269
MED12,-0.4290908851115041
CEP83,-0.9241523140420929
HNRNPDL,-0.7826716627891814
DDX46,-0.9413885584824552
DBF4,-1.0055684311834787
PYDC1,-0.8812913105620739
SNRNP27,-0.6131825105773109
TSN,-0.6576014542485131
HMGN5,-0.5371897574364025
PDS5A,-1.0061834952576774
GTF3C3,-0.797491255591019
KRR1,-0.9147665987584302
TNNT1,-0.8400833236581119
CHCHD3,-0.7150055089133648
CCT8,-0.7376854424803437
BMS1,-0.6578993632238574
FARSB,-0.4003451503078368
IPO8,-0.7482548373950734
CETN2,-0.5364557565935101
TTK,-0.8518848217975253
HMMR,-0.984216928584351
CCDC59,-0.9499901553721943
PAXIP1,-0.9981734536097562
FAM136A,-0.1600902222606234
FAM120A,-0.03660774121863368
RPAP3,-0.7558384244012032
GART,-0.8231455948644427
ARL5A,-0.5966849144915086
MCCC2,0.2777368185425215
NUFIP1,-0.2981626104861688
ZC3H8,-0.9631819480972464
SNRPB2,-0.6395415432505053
DNAJC9,-0.7266877481901415
TOP1,-0.8296721637395956
RRP15,-0.8103951269573867
NUP133,-0.8175215763942527
KIF23,-0.7878625536364123
PRKDC,1.1972801691889954
UNG,-0.5567461583571865
PRKCSH,3.548937116731264
MTIF2,-0.362247863129008
AKAP11,-0.33655761601306905
DCTN1,-0.25622859804832354
DCTN5,-0.3662372106172095
PHAX,-0.6248875621900231
SMC2,-0.9793008800806094
GRWD1,-0.6886090680843014
ARF4,-0.16778651233474937
SOAT2,2.6979651944912906
RBM17,-0.8847257545613506
TFB1M,-0.45239070775343
CEP44,-0.6087819932570712
HACD3,-0.20312357843493645
RGPD3,-0.6287784389947314
NOL8,-0.9973907004253634
NOL7,-0.8827710179800764
MOB4,-0.5543795407436263
RIOK2,-0.8899828047058291
CEP170,-0.8171687837856858
LTV1,-0.9867845410025109
GEMIN2,-1.1083225184091507
TBCE,-0.9084311185501351
GEMIN6,-0.7307094533443175
UBFD1,-0.19566072475024607
ATAD2B,-0.7492118366008865
LUC7L2,-0.8153837070411155
CDC40,-0.9244910838722344
ZWINT,-0.7782252987484001
HMGB2,-0.9172193738857274
HMGB1,1.5774485975320514
TPP2,-0.10212833356022967
CPSF6,-0.9257663969853109
CTNNAL1,-0.5175808044207157
PRC1,-0.8885772988450013
ERH,-0.8140025817561211
FRG1,-0.8767423952820035
CCNA2,-0.7465309060668772
PMPCB,-0.3493302028501457
DDX10,-0.8076888297717473
CDK12,-0.8205448967213805
SINHCAF,-0.8148602402186798
NARS2,-0.5949150196176763
FIP1L1,-0.7778067526912747
HEATR1,-0.9429887297383023
KPNB1,-0.8415985624139297
R3HDM1,-0.4549079458894849
MRS2,-0.15831438390446548
FXN,0.12474795540597254
SEM1,-0.561687476031051
WASF1,-0.7871621209432259
YRDC,-0.7014628475625699
FAF1,-0.20291346028949772
RABGGTB,-0.46786798593629186
ADNP2,-1.0886568449704872
WDR75,-1.0112839933747875
WDR74,-0.43352402407272445
AHCTF1,-0.9139546995365777
RAD18,-1.0094160764217912
LRRC40,-0.9347400483339904
NUDT21,-0.7758922955743979
TMEM126A,-0.5620863038262813
LBR,-0.8562859398292029
DDX39A,-0.8483289781575819
MKLN1,3.3441121190126046
MKKS,-0.5108048563975586
NOL11,-0.6532452113053643
MRPL35,-0.7716007830443938
MRPL32,-0.8685336157850717
MRPL33,-0.10250752821659058
MRPL30,-1.1942364616801224
SLC19A1,-0.6372859173778485
MRPL39,-0.7319909764013438
TBL3,0.03287611490600052
THOC3,-0.8310927124288678
THOC2,-0.6976341153804162
THOC1,-0.7524505099653116
THOC6,-0.26610728183093546
STIL,-0.7517301478210469
MRPL40,-0.0763026420284071
MRPL47,-0.49231912323142796
TIAL1,-0.6817820785508354
FKBP3,-0.6075192622488833
HNRNPH1,-0.7871851557285274
ABCE1,-0.8848391769472492
SYF2,-0.5600611531006897
FUBP1,-0.795049789360222
YTHDF2,-0.8723540302223417
DDX47,-0.7586608705326169
ZNF598,0.03670019339065653
DHX36,-0.6493416368515981
DHX37,-0.7128843724863402
CCDC124,0.5850744821486148
DDX52,-0.671781425914453
CFAP20,-0.8209753091886313
DDX50,-0.6825148001665146
DDX54,-0.6349069907799394
MPHOSPH6,-0.9614462572599968
SDAD1,-0.7954038414448464
SF3A3,-0.738821570092667
ZNF277,-0.4961767353675567
COA7,-0.9179155315122733
TXNRD1,0.190405745143822
MRE11,-0.8383351020147547
ALYREF,-0.8834136439520827
CHAC2,-0.6549581081116251
DLAT,-0.0015374066340890602
PWP2,-0.519900030387912
NUDT15,-0.8528821781759645
NASP,1.8267914758135606
YARS2,-0.5691151233125765
DENR,-0.48606193817100335
RALA,-0.4516087498472997
MDN1,-0.6003242539291583
RFC5,-0.9498485215967488
RFC4,-0.8526243582702784
TCERG1,-1.1202288858007148
EIF2B1,-0.47066736765454714
FABP5P1,0.2534401657173932
GMNN,0.0661489770516068
HMGN3,-0.09903303589404082
CBX3,-1.0237549983401522
MPLKIP,0.38961912216483446
INTS13,-0.8784320652692538
INTS12,-0.5126652532591551
FASTKD2,-0.9385766505199938
FASTKD3,-0.3538327532058828
SHLD2,-0.06861083725928048
RRP1B,-0.6367927814049974
UTP11,-0.7302443439717852
UTP15,-0.6060990289595123
TTC27,-0.7261503541725787
HNRNPM,-0.6950573972602881
HNRNPA3,-0.8067644160367148
HNRNPA0,-0.591771004404009
MRPS18B,-0.2304534881042426
FIGNL1,-0.19635689520852917
DEK,-1.0762820222811915
CCZ1,-0.6340658533411041
API5,-0.6383389681148197
UTP18,-0.910121546473987
RSRC1,-0.8828739756966261
MTREX,-1.0119065828134486
HNRNPH2,-0.4975228462558501
AATF,-0.6232626065578275
PHF14,-0.840438292781701
KTN1,-0.20152655666712535
LYSMD2,-0.20530601492038597
MSH2,0.637026785393784
MRPS15,-0.46738307503233956
NUP37,-0.7984248972767043
CEBPG,-0.1451820141286185
NOP58,-0.8543168150927194
TIPIN,-0.9739159912996128
NCL,-0.3084768408751944
KRI1,-0.6018316941217262
SUPT16H,-1.0071452123345017
PDSS1,-0.41875202933119776
SEH1L,-0.7016702586439759
DDX20,-0.9604259165153671
SLC16A1,-0.42036060476065207
MEAF6,-0.5772927205240079
TWISTNB,-0.7807391552376007
IMMT,-0.36511522198741286
PHKG2,-0.11601297985784151
TIMM23B,-0.17952475078589997
PMAIP1,-0.2380558787474525
CRLF3,-0.6211411555417068
ZFR,-0.7346357448842551
CDKN2AIP,-0.7455157918095399
ERGIC2,2.651369734108163
POLR3F,-0.9499942702312901
NGDN,-0.7516472240897378
CWC27,-0.8881906184545146
RPIA,-0.62698580954247
CWC22,-0.8699162146476157
KIF2C,-0.7398213960651159
SUGT1,-0.5468330811817331
MAP3K2,-0.34433092307895635
TFB2M,-0.5510447198401182
CPSF3,-0.8486744112804316
BCLAF1,-0.9860700019353285
MFSD14A,0.03982485362444965
PRPSAP1,-0.04981746797862522
PRMT3,-0.8892509863339623
HMGCR,0.10551210212747333
MTPAP,-0.8057509535181283
BRD1,-0.8584480732391222
KIF5B,-0.7143123380479035
ARCN1,-0.3239115707603052
ZNF131,-1.0255738349628307
UTRN,0.6261494391429865
LYAR,-0.7774920445749611
NUCKS1,-1.1429409612728412
MRPL21,-0.2364123646462887
PNRC2,-0.4396063027236517
METTL5,-0.5087296572755406
ICE1,-0.9654538306403635
NOP16,-0.9718893131381305
XRCC2,-0.8813896864750925
XRCC5,-0.8627114900514004
SRSF4,-0.7422643806341191
SRSF7,-0.8229712690084908
SDHAF3,-0.6752206619629639
SRSF1,-1.0610003998645843
SRSF3,-0.8432659547789912
SRSF2,-0.9866056161855005
USP45,-0.5013899245555807
RIDA,-0.118093547604109
RBM34,-0.8767574246558447
NXT1,-0.6807062650543609
SURF6,-1.2943528245448621
FAM98A,-0.27565610222177267
CISD1,-0.13599039262701812
TRMT11,-0.26640851532402965
DNTTIP2,-0.9145436512738233
MRPL1,-0.697149358935349
PTPN2,-0.6234438894310328
PWP1,-0.8668883436992642
LARP4,-0.6766633958873524
GINS3,-0.9831906227826192
NAA15,-0.7691822587818306
TSFM,-0.4359073406451808
RPP38,-0.3933854047137963
MIS18A,-0.9433970226791366
LARP7,-0.5141238060976572
VDAC1P5,-0.427565834166164
GCFC2,-0.7927782762748147
PSMA2,-0.5497411914842802
PSMA6,-0.3498565528943816
PSMA4,-0.5935485878026842
DUS3L,-0.5955791739365189
ZC3HAV1L,-0.24211533885013475
MSH6,-0.6705591431893448
NUP50,1.5409356418593991
SPNS1,0.10548653595463733
PPIG,-0.9110090771072751
SET,-0.699326196551478
TMPO,-0.8604401566286779
AIMP2,-0.5418245681830938
CYCS,-0.34686315754688396
TRA2B,-0.9813687679265104
ANKRD17,1.0136166996837075
ABCF1,-0.4295505302301038
TIMM17A,-0.4065781069518581
ZCCHC8,-0.6098986062818995
TMF1,-0.582406884782457
PCNA,-0.8887881395932248
ZNHIT6,-0.4862807537760597
MTR,2.192648159402611
SPATA5L1,-0.4823166663306194
MCM6,-0.9477959727708414
KCNN4,-0.7099273550313463
GCLM,-0.059607231688770364
NIF3L1,-0.4910053088434124
PPP6R1,0.12101657287768179
KIAA1143,-1.0283380582188137
DUSP12,-0.4523977337293541
CEP19,-0.11420554250779669
PPP1CC,-0.7505461914275211
PDCD5,-0.4714390644851134
NAA50,-0.8364934821697934
RPA3,-0.6562431155393789
NUP160,-0.8772663455199943
PPIP5K1,0.6005351826787972
ILF3,-0.8262074473448034
LRPPRC,-0.7722287378683812
NTRK1,0.5550316155694448
PTP4A1,-0.3285186324525886
THOC5,-0.8602577504395081
PTBP2,-0.8099543198331651
NDUFB6,-0.24285751567100397
PRRC2C,-0.7378029446309757
ISG15,-0.028234404332899136
CEBPZ,-1.0138739940009664
PMS1,-0.845442347637596
H2AFV,-0.8516013477438469
PPIP5K2,-0.594732078191861
DDX5,2.054291968364975
CTR9,-0.7989627048412237
DDX1,-0.7525887815149596
KATNA1,-0.8727133807502961
NDC80,-0.9524557450651142
ELP1,-0.6347149614427099
ESF1,-0.9406730747133852
FEN1,-0.731320721767721
ST13,-0.16967492088848182
MAPKAPK5,-1.030325366645619
ZC3H7B,-0.2329555990260874
KBTBD2,-0.2738377704390591
HAUS3,-0.912812719913425
HDDC2,-0.6757049207853789
TXLNG,-0.4246015311483432
PDHB,-0.17592256813272295
UBXN7,-0.7457024075321651
MRPL16,-0.31309800919264924
MRPL19,-0.7379170737109908
CCNC,-0.5150208172189528
SART1,-0.23435928843497447
MRPL48,-0.437306215073455
ATP5MD,0.3877252124695706
IPO5,-0.6264818943525686
GLOD4,4.000241064332787
NUP155,-0.9500740948316128
ASCC3,-0.5157875296114922
HPRT1,4.830070510308412
SFPQ,-0.8730599507170747
HNRNPH3,-0.8899356937642104
CWF19L1,-0.48004285948068004
HNRNPU,-0.9005684455454984
ZNF622,-0.8386158301430056
HNRNPK,-0.6998228853881489
GPN3,-0.6829084210292355
COPS3,-1.095479986734413
DESI2,-0.7565699105664765
HNRNPD,-0.7259922806675952
MRM2,-0.7646941275241166
PFDN4,3.2183432847089537
KHDRBS1,-0.7487997942755913
CCNB1,-0.8859718533484733
ARL6IP1,-0.2821693807101127
CC2D2A,-0.6228359291540776
MNAT1,-0.5156409235200776
HNRNPUL1,-0.35372361525414714
VPS35,-0.2244417171856538
NAE1,1.942831911978502
CSE1L,-0.8950463507497317
QSER1,-0.7235628580334945
MAK16,-0.9953337874227253
UTP6,-0.969883572853492
C1orf109,-0.9697938148907204
DCAF13,-0.5728727653197986
DHX30,-0.3996530421167262
RIPK2,-0.28277015560145125
RRM1,-0.6022427800512085
EXOSC3,-1.0147829026115298
RNGTT,-0.907542925533268
PRPS1,-0.3976198683060665
TSR1,-0.8401880088140804
PRPF18,-0.7893835951700615
UBQLN1,1.820182546154174
LSM12,-0.406381390382419
ZZZ3,-0.931189472217367
TRMT10A,-0.6785183237839388
ENOPH1,-0.5948162060363824
TFAM,-1.0218269028223577
CLASP2,-0.7611442547090517
ORC3,-0.9362417441591984
ESD,-0.04540153716848405
SSBP1,-0.5317083239413084
MPHOSPH10,-0.9499936240759801
PLAA,-0.25645810598078683
HSPA13,-0.1753458124014981
HSPA14,-0.7404733699662135
SNRPC,-0.5215059001912609
G3BP1,-0.8221656523997952
EMG1,-0.430356302584654
SLIRP,-0.5441067283324666
SLC4A1AP,-0.6677476641414557
TUT4,-0.739466619815508
AGL,-0.1859117462195134
ZCCHC17,-0.17025127422158046
ZC3H13,-0.4993958558260048
GCC2,-0.5018061897669672
CAMKV,-0.9898106339465601
GTF2F1,-0.354228445731528
TTI1,-0.6199099672945446
DDX42,-0.6110772974574792
CEP76,-0.8288468390497803
STARD7,-0.6856571851715976
ELAVL2,-0.9138595156548356
FOXJ2,-0.6441094718888681
SENP6,-0.6845643326360873
SENP3,-0.15039006919125125
BICRAL,-0.29909267258124894
SNIP1,-0.8075705172585265
PPP1R8,-0.8600140078697086
KIAA0586,-0.919683514894736
TAF11,-0.9699284328634468
NDUFAF1,-0.27309314932133716
NCOA5,-0.12328200625502449
PLRG1,-0.6702530051212137
C17orf80,0.23685088180263542
TAF5,-0.983727667953872
CPOX,-0.2512715475236628
RGPD8,-0.5502681225933336
CPSF4,-0.4984986357259307
CPSF2,-0.8331272069503397
CLK2,-0.09054553656145618
EXOC7,0.02639605873184209
OGT,-0.4168577332699283
PPFIA1,-0.5049062251110518
NUP35,-0.8354469376174539
ALKBH1,-0.442089657471918
PRPF3,-0.9474571942947178
DYNLT1,-0.34696720341017256
MTMR4,-0.5388112581471722
TPR,-0.8950055749357967
CSTF2T,-0.45884153523749366
ALG6,-0.2538005309526437
NUP85,-0.8264004608261479
LRRC42,-0.012229109616714973
GLE1,-0.691744042107664
NEK4,-0.7298487862003545
MRTFB,-0.5684473290526649
NKAPD1,-0.971518819209484
IBTK,-0.41087953873086525
DROSHA,-0.9182542276200728
ZNF22,-0.7746823439601503
ARGLU1,-0.4867918259722719
CCDC8,-0.44276371608973525
COX11,-0.45352088844235633
VPS54,-0.28017481419375173
EIF2B4,0.050117441712249924
CBX1,-0.8248334356436581
RNF113A,-0.06882830333190013
TIMMDC1,-0.3322161794034777
IFI16,0.5382580073977895
NUP107,-0.9559385554357482
DDX19A,-0.5825234067695145
RAD50,-0.7154871332449251
PATJ,-0.38083160407652267
DNAJC16,0.03808666631566932
NEMP1,-1.0878343092542873
ZFX,-0.3959006327353136
EML5,-0.31059510789338174
PRMT9,0.6380924279784786
COIL,-1.1517907271175014
SETD3,0.07537625150994387
RNF219,-0.9276837403804178
SARNP,-0.6707651899958516
TASOR,-0.5481024884781563
SRSF5,-0.654905527851176
SRSF6,-0.7501227222590404
SRSF8,-0.6547010068013089
RBM33,0.6451372217523716
SMARCAD1,2.2766124710056377
PARP2,-0.8352659051814691
ATG14,-0.3038027466626519
CCP110,-0.9045154781032552
SHQ1,-0.7420651673443031
NVL,-0.8177733647844134
YY1,-0.9040029604375847
BAG5,-0.7104629610469276
TSEN2,-0.7415587277902966
OBSL1,-0.7586875794428646
RALGAPA1,-0.341748880767244
AGPAT5,0.8887599457494211
ASAP2,0.07987693323064413
DCLRE1A,-0.6014348556779774
THUMPD3,2.0234295003245606
KRT20,-0.6586333517936238
PGF,-0.21187294147968566
SNRNP40,-0.5226126843829049
SRRM1,-0.8805778533806892
SRRM2,-0.38780816052965517
PARN,-0.7570844603218837
WRAP73,-0.4841789850266823
LRRC37B,-1.2208738779532051
DDIT3,2.298527887594427
KRT27,-0.48706179814838035
SNAPC1,-0.8029514831057278
UBR7,-0.4181952708059106
TDP1,-0.7409435522535741
RASSF8,3.319136321504706
UBAP2,-0.8208751662270861
SIRT7,-0.4146501362223518
RAB3GAP1,0.11076539138993811
IFT74,-0.5962700306775152
KIAA1107,-0.6259388256507388
TAF4,-0.4953714291130206
TLK1,-0.6594148483071155
PCID2,-0.5847885791641768
RBM25,-0.9585299821328633
NUP205,-0.9674962793131663
BTBD7,-0.3841146919639429
PAXBP1,-0.8596213983366268
POLDIP3,-0.43918138262180656
GGCT,-0.3764745614406567
HIST1H1C,-0.6245647087569053
SMARCE1,-1.0068440455144756
YAE1,-0.5873708872719039
AQR,-0.7622351895565188
ZNF410,-0.45572145709503364
TMEM168,-0.39833319321082905
SPATA7,-0.4772673752339076
CD38,0.21181365323182824
ELANE,-0.15003625470584986
NTAN1,0.3150412914109945
CD33,0.24696305287826123
MLLT1,-0.9837310275956161
B2M,0.32011103222484166
SELPLG,0.34813385157972315
SLC39A11,0.792862812131111
IL12RB1,-0.06817651560451893
PRB4,-1.1452651532706175
GRK2,0.42420059501419066
TNFRSF8,-0.7365983095202787
PRTN3,-0.4204160715116514
TNFRSF9,0.3518563731024573
CD28,-0.3176443903487498
CXCR5,-0.4955301073263966
CLCN1,-1.0911140579145728
CD27,-0.24657482297295794
LY9,-0.08827649465265439
MUC4,-0.7733722710988574
FASLG,-0.3920953489065497
GYPC,3.4148663900458502
GATA2,-0.7971294243381983
GATA1,-0.6593042415517925
CD6,-0.16845269080190617
TLR3,1.1019934224105559
CD79B,-0.32031345870057737
TLR9,0.7605970594353564
CD3E,-0.30114756222013983
CD1C,0.36057925299878685
ITGA4,-0.350461949013635
SAAL1,-1.0251652014425563
DNM1,-0.47825987322840047
DAXX,-0.332990757011894
TNNT3,-0.9978050514047857
TCTN2,0.13426304321709964
MEFV,-0.36975705647420043
CARD9,-0.8372709416424339
MADCAM1,-1.1682614050816809
TNFRSF4,-0.23543397437610075
NPFFR1,-0.785070786768214
SPI1,0.9921123136483715
ITGAX,1.8354596193611972
CR1,-0.2152123338407536
IRF5,0.13555478120934442
VAV1,-0.19913641692671277
CD276,0.1955069946268683
ITGAL,0.26836986500435517
ITGAM,0.8869205602281384
CD80,-0.723526584618362
PTGDR2,-0.5262852864302074
KRT76,-0.9728450615571883
NCF4,0.38107903594259845
GABRR2,-1.2578767436020355
EIF2B2,-0.3578717108658652
EIF2B3,-0.4944294312870193
LAG3,0.24705091746774205
CD4,-0.06650193424222171
CD5,-0.6009347976790771
CCR2,0.7547808045740387
CD7,0.0575573335171935
ZNF835,-1.2394358543698074
CD2,1.022715014216506
PSTPIP1,-0.16642676264925926
ARHGEF1,-0.4575161134836662
IKZF1,-0.5012198399807076
NCAM1,-0.737920232438292
PCDHA6,1.0849627477145734
INS-IGF2,-0.45311291064152975
ITGA2B,-0.3123178778273466
CD82,0.45345920821809094
ICAM3,2.892462236902002
ICAM2,0.49484004230253337
FLT3LG,0.06186188140340129
PLA2G2D,-0.4809303802582333
WAS,-0.318426391782149
TNFRSF13C,-0.20376163757343327
NEUROD2,-1.3246283797611413
IL2RG,0.0333194367345714
IRF4,-0.5874875972233901
SLC17A1,-0.6657812359035719
IL3,-0.7901988646554039
IGLL1,-0.16338483445270846
CD52,0.5404182668298118
CD53,0.3121149577251579
PLEK,1.4669607226198051
TARBP2,-0.1098880171621269
CHIT1,0.29940025744990195
OPHN1,-0.8764488504773698
GATA3,-0.5002294290139986
CXCR3,-0.3677812987417221
KLF1,-0.8693457079609065
CD22,-0.290944668744614
MYBPC3,-1.1074447838537949
APOL5,-1.262294340520946
DPP4,1.7542768913512032
NCR3,-0.40230348365336976
ACAP1,-0.2817207073719721
EBF1,-0.18701185794702987
SCD5,-0.24305982423877312
TCL1A,-0.07315268390769375
SELE,0.05655355625105663
EZR,-0.1640865139336091
FUT6,-0.6541699299701512
SIGLEC8,-0.8030007456883181
CD19,-0.226235922879968
SIGLEC1,0.5818511377052464
ICK,-0.617579055470171
HIPK3,1.6751039172372457
BTAF1,-0.876078099302356
LMBRD2,-0.9552261660526821
XPC,-0.1426986449829609
XPA,-0.1728045200618045
MON2,-0.3731661320925226
TNKS2,-0.3485814957898102
ARHGAP15,-0.045318202904193666
CTBP1,-0.3644632749184818
PDS5B,-0.7487522440800465
DENND4A,-0.23619980860995146
EDARADD,0.892505108369515
SENP7,-0.5904465172649501
NUFIP2,-0.5381361255109999
CFAP298,-0.58596330912702
TTC33,-0.7137253917532468
WDR37,-0.13762410878200698
GIGYF2,3.0474834423417376
SMAD6,-0.254647188450546
SMAD7,0.0065836188266929175
SMAD3,-0.2813469679302026
NEDD9,-0.19709542024102003
NCOA6,-0.35307295721564275
GDAP2,-0.5063605975515982
DDB2,0.09084507136823866
BRWD3,-0.5707202923733381
SUPT7L,-0.3545418802741713
RNF20,-0.574046721928582
TAF2,-0.8160726302749215
ELMO2,0.22959401257229406
SRBD1,-0.6873658170555178
KIAA2026,-0.5099993129504987
BBS10,-0.4347673357103752
CNOT6,-0.9983870389933348
FAM189B,0.5288213634377052
EXOC4,-0.41363499094056344
LCE4A,0.0726276088206181
PPP2R3C,-0.5216923978836876
ESRP2,0.20612844284819823
ESRP1,-0.6687301864137289
MTMR9,-1.1275004641229638
DYRK1A,-0.6625994795853345
HMG20A,-0.9968937879022908
RFX7,-0.7852856688525547
MSL2,-0.7349611926546755
KMT2A,-0.7486339294099974
CSRNP2,-0.22156399472754662
GNAI3,-0.8914293351225739
TOPBP1,-0.9625056100890235
GALNT15,0.18130902284345063
CLK1,-0.6995879673883542
ZNF507,-0.9507629912775067
TNKS,-0.8084091365611042
ANKRD13C,-0.6691155256252236
RELCH,-0.3515646639099887
CCL15,-0.34487829797711905
GPBP1,-0.6166357724451458
FANCF,-0.13813767803186444
DIDO1,-0.6345694187191813
GPCPD1,0.7913909030097995
LYSMD3,0.0982889671755939
TGFBR1,-0.3498504582707244
KRTAP5-3,-0.5271613595960607
PML,-0.10001184207106437
TAOK1,-0.7095395834411693
NSMCE2,-0.5265043229309359
SUGP1,0.2558637411157703
EXOC8,-0.027236905391637724
RABGAP1,-0.41957832694611896
LIMS1,-0.1726170668921306
GTF2A1,2.3938192944265326
AXIN2,-0.655456894866359
AXIN1,-0.25532212760691664
KDM4A,3.812717903475034
GIN1,-0.8274815001311838
ZBTB1,-0.7499051646238118
INTS6,-0.6055124439964026
RUFY1,-0.014004266214762959
NR4A1,-0.4368842589472447
CHD1L,-0.6397200338611098
CUL4B,-0.596985389997924
ZNF654,-0.48268473428288117
SLF2,-0.02504304787926254
SLF1,-0.9674849411241057
KMT5B,-0.5846890774283985
PPP4R2,0.014967372954542767
TBC1D23,-0.41826592574234456
DCK,-0.7412479325592664
POC1B,2.7955666503619074
CCDC93,-0.4825805187632584
RPGR,-0.3812903764463401
NR2C2,-0.7096275978067056
GPATCH8,-0.40341772739948756
HECA,-0.3777443800358782
SETD7,-0.30914187056907466
GPATCH1,-0.7508500917311649
NIN,1.0723578008535817
RNF185,0.5809313618076846
UBE4B,3.723883397066529
HHAT,0.11370875762838192
EMSY,-0.7950813803303047
MAML1,-0.3652482479647152
CARD8,-0.0770553909673539
TPX2,-0.7620469531094758
PARP1,1.013677134051457
PHF20L1,-0.48157851038318705
FAN1,-0.495824925564509
GNAQ,0.9705409732534569
IFNAR1,3.431151695956205
ARHGEF3,1.7296135433589261
VPS41,1.7653212780623304
SS18L1,-0.39247857547805926
ZNF106,-0.3567217282442661
THRAP3,-0.6671754528962766
WAC,-0.4959701316896047
ATRX,-0.7847073262902979
EIF2AK3,-0.2537490031128691
BOD1L1,-0.702063766908193
STX16,-0.221827331058958
ASAP1,-0.19815617060721621
DIP2B,1.0021826055521814
USP9X,-0.4698633986647879
RING1,-0.0993776993590293
CGGBP1,-0.306350839465467
UBN2,-1.3865075055206943
PRDM2,-0.6965296805803655
PPP6R3,-0.4308305923535295
GOSR1,-0.30021829032050734
SHTN1,0.06231644580059976
TFCP2,3.149717078497756
LNPEP,2.37593054840936
TTC9C,-0.1536885252771296
CDYL,-0.31682146357121044
ANKMY2,-0.5140622445435103
UBR3,0.07467521468599841
PCGF3,-0.349183865148756
ZNF280D,-0.5480282329437574
KATNBL1,-0.7896386027641857
RASSF3,3.9780150550071975
INO80,2.3686201833992686
ASXL2,-0.4932951042981348
ABHD13,3.535733317159402
NPC1,0.7076523932861052
RAB3GAP2,-0.2685109064169841
RNF44,-0.22447797689540017
DCUN1D5,-1.0189859689577283
TRIM44,-0.3923516242368717
ITPR1,-0.4340543360432188
TRIM40,0.7563685008242259
PEX1,-0.5261149488172093
LRIG2,-0.7374267593945242
PRDM10,-0.7503875656217343
RBM23,0.11900606641836013
FAM120B,-0.25006568032257065
GON4L,-0.5250840751283105
NCOR2,-0.30773002078140005
TBC1D5,0.22061845080107373
LCOR,-0.13537101153655431
DDB1,2.4057073460879543
VPS39,2.0269924745676486
PIAS1,-0.31182381392461894
RCOR1,-0.6856458737388846
HIVEP2,-0.36980809126549036
MIS12,-0.8673122735197857
BTN2A1,-0.17544443158468206
AVL9,0.012410188017535814
CMPK1,-0.20072959678497132
TRAF5,-0.31982467505511375
CLASP1,-0.8787250502254554
GTF2H2,-0.5840131710206186
GTF2H5,-0.497112383168391
FOXN2,1.1133393203388762
ACTN3,-0.9965238691748776
TTC21B,-0.5500519245588772
VPS50,-0.4818882581645197
DTWD1,-1.1988341011804609
NACA4P,0.26382091845615413
USP17L9P,1.6669770275721576
TXLNA,-0.4336944845479212
CTNNBIP1,0.34849804507609566
PKMYT1,-1.0423394299035535
JPH4,-0.5807159071242924
VIRMA,-0.6496273540272071
RBM15B,-0.22103488909611013
PCGF1,-0.7218712086517467
PTGER3,-0.8471168657628498
PPHLN1,-0.47119235797763337
TCOF1,2.15611273844965
YTHDC1,-0.5524505508986892
ACIN1,-0.18520036642813267
SAFB,-0.39876059444452033
ERMAP,-0.2398360483186511
BRD4,2.513862586911072
OSBPL10,-0.37471410582454007
SETD1A,-0.49889761205463423
TRA2A,-0.6751288153397669
NKAP,-0.3444002714228971
LGR4,-0.7245411919132964
SRSF12,-0.6551244173088551
NCSTN,1.591968513242751
GTF3C5,-0.5489662862264871
VANGL1,0.23247735159362753
DHX35,-0.6515154145861097
DDX51,-0.7605548350147139
U2AF2,-0.597784843376119
ZSWIM9,-1.4733664278499647
TRPM8,-0.903990277281661
SF3A1,-0.5736128128457318
SF3A2,0.07487460087213237
TSPYL2,-1.144788913237059
CARNMT1,0.009742006002042156
CCDC137,-0.38707391936470836
PSIP1,-0.8098117531723119
SRRT,-0.6310325963931606
SAFB2,-0.2584216465883789
BUD31,-0.4774482279397846
CLK3,0.04747415421080055
SPOUT1,-0.5981200542793297
RBM14,-0.44134429152509136
EPB41L3,2.759459672317355
FERMT3,0.010434675149812845
NUMA1,2.1032043267933154
MEPCE,-0.2364610283963209
APOBEC3F,-0.20038251262674497
SMU1,-0.5698735803411359
LEO1,-1.0250696548111309
XAB2,-0.3900684539511565
HP1BP3,-0.5216113023697069
SPG7,3.1237814115917355
SF3B6,-0.8763505170080079
RBMXL1,-1.1427098732518832
WDR83,-0.5645720209077686
ZNF816,-0.6941122143859999
UBN1,-0.1249324634117202
ANKRD11,-0.1589405675157736
FBRS,4.34170498052204
BRPF1,-0.5225854220820699
NFKBIL1,0.7408898820546428
ZCCHC3,0.26961598985966934
VASN,-0.2074285659337205
MCM7,-1.0592817362864175
MCM4,-0.9161262065697023
PRPF38B,-0.5597998679942562
DCAF7,-0.2660867769495094
WDR70,-0.1810857306234218
HTR3B,-1.1615443126546114
PCSK2,3.1224723323540053
JPH3,-1.0075949003843814
TAT,-0.5069034039056175
ITPKA,-0.8472642218364217
MPP2,-1.0700400620195745
LLGL1,1.791022855999924
OR12D2,-1.1661912314284453
SLC28A2,7.231694818218571
CYP46A1,-0.16199924139830324
PIK3CD,-0.36418648085007266
SV2B,0.7660306220825768
TSPO2,-0.9227362698653269
DOC2A,-0.7763638683683481
PIK3R1,0.15911713276824313
CAMK2D,-0.6094442163895726
KCNF1,-1.3065229478888514
COX6A2,-1.1324554105175029
MYL12A,-0.5459805294822084
HCN2,-1.0280858980063512
NPY,-0.9147384967761049
CYP26A1,-0.34480097739490007
KLC2,-0.39996833045311597
LRP8,-0.5546510961540959
RASGRP3,-0.3492925697893424
RASGRP4,-0.47880770617111046
NOVA2,-0.800008225887519
CELF3,-0.7674495493490844
C22orf24,-0.857787570962655
GABBR1,-0.4966783257290925
GABBR2,-0.9004194907793343
MYBPH,-0.7781928909066763
GAP43,-0.8586549924786728
KCNMA1,0.6802276055512194
GRM8,-0.8610594566191784
TTN,-0.7052613820662222
DIO3,-0.7985941983789181
GRM5,-0.9172161941262904
GRM7,-1.17304453543137
KCNIP2,-1.2235750392841225
GRM3,-0.8838933482338936
IL5RA,-0.8340640297265316
GUCY2D,-1.0599102097047317
GUCY2F,-0.9536389732939854
HTR3A,-0.40167917914368995
KCNQ3,-1.3598488690204344
ZNRF4,-1.0616777742494947
S100G,-1.1716525570534657
SLC18A3,-0.23315535898534104
EFCAB1,-1.42133521416641
FOXC2,-0.9638830915280965
MYH7B,1.1556010561549606
PDYN,3.745355246959154
FGF8,-1.0073301779080348
APPL1,-0.6222735022531156
PTGER1,-0.7808257323886267
SPTA1,-0.6682537862610735
SLC4A3,-1.2013900592750375
ITPR3,-0.568879659687592
GPRC5D,-1.1536883581584787
UTF1,-1.02236788883397
FGF3,-0.722046761232271
BSN,-0.8590164737960065
RSPH14,-1.1526118056676617
MOBP,-0.986794082096578
RIMS1,0.08845873527667515
CALB2,-0.7164164598933779
LTA,-1.0328267491982621
FGF23,-0.573699088198522
PRKAR1B,-0.5102079096240087
PRDM12,-1.3129073389589798
FAIM2,-0.44337149845830093
GPR156,-0.042662533933481205
PDLIM5,1.5882793712852474
SLC17A7,0.7192914276161975
EMX1,-1.0721289148797686
ATP1A3,-0.4171547415537367
KCNC4,-0.6075433994008411
CTTN,1.9971311412674089
KCNC2,-0.6356299306121131
BEGAIN,-0.6140940866260595
SHBG,-0.6564033364718623
PPFIA2,-1.164993510107926
MYOD1,1.1104604664936095
DYNC1I1,-0.5345412394170089
GNAI2,-0.6741647883723404
CLIP3,0.036092156842202405
GRIN3B,-0.7152668124381838
SLIT1,-0.45932854256895367
YES1,-0.7200454043147364
HOMER1,-0.8188456492166543
NOS1AP,-1.0754782530530784
NUMBL,-0.013547721542140978
KISS1R,-0.8499363833333689
SLC24A2,-0.5225299821835153
GKN1,-0.06702804671190954
CRYBB3,-1.3790409091516773
PHOX2A,-1.146041468885805
PLA2G4A,2.0761747115230773
EFNB2,-0.3493416141927097
PPFIA3,-0.755881592899442
SOX21,-0.7122358056999489
EXOC3,0.27579700386239947
GLRA2,-0.8067641546534451
GLRA1,-0.9149142226625984
CA4,-0.4250880173312131
NEFL,-0.9873563865041428
SLC1A7,-0.9628945866375809
SLC1A1,-0.44512650931349357
SLC1A2,-0.9792150231425713
SLC1A3,0.5769017512808254
TRIM10,-1.08048235895054
EFNB3,-0.7245694674816725
PTK2B,-0.2900574947580736
TNNI3,-0.9550965263651173
TNNC2,-0.852252151151916
CLSTN3,-0.12564149142655467
B3GNT4,-0.822510922501802
GRIN3A,-0.5754796789028511
ADAMTS7,-0.5242301466316924
RNF208,0.8936853050852875
CDH2,-0.3436197083159729
EPHA5,-1.0265143930172933
SNAP25,-0.20418661622696851
LPO,-0.3819407021534264
SIPA1L1,-0.39292283391464616
RPH3A,0.27823091026501673
PDE8B,-0.3236877976433068
RAB27A,1.288516429792453
SYT1,-0.0789179855554477
NRXN3,-0.5526152027204675
SYT5,-0.053936475150712995
NRXN1,-0.8078135097654039
RHBDL1,-0.7611516495505782
KIF17,-0.8008222765665324
GNG3,-0.9894412845192959
NETO1,0.3869165563246144
TRPM2,-0.9414334837996178
HMHB1,-1.2062577960573735
FUS,-0.4386012737822874
TBR1,-0.9902222739420947
HCN4,-0.5684097316432637
ADAMTSL2,1.3608649399744241
MMP17,-0.6044015214193825
TULP1,-1.1355529144729974
CLDN9,1.623609788126781
NKX2-8,-1.2867171584321404
REST,-0.8729136355940946
SLC8A2,-0.6786348096190032
DMTN,3.0257919375515843
WNT1,1.0502077340984293
MAPK8IP1,-0.43904074685361844
NEFM,-0.6233803977274857
SST,-0.6689968679336926
MYBPC2,-0.8307525985035291
MYBPC1,-0.9412844757316964
KRT75,-1.1388655932076446
MYO3A,-1.279925933355352
EFNB1,-0.3124616847093084
NODAL,-0.8034352916127318
STXBP1,-0.06198748332380881
TRPC5,-1.031620483185929
GABRA5,-0.9582220184566048
GABRA1,-0.8143089872852797
MYH7,-0.517796905195967
MYH8,-0.9056327954472982
ADORA1,-0.5196546470046705
GRIA3,-0.3349854239136525
FOXB1,-1.1046635179923052
FGD4,-0.14600642683746332
NLGN3,-0.6049107203304427
FRS3,-0.6168009076034707
DUSP4,-0.425708492530051
TAOK2,0.2693944644455294
NDOR1,-0.4710141461902718
ARNT,-0.07060191938072757
IRS4,-0.7956913652085991
GRIK1,-0.9103264499278335
GRIK5,-0.6041412439115714
GRIK3,-1.1967263589266481
GRIK4,-0.6799135902367733
IRS1,3.128495443711144
CADM3,-0.929833597650962
CRHR1,-0.7946633820415873
SLC4A10,0.34591874897622865
SLC5A2,1.8128648961906653
SORBS3,1.459281239531918
SOX1,-1.1368781254596299
DIPK2B,-1.256929823959725
ALX3,-0.7853697429739501
ARHGDIG,-0.5786787351523928
SCN2A,-1.0115198976430966
TNNI1,-1.0240102150588326
OGFR,0.5228898941080556
ST3GAL2,-0.10180114436638409
DAB2IP,-0.060835838684087255
SYNGAP1,0.11736047197648428
SLC1A6,2.1823039892150007
TBKBP1,0.2439604633421152
ALPG,2.007156331869034
MAGEA10,-1.234111591107736
ASGR2,0.04164557256482114
CACNG8,-0.5268730234095245
SLC6A4,-0.40918963094806515
CACNG2,-1.1176464840341473
CACNG3,-1.0483839208300674
CACNG4,-0.7792295928313067
CACNG5,-1.0225256564526517
CACNG7,-0.6014681408029758
SLC6A3,-0.4005915782706994
SLC6A2,-0.7475767502381803
SLC6A1,-0.7971667194221269
HSF4,1.8914899462573351
KRT31,-0.7260690682618705
GPR153,-0.3554829394808268
MYL5,-0.6768962585138978
B3GAT1,-0.415040924899934
CACNA1I,-1.1036549782375786
CACNA1E,-1.2252408420168055
CACNA1F,-1.1242819814733018
DLGAP2,-1.0957887715958505
DLGAP1,-1.0660991955962604
MAGI2,-0.7398613956638433
DLGAP4,-0.47652586201577884
TRPV5,-0.7133695014071577
CACNA1S,-1.0494331581608092
TRPV1,-0.4657023639961222
PRMT8,-0.9162894715453329
ZFPM1,-0.5846749909505798
SHC3,-0.7173826524266094
TJP1,-0.48661306581993086
OPCML,-1.0516610344654493
ADCY8,-0.8512435860656026
GRM1,-1.1480119022664983
PRSS22,-0.20630275585425348
KCNV1,-0.5596955362878492
GRIA2,-0.6716918662664481
GRIA1,-0.8506243865321501
GRIA4,-1.1387284426027802
PLCB4,-0.2995374860564605
CRH,-0.7237464719594932
SHC2,-0.25689172424631135
SLC9A2,-0.4144536720549989
TIAM1,-0.5162176742218818
GGT5,0.29412633708308006
GNRH2,-1.0291727204077428
TRPM1,-1.0518502627397515
TRPM3,-1.1762683887830336
EPHB2,-0.4235488612996098
PLCB1,-0.6186708097835855
EPHB1,-0.8143061695344306
IGSF9B,-0.7588494489437512
DDN,-0.8752509402067518
PTPN5,-0.4908692301166537
RBFOX1,-0.9176921472861245
PEX5L,-0.6301943412272409
FGF6,-0.8150294504228445
PSD,-0.7807115872268224
NPTXR,-0.3885677861718942
HAPLN2,-1.0900167594393562
SYN3,-0.7562960084582947
FGF20,-0.38239359436051873
DPF1,-1.1130299936247368
MYO1G,-0.14126119668835702
MYO1D,2.0532087684819724
MYO1B,1.1493080600842571
CEND1,-0.5470255054048095
SIX3,-0.9823433243693179
CRYGD,-0.7575788939512563
SH3GL3,-0.7857922551094175
KCNA1,-1.0585246088399154
CAPN5,0.3029714287374735
ICAM5,-0.36639812726766524
SLC6A13,-0.4872047680205394
SLC6A12,-0.5140733183758142
SLC6A11,-0.8814101154664843
DSG1,-0.04992744579492081
MTSS2,-0.9251660052210754
EFNA5,-0.8018947138539463
EFNA3,-0.5556905154304761
GABRB1,-0.8824611008768418
GABRB2,-0.8731506494636122
GABRB3,-0.9043041996849691
OSBP2,-0.8708297252919831
KCNJ3,-1.026586920903589
LRP3,0.16846689693377598
NEUROD6,-0.9820746379012605
KCNJ6,-1.4079019073023182
KCNJ5,1.6883170544817105
KCNJ4,-1.1633943582935642
KCNJ9,-1.2154041115561323
DSCR4,-1.1596089932793852
HS3ST2,-0.11495939732922217
SSTR4,-0.8945355462155576
GPRIN2,-1.6075908754355528
MYLPF,-1.0997755447440383
PAEP,-0.6184860688734233
SPTBN5,-1.0047866060543675
SPTBN4,-0.8045858504116998
SPTBN2,-0.661047636040135
SPTBN1,-0.6362117425724353
TFAP2A,-0.33566706920835687
MT3,-0.39770034961365924
TFAP2D,-1.0164641802028405
DMWD,1.3718868698196234
PPY,-0.3217526902980377
NRG2,-0.6390417030448702
POU3F3,-0.996340346521477
POU3F2,-1.1786989250099418
TP53BP1,-0.5884919865027753
MPPED1,-1.194055946702399
DRD4,-0.823991609737531
DRD5,-1.1530616202697788
DRD3,-0.717256571331963
DRD1,-0.9015017854225885
TPPP,-0.6780145246998948
NOL3,-0.3626801384215178
MAPT,-0.6831660013694687
HTR1A,-0.9052357068586658
HTR1B,-0.963848489402441
FXYD2,-0.3935316164220537
LRFN2,-0.6350744321183953
LRFN1,-0.3820419773991118
CCK,-0.7881463973492919
HBZ,-0.977042303415309
APLP1,-0.29211273052965847
UTS2R,-0.9419781007098117
ATP2B3,-0.5963709248892675
PHYHIP,2.9911359724574584
RYR1,-0.5683689613719528
RYR3,-0.819423340244919
RYR2,-0.7608749469361946
NTRK2,-0.3894413254596076
NTRK3,-0.9078351369194627
SLC34A1,-0.20711895531755237
SLC34A3,-0.21354193546301742
PYGM,-0.46058800376122483
HTR7,-1.2088044820510175
IGHMBP2,-0.3904235901313175
KCNN1,-1.291813875791108
GPR20,-1.2765406992529926
BRINP2,-0.9160387802365959
GPR6,-1.2988801319162913
GFRA4,-1.0674237439287675
GFRA3,-1.2360105673031796
MPIG6B,-0.4053780670608368
HTR5A,-0.8456854042881687
AIPL1,-1.1633915803101365
HR,-0.2898034102143285
DES,-0.4717005732346458
TMEM59L,-0.7089564404119842
DPEP3,-0.8639463034391972
EPHB6,-0.6167601684865758
SLMAP,-0.13827694031541687
HTR2A,-1.1707166292614872
PCBP3,-0.8003666532080619
NEUROG3,-1.1635140955917793
SCT,-1.020981602609992
NEUROG1,-0.6270547716641265
GFRA2,-0.7140659485216166
MYL10,-1.1527529096818356
LMX1B,-1.1579323961909527
NPHS1,-0.5174989012836638
ITPR2,-0.49719835634102605
EVPL,-0.11288162848198872
FGF5,-0.8625191320368877
FGF13,-0.30705849371729493
AMPH,-0.5970477481577089
BCAT2,-0.19615177683117452
ABCG4,-1.0782706465735337
SNCG,1.1002076998128254
INA,-0.9347653498257071
SNCB,-0.20271836123569492
EPHA8,-0.6560196953686572
SLC32A1,0.20215504678009646
SORCS3,-0.7497584618562759
EPHA3,-0.7211075235911093
EPHA2,-0.6059144161835068
CYP2E1,-0.3948430490998277
GBX2,-1.1524133268998946
GBX1,-1.3015243615251344
CACNB3,-0.5069475478082694
REEP2,-0.5060972799573954
FGF17,-0.767033670187451
FGF16,-0.5188704156999576
DAGLA,5.575142162021213
RAP2A,1.7720882417782362
SLC13A2,1.1245944501392782
SLC13A4,0.4980336908460644
CHRNA4,-0.6612036440212707
SLC8A1,-0.6349980780493633
UNC13B,0.9848128458048743
CHRNA2,-1.2347194722672703
POMC,-0.8558706912334018
HIST1H1A,-1.314897721592199
MAPK8IP2,-0.6092650201964193
MAPK8IP3,-0.4426993393855132
PSPN,-0.8574112663528994
MT-ND2,-0.3614369218952335
RASGRF1,-1.033096393730974
RASGRF2,-0.531139702537959
SYNGR1,0.09618810230866473
PITPNM3,-0.525937906873635
PLEKHG6,1.9781746486115304
KALRN,-0.9279533574050939
CLPS,-0.4300123824265169
CPLANE2,-0.880064979951473
RUNDC3A,-0.90784793336818
ADAM11,-0.8255967363195376
GPR50,-1.2948015693655808
TRPA1,2.713061313327498
CPNE7,-0.7729507825780852
CPNE6,-0.9635121656087544
TH,-0.7581406605532375
DAPK1,1.2203023403106157
SIGLEC9,0.2877189427659443
SNTA1,-0.33069057488824116
TRAF3,-0.13565632778685227
MYL12B,2.9085022475519056
TMPRSS6,-0.7668637536600076
NR2E1,-0.7915583385149403
RAB3A,0.4888731390077162
SHANK2,-0.5443640886906902
ACTN2,-0.8380489603016047
ACTN1,-0.20841283334831184
CYP4A11,-0.06045813443925779
ACTN4,-0.3113519162968098
GRIN2B,-0.8630570182846483
GRIN2C,-1.0729263010791574
GRIN2A,-1.0091109968609886
GRIN2D,-0.7926792689251279
PTPRN,-0.39445210049965745
OR2B2,-1.2532359026972062
MYO7B,-1.0665777475515508
SGPL1,1.1481036904409676
EHD1,0.4020255540299996
ATXN7L3,-0.6028727839536614
PLA2G6,1.0128737534745866
PLA2G5,1.6677090376210422
PLA2G3,-0.07710074133656866
METTL17,-0.6945923459311693
BRCA1,1.1881879876251267
PRRC2A,0.19435325882123525
FOXA1,-0.7248206346473887
KDM5D,-0.5830106372371742
OSBP,0.26652504374912256
SLC25A35,-1.1967609356839914
SLC25A34,-0.18674965971391846
PLA2G1B,-0.4241789897630465
CHKA,0.27777916736568314
WDR46,-0.47115631310775874
PLA2G12B,0.3053646615314552
CDC25B,-0.640203395231432
KIAA0100,0.4771055858129076
POLR2A,-0.7280331882836025
PIGO,0.3816784112223908
JMJD7-PLA2G4B,0.2917362951748048
TNFAIP2,2.094974611077303
CRLS1,0.9020082926486004
IL17RA,0.7000111170703808
PTDSS2,1.057362446649637
TOMM40L,-0.35576108175450405
KIF15,-0.6343361431252138
MBOAT1,1.7722034799687356
CDIPT,0.4937232590456944
IFT140,-0.1383493601949187
ZBTB17,-0.03159633880039131
CTPS2,-0.21144146517266982
CUTC,-0.22820626781212583
DAGLB,0.49492049365199886
PLA2G2A,0.41724392272141086
PLA2G2C,0.35686153629269113
PLA2G2E,-0.20126901861660043
PLA2G2F,-0.04470886354378271
CAPN15,-0.16463839752713397
SLC35D2,0.3612423120087255
WDR19,-0.5272089170238939
NBEAL2,0.8982072795624295
WDR89,-0.3900156437117141
ACER3,0.6017920298527909
ARAP1,0.3720843477963385
SELENOI,0.6140982562838357
PEF1,0.1943453904549847
ARFIP2,0.6268891268239238
PIGG,0.5167462979480968
PIGN,0.4621753981517115
MAP7D1,0.4347923672136087
PLB1,0.32240246159547054
PLA2G4B,3.222151317253586
PLA2G4E,0.7755354761157708
RCC1,-0.6145685996328395
CEPT1,2.921888068609967
ZBTB48,0.5965289776539133
NPIPA1,-0.2906222734209991
CRKL,-0.4904514534232253
FKBP4,-0.27691696222015
DUS2,-0.15566565149875208
DIAPH1,-0.42402157844500826
SP2,-0.19144407605304625
CTNNBL1,-0.5505182368099505
DDX49,-0.1361692629988402
YBX1,-0.5865917776262461
LTB4R2,-0.9787022383689827
HINFP,0.587172270529718
TTC4,-0.5587861358719263
GTF3C2,-0.6087700485292924
GTF3C1,0.30806513891977666
TAF1L,-1.242103922359327
XPO6,-0.14705682001540776
MYPN,-0.26421416394346686
MAP1LC3A,1.6759712868247079
GTF2I,2.74452593254195
UCK1,1.631935871259374
LIN28A,-0.5024273688078359
NOC4L,-0.17728672462942566
DNAJC8,-0.540792765703352
MTHFD1L,0.5213893324070717
YJU2,0.009478303791414747
TTC31,0.18972895111663804
WDR36,-0.5242126303470067
ATXN2,-0.3790663022084831
PIK3CB,-0.5517328427865897
POLK,-0.8512992818841947
DYRK2,-0.8198577418199076
AKAP13,-0.30354471469075767
RBM10,-0.46257182993578083
PPM1D,1.9687732551386683
NOL9,-0.9082516320233787
SUPT6H,-0.10554136295014777
SRPK3,-0.8056377230826989
GEMIN7,-0.8830062971665358
GEMIN4,-0.8050176593533884
ABT1,-0.8244094986793183
RBM4,-0.4000894669580901
MORC2,-0.3939992484897225
WDR45B,0.017078458585556476
YLPM1,-0.48077747070612936
CNOT1,-0.6540931086679241
DHRS7B,0.5714533684475832
KHSRP,-0.9163739352859267
ZNFX1,-0.21811476613541617
BRD9,0.13963586122286517
CBR1,0.03896160354216409
PRPF8,1.7179621910593434
LRRC47,2.1755566384966776
BRD7,-0.45613409287502105
VPS33A,-0.11112976482955919
SETD4,-0.9299147131896378
CCDC12,-0.16887660777686134
TYRP1,-0.2761743151373344
SMARCAL1,-0.473336204311305
NMT1,-0.10669621879662158
KIFC1,-0.8658930442306728
ISG20L2,-0.792704743170267
DNAJA4,-0.6576008420665717
FKBPL,-0.15474857996404232
DBT,3.22053796524628
CD2BP2,0.031195130940320195
DHX38,3.128415766523968
DHX33,-0.6835976003184389
EXOSC6,-0.47127488213035257
GUSB,3.6416916193023274
KDM5B,-0.6536404142898066
TARS2,-0.20853081984163885
MLLT10,-0.8932419902293809
ACLY,2.5727870506795005
LARS,-0.5601475303485046
RNASEH2A,-0.44325636488730014
NUBP1,-0.06834666160386642
NSD1,-0.8311935952860496
MCM3,-0.8099202088997315
NSD2,-0.9881048595626082
NUDCD1,-0.5634315122358595
CIRBP,-0.37780542601883477
RFC2,-0.6976817629948061
UTP25,-1.1032496365718703
KIF11,-0.7800877928473786
HNRNPCL1,-0.6239518542504053
NUP62,-0.6620499930460895
DNAJB1,1.5341990196926434
H1FX,-0.10155555214336398
GPATCH11,-0.7432164336537385
SUGP2,-0.4005368499223623
RBBP4,-0.9409882318470634
KLHL18,-0.3943414664968537
MRPS18A,-0.26880305547552824
NUDT10,-0.07937469629131848
NUDT11,-0.2735998235333317
CELF1,-0.6715435123750748
IGF2BP3,-0.7684508181594188
ATXN2L,3.9672495757176476
MXD1,-0.09216474557766774
BUD13,-1.006538162278632
TFIP11,-0.6981384575892888
CA2,0.1066871278147655
POLA1,-0.730717182315653
PNPT1,-0.4977960209760826
MRPS14,-0.3408772931714061
SMARCA1,-0.5969391948939377
ELAC1,-0.4269703461996635
LARP4B,-0.5969427714999797
TPM3,-0.4204618293870131
NDUFS2,0.21995407873264836
PCMTD1,-0.13889719203589634
ATAD3A,0.1239738966520822
LSM2,-0.35238104999978836
NLE1,-0.7522204707921398
DYNC1H1,1.508186083787043
TBC1D22B,-0.34035042673631233
NSUN3,-0.8433227432580709
NSUN5,-0.6300935801281777
NOTCH1,-0.3615545786518635
ADD1,3.297425950247496
PPIL1,-0.7745085283561671
PPIL3,0.04793315216341246
POLR3C,-1.0748748544318825
FAM50B,-1.0560172937204308
PRMT7,0.5690029608423177
TOMM34,-0.2926972545707036
CHERP,-0.7068720207375451
TRMO,4.367899828734914
SPEN,-0.8011578914756534
HELQ,-0.6950346364439555
JADE2,-0.26451477420319325
USP22,-0.3866267598950379
THADA,-0.6215725979775328
PGK1,1.9571846506885535
TRRAP,-0.6491785426318221
RPUSD2,-0.6385144440748903
TUBB1,-0.10288170694232932
TESK2,-0.7300889553449459
PRPF19,-0.6714208750498841
LRCH1,-0.7904686651923559
MRPL2,0.21375109088665117
BAG3,0.8606664083499656
RPUSD3,0.022554008215444746
DDX31,-0.6676774259688814
DARS2,-0.7567718568550537
CHCHD10,0.45987673159891124
SF3B4,-0.5727839855007186
CWC15,-0.6422283695445594
HTATSF1,-0.9045134530454033
RAD51D,-0.43876722373888444
RIPK3,0.05648060508705314
BLMH,1.2084218564090239
PPIH,-0.7432991222156021
TRMT2A,-0.16555510589371183
FKBP8,1.9935095397257057
KANSL1,-0.9063311563679725
DNAJC7,-0.4050994210513627
VARS,-0.26047189360961653
TTF2,-0.9790975832262484
NAP1L4,-0.647106547555184
GBA,1.0694772155447927
NBAS,0.6185606898782624
MCM5,-0.8499060300150125
PHF5A,-0.8365622038461483
NOMO1,3.2304824800367835
DDX28,-0.8363314787556326
PDK3,0.07615850733779986
NRDE2,-0.15351620033440078
KCNK5,-0.7072365477556355
ABCC5,0.08509357502611169
TRMT61A,-0.4710322790230084
PUF60,-0.5582642465597669
TARSL2,-0.3104934611126908
POLR1A,-0.8587526586723594
AHCYL1,0.03246105092045768
AHCYL2,5.142581777335687
SNRNP35,-0.8238920743128018
LIG3,-0.6635905579578384
MYB,-0.869320252040144
PYGL,2.2133735032953177
ATG2A,2.9352929684728206
IP6K2,0.17947976992690248
HSDL2,0.17196047055932068
TLR2,0.17028502470000667
ELP3,2.7856840882317946
NCBP2L,-0.007565690498856093
TPGS1,1.1786688687947728
DQX1,-0.588555241360038
ATAD3B,-0.27087563976910256
CHD6,-0.9250576571901559
INTS4,0.07763817352395344
CAP1,0.07407450887918716
SKIV2L,0.2994181431543197
RBMX2,-0.6945613317492174
INTS9,-0.32479985867204714
MRPL11,-0.2602739429270263
POLR2C,-0.8642937529690928
STRADA,-0.00016585627532632663
ERCC6L2,-0.7787043291614115
IPO9,-0.6136047327006605
GPKOW,-0.7046469105757835
CDX1,-0.934178913686448
BRD2,-0.5095114633946203
WRNIP1,-0.5536744928529542
POLD1,-0.4673798234639485
HIST1H1T,-1.4286675901729142
PHLPP1,-0.5229955436877416
DDX25,-1.2710445569623965
EP400,-0.7795331009917433
PSMB3,2.8324549108808004
NSUN2,-0.5683222470905885
TALDO1,0.36030579715856687
CLEC16A,0.7417926483760975
CACTIN,-0.24997335029975284
DHX32,-0.5237169912834498
TSR2,-0.5896130245207245
LDHA,-0.002146836397325755
PABPN1,-0.49530542203527306
ALDH9A1,0.15492851984106712
XRN2,-0.07923227075231916
DHX34,-0.4100548999926321
DIS3,-0.7577343755722886
PRPF38A,-0.928783499721094
TAB1,-0.47554542610970835
HIST1H4H,-0.7317513838093331
PAWR,-0.3852046293341372
GTSE1,-0.758509906437494
GTF3C4,-0.38873957515028945
DNASE1L3,1.7091221684682378
KCNH5,-0.5939428005288869
KCNH1,-1.0268336997456196
ATAD5,-1.0808061669458648
UTP23,-0.7732944727114219
UTP20,-0.856962153809593
GANAB,4.1058311836655355
GDAP1,0.040071141561140076
ADARB2,-0.43804759182805475
CDC45,-0.758448374427266
CHAF1B,-0.8455708385193527
UBTF,-0.5035825092538698
KIF4A,-0.614382516421914
CDCA8,-1.007309233460755
MCM10,-0.9502369986347264
AKAP8L,-0.08403358790112134
HDGF,-0.33045219429700595
RECQL5,-0.40089173934548666
MED6,-0.5761733999876704
ZNF609,0.34724014451547713
ZNF330,-1.2777091571055246
PATL1,-0.3775087450003038
ZMAT3,-0.2499921540642815
MYBL2,-0.6519127522270259
PAPOLG,-0.9389868811050242
KMT5A,-0.6778862138716889
POLR3B,-0.820203763704323
OIP5,-1.1943863212321226
SLC25A3,-0.2811951491005133
PRMT6,-0.6580230331502752
PQBP1,-0.6585117582014962
AEN,-0.05297792216489993
GINS1,-1.0128533376398077
CEP55,-0.6971445381753941
G2E3,-0.7535450796316882
NUP58,-0.891613525727857
OCRL,-0.48865931136786284
ATAD2,-1.0179190201957058
SPAG5,-1.1060599024715394
PCLAF,-0.6776970232034384
AKIRIN1,-0.9167418825832966
DNAJC10,1.662818256509404
MBTPS2,3.259550158925913
DR1,-0.7791574665449984
EIF4G2,-0.16632390899848443
CHD4,-0.7025843294126607
CDC25C,-0.7990055835606802
CDC25A,-0.6959656532439673
POLR2H,-0.6972636289117171
POLR2J,-0.574195353054791
AGO1,-0.27351349535482317
AVEN,-0.059497759451487484
APAF1,-0.3390305380546515
HELLS,-1.1295271783185752
HIST1H1D,-0.7372475057801149
HIST1H1B,-0.8843318518926381
KIF20B,-0.5477937913606588
OVOL2,0.22667995692997775
OVOL1,-0.6123883533747703
ESCO2,-0.9099652769181651
PSPC1,-0.7165350529953339
METTL16,-0.6040496453856732
ZMYM4,-0.6873722165554658
SRFBP1,-0.9989189066067371
MACROD1,0.5716254770324365
R3HCC1L,-0.10730687794602391
DDX60L,-0.1323242699863347
IL7R,-0.030382483874482537
ODR4,-0.22422111732205938
H3F3B,-0.9290025602696481
H3F3A,-1.0112104207978432
PDAP1,0.0024750834196063873
MPP5,-0.5915773401799413
SS18,-0.30751728754727176
CDK5RAP1,-0.4573885415595741
DHFR,-0.3797960258241229
MDC1,-0.6563936435741172
KIF18A,-0.6872743443005398
TRIP13,-0.5837247735676374
LIN7C,-0.49991727209180903
UHMK1,-0.47642676732849093
BARD1,-0.9648115581231912
BAZ1B,-0.4955688288342912
EXO1,-0.489737756066729
DEPDC1,-0.8808339148654413
ALKBH5,1.1408091162847576
ATM,1.1569754686469533
SMPD4,-0.6488310721498027
FASN,1.3616380607847878
H1F0,-0.22101784245789383
NPAT,-0.7479497505371253
CALR,3.2094853527004994
SKOR1,0.26827073462460566
LOC107987487,-0.4751704061447468
ELAC2,-0.3545951973421763
PRKCI,-0.5298969707028774
SCRIB,-0.5700988195688669
CWC25,-0.6380885916881285
TRUB1,-0.43475228201319976
NUP214,-0.353785910767461
EMD,-0.06821107962715293
EPB41,-0.33012842178203106
GLYR1,-0.551087038651526
TOP3A,-0.66941799704111
TOP3B,-0.24131702493708
KRT5,-0.575643216931285
RABEP1,-0.40841439206502544
BIRC5,0.6701863327944206
NKX2-1,-1.443727967356924
PINX1,-0.6883418620554613
DGCR8,-0.6599157930085179
LOC107987491,-0.7243599444700953
RPP40,-0.6011737940571367
HLA-B,0.8870661736551972
H2AFY,-0.4026167513777786
NCAPG2,-1.0074245375889173
HAUS1,-0.95851803795678
TFE3,0.9345998808039425
HIST1H2BB,-0.8160825771747442
HIST1H2BM,-0.8691095829324016
VAV2,-0.5742590255415244
FYTTD1,-0.39952721247660694
TP63,-0.8917439628230649
GNL3L,-0.5567448574765383
NAA25,-0.7686352079322457
LRRC8A,-0.4075971602713788
IGFLR1,0.14909829599560265
U2AF1L5,-0.6224855499384978
NPM3,-0.3846816484019675
PARPBP,-1.2196945576278386
RIC1,-0.06283460753621152
PRIM1,-0.90393319808911
PRIM2,-0.8854828678492512
NCAPD2,-0.7897016908518617
HIST2H3D,-0.8549221648906283
HIST2H3C,-0.8555158245835676
EMC1,0.5111340034379671
SMC5,-0.7847799959988913
NAA35,-0.6706683431916989
RBM3,-0.4704970584507851
ZMYND11,-0.6738281913952102
IVNS1ABP,-0.5497995737865116
C1orf112,-0.9807042104017296
URB2,-0.9432560096867073
CENPF,-0.9346056052719975
CENPE,-0.7842707469547376
CENPA,-0.8468649560955642
MPHOSPH9,-0.8949047140515303
DDX59,-0.47640239898339537
DDX53,-0.9798764706915531
NSD3,-0.8430794162520847
WDHD1,-0.9805130903550785
RACGAP1,-0.7807348834808732
CEP250,-0.6428351889071001
UHRF1,-0.9834943450878443
MCMBP,-0.26063752107889054
SMN2,-0.5892823229429931
ILRUN,-0.28373494817875083
NLGN1,-0.04966037355250893
CSTF3,-0.9163758352350568
CSTF2,-0.749284723734007
CCNT1,-0.8154667838380608
CREBZF,0.22884090542257782
BRCA2,-0.8640727570086828
WNK1,-0.455154930711279
ACOT7,0.10436966309931031
USP36,0.030901236464830957
RBBP5,-0.7307668406099729
KIF22,-0.5441810057507732
ACSBG1,4.344488309938271
XRCC4,-0.6599337803411228
DDX60,1.4729794861011516
LMNB2,-0.48329997728215807
PHF6,-0.7204093817964342
PHF1,-0.32414054245748297
RPP30,-0.7843411200551359
KCNA4,-0.6020998658115747
KCNA2,-0.6225345000733478
KCNA3,-0.5978075644767913
RAD51C,-0.7516955012601517
ERLIN1,0.32572825699107955
CTDSPL2,-0.6437176429614858
HMGXB4,-1.3217903996861036
CORO1C,1.9506523151016177
DNA2,-0.8181868981803121
KRT14,-0.6214089555957114
NFATC2IP,-0.5720940545087956
CASP3,1.3013384287591703
CASP8,-0.27813538318295783
PLK4,-0.9946998545301651
ADAD1,-1.2291983232468113
ADAD2,-0.9135786447288688
GRK5,1.6804767795542894
CAPN2,0.9974250472871082
COG8,-0.21028383591247524
PCBP2,-0.27271354063992176
SMC1A,-0.9279407601761281
ACE,0.044115633158521975
DNHD1,-0.3044051645273392
HNRNPUL2,-0.3434974481404368
KCTD20,-0.4072487709003023
FKBP5,3.0446675542106014
PPP4R3A,-0.5543306452720649
APBB1,-0.3223308863875116
GABARAP,2.7429166902969055
WDR4,-0.08583202688695706
IWS1,-0.7506369044706837
MYD88,0.8925651087289539
HMGN1,-0.749482250947721
DTL,-0.6595035518139502
MSH3,-0.40650098565883547
HNRNPCL2,0.42212903999646445
DEPDC1B,-0.8395625085158593
SPDL1,-0.997122737684386
TAF15,-0.3627034213198363
TNFRSF10D,-0.3933527208160659
CDC6,-0.7794240764711069
KNTC1,-1.1463410918582662
RBM19,-0.8551360011151679
TMEM259,0.7412827598449593
CPSF7,-0.5188473152970102
CPSF1,-0.5560765609941258
RNMT,-0.609702157453946
PMPCA,-0.3244423350307986
MBD2,-0.42413431310339184
PATZ1,-0.6265440085988496
RBBP8,-0.669322776335421
SLC29A1,5.273255887407187
CCNE2,-0.5826969548372907
FTSJ1,-0.3613488641127583
L1TD1,-0.16483393902594187
ZWILCH,-1.0497444970316459
DTYMK,-0.6046493751528729
PIWIL4,-0.7870876076295623
PIWIL3,-0.8595853723125151
KIF14,-0.8974869804147624
FANCD2,-0.8385751047699944
CBX5,-1.157456846137315
IGF2BP1,-0.6456205291884198
KIF1C,-0.5925200906802293
NFE2L1,2.1987061610258656
CD247,-0.3212133178766852
ABCB1,0.13407287994167832
DHODH,-0.2331552541431905
NCAPH,-0.6494180504237229
NCAPG,-0.9670664240720327
TNFRSF14,2.7054089735423483
CRK,-0.6797840025536565
POLE2,-0.9559041815362067
TFDP1,-0.6103740224804421
RHOT2,0.25616849557828747
EHMT2,-0.6235007530129627
NUSAP1,-0.6832338153946739
ZBED4,-0.9492793474892863
SHCBP1,-0.7127815136274999
GPD2,0.5698568759555541
SUV39H2,-0.8440960571328645
MAP3K14,0.12303074621267814
BCL2L2,0.12431649952735914
TMOD2,-0.33216310965429074
ZNF281,-0.29994079970642884
HEXIM1,-0.05470612057288477
IDE,-0.1437297888444256
GUF1,-0.4418874280476436
HNRNPL,-0.5517038109613142
MRM3,-0.11359710777466188
STAU2,-0.6697037901934254
FBXO46,-0.5195917156903984
RAB35,-0.2375650258882111
HNRNPA1L2,-0.8161478724987179
CFL2,-0.5205347424403942
NFIA,-0.69868940432675
NELFA,-0.5072255341077979
MEN1,1.8892299537741064
MVK,0.2536251895626531
BUB1B,-0.6519416042077161
SMARCD1,-0.30150826588484003
CD3EAP,-1.0338666159021919
PIDD1,0.02905141646862871
KLC1,-0.3268626156913123
SOX12,-0.24197648253435083
HPDL,0.6602872910976111
FLNA,-0.3551525679953011
LETM1,0.18520508704072744
ENTR1,-0.5978297245991887
POLE,-0.5691614103770718
INTS5,0.058386099737249925
HIC2,-0.7673460248981103
CKS1B,-0.7925312345551727
TM9SF1,1.030819339289059
PTTG1,-0.4047651848769461
SZT2,0.3669491727330321
TEDC2,-0.7523754623048645
IGSF8,-0.5054018520696261
MED19,-0.1798085765143763
CHAF1A,-0.7533585046743352
TRMU,0.20012199374563944
CDK16,-0.35042742328613435
PDCD2L,-0.2987530917239909
KIF18B,-0.29894207808471757
SFSWAP,-0.10803824461877719
TBL1X,-0.37775085873762204
TBL1Y,-0.7289320401114667
HEXA,5.488053371145191
MBD3,-0.033813985106102035
TLN1,0.11743879333318781
SIX4,-0.598215856812086
HDAC6,-0.43664318009509206
CDKN2A,3.33845743849339
TSC22D4,2.5849880790869544
PAFAH1B3,-0.13594030653484337
SLC2A1,-0.2602838326949803
KCNH4,-0.3109178849670272
SLC4A2,0.8851782656365813
RECQL4,-0.14958839328119572
SLC29A2,6.836021356654307
CCNE1,-0.645512951686539
TIMELESS,-0.9417117952455755
GYS1,1.551461970075583
RAD54L2,3.5690694457211065
SMYD5,-0.3095017676147053
RAG1,-0.6080092639895146
TELO2,0.4427927266990345
FGFR1OP,-0.6333700267136416
GTPBP3,0.023561651690517903
PIMREG,-0.9730096858943391
SLX4,3.0343115753589336
FANCG,-0.6840935071319447
CLASRP,0.27123832398511244
RALGDS,0.43149751559744376
MED22,-0.024212928591472248
PARD3,-0.7028002977140522
HOXA7,-0.6136787525505305
MFSD12,1.410241734108496
CDK8,-0.6821129429824448
DSCC1,-0.8732836418097595
MAD2L1,-0.7185236239047259
C19orf24,3.5222840120558487
AQP2,-1.0900817755618364
DRG2,0.527328816822544
RAD54L,-0.5386382561973545
FASTK,0.7978021879340511
CIAO3,0.8092985614363682
ZAP70,-0.5027774221814288
DNAJC11,0.010924059139244829
INTS1,0.05442500909069138
THOP1,0.1842227588202561
ETV4,-0.23202524464757446
TYMS,-0.3921108773503475
SAE1,2.769859120424097
PAGR1,-0.6659440018304648
RAD9A,-0.01889404296412067
RRP7A,-0.45419928375328966
RANBP10,0.9442924600616425
EML3,3.7767184586893747
CLN6,-0.1554737260854501
ZNF574,-0.5783536045212385
WDR62,-0.5477491192124
NUP210,-0.11930682808371389
PNKP,2.3146943543805447
GPATCH4,-1.1776967784116534
CLSPN,-0.9544962679522097
MRPL28,0.5475340918009051
NPTX1,1.226248636359655
XRCC3,-0.016723886955643988
USP44,-0.6207081682771146
ORC6,-1.0358700120362794
PLCB3,-0.5735432836226015
GPHN,2.408633437360364
RHBDF2,0.49345103936598084
POLA2,-0.531196538574765
CTNND1,1.447649076528097
IL1A,1.0040384459631675
IFNB1,-0.6499226834045299
ERN2,-0.3309184043329172
POU5F1,-0.6942203621570487
LRP5,0.24417822666076774
NABP2,-0.3716086730833123
GATAD2A,-0.8666992422800579
SIGMAR1,0.2397257016646146
RPAP1,-0.14054573215777963
NUP188,-0.3297037350962182
ATG7,8.95685965979935
TERT,1.8142306478338446
KMT2B,0.027540225397283815
PSMC3IP,-1.1050045510822577
PIGR,-0.788604204640268
WRAP53,-0.20011584081652958
CDKN3,-0.6121485248755205
CTRL,0.9924273152798861
MRGBP,-0.4967423498273666
HBB,0.05501218631986941
HRNR,-0.05394439491819362
ZNF142,-0.628252156186444
DENND2D,0.10600663603384951
GRK6,-0.17412206735896021
NSMF,0.5438656648328204
GOLGA1,0.40178424368864435
GOLGA2,1.8618712550178047
ZNF787,0.6139116526112753
SEPT11,-0.035639554798350195
MED15,0.2950577906484716
MED16,0.33372449552662553
CSNK1G2,-0.005623450462209747
CCDC85B,-0.27500951487177605
PELP1,-0.4382648868064766
SCARB1,1.9970268196276875
HIRIP3,-0.21735881842216367
RASSF9,3.595582125209937
STMN1,-0.7090619249992531
PTOV1,0.5814581520811556
DNM2,0.07663404269181096
RSAD1,0.5080174243054384
HAUS5,-0.8643911763205423
ZNF282,0.7630709002798208
SIRT6,-0.11964660909150832
TMEM94,4.451872867903985
PLEC,-0.327380915787174
TAF6,-0.41314968005553104
PEX5,-0.14296313404521688
CTDNEP1,0.5019433322453287
RFWD3,-0.6874907624142343
ARMC6,-0.068719409488097
JMJD4,0.41215021151448394
GPN1,-0.2621341184159727
TCF20,-0.9616707387808405
HMGA1,-0.40639261633186535
FHOD1,0.1900432839880044
RIN1,2.6108936086252417
CARM1,-0.15666237958111956
OXCT1,0.17712017043191228
KIF20A,-0.7010628197575393
FOPNL,-0.8273158381399035
HSPBP1,3.0051066660664856
HJURP,-0.8960153092865034
HCFC1,-0.19666611154994004
PAXX,0.5507646023206223
TTLL12,-0.21487067012179634
TSSC4,3.731574584299016
MTA1,-0.2828120830848929
NF2,-0.249987283939515
ANLN,-0.4489343221005797
ARMC9,-0.025542123326187407
SSBP3,-0.4825539485694322
NSRP1,-0.7080693688311624
BLOC1S6,-0.07541281754823978
CEP120,-0.7947363904791104
ARHGAP21,-0.4576811233559094
MMGT1,-0.13912491974316343
DOCK7,-0.3648242200144272
CIAO1,-0.23221498409179767
JMY,-0.052419347772450435
RCN1,3.0649595970233636
NEPRO,-0.9461430943536778
EXOC6,0.3478618853520546
WEE1,-0.8562697529671213
DIAPH2,-0.24344901357186516
NXF2B,-0.5348370848802675
NXF3,-1.3592027774706952
SENP1,-0.6511906004200951
CUX1,-0.500987424089859
HOXC13,-1.0440913194299035
NAB1,-0.12860302880402397
OTUD4,-0.663510124454138
NXF5,-1.6469259871775248
MECP2,-0.724847062333142
RGPD2,-0.39282016095032135
RGPD1,-0.2829304860272376
RGPD4,-0.3272643154874029
RGPD5,-0.33512499087431896
GEMIN8,-0.3558954212145746
PRKD3,-0.25250376302758154
FOXI2,-0.06409874584908139
IFIH1,0.09700416448204127
NFX1,-0.5235468962538251
MAD1L1,-0.17821979988096834
SKA1,-0.984240785147152
SKA2,-1.2201945754102494
CDCA5,-0.8177110969782179
UXS1,3.0744226934327723
QRICH2,-0.6081819187931232
AAAS,-0.2643462695624024
TMEM33,-0.21383031069294076
CDCA2,-0.5887116227072205
CENPO,-0.6174625284846689
CENPN,-1.0062158835844646
CENPM,-0.6445141212379979
CENPL,-0.5648383373991054
CENPI,-0.6654410378916885
CENPH,-0.7022014504864408
CHM,2.3154679409781296
PROSER1,-1.3974532210218344
CCL13,1.6297280937726577
NUP88,-0.7390559074206746
POM121C,-1.0070060878003138
CCAR2,-0.39239949800705193
SGO2,-1.2185216420584997
ESPL1,-0.5692509368089674
GTF2E2,-0.5019648742401673
NEK9,-0.2907951092264637
INCENP,-1.0741110835216012
BUB1,-0.9464447982400019
CD70,-0.318596381334091
HDAC8,-0.6879407267644594
TPM4,1.0116606837259812
RANBP3,-0.07768056490252288
PAF1,-0.005196434701402225
FOXL1,-1.3007785528916835
ZW10,-0.44893221924682924
MFN2,0.38209691000701435
CDK7,-0.5218400757935715
ITGB3BP,-0.7577060287502614
KNL1,-1.0933348842923754
PBX2P1,0.8424651157391929
PBX1,-0.7172565428189609
NSUN6,-0.6704545947171344
RAPGEF3,-0.4803684182020924
UNK,-0.4109132448138121
NDC1,-0.6608342353032236
HDAC11,-0.8994031637254729
GBF1,1.8401773321233141
KAT2A,-0.63572824316034
B9D2,-0.969277723704324
POMZP3,0.844465963257675
TENT4A,-0.7871107305023782
DSN1,-1.1746249579271215
ZNF318,-0.43297320977673487
TMEM209,-0.4072520117164391
ERCC6L,-0.6325175108157376
PPP2R1B,-0.08402756952956354
CENPS,-1.054218485748239
NADK,0.2547723167072586
HPS5,0.05763802214566672
MSI2,-0.6419946237468634
MSI1,-1.2548747805642464
POLR3A,-0.6356989942116359
POGZ,-0.8372577964404699
CENPT,0.03697079546319469
CENPU,-0.6451834679672022
CENPP,-1.3254638484790238
NUF2,-0.7109672300908263
QTRT2,-0.7911278443148695
PMF1,-0.09917645690151615
FAM193A,-0.06087342396892256
SGO1,-0.8551907173221932
SPC25,-0.9294478502662401
SPC24,-0.7099136685490754
PHF21A,-0.3622217037954003
CENPQ,-1.0644257068977858
MMS19,3.6637099258913093
ASXL1,-0.44619752872288787
ZBTB33,-0.35805315295837076
ODF2,-0.855951078479571
NXF2,-0.5408094982018122
SIK3,0.24063837826185477
SFMBT1,-0.7055502128381343
PBX3,-0.09581278326900804
KDM6A,-0.7454489302414607
LIN54,-0.4000343109295873
ELL,-0.5783443652185337
SNUPN,-0.664810966899786
SYNE2,-0.6008975075417842
NXT2,-0.5520937036357293
STAT5B,-0.32498816677361925
HSPA1B,-0.2518910213519896
NUP43,-0.6805594246562392
RCC2,-0.7677026481451302
RANBP3L,-0.1925035608060643
IGF1R,-0.4582701027465593
WIPI2,2.4980668186442263
SOX13,-0.07525500384092011
CHRAC1,-0.4854364273816393
TP53I3,0.8675146252036399
ZNF428,0.380329975866614
SESN1,3.569916120625001
DCTN2,-0.47289921205725793
POLL,0.3426947564881205
POLQ,-0.6031640963466426
HIST1H2BO,-0.6887644285614961
TFPT,-0.40397743408401265
AIG1,-0.3357188128546232
NFRKB,0.03537839023561206
ZFYVE26,-0.1966731361084625
GTF2H2C,0.29584889604339576
SPIN2B,0.13945951622621333
APOBEC3C,0.2640474202240616
ABCA1,1.8804143300056204
COPS7B,-0.10494846710573151
COPS7A,0.29996028156274873
MAPKBP1,-0.8388422626168285
WDR76,-0.6685194841053075
LDB2,-0.1985913160386271
AASDH,0.38186473243777874
CSAD,-0.03614606759689141
TMEM43,0.6890977422880998
COPS6,-0.18717753776665572
ORAI3,1.3987963057169484
DNAJB5,-0.2391986790349044
GORASP1,2.6850376940880807
MTMR14,3.09007625420876
PGGHG,0.3608437221021178
OXLD1,2.6641583166906972
NAA40,3.081519325233909
PHLDA3,0.4724398601297907
HIST1H3A,-0.892558443844105
GOLGB1,0.2938612380549514
BCL2,0.5185146784266523
PTPN14,-0.6322774875888104
RRM2B,-0.4808703804948442
PHF8,0.0935969962045327
MSMO1,0.2658131992422361
H2AFY2,-1.20242194294538
FOXO1,2.593574624443457
HIST2H2BE,-0.9236806722822278
BBC3,-0.3804289181825412
INO80E,-0.001310076123626264
INO80B,0.9703345888741008
INO80C,-0.14602946531977
RPA4,-0.935072516948699
ATXN3,-0.6087296057198763
EPM2AIP1,-0.6944270219054522
ZNF512B,0.36056913026683535
PLIN2,3.5901335079005716
OGG1,0.11444569121404041
CRCP,-0.8892115298762417
POC5,-0.5206911653269756
FAXDC2,1.8155987570015073
CHD2,-1.2029595000560542
HIST1H2BD,-0.8652777161496931
HIST1H2BG,-0.662409914465968
HIST1H2BA,-0.9270884346708842
AKR7A3,0.43922846222473877
APLF,0.6673658525882508
ACTR8,-0.6041653262318627
ACTR5,-0.5789016789197559
PIAS3,-0.4881684100746758
HIST1H2AG,-0.6117072078315597
NGLY1,1.4010921356710122
DGKA,0.01176811644481565
PLXNB2,0.591983675738311
FGFR1OP2,-0.2661708314256882
HIST1H4F,-0.9115197401054642
HIST1H4A,-0.8558159480881324
ADIPOQ,2.0299145766801288
ZDHHC13,-0.4671517150609739
ZNF703,-0.2922903682519113
ZSWIM4,0.026247851138003125
SPTLC2,2.044017545495346
MACO1,0.16859080570567167
TMEM53,1.2116289492026895
MUC2,-0.7766764012433484
SP4,-1.0049585572200797
SP7,-0.8399659658549512
AKIRIN2,-0.017697164281194014
TMLHE,5.450136987051708
LMO1,-0.7846563282382348
ITGA2,-0.3255693950323413
ALDH3A1,-0.12616210518556692
SWAP70,-0.039972494468131614
APOA2,-0.22054341533345584
PHLDA2,-0.03577335742574996
CYP27B1,-0.0354322234951758
AGPAT3,1.2303951611311759
PRSS50,-1.0159926827574621
RAG2,-0.7334035414107883
RPS6KA4,0.4061218047062958
HLX,-0.05778701567613657
NR0B2,-0.45427686555832975
ZNF296,-0.7750791951511317
CD40LG,-0.6891318000113887
TRERF1,-0.5751468322386755
MIOS,-0.562645160128191
ZSWIM3,-0.33582572084735757
TCEA3,-0.6541782486506983
CHTF18,-0.8430693252859635
PAAF1,-0.3758119226588062
BDKRB2,-0.46539782387226825
CLPTM1,2.1438901807333184
SPHK2,1.1021384494568252
FIZ1,-0.8896469917591793
ZNF780A,-0.6827824072650966
RHEBL1,-0.1676295901574986
CDCA3,-0.40978087503201505
CDCA7,-0.9741013190664358
MNDA,0.3539283270093751
RSF1,-0.811414159553233
ZNF687,-0.7588113147507641
THAP8,0.09839800171340374
DZIP1L,-0.21179410960317094
NQO1,0.030400743434146206
SIX5,-0.9186948939529063
CLOCK,-0.557612464555948
MR1,1.0618320756062427
HTN3,0.31709605295760185
RELB,0.07703385461809698
ZFP64,-0.3366620846087944
HMG20B,0.30924484240190114
ARRDC4,0.3390156376929602
KLKB1,-0.7424957314255564
COL7A1,-0.11773952792145585
ELK4,-0.5513875140136261
RBM18,-0.5724598469010609
FOXP2,-0.7924882801054556
FOXP1,-0.6694450377358644
BCL11B,-0.7808702420348581
FOXP4,-0.5691708359894189
ZNF597,-0.9884236656090787
ZNF595,-0.7269299641768054
GAST,-0.8901112893434885
LHCGR,-1.0286819930736621
CAMTA1,0.21828448304810463
TNS1,2.9000157638717443
IGF1,0.6342666826531926
GCG,-0.7696728560025095
IGFBP1,-0.198284272863536
HBE1,-0.41977571713864975
CYP2R1,0.10224608820078446
ABTB2,-0.7322057537426648
CYP27A1,0.8968070661213345
BTC,-0.43943642618403905
MEF2D,-0.4516252395850551
GAS7,2.6244693320439096
MECOM,-0.9368309383233145
CIB2,-1.024900178638791
TGFBR2,1.4252813093925831
MTMR12,0.7147168754139721
SEPHS2,-0.03983020265842654
ZNF48,-0.26485497743711106
STMN2,-0.7723478147755706
FOXL2,-1.1281612591266545
LRRC39,-0.7166296742721453
NFYC,-0.024034990196863094
PITX2,1.2633762884878006
CTCFL,-0.8753636634294785
ANGPTL7,-0.10336620527519104
GALNS,11.82195258609525
VASP,-0.024814107940926332
CYTH2,4.324528503861099
CALCR,-0.5812710430057043
KATNB1,-0.3901798589346225
WIPF1,-0.17883505326765392
B3GAT3,0.7474820412938176
MBNL2,0.033392626954526355
TRIM24,-0.8845249808191189
CLCN2,-0.7384481754937084
R3HDM2,-0.49119639845755136
FLRT1,-1.1499910890105027
FLRT3,-0.6971059131180642
KAT8,-0.43562222292948105
TTC16,-0.498760234548247
DMD,-0.7080155763712036
C16orf72,0.08248261293743578
DNAJC27,-0.49497105541186615
SLC31A1,0.5266922529496884
ZNF223,-1.200104982359226
ZFP91,-0.3114540917683368
EGR2,-0.30422311406712776
PPARGC1A,0.18152081139198317
SUPT20H,-0.9191583997579977
RPUSD4,-0.6675969091683682
ZFAT,-0.6862575244602551
PTPN4,-0.733143743822635
GINS4,-1.1402231877614841
LRCH4,-0.48171659554833113
LRCH2,-0.3735968989059073
LRCH3,-0.7877659557889048
DENND6A,3.75018627187583
ZNF385A,0.40995542657739403
PSMA1,-0.3124482413455522
ZSCAN29,-0.5837764958947784
TSSK6,-0.10348017195727456
PDHA1,-0.13852579188967717
LCAT,0.39808646874879156
MSH5,-0.060862393143967235
SRY,-0.6173503235613624
SOX9,-0.49877613680294297
AGPAT1,1.8297442138258921
FOXO4,1.52236105785263
PRICKLE4,-0.9856100487440852
LRRC8C,-0.5347277846890921
RGS3,-0.202960511961493
PLAG1,-0.6543073719306026
KIR2DL4,-0.013140706828387763
PIGV,1.3244424542792597
NAB2,0.03452312931644784
COQ8B,-0.5501084306571158
MGARP,0.01260079237612875
FXYD1,-0.15981011346024893
ZFAND4,-0.80391761080674
KLRG1,-0.6733565508744309
ARHGAP26,-0.1584811040948675
PPP1R16A,0.11737213317204458
PPP1R16B,-0.6684887836405
ZSCAN20,-0.3794662945356369
ZSCAN21,1.846247327360239
DDIT4,2.6949410423334843
ABHD2,3.141763150385709
NUCB2,3.3937718461778577
BMP7,-0.2089608049965618
BMP4,0.5813602281451172
BMP2,0.6917805293889648
MAF1,0.8345286910626951
NR1I3,-0.43958706272029774
NR1I2,-0.39045441534761977
PACSIN2,0.09018858724410705
CCNI,-0.5567415711229129
CCNK,-0.6525941070992481
RASSF1,3.1323381331125177
RASSF2,1.3996261356254098
CCHCR1,-0.5787805719906731
MNT,-0.2090219099727309
CRMP1,-0.8682575366762522
SLC49A4,0.5864298642711594
VPS35L,1.107247802235275
PRDM16,-0.5405764002665728
PRDM13,-1.3211600344922896
TMEM60,-0.4631395794612111
PRKCZ,-0.36719660057402037
CASKIN2,0.24274310501659435
CASKIN1,-1.078729604709336
ZNF629,-0.39037355662468953
RAP2B,-0.23949169429766487
ESRRB,-1.1727502199992106
ADA,0.6999076634165248
TSNAXIP1,-0.9020778382014097
ADH6,-0.077377681618523
BABAM2,4.656286684405676
RASL12,-0.3072282599667661
HIST1H2AM,-0.6167453564166263
HIST1H2AI,-0.7010814940273662
ANKHD1,-0.21397694458238592
HIST1H2AE,-0.7174216363613163
NRIP3,-1.0724425490441742
SWSAP1,0.3917153912563983
HIST1H2AB,-0.7898813783761811
BCL2L11,-0.3714655840171849
ZNF556,-1.0641677119462207
SIN3B,-0.32048852295654234
NCDN,0.12394438870736375
DENND1A,0.23828290935623497
REPIN1,-0.8125131716584362
PTH,-0.4668003337011738
RSU1,-0.2523162639548962
GNA12,-0.4103129676102336
GNA11,-0.4772309428471071
SDHC,0.13597624978433315
MUSK,-1.2404409762895996
MOCS3,3.6181761132365198
LHX3,-1.210455260367184
PTGER4,-0.22511728592037944
SOX6,-0.7718048279864036
ZMYM2,-0.6074289850969957
SLC38A7,1.2434859726878364
LHB,-0.7171780893168317
CXCL12,0.6492379620018931
ADRA1D,-1.1318979772943631
SIRT2,0.007877602669910245
HIP1R,-0.29791657383597353
LTC4S,0.28898155749008086
ZIC4,-1.5831306790054844
ZIC5,-0.6814507074426762
ZIC1,-0.59086218148575
CCL20,-0.20549831583014724
GUCY2C,-0.899620220994848
HOXB3,-0.9823441983225718
HOXB7,-0.5252069675830213
RNF40,0.2052498392628652
TYRO3,-0.5234949753052458
WDFY2,-0.24169847759128313
ASH2L,-0.776078081781833
ANKRD35,-0.5816941562173574
ANKRD39,-0.37051379984716626
NR2F6,0.12426570390453427
CISH,0.11979965184592634
ELL2,-0.12982051585962578
INHA,-0.8773255375947204
CTF1,-0.08746760300667372
ZNF80,-0.40689598309380043
LDLR,0.20246805723367928
CYP2C9,-0.5006786174809424
IL2RB,-0.05275087907397736
TPCN1,1.3448179887143878
SCARF1,1.2883724075779193
LMO2,1.0712663476129616
WDR81,5.962667896266379
ERC1,-0.8307166873465535
CBLL1,-0.8526038596828966
ZMYND8,-0.7633772942855184
CASZ1,-0.8856568100766319
HERPUD2,-0.4926859707284715
CDK19,-0.4900723739751374
LPIN1,3.285925622509496
KLF7,-0.4583953080781482
KLF6,-0.13172780473451
KLF9,2.4947513560870536
KCNAB1,-0.4375449590883865
MMP28,0.9815950223797927
POU1F1,-0.5306656769245071
MAP3K11,0.36024886213477897
MAP3K19,-1.1995399626488952
IDI1,0.12710452937188432
JOSD2,1.4618075681862344
SCRT2,-0.27492019653614597
RPUSD1,0.3205237988112123
RARG,0.23384859962547794
B3GNT9,0.24357620977081712
CACUL1,0.14557429498092786
CDKN2B,-0.693239091655644
CXCL1,0.7171916966415249
CDKN2D,-0.677536177564318
NEB,-0.7938871580042154
PLAGL2,-0.5363767448924446
YIPF4,0.2693687552536523
CCL2,1.493490065132116
NFATC1,1.3290263433978666
PER3,-0.10320152035230198
FOXA3,-0.08465107641480606
FOXA2,-0.6525330067033194
EPS8L1,-1.0881325852587895
UBP1,3.944431225084636
GTF2IRD1,-0.8086432679986763
EPAS1,-0.2955573559492789
DEPDC5,0.2502453509275652
SLC22A5,4.33168364204665
ELOA,-0.5759983220625612
FLT1,-0.3141190463558875
PODN,3.601495304699804
S1PR1,-0.10230664470580193
AAMP,0.286850269304689
IL6R,0.12431062916397151
ASIC2,-1.4494244587631346
LRRFIP2,-0.013174461755449698
ICE2,-0.9362280879747439
IRS2,-0.31276035585534073
OBSCN,-0.5801590018304785
CEP57,-0.9174648059185404
CYP17A1,-0.5575449734862278
RGL3,1.8220885355552139
XPR1,-0.537033010140508
PRKCH,1.7291157875544994
PRKCD,-0.47700075275634046
SOX11,-1.1047928593050187
HIST1H3H,-0.8240371729664748
NRIP2,-1.00066005128103
FKBP14,0.7909716075721086
FKBP15,1.0331103908216854
TBX21,-0.2418807114472669
PPP4R1,5.234830953580124
PPP1R3D,0.5387544337931339
MAP3K3,-0.24586613669727525
MAP3K6,-0.2677459863578782
ZNF575,-0.2915240562199817
ZNF576,0.02267322927810249
KIAA0319L,0.8548802784808545
CTSL,1.9737320550445714
PASK,-0.6660789294923305
OMA1,3.144349052483363
PCYT1A,-0.17827345584765078
HIRA,-0.9262130780039582
CXCL8,-0.4174351402825087
SPEG,-0.8266184728376526
FGFR1,-0.04619191677933599
GFOD2,0.08752476941042192
AHNAK,1.6912895070235092
AFF4,-0.5034581531891532
PDPR,0.4635356717255423
GUCA2A,-0.3136590252086781
FOS,-0.20594428403586099
HOMEZ,-0.9538609072859804
PLPP6,0.12362394190430222
ST8SIA4,-0.0273872077508857
ZBTB4,-0.048117016283184474
PRL,-0.7164302108942258
DMAC2,1.1189165885628578
KRT1,-0.8998624693072503
IL1B,1.1942533464900977
KRT8,-0.4603552318479893
SIK2,3.378103459546546
RABEP2,0.991411614383489
PENK,-0.3741344718259627
ZIM2,-1.2004550669493408
BCL11A,-1.062706951526166
SALL1,-0.9936961017464955
SALL3,-0.9213109866048229
CD180,-0.31363010355584137
CYP1A1,-0.28199450736813736
IL10,-0.16819664424237493
IL11,-0.2779957988577513
WNT4,-0.44096128139650187
IL6,1.74113051479378
IL4,-0.6746484766400898
IL2,0.658129061789632
STX17,2.6226844616630767
HIST1H2AK,-0.5042127484518275
RUNX1T1,-0.33129335144485866
ANKRD16,-0.6792496631368233
TXNL4B,-0.3894141573962589
KLF13,-0.2034123644694579
KLF12,-0.730264836766337
KLF11,-0.21730692865500212
KLF17,-1.2606974802631852
KLF16,-0.7433368277078705
KLF15,-0.5620335339855449
SP6,-0.842200606302486
NT5C2,0.09511657073666926
SLC44A2,1.424045519566973
ANXA2,0.27158960778815117
ZBTB7A,-0.5710071057477761
SLC44A5,0.5277813660833895
ZBTB7B,-0.6476643686935174
CYP2A6,-0.5992639107128755
UTY,-0.7892864989256445
CDKN2C,-0.6490999765843086
AOC2,-0.7107360697721304
MFHAS1,-0.6136921814150464
INPP4A,0.005361494494511108
PHC2,-0.0470669211309379
RNASEL,3.244260322628852
ZNF367,-1.2227453294877995
ANKHD1-EIF4EBP3,-0.2492320799849974
BRSK1,-0.5389352105056555
TLR7,2.0838430865581383
ZNF213,-0.5229192345727023
NFKBIB,-0.5279071846519403
NFKBID,-0.813494959611811
NOX5,-0.594981019559037
NR5A2,-0.3505026119745197
DLX4,-1.180622495710868
HIST1H2BF,-0.9331820165595364
FGF9,-0.6015951866816247
HIST1H2BN,-1.099168095547305
FGF4,-0.8834655350562418
HIST1H2BJ,-0.9471618279017117
MISP,-0.7812465988547099
SLC25A40,-0.3668467585769539
TOX2,-1.0711651518797085
JAZF1,-0.21828703591915455
RAB8A,-0.26389303234768335
SGCG,-0.59476599287562
DUSP5,1.2200003123130334
LRRC8E,-0.7037949817891007
ANKS1B,-1.0821839965648892
ANKS1A,-0.11531628630985975
HEY1,-0.1016230747648981
METTL9,0.11636016546245677
ACTRT1,-0.9062877512579719
LEP,2.1708569579330135
PITPNM1,0.9033480819145898
NKX3-1,-0.9902338772018792
PITPNM2,0.19270575893930858
TBC1D17,0.5977631061354722
SP8,-1.4134772139738714
ADAM17,-0.02869166252283346
DNASE1,-0.36794603644571405
TLX3,-0.7040870218225478
UNC45B,-0.3485968023964602
ZBTB40,-0.16840522271066635
ZBTB44,0.19419020534201317
BRAF,2.5119386543809727
PCSK1,3.1203421530906237
PCSK5,2.9499797607984592
HIPK2,-0.6981185627929496
PMP22,0.1499015860807708
ZNF683,-0.6585852804358022
MT-ATP6,0.06023640578067518
PAPPA,0.013648810746761454
MIF,-0.20521511624276417
AHR,0.004937906260336413
FDX1,-0.009178145452751802
KLC4,-0.31211447059339686
MMP12,0.09344166503844796
CDKN1C,0.12122081835090752
BAZ2A,-0.7685009547843152
EDNRB,-0.24583703951157035
STX11,1.7865145457385745
APOB,2.1243475025236336
TADA2B,-0.8155600703845567
ZNF512,-0.5099232300734781
ZNF513,0.3923364947861377
HOXC11,-1.1152832270003086
HOXC10,-0.8792211659386067
VEGFB,0.5944826267126292
LHX4,-0.6460734784361126
TCN2,2.956392976054734
ZNF358,4.242775776594608
AP3M2,-0.01845211868046663
COX7A1,1.3108175951190857
CCDC186,-0.6790158547716271
HMBS,0.04900408377554504
HIP1,-0.11600414244146505
DMPK,-0.2990614871447226
STYX,-0.6322504960436981
ABTB1,-0.20199769132329373
SPIB,-0.28828938006584653
LTF,0.26941717503896356
AFDN,-0.3924164399917094
TP73,-0.5371790259396689
LMOD1,-0.21192405580822998
GPATCH2L,-0.7414750077201202
NUBP2,0.3170834359964935
CCNA1,-0.4369765368786341
VPS29,0.05836729959028614
ESYT1,0.49819243407546293
PGR,-0.5002952851367688
CXCR4,0.4990928628155903
JAG2,-0.2023148347086101
KLF10,-0.1522736339511856
E2F7,-1.183589456433152
CA9,-0.6190410008088547
E2F2,-0.4792419344449491
PPP1R13B,-0.20602333077987456
MGAT4B,0.8602133515252409
PPP1R13L,-0.3432070229467215
EVA1C,0.10119909726790823
TNRC6A,-0.5546359083016007
GATA5,-0.28112811709407654
ARHGEF2,-0.2350697356540161
CDH15,-0.8016856099474756
MEF2C,-0.5574869854753086
ZNF232,-0.5699320200749154
CLCF1,0.5584944678236529
GH2,-0.6770869137905021
SPRY2,-0.2981740903187653
CSF3,-0.564554648514571
PLEKHA6,0.6987411977635476
RRAD,1.6202557648997384
ZNF691,-0.7938446250575563
CEP68,-0.7176266891866634
SLC44A4,-0.5204934639670105
ATP7A,-0.21013297245993756
COPZ1,0.04183631144876666
SUV39H1,-0.6894479494978263
CDC42BPB,-0.26259285040727537
SHH,-0.6017455978348817
EPOR,1.5665457181641698
PLA2G15,2.437253507544651
NR0B1,-0.7160015244757768
ZNF503,-0.5823288211785861
PCNT,-0.6527195625432739
INTS11,0.30216058648694943
INTS10,-0.6243983775493853
INTS14,-0.4674655624423655
USF2,0.6763448749612226
FBXO24,-1.076123984643987
SATB1,-0.4964596927625642
STX5,0.28496881362754467
STX6,-0.10038086921895797
SLC5A1,-0.13039539225766
RAVER1,-0.8411094288496929
ZBTB3,-0.6436947971318231
ZBTB6,-0.5757227653007626
ZBTB5,-0.7860922028702064
CYP21A2,-0.2487685998637914
ANKRD30BL,-0.7415772968482469
CHRM1,-0.6977135842100796
ABI2,-0.7628496551372432
ROCK2,-0.3627511306143082
CYP2C19,1.6703667626249914
MMP9,0.9654738514290486
CD209,0.19342179852830174
CLN3,3.600854691475093
ENSA,-0.3206969008142825
LRRC4,0.1541493505874263
AQP7,2.19899601845027
ACOT8,0.8846962784241627
ADCY2,-1.0301486426810362
KIF27,-0.5797946792328077
ADCY9,-0.5857522493060723
DOCK8,-0.09731103883204106
ATRAID,3.318597057131547
MED26,-0.08455073544196742
KANSL3,-0.7216342572782687
MEIS2,-0.7245812245430499
MEIS1,0.6289015726591478
PLEKHB1,-0.47968634092360385
JUP,-0.30475883766742584
PARP8,1.801740385394046
MIER1,-0.5106593280220688
BTK,-0.5351633094287566
IL13RA1,2.386192420121508
HIST1H2AH,-0.7116393581887069
FGF22,-0.5020376606672057
TBX3,-0.7588299733860093
ZNF32,-0.3234436943610593
C18orf25,4.919564382695817
ZHX2,-0.33506597194171145
SUSD2,1.2624441735460779
PUS10,-0.7728596993149286
MT-ND5,-0.29147344217711746
MT-ND4,0.2992338108940768
ZNF785,-0.7259368930247491
FOXD2,-0.9326304523752085
ATRN,4.407537267973735
ZDHHC7,3.911351941195908
ATL2,-0.4919557702663519
ZNF408,-0.05243891923956477
LENG1,-0.4404153013020934
SNTB2,-0.16056099756746872
MYBL1,-0.6754647810153473
CORO1A,-0.17731333975479574
SOD2,0.04483246900724381
PRDM4,-0.7578934286128906
PRDM5,-1.0261513606135073
PTHLH,1.559002047500486
PDXDC1,0.01724165185602851
SLC22A1,0.25538007182822225
PDE6D,-0.20198305977376307
SPOP,-0.5191437743703635
GTPBP2,-0.050978008306644895
CASP6,-0.049028503527140846
TSEN34,0.6570833598915531
NCAPH2,-0.7720890105866695
CASP2,-0.6338444547492404
CASP9,0.16458910436582622
PURA,-0.4008495067258375
PORCN,0.5930421939920892
QTRT1,0.3329041158041295
GLG1,3.179444489542068
LRFN5,-0.8834491731574623
RCAN1,0.15819579559684038
ZNF222,-1.190657296822998
ALOX5,3.379921795016163
COG7,0.08959226570069877
SNAPC3,-0.6771946958968923
SNAPC2,-0.1723152788276261
TIMM10B,-0.545621139857551
SNAPC4,-0.23254626055892133
SERPINB2,-0.2935684405368327
TAF13,-0.5906304785564556
KLHDC3,0.3573567329603031
AKT1S1,2.84031001430766
ZBTB37,-1.4474224981838484
RASL11A,-0.48149355432981705
HIST1H2BL,-0.9630035404192245
KIF3A,-0.48999639376282084
IVL,-0.8841839900509602
FNBP1,-0.24026329966799123
PCDHB16,-0.05761719716147135
MPZL1,1.5214372128951759
HCFC1R1,0.9359485653414673
FGF19,-0.36924471772704254
CITED2,0.7317474078302859
CGB8,-0.10692543216126144
ELL3,-0.08524889739123172
DTNA,-0.6539713264400957
CNTLN,-0.020987478438300473
ZNF524,-0.46126520137625937
GTPBP1,-0.44496583817175256
DCAF11,0.7359465454942377
DCAF17,-0.14231775061922428
DSCAM,-1.2525674986885507
FEZF1,-0.5061597611922453
FEZF2,-1.0318314008963014
SLC35E1,-0.3295267418334258
DAPK3,0.2169713759116529
EIPR1,-0.18494677322824893
KCNJ11,-0.8841245160755004
ULK4,-0.6883480000239445
KCNJ14,-1.0786611258922247
POU4F1,-1.2756498197622852
RNLS,-0.4745000178299164
PTPRJ,-0.5172706359874553
PGAP1,0.36713255845762527
ZFY,-0.3054374427081646
ANKRD23,-0.811872977240666
MANF,4.010561677271552
IRAK1,-0.00408849866770642
ZFYVE21,0.18855800133732595
GATA4,-0.8458497948888782
CCND2,-0.263881636231737
SNAP29,-0.2522344581004127
ATF7IP2,-0.5798240200897805
PRR14,0.8102974526721765
CSRP3,-1.1215661475504015
RASL10A,-0.8698503421140978
ACVR1B,-0.3452597509583996
PANK3,3.3910342793877906
PDLIM2,0.21117448647091827
SCGN,-0.8895662275949705
RPRD2,-0.4433050253627636
TNK1,-0.6580557139924853
TFAP4,-0.7102910396046584
KRT16,-0.6111881867021347
ABCB10,-0.044154386430139594
PRDM1,-0.11486606299735448
HES1,-0.46186233376445474
KRT19,-0.1713752871835813
KRT18,1.988987605123372
KLHL24,-0.4851889713938925
CAPNS1,0.6489238457149509
TLE3,0.026060279787786075
PAG1,0.3138412127470967
KLHL28,-0.9957811930227031
TLE4,2.128406904215856
TAF10,2.6561828622703754
HIST1H2BK,-0.8159516665673856
TLR8,0.3492952954153941
ZNF212,-0.15341621095223915
RXRA,-0.16051983000127001
RXRB,0.2600801458975978
GLO1,-0.47598689686956097
BCLAF3,0.5851919224029983
NTS,-0.3887106097275031
IGSF3,-0.14495868721076424
MITF,1.7228900457571843
MYOG,-1.0079060534839466
ZNF646,-0.7981350145856537
HSD17B1,-0.09786939491918355
ZNF644,-0.7844606801627496
HSD17B4,0.08572984548237879
SLC37A1,0.7329343528963875
BACE1,1.5940201212758098
KIF13A,-0.769196231669751
ZNF467,-0.6144097738772756
ZFPM2,-0.3421877703175849
PKP3,-0.02010709092392166
EGF,-0.679964897472645
SLC25A10,0.3793403495482369
SLC12A4,-0.05681510785712334
EXT1,1.3022609967844858
CNOT3,-0.5819981661104937
ARID1A,2.7478881688351198
ZNF280A,-1.0098506644761376
YIPF1,0.8651789107517129
CNOT4,-0.8093051528938225
TYR,-0.6866643781736975
STAR,0.1156309219575857
ALG1,0.7174548191347874
ARL4A,-0.4465757255302748
SLC11A2,0.14091290644453958
GCC1,-0.4860058381759751
SMYD4,-1.082709758407716
IRF1,0.5439656870622158
PCNX1,0.06971943201281941
CD99,1.8569108174395133
MAOB,-0.019847817907082153
MAOA,-0.11465623111727052
SNX27,2.265193930375153
HDAC7,-0.7460862956423706
CASP7,2.3462209865508457
ZBTB10,-0.4364184236619444
SNCAIP,3.0231363395445356
TRAPPC12,0.6623025825342488
CNOT9,-0.814727987434746
ASCL2,-0.5297023125490856
OMG,-1.0643586261589253
KIF1A,-0.70110392244588
KIF1B,-0.4689099926442753
NEU1,4.733670535431416
SOX8,-0.5757498561375902
RPRD1B,-0.7380724853770196
SOX5,-1.0097468178870306
SERTAD3,0.08943336057866806
BIK,-0.09892777963513581
RAD54B,-0.8571432370796653
CEBPD,2.0128922428640594
PITPNA,0.08180905510812155
MED14,-0.6673282242843184
ABCB6,-0.14541559021897887
LMAN2L,0.7556455218094023
INTS3,-0.3001205412803267
INTS2,-0.6650197812320868
INTS7,-0.709719301323622
NOTCH4,1.8879178933855496
PPM1N,-1.3084831204288963
HSF1,-0.26896615362124143
CASP8AP2,0.39348860674407754
ZNF384,-0.5287038660386667
LINGO1,-0.5477700604117203
BHLHE41,0.36770715230207135
GADD45B,0.08423432787788149
CETP,-0.09978382996449944
SLC25A28,0.365898084944961
MAN1A2,2.46758174595857
KIT,0.3315902117872398
MYT1,-0.33049624778631664
ZNF274,0.011292542940184383
LRTM1,-1.4284461213268829
SDHAF2,0.45082458114046586
GBP1,1.0719043774447827
CYP19A1,-0.48830678971859826
RPAP2,-0.5774334831676271
INSM1,-1.0396297609020417
STRN,-0.3352263410398651
EGLN2,0.3693888263647311
TFDP2,-0.6754488217643965
CADPS2,-0.7358806066771474
CCDC14,-0.5172309744769874
APH1A,0.83588130353652
STAT2,-0.038678646621015576
CD83,0.14321210764717324
CHRNB4,-1.2700087149578492
HBEGF,-0.06161709427667791
MARK1,-0.6743102194740782
FOSL2,-0.001374339531989142
CYP7A1,-0.21869519186101163
PWWP2A,-1.1067360608048726
DYRK1B,-0.4277594171237686
NEAT1,0.11303631357608686
ISOC2,3.8606160532822744
GNAT2,-1.1883193672716883
ZZEF1,0.060093866120713844
PDE4D,-0.2143825375989538
STIM1,0.07746535782136384
MAP4K4,-0.16202455971506985
WT1,-0.48610759892676536
LIMK2,-0.2653274938098175
WASL,-0.42321535877153993
TEAD3,-0.13554364014570694
TEAD1,-0.2674855991606245
TEAD4,-0.3285156396924492
PTPN21,-0.6634025655403187
ESRRG,-0.7455443270118248
HSPB3,-0.6967261253483596
OPRK1,-0.8902533815787046
ZNF710,-0.11870696592914369
ZNF711,-0.5384554493681424
DHCR7,0.7023198102638163
CASP10,-0.37350337755378704
BDNF,2.0857327265176755
ZNF76,-0.26739927746216746
ZNF668,-0.8477948402107184
MSRB1,1.348010841728978
RSPRY1,0.39529910315361
HELZ2,-0.2949542703613165
GIPC1,2.3793569110918993
ZKSCAN4,-0.7288343635167197
PDGFC,2.166553060885713
BET1L,0.3644614474993292
TAF8,-0.7024580600885758
DDAH2,0.6731529848535062
RTN4RL1,-0.9037006324378144
DDIAS,-1.1116500349031069
IKZF2,-0.9035082859531455
CGN,-0.7019267249548748
HMGA2,-0.6553001372884711
ID2,-0.051872531312554655
SREBF1,2.3609068388173906
TADA3,-0.1887810898121888
ARL4D,-0.5713072379045924
FSHB,-0.920115432218336
GLI4,-0.8056664484690854
LUZP1,-0.4510183292626447
ARMC5,-0.37076500377250066
NFIC,0.11999802400886972
NFIB,-0.3064841292797206
CD163,1.1064182675911618
KDM8,0.20542407880691269
NFIX,-0.6848423702317251
MCCC1,0.28658477003806065
TMEM80,5.074827256198066
ZNF830,-0.36754881212494583
FKTN,-0.39477314885443715
TSC1,-0.4412408034637176
PIN4,0.06521639309135135
RCBTB2,0.4091187249054092
SYNJ2BP,-0.3438236012600124
NUDT6,0.011315334073499826
TJP2,-0.3227005911076668
ERCC8,-0.30356258345437226
UVSSA,-0.47574011302185304
NSMCE4A,-0.7433322253974638
DVL3,-0.3951414925078555
BDH2,0.06549951490411006
ZNF518A,-0.9506672918698647
LOC107984056,0.4027444952778551
GNPAT,0.48699684136466115
DCTD,2.9074502636257304
HSPB11,-0.3392644052197093
PARP3,0.5849482370784541
POLE4,-0.19222250014090364
LIPT1,-0.3596056915466245
CEP164,-0.4169911153327339
PPCDC,0.04777483711585274
SLC38A2,0.11745979209598521
MLLT3,-0.4466779423434005
ARID3A,-0.44846145783019775
MLH3,-0.08973477477665784
LYRM1,0.21942169095725494
ABITRAM,0.10235257694720487
PMS2,-0.0351948882922248
BCHE,-0.02242872019093071
ABHD10,2.514510962640601
MUTYH,-0.03253393374929335
SPHAR,0.012193179869725948
HUS1,-0.29183788181398707
POLD3,-0.8320921495644877
PDCD4,-0.36588908534742137
SETMAR,-0.7653147990921696
IFNA1,-0.35708641592993795
DDX58,0.026724530292105662
PCSK7,4.761649817362564
PCSK4,1.880949687854022
METTL18,-0.9646483505242813
NPRL2,-0.24411380664901347
MBTD1,-0.8740671617297566
TCF19,-0.8412012520906282
ETAA1,-0.24752132817127115
TMEM267,-0.5981942964337105
ZNF341,-0.6034001192372032
BICD2,-0.6543751634146893
ITGAD,0.045948915207590715
GOLPH3L,-0.17656494262449846
PELI1,2.911075795683662
LMO4,-0.4511178473451735
ABCA2,2.442025948761667
JRKL,-0.6239102403150834
HSD17B2,-0.12051228777053917
ITGB8,-0.16580916279437985
MAP3K12,-0.2958322603580395
ITLN1,0.7095360780917104
CBR4,-0.015498685927100053
FUT8,0.23929788362095336
CHI3L1,3.001917088155975
MDM1,-0.2729061952613387
WNT10A,-0.5030827200702839
MIPEP,0.05333500904670241
PTAR1,-0.31874731325049716
FCHSD2,-0.17236116592299724
CASD1,-0.22887697724308087
DPYSL2,0.975371020414207
IRF2,2.8131129530584897
CIB3,-1.298097793734454
MTO1,-0.40431279244232393
BPI,0.433552312384225
SLC20A1,0.3464235264189531
BCKDHA,3.0185404480652505
AGER,-0.07804553297185204
CHSY1,0.25921577051334527
MAP3K4,-0.7871233841050371
PRPSAP2,-0.4436065316713061
LRRC1,-0.00985805325321063
PTGS2,-0.03275616889772817
ADCY7,-0.3626160939378969
MYCBP,-0.47474965148620674
MSANTD2,-0.8127299516232783
UNC119B,-0.06950947086034663
AFF1,-0.27439212995220746
UBXN2B,0.07849989016011721
SPANXN2,0.1880843552949287
SEC14L1,0.1834951031096151
ADAMTS12,-0.6403423135012012
ING3,-0.5549195695257804
DBR1,-0.6450454607168415
MEMO1,-0.3960933790231519
LRRN3,-0.3807573448583946
NMI,-0.3248841630969397
ANKRD10,-0.5653662765876097
TSC22D2,0.034394485030884894
LRRC8B,-0.7775430836781988
GGNBP2,-0.03082210040982789
PARG,-0.13865086824488032
MTM1,-0.21395370945306597
SPAG1,-0.7230562593742346
HHEX,-0.027319856654569964
ULBP3,0.034797809355807285
SAMD8,0.7571790744857466
MTFR1,-0.08030402578414447
BTG1,0.36589053323164483
GABPAP,2.2727736395429403
ASTE1,-0.8613865903684208
AUTS2,-0.44238711365694355
RMI1,-0.8970166269525846
DNASE2,2.602254740492834
SGCZ,2.833292564106169
BMF,-0.46787553768898155
SNRK,3.952576625139672
FOXN3,-0.32413343276186435
RANGRF,-0.06855180373674655
TTI2,-1.3082237357809676
URM1,2.934136033525953
NDUFA9,-0.04245053953080485
MPV17,0.5819621567862727
NCAPD3,-0.863611255620043
CIZ1,0.7119754600662955
EMC8,-0.22057755488051534
ASPM,-0.9466314472975004
TBCB,0.5573259738992731
HMGB3,-0.7787967730916284
ZFP36L2,-0.09530861132258836
CDCA4,-0.9511505078651317
COBLL1,-0.013787201664405972
TLN2,-0.4369223876353016
TMEM100,0.9632039778390481
UFD1,2.0876894617762116
FGG,-0.04417711911614518
PHLDB2,-0.5434131167804438
HSD17B10,0.37484340502421193
CBX8,-0.5159692039232128
FANCI,-0.8829944246228042
JPT2,-0.5529237886454219
ENDOG,0.48014048699523376
AICDA,-0.8568397504125251
POLR3K,-0.4191544292791175
NSFL1C,0.08283054282861609
DNAJC21,-0.10629403484693482
PDCL3,-0.7733465295255022
PRKAB1,0.08225130948723776
GINS2,-0.6611852832740422
MARCKSL1,-0.2551540608922445
PTP4A3,-0.1549731521250106
ADRB2,-0.3114653953100127
PALB2,-0.7269015267678671
SOX2,-0.9966761821862521
RBMS2,-0.1324307226039768
PEX14,3.3956085702089105
NLRP6,-0.8097631575735766
FAM83D,-1.0300946096109234
MTPN,-0.5253374941372688
MPPED2,-0.15246689668205943
NDUFS6,-0.1279706869183312
CKAP2,-0.8865697779164291
TMEM109,0.27468271181328996
CENPW,-1.1054662500058265
TRMT12,-0.4500675339141822
EVI5,-0.23460568649421693
COG2,-0.3537052761208491
KLHL7,-0.7153663481532371
TROAP,-0.49421760273398035
H2AFJ,-0.8370039832762732
NPLOC4,0.31995981478079827
HSPA12B,-0.02138525820840717
HSPA12A,-0.02465903502383982
TBRG4,-0.7709763280600745
AIRE,-0.883334096403506
BCAP31,2.3938429032003934
STOML2,-0.21606941720176143
PSMB9,-0.06310981293477244
PSMB7,-0.32022609755095827
PSMB2,-0.41096068163116567
ZC3HC1,0.07586557540221396
PLS3,-0.02264167848846796
AP5Z1,1.5206102197531683
BICD1,-0.5545104390448503
PLPPR3,4.184215581874984
NDUFB9,-0.08182766517985657
DYNLL2,-0.3720616022931043
SERPINC1,-0.6599314374652815
GADD45G,-0.16651147660449836
CCDC13,-0.46907923965168813
ZNF648,-0.9842131974539227
KIF5C,-0.9955159162734858
GABRG3,-1.2127355188998428
GABRG1,-0.567899525556633
CCDC113,-1.0256879669833734
ZNF124,-0.8096431442328099
GPRASP2,0.055593472367663155
GABRA6,-1.025040008670349
CPA1,-1.0003457618048681
ING5,-0.6305800290477717
C7orf25,0.4193046446049828
DNAH7,-1.3621439576647103
DNAH5,-1.0486443115244506
DNAH8,-0.9574311152171322
GABRP,-0.5309855079293009
MSGN1,-0.4635635809755115
GABRE,0.9580472818065465
CNRIP1,0.1445483918677131
DEFB1,0.27485874554019873
AHI1,-0.7528200932798104
TRPC3,-0.8637193602636939
GABRA4,-0.4521095609908707
GABRA3,-0.09825568569825513
GABRA2,-0.7458492333784171
DYNC2H1,-0.286772668874821
GABRG2,-0.9289067992846193
PDCD7,-0.9002223214094021
PFDN1,-0.08360648852852356
DNAH3,-1.1222483779401147
COL9A2,-0.12844246345839702
CEP126,0.4435812332737671
NEUROD1,-1.018357367269695
NTN1,-0.5241164418804517
ZMAT2,-0.7570351025279342
GABRQ,-1.1456950005912692
C1orf216,-0.1878378992983576
NTF3,0.1240740990148073
TAF6L,-0.059273303668128156
NAP1L5,-0.11711682555696738
TGFA,-0.24910144413280846
DNAI2,-1.2983461474839073
DNAL4,-0.34342492906193495
RHPN1,-0.8452344030600977
LZTS1,-0.5345724864148435
MMP7,1.2066246165025574
PPP1R18,-0.4886133075090065
ZIC3,-0.8905872961851422
FOXK2,-0.3120393224269343
DNAAF3,-0.15733490987164253
SORL1,0.022016948005158132
PP2D1,-1.311805057984025
NCALD,-1.125106707060334
CCZ1B,0.38960960630633984
SPHK1,3.0571757261738313
GFI1,-0.781496356492954
ACTRT2,-1.0364414477461097
HOXA2,-1.1101755401435625
MON1A,-0.11688282938202613
RMC1,1.5944319953283026
HIF3A,-1.0592200001757022
JPH1,-0.4012217891256771
VRTN,-0.33714619162548637
PCDH11Y,-0.8594635000170305
LRRTM2,-0.7426591039589403
PPP2R2B,-0.935696748722801
ENC1,0.867287917231023
ZNF770,-0.7850376818467507
RASL10B,1.34650148568059
RIT2,-0.405596166638986
KSR1,-0.7873592727045776
KCNQ2,-1.2118634957902823
RPS6KA6,-1.0610118885781534
DNAJC4,2.028703873035209
TMEM74B,-0.8625485964225285
ZSWIM1,-0.947275397511572
TCEA2,-0.25927422997388583
ETV3,-0.8489000113802649
ZMYM3,-0.04993596944098835
PDE1B,-0.6815639128345707
OR3A3,-1.2185769475917765
LRRC7,-0.3375756959752862
SCN8A,-0.9361782763400289
AP3B2,-0.927599601251322
ROS1,-0.9091619171102358
WNT10B,-0.8951750823728074
CDH4,-1.029425494906484
GDAP1L1,-0.9232787604178201
PRRG3,-1.3834146776525238
PKDREJ,-1.140078384497655
BMX,-0.7836688620158611
DPYSL4,-0.1464840298393399
TEK,-0.45605168830492854
PPP1R14D,-0.6660515968465087
SARDH,-0.7235193780409551
OR1D2,-1.2417328448518454
NEURL1,-1.0075953021600417
FANCC,-0.9138724781745072
TGFBR3,0.2662944886532885
RIT1,1.2486009528521793
MERTK,0.05738192383784798
TM6SF2,-0.47642687048729904
NPAP1,-1.3085150482052916
OR10H2,-0.7523149072259935
SLC22A13,-0.2705452952614984
AGRN,0.08170634182965096
ZMAT4,-1.5075459554665207
CNIH2,0.03756220869429735
CHRM2,-0.8700575463767848
CPLX2,-0.9241117429281899
TLX1,-0.812096159813786
KRT38,-1.2783852543039567
OR10C1,-0.9098334736305662
MAP3K9,-1.024762129805789
SFTPB,-0.5956026848992715
STYK1,-0.6850023838087994
DCC,-0.9387897958529519
HRH3,-0.8168130288651384
HOXD9,-1.1092943047934163
BRD3,-0.3292216254792089
LRTM2,-1.317673270335601
ARHGEF4,-0.8600053817175359
ACTL8,-1.0598001748315586
SEPT3,-0.5161299892767824
TNRC18,-0.5620682037846375
TSHZ2,-0.6500070619339565
ST8SIA2,-0.6457267611354199
ATP6V1G2,-0.8652966179374977
MAGEC3,-1.3588488724821248
DNAAF2,-0.7666736282126381
CBLN1,-0.7848994231403691
EPB41L5,-0.38784605997851007
CCDC33,-0.943084852248185
KCNH3,-0.22363118416050382
OR1F1,-1.2497398127250174
HLA-DOA,-0.3139747308661479
HLCS,-0.23340095297644128
CDH18,-1.1658922292452831
NCKIPSD,-1.0642896014023677
MINK1,2.281802947305611
PRICKLE3,-0.05315815632444528
NAP1L2,-1.1730401240999715
RGS7,-1.074322224826088
KCNS1,-0.8178186828691846
CNMD,-0.777955505165227
CYP2A7,-0.8240775418311307
FXYD7,-0.8045168117665465
TTC7A,0.22247715668224793
NDST3,0.42711685662532595
SCAMP5,0.27721152329517257
BRINP1,-0.8574859297888955
CALN1,-0.7492716378024576
KCTD17,-0.23871036990568686
ZKSCAN3,-1.1638793605130733
EXD3,-0.37821269711718947
DCLK1,-0.5816801918032786
OAS3,0.13236660833314498
BTBD17,-0.3093344924542924
BEX1,-0.802555422357594
CPA2,0.6488365239808404
LZTS3,3.09638807551925
PLPPR1,-0.12528648717597413
WFDC8,-1.2982021054295483
KIF3C,-0.5956815443693888
OR7C2,-0.7494502776915697
HECW1,-1.1233240487957894
CLDN10,0.5806300173429989
CNKSR2,-0.951432056880285
UNC13A,1.0687810981822252
KCNB2,-1.2011421978763936
KHDRBS2,2.21519278350565
ATCAY,-0.8025541596754312
ZNF483,-0.6521135201138839
IFNA5,-1.0666994549371902
NNAT,-0.874307197701268
OCLM,-1.3057593781904875
MEPE,-0.644233104998476
FAM155B,-0.8379013275760816
DGKB,0.14467525737103826
BEX2,-0.7910551785502749
SHOX,-0.9424549579617479
GPC4,0.21098320354801622
MYNN,-0.7210609892981855
KLHDC8A,-0.8925738633813236
CCDC189,-1.1702938732881525
SCGB1D2,-0.12484727706648707
SPPL3,0.9637287514607056
SLC2A12,0.8780648649638464
SLC18A1,0.36174552938607313
HM13,3.539329274810852
TPRA1,0.6668893132804793
SLC6A15,-0.534188380911936
SLC39A8,0.32753902676184987
SPPL2C,2.0017106322827516
SLC15A1,1.325407601315141
CHRND,-0.47005092285534356
YIPF3,2.2386505112336708
SPPL2B,0.49151568207959917
GOLIM4,-0.28284911997467643
SSPN,0.6172755499058921
RAET1E,-0.6986234397155504
MRAP2,0.7103843932087
FCHO2,-0.21745056429524515
PARD6B,-0.2978986174078271
RAB5C,2.1412644624847252
COG3,0.025764393535828187
EXTL2,-0.08010054230115705
COG6,-0.2721509219390914
COG4,0.4585476301215751
NFAT5,2.4066968041038126
ROBO1,-0.11121627671127893
PPFIBP1,-0.49217772442019686
AP4S1,0.538963587345481
HAUS7,-0.6739904654402418
SURF4,0.3436464841060947
EME1,-0.7205337569545579
GOSR2,0.18689903018567267
SLC39A4,0.8039788819991532
DSG2,-0.34674309959221244
YKT6,-0.09371084400647436
GOLM1,1.0546626154024665
POMK,1.3384909283412885
TACC1,1.5432018080496122
UST,0.885202151355897
TRDN,-0.18252837516940518
C5orf24,-0.15956391085341431
KCNS3,-0.3790034538830035
FCGRT,2.908284143542133
COG1,-0.004589357027163352
ACBD5,0.396184428999249
AP4E1,-0.5036977067034849
BATF3,0.5694849055785111
PON2,2.6945506016942518
FUT1,-0.3518609924456231
OPA3,0.29737088216472124
PHYHIPL,-0.6605599230249477
TNFRSF17,-0.14454002240222827
PCDHGB1,0.15971914586289487
PCDHGB4,-0.29290773390772173
HSD17B6,0.7736145670467863
HAO1,-0.6928332769294262
TIMM23,-0.10576368236988312
VPS8,0.21008302781161714
NAPG,0.054288991125358364
METTL14,-0.8847691230763561
ARHGAP17,-0.1617077308169829
MX1,0.028683954910035708
MED11,-0.13733159576330176
DYNC2LI1,-0.35444931966079046
SENP5,-0.5413794169733387
EPS15L1,-0.5284662436760059
OTUD3,-0.3010925958472239
MX2,0.08833905999844693
IFT88,-0.6413540429490453
NCLN,0.692086892645815
SUPV3L1,-0.7706237945670957
TBCCD1,-0.7034096232973324
RINT1,-0.8161391013630498
YEATS4,-1.0173420754594904
FAM122B,-0.03923773857663764
MED8,0.13462064647894764
HCCS,-0.3103097257206734
MLLT11,-0.5189165212225642
TBC1D31,-0.9132440880778847
COX15,-0.043362207082234094
FASTKD1,-0.7281343660047954
TRIT1,-0.3941722381400457
RABL3,0.27088348879141644
MED10,-0.20588921007191616
SCN2B,-0.6092976885559908
NR4A2,-0.1833742048479182
MFF,-0.46568856048661567
MED18,-0.23317805121951216
INPP5F,-0.19760188414321436
INSYN2A,0.07929258344808561
TTC19,-0.3320939173603825
ZBTB24,-1.142103260267981
MED29,-0.12579679944529454
MED20,-0.24995850192784513
MED9,-0.11716479514905166
MED27,-0.17591333849332463
TIMM8A,-0.22898047659425552
FAM174A,-0.13171281255434514
MARK4,-0.23529023103631913
ATL1,0.14464773813849038
ACTR3B,-0.7824930236838056
GTPBP6,0.6860707042240914
GTPBP8,-0.8186130740902616
COQ9,-0.07253689086285477
ACYP1,-0.6661525377895566
TMA16,-0.843877847579396
NIT2,-0.1441725152534174
MED30,-0.40260322054404407
MED31,-0.6045801339844352
EHD4,-0.09848238948296069
EHD3,-0.1215629369335437
SACS,-0.6448684381944702
PEX11B,0.6966887496064655
KCTD9,-0.5140722654201453
VPS13A,-0.4853849509820897
TXNDC16,3.6191056800569124
MIEF1,-0.5627520254227639
LOC100996763,-0.41459502312679447
LIN7A,-0.01842075258354459
ADCK5,0.097282036996413
MYPOP,-0.6453034799518012
KRTAP9-4,-0.5132166366052069
KRTAP26-1,-0.5961751616698034
RPS19BP1,0.13274393398111445
FAM124B,-0.63134197646941
SEMA4C,-0.5819284137277307
LMNTD2,-0.04749832308893707
LYVE1,0.49698056147014835
SMOC1,0.48524919462874105
DGCR6,0.46027366503020745
XCL2,-0.33673203655741185
CXCL16,0.10107992342899902
AQP1,-0.09055406177056376
CNNM3,0.2934894520541104
KRTAP3-1,-0.5961037828653255
STAC,-0.3110995293370985
TNIP3,0.04217555556829901
INO80B-WBP1,-0.35702052453503763
NMU,-0.9177999281853365
TSPAN4,0.9048710098854732
TNS2,-0.30442170212296
KLK8,-0.8705624096942874
CXCL5,-0.06738472075541414
GLRX3,-0.279418836884513
CARHSP1,-0.01573328381510966
ZNF446,-0.5986635581476415
CRY2,-0.16285423646632546
C19orf57,-1.359565279521288
KRTAP13-3,-0.1763222306331825
KRTAP10-8,-0.7469491473458452
LCE3D,0.16692124659034008
LCE2D,-0.43789772551026057
KRTAP10-1,-0.7171081683672416
SPINK2,-0.6057560377626668
MAP11,0.12445446699796985
DHRS1,0.46089673203368636
CRACR2A,-0.5169581397579343
DGKQ,2.21762051399231
FAM221A,0.008620508229604225
TMEM150A,-0.8609006640115351
DMRT3,-1.0575746433295425
PCED1A,-0.10739415114213134
RASD1,-0.4437469538640975
PCED1B,-0.23270052228289095
DOCK2,0.07635445115540446
LRFN4,-0.4435001471880201
FZD10,-0.6088625772609959
HSBP1,0.02523912452957926
LCE1D,-0.000448395592651517
LCE1E,0.3719802651629804
LCE1B,-0.7971044518265507
SELENOM,0.6302361769122539
ATG9A,0.36091065269689043
KRTAP9-2,-0.6157358004959815
KRTAP9-3,-0.6335910152292181
KRTAP4-5,-0.3784449568063943
KRTAP4-4,-0.456561767841418
FAM71C,-0.8815241542040189
CHRD,-0.7759572965411625
CDK5R1,-0.40282467710276915
ALDH16A1,1.1905579153113015
CLDN2,-0.41155391699554844
LOC100996750,-1.2518826252411765
NPPB,-0.9501411665602311
CCER1,-0.9184337594397846
HOXB9,-0.45467968963004246
GFOD1,0.004624063210192026
MFSD13A,-0.2486168222798821
KRTAP4-11,-0.45019445247633527
KRTAP10-11,-0.9596083687258703
KRTAP10-10,-0.4656039900646126
PID1,0.184396426532599
KLHL38,-0.7138906351764366
F10,-0.40579403861774244
TRIM42,-0.8216524974201795
CRCT1,-0.5935963457065492
ZDHHC1,-0.7542374491941308
TNK2,-0.31813428324015075
TCAF1,0.03569001293131371
TNP2,-0.623697224145876
KRTAP12-4,-0.5606732789163357
TMEFF2,0.13294112026152669
ADAMTSL5,-0.07526957096078209
KRTAP10-9,-0.5851895566010645
NPBWR2,-0.7513818313379884
LCE3E,-0.6895552754736268
PLPP2,3.3526375536344473
PRR35,-0.1193558394417692
FARS2,0.024071452544852316
NPDC1,0.18824276035785847
CTSZ,1.916393103593818
LCE3A,-0.686886245473747
RECK,1.813248840324428
LCE2B,-0.7819761463636492
OLFM2,6.034468808369176
FTHL17,-0.2389629174074021
OTX1,-0.7211053570746532
ZNF837,-0.5549763074044279
CHDH,1.3032468740205545
CLEC18A,0.2934581602870956
MXD3,-0.5861968624784802
KRTAP4-12,-0.30579793756221385
KRTAP5-5,-0.6777140334545237
PVR,-0.4556836682426709
SLC22A23,2.155505799485975
POMGNT2,2.208808817050407
KRT83,-0.9456313056971237
CST9L,-0.9653981973276664
LCE3C,-0.22412250974060172
NECTIN3,-0.3694004349215908
WDR25,-0.4364888969650515
CST2,-0.22570454654722608
CELF5,-1.2991958950098448
KRTAP12-1,-0.483218135377276
KRTAP5-11,-0.7826515629893301
LONRF3,-0.6602557914188133
KRTAP5-7,0.032697710189028145
KRTAP2-3,-0.7621351369744589
FAM71E2,-0.813982496679355
C11orf87,-0.3869202378025807
LCE2C,-0.29251116878025596
TRPV6,-0.6927185954036561
ASPSCR1,0.3497147117875014
KRTAP9-8,-0.16032463022070464
PDE9A,-0.4840517819655066
SLC23A2,0.7683605243330375
NTM,3.483382425039001
KRTAP4-2,-0.403632310863023
HOXA1,-0.5667779452870076
MELTF,-0.33108895354102996
NEU2,0.22156834568790124
KRTAP5-4,-0.6740921923143325
GNMT,-0.21864659581193333
LOC102724770,-0.7570422353973545
SPATA24,-1.2405731219316178
CA6,-0.44218170712363364
GNE,0.17120577932347078
PLEKHN1,-1.2048375559604887
P2RX7,0.17990974900448253
FAM90A1,-0.1392632867050661
PRPS2,-0.2714241705462652
TYMSOS,-0.5098290129549865
TMEM41A,0.31724067107180176
KCTD15,-0.4577814456782583
LCE5A,-0.5442456561750069
CATSPER1,-0.8881869931182512
THEMIS2,0.9448722131333457
HBA1,-0.13902910274943536
KCNS2,-1.027827903970485
FA2H,0.029527866287894913
TTPA,-0.6429089729303484
C19orf66,3.1085406532734563
TNFAIP8L2-SCNM1,-0.9679190465113185
KRTAP13-4,-0.6698094875903162
PIGS,0.42425948431490207
ICAM4,1.1223471698997491
RAMP3,-0.5523886124876045
KRTAP13-2,-0.5787801030556843
TMEM231,0.24586968097208825
CTSG,1.164069633040077
P2RY6,-0.48881045380164717
BCL6B,-0.6592939974761999
NMUR2,-0.5912906027433525
SLC6A20,0.6972209155328656
C5orf60,-0.6456896722280324
THAP7,0.2154121850679399
KRTAP12-3,-0.6065967376981487
RGL2,0.49851246072664807
CERK,0.1997507614573647
SPATS1,-1.1413786133294341
CHRNG,-0.8687492897012081
TBC1D10C,-0.26427434925631965
PCOTH,0.9439625229789794
RERGL,-0.21272490218064544
ARHGEF16,-0.7373330580185017
ALS2CL,1.3565319231765802
LMTK2,-0.6747005532615181
DIRAS1,-0.6385591073600548
DIRAS3,-0.4861029116429466
MAU2,-0.6412007150392744
CCDC57,-0.8078728537204534
HOXB1,-1.3239869667679856
ZFP36L1,-0.44974917295964456
ARL5C,-0.7953225736758184
MYH13,-0.5076260056821674
TSC2,3.7725563091170287
NAT8,0.31292932868829787
SH2B1,0.3207245704603756
PQLC2,0.05272705200337557
BPIFA1,-1.0758201109930525
ABCA3,-0.2408497258074179
NPC1L1,0.2259473326633057
ARL10,-0.9017788922002323
C1orf61,-1.286079716608815
BICDL1,-0.4751458873360388
GJB3,-1.0822233926318758
RDH5,2.7167086062589125
DEFA6,-0.4028572772821982
SLC25A23,-0.9077162395758649
NMUR1,-0.7987252304356112
RAB23,0.11254525189083843
RAB25,-0.3847403793752747
RAB26,0.21397761493262513
LMAN1L,-0.6381619627839704
ASB3,-0.39054904166601473
GNG13,-0.8098237663845599
ARRDC1,-0.003988729428467962
RFX2,-1.1624131575872467
YIPF2,4.459753580789263
WNT7B,-0.594747686901543
MASP1,-0.5697337975732598
MRTFA,-0.3830417807862869
PHKG1,-0.8149580683515312
MRAS,-0.5721348384014262
GJA3,-1.1119094005852372
ITIH1,-0.6875755600622742
DIRAS2,-0.8561133929257858
CRYBG2,-0.4105542432167113
RAB19,0.3279210966725473
WDR24,-0.04761919891375836
RAB17,0.2494668519523645
TRIM66,-1.2037452858780893
CNNM2,-0.3182295663126701
LPAR2,-0.4615635388913696
RCE1,-0.4972329896452984
AGRP,-0.7499064207529927
MEGF6,3.6253652158165397
RERG,-0.3177865445436149
ARHGAP35,-0.1596695228740017
EML2,0.2774675292447424
PARD6A,-0.617101722965279
BICDL2,-0.48021600532108105
RFNG,0.87439974887872
SMPDL3B,0.7308813006639444
INPP5J,-0.5352393653992971
LZTR1,0.5789178504815266
C16orf70,-0.642987170681567
CC2D1A,-0.15091928216500397
ARHGAP1,1.4119377184071151
MAML3,-0.7491101883287713
AC099811.2,-0.09949322610046436
SULT2B1,-0.4270250676075428
FAAP100,0.6358112423740059
POFUT2,0.562644296466052
LY6D,-0.3756566004748784
GPR68,-0.8890879785850753
RAB9B,-0.0036270715971609617
WNT6,-1.0667088408442207
ZMYND10,-0.9316143087963212
SPATA2L,0.623567550485207
FXYD3,-0.7925727043104402
MAFK,-0.039080095766321696
S100A11P1,-0.008331185962488056
CHML,2.6337494027641277
SPAG11A,-1.1305789259102699
GRTP1,0.32642133399849693
RASD2,-0.8569439781537778
NEUROG2,-1.070324841728831
RASL11B,-0.6946330827027699
ZNF821,1.179420359617323
WFDC2,1.8452362311250037
IVD,0.26730961850921725
TBC1D2,0.021568293862789373
CTRB2,-0.9555457317984928
WDR90,-0.6004577159049325
RAB39A,0.2989065097265545
TFF2,-1.0859412042989867
RAB36,-0.5079867787122393
RAB32,0.3773165449328992
RAB30,-0.7690409343295419
RAB38,0.07762724647362006
ZFPL1,0.7309557956682006
ATP9A,0.08702294631287008
GPM6B,-0.4060067435633143
MYRF,-0.006740254762389419
TSPAN6,0.47658451975888094
RAB27B,3.31713616575814
KIAA0930,3.7456357604132533
GPRC5B,0.1259457804809043
WFDC1,-0.11675041835106051
DDR1,0.05532446799223581
GPD1L,2.7948955331644005
TRIM2,-0.1250103581594594
DGCR2,0.7325783121744348
SEC14L5,-1.241635251015636
DNER,0.65939103513878
EPB41L1,0.5114607046684725
QDPR,-0.02975608668343287
RAB33A,-0.2560925407603053
TBCD,2.5856538182595723
COBL,-0.3490187787034223
RAB37,0.0426550745930612
BAIAP2,-0.47580156007702484
RAB4B-EGLN2,-0.18475918440943065
F3,-0.3961962990308878
PRG2,-0.3299048957958483
FN3KRP,-0.7829417353149954
CLMN,-0.998675642767826
LYRM7,-0.095190414617222
IQCC,-1.3491624684759727
SEC31B,-0.05310208701378339
EXOC3L4,0.18405266900138656
VSX1,-0.906617496994335
TBC1D30,-0.18935189213069437
INPP5B,-0.46213410059534443
PIP5K1B,-0.5188671505204182
ALDH1A1,0.7911754287917399
KRTAP21-2,-0.7163198022008708
KRTAP20-2,-0.7163198022008709
KRTAP20-3,-0.7102896761201346
KRTAP20-1,-0.7163198022008708
KRTAP22-1,-0.7163198022008708
KRTAP19-2,-0.6805497217388413
KRTAP19-3,-0.7527309866559398
KRTAP19-1,-0.3894398293756898
KRTAP19-6,-0.6162002995129274
KRTAP19-7,-0.9263548797101341
KRTAP19-4,-0.7485946368759856
KRTAP19-5,-0.4967145370790643
KRTAP19-8,-0.7102896761201335
KRTAP8-1,-0.9410730385305921
FAM162B,-0.5826702199859125
BMP5,-0.5705983673242297
HIGD1B,-0.2796746910302807
COX4I2,-0.2361755921255413
CLEC1A,-0.5978679415737793
CALHM4,-0.7362337953715391
TRAPPC2L,0.08784478126896844
P4HA3,0.28147883691177067
MFAP2,0.4391809828922576
COL4A4,0.18858432330378702
SPINT4,-0.08471472879988473
DSC2,-0.6222004521426735
INHBA,-0.11833610260863947
RCN3,2.5291742764199796
NAPSA,0.5691535416486684
COL19A1,0.014592623664897475
SEC24D,0.20374668681888217
COL4A3,-0.0896490791752613
COL23A1,0.880505586843601
TRAPPC9,0.16137919607549603
HOXD10,-1.037656919126035
PLEKHG3,-0.41274910653256247
CNN1,-0.0570020490087086
TRAPPC1,0.6078184391888098
TRAPPC3,0.03707041896836292
TRAPPC2,-0.012360013337378779
TRAPPC4,0.3421564075153777
ANGPTL4,0.34260344393560827
TMEM132A,1.1387740502836148
ITGA8,0.34097793653044123
ITGA9,-0.18131062574215207
FBXL2,-0.5689012608328785
MMP10,2.138986220263273
ITGA3,0.22598028436238618
ITGA6,-0.22937578729964456
ITGA7,0.2686003169626383
SLC26A6,0.5967678793937453
ITGA10,0.07794495477199304
ITGA11,0.21878675300768116
LAMB3,-0.16217284947097715
SLC9A5,-0.19967958366120886
A4GALT,0.6801134771452576
TRO,-0.2562426474017372
PLCH2,-0.7815697861113763
COL27A1,0.42906419813577745
ITPKC,-0.39003547052987514
COL10A1,1.4628757593478001
PRSS53,-0.6519238651532361
AREG,-0.17523779485111224
PTGES,-0.17627124816398967
SPINT1,1.7856184474064194
MIA3,0.2716900860150347
CFAP73,-0.9619807200669681
LAMC2,-0.12754495635727248
CEP170B,0.0015808094084160253
COL4A6,0.35280016619534815
COL22A1,0.5891677770236723
FLNB,-0.29343435154982017
MIA2,-0.2741428287364599
SMOX,-0.6685055356160481
COL24A1,0.8249682616123687
COLGALT1,1.159311774473913
KRT4,-0.8591989659810174
PAPLN,0.24000307036573232
SHKBP1,0.2255910612745146
CNKSR1,-0.06368068337385147
P3H3,2.5149986960070483
FAM160B2,0.9474640435401422
COL25A1,0.6658692458946142
P3H1,3.688718893533446
COL9A3,0.2816474067348467
COL9A1,-0.6132450772160296
F5,-0.18414769792735894
MICALL1,-0.2739401314388171
PKD1,0.05557475461587434
COLGALT2,-0.0792325053038313
TRAPPC6B,-0.11726551189635534
COL21A1,0.39133947690646026
NPFF,-0.7906088006046759
SEC22A,0.01941395911021078
UTS2,-0.652179466494051
SEC16B,0.1335930733982963
TSPAN9,1.240792295391436
PLOD1,2.7308889094116675
GAS6,2.201460768813407
COL28A1,0.7372359113103759
ITGB3,-0.012839665162521179
ITGB7,-0.07070737016031645
ITGB6,-0.2964286564015276
CNIH3,0.0004985706255631872
F8,0.0426106583157878
CELSR3,-0.4649195499284387
CPT1B,0.9093296013972684
CHPF,2.658732698610597
FXR2,-0.0232259845114178
COL6A5,0.4389451988373952
COL20A1,0.3471394669126042
COL6A6,0.4701623036540004
CLRN1,-0.7252376830025459
MDP1,5.018612090745852
DMAC2L,-0.3333503409527226
TMEM256,1.2433233204529244
SMIM19,0.4620761647710565
POLG2,0.17585280067342782
FMC1,0.4510400604096565
TMEM14C,0.3114433385246864
HDDC3,0.22200980107795182
SELENOH,0.5421120056134354
THYN1,0.08401961587422194
NTPCR,0.0011932713339975003
SYT17,0.19579227147030898
MRPL43,0.22827359257828964
NDUFB10,0.4382656816914337
DNAJC19,-0.15375423140195646
AP1M1,-0.345736068936466
DIAPH3,-0.8059566396658506
CEP85,-0.7644374681381978
TICRR,-0.9153579293892619
WDR34,0.2984427293366443
EMC9,0.05131047811549313
DONSON,-0.9099969926203783
RAD51AP1,-0.9870028872543436
PSMD9,0.02654151319274732
PHETA2,-0.802233948753106
AP1S1,0.19204599538609338
SKA3,-1.0551213228714595
N4BP3,-0.6008948963102603
HEATR6,-0.2792065409484217
MND1,-0.9757469382991883
E2F8,-0.979342999965378
PPP2R3B,-0.3826386543842448
PPP2R3A,0.0734501225750082
TUBA3D,-0.5859976273721328
RPRM,-0.18435926339779746
DFFA,0.23531137026370674
XPNPEP3,0.44777348382874693
SNX9,0.4148359777770725
C6orf141,-0.8282408293640889
TUBD1,-1.0015193762569652
SAPCD2,1.4889121891685553
TCF7,-0.7398153815887631
C9orf40,-0.6292395870248827
NEIL3,-0.7333831409103678
PSMB11,0.23625902454005007
WASHC2A,-0.43329700324304343
SIPA1,0.33315387632958543
HASPIN,-1.0119149029103747
SFXN1,0.008678826745500611
CKAP2L,-0.5505625612257001
MAD2L2,0.35671555170726327
SYNRG,-0.5566370638053908
GNB1L,-0.49552724777398965
ASF1B,-0.8844518246691809
LCA5,-0.17307080192619223
CNTRL,-0.7614467114199822
CAV3,-0.86787360163732
POC1A,2.3098321943903053
CCDC77,-0.8892083143906255
PSRC1,-0.7001930498481908
PKP2,-0.7546298435107981
CRTC3,-0.07725417032957371
CRTC2,0.2657159491702496
MIIP,0.12207809612006744
DNAJB11,4.022633345367062
SPICE1,-0.5391223081494563
KIAA0753,-0.6394392884845727
C17orf53,-1.2975543058714374
XAGE3,1.9856633366024494
NAA10,3.1506201596881307
ARNTL2,-0.1227560356284518
MYO19,-0.30746118675286355
GPSM2,-0.84508006816784
DCAF16,-0.5950864800516812
ZMYND19,0.10923748013288669
ARHGEF39,-1.2816155674187835
BORA,-0.923498091973529
SMOC2,1.4102101097702697
KPTN,-0.33817103145838445
AUNIP,-1.012909431993469
CLTB,-0.03190770992383948
TRABD,0.1774139152798753
LZTS2,-0.5696592690068151
CARD10,-0.8162423569500202
MTFR2,-0.7937910470917917
DNMBP,-0.016082118707624684
ESS2,-0.7653644239905133
REPS1,-0.06397133814613856
ARHGAP11A,-0.9840006768402131
FAM83H,-0.16139148157668426
FAM83B,0.8381249573382767
ACAD11,0.535831852342098
RMI2,-0.7676191426519494
SH3KBP1,-0.3713768714676985
CLTCL1,-0.20919917393686094
PIF1,-0.3021158536127401
FAM183A,-0.7873237019244259
C9orf24,-0.9985144633703232
C11orf88,-1.0883950659548405
WDR38,-0.25440956862964575
ARFRP1,-0.022019703535314523
NPEPL1,1.5400259697831948
TGOLN2,1.6865982164823665
SYS1,0.1930150984699198
TUT1,-0.4429626595251998
ENTPD6,2.3410690329760437
PTGES2,0.2907558376512849
STARD3,0.6739410379218443
HGH1,-0.5584635909593915
ARL5B,-0.4557104207804075
CCDC134,0.031102801697893062
VPS53,-0.3158438855500258
VPS52,0.04000709321703773
JMJD8,0.7619453751891784
DUSP7,-0.7152766870222618
NAA30,-0.037495595117661346
PEX16,1.0293784746010863
CPTP,0.44867032089887876
VTI1A,0.10009741651806277
GPR132,-0.6582596569670246
OVCH1,-0.19270834458839398
TMPRSS7,-0.192708344588394
FLG2,-0.49538586037241233
SERPINA12,0.2899402022792111
KRT77,-0.7963932055111197
IQCB1,-0.7124735234510627
CDSN,-0.8981704205659025
ASPRV1,-0.5021063145882529
ACER1,0.49997680993782373
DCD,-0.2630063339053318
LY6G6C,-0.8678895727935023
RPTN,-0.628914268742673
S100A7,-0.4886138573697855
S100A6,0.8578949346622976
ALOX12B,-0.7220697180849409
S100A3,-0.4118787764113961
SERPINB12,-0.236336705261496
ALOXE3,-0.9632136074796972
DSP,-0.6189024396693596
DMKN,0.3473190205941909
LELP1,-0.8106163248704222
KLK6,-0.7512885157481064
WFDC5,-0.8270142689359029
SERPINB7,-0.36960708898466893
AADACL2,0.44363803584899364
CABP7,-0.532774942708388
S100A1,-0.28479593481026755
S100A7A,-0.7917683983046504
BPIFC,-0.6752560537287136
KRT10,-0.5880509859464755
POU2F3,-0.8588935372805971
POLR2M,-0.40778232938691944
MTNR1B,-0.8877661601674344
ZNF326,-0.5137425222119013
MAP3K20,-0.8069505713303669
WIPI1,2.7880855350274127
LACTB,-0.6535673895245424
IFNGR2,3.37655631220684
CYSTM1,-0.16467344206446177
RNF128,-0.2265388345137982
RNF150,0.570307237927106
NUS1,0.4370478735177103
ERO1A,0.542071958179125
SELENOS,1.4465732302666714
RRAGC,0.2053671665968091
C14orf178,-0.6336402163480762
FXYD6,1.0615646629278
TLCD1,-0.009476014039186444
BRI3BP,0.9428660282549375
NDUFB8,-0.09881138831314958
ERGIC3,1.1399068741412617
SLC30A6,-0.44613844138450975
UPK1A,-0.26489444757601927
METTL7A,0.4548738340714684
ENTPD7,0.007801833355990154
EXTL3,-0.010330902565596734
PLD6,3.310427879489499
SPINK4,0.19617460659014152
MAVS,-0.23579767409203647
SLC19A2,0.5000308369942835
SLC39A1,0.7355506448548667
SLC35B2,0.23382515364193723
CD300E,1.158202004332949
ACP2,5.752693511522995
NRN1,0.7233530781709472
PIGW,0.3162819515612147
GPRC5C,0.33389014298085096
TMED4,0.3089720590491332
SLC8A3,-0.6784470708710862
CADM1,-0.14388048313808818
CCNYL1,-0.9820393222538994
ALG10,1.7923080029587728
FAM187B,-0.4955319797514008
FAM20B,-0.5340528792990599
FITM2,-0.20353422378684555
HTR3C,1.004800648288025
TMEM8A,1.2011931558057947
LPAR1,0.5933633725031241
MOXD1,1.727761088947068
MT-CO1,0.10489052402899723
ABCB8,0.060240388131340965
ATP1B4,0.08833777917540436
PIGU,-0.3766526512706394
CASC4,-0.7472975803197696
RMND1,0.5984151336301096
SLC35F2,-0.021416100450662445
ENDOD1,0.035021409605528686
URB1,-0.9144768684811779
NOL10,-0.624985040965678
TBL2,-0.4710484372247002
IBA57,-0.23509446645189083
REXO4,-0.4759526115407858
SLC30A4,0.7744006948658501
HEATR3,-0.4210556732831361
POLR1E,-1.0393285899252187
CHST8,0.06209729318850025
GAMT,0.3545872074746267
TYW1,-0.6849574222398807
RRP36,-0.6508103701804263
POLR1D,-0.6333338891125163
WDR6,0.07548748169660176
CTU1,-0.45211149208239093
ENDOV,0.5132807778771061
UHRF1BP1,1.467587784653123
AVPR1A,-1.1634825786199725
KLK10,-0.7900423145582135
TGM2,0.3368117136480343
L1CAM,-0.2938683980756936
IGKC,-0.134188088435407
RELN,-0.4507187663255949
SOD3,-0.03463257129363647
GYPB,-0.6333437180247677
SERPINB4,1.0574859943849586
ADAM8,0.4865472298956359
CSF2RA,1.9067091589893792
GPLD1,-0.4562626378475862
HABP2,-1.0552133395855603
SPRR1B,-0.9325456922537603
IBSP,2.688298756594237
FAM189A2,-0.5422955711846107
CPA4,1.2383958472897025
THBS3,0.5060507489274422
UNC5C,-0.5929069622788579
BMP10,-0.883448364031968
VEGFD,-0.19505768423606556
PCYOX1L,1.082398969908196
MRLN,-0.9780016174007066
BCAR1,-0.25438397224206954
SLURP1,2.519874438486129
ACAN,-0.5496545708563609
KRT2,-1.1066526355961306
CTNND2,-0.9240265966055974
TEC,-0.9777655536415506
AC068234.1,2.114253206809588
TMEM204,1.7893549270812648
PARVG,0.31407061847906376
DEPP1,2.887955249393817
KCNB1,-1.0868985064727823
CP,1.9430937967349604
ITFG2,-0.07705453988963704
SEMA3F,-0.338059280501309
GJC2,-0.756729546452746
ID1,-0.24950848725684222
IGLL5,0.08569770831967644
ADAM15,0.6314258508056599
F13A1,2.525728721044988
ALDH1A3,0.13423966507123206
WASF3,-0.45458795029869087
DEFA4,-0.19394305406558293
ATP10B,-0.7802260223435232
NPAS3,-0.7174357031611955
UPK2,-0.6426782080234864
SLC16A7,-0.08132838544926377
B3GNT5,0.4500547312121705
IER5,-0.06524816256966595
APBB2,-0.40326632442180665
STK17A,-0.2711462799830059
B3GALT4,1.1391425155373351
B3GALT5,-0.021753277933353934
B3GALT6,1.362659266100278
SGMS2,1.1759650768292291
ENPP7,-0.0800571594105152
DEGS2,0.5227813900900039
CXCL3,-0.07431197156612825
B3GALNT1,0.6091080248008985
SLC2A3,0.4579018852057266
TNFRSF10A,0.5103039607851371
ARHGAP18,0.5285461501433292
TRIM38,1.0964876779206687
GAB2,-0.33297456207852233
NT5E,0.30087572777224103
IFIT3,1.8046313504498996
IFIT2,0.07008310866119064
C16orf58,1.746428319769509
GBA2,0.6107091366485231
B4GALT5,0.09844926198045414
B4GALT6,-0.10760558327383844
CCDC50,1.1220908214951284
IER3,0.10907282899286147
GALNT4,-0.11776037572758583
GALNT5,-0.5294575889971376
ABCG2,-0.2741529196294183
IER2,-0.19766646361566992
UGT8,0.07280719668159091
SMPD1,2.8743911203438364
SMPD3,-0.24051547504839596
SMPD2,-0.2592269364210417
ATP1B3,-0.16307308600470982
FGD6,-0.26972798645997437
ZBTB43,-0.3229638298123345
IL2RA,-0.37365151720314793
ARID5B,-0.015854236970410603
CCN1,0.08356764165647468
CXXC5,0.6472272366094153
B4GALNT1,-0.1853271403473337
BBS4,-0.7150388417466249
ZC3H12A,-0.2880543823534415
MYOF,2.7266828748693004
GCNT2,0.29442825347689977
POC1B-GALNT4,1.4607070814632783
GLIPR1,1.353717691801364
HEPACAM2,0.47719327758575447
RTN1,2.089393635869741
PTGIR,0.5190069080302947
BACE2,0.4246247642310691
DUSP10,-0.23021281604065363
MYO3B,-0.5987991637729938
ZDHHC15,-0.0300329379180765
IRX1,-0.8122953252050678
LRRIQ1,-0.05290343893870131
MORN5,-0.8570137930273811
TRPC6,-0.5926774737030133
SPECC1L,-0.2305512470616138
MYO18B,-0.5938081939037713
NEK1,-0.6507191768492449
INVS,-0.8490914652879897
UACA,0.14310290732085906
KRT7,-0.3458280381347871
MYH6,-0.723347423788655
MYH4,-0.5073014736714714
MYLK2,-0.6930274734888484
MYLK3,-0.9003162478312905
GPR150,-1.2681531851621999
SPECC1,-0.4593152488411393
GPR182,-0.831259837661497
PRKAG3,-0.47239926607744753
PRPH,-1.119779974253274
ALPK3,-0.7574841308044543
PDLIM3,-0.18258219918037427
KCNK16,-0.6783080461308965
DNASE1L2,-0.9729654896555371
IPO13,0.5627410801505633
ASPH,2.1107213527570106
ROGDI,1.120727583587668
JSRP1,0.5034987299363682
MYF5,-0.7852424202459346
MYF6,-0.9908338764959511
KCNC3,-1.2499414652503429
MYOT,-0.8135457347631595
BIN1,2.8263023454079903
ATP13A2,0.35610249627508617
ATP13A5,-1.1233143816587003
ATP13A4,-1.220642063141928
SLC24A3,-0.4425795926693776
SYNPO2L,-0.30346644855298804
CATSPER3,-1.2565340606893693
ATP1B2,-0.6024576460386923
HRC,2.2740740237445958
LRRCC1,-1.0877162285001432
ORAI2,0.06708881678871251
VNN2,2.540945337307534
NXPH3,-1.0331122158046466
ITIH4,-0.43612249886182974
DUSP13,-1.005919256881419
VGLL2,-1.2338497106070248
OR10H3,-0.912793628391271
NEU3,-0.392344976732818
SEMA6C,-0.7101716625926141
CASQ1,-1.3218181155539452
CASQ2,-0.5598513735529134
TNNI2,-0.791178012943035
KCND3,-0.9807666399661944
CARD14,-0.9954702402796914
SLN,-1.0957664717901694
UCP3,-0.7387915447816163
CACNG1,-0.653518442040204
CACNG6,-0.8245760597688855
RORC,-0.6679236408250201
AQP6,-0.6628535579243467
CTSE,-0.1639807475519758
MYLK,0.7900466126578715
TRPM7,-0.5162081005214557
TNFRSF1B,0.3213709889390487
MYOM1,-1.1437955441233765
KCNA7,-0.971914018698635
TMEM38A,-0.748747990893706
CHRNB1,-1.4438945577605315
CHRNB3,-0.9643487457254277
OPRD1,-0.8282370985772255
ATP8A1,0.4376143174485711
TCAP,-0.6642260848019457
CKMT2,-0.4909117272265952
TRIM72,-0.8769833447860482
LDHAL6A,-0.021641385195189742
C8B,-0.1165950796365147
CATSPER4,-1.2662892355024067
EYA1,-0.4659567534826861
EYA3,-0.9521347294779967
HSPB7,-0.9299052880786182
CATSPERD,-1.2418649450947887
CATSPERG,-1.2580210107027667
CATSPERB,0.3194895130658043
TMOD4,-0.7038857082745613
ATP9B,0.7014306598319257
RABAC1,0.8435841417818059
PYGB,0.35609674039811995
PMEL,1.6130980514137037
CYP2A13,-0.360709547785738
CACNA2D2,-0.2713540631747181
CACNA2D3,-0.7987623518449327
CACNA2D1,0.11954694395214456
CACNA2D4,-0.8628335099300917
SMPX,-0.49386863926366126
CFTR,-0.34879399064208394
NOX1,-0.6868039136026304
ABCC9,-0.6353578422143457
BTN1A1,-1.3321163171012518
GYS2,-0.16104398352883986
NLRP3,-0.610473769765106
KLHL40,-0.714570366259625
XPNPEP2,-0.13766218544777048
RTN4RL2,-1.2770344354778467
ATP8A2,-0.6893388928918219
CHRNA1,-0.968634128647206
CHRNA3,-1.014672934072859
SLC8B1,1.3257440839219108
RAPSN,-0.7029746483650191
PRPH2,-1.109413218447885
ANKRD1,-0.7536637721747881
ANKRD2,-0.8788514650946405
FSHR,-1.037072501604736
MYOZ2,-0.8732812002397351
MYOZ3,-1.1279383727158208
MYOZ1,-1.0049727327031055
SEC14L3,0.43139397981851657
RIC3,-0.3038907467869541
L3MBTL1,-1.120686059025566
TPTE,-0.6597013749455345
SLC43A3,0.8727268985821697
TMCO3,2.9000777959978614
AKAP1,-0.45041202792149565
DST,-0.17295441899090117
INSIG1,3.63989991246899
ERLIN2,3.009033163438493
SLC4A4,-0.25669497338998426
NDUFV3,0.23406932279111628
PPEF2,-0.8002374077524855
PPEF1,-1.0130019759395645
ESYT2,0.09096950952565609
DHRS7C,0.2432458709075606
SLC35F6,0.22791240926228512
SLC9A1,0.1894587705651059
BRK1,-0.5116278835633946
CLSTN1,0.236690938931925
POPDC3,-0.4383973704942107
NOMO2,0.7993189100115472
CYB5R3,0.8484426744063989
EGLN1,-0.07461495496303745
ATP6V0A1,0.509197631599093
CDKAL1,-0.016996664689987624
TCTN3,0.2821837568136802
ITGB1BP2,-0.6663053348924709
NELL1,-1.063528694213158
TECRL,-0.1296438734009287
SLC20A2,0.18902411787499046
SLC9A6,0.5867909459764746
MARCKS,0.1475476854264373
PHKA2,-0.04298972539330761
HYOU1,0.7550071755390722
SRL,-0.4257756663880457
JAGN1,0.1912070317168683
RHEBP1,-0.1359699574407995
CYFIP1,-0.4634277966684124
CYFIP2,-0.4250628142252028
CMYA5,-0.4049770320065346
AC138894.1,3.2974799234181957
LPCAT1,0.9459756894978196
PIEZO1,0.8530237390380209
ATP1B1,2.6498704768663655
SLC39A14,0.16424340223940917
SUSD1,1.0331382241844167
FABP3,0.052072108163654166
DDX6,-0.5689971017989803
DPY19L1,0.6586044914804647
TMTC3,0.6464390423672711
NHSL1,1.3036217025139452
PGM3,0.43756662813042363
DAG1,4.327122105709278
STT3B,0.7063892460927587
TRAK1,0.2694599133705193
CCNB3,0.7508585017236631
KRT6A,-0.5787120293678916
TIMM21,-0.31039614423019524
NDUFA4,-0.04678386310063232
XBP1P1,0.5299097738143256
KCNK1,-0.37765731048713136
TMX3,0.5985678430069025
PIK3C2B,-0.3222117630278368
HTR3E,-0.8452727731732028
FMNL1,0.09341547099820309
SLC4A8,0.978320851714692
LIMD2,4.545149392793863
LTB,2.1594898241430243
IL21R,-0.03069231421381093
NCKAP1L,0.3630644847888069
SASH3,-0.1432597428444944
SIDT1,-0.6827025751139402
TSPAN17,0.3169185438690928
USP20,0.02939030773466321
FNDC5,1.2388023890686575
VSIG1,-0.3220327221398343
ARL4C,-0.32131950924966873
DNAH1,-0.9818256936608708
PTPRCAP,0.11126194905475127
CST7,0.46662425416106695
LIME1,0.4832318977935439
ARHGAP45,0.021993643152718775
PRKCQ,-0.5333285235823186
TESC,-0.6728912293114412
CD37,0.30923601635774933
ITK,-0.6185086371459503
PCDHB5,0.10354342471839534
SYT12,1.5203377436448517
PCDHA12,-0.35964667294727637
PCDHGA5,-0.09380181154835232
CCR7,-0.33555164063704745
KCNA5,-1.1123700315996503
TREML2,0.6178699301465287
GPSM3,0.08925008888162508
MAP4K1,-0.15821323662261647
IL23A,-0.22079249266724693
PCDHA3,-0.211950490072636
PBXIP1,1.279064344530277
ENTPD4,-0.1898304760822534
EHBP1L1,0.9770192356921484
HCLS1,0.20002846614018793
SLC7A6,0.2193706579523565
IL1R1,2.3603534621635136
LRMP,0.046884503316151786
AP1G2,0.298252306863799
IL17RB,-0.35722674928773956
TMED6,0.38770737807785716
LYL1,0.06152619632910144
FCMR,0.19931346667644495
RIN3,4.23343718301999
ISG20,0.10217076986674675
P2RX1,0.219622572544027
P2RX5,3.751118659717285
KCNK6,-0.49102252667859403
SLC38A10,2.680854064478199
MCOLN3,0.14874142342124885
SSPO,-0.6333980308376016
SLC6A9,0.5110415475947367
ARHGEF6,1.0501659265383805
SEMA7A,-1.0004650169801845
PAK6,-0.783592629556936
GZMA,-0.013000200731584609
SDC4,0.3855852645608425
ASGR1,-0.05619155119949912
IL7,-0.16449990474705936
KLRD1,0.03852248438137419
LIMK1,-0.5247866940918736
FCGR3A,0.34978735357217705
SORBS1,-0.03699971501310607
MATN1,-0.8015450263584587
SELL,0.08196424472311084
MLC1,-0.3893564733096119
SHARPIN,0.8836901648002315
IGHG1,-0.4714496851994887
WLS,1.6531162140656428
CEACAM6,0.4507183121898013
CRB1,-0.36653143239570923
EHF,-0.7354794826835691
ADRA1B,-0.6695933048378322
ODAM,-0.15917070452081528
EDIL3,-0.5204710008157828
GSTM1,0.016824842785229898
TNS4,-0.5546917914097429
PHLDA1,0.2243405814514854
APOH,-0.3187605463969255
REG3A,-0.4403414884969801
GSTO1,0.22649320901069459
NOG,-0.3261464563298971
TCN1,-0.051336941613560186
GPX3,1.547407354822526
CROT,0.17555071177951015
CLCA2,-0.5532415913100397
GPRC5A,-0.4985803807712959
KRT15,-0.8714529412916582
FICD,0.8498713443146292
S100A2,-0.5033164826619777
SCAF1,-0.3119930899359665
PDE10A,-0.8259949480489429
YAP1,-0.10481960869994329
SLC17A5,1.91014212640583
OXTR,-0.6140499618196047
PLCG2,-0.12985365319383269
AHSG,-0.3300157103097013
OR3A2,-0.6315676621134155
CD47,0.4580211075057756
PLA2G4F,0.6643021115121729
CFD,2.217859358656481
CFB,-0.0052754109981348035
DKK1,1.3647551139550376
MGAT4C,0.8075642321306723
IGDCC4,-0.319283804376912
HAMP,-0.037583150508298455
RPE65,0.019244601994551056
SMAGP,-0.2540015348162013
FGA,-0.21410760008067292
SH3BP5,-0.03437602392475488
HPX,-0.6298586529108351
VANGL2,-0.6270598543528008
AMELX,-0.8858210154281901
CEACAM1,-0.445272439169704
EN2,-0.8554320989539509
CLDN1,-0.620338100333449
PLEK2,-0.6605018731607215
HSPB8,-0.16727452772567922
OR8D2,-0.250158362515149
IRF6,1.4328324131406849
SCN5A,-0.7771851656741677
TTPAL,-0.09260741323057503
TNFSF15,0.2161796150642889
CDCP1,-0.18533604038240944
ANO1,0.4855549188339309
PRSS3,-0.6579867632975525
LGI1,-0.6826122063579019
SPATA31A7,-0.15693092016649612
BTF3P11,0.5058459480562122
SLC9A8,-0.24364622571426864
ERGIC1,1.2400849665988118
APOC2,0.269386810900857
APOC3,-0.43167208197506396
APOC1,2.345784999648897
PERP,0.035319501420388276
PTPN13,-0.5941860730628717
CPB1,-0.12427988412571174
LXN,0.2755655526538516
ZACN,1.0981633959206458
NT5M,0.4717174993635246
CX3CL1,-0.16867539086031907
EMP1,2.2476993660923945
PAX5,-1.067487313412244
BTNL8,-0.8735928561379293
AMIGO2,0.262395102697526
C2CD4A,-0.5061287690554139
PF4V1,-0.14625544420070033
SERPING1,1.0481000007856707
PPBP,-0.16832218605827784
C2,1.666116269368771
GPR87,-0.7856962671130268
FOXD1,-0.291910191586115
STATH,-0.0951182387980704
IL18,0.2617936394217718
KCNJ2,-0.1520594384690563
EREG,1.7317408786598174
KRT9,-0.9460161916495582
ANTXR2,0.8827364886594642
NLRC4,0.16088737554922106
SYNJ2,-0.300634590981787
KRT13,-0.5887081206093235
ANXA3,0.026070424755346867
REG1A,0.9171778211071107
MC4R,-0.5007299773114877
PTGS1,1.963586640816319
PNLIP,0.6252457574847037
SERPINB8,-0.410116926830353
OR2T6,-0.23955112893094593
SERPINB3,1.1667009197944587
PI3,-0.4495825971817991
SERPINB5,-0.6250200476300608
MST1R,-0.22505273346581622
FAT1,0.13557239876743155
PDGFA,-0.029069773439958934
DLC1,-0.3133552133341741
NFKBIZ,0.11861360824653706
CLCA1,-0.27418304926230647
PROCR,0.8493059151762058
C3orf52,0.335267799490929
ETV1,-0.7291357714234199
IL1RN,1.608517688457122
ETV5,-0.008943551569400096
SDC3,0.5239619339466868
SLA2,-0.22554353100480493
NECTIN1,-0.9749234024790774
COL26A1,3.0562318033814533
OCLN,-0.36266299093794335
FERMT1,-0.6873889096032366
PDZRN4,-0.31031898267156766
SEMA3A,-0.3079710477463574
SEMA3C,1.3363740407528026
ADH7,-0.5216119908808245
CD58,0.4418310274515901
SERPINA4,-0.7788815433991707
KCNK3,-0.6842929013512438
CABLES1,-0.3358367572072686
DGKG,0.1960088982575465
HSD11B1,0.3313400366669577
KCNJ15,0.3114111491245799
PCDH1,-0.5009865592568384
BBS2,-0.7248048214285406
MMP3,2.514689357947444
AHNAK2,-0.0014448610579178684
SCLY,-0.1502629713137302
METTL2B,-0.35212904214880697
VAPB,0.18381334882463699
SC5D,0.30481487294422166
TRMT44,-0.48284776188477485
MAGEA4,-0.30888110679052744
THAP4,0.4511955341421495
YDJC,0.30965955807730833
LBHD1,-0.0564109845321538
CEP70,-0.9699497459567629
NLN,0.19766847547692762
NUDT5,-0.637916034434276
SBDS,0.14732688037222802
NSUN4,-0.8430062278054622
NSUN7,-1.2344679052297984
POLR3G,-0.9399465673948773
POLR3D,-0.6552564867471223
BAG1,0.0742038402385562
MTRF1L,-0.09623036807495942
HIST2H2AA3,-0.6887534617150377
EIF3CL,-0.5507765062708497
WDR55,-0.29046828088417304
POLRMT,0.12105036532045912
HIST1H2AA,-0.8141294854057471
CTU2,-0.08974583577114575
PPAN-P2RY11,-0.9491997860923734
ZCCHC13,-0.913514575499357
MRI1,0.09863228156092366
LARP1B,-0.7139369692304485
FMO1,0.3111097497858867
GNL1,-0.6923321299145764
NOL12,-0.988461111072131
EXOSC1,-0.8091682132359079
PABPC1L2B,-0.5496890030247779
FCF1,-0.756250171990354
RCL1,-0.7837418927516989
PACSIN3,-0.0013003028686820626
BDH1,0.12099761529492888
MAP3K21,-0.9701700449916508
CASK,-0.5607189328000958
BCS1L,-0.23395962388384534
PABPC1L,-0.3038088151499233
NRBP1,0.5085501539054632
POLDIP2,-0.056728023362354864
RIOX2,-0.5458014221134024
THNSL1,-0.07146451295051744
MAGEB10,0.03910736152163365
CPNE4,-0.7829800923631527
MT1F,0.9235939158315247
C7orf26,0.284842425885205
CDCA7L,-1.163091411294331
MTFMT,-0.609032464640907
ADAT2,-0.25008513674495725
CENPV,-0.7687612484683324
ZNF346,-0.8229604845271112
ZC3HAV1,-0.3307962405349624
C12orf4,-0.26713168867228626
UCHL1,-0.16116111521803492
LLPH,-1.5014650375209069
SETD1B,-0.45407055617248326
C12orf43,-1.4532720117702178
KLHDC4,-0.27193535206360037
HIST3H2A,-0.7413527118067226
PUSL1,-0.3941435311017834
SFXN4,0.14483989897029692
NAT9,0.43555962864651865
AARS2,-0.1578713940087926
SLC25A19,-0.43365552834579674
TESK1,0.15574428906159626
IGF2BP2,0.1223140361330861
KNOP1,-1.7792220744953398
SOGA1,-1.1836617693062845
TENT4B,-0.6166010367349202
ZNRD1,-0.8908786266637528
EPHA10,-0.5079437810395155
GOLGA3,0.44253561179522716
PABPC5,-0.8880926261118524
GATD1,0.4881536258525226
PDCD2,-0.6714986898074787
FER,-0.16994622957371083
AAR2,-0.28986927105354054
ANKRD6,-1.1771230841922997
HIST1H4D,-1.1228513542756833
HIST1H4K,-0.944518765943308
HBA2,0.6271434214564259
HIST1H4L,-0.9488035336446723
UBL5,-0.2417326284698096
PTGER2,-0.19878250651144558
PRF1,0.23008233890036803
SAMD3,-0.43367993015851897
JAML,0.29867701834041754
CXCL13,-0.21028903659385376
CLEC2B,2.325658685823535
PRR16,0.4153824443931414
CD1D,0.5895277671252137
CD1E,0.6238890175520275
JAM2,1.793792166031319
JAM3,0.37086540265375045
CCL21,-0.3132317665874539
GZMK,0.009727644613827332
GPR174,-0.5194246539934979
SH2B3,0.3424614064416312
ALOX5AP,0.6202587073442256
HIST2H4B,-0.8476431279942124
FYB1,1.264678011729772
CERKL,0.07195075197248484
BIN2,0.5074672579006877
PTPN22,-0.20186490893725378
LCP2,-0.09496955114243998
CPVL,1.3922479989508776
AOAH,2.7089907655733336
KLRK1,-0.1644610833452789
PRSS2,0.3201921976384905
GAPT,0.33898194181229624
NAAA,6.920451689817251
TMEM131L,-0.3742490187227955
PROM1,-0.23810386056231259
CYLD,0.7109090686182944
ERAP1,2.514690419643561
CYSLTR1,-0.7421099640057556
AIF1,1.6560089033988383
TRAF3IP3,-0.15910182414682655
RNASEH2B,-0.7628333018651138
RIPOR2,-0.07630234610748884
IRF8,0.4541463748211355
GIMAP4,0.38490876297785015
BTLA,-0.0639788576192704
CD72,0.37225456984673594
CST9,0.477059891169411
PATL2,-0.17841259246975688
TNFSF4,0.4544567550603936
CELF2,-0.016060341045429444
PDE7A,-0.22261423222794183
GPR18,-0.41953424976845116
UBE2NL,-0.11734503068716332
SLAMF1,2.5228053675610105
ST6GAL1,-0.02428742643969193
SAMSN1,0.38890326776238027
IQGAP2,0.056014455138866485
EOMES,-0.5600933668926131
LY86,1.7699484528952532
FCGR2C,0.052526863966913716
FCGR2A,0.5169058216715874
HIST1H3G,-0.7604311504047245
HIST1H3I,-0.78760794088417
CHST11,0.8724342408540579
DCT,-1.005139718612894
MAPRE2,-0.6943463771560469
ANKRD44,-0.42768819891869614
RUNX3,-0.08288765914606508
CD3D,-0.070980125025743
CD3G,-0.4334121433940399
SP140,-0.13537970705861105
GIMAP6,0.39994616427200586
GIMAP1,0.1650299202944227
GIMAP2,0.0036928107767881762
CR2,-0.25341167041023627
CD274,-0.20274681358719496
GPR171,0.2564862493943643
AGFG1,-0.12694986501160357
SH2D1A,-0.07942140342917146
DOCK10,0.27511048952909983
DOCK11,-0.2695611744301784
STAT4,0.611890993297163
CD84,2.0295665343648017
PDE3B,-0.279457470767872
NDUFA2,0.20636953251526263
SLFN11,0.10436986190730449
CD8A,-0.0081145562061354
ADAM28,1.4905977925284914
SP140L,-0.22547957426905504
FCGR3B,0.38891466213250137
HLA-DQA1,1.1334750942477154
SEL1L3,1.1272597430724682
JCHAIN,0.03424067719058915
CCR1,1.5504777100401823
KLRB1,1.0120328951442037
MS4A2,-0.11258476501715069
ARHGAP25,1.4097029232731224
HPSE,0.6492508876443954
TAFA4,0.5631865939182567
RNASE6,1.7763228439855065
CX3CR1,0.17823486434868865
CYTIP,0.14444658882378103
SCGB2A2,0.5733359098834176
RASSF5,3.283800219428059
HBG2,0.039038746592068005
MANEA,0.22287144035302842
RSAD2,0.33611995634227154
LGALS13,0.16901945123430687
FCGR2B,1.3351978278143013
HIST1H2BE,-0.8532092457399069
HIST1H2BH,-0.8641107512999877
HIST1H2BI,-0.9772916886916125
HIST1H3B,-0.6705476276222552
ITM2A,2.088437917860153
HIST1H3F,-0.7785234973714812
BTN3A1,1.105643981573026
FCER1G,0.3849566499385149
EVI2B,0.5075467907450905
PYHIN1,-0.7101582661166937
HIST2H2BF,-0.8468830313054985
GIMAP5,0.4744186496533287
TRAT1,-0.3054380627061203
CD69,-0.13705505484988442
BOLA2,-0.015182429041663151
GPR65,0.09496880174241784
FOLR2,1.371898108164579
SYNPO,-0.17282998392234605
RTL8C,1.6790377394695237
TRIO,-0.49125361830067077
WDR1,0.18806582432945476
CEACAM8,1.737969884538703
GRB10,2.857706359477407
ANGPTL3,-0.4125839524463658
CSRP1,1.5270387624617936
SFXN3,0.8555117855762513
NR1H3,4.454652607862695
CHST7,4.229635543082318
SLC2A14,1.244288941595976
ITPRIP,0.18955412718563722
S100A8,0.25483018388691514
RNF24,0.781012250211805
HOMER3,-0.11997627010630212
ESAM,0.06097104267167018
PLEKHO2,0.6806050356874269
DKK3,1.4311780511778598
FUT7,-0.5155100063231611
FGB,-0.22035340642170526
IFITM2,0.602098607577527
CCL7,1.9122805958510638
PLTP,1.1012616597390723
ANGPT1,1.3688895500309852
ANPEP,2.654117279260566
RIPOR1,3.6892521584098326
MFNG,0.14707562530512222
ADAM32,-0.08416599173608444
NLRP1,0.11240817396206425
RAB13,2.229733944124161
QSOX1,1.0711877697487588
LRRC32,0.018200228677023214
STAB1,0.7853344138855488
CHPF2,4.599219809638342
MMRN2,1.9757783283255026
PECAM1,1.8233437239361612
HOXD3,-0.9822926447094912
EMILIN2,1.2799715195493453
FBLIM1,-0.19843912967011196
RUSC2,0.7326907168089075
PAX6,-1.1900081946699557
CD68,1.6406926896437741
SFRP2,2.034321075483112
TMEM158,0.3697184580798362
SLC22A4,1.738892254503816
UPP1,0.417991337524188
C11orf24,1.6844503940471809
C1R,0.9233317573520071
FSTL3,2.6460127076020266
PRAF2,1.1805055452117947
SMTN,-0.017777698001034625
SH3GL1,0.009583915719778123
ACVRL1,-0.06841153182917845
PLSCR3,0.7732682078792213
ADGRA3,-0.5272596851135316
NCF2,0.26333703858563867
PXDC1,0.5373392750790875
SMIM3,0.4952991360250279
FZD2,-0.26516055844647224
RGS16,0.10058431259124516
ELF4,0.0550124123081333
PTPRE,-0.07765280858894241
ARHGEF40,0.3793526403293143
SELENOP,0.4813149641352636
LHX2,-1.1205604493722991
OSBPL3,0.032857277068165665
LHX9,-0.9894401269969785
TMPRSS11B,-0.37097203767541953
TMEM17,0.11671903967001508
RXRG,-0.24614924803770746
ADGRL2,0.11307532309717727
RAB11FIP5,0.023661665953936633
PCDH20,-0.8200963087492541
TSPAN11,0.04997054498717128
FAM234A,3.0432514997997515
ARHGEF5,-0.6919914886710057
EXT3,1.2206904089143216
PHACTR2,0.24622405873782932
CXADR,-0.30664501017142193
LPAR6,-0.1322661004023772
CD36,3.169792305300773
SLC30A1,0.5532576164908987
EHBP1,-0.288317894065003
MB21D2,-0.5666961875059221
CTDSPL,0.05195732154326773
EPB41L2,0.07048880306205935
FAM171A1,-0.2304720392803808
CDH17,-0.3939816930272427
IL1RAP,0.06169277810622177
KANK1,-0.4408705061900364
CD24,-0.3592107383098338
TSPAN8,-0.5383307169893641
KCTD12,2.23209348584269
SOCS2,-0.16404054944347976
HLA-C,0.9025760961674124
TOX3,-1.1705770033529879
MPZL2,-0.6796796073438911
FZD8,-0.5400008505161253
TBC1D4,2.6282957810047134
DUSP6,-0.20906334855770814
TIMP4,4.280404499334466
FADS3,0.760409103078131
PTGIS,0.6531054921902348
SIRPA,2.681779659017833
LPL,1.9777006734225213
TNFSF13B,0.37191190997796625
SVEP1,0.9944094543893968
PSG8,4.211739288418932
PPP1R1A,-0.6322321793270983
ZCCHC24,1.117695888904073
NCEH1,0.4828065896263736
CDH19,-0.5922429447879742
HSPB6,-0.284882487681178
RCAN2,0.2100021131121423
TBX2,-0.1111262678533942
FABP4,2.3197948717934986
ITIH5,0.509516824811332
DNALI1,-0.7438720903845831
CXCL10,0.5766812844359843
CHRDL1,0.30249363174254496
NMRK2,-0.45411683572452394
LFNG,0.05384236455618387
ABCA8,0.12117231347750304
ART3,0.4485183419597254
GPD1,2.6685075895709187
MYOC,0.14550192919590063
SORBS2,-0.4663558846158064
CLEC3B,0.37636501747526563
ST5,0.306953340830035
DAAM2,-0.13081592087757807
PDE2A,-0.18766586174599154
C1QTNF1,0.4910724631391443
ACKR1,0.02807869877636873
ADH1B,0.2519537707868567
TRHR,-0.9284623906883815
UTS2B,-0.7519354243596986
KRT34,-1.1363819313665595
GPRC6A,-0.8416237994899098
IL22,-0.6568542645813001
CCL23,-0.5173287794205441
GPR31,-1.1049590278943775
GHSR,-1.17928969891227
PROKR1,-0.7608999481352913
PROKR2,-0.7054028455418705
BRS3,-0.9432833866435663
PRY,-1.2537464375364629
MC1R,-0.5216557078835815
B3GALT1,-1.1041899147634338
HTR2B,-0.7585821403983809
MCHR1,-0.8077692774006114
APCS,-0.539457696154441
OR1A1,-1.2938172050710695
CRHR2,-1.083208979285562
GPR4,-0.5899810979291962
GNG4,-1.1309416662310308
GNG2,-0.7925751986162195
PSG9,-0.811151618904811
PSG6,-0.6520672708297109
GNRHR,-1.0244805521048013
CD200R1,-0.8153562079830643
PSG3,-0.46258814278424404
NPS,-0.9170424436313918
GPR17,-0.7859129512244598
GHRHR,-0.9796490758194603
SAA1,-0.48554547271582155
TSHR,-0.7817760335749794
CYSLTR2,-0.8178628601870069
CCKBR,-1.2067574553965874
LGALSL,-0.7738358329898198
GNG7,-0.7382314994438667
HRH4,-0.9021867022315417
LTB4R,-0.45821732143379396
GNGT2,-0.8322605971886409
TRH,-0.9182926386888988
CCKAR,-1.053791410402126
CHRM3,-0.8232788213253488
GNRH1,-0.6399345515030189
NPFFR2,-0.7815035784752954
PMCH,-0.37698685067650983
LPAR3,-0.6915404034444474
BTNL2,-1.200183295248883
TACR3,-1.1567099192633479
F2RL1,-0.7671657714457603
MLNR,-0.8919092667632736
PROK1,-0.7833504663078242
PROK2,-0.09784891297488525
ARHGEF25,-0.8317705250433929
EDDM3A,-1.1528046647884946
AGTR2,-0.6381341013590938
MS4A12,-0.7877166624748112
PTGFR,-0.49456380587877713
ZP2,-0.9842917946054959
GHRL,-0.5111061311001458
OR6A2,-1.215010414836417
P2RY2,0.18687501774309187
OPN4,-0.8390740194231909
HYDIN,-1.2803514716695756
SLC10A2,-0.15178175441885652
FFAR1,-0.7396836452983729
GP2,-1.031835372885952
P2RY10,-0.508011311802819
P2RY11,-0.9356548635229246
TACR2,-1.012606637379581
MRGPRX2,-0.555493918170175
HCRTR1,-1.1260681673028803
C22orf31,-1.1902540807211084
C8A,-0.7555598267009872
GNB3,-0.8590645048132096
MC5R,-0.9816284962297638
BDKRB1,-0.6366898631095644
KCNJ1,-1.1194849246529779
NMS,-0.5530018894029206
PON1,-0.7487653347287415
QRFPR,-0.7360540837178157
IFNA21,-0.7029153469089846
F2RL3,-1.0958819162103024
F2RL2,-0.7464387746560883
LPAR4,-0.6776249736520271
LPAR5,-0.568617569607721
KISS1,-0.8104611930334158
QRFP,-0.7734828584639896
EDAR,-0.6670636601929983
TAC1,-0.7276026296391617
GRPR,-0.9669266761204778
TAC3,-0.8607676119474211
XCR1,-0.9969113889496537
AVPR1B,-0.8924920088017404
WNT8B,-1.1938869407292625
OR3A1,-0.9177064728828498
SLC5A4,-1.0680875643861245
GNG8,-0.7497881620177969
UCN,-0.6476957074902536
OR2F1,-1.5770141004472589
CELA3B,-0.40822480303870656
CHRM5,-1.207309232541338
MCHR2,-0.5850930237895683
SCTR,-1.1337227612128895
FFAR3,-0.7744117016736912
XCL1,-0.45900176737099546
OR10J1,-1.4451346421986522
PLAAT2,-0.44851550649302707
FFAR2,-0.5527019968775849
MMP27,-0.6422869466060599
NPSR1,-0.9340041950328971
CHAT,-0.21222349478621266
GNA14,-0.6636373289496212
GNGT1,-0.7597396062790014
CALCA,-0.6604594287035714
P2RY1,-0.6948011868912572
C4orf54,-0.5678025768663617
XIRP2,-0.628696210942246
SH3BGR,-0.22170313881075088
SLC51B,-0.30064253880335995
VIL1,-0.43416379996320464
CHP2,-0.773428074785577
FABP2,0.1597806562332357
ANKS4B,-0.545869583987622
SLC5A9,0.8390217433113775
NR1H4,-0.24623556391970253
GUCA2B,-0.95424625947516
SULT1A2,0.6774181680100518
HHLA2,-0.7882754478299895
CDHR2,0.10401016006148692
CDHR5,-0.6508634232707112
ADAMDEC1,0.6525907939376695
SLC51A,-0.4296305643452004
MT-TP,0.3001461291166171
MEP1A,-0.21698776762613872
MEP1B,-0.08492305701659701
SBF2,0.3065006841782098
CDC42SE2,0.058315097655131196
DENND4C,-0.2677305078969175
GDI1,2.547077098991094
GIGYF1,-0.690768564853679
SRGAP3,-0.9522944821992932
PCNX4,-0.5131313787725121
TRIP11,-0.36313011718091187
KIF13B,-0.35677164602485756
KDM7A,-0.4063293945265177
MCM2,-0.6135351501628754
AZU1,-0.26456823055921164
RAB8B,-0.1642112295148952
SAMD4A,0.10692555168779405
TTC28,-0.10483451710593061
SH3RF3,-0.35112482974701864
HEATR5A,0.33985165655492966
SH3PXD2A,-0.34015950707858195
PCBD1,0.4009655318070947
CEBPE,-0.19410665436252675
DDHD1,-0.5117055488674264
CNKSR3,-0.8021089882332879
ZBTB21,-0.4957176797261673
PPM1H,-0.5311665344779286
DENND2C,-0.4545382394458196
SCRN1,0.3801754517598446
PTCD2,0.16013561299606793
PTCD1,-0.7523368921577086
RTKN,-0.15502111720203277
TPD52L1,-0.32313418332580474
LYPD4,4.752619023071964
SERTAD1,-0.30794460061426443
DENND2A,0.7522488080359601
DENND3,0.5153288784836042
METTL6,-0.43870073623433076
EOGT,-0.09626372331502213
TFF1,-0.7183331330169956
C1QTNF9,0.22901318862000228
DENND4B,0.14492661696134476
IFFO1,0.14926589895523013
KDM4B,0.2827645065478122
APBB3,0.08376318770529396
ARHGEF11,0.198241495609414
SETD5,-0.3891864108837467
FAM193B,0.5841161161866055
EVL,-0.21342902234912273
POLM,0.12115527011403031
PANK4,1.6109475352845846
PILRB,0.3177572925411046
CAMTA2,0.506201217728212
MAN2A2,0.8751540589034973
DENND5B,0.29450383061720475
ZMIZ2,0.6040769224728928
MAP1S,0.30065958656604974
GSE1,2.5533724579240586
ENGASE,0.42402948894723586
TAF1C,2.9314143822092986
TMEM63A,-0.22189383394657233
ANKZF1,0.5752941690819653
TBC1D9B,4.452674777673057
RUSC1,0.0338326548539359
MYO9B,0.1056671530464115
TBC1D13,0.27965383231873975
CMTR1,0.41140727735881494
CIC,0.3173486035018743
FBRSL1,0.2855491091160311
AKAP17A,-0.20844624694050848
ATG16L2,0.797011617326507
DGKD,0.4774168166321608
DENND1C,0.2786221431646948
ABCC10,0.8872995460431975
TJAP1,-0.2460806105622707
TMEM39B,0.3039157150843779
MAST2,-0.007327279491988529
WIPF2,-0.25638954430916194
TBC1D10B,0.5307617450156178
RASAL2,-0.48340792083151535
FAM110B,-0.640713033956063
OSBPL6,-0.3177056781795218
PLEKHA7,-0.8201268348902896
NAV1,-0.37931517927610076
RALGPS2,-0.5909970688210336
STARD13,-0.007276501354246522
FAM110A,-0.6951589852995275
ANKRD34A,-0.9365788294774028
DCAF10,-0.001609272045206532
RPTOR,-0.13178310377136004
LPIN3,2.4814072684564334
VPS33B,0.1753130638526902
MAPKAP1,-0.13807454749313994
FAM53C,-0.637537624017254
OR4C12,0.04273780658817809
RTP1,-0.4861857790836496
RTP2,-0.45905883045536394
REEP1,-0.6270313535222427
GNAL,-0.5409691796809668
ZRANB2,-0.48837851659224235
SAV1,1.9567139399198052
RAPGEF4,0.24038935080690288
RFTN1,0.21018715440040553
SUSD6,2.07707255122175
IFT57,-0.4809860163660108
TRIM22,0.9040552969452519
MCUB,0.3267624539606127
PLEKHA1,-0.17825881024007728
DOCK9,0.1522206027008745
DOCK1,1.4167950193792351
PHLDB3,0.06248529269209374
TRIM5,0.15762551269774003
NAA20,-0.3581538761050946
CRYBG1,0.31088809391685995
LASP1,-0.09642124788141024
NECAP2,0.056099292675075976
ACOT9,1.247740388731224
DAAM1,0.4579603805658456
MDFIC,2.248427508585793
MALT1,-0.20042255479855042
TMEM243,-0.030629155161178798
CYTH3,-0.40738040178434143
ZDHHC16,0.2955301530790771
IFT27,-0.01727270474840927
NT5DC2,-0.12984339033877648
EDEM2,4.991084074930878
ANO6,0.7162239135609938
WDR41,0.12491088221279585
WDR49,-0.366883697036791
BNIP1,0.16189947780807368
SLC39A7,0.6654820716715879
DNAJC1,3.331833208443446
SPAG16,-0.5874090822583696
KRTCAP2,1.085861171978174
WDR86,-0.18838702584351286
WDR88,-0.4780996629762034
IFT80,-0.0633313247573916
DDRGK1,3.5847435543953905
RABGGTA,0.818679767961551
SLC1A4,0.42593029430914003
CYB561D2,1.2365823958477984
APOL2,0.22720535221903332
MRPL49,0.6808911148030865
WFS1,1.2384531520158415
NSDHL,0.39051903731564275
CRELD2,3.4019826522803274
SDF2L1,3.2098363149204947
TMEM216,-0.0012790887091940074
WDR27,0.27904644698669684
SLC35C2,1.4914991021219597
AMBRA1,0.28938903426103607
CEMIP2,0.9337455284071586
ACOX3,0.6478726784045331
CDC20B,-0.22853252333356944
EVC2,0.7681984867847121
DCAF5,0.21047377698229078
EML6,-0.7616583177313407
WDR61,-0.5644201272331043
WDR64,-0.6371352665042471
CORO2B,-0.4899629168123282
BCAS3,-0.01850351095102027
VPS45,0.10205330316654082
TMEM208,3.5901230786364193
WDR17,-0.015466037126519352
STX18,0.16231536893762918
CORO7,0.20386515522230603
PIGT,4.019650444131517
WDR5B,-0.7308742089756876
APEH,0.5741183839381896
MSTO1,1.1183022039537198
ELP2,-0.4356711816863924
TMEM120B,0.4146434315103987
NBEA,-0.5572952308329454
TMEM67,0.018797850452996395
NWD1,-0.3752720478938606
CLPTM1L,1.4687388438264404
WDR97,0.25272732652948154
DESI1,0.7391744426645068
CCDC22,-0.2957142955423754
CFAP57,-0.826704416853766
PLK3,-0.35378905366272134
GPAT3,3.732938766047184
OSBPL5,-0.10354716939548789
ERRFI1,-0.18938994272156054
FABP7,-0.5790961599417866
CNN2,0.17450592002882442
ADORA2B,-0.0055892126898303895
ZFP36,0.0603764924944144
SLC23A1,5.126707964697427
HCAR3,-0.19311207136719338
EGLN3,-0.18370958763140277
GAL,-0.5519677156271228
FOXC1,-0.5328772135718228
PANX1,0.28652002538151317
CSTA,1.378775850894007
STEAP1,0.30312493460056594
RARS2,-0.08354258165408832
WWC3,-0.19506278050554762
ABHD4,2.4802578501627464
UQCC3,0.13445635077159157
PHPT1,4.555276998249292
XPO4,-0.7111209748206819
PCBP4,0.14366615054979176
LOC102724985,0.1761378663221712
RHBDF1,0.4491255535259605
EPS8L2,-0.23791699587207735
DRAM1,2.672258455026041
TMEM11,-0.4169934938884306
ADAP1,0.10768429685015396
TNFSF9,-0.14229308322601877
FAM214B,0.7347119162099509
IPO11,-0.40255930272831414
LARP6,0.4656177750258214
COPG2,-0.3661971545302185
ETNK2,-0.5054113648352496
CDC42EP4,0.10682286402371523
UNC45A,0.12504269526576997
CZIB,0.2349125040438234
TRAM1L1,1.0737946799747424
OARD1,-0.843924324022925
SIGLEC12,-0.7197074901825774
LZTFL1,-0.279891020201811
GATD3A,0.5518260220137753
CLUAP1,-0.4496991474949734
UFSP1,-0.19964334984543258
PLXDC2,0.5187875538938285
TAF12,-0.44237278470927677
ETFDH,3.1729437622413736
KIR3DL2,-0.14526723063852853
ELP4,-0.5802108002718643
AMZ2,4.0429244800167305
ASCC1,-0.1660449148143586
VAT1L,0.1320310232657748
ATP5PD,-0.13760644386574994
WASHC3,0.19043783483350563
CD79A,-0.051783944094365215
SIGLEC5,-0.869989530194841
UGGT2,1.1293704784373275
SEPHS1,-0.6491499685515387
STX8,0.27449575079736555
AMIGO3,1.4301919733573223
KIAA1191,0.17252776034551234
CD244,0.28642592042615383
PLPBP,0.33819469404543717
DYM,-0.2831318941385072
SLC16A11,2.8909374875748153
LIAS,-0.49376190643221185
ZUP1,-0.439582426588309
TCAIM,-1.0254936207432401
SCG2,-0.16707962205305626
GPM6A,-0.24649174842485755
RTN4R,-0.843673678278786
SV2A,-0.49629649698981587
SV2C,-0.04053981816822175
PCDHGC3,-0.42906989627631575
AKAP6,-1.194165335735496
ELAVL4,-0.8506222120399818
CRYBA4,-1.199791722862417
TECTA,-0.5637264160295257
NFASC,-0.8525055428883771
CHST1,-0.238240482561865
SLC18A2,-0.08357561291017104
ADGRB3,-0.8969298494590888
BCAN,-0.5144057769293535
IL17A,-0.5701179348122676
ADGRL1,-0.4767129362615128
OLIG2,-1.1882326914417685
APBA1,-0.7495636312133525
APBA2,-0.48300702008968427
SLC17A6,1.6178061040668543
SSTR2,-0.8342027736850988
PDE1C,-0.30274699084262086
GJB7,-0.649729481439856
MCF2,-0.7929653136621718
TMEM185A,-0.05219924690294088
CDH8,-1.1903122436810492
CCNL2,4.321026160564933
SHISAL1,0.2466335216311311
SYT3,2.0478972808508233
CPAMD8,-0.7651339975474438
CNTN6,-1.0465227383736264
ASTN1,-0.7618101616981758
PCNX2,-1.0599613207870524
TRIM3,-0.44909608314105526
SEZ6L,-1.0330975235199598
PMP2,-0.9318621108893089
RFPL2,-1.0178917987022191
TIGD5,-0.21713774006600053
ASCL1,-0.9585676096960133
BASP1,0.17626661923782652
KCND2,-0.841199971688021
CADPS,0.32346617604650635
CTNNA2,-0.6816558939908441
VAMP1,1.0433251533918495
FUT9,-0.6841541594240801
CHGA,-0.29999017185489146
MARVELD2,-0.4606339729216695
EXTL1,0.052103568372107306
MAGEL2,-1.0142519077832068
SYT13,-0.8815664097264461
PHF24,-0.6469807524825805
ST8SIA5,-1.162594570027412
CYP2S1,-0.10820793699106464
MAB21L2,-0.772021711716697
EPPIN,-1.2968146503770857
RIMBP2,-0.7015259929012255
CNTNAP2,-0.8555226991235523
IL9,-0.849161128349349
CDH13,-0.13505074605715892
NEFH,-0.6532429454558605
RGS6,-1.1873842529848035
DPP6,-0.7718746563031751
PCP4,-0.44130906544407933
NRCAM,-0.6700153539699933
ISL1,-0.8914672743237144
DNTT,-0.3631482887283795
SCN3A,-1.157643692957067
STMN4,-0.9962749588776999
STMN3,-0.908674672417492
AJAP1,-0.43041374160636503
PLPPR4,2.689233009593557
LSAMP,-0.7672304049358878
SPA17,-1.376421645952789
PLCD1,-0.026128023302615554
PAPPA2,-0.37037781878555953
RIMS2,-1.022218443608668
CHGB,0.034453647872539
CNTNAP1,2.2261716765659214
DOK5,2.4225923526608995
POU4F3,-1.303941951185039
GPC5,-0.13783671739391612
SLCO1C1,-1.0234397751572957
PCDH8,0.33110221644371507
FSD1,-0.7137842094828873
PAMR1,0.47968513316883815
FJX1,-0.0761635784350593
ADAMTS2,1.548631046012158
EFS,-0.07974891004166397
SEZ6,-0.3388769604438734
TRIM29,-0.8263275269359525
GDF10,-0.5458494719701065
RAMP2,-0.25287360814454063
TPSAB1,0.6495163517106352
SCUBE3,-0.33321500419491284
SEMA5A,-0.10616638779224256
MT-CYB,-0.128273935870292
UQCR11,0.16910854799039088
HEBP1,0.27633791052252615
ABCD2,0.4015362694757964
TAS2R19,-0.3589142569961386
TAS2R14,-0.360654979392849
TAS2R10,-0.36552518168890685
CXCL11,-0.013245884375349591
NPB,-0.42924169242184645
TAS2R7,-0.39077444573487974
NPW,-0.3516655779029875
TNFSF18,-0.6059480742025395
CCL28,-0.36790450434512895
CCL25,-0.668039184894242
CCL27,-0.7561476797367722
CHST4,-0.781706971232803
P2RY14,-0.19257397208422047
SLC30A10,-0.6041651995512686
P2RY12,-0.04660979272196092
P2RY13,0.1357317844680593
TAS2R8,-0.3646268278542019
SPIN2A,-1.4184045186818457
TAS2R5,-0.37034815662837833
TAS2R1,-0.7878876789213113
SSTR1,-0.520179799322335
SSTR3,-0.4869938685623097
HAND1,-1.1727811207628018
CXCR2,-0.29068867201739484
CXCR1,-0.41603603563012403
TAS2R38,-0.3569287534574897
OR1G1,-1.3804884381484885
C5AR1,1.177692536610849
TAS2R50,-0.37163979335642244
ADRA2A,-0.4041384811648373
ADRA2B,-0.4265874437373749
CLEC1B,-0.004651848249827585
CXCR6,-0.2703811545428705
JAKMIP2,-0.5499506109867007
LEFTY1,-0.5260724522251463
CXCL2,1.6336260250322159
PYY,-0.8503969686912068
CCL5,0.13554960542622313
TAS2R20,-0.3505140578306025
INSL5,3.0034074442794028
TREM1,0.5741543328680124
ITIH2,-0.6355762287263762
S1PR3,-0.2890940797509044
S1PR5,2.2887701861454492
S1PR4,-0.26246190364628114
CFHR2,-0.375001089744213
TAAR5,-1.2628512774537302
TAAR8,-0.7152906886538061
SEMA6D,-0.5906448556282575
CHRM4,-0.5811612371331338
CRHBP,-0.8255421919682434
TAS2R60,-0.36112982869015586
RLN3,-0.552276575567781
RORB,-1.0246974400428945
FPR1,0.16957722659061739
FPR3,1.1755276782861497
ADCY4,-0.6823127057570336
ADCY5,-0.6431148064706138
ADCY6,-0.490836194383264
CXCL6,-0.12734927408258528
CXCL9,0.6829517115492839
NPY1R,-0.4388759278964486
GALR3,-0.45143653732415495
GALR2,-0.4946906632792832
GALR1,-0.42170133937508064
ADORA3,-0.1914342136208529
PRLR,-0.5830330373833925
KRTAP4-7,-1.598763353006161
GNAZ,-0.7529924600599691
NPBWR1,-0.524107327722908
GRK4,-0.8874008594013991
CCR3,-0.7533156052757954
CCR5,0.028469616080179193
CCR6,-0.45134054325394
CCR8,-0.34215380275018337
NPY4R,-0.33615223137817085
BEAN1,-1.0307665556378722
C3,1.0251543218490147
C5,-0.3104185258496505
TAS2R39,-0.37951486889869085
OR1E2,-0.963927741535573
OR1E1,-1.3151477982514361
PNOC,-0.47144257951360413
OR7A17,-1.2541488594922652
GPSM1,-0.42173496890023127
OR2J2,-1.3283464858787324
ADGRE3,-0.3342408748312123
ADCYAP1R1,-1.2974443142283685
PI15,-0.9081359538964489
LINC01587,-1.5246760154251462
HTR1D,-0.8783120778051171
UPB1,0.04718700675885682
GRK7,-0.8857247433829643
RXFP4,-0.4415369148366064
GRK1,-1.0587152887504376
KCNMB4,-0.3911943418133832
IFNA10,-0.8248881012459498
DCHS2,-1.133491645100846
HCAR2,-0.33769804364972
HCAR1,-0.268322161183332
APLN,-0.35233536293587214
TRIM49,-1.4436545664046239
MTNR1A,3.1253282332394914
OR7C1,-0.4457289270442737
OR11A1,-0.8342444445792151
OXGR1,-0.32465210368080694
SUCNR1,-0.3309752407683711
TAS2R30,-0.3462609418360535
TAS2R31,-0.3754383284715171
CORT,-0.49088289569074556
CCL11,-0.08113557878251451
CCL16,-0.28220530285208
TAS2R43,-0.36444351072314585
TAS2R42,-0.770171651096416
TAS2R41,-0.42040917005169914
TAS2R40,-0.3711369129649697
TAS2R46,-0.3569287534574897
PF4,-0.2369533713510858
GPR55,-0.3732830886494904
ATF7,-0.343235142715636
FBH1,-0.27649838079499717
KDM2B,-0.7506297194592965
FBXL6,-0.3661667046674146
FBXL17,-0.4758936810580565
ASTN2,-0.3967555575157634
ECT2L,-0.26049443104171177
PRAME,-0.9652249124893799
FBXO45,-0.5402063338241123
FBXO47,-0.37852650116170755
FBXO42,-0.6467681034055193
XKR8,0.8473157102468115
FBXO36,-0.1388681315412529
CBWD3,2.380996253313191
PPP4R3B,-0.4779317238828964
PPP1R37,-1.5360160615672294
XPNPEP1,0.06600187396495914
SH3BP1,-0.04676601716720723
SSU72,0.010334723932246145
C1orf131,-0.8607559011168823
SIKE1,-0.10713571373280568
EEF1AKMT3,2.659058595379194
SH3YL1,2.083946800104895
ATE1,-0.5383701804582146
ACAD10,0.24040050683271796
ARHGAP44,-0.2117006630947903
TSEN15,-0.9903367984669876
TCTEX1D2,-0.1523091310534817
IL1RL1,-0.5510370976195555
CYP2W1,-0.19555645612651767
CYP4F2,2.2781060372667903
CYP4F3,0.03618981602235988
CYP3A43,-0.4873690173623643
CYP2F1,-0.13527635834374616
CYP4F12,-0.25468342539065264
CYP39A1,-0.08488485477183676
TBXAS1,1.7679862881294903
PHEX,2.1407566694648215
BGLAP,0.8015393029862506
GC,-0.23224664255229846
CYP4X1,0.1883506862820653
CYP27C1,0.07747015658108779
CYP2U1,0.11232092934626597
CYP2C8,-0.32505418157230714
CYP26B1,0.21016407618741018
CYP4Z1,0.15430408254741554
CYP8B1,-0.21812145315386433
CYP26C1,0.2422447061447232
CYP2J2,0.14976624259255142
CYP4F11,-0.09044096883019176
CYP4B1,0.03521537401509362
KCTD11,-0.4824767797737777
MCTP2,0.06280253200869698
CYP2B6,-0.3743600004671437
CITED1,-0.14598989992427533
CYP20A1,0.023054225066673963
CYP4F22,0.08236849660407419
CYP1A2,-0.3815876806933375
CYP24A1,2.369631714483775
GCAT,3.6307729503564863
KL,0.17981999559429515
DEFB4A,-0.18746566994916794
CYP4A22,-0.2117666525420468
CUBN,-0.13479050583771388
CYP4V2,0.1804071429610853
CYP7B1,-0.18959256130265925
BAAT,-0.2524063030890386
CYP2C18,-0.4146236625512658
BCORL1,-0.6227220720076764
DVL2,-0.4147282170493146
KLHL10,-0.26145844435710436
KLHL14,-0.8584723694919345
ZBTB42,-0.5317782240690958
SUFU,-0.8651713004184097
KIAA1671,-0.37607148176185995
ZBTB46,-0.9693407848397663
GPR101,-1.2071976627021952
DISC1,-0.5598180894071647
THSD4,-0.5033442644404135
BMPR1B,-0.7940303105192522
OASL,0.20023036202962516
CBFA2T2,-0.3451365502243633
ZNF843,-0.6349274260114522
SIRT5,-0.24547426189770868
ING4,0.19931614028771352
EFHC2,-0.9339661621652118
ING1,-0.5147373444228963
PHF23,0.4731692535578067
ZNF775,-1.0746426913466198
PHF2,-0.3246223192091681
TET1,-0.8953465736727348
DGAT2L6,4.7959843635273165
TMEM239,0.7987097410696735
ZBTB22,0.11047228549036744
ABCB9,-0.2750171206256923
NACC1,-0.4064935630396819
PPP2R2C,-0.22122619737699856
ZBTB45,-1.2027350453323993
ZNF653,-0.4777781171789609
CDRT1,-1.2589623990729077
AMZ1,-1.2136641412535387
NKX6-1,-1.06948995916359
VWA7,-0.9454316433597467
MTUS2,-0.8555575861658512
GPR21,0.12946046452696175
ACSF3,0.9813823968855383
NOTCH2NLA,-0.5257450630535508
TRMT2B,-0.34058705487438445
MAGEA1,-0.5561323694372254
MID2,-1.0467879612043645
GPR137,0.3961266667942205
FAAP24,-0.179524144672998
TRAF1,-0.5888807793150761
KIAA0556,0.3191774035490467
KRT40,-0.5135418652648609
ARHGEF38,-1.0444846939609929
PIGQ,3.42415691431731
RALGAPA2,-0.23483572948157158
DDI1,-0.8995642301922303
MTMR7,-1.210455466934891
FRY,-0.03723002563234015
NKIRAS2,-0.9814257654746246
TBC1D14,0.055851944819293634
GLT1D1,0.5207577057246378
STEAP4,0.8174204564901186
GHDC,0.2177104295757409
POPDC2,-0.7663463996596903
CYB561A3,1.3030283708278116
ABHD14B,2.8716710263484244
CHRNA9,-0.2588540790758056
BRAT1,0.3801307752228369
CAMSAP3,-0.26512145100978
TKFC,1.3078470869589434
TMEM219,1.0339953440319627
SDK1,0.12246813004053583
IGSF22,-0.3139863624621234
ROBO2,0.5569727904698212
DSCAML1,-0.8192560874448448
MACROD2,-0.4107190586085042
SDK2,0.008904302062036105
VMAC,0.34914706732539136
CNTN5,-0.43075980733643704
CNTN3,-0.5384291795550286
CNTN4,-0.7775375547745379
DNAI1,-1.2677032760696927
CEACAM21,-0.26806189462093966
FCRL3,-0.610865000014665
IL13RA2,-0.07233832628166524
TMEM30B,-0.361895866446775
ORMDL3,0.19580308158246898
ROBO3,0.040432775317027624
EPHX3,3.0860739082854214
C9orf43,-1.1453512979566303
SPEM2,-0.8266216439297366
TMCO2,-1.1413011675198448
MROH7,-1.041838079998384
SAMD15,-1.2246570908447156
TKTL2,-0.566353250934964
SYCE3,-1.001556609292928
TPPP2,-1.1103206490586104
COX8C,-1.3680013864091154
ZSWIM2,-1.0467417952280622
ARMC12,-0.78136143370856
ZPBP2,-0.8657121011842025
CCDC70,-1.2484053037245173
FNDC11,-1.1714797345211563
RGSL1,-1.082699710631979
CCDC96,-1.3174781932994257
ACTL10,-1.3541020952001803
TTC23L,-1.0436947735688944
RBM46,-1.3422634516330514
STARD6,-1.1920536048270471
C9orf57,-1.2709465403074878
DMRTB1,-1.1020873347301958
AL163195.3,-0.6560513436835871
PGK2,-0.8893334030634011
SPATA17,-1.2966219216871522
SPATA19,-1.1998680366826915
C10orf62,-0.9829602348492156
FAM47B,-1.2207077935514221
C20orf144,-0.8365412748107812
IQCF5,-1.007810818055816
CCDC42,-0.7668335539443473
DNAJB8,-0.6319593577470078
TSACC,-1.2528798425348562
ODF3L1,-1.1662061077239527
CCDC38,-1.2055806717360262
SYCP3,-0.843127213052978
SPERT,-1.0745672151727663
RNF148,-1.2864272581053204
PRM1,-1.379885096295062
SEPT12,-0.9882167528707361
REC114,-0.9222318812437653
HMGB4,-0.8887864148355812
RBMXL2,-1.2164214296293523
ZMYND12,-0.9028541926999374
DYDC1,-1.0572737366151346
GOLGA6L2,-1.0119964677841904
TRIML1,-1.228985058967683
TMEM225,-1.0278715582318274
TTLL2,-0.9898232112545472
C14orf39,-1.1345076982228361
PCP2,-0.6771518543386296
DEFB123,-0.9048508797313372
KIRREL3-AS3,0.9439625229789794
WNT3,-0.4703875623117788
PRKD1,-0.035629245986578774
CCL1,-0.6881670131640558
CEACAM5,-0.7682452051359306
DNAH9,-0.9119087544377937
ALX1,-1.089612786733368
FFAR4,-0.6621374645040972
DDC,0.0415455286859058
TBX5,0.37885022003058766
REG1B,-0.7451139945792778
HTR4,-0.8836098172265829
GPR1,-0.7137474403533096
PSG2,0.9078235853865958
ADGRG2,-0.4381862493845053
FZD9,-0.6881243717480363
FZD5,-0.5369324203845975
FZD7,0.668760668562754
CGA,-0.7663753462655382
FGF14,-0.7193032983996619
ADORA2A,0.062330509219713295
TPRN,-0.3333051685841666
WHRN,-1.051359934034532
PPP1R3A,-0.28698811433942717
CLIC6,-0.7784507991605315
CCDC85C,-0.3909049575714479
AC003688.1,-0.22695332364460136
CLDN16,-0.4948549261318388
CLDN17,-0.6109653351602221
CLDN14,-0.3924301613317259
CLDN15,-0.04545246450029923
CLDN23,-0.40889405565637554
CLDN22,-0.3485663135722109
CLDN18,-1.1769454039063556
CLDN19,0.017470659198262087
CLDN25,-0.32792114644273906
CLDN24,-0.3279211464427376
CLDN20,-0.2853528634917431
CLDN6,-0.3146477631134117
RAPGEF1,-0.17331687527299836
MTMR2,-0.15491588403750833
GPATCH3,-0.4312483979519165
DNAJB12,3.4658803086969314
FPGS,0.42786984617551826
VKORC1,1.0452896723460792
BCL7C,0.6040862872544936
PLEKHM2,0.9837839346100059
MCAT,0.36115132497516433
TOLLIP,0.7082857897890007
POMGNT1,2.1273650876156314
ST6GALNAC4,0.3229546463860938
PEX10,0.5592650956515509
MUL1,1.3924898215287054
INKA2,-1.2871691441435953
CEP128,-0.6519113580106779
CDC42BPA,-0.31484253218330605
INKA1,0.19444764058607902
PAK5,0.23365196160742108
CHST9,0.5436211007613816
CHST2,0.4532962446631462
CHST10,1.2898543305216594
CHST13,1.3093334321508976
CHST12,1.1804643784612772
LRP6,-0.3488872529229908
CHST14,1.1433198183403557
CSPG5,-0.021343855177998028
HS6ST1,0.8637104117949477
HS6ST2,1.4018047819631212
HS6ST3,1.1835089663376415
SYTL5,3.5630324604037553
PKP1,-0.6869273915552118
MS4A1,-0.5756626164051274
RADX,0.21060699350463816
NSG1,-1.1048288064957688
GP6,-0.340235432531558
ENPP1,3.485487916240745
FLRT2,1.3453359791000215
KLK1,-0.8787290804345529
SUMF2,6.025571015341768
CCM2,-0.31525268311387633
C1QL1,2.312263119938491
F12,-0.3515688163465643
SLC39A2,-0.9136935854642002
HOXA11,-0.7884379349953848
PAX8,-0.7118059609555409
LRP2,-0.14339937484087503
IGSF1,-0.5415711350118956
SOX3,-1.3194955356728555
ARHGAP6,-0.8386006421650702
GRHL2,-0.7793204464366829
WNT5B,-0.6291787151699542
PEG10,-0.15523306194503203
APOD,1.6933268593928439
CEP170P1,-0.25032992159654166
PTPRZ1,-0.8266942220487172
NHS,0.46656169695610494
ATG4A,4.18064137059741
SLC25A14,-0.17651896394896413
CPLANE1,-0.9311119858941705
ADGRG6,-0.3168105855204573
AL139011.2,0.026187435412199138
PPP1R14A,-0.28791090650774204
GAS2,0.10764675287209428
CELSR2,-0.007591330222158738
GLRB,-0.48058764392294745
NUP62CL,-0.377635616621663
PSD3,0.01802813723777747
NME5,-0.7556479511285668
AMMECR1,-0.4258879163886657
LIMCH1,0.2534896296086055
SCNN1B,0.09614806591046311
PLCE1,-0.0042340790817439805
GLCE,-0.02174140539972313
TOM1L1,0.11872737866154054
NAV3,-0.07478086573235958
HOXC6,-0.7300424738096448
DLX5,-0.8680844333345605
C1orf198,-0.19795915742285447
SPOCK3,0.1468063916897604
VPS26B,1.5874739483416647
SERPINA7,0.8987914006191066
PDGFD,2.698004050093756
USH1C,-1.007411650639292
SLC15A2,2.8564281570542303
SAA2,0.03448671280411811
PTGDS,2.6890114685823012
PAX7,-1.3261576657528005
PAX2,-0.9935006748479615
ATP6V0A4,-0.46629337359803114
SLC22A2,0.46925491432411737
FMO3,0.25723587408786586
MCC,-0.32595548519809514
MMP19,1.9582037810710042
HFE,1.081173958505879
FGF12,-0.5747966444012982
ARSE,3.071749584467216
PLA2R1,-0.028485876185256075
ID4,-0.025922678254336293
CPED1,4.868333957379675
DPT,1.3352424772473523
DKK2,0.08284706572491135
EYA4,-0.28302734219451897
KERA,-0.7906270375289894
ABCC6,-0.14234703399853119
KRT33B,-1.2313888796916033
LHX1,-1.0950590564427136
PTGDR,-0.4130613568737541
GPRASP1,-0.7349202957254914
EMID1,3.2322583530838105
CA1,-0.9155533560488761
RASAL1,-0.4370506279211972
ADAMTS6,-0.5446715642362154
INSL4,-0.7434893782257127
DMBT1,-0.7019499908989434
VN1R1,-1.2036278969079468
AFM,-0.6032227621874139
MAGEB2,-1.0547512596674247
SLC22A11,0.10912368032982443
CLCNKB,-0.9499828643138567
CLEC4M,-0.9640884933677664
HOXD4,-1.09077306724516
SCNN1G,-0.6145118792243207
FCN2,2.3703307974178367
PAX9,-1.1215819726162037
NAA11,1.14503774175177
KRT85,-0.5929608608427428
ADRB1,-0.9588398894329927
CDH16,-0.8987252576377986
POU3F4,-0.9769144480548287
USH2A,-0.26233683750644404
SFTPA2,-0.5967826466135924
ANKRD34C,-1.3785509134132992
CRYAA,-0.5061474912028776
UMOD,-0.8872835891728893
MFGE8,0.805808150470001
CELA2B,-0.9077625001056528
ARHGEF17,0.13464110087289577
TMEM184B,-0.041245870175040736
CLPSL1,1.3377744643645202
SOX18,-0.2733690580712685
FARP1,0.2575143121544102
GPX7,0.059382898647084376
RETN,0.4807350291832991
KIRREL1,0.018468552991428352
MXRA7,0.8348132489570966
ERG,1.8096692859904022
NDUFA4L2,2.3053215448463464
SPON2,0.6147968209800101
SHOX2,-0.49531299618365965
ITLN2,0.22987778833197023
EVA1B,1.1960671179710924
FNDC1,2.9799083047447006
TSC22D3,1.6382022881622433
LPP,0.6195083028551776
C1QB,0.6851799393458123
STBD1,3.546362217864176
VGLL3,-0.14902141812174563
SOX4,-0.03589006577642688
ARAP3,-0.10673139562693766
DCBLD1,0.6393570212729954
SLC16A2,-0.0024801670017210935
FKBP10,0.29770829190217746
PLVAP,0.11597946803131003
UNC5B,5.387774354693503
RASIP1,-0.14208144634532555
UAP1L1,2.9802893710616782
RARRES2,2.206798011690902
CDH6,-0.7262771458611365
MYO10,2.0501290970556134
MID1,0.3009397152559134
FGL1,-0.05935915097709742
SLCO2A1,0.17569079581112357
RAB34,1.2501792711192081
AOC3,0.3308363917427861
CCDC102B,-0.6061029972463319
NDST1,1.2183779781379893
BMP3,-0.8047617944637968
HYAL2,1.0558074135467552
CCDC80,2.6717032729206425
ROBO4,-0.4490255037595041
EGFL7,0.5419171005857916
TBC1D1,-0.2981804423882856
SGCE,2.4662914613037725
ID3,-0.16967480360877282
GJD3,-0.7750526484283007
MSC,0.02645214301459076
SERPINA6,0.2335711675591799
VWA1,0.6449303046611012
GLIPR2,0.3546832861550886
PTPRG,-0.3337849566653969
CSRP2,0.18392944720916368
ADAMTS9,0.10211523884808918
C1QA,2.151005329357642
SAA4,-0.531415309841973
PCDH12,-0.3946326946145444
SVIL,-0.3015984917487111
CDR2L,-0.5832222232993685
INHBB,0.01057102459701345
SPESP1,-1.2517658457536478
APOLD1,-0.026527769810104768
CYBRD1,1.9238650946415947
COCH,3.2174873038372787
LIPG,0.5425093681930746
MYCT1,-0.17690612125341576
GASK1B,3.5708321297158214
NXN,0.5752919737776223
IKBIP,0.18980992047329334
HEPH,1.3844968094692345
TINAG,0.31158291988171677
OR8J3,-0.12126575584655462
OR4C15,-0.3645087809694726
STK10,0.30459200608880266
TYROBP,1.5335683236981752
ZDHHC12,0.8238173201995461
GMIP,0.5255540583954066
CDA,0.481069509520393
NPL,4.351716210430472
PRR13,0.1524134498260562
TNFSF13,2.5195230787186933
MGST2,0.47243972287678687
EDC3,0.122637032271863
TMEM127,1.3862893336316078
GLMP,0.8330153542768332
HOXB6,-0.3151182565913768
FTL,0.9347587196384606
SDF2,1.4032874227059056
BCL2A1,0.22669233192742388
FRAT1,0.7052662150238775
ATXN7,-0.061548417300673106
SMAD9,2.5320756661813366
OTUD5,0.11001262388170586
NADSYN1,2.5622843725061535
GFI1B,-0.18452463930162577
SHISA5,1.2067770109276186
STN1,0.5750161207754088
N4BP1,0.14027385066206233
MS4A6A,1.5297982591018915
ABR,0.3030111787601565
ARSA,4.571041895004783
SIDT2,3.922029765678312
MAN1B1,4.021122974625503
HPS1,0.8874969218357055
VSIR,1.128733370269973
PLBD1,3.8612869942306105
TMUB2,1.3272581948276367
ADAMTSL1,0.6703522944632128
TADA2A,0.14810893290593566
TNFSF12,0.7160374255032603
TREM2,3.4485955075520605
TXNIP,0.28892072900657195
PPDPF,0.6733429232451725
ADAP2,0.8915912309629861
NAGLU,1.970596177033721
BTD,1.3150512063919562
MFSD10,3.0879193992781384
IFI6,0.6175931739634669
HS1BP3,1.934291283705855
ACP5,5.671692544341872
BMT2,0.36794409761780134
LOC100653049,-0.6837961984846519
CYBB,2.2019593163281974
IFI27,2.6979631825966037
RNPEPL1,2.735526290202403
CCDC92,0.7158854735508158
C11orf68,1.0973491821345147
TRPV2,0.40297252109185466
FAM131C,1.035390759941166
KRTAP1-5,-0.09870379096055118
CTSF,2.351857680660689
TRPM4,0.06335692018684752
SECTM1,0.6940967547814125
MAFB,1.7608217906467751
PRKAB2,-0.024639831656434744
BST2,0.7244407252764049
LGMN,2.7214688228486583
LAMTOR1,0.37234445740642225
SRGN,1.29166393762703
GMFG,0.3448211925495968
WBP1L,0.7251877661648298
SLPI,-0.37805632269003614
KRTAP11-1,-0.3894907303829559
PLAAT4,1.4486270631288516
STX10,0.479055272294897
KRTAP15-1,-0.28319739977402375
MICU1,2.097017928428424
CALCOCO1,2.4629477722502204
ZFP41,1.2484970884053141
ZDHHC24,2.1725487735442357
ANO10,3.6407797090083225
CPNE2,-0.8671116893999196
MAN2B2,5.34314760220311
S100A13,1.114999409161787
LYZ,0.5518890117709564
TTYH3,0.43562183974972507
IFI35,1.4810379475291886
OAS1,0.4494483717995192
MAGED2,2.9950564575766454
CCDC69,0.4996804456339626
TMEM115,1.1112872960366291
GNPTG,17.066180205890436
FLYWCH2,0.5409214860515158
DLX2,-0.8366893354763323
FAM102A,0.3022092392772435
APH1B,-0.20104488505032497
FAM207A,0.8078763111841697
BSCL2,0.6450665762121734
ABCG1,2.316871901462955
AC113554.2,0.9402846546900535
RETSAT,1.0757308383022466
SIL1,9.84059537230678
TOR4A,1.8257743644515225
INAVA,0.1575303018072621
PYCARD,0.5928405099635463
LRP10,2.923331124740323
ULK1,2.2032737308280805
MCOLN1,2.133385306296432
SULT1B1,-0.3284110519807212
CHSY3,1.5418073839716246
SBF1,0.5732725696794537
NDST2,1.3496737071069327
NDST4,0.18825775274524983
SULT1E1,1.7687480853579687
SULT1C3,0.8752035335218014
NFATC4,0.03823080891830196
SULT1C4,0.16149985378654788
CHST6,0.47602067602200065
HS3ST3B1,0.4684643792990838
VSNL1,-0.9266104667188889
CHST5,0.06807544614998041
SULT6B1,0.8982694460152079
SCRG1,-0.46573161628247395
DIP2C,0.7353565263519998
SULT1A1,0.8993893174972025
BPNT1,0.44545889612121353
HS3ST6,0.6184370983703318
HS3ST4,0.895397171893062
HS3ST1,0.6865588466943598
HS3ST3A1,0.7883131230718873
SULT2A1,-0.10987719560844945
IFNAR2,0.20807165427711224
ZBTB32,-0.6556717095931419
GAL3ST1,0.08156329709975552
ADAM19,-0.0998058405706792
GAL3ST3,0.7028619411560203
GAL3ST4,0.9977736302101681
GCNT1,0.2641925087319942
CFAP74,-0.34412083506762653
REG4,0.7693329064284146
CLRN3,-0.8005656583397712
TMEM125,-0.5244721908619168
ZG16,-0.7552859345816356
ADTRP,-0.5551538961672555
ATAT1,-0.5733217258661303
GSTM2,0.13940334912135127
SLC28A3,5.502997927136653
PCDH11X,-0.9050036074692553
MUC1,-0.4896662527692712
MUC7,-0.5744424148751976
MUC19,-0.2950402504191122
MUC17,-0.416744756972909
MUC16,-0.7376469477333043
MUC15,-0.4026348876198751
MUC13,-0.634122548208969
MUC12,-0.48342921043357723
LECT2,-0.6604824680783967
GPR15,-1.0787541724726655
CDH10,-0.9767644527088682
KYAT1,-0.29843513664181587
GJA5,-0.758108319437133
SLC17A4,-0.03673960903992484
F9,-0.6211731194962492
TEX13B,-1.4318240739254444
TM4SF4,-0.13527994850051936
SLC45A2,0.3144072923419957
TRIM15,-1.0191064600728594
USP29,-1.2247070655351386
LBP,-0.22886134463431673
B3GNT3,-0.08241609586080352
IQCA1,-1.150659498293901
EPS8L3,-0.7454500397104633
PROZ,-0.455789013902461
GJD2,-1.0043757205685526
NHLH2,-1.0172616175020093
CA5A,-0.7789782731211241
ASCL3,-0.6518518104032252
MUCL1,-0.4430740481016245
MUC3A,-0.33495615474831963
MUC3B,-0.19304089633450633
WDR78,-1.2070828096286652
NECTIN4,-0.5234306147312864
CDY1,-0.6671731745740564
CIDEC,2.475091129042809
PFKFB1,0.39201474027510974
MMP8,1.9555664258305838
DEFB126,-1.809533380346876
KRT37,-1.192673664062914
IL21,-0.7123950314010454
CNGB3,-1.1441343847778243
GP5,-0.8375331681942023
MASP2,-0.7613745220124647
PAX4,-0.9679684339395439
PCDHGA9,-1.0887660649637634
PKNOX2,-1.1273524731859912
YY2,-1.327800800104294
SLC10A1,-0.4415449600979758
IL19,-0.40990230627894814
NEUROD4,-1.2546766405876844
LENEP,-1.5012987006660228
IL1RAPL1,-1.1086593929773276
DCPS,0.017049669173843495
GCNT3,-0.6133512478345851
HAVCR1,-1.079176639443714
MUC20,-0.4422659654661147
MUC21,-0.36573259200804625
C6orf15,-0.2643059948294165
CELA3A,-0.5836054420758588
OR1A2,-1.1242921242993555
FOXK1,0.10647346259955892
TRIM31,-0.8846945113617684
SPRR1A,-0.6317900307661498
PLAC1,0.128413844731728
IL22RA1,-0.3103086573187912
MUC5B,-0.7042306426746858
PROX1,-1.0567547675772397
TMPRSS5,-1.048801578870333
ARMC4,-1.428229550193747
SIGLEC6,-0.9782046420284722
GALNT10,0.5917626333322437
ALG9,-0.014152186947755035
B3GNT7,0.027457501954464215
DNAJC18,-0.3899511971833827
ST3GAL3,0.6386511297645148
GLB1L2,0.856360513007583
CD226,-0.29038034879841723
CDC42SE1,-0.027321973169705447
CRTAM,0.19931966464483822
CSF3R,0.39269625723296786
MS4A4A,1.4422537977717738
MAF,2.3743278717781813
LILRB3,0.9241276099503392
LILRB2,2.1696973775771116
LILRB1,0.8152543018587525
CCL22,0.0011632068413343667
GZMB,0.067068013723406
GZMH,-0.10432448551701154
SIRPB1,-0.22552886689694673
TNFRSF10C,-0.45184394727335553
CLEC5A,0.6832255256995875
IGSF6,1.8738238772778237
IL3RA,0.39104113872193613
PRAM1,-0.11065844635250541
LSP1,0.3218776423361027
MPO,0.22384696122591322
IRF9,1.676870323033804
LILRA6,0.43476576487958135
CFP,0.10775505623678017
FCGR1A,0.10195802539508099
GNLY,0.33755728652229505
HLA-DRB5,1.960160365945242
CD300C,2.4500990710214543
CD300A,0.7676100193944979
CLEC10A,0.5386285404275767
CD300LF,0.6772717905955542
SH3BP2,3.514889590145435
APOBR,0.7495775993744431
TNFSF8,-0.18302801629862897
SLAMF8,3.595701056696802
SLAMF7,0.4061093107957293
ALOX15,-0.06936513441232173
IL18RAP,0.1368054328241661
LILRB4,0.2664932009243371
PDCD1LG2,0.26170670015652947
AIM2,-0.03447962921022399
LILRA2,0.325973843784928
CLEC4A,0.4603923943159291
CMKLR1,2.5804026056065292
PLA2G7,2.2276361331437475
CTSW,2.0995370530339996
FCER2,0.052355555303200296
CSF2RB,0.3978773668432588
FCN1,1.2918640648756214
LAIR1,0.6168093352044964
ARHGAP9,-0.0700124406498221
CLEC7A,0.4321193059419326
NFE2,3.707846256735991
HLA-DQB2,0.2554276993353417
CTLA4,-0.1051036110830796
SLCO2B1,2.714753636583246
MYO1F,0.364820040447826
CD8B,0.1996946313543235
HLA-DOB,0.3223873722515215
ADGRE1,0.21743828686660432
ADGRE2,0.5974525219535989
RGS1,0.35705924914447495
S100A12,0.22173308052177185
DPEP2,3.1223871800209273
TFEC,2.495742155162201
CIITA,-0.30601329062246085
BEST1,-0.29551633846964326
NCF1,0.142343942701166
TNFAIP8L2,0.6298638259737005
ICOS,-0.342303818987816
RIN2,8.512603341930404
CLEC4E,0.87049663925277
C1QC,0.9717807428333934
DOK2,0.27099024584131304
IL18R1,0.5935607903961359
ABHD6,2.309292863042943
PARS2,0.18256399284544275
ABHD12,3.760966763693787
DHTKD1,0.8216874928188178
ARL2BP,0.11124006561728558
MALSU1,-0.563431325463807
SPG21,2.255420884755115
ABHD8,3.564653258608907
EPHX2,1.0536571918338051
ABHD5,7.782193474241317
INPP5K,-0.42119128095587616
SERHL2,3.1940272115393067
ZADH2,-0.21104376364995997
ABHD12B,4.054988636611854
NFS1,2.115527239009983
ANKRD52,-0.6002497335903594
HIBADH,0.3896723676904737
LDAH,0.37966531066742326
CHCHD4,0.151960602557555
RTN4IP1,-0.259081089213973
ENOSF1,0.3714043344217031
CISD3,0.022302009495352597
IMMP1L,-0.3320333307851349
UQCC1,-0.09387186718395808
EPDR1,-0.15226185265092204
EPHX4,3.5504023477079367
NDUFAF7,-0.19472365080140966
OXSM,0.19414810223485204
HACL1,-0.1755890340144626
ABHD16B,3.7275306760961437
ABHD16A,2.7471815103787067
PDSS2,1.0590294221379564
TRIM68,-0.2636860360914854
BPHL,3.31909200783135
NIPSNAP1,0.40820448562415707
GON7,-0.25850019665114676
CCNB1IP1,-0.17565333901974947
HDHD2,-0.057933106920008186
MGLL,2.6033395826229904
C20orf194,0.7454641813132552
MAGEF1,-0.00913333950234177
HSD17B8,0.35082922291925983
MCEE,0.4207354149014233
EFCAB7,-0.9341569387477251
ARMCX5,-0.20568443983678267
OSGEPL1,-0.20032991234381628
ANK3,-0.3897413191551889
COQ5,-0.10593332466710834
COQ7,0.060503472408152875
COQ3,0.03684981432435153
OR8J1,-0.15448529501388583
OR10K2,-0.12836927072306278
OR8K1,-0.1560246710254676
OR5B17,-0.24616475947525993
OR6C3,-0.1397798715709596
OR6C1,-0.19913369804274142
OR5T3,-0.2956588454174674
OR4X1,-0.45890261177509756
GSC,-0.7256706732387354
IL12RB2,0.14584116560460886
ZYG11B,1.0768609219459657
DPRX,-0.9949061271357456
FAM129A,2.4486933868924767
CTBP2,1.4703556244216591
PRRX2,1.874872889378315
NOBOX,-1.1765953618041887
HESX1,-0.12862137721167705
VENTX,-0.4287230562772565
MNX1,-1.1196103011603682
DLX3,-0.9467665500571315
ANHX,-1.2102970676142384
ISX,-0.9454538317852593
TLE2,-0.4661800539617469
SCAF4,-0.791629859624114
IL12A,-0.25408106542606784
DMBX1,-0.5590672234446891
UNCX,-0.9281215001740315
ALX4,-0.9330447881447711
PELO,-0.2185150679960209
RAX2,-0.7911509916695778
CDC42EP2,0.06746712259893843
DRGX,-0.43417571674843203
OTP,-0.7960014704441545
COX7B,-0.32367220381636286
MT-CO2,-0.3773866811351886
NDUFB2,-0.07243617842394441
NDUFB11,0.5238345764396584
NDUFB7,0.4808210282886215
NDUFA11,0.39955473599633634
COX6A1,0.12647894900827844
COX6B2,-0.5941783433388667
COX7B2,-0.4885152117890848
SURF1,0.3449210090583032
COX14,-0.0021455765615745904
COX16,-0.4489236202549783
MRPS36,-0.1317707159936527
NDUFA3,0.027698449304489222
NDUFA1,0.1571933243892479
IDH3G,3.2532769681302915
CCDC151,-0.6472422105146144
COLEC11,0.29173039867838463
CBWD1,-0.534421363901324
SYT16,-0.3070956874296034
WDYHV1,2.5327403617683184
PLGRKT,-0.2187539958106569
MCUR1,0.5209391199722511
CCDC120,-0.9329196470228155
DIABLO,0.1756471862431244
TICAM2,0.71048406240062
LHX8,-1.501153571312823
IRX5,-0.6364564580825015
IRX4,-0.7666802709731116
BANK1,0.36237611205501996
IRX3,-0.706830945977376
TCF15,-0.8095771118019988
HHIP,-0.519032599319209
TNFSF11,4.673298378037644
PPP1R1B,-0.4679980192077628
SOX17,-0.44348033684586263
ZIC2,-0.4251053179734853
B3GLCT,0.9515687592578321
FOXJ1,-1.301289676198346
HES5,-0.7465416635729075
SESN3,0.00837305380145135
RGMB,-0.04166521339466412
RGMA,-0.29725232385516015
STRIP2,-0.3466987877516051
PPFIA4,-0.5018238152986367
TWIST2,0.13383633647169438
SULF2,4.890206292563626
VWCE,-0.1751362647933824
PRSS12,2.6827477561333453
NRTN,0.021151175090768057
GDF7,-0.31057187569022526
SIX1,-0.8048055751744692
KIRREL3,-0.8712462713146508
CDON,-0.8229961354921363
FIG4,0.21153011339205416
C1orf56,-0.5995577671615286
LY75,0.288610626867744
NXPH2,-0.29738913456755867
SHISA9,-0.8358725032581705
WNT3A,-0.319955263689481
MESP1,-0.7204618042868897
HJV,0.22760920843266283
ACVR2B,-0.2060330933107551
DLL1,-0.32330792826336086
SATB2,-0.6789634174897131
BMPER,-0.39152465836611905
SPTSSB,-0.12118427379260596
GREM1,1.7125846621597387
APCDD1,5.783246764731298
INHBE,-0.6852431662044081
BMP8A,0.09148155318213917
BMP8B,-0.26564764403664787
GLB1L3,4.385968693905844
PCYT1B,-0.5145025928811064
FREM1,-0.28070808114892204
NPTX2,1.048906167743212
TMEM71,-0.13089823367776685
TSHZ1,-1.1853965343944712
PAX1,-1.0175812468729941
IMPG1,-0.7762653069702307
SIX6,0.9248418319661817
MEOX1,-0.7338732180173648
THSD7A,-0.4514563315999128
SLC35D3,-0.19651242546179112
S100B,0.02455627556063238
GDF6,-0.3148002011494015
ZFP42,-0.8697050621677468
PCP4L1,-0.7042443714767377
WNT2B,-0.6843039216846547
CRIM1,0.34800609782877645
FXYD5,0.7939094662783085
DELE1,0.9097252476013332
BOC,0.734777709139906
NKX2-5,-0.9604149570154557
WNT8A,-0.5548881113787739
BMP6,1.25893504099449
BARHL1,-0.24948406046787516
ZKSCAN5,-0.7993771574602184
SLAIN1,-0.331719553910665
AMH,-0.31576658998447193
CYGB,-0.489196091354086
PRSS35,-0.10639509744427343
DLX6,-0.971602360282734
DLX1,-0.9037139043786736
SH2D5,-0.5206320083730536
LMX1A,-1.1217336047166013
HENMT1,-0.412694294183244
IL17RD,-0.4026890290828501
SOST,0.14577095311310975
SOSTDC1,-0.3235806098543459
HEY2,-0.7199513564431135
FOXG1,-0.9262085379151234
PIFO,-0.9238322440900983
LATS2,-0.31352691457884063
FIBIN,0.7390750400348894
GLI2,-0.8778657425465599
DGKE,0.2963267465850281
C1QTNF4,0.12051800179842137
VAV3,-0.06685922413827311
MBOAT4,0.41831107380314814
SPART,0.32739848506773755
LRP12,-0.17627237663746645
ARRDC3,0.014393709530152716
AL591806.3,-0.07809576607566177
SNX7,0.33411013078159346
SHB,0.08257408419094599
AZGP1,2.770058416627284
ONECUT1,-1.0035575272965733
DNAJB4,-0.4161828231468709
ST3GAL1,-0.1791205578966859
SLC25A24,0.13133201727939978
TAGAP,0.13496920688413436
KRT3,-1.0344289023145827
OLR1,0.5244599994006796
NHLRC3,1.5074676968097247
F11R,-0.2025232699561908
KDSR,0.1648278356735391
ERLEC1,4.709217423067051
LYZL2,3.4365857690735044
TBC1D12,-0.1044383113230992
GRAMD2B,0.1666875697282458
DSPP,-0.5891887390406406
BLOC1S1,0.614179766923481
COMMD6,-0.5978786694854212
MT-ATP8,-0.2805808670943071
SELENOW,0.9944279005058467
MPC1,0.3698233100989612
NDUFA10,0.0025390179129429246
DMAC1,0.9417859236204883
HIGD2A,0.5351630963731518
AL133352.1,-0.2147477813516723
NUDT2,-0.17506766153323003
MAGEA2B,0.019834717535823245
TOMM7,-0.14527109714755396
TOMM5,-0.48424302789867124
MRPL20,-0.4930597127951662
TRIAP1,-0.5534381771980135
PNPLA4,3.9942786581975227
ARV1,0.07710016816187656
GNAS,2.538675449879306
AAMDC,0.7191225893686902
ANAPC16,0.6343648122318141
SPAG7,0.7336213126167529
GRHPR,0.4722057215073593
ECI1,0.6934925335723615
SMIM7,0.2530629688441243
C15orf48,-0.02875575135246577
BAG4,-0.3288303567766111
LETM2,-0.4686141475246158
PLPPR2,3.6923483079835653
TMEM54,0.803124192332422
PLPP5,1.1757397899819928
ZNF518B,-0.7165613330738908
ZNF521,-0.47096297077210403
FAM170A,-0.6593201332321496
VSX2,0.4649123730173965
SEMA4D,-0.34715386454114106
POU2AF1,-0.22093207127126183
CCND3,3.307134129923126
CLEC2D,0.23817261209050627
CD1B,0.32903182449188834
VPREB3,-0.5787437441568891
NKG7,0.3787721275780776
GZMM,-0.4312500210758967
ZNF831,-0.2628183933933369
APOBEC3G,0.04972490309374706
APOL6,2.236789131428607
APOL3,0.38478704513822415
APOL1,0.5499108396480626
IFI44,0.30653707802277674
SYTL1,2.335795504696589
CHI3L2,0.39751102939957683
NFATC2,-0.7320496261031577
G0S2,2.9374806623152603
IRF7,0.13971973558250808
CD96,0.16568092073000001
TMC8,-0.1038028910339876
SCML4,-0.45820805597659237
ARHGAP30,0.038891923040776474
CPPED1,0.9141188740941444
ZNF276,0.31140441141866493
APBB1IP,4.049398089207261
AKNA,-0.510655075848885
SKAP1,-0.41724625334236304
HELB,-0.5580278139626725
ZBP1,-0.18587312777130657
MZB1,-0.10310133223629443
MICB,-0.07921375657477975
LAX1,-0.3031401445844081
GIMAP7,0.051646693416327376
IDO1,0.2853201755630682
TMEM156,-0.4331017125082754
NLRC5,0.020000164561141807
MOB3A,0.015115559627848963
ZNF862,-0.5984631817140267
CCDC88C,-0.40521396592686515
TLR6,-0.4664592946097023
BATF,0.20595814162905768
PREX1,-0.34895954753943365
BTN3A2,1.3328175782462532
UNC13D,6.548216666427572
SIT1,-0.3077054601479506
CCL17,-0.21709402171249037
RGS19,0.11213779059530578
OXNAD1,-0.3860327790913355
UBASH3A,-0.4920223304462936
RASA3,-0.12603479997205744
IL27RA,0.48015624180984295
PVRIG,0.04915123715258359
C4A,2.951964370944727
PIK3AP1,0.18075547245362927
AHSP,-0.16684313218306496
PGLYRP1,-0.7378475073578296
HVCN1,0.5999854158912189
GYPA,-0.17422423212870944
LPA,-0.35967047359014753
CCL3,0.037022218952661244
VSIG4,0.6194930141825497
LAMP3,0.12025007217920668
TM6SF1,2.890675161131521
CHAMP1,0.12054546409321412
PADI4,-0.24298393847769362
CIDEB,1.0849851398778845
CRLF2,-0.9997048141789513
NAALADL2,-0.2778106236036634
FCAR,0.06508181878550776
IL5,-0.44010698247667596
C1S,1.5183698155568426
HLA-DQA2,2.2968590220460627
AC018755.2,0.06347860959632132
MPEG1,1.6161177844827959
IL1R2,2.055270979781116
MPL,-0.26775913026949955
FCER1A,-0.01957639621808389
SNAP91,-0.5250528931787378
CHN2,2.9252430642988143
NFE2L3,0.19276979746019177
GSTA3,-0.43091639214269484
PTPRN2,-0.7526905513391194
BACH2,-0.2889981276846423
FAM30A,-0.06474319930523267
MAN1C1,2.3562111954099545
BATF2,0.6615929183652954
BEND5,-0.016403232808895166
SALL2,-0.6976989684567929
NDP,1.868175491341584
JDP2,1.5099793230830714
HNF4G,-0.1608135995249497
NR1D1,-0.0685050987021456
PPL,-0.1567360971425987
PIK3C2G,-0.5801743288762785
KCNMB1,-0.3943195245191259
GREM2,-0.16202919723260895
CCN5,0.4917238316138399
OTOGL,-0.35817805744941356
CGB5,-0.05485787087813655
CGB7,-0.4810917005603937
CGB3,-0.22814646335705202
PDE1A,0.5547377617383294
GPHA2,-0.024313035830080414
IGFBPL1,0.28656403215191995
PTPRR,-0.6422519389867022
TCFL5,-0.34015439810386894
TXNDC17,-0.2153497705707408
ZDHHC11,0.4577556446624786
SLC27A2,0.4556522088609854
RUBCN,0.36786568796590535
ACVR1C,1.4853038210024616
GDF11,0.6768747445274339
ERVV-1,0.7557746483237129
CAMSAP1,-0.648682899262736
NPHP1,-0.6307392867751667
BARX2,-0.9514624300075765
MAB21L1,-0.6208990057142201
GJB6,-0.2947440093554876
TOB2,-0.05826923948596132
CRISPLD1,0.37576794285265436
LEFTY2,-0.21001693411100564
ARID1B,-0.4645883598961647
HEYL,-0.5056746092115054
FOXE1,-0.7012041800412423
MTMR11,1.8269657708526201
ZNF8,-0.40222201776113514
DHH,-0.26359733615191727
INHBC,-0.5130989452828759
ZSCAN4,-0.2353823853040628
PNPLA2,10.579370820017596
MSTN,-0.3484464332776972
TBX6,-0.9043133763937419
CPXM2,3.3846879361931763
VCPIP1,0.37106074765746044
EXPH5,0.03697551607781841
MCM3AP,-0.4697306096038052
GDF3,-0.24992603524088924
GDF2,-0.6144538268816525
GDF1,0.6253396908993044
EYA2,-0.22094581582700049
CSH2,-0.4975870304127835
CSH1,-0.47023695529241094
BMP15,-0.5712751943520377
RCOR2,-1.1984819241761446
BCAS4,-0.1539678460306801
RERE,-0.29566286891576893
DNTTIP1,-0.6592062716806877
PHF12,-0.7022915235836746
ELMSAN1,-0.6478015534967094
MTA2,-0.6251450708385863
MTA3,-0.9809570134971074
MIER3,-0.47664838766713824
MIER2,0.0469825612736264
ZNF827,-1.0414113836981622
GATAD2B,-0.9766883393782806
LRATD2,-0.1571220299898665
PARP16,-0.3981304960511692
RPS6KA2,-0.2984562742129249
OLIG1,-0.47986939954056296
AGGF1,-0.5359244229858917
TSTD2,-0.535937765149309
SOCS6,-0.299036519448769
TRIM35,-1.134544790176882
TGFBRAP1,0.6173955616004276
PIAS4,-0.04776538288236079
TDGF1,4.200560713277696
VPS13D,-0.2583518812269366
ZSCAN10,-1.2039762299819878
NUAK2,0.34853195840030193
GLMN,-0.751812728762497
MEX3B,-0.11663000173784233
MAP3K13,-0.3111150526946752
SKOR2,-0.7749844986890596
EPC1,-0.04731903758922066
MSANTD3,0.25531542780499744
THRSP,3.1324597691025104
PKNOX1,-1.1913403037152932
GPALPP1,-0.8123990131228986
SALL4,-0.904989604424025
IL23R,-0.15475275610735673
ELOVL5,0.2109549110974571
CWF19L2,-0.7607789483752562
GTDC1,-0.6957181456653272
METTL4,-0.6241028147255937
NKX3-2,-0.7294840990541248
DNMT3L,-0.5457643959755025
MYZAP,-0.495632144479586
STIM2,0.44693711286504695
E2F5,-0.7726454553620185
EID2,-0.11655814591300077
GREB1,-0.4147564607862548
PARD3B,-0.32882100352052646
IL24,0.011368110356458643
CBFA2T3,-0.38972999084541027
BCL9,-1.0573431668617561
STK11IP,1.263212831066287
TENM3,2.7109941309739125
KDM6B,-0.14556536947015197
GOPC,-0.5734904052004844
RASA4,0.09722960984258659
TIAF1,-0.46946070790299055
WDR35,-0.28744870992744564
TCTA,1.5392091871414488
C11orf54,-0.10295403738647045
NELFCD,-0.5909793707330062
PYGO1,-1.1183433864766195
PYGO2,-0.6897118583716704
TGIF2,-0.9181247582972097
ZNF652,-0.6249032130919231
USB1,-0.20627457764138485
HEMGN,-0.12404085855262209
STK35,0.0567441993153544
ZBED5,-1.253313631525439
CRYAB,-0.4733959105422513
CFC1,0.4676402693780221
ALDOC,0.08587501030856305
DCP1A,-0.5436459970724112
RAB3B,-0.035124109459416006
TBX20,-0.36986383603849804
ZMYM5,-0.04298814074801334
FAM169A,-0.8639355636831721
PUS7L,-0.4361707361631768
DLG5,-0.3323927051931258
PLEKHO1,-0.5869398512957003
PCYOX1,1.1044175016359892
ZBTB8A,-0.6099596667892682
TBX19,-0.5440191850823628
VGLL4,0.29745686492522105
SOX7,-0.3192524835983685
POU6F2,-1.2592207738462988
CSPP1,-0.622848617728624
LSR,-0.06802535495094914
KMT2C,-0.7046926962207932
IPPK,0.11237269979403147
ZKSCAN1,2.8697995668286285
RFXAP,-0.5549723105081812
HOXA13,-1.0058970220936811
BTG3,-0.28821236443243625
HOXB8,-1.1099535519526242
RPS6KA5,-0.5226024781747008
CLIC3,-0.6918600281787244
BARX1,-0.9397404034799666
HAND2,-0.8883191295812908
RNF165,1.1049183515377672
TNS3,2.4479709195821635
TFAP2B,-0.09679068379325122
LOC102724428,0.08696569845323855
PEX6,1.117893138034084
TAB3,-0.0506135849597784
ZMYM1,-0.7820090030958416
DIPK2A,0.029677564431655708
SLC39A5,0.5043870690461847
HERPUD1,0.7051635550275245
CWH43,-0.5959057298954648
ZCCHC12,-0.40672903937809185
KCNQ5,-0.8376144188202779
SLC39A9,0.23721564861116662
ZDHHC3,0.6151391817194785
VPS18,0.4946034499814998
IRF2BP1,0.22860896256917526
UNC5D,0.38312231784445183
POLR2J2,-0.39524378548879335
FHL5,-0.7353093573084983
CTDSP1,2.465928198522865
MAST4,-0.041256674981139885
GMEB1,-0.8253577412088703
VEPH1,0.22816188491463196
NEK11,-0.870807014148843
UBXN1,0.12412551721032213
BTBD2,2.1012346025643183
PPP2R2D,-0.16482562809654583
MCF2L,-0.6548015558687473
BEX3,0.23285256408917054
RGCC,0.6168422685093946
MTMR1,-0.37584789019865744
GFER,4.622153092289919
MYOCD,-0.35347190769897185
SEMA6A,-0.09360430034945318
TPGS2,-0.2975263101557278
SH2D2A,-0.07600822605739123
C22orf46,-1.0411026880486196
FAM161B,-0.8496074448313403
RNPC3,-0.6072437840666893
FAM83G,-0.4637090741909722
GRIPAP1,-0.7471912542081789
C1orf116,-0.9370932011233336
ARSJ,5.851758484594154
DPP10,0.16735472301798934
CCDC25,-0.01865852887045711
HSD17B3,-0.12161853061442733
TRIM62,-0.7120174021907321
TCEAL6,2.201128255102896
MKS1,-0.39577299458903553
CORO2A,-0.34605345037123963
PBDC1,-0.7466165898434708
COMMD10,-0.463371649721858
LDLRAD4,-0.13988526225650255
PTMS,0.5551371933215662
PREX2,-1.1084599942639173
TAF3,-0.5434667626705653
ZCCHC14,2.797580857942646
MMP13,3.414766647740637
IQSEC2,-0.024662263932203565
ZDHHC4,0.5647346118305857
EBI3,0.10076100478661228
ST6GALNAC2,-0.6444852854953492
IL37,-0.840076229041051
RNASE12,-0.4082322787460438
DHRS3,1.0850294666443447
POU5F1B,-0.6362456834701332
UBL4A,-0.25373166313951334
DYNLRB2,-0.9863827488146722
GAS2L1,0.32348794572869854
RSPH3,-1.1825463124170859
TNFRSF19,-0.2508689259485093
TEKT4,-0.015400549934025301
R3HDML,-0.32342531090294563
TRANK1,1.8264896704749456
C15orf39,0.5837203967234496
KIAA1522,-0.45693159041355097
BCL9L,0.4919834188381257
APMAP,1.746436979313181
CFDP1,-0.4380405124658968
IL36RN,-1.0101263465457149
IP6K3,-0.8431488235916131
NOX4,0.5196085841468094
MN1,0.30607766088050314
TTC9,-0.43855049449812883
KDM5C,0.008335112639856831
HOXA10,-0.8540161769234326
PPP1R12C,-0.31187242207572363
PDZRN3,0.2955402309969328
SLC9A3R2,0.10889610385513655
TBC1D10A,0.9912862137824148
SLX1B,-0.1118640595894385
SLX4IP,1.1633809068823842
EME2,-0.09986828210450979
XRCC1,-0.2873422963607696
ZNF500,-0.6791978080797156
SLX1A,-0.32817959516024503
CARS2,0.45879325608179006
CCDC130,0.3228095906081492
FANCE,-0.01169065891160783
FANCB,-0.3925624998752524
FANCM,-0.7435728057353301
APBA3,0.5826290166732232
GEN1,-0.3829957636145362
ZNF202,-1.1649814045846136
DCLRE1B,-0.789838252037022
FAAP20,-0.4227059097247962
ZNF692,-0.16893541513931237
ATG4B,3.891189741727603
METTL21A,0.9743353633151953
WDR73,0.06879310850933457
PCSK9,4.2546976803462435
MECR,0.42648839301080016
NRARP,-0.6893208338332414
AP1M2,0.2975945932402893
KIAA0319,-0.3288065316068957
DNAJC6,-0.1370800348615836
LDLRAP1,0.1762586983687677
AP1S3,0.6039571141614994
SYT8,-0.03238674731919708
SYT9,-0.026528998448456506
SLC2A8,0.8457233030196885
SYT2,0.6250609684801046
TBC1D8B,0.4739310818082222
FASTKD5,0.13018657582922313
SYT11,1.8889732730003148
PACSIN1,-0.1820959404278739
FCHO1,-0.47960865986044393
SNX18,-0.015389866542884604
SGIP1,-0.18024688153117538
COQ10B,0.3102838675300526
MCF2L2,-0.6681883722565283
REPS2,-0.14058839127276698
SPATA1,-0.46948617738819354
TGM3,-0.6081841395830748
KLK12,-0.7020466669436787
KLK13,-0.924560890665539
KLK11,-0.02959715721902151
LRFN3,0.36684631969952225
IL36A,-0.9238853158885671
SLC16A10,0.6648655265179183
DIPK1A,0.6827350036227948
UMODL1,0.2093382246005639
KLK5,-0.4433139287118969
FAT2,-0.8291163899553223
PRSS27,-0.5292434037270448
TYSND1,-0.29403973912644643
SLC7A2,-0.34241354157589465
SEMA4F,-0.44903270471195855
HPR,-0.556129832268118
PRSS57,-0.7115444982110283
SERPINB13,0.7392903338258805
SPRR3,-0.5984044285286882
AC011473.4,-0.831516261858871
SPRR2D,-0.7191175221081653
IMPG2,-0.8960477067170722
KRT78,-0.9283486948907151
HTRA4,-0.2843456212033442
TMPRSS11A,-0.7571053858484328
TMPRSS11E,-0.6110958708677683
TMPRSS11F,-0.8573636700350965
SLC39A3,0.028671263616873156
DSG3,-0.29249928999584646
GLTP,0.19090784588365464
GALNT11,0.2259324753984306
CAPN14,-0.8146446989206966
RHCG,-0.5009196098613307
A2ML1,-0.14170576215378555
DHFR2,2.096940458268157
GRHL3,-0.5951372711051036
GALNT12,0.3153300214213434
GJB2,-0.3042184355011287
CNTNAP3B,2.537423207376322
SPINK5,-0.6884391051194662
FAM241B,-0.30721822058935894
ADGRF1,-0.6932085310289268
TMPRSS4,-0.7619063512249876
CRNN,-0.43552087989455185
GBP6,-0.5964929880859876
TMEM51,0.8775445858133025
FAM129B,0.623525657489881
GPAT4,3.265674706494364
NBEAL1,0.686607872881192
SLC12A7,0.5362533172760047
SLC12A6,0.14752638355269834
SLC6A8,1.0389207264373863
ATP6AP1,0.9850080760272227
FLCN,0.32564104679467437
AP4B1,-0.018598078074846036
CASP5,-0.06216236068374015
FAF2,2.7204776724474793
USP50,-0.6615119528781694
WASHC2C,-0.006871227443709506
PACS1,0.016195188918799956
SEMA4G,-0.8649256716677898
SMR3B,-0.6158154197201671
PRRG2,-0.48609025032877196
ACE2,0.26227038605540304
DUSP21,-1.1297354888638502
BNIPL,0.18085298685708473
IAPP,-0.7053045415001092
OR2H2,-1.2243243586669659
CLCA4,0.132215624891472
SIM2,-0.817540888202368
GJB5,-0.9591375652623305
CRISP1,-1.4457317489845813
DCSTAMP,3.279850680817186
FUT2,-0.10034349050970338
GSTA1,-0.2544842320812224
SIX2,-0.8103526241192753
FGFBP1,-0.832963606687975
KLK4,-0.603649504911902
RFX3,-1.3668056823885124
SEMA4A,0.0827381419372846
TMEM40,-0.6080333193142724
LCN15,-0.08557152811942038
STH,0.15797152243316998
NUDT7,-0.35124447098052763
SERPIND1,-0.3541509418497909
SCEL,-0.5284310543263323
TTC22,-0.8049743142653812
KEL,-0.5360828101437133
DKK4,-0.8272446054671838
RNF39,-1.0661651945245119
PRSS8,-0.37972730966549983
PADI3,-1.0913165799654734
ENDOU,-0.12202582556083408
KRT35,-1.0773892427245686
GPR35,-0.8697135155477737
CLCN5,0.46498838121244024
PRSS55,-1.3767870751908837
STX2,2.6212859353268994
IL36G,-0.5273861368178833
ECE2,-0.9546367394044494
KRT33A,-0.8991888120930127
KRTDAP,0.3161750115693571
SPINK7,-0.12834143424663513
SERPINI2,-0.8045332965946076
ZCCHC4,-0.9257786062000436
SPAG11B,-0.5803973525392191
KRT24,-0.637649337860014
TBXT,-1.017754837900406
DLK2,0.02451649175082458
NOX3,-0.7141457377698415
SERPINB10,-0.6070721395428256
TMPRSS13,-0.7170909413449761
ALOX12,-0.33470468688181315
SPINK6,-0.20943324195392626
WSCD2,-0.6548838720876364
CNTNAP4,-1.0103509251187406
ELF5,-0.7120358511923837
TMPRSS2,-0.7479225823446578
LUZP2,-1.2970491994395867
ADAM20,-1.303482444477855
KRT32,-1.2638455147589798
KLK14,-0.1484927645876618
UPK1B,0.20013479021904862
VSIG10L,-0.07580974633834806
FCN3,-0.20209376379868207
PRSS42P,-0.6681646015232394
OPRPN,-1.2755375359057832
FIBCD1,0.23690856113575928
SPRR2B,-0.6606068335530273
ZNF750,-0.4257434334752433
SERPINA10,2.481357117564149
CNTNAP3,2.179243919388767
VGLL1,-0.845600297910332
C10orf99,0.5942056080838876
CELA1,-0.40174277443748485
IGFL1,0.030961556765774043
SERPINA5,0.17622724530490644
ALOX15B,-0.16454577622084338
PRSS45P,-0.6149861561945642
KLK15,-0.8093814995740995
PRSS48,-0.8007995214993053
PRSS38,-0.9784225814236118
TMPRSS9,-0.8274951578964831
TMPRSS12,-0.2400778030094238
TPSD1,-0.9324240815604824
PRR14L,-0.04100607659633766
TMEM212,-1.2499242868845013
TECPR2,2.8165907168890025
RLN2,-0.9744630707722728
GPR32,-1.3263036510780493
RXFP1,-1.422854910402109
GPR25,-1.0747789730367074
ADM2,-0.8580799623742202
RAMP1,-0.9255002482266059
PTH2R,-1.0855634163802377
RXFP2,-1.1656702873481994
GPBAR1,-0.4569243170265714
MC3R,-0.2552916884454641
PTENP1,-1.268494093721168
SLC22A3,2.9119577506731416
GPR176,2.172292004481175
GPR83,-1.0974913192173568
GPR84,-0.8704338279837208
TAAR6,-0.6942907286616052
TAAR1,-1.2526773447165789
GLP2R,-1.0726001391702684
GIPR,-1.097834053604508
GPR45,-1.3939625128595985
CALCB,-1.4391313693293135
DHRSX,0.48685648981684926
PNPO,0.26263418827404217
SLC29A4,7.718209053814453
FCSK,3.6402001412109586
ABHD15,1.7245328442678676
TRPT1,0.7547379252115684
SCRN2,1.6071938142636664
MARC2,0.012294347031813226
MXD4,1.2995778175341672
DCXR,0.6223309328013112
P4HTM,0.8118962546330711
ZBED3,0.36279063629900576
DCAKD,-0.34213263433471175
NSMCE1,0.6523306007238117
OCEL1,1.2373360698608944
C8orf82,1.2847383096511658
RAD21L1,-1.3028131152452083
DRICH1,-0.5407990976797854
IZUMO1,-0.4771708094665806
FAM71D,-0.5047983691100258
SPATA46,-0.825584571111374
ENTHD1,-0.6296700901435589
TEX29,-1.2203849106524458
KRT25,-1.421108030055718
MCMDC2,-0.8409274304079353
C12orf40,-0.6417725563588009
CCDC158,-1.141799869199047
SAXO1,-1.0672896211207608
KCTD19,-0.8789261053222154
FAM24A,-0.8365914059609874
CAPN11,-1.3361929775719144
AL035460.1,-0.3847008667574162
TBC1D21,-0.8074708632748289
TEX44,-0.7141593343067951
TSPYL6,-1.128531727798983
STAG3,-1.0076600048303517
FAM47A,-1.3350280353968063
IQCF6,-1.1885444070508646
TEX19,-1.686241773210414
TERB1,-0.9947372197703935
SYCE1,-0.751326284976133
RNF151,-0.8565551056987313
CT47B1,-1.220816577593395
CCDC36,-0.791146405884286
CCDC27,-1.4329215314556711
PLAC8L1,-1.0500542041643066
C11orf94,-1.1991403468310018
LCA5L,-1.0253160167800957
IQCF2,-1.0829506316665645
TCP10L,-0.9469181574736277
SCP2D1,-1.0085403691209758
ANKRD60,-1.4241687658820776
DCAF4L2,-0.8756898198255084
BPY2B,0.3193924236836275
REC8,0.07903435331579407
FAM228A,-1.1933330417756682
SPATA3,-0.9780372976246557
PRIMPOL,-0.21967770693037367
CCDC15,-1.7954077265614068
FAM161A,-0.8583777817705751
FRA10AC1,-0.6380264872318601
CCDC66,-0.5784432381743984
TMEM116,-0.2254567467156042
ABRAXAS1,-0.2530432497746385
SCRN3,-0.033987968795080405
ALG10B,-0.1725986023061954
DIS3L,-0.556833382980859
FAM149B1,-0.8878427031935118
TBCK,-0.4406082433132094
ZCCHC9,-0.5799731931617241
COA5,0.07301099401754423
DUS4L,-0.9778046097648055
CNPY4,-0.5729089299867556
ARHGEF18,-0.031317609213943456
SNX5,-0.39643162428466433
TRIM56,-0.40660553032668545
MYEF2,-0.9861842189411878
FAM117A,-0.029447101290036054
BTN2A2,0.38279676977713656
SLC36A3,0.32458754543278245
ZDHHC14,0.3691889858976844
TGM7,-1.1971237207795609
TMEM104,4.92720161397513
ZDHHC18,0.16111109595692163
PIGC,0.4541267082890285
MAFIP,-0.7189280095053615
PMFBP1,-1.276053098954079
SLC38A11,1.9598532303132095
SLC36A1,1.1366936080666203
ODF3,-1.1138480215262114
SLC38A4,0.2512021474283407
SLC38A9,0.5495444584974495
SLC38A8,1.6998786977160687
ODF3L2,-0.7205863013092183
ODF4,-0.618443106089469
HSDL1,0.27124930213422777
ICMT,-0.13363668520534175
AQP4,-0.07815886722946551
ZDHHC9,0.4758725845498217
CCDC114,-1.272079254052619
C16orf92,-0.3224412857265799
GDPD4,-0.6227030899127842
REEP6,0.05093848565618143
RAP1GDS1,-0.4731160121279472
DCDC2,-1.2475756555043984
SPDYE4,-0.5081485390370448
GDPGP1,3.7975327638967387
TRIM49C,-0.7925312345551584
MCM8,-0.5022896641750109
MRPS17,-0.6208709844188273
ZBTB9,-0.5201608452662858
SUMO1P1,0.09693191852525643
MIPOL1,-0.4334566376019176
INCA1,-0.2298452810312721
MASTL,-0.8975032897337016
BCL7A,-0.47831054602119505
GAS8,-0.48030685757841785
PRELID1,0.3269859569028747
CCNJL,0.07779828831341332
CDX4,-1.2163217529022916
CCNJ,-0.9325113692481675
CT45A1,-0.03262326524810315
TMEM97,-0.23517830768697703
ESCO1,-0.9088314545979691
SLC47A1,6.5375131329785185
SLC38A5,0.3319779684897775
SLC38A3,-0.4381744666933547
SLC7A8,0.3579873765351326
SLC7A3,-0.14336694018436033
SLC3A1,0.33131466798800857
ELOVL2,-0.10888077341999015
SLC36A2,0.39957888470401687
ATP5F1EP2,-0.051243402029150044
CLTRN,-0.26172523598905556
ELOVL3,0.708401160747307
SLC7A10,3.2417633323155366
EXOG,0.11318858391711567
TNFSF14,0.10079690196009414
ADAT1,-0.1621685675237566
AK9,-0.34301030683764866
RIPPLY2,-0.27211288181949767
TUBB7P,-0.6681466047770428
HYI,0.5720803824138739
HDHD3,0.46160823414449687
CRELD1,0.9108123531301416
GSTM4,-0.10983222973278525
C4BPA,-0.33688962260448735
TMEM222,1.065583117536311
IDUA,3.4112989766265613
TRIM45,-0.6920737269719487
AVPI1,-0.1819492703661097
ECHDC2,0.5048358346636339
MROH2A,0.7640586982636852
ERICH6,-0.5444587003324622
HSF5,-1.0181183615847578
PROCA1,-0.6131192194796381
FAM71A,-1.0985844566964704
TXNDC2,-0.571477667074632
ROPN1B,-1.0578032095945007
TENT5D,-1.1993701400032595
SLC9C2,-0.5405317765502247
C5orf47,-1.276504048869071
PPP1R36,-1.2516672557324273
SLCO6A1,-0.8872583101441893
TMCO5A,-0.641836486406035
FANCD2OS,-0.7958230934287102
EXD1,-0.5768199947969228
ATXN3L,-1.245277003772599
CHODL,-1.2503715340892307
TEKT5,-0.5718622249084362
C16orf78,-0.6862041231174184
CCDC54,-0.9005703135251648
CNGA4,-1.0165057180091592
IQCF3,-1.042672950669006
DMRT1,-1.2597109115458833
UBL4B,-1.071951599197364
CFAP97D1,-0.883972202545121
MAGEC1,-1.3217615729089647
SLC6A16,-1.0430659188308238
SPATA32,-0.20038848406787926
AKNAD1,-1.0883771606143582
LYZL1,3.8745343908531678
NUTM1,-1.2257038161663916
NUP210L,-0.953678112162537
BPIFA3,-0.8731720331192527
BOD1L2,-1.2617197621928726
BANF2,-0.9465422518936755
CALR3,-0.4455513924766323
POM121L12,-0.30937432697116496
C1orf100,-0.9059941335675303
TEX36,-0.282030958777758
CCDC168,-0.33694455468889306
MGAT4D,-0.49821976425499476
TMEM31,-1.0103180211518645
H1FNT,-0.4546047176402822
HORMAD2,-0.7304342097107281
CATSPERE,-1.2402173052814003
PLAAT1,-0.522080594830486
FAM9B,-0.9887252994700133
SRRM5,-0.9857707772519604
SMKR1,-1.342265785527051
C3orf22,-1.035175647668595
CMTM2,-1.024438881350126
SPATA4,-1.3097535330658594
ERICH5,-0.49643643319642217
IGHV4-34,-0.21354022326804742
IGLV2-8,-0.20007520559640066
IGKV5-2,-0.20073550738565946
IGHG4,-0.030427633378333745
IGHV3-11,-0.21354022326804742
IGHV3-13,-0.21354022326804736
IGHG3,-0.011070315308000333
IGKV1D-39,-0.159766644525868
IGKV1-33,-0.2007355073856618
IGKV3-11,-0.20073550738565946
IGKV3-15,-0.20073550738566182
IGHV3-7,-0.2135402232680474
IGHV2-70,-0.21354022326804742
IGHG2,0.17654632949727858
IGKV1-5,-0.13522940818437398
IGLV3-21,-0.19577181479940414
IGLV1-47,-0.20007520559640066
IGLV1-40,-0.20007520559640068
ELMO1,-0.18781786527056
IGKV1-12,-0.20722156773460676
IGLV1-44,-0.20007520559640066
IGKV1-16,-0.20073550738565946
IGKV1-17,-0.20073550738566176
IGLV3-25,-0.2137999530377968
IGLC3,-0.19842237756559544
IGLV6-57,-0.21868078524872825
IGLV3-27,-0.20007520559640066
VPREB1,-0.3637888022243836
IGKV1D-33,-0.15976664452586797
IGLV7-43,-0.20007520559640068
IGLV1-51,-0.20007520559640068
IGHV1-2,-0.21354360481888326
IGKV1-39,-0.20073550738566182
IGHV4-39,-0.2135402232680474
IGKV3-20,-0.1934653784359991
IGKV2D-40,-0.1783888190529487
IGKV2-30,-0.20073550738565946
IGKV4-1,-0.2066097041511544
IGHV3-48,-0.23973616548634374
IGLC6,-0.1967310068706649
IGLC7,-0.19842237756559541
IGLC1,-0.13370191054316988
IGLC2,-0.1578986664432802
IGHV2-5,-0.21354022326804742
IGLV3-19,-0.2008992129703015
IGKV3D-20,-0.20091349213333828
IGHA2,0.0412403793720849
C4B_2,0.03377953769081276
IGHV1-46,-0.21354022326804742
IGHV4-59,-0.2135402232680474
IGKV2D-28,-0.20700937596124053
IGHV3-23,-0.22011011413426373
IGLV2-23,-0.20007520559640066
DAPP1,-0.17597738218290748
IGLV2-11,-0.20007520559640066
IGLV3-1,-0.20007520559640068
BLNK,-0.10076978880103069
FCAMR,-0.3980820654842259
IGKV2D-30,-0.20091349213333826
IGHV3-33,-0.21354022326804742
IGLV2-14,-0.1864467371381557
IGHV3-30,-0.2135402232680474
IGKV1D-16,-0.21483847904844686
IGKV2-28,-0.12656193858460996
IGKV1D-12,-0.20073550738565948
IGHV1-69,-0.21354022326804742
IGHD,-0.20807756674696148
IGHE,-0.22484502280618107
IGHV3-53,-0.2135402232680474
IGHM,-0.2176047628276577
ERICH3,-1.4293974771122828
CFAP299,-1.3661009064807528
FAM81B,-1.2712770149297365
LRRC46,-1.039271372830245
DNAAF1,-1.1137908630048432
RGS22,-0.7627650321444283
ZBBX,-1.4230053516915082
CFAP300,-1.3786343606672153
C1orf87,-0.6078784993335449
LRRC73,-1.0299113481211515
DRC1,-1.3965785574621765
SPAG8,-0.9994548279043574
CASC1,-1.2449270946906608
IQCD,-1.3000035636683607
LRRC71,-0.8293276565882942
C1orf194,-1.352519765868037
CCDC173,-1.3675543266624066
SPACA9,-1.125900414122196
TMEM213,-0.7984801250080709
DMRT2,-0.8958566193838974
TMEM174,-0.36337754205647693
SLC4A9,0.8977069784031654
SLC12A1,-0.34227064941203506
TMEM207,-0.40691351549629123
ATP6V0D2,-0.5590924811882382
TMEM72,-0.5636258888061827
GRAMD1C,-0.23190748523645896
ALG11,0.008653089847502664
TMEM61,-0.7984801250081281
TMEM52B,-0.37771599390488514
SLC7A13,-0.18815591846089352
ATP6V1G3,-0.41586282659426216
ENTPD2,-0.9653365544956951
ANXA10,-1.129764961716043
ACSL6,2.7873401585784836
SCNN1D,0.29475864560529474
TDRP,-0.8954596881273841
ITPK1,-0.11835646852622889
KLHL35,-0.6742610790208194
C7orf69,-1.3230436042472087
SLC24A1,-0.9606853595835446
SLC25A42,-1.1269432043583902
MLANA,-0.8526030094847539
MTG1,0.2725156773174041
DPF3,-1.1322302748458661
GPR143,-0.5918476680296035
POU6F1,-0.5390510565507232
FAM107A,-0.24658431625196117
TMEM154,0.09498010503398101
DPEP1,-0.07155214501420404
MMP24,-0.4349963270927605
GLRA3,-0.9572155713601993
C14orf119,-0.8810191865013552
UBXN11,0.14675126681706877
CTAG1A,0.016992077722589996
MORN3,0.21977440665008025
MRPL41,-0.415063403957444
CHCHD1,-0.18035866923987184
RAMAC,-0.8906045434046562
LAMTOR2,0.7322238379928859
EMC4,0.2813668919457958
BEND7,-0.30353436875669476
DECR2,0.6110090612913888
SFT2D1,-0.22827619456039716
PDZD11,-0.32697327158782596
PBX4,-0.7521947066446614
ARID3C,-0.71236017278974
OCA2,-0.662578170983303
AIFM2,4.3283201316687725
HPSE2,0.07946617298893922
GPX5,-0.8289916087282916
CBARP,-0.9436465588932568
TLE6,-0.841936519005613
GARNL3,0.13096696632649502
S100A5,-1.065977186247653
TMEM151B,-0.9258741918598106
CNTF,-0.4251426049046293
HOXB13,-1.1130303063477462
FOXI1,-0.895429990369782
NCAM2,-1.058743412436232
ANGPT4,-0.7993891884450672
IL9R,-0.07505902919485159
PDE11A,-0.8832934087456359
SAMD4B,-0.9042274493407231
CFHR4,-0.8049214830160386
OR10H1,-1.280088203435968
FCRLB,-0.2848687412080609
NXPE4,-1.0741815496235212
SNTG1,-1.2457875447075426
AQP8,-0.46964855822124296
GPA33,-1.2004026106516466
PRAMEF12,-0.9525614565905299
KCNV2,-1.0014572803800053
RGL4,-1.1478474630192577
HHIPL2,-1.3416664986785254
PRR34,-1.1509247081377219
ADPRH,1.10217778770947
CHIA,0.9176656130637548
LALBA,-1.1008897938482802
C9,-0.34743639955173217
ACSS3,0.36052750139619555
ADAM21,-0.7332778666912181
PEAK1,-0.9166054748607855
BPY2,-1.2920081298624375
RTP5,-1.0830192199803548
AMOT,-0.6331509594284418
C1orf105,-1.1660962514224142
DEFA1B,0.6850345982799881
AKR1D1,-0.3905123029090919
KCNK10,-1.1078774859633003
TEX13A,-1.6998982928672348
RLBP1,-0.6484742307968424
SLCO1A2,-0.9369544449749637
GPR135,-0.6381640526994922
EDA2R,-0.37955631367297504
GPR62,-0.26601592149838155
OTOF,-1.0232749170167834
GPR3,-1.091272187965922
PDZD7,-1.2177666851893305
OR2F2,-0.9983046720142503
POGLUT1,3.539559563534767
EN1,-0.4611887144152557
COX10,-0.07501041291556762
SLC6A14,0.03923106117178152
ART5,-0.09986980016354968
RAB39B,0.20688774564252232
ARSK,6.488303634134024
HERC2P2,0.029390307734702838
DNAJB13,0.059602753672877595
FAM92A,-0.32010023262960347
RHCE,-1.0509708018754094
STAB2,0.32634666815860447
NIPAL3,-1.1799731658668495
RAB3IP,-0.46560717744772817
CEP104,-0.6280945693716494
PIH1D1,-0.046093301169223465
KIF24,-0.6300198455075865
LEMD2,-0.3879888139545838
C2CD3,-0.6812422583475867
FKRP,0.08876954140087376
LIPH,0.2212290611153503
CEP89,-0.6726776480624869
AJUBA,-0.871024141504953
CEP78,-0.8860733063101962
DPPA3,-0.6591912821863674
SPRYD7,0.041925018690342125
B9D1,-0.5239774157850361
TCTN1,2.9073908137940796
SASS6,-0.9516586206860619
SDCCAG8,-0.660465576254416
NPHP4,-0.9095722311140584
CEP162,-0.6588077713722859
IQCN,0.04161853750787765
CEP41,-0.5765783579129452
ALG14,1.1359632769085701
CEP152,-0.6932417922189911
PIP4P1,0.3357465137642916
H3F3C,-0.7771859809505774
AK3,-0.2315393739856975
C17orf49,-0.29707786029248684
ARHGEF10L,1.9410057636057714
FEZ2,-0.1341218844547848
MICOS13,4.636384715196743
HIST2H2AA4,-1.1982414905668965
AGPAT2,3.139000987750547
TIMM17B,0.2799824164121693
OAZ2,1.2898144089792418
C20orf27,0.6891231679606231
LNX2,-0.476616995823273
ASMTL,0.6679796572786876
TBPL2,-0.69271736388802
DGKZ,0.23644487729376273
TSR3,5.791677585985264
C11orf49,0.06030828470469892
TSPYL4,-0.5314303610857765
IL11RA,0.5901077358369783
HES7,-1.2177620934030806
TRIM54,-0.7125843956952603
TMEM8B,0.6365285642551637
CCDC136,-1.1022103543493151
GSTA4,-0.050980376930189045
REXO1,-1.0616514529441008
DMAP1,4.4791962730683155
FADD,3.0785127038104476
KIAA1958,-0.32105895543821
CNTROB,-0.5243906953036549
KXD1,-0.016348311028816166
SSC5D,0.5720171938569996
MAGEA11,-0.301478255529082
MSANTD4,-0.8272640629240057
CDK11B,-0.6791288974379402
NMNAT3,0.32468456565109494
SPOCD1,-0.021525435980000725
KANK2,-0.5537812115680569
PIH1D2,0.3167997188269099
LDOC1,-0.8190064816660778
NECAB1,-0.7005990613913775
RNASE4,3.071056524730513
KCTD10,-0.19171272457091504
TCEANC2,0.18534028376921566
AGTRAP,0.08861832244813254
BHLHB9,-1.0321526428225256
ZNF526,-0.5833982769823484
KCTD7,-0.7864258219575798
ELOA3,-0.3023939810257351
PNMA5,0.09112420221394865
HIGD1C,1.0305239980367777
NDRG2,0.9602786485251361
RPH3AL,0.25023779329136525
ADH1A,-0.029761118073111964
SETBP1,-0.6600089936934
CHCHD7,-0.19727062136095846
RGN,-0.3590703733339946
NAPRT,0.2574579116215317
TMEM106C,-0.6694256618167614
DUSP19,-0.9472256820465944
MEI1,0.6319797564570775
CPNE5,0.25396314242093776
ZYG11A,0.1636219927037652
GATB,-0.024637094168634334
MRPL14,-0.08529737896632927
FUNDC2,0.02296064547995975
PET100,0.3065205201908806
INMT,-0.48977167475908295
ABCB7,-0.14151279805909878
CIDEA,3.4794204726285844
TOMM6,-0.002388208794939184
COX20,-0.17050240393660204
MAGT1,0.7558680963952175
CISD2,0.13864472811752213
BCAP29,0.5948695745934409
BFAR,-0.21092724975496976
TM7SF3,0.7314498137922101
CSNK1G1,-0.7000366958263033
MOB2,0.2757025909053447
YEATS2,-0.6521279090475022
AC129492.3,0.13883072355090992
DUOXA2,1.07615765005155
ABCA12,0.1392126786721166
ABCA13,0.03913321877753707
DUOX2,-0.25529703335439713
NOXA1,-0.20550885271786942
MMP16,-0.6845986273276474
DIP2A,-0.09495023751181726
CCDC144A,-1.6944843008634973
BTBD18,-0.8046699709006218
FAM189A1,-1.3676992272729633
PCDHGA10,-0.9439626139603392
SPTLC3,-0.06562419771319696
CXorf21,-0.19813743037812762
TM7SF2,0.8715548561878292
IRF2BP2,-0.11842727150986987
APOM,-0.26436623774476337
PTPN3,-0.7742282472194932
B4GAT1,0.21816939280893125
DNAJC12,0.23636886365445695
MPND,0.7692841758362371
RMDN3,0.5094524874990061
TIGIT,-0.16004346355721577
SIRPG,0.025401442942583452
KIRREL2,-0.1056742168643025
SLFN12,0.24865425163341343
SLAMF6,-0.32740740431331306
KLRC3,-0.2119856769890942
OSTCP1,-0.42646172933210175
GIMAP1-GIMAP5,0.10471242113847185
LNPK,-0.9283281653295294
VMA21,0.7799062489267098
ARSF,6.107826575055702
TMUB1,0.6384139851060558
TNFRSF25,-0.32801569836771644
TMEM42,-0.20329733118097362
PDXP,-0.24292976725037532
CLBA1,-1.452683524371809
CDKL5,-0.9889957976129633
HOXA4,-0.8163398861623093
KIF25,-0.7667658915811802
CTXN3,-0.6039896204404357
AFF2,-0.8730382545098863
TRPM6,-1.1120186197438098
RSC1A1,-1.1005948909373382
MS4A13,0.3653976491240596
CRYGA,-1.2431828934181208
DLEC1,-0.94875123428453
MPZ,-0.6742906628874349
RNF122,0.6496660047344004
SQLE,0.5724221460008352
L2HGDH,-0.10531984624087093
GGTLC2,0.12635664266117128
PYROXD2,1.359204616666795
LIPC,0.22011550592192067
AMACR,0.35696279544182147
ALDH5A1,0.10320661073443425
ADHFE1,0.25180787936553023
CEL,2.684900911073707
GATM,-0.03202155116765506
MT1G,0.6454592622122233
PAOX,0.32175781196551473
ITIH3,-0.3046802764143632
GDPD2,-0.6440448364898209
EPB41L4B,-0.7769977349230848
SLC35G1,-0.4905262565670053
HAL,-0.21827810492235195
KMO,4.842444017486466
FTCD,-0.2859508850182226
OGDHL,-0.04922228137005991
SUOX,3.6408489484517497
ZBTB7C,0.3381260862912338
AADAC,0.07462188444908202
ABCC2,0.12654480534223625
PECR,0.5748904523834166
CRABP1,2.162079391065307
PRAP1,-0.009361014104802489
ELP6,-0.28810340845452603
ELP5,-0.24951890392659504
UROC1,-0.4153987628628105
AMT,1.5459675467214862
KDM1B,0.45120377956623503
UGT2B15,-0.005343985968404725
IL4I1,0.5861103545900879
ADH4,-0.03146770653548967
C21orf62,-0.6286059009300463
ODF2L,-0.8116800616890184
CRYM,-0.2605269548309271
CCDC116,-1.0308435941743475
ZDHHC19,-0.9982353970281028
IZUMO4,-1.1888523803066477
MROH8,-0.7606280303982942
TEPP,-1.0500144226865664
CTAG1B,0.033701087326891525
C2CD6,-1.2527786124143434
HORMAD1,-1.3585451343281907
USHBP1,-0.5521105760801099
IGSF11,-0.9741334235381424
C10orf53,-1.0559438670468777
DSCR8,-0.8744455639460872
PFN4,-0.7972385885807801
GLB1L,0.08522821628540801
RNF113B,0.18156020673447484
TMEM202,-0.20186337401835494
OOEP,-1.1255955342343862
SPATA31E1,-1.0139078355337885
GOLGA6L9,1.7393223158325526
C8orf74,0.020166679522669272
STPG3,-0.18376579958164002
C17orf64,-0.4818474790972235
VCX3A,-1.3440497662433115
KCNA10,-1.055745876725291
MEGF10,0.3899040059967864
RASA4B,0.7176718611550146
TSPOAP1,-0.7733603384965679
GYG2,1.4182291094972455
TEX45,-0.292950714675664
TSPAN12,-0.057629765586953985
NLGN4X,-0.1619586063003466
RAB3C,0.20164592740912612
UNC13C,2.9546688159558374
GULP1,-0.01804133725543174
CCDC40,-0.728703467668474
CFAP53,-1.3833262952765315
SPAG17,-1.268023429860983
RSPH9,-0.7476789538994829
DAW1,-0.9655495650930948
TEKT1,-1.0846759088360538
RSPH1,-0.948616315043577
TEKT2,-1.4367970972303696
CFAP100,-1.3917352308247757
TEX26,-1.3786887230864278
DRC7,-1.223345817153163
CCDC39,-1.3254286638869193
CFAP43,-1.4423510354606457
LRGUK,-1.33193561555005
TMEM95,-0.3738919655113184
C20orf85,-1.2326924716310037
CFAP52,-0.6975467133725594
EFHB,-1.5346634462862199
KCNIP4,-0.9661035073603901
ZNF462,-0.6005476763640168
TGDS,0.24699184270162367
ZNF280C,-0.6407163089929503
YPEL2,-0.293220389904172
C1orf52,-0.6985098163377481
UIMC1,-0.5374942031970723
TANC1,-0.7727848673106638
EDRF1,-1.0315988484222458
PFKFB3,0.05801120880140246
LINGO2,0.155324938346314
SCAI,-1.1941831118916602
HILPDA,0.11848065996524668
ZCCHC2,-0.030393643322203668
PCGF6,-0.43748659334000317
ANKRD37,-0.6762135473768752
TMEFF1,-0.06994518189085391
AHDC1,-0.3996719241859138
BCL10,-0.2520091393444726
CCDC112,-0.9237718503075512
LURAP1,0.4268183626954396
TESMIN,-0.7703969963760696
PM20D2,-0.5661713771683592
REEP4,1.0240920265566407
MAP7D3,-0.586514918554981
FSD2,-1.2071961870591619
TEX9,-1.0007127651196015
CFAP97,1.7677233075953382
USP17L30,-0.33535914580977577
USP17L2,-0.14367177761445002
USP18,0.014093448165892482
USP17L28,-0.33535914580977577
USP17L29,0.14606034095690015
USP41,-0.08227805496472333
USP17L27,-0.3353591458097757
USP43,-0.2840090074864817
USP30,-0.12356226641529428
USP35,-0.5608230073116128
USP53,-0.11098342831752975
USP51,-0.7048949534539014
USP40,-0.2183972908619066
CCDC110,-1.3556663891646812
TBX22,-0.5259584999706804
EQTN,-1.0243270544459449
CT62,-1.1307399070031317
MYCBPAP,-1.1711279326028132
PDCL2,-1.3061623259241975
C7orf31,-1.1833607927512484
ZNF165,-0.6954436096537062
C6orf201,-1.215709467804763
NUPR2,-1.0802889332020127
GKAP1,-1.1822830958637243
DEPTOR,0.17243529989863018
SPACA3,-0.3824816281886732
MEIOC,-1.111165781230784
LRRC3B,-0.4195792432151562
OSCP1,-1.1895733451118107
CAPZA3,-0.9210267874361714
PPP1R1C,-1.12918239274596
FAM220A,-1.2487756936700571
NT5C1B,-0.5913561241612028
OR2C3,-0.9489795543084195
MS4A6E,-0.984064249071047
C2orf73,-1.3145483491821761
FBXO39,-1.2717880007501472
ABCD4,-0.01825618391202586
FAM234B,1.8773248979926256
DLEU1,-0.027637395247621512
RFPL1,-1.0023610928341744
ACSL5,2.7335218614723242
ABCA7,0.247009611203749
ABCC11,0.40882358395251767
ABCB5,-0.05772294904442492
HSPB2,-0.36256248694792087
ABCB4,-0.21382510064030671
MMACHC,-0.3603813542732316
ABCC12,-0.4821764502030201
ABCA10,-0.06157182473245768
ABCG5,0.007602061954950787
ABCG8,0.06338458295765763
ABCA6,0.11137726431422289
ABCA9,0.06447036299737752
MRPL44,-0.6333693971397159
CCDC43,-0.6636388262553966
ZBTB8OS,0.0418200581426488
ELOA3D,-1.1613557421194023
TOP1MT,-0.9530696069571176
ELOA3B,-1.1613557421194023
RUBCNL,0.7409152489062342
PNMA2,-0.6378744864751575
RALGPS1,0.12461159343325255
SHROOM2,-0.5276587013368637
NPAS2,-0.16366656198512455
FXYD4,-0.007051353787144028
KCNU1,-1.1610439285094707
SLC9C1,-0.27479839022374003
HCN3,-0.8776733740602295
SLC9B1,-0.8928444957123447
KCNG2,-0.975042151000085
SLC9A4,0.08478955694024179
SLC9A7,0.33600229008128424
SLC5A10,-0.20584328202851584
KCNK18,-0.7399602518008276
KCNK17,-0.7699371191206771
KCNQ4,-1.0705964689987713
KCNK15,-1.0958132018339315
NALCN,-0.6675218743958808
PNMA8B,-0.7182056472310216
SLC4A11,-0.4253928472969102
KCNG1,-1.0057384469882562
SCN11A,-0.7920519411497701
KCNG3,-0.7289133113193246
KCNG4,-1.1361420813082903
SCN9A,-0.09890554603798812
KCNK4,-0.9091647167088392
KCNK7,-1.1706806172230935
KCNK2,-0.8706799722994784
KCND1,-1.0089334387067688
KCNJ16,-0.18235799973809239
AMY2B,1.0158845200302427
P2RY8,-0.060990143633122315
SCN1A,-1.3308221825054831
PRPF39,-0.6565455896799242
SLC25A22,0.26482468891457006
CTSV,1.772207295379937
HCN1,-0.5849045685339276
SYAP1,0.44812627025036367
AKAP14,-1.2362159965540307
SARM1,0.4185587248386237
LYPD6,1.7277827712083977
LGR6,-0.7090954824020872
PPP1R3C,0.547641847459388
SCN4B,-1.1142218371498438
RAI2,0.19739853068839566
SLC35F1,-0.10830784130985571
SCN1B,-0.9541802242520427
STXBP5L,-0.9984138737556544
ANOS1,1.838911758780931
KCNE3,0.3542278077906702
PSD2,-0.9917004295051183
LRRC6,-1.2802413689598677
NACAD,-0.6950913461811556
TMTC1,0.5194200583560112
KCNN3,-0.7687128892317561
TSPAN7,-0.3826846997457193
SCN7A,-0.9558152126093391
SEMA3G,0.16005306751312637
PCDH9,-0.24101380610677908
C2orf40,0.3104017458781381
HIPK4,-0.8725151170142711
SLC6A6,-0.07823831027114692
SLC28A1,1.9269140028674998
MBOAT7,1.1418797506341345
AC004691.2,-0.04353265948796253
LRRIQ4,-0.942273045663769
TSPAN13,-0.0775637721399166
ADGRG1,0.1026986446224855
TMEM9,0.2980118600418095
FLVCR1,-0.3425625351570839
ANKRD42,-0.7168469459505367
MAP4,0.7062866652960749
ANKLE2,-0.4675843779069475
SH3D19,0.3568304605274639
PIP,0.5131502596768241
EMC10,1.5790479308212104
KCNMB3,-1.4018773593056404
MAPK4,-0.7491411322346274
DHCR24,0.6065764776822967
ABHD11,2.8640121817338726
DTX2,-0.1878600359998517
DHRS4,0.6300319607021797
DOK6,0.6431881818417062
VAC14,-0.2806079394631166
ACAD8,0.6139071252758003
BOLA1,0.9376808987370129
GUSBP1,-0.023753055770012903
GRINA,4.726019463257598
TIMM29,4.0204131342351905
HPS6,-0.038169011714255865
VPS9D1,2.7465163769785486
SLC12A9,0.5266524759572704
MRAP,5.422168555438412
MEGF8,1.3023439191972253
PRR5,0.4632698087028475
ZNF580,0.7719906841267635
TRIM74,-0.8623259546915008
LMF2,1.1837300209087378
IP6K1,0.6513748730962111
KCTD13,0.2838660310833396
DUSP8,-0.3257006974500203
NHEJ1,-0.7765793082415368
ZSWIM7,-0.4058018917265255
SURF2,0.1832310982548373
KRTAP17-1,-0.3750342838844626
TMEM229B,-0.9893199456982233
RHBDL3,-0.6490171714444267
MUCL3,-0.3674386191917929
MTHFSD,-0.34923897146559923
MSMB,-0.6260986605117743
DUPD1,-0.6978424917534309
ANKRD22,-0.24013085564213824
HMCN1,0.5612268710244562
PLSCR2,-1.2447245725644371
CAPN8,-1.050155659104735
TBX4,-0.7831761009434576
SLC10A7,1.8496208448894884
ATOH1,-0.7594298195406692
EFCAB11,-0.9123554115773507
GALNT18,0.9576904777458525
ZNF850,-1.5202363313791774
SBSPON,0.13591870542460974
SEL1L2,-0.790489906526078
ZNF469,0.16780368845520882
ZNF578,-0.4878312921677159
ORAI1,-0.0191032996277853
CNGA1,-0.690935167108825
ACER2,1.021323708718265
ARMCX3,0.5687225589101877
SPHKAP,-0.16158288206766738
RELT,0.16661009428679072
PDZK1,-0.028293998609132644
CH25H,0.5637981938513911
AKR1C3,0.03628890511280316
PLPP4,4.0377333914358235
IER5L,0.46880634297833657
SOWAHC,-0.6774909354272104
ASAH2,0.9418088388599039
AIF1L,-0.24826413462473723
TRAC,-0.026471419671856147
MBTPS1,12.709076137224072
TRBC1,-0.032174416214064284
SGPP2,1.6025919998726668
DGKH,0.5697659403526371
DGKI,0.3005032378222771
KCNE4,0.5349494905789058
CXCL14,0.06096746209216571
ANGPTL1,0.5479658799621877
ACADL,0.5275693332592631
PCOLCE2,0.7067353673535465
MRGPRF,-0.051366603484014194
C1QTNF3,0.7639966642984861
SLC39A12,1.1423790579359339
SLC2A6,0.3237307588094674
ZDHHC6,-0.3503675866568551
TMEM138,0.32317124987157
H6PD,2.1431745169301055
GALM,0.5053942190832894
C1GALT1C1,0.09475888645062845
G6PD,1.6166403951586965
ZNF655,-0.7726383706582524
UBL7,0.473298256839391
FTO,0.2478214484226624
SWI5,0.8601632710499738
CUEDC1,0.5307167086833127
CHID1,5.005621599936281
DEXI,1.424270632583385
YIF1B,0.9820222450569976
MIF4GD,1.2539154810949766
C1orf50,0.4686675299774844
VAMP5,0.45259247216348497
NRM,0.4721140510901621
VPS11,1.1154293344974278
TMEM205,1.666792716491973
THTPA,1.9016462779142087
PKIA,-0.0706651336546275
HDHD5,-0.1092893168422993
ACOT13,-0.06915521532803885
DXO,0.12683414409709887
APOBEC3D,-0.6691776013646191
METTL3,-0.17615034809107202
SEPT8,-0.2251319774246982
IL31RA,0.27434326770109374
MRPL38,-0.46329360305190925
SESTD1,-0.4026180587685428
RBM24,-0.6856018533618878
RBM20,-0.12307697639784203
BSDC1,0.544745894073449
ZBED6,-0.465658067189376
C9orf72,0.4906089464762636
CPEB1,-0.4636638892040633
CPEB2,0.12048974376479364
C21orf91,-0.19777173079630994
C11orf98,1.022659179125557
FAM184A,-1.425114068388322
GAN,-0.8347834658493909
GBP5,0.25563498138771334
METAP1D,0.45987818863492574
NEURL1B,0.6063571029457342
TACC2,-0.4189195158357159
USP6,-0.6282806650181763
C14orf28,0.5059483058133379
FDXACB1,-0.8729670469925929
RBMXL3,1.5923207160834825
SEMG2,-0.44032791681620304
DAZ3,-1.161302099690991
DAZ1,-1.0307407812918128
DAZ4,-1.1420060907267604
RBM44,-1.3502469867644926
KHDRBS3,2.8751606638172618
WFDC3,-0.9586064154320267
EPHA6,-0.8908912069993267
OPN5,-1.3167470409643232
CCDC185,-0.9873301429413595
SPDYA,-0.8254008124216956
GAB4,-1.0828260826014413
GALNTL5,-1.2888966700206321
TPD52L3,-0.8237863305699277
C4orf45,-1.0536741048169975
DAZ2,-1.0285187260127104
RBMY1J,-1.3289656860632537
RBM11,-0.43708586609832023
RBMY1E,-1.12364965350431
ACCSL,0.41522373008972
ARMH1,0.002055028085911065
CNDP1,-0.12275210911357003
ETNPPL,-0.13817483017196147
DDAH1,0.47948920506112935
SEC14L4,-0.04277248860352328
HSD17B14,0.5099883456116607
BBOX1,-0.03352484912135838
KYAT3,-0.06254581994846635
GOT1L1,-0.7340483894632618
GADL1,0.28460854033074867
FAHD1,0.5398826533893272
ACCS,0.5612851002756615
CARNS1,-0.48978399231775693
IDNK,0.2672194209186368
PHYKPL,0.25880744874723655
BEX4,0.0961838121734668
GPT2,0.7207342448209203
CDH20,-1.1666921284226002
FRK,-0.16242515386475795
CDH23,-0.38597431043751174
CTNNA3,-1.1461247450763143
PCDH10,-0.6445798493588566
MFAP3,-0.04936690638200852
ANKRD26,-0.994187520844871
TULP4,-0.31911551931759924
DLL3,-0.8974841053787147
PIGL,-0.7303140296669801
GLYCAM1,0.08196424472308511
FAM98B,-0.8166680226822006
CRYBA2,-1.1767581345259666
ASIC4,-0.9730170190753489
ZC2HC1B,-0.6026146665536654
FRMPD1,-0.9305099666696763
EFR3B,-1.2294163834681364
TSPAN16,-0.6396708819817659
ONECUT2,-1.2067472617410582
CADM4,-0.9465139140632806
CNBD2,-0.8131379498674436
SUN5,-0.27700713216872763
MATN4,-0.7368930346941175
MOGAT3,2.234042074878784
DEFB129,-0.9116157487353337
LRRC72,-1.134301765183455
APOBEC2,-0.9979775552152971
AFF3,-0.6413040321021352
OXCT2,-0.5571049963977024
PDE3A,-0.41814013034878733
ADAM22,-0.9658330239558398
ZMYND15,-0.8114683280431726
NPAS1,-0.9243854697626621
PDE6A,-0.9869778139952323
POU3F1,-1.0654638885347258
FAM166A,-1.2451363952977939
RDH16,-0.2368804100060885
PRH1,-0.1764627891543395
FNTB,0.23480758129225002
SMIM23,-1.2870778677623484
ADAM7,-1.1243091432593262
PRM3,-1.0203275489498282
SLFNL1,-0.9190712423241741
FAM83E,-0.11527697935938175
KIAA1211L,-1.0483271253313045
USP19,-0.16353515082742334
CABP4,-0.8985284871942807
NRROS,-0.6733036317276551
ARL14,-0.4685201157777061
PIP5KL1,-0.45634197488953715
RRAGB,0.5024654507951026
CPQ,3.430813687844722
HNMT,0.7789683177778264
SFTPD,-0.6472550467836222
SIGLEC14,0.9330947203271218
TCHH,-0.568638190777466
ATP11A,0.2623840742038986
GRAMD4,0.9913744686591361
IFT22,-0.3422973654500157
IFT20,-0.43819031437581335
UBXN10,0.30589775869422925
TTC30A,-0.38567447701325536
TTC30B,-0.22339634115446175
WDR60,0.21805717082761503
WDR66,-0.8074982653712904
WDR53,-0.40980047503893297
TRIM59,6.10775406827143
IFT43,3.5677010208916258
KIF3B,-0.35178009367765906
IFT52,-0.4748930380840533
SNX33,0.30155568510549746
TRAF3IP1,-0.44631457326087076
TCTE3,-0.07417037382413118
TTC8,-0.18462421636931073
BBS7,-0.8046215240047315
AL136295.3,-0.28978161894124743
DCAF8L1,0.17025728018461625
IFT46,-0.3778053440870348
TTC26,-0.3549571239930777
PLXNA2,0.034212722433932426
WDR91,0.7457223795368039
IFT122,-0.4376796369588333
IFT81,-0.4974758621376837
IFT172,-0.45090579272555964
TCTEX1D1,0.04390612763963671
C12orf54,-1.135267961794053
C9orf50,-0.5487058141782484
TEX47,-1.1268443968685364
GOLGA6A,-1.2911646166379336
LRRC74A,-0.3381026922348079
MBD3L1,-1.0959692915780783
GGN,-0.8599685688690252
ADIG,-0.9547411293418936
CDRT15L2,-0.3171140069283855
FAM181A,-0.4850289932719714
FAM170B,-0.09415317496054236
GCNA,-1.8215123345944069
CXorf38,-0.45649543263221554
CFAP70,-0.32954365707942573
FAM160A2,0.05678340216517834
PKD2L2,-0.03561497680372002
PKD2L1,-0.8174748782145047
CCDC148,-0.372085064086473
WDR63,-1.1867219921802026
IQCK,-0.9735766266668703
EEF2KMT,0.05554715647338528
TTC12,-0.5277913224430053
CASP14,-0.09553924673756041
SAYSD1,1.0743295306725602
NKX2-2,-0.8694309545513839
BBOF1,-0.25733350599383475
IFIT5,0.04653759822044208
NEK3,-0.30624363234798346
CCDC121,-1.1028687286850811
BCKDHB,3.4385007958407057
TTC6,-0.04291190356248932
KIF9,-0.8821286626465086
KIF7,-0.7853255402374096
IFIT1B,0.16199549557221393
EFHC1,-0.5152042500526496
TBC1D32,-0.5960951008209533
BBS12,-0.9779497437851714
TTC36,-0.34292407615819603
CCDC181,-1.47497922775697
DNAAF4,-0.2899793553787874
CDKL3,-0.34672391976566025
CCDC146,-0.27401665152086147
MOK,-0.5340474967595349
CFAP69,0.32521312526270163
FANK1,-1.0741455185362818
BBS5,-0.6944862559311334
HCFC2,-0.4862896625151664
BBS9,-0.5118137125336768
BBS1,-0.43873222497898057
BBIP1,-1.0602974425283236
TTC21A,-0.7279033575166728
NR2C1,-0.8881817974650206
TKTL1,-0.3906722569667827
DOC2B,-0.8415400700413284
APOA4,0.05629557776187966
APOF,-0.20448763598910139
LCN1,-0.8597288349275412
LY6G6F,-0.6472932674814349
SLC17A9,-0.1886397304799814
GCSH,0.15635111816238167
P2RX3,-0.6842544330935293
FOXRED1,-0.39734999299541596
PFKFB4,0.016848505305285467
FGF21,-0.47819018987781325
TMEM217,-0.49417420678551754
TNFAIP8L1,-0.49417420678550034
CINP,0.2742847092907812
FAM200A,-0.3182035297317551
ZNF789,-1.0192511823394754
BANP,3.37510300623516
ZNF718,-0.5163239918933938
PNMT,-0.6515770300972438
ZNF394,0.04058719454805134
PSKH2,-0.7628780479517668
GSX1,-0.7727888348199318
SIM1,-1.2077999413065135
TGIF2LX,-1.2004886307027351
IRX6,-0.7334622139885936
EVX2,-0.977296527640779
NKX6-2,-0.9001802413663775
TPRX1,-1.002648536704447
DBX2,-0.7162491199308191
GSX2,-0.824569927988445
DUXA,-0.8503271823959891
LEUTX,-0.8668536789805342
RELL2,-0.397748971034492
APOBEC3B,-0.5046808464649514
TTLL4,-1.1479530874966952
TPH1,-0.04745248355392568
TMEM177,-0.3336572714602101
TMEM171,-0.19223025115006478
ZBTB8B,-1.6151445462914922
ATRIP,-0.5331335865256264
CCDC138,-0.7793748756558198
CCDC18,-0.9145941758571248
PLCXD1,-0.24370643210667622
DPPA2,0.7205083706093113
FAM111B,-0.5413674347466282
SREK1IP1,-0.47598700344350486
MGME1,-0.7960535371409633
TEX30,-0.9761560544208925
ANKRD36,-0.49961694062078194
PELI2,-0.18143631269727287
LMO3,-0.7147309954544983
TOX,-0.7622387622624593
SPZ1,-1.0367614132463396
EPYC,-0.8114366154251578
GLCCI1,-0.6692005746030963
PAPPA-AS1,-0.6807210245902798
SPANXN3,1.3425341362388428
FOXO6,0.038559347504943935
FAM76A,-0.8897418009544614
CCN6,0.9888160679860484
GUCY1A2,-0.474796160765463
TLR10,-0.8048481820572608
AL355315.1,0.5382607654496143
TUSC1,-0.47533725016968686
SPINK14,0.2720861118520823
FSTL5,0.07125435377110725
SLCO5A1,-0.3793043253871096
SPINK9,0.08698122939703265
WFIKKN2,-0.1255576751369534
SPOCK2,-0.054317887060767095
KRTAP10-6,-0.3648984465266265
LRRD1,-1.4374593070553743
HOXD12,-1.2298214810996935
ZGLP1,-1.051213858274389
MAGEA8,-1.092539406132018
FOXN1,-1.2784273924455059
ATG4C,1.500985368268864
MAP1LC3C,2.9182204258403885
ATG10,6.295476334274783
GSTA2,-0.1515416621771668
TUBAL3,-0.027276138928026265
LRRC14,0.22541471279837358
SYNE3,-0.03947088075629489
FYCO1,2.9468157037968066
TECPR1,5.484446686471463
ATG4D,1.5448264298548757
VPS16,1.0251056616610132
BOD1,0.01835713536047715
C1orf220,2.3424875844192194
ERI1,-0.7198980132912983
FUNDC1,0.24332687766335465
SLC25A43,-0.1823870418603312
MORC4,-0.18463239446016652
TMEM164,-0.14453975263380386
THUMPD2,-0.7627611369863267
N6AMT1,0.4304715138853272
METTL2A,-0.6000253703030335
NDUFAF5,-0.09791380544119127
TGS1,-0.5373306807095355
RPAIN,-0.8008556749880882
CDH22,-1.062130111860621
PCDHGB3,-0.8144821313853933
PCDHGB7,-0.7325514210887679
PCDHGC5,-0.8679493652204302
NRXN2,-0.4631023145405246
DCHS1,-0.009734365267820183
PCDHGA8,-0.6770655337778082
PCDHGA3,-0.535324909545342
PCDHGA1,-0.4713575164306453
PCDHGA6,-0.7406142508375914
CDHR1,-1.034853960039225
PCDH15,-0.7234786253882762
FABP6,-0.2920196710573001
PCDHGA2,-0.752977969560055
CELSR1,0.30508565575657726
PCDHGA11,-0.5313780672113089
PTPRH,-0.6529316870223343
GPR42,-0.7564253321363342
GPR75,-1.1753175192942578
GPR78,-0.7850831590376517
GPR141,-0.3886544098710082
GPR88,-1.2243616733810865
MRGPRX4,-0.794889765100506
MRGPRX1,-0.4876810434571587
MRGPRX3,-0.8100991071857084
MAS1L,-1.1075482742559475
MRGPRD,-0.6107644422235321
GPR39,-1.1362580504216875
LHX5,-1.0230875789781293
TPSG1,-0.869852133275325
FERD3L,-0.644312230781835
TRIM46,-0.8771462983498439
CUX2,-1.1401211391349406
ARHGAP33,-0.31404265220600797
SLITRK3,-1.4014514019963638
IFNW1,-0.8881336258816849
HOXB2,-1.0751739030922725
FAM153A,-1.0617664547731736
ATOH7,-0.659595010825931
HOXD11,-0.9464471275180276
MYCL,-0.9180178810908247
MYT1L,-0.5272353742970715
FOXB2,-0.8416863297692604
NR4A3,-0.29308575894274425
EBF2,-0.3508801272097384
HOXD1,-0.9960245054809026
GYPE,-1.1886499086738669
VSTM2L,-0.7713659561496894
TBX1,-1.1129534968741719
PIEZO2,0.2097482977594203
ACOT11,-0.2461618897486402
HOXC5,-0.9943740345856483
ASIC1,-0.8388925146085283
KCNK9,-0.7756745587151341
SCMH1,-0.30784683499750304
PHACTR4,-0.3758585189952137
CAPRIN2,-0.2032994070291474
BRD8,-0.6311147799868552
JADE1,-0.8604293041778766
PTPN9,-0.372435027613027
HMGXB3,0.38424138286307374
DIS3L2,-0.8039317559546165
HECTD4,0.09008894195927629
MICAL3,-0.5023656454266613
PHC1,-0.7895441600970249
PRRC2B,0.25900227596751413
RETREG3,4.3086216620671545
SLC30A8,-0.268137874898081
PARD6G,-0.380691971383322
MAGI3,-1.0999190427602292
ANKRD45,-0.28017069305367553
LRRC9,-0.35934065187561404
CCNO,-0.8656403573919569
ZNF215,-0.9356061918576628
ZSCAN5A,-1.0389836447863077
ZNF628,0.028553217187540215
GLIS3,-0.5265707703686343
TJP3,0.03303642577280541
SLC22A12,0.6686168245150826
LRRC52,-1.0047827145826025
SGSM1,-0.6252917431646171
PPP1R42,-0.523559125974143
ZSCAN31,-0.7797681770898091
PPCS,0.1165849498916597
TGM5,-0.19686123745208384
SOX15,-0.863590679136822
CLEC17A,1.0303588612640358
PSORS1C2,-0.8798618350563701
STOML3,-0.33531430789832306
SCGB1A1,-0.7510537992687363
KRT81,-1.083422837359995
CRTC1,-0.3309891583918187
KRTAP2-2,-0.8624072066071068
PADI1,-1.055133496255616
ORM1,0.15329678640345443
FAM20C,0.6205074913580376
PRG4,-0.17215085968005525
GHR,0.004536816537250611
MT1M,0.04574575804807242
CFHR3,-0.14137167113736443
CFHR1,-0.18696831892656907
F13B,-0.54217658117825
C1RL,0.6259840083586179
A1BG,-0.25255159933372034
C8G,-0.45454858125037206
CLMP,0.6343971105594473
MRC1,2.593823642376332
SMIM1,0.0016120934817705362
MBL2,-0.2515237569696835
LEAP2,-0.2145831153333903
EPSTI1,0.5617733295351115
SSC4D,-0.741858305625157
CFHR5,-0.33862385945494666
SCARA5,0.4443608360082406
LOXL3,0.06092722334986213
PGM2L1,0.3059924381980358
DUSP22,-0.36817973034131296
NADK2,-0.41819153867320086
GK,2.591600217786267
IMPAD1,0.5379957796383196
SMYD3,-0.5472462318466226
ACPP,-0.2123392900342491
ADAT3,-0.25920770534874954
ADAL,0.837009007602037
NUDT4,-0.3215085924581362
AS3MT,-0.2103613440661113
SRXN1,0.9161434218416349
NANP,0.7678221784129139
TIGAR,-0.2503941095580641
RBM48,-0.022322525698873608
NT5C,0.8828759588905876
PRTFDC1,0.8404200769265758
ZHX1,-0.5901311514761698
TRNT1,-0.15120235771898927
LHPP,3.8104250745385744
NT5C1A,0.9922998710574797
UPP2,-0.012029915975425883
ULBP2,-0.4509968208619361
NT5C3B,1.3013777550806298
DUSP2,-0.4362813541403703
PTPRT,-1.0062334661561543
PLIN4,3.5214136112138537
ANGPTL5,0.7495784046878784
PRSS21,-0.6198216770967765
AL645922.1,0.061563134049873076
SRD5A1,0.6984661658079766
LIPE,2.5699957118504932
RGS10,0.25689379609055896
PXDNL,-0.4761165457211775
DUOX1,-0.3225909105092552
PHF21B,-0.9140354389600814
OAF,2.8534963579714963
CLDN4,-0.09577299829863624
GDPD1,0.25208943163411773
OR5P3,-0.1563876067342692
TAS1R2,-1.1459686219839689
OR5P2,-0.13264659300223947
VN1R2,-0.7848602401667233
MEIOB,-1.2987165365579847
OOSP2,-1.196291505825955
TP53TG3,1.1470575927106466
MAGEB6,-0.7336704471187909
MDH1B,-1.1671460723135891
DERL3,2.8970046219428918
RTP4,0.4367375464698083
DERL2,0.9644894077500518
TYW1B,0.055427289117827024
MOCS1,0.47276010263884066
MCPH1,-1.0770336075858293
YBEY,-0.23670103397121903
LCLAT1,1.0901938561417053
MBOAT2,3.325554519174018
TYW3,-0.22160313967921969
CNNM1,-0.5699673876688164
CNNM4,-0.0458899386967597
TMEM237,0.3660110580496922
POLR3H,-0.6562375995902632
POLR3GL,-0.8036286747482547
LOC101060521,-0.05355085797154534
DTNBP1,-0.5713811445828078
IL17B,-1.0266802908069796
ROM1,-0.6002585313762255
PODXL2,0.3230569306447404
DOT1L,-0.9028611595066424
PCBD2,-0.20866159982849639
LMLN,3.526436769136108
FAM9A,-0.9748455981854326
SCML1,-0.493946680798896
MTERF1,-0.5406033665500056
SETD6,-0.9669406645333388
RILPL1,-0.303914478351681
GOLGA8A,-0.723350813490458
CHD7,-0.7040971492445784
MTRF1,-0.2229755025708622
NCBP3,-0.6408380452566746
COMMD1,0.15232237019453557
ATP6V1E2,-0.11588545057933404
TMEM199,0.21869917529362007
CCDC115,0.4931006814905374
TP53TG1,0.2564212244657562
COTL1,0.28358317974291974
BLVRA,-0.017934495459622807
NME6,-0.04820118321471113
TMEM167A,-0.15829341678026676
KIAA2013,0.8028295161073428
URGCP,5.539082226004379
CBX6,-0.7876365840401374
STOML1,0.34027226906112795
ADCK2,-0.1552923408882539
CERS6,-0.03388113565549426
UGT2B4,0.06856704051681638
OTUB2,-0.6364124712930666
THSD1,0.03376879307002617
KIAA0513,3.338971204087081
HACD4,1.0047531758123023
ADAMTS4,0.07882039088108259
ADAMTS3,0.4777038726922779
ADAMTS8,-0.04922421704408967
SEMA5B,-0.23382304208714447
NOD2,0.5943137139141544
PADI2,-0.0790186716835324
RGS18,2.117078236044376
ADAMTS13,0.38102319205107343
ADAMTS14,0.5579147262895238
ADAMTS17,0.4037595183194746
ADAMTS16,0.4167297485147249
ADAMTS18,0.5960991047928427
THSD7B,0.02323901444660832
LRRC25,0.8854244345776937
ADAMTS15,-0.08684728209104556
ADAMTS19,0.5202037923671838
HEXIM2,0.5636693374750984
DOK3,-0.03685241031885924
DPY19L3,1.077740508672129
SMUG1,0.0234610908957402
ALKBH4,-0.03008223298964161
NUDCD3,-0.4915707532508342
RFT1,-0.40460314834791283
SLC37A4,1.4583281181968113
THG1L,0.333632860920556
ANGPTL8,-0.7381590920314557
ST14,-0.5561607401535216
SLC40A1,0.9146649528038615
FAM174B,-0.19205737878501203
MGAT4A,1.1173831520389748
GALNT6,-0.32773745509680025
FAM168A,0.11823679616940276
SMCO4,1.1940471464478353
PNLDC1,1.3316699787806487
MSRA,1.0286239423917518
SLC46A3,2.5412504333649624
LAMTOR4,0.7253059068665562
NLRX1,0.943002811350459
CDH24,-0.6085397301036101
CDH12,-0.7804578503381682
CDH9,-1.2831025759248642
FREM2,1.483415853355657
PET117,-0.5445535350955749
UQCC2,0.086440706435284
FGGY,0.9928991311414144
SHPK,0.9676861830161122
GK5,2.1279685354154685
XYLB,3.129595843823338
MIXL1,-0.9473429886849717
ZNF74,-0.3796017286366951
PLEKHH3,-0.4494406592253684
FAM110D,-0.5384729720496987
SNX25,0.474131748045851
MAMSTR,-0.7882325346900262
HRK,-0.9741345602506152
TMEM102,-0.5832511528490351
THAP11,3.504925329279948
ONECUT3,-0.8911347561286743
ZFHX4,0.018224950177572988
FAM185A,-0.5279103659885119
PRDX6,-0.6161420045032557
MACC1,-0.22389234484055692
SFRP5,-0.6249528106125807
DNAJC17,0.12178870630705255
ZNF169,-1.0066710184315337
SLC26A1,-0.03402363597558465
TCL1B,-0.8389267579965618
HSD3B1,-0.032512979806895055
FOXE3,-1.4210730175197244
NENF,-0.0634125814366867
LIM2,-0.9024737409964527
MAGEC2,-1.2349070015505745
GTF2A1L,-0.8243203378628852
AMBN,-0.13190706678174322
UPK3A,-0.7800886842623509
ISL2,-0.5910918193296335
VAX2,-0.7138134964265176
VAX1,-0.7485711237344868
RGS11,-0.8007771697204599
SAGE1,-1.4526629868137237
HLA-DRB4,2.4044579068736294
VWA5A,0.9007528971600132
SAMD9L,0.5412829314985048
TRIM34,-0.10107301303971489
SAMD9,0.03595041059266314
SFT2D2,1.0218889123198895
SIAE,4.7883112986916325
LILRA5,0.5967680394819938
HLA-G,0.47487800893473975
NINJ2,1.5225332977003843
TNMD,0.19114281641912859
HOXD8,-0.9807418378654171
HOXC9,0.13783987850629378
BCDIN3D,-0.6381479034674509
PSMG3,-0.3558675560694304
HOXC12,-1.0043299876172704
HMX2,-0.504582564350869
RAVER2,-1.8857110727180746
WNT9B,-0.49289028913198163
KRT36,-0.702792559173937
LHX6,-0.8123918408341845
CASS4,-1.3019064263952944
CAPN6,-0.24506445828606058
IRX2,-0.7590226374455465
BARHL2,-0.5822388966395309
HOXB4,-0.931980631598245
HMX3,-0.6986925386981355
SMR3A,-0.47466715602351
WASH3P,-0.5502204924474127
HDX,-1.5200861197751312
ARGFX,-0.7382645874650052
SLITRK4,-0.14015292208136712
SCNM1,-0.021991391500859422
UNC93B1,3.6899673813029
TLR5,0.3879349991008279
SELENON,1.589220180291084
CYBC1,1.0349293170801726
CTC1,0.6712650107387259
ERO1B,5.8064707077755955
FKBP11,1.1412338067408967
TNIK,0.36849229375010334
MAGEH1,-0.08979348716179371
GGCX,1.3036066358182454
PFDN6,-0.3409690189843262
MLXIP,0.363475424844474
CNPY1,-0.8554320989539524
NKAPL,-1.1874742018935143
HBD,0.2585819561045796
IPMK,-0.5733179081517682
PLCXD2,-0.3123017528468555
PI4K2A,3.0676787539926265
C2orf70,-0.9694299589458154
ARHGAP28,-1.1084933678354374
PIP4K2B,-0.021139226636481195
AC007192.1,-0.3541712895656288
INPP5A,-0.27569672928920175
SPEM1,-0.6141892375725618
DGAT1,3.2881294249675608
DGAT2,2.5733542270187084
SPACA7,-0.7922607983149815
PLCXD3,-0.40647424728963044
EFCAB3,-0.9853023220612349
PLCD4,0.06636522597058178
PLCD3,0.47649510136565176
RGS17,-0.6940439243119362
DGKK,0.2684799221553024
WFDC11,0.28844250236075986
CCDC172,-0.8454995839049567
UBAC2,0.48541188820484615
SELENOO,0.20277913615678042
EDEM1,0.9176349737263029
NUBPL,0.05271812031250753
SVIP,0.8152764649494668
NUB1,-0.4442444358926394
HSCB,0.1711620725231225
USP38,-0.5893237573665816
ZFAND2B,0.22898788345429705
AC018523.2,0.04387741815824996
UBXN2A,0.5741851117366442
UBXN8,0.5989567975543474
TMEM62,0.25217621239181526
ANKRD54,-0.7898464942044633
OSBPL1A,-0.08975686844652528
PPP1R27,-0.8648969844038594
ANKRD29,-0.4758482198970725
ANKRD61,-0.5870467526793026
ANKRD65,-0.2742235838205439
ANKDD1B,-0.3298198225122093
KNDC1,-0.4605717606972053
RAPGEF5,-0.24166066811831927
SH2D3C,-0.2771586378869452
RAP1GAP,-0.3692593859477537
RAPGEFL1,0.8981966950227225
RASGEF1C,0.0024124021682236474
RASGEF1B,-0.5243179823061911
RASGEF1A,0.3487355022092749
SPIRE1,-0.5064815403213794
SPIRE2,1.0231604090365205
DGCR6L,-0.9723980889710813
ZC4H2,-1.0493720597968523
SYTL4,2.142555667139666
RAD17,-0.6600618078031014
ZXDA,-0.9455113949894526
TUFT1,-0.4456026867107451
NCKAP5L,-0.5756496525463414
TCP11L1,0.31360607033182536
ZNF720,-1.238765960413032
PANK1,1.4689777484037254
ZSCAN32,-0.41537419186709895
ZBTB26,-0.6979551275319548
ZNF75A,-0.7600678900591683
ZNF75D,-0.8942995520009502
DDIT4L,-0.32896848212067087
NT5DC1,-0.3350653941052451
SNTB1,0.7879991951756777
PKN3,-0.7268894117212482
ZNF786,-0.9184775013058701
ZBTB39,-0.9465882094538549
ZNF740,-0.7993908301849532
DTNB,-0.011084642984815585
VIPAS39,0.32831400381750697
C17orf82,0.5910279398829721
DOK4,0.38444849071521836
RTN2,0.5105280901838208
ALKBH7,2.2419662957124182
ZNF777,-0.9918906699290498
MCRIP1,0.04454580083082871
METRN,0.7780462662808638
MOSPD3,0.7450443144861537
SAMD1,-0.09437781926443246
PHOSPHO2,-0.21340850918741486
AAGAB,0.34299104996018953
CCDC32,0.4622640027181347
KLC3,-0.3183444255856129
NOVA1,-0.7842856197227798
TRIM58,-0.3793771488238544
KIF4B,-0.1670120077509915
HLA-DRB3,0.19880620931954432
WDCP,-0.6699713791762879
PRICKLE1,-0.2991707699362279
TMEM35A,-0.9435928372048621
LAMP5,-0.12994324497268428
HAPLN1,0.08137493499490883
MAPRE3,-0.2348643735081607
KIF26A,-0.306210481636327
ST8SIA3,-0.4023053838825095
OLFM1,0.1735637074832252
FAM171B,-0.7631621090075139
ZNF365,-0.45912215199710066
GRB7,2.8764790125869903
RUNDC3B,0.19420536176053227
C4orf19,0.40783852982584673
PRR15L,-0.5958229253660227
ICA1,-0.6726411758330583
CLDN7,-0.22311589584045818
ANXA9,5.886081894086409
TFCP2L1,-0.00969405916888845
CAPN9,-0.9808384654550533
AGR2,-0.5858470119906661
MLPH,-0.30697391535124974
PLCL1,-0.2297683611392055
PIP4P2,-0.028076382437281
ANGEL1,-0.2723033549979532
PDE12,0.021329844818608255
CYB5R2,0.11950481369599002
INPP4B,0.7652764228188275
AC138969.1,-0.4948916754488075
PLEKHA4,-0.3455572226755988
PIK3R6,-0.2894342052503302
XKR4,-0.9667555802316301
SPRED2,-0.4418325051537302
ARL14EP,-0.4454994808677284
GPS2,-0.4905681536687148
PER2,-0.38360359301514224
ARHGAP22,-0.44357951452831224
MAFG,-0.1842772660360292
ERG28,0.18598144781614004
HPGD,0.5169508530276621
ADO,-0.8387721646476425
C15orf40,-0.757186467234586
ALS2,7.209482984654233
DIO2,0.16416004801463904
SLC2A11,1.2187482562765488
BSX,0.2649750326441781
SMCO1,-1.2754135448344974
PDCL,-0.6822026211149752
HNF1B,-1.236564009598997
ARMCX1,-0.7369269393227049
AC023509.3,-0.7683920626508515
NPAS4,-0.6989689846157269
ULK2,-0.2604898935450385
MBD5,-0.6539915542475842
MAMLD1,0.054945056712231176
RAPGEF2,2.290310470184177
MAML2,-0.06683275963500794
GFRA1,0.7854989358764766
PSENEN,0.8600075492699171
MAPKAPK2,-0.5280047083981371
C2orf49,-0.5995640002423833
SPATA2,0.4152711230857698
NKX1-1,-0.48190779250458915
LBX2,-0.6503933160635637
NANOGNB,-0.9078234165091047
KANK4,-0.6893874670436785
TSPAN1,0.17769279890842532
CCNY,-0.792423107980153
KLHDC9,-0.6453851081467216
DNAH2,-1.0978909664437961
CCNI2,-0.09630163276173148
C9orf116,-0.991596997303724
CABLES2,-0.8801752199921634
ZNF620,-0.959007524229089
ZNF552,-1.007803121595884
ZNF724,-0.9792525190946757
GRB14,3.0652926668423404
KIF16B,-0.28270511683172495
RADIL,-0.5027152127943268
MTSS1,-0.12406035940128113
MARVELD3,-0.250225747245233
PTPRB,-0.23948008691351824
SYNGR3,-0.5133186000324916
PAIP2,-0.215587450943156
TRIM16,-0.3439895064556009
TRIM16L,-1.1047718603323964
FRMPD4,0.2114839645280156
TRIM47,-0.007041917314886265
TRIM65,-0.5181587538091206
FSD1L,-1.4836930426420958
NUDT9P1,-0.8773602369624672
TMEM120A,0.8550440236260483
ENKUR,-0.976641444584927
LONRF2,-0.7821017007429066
RFPL4AL1,0.18926930544957046
RFPL4A,-0.647108111900664
FAM71B,-0.7553221921116796
PTCHD1,-0.7587517177115382
H1FOO,-0.17790128241197187
SMIM21,-0.9237614674561069
FAM122C,-0.9092730255099313
OR8D1,-0.8982794759583259
DEUP1,-1.085726833265184
ANKRD31,-1.2303418878039547
LIPJ,1.3786299963162274
AK8,-0.6992574473934072
CNBD1,-1.019764757899238
DISP3,-1.18917211362247
SERTAD4,-0.6272788457191593
C7orf61,-0.9459868336182955
MRPL53,-0.07791395062985573
RFX8,-0.5641670975932163
RFX6,-0.7012757889577081
CYCSP5,0.5942323483910945
PRKAG2,-0.12139575302250052
PARP15,0.8588092033453949
CMC4,-0.5527947807561974
MRPL52,-0.1352323015016105
RETREG1,0.6865861060053452
PELI3,0.22074651500612125
C19orf18,-0.0670895439037275
OR6B3,-0.21330758266923197
SPRED1,-0.18458649647791237
KLK9,-0.7206651729229628
FAM122A,-0.10857475759701349
MSL3,-0.35586942871804894
SPRR4,0.31530936099152407
MSLN,-0.04102215930346498
SH3RF2,0.1471560624317938
TET3,-0.5198377835079716
TPMT,1.241673438392248
PCIF1,0.17125944539031537
TRIR,0.19276920278792573
ITGB1BP1,-0.4795471231162692
RUFY3,-0.6093857788185436
TARP,-0.0670895439037275
GPAM,4.318283059502755
GSDMB,0.45699342016611116
ORMDL1,0.3371508844269851
C3orf62,-1.7284799952482808
DTD2,-0.44382914453975686
ZSCAN1,-1.1665033409827803
LOC102724023,-0.5072089732705781
FOXS1,-0.46286485789399584
ZC2HC1A,-0.3821505083165909
SH2D1B,0.010483458620163349
DENND6B,0.4098861327988362
DHX58,0.3310964859626843
ZNF385B,-0.4541758068642812
ZNF322P1,0.19734735128577569
CATIP,-0.4064360760745486
GUCD1,0.13097676280802098
ENKD1,-0.6603778503923923
C14orf93,-0.23298985915575474
KIR2DL3,-0.07075525988055154
PRICKLE2,-0.38437393254274116
C19orf33,-0.5713743704493726
RD3,-1.1982723396881374
HAVCR2,0.7349416384805737
ARHGAP24,-0.08710677274942688
MRPS6,-0.5808873888888739
KIAA1841,0.025937016448080823
NKIRAS1,-0.20295869174293824
MTURN,-0.5489803061957775
IL20RB,-0.5023547805236562
HOXC4,-1.2072808474440275
MRPL10,-0.8695293181781921
DNAJC30,0.6400270049412381
PLA1A,1.31090333616008
DCUN1D2,1.226231192336788
AIFM3,0.3165428341548981
GRASP,0.022092135280498942
ZNF486,-1.246391261243633
CIART,-0.6582084460461383
BCL2L10,-0.8190582029945317
BCL2L13,0.48756186947107205
NTMT1,0.6827934522458642
AP4M1,0.6276873019707399
PLXNB1,-0.4210835241617945
CCDC149,0.5412487868031393
BLOC1S5,-0.6904703380174683
FAM3A,2.4420789934702385
SMIM11B,-0.2744531664820338
SMIM11A,-0.3808042821790142
C6orf118,-1.13638173267179
RNASE11,-0.4536042521474319
TEX2,-0.009250795632159524
ZSCAN18,-0.781369004539889
LRIT2,-1.3681754319337873
WDR45,0.6290140277492939
TBC1D20,0.47489004469112683
TBC1D26,0.3143522736156231
ANKS6,0.31869693463682247
METTL25,0.0979046478763605
CXXC4,-1.472740807296983
FSIP1,-1.0029844787723068
GSTO2,-0.05556050893509989
VASH2,-0.8063812665290612
ZNF839,1.7878751698319473
APOBEC3H,-0.3144143397796753
RIMS4,0.8419910196379101
LIMD1,-0.024177803959017335
TSPY2,-0.7699702981190502
C4orf46,-1.1863769607655894
TMEM255A,1.0409242989638623
NCR1,-0.24040630767640148
RNF183,-0.4089340393019989
EEPD1,0.10179881173272111
SYCP2L,-0.296152685846172
ZXDC,-0.10208931530238287
TMEM175,2.0320567740292597
FGFBP2,0.23464213462730507
SYT6,2.294072701397468
DIXDC1,-0.6140927449516834
TASP1,-0.8214556035427085
MESD,2.999162124531818
SCHIP1,2.7002505265930465
TCP11L2,-0.05364594998712295
HDGFL2,-0.5465570974936597
ALKBH8,-0.5293928806973356
TIGD1,-0.9575145293527407
DNAJB7,0.23547088672599956
OR4D6,-0.2392011117716936
TTC23,-0.8085328593595088
RTL8A,0.3020373869515009
VCY,-1.1285306885850293
C3orf33,1.0837607235122355
C3orf36,-0.8744686703890535
CES3,3.8773574666072665
EBF4,-1.086635645841523
CDPF1,-0.8546345063218025
CTRB1,-0.27197963051337726
FAM3B,2.7426471258534333
OCIAD2,0.10133568540717643
ATPAF2,0.2429578148269925
KCNAB3,-0.774604348928508
PPP1R32,-0.9391695302072267
HMCES,-0.5098787999820296
ATG13,0.5794458594862744
FRMD8,-0.44436382646558037
NMNAT2,-0.32500192820632806
NMNAT1,-0.04397544529309605
GPR61,-0.4910817632261725
C9orf78,-0.16351579703832766
EFHD2,0.34540245506988715
PCDHA7,-0.6072148607296463
TTLL7,-0.9601335535424295
PCDHGA12,-0.4431999153068435
ANXA8,-0.46839651992789666
MEST,0.13180610604905316
ZDHHC23,-0.41556803237756235
COQ6,0.9347321151546438
ZFYVE1,0.2836671184533119
SUSD3,-0.22502312675259362
PITRM1,-0.18816271595124423
CCDC60,-0.886992792431809
PRSS33,-0.3292785155359298
TMEM183A,1.664556260608446
PDZD4,-0.3249216847194827
STON1,-0.2500494490062458
PDZD9,-0.9988850095092072
GPANK1,0.01916985148713637
TMCC2,-0.7114035215675447
MARS2,-0.5230064034998514
CCDC144NL,-0.06708954390372751
PHYHD1,1.9058215960309834
CFAP58,-1.2289083395420821
LOC403312,-0.06708954390372751
USP6NL,0.042236643385955494
PASD1,-0.5753584438729705
SCG5,-0.09613607104598974
DDX43,-0.594940129389361
GADD45GIP1,-0.2131678304060967
SERF1B,0.15971007523380748
CHCHD6,0.4720029265960638
FAM151A,-0.17432301332043199
FAM133B,-0.28216891772782215
PPP1R17,-0.9092311993868133
PNMA8A,-0.867388355095019
PTTG2,2.1355799401784474
SPIC,-0.7441575382737782
FITM1,1.7882083064020322
SRARP,-0.3541902147758071
C1orf115,0.7650966603296093
C12orf65,0.7393864773626105
ACBD6,-0.2345219114310281
ACBD4,4.28334241690417
EVA1A,0.3369862881333794
AKAP4,-1.098916614120668
DFFB,1.17819679955864
VCY1B,-0.06708954390372751
KIFC3,-0.9381545016989761
SLC41A3,1.3512175285537058
CD300LB,0.8275238321691147
STARD10,2.201336577040831
CRADD,-0.06538921835313694
PRR15,-1.029423798830353
FAM53A,-0.0670895439037275
CELF4,-1.150725773205094
CCDC190,-0.3297612736792882
PACRG,-0.9035689228175401
MTERF4,1.2879849303131978
PRSS1,0.08406952817538718
TSLP,0.22804039006352983
THAP3,-0.43869376980702324
CARD18,0.27431563480851434
RP9,-0.3604642038543288
DNAH14,-0.9697893721701957
GNPTAB,7.577087041665207
IL26,0.10881747680820326
FAM50A,1.285301890060374
FMNL2,-0.18864037474021383
FMNL3,-0.07098028519979016
KCNE5,0.12346955163819735
PPFIBP2,0.1495911612514634
CCL26,-0.19287008548468093
SEPT9,0.04576616297395458
SEPT5,-0.3809580898828181
SEPT1,-0.4956187186943281
DPCD,0.6264232848369101
CDK5R2,-0.34796267217999843
GIMAP8,0.7166663635001178
CXorf56,-0.6049202179006573
MOB3C,-0.7030992557204784
C18orf21,-1.106783779663767
MT-ND3,0.5126470173600794
GPR107,0.23487123344136035
RITA1,0.2882240933042776
ATL3,-0.018928657185917915
UGT1A10,0.32818248648532095
CSAG1,0.8203312679663964
ZNF2,-1.4079310387137558
ARID3B,-0.5427253689568706
PURG,-1.094761117217912
CCDC28B,-0.9181460276697659
FAAH2,0.47470950345381124
SNX21,-0.6085029383759244
MAGED1,-0.3881183270459043
RSPH10B2,-1.023918917437957
CLEC12A,0.13836017414179172
LANCL2,-0.21560653227593798
SERAC1,1.6283244890492343
PLAAT5,-0.7677685572585874
C19orf12,1.088781999292912
ERMN,-0.2942956001255779
LSMEM1,-0.0887481363191688
LSMEM2,0.3891427385765167
ST6GALNAC6,0.52140060572283
CAMKMT,-0.34329894453148513
WARS2,-0.16385924582202
KLHL32,-0.6327933475165174
DGLUCY,0.8626650707037908
JHY,-1.167184797366114
TEPSIN,-0.6244604247845008
C11orf45,-1.0111450241383582
ARNT2,-0.8259253998628222
CRIP2,-0.039152319643167524
CAPNS2,-0.775564277521973
NBPF3,-0.2842539843979464
NUDT16L1,0.03479022055579439
PDE6H,-0.7063676421833525
BEND2,0.9023243142215133
INIP,-0.5422958540241042
QPCTL,0.9010831128055384
NAA80,0.09409698435246658
ZNF641,-0.5721885366487002
PLA2G4C,1.147041824301388
PLA2G4D,1.4205884507951558
CHRFAM7A,-1.0144430562128637
ROPN1L,-1.356313289545147
NEO1,-0.056546525824052146
RBPJL,-0.9670293743972505
CAVIN4,-0.8028209893168453
CORIN,-0.4690479579271337
PROSER2,-1.0470566813175817
MRRF,0.3674409895356305
MPV17L,-0.22751907872504018
BSND,-1.160991608949799
TTLL6,-1.1137968046644537
TCEANC,-0.7081613936360013
YPEL3,0.7619426182671917
C11orf53,-0.5332755656787912
C11orf52,0.9902695362747276
CLDN3,-0.10996169975726953
C6orf203,-0.3205777713178091
TRDMT1,-0.8156987480965554
NEIL1,0.4275846735218993
NLRP2,-0.4099648512067509
FILIP1,-0.20255251804858238
ARL6IP6,-1.0907781116193653
CRACR2B,-0.2511119705284436
ZGRF1,-0.40809238770804124
PRKRIP1,-0.5927355979654437
MCU,0.6409221319539444
ADD2,-0.41273622284290123
EPB41L4A,-0.3830211590835479
LURAP1L,-0.06149293122185728
C7orf50,-0.36024488654791675
NXPE1,-0.6170361716414002
NXPE3,1.6234102667450696
METTL8,-0.42369493370007427
ERVFRD-1,-0.326863613914418
QPCT,0.763010727973247
SMTNL2,-1.2158011745819026
MKNK1,0.07702099950861847
OLFM3,1.684167676544988
CAPSL,-0.9621303704704401
CHURC1,-0.5296614779887202
MAP9,6.379040899403909
PRXL2A,1.0112623476464915
FDX2,0.08547459666862796
KIAA0825,-0.7754188502292959
EP400P1,-0.6094294893340669
KCTD18,-0.844920582688728
ZNF449,0.36684928797644917
L3MBTL4,-0.8285620823562019
SERTM1,-0.06708954390372751
SERF1A,0.0024799028415423167
AFAP1L2,-0.38362725210722215
IGSF10,-1.2112781170630351
CCDC107,-0.3695038970437968
C11orf71,0.29995707120400833
SPATS2,-0.26941796076911084
TCEAL2,0.8190931482377486
CHRNA7,-0.45787411155013963
IFNA8,0.14982554118687766
IFNA2,-0.16092321166594498
SLC48A1,1.182482285197454
OR2A42,-0.7285173967886123
C1orf174,-0.9625734712702764
LRP1B,0.581173386602023
RAB3D,-0.22734513021094005
ARMC7,-0.8840235989336096
PLEKHG2,-0.17969906714692582
LIN7B,0.06693017700272362
TAFA1,0.9292404071504335
NEGR1,0.3857919087022794
DBNL,0.03514655586139299
PKIB,0.27864331963349964
SYT7,2.656814890083852
FAT3,-0.4166544258588409
SYT10,0.2382055331543412
LRRTM3,-0.7132987175245374
NLGN4Y,0.036227049153832167
ARPP21,-0.9384322181385721
KIAA1549L,-1.0160980273980391
ZNF804A,-0.3035598845338201
CBLN4,0.15905923655393536
CADM2,-0.8204529798871201
NLGN2,0.42778331159494526
CNTNAP5,-0.3604793342585826
BAALC,-0.5244553741458937
SHANK3,-0.4730769003824011
ANKRD13B,-0.5918883224723842
NOL4,-0.9809905133844873
SLITRK5,-0.9930525440894082
SLITRK1,-0.5962699793826183
SOX14,-1.1861519762168764
KCNK12,-1.030811445574013
RIMS3,0.5206571603498652
ADGRL3,-1.377764427800672
FAM131B,0.19754511481369308
SYTL2,-0.3631526088487638
SYT4,-0.030592025536228636
CSRNP3,-0.8810051682159712
NXPH1,-1.3808638528407562
PCDH19,-1.1482829363246176
SDCBP2,-0.69471651427633
SYTL3,5.105723557658041
PCLO,-1.1769981463532306
SNTG2,-1.2013807182050371
NSG2,0.3026501099950126
GPR173,-1.052978534906659
KIAA0408,-0.7360195750627655
FAM155A,-0.4545899632439266
KLHL4,-1.1139713835715885
KCTD16,-0.9031065632459426
SCN3B,-0.6720716068992257
ST18,-0.5255252057348253
TENM4,1.075357004477632
OPALIN,-1.1773351346619398
LRRC49,-0.5353613204795161
XYLT2,1.6188122458023115
INSL6,-0.789452360977046
ACAD9,0.16364214705433328
CCDC65,-1.3508544500531754
C19orf48,-1.035076000557836
NR2C2AP,-0.20222378078922026
PPP1R35,0.5431202160205187
ARSG,3.652272462559942
MORN2,-0.8960784984066654
TEX43,-0.9560249205783298
TBC1D28,-0.5365584283379963
SPATA18,-1.5127218733468175
TMEM232,-1.4091761441314117
TMC1,1.4040833720862527
ARMC3,-1.263640170284715
NLRP13,-0.010682448806322176
NLRP9,-0.10839289428737313
NLRP8,-0.5196278422250196
STARD5,-0.2985909467837384
FRAT2,-0.30506119246961205
AMER1,-0.32837348306573166
CIP2A,-0.1512019753391436
NOSTRIN,0.21911262293426942
AMER3,-0.9703312741223299
CGNL1,-0.38896005378148635
DVL1P1,-0.09127536586180617
MTFR1L,1.08114586540481
AGR3,0.1443210549557849
CTTNBP2NL,-0.7862398503161231
TMOD1,-0.5023746878565551
SYNC,0.010685337093138342
CCDC88A,-0.3510742036542675
GLIS2,-0.449848299489632
TCHP,3.0409665205236984
KIAA1328,-0.6982428223587933
PLEKHM3,0.369012048611968
NAP1L3,-0.27936644340914735
C1GALT1,0.12953223308990056
NAV2,-0.054140209510440546
KRT23,-0.7877934219958483
NCKAP5,-0.0035878268871484707
SCAPER,-0.7698942116967974
SYNE1,-0.6650971061543346
WNT16,3.431343058166708
AMER2,-0.8028899275626633
TMEM179B,0.9905317766696962
PQLC3,-0.27397755489176745
TMEM107,-0.3479735796520736
TM4SF18,-0.2587072883592765
FUCA2,4.924084046450502
MTRR,-0.36671423343371307
PIGM,-0.05943164363356381
GRPEL2,-0.046548719318928865
STARD9,-0.8796157197040032
ARMC10,-0.9293223714337571
CBR3,0.0751696792046614
VKORC1L1,1.054013219027329
MREG,0.7889809064907594
C16orf96,-0.884839176947258
NETO2,-0.10764751723781912
GAS2L3,-0.44713852867391396
STK19B,-0.12456344109299586
C12orf45,-1.119370972424634
AL669918.1,0.07872636918290545
C17orf75,-0.7441908785419139
ELOVL6,0.431499384910277
LTO1,0.0016356301544256807
NOA1,-0.3841058184041439
COQ2,0.62691540226539
CLCC1,0.23246187344359667
C5orf51,1.176906606279629
COQ8A,-0.04445119978625215
QRSL1,-0.5937480136557289
TRUB2,0.5886835242129513
MT-ND6,-0.25652402393208507
PIGH,-0.015563811260366992
LYRM2,0.05230958483029255
CPT2,1.0722491689519207
LYPLAL1,0.6403650735059414
THNSL2,0.2336954331028165
ZCRB1,-0.6262012445490138
PCCA,0.44296942458695654
AC034102.2,0.7037784890075242
NUDT3,-0.18528945078185216
LIPF,0.9355233917259748
DHDH,0.09982571478750625
SLC5A12,0.4617865716088214
TMEM92,0.26097899182456447
HES2,-0.8100826217718093
SLC6A19,0.1558894971081129
SLC23A3,0.7323095059897231
EPPK1,-0.7304621886400087
ZNF511,-0.12553076891150108
AARSD1,-0.18531218216024503
PPP1R14B,0.03003006577062666
TMEM141,1.6374705113056869
MCRIP2,1.3327259305379051
TIMM22,0.38133811926632827
MIEN1,0.5385903955939793
COQ4,5.3242189376102
SLC35A4,0.6219903655322719
CAND2,-0.4688750233908273
SLC25A39,0.5334014677600603
NPPC,-0.383238893591576
UNC5CL,-0.12129013220166482
MEAK7,1.4417190161512763
RFFL,-0.45368644097275496
NRK,-0.15200151123021063
GSDMD,1.3738601714628729
UNC5A,1.0333231192520076
CASP12,-0.05018432763406604
TICAM1,-0.1829205818729257
ANKDD1A,-0.09135868448559431
PCSK6,3.7528978700423217
BICC1,0.648195363830997
CYB5D2,0.9979407422904445
KLHL36,-0.9959992635845952
PCDHB15,0.1617315279286502
ZNF398,-0.39233513273810156
KLHL23,-0.4964553806290331
STRBP,-0.9328509100518125
ZBTB34,-0.5386168115525641
FAM117B,0.008829684292961078
C16orf87,0.35038126597681807
NKX2-4,-0.9798792687526712
C2orf69,-0.04038750746480317
TAF5L,-0.5351081541550439
FAM217B,-0.3802850242158895
RGS12,-0.3441273054314091
ABHD14A-ACY1,-0.22054262291175894
PDP2,-0.5312299153200942
ZFP57,-0.7237892514094978
RANBP17,-1.0185976539254993
MRPL54,0.08888180097177709
TRAPPC3L,0.4026837076366101
MCEMP1,1.7851135788546009
TPCN2,1.0257478667820923
BCL2L14,-0.5062764218727692
STXBP5,0.7794459828626435
LGI3,1.3803269472173159
KCNAB2,-0.5041369565116522
SASH1,3.0975483391878202
ARHGEF9,-0.23635511612336635
MEX3D,0.8029225279185978
UBASH3B,-0.6588907994353681
DOCK3,-0.24870101362483393
RASAL3,-0.2665920399813822
TSGA10IP,-0.363040125983411
SOBP,0.23751865341427844
CCDC187,-0.481499718328939
PCDHB14,0.013561643360844023
NUDT18,0.23243864689422222
BAHD1,-0.6240267757623105
GGACT,-0.6395878077296565
COA1,0.6200055046784015
RASSF10,0.5477549889112565
GGT6,0.13103052541152937
OPLAH,0.9090780152473076
GGT7,-0.24512209988376454
NLRP12,-0.28317792423243454
NLRP4,-0.33398150789344716
NOD1,0.37797566215094397
PYDC2,-0.206949696014192
PTGES3L-AARSD1,-0.01862020611199946
FRG1BP,-0.7537988989875626
STAC2,-0.13910620704883692
CPNE9,-0.3406772536716561
AGBL3,-0.6811855809960169
ATXN1L,0.6405095986100293
KCNE2,-0.6815390340111303
GTPBP10,0.49321646136762937
DNAJC24,-0.35076379691688864
ZCCHC7,-0.31829622062126467
RNF169,-0.2549808333839858
OR4D2,-0.4526034314124942
ABRA,-0.8806561043746821
ZP1,1.8951384546979604
POF1B,-0.43246862438262884
AC011462.1,-0.5587889479298157
USP17L11,-0.27339920003865253
USP17L5,-0.32978433631779586
USP17L22,-0.27339920003865253
USP17L20,-0.27339920003865253
USP17L21,-0.27339920003865253
USP17L17,-0.27339920003865253
USP17L15,-0.2733992000386526
USP17L12,-0.27339920003865253
USP17L10,-0.27339920003865253
USP17L19,-0.27339920003865253
USP17L18,-0.27339920003866175
ESPN,-0.48503982831897674
FHDC1,-0.04408405895669039
FMN1,-0.4017861040210407
FMN2,-0.31429728730135337
LSS,0.83688391425811
FHOD3,-0.21323365081151993
ZDHHC5,0.4072033836053731
ARHGAP42,-0.18131036183732765
PXK,-0.3748438381215827
WHAMM,-0.42317554232763266
GRID2IP,-0.1414475503210686
PACS2,2.497598609087125
WIPF3,-0.2311458532663377
RAB11FIP1,0.0377811605360768
ZIK1,-2.001570753764154
ZNF800,-1.2848054228968606
ZNF736,-0.9714309550772111
AMIGO1,0.4137430244143517
TEN1,0.6678791795925081
MSL3P1,-0.6479065383265704
ASPHD1,-1.0557294799647992
PNMA3,-0.60260126223198
DPYSL5,-0.6144602986524501
SEZ6L2,0.6227265081237695
DEF8,3.1438593265447827
AMDHD1,-0.38915584206683174
AMDHD2,0.4346768130668795
LGALS7,-0.278841259603483
PLXNA4,-0.09520064585959133
AC011455.3,-0.5437819274420206
CSGALNACT1,0.737647460962711
CD109,0.4971938006366499
ST3GAL5,0.17885339226319408
FADS1,0.4135712022969951
OTUD6A,-0.42204658320951427
PRUNE2,-0.29753158939515206
NCBP2AS2,-0.22974773995395986
LCE3B,-0.5848048840887854
VSTM4,0.5106730095840499
ANKRD30B,-1.7028039785898788
EMP2,-0.050701653666182
MT-RNR2,0.018876300410858537
GALNT14,-0.4956120913326509
C8orf4,0.5183953571278478
TTC9B,0.5591344854016116
ZNF784,-0.7732532473557339
TMEM108,0.8107264206680135
MDGA1,-0.37539836015223904
PANK2,-0.003741726137005327
PLEKHA5,-0.5229879268516942
TBC1D25,0.11139785843354737
DUSP15,-1.3379995504221416
NOTUM,0.034243611459121394
SSUH2,-1.2730957425157998
IGDCC3,-0.2533996225931093
SUSD5,-0.763520294345372
FMR1NB,0.560799000664055
LRRC45,-0.11381748884739022
DNLZ,6.112537161611
OTULIN,-0.3555812527420834
NEXN,-0.306720974244027
LRRC24,1.1807046310889273
TMSB4X,0.7593818874709908
OVGP1,0.84240365902112
NYNRIN,-0.051738708313138516
KAZALD1,0.17021586354748372
SLC41A2,0.9090919487098056
SLC16A4,0.7382373465126728
GSTM3,0.27202321514200495
LDLRAD1,0.9340948362669622
MS4A3,0.12270700171991027
SPAG4,0.9578101841039715
TCF21,-0.22846836467424791
LMBR1L,0.8213671822016043
ORC1,-1.8384833671186804
CKS1BP7,-0.5723127551502587
KLHL13,-0.4189417259486738
SIRT4,0.1704441116322502
DCUN1D3,-0.3147893727877265
BTBD9,-0.25527160510688274
LRRC58,-0.9435995987023281
MRGPRG,-0.7584868549922532
ATP23,4.797919918821957
CCDC167,0.6685092763231252
CMC1,-0.6888469299769868
ZSCAN9,-0.47010620513231755
GJC3,-1.185897976932667
GJA9,-1.1744443312686947
GJD4,-1.1387999762532408
CNST,-0.28958320950663824
FN3K,-1.1579529289869106
GJA8,-1.4043294704452451
KREMEN2,-0.5312264323321432
BFSP2,-0.7643759233244206
CLEC14A,0.23268054473153021
ZP3,1.878450969941548
CCDC3,0.6327732901797457
PHF20,-0.37891502198860805
DLL4,-0.41764508727802974
IL1RL2,-0.7964014913823697
KRT12,-1.3462907931561614
FCRL1,-0.007564321433298581
CEACAM19,-0.7662786262672021
ARRDC2,-0.4347210808408927
PRSS56,0.3292649198787614
SNX14,0.1403830327889329
PMS2P5,-0.16957901684636623
OR4D1,-0.2681801025820235
ZNF397,-0.572211897012023
KDM4C,-0.49197318454894085
KDM4D,-0.5385703384825039
FAM13A,-0.024159224517185385
JMJD7,0.10763454720341475
RFPL4B,-0.8842220546849827
GPATCH2,-0.2389236522785196
AGAP4,-0.724926925956321
ZMAT1,-0.20432504331541568
CBX2,-1.0519619162614837
RASSF6,4.154376858332295
ETV2,-0.500864069487333
ZBED8,7.92375697475171
LRMDA,0.9865415612667998
DNAH17,-1.1172732187164187
GPR22,1.0167227815747353
CHRNA10,-1.265146836157822
AMELY,-0.45275569394994347
CSMD1,-0.9243727635512874
LY6H,0.7919664724291978
ST6GALNAC5,-0.6319848601861565
CALY,-0.8882534420739441
ARPIN,-1.031593497725234
NATD1,-0.7885343442387404
FSBP,-0.5393987748454278
AP5B1,0.1895626367578859
TEFM,-0.9387757032778242
MIGA2,-0.2948161067191917
PALM2,0.23134530927261887
ENOX1,-0.3202054642511044
NUDT14,0.5135056005013084
PNPLA1,2.196370646058427
TP53RK,-0.31511538977089953
TMEM203,0.7616763545430258
DPP9,0.9378532110729512
EBPL,-0.5549517268136176
DHDDS,0.9475016144261336
C9orf64,1.7784658696447129
ANKRD40,1.344722685646204
MLXIPL,6.577812288024735
TMC4,-0.3141190463558644
SCGB1D4,1.0595252330593254
NPNT,-0.20199504458849576
PNLIPRP1,0.6066022399285592
TMC2,-0.38132015582040085
ARHGAP27,0.19397015819958932
TMC3,-0.07847958085363896
FAM53B,0.8521700295132891
TMC7,-0.5606660400510912
TMC5,-0.7268211253614019
ZBTB25,-0.5021803988182137
TMEM38B,3.320368315424117
CFAP206,-0.8488296560342504
OCIAD1,-0.10814757671067353
TECTB,3.3542522197173317
RTL3,0.2720311550161835
TMEM200A,0.08723713256064058
CA14,0.03984731739648908
OPN3,0.6305539589821773
SGF29,-0.25941011124466673
MAGEA6,3.2730446463075764
SDR39U1,1.010760622131119
AL162231.3,0.06408603369632625
MFSD4B,0.5052304841817915
B3GALNT2,2.0817422874686766
SCFD2,-0.45963975666876505
EEF2K,0.309295638979022
BHLHA15,-0.7384429267242797
CLEC3A,0.42011235325411367
PGAM5,-0.18350602650246728
EPM2A,-0.46394200779706257
FOXR2,-0.8655911794976957
TRIML2,-1.256716492884799
AKAP7,-0.6228170199951948
AKAP2,0.4898353580892723
CNGA2,-0.5551993633046913
LOC653513,-0.44582727509101283
EIF4E1B,-0.35857225802548126
PDE4A,0.05340509274635611
PALM2-AKAP2,-0.5555212804228394
CCDC61,-0.9331947246528981
WDR92,4.937113064135094
PDE4DIP,-0.5446190189108964
ZG16B,-0.3750690363130248
SLC2A5,0.9564109038686781
CRYBG3,0.0007965611649729452
MAATS1,-1.2036080807928988
C2orf88,-0.146451408084884
SSX2,-1.6052507520817785
AMY1C,0.94366923184744
AMY1B,1.0159579734055768
FAM49A,0.43690145329797764
TUSC3,-0.08359055216930383
LDHD,0.33065268814776216
ARRDC5,-0.5455030654572427
CAVIN2,1.337672756397428
PIK3IP1,0.33124077451055234
TP53INP1,0.349541425553686
FAM91A1,-0.36194033691488664
GRHL1,-0.802402317137636
MAB21L4,0.045811014283835855
GALNTL6,-0.5575263112867203
GALNT3,-0.4636762107861894
GALNT16,-0.44343432097964425
GALNT13,-0.4100187551886088
RIBC2,-1.450492690709464
HEATR5B,-0.08945930815165151
GTF2IRD2,0.7908485145758525
GET4,0.06271643564501365
TRIM43,-0.37628400593740685
HUS1B,1.3671466759007624
AGBL2,-0.43071132044091537
FAM57B,-0.7938012763631305
RGPD6,0.14735436352715242
FYB2,-1.1874897000736035
MMP15,0.16571699515533164
TRAF3IP2,-0.23720532994993937
AFMID,1.6232502828656932
NUDT12,-0.1405424449370653
CLCN6,-0.27182076259178195
WDFY1,0.06050937084389566
C11orf74,0.339815048848976
LMF1,1.512535714985689
NRSN2,0.62238470817064
RGS20,-0.6073771703377134
TUSC2,-0.3098653317600968
TMEM185B,-0.017061010915117154
TMEM79,-0.2861794882760872
TMEM128,-0.35019512372602773
TMEM69,-0.4721558063097491
BORCS7,0.11085684273457838
ABRACL,-0.7456989809303657
SLC35G2,0.09745429709506694
C3orf14,0.08748435790778906
CLN8,0.2249603906493461
THAP10,0.6060807590743676
SMYD2,-0.5759418059980299
CENPS-CORT,-0.7173653998526479
ZFP62,-0.4222616359692931
PPP1R26,0.4791665428958231
POLN,-0.4820354120900532
PEX12,0.05388558394286682
NACC2,-0.10438430292155283
PRDM7,-1.5573014651237762
DBNDD2,-0.10234868151734171
ST6GALNAC1,-0.37056140078710814
SCRT1,-0.9378844810638586
C6orf47,-0.24601776687040464
CSMD3,-1.0363477988519059
MMRN1,0.27519962238536305
FRMD3,0.7088160959329222
FOXD4,-0.07178860286831265
NLRP14,-0.8182505004924164
RHEX,0.2616080533989789
FOXD4L4,-0.3394574032083808
FOXD4L5,-0.2378655537613693
FOXD4L1,-0.6852821590660226
FOXD4L3,-0.3494673264109482
HBQ1,-0.07076513529221949
RHD,-0.6743288492725847
CFAP45,-1.2242513572957276
RSPH4A,-0.9525115767328975
CFAP126,-1.1576568948372232
C7orf57,-0.8351765616071786
VMO1,0.6024328492828802
PPIL6,-0.7918797267876891
TPPP3,-0.06071866110705803
CFAP157,-1.1435201727139135
CCDC153,0.08385129507736412
MORN4,-1.274641190524086
CABCOCO1,-1.110275052019495
CCDC170,-0.8698649957208613
NME9,0.17696399044582992
RAD52,-0.2623038901497793
IGHV3-9,-0.20891411535568435
CLSTN2,-0.6298219918378705
AC105001.2,-1.1490223534314141
ZNF396,-0.5372421535562597
LRRC43,-1.5399809088011767
PGBD1,-0.42106546930613825
ZBED9,-1.4922140019279857
PROSER3,-1.0396638238772369
ZNF174,-0.8522857921547174
ZSCAN30,-0.6473596849303571
TXLNB,2.973304209458698
KRTAP5-9,-0.4688046950678378
C1QL3,-0.28136299912974677
GPR158,-0.8979932764709384
NRSN1,-0.2940807374349767
TMEM151A,5.1380863358451325
CREG2,-0.5278701878045158
HEPACAM,-0.8645576575826638
PLD4,1.4469817144383947
QSOX2,0.6061742017412872
PNPLA3,3.019739546330088
PNPLA5,6.2823308248707015
DRAM2,0.19513797073635447
PAFAH2,0.7779659987315852
AWAT2,5.45110296664577
LPCAT4,1.7520815379287802
LPCAT2,1.9899055304690858
LPCAT3,1.3929251317336324
NECAB2,-0.40497436839185236
HSD17B13,-0.27172286234969517
APOA5,-0.03038215793508363
GBP7,-0.5750450300364767
SLC25A47,-0.4713463034121398
SERPINA11,0.11412697480062632
PGLYRP2,-0.45006253512842803
SLC13A5,-0.49944640682031155
OIT3,1.3727779661332855
RTP3,-0.6748404290328217
PLGLB2,-0.3274937298683431
EXOC6B,0.13159036445418332
ACOT12,-0.18173743573040282
SLC27A5,0.64887877154435
CLCN4,0.48887976297275226
CLIC2,0.002480490715037919
TP53I11,0.22793898965372011
SERINC2,0.15097589747445886
PHACTR3,-1.0630992695776873
AADACL4,1.644515666497408
C1orf122,1.0490996437856197
RTL9,-1.1302845164506832
WSCD1,-1.4227204022407072
ACOT2,1.29351726310339
PSG5,0.3133550143421109
SHISA7,1.1255811916053442
CBLN2,0.3041226639502867
AADACL3,1.9000800423641047
TCAF2,-0.4289770040479279
TMEM39A,0.30942094995785036
TSBP1,-1.5894817051384273
PRAMEF10,-0.9548306307769986
AKR1C4,-0.11876002586132546
EXD2,0.9320102509348731
KRTAP4-9,-0.6971460770472858
GSDMC,-0.5042815631042666
KRTAP1-4,-0.7225826904109974
LCE1F,-0.4775132321770758
KRTAP4-1,-0.8771108559276019
KRTAP9-1,-0.7403917899052135
KRTAP4-3,-0.72468373477968
KRTAP4-6,-0.8994400174824642
TMEM190,-0.9870927461379889
NKD1,-0.636774655561135
KRTAP5-8,0.43321574623762404
LCE2A,-0.7966809441473551
VWC2,0.3453922877577515
KRTAP4-8,-0.9873796638292558
KRT74,-1.0541221246748405
KRTAP9-9,-0.782653108385121
UPK3B,0.02121147460195059
KHDC3L,-0.8692134428986449
AC002310.5,-0.011613730579109525
NTF4,-0.9905723663798461
NKAIN2,-0.7493179589488537
PLK5,-1.0343140439869631
PLXNB3,-0.2142704025427402
TENM1,-0.6918594343353341
ANKRD66,-0.5450848361471207
MRPL55,0.12053223871092379
RPP21,0.2068979556521564
ABI3,-0.40133039172908275
NOMO3,1.310074607315035
SLC52A2,0.5061510953994147
ADPRHL2,-0.3094314787178536
B3GAT2,0.39300417355571954
KLRC2,-0.07434302730074112
TTC38,0.8424379805737876
CLEC4G,0.9054570118485481
MROH5,-0.34317685585661867
TMEM176B,3.537918216810873
REG3G,1.6042979814472786
MMD2,-0.45138616542628385
ETV7,-0.13754248298933222
ADAM33,-0.10459327539181408
TMEM86B,-0.4703847830170925
TMPPE,1.5600880281332756
TMEM140,0.6947616838674179
SLC43A1,1.4983214602589379
TMEM144,-0.26032831747389235
PAQR8,-0.6219390745380626
BCAS1,0.08892636911830211
PLEKHH1,0.29370770422595904
PAQR6,-0.4368352969708913
ANP32C,-1.036254113810272
ZNF781,-0.46736634373137964
ZNF695,-1.3397388743715384
SLC50A1,3.8517366693590747
PHTF1,0.09125630563093141
DUSP16,-0.6876402490485329
IDS,4.373633088974532
AC067968.1,-0.626701591610577
GSC2,-1.2165206318603943
CRYBA1,-1.0243705212798
IL17C,-0.28982317564882365
ZNF81,-0.5021511499249255
MRPL45,-0.7386067536237725
NFXL1,-0.05107055211335552
SPIDR,-0.6922503765504946
BEST2,-0.8325978430175411
NPVF,-1.3824066683788612
DUSP9,-0.696855158292043
PCDHA10,-0.2558120308721315
TIGD4,-1.2519501597232694
PLEKHF1,-0.027525357862224337
DHRS13,0.3846388949550335
CCDC89,-0.6707059982535966
TPTE2,-0.31103816761039044
OR52I1,-0.10811834607403571
RNF180,-0.5575777295245152
SOWAHA,-0.4797625260770325
ZSWIM5,-0.21385435700253236
ABHD17C,1.40556921666647
FAM110C,-0.30078483904037445
SMYD1,-0.8406506580670082
SOWAHD,0.3005032378222612
FAM111A,-0.34491649425724885
PLEKHA8,0.6435127722239897
C5orf34,-0.8137353895080947
PAQR4,-0.7819107869122278
CHRNA5,-0.2297675047884971
NCR3LG1,-0.03650292310763929
PARP14,0.2528152290036893
IL15RA,0.34856324527049626
IFI44L,0.40987799780827716
POTEF,-0.6154005449221123
FCGR1B,0.6809372316820117
SLC25A16,0.5130541815160032
CCL8,0.4086307804279803
KLRG2,0.05977518740685591
GXYLT2,0.19263521187865446
TMEM246,0.2969913352398551
FAM210A,-0.149674500131638
AL645941.2,0.8439012553482224
GBP3,0.3196470764340134
GBP4,0.4683467042647452
TMEM201,-0.4976423274320803
TRBV12-3,0.15337924200061723
TYW5,0.10576041848054425
SERPINB6,2.0614874796265994
OTULINL,1.2722398251910978
PTPRS,0.03822931825028971
COMMD7,-0.05142380102767835
COMMD5,0.36111891022925496
MRFAP1,-0.7227655625563856
WBP2NL,-1.1156720310908432
SIMC1,1.5431086844496458
FER1L6,0.5089669818066169
PCDHA9,-0.022853377422571916
LONP2,3.5090364198216633
MLYCD,0.79263990157577
PCDHA2,-0.7855811679859958
PCDHGB5,-0.21224960302723442
CA5B,-0.587890265735515
STK36,-0.8749649038286246
TIGD7,-1.2879310151646397
CT55,-0.030276966003671107
SYNM,0.03726410464958936
FGD2,-0.08948250771655178
FAM167B,-0.4089340393020112
ZXDB,-0.9348336816607093
RIMKLB,0.2050015353160983
ZFHX3,-0.2667454440170094
ZFHX2,-1.024649159592139
PSMG4,-0.24541120322324966
GSTT1,0.05949333949709137
RNU11,-0.6120046821806533
RNU12-2P,-0.5833822983474446
LSM10,-0.2044238756128197
SNRNP48,-0.7921681541363248
SYNPO2,0.24090986737813289
FRAS1,0.046183472042690014
SYNDIG1,-0.35394703965140006
SLC35F3,-0.6295152233452832
MTFP1,0.044228109961514994
C19orf25,-0.9204628585934561
INSYN1,-0.9319152887218956
COPS9,0.33342217625116877
BORCS6,-0.3958088563783164
LIN9,-0.43801870966557355
LIN37,0.37002523268805265
ZFP30,-1.179529436320593
KLRC4,-0.23666016701920603
LIN52,-0.15123655500773042
MRVI1,0.9053417635966996
HSP90AA4P,1.712520620645526
SLC14A1,-0.21832584645304987
BCL2L12,-1.0802233429554984
SLC35F5,-0.04287178888857136
PAFAH1B2,0.2898468685146042
PLEKHA2,-0.3750768175110096
LACC1,-0.2239128156344817
NOXRED1,-0.7084478947634943
PRDM15,-1.1409049337002706
SLC25A17,-0.5017223862739344
CDADC1,0.0768611254675958
RAD9B,-0.889163650820092
CCDC34,-1.1136669296994945
RHNO1,-0.25019381403179025
FAM222B,-0.45544402970972797
MSRB3,0.07572081050318684
GLYCTK,-0.28798014003814437
FNDC4,-0.05100468293630683
EIF4EBP2,0.5415598752268351
TCP10L2,-1.0893581417159492
SIPA1L3,0.4008987902168967
SPEF1,-0.8762849124754993
OTOR,-0.279904560463652
CFAP46,-1.226180128647021
TRA,0.4834168188658539
TBC1D2B,1.7505983688093316
OLIG3,-1.0518399630330724
PEAR1,0.9876748871954429
HSFX1,-0.9567067362067039
FAM78A,-0.19406952732530539
SHISAL2A,-0.7179224082666158
NFAM1,0.08491551634931152
CARD11,-0.26668265830469723
SHC4,-0.5651360673594223
CLNK,0.03090865296124085
KIR3DL3,-0.1881869119257468
PRRT2,-0.4001376193238795
ZNF853,0.11475851406830961
PTPN20,-0.5930035203009412
DUSP18,-0.8910677778103832
GPR75-ASB3,0.22817882728830507
LGSN,0.12362340486555068
DMRTA1,-0.3613965704284938
TMEM233,0.6500321757658081
MFSD6,0.4861964727925119
SLC41A1,-0.4363551651623464
PRDM6,-0.9925752685943785
IFITM10,0.5540166953632798
AC068533.4,-0.8641989461810285
LSM14B,0.09110368951742014
SH3D21,-0.46733914182686
OTUD7B,-1.0990834749649052
TNFAIP1,-0.08954152941022546
C2orf68,-0.17806844104842473
KCTD1,-0.4787350535713984
RBMY1F,-1.3347230074197647
SHROOM3,0.21367316304451456
RBM45,0.5777734110389356
GOLGA8F,-0.7307420984958264
FAM120C,0.3696157158073305
EIF2D,0.19203081147474335
KIF21A,-0.5781367035690992
DEPDC7,-0.2129760610715519
ISY1-RAB43,-0.578952513851007
HNRNPLL,-0.6567166192100248
MYO15B,0.33712028339819344
MED12L,-0.699699801887983
SFR1,-1.2588614762732486
TNKS1BP1,-0.24308247550264275
GOLGA8EP,-0.9422551504340256
ZNHIT3,-1.6817481531387402
MAGEE2,1.3312274267104485
LENG9,-0.6374031639040341
PSTPIP2,-0.05696718646404263
SNX12,0.17481308648113997
SPATA5,-0.0451509530854944
RPL9P7,0.24731662479264643
ARHGEF19,-0.34854720269187756
SCGB2B2,-1.1571972452359855
ABLIM3,0.054742338324633065
STARD8,-0.2902529820723983
ZDHHC8,0.35809523956977685
SRGAP1,-0.33253327700475327
PLEKHG5,-0.2465480570932582
NGEF,-0.236428755618189
ABLIM2,-0.031349895327138694
FGD3,0.08654285719795517
IQGAP3,-0.7062219573765512
ARHGAP40,0.1701833856368305
ARHGAP31,-0.22219273462745834
ARHGAP36,-0.349994448736432
ARHGAP39,0.0753689666306973
RBM41,-0.8407838585152048
ARHGEF35,-0.07532043712086299
ARHGAP8,-0.345040708281075
ARHGAP4,0.03834747077461175
ARHGEF37,0.25531838157918163
ZDHHC22,1.2261947660795163
ARHGAP23,-0.0050973059819603385
ARHGAP20,4.046212633593921
ELMO3,0.004774398385840577
PPP1R12B,-0.1990055905703284
SYDE2,-0.0170146199771027
ARHGAP11B,-0.0455598590788052
ARHGEF26,-0.11798516133852188
TBC1D3F,1.6012165408022814
FARP2,-0.4299974659240549
AKIP1,-0.291521682652003
CDC42BPG,-0.1304462981187838
FGF10,-0.609841159320223
SNX31,0.08555000053325823
HPS4,1.0874730696235244
NOXO1,-0.24939058294781902
EFNA4,-0.5896079913667773
INTU,-0.44326489149145276
DNAJC5,0.22351374523343345
FOCAD,0.02195410405232435
PFN3,0.1044370648536487
SLC16A5,2.119787407836577
KIAA1217,0.6883018937157821
PKIG,0.5665991913961115
TVP23C,2.2306642696574563
KBTBD4,0.8011698314675572
ZNF28,-1.0878448487538908
LOC81691,1.1021332853739223
DCAF8,5.8048953772794
AKR1B15,1.0873473301216234
GSTT2B,-0.04007475329472956
KATNAL2,-0.798891919758706
AC026464.4,0.26972448741916727
ZNF778,-0.312046588297293
RHBDD1,-0.963876257913632
FAM104A,1.315347668062778
TMEM129,2.4750752218904304
AKR1E2,0.8775216732666227
UBQLNL,-0.9295723279981617
AKR1C1,0.27008602356484873
AKR1C2,0.2942937697305485
AC010132.3,0.13977901477994675
CPLX3,-0.4178481319950502
CPLX4,-0.11325416099263597
PARP10,0.22836330198486302
USP9Y,-0.3199864128320924
ABCB11,-0.1252100367260227
GRIP2,-0.36077241304557256
EVI5L,0.31795760296489645
C3orf67,-1.131308286896559
C5orf52,-0.23059426727399532
STRIP1,0.5370645672371573
VCX,-1.0193918847006034
PAGE2,-0.7042574485861604
WEE2,-0.5136551560549621
ANKK1,-0.7335911659334483
FPGT-TNNI3K,-0.8193910689631368
ADGRA1,-0.9767049408869961
MYLK4,-0.6288277433224444
AC005833.1,-0.7999754344101023
MEIS3P1,-1.0029601094566396
AC004080.3,-0.13852454757597252
CCM2L,-0.1706535601383477
CLCNKA,-0.9260617783343197
MKX,-0.6218919848352167
POTEI,-0.4696131904788947
KATNAL1,-0.6697997902118712
PPT2,2.7117479541030436
CCDC88B,-0.622023688060489
ZCWPW2,-1.1179627142441417
CENPBD1,7.255754182245956
KRBA1,0.5915848192923798
NKX2-6,-0.7805907198050794
TMEM196,-0.34217473739115967
C1orf21,-0.01875713507931489
FAM151B,-0.9360493430132932
EMX2,-0.7446651534595337
PEX11A,1.158918098859543
NKX2-3,-0.8376488968954943
EIF1AD,-0.030193321840842963
KRTAP3-3,-0.6434729723708431
SLC26A3,0.5445274317825346
EIF4EBP3,-0.3418310008201945
SDR9C7,-0.3022407211655376
GDPD3,-0.26787461796766926
PYURF,0.30691251131151015
NEK10,-0.6907854713593808
HLA-F-AS1,-0.3699056056395376
SMIM14,-0.13604254633176344
TMEM19,0.0851662731377851
ALPK1,4.473223180837639
KCNH6,-1.18870852427317
PUS3,-0.9170960046489804
NSUN5P2,0.5349877856236107
SLC25A26,-0.7080604048340676
RAB11FIP4,-0.6620814945643521
CCDC7,-1.3162722305236696
LRRC31,-1.361789969163407
LGALS7B,0.5255761884890932
CDK5RAP3,0.11393023544384788
SPATC1,-0.9658380222143917
ANKRD24,-1.1874214708246253
TCP11X2,-0.9111067637147764
PNCK,0.33888765234303647
PRAMEF5,1.0435619958278683
PRAMEF4,1.7479233713207916
PRAMEF15,1.043561995827816
NHLRC1,0.03850376557171995
ZP4,0.16780394333334808
LRRC23,-1.1890268043803311
RDH11,0.20187215423286908
PPM1J,-0.6349091342038626
SPATA9,-1.1002879738362323
PRAMEF1,-0.8215012362789844
PRAMEF2,0.5089669818066168
FAM71F2,0.6699604215119489
MYORG,1.5508638654909375
UGT3A2,-0.07027433416396224
ST3GAL4,0.4334523887327196
TONSL,-1.1860567743045662
PXYLP1,-0.15214291774561656
TPST2,0.5798790301364912
DISP1,-0.29155738006808435
FUT11,2.1673597795179522
DISP2,-0.5193819351983057
DNAJC15,0.050596815281228016
TOMM20L,-0.5375529728592098
MTIF3,-1.018643801279063
THEM6,0.8744484237682901
MTG2,0.25670071293309693
AC139530.2,-0.0882284765477697
MRPS21,-0.5302856430510509
ALDH1L2,0.518435543281194
SLC30A2,0.698454001374929
TRARG1,5.15873777709856
SLC27A6,0.8969501836837336
SLC27A3,0.8465161999377434
CPT1C,1.4539175921203336
PNLIPRP3,5.130702056951201
SLC35E2B,1.8272555102812076
SETDB2,-0.9737637325773683
AFTPH,-0.23795109329107372
SAPCD1,-0.8236051844475776
TSEN54,-0.4597253444515524
C11orf80,-0.41390746219935015
KMT5C,-0.794739534369536
STRA8,-0.4596688652740323
HES6,-0.528818895754719
HIST2H3PS2,-0.5691420665185575
ZSCAN23,-0.2621336305345987
SH2D4A,-0.6288085516604858
CCDC71,-0.013981403369795538
RDH10,3.6230682245282
LINC00908,0.04317405882524704
TMEM159,0.2863162533909938
GPR34,0.46612759194296155
RRNAD1,0.4900607646676669
WDR13,0.32918641646801755
ZNHIT2,0.11875866109583401
GPC2,0.3728648877228513
SSBP4,-0.23947837892355398
UGT2A3,0.31431335646883724
UGT1A8,0.19001242384932993
UGT1A9,0.12024586346002593
UGT1A5,0.4132965363061202
UGT1A4,0.24398415764200337
UGT1A7,0.43699397189250905
UGT1A1,0.08187821823854276
UGT1A6,-0.07539486597226287
UGT1A3,0.3067132096362554
UGT2B17,0.10157912056260783
UGT2B10,0.4109668951643628
MGAT5B,-0.4160795466564255
RGS8,-0.8641122681153094
XYLT1,0.6182133600112442
UGT2B28,0.11161541480340419
VXN,-0.8928630771783331
ACP7,1.7742094059376572
TTYH2,0.2187252444667299
PTRHD1,-0.3735436118026532
RNASEH2C,-0.08880102678099167
PDRG1,-0.19787036502479627
CECR2,-1.3012092155097565
GUCA1C,-1.1183725128708115
CKMT1A,0.07462576286164894
CKMT1B,0.6261967320341629
TRPV3,-0.5921927978498156
PHKA1,-0.46479470887296925
EFHD1,-0.21019716757555915
ASIC3,0.3632139614530518
IQCG,-0.8860326897831723
IQCE,-0.020010957044542324
UNC79,-0.6355219293004202
MYH3,-1.2496924742172613
FGF11,-0.4263086914750404
ARL6,-0.8272743195976746
TRPM5,-0.7025402497381518
C11orf65,-0.8563832655473484
OCM,-0.250282178997677
TRNAU1AP,-0.01628525535245226
LIPK,2.076675475313287
NDRG3,1.2136078425272112
PDE5A,0.20336195959007888
CTIF,0.3810625053677877
FLACC1,0.06609413794987472
LOC102724652,0.5819837244058715
FAM86C1,0.43089501769751454
C10orf82,0.4796129359434089
SLC35E3,0.06745156394536962
KCNH7,-0.8454236086678735
SLC22A15,2.151864354213172
C4orf3,0.30677454439131646
SNPH,-0.11112541102087777
STXBP4,-0.04941855242765562
PPP1R3F,-0.8801525896149405
PPP1R3E,-0.3597352170894377
PPP1R3B,-0.48763828372538703
NAPSB,0.4357854513308772
C1orf210,0.10475275670703214
MAP6,-0.2553104692061707
GSDMA,-0.8628159051723489
PJVK,-0.09798590606909899
EBLN2,-0.0725766269340256
FAM83C,0.01028628381158682
EVPLL,-1.3149010693463468
TMEM56,0.7988987148664065
C1orf68,-0.7248670168596018
TMEM223,-0.22883938133261159
TSPAN14,1.269468151250912
NAT14,1.2700254522817487
SLC15A4,1.3147278367808424
GPR89A,-0.03570566186510491
STUM,-0.4532573994013367
TSPAN2,0.5357875918773072
TSPAN32,0.49877479198986424
TSPAN33,-0.2173426492192328
POMT1,0.441992729761223
DHRS9,-0.5194169594167539
CXCL17,-0.6054902205557575
TMEM91,3.2892666306068747
KLRC1,0.1153980443315313
IFNA6,-0.44615064837651514
C6orf136,0.8433920715695995
C1orf226,-1.3789586543486023
FOXN4,-0.49246376463481684
MAP3K15,-0.7130621318258564
DBF4B,-0.9578418404026536
DCLK3,-0.9854119359922051
CSN1S1,-0.3639417316184766
PMF1-BGLAP,-1.3860322007068495
LRP5L,-0.8037404999663077
DCAF15,0.47920474532441165
SIPA1L2,-0.12944199779929452
HPS3,-0.19233756285032705
KIZ,-0.7480806362605265
RPP25L,-0.5444591469144602
CLUL1,-1.2657475976799912
FAM72D,-0.06252400549271259
FBLN7,0.2618623140613258
SPATA33,-0.37697292324803133
FTMT,-0.2653483018733421
MROH2B,-0.7729613738781764
ANKEF1,-0.8125873809687575
GTSF1L,-0.8900823786122789
ZNF559-ZNF177,0.3871169003581176
SLFN5,-0.06451361318592706
MBNL3,-0.09293158599949278
FAM210B,-0.008863019984389767
FAM104B,-0.5264244849103569
CRISP3,1.27928862796708
LRG1,-0.20869396617964342
LRRC75B,-0.7034786982556928
RETNLB,0.4532200928903869
MEX3A,0.7566827158355539
PHGR1,-0.740786945849388
ANXA13,-0.19529593660177783
TM4SF20,-0.7649378182265614
FRMD5,0.09315723530563678
TMEM87B,0.4201226041228991
NKX6-3,-0.8380009400821852
CCDC68,-0.07643229390660805
TRIM73,0.12683579113566676
PHETA1,0.09058885169025234
RCCD1,-0.579864298525157
MYRIP,0.6405680219943073
SNAP47,0.16555063685966065
SHISA6,-0.3203788971526249
KRT86,-0.991452683179626
SAMD7,-0.7581535261058432
CCDC24,-0.2501878541058136
ANO3,0.45467922081331785
BEST4,-0.13440158928963217
ANO5,0.94573125982189
ANO7,0.42891921816706247
SLC26A7,1.132384328226347
ANO8,0.6092422307651703
ANO9,0.997401552845572
ANO4,1.3991718112726985
ANO2,-0.11153700202362099
BEST3,-0.5736234341774693
TTC39A,-0.4446471171506595
FAM131A,1.43137778701686
TTLL3,0.5078874565652925
MBLAC2,0.006783652516326603
PLEKHM1,-0.33475632425968666
FLYWCH1,-0.014280911278452305
BAIAP3,-0.3430440001455701
TMEM106A,-0.6089631001682517
SLC26A9,1.3446700632047017
TENT5C,-0.20182501513028056
H2BFS,-1.1771420954862168
HIST3H2BB,-0.8743728534754835
GID4,1.9490371597028513
HIST1H2AL,-0.5064037659816792
EID2B,0.926329357508636
DPPA4,-0.23135765777665707
RIMBP3,-0.8147165116370895
FOXR1,0.21605907458540818
PLEKHG4B,-0.7516216097740155
DPH7,0.8064252985645223
BICRA,0.10760325447741868
BCL7B,0.1597221448630068
SERPINB9,0.002210269825125379
SCX,-0.7767724975934309
ZNF639,-0.47240191040497764
PWWP2B,0.6110133355077697
ZNF594,-1.0389963494822951
HDGFL1,-1.6105224076625857
ZCWPW1,-0.9827199551413625
JADE3,-1.0218180954350695
RAP1GAP2,0.46483366116544056
ZNF418,-1.2050649336358925
ZNF550,-0.5130026310232486
YY1AP1,-0.5080112105692937
AC005324.4,-1.1439461579934533
METTL23,0.9451232608890595
ARL11,-0.25990904620749916
SAP25,-0.0011950747670617433
DNAJC28,0.31924984053750016
DNAJC22,-0.13905696438013374
EIF5AL1,0.040265421763144384
DNAJC25-GNG10,-0.5320385254614243
HSD17B7P2,0.22812776301393226
IMMP2L,-0.41243509555629004
TXNRD3,0.7894665448568389
ALKBH2,0.7065302039950673
CNOT6L,-0.8828736872132341
AATK,-0.28027380732644536
OSGIN1,-0.7296137444105477
CCDC117,0.09748904200360023
STARD3NL,-0.24399727115979064
SELENOK,2.2083938028072416
SLCO4A1,0.28823541128595814
RNF207,1.5564479262554263
CSRNP1,-0.25883019443302024
GPR37,-0.7057124117245881
ZFAND2A,-0.12135407353181736
LIFR,0.004346185925336152
TCTEX1D4,-0.0891506668520523
YPEL4,0.5645904164228149
TRMT9B,0.34536250943494334
MGAM2,-0.9876937642363294
MRM1,-0.015297302211270193
CORO6,-0.2688791008975076
FRMPD2,-0.08935375514697047
KAZN,-0.5561139743722395
OPTC,-1.0034671461449607
LRIG3,0.0373812606973475
THAP2,1.4435079225001648
PTPDC1,-0.3534777007189143
NRG3,-0.5201929765249033
NRG4,-0.2527101026078725
KIR2DL5A,-0.6242211571117251
KLB,0.7770862123862571
OVCA2,-0.327773034164494
TMEM220,1.8945662050216356
LILRA4,0.138494513217972
LILRA1,0.36609461341373845
THEMIS,-0.499503053488016
FRS2,-0.11616208851853299
SPRY4,-0.2695120275269526
KIR2DL1,-0.06105360697575958
TREML1,1.0796234639966849
GAB3,-0.14403588403806997
KIR3DL1,-0.2703739930136742
MID1IP1,0.7756562895343531
GAREM1,-0.3675903785447255
WWC2,-0.36111768148036133
OSGIN2,-0.690093073324273
AMOTL1,-0.129518584464521
OR2W3,-0.3969020881796817
GALP,1.6423210874316763
GPR151,-0.7034312157637309
OR14J1,-0.6202029003022939
FAM167A,-0.8109586551071253
L3HYPDH,0.24770445164959348
PPP1R21,0.21223331715544042
RELL1,1.6069089955686646
SWT1,-1.0451594056806548
KRT82,-0.015523731726071856
GPR142,-1.2435459693568198
GPR82,-1.1233937074384157
GPR139,-0.6373739648279055
MT-ND4L,0.8906066944135234
LY6G5C,-0.19359541245506295
AGMO,-0.32837786701299226
IFNK,0.4133522224464244
IFNE,0.22409445907441686
IFNL1,0.16896547274216367
IFNL2,0.3695304773165291
IFNL3,0.5502037106967871
IL17D,0.5643504375552753
IL20,0.38269458012480984
SFTA3,-0.4056520388027152
SFTPA1,-0.022148739994213254
CCL18,1.0167537967444022
PTRH1,0.22809322742600666
ATPAF1,-0.4427632651267713
EEF1AKMT1,1.5345035324029708
AC135178.2,-0.7742803931819906
OGFOD3,5.558049837190171
MANBAL,0.32960652493574405
C1orf43,-0.4552536880428315
FAM118B,0.06393440817642097
CCRL2,0.7722307389789661
VNN1,1.0254303950168733
MILR1,1.0883395381134533
EGFLAM,0.2974493641823383
ENOX2,-0.8670573718293371
ST7L,-1.1610540775749778
CA3,-0.5422807932721045
SYBU,-0.593187740106633
PPP1R9A,-0.2835603829163876
SLC24A5,0.3276713212430588
XK,-0.07402091280763372
N4BP2L1,2.47734905629909
CHADL,-1.2406071889856547
ANKRD55,-0.8561055620341167
FMO5,0.8066391836916198
KCNJ12,-1.0083892690934224
RCC1L,0.04649102394365356
USP32P2,0.1412480012727704
AL360181.3,-0.7769455317321415
TXNDC8,0.37374284227214766
C10orf67,-1.2727096018482438
TAS1R1,-1.1516656333555002
SDHAF1,-0.09090107444633584
SNHG32,-0.2188141398619822
CDNF,2.6344646285496007
TMEM247,-1.1091625729572394
C18orf63,-0.16333465048801118
SNX32,0.03065042555577792
KLHL26,-0.729190938288326
FAM156B,-0.9202434568430027
FAM156A,-0.7183155552517464
CCDC196,0.6405589111846941
SNX20,1.2545507824252025
FAM81A,-0.21898349504183837
GAS2L2,0.31789774545290655
PRPF40B,-0.6308125771961509
LYSMD1,-0.17891729204625995
JRK,-0.045679844918756346
EXOC3L1,0.23204880258438218
FAM13C,1.0481245042190952
CEP57L1,-0.7159315092705132
LSP1P3,-0.7862150497862547
CEP95,-0.8369136173280068
AARD,0.4188581941631144
HABP4,-1.3511993372491655
C2orf80,-0.5285347304073799
PRND,-1.00151569098981
GTSF1,-0.7383389402963771
DEFB119,-0.99013505866197
AXDND1,-1.22113142382928
KLHL15,0.26717211299473526
LENG8,-0.9401655459700223
PSORS1C1,-0.8423791364040649
CCDC179,-1.0521379011495626
DMRTA2,-1.1913401095097673
SNORC,0.6227990972513177
TFF3,-0.2908029209116629
ZNF852,-1.0599404818131677
ADGRG4,-0.6339176636523469
WNT7A,-0.4944787329841746
RPRML,-0.6990725944623771
GXYLT1,0.14933352944919312
LYPD1,0.7622181261370845
ANKRD9,-0.9148119379453014
NEURL2,0.047875905328323864
MICALL2,-0.2796983029336706
RRAGD,0.24770057361799275
NDRG4,0.5321925334769932
ELMOD1,-0.2564472100545456
PABPN1L,-0.45961181220398756
CELF6,-0.22210561920466212
CD101,0.09571477487002884
BCL2L2-PABPN1,-0.5629205182276149
AP002990.1,-0.8494157216072543
LIN28B,-0.4107826153408963
RTL4,0.23876177272639015
AC245033.1,-0.9882861123228948
KIR2DS2,-0.312555290480285
GPR89B,0.5289266043777463
LRRC28,-0.8558119713220322
H3F3AP6,-0.6397200338610621
SFXN2,0.1632308898438409
AP002373.1,-0.9600336275685238
SBNO1,-0.2704626328661716
FCRL5,-0.08738697294592847
SMIM20,-0.32373284668690344
SH3PXD2B,3.2145341473866265
AL355916.3,-0.63783715371189
MAPK15,0.06617880189236558
CBSL,0.5555653627800596
HAS3,0.0005460106388794821
SCML2,-1.2130934923994547
ACKR4,0.11433653713885225
MT1E,0.30240041158616987
HACD1,1.8509021297707433
KIF26B,-0.5532899038240391
SBK2,-0.49871913187994765
SLC12A8,1.126459799491655
SPDYC,-1.522478041709373
CSNK2A3,-0.9898951891312467
MSS51,-0.8366469838728058
GANC,1.5248490584233239
ZSWIM8,0.350280354378696
KLHL29,0.4349159026999994
SLC25A30,1.7223509998671227
KCTD21,0.24686898140014632
IGLL3P,0.6233109116833095
PARP9,0.4788968967947275
BPIFB1,-0.8629053299643786
KIAA1324,0.15699244956643263
SCGB2A1,0.07018338649354441
PDE6B,-0.5215651580731595
SDE2,0.027133787982676957
C3orf38,-0.4213253512736769
PPP1R15B,-0.41492854626465636
KIAA1586,-0.9651619072167233
DNAJC25,0.7592531106957465
RNF43,0.056871660577462735
VHLL,-0.1931554218995173
LRRC10,-0.5934622034289365
FAHD2B,0.20622639590256903
CILP2,0.5577257181816606
PCDHB7,-0.6270763190840031
PCDHAC1,0.20059277481867369
GPR63,-0.5587472418714506
HARBI1,-0.07354535964568618
ALKBH3,0.19483382889724396
NFE4,1.067550112380204
FRMD7,-0.2613543537997908
LSM11,-1.2469712667860067
TADA1,-0.7566053281233223
SUPT3H,-0.5725697517325853
USP17L1,-0.7814311562778351
MEDAG,1.19911401154119
RIPOR3,-0.9416416820892236
TBX18,-0.8794714579014705
EIF4E3,0.10984385435830947
RNASEK,1.2873685503332901
VILL,0.6653175015596587
FAM3D,-0.5365514935951997
NUDT22,-0.7142888469970331
CNFN,-0.513734818428189
GRAMD1A,0.31976430371155556
HSP90AA5P,-0.7734260717215238
LZIC,-0.31567388559186765
MTBP,-0.6781330053944903
ZSCAN25,-0.6822271963319836
XRRA1,-0.9303153749570119
PARP6,0.1437325050041311
DTX1,-0.4274217367210838
SPRY3,-0.49487221107849605
KRTAP2-4,-0.12366702372639808
C17orf50,1.6225184547387683
CCDC125,-0.7339126293036801
SNRPD2P1,-0.8124901048281057
HSP90AB3P,-0.7052731544119656
HSP90AB4P,-0.5872276530216118
H2BFWT,-0.8704482669100255
NR2E3,-0.8896364660128447
ZNF589,-0.2924650860003406
LOC100996709,0.953017459309581
F8A1,-0.8751348983516573
P3H4,2.1821495791535632
AC093155.3,0.7925142869097678
VCX2,-0.5631416178372528
FRMD1,-0.5609112896127855
CA8,-0.18153301639387232
PKD1L3,-0.815696714557014
TMEM88,-0.9281685777103797
CLVS1,-0.45521905999212414
HEXD,1.6504040329465028
SLC27A1,1.0945655107374757
KIAA0355,-0.4938666746104987
ZHX3,0.7699281381900823
TNNI3K,-0.9619640978838534
HMGB3P1,2.515293942583862
OR8U1,-0.10811834607403571
GLDN,-0.20181014295001484
UNC80,-0.0719294305335577
OR2L13,-0.062016465502695704
ZPLD1,5.663519028398066
SSX5,0.34159859248507174
SSX1,-1.268380602798658
SSX2B,-1.760731322403803
EID3,-0.7123886875289456
MAGEB3,-1.4288199363954357
C19orf84,-1.0953210755352507
MAGEB16,0.016431970260754103
MAGEA9B,-0.5067788760645094
DNAH11,-0.8406962375043999
LRRC38,-1.07137156426588
OCM2,-1.037632819901532
CALHM6,1.0550304934989274
ARPC4-TTLL3,-0.3394919866368189
TOR1AIP2,0.5308542702034478
KIAA1211,0.39397600011695694
STYXL1,0.16015161584763063
CPM,1.2304290842133265
SLC17A8,-0.426179842494432
BAIAP2L2,-0.4043294330058058
C11orf86,-0.343686308115138
MS4A7,0.9762460983414268
LRRC66,-0.318437065455732
MT4,-0.46216880049921844
LCN6,0.2677984355261565
LCN12,0.547703582090418
LCN9,0.485244489005744
LCN8,0.03299541060526816
WFDC10A,-0.2560294955151205
LCN10,0.5362801109068075
SERHL,0.5439656870622116
ZFYVE28,0.12426888344273776
RAET1G,0.0333552386745285
KLRC4-KLRK1,0.054879247265282934
RAET1L,-0.013873970003375433
MICA,1.2628111260497745
KIAA0391,0.24223184374181206
THEM4,-0.02398341682091791
RCAN3,-0.060294978461669965
TRABD2A,-0.7544892580259802
PIGZ,0.9637048748960156
RIPPLY1,-1.117680788901619
CCDC183,-0.3331137946497255
SLC22A17,-0.13165122306359806
IGSF21,-0.0009596102145081809
PLEKHG1,-0.5493993835869267
FAM45A,0.8380080666845093
OR52N4,-0.18581662609153093
OR1L8,-0.11119831002748116
OR52N5,-0.10811834607403571
OR52N2,-0.10811834607403573
TIGD3,-1.2627003403211898
ENPP6,0.13224520154820116
CMPK2,0.0859662570821993
GNPDA2,-0.16929370949591394
OR52N1,-0.16037806030414348
CCDC82,-0.9546080015933698
UNC93A,0.31862123799616066
SBSN,-0.8277140967083552
KRT79,-0.8288402856671265
NKPD1,0.4844277301459786
FCRLA,-0.41668491197443586
PPIAL4A,-0.13542172713214998
CCDC97,-0.7371296715638307
PPIAL4C,-0.573206036514382
PPIAL4G,-0.573206036514379
KRTAP6-3,-0.7483161038528001
KRT80,-0.9710208555533554
C9orf106,-0.5276260458336045
SLC25A18,-0.8780922284909312
CSKMT,-0.295450363485812
RHOXF2,-0.3867613686619365
CDY2A,-0.44927659711194945
CDYL2,-0.3211965843108159
CDY2B,0.4700122309163071
ECHDC3,1.3207300105813629
AC008982.1,0.807976338142424
CDY1B,0.30829202437141157
SOHLH1,-0.5512818099969031
SEMA3B,-0.8786725402635105
FAM160B1,0.2725026274497394
OR5F1,-0.20869089771654398
IRGM,0.2520123908653569
HGSNAT,3.373015492367841
CALHM1,-0.5616967693286982
TTYH1,-1.528308491708867
FAM171A2,-0.688480478437854
GRAPL,-0.6102231303672235
NDFIP2,0.45456446332276684
PPARGC1B,2.7801225752041114
SH2B2,-0.10847741420691681
PTPA,-0.9945111505841688
TGM6,0.407534845923142
CEACAM3,0.07921364352534828
ARHGEF28,-0.7556176065227075
SPRR2A,-0.6053505840487332
ARL17B,-0.6583048064964094
ARL17A,0.07533038545018518
ACBD7,0.3725772493330383
STAP2,0.8295229525627611
C1QL4,0.6588479199771806
ZNF658B,0.3706445266119921
SRCIN1,-0.4516708799074526
ANKRD18A,-1.2073605772146743
MTHFD2L,0.15490141785280304
B4GALNT2,-0.06456258087617066
POFUT1,0.5049750453071579
LRRC18,-1.0105373059127416
ISLR2,-0.7393514857089075
ZBTB12,-0.9883680393761737
RPS6KL1,-0.5743694144394175
STKLD1,-1.376942150898074
SPATA25,-1.1950474787180472
PLEKHG4,-0.30573773443469415
KLHDC1,-0.11475082378354239
BLOC1S4,-0.4182946602450017
EFCAB9,-0.8875578755682819
C12orf57,0.09317932401006256
CAPN12,0.19311096909714173
SPATA21,-1.0626001696257772
SYCP2,-1.0524111969918875
MYOM3,-0.7472307199259125
ADPRHL1,-0.6895011739911777
KLHL31,-0.9765308732470139
LMOD3,-0.26841929837804157
LMOD2,-0.39627085709169335
CCDC150,-0.7664699084678637
AZIN2,-0.2576513187808998
MPV17L2,-0.5167312114122925
POTED,-1.4292614107022408
PDE6C,-0.7125441308682434
VASH1,0.6854432992018588
WDFY4,1.5690655782659653
KIAA1549,-0.33801961775718514
LGALS9C,-0.14356836808072523
LGALS9B,2.1174476783397442
LGALS12,5.70841108266461
PTGFRN,1.719082974086215
C1orf159,-0.4417541875521383
TMEM182,-0.5503336888709478
MFSD4A,1.0361217290366664
LGALS16,3.659226611679074
MT1H,0.8607379049995093
B3GALT2,5.462655076284624
MIA,-0.6529801941742491
PNLIPRP2,-0.15629700222208603
KLHL8,-0.35724059145194287
MGST1,-0.050272219532674564
CEACAM7,-1.2333380936308826
SLC22A18AS,-0.8358620419101422
APOBEC3A,0.6917936551641221
CCL4,0.25303910603408736
RTL10,0.23261580947554186
GGNBP1,-0.13010330111778856
GKN2,-0.5038253099723907
EPGN,0.5757864561035451
ASIC5,1.0040988157037984
L3MBTL2,-0.468065841886678
KRT72,-0.9372716889811991
RBFOX3,0.30032257446324157
IPCEF1,-0.045484109927166165
ESPNL,-1.3931801994686481
NUDT8,0.3269645459806155
THAP6,0.1964787981740649
RAB11FIP3,0.243764198859456
AGAP7P,-0.2860162492917478
FCHSD1,-0.3666808134250066
PLEKHA3,0.0977297403836536
CFAP47,-1.2480480371078184
SMCR8,0.9127079479512354
TLNRD1,0.7352338438847871
DDX11L8,2.6199487365879244
METRNL,0.15821159337991905
LYNX1,2.1316518137133555
CERCAM,1.6113319418261298
TEX101,1.0296653496278585
MT1HL1,1.3730913538712464
LARGE2,1.198826657805018
PSCA,0.88658335888302
LYPD2,1.8404875993269312
KRT28,-1.0805045281603114
KRT39,-0.6965690444118313
KRT71,-0.7004086590868246
KRT73,-0.9442955975219851
KRT84,-1.1289506009443546
KRT26,-0.5108348961460093
KCNK13,-0.7550359616464019
KCNT2,-0.8798995737694866
SLCO3A1,1.8878625954354666
SLC22A10,2.1292177727871837
SLC22A25,1.5911444080376835
SLCO1B3,0.8801497459673656
SLC16A14,0.17439358817006073
LRRC26,-0.9654670418638387
VSTM2A,0.20529310279539753
PQLC1,1.434936844384726
WASHC1,-0.24390324494071963
LOXL4,0.01119374007741422
GPAT2,5.355027782123898
AGPAT4,1.4923687482381507
HAGHL,0.8305958154374437
LRRC29,-0.40313018829687214
LRRC69,-0.8134745591197285
LRRC20,-0.6368243670743777
LRRC30,-1.0706940741648532
HYAL4,-0.21181931293213338
A4GNT,-1.1787580104750197
GALNT9,-0.6579875847961694
RBM14-RBM4,0.16533373062727835
DBNDD1,1.0624740235726626
ENTPD5,0.6318619456652944
SEMA6B,-0.047481332025156066
CRB3,-0.2542336906069067
GIPC2,-0.4562002236907962
GIPC3,-0.3820548490756013
PKHD1,-0.4664360819507012
ATAD3C,-0.3320448092320964
CERS1,0.32907634752240605
HHATL,0.6464322009491852
AHRR,-0.27726707597983824
ANKRD36BP1,-0.44713320536060713
BCL2L15,0.4817672929915094
SLC2A7,1.6481371329542067
ALG1L,0.6135535133172444
PIGY,-0.5757167003519572
PIGX,-0.09841792124640522
SLC36A4,1.6806530374454645
PCTP,0.827029707374549
TBC1D3,0.8740474323357298
DHRS7,-0.1199010356379397
ENPP5,1.097349294682266
ENPP3,0.06958930290047588
ELOVL4,-0.08286531308234552
TXNRD2,3.3778352000335827
CLDN8,-1.444387519353819
ARSD,5.473702509296345
NIPAL2,-0.6081839658843989
VTCN1,-0.22158088109312005
PLEKHS1,-0.36623785892492683
CST1,0.14419082694767985
CST4,0.024652869385672568
PFKFB2,-0.6189165069074348
DYRK3,-0.3576423384042855
ZNF18,-0.5393280650024365
GZF1,-0.30628535001376206
SLC25A38,0.22115199262248234
PHLPP2,-0.06297590195050935
FAM43A,0.4921489169453371
C9orf153,-1.3624670401403576
TMEM254,1.0830242510116617
CCNQ,0.3582753579835604
IGFN1,0.14515733060937566
CELA2A,-0.6013369391925732
SERPINE3,0.5363277938025072
BORCS5,-0.2660158285134415
TMEM65,0.35415850216659694
BEND3,-1.0010869165666116
ZNF496,-0.7079209095505623
ARSH,6.9429857797870556
ZNF391,-0.2987614341134021
RSPO4,0.6205761208425001
CATSPERZ,-0.72584053067638
ZNF366,-0.9223971271103358
CES5A,1.1258909794471403
GLIS1,-0.3851642515137298
PDILT,0.026301236019798117
ZNF319,-0.010803698591506025
CLEC2A,2.5282590918363708
SLC37A3,0.0607673957399145
WNT9A,-0.5009375109421473
SRRM4,-0.6801859367410801
DCAF12L1,-0.7685335402504877
PCDHB12,-0.6927461868131736
C2orf78,0.1450474174300211
POTEC,-0.9648275844719895
KIFC2,-0.3986591934862531
USP42,0.200317639353644
CRIPAK,-0.21964610908213106
ADA2,-0.3878081605297033
KIAA1257,-1.2279979374535472
C12orf56,-1.3623762183068957
CCDC177,0.15109174308089968
FUZ,0.7766800594359461
NRBP2,1.3904930572631016
C8orf44-SGK3,-0.2423551154278235
NME2P1,-0.044991707615212165
GOLGA7B,-0.28916318568544214
TAPT1,0.002675357253084983
FOXRED2,1.1084186634701467
SLC25A25,-0.21541401219980147
LVRN,1.8336370840647633
ERAP2,2.062358652703543
TRHDE,3.869999532307558
TEX261,-0.6549751768239047
SLC52A1,-0.1958631721942171
RDH13,1.0846642573997067
MIEF2,2.0201874863248386
PI16,0.4567560424565389
MSH5-SAPCD1,-0.7761600988036854
GSTA5,-0.05827819670774175
NHLRC4,-0.16266805302902873
CMIP,-0.111560703155951
SH3TC1,1.575417160942004
C8orf76,-0.8126774401291823
SPNS2,2.202745473504646
PROM2,-0.03489483934538373
OR11G2,-0.10811834607403571
DCST1,0.07975635414414706
FAR2,6.4414282166727865
MANEAL,2.715241494502479
ZDBF2,-0.5497833841188527
CCDC102A,-0.10449129590344182
FAM199X,-0.7436648107402768
SLC39A13,0.9143583005097533
AC006538.2,0.35078870664711814
GLIPR1L2,-0.60964062071826
GLIPR1L1,-0.9850469186193213
PDZD8,-0.4750219166998597
TNRC6C,-0.4868489460793892
TC2N,-0.21469307133454024
TUBE1,0.3469474615883585
RPP14,-0.5129679531476519
CSDC2,-0.7706004669687092
TMSB4Y,-0.33405705726322904
PHLDB1,-0.005320835263659595
RGS9BP,-1.048866723595482
PCDHB3,-0.39879691650662796
ACOT1,2.4432471551359467
RNF214,1.144601270858942
LCMT2,-0.43115533708661735
GAREM2,1.3113042581029188
PRRT4,0.5447360600882342
RTL1,-0.012746040712488728
LEKR1,0.5550316155694897
SOGA3,-0.6560132661071828
SCUBE2,0.2109025117365239
FAM149A,1.2260430295740432
CRLF1,-0.3053233102980476
LINGO4,-1.6815509855547668
TBC1D24,0.9310887260184301
EMC3,0.8895980437148463
ZNF177,-0.9939886451394867
RTBDN,-0.3803872436316052
BPIFB2,-0.7184907654079632
BPIFB4,-0.4825738693207016
IZUMO1R,-0.6781666554993365
C2CD2,0.029942911464180186
NYAP1,-0.630215513255168
NYAP2,-0.43501845977544573
RCSD1,0.12878822942290608
REP15,-0.4928081731647255
AC093525.2,0.9886669201102317
TBC1D8,-0.1436639518797897
MTX3,0.09854709400311198
OR9Q2,-0.10811834607403571
RSPO2,-0.03738253656672711
RTL6,0.2785731859936427
CHAC1,0.14781266059759754
TEDC1,0.5673116440127917
TNFSF12-TNFSF13,0.5776181215109063
SEMA4B,0.05954778223969067
SLCO4C1,0.9888015308998339
AC011604.2,0.7325039727976884
ELOVL7,0.5494073250144442
CERS4,0.5882721702350585
CERS5,0.1388633057969794
CERS3,0.012073958276968857
SRD5A3,0.47593168149349385
RIIAD1,-0.03818964979541641
PURB,-0.6513893493033099
CHIC1,-0.9095730807837503
LRRC61,-0.9183000587699182
PKHD1L1,-0.2828045663043344
SLC49A3,1.7954851546198154
CHRDL2,-0.1185725589276316
PPP1R14C,-0.8051015669157496
NXPH4,0.5828019564115506
GSTCD,-0.8484536719357657
C12orf60,0.16008514809394547
WFIKKN1,-0.12591753716234994
DACT2,-0.13682820043457825
RHBDL2,-0.8797168348010752
CCBE1,3.0997821721511323
MMP23A,0.1376382388063699
POGLUT3,2.4226425645085907
POGLUT2,0.4116735993316558
DCAF4,-0.08581374699821707
KAT14,-0.6549801168098766
OR5R1,-0.7375826970546666
RNF222,-0.4171749897289043
ZNF608,0.45984894891944417
EEF1AKMT2,-0.5533922534870779
FAM133A,-1.0692912102429997
ANKLE1,-1.4868526679814027
NAIF1,-0.09798058486786565
NEXMIF,-0.7851666622805055
SNX22,3.1103113676195124
NXNL1,0.46051664568371414
MYOM2,-0.7184700501410216
HSP90AB2P,0.88799967625794
SIRPD,-1.1870790295827895
ANXA8L1,0.2190327327138525
MMS22L,-1.1488287361967457
CDAN1,-1.3835057655237246
H2AFB2,-0.8182652309808448
C15orf41,-0.6103745277400715
C18orf54,-0.847923770001269
GOLGA8J,0.5089669818066168
NDUFAF6,-0.4525768654442162
MT-ND1,-0.00819271706883401
GOLGA8G,-0.7227655625563787
CCDC58,-0.6014462830497493
DNAJC14,-0.4501926092007796
GOLGA8B,-0.23181107462199638
C8orf44,-1.2420876144127393
SPRR2E,-0.1607926523069161
MAB21L3,-0.9668565830388816
CT45A10,2.2053337049953203
SLC24A4,0.37438816432344124
CCDC191,-0.7274791098042307
PITPNC1,1.8092972793544029
RSPO3,0.46577611409309677
RAPH1,4.834776301867347
DEDD2,0.18949220282860277
TMEM176A,3.579893644305761
COQ10A,-0.3760095720908338
TERC,-1.168439140697899
BOLA2B,0.07319323682387759
TSPY3,-1.250871213073246
HFM1,-0.922998495223844
DCAF4L1,-1.1409815571530177
ESX1,0.32094134507945155
DND1,-1.1129425926677863
KIAA1210,-1.2930137808247244
WFDC6,-1.2151512369115742
AC012184.2,-0.8603983998152008
TMIGD3,0.21005446791316632
TSGA13,-1.2013005385400668
SPATS2L,-0.11381520996584009
DHRS12,0.19184069583587263
NDUFAF8,-0.1205876809528033
SPRYD4,-0.5394047390087215
SUGCT,0.053898345963863496
HSFY1,-1.4057963659034032
MBD6,-0.5845094488010681
EPOP,-0.43744641186703015
MBD3L2,-0.24281493164800785
ZRANB3,-0.29685614215976136
ALL1,-1.095416803074777
ZFR2,-1.9423573027375918
FAM135A,-1.1686698328346719
SNX29,-0.3424127366929127
NUDT13,-0.8303963104781752
TBRG1,-0.3829822355457243
SYN2,-1.0011054723699124
ZBTB49,-0.7489505118913151
FIGN,-0.2502062130400532
NEURL4,-0.17182000323740548
NHSL2,-0.9277417173904452
RPP25,-0.44703699916604667
STX19,0.058885456842102356
NUDT19,-0.003959582592835205
RILPL2,0.5834251224166602
STARD4,0.7741339903602783
PHRF1,0.050596939279641755
EPR1,-0.21635014674092148
ZNF137P,-0.07905030404065412
STPG2,0.6898529304061018
OFCC1,-1.3963135947811969
ZFYVE19,0.05143102690626339
TTC24,1.0051670674752362
AL139300.1,2.6279460918994584
IL17F,-0.0381339260919171
FAM118A,0.2057523121574921
PWWP3A,-0.36438473831052776
DEPDC4,-1.0474703655085131
SCIN,-0.11602261096389736
MAMDC2,1.459683852796348
FAM126A,1.0411838417559593
FAM216B,-0.6440861833673511
CES4A,1.9981576911985637
DTHD1,-0.710158266116675
FRMD4A,0.3429764847768232
FAM221B,-0.6568068175627709
DOK7,0.23114754878539587
CFAP161,-0.6656366443169348
KCTD4,0.40370635526372645
RBIS,-1.0193078544863252
CD5L,-0.08309889554928727
LRAT,-0.059527667695659106
FAM83A,-0.8497232105037062
NXPE2,0.6557871646145836
SLC26A11,4.911690534828719
KRTAP3-2,0.3740674950637136
LCE1C,-0.2626108645094211
PRELID3A,-0.7374632180231919
C22orf39,0.1651886745806466
CLYBL,1.3226729707093114
CTBP1-DT,0.27432905898806215
NEU4,1.3640808510979556
C12orf49,1.0579810036752055
LINC00663,-0.12875433473597178
LINC01547,2.0049711353533923
DAND5,-0.3911648905388021
VIT,0.22738309726990888
ERI2,-1.5826073188187144
EVC,-0.7730633442726372
MAGEA12,-0.05961427105617232
SLC16A6,-0.7955809936218973
EDDM3B,-1.0584347512890955
SLC7A6OS,-0.8785889344908677
SLC35B4,-0.25235268445624887
SPATC1L,-0.18692429346313844
PANX2,-0.4947998012644343
G6PC2,1.2789013023650677
DZANK1,-0.734817337815069
ACP6,0.5745148286951153
ALKBH6,0.47363811744720247
TIGD6,-0.056390917974710505
TTC25,-0.8125227617800265
ELMOD3,1.3148370823780413
EXO5,-0.527290216148651
C11orf1,-0.8313103518323438
PEX26,0.23648271279572525
TMEM101,-0.48215418233324286
PLGLB1,-0.10994478127652621
MRO,4.125844297005807
SLC19A3,2.0238592870454277
PAQR5,0.23743299276050422
OSCAR,0.967248302690196
CHCHD5,1.287185474834911
SLC25A51,-0.8679568049259131
MEF2B,-0.621177036565281
GPR160,-0.029446900328378805
IFI27L2,0.38053479502921284
CARD19,2.958425813732799
ZAN,-0.6032261870053462
FAM107B,-0.3764398792976208
SMIM12,0.006001396709629109
KLRF1,-0.11338140343059293
PRELID2,-0.7783042540670257
C19orf44,-0.9754800442396626
HYAL3,1.5144672556275227
GPR146,-0.3458882757748975
MTHFS,-0.32609648147366754
DPH6,-0.9783980720877566
MON1B,0.4931940571115623
BCO2,-0.4039271434710985
TMEM245,-0.2980519012585337
TMEM242,-0.4376824630300175
CDKN2AIPNL,0.5894736745868392
SH3BGRL2,-0.8991822895126821
PRR36,-1.7055288971832254
SNX11,0.6145502191823378
TMTC4,1.3964556816827127
PART1,-0.6032261870053462
TMEM187,0.0197172490399794
TCEAL3,0.9041715812878713
DACH2,-0.8716841594338612
TMCO6,0.2146309490373075
CARMIL1,3.694113979068482
CGAS,-0.47855485053575597
GPR108,1.3166762698716898
MPZL3,-0.3756653332050112
OSBPL7,-0.3474493415313423
RUNDC1,0.3479757829828542
DTX4,-0.0891280016992532
TBC1D19,0.45328279113602493
KRT222,-0.8957154266869174
TMEM266,1.4092485226837723
C8orf48,-1.0630548442030117
NBPF7,-0.8957154266869174
CCDC74A,-0.5769744230549785
METTL27,-0.576203402051932
METTL21C,-0.05638224769757938
NBPF15,0.5300145368203275
SNX15,0.4554031341416594
CCDC74B,-0.5519728184490267
NBPF1,-0.17577780952031363
SERGEF,-1.1042977871485025
SLC2A13,6.5732085145769865
MCCD1,-0.12638395598034907
SLC47A2,-0.24094366407943318
ANKRD36C,-0.8894066864069284
IPP,-0.33689438227560825
RABL2B,-0.9142853570790955
LRRC27,-1.267410884606318
GATC,-0.006209029949959222
LILRB5,1.2006569520897072
CLEC4D,1.0954877735543318
CLEC4C,-0.2600343481544236
FLVCR2,1.3782244892530031
CLEC6A,-0.2621744448144155
EFCAB5,-1.3446473678553823
OR5V1,-1.4668530328537872
SPATA31D1,-0.5935427921221558
RIBC1,-0.8411086406520178
KIAA0040,0.16170976348978613
IL20RA,-0.5065537731546153
SLC25A29,-0.3164603519956289
HSD11B1L,0.4312874590635681
GPR19,-0.9021532221185704
FRMPD3,0.03988318568780067
FAM241A,0.10801628369265828
C4orf33,-0.3588727406426007
SRD5A2,-0.7030417861239514
TRMT10B,-0.08831265560750176
TMEM64,-0.00543840391755171
NKD2,-0.9038845732577105
ANKRD36B,-0.30637290550798213
ASMT,0.39096948717454233
ZNF438,0.3196104344690725
LRRC63,-1.5381209624629322
LIX1L,-0.1842364789677874
TBC1D3C,0.6311595495798318
TAMM41,0.5907225148327225
SPRED3,-0.3234252502504304
CRYBB2,-1.0810042037935468
STPG1,-0.9263680580517658
RSPH10B,-0.8197772602248389
SPATA6L,-1.2077806251381262
ERICH2,-0.47135162972431244
VWA3B,-0.9678876369552856
PBOV1,-1.0646358977118755
ACAP3,0.001191444304049086
PTGR2,0.30039967004241835
UGT2A1,0.5813842147295967
BCO1,-0.2371099889478934
APOC4,-0.3327915047077262
ADH1C,0.10381666246546313
RDH12,0.20821021022816474
MICU3,-0.45821391352751195
PKD1L1,-0.5461347332790167
KANSL1L,-0.6949818331877786
MCOLN2,-0.35370286987029653
KREMEN1,0.35843453893142646
SORCS1,0.3913174872762432
SORCS2,0.28187968835670935
C19orf73,-0.7406726233662484
STMP1,-0.1872000833453498
ZNF746,-0.773795892795966
OR52B2,-0.003753071742143131
OR52B6,-0.10811834607402433
OR9I1,-0.12102582431917365
OR10T2,-0.17523782402564597
OR5D18,-0.10811834607403573
OR5D16,-0.10811834607403571
OR6P1,-0.10811834607403571
OR6B1,-0.2693942660503395
OR6B2,-0.20612519334398377
OR13F1,-0.10811834607403384
OR51Q1,-0.23362779589836266
OR10K1,-0.1197871131122654
OR10G4,-0.1764306449927012
OR4C11,-0.16210816469259687
OR4C13,-0.10811834607403571
OR1Q1,-0.05842012368703747
OR1C1,-0.2008012768314479
OR11H12,0.09095427044537945
OR8D4,-0.11430354599627536
OR2K2,-0.10808100900667693
OR5AN1,-0.14332223508856876
OR6S1,-0.10811834607403571
OR5D14,-0.1535619451636092
OR13A1,-0.1081183460740357
OR51B5,-0.10811834607403571
OR51B4,-0.253665058135911
OR51B6,-0.2326056930081502
OR1I1,-0.2581081275360369
OR10V1,-0.10811834607403571
OR4D10,-0.11861086187112556
OR4D11,-0.1081183460740357
OR1L4,-0.10811834607403571
OR1L6,-0.10811834607403571
OR1L1,-0.10811834607403571
OR1L3,-0.21966800509148085
OR2J3,-0.3134314467440223
OR2AK2,-0.3063960579942914
OR2AE1,-0.12836709484386344
OR9Q1,-0.10811834607402435
OR51A2,-0.15632105980128697
OR51A4,-0.21719416746063708
OR4F6,-0.24996246350726561
OR4F5,-0.28985056387026314
OR6Y1,-0.38440969591310437
OR52A5,-0.39058027127753486
OR1S2,-0.29387953451433085
OR4F21,-0.25310387064700873
OR10W1,-0.10811834607403573
OR1M1,-0.12389969664372576
OR8B2,-0.1675333656336002
OR8B3,-0.10811834607403573
OR8B4,-0.10811834607403571
OR8B8,-0.336090206554516
OR52M1,-0.10811834607403571
OR6K2,-0.2743231079005824
OR2AT4,-0.11787398515274508
OR4F4,-0.10811834607403573
OR13C4,-0.2960754167051993
OR13C5,-0.10811834607403382
OR13C2,-0.10811834607403573
OR13C8,-0.14429532375311366
OR5A2,-0.3380873396559164
OR5A1,-0.27773312505700537
OR4E2,-0.15723725317034143
OR4K5,-0.13544457569465548
OR4K1,-0.10811834607403384
OR4K2,-0.12629460884086113
OR51V1,-0.25335582788013294
OR4F15,-0.10811834607403573
OR4F17,-0.10811834607403573
OR4C46,-0.10811834607403571
OR8S1,-0.4367466516946684
OR10P1,-0.17731311130650926
OR1N2,-0.10811834607403571
OR1N1,-0.10811834607403571
OR8A1,-0.10811834607403573
OR52L1,-0.24525919040308117
OR2Z1,-0.10811834607403571
OR2D2,-0.2567667744255351
OR2D3,-0.10811834607403571
OR5B21,-0.10811834607403571
OR5AC2,-0.11850609883145823
OR5B3,-0.21417339951158
OR5B2,-0.28455769060867553
OR2AG2,-0.10811834607403571
OR2AG1,-0.20182352495363365
OR51G2,-0.11530285609236257
OR5T1,-0.1802775628234146
OR5T2,-0.28455769060867553
OR2A12,-0.10811834607403571
OR2A14,-0.10811834607403571
OR10G7,-0.17695761513647698
OR10G3,-0.08848469335145395
OR10G9,-0.22278715571518568
OR10G8,-0.19326292444840037
OR4D9,-0.1107657618770206
OR4D5,-0.10811834607403571
OR14I1,-0.30085765227998057
OR10Q1,-0.10811834607403573
OR10AG1,-0.19168016389743028
OR2G3,-0.10811834607403571
OR2G2,-0.2117127064195534
OR2G6,-0.28206148150257776
OR2A25,-0.2585957538291585
OR5C1,-0.10811834607403571
OR9G4,-0.20892461369060383
OR9G1,-0.2097981406663268
OR5H15,-0.1200206486058095
OR5H14,-0.1081183460740357
OR51T1,-0.21400721295006614
OR5B12,-0.10811834607403571
OR10R2,-0.10811834607403571
OR51F2,-0.19275249287737092
OR52J3,-0.19405108497339546
OR8B12,-0.10811834607403384
OR2T8,-0.11275062780140492
OR2T4,-0.10811834607403381
OR2T5,-0.10811834607403382
OR2T2,-0.10811834607402435
OR2T3,-0.13064953960661851
OR2T1,-0.13316554204477518
OR11L1,-0.10811834607403382
OR5AS1,-0.10811834607403571
OR6V1,-0.10811834607403573
OR1J4,-0.29505325032427243
OR51E1,-0.4470649648263508
OR52H1,-0.11472546046009763
OR10A3,-0.2537418069760014
OR10A2,-0.10811834607403384
OR10A5,-0.18696404346933704
OR10A4,-0.193998458318101
OR10A7,-0.10811834607403571
OR51M1,-0.10811834607403571
OR10S1,-0.1081183460740357
OR52K1,-0.2327891249518937
OR52K2,-0.1487793448309774
OR2V1,-0.10811834607403573
OR7A10,-0.9139302005644798
OR2AP1,-0.10816105184409824
OR2A1,-0.3470247882465697
OR2A2,-0.15223710113776018
OR2A5,-0.10811834607403382
OR2A4,-0.3861966484335542
OR2A7,-0.335442184109818
OR2T34,-0.015348266251148643
OR2T33,-0.10811834607403571
OR6K3,-0.11388701097248366
OR6K6,-0.10811834607403573
OR7D2,-0.4596211242700677
OR51D1,-0.10811834607403571
OR5W2,-0.1422000197223343
OR6C65,-0.16246554955719117
OR6C68,-0.10816105184409824
OR9A2,-0.10811834607403382
OR9A4,-0.10811834607403571
OR4A47,-0.12006090568917946
OR13C3,-0.12102582431917366
OR13C9,-0.11970490241676603
OR10AD1,-0.22118942756059742
OR2V2,-0.21284184671588136
OR52E8,-0.18652532982244133
OR2Y1,-0.11350088580396568
OR1J2,-0.32718906967758227
OR1J1,-0.16108381467272193
OR1D5,-0.4156560837629623
OR8K5,-0.19116722938926536
OR6X1,-0.12389969664372577
OR2T29,-0.10811834607403571
OR5H1,-0.24429264157031239
OR5H2,-0.28455769060867553
OR6C75,-0.1119306659242149
OR6C74,-0.13827254260215532
OR6C76,-0.14840957535806062
OR6C70,-0.2759797213791242
OR4N2,-0.19929262955019064
OR51I1,-0.10811834607403384
OR51I2,-0.10811834607403384
OR52I2,-0.10811834607403571
OR2T27,-0.10811834607403382
OR52W1,-0.1778279246959615
OR5AP2,-0.10811834607403571
OR1K1,-0.12629460884086116
OR2T10,-0.1355672563579302
OR2T12,-0.11568959208159882
OR2M5,-0.10811834607403571
OR2M4,-0.1288357759333353
OR2M7,-0.22507219158370803
OR2M3,-0.10811834607403384
OR2M2,-0.10811834607403382
OR7G2,-0.2881535304036678
OR7G3,-0.16208957346078334
OR7G1,-0.215128405348788
OR6M1,-0.27832685061511964
OR51A7,-0.10811834607403573
OR4M1,-0.10811834607403571
OR4S1,-0.34165219270986547
OR4S2,-0.1981623335114119
OR11H1,-0.13316554204477518
OR11H6,-0.2603133727729474
OR11H4,-0.11414862109428363
OR56A3,-0.28645085143166454
OR8I2,-0.11320847091658456
OR56B4,-0.10811834607403382
OR56B1,-0.10811834607403571
OR2B3,-0.22586456689479756
OR2B6,-0.283446217873831
OR13H1,-0.10811834607403571
OR2L5,-0.10811834607403571
OR2L2,-0.05842012368703747
OR2L3,-0.10811834607403571
OR5AK2,-0.10811834607403571
OR7D4,-0.4037540223636271
OR5J2,-0.20961693702248305
OR14C36,-0.10811834607403571
FAM186A,-0.9587356099323848
OR4L1,-0.10811834607403571
OR14A16,-0.11195063244392543
OR2S2,0.08679064506556747
OR4N4,-0.14341366651448786
OR4N5,-0.11558284700066516
OR8H1,-0.10811834607403571
OR8H3,-0.16225389133033932
OR5K4,-0.1107657618770206
OR5K1,-0.10811834607403571
OR5K2,-0.10811834607403571
OR8H2,-0.10579138172496104
OR10H4,-0.41475586538436965
OR10H5,-0.2580823217312799
OR4C6,-0.19118273943569392
OR4C3,-0.10811834607403571
OR10Z1,-0.07916966255660579
OR52D1,-0.17049360205581876
OR4Q3,-0.10860866780402845
OR9K2,-0.17312787943402208
OR5AU1,-0.17312787943402208
OR13J1,-0.10811834607403571
OR5M10,-0.10811834607403571
OR5M11,-0.10811834607403571
OR5L2,-0.10811834607403571
OR6N1,-0.16649574129809383
OR6N2,-0.10811834607403571
OR13D1,-0.10811834607403571
OR4K15,-0.12899712493936313
OR4K14,-0.10811834607403571
OR4K17,-0.1729339267625692
OR4K13,-0.10811834607403571
OR4A16,-0.10162363797951239
OR4A15,-0.21863037501643143
OR51S1,-0.10811834607403571
OR4B1,-0.10811834607403571
OR52E6,-0.10811834607403571
OR52E4,-0.1234645127923658
OR52E2,-0.13642992159859124
OR4P4,-0.14251407348902012
OR6T1,-0.18860434365846726
OR56A4,-0.2622710528419723
OR56A1,-0.2925173616183647
OR2B11,-0.36583789876438744
OR5M8,-0.14284691037559685
OR5M9,-0.10811834607403384
OR6F1,-0.11414862109428361
OR5M3,-0.18505429938588688
OR5M1,-0.20613376632621086
OR6Q1,-0.10811834607403573
OR6C2,-0.14851624906721805
OR6C6,-0.1908098419510496
OR6C4,-0.10954357882043769
OR5K3,-0.15779186039128712
OR13G1,-0.10811834607403571
OR51L1,-0.10811834607402435
OR10J5,-0.21943640497089428
OR10J3,-0.27770741061462445
OR4A5,-0.14402203795289673
USP49,-0.23657261510302455
ZNF561,-0.25564732249125716
NEK5,-1.0122738289071427
ASCL4,-0.13318901273625489
ZKSCAN2,-0.8691368318599031
TMCO4,0.2874859516758502
AC040162.1,-0.22865634948722743
SAMD13,2.0425865650446555
MAGEA3,-0.62592099065277
TMEM161B,-0.46611557437208917
JAKMIP1,-0.1496765446321298
TRIM51,-1.1373033769097183
AC023055.1,-0.7399952973159605
CPA5,0.9311583415791909
DNAH6,-1.206248419104687
HSPB9,-1.8189833552242038
C16orf74,-0.4276290926202984
LINC00482,-0.2267703633057981
DIPK1B,2.6752522517357153
TMEM250,3.9200563965880515
DIPK1C,0.13361278871544172
KLHL30,-0.7205379910002057
SMIM8,-1.4256069700584835
CLEC12B,0.6844898778308888
CLEC9A,-0.19802639865029398
KCNT1,-0.9381228450462934
PRR5L,0.22557143818714037
TMEM178B,-0.8379013275761128
LEXM,-0.9317976314177281
YJEFN3,-0.3708367306265473
PMS2P1,-0.2872665442449088
FCGBP,-0.32002565248911546
HES4,-1.0399610244580975
DHRS4L2,0.8573773464349815
RNF135,0.10204407026142977
SDR16C5,1.2562106088891218
SLC45A3,-0.354650175976999
PRSS46P,-0.8706981133012627
STEAP2,2.1591561770410146
DNASE2B,4.6219076533141035
TRB,0.4280674924766353
THEM5,-0.4145181461190143
ACOT6,0.6948553829138612
XKRX,0.201966200467811
RTKN2,-0.04397977840732274
USP27X,-0.6501606023267229
HMGCLL1,1.3095652335987567
FAM78B,1.0770987971593682
IER3IP1,-0.2216080026870085
BEX5,-0.9097271095985384
PACRGL,-0.31278465930536264
TCEAL5,0.5557729982879139
TSPYL5,0.11121141078324288
TCEAL7,0.816959050482422
ARMCX2,0.697018661727512
AC005520.1,-0.007432253620805621
TMEM163,-0.20209376379867638
PXT1,-0.7034937073417029
MCTP1,1.889162372912218
TP53AIP1,-1.1531114135062053
CD207,1.71893161752082
PRSS16,0.35142414973125474
NICN1,-0.18709650728166702
VWA2,-0.21732354359834444
DEFB121,1.1273559223912604
ISM2,1.052089714508671
RNASE13,0.7587344001937556
ANKH,0.32798617814824993
CPXM1,0.7697955509464208
PLBD2,0.1375671886942629
RGS21,-0.7537435417549249
GNRHR2,-0.648601656102814
AC073610.2,-0.6935387777618117
ARL9,-0.9725153556842536
OTUD7A,-0.12756883186194332
PLCL2,-0.026501277532959392
BMERB1,-0.18229956174156975
RIC8B,-0.5042261442335296
D2HGDH,-0.3347385829977659
C21orf58,0.1674976175725662
PHOSPHO1,-0.6768001004620087
CHTF8,-0.22563669478535436
RTEL1-TNFRSF6B,-0.2972231044981279
EYS,0.29518049029029825
HAPLN3,1.0883806571755097
SMIM10,0.5089669818066168
GRAMD2A,-0.03669705270355376
OR51H1,-0.6237343194930992
OR4F3,-0.7707502841873661
LHFPL3,-0.720102862063257
CLIP2,-0.4868340297452056
PRR7,1.294312364085544
CA13,0.010823948184920834
AFG1L,0.015956063827809164
NOL4L,1.156086487069216
PITHD1,0.2855770895471212
MAP3K7CL,-0.28261934439844033
AC100868.1,0.3053646615314624
EPPIN-WFDC6,-0.15392610451374147
BSPRY,-0.7208660366573973
C9orf139,-0.5538911468155371
WFDC13,-0.3375072925661685
ZDHHC2,0.527297046120915
HSH2D,0.3294863106703477
BHLHE22,-1.274517355842371
SHD,-0.5287961364588655
SFXN5,0.7368008044296492
SLC22A24,1.055201818001477
TIGD2,-0.853401742625867
PRXL2C,-0.09029669404226646
CPNE8,-0.10032894034131948
TMEM18,0.77690179625483
ZNF280B,-1.3734338439760678
FSIP2,-0.9585005463093212
SPANXA1,-0.9625533153805192
PGA5,-0.6908436342607907
AMY1A,1.0052565925084198
AMY2A,0.9753439520570202
LOC284412,-0.8468649560955669
MESP2,-0.3999685207371278
PSTK,0.942965518975418
PPDPFL,-0.7036019608205611
PRXL2B,1.9549393302050695
TSPY8,0.5089669818066168
IAH1,-0.49934103406093167
TMEM170B,0.6603539690571799
IGKV2-40,-0.636792781404975
TRPC4,-0.4754554082571015
FAM219A,-0.6218434384529554
DNAH10,-1.2923001375827028
ARL8A,0.6421822743234826
YIPF7,0.10381099897829889
NKAIN1,1.3512487743839279
SYCE2,-0.9431425966245949
TMEM132E,0.5412090624618076
RBFA,0.1763018657496352
TMEM132B,-0.6404825449350062
SNX24,-0.696085816229684
KLHDC8B,0.1873889705354653
KLHDC7B,-0.09084835062758981
KLHDC7A,-0.04465472130964191
KBTBD12,-0.21247056047392376
DCAF12L2,-0.6672935210883845
SDHAF4,0.7421541595264701
FKBP7,0.7851202988116087
FBXO16,-0.6180583568207207
SPRYD3,-0.004416013194269631
SLITRK2,-1.266291708767981
HIST1H4G,-0.7754383846944317
H2AFB1,-1.3907920737449444
H2BFM,-0.6013300651799665
TNFRSF18,-0.14543703459757854
CCL24,-0.1723741084131796
FBN3,0.6833432385861162
WFDC12,-0.18505232870245708
KBTBD11,0.033738768845120726
LYPD6B,-0.8292186649087863
PALD1,0.011237564698360434
SLC5A11,1.9176249566212493
SLC52A3,-0.25394773434762036
AC010542.3,-0.09608845496825354
AKR7L,-0.1195806907925233
ZNF618,0.06892749669382918
POTEB,-0.9940225257821835
PERM1,-0.10016805999768445
XIRP1,-0.4667589524561029
TP53I13,0.32978998196572046
BLOC1S3,-0.6072182243076806
MIOX,1.0113005655719531
TSNARE1,0.35343709385194605
TMCC3,-0.28558324448988065
STX16-NPEPL1,0.6587749793434128
NDNF,3.5639379024170554
SLC10A4,-0.4401709328470892
MFSD9,2.5785673757251755
SLC46A2,0.3751796743267453
SLC18B1,2.1486920438772703
SFT2D3,-0.287115859143993
LEMD1,-1.1999296713003567
SLC45A4,2.671779048729554
GSG1L,-0.18093611819961083
C12orf66,-0.8736935330154038
LINC00598,0.6003685181751248
IDO2,1.3201844772209759
ANKMY1,-1.3826519319924417
ARL15,-0.5360693878610936
C16orf54,-0.5777997382770768
AC005324.3,-1.1969280077704123
TRIM64B,-1.0981080685088307
GAS8-AS1,-1.6596118842853913
TRBV2,-0.7292779000693964
PCDHB10,0.3072328227330621
PKD1L2,2.173894935393274
F8A3,1.5148078079749476
C10orf90,3.115388008076966
ST8SIA1,-0.2161751902209458
RBMY1B,-1.0552030627029247
HELT,-0.43347713325970955
TCF24,-0.06621460838912047
TCF23,3.285866730491672
ASCL5,-0.32495199068152736
PTF1A,-0.7688239791014924
MMAA,1.194307220832732
ACOXL,0.7569443026893198
TTC39C,0.4614657728096442
PABPC4L,0.4267821118324046
RNF152,-0.42714740736392603
AC037459.1,-0.19398751630096422
AL365205.1,-0.07266210700757286
RNF157,-0.7033947462731585
ATOH8,-0.5587061738668699
TMEM145,-0.541604372033241
PRRG1,0.05457260310873937
KDF1,-0.3368155977303366
CMTM1,-0.6170408289390985
MIGA1,-0.3033728600881
CIPC,-0.6115102661025599
ZNF320,-0.983116640796348
SPACA6,2.4080437395886642
WNK4,-0.7735700199154093
ICA1L,0.4645901232358236
MS4A14,-0.06759721815749563
CCDC103,-0.625140259858485
DPY19L2,-0.96398499191889
TSPY10,-0.8218143138563216
ANP32D,-0.39131733627681087
ZNF385D,-0.40450520584401645
CD160,-0.11585202388714648
MARCH8,0.1617304665256949
RUFY4,0.027380099984357108
OR1F2P,-0.3646268278542118
SLC37A2,1.1199187220354851
SLC16A9,1.8052612800741443
NKAIN4,-0.21329368590659334
BRINP3,-0.48376047584465154
WDR31,-0.3797248009735388
MEIG1,-1.1149862879411392
MFSD2A,1.2267488583913364
SLC6A18,-0.34055305386029733
MARC1,0.33387042908370335
MAP1LC3B2,4.655709184300822
C2CD2L,-0.6982125669581507
PCNX3,0.002411614449664626
GPR157,-1.248717047737918
HSFY2,-1.2412198204006877
SH3TC2,-0.6786527961923192
SSX4B,-0.6398591349821344
SYCE1L,-1.2534146718971237
NIPSNAP3B,-0.7126894842468752
NUDT16,0.3169754262225757
ILDR1,-0.11174195071752441
ZDHHC20,0.08931097361907352
LDLRAD3,-0.5807838225870847
TCERG1L,1.0109612556539522
MINDY1,4.333141210394931
LRRN4CL,4.27399106709502
RSPO1,3.8388970101162028
UGT3A1,0.16751879459638155
CMBL,-0.06946212396767394
IGSF9,-0.5134351778988548
MYBPHL,0.9867066150496422
FRMD4B,0.21625735607598634
SLC5A3,2.7913018594544554
LMTK3,-0.9900879823508989
HES3,-0.8778817133507835
WT1-AS,-0.482411735240068
GSTT4,1.1104604664936069
MT1A,-0.2577549958428585
ATXN7L2,-0.7666959536170753
KNCN,-0.3364930800505064
TAL2,-0.7832197393848284
METTL7B,-0.4709948866818505
FSCN2,-0.9511269761428935
IGF2-AS,-0.5417265060347449
FIGLA,-0.48399723433271846
PAIP2B,0.12101539125001465
TRIM7,-0.680303700482914
TMEM99,-0.6637300210250168
ARSI,6.463532496629376
TREX2,1.3514830675311824
ZNF185,-0.6410390239475612
NCCRP1,0.4283249161967597
PLEKHH2,-0.7991082501166452
SEMA3E,-0.3386428455121957
PIH1D3,-1.153513156452047
NCOA7,0.724473582110018
TLDC2,0.44264595429920744
CT45A6,2.6805628667370804
CT45A5,2.6805628667370804
ADGRG7,-0.5625720987420519
GTF2H2C_2,2.128229553251441
CSMD2,0.22779525278321525
KCNA6,-0.22921923772788683
LGI4,-0.3888639533316502
AC026786.1,-1.2577386346207702
C17orf77,-0.8017070682780603
RNASE10,0.8854081358634227
BFSP1,-0.8416350735397562
ELMOD2,-0.4380125069470253
AC012309.1,-1.084271102834991
SCGB3A1,-0.29503139410432194
CCDC17,-0.647103967520517
C22orf15,0.40547140097538287
SNTN,-0.2511811514112733
GPR85,-0.7585780578616783
RFESD,-0.29566420962305884
KCNRG,-0.7465208097738635
INSC,0.2992686825511316
MMP23B,0.6785907386678576
ASTL,0.24038822997833054
UCMA,0.16539567311031508
OST4,0.6783227933767473
KRTAP1-3,-1.4003779168376935
PRDM11,-1.213033188277078
CDH26,-0.8460547522344357
PRAC1,-0.9367235138423856
RPS10P5,-0.9468981004669473
RPL17-C18orf32,-0.603147532061994
RPLP0P6,-0.5529288302650397
UMAD1,-0.36491543446379504
CATSPER2,-1.1795210010441743
SEMA3D,-0.30726813580928247
FAM163A,0.7029454600488315
ZBED2,-0.728057048525377
PPP4R4,1.4514740521394391
SETSIP,2.425715520111232
EBF3,-0.08107299732604478
IL22RA2,-0.03583256259449851
EPB41L4A-AS1,-0.423740344337888
LRRC37A3,-0.5518412776494273
LRRC37A,-0.4564391139564045
AMTN,-0.5014715746696607
DOP1B,0.6632919090266179
MAP7D2,-0.5001491174893015
ZNF385C,-0.9794895568015288
FCRL4,-0.5214018636369294
BLID,-0.17503556187301103
B4GALNT3,2.5085104192527496
FNDC9,-0.35122546984552067
MTRNR2L1,-0.9929262248705145
SPTY2D1,-0.33594740131250694
ZNF626,-0.6271301726137036
FAM83F,-0.17039045210996262
SLC9B2,-0.02082935570509594
ARMH4,-0.6218796693561125
TEX28,-0.6380647795928067
UPK3BL1,-0.4374420307275613
KRTAP13-1,-1.0474496756449967
LHFPL1,-0.6844284812216384
CCDC157,-1.227155571099513
NPIPB5,-0.9368984245595496
SLC35G3,-0.9513216909936958
LHFPL5,0.6049760496007008
TMEM86A,-0.6832831405364426
C14orf180,0.2622416166764327
SERP2,0.005639099386433846
CCDC159,-1.1517907271175205
RD3L,-0.4841789850266803
TSPAN18,1.9647412503180293
SPACA5,0.9938307410336035
SYT15,0.0684712053430558
ZNF705G,-0.5246690189708928
KIF6,-0.259345975010239
KIF12,-0.34777477623788755
CLVS2,-0.7128324573386956
FAM219B,4.298859626383368
LY6G5B,0.3231021261072204
KIAA0754,0.43520395149782753
LOC102724334,0.7849943536342471
OR5H6,-0.4621328071183034
BSPH1,0.7576222587964077
WNK2,-0.306650403427085
C2CD4C,0.24049040485019701
IGLON5,-0.19573306264553678
PRRT1,0.27412778900935697
PRRG4,-0.3307924579679233
STEAP1B,-0.21911062841167617
KCNJ13,-1.177915349982192
SHE,0.057899904471634164
RFLNB,-0.9552361733199409
CCSAP,-0.20271836123572784
ZBED6CL,-0.45211853267947927
ITPRIPL1,0.2604913562230824
C14orf177,-1.031318562672561
UPK3BL2,0.0728998109912798
TMEM178A,-0.8376031672566672
RGS7BP,-1.2191207753526219
OTOL1,0.4986313416276288
C1QTNF9B,0.7398115336086715
TIMD4,1.2605318471065188
SCGB3A2,2.519899341301963
BAHCC1,-0.07680910938247364
CDR1,-1.8341883769641836
ANGPTL6,0.3294438321754451
PRSS36,-0.5013239133667173
SMIM5,0.8962504561907517
ZAR1,-0.9857993454513734
C1orf53,-0.24351820554130557
ISM1,0.39085891587406446
C1orf54,1.7436335104900413
KRT8P12,0.019834717535814794
MAGED4,0.6418048331213371
CEP295NL,-1.303482444477832
GPR149,-0.9722357560543259
ARFGEF3,-0.47863168693743513
GPR148,-0.4867722535656739
AL662899.3,0.32310212610713945
NBPF22P,-0.7982097025313334
ACP4,0.9585665634390399
ADGRD1,-0.2166287667408716
SPDYE1,-1.5466232588549316
M1AP,-0.25942780765305673
AC005670.2,1.3695471264387318
CDIP1,0.5402407169563336
GPR180,-0.018229523831464044
C2orf76,-0.10411359375690486
SVOPL,3.0289894945301223
DCST2,-0.5389123982969188
IL1F10,-0.3593919366278107
PSAPL1,1.2758166454963165
IQSEC3,-0.8276705936386208
CD99L2,0.2778621671701047
NAIP,0.26480247090516057
MROH9,-0.17322427205204108
STON1-GTF2A1L,-0.8768422771619397
CHURC1-FNTB,0.690553506088473
RPL36A-HNRNPH2,0.5089669818066168
ACTL9,-1.1058427389725844
AC012254.2,-0.23382500318509247
DHRS11,0.46409168926022
ARMH3,1.2981503178824887
POLR2J3,-0.8271111577036331
SPEF2,-1.1229353249992788
COTL1P1,3.3799217950161866
AC004754.1,0.032876114906020874
ENO4,1.4210735802851542
CRAMP1,-0.5592216473555099
SH2D3A,-0.14212877420877315
CTAGE9,-0.2228700702833132
AMN1,-0.7344988620825846
ENHO,3.69656587806462
C9orf66,-0.16625680073168775
TMEM181,-0.38583565163655675
NIPAL1,-0.6596252077965143
NSMCE3,-0.7017879315861626
AC020909.1,-1.0315102499755215
TMEM218,0.3879665120956193
CSNK1G2-AS1,-0.9980617767124823
C2orf81,-0.1888031052881349
FAM43B,0.5327650966590393
CTAG2,-0.4357302338666047
C19orf47,-0.08205537884836599
USH1G,-1.0792103590265945
ATP5MF-PTCD1,-0.6258568256933741
CCDC198,-0.5299763216352881
SOCS4,-0.48205619432950714
ST6GAL2,0.3691105907741668
TMED7-TICAM2,0.4164436720640704
CARD16,0.007807915232978945
SLFN13,-0.13982360833211632
C11orf21,0.6574424346604539
KY,-0.44910737352851143
RENBP,1.9595005316719407
POTEG,-0.4971206953742876
MFRP,0.1662148836748566
AC020915.1,-1.0282587488521293
SH2D4B,0.01753914653591311
AL049634.2,0.057557333517222906
MLIP,0.2898543050199871
MTERF2,-0.5810658744376715
MEGF11,0.9043787612875042
FGD5,-0.2709325895348053
BORCS8,1.152285110796004
ZNF90,0.5089669818066168
PI4KAP1,0.04071883804403685
CACHD1,0.35496644420781787
TMEM189,0.09805173177543543
MFSD3,6.563690950928985
SLC26A5,2.0393962388040165
FAM124A,-1.2205626966888183
IL18BP,1.2978300721562028
PHF13,-0.17767411624943183
ODAPH,1.3721102180368885
FOXD4L6,0.007224728153591278
SFTA2,-0.4111202612743099
CBWD2,-0.3526034379885783
GAGE12B,-0.6339799903930669
GMCL2,-1.5217583643427435
PROX2,-0.46581937165462917
BTNL9,-1.0944496049535393
FAM153CP,-0.4728465554317518
LOC100288778,-0.47284655543173243
CAPN10,-0.5235688923717395
AC138696.1,-0.602956666122441
ITPRID1,3.961586268560543
GAGE12G,-0.13658261597688445
LKAAEAR1,-0.48706179814840106
HSP90B3P,-0.24675197833351212
TNFRSF6B,-0.11780420313337643
DTWD2,-0.18106999675780894
TUBA4B,-0.05543212816443635
CCL3L1,-0.09496526662489436
GPR155,0.6305455868251697
CCDC78,-0.42161065766177686
RPP38-DT,-0.6189933761411448
RHBDD2,0.9628324733173509
CST5,-0.005969209013743543
C12orf73,-0.32885420393486486
TMSB4XP1,0.7920485968092068
FKBP1C,0.9025606168954277
SSX4,0.027670928348901034
EGFL8,-0.12391272232665722
SMIM4,-0.2839961136508131
CENPC,-0.9239132969052929
AQP11,-0.17556992809063574
NKAIN3,-0.3279280636803189
AL691442.1,-0.9694669522567464
PRTG,-0.04397856944485287
CORO7-PAM16,0.32256271148186055
ENAM,0.5691623935213616
TBX15,1.2826568908770346
BPY2C,-0.14309264727043272
LOC727751,0.8341552498449729
INSM2,-1.3012428897806185
TMEM200B,-0.4304137416063422
SH3BP5L,-0.04897760671103614
CROCCP2,-0.35274612215622664
OR14K1,-0.6625350209314194
OR2L8,-0.7375826970546666
OR52B4,-0.42950768193094274
OR1B1,-0.7375826970546668
OR5D13,-0.7375826970546668
OR2W5,-0.7375826970546668
OR5AR1,-0.683361409392302
OR4E1,-0.7375826970546668
OR4K3,-0.737582697054667
OR2I1P,-0.7375826970546668
OR2T35,-0.34052753307353273
OR4C45,-0.7375826970546668
AC135068.1,-0.40423320986940114
OR14A2,-0.6738137221037167
OR51J1,-0.7375826970546668
OR4A4P,-0.7375826970546668
OR4C16,-0.7375826970546666
OR8G2P,-0.7375826970546668
OR1F12,-0.7375826970546668
OR51G1,-0.7375826970546668
OR4C5,-0.6232261898489192
OR10G6,-0.7375826970546668
OR10G2,-0.683361409392302
OR8K3,-0.683361409392302
OR2AJ1,-0.7375826970546666
OR4Q2,-0.7375826970546668
OR11H2,-0.7375826970546666
OR6J1,-0.7375826970546668
OR4X2,-0.683361409392302
OR3A4P,-0.7375826970546668
OR51B2,-0.8314289674913198
OR8G5,-0.7375826970546666
OR8G1,-0.7375826970546668
OR52R1,-0.7375826970546668
OR10D3,-0.7076156976851717
OR5L1,-0.7375826970546668
OR8U9,-0.7337590440371043
OR8U8,-0.7375826970546668
OR51F1,-0.7375826970546668
OR2J1,-0.6810004005299979
OR2T11,-0.7375826970546666
OR52E5,-0.7375826970546668
LOC107987545,-0.7962093930779942
OR2T7,-0.7375826970546668
OR56A5,-0.7375826970546666
OR4M2,-0.7375826970546666
OR4F29,-0.7375826970546666
OR1S1,-0.7375826970546666
OR10X1,-0.7337590440371043
OR11H7,-0.7375826970546666
OR10A6,-0.7375826970546668
OR4A8,-0.7375826970546666
AP5S1,0.5021098873932575
C2orf72,-0.3448066616741927
RPL21P97,1.2462298451286755
UBTD2,-0.7662627401685503
ST20,-0.4197655188582206
DAPL1,0.3911743695668053
DACT3,-0.28340690680674957
FAM74A4,-0.5507459483577358
FBXO48,-0.38895195278971045
SDR42E1,0.6382642903767255
KIR3DS1,-0.15850958213572441
SPRR2G,-0.5475674937066869
IL36B,-0.10327841027341694
LYPD5,1.7749929647101472
ADGRF3,-0.6396734323209888
CRB2,0.18451014229450285
GLYATL2,-0.23232941634410054
GLYATL3,0.3230470430046859
KRTAP6-1,-0.7110765053870333
RNF187,-0.507363943225054
ZNF727,0.5089669818066168
PRR12,0.17443720929083734
SELENOV,-0.19739236637605395
ZNF488,0.435930771424888
NTN5,0.7094831651530963
CCDC71L,1.3864564517172815
SLC43A2,1.3945653845341108
PINLYP,1.8907561169557292
ASPDH,-0.4102237750060031
SLITRK6,-0.6583312111045699
LRRC75A,-0.38075734485840423
ELFN1,0.6337716870081347
LRRC37A2,-1.400002454945267
LRRN4,-0.20088423070904352
UBALD2,-0.5496447333710354
TREML4,1.4390065207685454
SIGLEC15,0.4265180990904633
LINC00305,-0.6597175436787572
PXMP4,0.47043491889867095
C8orf37,-0.311335272645915
SPDYE3,-0.7990055835606616
ST8SIA6,-0.24571442559665863
ZNF729,-1.256002006944142
ANKRD53,-1.3303176790550417
SNHG29,-0.4292113396512748
TFAP2E,-0.4952921827985307
CITED4,0.13109558720779346
VSIG10,-0.3680363301241929
APOL4,0.10643132359528451
LINC01600,-1.01646418020284
USP26,-0.3623680326143441
PRR9,-0.6903693674075632
ZNF728,0.19228740001961594
SLC44A3,-0.03988610343210688
TMEM198,-0.5710071057477761
ACTR3C,-1.3890139813222622
MIDN,-0.9751980594266956
WFDC9,0.1644012792917205
PABPC1L2A,0.7191544500313957
LY6K,-0.16465545483886168
TXLNGY,-0.7892864989256562
SNAI3,-0.06262632538530744
FRA10F,0.8496989444220486
FABP9,0.9261547046527409
SLC25A27,-0.4156784431454592
COX19,0.7464393820811196
GASK1A,3.4765635148725313
TBC1D3G,0.6753009224269652
OTUD1,-0.4045388243903137
DMRTC2,1.7034996055489575
TTC7B,-0.5728345960532627
OTOG,-0.2077446725223304
GCNT7,-0.720697180445106
PCDHGA4,-0.497233947494185
GRAMD1B,-0.9354657895802119
PAGE3,0.2330447305046632
XAGE1B,1.28868224948307
PAGE2B,-0.9795147828622092
GAGE5,1.0884023885991336
TANGO6,-0.8852350506978609
GAGE6,0.438847914222329
MICALCL,1.420883225827769
SFMBT2,-0.261772621029589
SAMD10,-0.8116051814806966
SAMD5,-0.741160565157184
BORCS8-MEF2B,0.36557422185680033
BRICD5,-0.4544746994247801
CLHC1,-0.2985243828674899
CAPN13,-0.8050196112760477
GRXCR1,0.16923057185958715
C5orf63,0.3248238249244587
TRP-AGG2-6,-0.022407665965991228
MORF4,-1.4162716092387981
C5orf64,-0.5660955700704055
ANXA2P2,-0.6641438414937613
AL121594.3,0.08502838239187456
RNF215,0.9391633179883485
CCDC9B,-1.0086700151485266
RTTN,0.9827518843191795
C2orf50,0.53356299781332
GSTT2,0.0263204557864378
FAXC,0.6912698555220402
SP9,-0.1683016865097785
GPR162,0.3470748700688332
ANKRD18B,-0.5549890676361318
ANKRD20A2,-1.0305788741989672
ANKRD33,-0.7636166590558084
ANKRD34B,-0.6645620218959544
POTEJ,-0.8614491615180999
POTEH,-0.5497417278403504
PIANP,-0.6650361109148486
CAMK2N2,-1.1248926583860248
CLEC18C,0.1548740284208107
CLEC18B,-0.3929267080728879
ZDHHC21,2.033513002383229
PPM1M,0.351283513219811
LLCFC1,0.5965289776539558
CD164L2,1.4290851256364305
KCTD8,-1.1305091949136175
SLC7A14,0.8120689561353976
FABP12,1.3004962346697104
TMEM119,0.8559033851687738
MRGPRE,-0.8325945585978498
USP17L7,0.3238072710303903
LRRC36,-0.2743330454667925
C14orf132,0.9891352306325978
POU5F2,-1.4304356116544732
SAMD11,-0.90423109357265
CASTOR3,0.8869681297545652
AC078927.1,2.208517010667793
PAQR9,-1.0050879269845325
CCDC184,0.48592609937687137
AGBL4,0.290617478883717
AGBL1,2.2425279476036515
CSTL1,-0.4127253926307574
OTOA,-1.2578843404155091
CST11,0.09787357669312255
SPINK13,-0.06701223169475644
CFAP65,-0.7796834973502852
CLDND2,1.2014551951337262
SPDYE2B,-0.7990055835606616
AC002996.1,-0.09873513992397949
RBM43,-1.083434561438741
TSPY4,-0.5156055443309175
LOC102723996,-0.34230381898780654
STIMATE,1.3533736944223718
ADGRD2,-0.5428456893968779
ADGRF2,-0.5520968136568443
ADGRF4,-0.5076843579234585
ADGRG3,0.025347136319941378
ZNF713,-1.2927897051904937
LINC01018,1.648918810121768
HYAL1,1.6728279200415093
C12orf76,1.2495134696022594
TANGO2,-0.10505535560849392
C16orf91,-0.18078886989350842
LCTL,1.792840415908469
LRRC34,-0.7940383091765459
MBLAC1,-0.8998699956497562
AL117348.2,1.2461082942764918
GFRAL,1.444627209521162
ZNF716,-0.8666268153510758
TSPAN10,0.5368649649862125
WDSUB1,-0.012130570672976753
SAMD12,-0.19532420713963064
C17orf67,-0.13655755688955087
CARD6,0.4489232531781728
CARD17,-0.06129942336430184
NLRP5,-0.9378841265127591
NLRP7,0.11756508785500544
NLRP11,0.3614556902413044
NLRP10,-0.30527766292884667
ARMC2,-1.3709154999044033
LRRC70,-0.6543173628442264
DPPA5,-0.2211014027114072
HEPN1,-1.2273535240927689
CCDC73,-1.6014533594584297
CXorf58,-1.5116573477896194
CCDC84,-1.5047008603488752
CFC1B,-0.8422403909935204
ADAM1A,0.24673194273588966
IGHV4-31,0.8968382581629908
RAP1BL,-1.1252186509402964
SLC25A53,-0.9936085072063726
ZDHHC11B,-0.17053025526835316
SPIN3,0.1261414893868863
FAM135B,-0.6012084203035571
LINC02210-CRHR1,0.9784689141160913
PCSK1N,0.4416522907848328
TMEM89,-0.033947184307230024
GPIHBP1,1.0157941443420013
ARL13A,-0.8770066590367573
C12orf75,-0.014953937864886043
C10orf71,0.4171673758820675
SHLD1,-0.1386807957437942
DSEL,0.46813203062278197
SLC35G5,-0.5469629689816605
ERFE,2.5589347749995035
C1QTNF8,0.6947312746403947
C5orf56,0.6739553789122454
C5orf38,0.0759196257566373
SMIM13,0.21691969530415275
KCTD14,-0.24820805300314358
FDCSP,0.5125819566177423
BPIFA2,0.750238212635015
INTS6L,-0.561000282827056
ECSCR,-1.0098466506734116
BPIFB3,0.33374763505290117
BPIFB6,-0.4619788951522745
FUT10,-0.3525950414517283
TMEM45B,-0.25510396229727883
FBLL1,-0.8637827976290172
TMEM268,0.2111981343556575
FAM120AOS,-0.7045515921950916
LOC101930123,1.725119863730742
ANXA2R,-0.5068651567445648
TMEM68,0.4863066939818844
TP53TG3C,-0.638550716519466
SETD9,-0.5701516594268391
PAQR7,-0.5593405900658273
C5orf30,-0.6440308559623438
SKIDA1,0.03232795596957564
XXYLT1,0.029380024731565636
RNF212,-0.5610964413740053
MOB3B,-0.7080696234340342
SLC10A3,1.3679591907051336
KIAA0895,-0.9776403882107919
CLDN12,3.262797123838192
BIVM,-0.32764932287094245
SLC35E2A,-0.24047005673279837
ZFP91-CNTF,0.16438858955975338
SPIN4,0.12451178364072518
NEIL2,0.06651737227293107
IGIP,4.101657758707571
TMEM241,-0.1296812592451882
LRTOMT,1.4691492204562537
FAM102B,-1.5019301637440667
XKR6,0.3685136129892631
MIR1915HG,-0.314442302431259
EXOC3-AS1,0.21192862420769196
LRRC37A11P,-0.08651844245600233
SPANXD,-0.6713163477580406
SPANXC,-0.9463606944852163
KIAA1147,-0.5491199250650802
GCOM1,-0.38464226637044385
OBP2B,-0.0334910438480454
SMLR1,0.7172447325119371
GOLT1A,1.394228057052328
CT45A2,-0.3908928471407541
PEX11G,-0.3235810173924083
MIR22HG,0.4557276111945613
ZC3H12C,1.192017685764065
KRTCAP3,-0.5540277311798918
C5orf49,-1.308042986594272
CDHR3,-0.9057961503015005
TTLL9,-1.198506201587196
HSFX2,-0.3690452508621552
LINC00526,-1.1165593859740601
RDM1,-0.6171421198184548
PTCHD3,-0.8078728537204688
BTBD16,1.3891148343977562
CARMIL2,-0.3410828792465664
S100Z,-0.5802610992364889
LOC107987205,-0.741206979212379
ZNF229,-1.0419522071111342
SLC35E4,-0.4357361527431425
RFLNA,-1.0185699535383426
POTEKP,-0.8203949343438254
HHLA3,1.6019683213649758
TDRD15,-0.9890349492714232
CCDC122,-0.303127723657876
ATP5MGL,3.786501179049894
SLC25A52,0.8039788819991425
PCARE,-0.6621230576253568
KIF25-AS1,0.3740674950637008
RTL8B,0.9997108499312215
TMSB4XP6,0.15439683989061265
TMSB4XP2,1.4077114454171944
PGLYRP3,-0.6679379303443601
TCHHL1,-0.5162418040042853
S100A7L2,-0.6828491793383105
SPINDOC,-0.6604974388277582
LINC01194,1.0404564407457646
C19orf67,-0.7332108440272952
CHKB-CPT1B,0.27777916736566505
PCDHGB2,-0.5588853261994906
PCDHGB6,-0.44987135382690524
PCDHGC4,-0.6479904418857528
PCDHGA7,-0.33462378083250816
ANKFN1,-1.1461970962100116
AC099329.3,2.2872350870242157
CCDC197,-0.5510847982617014
CBWD6,-0.7492961138301741
CBWD5,-0.5215522706079151
SERPINB8P1,6.645393746306359
RIMKLA,0.44089149299026953
LOC554223,0.13064279913391574
C2orf48,-0.6154096904023126
KLHL30-AS1,4.001495360046972
TMEM143,0.8537009503480186
GBGT1,1.846576814801349
CES1P1,-1.0776173345745257
BEND6,1.5568574043062067
SPDYE2,-1.101498464943734
TTC34,-0.45866858258600746
CCT6P1,0.09728455808544118
AC068775.1,-0.4391885746243594
OPN1MW3,-1.2177274722751361
PRR5-ARHGAP8,-0.7701474652068666
OPN1LW,-1.0452227259160924
ASPHD2,0.7937494752235186
SYT14,0.5915235551114731
CCDC85A,1.6129041367564858
IFFO2,-0.6197941452854862
TAS1R3,-1.2394650130225096
OPN1MW,0.487181706576233
IL1RAPL2,-0.9457066022257627
PRLHR,-0.8940697139536675
HBBP1,-0.6593042415518171
NT5C1B-RDH14,0.06396088578445294
SYNDIG1L,-0.3980885039206187
LOXHD1,2.3609933025640455
PLIN5,4.283832439997277
LIPM,2.5187086832655177
GAGE2C,1.555285540135793
AC108488.2,-1.3049606508951919
NBPF11,-0.2644283020398812
LOC105379861,-1.0619638005402752
RIPPLY3,-0.1265863173189892
LOC149950,-0.15134401503002812
POM121L4P,0.6824820128261303
WTIP,0.1191402144156472
HYKK,-0.17307387227208315
AFAP1L1,0.336734232662207
TM4SF19,0.31387790550801575
IGFL3,0.14909829599559746
TMEM35B,0.33964874107324156
KLRA1P,0.6335609863566456
RPS26P11,-0.4563884148006797
OTOP3,0.3249440075318832
OTOP1,1.2879791027045504
OTOP2,2.083970462241147
ZNF697,-0.3643533380805229
TRIM39-RPP21,0.8166096542669673
ANKUB1,-0.528528437440537
METTL22,-0.23431257389041796
HSP90AA2P,1.3822743281745
AD000671.2,-0.6285729711162389
CLRN2,-0.4221339083834212
CYYR1,0.3538521835046161
HRCT1,0.09680079406316973
SHF,-0.6829321686417027
B4GALNT4,3.31895314419982
CCDC174,-1.2116076385366907
ZNF181,-1.137137630897223
ZNF880,-0.8562463425001048
MCIDAS,-0.2810738794307546
KLHL1,-0.4246150208876869
KLHL34,-0.29487479738153316
KLHL33,-0.9717622186121406
PHOSPHO2-KLHL23,-0.6224139152176223
FUOM,3.450537395957381
TMEM63C,1.4677205274932659
IFNLR1,-0.04568964256887947
PCDHB2,-0.36579543101233836
PCDHA11,-0.5977713314078963
HIVEP3,-0.9599121295865053
PRIMA1,-0.6922599345919893
KLHL17,-0.30249859109762167
KRBA2,-1.4276473488859043
KRTAP27-1,-0.6418629084101491
KRTAP23-1,-1.0210502047392247
KRTAP24-1,-0.6418629084101491
KRTAP29-1,-0.6805021900308604
KRTAP25-1,-0.6418629084101491
NUDT17,-0.520315848922228
PRRT3,0.6125161372545198
TMED8,0.9662035064026034
HAPLN4,0.6013191409680337
FAM129C,-0.3468444736583503
IL34,-0.19794234956605042
NAT8L,0.6869251778589984
APOPT1,0.40634756140564904
CUZD1,-0.5743245367158751
RNF175,-0.17815337137116036
TSPEAR,-0.38886395333163587
TENM2,-0.3277339888100793
ACOT4,0.765826338972043
SLCO1B7,2.3763559145586095
AC022335.1,1.4576215942029067
BVES,-0.4226621602974334
SEPT14,-0.1929037491053976
LOC155060,-0.7089347323650596
FAM92B,-0.6899551637277777
LRATD1,-0.23915844953102003
ZNF888,-1.0221766912813968
RHPN1-AS1,-1.2783852543039653
PRR19,-1.4438281929353558
ZNF69,-1.1556063415975006
ZNRF2P1,-0.9260827473981513
IL31,-0.21524815276816084
NPIPB13,-0.5256900099688411
TTLL13P,-0.9540054186358203
TTLL8,-0.9540054186358683
FAM200B,1.5127323474556877
XIST,0.48599967034170194
VN1R4,-0.4145090314459536
TPSB2,6.773723217366936
HEATR4,0.18276881155590197
ANKAR,-1.0706852614194344
IL17RE,-0.565675952956096
SPNS3,2.12067918607226
IYD,0.4023536415956697
NEDD8-MDP1,-0.5262857892655091
MS4A15,-0.7074177458229164
C5AR2,0.03787250570610163
AC004223.3,-0.7636549648401163
SERPINA2,-0.5195479314494105
SENP8,-0.18844643175995446
TMEM139,-1.0253202735945972
FAM86B2,-0.6673212837165359
LILRA3,0.4877745892193407
PCDHA5,-0.5893636407585772
LIPT2,0.5310255201745452
KIR2DL2,0.10203242397211193
AC092647.5,-0.6969493516643407
TAFA2,1.2153795907782026
TUG1,-0.8794335637448285
NAPEPLD,-0.36984250190191553
TTLL11,-0.2855019619620135
FRRS1,-0.07557895797788772
DEFB4B,1.0497904365917852
C17orf97,-0.9311112467046546
C16orf95,-1.1361544236248584
CGREF1,-0.9887286235514137
PIRT,-1.1573647467199952
RBP7,0.43621987888227565
MAGEA9,-0.5802304433603647
RBBP9,-0.09167533281942304
LIX1,1.0341516827805393
CARMIL3,-0.20126901861658658
SHISA3,0.10468304757609904
SCIMP,0.9526076161769759
URB1-AS1,1.071403899817021
ESYT3,-0.13069503765280518
SLC46A1,0.26096392912315625
ARL14EPL,-0.5108531286078152
PRAG1,0.7718715570394874
AGAP5,0.06652083699647035
NPIPB2,0.06652083699647625
C11orf96,-0.09712836720046912
WDR72,-0.3934224065663029
BECN2,0.073736352187658
FAM90A26,-0.1392632867050617
POTEA,-0.6556277618899609
PCDHB6,-0.6482819818018812
PCDHB1,-0.7469099874333343
PCDHA1,-0.6125422753761247
NAMPTP1,1.86983168000894
PANX3,-0.9260735529710745
LIMS3,-1.0547646084200466
LIMS4,-0.997372813538588
SERPINA9,0.4526436591706318
MALAT1,-0.34377989049831975
SPRR2F,-0.5382734882818819
NIPAL4,-0.595805040818777
LCE6A,-0.7575888921340881
CCDC160,-0.7711875873105056
SLC29A3,14.777661441255779
HTR3D,-0.9636351376253395
LYRM9,0.8118962546330736
RNF112,-0.004491320861102249
GLRA4,-0.9823528516350023
DEFB136,-0.377295340948585
DEFB105A,-0.4919553009031211
DEFB105B,-0.4895829131938066
DEFB110,-0.52476950728865
DEFB108B,-0.3841053189142244
DEFB118,-1.2834958829503984
DEFB103B,-0.424549423806838
DEFB103A,-0.44538069739504693
DEFB130B,-0.30154361515631795
PRB2,-0.7445896608600671
CCL4L1,-0.2439999757077488
MAGEB17,2.249657104363907
TSTD1,1.1259606155742088
TOPAZ1,-0.4183892291682626
DUX1,0.06720540700408027
TRIM6-TRIM34,-0.714852392038358
TRIM6,-0.2810650205318621
C9orf131,0.6952298599443345
DNASE1L1,0.013716373275006683
KBTBD3,0.600139213873704
TRIL,1.101993422410554
ASXL3,0.1349865950737468
CHCHD2P9,-0.7454330262505281
BHLHE23,-1.2029740881537823
TMEM98,-0.33298045043840424
FAM182B,-1.460044946013567
IFITM5,0.25079649600909615
C5orf46,0.8869942259803578
CCL3L3,1.1131323309005294
MOSMO,1.2075805386842775
C1QTNF6,0.3866182367817043
LAIR2,-0.3125002927956309
DEFB131A,-0.009293656882697239
IGL,0.6033045850443308
BTN2A3P,-1.0524822351119212
ZNF761,0.2804152501188332
TRIM61,-1.0432152029879018
TRIM60,-1.2256608717438269
EZHIP,-0.7695253801771335
ZNF772,-0.28833446218192965
C6orf226,0.11299025974861367
FAM25A,-0.6721004885716183
SHISA2,-0.40054128337548767
CDRT15,0.5819169396501395
IGSF5,-0.2982224743745936
AQP10,0.0896797231987702
ERAS,-0.919906661688825
TAS2R45,-1.1690705721936068
NLRC3,0.8458343614609541
KIR2DS4,0.8412776802134854
SLC16A12,-0.5468229237164806
DDTL,0.2465083006417766
GAGE12I,0.09244931532602409
PRH2,0.7531389420348015
C2orf27A,-0.7040186111964413
C2orf27B,-0.8997263840404904
GAGE12E,-0.13658261597688445
GAGE12F,-0.13658261597688445
TLCD2,0.5801122564637313
PEBP4,-0.19050300837424858
MYEOV,-0.5222194727103293
GCM2,-1.2250478184913465
C1QTNF7,0.6938784206659393
CBLN3,-0.04315628304112237
C1QL2,0.4767399644003377
ETFBKMT,0.0584524341537338
RHOXF1,-0.3246649036530687
NAT16,0.26669484340197014
PGA4,0.4729308463305558
C1QTNF12,0.5754217379086506
PRR23B,0.14326640925241685
HHLA1,-1.1435356739964941
SCUBE1,-0.006087270134019838
PTX4,-0.10330342754144918
PRR23D1,-1.0800962961742349
ADAMTS10,0.8929958984975612
ITIH6,-0.8108803847089818
FNIP2,0.7069608182019306
PTCHD4,0.3810638539685323
VWC2L,-0.5079423924977374
ODF3B,0.4418550472134967
PLPP7,1.7932723097531649
CRYGS,-0.47469572421362816
PRAMEF8,0.6062264746591548
DEFB104A,0.001487351066170637
C12orf50,0.18681891754198549
STPG4,-0.6997372045054685
CEP112,1.7968342194250904
RINL,2.4069789496133853
C3orf18,0.4560802956139194
GPR152,0.16915375102361893
SLC16A13,-0.4780634855048258
RP1L1,-1.0034205351620509
RN7SK,-0.43607609120696633
SNRPEP2,-0.23646102839633967
HNRNPA3P1,2.15578042223525
DYDC2,-1.2339036353197332
CCDC81,-0.8713712430310762
OCSTAMP,3.2798506808172117
LINC00636,-0.8386442309565523
RPL6P1,-0.993794534027816
BIVM-ERCC5,0.5089669818066168
HHIPL1,1.7301131389684126
ANKRD20A1,1.329026343397863
FAM98C,0.6146379024702675
AC004832.3,-0.06133195502703249
HSPA7,3.3530559814822833
DAOA,0.8049060677187005
ERVV-2,-0.022592385691770998
ERVMER34-1,-0.173811785546503
FAM89A,0.07849989016006415
TNFAIP8L3,0.8596020958029416
SLC45A1,-0.866783225908562
NBPF10,0.11482890728313963
FGFBP3,-0.5464507637318152
BAGE,-1.6052507520817718
TMEM155,0.2606805129310415
DEFB125,-0.703823020770805
PCDHB13,-0.5498543994073137
PCDHB8,-0.48233852421121404
TMTC2,-0.6353274172657789
NAA60,1.101049204699816
SATL1,-0.16773154029958254
IGFL2,0.14909829599559746
SLC6A17,0.03500806864903015
SPANXB1,-0.619580982580691
SPANXA2,-0.870876688828223
IZUMO3,0.321659833622837
NEMP2,-0.6855104470186117
MFSD6L,-1.193952568546619
TMEM240,-1.249941465250365
PAGE5,-1.257773713714373
TMEM253,-0.7059759181411078
TMEM252,-0.09675788460441549
MEI4,-0.92223188124376
CCDC126,-0.7416779480978346
MAGEB18,-0.07041478831872178
F8A2,-0.40918963094804506
AC091167.3,-0.7384904094657151
VN1R5,-0.4929883912402846
LOC401052,2.443891263734828
ZNF763,-0.1695260722871658
AC008575.1,-0.09977054489445823
SLC35F4,-0.48827062561412066
KIAA0087,0.42469579494231635
TAFA5,0.08930849189203371
CKLF-CMTM1,-0.4385430765107046
SLAMF9,2.3712174804160915
C9orf152,-0.6837652522863191
TSPAN19,0.6869293883390113
HNRNPA1P70,-0.8352253676018165
REXO1L1P,-0.7078364816522785
CYB561D1,-0.0733809103468312
CFAP77,0.06773004789370585
PLAC9,0.44674046078054164
CCDC154,-0.939912766411384
C6orf132,-0.4641056048063685
SLC22A20P,1.69955180284155
AC011448.1,0.989747483911411
SLC15A5,1.1865197864705184
RIOX1,-1.1490468318726554
KCTD9P2,0.6687598912939076
LOC147791,0.0020707842093272907
DCANP1,-0.8718021348723228
GLIDR,-0.8691769823721954
LOC148413,-0.5851325146575372
ZNF479,0.35766268149055225
LINC01588,-0.7622584016701986
FAM27E3,-0.6586572110910565
POM121L8P,-0.8786006256007007
NWD2,0.07196706817205967
FAM204A,-1.0296673030589367
RMDN2,0.23493522992776353
HMSD,0.991250728232019
CLECL1,0.2817963709849257
GCSAM,0.4329206139302957
C6orf58,0.2010491848208606
TMEM150C,-0.20903964966479835
PLEKHG7,-0.23857016737438838
MICOS10-NBL1,0.300352291449382
LOC107987235,-0.16884569319906642
KIR2DS3,1.3023183935786837
GAGE7,1.2886822494830943
ATXN7L3B,-0.07411708223127123
GDI2P1,0.4182537639161209
WFDC10B,-1.1266412757132263
P2RX5-TAX1BP3,0.9519295459842271
C2orf83,-1.1270289628535322
DRAXIN,-0.7829819469088541
BTBD8,0.9143543021214696
FAM24B,1.4420100534357831
AC008764.1,-0.7907258149125581
CCDC169-SOHLH2,-1.067256684894018
A3GALT2,1.846576814801329
GLT6D1,1.846576814801329
PRCD,-0.3021081354966573
SSX7,-0.8484696129415237
PATE1,0.9679408315538616
RTL5,-0.6420833521071131
APCDD1L,0.5377268649078663
PRNT,-1.5202870839949476
HEATR9,3.8449678092317443
CD300LG,-0.2424287387370472
CEACAM16,-0.4975768247344227
AP000295.1,0.15770579139961127
GOLGA2P10,0.010151982488997194
PRR18,-0.9974657529635679
THAP9,0.008898426093166907
ZNF799,0.49734945395923813
DCDC2B,-0.17652947357032275
NPIPB3,-0.48023779955850343
KHDC1L,-1.1416802092632883
CYS1,-0.3490891046351933
PNMA6A,0.5306637629403709
NOTO,-0.8248362329395812
PCDHA8,-0.4165333628778311
FLJ44635,0.5089669818066168
C19orf38,0.4696094964876289
AC092143.1,-0.443993033687248
USP17L25,0.15294616349818596
SPRN,-0.3180802661119805
PGBD5,-1.2713536860956034
POLR2J4,-1.1310514626667518
ATPSCKMT,-0.3537052761208609
FAM72B,-0.7379971144511949
PCDHA13,-0.045981018331789
GTF2IRD2B,0.5345368694332984
SMCO2,-0.12275603562843963
POTEB2,-0.6675172430687959
XAGE2,-0.17125973309410336
ANKRD20A4,-0.6947630546269051
ANKRD63,-0.7615284539903303
NBPF20,0.5089669818066168
TMEM170A,-0.3225598618304651
PALM3,0.11176490240376451
AC068775.2,0.23567397996883008
KLRF2,0.404271761477273
EFCAB10,-1.3787334622725569
EFCAB12,-0.9310463457525412
C15orf61,-0.5177642090238735
TMEM52,-1.029504390407607
IGHV1OR15-9,-0.3270059436407605
ARPC3P1,-0.7824930236837909
STOX1,-0.4418480531890365
RAB1C,-0.7089909756168629
MAGED4B,0.5499830350681794
USP17L23,-0.2417642720536958
WASH2P,-0.3693160962855669
FAM20A,1.1170131203484042
AGAP11,0.1503769411310326
DIRC3,-0.5505695300517452
TBC1D3B,1.6250443614949837
AGAP9,1.6250443614949837
SCGB1C1,0.7924742546240805
TMEM270,0.8606664083499755
LDLRAD2,1.6081988455449021
SLFN12L,-0.8056213448001431
STOX2,-0.82621326288108
DEFB114,-0.43781008185668147
DEFB132,0.905042743156796
ZNF286B,-0.14838162871015043
SHISA4,-1.1946164345513568
MT1B,-0.21526706797179695
MT1DP,-0.6040102369246155
CCDC26,0.5682626345040871
BMS1P1,0.06428156097852836
SNHG11,-0.8756028765060089
MGC39584,0.4930185538536633
SLC25A45,-0.760790373855652
GK3P,2.2378479115690193
MMEL1,-0.8424371305571067
GPHB5,-0.2014381202133462
PGBD2,-0.8101550875884064
RPL9P8,0.24731662479264652
BTBD19,0.35559413020576647
CDC42EP5,-0.9528735915744948
UBALD1,0.489614548801833
SHROOM1,-0.6998697711735375
C17orf58,-1.1310514626667576
RFTN2,-0.7687929006801263
LY6G6E,-0.4053780670608988
USP17L26,-0.33505937153238596
USP17L24,-0.33505937153238596
TINCR,0.9439625229789794
FAM218A,0.9439625229789794
RUSC1-AS1,0.12806317690773875
TMIGD2,0.00045454507709109565
NXNL2,0.5157323852365499
TDH,2.89672923631536
GPR119,-0.27440239843717784
MKRN4P,-0.46144772885374435
ZNF738,-1.055496327097
LINC00846,1.2995778175341608
IRAK1BP1,3.632858407973252
TATDN3,-1.1282378294473407
PADI6,-0.7567752895125875
PWWP3B,-0.1816742394985266
AC003002.1,-0.2000991208098937
MINAR1,-0.592806643890507
WDPCP,-0.999028483287837
ZNF705D,-0.4703652857521099
NIPA1,-0.5551862959974327
TESPA1,0.26606529877682406
RRP7BP,-0.6938715043450873
TMEM136,0.6362067780011859
MROH1,-0.09883863585219597
MEG3,0.14528593755015498
TMEM37,0.8229438402494883
TRAPPC2B,0.29461954145944497
UBE2Q2L,-0.4524560113213289
AWAT1,2.633726543763008
BTBD11,0.08154039734290215
AC004997.1,-0.11381082139199583
CD177,0.6353847838502279
SPINK8,-0.23712016679880363
ATP6AP1L,2.8234317223486767
MAGIX,2.3254227083624075
HMCN2,-0.7547260308740281
KIR3DX1,0.06105994561905661
RIMBP3C,-0.8922778166805974
AC010422.3,3.4394711057677934
FAM166B,-0.8570433116801535
MSANTD1,0.18381334882464517
FAM229B,-0.6307392867751828
FOXO3B,-0.5062760907060393
AC005837.2,-0.4056904865374841
NRN1L,-0.652718157751168
DEFB127,-0.20527327358573502
LOC100653061,-0.13866297589686302
HMGB1P1,1.5774485975320343
AC104831.1,0.8452054576938487
ERMARD,-0.8691293882756622
LAYN,1.0413157567917941
SVOP,0.11754776719277406
CCDC142,-0.603288205041796
CCDC30,-0.9583390380732218
TRABD2B,-0.1450065502073499
FAM45BP,0.8380080666844698
PPP1R3G,-0.2399520321876315
GREB1L,2.258241764258855
NT5DC4,-0.4757389269969834
TMEM255B,1.8771290034537962
DEFB115,-0.9798589779679951
TEDDM1,-1.283495882950398
PMS2P3,2.0431469605376322
HOTAIR,-0.9803946500822717
RPL4P5,2.136676523650308
C9orf135,-0.41160166800154174
UGT2A2,1.104822188886693
FAM9C,-0.33011246998431826
CDCP2,-0.18533604038237425
PLPPR5,1.4689098597177903
SHROOM4,-0.9232991021659246
CCDC171,0.3144716024192066
LYSMD4,-0.2053060149203908
TDGF1P3,-0.20603309331076522
SYCN,0.23711912971567708
SCARF2,0.24759422419524307
GPRIN3,-0.5071013943519311
AQP12B,0.09593674158390803
AQP12A,-0.062459540000875426
C1orf127,-0.9658282804391548
GAGE4,1.2886822494830943
THEGL,-1.2022279746275268
AC099850.2,0.14601019209203872
C8orf86,0.6453998448197409
DCDC1,-1.0589661220659103
IGHV3OR15-7,-0.7731615097855057
ZNF846,-0.4384246314768369
ZNF525,-0.5818330888783421
SUPT20HL1,-0.7015496373813814
PRAMEF17,-0.523563630518559
RPL35P5,-0.46572465052107664
ZNF804B,2.05826571000528
ZNF732,-0.24522304825782396
ZNF737,-0.2452230482578239
ZNF705A,-0.7679852996913831
ZNF658,-0.7679852996913831
FLJ38668,-1.2598183010221617
TMEM234,2.843676269982328
LOC729603,-0.5870735696631834
NBPF9,0.5089669818066168
TMEM235,-1.3770972052006203
ABO,-0.44501658002310224
TMEM74,-0.4271976557131458
C2orf66,-0.8686847692553983
PI4KAP2,-0.24773327326581188
SERINC5,0.27356033104943434
MS4A18,0.9738225222477518
TMEM132D,-0.4495225682090071
DNAJB3,0.944288247153172
LOC153684,-1.0149172085455753
TCL6,-0.1530048268492218
GOLGA8DP,-0.8688299641630115
CYTL1,0.3187464400372551
VWDE,2.997835945738934
LYPD8,-0.45626263784757953
CCL4L2,0.006253864985381936
LINC00656,-0.7332059301311211
FAM178B,0.0035843205221117004
TRDC,-0.8693202520401183
FRRS1L,0.7660718025897764
KRTAP10-4,-0.6918890587365094
LIPN,5.759689167477314
CASTOR1,1.7386409256862807
CASTOR2,1.8570730736861158
NUTM2F,-1.4156586381728238
PRR22,-1.0189594006638636
GOLGA8R,2.8497868513558964
GOLGA8H,0.5089669818066168
PRKY,-0.6148405167813202
WG,-0.6881243717480555
CTAGE8,-0.27414282873648177
CLEC4F,-0.38903567921990584
MAP6D1,0.8691710624188659
GAGE2B,-0.3466909194764098
SMIM24,0.5089669818066168
OPN1MW2,-1.6406476915308377
RBBP8NL,-0.09093899288913734
PIPSL,0.30859780454881136
DEFB124,-0.4080767110220303
LRRC3C,-0.8987343498570325
LRRC53,-0.3405188885810181
PATE3,0.8804689993376025
MT1P3,-0.41011692683033435
RNASEK-C17orf49,-0.5532423922202464
CCDC140,0.3493689717464421
GUCY2EP,-0.9536389732939702
SVBP,0.635199599187005
RNF121,0.13705613523244492
C11orf40,-0.6830444241061959
AP000350.4,3.7288358910952346
C15orf65,0.7507144472806352
KAAG1,-1.012307031660975
VWA5B2,-0.3765948353032164
DCAF8L2,-0.7245462937155303
ALKAL1,-0.7585082980652283
LINC01465,-1.1727811207628354
AC068896.1,-0.02360349866608913
PPP1R2C,-0.5472748230660123
AC090527.2,2.495724350693674
AC110275.1,0.8186797679615248
WNK3,0.1196492919219516
HIGD2B,0.08925008888161548
TMEM179,-0.48793172942648916
CCDC141,0.09740365368520851
SRGAP2C,-0.3871813106334343
FAM180A,-0.8939325767683842
EGOT,-0.6495026685187698
AC048338.1,-0.30635501657882175
LINC00265,-0.18507874301019436
ZFP92,-0.3439736322025327
CALHM5,-0.15277358473554684
PRSS3P2,0.9225867986624584
MINDY4,-0.20858294833966534
SPACA5B,2.124243018007582
TMIGD1,-0.8974335115559203
CYP4F8,0.5634462545059039
C4orf47,-1.317478193299435
ZNF205-AS1,0.2841251435434416
LOC142937,-0.2267703633057981
EEF1E1-BLOC1S5,-0.3925548356815351
AL110118.2,-0.04575197082464401
CCSER1,-0.5726597713529045
AC026464.3,-0.34846429226498277
AC026464.1,1.4304603154416817
TRN-GTT2-1,-0.9228917689501126
BHMG1,-1.0272320265997354
CLLU1,0.46905827861116534
HPF1,2.4428094086562036
PDPK2P,-0.796144286317036
NUTM2B,-0.3890356792199059
NUTM2A,0.5089669818066168
CGB1,-0.36394520745656256
EEF1A1P5,-0.8198577418198898
INAFM1,-0.3303497297072116
ZC3H12B,-0.38792013413681775
TMEM150B,-0.5389352105056711
TMIE,-1.4969166723863854
STRC,1.730660116069815
CYB5D1,0.5139501909016515
KIR2DS1,0.20979406777585718
CLEC19A,-0.7457024075321788
IGKV3D-7,-0.16015169083454436
CORD1,-0.4366431800951148
TBC1D3H,1.5897551333822728
RP9P,0.20739045614804502
CT45A3,0.1364575022696326
SPANXN4,2.443891263734828
TPRG1,-0.8917439628230932
LOC613037,-0.21974940276291544
DEFB106B,-0.5060595860456708
C1orf74,2.2356953846281535
EEF1B2P5,-0.5789108953371926
PQLC2L,0.19871674264249028
SPRR2C,-0.5230076761131859
BHLHA9,0.7697377501212208
C15orf54,-0.41158241879920293
CLEC2L,-0.16358371056107385
MT1L,0.3545511830527706
ARPIN-AP3S2,0.08342360590652385
PPIAL4D,0.29465540244379484
TBC1D27P,-0.7098499818889914
VNN3,1.0519286201101128
PLET1,-0.45626263784757953
PRSS41,-0.45626263784757953
MDGA2,-0.16465545483885788
ZNF182,-0.9900971716004109
FAM163B,-0.811056336915146
CDRT4,-0.4175808870213693
ZNF630,-1.1230190911499256
REXO1L6P,-0.40068152073596375
CRIP3,-0.7233142570541478
GLTPD2,1.5694484489850327
C10orf120,-1.3635366762664582
C4orf48,0.5038094451152998
NPIPB9,-0.8245633821125469
ARMCX6,0.530690198439125
RBMY2FP,-0.8763806386239412
CT83,0.5089669818066168
LYZL6,2.3938192944265175
AL359922.1,0.41799133752418577
C2orf15,0.05394663312082873
SIGLEC16,0.925698633713806
ILDR2,-0.28257795935194385
HSBP1L1,0.025458233248489878
ARMCX4,0.33652874921602566
TIFAB,-0.8770694122394386
C11orf42,0.0006517438340571943
TRIM77,0.5089669818066168
XKRY2,-0.9191777646570239
RNU1-4,-1.253914439500986
RNU2-1,-1.253914439500986
ZNF275,-0.7936391397113035
BAGE3,-0.6495026685187698
CXorf40B,-0.6063245158065955
LOC344382,-0.411831531780949
DEFB104B,-0.2965809574229555
AP001458.2,-0.7270725449265978
FCRL6,-0.4600216026365045
SNAP23P1,-0.7417986307703642
IGSF23,-0.41668491197444024
CTXN1,-0.22327404052621733
LINC00312,1.681978961746567
SHOC1,0.16692124659036398
ST13P4,-0.24586613669725044
PLD5,2.72398952087686
GOLGA6L10,0.5089669818066168
TMEM114,0.015227967817952905
CRYGB,-1.6216986800118804
AL589666.1,-0.16333465048801116
BEND4,1.8246286827474851
FAM184B,-0.18314556343346536
NBPF8,-0.3721108699811509
C20orf197,-0.6495026685187698
RPSAP58,-0.5533292348290638
SMIM17,-0.6060006291772557
PCDHB4,-0.3228420412548831
CFAP54,-0.09396605262423924
CR1L,-1.0496272312061212
NBPF14,-0.207697740842921
NBPF12,0.15765574563857332
GAGE12C,-0.13658261597688448
TMEM121,-0.6031201505089799
C20orf203,-0.27799318180668176
KIR2DS5,0.31500454376830656
CEMP1,0.8672028686517311
HDL3,1.5323363760877295
TMEM44,-1.0091859619712211
LINC00242,-0.5488288690732782
TMEM169,-0.5631327759797523
C4orf51,0.5089669818066168
GBA3,1.311561652895527
POTEM,0.5089669818066168
ZHX1-C8orf76,0.5089669818066168
TMEM183B,0.5089669818066168
KCNJ18,0.5089669818066168
PLEKHD1,0.5089669818066168
ZNF730,0.5089669818066168
ZNF735,0.5089669818066168
ALG1L2,0.5089669818066168
ZNF717,-0.04046989140393893
ZNF865,-0.35727226408137563
ASAH2B,0.5332983005264889
C16orf47,0.5089669818066168
MROH6,0.8582625079814475
TRIQK,-0.20259619278910151
GPR179,0.5089669818066168
HNRNPCL3,0.057250299971450445
C8orf34,-0.6900805007203422
TRIM49B,0.5089669818066168
IGKV2D-29,2.0135597167329715
IQCJ,0.5089669818066168
HSPE1-MOB4,0.5089669818066168
NEURL3,-0.01867076012449553
FAM72A,1.58424301610639
RPS10-NUDT3,0.2969175032357297
POTEB3,0.5089669818066168
C20orf96,-0.27192470185442497
CTAGE15,0.5089669818066168
SUPT20HL2,0.5089669818066168
ELFN2,-0.5567154949122772
GUCY1B2,-0.31155318037979696
SMCO3,-0.45407306269344766
ZC3H12D,-0.28805438235343955
ATRNL1,-0.2541350417804279
ATG9B,-1.014334338815629
GEMIN8P4,-0.7211053570746706
OTOS,0.02459321787755838
LINC00518,-0.27640854443431384
LPAL2,-0.7514175787059197
TVP23A,1.2797646940943952
CRYGN,-0.8735535103251786
C17orf102,-0.8783965290045794
FAM160A1,-0.1310618347380114
CT47A11,-1.0084817241094222
TMEM132C,2.7751896894795065
CC2D2B,-0.9973727831926007
VWA5B1,-1.343698902498471
CFAP61,-0.3202196059601623
DIRC1,-1.0477571675108261
MYMK,1.201193155805827
NPM2,-1.4679275702592274
TCIM,1.0966652242216055
PRY2,-1.2905207259285598
GABARAPL3,1.4677006517791142
CYP4Z2P,1.0430796663082094
CRSP5,-0.6673282242842858
ZNF891,-0.3938503320085614
ADM5,3.5379047742713534
AC138811.2,-0.584772949413113
C3orf80,1.68416767654498
CD163L1,-0.7542708916648777
XKR9,0.20196620046792066
PIN1P1,-0.6831660013695038
PAGE4,-0.5839097962783198
CEACAM4,-0.98399059515572
AC008770.3,-1.1283235403067877
TMEM121B,-0.24292140415541838
FAM74A1,-0.23279059104925282
FMO6P,0.11422485972510431
KIR3DP1,-0.3125552904802397
TAC4,-1.2324709850211015
C1orf189,-0.29135993436498697
DLX6-AS1,2.2765788879757327
C16orf89,1.3718859333014433
SPATA31A3,-0.33098143998524593
UCN3,1.572109639300963
FAM222A,-0.5198612116468021
KRTAP9-7,-1.0592817362864335
SIAH3,-0.9225263557545279
EXOC3L2,-0.6241045745288469
C12orf74,-0.5323033267462387
TRNAG1,-0.4955688288342745
PPP1R2B,-0.6821958679616688
C9orf163,-0.42593810101339724
MRNIP,-0.44038802941818994
TRPC2,-0.658918081687726
C2orf74,-0.6312176473198553
FAM217A,-0.6515052077703497
CDHR4,-0.009734365267818108
ANKRD33B,0.3786831999029853
DDX12P,-0.9975923057567143
PRR29,0.14366615054976
PPIAL4E,-0.573206036514382
INTS4P2,0.12733994284731215
GPR137C,3.6191056800569252
ST20-MTHFS,-0.2995976408791293
WASH6P,-0.4006007716374466
CARF,-0.7147309954544983
VCX3B,-0.9277304970563507
GGT3P,2.854913225089894
ERV3-1,-0.2496710829386135
VSTM1,-0.293155962059977
EIF3FP3,-0.4467249545812573
RPL13AP17,-0.573490405200482
MRRFP1,0.3674409895356582
C16orf46,-0.8602749749182924
FREM3,0.5675150265024054
SLFN14,-0.43433528940168736
ARHGEF33,-0.460431326778634
AFG3L1P,-0.5443042216720563
SSX6P,-1.6052507520817716
ETV3L,-0.43005077920392426
ITPRIPL2,0.5731232443352807
PRSS40A,0.20269431076146519
AC013269.1,0.20269431076146519
NAP1L6,1.3467550564850255
IFI27L1,0.6175931739634813
LINC00588,-0.2267703633057981
C6orf222,0.030258613077565114
STAG3L1,0.08861832244809228
VWA3A,-0.7806140766299747
ASB16-AS1,-0.6564033364718492
TMEM236,-0.9576882562861305
XKR3,-0.9696621121850494
GAGE2E,-0.6339799903930667
ZNF702P,-0.5135418652648609
NPIPA7,-0.7162179085218296
EEF1DP3,-0.30635473264255636
NCF1B,0.3810790359425754
LY75-CD302,-0.6805427387886698
XG,2.1865851117567625
CXorf40A,0.10313104834845518
RNASE8,0.31063768474011444
GOLGA2P11,-0.8555575861658418
C12orf42,-0.5306656769245053
OC90,-0.35075495458321365
C2CD4D,-0.6982125669580884
C2CD4B,0.240490404850207
UBE2L1,0.12245844279217365
PDXDC2P,1.399460171907419
AC135050.2,1.054013219027375
C8orf58,0.4347923672136354
SMIM2,0.6293162609956597
JAKMIP3,-0.19998164379650815
MUSTN1,-0.18198115348423885
MAMDC4,-0.4177169278529865
NAT8B,1.1918907911604615
PABPC1P1,0.14810893290594476
C1orf158,1.3718868698196358
ERICH6B,-0.32121331787670304
DUX5,-0.9277029977922983
TMEM117,0.8770159777747212
SEBOX,-0.6525330067033257
MAGEA5,-1.321761572908957
AC011479.1,0.08761534582105202
PRR23D2,-1.0800962961742275
XKRY,-0.919177764657024
ZNF767P,0.06261659791180192
ALKAL2,-0.474144588947056
PRR23A,0.14326640925248302
ANKRD26P1,2.6595442041584882
CLPSL2,-0.4268305397290205
C9orf85,-0.8968905934121223
CD200R1L,0.8290644536126054
H2AFB3,2.8909374875748344
SLC10A6,-0.48191839023215644
OR4F16,-0.47402026427901967
KRTAP3-4P,0.6761508470026549
C8orf88,-0.36233808511913806
NPIPB15,0.15365212639766668
RFPL3S,-0.949694704134158
CYTOR,2.627288093813557
C22orf34,0.9495135457712124
IZUMO2,0.321659833622837
LYG1,-0.3927650635357047
SEC14L6,-0.018918567880347386
RPL23AP32,-0.17588450550703835
MIR4435-2HG,2.6272880938135574
GLOD5,-0.4366431800951148
TMEM26,-1.5011535713127964
RAD51AP2,-0.7360033218162294
AC010422.6,0.7233964950839121
PLEKHA8P1,0.6435127722239503
MGC34796,-0.24773327326581188
CD300LD,-0.7183331330170032
SLC10A5,-0.2513391392784375
BAGE4,-0.979858977967995
FAM181B,-0.4850289932719958
TPT1P8,-0.49031714169673574
