,z
UBE2Q1,-1.6088600053042927
RNF14,-0.3366017770822537
UBE2Q2,-1.6346217281088247
TMCO1,-0.8916046581496989
UBAC1,0.9289102682433853
RAB4A,0.4859708500223926
ZNF706,-0.53744620899265
MIB2,-1.6153038587416904
RNF114,-1.5144371933292085
RNF115,-1.3465292132941116
RNF111,-1.6366236467434847
EEF1AKNMT,-0.8845100577648878
UNKL,0.030687599069528483
MMAB,-2.1754129049148863
UBE4A,-1.5682235177853587
DDX41,1.4546779137714105
ATMIN,0.8771270907127567
TSG101,-0.09104618986980682
FBXW11,-1.3436677695720762
UBE2D4,-1.4985796943847427
RPS27A,-0.7028381294353515
UBE2D2,-1.6694117636013273
ATP6V1H,0.6105481230538412
UBE2D1,0.14694515223685206
MFSD11,-0.8901577678601718
CCT3,1.5677292980735256
LNX1,-0.48514571725878186
MRFAP1L1,-0.15676308257156346
GTF2B,-1.491340887716446
FBXL13,-1.4647907998450718
FBXL12,-1.378110393879159
FBXL15,-1.1618495259896633
FBXL14,-1.503877132149338
FBXL16,-1.537001679166491
FBXL19,-1.709908661144006
FBXL18,-1.4928597152060892
CCDC51,1.2545290888797378
PPP1R11,0.47588666927016177
AKTIP,1.2311808314645873
RNF41,-1.3541473588423378
ANAPC1,-1.813046231696242
ANAPC2,-0.6409373086962886
ANAPC5,-1.2594315484465828
ANAPC4,-1.8750399500245185
ANAPC7,-1.5128680056445176
ZNRF1,-1.263502463635217
LRR1,-2.1515760828849135
ZNRF2,-1.4236013502867852
FBXO30,-1.5683182660200474
FBXO5,-1.5109951729056714
FBXO32,-1.3670751941121606
EMC7,0.42783886798580467
KLHL25,-1.3478408118318188
KLHL21,-1.3320888113070415
KLHL20,-1.8673175528491825
KLHL22,-1.3690117211161348
MKRN1,0.7442099894326148
SPSB2,-1.1443227992388296
SPSB1,-1.585793378666866
TRIM50,-1.0369828658152005
SPSB4,-1.3890440729534541
ARF1,1.5020676847721883
CDC34,-0.35664429708367806
AREL1,0.22568886826747656
LONRF1,-1.2987942547231601
CIAO2B,-0.7100066715115776
RNF25,-0.7593381741183609
UBE2V1,-0.1444364859299497
UBE2V2,-2.1058266664738503
RNF26,2.0284314952414144
PSMD8,-0.054451592067075234
LMO7,-1.9157394651503625
MGRN1,1.0845016531005558
DHX8,-1.2917029192244465
SPCS1,-0.10315613279329484
ITCH,-1.9844940777993467
PSMD4,0.17917215425477614
FLAD1,0.8450781288949981
CBLL2,-1.6721835864163836
ARIH2,-1.1662434896159872
TRIP12,-1.1464733434962833
MEX3C,-1.617459129549098
E2F6,-1.8660165903521126
SNW1,-0.10030713336041952
PRCC,-1.3769263678240227
C3AR1,-0.6133201502222425
BTRC,-1.7198883892312244
TRIM11,0.2786636813200606
HUWE1,-0.8291938073345821
UFC1,-0.5276209852197267
LRRC41,-1.3512629744761842
USP25,-1.0208776330360054
MOAP1,-0.1829494509169519
ASB2,-1.4675675240395154
ASB1,-0.5729041217439851
ASB6,0.28786637549956656
ASB7,-1.80287797845517
ASB4,-1.7386020167106262
ASB5,-1.5169864929133334
ASB8,-1.6677237424459965
ASB9,-1.7254216539362812
PIP4K2C,-1.400962801553513
ZMPSTE24,1.1984808361436725
MRPL34,0.7730812404537307
UBE2R2,-1.7361599706636752
IMPA1,1.6880752822938014
RNF19B,-0.8742802226262061
RNF19A,-1.8084341958024237
RFX5,-1.3988527570463156
TRAIP,-2.0316868992949884
UBA52,-0.5556976134666098
KAT7,-1.2072237593473345
EXOSC7,0.11679530011168851
ADAR,-1.3406360147916194
STK24,-0.8517097710141961
GPR161,-1.0548986146670616
UBE2E1,-1.5573424677722656
UBE2E3,-1.2082395516716662
UBE2E2,-1.8014009690906252
DLGAP3,-0.018382644464707498
JTB,-0.5683964263549252
TRIM9,-1.434269920087021
FBXL20,-1.2997647852314391
TRIM4,-0.998163582562773
FBXW12,-1.7959288651237943
PI4KB,0.8094108775315692
RNPEP,-0.05443010252492413
ELOB,1.0478952221805877
FBXW8,-1.5484140241366622
SKP2,-2.412935301163538
ZBTB16,-1.311171489542756
SKP1,-1.3253189869946096
DEDD,-0.6654708365445472
WDR26,-1.086607154884419
FBXW9,-1.4248115524999143
FBXO21,-0.9611574961285339
FBXO27,-1.3680808315510151
HNRNPAB,-1.0407281229894967
DDX19B,0.5797090472185686
FBXO28,0.3065054824854226
FBXW4,0.2929700766824846
FBXW5,-1.3809781757075574
FBXW7,-1.273669126072586
KLHL11,-1.2998742599796738
KLHL12,-1.0583058643609342
LRSAM1,-0.8003310720560611
SH3RF1,-1.0661642896231451
CSTB,0.30238123880384876
GNB1,-1.6386287528183872
UBE2D3,-2.270916673138996
TRIM69,-1.2799862912023674
JOSD1,-1.1076273080975165
TRIM63,0.16661592779128168
PIP5K1A,-1.9420376504073347
KEAP1,-0.7622136222933047
ATP6V0C,1.8781834937718538
ERCC3,-0.9786016520714618
RNF34,-0.9105945760016838
TOR1A,-0.541131070264782
TOR1B,-0.4815423333525702
RLIM,-1.584972783201909
TMEM248,-0.37242983132878077
MFSD5,-0.05623498794231666
PSME3,-1.763823571825618
KBTBD13,-1.314907958733788
DDX23,-1.0404608050147062
ERP44,1.116730359231196
ILF2,-0.9096890658242694
ASB10,-1.4409594950643476
UBE2J1,-2.1043409822380905
UBE2J2,-1.4793498703112533
WWP1,0.13572694708192382
BTBD1,-0.715403258000235
FBXO10,-1.334850843772323
FBXO17,-1.411649997421023
FBXO15,-1.474108409574623
ASB13,-1.6066277934090418
CAPRIN1,-0.3848759429262048
PPP1R7,1.425503945988673
CERS2,0.4772313561865583
ASB17,-1.8914641249724116
EIF4ENIF1,-1.446869510870606
CUL5,-0.9696545432674862
CUL7,0.0062712928326830895
CUL1,-1.6653622105001429
CUL2,-2.077468974496353
CUL3,0.32382379701453967
TRIM27,-0.9075670514483823
TRIM21,-0.11776937253558858
IRF2BPL,-0.4409059274119828
RNF138,-1.060373358937706
TOR1AIP1,-0.7405356274311838
DZIP3,-1.606748231116369
RBBP6,-2.448171341468601
RNF182,-1.2841833738585524
RBX1,-0.8931563652818082
RNF217,-1.3451771496395593
RNF213,-1.7281874581846104
SLBP,-1.7616834759738647
SMURF1,2.919736357291908
UBE2F-SCLY,-0.8659305898820328
SMURF2,-1.6040633668616493
CDC16,-1.0202989562961307
UBAP2L,-0.56337379586426
RNF130,1.5630804490469306
B4GALT1,1.3730702753992283
B4GALT3,0.6919058845341193
PJA2,-1.4396377664040916
RIC8A,-0.5183956419843359
HERC1,-1.133392674616691
HERC3,-1.0143571580639439
HERC2,2.5988000665622097
HERC5,-1.863831391240678
HERC4,-2.3885521394421643
HERC6,-1.7555726316279145
MRPL9,1.0985893804055675
UBE2I,-1.6950487128274185
UBE2H,-0.9615946814978512
UBE2K,-1.7101646183267878
UBE2M,0.6730998862693386
UBE2O,-1.8366188111214306
UBE2N,-1.0030637891398684
UBE2A,-0.662184873777763
UBE2C,-2.4867974547547496
UBE2B,-2.4771051319549753
UBE2F,-1.564887515998234
UBA5,0.2902492141214627
RBCK1,-0.5606043533803314
UBE2S,-2.392338773118324
UBE2U,-2.071228709203365
UBE2T,-1.862951576287985
UBE2W,-2.1556177784697534
DPF2,0.13159762371507822
UBA1,1.9907336713276786
FBXO2,-1.323181558209299
FBXO4,-0.5604978145260122
FBXO6,1.313431936673636
FBXO7,0.7607664286787202
FBXO9,-0.40638353019655044
HACE1,-1.0965902364753666
SRPRB,0.7913676948858968
ASB11,-1.3756592724620638
FHL3,0.08915191674567964
FBXO44,-1.3767735168949462
FBXO41,-1.5479747564005149
FBXO40,-2.037844223705762
NDUFA8,1.2073238649989686
DET1,-0.8865119683992697
TP53,-0.6069661583957332
MAEA,0.4823353214593415
TRIM71,-1.027123091794378
BIRC6,-0.13476066179249993
PEX19,1.6116226130075226
MAP2K1,-0.146882292314177
ADPGK,3.7430757711169877
ANGEL2,-1.1013182037777491
RCHY1,-0.5588689373813701
LYPD3,-0.3031361658390555
NSF,0.671473068457447
APEX1,0.1864930816588608
UBE2Z,-1.0758580736904118
MAD2L1BP,-0.8968042638233945
POGK,-0.6984954026217693
PPP1CA,4.666741825589913
MYLIP,-1.2407386944050414
M6PR,1.0351048787391604
HECTD2,-1.3705031858731542
HECTD3,-0.012219116478537241
ASB12,-1.5307948041538906
HECTD1,-2.0297647912112775
ASB14,0.4667675259355015
ASB15,-1.6566333132954978
ASB16,-1.3698289432804573
UBE2QL1,-0.6787299302487733
ASB18,-1.2210873554413244
DHX16,-0.05944664870283037
AC022826.2,-1.1162014324605851
STUB1,1.314291038235845
ANAPC11,-0.9671501086599994
ANAPC10,0.04704367975837635
ANAPC13,0.1446398892049592
CSNK1D,0.5454643048029404
UBR4,0.680236764658656
WSB1,-2.3665929169105633
SCAMP3,1.6402735665902952
CHTOP,-1.5167021453657514
KLHL5,-1.3419762476230552
KLHL2,-1.3234555606692888
KLHL3,-1.5618108286574857
UBR2,-1.3013119912993814
UBR1,-1.859467153884086
FBXO22,-0.033284930403180694
KLHL9,-0.8083623870068583
FBXL8,-1.3054763823826518
SOCS1,-2.230898441005996
SOCS3,0.7235786211313953
FBXL3,-1.6698064030179138
FZR1,-1.394213728510105
FBXL5,0.24651254733213218
FBXL4,-1.1794838246295707
FBXL7,-2.0927668499153285
SUPT4H1,-1.0527978355042613
TMEM189-UBE2V1,-0.6830170401800836
UBB,1.3237306142058989
UBC,0.6405281869089338
RNF6,-0.49269904886829174
RNF7,-0.46691632438396946
RNF4,-2.1083509131191938
TRIM39,-1.4050842638716252
TRIM32,-0.061421279208045534
TRIM37,-0.993489997765695
TRIM36,-1.8756729714330458
UBE2L6,-2.117972239470146
UBE2L3,-0.8358501642248825
KBTBD7,-1.7073871582314994
KBTBD6,-1.4165222459886175
UBE3B,0.1584462896197676
UBE3C,-0.4722735309100996
UBE3A,0.3803637338169717
CCNF,-1.630949364594451
UBE3D,-0.9779990669639388
KBTBD8,-1.3949704071569404
NGRN,-0.5881513461452677
HTR2C,0.28074342401790564
PCBP1,-0.31742497447410883
RNF220,-1.0979213046152954
ECPAS,-0.5893668881163604
ARPC5,-0.9485195447058438
TRIM41,-1.5704951248561252
TAF7,0.40322828174996067
SLC25A44,-0.4760192269774464
CDC27,-1.6435613737624002
CDC26,-1.1645854347397242
CDC23,-1.4556266408125615
CDC20,0.03963823995370931
KLHL42,-1.540510814467344
KLHL41,-0.15625039977856814
HECW2,-0.8884882157027971
RNF126,-0.8895127751080133
BTBD6,-1.3193861739772554
RNF123,-0.48528906314410064
DTX3L,-1.6118651152589265
COP1,-1.2947526205797988
NEDD4,0.27468362637893035
PFDN2,0.5359762818783603
SIAH1,-1.1974947484517362
SIAH2,-1.4776845477479104
TCEAL1,0.6480424394956078
RNF144B,-1.1238425959462448
PSMB4,0.6276889233080619
KCTD6,-0.38087425479016973
HAX1,1.042714700757924
VHL,0.24797491799318594
UBOX5,-0.9499593892763427
LTN1,-0.9765741393105378
UBE2G2,-0.8923586366466999
UBE2G1,-0.6571335070827045
PJA1,-1.0625553026947707
UFL1,1.0057745982492574
RFXANK,0.13682840599680704
RRAGA,2.131403358756925
TRAF7,-1.310619822919976
USP11,-0.784715826047223
C1QTNF2,-0.4574220542570947
NEDD4L,0.5496207689565221
SCFD1,-0.2016411792425419
RNF11,-0.6885634195898072
UBL3,-0.2534597903064388
HSPA4,2.619483983042212
SUMO1,-1.2572161764398087
HSPA9,2.1151359541152024
SEC23IP,-0.5514197712897789
ANKIB1,0.38131474754289696
COMMD8,0.4003035751041342
C6orf120,-0.4622434095969828
CDC73,0.9880414241123086
PIK3CA,-3.0403777821564426
RMND5A,-0.15306526982273613
PRKAG1,2.4931233065779157
FAM114A2,1.1359522892787708
ABCD3,2.1930081062936897
HBS1L,-0.18628756082981834
RAB9A,-0.1853549360161066
WRB,1.1034143911772578
NIPSNAP2,1.5254378864627858
SP3,-1.7630227425543943
AP5M1,-0.2517457609118526
TMEM9B,-0.6313864173971212
DHX29,0.2945727790821643
TMEM184C,1.2361580564433248
GPI,-0.44992262183407034
SNAP23,-0.8556698286372041
PTER,0.3880997283328078
ARHGAP12,-1.899846900629643
TCF12,-1.2190460547036863
CTCF,-1.5231282868000187
ATP6V1D,1.504572599200176
RPS6KC1,-0.8844073701309795
ATP6V1A,1.006892541587962
ALDH3A2,3.7313660502794708
PUM2,-1.4461915424216372
ISCA1,0.9226519740792002
SPTSSA,0.6950653381113577
ARNTL,0.11735500248199461
RWDD2A,-0.7758101509186084
BUB3,-0.6879792179021853
XPO7,-0.1401540344904083
RWDD2B,-0.14067377862694033
APOO,-0.2782392537915636
CETN3,-0.3016340223997805
CTNNB1,-0.26583277633627794
JAK2,-2.164943842583723
TMED10,0.5106133300245348
KIF1BP,-0.4603628969488928
TSPYL1,-0.5893074917144927
ZNF226,-1.8233242906353344
CHUK,-1.3078446584968928
INSIG2,0.26626274555860246
CSGALNACT2,-0.8339076554373424
SLC39A6,3.9440310538534344
PREPL,0.8908340500877128
RPS6KA3,0.19672940623414764
CSNK1A1,1.5521865042292509
C5orf15,0.4364907393861184
GFM2,0.7134793970505681
ATAD1,-0.7738982070872287
SLC35B3,-0.279826372202956
TTC37,-0.5959482642613403
MINDY3,1.1165309504867724
MINDY2,-0.6383386054095528
EMC2,0.7978340409396618
MINPP1,1.5157176258782572
FBXO38,-0.9132794093655879
ECHDC1,1.4572208277262324
SOAT1,1.1967778153372264
SMAD4,-1.7816738496100466
RAP1B,-1.1823232874223806
RAP1A,-1.0644713191683197
AP1AR,2.0751706881573115
DCTN4,-1.0330003228062152
LRIF1,-2.087079958390675
NCOA4,1.5800190142554849
CCNDBP1,-0.20760208991774598
CRYZL1,1.2431928744756031
ALAS1,3.2220270180551434
CRBN,0.16673754783369205
TM9SF3,1.5610991745164517
TM9SF2,1.3927118201515531
TOGARAM1,-0.7508748300397281
AUH,2.147748885640207
TMEM59,1.276315037298701
CIAO2A,1.3475521728088131
TCEA1P2,-0.7597097014006824
PRKAR1A,2.116131463225316
SAR1B,0.33273921316878263
SCAF8,-0.992326089864338
CAPZA2,-0.9750317454586249
PEX7,1.695483019792643
PRRC1,-0.3237808422707701
SUCLA2,2.1706023166102533
ATP6V1E1,1.1922669392326988
TBCA,-1.228322865175914
MORC3,-0.6537963204247313
ACTR10,-0.6827186682837382
CPEB4,-0.13800760507625692
TMEM251,1.0065561612591636
CAT,4.4946585904854155
EI24,1.6961013830844405
RAB2A,-0.5580199530117258
C10orf88,0.6355752417616396
EPS8,-1.6739929301603511
EPS15,0.2981351980843852
TOB1,0.526826498297647
PRMT2,0.3035430227385443
CLIP1,-0.6238227099594444
HNF1A,0.09431541915731229
ETNK1,-1.4564428907685574
ATP6V1B2,1.8688140265052497
CDC37L1,-0.9078829793390466
ARIH1,0.4021582008201777
CD46,0.18951252034747126
HIKESHI,0.6004842409486442
FPGT,0.43213082648984685
LPIN2,1.1051745492675749
CGRRF1,-1.1916570808415814
RAB21,-0.3335757518572743
LACTB2,1.1816003824011163
DMXL1,-0.9161862974628271
NCK1,-0.787007430973536
EXOC5,-1.445953813971002
MBD4,-1.0926600001334523
PPP3CB,-1.2238141148754882
SPG11,-0.7289019158295663
BZW1,-1.4008147615103186
MPC2,1.6643341205072752
MARCH5,-1.1224578360506468
MARCH7,-1.17399238926135
RCBTB1,-1.3573755527226765
SLC25A12,1.6569240316835832
ADSS,0.40507523409316
B3GNT2,-0.7973900326819716
NFE2L2,-0.5336364716269375
DYNLT3,0.17106247411282993
TTC5,0.24515654917912882
RARS,1.0998429977997657
GMCL1,-1.109178442110726
ZNF263,-0.09461806187961604
MTMR6,0.31820575066466156
TSNAX,0.2946674751043184
UTP14C,-0.9589901373790941
SEC24A,0.8197428554684906
TERF2IP,-0.2807560477409986
SIGLEC10,-0.4058291788597185
SIGLEC11,-0.0643942949486667
SH3BGRL,-1.4279386916864065
HTATIP2,1.1011931621766782
SYPL1,0.36872382504200607
OSBPL11,-0.5640001642490838
SCARB2,-0.7911927711176666
MRPL42,-1.0291804084719227
RNF103,-1.4171657958286528
APC,-1.0588694363916134
UQCRFS1,2.75485482545569
YIPF5,-1.055289719011072
YIPF6,1.2645572649067045
SNX2,1.116194456283255
SNX1,-0.21338553892227013
ARFIP1,0.9177849662700516
COPS2,-0.5608863640208098
SERINC1,-0.7452593887922573
COPS4,0.018523868614658066
ALG5,1.453553706871028
MED7,-1.495960945291488
BLCAP,-0.367805365926495
SUB1,0.6581690065624478
RAB11A,-0.31202642778409323
DERL1,1.1246098044425303
C11orf58,-0.44398091355246755
MAP1LC3B,-0.4064781832374959
OGA,-2.0550822813793994
TCF7L2,0.8973061052315935
TCF7L1,-0.7911681692902255
DLD,3.144617756153589
DNAJB9,-0.200615673326832
C12orf29,-1.365364752737144
RFK,0.2934862483482085
HAT1,-1.3067769719166222
C18orf32,-0.3082412992994482
KDM3B,-1.2769647391335435
RALB,-1.7111147766061126
MMUT,1.6471056784425986
TMEM126B,0.5659036977164208
CCDC47,1.0591409188689889
ZNF236,-1.8295393016241988
AIDA,-0.08194794073206066
STXBP3,0.24683346424528144
PRKAR2B,0.9404518065424863
AL136295.5,-0.3910222819481993
FECH,10.654031865819782
BET1,0.47389156813474265
TMEM14B,0.970772140192653
TMEM14A,2.021212723389605
PSEN2,0.5026102136370539
PSEN1,-0.08491739141614423
DNAJB6,-0.5149979825223363
ETF1,0.10381126794763561
NDFIP1,2.1548112802321184
CHPT1,1.4402186167851854
TRAPPC11,-0.4991998287371296
TRAPPC13,-1.3038912452056195
RAB14,-0.24232719896234542
THAP1,-0.3533885407073201
HNRNPA1,-0.8730096416485509
RAB6A,-1.3855454149676991
RTCA,0.4062451289206845
ACOX1,2.778485034202161
STX7,-0.47593630546315413
SHOC2,-1.4607694564804463
SGPP1,-0.9502336744688895
RNF141,-1.1171118809350733
ATP6V1G1,-1.0530002424071223
TBCEL,-0.5457803238825187
GRSF1,1.6419675322919913
CAB39,-0.019555105587075218
PRKN,1.9237037854411339
NFYB,-2.11585871767767
MEGF9,0.038710601162721424
RNF38,-1.89009450029454
SMARCA2,-2.9353092906495104
RNF31,-0.8018054644261111
IMPACT,0.7057568941465169
NPTN,0.48411748015517536
GABARAPL2,0.9560272309941295
DDHD2,-0.031171389952991825
MTX2,0.896986540260519
FEM1B,-1.779718056883775
ARL6IP5,0.700291837438857
PCMTD2,-0.6038561950374635
COPA,-0.0808609100942886
MAT2B,2.3875945454834815
MFSD1,0.733452084323732
MOGAT2,1.4699960378881682
GLRX,1.594952881178364
VTN,0.11794131868666813
CTNNA1,0.23708243564988662
VAMP3,-0.31706634975085546
VAMP4,2.5955529006701776
VAMP7,0.8028029919495253
WDR47,-0.10608014019299572
ROCK1,-1.4175018211203734
CUL4A,-1.4496442120310578
DCAF6,1.5287712962324718
WBP4,-0.3287699819788943
PCCB,3.076894047721453
NDUFB5,0.7879280683417964
FAM3C,0.6245726892492108
NARS,1.3745671122186391
SLC30A5,2.9137879406514817
TOPORS,-1.1006014674073827
TENT5A,0.8227225209811629
CUL9,-0.6887702281486409
CLINT1,0.8921008856290054
PPP3R1,0.35124584625918204
KLHDC10,-0.017688688752337686
SEC62,0.5511558709643257
ANKRD46,-0.7843975530836675
ZNF200,-1.7414228208754226
CLCN3,1.3517138892171072
IDH1,3.5613848013665037
SH3GLB1,0.15741486059462598
TRIM23,-1.177461489647872
USP21,-1.3560772402637042
GHITM,2.263624356169587
PTPN11,-0.8177527393788464
JKAMP,0.3128241081615984
PGGT1B,-1.0440186736149268
CCDC28A,-0.005736578309603998
KIN,-1.7933791891882138
KPNA1,0.416515871741095
COPB1,0.5243961033511778
RNF216,-1.1031506334560923
MED21,-0.9547123103821553
KAT2B,-1.288758893162981
IARS2,1.276846549481151
PPM1B,0.41397452348448355
PPM1A,-1.7167714482710346
CLDND1,-0.6071805874868895
VPS37A,-0.5710630158582534
PNPLA7,-0.26047681679086293
ARMC1,0.2524069506024767
UNC50,0.06450211689712645
GSPT2,-0.8274008725706972
GSPT1,0.44278328012055335
BECN1,0.03397564278673874
RNF144A,-0.8620420507490871
MAN2A1,0.00022546616473892735
UBA6,-0.8818312403183883
UBA7,-1.7435062826980225
ATG12,-1.4322030061527227
UBA3,-1.327929344138473
RWDD3,0.20219022094071346
MRPS27,0.11769636707096125
UEVLD,3.6359911613252827
VPS26C,-0.8006648596958416
PHF7,-0.3675035153860647
BAG2,-0.8821061459461154
FBXO3,-0.3964973973860749
RHOT1,-1.0263977627703575
FBXO8,-0.9568300299291199
BCAS2,-1.1495366907924378
CAPN7,-0.7242354053381559
OPTN,-0.6882005602058904
SNX13,-0.6015657820694942
SEC23A,0.7896745561777848
ADIPOR1,1.7796287080688764
SNX19,1.795732950415524
ERC2,-0.018021806541196953
BNIP2,-0.9612818875370936
DPM1,0.9293879470348758
NDUFA6,0.7529911588218084
NDUFA5,0.4055960503828451
FBXO43,-0.8257179275102599
PRDX3,2.1959080546161016
RABIF,-0.49318844757260566
RWDD4,2.1711522299771833
GALC,-0.7922050165889168
ATXN10,1.599826166197672
ESR2,0.5726611384102187
EFCAB14,-0.13386843996450423
NRBF2,-1.535894549949453
GOLT1B,1.5084297386671746
MRPS35,0.27371533511553153
ISOC1,2.313936721472188
RWDD1,-0.9958778643036043
EIF2AK4,-0.6977711943653256
HIBCH,1.9677985775503255
DTD1,-0.4185558806787679
NECAP1,0.9164255202189603
BPGM,2.885119045769999
UFM1,1.1140159827332845
BIRC2,-0.45356030331269315
MOSPD1,1.6245660735160237
MDH1,3.0571599404632464
MAP2K4,0.5381687780727266
PEX13,-0.8391173943656736
LPGAT1,0.6886791752392933
MICU2,-0.1967772354846468
RNF170,0.7057344660700188
ECT2,0.018369116781421793
STAM2,-0.9201895926933635
SCAMP1,-0.7877459420525348
TMEM192,4.094947364606391
SYNJ1,0.44034548361772596
GLT8D1,1.385805851432672
ATP5MC3,2.458541793939748
CNIH1,0.12029373511301573
ANXA4,1.242365328010504
ANXA7,0.4127286421420693
NUMB,-1.303299251796473
HLTF,-0.9615662457541978
TAGLN,0.3694665502433199
PPP1CB,2.927501478882097
RNFT1,0.4405590316178883
C1D,0.8000507832794977
HADHB,3.123907759184706
NDUFS4,0.34612468434402927
PICALM,1.1946623272695698
TM2D1,-0.04504120000042387
TMOD3,-0.732710082662756
WASHC5,-0.42138222164692046
LYPLA1,-0.6116197480455924
SEC24B,-0.10813982406172427
SRP9,-0.26956944471254884
OAT,3.1383878612871134
KIFAP3,-0.2765394398492821
LEF1,-1.6775454804574625
CANX,1.175552991574105
NDUFAB1,1.9897543463066552
ZNF140,-2.5130059646027423
MRPL3,0.6895845094902038
MMADHC,-0.08438258892043327
LIG4,-1.7472603998763578
GOLGA7,-1.037386891118073
NNT,2.896437525575781
SOD1,5.579036753580529
SEC63,1.013514228376232
SARAF,-0.16182255607727833
GARS,-0.6375150440692856
TRMT1L,-0.6514874890949744
TDP2,-0.720405499899086
SCOC,0.9176505262147977
ACYP2,1.8272548355967126
PPP2CA,-0.19397695853357325
ACSL3,2.753337920307434
WDR59,-1.2452288166956316
ASF1A,-0.2813249916938652
RNF8,-1.4077240207457538
CCNH,-0.2735204874157632
ZNF217,-2.73906907808554
VDR,1.2371515299488565
METAP1,-0.09377598691250888
TRAK2,1.2220427195883332
PCMT1,0.8691705664698716
SLC25A32,-0.6567491197149461
PNMA1,-0.7402405653149132
NMD3,-0.7416877350403904
FAM177A1,1.532927664682035
DCTN6,-1.523730364530382
CMAS,1.042444583207631
LANCL1,1.768242182109348
SLC35A1,-0.9085651405994682
SLC35A3,0.3392953942849835
UBXN4,0.550445528660889
PRELID3B,-0.0771462026820944
ORC4,0.5535173647557232
C5orf22,-0.5356385268637365
TTC1,0.35740280780165246
RCN2,-0.3100628170838067
DCUN1D1,1.265511821364831
SLC26A2,1.310276937024847
DYNC1LI1,-1.2898648070625325
POLR2B,-1.2174919779394946
TRIP4,-0.7009647663695082
POLR2K,-0.799245819893187
STRN3,1.0784029104893098
HADH,2.8994300990215236
SLC25A46,-0.5923086606406055
TNFAIP3,-2.0805010734206593
FAM8A1,0.6109160799447664
AP3B1,0.980724855967728
RBM22,-1.980119162836035
SNCA,3.809283333230284
ACTR6,-0.150622700712178
STAMBP,0.34535492498267145
APOOL,-0.3012886512872439
SDCBP,0.33538633318754413
ATP5PF,2.0529269206761263
CCNG2,-2.2275545204003504
ATP5PO,1.704956319782351
PCDHB11,2.775613023547139
NCOR1,-1.8377781456094742
LMBR1,-0.41635770378269266
TMED7,-1.158323924934431
TBC1D9,0.04323687240712668
ACSL4,2.4395078810696265
TMED2,0.044878313741933414
ARPP19,0.1460733386113142
MRPS30,-0.5621704913614443
MAPK1,-0.1726220243672456
MAPK6,-1.1642215320038356
SACM1L,-0.22911402271262207
TMEM30A,-0.5198027434186169
MAPK9,0.30292246772750087
REEP5,1.0720739444479142
ARMT1,0.7831568872002859
RBL2,-1.252778065986427
PAQR3,0.4898891684693788
RDX,-1.2250579792915322
SERINC3,-0.9476510089547118
COPS5,0.27473246099602855
CRNKL1,-1.6823186940448214
DEGS1,0.710831034944393
YTHDC2,0.05540782544993151
VPS26A,1.555039740121994
SPAST,-1.2956337835186396
ITFG1,1.3847789939496737
MORF4L1,-1.2757837530293117
PRKACB,0.7038925687060216
PGRMC1,2.7855376267715837
DECR1,4.383505330653638
TMEM230,0.859175303329436
ARFGAP3,-0.8105170005540128
CLPX,0.3444132525470594
LRBA,0.37595059481314447
ACVR1,0.8357050631072969
CD59,-0.04439872827442097
CTDSP2,1.557486617686177
NRIP1,-0.7021889524868502
DERA,1.924748744009271
CAND1,-0.5152470377750693
UBQLN2,-1.5080618547715978
BLZF1,-1.6172665281591272
HIGD1A,0.473608310212374
GCLC,3.1591242353604114
NR3C2,0.15654217854738617
NR3C1,-0.2146355032303544
SRI,-0.3113026447454977
CRYZ,2.3238291949942096
GTF2H1,-1.3143860200943247
USP12P1,-1.3760706860836516
TMX4,-0.7917273057801155
AKR1B1,3.2771496568481244
TMX1,1.3288279711952287
DACH1,-0.5876930388482373
CDV3,0.480050096176403
COX7A2L,-0.7950617882536272
SEC22B,-0.10031713134395671
DAZAP2,-1.335435978233233
ESR1,1.2881350928606046
TAB2,4.063816034033809
CD164,-0.4577031049725707
RIOK3,0.10376470031125319
TARBP1,-1.260626310109938
ACTL6A,-1.5566868724921465
SDHB,3.328191665043661
GDNF,1.1906382181057862
SDHD,1.1135922182953943
RNF10,1.2294098208349804
DBN1,-1.2834552685305003
ACTG1,1.103857891542546
BLOC1S2,-0.4433123678947451
COMMD2,-0.7720621154729075
CAPZB,0.5148766876527355
ELAVL1,-0.8679216528829237
RC3H2,-1.7065442856724142
ARL13B,-0.6944786812886303
GFM1,1.187513225668473
ITGAV,-1.2471489741034694
SMAD5,3.084691291703338
AP3M1,1.5965181895737388
SMAD2,-0.9627424435738354
MIB1,-1.9581951575912082
XIAP,3.5249021827236886
AMMECR1L,-0.4344476147603762
RBM12,-1.5595559759151847
RIOK1,-1.6613798069360834
CMTR2,0.20421350642858035
MOB1B,0.8487326271481686
EEA1,-1.3655557103025167
SELENOF,-0.25185620148269705
ITGB1,-0.6826171174127568
THUMPD1,-1.194697411648075
BMI1,-0.5983165491235454
BRMS1L,0.4498153131357862
THAP5,-0.6932975283703023
FAR1,2.027095549654621
WDR77,-0.3485223613921838
SLC12A2,0.15563925022412484
SH3BP4,-1.0366814099819064
SLC2A9,0.7887195291492577
YTHDF3,-1.3130167066373095
MED4,-1.0430876282083936
VEZF1,-1.437473941418272
CCDC6,-1.5016301527763256
DHX40,-2.0541038248234558
HMGN4,-1.6069175029624871
OSTM1,-0.041912449823410844
RPS6KB1,-1.6131930008123578
RANBP6,0.8213887693502054
CLIC4,-1.516548907883407
SMNDC1,-1.3361313128002308
USP8,-0.9613797083369416
MTERF3,-1.373766055113563
AP3S1,1.2853832074142941
IQGAP1,-1.6473613001102172
ZBTB2,-0.2675039557238354
PAPOLA,-1.531491240125243
DPH3,-0.6326647806312914
PPIL4,-1.3887994432696074
TMEM263,-0.35812989019965613
TRIM25,1.0063182655287741
PRMT5,0.8975582258553075
DNAJA2,1.3112430888222484
GSKIP,0.508514334216882
SEPT6,-1.238122619901561
TWSG1,-0.5643503791164003
USP46,0.6874561554333564
UBLCP1,0.562481460583643
UBA2,-1.5232713733124925
SMIM15,-0.8984117680737564
MYO1E,-1.6464733699182326
PHF10,-1.1077684498628884
BTBD10,-0.7687895384566712
ZNF532,-1.6283651256316993
GMFB,-0.35055773847866156
APLP2,0.34239665289502835
VPS4B,-0.41459363139640754
MAP4K3,-1.1964034428988974
BIRC3,-0.5432291521247767
AEBP2,0.1795630705094687
ABCC4,-0.10411746862698777
TMEM167B,-0.41593045412169977
VEZT,-0.7065781807134115
TM2D2,-0.1826747425728339
ZFAND1,-0.22345864207552393
GSN,-0.3837382500267939
SLC39A10,3.327835787007414
ZNF146,-0.8611195158568037
GOLGA5,1.1916371063709121
URI1,-1.6157433452903671
OTUD6B,-1.4315974677558825
PCGF2,-1.0356960166523395
ADAM9,-0.2575919500896178
NIPSNAP3A,1.2833222319854638
ANKRD50,-1.3499482703995924
METAP2,-0.5905037409075748
THAP12,-1.1395381464777328
TOP2B,-0.6684583761622611
ARPC2,-1.7506251652431553
ARPC4,-0.6622678556367229
TAF9,-1.403600525363747
AGPS,0.9769471923283449
RAD23B,-0.04816096760781839
HNRNPR,-1.3213026860404327
TCEAL8,-0.12797313865105328
AKR1B10,3.7602387889542497
ZBTB41,0.6352176063038133
TATDN1,0.7089642139747648
LRP11,1.6400424382384866
DPY19L4,-0.29030121118626706
HOOK3,3.4960493109172437
LRRC57,-0.8434226166861848
USP14,-1.5431446797240502
SSBP2,-1.8116164546967521
RASA1,-0.8014809308103958
SEC22C,-0.3021368594970517
GORAB,-1.2029176451294192
BCL2L1,2.0090158318355793
MOV10,0.761079145674576
GLRX5,2.7002177040825863
PSMF1,-0.3178981009810311
MARCH6,-1.8450417869970852
ZFAND3,-0.5395749157603651
MARCH3,-0.608684981044777
MARCH2,0.5199177609563057
SUPT5H,-0.13803225405365152
HSP90AB1,1.6697144376789868
FLII,0.11300820632216131
PTP4A2,-0.8128127696632186
RELA,-0.5379859543107102
SETDB1,-0.8469453884917354
DYSF,0.30784783747246636
RAB5B,-1.5142406272576308
R3HDM4,-0.5356802884825349
TRIM26,-1.290808530057117
UTP14A,-1.5266451186895302
SEC24C,1.6011944204357327
CHFR,-1.2022948332338106
MDM2,0.2601997800503062
SHMT2,2.5626893578207026
GMPR,1.0728776285194868
RNF181,-0.7434801771353167
PPP2R5B,-1.2521839744261025
TERF1,-0.3116978787765087
STRADB,1.3142539871123962
ZNF592,-1.4267072480507716
SLC25A37,3.142967676824638
PINK1,0.1506143165726834
SEC16A,-1.460740409485041
EIF5B,-0.18169312599692017
NPRL3,1.833790567070162
XPO1,-0.1786458322377154
UBAP1,-0.6964241598172654
UBTD1,1.7248234932890263
PPP6C,0.43050316157067775
UBXN6,0.07220135533040094
CCDC90B,-0.8401793954167444
CNPPD1,0.19225506615602656
RBM38,0.7538505270954599
NR1H2,0.12094986898368465
MAPK1IP1L,-0.7069218614997871
NXF1,-0.7099658951202528
SGTA,2.1281467923829447
COL4A5,-1.4542671006013321
TP53INP2,-0.3748855137079902
GRB2,-1.9888244525966072
PSMD11,-0.4692921903726367
RRP12,-1.431817446894323
SRRD,-0.2690220809173041
RBM28,-1.2690240420343502
ACADVL,3.080672241721566
KDM1A,-1.625512186229432
BAG6,-0.11447729094511329
RAD23A,0.38704343134960695
MKNK2,-0.03870954951609535
TLE1,-1.5182885469315632
FOXO3,-0.4381096539675632
SLC4A1,2.0471160693789154
RNASE3,-0.6056446393728366
MEOX2,-1.3063389682279365
STRN4,-0.5047794979419615
MLF2,0.514622089425273
SRPRA,0.8063160140376837
NOC2L,0.5391079729947956
ALAS2,9.150277927067824
EPB42,1.985133897429809
ENO1,3.7917902135349855
AMFR,0.18464542308913684
CS,3.151776346810851
RMND5B,1.1627730242971643
TARDBP,-1.2509259431416535
EIF2AK2,0.3668972489497365
ARPC5L,-1.2283181330407842
RNF149,1.2257684903316635
ZBTB14,-2.0177444980779744
HSP90AA1,0.6230243592995056
ZMIZ1,-1.6647248367349086
KCTD2,-0.65856338091131
EEF1A1,0.6510584522286604
CHORDC1,-1.1614670775912432
PSMD2,0.9736397428953034
MAP2K3,0.6963228573196738
DCAF12,2.6059105022296567
PON3,2.848683777234659
EED,-1.6710009306685942
SCAP,1.7545964879631422
RNF32,-1.6464866569992265
TAL1,2.8392502001648516
WRN,-2.0956018835898815
DNPEP,2.067020296822777
CANT1,-0.35900006956745895
PSME4,0.030454450963113455
ASCC2,0.19052099998067998
RNFT2,-0.48874975499339
ACTR1A,1.5198610455447221
TULP3,0.009622755650649305
MAGI1,1.0741531865299991
ZDHHC17,-0.3140913490862394
GOLPH3,-0.9084048562939346
RNF13,1.2729834961494213
HOMER2,2.2937316964722836
IL6ST,-1.9394223146217606
MOCS2,1.2293732627417873
P4HA1,1.878712980482151
SRSF11,-0.3507010978012285
PDCD10,-0.1182743615468397
DYNLL1,-1.930068406543715
LEMD3,-1.276098357283326
GAPVD1,-2.4638150439778475
ZFYVE16,3.4448464787808444
FAM114A1,0.021420565678069978
YAF2,-1.4626735156072455
ARHGEF12,-1.463529865902188
ITPRID2,0.7097550439324708
PIK3C2A,0.8043872883019908
OSBPL9,1.2574506778345123
SNN,-0.8727988367036553
PTEN,-1.1741865857739724
CDKN1B,-1.6578040969187566
MYO18A,-0.4133477283718341
PUM1,0.7700614039407592
CRIPT,-0.8800502108897114
CCNT2,-2.1699600357383333
WDR44,-1.1232026620889575
CSDE1,1.0842371904072086
WSB2,-0.018206476138264482
JAK1,-2.7064080655977323
SPRTN,-0.798281757702326
ZEB2,-2.120211434162389
DSTN,0.38312470705170504
CAMSAP2,-1.8467810958363777
PSMD14,0.3492179959603096
PSMD10,-1.0690460372129085
CBL,-0.7427175241487214
PSMD12,-0.4463536093683306
FBXO34,-0.9733877120636316
WDFY3,-1.2524558615963999
FBXO33,-0.8567152687932491
ANKRA2,-2.1670181092587706
ATXN1,-2.2063725775677088
RALBP1,0.9832363840801028
PRNP,1.20134845281263
TNFRSF10B,-0.056301879983127905
ATP6AP2,-0.3264739882667175
KCMF1,-0.817682593960831
MARF1,-1.6929757640407193
PYROXD1,0.42876837872116974
ARL8B,0.17808919305851256
ANKRD28,-2.0322524368880153
AP2M1,0.4341032376019972
SPTLC1,1.959717374656435
HEBP2,0.9629049574419901
CPEB3,-1.1350079264370359
HS2ST1,0.344345963360998
LMBRD1,-0.7739010516224364
CAPZA1,-0.1796418638018478
RAB33B,-0.19708565358706914
INSL3,-2.7891194767811758
ZFYVE9,1.23623795570875
AP1G1,0.5593973671516517
MMD,-0.7026153263674295
ATP11B,0.5276801382020617
RBM7,-0.9876189360086073
LAPTM4A,0.49556500695754097
PSMD5,-1.0127012709491665
PSMD7,0.09849114710166501
PSMD6,-0.37681338095729155
PSMD1,0.4606458409591031
PSMD3,1.0651354666325519
QKI,-1.420510706068305
ATP13A3,0.8380704695412629
DYNC1I2,-0.2848018727847551
RYBP,-2.1146424300480953
EFR3A,-0.6554132853320879
PSMC6,-1.1560772257311485
APPBP2,0.6933234275253106
RTN4,1.6098541187215714
HGS,-0.2667639726746337
RTN3,1.158752081471346
RRN3,-1.4775441223900165
MCFD2,0.5015833404843506
NCK2,-1.6894992547193088
SLU7,-1.6871551827216873
OSER1,-0.8388231458695573
TMEM41B,1.524852275812361
MARCH4,-0.4273455745470942
TMEM131,-0.2627491462515828
MARCH1,-1.384433812801335
IKBKG,0.7446737150377211
IKBKE,1.083742140750604
USP24,-0.781102278676418
MARCH9,-0.38032894537278683
CCSER2,-0.5119359387570493
GNG10,-2.3409671518734156
SRCAP,-1.1215802444555962
TSC22D1,-0.021300455623422247
KHNYN,-0.8400251077122726
PAFAH1B1,-2.006569265853013
CNEP1R1,0.3982039465877561
PTTG1IP,-0.0923341229546958
ZC3H11A,-1.0137703167883458
APP,0.9586854074747597
RABGAP1L,-0.9968045634683285
EID1,0.11166386432619754
TMEM47,-1.660965342068667
PLAGL1,-0.07802928879981895
UQCRC2,2.8234475799071808
SNX3,1.7231343439905347
COPS8,-0.8039936527442515
ADNP,-2.0844104051266727
CYB5R1,1.8234673489972788
FUBP3,-0.1630468982754416
NMRK1,-0.4206413873687002
STAM,-1.4893997978466418
AP2B1,0.7769001879493627
YPEL5,-0.8684819476448122
NEK7,-0.14848398409105995
USP7,-0.02076853980284924
KMT2E,-2.344141899456318
PLA2G12A,1.0813868979434726
ZBTB11,-0.7241479048860948
UHRF1BP1L,0.5692946701922429
GALNT1,0.8437570028402924
BCAR3,-0.8339034151427781
FZD6,0.13994945421011873
TRIM8,-0.9841423743402212
PFN2,-1.0051947452868901
CREM,-0.8421492457202924
RSL24D1,-1.8992389963111418
VPS51,0.16077526245854187
CREBBP,-2.105888537409235
HDAC3,-1.7805934097707548
HDAC2,-2.6148933740461096
HDAC4,-1.4891822507777481
ANKRD13A,-0.6983388475468155
ELOC,-0.8738507789142337
MLF1,-1.1560601276447537
TPM1,-0.3820845685997531
RAB18,-1.1203617411851041
CCPG1,-0.4338398336480232
RANBP9,0.36694695557776713
FANCL,-0.6638235081504391
LSM14A,-0.31781137910376406
RANBP2,-2.8133428560291933
PLPP1,0.19077693992398478
ACVR2A,-0.5486273159973392
UGDH,1.6698530204642557
SSX2IP,-0.39003030339241074
ACADSB,3.530748060348991
REEP3,-0.47667429638784153
RSRC2,-0.6661505104809498
STX4,0.19610622347251963
RNF145,-0.37961243633556
ATP5PB,0.3567198396796345
USP2,0.30527325378170833
KIAA0232,-0.2597649803413277
WTAP,-0.17016565611303527
ERCC6,-1.3898644594462044
MYO6,0.5650411839038644
RPRD1A,-0.25610722143078096
MCL1,-1.5534000990463825
NR1D2,-1.467707037437441
YWHAZ,-0.4404338883405054
SERTAD2,-1.5128610059184622
SUN1,1.8337795129325247
RB1,-1.6782328824288726
PHKB,11.92913382075321
MED13,-1.5296516842890253
GDE1,0.6521561328389495
MED17,-1.2496971973973585
FEM1C,-2.1269480501365017
AMD1,-0.27951039656778803
CDC42EP3,-1.0653135543056074
VCL,-0.4936877657602384
AP2A1,0.33522831650091023
FYN,-2.1019270661108247
AGTPBP1,0.7404988682272236
PHYH,2.4350079198114285
ABI1,-0.14112095853768405
AZIN1,-1.1132777570164127
GGA3,0.47827118471712204
ATP6V1C1,0.04730496616775166
WWP2,0.4335778569804708
SLC30A9,14.422554031943411
ATP2C1,1.145875442321112
KIF2A,-1.996390973186245
MYCBP2,-0.6667851543971832
CALM1,2.608493758012315
GADD45A,-0.8136763940000223
CCDC91,0.11777303885326075
MAP3K5,-1.1612072067133536
CYP51A1,2.187290805704089
AZI2,-0.5230995394665399
AUP1,1.19003909355334
TNIP1,-1.3700997341556425
PNPLA8,-0.711537775153467
FNDC3A,-0.747880305269853
USP33,-0.5922374877645084
MAN1A1,-0.9665986812978113
SMPDL3A,1.7135198937291019
CNN3,-1.3973204603094618
AKT1,1.0791328516263876
PTPN12,-1.2332625809559863
KPNA4,1.4995658353751
BMPR2,3.8223925701508406
PNRC1,-1.4920373536695717
YME1L1,0.624315807431161
HIF1A,1.4184332831021988
YOD1,-0.38345764118540954
FOXJ3,-0.9866237006942823
MATR3,-0.40610723171889523
ARHGAP5,-0.7833282428519183
SEPT7,-0.7145719983906321
ACADM,4.06268634528598
SUCO,-1.4758513549315857
FNBP1L,-1.3359388761975528
AP2S1,1.7788528893617894
EGR3,-1.875976328652776
JUN,0.34234833123186703
SECISBP2L,-1.2997675155875905
PLEKHB2,-0.801149409961837
USP15,-0.4106027083746142
RNF139,-1.3840591414995624
PDCD6IP,0.19030733631692945
EPN1,0.1942128194065681
EPN3,-0.20884868975906576
EPN2,0.7878982291340167
TIPARP,-1.3204412479018928
THOC7,-0.5367055856272045
CAAP1,0.2596013025413932
ERBIN,-2.4756079339284627
TPRG1L,0.056743642572420865
CTBS,0.752515701357837
PPP2R5E,0.23923369282813278
PPP2R5C,-1.4829508969996397
EIF1AX,-0.13645864844419683
GNG12,-2.560976481526132
CHMP3,-0.6623198833137974
CHMP5,-1.1466557452169481
SNX16,-0.067489551128505
SERP1,0.5182310376954379
PGBD3,-0.5691785695497475
STAT1,-0.5036845715183306
HPLH1,0.004630586335737287
PSMA5,-0.3486740932142539
FTH1,2.8359232187530163
MORF4L2,-1.578903306962682
BNIP3L,1.19359249199896
RABGEF1,-0.8029139721196208
USP5,1.026012722866325
RAB1A,-0.5666188154882257
TOMM70,1.2086364537639283
EPRS,3.1663601832415895
EZH2,-3.7411547756389383
TBL1XR1,-2.737188250028176
TDG,-0.7729187117819518
C1orf162,-0.9644636166699397
PHIP,-2.6073557097579654
STX12,-0.755605340618863
CSNK2B,0.5698870625962988
CREG1,1.7171349311073243
JARID2,-1.8680712973664273
BMPR1A,3.9756045419319177
PSMD13,0.7664810503727246
RB1CC1,-1.2186350976951958
ANKRD12,-2.654422176527911
EIF1B,1.1057828895598285
NAP1L1,-2.169626206857691
CALCOCO2,0.41400734694920494
BNIP3,1.6811233203023064
ATG5,-0.5457225183396789
ZNF350,-2.0406225081725724
ANXA1,-1.5182709964397558
DCP2,-0.08162270947421615
PIGK,1.5701294696860204
TP53BP2,-0.9987494025857249
GABARAPL1,0.5164586902473854
DUSP11,-1.858879101959029
TAX1BP1,0.01803477334151233
TSPAN3,1.2154259287368068
HBP1,-0.9712732765715641
TOM1L2,0.9026726500032212
LAMTOR3,0.12370739341687668
TM2D3,-0.8838300246495677
ZRANB1,-1.4667480219631486
CRY1,-1.033177802473167
ZFAND6,-1.0763430763774473
CREBL2,-0.5664926354390075
LEPROT,-0.7600328035004411
CDK2AP1,0.446171633129996
MBIP,-0.2504964318190779
STK17B,-0.26549012455079224
RSBN1,-2.069409426165553
MFAP3L,-0.3596044310732525
KRAS,-0.12192519712708652
SEPT10,-1.3820739122363617
ISCU,2.185892414715329
SOCS5,-1.6850688040912316
DDX3X,-2.5547483549475105
ENPP4,-0.896495776846863
CSNK1G3,-1.0090177011549264
VAPA,1.7464185466949151
TSPAN5,1.2759817648436569
ABHD3,0.35745171280049237
CSNK2A2,0.5964332731353403
TWF1,-0.3375795047079772
PCGF5,-1.221410832039068
EIF4G3,0.5092235870021451
PPP2CB,-0.49808698416949315
C6orf62,-1.406591494332964
MARCH11,-1.3065564554859401
MARCH10,-1.4854744514352107
ACSL1,2.975724117074544
DNM3,-0.8986087665364657
ARID4A,-3.1857032574437794
CD2AP,0.5534029166708271
NCKAP1,0.32784114485878985
PIM3,-0.7144270782343107
CHD1,-3.0481910357326836
POLI,-0.9678883152041647
SRP19,0.0472416690334067
PTS,0.09134095979216204
TXNL1,0.7386453268174384
RAB7A,0.6561156142243679
PIKFYVE,-1.6440356160709697
ARPC3,-2.0984637830533455
DCUN1D4,-0.4620324907123507
EIF4E,-1.4936979789027773
PEX3,1.2484899691700628
LEPROTL1,-1.342788994526069
TAF1,-1.1551616725615512
SLC25A48,0.084705128890694
GCH1,1.1792184893504123
ITM2B,-0.32493330758241823
RNF125,-1.1746920191006678
ACTR3,-2.2409241138687612
BTBD3,-1.4350517456180445
AASDHPPT,1.0590074483230965
ARMC8,0.9561087821525025
GNAI1,-1.0148986725700169
TNPO2,0.5670923709108502
TMED5,-0.4742704394788197
TBK1,-2.593048327128749
SYVN1,1.0722291813062086
NFKB1,-0.8034114150923983
MAPK8,-0.6597146207350791
SNRNP70,-0.09771111897628303
RAP2C,-0.8702120582923107
ASH1L,-1.148507295471931
GGA1,0.982070583353807
GGA2,0.30146047744586746
TCEAL4,0.08279328056640654
TRPS1,-1.536252625354682
ADH5,2.4861415412879597
PAIP1,-0.7770611698836877
STAMBPL1,0.6890770840295887
KCTD3,-0.6461848641436307
CD55,-0.1170912933522268
RIPK1,0.08210575078200315
ELF2,-0.36174734771992206
HIST1H2AC,-0.1513531542207205
YWHAQ,-0.6560839547434778
UBQLN4,0.013181900522832767
CCDC127,0.571718547484913
TANK,-1.4261369722007362
PGRMC2,2.8702478050774194
TRAF6,-0.9479342746749333
PDIA3,2.576268321593345
GTF2H4,1.7064117403780155
TNF,1.472201485888348
TVP23B,-0.8200483770671259
NDEL1,-0.5937765269560858
USPL1,-1.7064116901680169
MXI1,0.26593726858137484
RNF168,-0.8560759964166742
TXNDC11,0.2439420163410614
PTPRC,-2.102069883843224
G3BP2,-0.6856072600667646
RYK,0.48520857764339015
SUMO4,0.47636355530757096
TYK2,0.1639220315583986
NCBP2,-1.3233109573277397
NPC2,0.09195971756826474
ZSWIM6,-1.1374888507779954
WDR7,0.8490179682548503
SLC38A6,0.7695375543760807
C2CD5,-0.8894538207942579
FXR1,0.47268310367430977
PIK3C3,-1.119771195273108
FAM172A,-0.5405264642382257
TRAPPC8,-1.6671958709550603
GTF2F2,-0.16728699562980967
LITAF,1.054428749466714
SPPL2A,0.8304554960353971
HSD17B12,1.1390502798993398
HSD17B11,2.20132018346091
PNISR,-2.6339104318847055
HSP90B1,0.844022021558454
TPK1,-0.6071614828735897
GPR137B,-0.6775160685847949
BAZ2B,-2.09418292780175
IFIT1,-1.4545224644473551
UFSP2,-0.834625608727907
BRIP1,-1.2151930706541998
XPOT,-1.2515556391745548
GRN,0.4696052293398091
PLXNC1,-1.6193866362370275
MTCH1,1.327527281431344
PPP2R5A,1.52059004076052
SLC38A1,0.21772008080996916
IGF2R,0.3922475214591681
LHFPL2,-0.009679877263558396
NCOA1,-2.049267974647236
TNFSF10,-1.7019862283324203
SMC3,-0.915430756369323
NR2F1,-1.3331055651803196
SMC4,-1.6136353168683313
NR2F2,-0.8707516420957487
AP3D1,1.8575231638800582
SETX,-1.0919303841551828
PRADC1,3.067879310485156
ZNF83,-0.2743091580976315
RAB11FIP2,-1.976403009474969
ZNF638,-0.6527055965785482
MAPRE1,-1.545659784971853
FGL2,-1.1492691747245898
AP1S2,1.1465843346651987
FMR1,-1.3889547423805462
SGMS1,-0.9087972919595896
GYG1,11.401976693529836
DPYD,2.9502093719664404
PSMC2,-1.5506368516631008
FOLH1,1.865438581661634
DMXL2,-1.5352305921148572
EXOC1,-0.7473031186049359
MTUS1,1.635427680480378
RAB29,-0.9965458993096603
ANKFY1,-0.5772208047698247
HEXB,1.655004518901611
OSBPL8,-0.7105127040182146
ACBD3,-0.33579818029198427
ATP6V0E1,-0.7468398094326677
VRK2,0.025602845257394695
CMTM6,-1.0380006547964868
TRIM13,-0.20988795748193204
FRYL,-1.2426881930037181
PKP4,-0.16520154853279026
NAALAD2,3.180791610528448
RBM47,1.6888630776383728
GINM1,-0.4710012825292545
NABP1,0.9799985890960441
SCGB1D1,1.9934056662437227
RAB5A,-0.9468209619517148
RGS2,-0.7214276986004922
REV3L,-1.7173879318609182
EDEM3,0.663734434153407
SERPINI1,-0.001307572617924645
CEP350,-2.0750275120445694
GATAD1,-0.018793320447974212
CYB5R4,2.3491866005151967
SNX6,-0.893761319083867
IL10RB,-0.7012003160872216
SNX4,0.26131768432531294
MTDH,-1.2034492418433507
GCA,-0.017820255980085346
NLRP2B,0.37435030869011177
MANSC1,0.9376324587615807
HACD2,2.8189083718211587
HDGFL3,-1.2289115792488108
DOP1A,-0.023696549807009214
MEF2A,-0.8570732789915947
KDM3A,-1.9527566230604334
SSB,-1.4853125518805967
APIP,-0.41677742273099283
TMEM135,1.7549566129937404
CNBP,-0.23987398506048951
CBX7,-0.338026455475434
TMEM165,0.033601293172612734
COL4A3BP,-1.2290080839802677
ALCAM,0.8424135067976793
LYST,-0.922829084539625
PPP1R12A,-2.0138931009575836
MTMR10,-0.798506701159886
TET2,-1.260054293969427
LAMP2,0.8706479895227103
LAMP1,1.6271866041768914
BBX,-1.6672166722030908
LRRFIP1,0.8226522286312792
STX3,1.5020820589891575
ARHGEF10,-0.8204220620930868
VMP1,-1.0742882489789687
PTK2,0.2039335207323697
PHF11,-1.7999088603683182
USP1,-2.953472387152397
SF3B2,-0.4642446836839485
PLPP3,0.24540447826483597
AP3S2,2.6031779390071366
CEBPB,1.1145459143437575
ASAH1,-0.5103722345783123
DNAJC13,0.5879169324808597
VIPR1,-0.9289951496162694
SNAPIN,1.755080263113682
ST3GAL6,-0.5473215434526737
ACD,1.1623983336149697
NBR1,-0.3701717711799985
EAPP,0.15957677170742052
SEC11A,1.1130395189509856
PRCP,0.04457130447234432
CHST15,0.45966772797783584
SSR1,0.2873908722099022
VTI1B,1.468501642105223
PTCH2,-0.764917232691289
PTCH1,-1.566518373380407
ADD3,-1.452398182292516
SLC9A9,1.3941888128350164
TXNDC9,-0.44988546783817873
N4BP2L2,-1.6504977261511973
GGPS1,-0.9070600597608744
NAALADL1,2.5121376331257554
CALM2,2.7723439548883824
SPOPL,-0.5737498109087403
CLN5,-0.6845755228170542
RNF133,0.43935362833569414
DCX,-1.1809753730488801
MBNL1,0.34817209001700294
MFSD14B,3.5164262253759557
LUC7L3,-1.9402073360444243
TMEM260,-0.5935345762767155
CTSK,-0.481197053972088
CTSC,-0.5632729064790786
CLCN7,10.643055660646658
RESF1,-2.1779078243765384
DICER1,-1.6288950010344507
USP32,-1.2478964054135313
CTSS,-1.1431283978963411
OGFRL1,-1.010187861246072
LIMA1,0.3011057434603578
COPB2,1.216005327365714
MED28,-1.0347810263098942
SKAP2,-0.03754364681118408
DOCK4,0.7614892246556378
DOCK5,-0.5212144111557568
SLC31A2,2.2814653082647163
IFNGR1,0.3853496179602103
TRAM1,-0.02917870469686335
GSAP,-0.5509330377608495
TFRC,5.92964011404697
DNAJB14,-0.013296316316891153
B4GALT4,-0.4518312165163527
TFR2,9.351030209563476
PARP4,-0.35269275088839985
LMNB1,-0.5533486408357733
MED13L,-2.445882283682397
ZNF148,-2.578644795745575
PHF3,-1.78600016086437
NAMPT,1.4635202259985165
NSMAF,0.8342656579916292
CD9,1.5197364536114255
SNX10,0.7338170985748989
RAB22A,-1.4442878755030673
ERN1,-0.26634544872694277
KIDINS220,-1.5202581265694886
LGALS9,-0.9951298363831111
LGALS8,1.244877699799317
FAIM,0.36774415631053725
TMEM87A,-0.9515423092459259
SGK3,0.46090195341431067
CDS2,0.857027652473646
IL15,-2.1813487684473096
PDE4B,-0.21108665242602995
MFN1,-1.5139426328579104
GNS,2.1156931280149327
MAP4K5,0.2638896314462068
EIF5,1.038222078288452
MOSPD2,-0.5203441592207182
OXR1,0.07179093424480916
KRCC1,-0.452298750862221
RBMS1,-1.477623305619264
LTA4H,1.260705680627155
EBAG9,0.019030047143121898
PLEKHF2,-1.6397219304705946
UVRAG,1.325153644238572
SMARCA5,-1.8259546782164564
DPP8,0.25886851778236214
ATG3,-1.126510278265308
GBE1,3.5454519215122096
FNDC3B,-1.645763310597997
TUT7,-2.014155644025488
SLC44A1,0.6422801741870561
ANXA5,0.6134966251508688
CEP63,-1.8518761535389712
CLEC11A,-0.9918888858349278
PIGP,1.3666037731732559
PCNP,-0.19286565707974043
TMBIM4,0.2776250543538095
TMBIM1,1.3695954179149736
CASP4,0.5794822942539894
CASP1,-0.3730326332985024
CPNE3,1.5818173386916645
PIBF1,-1.5272713226582784
WASHC4,-1.760796891170072
CHMP2B,-1.2795860546604219
LY96,-1.0324563119465195
RO60,-1.135675871816427
SPINT2,-0.6147759311720389
PPT1,1.1914607695490724
RBPJ,-1.130821320234505
PDE8A,0.6737620781941536
ERMP1,1.0094980591045397
GOLGA4,-0.9010927061394037
UBR5,-1.9368533463034685
SAP18,-1.5921365691265423
LYN,-0.23495382056061237
FNTA,-0.3069372765897018
SPAG9,-1.734425326531308
OSTF1,-0.6544293667626195
TLR1,-0.40007549788568203
TLR4,1.12500964340447
RNF5,0.7047879546636432
MACF1,-2.5808652113026462
HLA-E,-0.6330453111679936
GLUL,3.285257603449112
SLC25A36,-0.49350738475274875
KLHDC2,0.4843090891134554
PDHX,1.4356247162550855
LRRK2,-0.24741733211257355
SCAF11,-1.6068092694606886
ZBTB38,-1.3180918704668059
SPATA13,2.445223562948473
TTC3,-0.0428099900909403
NCOA3,-1.8068650180200103
STAG2,-1.5029798808878811
RHOQ,-1.2731555704786421
PMEPA1,-2.5861597060851746
ABRAXAS2,-0.7266884749468802
RECQL,-0.9807241279181161
DENND5A,-1.4657528113690845
ADIPOR2,1.5570835516271042
PXMP2,1.5141948266136005
PEX2,1.384171017526877
PLSCR1,0.07733441672439094
TMEM50B,-0.5329254210357158
TMEM50A,-0.5933957356418426
TSPAN31,0.6555588758470354
IPO7,-1.937725943869477
ACTR2,-0.7419190263430451
CIR1,-1.798394019802473
BTN3A3,-1.5586459342595473
SMCHD1,-1.7291764380391408
LAP3,-0.42872745464332757
POT1,-0.2907496099830668
CCNG1,-0.12904719190207206
CD302,1.3839007469320772
NES,-1.1624455640020206
FNIP1,-0.7240237185965848
NAGK,-0.5367992365920206
SCPEP1,0.6108947498582165
ARTN,-1.940709818200538
SLC35A5,0.7870684799316637
LRRC8D,-1.272223873601827
SEL1L,-0.36152973485628587
FERMT2,-1.1286648203244063
SOS2,-1.7370378984277028
KAT6A,-2.0448959060600562
GLB1,4.356691390222156
STAT5A,-1.858219908821741
SQOR,1.8562437942748173
ETFRF1,0.45111656299653874
TBC1D15,-1.0701421976149157
SLC33A1,1.3400058451349022
ADAM10,-1.3937414418807206
CD63,0.5676013627646787
P2RX4,1.7817708945527686
PAPSS1,0.5064155020221003
VPS13B,-1.8543667652245825
TMEM106B,-0.22570124206005768
RAD21,-2.06362367973973
ACAP2,-1.919323095653648
EVI2A,-1.7307356701842316
INPP1,1.3602868992407886
RNF167,1.8804348177266907
TXNDC15,-0.5410037235879069
ATF6,0.760138622385443
REM1,-1.5997365900687743
NYX,-1.1911230784860356
JPH2,0.41918190389335375
MXRA8,-0.717587453248835
DUSP28,0.03476189809925538
SAMD14,-1.621609387323351
GLP1R,0.5576642107961373
GPRIN1,-0.18069186027100598
NPR1,-1.4006580636269192
ARHGEF15,-0.43904459131049944
OPN1SW,-1.0716034492922104
SP1,-0.9937782027549429
CRTAC1,0.03679033284686336
MUC6,0.4678521333730303
CYP3A4,2.9678274105994817
RAB40C,-0.16580305838276546
RAB40B,-1.2348815436152079
RAB40A,-1.1525746356471946
F7,1.328589166160588
RHBDD3,1.2582577830079882
ERCC2,-1.7267093463085217
ZSCAN12,-0.8571033952008357
RASGRP2,-2.112550461494995
GPR12,-0.9975333580866043
ELAVL3,-0.611484692114398
LRIT1,-2.087266978645362
RAB6B,-1.2447461375653361
RAB6C,-1.135408695401497
APOA1,2.7963972735058595
SOX10,-0.05938526486052309
CETN1,-1.6145612640755256
GRAP2,-0.8791077723924793
JAK3,-0.8071505904394392
RASEF,-1.1387435472131204
GRM4,-1.511187314357661
TBC1D29P,0.4972216699212677
KCNIP3,-0.629585466641362
GRM2,-1.3981388160066395
PDLIM4,-1.5552871352525397
CACNA1H,-1.0313208383982966
PDLIM7,-1.5240264652223203
PDLIM1,-1.3633879582235384
HOXB5,-0.27240156579908603
PPARG,1.8581336480856558
IRGC,-1.4932685750935075
CNTFR,-0.4446625693624487
DSE,0.42618315926838446
SPAM1,-0.019519164351514986
TACR1,0.2962428908838114
CABP5,-1.2493310204675758
SPDEF,0.6864979677617281
CABP2,-1.1403089821506076
INS,1.8003269506765731
SLC22A7,1.9255780092211352
PDE6G,-1.6396386358838673
PRDM8,0.5039691989726959
PRDM9,-1.540841304909497
MYH11,0.24210214459604282
CACNA1C,0.3373461154631
RHOC,-0.28092164588662116
RHOB,-1.0286700083803195
CACNA1G,-0.5129848422638362
COL2A1,-0.6070273663266508
HIC1,-0.6661328895075835
ASPN,-1.3914266033158118
MUC5AC,-0.9019739610997525
BUD23,-0.5007520974225641
ADGRB1,-1.4631423690814542
ART1,-0.3606984485402769
ARVCF,0.17097374580996932
SULT1A4,-0.4984771127367451
CALB1,-1.3627171434029905
OPRM1,1.7090171605647564
LTK,0.35730063828151437
HCRT,1.1902275692575095
EDA,1.9432740627022291
ALK,-0.6785155892274652
GSTM5,-1.3606558390389256
NTN3,-1.082795779404226
TAS2R3,-1.9923525442248122
ADARB1,-1.0716254778708427
SSTR5,-2.010006025349311
GLS2,1.3359103976664854
CDC42,-0.9680252077934278
TOM1,0.9401971495061525
ZNF205,-1.1006555158489115
NGFR,-1.859576263756486
C3CER1,-0.3261567936828288
ERAL1,-0.054552359435691915
GJB4,-0.9052276195227835
ACTL7B,-1.0853958569881774
ACTL7A,-1.2126223070503785
KLF2,-0.6052240202584722
PGPEP1,1.3352287253447994
GFAP,-1.8650191126386815
KLF8,-1.2439305201665263
NANOS3,1.903954908275448
NCR2,0.014463053715084394
SP5,-0.7317336101887008
CRYBB1,-0.009878749388477149
TRIP10,-0.8401443429106997
RAB20,0.008399626048386552
RAB24,-1.0631441796870982
ATP4B,-0.5874458958129088
RAB28,-1.0914904271215045
CA7,-1.0616318652926735
MAP3K10,-0.3070200170779894
RND1,-1.5444070573723185
FUT5,1.010192254774724
RND3,-1.1647159601233195
CHRNE,-0.9022905942259438
TGM1,0.1471977712930981
LIF,-0.6608025044135181
TGM4,0.15440061007001094
RAB44,-1.0462510678536425
TRIM17,-0.7006780991816203
SFTPC,-1.2779381437446253
SPTB,1.2736049853113878
RAN,-0.21643007587700946
DHRS2,3.241472256324983
ADRA2C,1.0206633220918848
SLC12A3,0.46869989267863377
STRA6,-0.68819277688447
LDB3,-0.5595545508541259
KLK2,0.19338800658831443
NRG1,0.9364629812114519
SNAI1,-1.3708765910779694
LRRC4C,-0.7581391175100272
LRRC4B,-0.9468041183666057
GH1,-0.46745664535884063
AVPR2,-0.2400698937353527
RFX1,-0.25625269084367513
CSF2,0.6768554413590776
RHOD,-0.9104698768526027
ARHGEF7,-1.3013975414303354
FOXP3,-0.46909289616758176
NGF,-0.7370705906427883
COLQ,1.0178530676595172
CNTN2,0.31191431999834063
LTBP4,-1.3668199554748686
LAMB4,-1.138452290989529
MARCO,1.000364984997718
CFAP410,-1.0169475126344387
CYP2D6,2.165059751163173
RHAG,1.8050201842773819
INF2,0.027199620078801334
LRRTM4,-1.0644691695587951
LRRTM1,-0.5953265244261957
PRKG2,-1.395795522383601
CLDN5,-0.9619819977753515
PLXDC1,-1.265735645443269
MAP4K2,4.1208814694262035
CCDC9,-0.6348208483096629
AFP,2.610452288306493
TUBB2B,0.9094737515761697
MGP,0.03799032647751999
ATP6V0A2,0.2537774332420324
ZNF114,-1.1425358269573234
PROC,1.8161897333739379
GUCA1B,0.8335647430330396
ACTA2,0.40072543626442814
PDGFRA,-1.0432926424616298
ZNF335,0.2829513743423431
APOBEC1,0.48873666718863634
CHAD,-0.07536009179014216
ZNF234,-1.8771953814586066
HAAO,0.7207380552542998
NHLH1,-0.8321912174680094
FLT4,-1.1495318946215143
CACNB4,-1.2105955633203365
KIF19,-1.1136910652150844
ATP2A1,0.6683899850880693
MYH2,-0.39268611946274884
S1PR2,-0.8378586894465264
TPM2,-0.9823147701293039
TBX10,0.10652391549463501
MB,1.3117648412001361
PRELP,-0.9248565502406444
RAB15,-1.1713888020163246
HNF1A-AS1,0.38398724469025497
HAO2,2.012265684606179
FGD1,-1.062333951115774
NTSR2,-1.3750654836724836
AGAP1,-1.253826693034652
AGAP2,-1.1872741756601215
AGAP3,1.0562754667001915
LINC01565,0.4871611828498748
COL17A1,-0.8963673173793782
SLC22A18,3.3089856046645907
OMD,-1.6189955159218397
HOXA6,-1.5033623874724396
OMP,-0.39424389729406045
HOXA3,0.010062424690299707
TUB,0.6062454852800039
TGFB3,0.23224796359664343
LIMS2,-1.5777865600411956
SLC5A5,-0.006259650786180877
ECE1,-0.7264494464710533
RABL6,-0.5581293062614401
OPRL1,-1.1224254210380962
SCARA3,-0.6435768009987266
RND2,-1.2692496354107194
C11orf16,-0.8790040145299608
YWHAH,-0.2449568245118876
OGN,-1.4701449612052475
YWHAB,-0.491955820981369
YWHAE,0.624069411430522
RAC2,-2.3192944912156475
RNASE1,-0.16798534171898483
CROCC,-0.571321604878363
PRKCG,-1.5033715180699014
TANC2,0.45841975060611345
CES1,1.3714556687438118
ARR3,0.15395588838441496
CDK20,-0.2608760283057016
GCGR,1.0731526417128983
CYTH4,-1.7126440122236266
SLC16A8,1.7183706356768929
ZNF157,-0.6072504962444091
NRL,0.04126695645317051
TLX2,-1.097851520366725
MMP2,-0.44056273471441754
FGFRL1,-0.9162318784245695
SLC6A7,-0.7996984585551435
CKM,-0.41205022700353117
SYMPK,-0.4560628004541471
CD34,-0.43330346160640004
BGN,-0.548050283923607
GPER1,0.4330555896177663
MYL7,-0.9049743067384025
MYL4,0.33213052196827736
MYL2,0.007682426415320455
AXL,-1.5340027138476084
KIF2B,-2.087824115835754
DCN,0.17079421805757622
COL11A2,-1.6889569203128918
CACNA1B,-0.7884116530328658
CNTD2,-0.8915375560410856
ACSM5,2.0989219659038607
THRA,0.011706482060306306
GP9,-0.29676080251437126
FMOD,-1.070989639180367
TRPV4,-0.7408199447052413
EVX1,0.8356986990908123
LRRC3,-0.5325416057011959
PGAP3,0.4885211305822325
FGFR4,-0.3700471440927995
MORN1,-0.9840091914995995
ADCY1,-0.0494799878366305
PLD2,0.8234681132786891
ZNF516,-1.2442392039741286
RUNX2,-0.16961756428731395
IHH,-1.5714172628689154
RAB42P1,-0.8295846287765835
KCNIP1,-1.682525492213772
PPIAP10,2.603587370931323
RRP8,-0.40029506580678903
GNAO1,-0.8693720573407524
CRX,-1.421070346226716
DOCK6,0.8289282893642588
NTSR1,-0.5132772445915406
SLC5A8,3.047397484660357
SEPT4,-1.2712569722194638
ICOSLG,0.6653501551497026
SLC9A3,-0.4667464753600587
PPM1L,0.37394752757272287
MALL,-0.62774860231189
NPPA,-1.5723702617386983
EPHB3,-1.9811996711889968
PLCB2,-2.233987606970177
EPHB4,0.41540540917611907
LARGE1,1.2776765365875693
VGF,1.6763577079381535
DDO,3.571118697301938
PAX3,-0.8357506070529996
BTNL3,-0.14374076779473216
KCNQ1,-0.08194968299943525
DVL1,-1.2324624482000914
CDC14B,-1.2357160096848503
AGFG2,-0.8125575666239919
AVIL,-0.8955776048362322
HMX1,0.225310948716859
OXA1L,1.9200655787263
ILK,-0.3020990567696994
MYO1A,-0.3656002982443031
ADIRF,-0.6374335701062309
ZNF536,-1.6316975613959257
CHRNB2,-0.3000155900886661
CASR,-1.10098573628873
COMP,0.10382181079692494
FOXD3,0.376526753023208
SLC26A10,-0.8123609958352727
GHRH,0.41292060170497175
WNT2,0.1091682617572817
SLC30A3,3.5693108437180303
IL13,-0.6101214508135908
LRRN2,-0.29462073814255485
ADRB3,-0.48620872575129326
CACFD1,-0.2705279396216879
ZNF407,0.6510526667369255
MYO16,-1.5787499142528105
PDE4C,-0.6874803148005532
ASAP3,-0.7499053736504407
LGI2,-1.0566725553521163
BIRC7,1.725496189606106
MMP14,-0.6851032387740066
LOXL2,0.11284236184580988
MAP2K2,1.7528510065977605
NOCT,1.0426571576634256
MAP2K5,0.6141200012298289
TEAD2,-0.9477755045983601
RAB3IL1,-1.1313676937917172
MT-CO3,0.2133764480676365
AMHR2,-0.4361709186800226
AMBP,1.3811544653006196
GDF5,-1.2555690717901171
ECEL1,0.49923898975751785
SMARCB1,-0.509822469435882
STAC3,0.6240828935968907
OSR2,-1.2856361414362385
RHOBTB2,-1.570069163969439
RHOBTB1,-0.2654038755485193
INO80D,-0.4388518296785219
LOC105369243,-0.013643957004948136
ALPP,1.242590273998985
MOG,-1.0764185026266566
DRD2,0.28880354534054503
ABCC8,0.7845046797411254
COL6A1,0.20066872227006136
HTR1E,-2.093954918936061
ALPI,2.6592772926947257
BCL3,-1.3280074999124871
ALPL,2.5293225942833515
KCNE1,0.01652092288687652
LUM,-1.7811865751512292
CDX2,-1.009012014169234
MC2R,-0.051169600617572086
EPX,3.035538652768528
BOK,-0.8432027252774403
CACNA1A,-2.309056708478189
KITLG,0.061675795355630086
RREB1,-1.707044564546888
MMP11,-0.37535321787994985
RXFP3,-1.4775485744944945
MICAL1,0.2940248998199731
PDE7B,-0.7362244723158566
EDN3,-1.6049862442651641
EDN2,-0.10307759238806866
ZNF444,0.005018821424778934
ZNF362,0.211846226443412
CCIN,-1.700105158115415
CAB39L,-0.2911767330888478
TREH,3.9916863857674616
ISLR,-0.6068676421205891
GSK3A,0.28246520168432726
HUNK,-1.4994140931975046
ULBP1,0.20124642052409505
MYO15A,-1.3227513756812235
CSF1,1.2482407044569614
ABCD1,2.5869386824689427
TNXB,0.23971517131803843
PIK3R5,-1.7099766545832937
PIK3R2,-1.9469533705348807
NR5A1,-0.979332351091056
SLC14A2,1.2859287916658422
RHOV,-1.5309939664785652
RHOU,0.13871320399633638
RHOJ,-1.7797866588024587
CMA1,0.42830534545130117
RHOH,-2.4950033484050578
FGF7,0.8973512281899864
PTCRA,0.1658241908441838
RHOA,-1.5862619819281067
RHOG,-0.6593035767351776
RHOF,-1.699458830577259
VCP,1.3898195924918286
PLSCR4,-0.8949458089063277
SGCA,-1.0487701539262293
LRRC19,-0.940206208279934
LRRC17,0.04283710514714837
HOXD13,0.1627664405293893
PDZD3,0.5414098071121732
MATK,-0.7588872947467743
CLDN11,1.046363977411399
EFCC1,-1.1757431584024765
IKZF4,0.07615602177200494
ABL2,-0.867740532196704
KIAA1614,-0.12593037591576262
PCDHA4,-2.0118254226463606
TNN,1.5938264342142117
GRAP,-1.460370722474616
CACNB2,-1.268253731412082
CACNB1,-0.3211585606344581
OBP2A,0.08600698788032103
TEF,-1.4713374459210251
GP1BB,0.6058770649217136
FGF18,-1.426369238249514
PDGFRB,-1.2487667725552212
PDCD1,0.3402952515827373
TBXA2R,-0.2597087775179677
RAB40AL,-1.306912242994539
SMIM6,-0.05304620821111267
SYDE1,-0.18477038932716605
FEV,1.8322988081806564
ACHE,0.7508842575338297
PRB3,0.7750307741401153
TNFRSF13B,-0.2712245995254305
CCL19,-1.2611586207806575
ZNF528,-1.3396271800263198
IGFALS,2.2967205415256973
IFNA4,-1.5603799302198487
PRKACG,0.46638757385046165
PTH1R,-0.8239399829801675
LGR5,-1.209575913928189
JUNB,-0.6884865632410285
GNAT1,-0.9655952342470162
GNAT3,-1.4182539026019636
P2RX2,-0.6148624305436343
P2RX6,-0.41692341665242216
AOC1,2.192484252354569
GLI1,-0.9806641170696727
SMCP,-1.6181651295402804
HSD11B2,1.5382201060209044
PDGFB,-1.319438686947821
ERVW-1,2.327420077569455
TNR,0.35602037736641123
PDIA2,0.6659961809698961
EFNA2,0.21607638817881966
GGT2,2.7771296280337467
SULT1A3,2.4247121232992397
LRRC55,1.9674773687706109
RTEL1,1.0767879315991506
SHANK1,0.6366875353281393
PTPRU,-0.9820489266154434
POU2F2,-1.946360273278794
COL14A1,-1.279682074454867
GNA15,-0.2095294220780072
GLYAT,0.7120989034645664
ACTL6B,0.3583702031476268
ZBTB47,-0.6953315036461108
CARTPT,-0.48485883694135556
SIGLEC7,0.6258710367085434
MYO7A,-0.8344196793848154
WNT11,-1.2819428185402695
REM2,-1.0653264597823506
STX1B,0.5186983560545054
MYO1H,-0.9201201313043245
NF1,-2.3854809767525924
IQSEC1,-0.2770132066711522
IKZF3,-1.5506522656645663
ZNF143,-1.7932822864028264
NANOG,-1.9355925289089244
ZNF354C,-1.7889831435622472
ANK1,1.0959433403070722
ZNF221,-1.9650514856655685
ANKRD30A,-0.7810505600052596
CYSRT1,0.1370423939425047
PRDM14,-0.8699026020540566
RAB12,-0.5685658904006732
KRTAP1-1,-0.7847582562853739
ERP27,-0.08803518217225591
ZNF300,-0.5589642174315728
SGSM2,-0.3632187974448413
EFCAB13,-1.0375555878914595
CAMK4,-0.30566523164699766
LRWD1,0.529877263149993
ZNF605,-1.768968503361774
ZBTB18,-1.2351961368702162
MAZ,0.5017924818643466
ZNF844,-0.5967123702137295
CALML6,3.362688956720457
TINF2,-1.096854597326602
ZNF776,-1.0915488550512373
LRRC10B,1.7706343298872629
SYNGR2,1.6610564368311296
SEC14L2,1.3550944302601315
CMTM3,4.012567263960039
RAB4B,-0.1046372575682259
TIMP1,-0.44687211909490276
MAN2B1,0.8366152536800899
ZFYVE27,-0.16954208295163398
CENPX,0.5727619610984312
PPP2R1A,0.16706468538311256
LAPTM5,-0.34105853300111943
ARAF,0.8514501268864493
POLD4,-0.7967768321029058
IFITM3,-0.4895213203023307
SYNPR,-0.42200517095266477
CMTM8,0.5573629009477242
PLIN3,0.40258363279027926
CDK2AP2,1.2000531544904203
LTBR,0.7137728233196529
INPP5D,-2.1247943621933674
OGDH,3.1634104086062074
COMMD9,1.6886833087709892
SNX8,-0.47383078119235744
SCAMP4,-0.19764572275161998
PSME1,-1.3409642144782232
STAT3,-0.028701391179582054
SYNE4,-0.19125211837525039
VOPP1,-0.6363925794159099
EIF3G,-1.1637826274227365
TOR3A,-0.30340795713481
SLC34A2,-0.0034821921659116788
MARVELD1,0.4394289193880684
COX8A,0.7085413666255721
PSD4,-0.022255581842992107
VIPR2,-0.9437205190708026
PLLP,-0.44159154593936933
PNPLA6,1.1142442100295111
CTSH,0.4321526829271252
HLA-DPB1,0.3862024571443844
HPCAL1,-0.20549296143391618
SCAMP2,0.3502627030152176
HSPB1,0.30856798989537854
CTSA,2.4179524943657036
FPR2,0.1322044789761212
PRMT1,0.6466423424207899
CREB3L4,3.313692755484624
IFI30,-0.004918700118587636
ESRRA,-0.14364000573250418
CTSD,1.5360374027092836
APRT,2.3570397176103115
GM2A,-0.42863084943918556
GUK1,0.6284004810954616
SMARCD2,-0.5021878691304391
YIF1A,2.0589036503145635
SERPINB1,0.6113548105352872
SLC15A3,-0.48023035339941766
PARVB,0.9102382229408085
RBM42,0.616498507953953
SYPL2,0.4992858892406154
ORMDL2,2.839287476222332
LST1,-0.15154187171489472
ARPC1B,-0.16149217034965824
EIF4G1,2.02959446955049
SLC2A4,1.369711984386162
TAGLN2,1.0169848008251259
TNIP2,0.1892920155438967
C9orf16,1.7885531813550637
ADGRG5,-0.1631250627058934
TIRAP,-1.4123882215761496
UQCRC1,3.2115795550776265
OS9,-0.16719327010784377
SZRD1,-0.366411363329526
MRPL23,1.3548588913918296
ALG3,1.553564618368863
HLA-A,0.5410638407598556
NFKBIA,-1.4557098284011822
HLA-F,-1.391514334848082
G6PC3,1.6574184294338388
SLC7A1,1.1948172097703496
RRAS,0.23723451157479739
ITGB2,-1.083140018164441
RNASEH1P1,0.3395565662638749
MYADM,-0.4702005460169317
EDNRA,-1.3298286443704996
MPG,1.2841928813857117
MAPKAPK3,1.0744612471109332
CD81,0.9782431563970483
DUS1L,1.7748052662060956
HMOX1,13.196070259009627
CYB561,1.2673453286622647
TREX1,0.5475101517586378
SLC35B1,0.43419098006388473
TMEM173,-0.5670128753773515
PCDHAC2,0.9595807913161436
FATE1,0.13232671922404526
SYP,0.9642591830643217
HLA-DQB1,0.6541592464943166
ZYX,0.13907399881187832
CMTM5,-0.31261555415244774
TAPBPL,-0.3682526791238356
TGFB1,0.20856664813845907
MRPL12,2.007455624055001
TFEB,-0.06394671976896182
SGSH,0.1322150330298218
MAL2,0.6813988062638234
HID1,-0.5755156243923407
SDF4,0.600565869666447
TK1,0.26656446177072685
BLVRB,2.9024524840210097
CYHR1,0.7063289253734344
CAPG,1.856329271302788
RPS6KA1,0.25488510356714944
SBNO2,2.074594528700442
ATOX1,3.0263237749121203
TNFRSF1A,0.7718611680955892
ADGRE5,-0.6217667447602085
WARS,1.2374158184764943
TCIRG1,0.8414225498292399
PFN1,0.8221100415722017
CD14,1.3676438511126938
SCO2,1.6456442198941266
FLOT2,0.8047623366114441
ELOVL1,2.1521023491437834
SLC22A9,1.432252846509532
WDR83OS,0.43390530510764724
CD74,0.1738148399229659
TMC6,-0.23920597644045552
MYH9,-0.8985693287702754
ASNA1,2.0081082948925344
TMEM134,0.18058732059349417
PSMB10,-1.3385403522822936
LRPAP1,1.8200908927014454
LMAN2,1.80552237775554
ALDOA,4.222444183900056
STXBP2,0.6924359689130843
TMED9,0.5992934664196148
PLP2,1.6751333615317459
RNASET2,0.4690454328934497
UCP2,0.021737852661863555
SNX17,0.47009153787636804
STAT6,-0.741176062966843
ATP6V1F,1.293417838904535
ARF3,1.2510599338526283
SERF2,-0.37190318608090167
TOMM22,0.8585173892090109
TRADD,-1.124691117959363
CDC37,1.3422953232633386
NECTIN2,0.35556112069370094
CFLAR,-0.5863283048362261
POLD2,1.178347155658642
CIB1,-0.10761753157582106
SAP30BP,0.6578113866903136
ETHE1,1.3601521965005503
ICAM1,0.2148759170089109
ERCC1,0.4466547874602233
S100A4,-1.4027891692837433
NFKB2,-0.8598856751443125
BSG,1.6136531796032596
SH3GLB2,-0.6907504719441696
DUSP3,0.4643039053835104
ASL,3.3906166297907374
MVP,3.239182112067978
DPAGT1,2.8758497296953394
CLIC1,2.500749124975923
RAB1B,0.3944027877766223
COMT,2.661022792912147
GNB2,0.04163662877958019
TMEM147,1.3481246959565563
GALE,9.657200562327583
TPD52L2,-0.1514495092424497
EIF6,0.9923341344982979
CST3,0.03710872920444458
NFKBIE,-0.9014898056775222
TSPO,2.1066845935498693
ATP6V0D1,1.6958783023633903
SSR2,1.0276015111752554
ATP6V0B,1.5920190240535796
CORO1B,0.6039856823433177
TRAFD1,-1.1946859847860105
RALY,1.2258664858587798
LTBP2,0.5806417387629667
SLC22A16,0.9434756289597267
MRPL58,0.40844527591633284
PREB,1.5577039181446062
TAPBP,0.4417245897594285
BANF1,0.8132753577099425
EMP3,2.1409038240862817
PSMB8,-1.5013772400237144
HLA-DPA1,-0.02219278964420021
PSMB5,1.1703975439101406
FAM89B,0.9794859713234227
PPIB,1.8052021530217202
ZBED1,-0.023977895913023684
CLPP,2.885058107068744
AURKAIP1,-0.11504493637536999
BAX,1.0655586948596891
SLCO1B1,1.9294615998043054
GPR52,-0.7376892366944083
DDOST,2.2143329661292737
GALNT2,0.30464536206684295
OTUB1,0.4295029630953792
GNPDA1,4.9988278777228246
HLA-DRA,0.5476362505491483
INPPL1,0.0806470237354266
PLOD3,2.9243296663011127
SLC9A3R1,1.2660661554417678
TMED3,-0.49398478252554745
GSTP1,2.926098570310624
SSNA1,-1.0235160321279781
PEA15,0.5388491497719747
APEX2,-0.7200288005015062
ARHGDIB,-0.7704682740567094
SH3BGRL3,1.051361177845445
CMTM7,-0.005293987469539637
AP1B1,14.598953975615654
DPP3,0.22677106906704847
GAA,4.388288460513836
DPP7,0.19806187143340998
ZNHIT1,1.4507773063454066
HLA-DRB1,0.23367769701697694
TRAF4,-1.268914548934347
COPE,1.0589117813850224
CD44,-1.4297136082526645
PDIA4,1.624134846751285
PSME2,0.3071276933740452
CD40,-0.5228528899582736
COA3,1.04855768197904
MOGAT1,2.7510453066695573
CYBA,0.4102350762015407
IL32,-1.4220848680444633
ARHGDIA,1.0136980534853444
CYTH1,-0.9225643222992708
TMBIM6,4.173206527015515
LMNA,-0.7017220286275919
MSN,-1.3635620841034808
SQSTM1,0.5716591419172651
TAX1BP3,0.8027881169781244
ATP4A,2.6824727002306052
VAMP8,1.5598861100698864
SLC16A3,3.3677313605173973
CYC1,2.848703992202162
GPX1,2.440360753373236
OAZ1,1.0449610876628512
TYMP,0.15126369741569773
CMTM4,0.49117652105483206
UNC119,-0.8993049287494643
GORASP2,-0.6286686476671417
WBP2,-0.04023344569944689
AHCY,1.984837486946709
HLA-DMB,0.28771137103191885
FUCA1,0.5158276799622336
HLA-DMA,0.1181417414705621
METTL26,2.729778716280861
SORD,3.694570307691092
HNF4A,0.890206509661893
PHACTR1,-0.5427182912455017
RPE,0.8302940148282739
MVB12B,-0.7534747145699564
CHMP4A,-0.7250719165472547
CHMP4B,-0.9673957390483888
CHMP4C,-0.7027739070720829
PLCG1,-2.1043347884099473
CHMP2A,-0.11388574869257492
CHMP7,-0.9116770824028124
CHMP6,0.35325035201988364
VPS25,0.03214846355841314
VPS28,-0.4560300452571419
VPS37D,-0.5662455076419403
VPS37C,-0.9308817013039822
VPS37B,-0.9191913226349735
ADGRB2,-1.1607081157123684
METTL15,0.12938204778283097
SNF8,1.0681923938271707
MVB12A,-0.23531846747327348
SLC25A41,-0.43438424295593364
VPS36,0.6175952137266686
ITM2C,-0.0673673227346521
VPS4A,-0.19124093208500312
RNF17,-1.8876676273764392
TSSK1B,-0.1732332881133744
GALK2,2.3732292367847903
SSX3,-1.3007825394599408
OR5I1,-1.5447431004022574
FAM205A,-1.4820731658441184
FAM186B,-1.5896875618175235
REXO5,-1.9997240939846095
RLN1,1.0208992017559722
MYL1,0.019444008011753205
ADGRV1,-1.296628907017984
MS4A5,-1.3693175944972102
SOHLH2,-0.7538976164847223
PPP3R2,-1.3702137983322058
SOX30,-1.555487717020174
FNDC8,-1.6417700940925029
AKAP3,-1.2134332782036685
OR12D3,-1.49001796999272
GAGE1,-0.4186677589075695
CTAGE1,-1.6109246760537748
FSTL4,-0.8268412742040165
TIAM2,-1.5826647035574055
MOV10L1,-1.4509267514978097
ADGB,-1.84713908765959
THEG,-0.7362095175966359
RBMY1A1,-1.1563489844419383
P2RY4,-0.9410489762514942
PLCZ1,-1.5479420361648843
BRDT,-2.0217641456548656
C20orf173,-1.445057654471272
IFNA17,-1.2706072252388356
IFNA16,-0.7987602288002825
ELSPBP1,-0.6125974581078679
DAZL,0.07154937253031736
TDRD9,-0.9636669885679763
AQP5,0.5558230755724971
FMO4,1.083258966574698
SYNGR4,-0.7973040374045091
SPAG6,-1.861366658042547
TERB2,-1.4319765258309654
TDRD1,-1.1925912343570628
C4orf17,-1.7027396287721555
TDRD7,-1.1950662805895296
BOLL,-0.4625000375361449
TDRD5,-1.1534169639728147
TAS2R13,-1.6623085685855172
SLC26A4,0.810525899178764
CCDC155,1.599588191208514
ADAMTS20,0.4610499152410228
ABHD1,-1.0378012319729581
ADAM2,-1.8300595728177487
CYLC1,-0.6224778318950943
RFX4,-0.8902158006861763
KIF5A,-0.19335500345140702
NPY5R,-1.014940810833216
CCDC87,-1.6653591814405546
CYLC2,-2.213849770588134
C2orf16,-1.727797102997348
DDX4,-2.061593785794337
CCDC83,-1.3740557802567512
SPO11,-1.6416875334647314
PIWIL2,-1.6425715421054596
DKKL1,-1.7684152551735526
APOBEC4,-1.4846761389569576
LDHC,0.9956694361150304
SLC22A14,-1.2790272748216474
YBX2,-1.6528745295207667
C16orf71,-1.6179478272113597
CCDC63,-1.4399756921518199
SPATA12,-1.450266478427782
ACRBP,-1.184848091723354
SLC7A4,-1.107923281909371
MAEL,-1.7302470927891112
SLC25A31,-0.7733543918174557
ACSBG2,-0.9113801453261755
TDRD12,-0.9474463203601226
OR2W1,-1.4359860680879304
TDRD10,-1.460194316727366
PAGE1,-0.30658405733466826
SHCBP1L,-1.7218702873178144
OR2H1,-1.4857220576849812
YPEL1,-0.9025447450631658
TULP2,-1.3218606461616522
NME8,-0.5992321130337843
TEKT3,-1.708968672961014
TBATA,-1.4149211097929892
NMBR,-1.8372944142601857
PRSS37,-0.4609887408893776
HSF2BP,-1.203005666186255
RPGRIP1,-2.009879376463597
GRM6,-2.518433634613221
CAGE1,-1.3496674726132314
CABS1,-1.7226327781399904
NCAN,-0.4581724460312852
PRSS54,-0.2776193222447339
ODF1,-1.436016574105222
SMC1B,-1.0033438715942606
SPATA16,-1.600455830261935
DNAJC5B,0.5314448213798365
OR52A1,-0.7591393810680147
ZC2HC1C,-1.5100333963365231
TCTE1,-1.8247651427094462
DNAJC5G,0.2378514987873131
TAS2R9,-1.4272621276779403
CNGA3,-1.3797855695159487
NPHS2,0.966982371888431
GOLGA6B,-1.089484993061747
TRIM48,0.16765726593883193
TMPRSS15,1.4251519729435163
SLC26A8,-1.1010577057776259
ALLC,-1.360619243617883
SPACA4,-1.3496739112271419
SPACA1,0.3826306448677979
TNP1,-1.902526684040062
IQUB,-1.9191434518520198
STK31,-1.5436840726846932
ADAM30,-0.7737928242027837
FBXO25,-1.1840891562188263
FETUB,1.8844947464378656
PRR30,-1.463018996163986
AGTR1,-1.5498674207919891
EFCAB6,-2.0174297630449503
TFDP3,-1.4159921911071647
AGBL5,-0.4068711680609874
MAGEB4,-1.3869451536375863
PIWIL1,-0.907240985175126
TEX15,-1.584894218716818
TEX14,-1.5731893459396071
GAPDHS,1.5302277323626459
HTN1,-0.887914636540002
TEX11,-1.2219046155263584
CCT8L2,-1.3002296601205048
TEX12,-1.6147729570586111
ACR,-1.0499846886768553
RFPL3,0.5098536592639553
SMN1,0.3301561342965139
ADCY10,0.04374281404485437
CBX4,-1.7428608272365638
CD1A,0.5619366664098961
CNTD1,-1.540576829537181
BTG4,-1.7689349734471849
CCDC105,-1.5101276797627543
NR6A1,-0.7065199575013857
RRH,-0.6465032040841244
CCDC62,-1.7276795031932977
HYPM,-1.8452323204935381
SPATA22,-1.777222933689046
TTC29,-1.7631953737756678
CIB4,-0.8889455415559401
ADAM29,-0.056687217117346186
PSMA8,-0.32628437316532083
CRYGC,0.43670947303638913
FAM209B,-1.435500859630009
FAM209A,-1.1142173243542575
TSKS,-1.6229172276467927
FSCB,-1.3940948727355857
MSH4,-1.6511199818355762
KRTAP5-2,-0.06328950832788897
LYZL4,-1.4859943925087729
CABYR,-1.4232478225224998
RBL1,-0.4651860370687855
ZPBP,-1.8923459915708047
C10orf95,-0.8436704983179553
TSPY1,-1.3246703418066508
SYCP1,-1.360525024577708
TDRKH,-1.049591694344215
TAAR2,-1.4981532467138565
WDR93,-1.4151504694532737
TAS2R4,-2.107714563038285
OR7A5,-1.1577420884692835
CRISP2,-1.8888901047364814
GDF9,-1.1295706143897324
PRM2,-1.4453627759912662
CPNE1,0.976175792025852
IFNA14,-1.4651051017085943
PDHA2,0.5738335807485753
MORC1,-1.4999386934995118
BIRC8,1.2669995651440822
TEX33,-0.5439650032873113
PZP,0.055800096024258984
LDHAL6B,0.9907876097852668
IL12B,0.5892581958908131
TEX35,-1.3949287908579886
TGIF2LY,-1.6182816911934825
CLGN,0.759811229541125
WDR87,-1.6714106750699065
ACRV1,-1.117844259974906
SSMEM1,-1.3484549457001416
MAGEB1,-1.3261262224981634
SLC5A7,0.4227048444298256
ADAM18,-0.06749857364071216
CLPB,-0.11555639890766148
ARID4B,-2.451712067771206
CCDC169,-1.5181086703580369
ANKRD7,-0.7914629829728642
C20orf141,-1.3094540789069178
TDRD3,0.3744448680450124
UBQLN3,-1.7149561712612678
OLAH,-1.118552659937414
COLEC10,0.2058453274746083
POM121L2,-1.4206003389092332
TEX55,-1.4982424047588085
GALNT8,-0.6519683529154092
AURKC,-0.4573387560993905
FAM71F1,-1.5891522407880758
LRRIQ3,-1.7126899312250607
TAS2R16,-0.7414552231530306
OR2C1,-1.3101607246659368
CCT6B,-0.2506015871758826
TTLL10,-1.5163705879799547
CDC5L,-1.5360787078473108
CPXCR1,-1.4361010451048184
PGLYRP4,-0.32680231605298704
PRPS1L1,-0.2955210958561635
ROPN1,-1.479520137890035
ASZ1,-1.9252422977661565
MNS1,-1.7091721886343714
ELOA2,-1.7888642347932386
TDRD6,-1.5427208630108646
LUZP4,-1.239281188478844
POU4F2,-0.7053563740771498
TP53TG5,-1.3547460019862116
TCP11,-1.8082157808041046
TCP10,-1.5124819561721614
OR7E24,-0.54834033331715
MMP25,-0.8555887808325667
PAPOLB,-1.5161270104189166
C22orf23,-1.6639289253896623
TAF7L,-0.779817118738423
MAJIN,-1.4237750310039705
OAZ3,-0.08159879060035577
ACKR2,-1.6119061243846644
C3orf20,-1.176102152323512
TSGA10,-1.6906997707976872
C1orf94,-1.5589069850168529
ZNF541,-1.568553416293257
SUN3,-1.49232419498068
FSCN3,-1.23511255362379
HTR1F,1.347196015053178
RSPH6A,-1.631694079955218
SPATA6,-1.6804696853172252
MMP26,0.7584655499619111
C2orf42,-1.3044039154816018
MZT2A,1.2658233049924281
SAC3D1,-1.3018053903825
RPL12,-0.7579359505192705
NELFB,0.5509577739291266
SRSF9,-1.5361845405199919
NDUFB4,-0.2845734716606544
SIVA1,-0.9192695853761399
NDUFB1,0.2418611045004217
S100A9,0.646789743781113
ANP32B,-0.14687120431174844
MZT2B,-0.5134632504628512
ATP5IF1,2.203865003326897
UQCRB,-0.5447107536505325
EIF3H,-1.304301575450859
GPS1,1.6736240993284912
NOSIP,-0.7403169350745821
EIF3L,-1.033675598138606
CEP135,-1.348708328737453
PARK7,2.0937489775953946
EIF3D,-0.1820210286863889
EIF3E,-1.1362209377648052
COMMD4,-0.15421953045706224
FAM173A,0.44944722373109247
PLK1,-2.5979716186796953
EIF3I,0.7106865768923095
NDUFA13,1.0768372827269266
NECAB3,0.41750378602924154
MRPL37,1.0823035954744686
LDHB,3.009026984172873
CENPJ,-2.1612506601089936
IPO4,0.618848021517977
MRPS7,0.8274812139584558
IDH2,4.165510962847851
SLC25A6,1.6387529925564863
SCAND1,0.4712022105379481
NME7,0.8703567507547723
RPL11,-0.9975879020632675
PHGDH,2.610478550239901
TEX264,0.7293450219619131
RPS16,-1.327373590010514
UQCRQ,0.36895463589460625
RPL19,1.031973208394658
C19orf53,-0.689364100462606
ATIC,1.2811612298908552
SNRPD3,0.062266008860129805
SNRPD2,-0.528485155528194
PTMA,-1.4019075556074947
EEF1G,0.29363033697609936
EEF1D,-0.6626534844349016
RBBP7,-2.0010247065834803
ERI3,2.497971520580592
CEP290,-0.34691903074407565
SNRNP25,1.2307448065817241
POP7,1.0110808929774957
MRPL46,1.547014440423273
CEP72,-1.4151793905659873
TUBB4B,1.130592512496122
PSMC5,1.6580228041338425
NTHL1,2.50303009850511
MEA1,2.1363664087840264
TLE5,-0.4351569634439176
HMGN2,-1.3272565864720773
RPL8,-0.5526307580956001
MRPL22,-1.1092876445496953
MBD1,-1.7105234366187971
RPL4,0.4483203954492315
RPL3,-1.0722684047582445
SLAIN2,-0.8781109972167445
NHP2,0.8676446601166349
DCTN3,0.28466161569249426
COX6B1,1.2076631403160547
TIMM8B,0.13434263683864667
CHCHD2,-0.10163349221608564
PMM1,2.0798183567737287
REX1BD,0.7334996820619135
ECHS1,2.970113157600145
TUBA1C,0.37475744495440977
HAUS4,-0.09629442843789378
MRPL17,1.0677537282026732
MZT1,-1.1962853989665958
CCT7,1.6309635804669138
CCT4,1.7709938960154024
PRKACA,0.8745592826834041
TIMM13,0.9207051752952042
SRP14,-0.5617913611377868
BABAM1,1.6279406097922224
UQCRH,1.5446602115101502
ATP5F1D,1.152645756136543
NINL,-1.8326974719246847
COX6C,0.4342677818276638
PEBP1,2.518600484967538
NUDT1,-0.512495324414697
UXT,0.3853419674549664
DDT,2.3384511615846946
ECSIT,-0.5678604754408275
RTRAF,-0.4619328751336548
C1orf35,-0.9710093818509677
TUBGCP3,-1.3787792119047821
TUBB2A,0.43738368790351756
NDUFV1,2.1006313810236343
COX7C,1.4576610898454352
GTF3A,0.8216704356325711
ANAPC15,0.20361248745059057
POLR2F,1.0943752977340937
GPX4,1.3956477688430595
HAUS8,-1.580260393997421
COX17,1.3059653985854134
LCMT1,-0.17898503409602207
CUTA,1.2016966904202333
RPLP1,0.22235316156065427
RPLP0,0.5832411340436159
TMEM161A,1.6670074616962414
RPS7,0.8879389717592537
C12orf10,1.5404121323749937
RPS3,0.1917150544905178
DYRK4,-0.804244488034972
PGAM4,5.272049315105267
RPL36AL,-0.7933429253151623
HARS,1.7911121376234773
HINT1,0.28081494463444956
ATP5F1E,-0.47114929762561725
RPS8,-1.2154412959025904
FAU,2.792869696290772
SNRPA,-1.6263755834622309
NFU1,1.2178239284697943
TMED1,-0.09982375241916468
NEDD1,-1.101805316233543
CDT1,0.8949705291681215
SS18L2,-1.0511174060805826
TBC1D7,-0.8249755154989926
RPL13A,0.3055243587930279
R3HCC1,1.4774080400915208
DPM3,0.9863364570219668
HRAS,2.350842794335733
LRIG1,-2.378757297789457
ETFB,2.5251830768369206
RNASE7,-0.949700640749495
RPS5,-0.9525127989853646
ARL6IP4,-0.6241650425350629
PTPRA,1.9338658669336717
RPS28,-1.2408574488492365
COX4I1,2.11050459684083
RPL35,-0.6512248605651281
LOC400927-CSNK1E,0.35021931986998217
SMDT1,-0.10400104625451177
FAM162A,0.07453266821332143
NAA38,0.581527759177198
RPSA,-0.7722869388535385
WDR54,0.4455425270816469
TACC3,-1.2934753034555442
PGLS,1.8975150244564782
RPS15,-1.0693999838276418
FARSA,1.8997123675867917
RPL10A,-0.7721352815091798
DGUOK,-0.9106815340221878
CDK5RAP2,-1.1510490020849728
TUBGCP2,3.686550731132372
WDR18,0.6962541472481633
TUBGCP4,2.9736626572514653
TUBGCP5,-0.6802457248224318
TUBGCP6,-0.889826079883669
FBL,0.28907987137438323
CEP131,-1.3796406904746683
COX5A,0.49687192712620276
RPL23A,-0.8203772030428365
TXNDC12,-0.388668820334489
SF3B5,-1.1250148427160298
PRDX2,3.185595965089587
BAD,0.799098999203649
PFDN5,0.773880196232903
CAMLG,-0.01946393672756991
CD320,10.942840758649382
SLC2A4RG,-0.6430007286324608
RPL29,-0.9281960002786519
PLEKHJ1,0.06938581824337728
RPL27,-1.4120640392506505
NUDC,0.5856611301524187
NOP53,-1.4240148548136837
RPL22,-1.3242354080811851
MYL6B,0.48463438845359824
MRPS34,0.8444722100409967
EIF3F,-1.0275965224920616
YWHAG,-0.8929720777264871
ATP5MC2,-0.20721387818045742
EDF1,0.4284133337369444
NDUFC1,0.18392883752449105
NDUFC2,0.6449384608045702
LSM7,-1.522059094875665
TRAPPC6A,-0.5348198937946185
LGALS3BP,0.3929774278614824
TMEM160,1.0001911032387047
OLA1,0.1596029646884666
TMA7,-0.8971558932463678
TUBA4A,-0.11121324739824782
EEF1B2,-1.0356469363681011
SNRPF,-1.0119690702596238
SNRPG,-1.1617683494952642
RPL36,0.9486263134340535
RUVBL2,1.3868510470538984
FIBP,1.3251170848007743
RBMX,-1.8115398532655265
TUBG1,0.9825989310726995
HAUS6,-1.0182017753990682
TUBG2,1.7154977726431562
PHB,0.9748965923205694
BOLA3,1.1651870396469313
CKAP5,-0.790471458498056
HIST1H4C,-2.6522362918250724
ATP5MF,2.0031063218424037
ALMS1,-1.7126416508337183
MRPL57,-0.663772900154969
PTBP3,-2.119599539842498
OFD1,-0.6432903708989705
MRPL13,0.6644260445665493
USP34,-2.3162245613941415
TRAPPC5,-0.49583916572204273
ATP5ME,-0.010405427126434696
PRR11,-1.7069218350713469
RPL9,-0.8946146530861171
CHD8,-0.3056721030400281
TUBA1A,0.40039040092631695
ZNF160,0.12753551520930043
HAUS2,0.6520269391388169
ATP8B1,-0.18912332407447635
ATP5MPL,0.4558616927169752
ZNF611,-2.4106649569717593
IQCF1,0.2630044755349178
RPS15A,-1.1599602763176802
RPS2,0.4649289932060858
ATP5MG,0.946895282826666
OGFOD2,-0.2514902458001379
TMEM206,-0.7753030470905813
RPS27,-1.6175190609778918
RPS20,1.0858216082575975
GAPDH,5.426534589149185
APLNR,0.5943932574908616
MYC,0.3369079682538557
PODNL1,-1.405164279970828
SRPK2,-1.7289598157908095
NDE1,-1.5187677046582213
DCLRE1C,-2.178202211052928
GTF2H3,-0.4617556651636236
RPS29,-1.0805609751458982
RPL38,-1.0950873378971548
DNPH1,2.3000283160363018
RPL32,-1.2799384792359678
NPY2R,-1.9007168415300681
CHMP1B,-0.7698663377330106
HSPA2,3.322397634834168
HSPA6,3.406743537623278
HSPA5,2.146845243405925
GNA13,-2.748586527972314
HSPA8,3.109109032275583
IST1,0.41931141157697305
ZFAND5,-1.2508968941424257
MAFF,0.05138605136437315
SNRNP200,-0.4029788583831698
BHLHE40,-0.16308417643433307
CNOT8,-2.062172200726437
MTMR3,-0.8828541312253444
WDR5,-2.098876100121499
ARFGEF1,-1.0390640651141834
PSMC1,-0.5891613611708745
MAX,0.07125550900141316
MITD1,-1.3020290705442437
RASSF7,-0.5091264586053155
GRID2,2.4008009986122976
IKZF5,-1.8208549426742695
BTG2,-0.5403172890312063
EDC4,0.9980799100908792
CC2D1B,-0.33256632788899254
ETS1,0.28834125985202064
CHIC2,-1.343363665045058
NEK2,-0.3954196893778632
WDR48,-1.7156799242185148
RNF103-CHMP3,-0.4592586164930961
VTA1,-0.2515298515576271
TNPO3,-1.1107779385339533
SEC13,0.07036270329817995
CNOT10,-1.175077230999515
SENP2,0.47078891176323634
EIF4B,-1.3892331523814159
USP54,-1.0990128219165243
PPP1R2,1.6287543269504206
SSRP1,-1.3890958062254186
FLOT1,1.161508580253009
TOX4,-1.3134257812382306
TRPC4AP,1.9312128019773505
AL136295.1,-0.26822600482981585
ABHD17B,-0.5523788774833518
ATF3,-1.3778534156520212
CCL14,-0.27784693283543327
RFC3,-2.0164965379417046
MAPK14,0.30084224835990764
EIF1,-0.16389231875856497
BROX,-0.2996010768773208
CHMP1A,1.1622972804219918
KNSTRN,-1.667892087251764
TMEM63B,3.454526438180784
PICK1,1.1172880011120265
GRID1,3.484782221451961
PPP1R15A,3.3261077859877237
GABPA,-1.8238158252912946
RNF146,-1.4194104345503333
ADPRM,0.0698604720144586
CLTC,0.14480891430602869
HSPA1A,3.2825935640287964
MAP7,-0.9310634142897526
ELOF1,-2.1325477601650737
EIF2S3,0.8165649092613176
HSPA1L,3.3920247671478005
PTPN23,-0.1385248609870234
PGD,3.9333391640969184
WASF2,0.5741034013622777
HADHA,3.4473432490796054
NRAS,-0.3181026108624462
SELENOT,0.09582833496833573
ETS2,0.018007662534685547
KLF4,-0.762633978096223
KLF3,-0.33732577162041344
ATP6V1B1,1.5072811771136068
STON2,0.03001140811337338
SLC25A15,-1.8996860429591804
SUCLG1,2.2762885227196854
LMAN1,0.5844948170230906
C6orf89,-0.9492730803701624
TFG,-0.9843121729674443
PRUNE1,-0.5266159257053158
TGIF1,-0.4333353896580724
PMM2,1.2649125096360538
HIST1H4I,-2.1501690237563835
FKBP2,1.9377720304993675
TWNK,-0.3054751837364546
HKDC1,4.004635670836907
PPP4C,0.6872980300608751
LARP1,-0.5822031675915178
WDR3,-0.8217157900853475
TUBB4A,0.5199862177164558
AKAP8,-1.345772524535921
BAK1,0.4514329753971696
ACTA1,1.3391677784575255
ATP2A2,2.177744394062462
ATP2A3,0.2920464231669654
NOP2,0.31939586967496564
PUM3,-2.0352965628253252
WDR43,-1.741098800570489
XPO5,-1.3830301989554128
CCT2,0.8124417063914243
CCT5,0.34657086052105235
AHSA1,0.3928227980472942
PAM16,1.785936969595961
TIMM10,0.5227800193479095
CNGB1,-0.5329486333291606
PTBP1,0.18515081504743514
UCK2,0.5373064193482453
BLM,-2.321625602275502
GDI2,-0.4138215900859296
SFI1,0.21047562859653077
DNAJC2,-0.4273075546208872
PPTC7,-0.7057558844191976
MYBBP1A,-0.306806409511333
GFPT1,2.311621106857556
GFPT2,1.6612872167027426
EIF4A1,-0.03809736302687258
EIF4A2,-1.341620129491644
NUTF2,0.13350025495998658
PKLR,3.809396474931199
ATG101,-0.6991382403574535
PRDX5,2.346651874206911
FAM86B1,-0.030089073787144635
SAR1A,1.122542662182529
ALG12,1.7721525394486841
NOL6,-1.37804499488784
UPRT,-0.28043605414663814
UBIAD1,-0.08161509802515723
AK2,2.2051185939472124
ATP1A4,0.9589444453554368
ATP1A2,0.5492271456882941
ATP1A1,1.5073117968436116
MARS,1.8785114512844678
SARS2,2.2771951354036966
EEF1A2,0.4142565228373654
MCRS1,-1.4480658272308302
LARS2,1.3191292281095812
ACOD1,3.4250504843984926
RDH8,-0.29072039586032256
ATP13A1,3.3669251604115322
DDX18,-1.2857667179360275
PSMC4,0.5738477868626666
NOLC1,-1.363616960955795
E2F4,-1.2414130249497384
CALU,0.46581594329692233
FUT4,-0.4697618423115015
SLC1A5,1.3545247319425933
EEF2,1.2767924183512949
BZW2,0.7024563453209305
MAT1A,1.3489394239524954
PES1,1.821188882740983
PYCR1,2.4850505329387134
GNL3,-0.41567912577739313
GNL2,-1.1772337025637871
TUBA3C,-1.135080263751545
TUBA3E,0.7677518439928342
EIF3B,1.25662982080984
CNPY2,1.139267618322988
MRPL36,0.26748613726688797
EIF2B5,0.36295742340347054
IMPA2,3.1790419576682063
SNU13,-1.5957641761239911
ATP5MC1,2.242206192192367
ACTB,0.8889685735735173
ALG8,2.021963461290429
ALG2,3.250355031632158
ZNF593,1.2255300640455387
BCKDK,2.975098802666439
BTF3L4,-0.6905265993674503
RUVBL1,0.6449203878120235
B3GNTL1,1.0705617693869667
FTSJ3,-0.276420635731461
DDX55,-1.5187908099425895
RAB43,-1.1361968906843483
RRBP1,0.6215417507576143
PKM,2.980208939615271
TPT1,0.6882145894599193
CSK,-1.7554685092431348
BOP1,0.5790014891004562
MTHFD1,2.648326415060979
COMTD1,3.95196278469929
COX18,2.8328792526349202
TMEM214,3.144676013133834
HDAC1,-0.6691506232932252
SLC35C1,0.5299046700494052
PUS1,1.1510868703269062
PUS7,-1.55526008997855
RRS1,-0.9619577982199343
CARS,1.153888161730166
GMPPA,2.5954404678599294
GMPPB,2.3706132920385454
GCN1,-0.11111276327167763
ENO2,3.162320560860187
ENO3,3.248499288249149
SND1,1.0257234381391236
DUT,1.8580155812974484
RXYLT1,-0.11611323753099378
NAT10,-0.8387637514327759
DLST,2.7732552159988106
TCP1,-0.09315489657675075
PRDX4,2.433609860008505
PRKAA2,0.3915220430956225
SLC5A6,0.5571139949388706
SLC25A21,1.5908933664170555
BID,0.13501908953511482
PFKP,2.936099295086822
HSPD1,4.604296728204426
PFKM,4.041838089060324
PFKL,3.632364437715505
MTX1,1.1432622838058155
GNB4,-2.477484851969778
NANS,1.6417008282222725
EIF5A,1.5420180132292136
CCT6A,0.4321748045051954
MAT2A,0.5583543306718107
ATP10A,0.5093550580250054
ATP10D,0.34418922226626514
OSTC,-0.5451981971221939
RER1,2.3498499058110625
MGAT5,3.6653374382253268
MLX,-0.20616134093640226
DDX21,-2.4993284404055447
DDX27,-1.7696312659766165
ABCC1,1.7892710668287097
ITPA,0.8915010849558822
TARS,-0.026048215114243097
ATP6V1C2,1.4599424260241292
TIMM44,1.9432256858004278
TOMM40,2.2377001419300253
ACTG2,0.7865008698359448
MLEC,0.6112596921649509
TACO1,-0.19378068345349997
POLR3E,-1.129225042520021
ATP2C2,1.5296699665006466
TXNDC5,2.559219285600091
TAGLN3,-0.4892123168837006
IARS,0.7455199858588473
SLC25A5,1.4575287539150785
SLC25A4,1.155633044934688
SHMT1,3.3392752354358364
NME4,2.1485089294900015
DNAJA3,1.1477701726507747
RMRP,1.5973840579255316
NME2,2.3353850365316533
NME3,2.017885107003866
KPNA6,0.18590493328058852
KPNA5,-0.03394664347563803
RUNX1,-1.494055325742317
FKBP1A,1.4880450884784857
SHC1,0.120002506464723
RRP9,0.12113249209159921
PPRC1,-1.4486677553204974
NOP14,-0.5273547164527013
TNFRSF12A,2.6213253385918582
PITPNB,-1.2200440480814676
PPM1G,1.4711382278969392
ABCF3,0.9262621009806389
ABCF2,0.8503999502545775
PODXL,2.5837161685989636
YARS,2.1588496634390917
B4GALT2,1.2251335821065663
CHEK2,0.0902357808943833
B4GALT7,1.204180428163566
CLUH,2.2118171763791987
UMPS,2.1389904418746526
TUBB8,-0.8181761522086789
TUBB6,1.4485508276833534
TUBB3,0.5051639967784699
MRPL4,2.4646936218741065
SLC3A2,2.79263687540204
MOGS,13.268645234120179
ZPR1,-0.14690644995419147
CDC14A,-0.4915230434152569
MYDGF,1.382540339596656
HMOX2,2.592496187081739
ACTC1,1.1961111456643851
CTDP1,0.2967276403531155
UTP4,-0.9645658555128508
DNAAF5,1.482714130383746
CTPS1,0.7886498508918572
FOSL1,-0.25820358313858865
PSMA7,0.9034672359738779
DPM2,1.7338531783065652
UGGT1,0.3246744251647234
HMGCS1,2.6678925590227607
HMGCS2,2.9172216202450025
ACACA,1.5103883002672416
ACACB,3.457903926691727
RABEPK,1.519888371727294
SRMS,1.6915370682466382
PUDP,-0.3765980589486254
GMEB2,-1.2478112796865037
EBNA1BP2,0.8836459868726606
UCHL3,-0.6552592302650669
TSTA3,3.0912757857699193
WDR12,-1.081919919090654
PPIF,1.2944187477312519
SLC35D1,1.3269531901829286
PPID,1.3140875174795161
PPIA,1.6508913354592165
ATP11C,1.3732590266770397
MDH2,3.444785610797812
MPDU1,2.086600261355867
NIP7,-1.237678251488805
DAD1,0.7182889564801967
DPH2,0.8274082161471534
EIF4E2,-0.5274032878211059
HOOK2,3.4476883624116943
COPG1,1.6309044331661005
ACY3,0.4565875434220853
GTPBP4,-1.105603354969859
NOC3L,-0.5156750702706441
SEC61A1,1.7928843537325663
CKAP4,2.7550731007095024
DOLK,0.5067301182528183
NME1-NME2,0.9835548216523841
LYPLA2,1.6621521960654466
DHX15,-0.03607350730749264
S100A11,1.013599898183245
UGP2,3.659369397144158
ATP2B4,0.7710219439280056
CIAPIN1,0.14101504217886146
GOT2,3.3535914287734414
PFAS,2.361860506811136
RAB5IF,0.3727570488427003
P4HB,3.807219153277153
HOOK1,4.531674941843029
MRPS2,1.5721654473639366
COG5,-0.9807861891427454
LSG1,-0.3707808619655961
ATP2B1,1.041527168821153
DOHH,-0.711930307503214
PA2G4,-0.7019044462489502
FDPS,3.4243869922389623
CCDC86,0.469584429743056
ATP8B3,2.461916043405556
ATP8B2,2.409785723385838
SUMO3,-2.028245349463296
KDELR2,-0.3491456793238991
ATP5F1C,1.2674149765573
HSP90B2P,2.5516914765139025
TUBA1B,0.4034411462406775
TMEM186,2.999574113272502
SLC35A2,2.8138551422030393
NPEPPS,1.60736845264076
TOP2A,0.9028667136901635
GNPNAT1,2.390295900616332
IL4R,-1.8778181789458797
BRIX1,-0.39804246170926516
PGM5,2.977215285237894
ATP8B4,1.7927537012619994
PGM1,4.043670769385118
PGM2,2.7314210251863007
PAK1IP1,-2.0873281648737576
JMJD6,-1.6068358772757965
STT3A,0.8619715191026724
ACO2,3.3257856807442296
FAM57A,-0.07459128254957069
SEC23B,-0.5247557771505066
MPI,3.6943067099634797
POMT2,1.201323035343739
TUBA8,0.13862011030946927
NOM1,-1.0654719157599335
ATP5F1B,3.1860001754593785
OGFOD1,0.45648040467081724
TRMT6,-0.761736489396881
GPN2,-0.1878408771647052
ALDH18A1,2.508691479521858
NIFK,-1.2682097782387625
HDLBP,1.465526176211282
SEC11C,0.18313875671544722
ATP12A,0.8656726409599819
ARFGEF2,-0.8312692367240693
ADK,2.307159862093274
METTL1,-0.006804352764792944
PPAN,0.6541855351385615
MRTO4,0.5874181968381617
BYSL,0.6168936811046155
KCTD5,-0.8850211278865431
RRM2,0.8505815499655393
SEC31A,0.21382734560012318
IDH3A,2.9563618542067305
PAPSS2,0.6731829522623131
TATDN2,-0.8205810519978276
PDIA5,1.4378236485829434
CFL1,0.4332096585923544
TMX2,-0.3145487449412438
SNRPB,-0.8114663247968219
LRRC59,0.21582137022220177
DNM1L,0.6935525674941447
STK19,-0.35538562612932084
MGST3,1.0338259230276665
NISCH,-0.40504941703599673
CCS,1.2562465264410936
NELFE,1.1423161313236685
PPIL2,-0.2301693368965967
PGAP2,-0.06324416257343121
RARA,-0.7479467993923349
EP300,-2.740484038550993
SNHG28,1.291647010522349
FANCA,2.4680061942408633
TBC1D22A,-0.4625957572951922
CSNK1E,-0.43113686491139397
CNPY3,0.06978575102838573
CD151,0.5098084789306647
TRIM28,0.028005707254975063
SLC25A1,1.9901603204881086
PCYT2,0.8173863136056044
RANGAP1,-0.16988692863921162
TWF2,0.2693706671522577
NUCB1,1.9408248111663449
PTPN18,0.37330294107763146
PLD3,0.9164355050419092
KAT5,-0.9447653283282305
MLST8,1.1458857574951458
FKBP1B,-0.3707293575932211
HSD3B2,1.910914056067582
TRIP6,-0.2047330426405307
FBF1,1.9527939779227756
ZNF395,-0.86148805219859
FAHD2A,1.8790505937727624
CPT1A,1.1618099887659292
PDXK,2.002257249533681
UROS,10.561792400181444
ACAA1,2.9541443263969116
UROD,11.323270536329424
TST,3.0630247282236605
CHKB,-0.19405498350164174
XRCC6,-0.5295469884982068
SREBF2,2.1339805876765623
HEPHL1,0.6388541918974893
DDR2,1.8019210685742688
ALAD,4.0279404630780204
GPAA1,1.2612377497600566
IRGQ,0.7280645998634493
DALRD3,1.6046053722104752
MPST,0.49596917308359856
ERP29,1.2053089350236257
SAMM50,1.548869095469561
POLR2E,1.3333032698025242
KAT6B,-1.6337305194061942
POLR2I,-0.2196225405581427
IRF3,1.043060525336046
TECR,1.4164431939218005
GALK1,9.995629172828968
LRRC15,-1.1812702489173146
MSRB2,1.0539551422690017
DDA1,-0.649300036850872
ABHD17A,0.8476321170990114
HDAC5,-0.9403673085344831
PI4KA,0.5163892290878368
NAGA,1.5339643553597309
NIT1,2.215906747122205
POLG,2.206329223009416
RBKS,3.3095037508987826
ACADS,3.229546674787885
ARF5,1.3890015419648112
AKR7A2,1.6595629794964992
CUEDC2,1.6183330825856648
DNAJB2,1.2566008997460079
ATP5F1A,2.8717644121609793
CBY1,-1.1059547120914215
MAPK3,0.9388720564524783
DSG4,-0.012295114766236341
GALT,4.775951286758295
GNB5,-2.367399678922546
TXN2,2.588398448460388
STK25,1.0939216668696166
SLC27A4,1.4239852494107865
UCKL1,1.3203732928234562
ZSCAN26,-0.5624486081502927
SPSB3,-0.7414121102685801
VSIG8,3.1025373205853715
RETREG2,-0.36741992249553074
GSTK1,0.7855284543128898
PPIE,1.3519188678501532
PRKD2,-0.2517637834470825
RBSN,-0.31764648318270944
COX5B,0.8454144356941269
PPP6R2,1.7033365323563643
AACS,1.195665756796879
OVOL3,1.3102310232497432
PIN1,0.4211864687715716
AANAT,1.381278876364551
GCHFR,2.3579370183691695
NDUFS1,1.399782341787087
HAGH,2.0087792369556845
TCF25,-0.6155138179275074
IMPDH2,1.5215071340369895
HMGCL,2.9625688815543634
ILVBL,1.727135885934312
POTEE,0.5483605912141774
PIGA,2.0324011570239082
ALDH3B1,2.4121824600546304
TTLL1,2.4398754425092637
ISYNA1,3.096705688200756
CRYL1,2.3191204368884066
QRICH1,-1.2358175749982838
NDUFS8,2.079081297350064
SGSM3,1.3102472031265566
DUSP14,0.024221680661188898
E2F3,-1.3252191691687603
CABIN1,-0.12926233700739903
PEMT,1.6130418768910861
HEMK1,0.01953597890179949
OTC,2.489098422701164
PMVK,1.8138964818802514
SUN2,-1.0223524980241137
NDUFS3,1.8231072632802976
ACTR1B,0.3578764596976768
NDUFS7,1.6016886165462467
SDHA,2.9842028186354135
ATP6V0E2,-0.049221193851193674
ASS1,1.7756626569193914
DUOXA1,-0.2507631302797491
AGA,1.1591597457742675
RAD51B,0.35167765953609725
SUMO2,-2.892484285413092
MAN2C1,0.5323818659444911
IFNG,0.09842907716154763
PTGR1,1.7743228011705061
BCAT1,1.2127107484498154
ABLIM1,-1.5942694904516652
TMEM184A,-0.12151043614263318
CYP3A5,1.8642270658709492
CNDP2,2.524436985675007
ORM2,2.5241005987579372
PARP12,-1.4684149165284728
EIF2S1,0.7086980941539769
SERPINE2,-0.7173322618105253
APOE,3.2288212675282253
TTR,2.5794792497742574
PEPD,2.013732523344258
PAICS,2.2418546430837836
GDF15,3.006896653753535
UAP1,0.28563439060194706
NMRAL1,2.2324402553059777
ALDH8A1,4.089906816120642
VEGFA,-0.8969955792369663
PPARA,1.225141133793187
SULT4A1,-0.5349161994942165
GLYATL1,0.8949156012297448
KRT17,-1.6213957293713337
SELENBP1,2.626195445923184
SLC22A6,1.6961365334649594
GPX2,1.5690718900534817
GIT1,-0.3854043415847477
GIT2,-2.0217244887820325
SORT1,1.1656508992461785
FLNC,-0.33866031374114125
SLC22A8,0.8759569793833424
SESN2,0.40685752779131473
RET,1.6873450416237268
SLC2A10,1.8880356625303998
FH,3.0639835805485425
VSIG2,2.146932430128975
HTRA2,12.791483831551746
MDK,-1.2300117940715014
SCLT1,1.0351817560841934
ASPG,1.1790100975167952
ASPA,-0.019352790108879383
ACAT1,3.5610864790190715
GGH,-0.17224730848238545
KIF21B,-1.7030998844399623
MVD,1.9800096544220083
F2,2.6088338817062193
CNTN1,-1.9139305654698067
TRIOBP,0.45147576952307855
PIPOX,2.483643382279277
GSTZ1,1.334067160394439
SLC17A3,1.453319300698617
TINAGL1,1.683703066255984
MT2A,3.1885531084157157
UGT2B7,2.6122465779556516
G6PC,3.980609117055586
EGFR,-0.16996176636616517
BHMT2,1.7148876172586358
ABAT,1.8452988272749282
BIN3,-0.435465143475445
AQP3,1.0562962606462323
AASS,0.41210225168920994
DPYS,1.2238660046935017
ACAA2,3.445691264660164
GCDH,2.678648249679088
SLC25A2,0.5096959011779575
RPGRIP1L,-0.6459913097310703
PSMC3,0.8148289012560905
ALDH3B2,1.37369215090269
NANOS2,0.9383597827055222
CD48,-1.5890391951565601
FBN1,-1.3000980072803432
STS,0.32244109671725973
HGD,2.559468798230958
CRAT,2.409774833279196
CFH,-0.1668677718532053
CFI,1.2797873657221086
GJB1,2.262413451567978
FUT3,-0.6006385402619792
CAMK2N1,-0.660747587378583
PCK2,2.940647647510829
PCK1,2.6229417226760487
NQO2,2.1425164232457883
AGXT2,2.0983737675435967
CYP3A7,1.8995881337336846
PYCR3,2.907831021807665
PYCR2,1.735818491738296
SLC25A13,1.5242004881061681
EHHADH,3.4501867826443995
KLF5,-0.6002910264096486
FGFR3,-1.5942733304726715
LAD1,-1.0616851078993959
IFITM1,-1.7097503149210793
CENPK,-2.0485084696925218
ASNSD1,-0.7450376324354177
TNFRSF21,-0.9139505384618387
PALM,1.0903539784922327
SSH3,-0.4870461488312392
HOGA1,1.3320590664135752
WDTC1,0.8958490799105379
ALDH1L1,2.412472694571472
SLC2A2,2.9728858507608504
SPINK1,-0.5933041302180182
VLDLR,2.259792527257479
NANOS1,-0.04354155834141399
SPTAN1,-1.2452502633872902
PROS1,1.269882569428995
LAMC1,-0.03514432174874062
ATP7B,3.3727501784141753
MYCN,-0.6732508409529704
MT1X,0.344964068124412
NBL1,-0.5109325167760934
PALMD,-0.5315949868118207
NUPR1,-0.1748559117619923
IGFBP3,-0.32622425636669705
AGMAT,0.6873833252601608
ADSSL1,2.420412453436901
CA10,1.3119925146824318
SDSL,3.7147040865985
MTHFD2,0.6453106910077262
EPHX1,2.514418805387735
TMSB10,0.06717413910044973
PPA2,2.4861896071025176
PPA1,2.5587274635677986
FABP1,2.9973354031417982
QPRT,1.8110515907414302
USF1,0.7932305793334611
ETFA,2.421180929434474
MTOR,-0.683543861653865
CLU,0.16194043402423222
RACK1,-0.16788259912336023
KNG1,0.8702224238939495
ALDH2,3.4803921518009413
CDK1,-1.3154378120579884
CDK2,-0.48734144846235855
CDK3,-0.4436786184601635
NAGPA,1.226053261853007
LCN2,2.1580236373679877
PHB2,1.624566459268667
USP4,-1.5314651675033923
PRDX1,1.9650162787912493
DDX11,-1.1666674265605146
PM20D1,3.352868147733714
STIP1,-0.023929984240175162
CDC42EP1,-0.8981447476144658
TNFRSF11A,1.696601210670883
ACMSD,0.8155788412430205
LATS1,-0.3125934343166713
CCNB2,-2.505424797328314
DDX24,-0.849674491016853
ARHGAP32,-1.1421936179178296
C4BPB,1.825960184666653
TUFM,3.990795040677255
CKB,0.9727033525290814
TPBG,-1.7555978148618485
TPI1,3.562769574915772
PAH,2.404489220194954
FURIN,1.9672962332854618
CALM3,2.970381868846702
ACSM1,1.5456470533922246
ACSM3,2.4110721652096054
PRODH,1.2336985472798956
ACSM4,0.6676180064398997
ACSM6,0.5920868007721259
FGFR2,-0.7471224294272614
ASRGL1,0.383402783956816
ERBB2,-0.8604701481265331
ERBB3,-1.3460062320004564
CTSB,0.5202713620778251
ACSM2A,1.1240554763560615
ACSM2B,1.52357535890172
SLC25A20,2.5266073027084976
RPL18,-1.2406470819893802
GMPS,2.2679874053038698
CPB2,2.465608056892087
KPNA2,-1.884702891358747
FBP1,11.705127010464086
ENAH,-1.4467260682703176
PDZK1IP1,0.36155460597374434
NDRG1,1.8360533671377872
ITGB4,-0.4726703486839887
HSPH1,3.1694261859785873
NONO,-0.6715304929295061
GLDC,3.0251341261693643
XDH,0.5608531496303681
ECH1,2.146962201418243
SCNN1A,0.36713602743892015
ANXA11,0.6685966356757393
GBP2,0.16696994800701886
ACSF2,1.938516400284932
PTPN1,1.1082922103395438
LCT,3.3556735361048378
ANG,2.75195956795728
EIF4EBP1,0.8641610605492185
BCR,-0.34308189462726507
ADI1,2.7584351129522737
BHMT,2.76447334379358
ZER1,-0.5646031830462216
FHL2,-0.08556349367825666
KRT6B,-1.1678845161436717
LY6E,-0.8170238543357072
EFNA1,-1.312181778637601
SRR,0.3903349217696065
PRKAA1,1.0483983047298397
ALDH7A1,3.4585838623657583
LGALS3,0.3959976002115027
ALDH4A1,2.631844787628839
FSCN1,-0.23625029609657022
LGALS4,1.853867364296981
PLXNA3,-0.962236274377557
AGXT,2.051428344265574
ASNS,2.848689655961786
RARRES1,0.2634473642470087
PLG,2.195979699253265
S100P,0.5055601092570207
MPRIP,0.6393243672886645
INSR,-0.02192368762731525
ALDH1A2,2.5201871582584294
KYNU,2.3433380689965935
CBS,2.23139259001746
TFAP2C,-1.2707563224156204
RPL17,-1.3010063266846943
ACY1,3.0324060452161863
AADAT,2.9670911834227067
SIGIRR,-0.6095554299140131
SERPINA1,2.419183147652835
SUCLG2,2.865409201620293
IDH3B,3.150103384249096
HPN,2.4351914851939185
ALDOB,2.9508637561979003
HPGDS,1.7532289054974215
HPD,2.612821704394988
PSAT1,2.486466481627761
PDK2,1.8687062329818525
PDK4,2.1395659839620356
ABCC3,2.83339288885922
GSR,2.9223023918493807
DARS,0.6999790973555937
DOLPP1,0.8706067041817435
AFG3L2,0.9614281355416935
DMGDH,2.005625441063216
PLIN1,-0.3710550202706376
NHLRC2,-1.1008384259103923
WWC1,-0.9204394064207251
KHK,1.9865236806234625
CAPN1,1.0233612064578035
PIR,1.306435058370627
IREB2,2.6646695117446466
DDX3Y,-1.0618369778626071
VWA8,0.6296895633263648
BAMBI,-0.3897380160393013
POLR2D,1.1763819625686156
CYREN,-0.2591991689747244
CSPG4,-1.1618748286462706
TERF2,-1.5427872390176993
STC2,-0.444168433785262
SLC7A9,0.4560283020220545
SLC7A7,0.8000520386513437
SLC7A5,2.008193926688693
AKR1A1,4.462144233517561
AOPEP,-0.08300029160814791
NAGS,1.6935828731756597
NEBL,-1.0484834592872656
TMPRSS11D,-0.04018821005793908
SIRT3,0.6521075586731242
EFEMP2,-0.3984953130367134
SGTB,-0.3988068380568456
ACO1,3.3316889759554895
HOPX,-1.138693435777458
TNFAIP8,-0.7075638648914638
SDC1,-0.3939245846642087
ARG2,1.8116395930225222
ECI2,2.0730716092643338
GGT1,2.6757243397638004
AIFM1,1.8539332953570598
IL17RC,0.5341109547752583
GAD1,1.6603486937378558
GAD2,0.9042601367437166
BAIAP2L1,-0.8210840102789686
TES,-1.337979176959566
TSKU,-0.6508525476874354
MTHFR,1.3386408088826778
SLC13A1,2.0793549573658163
SLC13A3,1.275750549201525
PBLD,1.7201644126061513
FES,-0.0066313789407822215
SERPINF2,2.2809127598734857
ADM,-0.35806825134403686
STAU1,0.4196332906245225
RGS14,1.3808521407755545
PSPH,0.2149443181103905
STEAP3,3.9715001104930936
TBC1D16,-0.7641807494958732
KARS,0.8357923618735602
SLC7A11,1.9772662221041197
ELF3,-0.4612105023327169
TXN,3.068286105329526
SERPINA3,0.37072967660765127
CRABP2,-0.570573149621942
PTPRF,-1.1780533522419856
CDR2,-1.3027744443563456
NDN,-0.3075753147702344
MLH1,0.40711998075034195
GMPR2,0.7074874833649926
PLS1,1.2788145507030635
TDO2,3.332766716996199
PDIA6,2.1529162034630733
GPC1,-1.2105295772891695
ALDH6A1,1.959665376049609
ALDH1B1,4.39311148284266
MTAP,0.8450908287568186
DAZAP1,-0.07823118435529779
AARS,1.568726859375161
LOC101060399,-0.6994711565085777
CREB3L1,0.4300477188079861
ATF5,2.373797674419693
ATF4,-0.8066452536204227
FOLR1,0.5053758127001381
LINC00671,0.25430838013464185
KRTAP12-2,-0.3834876234156215
ADAMTSL4,0.9573866653814977
FHIT,2.6131537278838604
SRC,-0.6833706131344379
AMPD3,-0.7507047147691737
AMPD1,0.18859713397021516
MGMT,1.7830147125910922
AMPD2,0.13323597320732256
DNMT3A,-1.3681134342152366
REL,1.4516576237689964
FDXR,1.8736770476531905
SMARCA4,0.09488727819209855
HINT2,0.15253232216769233
HINT3,0.33941112135635326
RARB,0.24054650866983465
ERBB4,-1.7215839949271348
FOXM1,-1.3676264048467754
DNMT1,0.5379713269332904
THRB,-0.6517901755821512
APTX,0.9185050013992253
DNMT3B,-1.7183715353077196
ENTPD3,-0.6209107059939452
RPS23,1.3973166514914945
ENTPD1,0.4841512640228951
WWOX,-0.3090098456120437
RABL2A,-1.1265032962575683
ENTPD8,-0.04193271871627268
SH3GL2,0.7337404645847199
AK1,2.02440595865599
AK7,1.9611024011798093
AK5,-0.5550745254583366
AK4,2.3850619789214846
PTPRD,-0.9273421084734093
HSPE1,0.8127112009584662
SFRP1,-0.1328756738809613
ARHGAP19,-1.7199016265837794
SPX,-0.7790296577244703
CTRC,-0.039967564424550774
SPINT3,-0.8899796062755864
NTNG2,-0.792678697369104
MPP3,-1.0118262128898143
SLC12A5,-0.7116345663014642
SCN4A,-0.7129804075102608
PRKRA,-1.1665939842645305
THPO,0.26423102989893493
HTR6,-2.1529554857267126
GPR27,-0.5367176585780585
DBH,2.9247242010018746
RNF186,-0.23751175805730498
CSHL1,-0.6482687096756224
HGFAC,3.047893878443347
TSHB,-0.9246501744665238
TNNT2,-0.5569345106792267
SLC11A1,0.7988687428087485
PRLH,-0.12099141721892548
GGTLC1,1.0137185128274038
OXT,0.6375728941964609
LBX1,-0.09041718110837335
PSG4,-0.2372075639875244
FGF1,-1.9798885268997466
A1CF,1.5313977604819864
MYH15,-0.17950706237423947
GABRR1,1.3190372304773916
SCN10A,-0.12930836945865143
STXBP6,0.06482349405772694
SEMG1,-0.7654906524356023
FZD4,-1.1752130836073034
LGALS14,-0.60641558194882
RHBG,-0.3890453427615078
CDKL2,0.8233992117495974
CST8,-1.8282297817897597
GML,-0.9714040950676812
OR51E2,-0.7217720022352434
CHRNA6,-0.3204559535869796
MAS1,-1.1299960654168835
GPR37L1,-0.11188146480820058
IFNA7,-0.42884160259795695
RALYL,-0.8662719789353903
ABCA4,0.7964657047308865
KCNC1,-1.2581088396319617
PITX3,-0.34318140277178155
PARM1,-0.180901248881567
GCNT4,-0.11606776864999921
PGC,0.13725175703000253
TM4SF5,1.060099769159876
DEFA5,-0.8034388643071951
PROP1,-1.1436961300999167
TG,-0.08704764486653142
KCNJ10,-1.4613131841763503
UCP1,-0.9321349078767093
PHOX2B,-1.8830279585993641
ZNF709,-0.5264424169528444
FOXQ1,-1.3078102633322228
UBD,0.32612232187392526
PPP5D1,0.044089445121934176
CAMK1G,0.21919943165405273
BRPF3,-1.5718347507235113
CAMK1,0.7785959475088464
ARF6,-1.0905997393206335
TAF9B,0.5743437008403441
RCVRN,-0.8287055269069363
ILKAP,-0.07502143116939276
INSRR,-1.1944407301185205
TTC13,-0.3268380366582126
LRRC56,-1.1881538619258831
ZNF708,-1.880844875327848
ZNF66,-0.5962517133902925
ZNF791,-2.0836562808749344
ZNF77,-1.6128535636420935
ZNF383,-1.748372016384225
ZNF382,-1.744285384535169
ZNF354B,-1.856918256388621
ZNF700,-1.457478988266589
MAP3K7,3.2971008437651577
ZNF264,-2.494785481246819
ZNF782,-1.92292939854595
ZNF267,-2.8894632656374144
ZNF587B,0.7820271880473463
ZFP69,-1.7100910621606977
ZNF471,-1.7718144358071892
ZNF470,-1.7327641218964334
ZNF184,-1.4801388008757017
ZNF268,-1.2467642594965593
CTTNBP2,-0.9815430723004176
ZNF667,-1.710174227456404
ZNF45,-1.6980500463160695
ZNF44,-2.0371004969007234
ZNF404,-1.7914225873352743
ZNF680,-1.064018684672929
ZNF681,-0.9797362323864003
CENPCP1,-1.7610748263127884
LRRC2,-1.0667764673988398
MYSM1,-1.4557191392655
ZNF764,-2.027016533993634
ZNF284,-1.772262645336399
ZNF677,-1.7274696244143324
ZNF675,-1.965071343442608
ZNF674,-2.0515767398381026
ZNF440,-1.9118354968296596
CLK4,-0.8507370994190611
ZNF442,-1.8804821463670849
ZNF841,-1.836184908610708
ZNF845,-1.842005284003107
ZNF679,-1.713639824244418
ZNF273,-2.403049395906231
TTC14,-0.9934257345577984
ZNF569,-1.6533562831860469
ZNF568,-1.676316422052976
ZNF567,-1.88065635694523
HDAC10,-1.957401349318696
ZNF565,-1.8222861104047985
ZNF37A,-1.9450077937598753
ZNF563,-1.8256980240521126
ZNF562,-2.1815605763352064
ZNF560,-1.7551214915735778
ZNF699,-1.7159267822427748
ZNF214,-2.0229626330335813
ZNF195,-1.4091607158722015
ZNF283,-1.7615070191395592
ZNF57,-1.7894856090583107
ZFP90,-1.8443368038171757
RBAK,-1.9757181340746017
ZNF599,-1.8201376366705766
ZNF606,-2.020278112891169
ZNF607,-1.7255456831991023
ZNF454,-1.669602622982206
USP47,-0.8211126846147713
ZNF585A,-1.7279665770149553
ANKS3,-1.7166719464342846
ZNF669,-2.1905481930969306
ZNF347,-1.841673529198112
ZNF765,-0.7116248476452426
ZNF875,-1.806582809222611
ZNF510,-2.0230191764232894
ZNF766,-1.8858270775316786
ZNF517,-1.7431106816080753
ZNF514,-1.9244083992767496
ZFP28,-1.6958414004486544
EGR1,-2.3611384941773794
ZNF227,-1.9656755811426627
ZNF25,-1.790159962274952
ZNF823,-1.8992528027477111
ZNF583,-1.8312634041011917
ZNF584,-1.6693860249046664
ZNF587,-2.08140697636289
RBM12B,-2.1363933069205574
ZNF879,-1.7894227761231307
ZNF829,-1.7655673027037508
ZNF610,-1.6828701362833152
ZNF613,-1.7955918647841858
ZNF564,-1.956533853958655
ZNF614,-1.8077619539248606
ZNF616,-1.7431236634415133
ZNF619,-0.7381466544124423
ZNF426,-1.9127608343973992
TTC32,-0.9286722252212186
ZNF425,-1.7984703116235907
ZNF420,-1.7658347928369484
GUCA1A,-1.8943819917947258
ZNF429,-1.758934777467941
ZNF337,-2.298440870630918
MAP3K1,-1.3710894230990807
ZNF23,-1.322013694553805
ZNF331,-2.1253339185930633
ZNF235,-1.9418017515042345
ZNF233,-1.7089184845523822
ZNF34,-2.0333169615540045
ZNF30,-1.8005152108022549
ZNF836,-1.8144184533715992
ZNF175,-1.867529610103765
MGAM,2.494514152643883
ZNF354A,-2.0321425881226416
ZNF534,-1.7591325246503289
ZNF530,-1.7663186639065411
ZNF571,-1.9054362573813715
ZNF624,-0.6971347147294608
ZNF627,-1.6648682104831725
ZNF621,-1.7836005458016433
ZNF749,-1.9592348030027569
ZNF623,-1.6998779618527093
ZNF436,-1.978382189669727
ZNF431,-1.7546509760807225
ZNF433,-1.7221128643546293
ZNF432,-2.1689780343057463
ZNF92,-1.0990152843091368
BRWD1,-2.981036438124453
ZNF439,-1.7680753210411437
ZFP1,-1.7650194418179987
ZIM3,-1.165897032230347
GABPB1,-1.0260439453391592
ZNF324,-1.025180230411043
TSSK4,-0.5655273452241869
WDR20,-1.5550082872463145
ZNF473,-2.2082535331764404
ZNF689,-1.884734924093512
ZNF527,-1.7949904010422735
ZNF480,-1.7567285187116317
ZNF529,-2.089739052104009
ZNF155,-1.732197300097456
ZNF484,-1.9018528227897462
ZNF665,-2.1753483981876185
ZFP37,-1.844560146214519
ZNF33B,-1.8794010424302285
ZNF33A,-1.9305841323967032
ZNF132,-0.7705353233548149
ZNF133,-1.7842198807583067
ZNF311,-1.7899127558624606
ZNF317,-1.8799357390498779
ZNF251,-1.7943425039785352
ZNF250,-1.973874395251139
ZNF253,-1.6836013556852962
ZNF254,-1.0685419468657122
ZNF257,-1.9360883488340797
ZNF256,-1.7992149252864245
ZNF493,0.0035786167420664653
ZNF492,-1.758807138170001
ZNF490,-2.013325835842525
ZNF813,-1.811869736843065
ZNF780B,-1.9004721402846871
ZNF17,-1.7406574350728097
ZNF12,-2.6147694014632545
ZNF814,-1.8028294314301194
ZNF7,-1.7799908658162367
ZNF14,-2.3354360558252143
ZNF726,-1.769881204215535
ZNF684,-1.6434432463986983
ZNF557,-1.7515507190140676
ZNF554,-1.7177032075302816
ZNF555,-1.7483606623334007
ZNF649,-1.7733095784108066
ZNF416,-1.7231670242493993
ZNF662,-1.7967217414616823
ZNF792,-1.8538904596635866
ZNF93,-1.9519522193646293
ORC2,-2.9330900427496682
ZNF324B,-1.9641038130304413
ZNF208,-1.12612241872886
MCM9,-1.4171970080549
ZNF461,-1.7600304637460245
ZNF154,-1.4400703763526121
RHPN2,-1.0651490846171958
ZNF714,-1.718380571430781
ZNF98,-1.7536769013453892
RHOBTB3,-0.526027666152289
ZNF860,-1.7220013948009436
ZNF99,-1.812072410603002
ZNF468,-1.1772474385741796
ZNF790,-1.7159709487420638
ZNF91,-1.4821389954932316
ZNF543,-1.7787023573962835
ZNF793,-1.7740539901702388
ZNF460,-2.0249873983519184
ZNF506,-2.113337321702109
ZNF549,-1.177600144383986
ZNF548,-1.7913308391554967
PPWD1,-2.2531892197688275
ZFP14,-1.8254445727310809
USP28,-0.8875877119012885
TBPL1,-1.0993941413117791
TBP,-2.6825770387192733
GP1BA,-0.8017754331965284
ACTRT3,-1.556038795123347
ZNF559,-0.17388405330317916
TTBK2,-1.8721258030235335
PGA3,-0.01862201559747481
EPC2,-2.166211866406531
KANK3,-1.0414654491724886
ZNF878,0.6405281869090745
NID2,-1.6338711313464567
CPE,-0.6794882015232361
P4HA2,0.26607386161756635
CPZ,0.7467355069444249
MFAP4,-0.48968706848538246
GPR183,-1.839436915604254
WWTR1,-1.5846375507550665
THY1,0.29803026970991886
TACSTD2,-1.096277632831443
GATA6,1.0619468226241036
COL15A1,-1.6472757190295868
MFAP5,0.20206018040479315
COLEC12,-0.6610628830198039
ANGPTL2,-1.5484472041599338
EMCN,-1.2106339789248763
ITGA1,-1.6049221715345876
ITGA5,-0.7180503887372153
COL3A1,-1.6160280574862174
SERPINE1,-0.6046705267358331
ALPK2,-0.864445292617112
COL4A2,-1.0438086558628934
VEGFC,0.10629579900968757
CHST3,-1.0397434411102797
ZEB1,-1.0293263794630965
ZNF423,-0.20854197590233572
GPX8,-0.24414513884104475
VWF,-0.15905606333672756
MYH10,-0.9474079430528694
DLK1,0.8028974791217102
HTRA1,0.044354195447354375
TLL2,0.5631430195297914
PTX3,-0.8244307169119026
SPARC,-0.640345629077838
TFPI,-0.2780026931287012
PARVA,-0.8620177464312243
LAMA1,-0.007951285424795803
LAMA2,-1.829984344662662
LAMA4,-0.322058214376525
MCAM,-1.4614245350615225
LEPR,-1.231501967715812
ADGRL4,-1.1541068292057706
NREP,-1.2054536681143306
MXRA5,-1.668174101387391
MTCL1,-1.1159444639006049
CXXC1,0.6695148979158446
MME,1.195267652005662
CTHRC1,-0.7508179419916318
CALCRL,-1.4537227200395269
SPARCL1,-1.358343030600413
AFAP1,-0.9729011994293825
TWIST1,-0.7778062091209101
TM4SF1,-1.23051336466889
SULF1,-1.154501050763239
LMCD1,-0.8766487692373613
SLIT3,-2.3175681516155167
DEFA1A3,0.6386565972040061
JAG1,-1.6215166622868085
PDZD2,-0.9841026474950852
SPON1,-1.3313115753350029
ITGB5,-1.786927767332575
LTBP3,-1.4323408001084383
LTBP1,-0.49967968152288245
FBN2,0.8315908321954543
CA12,2.318986973561188
IL33,-1.2866008010958683
SOS1,-1.2893430099046246
NRP1,-0.9804148501210346
NELL2,-0.20174580807031828
BNC2,-1.3044281189837648
CILP,-0.5344677645213202
ANK2,-1.9256421983459078
COL11A1,-1.5543497313993726
DAB2,-1.2516714880813995
FBLN1,-0.2464648568943601
FBLN5,-0.3940330945294549
EHD2,0.7815242375189203
ADAMTS5,-0.13202294060740552
ADAMTS1,-1.5640979550264722
GNG11,-1.7377096795906926
FOXF1,-1.8690524872521452
FOXF2,-1.0979168096312928
PLXND1,-0.0028917500485758593
CDH5,-0.9327794145856414
CRISPLD2,-0.027501214841098368
SNAI2,-1.5551286869337309
FN1,0.45647858076774794
VIM,-0.4670694255876874
KCNH8,-1.463896563404243
CAVIN3,0.20837022424423846
CAVIN1,-1.1787330376885945
LAMB1,-0.8953652749009742
ADAMTSL3,0.5372562980341072
COPZ2,1.0322238734029978
LCE1A,-0.22598083578302747
ANXA6,0.04354361492338004
NID1,-1.0704060022833355
ANGPT2,-1.2183145203127692
ITGBL1,-1.2306128023802814
TMEM45A,0.5404119328218171
IGF2,0.4338184371165477
DPYSL3,-0.5564496527630315
PRSS23,-1.2921868035174473
IGFBP2,-0.5855707293719354
IGFBP6,-1.2634004423935143
IGFBP7,-0.23832411935387401
IGFBP4,-1.1502485678738936
IGFBP5,0.10947226045082753
COL16A1,-0.5568686674254857
GJA1,0.6219487632657517
CD93,-1.4528096258136507
PCDH17,-1.3672333445991114
GAS1,-0.20883871124783418
PCDH18,-0.8994479322377116
ANKRD13D,-0.7396144492411872
FILIP1L,-1.6123941454801907
PDGFRL,-0.6389692934351122
SPRY1,-1.2028533835168955
TRPC1,-1.439183397946419
NUAK1,-0.8980402486957272
HAS2,1.0998630886461693
COL5A2,-0.16718283648899268
COL5A3,-1.1907506357925939
SUSD4,-0.5867031678150778
TRAM2,-0.9131622099513966
HOXA9,-1.248028290946064
TGFB2,0.34786171609436156
PTK7,0.14641844674197602
JCAD,-1.4439495720248512
PITX1,0.179217570514545
CD248,-1.2620948670961325
LOXL1,0.2501951995187461
RGL1,-0.4931031798645668
MATN3,-0.3103205344786407
MATN2,-1.103146925009832
HEG1,-1.2794782405113958
SKIL,-0.8737336373100609
THBD,0.02350661541312251
CALD1,-2.0698169249897416
DCBLD2,-0.5873667278706959
AKAP12,-1.5103311081337003
NOTCH2,-2.476111845820947
ACKR3,-1.8553729094639209
COL5A1,-1.7144112304637111
TGFBI,-0.2547761252371397
MMP1,-0.6633564302922578
CHN1,-1.277447509554923
CAV2,0.3140905504650096
CAV1,-0.8754436707086227
EML1,-1.2620264395521925
SRPX2,-0.872076315925369
PLK2,-1.874295946260876
POSTN,-1.4116635172070902
RORA,0.9196249705928736
DZIP1,-0.26794743178642844
RAI14,-1.1755411168925387
F2R,-0.9955038215900863
GUCY1B1,-1.595169406528038
PRRX1,-0.12564695395503164
HSPG2,-0.9950335106291618
FBLN2,1.1395169000498715
CD200,-1.49649522357507
PDPN,-1.0096272119911234
MAP1B,-1.6794180152975495
FRZB,-1.8038936462919657
TSHZ3,-1.3082007866941288
ZNF581,-0.24770129709333377
KPRP,1.9929517345750871
LAMC3,-1.0886294878718823
FRMD6,-1.1247448899214214
NNMT,-0.33157804639337857
TIE1,-1.8599248222062372
COL12A1,-1.1482916132523524
COL4A1,-0.9349810164518759
LHFPL6,-1.5595302950826537
AMOTL2,-1.6406482763310475
FST,3.512019342634346
OLFM4,2.127230183488129
SNED1,-1.0992597739119636
DACT1,-1.257843895145162
A2M,0.9096852407871907
ENPEP,2.6808228086681978
KDR,-2.123559123271848
P3H2,-0.9559961306514141
LGALS1,-0.6394082783919933
GSDME,-0.5357294592145823
SFRP4,-1.648618736614575
KCNJ8,-0.6317838519374293
PALLD,-0.7804558232432246
COL13A1,0.9714127230167544
COL1A2,-1.2921883908297778
COL1A1,-1.1026455661343035
PPIC,-0.8768014176066384
CDH11,-1.8198513869849542
AOX1,2.540069908354238
CEMIP,-0.9179533861979469
ANTXR1,-0.5670597052382311
PLAUR,-0.1885536289738793
GJA4,-0.9785843600296062
ECM2,-0.00015849868370950373
ECM1,-1.1316052653079234
AEBP1,-0.36991688792089544
RBMS3,0.37831101126583544
LOX,0.042897193545764746
FAP,-1.2876689196810274
RGS4,-1.3944808209301855
RGS5,-1.2762128439059794
GLT8D2,0.13992680341856792
TPST1,-0.8689613751562325
COL18A1,-0.13467039428058153
ENPP2,-0.13588240778818042
EPCAM,-0.7393387528998099
PLXNA1,-1.3950687371234867
OLFML2A,-1.1850998834780653
COL6A3,-1.57880977987874
COL6A2,0.3086538344202063
TIMP3,-1.1232364162724207
TIMP2,2.9558685807638696
MSR1,-0.7789332368339046
MRC2,-1.4073728580073415
ITSN1,-2.034631191043183
DSC3,-0.6115789382344073
FSTL1,-1.2461560589866452
MICAL2,-1.1561822755954227
ARHGAP29,-1.5538519593061921
E2F1,0.7400975787807976
MSX1,-0.8304013300141362
BMP1,0.1274733363492661
KRTAP10-3,0.7446331318392941
TFPI2,-1.1453283817536983
SRPX,0.19450924139687503
EGFL6,-0.9592699207844737
FAT4,-1.4246082709275658
KDELR3,1.1664659204169177
PXDN,-1.4274918517588322
HOXC8,-0.6434245809155787
OLFML1,-0.8495781236084601
OLFML3,-1.1943940639910766
PTN,-1.66372406380751
LYG2,-0.8841886286776994
THBS4,-1.137556693421126
CCN4,-1.065190489348729
THBS2,-1.595024463901419
THBS1,-1.6977731199825012
PILRA,2.352546021226253
GUCY1A1,-1.621277561277299
PCOLCE,0.4336812390268053
TGFB1I1,-0.29061603610385
TLL1,-0.28410299212793516
EFEMP1,1.2975335486785928
STC1,0.24498692361769317
OLFML2B,-1.0693303581045295
ETV6,-1.7178497527273575
SDC2,-1.438417600786797
TNFAIP6,-0.6590237259043992
RBPMS,-0.4728881448130042
ADGRA2,-1.8610102866699458
SPOCK1,-1.060996233132134
WNT5A,-1.2604153784291239
GPC6,-0.600297863139875
EPHA7,-1.114766667036267
GPNMB,-0.9177524911604265
STOM,1.0963011348057945
FZD1,-1.8890905810324226
SGCD,-1.326840016279987
SGCB,-0.43952359304185323
SERPINF1,0.556118218460478
VCAM1,-0.17621960135676432
ABI3BP,-0.9679103349663609
TCEAL9,-0.651724988334414
EMILIN1,-1.315933530660643
CCN2,-0.45370764952267423
VCAN,-0.9314809070280373
ADAM12,-1.3737495691577941
NOTCH3,-1.1051436818568006
LAMA5,0.21026271644000796
RAB31,-0.03939358872224414
PLOD2,0.2492776344052586
GLI3,-1.5644669885260163
OSMR,-0.24410820560809882
COL8A2,-1.1574565487378212
COL8A1,-1.1729590494175977
ADGRF5,-1.3898112027358773
PLAU,0.20265652654522828
PLAT,-0.8118349039667411
GPC3,-1.0840034381948442
TNC,-0.9121883717231726
SERPINH1,0.2842173129863317
TMEM25,-0.10019876349799496
PCDH7,-1.2401505335919991
PTPRM,-1.597666706681913
PTPRK,-1.7185374303265346
ESM1,-0.6977088481419232
CYP11B2,1.8595210412996004
STK11,0.7075150020573854
STK16,1.805494079611828
DLGAP5,-0.6108867545498169
ZNF701,-1.2592537768937884
PIK3CG,-2.8857480211072875
ZNF585B,-1.4674424604369505
IRAK2,-1.2907121127366668
IRAK3,0.7175698523806737
IRAK4,-0.17266210842803556
ZNF43,-1.0328193128619623
ZNF41,-1.5054841582771044
CSF1R,-1.7671519861342013
ZNF682,-0.9874870481394031
CAMK2G,0.3099727503200074
CAMK2A,-0.5316873027362181
CAMK2B,-0.2900475009175247
STK4,0.783613487307648
LMNTD1,0.10689951126287757
ZNF676,-0.7111086106693939
ZNF672,-0.033183681296670396
ZNF671,-1.0850482329199798
CCND1,-0.5833861944484198
ZNF678,-0.7635582848136414
ZNF774,-0.7640185481873911
STK38L,-0.3897121800320146
ZNF771,-1.0434673790029947
ZNF197,-0.6019033445792382
CALHM2,-1.0844440289036477
CYP11A1,1.9308640657304281
ZNF519,-0.4014210745377359
ZNF224,-1.466300968614916
BLK,-1.238340829881763
ZNF491,-0.9788654746612219
KCNH2,-0.3643985488843617
CACNA1D,-0.3155416506159463
CDC123,-0.16369869625712963
ZFP69B,-1.0045633650836994
CDC7,-2.5261256846262583
ZNF573,-1.9936255887530896
PLAAT3,0.009455698430234258
ZNF85,-1.0995370783992393
ZNF84,-1.439574011540276
ACTBL2,0.49583958427699887
ZNF688,1.269536521979136
ZNF497,-0.8966094006343531
ZNF19,-1.008998780386704
MLKL,0.11852534088919667
ZNF16,-1.1754932741759447
ZNF10,-1.640692740667464
CDK18,0.12069726251554892
CDK10,1.008008474579913
CDK17,-2.031340131549342
CDK14,0.37308708673715973
CDK15,0.8841944855657738
ZNF304,-1.404886736279571
ZNF302,-1.2046833795152905
E4F1,0.011993637809201884
TTBK1,-0.5215743587571126
ST6GALNAC3,-0.2885121606413354
CYB5A,10.551179149092565
CYB5B,1.3948348916419893
ZNF544,-0.9946837830025413
ZNF547,-0.9059465311103999
ZNF546,-0.9494582559992997
ZNF540,-1.1172477903000022
PPP3CA,-0.9217013761131988
PPP3CC,-1.2313671665092658
PSKH1,1.2295305176770317
CDO1,-0.3085455651741489
GCM1,-0.6972013989541048
SLC25A11,1.8188101769358762
ZNF333,-1.1657692394920312
SRF,-1.3857923475585148
FGR,-1.3688091975580203
ZNF266,-1.5283528427181716
PIP4K2A,-0.5263758098959935
NMT2,-0.4899916644429115
RSKR,0.7388297090612285
ZFP82,-1.1074884409529464
ZNF670,-0.42671464798403785
HSD3B7,7.867207397662971
PAK4,-0.1923685697681452
PKN1,-0.10917210797959576
PAK2,-0.27784137977353845
IL10RA,-1.11541961907926
ZNF696,-0.9293077712886274
ZNF596,-0.7109717081402307
TRIB1,-0.2978189822315378
TRIB2,-2.0361602170968536
TRIB3,0.5050761171202592
NEK6,0.2114706207943266
ZNF600,-1.6519121260835425
AC006486.1,0.0016751861764974145
STK26,0.7063621254179115
ITPKB,-1.0651491248398643
PRKG1,-0.5419423126291726
ZNF768,-0.10346897354472573
PPP1R9B,-0.2550955062268553
ZNF180,-1.6478002878401847
ENG,-0.763283943149839
NAXD,0.25241121695615126
ZNF189,-1.6107870190779823
PDIK1L,1.1839227483963997
ZNF26,-0.8205626887163647
TK2,-0.47450617022783215
ZNF121,-0.9165380366043626
STK32C,1.0670193384295055
STK32B,0.5080758149689174
STK32A,0.7928748576160888
CALML3,2.7639297271519663
PPP5C,0.2655602153038637
CALML5,3.363830496526852
CALML4,1.5785983930875587
ZNF501,-1.0100594954024475
ZNF117,-2.004918491037299
ZNF502,-0.8810985424502555
ZNF112,-1.0390497552088738
ZNF239,0.9913524262898842
HDAC9,-0.6950594650709373
PRKAR2A,1.5927656458872659
PGAM2,4.139852955927779
OXSR1,-1.1537026698062962
FLT3,-0.17892061431262504
MYH1,1.2437890367225568
CYP1B1,1.4361898099257098
CDKL4,1.9854305906371035
RPS6KB2,0.6937914361919623
ZNF343,-0.3949618710523886
ZNF430,-1.2107600162090932
ZNF345,-1.5778964359810683
ACOX2,9.774637082612061
CDK5,0.6731167611460053
RAD51,-0.13481408239948733
GDPD5,-0.014861224785564463
CDK9,3.0965473027963246
ZNF441,-0.5406023382524356
PTK6,-0.9323412108047955
PRKX,-1.0486670991130422
ZNF721,-0.7539408852430811
CEBPA,4.219977224481484
ZNF3,-0.8809491395355599
MZF1,-0.9306382211090147
ADCK1,0.4285690298534839
AURKA,-1.01145460674467
AURKB,-1.225508313825844
PRKCA,-0.6795529692932339
NINJ1,3.1487226955839245
PRKCB,-2.138459393222608
ABHD14A,0.45088858278250077
AP2A2,0.680051980340944
NIM1K,0.7417619506761771
CTNS,0.5083984594603835
BCL6,-1.8692652364001794
CYP11B1,2.647154645883779
MYL6,-0.049132145614736035
PKDCC,0.13434373070986447
MYL3,0.5999075053424298
MYL9,-1.2810727462456863
MAP3K8,0.14429803556121806
FAM153B,-0.7523396963571355
DEAF1,0.8962578320645024
ZNF773,-1.139986081846534
ZNF570,-1.3175022699212948
ZNF572,-0.9440565036008176
ZNF577,-1.1714720034149433
VRK1,-2.4541783939791673
VRK3,1.1230587651639063
CREB5,1.0722611310293437
CREB1,-0.39302783316074735
PNKD,2.6986396249185267
ZNF334,-1.0389381803940494
PIP5K1C,-0.5771235597566687
ZNF79,-1.3069928865875022
MYO5C,-1.2506137041863474
MYO5B,0.16712459318844122
MYO5A,-1.5641136275894316
DDI2,-0.6801670035502752
RRAS2,-0.5317332114199895
ZSCAN2,-0.7338267348782302
SMARCD3,-1.2412730651340578
PPM1F,0.41312320513674816
PPM1E,-1.1528591475295884
PPM1K,-0.8384930922015007
EGR4,-1.6567956995010438
CHEK1,-1.4843976385796775
STK40,-1.1885592280748005
ZNF582,-0.8734307173811237
PTPN7,-0.26717544273766586
PTPN6,-1.6648116264872321
ZNF615,-1.2351684309605777
MOCOS,12.63065717073886
CAMKK2,-0.44104157855773046
CAMKK1,-0.39325223013026483
STK33,1.2900191526480675
STK38,-2.1082915970816707
CDK4,0.5210047385276914
LCK,-1.4127111943437736
SYN1,1.5142135913641004
RPS6,-0.20525947926453925
ZNF35,-0.961992932681673
PTAFR,-1.5634055474559456
HCK,-0.5638884071024869
ZFP3,-0.517248810137023
BMP2K,0.7861436560537329
CD86,-0.8529318506025352
CDK6,-0.9754805745496815
MARK2,-0.43511973149030725
ZNF107,-1.8481904901401522
ZNF100,2.880827650082852
ZNF248,-1.1294528966525337
TSSK3,0.5983824290503826
ACSS2,2.9146957595782546
ACSS1,1.8957004419813
ZNF329,-1.317018334720314
ZNF660,-0.8457453610061724
SGK1,-0.5497893338336127
IL16,-2.388093656852598
FIS1,1.525057203316382
PLN,-1.0403173925160139
PEG3,-1.2310568339971881
CAMK1D,0.8648326715743643
SPATA20,0.1815048693410639
MAP2K7,0.3813579072968489
MAP2K6,-0.24480338042794667
HPCAL4,-1.4194619705667195
MELK,-2.3868339570076427
GAK,1.2736548862586465
NRGN,-0.6313933464702206
PPP2R5D,0.6850285723778552
STK39,0.6509207740105032
SAMHD1,0.9194587276951368
ATF6B,-0.6848086879780949
EFCAB2,-1.0735459553358393
ART4,-0.12481591162288883
AKT2,0.016909768603342448
AKT3,-2.0040440927160352
ZNF70,1.5402846733866307
ZNF71,-1.0616575208685117
ZNF141,-0.8282441688128189
GRK3,-0.9747315758653963
ZFP2,-0.6613090591318742
EDN1,1.3884682624593196
ZNF664,-0.47298354476763316
ZSCAN22,0.722510811873775
RNASE2,0.7875169823755849
TAFA3,-0.5530781724798903
KCNN2,-0.559146049025058
BRSK2,-1.0341186310432693
ZNF443,-1.5201268544626942
GSK3B,-0.3741688942814864
ZKSCAN7,-1.0726382023938241
ZKSCAN8,0.20066572672805966
ZNF211,-1.8710133307567607
ZNF219,0.20422620299458183
DCLK2,-0.15884388552607853
CHD3,-0.9465612306170148
PPME1,1.0577688473152027
PIK3R4,-1.017894616702963
PIK3R3,-1.8974278197730574
ZNF287,-1.2396845395670109
ZNF285,0.7785959475088398
PRKCE,-1.4722314298179924
ZNF566,-1.3958023189529118
CDKL1,1.5972936042102186
SIK1,-0.7079897256595248
SBK1,1.7556099456333654
PBK,-2.321896213629834
EPHA4,-1.6918697128127054
EPHA1,0.06887443558658156
TMCC1,-1.517098105596196
MAPK10,-0.4700444197472335
MAPK11,0.49200480320666684
MAPK12,0.37036206114410114
MAPK13,1.575455205008933
ABL1,-1.1000694317159874
CCDC106,1.3433267022726667
ZNF625,-1.2672955757799074
MAPK7,-0.29966087187671686
PHF19,-1.4469440314657491
CGB2,-0.564834672244089
VAMP2,1.4820169567950714
FADS2,1.9428383839012893
CSNK1A1L,0.8790439522532513
ZNF485,2.885705421577022
ZNF134,-1.4143465530821382
ZNF135,1.1768473776630741
ZNF136,-2.5202508165910342
MKI67,-1.9674540494231048
RPS19,-1.2181037192684558
ARL2,1.872742988573571
RIPK4,-0.9110525978557354
TSSK2,-0.41763936121321044
TXK,-1.3924550708500898
AKAP5,0.7669859745890534
KRBOX4,-1.3366488115144846
ZNF419,-1.1870765861201893
ZNF551,-1.2168080551716804
ZNF417,-1.5146879759419831
ZNF415,-1.185177616113709
ZNF558,-0.348170263994329
ULK3,1.8098521943616066
PIM2,-1.4214639650791472
LONP1,2.1401002342491906
AAK1,-0.6611762105789588
PDPK1,0.3174313867044852
CREB3L2,0.9019586752504198
CREB3L3,1.5674502288672763
ZNF286A,-0.6870425349100808
RPL37,-1.007659254361581
NCBP1,-2.5426992820513767
MFAP1,-1.9704714279480247
PDCD11,-0.1537893190558134
SMG5,-0.45031791194716625
SMG7,-1.4815217549448072
SMG6,-0.9047448195360368
SMG1,-2.130718992722278
RPF2,-0.9208991339434863
SMG9,-0.9982870804503243
SMG8,-1.2406438365873662
NOB1,-0.35734586027662435
PPP2R2A,-1.4848647405727973
IFRD2,-0.43862660571320305
EIF5A2,0.5026311058610591
YBX3,0.8886456783399874
RPS27L,0.5425040020758685
POLR1B,-1.6138404498610839
POLR1C,0.5956342264951161
RNPS1,-1.4333382599453572
RPL7A,-1.4278393623095333
GMDS,2.4235741272689313
PPARD,1.3644508924256813
PYM1,-0.6979442368878508
SERBP1,-0.634168064465447
EIF4A3,-2.307479336664519
RAI1,-0.8451113104003257
MUS81,-0.30407962594701726
NEDD8,1.044026466150648
RPS4Y1,0.366820845399245
SPCS2,0.12389492404770541
TIMM9,0.2952909406525034
SRPK1,-1.8349480893591545
TAF1D,-2.126849347103754
SPCS3,0.7131846540494915
EIF2S2,1.0059455509410933
MCTS1,-0.4201937951537921
SEC61G,-1.2297494766012096
SEC61B,-0.9625360450674455
EXOC2,-1.3557929661675847
TRMT112,0.008564604645182104
EIF3J,-0.6271459089246901
EIF3K,0.7191118614800727
EIF3M,0.11301255294059095
EIF3A,-1.001190277698913
EIF3C,0.18426857109956837
EEFSEC,-0.36305950608471826
EFL1,-0.7955467196536218
RPL37A,0.5571202389148995
RPL27A,-0.6332726154223657
EXOSC8,-0.3604098448276271
WIF1,-1.1386040827049928
ARFGAP2,0.7426367003560029
EXOSC2,-0.024950016780140798
EXOSC4,-1.0507091944826872
EXOSC5,0.5391524059953519
GTF2E1,-1.780402937542958
DDX56,0.8487252493986304
PLCH1,-1.027361532488034
DHPS,-0.6622396864184802
CNOT11,-0.6323195818651931
ZNF24,-2.022560990870738
EIF4H,1.7617745072127415
COX7A2,0.537937785329576
RPL7L1,-0.5399756392872688
RPLP2,-0.394918598436877
TEX10,-1.9426571183245462
RPL41,-0.7988869373354135
UPF2,-1.750477660193211
C1QBP,1.7961791775273117
SRP72,-0.27455155848319346
RANBP1,-0.23830332159289006
LETMD1,2.1853816771389094
RPS4X,0.5140031719004113
RTCB,-0.021334750314249445
COASY,2.2827677160962994
RPS3A,-0.9238472253607629
RPL10L,-0.2501436371682315
ERCC4,-0.8624550676907732
ERCC5,-0.5158945214947169
RPS4Y2,-0.729573007855824
MRPS11,0.8124687483166678
NOP56,0.1150565554883338
MDM4,-1.8597338586447847
NDUFS5,0.3045301623612238
LSM8,-1.577282381373989
LSM5,-0.15607746130065497
LSM6,-1.8063199756883783
LSM1,-0.6773660959703605
CASC3,-2.164332806336495
HIST1H3D,-0.6660221464886951
DPH1,-0.5779079634774361
DPH5,-0.6675373683358148
SSR3,0.025434340128846586
SSR4,0.17953427788780305
SEC61A2,0.8357933360942061
NACA2,0.8619398711433431
LAS1L,0.5723975500104371
RPL14,-0.7856515107514725
RPL15,-0.06129420795098755
RPL23,-1.1478686783227177
RPL39L,-1.2307671394854702
HIST3H3,-1.5694300269975192
NOP10,0.0037265941290292163
ROMO1,-0.2967660157337994
HSPA4L,2.8494878637190406
BCCIP,-1.4465172669303463
RSL1D1,-1.6109359204243405
RPL18A,-0.06128109453635042
ARRB1,-0.27862461651372683
RPS9,-1.2060609618219298
RBM8A,-1.8956236468393748
PNO1,-0.7766018102805197
RPS26,-1.0717122831237083
RPS24,-0.5176491566619006
RPS25,-1.2381913839706225
RPS21,-1.0656517026285715
MAST3,-1.231374021159243
SRP68,-0.025079947620499046
MAGOHB,-1.9845952335930164
DNAJC3,0.5936259649391036
RDH14,0.18466421470075395
RPL28,0.05420018175586463
RPL26,-0.9895292431798529
RPL21,-1.232326882169172
SECISBP2,-2.1200897991712955
TRMT61B,1.46544541094456
RPL22L1,-0.94372974201223
HIF1AN,-1.3093029067801953
EIF1AY,1.2298421813321405
OAS2,-0.7040713687507794
MAGOH,-2.4635145872731092
MRPS9,1.1516707331223568
NKRF,-1.819547888071785
UPF1,-0.17404138467968933
RPL6,0.5475667349225183
RPL7,0.26779640883890177
RPL5,-0.5193929958350738
PABPC4,0.6521807039065785
EXOSC10,-0.5466492275111355
NACA,0.6010344587994356
ISCA2,1.512075403137264
POLR2G,-0.9296820828097155
POLR2L,1.5222059794457474
RPL35A,-1.1920695323712691
NPM1,-1.6601288909593332
PABPC1,-0.3299728270127316
PABPC3,0.41156214606550917
NSA2,-1.0796622287980364
HIST1H1E,0.26052772577493527
EXOSC9,-0.678396137259205
PSMB1,-0.133259292169591
RPS13,-0.05609001123046956
MRPS12,1.4132865625226836
RPS11,-0.8565698716325423
RPS10,-0.7552761688399855
RPS17,-0.04654456514634255
RPS14,0.79272810582741
RPS18,0.10279196006985702
IGBP1,0.4190256287982913
RPL3L,-0.4218647196296004
SRP54,-0.020838826642822585
SNRPN,-1.5877701298311218
RTF1,-0.543736537991608
SNRPE,-1.279133631847603
RPL26L1,-1.4404009784751257
RPL39,-1.1898050134236247
RPL34,-1.1495661271050033
RPL30,-1.131349392378995
RPL31,-0.4263213786016884
UPF3B,-1.430170736149489
UPF3A,-1.7864037068592091
DKC1,-0.1917919867795293
COPRS,1.369975590327074
SMARCC2,-1.8077603772999133
HIST1H4B,-1.2461790922196077
SMARCC1,-1.9682330526713487
HIST1H4E,-2.0546127276620485
HIST1H4J,-2.282521669437619
GLRX2,-0.6212403827945261
DCTPP1,0.39897107878713844
SCO1,1.1045078460550775
LYRM4,0.9065858750650267
PRPF4,-0.6689149259740985
EARS2,1.8839025135913054
PRPF31,-0.214656812948945
CBFB,-0.06958531693752204
MRPL51,0.7445094406480807
NDUFA12,0.4753249927867994
DPY30,-0.13983182897428176
SCCPDH,2.7728309838144933
USP39,-0.6749323715864162
HYLS1,-0.7522789503312302
SNAPC5,1.1261109357915728
PTRH2,-0.999441571146285
MTCH2,0.8480807780478944
H2AFX,-0.18479091518027968
H2AFZ,-0.10222353328411646
POP5,1.0652157261667123
MRPL24,1.568170301143097
ADCYAP1,-0.3652617587368324
PTPMT1,-0.24656101209402329
GTF3C6,1.385535810552864
SLC25A33,0.005514571935374271
EFTUD2,-0.6231612266293625
PSMG1,-0.4926872201285518
HIST4H4,-2.1663311873569926
NAXE,2.186077262619779
HIST2H3A,-2.0389965499613223
HIST1H2BC,-0.578024006737835
CMSS1,1.274484783427218
RBFOX2,-1.2612023339181735
VBP1,1.101404686246404
ARRB2,-1.2140676564293076
NDUFAF3,1.580928258962996
NDUFAF2,-0.6415209694243518
ADSL,0.8082646931248888
HYPK,1.1536521913219187
MICOS10,1.2022026765802263
CFAP36,-0.6728330333034723
GEMIN5,-0.0073092890245585905
PSMB6,1.3390247073995887
WIZ,-1.0137921868717719
CRTAP,-0.6471232094902172
ARL3,-0.7194321267530172
HIST1H2AJ,-1.3085085668922367
HIST1H2AD,-1.396952134166898
TXNL4A,0.6769737474283114
HIST2H4A,-1.58033158915209
TRMT10C,-1.2553381747474048
TIMM50,12.327868466789488
COA6,1.3985195250186346
HIST1H3C,-1.0828803429176008
FAM216A,-0.08903954999279101
HIST1H3E,-1.5004760349133432
HIST1H3J,-0.8892655808094491
HIST2H2AC,-1.303984340180846
KTI12,-0.49849146123172233
EWSR1,-0.13355250612526165
EPG5,-1.10400851518849
LINS1,-1.261962976010766
KDM2A,-2.471733119828096
CEP295,-1.5485986121408122
AKAP9,-0.8148067405767923
ZSCAN16,-1.3606909708492954
DSTYK,-1.5886412844008941
RC3H1,-1.464198791956959
ZNF451,-1.1285486305717294
AHSA2P,0.8944652584926908
RSBN1L,-1.4998496493217968
TTC39B,-0.20997701927252238
CEP85L,-1.392409693063213
NPHP3,0.1671822807481714
SLC4A7,0.4334688280095691
ZNF816-ZNF321P,-2.0599391350525704
AKAP10,-1.9914821107923626
NCOA2,-1.1681789516723202
SMC6,-1.4198129190030013
ERICH1,0.8139866701628041
ALG13,0.4677269896930547
SREK1,-1.5716423024567083
ABCA5,-0.5542476399125336
PBRM1,-2.209075858396431
RBM6,-1.8658403510913786
RBM5,-2.71993115548238
RAB2B,-1.1080042961389152
ARL16,-1.1334800480724616
DDX17,-1.6419800630881627
CDK13,-0.858333344449244
CNOT2,-1.498337419210147
N4BP2,-0.9837942617449074
MIS18BP1,-2.0743582114488652
SEPSECS,0.5054527584819296
HMBOX1,-1.6174811728596945
PNN,-2.5241031348869742
FAM126B,-1.1559608873807652
IKBKB,0.9949486937080153
TNRC6B,-2.4372415738424147
PCF11,-1.9575177609517842
SMIM29,-1.464603472348076
NPIPB4,-1.4740929627571377
CEP192,-1.5945489160232362
BAZ1A,-2.7014712450183946
SSH2,-0.2598003624037116
MANBA,0.45951902528098676
SLTM,-1.4794569470975052
NFATC3,-1.2818652562478878
CCAR1,-1.8702134944740607
SHPRH,-1.7285485422446067
CEP97,-1.8559353735792499
MPHOSPH8,-2.478012641850668
ARID2,-1.8357558630501185
HSPBAP1,-1.8012686870388352
LCORL,-1.2501093198799629
RCOR3,-1.3265078543178244
RASGRP1,-2.092272265396134
ATXN7L1,-0.7747433463059382
SNRPA1,-1.2507198267165507
USF3,-1.1562396245702855
TRAPPC10,-2.253805385454163
U2SURP,-1.6613825081955598
ZNF808,-1.1886669396774412
ZNF805,-1.358452838152149
UHRF2,-1.7657052979474595
TAOK3,-0.1754122311214395
MYO9A,-1.8899948200069674
USP3,-1.8135017092998307
FAM13B,-1.996822096509333
FAM192A,-0.6107533131708138
ARAP2,-2.225589444016583
RALGAPB,-1.534634001317319
ATG16L1,-1.5009753764788931
MFSD8,2.0281102193034353
RUFY2,-1.487552285262649
KRIT1,-1.5202248839446244
FBXO11,-1.5923272834399336
PRPF4B,-2.197823469073159
ATF7IP,-1.086717804900884
RAPGEF6,-1.5188190190522448
S100PBP,-0.5741890887981901
SLC30A7,3.267570203263286
EML4,-0.22759529888276495
DMTF1,-2.0883507922206865
ANKRD49,-2.193571568241294
SETD2,-1.216181958843699
USP37,-1.811756004559631
SYK,-1.3681192301496319
TTC17,0.0383089089724219
ZBTB20,-1.8617803688874968
TASOR2,-1.9859421288254842
MED23,-0.6878544706489285
RICTOR,-1.9660128452578305
USP48,-1.6800135192334351
JMJD1C,-1.8402969479479332
RBM39,-0.6405841959157528
CDK11A,-0.10482972852333508
TENT2,-1.781129534232732
ZNF586,-1.7226779919488766
REV1,-1.496910952386461
EHMT1,-1.3688794608039028
PHTF2,0.33386348090396956
MARK3,-0.5549111738634773
ZNF101,-1.3977250120693727
NAA16,-1.4991752880017495
NEMF,-1.8709542454978996
FAM214A,-1.4210158043283705
CFAP44,-1.3260224497271667
SON,-1.9857350951152084
NIPBL,-1.9895532232513817
HNRNPA2B1,-1.0044667079234573
RSRP1,-2.0809804130963507
PIGB,0.2530637046238042
WDR33,-2.244008914764598
KMT2D,-2.030436456763257
PKN2,-1.764384397910253
TIA1,-0.4823717768204539
ZNF292,-3.055430242239512
SP100,-1.5659431063095994
PI4K2B,-0.8952509665294967
TRMT13,-0.9262616651647001
ITSN2,-1.773119337296996
CAPN3,0.5897372627225187
PHC3,-2.000328128125703
CREBRF,-1.8721433230260467
ATG2B,-0.25674726370212964
FAM76B,-1.3208040905427498
L3MBTL3,-1.2741780001493423
XRN1,-1.4097348862389438
NRDC,0.7318229304595022
TRIM33,0.12600068390910676
LUC7L,-0.3509261625056612
ABHD18,-1.3487860953022444
LRRK1,-1.0125761945841363
CHD9,-2.010779900359768
ZFC3H1,-2.433987065315137
ANKRD27,-0.41705795600498485
KIAA1109,-0.3046627375124179
KDM5A,-1.7574879487346677
AGO4,0.5334867992255239
AGO2,-2.400316552495254
FNBP4,-2.493781222194806
BCOR,-1.9221215966369922
GPBP1L1,-0.47921170242539035
ZNF138,-1.47946755192055
LPXN,-1.9538635085686136
MPPE1,1.1744336891651175
VPS13C,-1.7793643015401697
VCPKMT,-1.3609955582050657
DENND1B,-0.8024058086557463
RASA2,-2.1245121766688624
ZNF707,-0.8987479608674732
BPTF,-3.29549582387226
STX1A,1.3839870680870112
MRPS10,-0.7559682796248222
CENPB,-0.574760803554662
ZNF747,-0.6911077876939398
MRPS24,-0.4807831281740777
MDFI,-0.965035701341857
MRPS33,0.6904631929594212
MRPS31,-0.7182884414936688
DCAF1,-0.8330704884085491
ZNF783,1.055748052496291
PTCD3,-1.2988079924609375
ZNF579,-0.8407769322575416
DAPK2,0.21811652311250992
ZNF316,-1.316929681480956
SIRT1,-0.6567053711766329
ZMYM6,-0.4782531151922062
ZNF445,-0.8310889510342981
MRPS5,1.6971106918797914
MRPS18C,0.8989273184839883
HIST2H2AB,-0.7547932587256376
MRPS26,0.3510340233568592
LLGL2,-1.1823174801284184
KRTAP10-7,0.6922675522194138
KRTAP10-5,0.3571457606648028
MRPS25,-0.28085142374169797
MRPS22,1.2252706842031287
MRPS23,-1.0463339944190164
MRPS28,1.0418669531634674
HOXA5,-1.328194995551824
NKTR,-2.698229342931439
DHX57,-0.7680510487139903
TOR2A,0.12701354930114508
NIPA2,-0.6544945777107011
S100A10,-0.06896139316820753
SMAP1,0.12967609352459214
TPD52,1.6212763739285159
COMMD3,0.8885450430191799
DRAP1,-0.8844639357499239
VDAC1,1.6179542357507628
PARL,0.881949680434808
GNG5,-1.1364880331343867
PTGES3,-1.637992890319374
NUP54,-1.4555688507126798
ARPC1A,-1.333081368769315
POLB,-0.9049368329648326
FAM49B,-0.9498594771504696
CLTA,0.4101835852642594
SUMF1,0.323587666343009
PSMG2,-1.069367559319237
TMEM70,-0.4060737403795579
FDFT1,2.26852009450901
NUDT9,-0.27421661970185324
CLNS1A,-0.09787200169291228
MRPL15,1.1120744680787114
MRPL18,0.26939995108261217
TPRKB,0.8009957614581495
ITGAE,0.688387966780299
PTDSS1,-0.10750349142123511
ZNF207,-1.7031577271070522
NDUFAF4,0.03464870192955066
NDUFV2,2.555285500303244
PSMA3,-0.8330149109775685
LAPTM4B,-0.4516097084030081
EMC6,-0.7457762122881616
ENY2,0.06568225866626452
RAB10,0.7327011333710768
NDUFA7,1.4700077682435002
NT5C3A,2.030834881348402
CKS2,-0.5259673562165097
JPT1,-1.1523593649463444
MAIP1,0.25304169850832703
CMC2,-0.9057004235744017
NT5DC3,2.469397502976534
MRPS16,0.4720157095784908
UTP3,-1.6832879671008898
GTF2A2,0.26846755842236153
TMEM258,-0.638714635732622
WDR82P1,-1.444479067483311
CIT,-1.6363675420863422
CACYBP,0.2433484542134339
CNIH4,0.9110977216475544
TRMT5,-1.1091523209799337
DYNLRB1,0.47831822100553584
CNOT7,-1.5050117658821107
RMDN1,0.9661487672450233
LSM4,1.8160554681735896
COA4,0.4629948373596653
INTS8,-0.1889961328437485
ORC5,-1.2492595199720544
LSM3,0.07102492444027614
UQCR10,0.5182298324467906
LAMTOR5,1.4126802014847621
EEF1E1,0.5976555165099938
ZNF704,-1.3443302162049873
IMPDH1,0.8381429277052128
DCP1B,-0.764670191444232
SF3B3,-1.8917179134813644
SAP30,-0.8661754091811635
ZNF260,-1.2280167021029629
ZNF414,-0.9602938420354867
SIN3A,-1.2670841353337188
SUDS3,-1.057270428205725
INGX,-1.5273339532546177
TRIM67,-0.40431003794869824
ZNRF3,-0.5768894613872565
SAP30L,-1.0408632174818957
HIVEP1,-2.397144646385375
ZC3H10,-1.0499606714317318
FAM168B,-0.8259623318501111
PRR20D,-0.4534963287613827
TEX37,-1.6491062420677016
JUND,-0.811599426147306
ZC3H4,-1.3652899258390665
HELZ,-2.7582073849919
MKRN3,0.09796624857707006
MKRN2,-0.9736049180260564
ZMAT5,-0.4388029017335799
LOC105370298,-0.485607522918761
ZRSR2P1,-0.8879475644836292
DAB1,-1.3826733492646686
MLLT6,-0.830366357928169
OXER1,-1.5700594084207047
RBPMS2,-1.025124148464998
DDX39B,-1.55538447652619
RBM27,-1.2934138433918574
U2AF1,-1.1786386171113465
PRR3,-0.8549740263837109
KRTAP6-2,-0.6703556690922514
TENT5B,-0.8967584702058191
OTX2,1.0307075694113523
ZC3H15,-0.7357136302489198
TRMT1,0.7527005851249772
ZC3H18,-1.4397737153115022
MSX2,-1.3454767283186075
RBM4B,-1.524847199244523
ZC3H7A,-1.7593442983305132
TOE1,-1.195544697871781
NCS1,-0.8083935859812148
PPP1R10,-0.14781788595333853
NUP42,-0.7006975924177612
C10orf55,-0.8368133962464048
FOXH1,-0.5932196693894477
ZRSR2,-1.3360884113793774
CPSF4L,-0.9296771019001718
PRR20E,-0.918181581102381
PLA2G10,1.376096285909165
ARID5A,0.4836963125407495
C19orf54,-0.4243996130858874
ZC3H3,-0.12091644072786605
PRR20C,-0.5340026428782386
NFYA,-1.6016616240034915
PIAS2,-1.7531110725520351
ZC3H6,-1.251378229817698
RBM26,-1.509520559257063
ZGPAT,-0.007635935325246491
PRR20A,-0.4856075229187632
FOSB,-1.3231472923516365
POU2F1,0.2799802160870025
IDI2,-0.3265433635913234
TRIM14,-1.5125507702024399
UBE2DNL,-0.9535762450759334
PRPF6,-0.5097141831275971
SUZ12,-1.5776185474100832
TSPAN15,-0.4814285073481045
OSBPL2,-1.191134659505598
SYNCRIP,-1.3660930637625441
XAF1,-0.13657046921210972
DNAJA1,1.436032439865427
PARP11,-1.0105159271206132
RNF2,-1.7264367106615919
FBXW10,-1.3955958856771882
YTHDF1,-0.2087534149708659
KANSL2,-1.8103843875359844
NFIL3,-1.5198539460090148
TMEM123,-0.37174374652327735
GID8,-0.9106863624181138
CDKN1A,1.8456349867872663
SART3,-0.373032844482304
CLP1,-1.53973512870595
POLE3,-2.100022887237734
RTF2,0.8543113580107264
FBXL21P,-1.1935254055474909
FBXL22,-1.0973720437626748
NUDCD2,-1.1165160604390754
GRPEL1,1.207361302639222
TRIM55,0.8870685014698255
PLP1,0.5832118725757433
TRIM52,-1.4700748089861224
FBXW2,-1.139681415964245
HNRNPC,-1.2215146459378674
ADRM1,1.8636224072155483
WBP11,-1.9020782020754765
AIMP1,0.04699963919909182
WAPL,-1.85578257450353
COMMD3-BMI1,-0.018849492099183227
TLK2,-1.6518024007237067
TBCC,-0.7349026956256242
HNRNPF,-1.4209811297962893
FAM32A,-0.5564155434713044
TOMM20,0.9463795160019814
LAGE3,-0.36406183159661937
DTX3,-0.8085945583751112
LACRT,0.2782748778342344
MOB1A,-0.1809100548498338
CPLX1,2.1722960911615803
RNF166,-0.8971026553599177
TM9SF4,0.6349973786661662
CSTF1,-2.021331359461735
USO1,-0.5734079408225224
HIPK1,-1.4000566063059245
SSH1,-0.4655187910324518
REXO2,0.13152126315421864
KPNA3,-0.21148361587644887
KDELR1,0.927028151532822
VPS72,-1.0896948917012523
UGCG,0.9592992542226328
TIPRL,0.13205178167175802
RAB7B,-0.39327345705256006
NUP153,-2.004004871372005
GABRD,-0.2092585557324592
AGO3,-1.8187792386346968
DYNC1LI2,1.106356214468471
TNPO1,0.6134212409697611
PRPF40A,-1.6817545723414515
PDCD6,-0.7031907650553113
IGHA1,-0.6854219253394571
MTF2,-2.270398863319626
ZNRD2,-0.9248032002613611
USP13,-0.9263065195963893
ATN1,-1.5400418365332047
FOLR3,-0.20397616370455998
ZCCHC10,-0.3801692833113787
AGK,-0.4255958053212116
UCHL5,-0.8189461779619402
ANP32E,0.769884690136131
SRSF10,-1.0398929391757237
ANP32A,0.35952960951398527
VDAC2,1.6783567819099536
C8orf33,0.5556125433252578
RBM15,-2.180536194333709
KHDC4,-2.0539036941452182
TAF1B,-1.367681899624697
MRPL50,0.5773660369722478
ZC3H14,0.011153845592124458
DHX9,-2.7624084612931026
DIMT1,0.9390319381254212
OSGEP,-0.3574627901456142
NUP98,-2.4046186538577894
NDUFB3,1.373416256098975
NUP93,0.3237665205669768
TAF1A,-2.0061430586127
HSF2,-1.4227248481967039
IFRD1,-1.4579900343376624
MED12,-0.9821953757159688
CEP83,-0.8578781827621781
HNRNPDL,-1.106416546254071
DDX46,-0.8173759075438516
DBF4,-2.4439607414208773
PYDC1,-1.4506489098786477
SNRNP27,-0.6097647963845813
TSN,-0.48787754200847666
HMGN5,-0.4793863640096309
PDS5A,-0.9685946579119445
GTF3C3,-1.082308196680833
KRR1,-1.2621084217666263
TNNT1,-0.02160686359625655
CHCHD3,0.916248396845063
CCT8,0.8677157826671522
BMS1,-1.7675426068792668
FARSB,1.1961818674876412
IPO8,-1.926172765053662
CETN2,-1.1824829319564734
TTK,-2.7755258358824477
HMMR,-0.9124766713511839
CCDC59,-2.0089325254376327
PAXIP1,-2.582831274583861
FAM136A,0.21441822441838135
FAM120A,0.16049007884116165
RPAP3,-0.7842823783048817
GART,2.3974839179514413
ARL5A,1.3767824402192212
MCCC2,4.893740341417495
NUFIP1,-1.3131514167943243
ZC3H8,-1.2116365409010161
SNRPB2,-1.386500609170498
DNAJC9,-0.36134614286741557
TOP1,-1.052786789311181
RRP15,-1.2551734817707203
NUP133,-1.3586865623973876
KIF23,-2.524468811364198
PRKDC,0.49485001161889525
UNG,0.7473231975168894
PRKCSH,1.677153609340365
MTIF2,-0.20359967876669746
AKAP11,-0.7328664064550509
DCTN1,0.2967494677507841
DCTN5,0.2290660844935098
PHAX,-1.1055115503373094
SMC2,-1.875255511701302
GRWD1,0.18084587773024152
ARF4,0.1455204567254415
SOAT2,2.9690641183886224
RBM17,-0.056395995712372145
TFB1M,1.1629391793416832
CEP44,-1.5029604866484063
HACD3,0.721803110491121
RGPD3,-1.028808558500471
NOL8,-2.2911018266686534
NOL7,-1.0625717912514046
MOB4,-1.1891043563738124
RIOK2,-0.8364625584320562
CEP170,-2.365935156830694
LTV1,-1.5728941027079242
GEMIN2,-0.9551927514467983
TBCE,-0.6763906386476143
GEMIN6,-1.1378007211479757
UBFD1,1.6171065520965966
ATAD2B,-2.3316088907731025
LUC7L2,-0.9473188121274649
CDC40,-1.3743287820657462
ZWINT,-2.0554933661453427
HMGB2,-2.719259131237039
HMGB1,-1.3040905209150069
TPP2,-1.4464913699013242
CPSF6,-1.5266065794073014
CTNNAL1,-1.2544116437488102
PRC1,-2.283989859237038
ERH,-1.506138298225725
FRG1,-0.9843637174201135
CCNA2,-1.4549831037270597
PMPCB,2.124577444081277
DDX10,-1.736011577748597
CDK12,0.32988471953072734
SINHCAF,-1.2974421201697992
NARS2,-0.42415167982829066
FIP1L1,-2.096343316049486
HEATR1,-0.8671540263190164
KPNB1,-0.49394436825915583
R3HDM1,-1.4919791718578899
MRS2,2.0661752975160423
FXN,5.147257026709563
SEM1,-1.4954994544231
WASF1,-0.7363566415214068
YRDC,-1.0272651932875252
FAF1,0.00701726934427769
RABGGTB,0.30396543532013354
ADNP2,-1.7393451977838374
WDR75,-1.9799139547053264
WDR74,1.0702938883927966
AHCTF1,-2.4320093829262897
RAD18,-1.671595824742348
LRRC40,-0.06649960958731417
NUDT21,-1.4267006460215177
TMEM126A,0.6579958844347006
LBR,1.0901485298321376
DDX39A,0.14247755951089075
MKLN1,-0.28329001659405106
MKKS,0.5176507196212906
NOL11,-2.3608656546030287
MRPL35,-0.5455382484367394
MRPL32,0.417349591509848
MRPL33,-0.0751437637884885
MRPL30,-0.5269116233800228
SLC19A1,1.0480102198103152
MRPL39,0.6234768112459229
TBL3,0.7745961493259721
THOC3,-1.6138941629047698
THOC2,-2.1824845955305934
THOC1,-2.652832310268869
THOC6,1.3049703023994357
STIL,-0.6578454924278234
MRPL40,1.9284392339981629
MRPL47,0.6783970990868328
TIAL1,-1.8347793252752052
FKBP3,-0.02231046848607052
HNRNPH1,-1.7628921099243906
ABCE1,-0.7038043041459452
SYF2,-1.735726712328195
FUBP1,-1.225116953023913
YTHDF2,1.2995369987730032
DDX47,-1.2156767001417825
ZNF598,2.016366736150239
DHX36,-0.3655362011557347
DHX37,-0.3103350910844261
CCDC124,1.8084630264344486
DDX52,-0.020535191620176217
CFAP20,-0.04534692654312897
DDX50,-1.4633324618158174
DDX54,-0.41277378809262216
MPHOSPH6,-1.304193323776622
SDAD1,-1.4215997466942745
SF3A3,-0.8848761463994014
ZNF277,-0.7876222209642127
COA7,-0.8074016110237805
TXNRD1,2.7876312633455593
MRE11,-1.4275375825771763
ALYREF,-1.3058395925481912
CHAC2,-0.8056623408548953
DLAT,3.390954823556167
PWP2,1.4339228457673143
NUDT15,-0.9534238424585283
NASP,-1.2965597247250358
YARS2,0.24217818105267633
DENR,-0.72760732435046
RALA,-1.8992813771051924
MDN1,-1.3942516718264701
RFC5,-1.8916839312995481
RFC4,-2.3795342372771544
TCERG1,-2.000807563658842
EIF2B1,0.3004241924337212
FABP5P1,0.14418041518972424
GMNN,-2.974529414859077
HMGN3,0.7011262933181908
CBX3,-2.045368084920072
MPLKIP,-0.48409713486098815
INTS13,-1.3031513355036424
INTS12,-1.148149763343333
FASTKD2,-0.3136123819913358
FASTKD3,-0.10813879031689189
SHLD2,0.050239358305540084
RRP1B,1.0550309935968298
UTP11,0.4480384973649522
UTP15,-1.7393412766277687
TTC27,0.4469738381118845
HNRNPM,-2.1770915681218725
HNRNPA3,-1.9973487379116148
HNRNPA0,-0.5289668969660346
MRPS18B,0.6245679985509601
FIGNL1,-1.6313827079043774
DEK,-1.4566482434431292
CCZ1,-0.9005374208374453
API5,-1.2027357803675396
UTP18,-2.290203214183147
RSRC1,-1.5493016930505612
MTREX,-1.0319906908662586
HNRNPH2,-1.3040206088124378
AATF,-1.2357543772437336
PHF14,-1.5849310423958032
KTN1,0.6873168195141932
LYSMD2,-0.6998797057849818
MSH2,-0.07967448465936232
MRPS15,0.2562718647813126
NUP37,-0.9784270917898176
CEBPG,-1.2557149817994842
NOP58,-2.080186196955964
TIPIN,-2.0107811877968143
NCL,-0.8140140970737078
KRI1,-0.9085359109242874
SUPT16H,-2.6955894973240735
PDSS1,1.6006853202062459
SEH1L,-1.076282799933646
DDX20,-1.7351488561227073
SLC16A1,1.8782735247625477
MEAF6,-1.451899161639048
TWISTNB,-1.3183509220577139
IMMT,1.34459067042333
PHKG2,10.959048166570769
TIMM23B,3.0989703240980915
PMAIP1,-1.8527459385583278
CRLF3,-2.449831900448094
ZFR,-1.6720609229096361
CDKN2AIP,-1.9383901391785638
ERGIC2,-0.7611288422977903
POLR3F,-1.3783861845445495
NGDN,0.21874854850087674
CWC27,-1.5504454423945546
RPIA,1.2568760359988698
CWC22,-1.9834582080808347
KIF2C,-1.005771831134496
SUGT1,-1.0745611931559305
MAP3K2,-2.2757499417422578
TFB2M,-0.6158487669325962
CPSF3,-1.560393647789376
BCLAF1,-1.9924615727424775
MFSD14A,2.5720729251243304
PRPSAP1,-0.00775924256157738
PRMT3,-1.0102181274772226
HMGCR,2.6997545893130734
MTPAP,-1.736280685800136
BRD1,-2.694179367534734
KIF5B,-2.5703150955965657
ARCN1,-0.3051537937744342
ZNF131,-2.0350928202190275
UTRN,-2.373597930494579
LYAR,-1.707283686972867
NUCKS1,-1.5356322221087257
MRPL21,1.6154553026446554
PNRC2,-0.8413132773208385
METTL5,1.3267451670058183
ICE1,-1.2457241489335789
NOP16,-0.9281004947561644
XRCC2,-1.2368813936758267
XRCC5,0.008918298598812692
SRSF4,-1.1524816935192865
SRSF7,-1.4359441322113016
SDHAF3,0.407793658340902
SRSF1,-1.435482408984936
SRSF3,-1.6229839064660183
SRSF2,-2.7198690541344304
USP45,-0.7741582830430421
RIDA,2.700352571140546
RBM34,-1.9029906683233724
NXT1,0.028985075275298366
SURF6,-1.0654780764969072
FAM98A,0.19185680203808542
CISD1,1.889937240429868
TRMT11,-1.2416897067200456
DNTTIP2,-2.0324368663982812
MRPL1,1.1532993912214915
PTPN2,0.9997769752221279
PWP1,-0.9049850102583729
LARP4,0.9601580297411676
GINS3,-1.5763033795692403
NAA15,-0.8076069448679227
TSFM,1.8485348825155044
RPP38,-1.2860269371376871
MIS18A,-2.338787008933183
LARP7,-1.8104225862982672
VDAC1P5,1.52836987248925
GCFC2,0.06683033537218569
PSMA2,0.1144250561499014
PSMA6,-0.21924192159695993
PSMA4,-0.776734781659737
DUS3L,-0.4458631212312753
ZC3HAV1L,-0.4319029391581639
MSH6,-2.4480254130086974
NUP50,-2.209414611258455
SPNS1,-1.2670035422692674
PPIG,-1.4970143822289752
SET,0.88140112958629
TMPO,-1.1392707648157934
AIMP2,0.4242607891772013
CYCS,2.5591468339774153
TRA2B,-0.8775124372274785
ANKRD17,-2.0498262267770975
ABCF1,0.34469942765940653
TIMM17A,1.0281342821117883
ZCCHC8,-2.1301413510664986
TMF1,-1.3785319715459095
PCNA,-0.31524228843075686
ZNHIT6,-0.7754529011376363
MTR,1.0910205210891664
SPATA5L1,-1.2357149009354689
MCM6,-2.4552405203225933
KCNN4,-0.10995916462238291
GCLM,2.5562877676043896
NIF3L1,0.5696566310806596
PPP6R1,-0.4247734747314553
KIAA1143,-0.9712783638174681
DUSP12,-1.3348518860804832
CEP19,-0.9710154415990455
PPP1CC,2.611927929891912
PDCD5,-0.9261611204666227
NAA50,0.10433935794942913
RPA3,-0.423547766408843
NUP160,-1.8522515218847737
PPIP5K1,-0.11505867477998724
ILF3,-0.48160374940874134
LRPPRC,0.045559468968044366
NTRK1,-0.4316048997255734
PTP4A1,1.1597056837014066
THOC5,-1.671332037321536
PTBP2,-0.5047571083877997
NDUFB6,1.033282765785378
PRRC2C,-2.1697285120661873
ISG15,-1.3730193996512499
CEBPZ,-2.6022310424727753
PMS1,-0.11797910733781096
H2AFV,-1.9438158254187052
PPIP5K2,0.6216614123346481
DDX5,-1.6510665967149412
CTR9,-0.2021668169086091
DDX1,-0.014858876014104818
KATNA1,-0.029673999730728828
NDC80,-1.9079906858202775
ELP1,-0.4332130643577889
ESF1,-1.84156814724526
FEN1,1.2073913090724422
ST13,0.23972480781851885
MAPKAPK5,-0.25092172625271775
ZC3H7B,0.2640028696534601
KBTBD2,-2.2393818539495247
HAUS3,-1.6654681176592616
HDDC2,1.617444925604727
TXLNG,-1.2268969174754307
PDHB,2.9581573337798575
UBXN7,-2.357777109410099
MRPL16,2.9314181673147943
MRPL19,8.339188660132189e-05
CCNC,-0.2007365714196909
SART1,-0.5531461441456782
MRPL48,0.2501197109731334
ATP5MD,-0.15790041584753883
IPO5,-0.2986631641614867
GLOD4,0.22477826885013122
NUP155,0.31982375919437384
ASCC3,-1.2380231442734466
HPRT1,-0.3571181874752709
SFPQ,-0.636316570714392
HNRNPH3,-2.3633687699860073
CWF19L1,0.8865154691242952
HNRNPU,-2.4884400281134997
ZNF622,1.2272293601677706
HNRNPK,-1.5148332384263419
GPN3,-1.6693596114995681
COPS3,-1.1325917395457854
DESI2,-1.3193495124977674
HNRNPD,-1.8323446410515347
MRM2,-0.5916005339069876
PFDN4,0.8255602364255081
KHDRBS1,-2.205532172915665
CCNB1,-0.8090882997269383
ARL6IP1,-0.42244304316355524
CC2D2A,-0.9654002311728681
MNAT1,-1.5561797500557812
HNRNPUL1,-0.47944020185431324
VPS35,1.7238969711649972
NAE1,0.07333072127009377
CSE1L,-0.7803966670715118
QSER1,-1.157304906042561
MAK16,-0.44753303378568804
UTP6,-1.6289604962971038
C1orf109,-0.8793610714201099
DCAF13,-1.3093331648819682
DHX30,0.6140421118253945
RIPK2,-1.683257316025857
RRM1,-0.36988560919214425
EXOSC3,-1.4041421990516088
RNGTT,-0.9335570549787161
PRPS1,1.0250794099860747
TSR1,-0.47930996350403215
PRPF18,-2.0078361022720386
UBQLN1,-1.701673505421132
LSM12,0.7378878123708287
ZZZ3,-0.5151118187310395
TRMT10A,-0.4459814504199117
ENOPH1,-0.15846769814819872
TFAM,-1.1770257258623864
CLASP2,-0.3574000538420965
ORC3,-1.456343795201432
ESD,1.6334975618690664
SSBP1,0.8340794196038868
MPHOSPH10,-1.9936610711426905
PLAA,-0.9951427098835447
HSPA13,-0.17527877979298548
HSPA14,0.6312139013620247
SNRPC,-1.698834952675716
G3BP1,-1.3389368287753638
EMG1,1.129449374041506
SLIRP,0.09294386436135814
SLC4A1AP,-0.05723588506593085
TUT4,-1.1820223931566882
AGL,15.676238139444939
ZCCHC17,0.5788313794111014
ZC3H13,-1.9691660325316358
GCC2,-0.4844113166387553
CAMKV,-1.5524261282267062
GTF2F1,-2.068938386406056
TTI1,-1.5774884064544585
DDX42,-1.6824254408855936
CEP76,-0.9465474576922979
STARD7,-0.5910841918079597
ELAVL2,-1.669557174208842
FOXJ2,-2.037164535907434
SENP6,-0.5068599023048466
SENP3,0.680236412798718
BICRAL,-0.6924363917770875
SNIP1,-1.205384743221732
PPP1R8,-0.22901275656012637
KIAA0586,-1.3320970231594473
TAF11,-0.910726159621268
NDUFAF1,1.438269861185034
NCOA5,-1.1147421245225535
PLRG1,-0.3735912317159737
C17orf80,1.4065771989133862
TAF5,-1.880132170742025
CPOX,12.838303448071509
RGPD8,-0.8994366953600418
CPSF4,-0.7070137272742167
CPSF2,-1.2646049346136594
CLK2,-0.8118164340344967
EXOC7,-0.628610952518224
OGT,0.16166471838716698
PPFIA1,1.0452630571595458
NUP35,-1.760604420240907
ALKBH1,-0.8383752104165748
PRPF3,-1.7068222471474805
DYNLT1,0.6177896957366125
MTMR4,1.1831187749899506
TPR,-2.9156663993745124
CSTF2T,-1.5979775855143397
ALG6,-0.25499445325761344
NUP85,-2.3158918105278072
LRRC42,-0.44436981671569525
GLE1,-1.0161920416378099
NEK4,0.16820828311183508
MRTFB,0.15911765333137223
NKAPD1,-1.0972786955229388
IBTK,-0.7909019925020286
DROSHA,-0.7210902931745199
ZNF22,-1.6199380308798401
ARGLU1,-1.0765944941178347
CCDC8,-0.506710194040567
COX11,1.3380091460864063
VPS54,-0.15062115965094716
EIF2B4,1.6796975987709724
CBX1,-1.2523962250208667
RNF113A,1.1957712429310627
TIMMDC1,0.9651646285235429
IFI16,-2.0147395232242586
NUP107,-1.9173783443229089
DDX19A,-1.1936938790322686
RAD50,-0.007541913755669841
PATJ,0.3342438374791969
DNAJC16,1.693096115483444
NEMP1,-2.1241604856864287
ZFX,-2.006788428462106
EML5,-0.7744659623764133
PRMT9,0.6248385396565559
COIL,-0.8644963871734357
SETD3,-0.6568329670680437
RNF219,-1.8651516314133012
SARNP,-1.2517446379062458
TASOR,-1.1769475798673086
SRSF5,-1.332387860390402
SRSF6,-1.589140192010494
SRSF8,-0.9704627665602389
RBM33,-1.149335168163017
SMARCAD1,-2.2723531765777527
PARP2,-1.9961290208492302
ATG14,-1.6480960422597102
CCP110,-1.1017972065587576
SHQ1,-1.2638643171195758
NVL,-1.6583454879876847
YY1,-1.9800882604451493
BAG5,-0.9994121587192977
TSEN2,-1.1261648765948864
OBSL1,-1.038440198214103
RALGAPA1,-0.5659620917717838
AGPAT5,0.5134309185890492
ASAP2,-0.524806088929643
DCLRE1A,-1.1512645629628113
THUMPD3,-0.9214662945185494
KRT20,-0.8322917991341626
PGF,0.36063726931808393
SNRNP40,-1.0740823929463017
SRRM1,-1.9078826978866954
SRRM2,-1.273407065732145
PARN,-1.0003049573955431
WRAP73,0.47695128865013836
LRRC37B,-1.2238389335346864
DDIT3,-0.15358079433247132
KRT27,0.14624462295774576
SNAPC1,-1.4797998705210176
UBR7,-0.06113072256696498
TDP1,-1.5260887094500535
RASSF8,-0.7717789331164434
UBAP2,-1.2482342006436804
SIRT7,-0.2641438905055659
RAB3GAP1,-1.1398084079292714
IFT74,-0.6382756786678075
KIAA1107,-0.44390612879358615
TAF4,-0.2403333103330053
TLK1,-1.1682645124458237
PCID2,-1.3852780604024246
RBM25,-2.314164190780894
NUP205,-1.1469946623986182
BTBD7,-1.4296731573098096
PAXBP1,0.4204652610821674
POLDIP3,-1.3866443201704939
GGCT,-0.3229096867681228
HIST1H1C,0.22859592147877092
SMARCE1,-0.5778307855498188
YAE1,1.7592624595495787
AQR,-1.4314891710396849
ZNF410,-1.8988248968009378
TMEM168,0.5123215884389553
SPATA7,-0.9833842621394551
CD38,-0.7188407435250622
ELANE,1.7922155782375013
NTAN1,-0.49064489264031075
CD33,-0.13591160634007265
MLLT1,0.021978168339823675
B2M,1.8916466916101577
SELPLG,-1.0479852982173345
SLC39A11,5.162589645090982
IL12RB1,-1.331990617313119
PRB4,0.06488146947506704
GRK2,-1.5814602792389856
TNFRSF8,-1.4573044627723721
PRTN3,0.2892546248905929
TNFRSF9,-1.45465954856695
CD28,-0.22691718837679858
CXCR5,-1.5194995063885846
CLCN1,0.32860048464032643
CD27,-1.9857799415738373
LY9,-1.5953403169960219
MUC4,-0.38625317283474736
FASLG,-1.2325672669938985
GYPC,1.0443156464776304
GATA2,1.3460002882371105
GATA1,12.742124815823503
CD6,-0.2183531318366821
TLR3,-0.13602889988777925
CD79B,-0.29549477581409217
TLR9,-1.5122058757734136
CD3E,0.5593074904212427
CD1C,-1.3981921922034064
ITGA4,-2.3631849352222196
SAAL1,-1.2263109837504422
DNM1,0.3013683646923713
DAXX,-1.420946729829137
TNNT3,0.13372896518313304
TCTN2,0.1330709006837018
MEFV,-1.0358519299939015
CARD9,-1.374649278252588
MADCAM1,-0.501625502679623
TNFRSF4,-1.211472967680242
NPFFR1,-1.3067117172648586
SPI1,0.6406576375877562
ITGAX,0.007605369738000383
CR1,-0.8700914176390545
IRF5,-1.594888739872912
VAV1,-2.705811738676192
CD276,4.0711299045425156
ITGAL,-2.3424805917172056
ITGAM,-1.8942235923473076
CD80,-1.8823416445440595
PTGDR2,-1.5734071358115664
KRT76,-0.47770179126897666
NCF4,-1.0640026441431498
GABRR2,-0.5463265028616908
EIF2B2,0.7044684313879263
EIF2B3,1.602509310198205
LAG3,-0.999419309067682
CD4,0.02949626356693514
CD5,-0.6459188178114725
CCR2,-1.0660952094237504
CD7,-0.3686533091182015
ZNF835,0.15590595194647808
CD2,-2.0190186715696212
PSTPIP1,-1.2985705201666602
ARHGEF1,-1.3509733516441749
IKZF1,-0.5977794466130998
NCAM1,-1.5560567163150814
PCDHA6,-1.7806070038543316
INS-IGF2,0.14328934040090915
ITGA2B,-0.640661036393334
CD82,-0.9006360251058424
ICAM3,-0.97689292668015
ICAM2,-0.7491555050887486
FLT3LG,-1.4038445753134785
PLA2G2D,-0.11587455812264064
WAS,-0.8122970344293081
TNFRSF13C,-0.7330706756590685
NEUROD2,-1.5133798866051267
IL2RG,-0.7827673120490346
IRF4,-0.4393932582428685
SLC17A1,2.0309795486024753
IL3,0.8587228478229058
IGLL1,2.0486098001040585
CD52,-1.624239772188512
CD53,-1.3851075533121393
PLEK,-0.7634633608422104
TARBP2,-0.05353561366806002
CHIT1,-0.6985451540863713
OPHN1,-1.8891156880204723
GATA3,-0.8521819533581977
CXCR3,-0.3236026708721115
KLF1,3.0647174131450936
CD22,-1.3848618940108333
MYBPC3,-0.13904151533953887
APOL5,-1.241725154908883
DPP4,-0.3668012529809582
NCR3,-0.13628004729422094
ACAP1,-1.78703116556306
EBF1,-1.3977189486410662
SCD5,1.7795001487231679
TCL1A,-0.27804264087788255
SELE,0.7940760662424046
EZR,-0.6697583367155727
FUT6,-1.0960979262168193
SIGLEC8,-0.8478762219765938
CD19,-1.9936666870175672
SIGLEC1,-0.30139923955791975
ICK,-0.8121542013128078
HIPK3,-1.6154393239487792
BTAF1,-2.7423043885283387
LMBRD2,-0.6037157555335575
XPC,-1.2492267352612674
XPA,1.2088581523913142
MON2,-0.23754617294311958
TNKS2,-1.6715493700494395
ARHGAP15,-2.262816935584519
CTBP1,-1.3547954756892078
PDS5B,-1.5270407102226133
DENND4A,-2.0058074191120134
EDARADD,-0.7118701426760857
SENP7,-2.0822128246550125
NUFIP2,-1.1510807403875283
CFAP298,-0.45862988943476285
TTC33,-0.8295752551443631
WDR37,-0.7579961766274532
GIGYF2,-1.7040953000907346
SMAD6,4.030498287213118
SMAD7,4.564922365427886
SMAD3,-0.651377984267763
NEDD9,-1.5962837908428376
NCOA6,-1.722481127085798
GDAP2,-1.3337419694907786
DDB2,-1.5688793492448918
BRWD3,-1.2117910865684374
SUPT7L,-1.0128121795215925
RNF20,-1.874982402939572
TAF2,-1.7868539439649047
ELMO2,-1.1286063681117586
SRBD1,-0.1972596599562776
KIAA2026,-1.5277337779987945
BBS10,-1.0320262789256227
CNOT6,-1.5284718152331171
FAM189B,-0.45037711742798725
EXOC4,-1.9218202182640187
LCE4A,2.238702420499465
PPP2R3C,-0.5694979329743235
ESRP2,-0.7027536829305162
ESRP1,-1.005774181481702
MTMR9,-0.7806457252660347
DYRK1A,-1.0473116192966465
HMG20A,-2.3599995407087047
RFX7,-1.2991764319081305
MSL2,-2.210310731176539
KMT2A,-2.616451933812461
CSRNP2,-1.2945377466608787
GNAI3,-1.1681364026316299
TOPBP1,-1.9933353450510622
GALNT15,-0.8220377677303685
CLK1,-0.17495374540835223
ZNF507,-0.49982175920123995
TNKS,-1.8389170426214076
ANKRD13C,0.05085843644668485
RELCH,-1.2079490068657424
CCL15,-0.9517205256956782
GPBP1,-1.8267358021098643
FANCF,-0.0821805532060558
DIDO1,-1.4462524070589438
GPCPD1,-0.5055332045958182
LYSMD3,-0.6460093338872679
TGFBR1,-1.2303293637047255
KRTAP5-3,0.6936548312266833
PML,-0.7424190199769092
TAOK1,-0.691346515202528
NSMCE2,-0.6520227789971724
SUGP1,-0.29440778753831803
EXOC8,-1.07183715722388
RABGAP1,-2.254999906475779
LIMS1,-1.658798794693816
GTF2A1,-1.266242732682747
AXIN2,0.4821439164012209
AXIN1,-0.3004680854652007
KDM4A,-1.5032322163349234
GIN1,-0.16472135266641505
ZBTB1,-1.6178376277679414
INTS6,-2.005259148942486
RUFY1,-0.8705481352671113
NR4A1,0.28265526330110036
CHD1L,-1.4535106847923756
CUL4B,-1.7614582444010691
ZNF654,-1.332016953993869
SLF2,-1.600147689391452
SLF1,-1.8167599601886473
KMT5B,-0.6661669417419214
PPP4R2,-0.984981948221522
TBC1D23,-1.3395154371351097
DCK,-1.384903187187479
POC1B,-1.2180926045194753
CCDC93,-2.0399262451178375
RPGR,0.7139451071048568
NR2C2,-1.966341974241544
GPATCH8,-2.0682956986473178
HECA,2.458706604566209
SETD7,-0.7742641422351274
GPATCH1,-1.7915275545736116
NIN,-1.5498124024313975
RNF185,0.5486543958447113
UBE4B,-1.17135916445628
HHAT,0.7413231490907911
EMSY,-1.8872018843984173
MAML1,-2.1031956717038907
CARD8,-1.9272944667378116
TPX2,-1.3008703841219524
PARP1,-0.12807277307687312
PHF20L1,-2.086719160425696
FAN1,-1.291496465560031
GNAQ,-2.0438399247729655
IFNAR1,-1.2165760052107621
ARHGEF3,-1.617570081199139
VPS41,-1.1521901850354
SS18L1,-1.888214129881347
ZNF106,0.1771452341495938
THRAP3,-1.515214744157782
WAC,-2.2504516596929176
ATRX,-2.874042127816703
EIF2AK3,0.014360415888838574
BOD1L1,-1.4799799488825165
STX16,-0.27642031937983735
ASAP1,-1.7793965529625997
DIP2B,-0.2676962752250851
USP9X,-0.7869087683281938
RING1,-0.43265909517074
CGGBP1,-1.360357391999397
UBN2,-1.382634523995319
PRDM2,-0.3854066590354659
PPP6R3,-1.2417607012777632
GOSR1,-1.5717252355933347
SHTN1,0.8266360162754225
TFCP2,-1.4018067294655558
LNPEP,0.5158529704613182
TTC9C,-0.882282508481753
CDYL,0.2831914282623621
ANKMY2,0.3177955044917735
UBR3,-1.1728105944826293
PCGF3,-1.237289681062429
ZNF280D,0.5644180535826866
KATNBL1,0.6540379460193195
RASSF3,-0.6642082797062636
INO80,-1.6830595076993822
ASXL2,-1.6772904525287562
ABHD13,1.5710334060091093
NPC1,1.160137371448889
RAB3GAP2,-1.4315796681141524
RNF44,-1.6081601675138255
DCUN1D5,-0.8655908808222296
TRIM44,0.08191469131115742
ITPR1,-2.263520822401414
TRIM40,-0.5144291124259329
PEX1,0.9131036077052268
LRIG2,-0.8673637452702581
PRDM10,-0.9343198609175069
RBM23,-1.2769197439739155
FAM120B,-0.6041959125485388
GON4L,-1.5281323913330451
NCOR2,-0.5074603226877308
TBC1D5,-1.1150243971035454
LCOR,-0.769432727684563
DDB1,-0.6214374550282931
VPS39,1.0240036247710929
PIAS1,-1.3913560123686768
RCOR1,-0.5949350071638072
HIVEP2,-2.2103033074825857
MIS12,-1.4416022496849614
BTN2A1,-1.2723454982739817
AVL9,-0.8684233563090737
CMPK1,1.1462039298186928
TRAF5,-1.7981328093294437
CLASP1,-0.4691052294735427
GTF2H2,-1.21830284728411
GTF2H5,-0.1402952873265458
FOXN2,-1.8065720830190832
ACTN3,1.3131197938864545
TTC21B,-1.253411637934311
VPS50,-1.052233904473687
DTWD1,0.832416178210484
NACA4P,-0.6178031423704894
USP17L9P,-0.5658500410670213
TXLNA,-0.7723936115007883
CTNNBIP1,-0.4584286258357284
PKMYT1,-0.6436265536032838
JPH4,-1.0736130979110439
VIRMA,-1.242891754227804
RBM15B,-1.0444130349174143
PCGF1,0.44073091677630355
PTGER3,-2.0501231789266092
PPHLN1,-0.9021903456539208
TCOF1,0.3434654813405324
YTHDC1,-1.7614087295971035
ACIN1,-1.844196716840139
SAFB,-1.4623804214999894
ERMAP,2.3970679720887023
BRD4,-1.8149677106174733
OSBPL10,-0.7369630309068386
SETD1A,-0.6691134915262879
TRA2A,-1.8566054395269138
NKAP,-0.7710451425973088
LGR4,-0.5629932649361331
SRSF12,-1.2141870716392478
NCSTN,-0.6539112593839779
GTF3C5,0.5782687084992605
VANGL1,0.6683119802659722
DHX35,-1.4155609287090185
DDX51,-1.3712019268195392
U2AF2,-1.3133579414309984
ZSWIM9,-0.8784639619353177
TRPM8,-0.293754992707826
SF3A1,-1.3826931925647188
SF3A2,-1.599674524331584
TSPYL2,-0.909127056277999
CARNMT1,0.2973783842428793
CCDC137,-0.7647595445601776
PSIP1,-1.7146755024515954
SRRT,0.3920194800201242
SAFB2,-0.41073874472520167
BUD31,-1.4208481066243126
CLK3,-0.618704369459082
SPOUT1,-1.1427112992998287
RBM14,-0.639286940255481
EPB41L3,0.766475220057996
FERMT3,-1.295557959431193
NUMA1,-0.2775921486659007
MEPCE,-0.7154104096250826
APOBEC3F,-0.6159800061521755
SMU1,-1.5233359265595174
LEO1,-1.431103427948491
XAB2,-0.8870653850047107
HP1BP3,-0.5634150342010084
SPG7,0.3655699623118698
SF3B6,-1.623982791297873
RBMXL1,-0.8558632448896739
WDR83,-1.4111775679646996
ZNF816,0.21332567217757015
UBN1,0.03129793933171498
ANKRD11,-1.4533150815225784
FBRS,-0.8218784347739899
BRPF1,-1.7214867546729073
NFKBIL1,0.5390197479994228
ZCCHC3,-0.870566007759485
VASN,-0.47001943406233915
MCM7,-0.019835787780479796
MCM4,-1.8088525513571023
PRPF38B,-1.5741148235437292
DCAF7,1.504697920620131
WDR70,-1.1909695338505262
HTR3B,1.240424839022064
PCSK2,-1.3079783001146197
JPH3,-0.8145006986503542
TAT,2.8522804206888632
ITPKA,-0.6724688112099325
MPP2,-0.730111170494347
LLGL1,-1.2664190445706416
OR12D2,-0.16537742213213794
SLC28A2,0.51484489992204
CYP46A1,1.4061356912060534
PIK3CD,-2.732683343477207
SV2B,1.6039768409299955
TSPO2,0.36271690743693574
DOC2A,-0.9545648011297454
PIK3R1,-2.0165987354436
CAMK2D,0.42239775941850644
KCNF1,-0.22117059071785808
COX6A2,-0.06610734868451658
MYL12A,-1.321583083248447
HCN2,1.364589459996818
NPY,0.8547213338526609
CYP26A1,1.6501799978673735
KLC2,-0.805714408392973
LRP8,-0.33042539935585297
RASGRP3,-1.17221284199375
RASGRP4,-0.8053089434174623
NOVA2,0.3808732874928053
CELF3,-0.37917892057895863
C22orf24,-0.49330764759308404
GABBR1,-1.9007960836778395
GABBR2,-0.8061548993021869
MYBPH,0.35070120317676334
GAP43,0.9871671194975237
KCNMA1,-0.9342165290013384
GRM8,-2.14047361100628
TTN,0.6643084662676383
DIO3,-0.5117353748196067
GRM5,-2.05106784928326
GRM7,-2.405219950148894
KCNIP2,-1.3551540708193788
GRM3,-2.1075478809200257
IL5RA,0.1105464886436598
GUCY2D,-0.3210125774728759
GUCY2F,-0.8173676005315296
HTR3A,1.1148513526534485
KCNQ3,-0.334531796205899
ZNRF4,0.4098616895449556
S100G,-1.7206404244721998
SLC18A3,2.1024154495679737
EFCAB1,-0.9106304843487872
FOXC2,-1.2374818265981145
MYH7B,-0.374517218656773
PDYN,1.4649180549664358
FGF8,-1.6808439607585466
APPL1,-0.7348907521925399
PTGER1,-1.624131454324026
SPTA1,0.8690575271093531
SLC4A3,0.12536489377890703
ITPR3,-0.3238037419811513
GPRC5D,0.0386682178453733
UTF1,1.7505638534462498
FGF3,0.11768743667415044
BSN,-0.9133853568172835
RSPH14,-0.6515065122696228
MOBP,-0.17280099610925617
RIMS1,1.2553731148512448
CALB2,1.1657246901745648
LTA,-1.844562734642132
FGF23,0.9586221793631163
PRKAR1B,-1.2019610654102983
PRDM12,0.6282631412698083
FAIM2,-1.0495581549639985
GPR156,0.0894021682268816
PDLIM5,-1.1746062372823856
SLC17A7,0.7878852564566138
EMX1,-1.3361353991495744
ATP1A3,0.5688274379371386
KCNC4,-0.17286097691134805
CTTN,-0.9255895593726737
KCNC2,0.016713803409597317
BEGAIN,-0.9074543751858504
SHBG,1.14137456805862
PPFIA2,1.2266519499057524
MYOD1,-0.6007704682940584
DYNC1I1,-0.2110339519594621
GNAI2,-1.4975786565000755
CLIP3,-0.9473226286008684
GRIN3B,-0.36831260341027217
SLIT1,-1.735594321226008
YES1,-2.6706076217351296
HOMER1,-1.396920028393228
NOS1AP,-1.1466448804926532
NUMBL,2.6602149628060543
KISS1R,-1.1697722324282893
SLC24A2,-1.4298274571340963
GKN1,-0.7826191059856
CRYBB3,-1.2084648436190035
PHOX2A,-0.8435125235118512
PLA2G4A,-0.25351485060517825
EFNB2,-1.638309856321147
PPFIA3,2.10997844862839
SOX21,-0.9217146592443024
EXOC3,0.1867639411685711
GLRA2,-0.5986904763514328
GLRA1,-0.22300198385120196
CA4,0.14837241901431794
NEFL,-1.1809894344561942
SLC1A7,1.0364175173878527
SLC1A1,2.3453875939521263
SLC1A2,0.4518215506997645
SLC1A3,1.4491026749038045
TRIM10,0.8036437915015543
EFNB3,-1.5839216326853183
PTK2B,-1.571407218861274
TNNI3,-0.5434297307247639
TNNC2,-0.13843176117810826
CLSTN3,-0.5492518090259046
B3GNT4,0.41825066412813033
GRIN3A,-0.3293664277772722
ADAMTS7,1.0067482076470247
RNF208,-0.5845523452261969
CDH2,-1.5880655974381708
EPHA5,-1.2003180145892727
SNAP25,0.9938650200116644
LPO,0.731616304111012
SIPA1L1,-1.5858626356373817
RPH3A,-0.1944087208418893
PDE8B,0.12835844390037246
RAB27A,0.9666078960691482
SYT1,0.37305644302345353
NRXN3,-1.0921769386625173
SYT5,-0.4143390980961488
NRXN1,-1.791204637036326
RHBDL1,-0.8816788289558509
KIF17,-1.2324859503257564
GNG3,-1.865162406408038
NETO1,4.030253607420192
TRPM2,-0.031116875664146327
HMHB1,0.3337761731596544
FUS,-0.6214573379712626
TBR1,-0.5172829125628144
HCN4,-0.6779299938245895
ADAMTSL2,-0.05422774644733083
MMP17,-0.7134986871237297
TULP1,-1.0844578544052685
CLDN9,1.2314492804767698
NKX2-8,-1.176357476422963
REST,0.35831337177680095
SLC8A2,-0.2929057908632225
DMTN,1.2950940264061608
WNT1,-1.0489524522185776
MAPK8IP1,-0.9660385474879628
NEFM,-0.9620324409084879
SST,0.3374778749481532
MYBPC2,0.32548787088448616
MYBPC1,0.1544963395098734
KRT75,-0.596016806928166
MYO3A,-1.4956922422468246
EFNB1,1.4157115594831073
NODAL,-1.4494357067427326
STXBP1,0.7496535303541596
TRPC5,-0.8532243345236212
GABRA5,-1.164666587526984
GABRA1,-1.1739022164686124
MYH7,0.18984926911252442
MYH8,0.21877903355503542
ADORA1,-2.296831254218514
GRIA3,-1.076867355029641
FOXB1,-1.2984452378274476
FGD4,-1.0455853015075411
NLGN3,-1.04765058191484
FRS3,0.7896346973391821
DUSP4,-1.809009187238677
TAOK2,0.3191025935500994
NDOR1,0.8275039484638346
ARNT,1.9082403793634035
IRS4,-1.6391078345707404
GRIK1,-1.3953251652243663
GRIK5,-0.967091392325346
GRIK3,-0.5122664381328429
GRIK4,-0.8193054972339512
IRS1,0.044284764892301993
CADM3,-0.8504886382880933
CRHR1,0.11713188963890817
SLC4A10,-0.5939997099074301
SLC5A2,1.2725564565557992
SORBS3,-0.5570013204686246
SOX1,-0.5824937031264006
DIPK2B,0.13693919793264248
ALX3,-1.2201223698143882
ARHGDIG,-0.9710545413848141
SCN2A,-1.372534195587786
TNNI1,0.6889213094604287
OGFR,-0.14559330370044077
ST3GAL2,-0.4643011936087236
DAB2IP,-1.080856871301076
SYNGAP1,-0.8562104981703861
SLC1A6,0.9052222319974865
TBKBP1,0.9188712374985447
ALPG,0.016807902811939633
MAGEA10,-0.2019359902656966
ASGR2,1.8977261680644764
CACNG8,-0.7677367003765648
SLC6A4,1.2660662983372983
CACNG2,-0.391867758418138
CACNG3,-1.7758909372702254
CACNG4,-0.8632159636320899
CACNG5,-1.322009927240129
CACNG7,-0.6864688693717094
SLC6A3,10.299545420863181
SLC6A2,1.445351079361039
SLC6A1,0.42414552155292984
HSF4,0.44629830711698604
KRT31,0.13588735276095143
GPR153,-0.9703692569167114
MYL5,-0.8942109973231481
B3GAT1,-0.8504906213671216
CACNA1I,1.2509078860644014
CACNA1E,-1.7124673668333121
CACNA1F,-0.2079885210055104
DLGAP2,-0.5180891760494305
DLGAP1,-1.0304521975326633
MAGI2,-1.3313562966431747
DLGAP4,-0.6121793502438214
TRPV5,-0.6184465175726783
CACNA1S,-0.33435036915845706
TRPV1,0.5171144690178278
PRMT8,-1.3720014482416374
ZFPM1,0.5210000002748655
SHC3,-1.6420504106435347
TJP1,-1.8358028988251056
OPCML,-1.3386999410904876
ADCY8,-2.2536658004739247
GRM1,-1.7160054916167877
PRSS22,0.8575530932854438
KCNV1,-0.6701885126172423
GRIA2,-1.3170342769139967
GRIA1,-0.40411804009568464
GRIA4,-1.0152324476173513
PLCB4,-1.4419584452185839
CRH,0.7294279321653561
SHC2,-1.2043439779790783
SLC9A2,-0.3336071545673596
TIAM1,-1.839676591500345
GGT5,0.24503221773313583
GNRH2,-1.3838107939638669
TRPM1,-0.750490554673121
TRPM3,-0.5064927464385202
EPHB2,-1.3937795540953115
PLCB1,-2.0987129861846237
EPHB1,0.38392020300059615
IGSF9B,-1.3620986235101804
DDN,-1.2361319512816356
PTPN5,1.0536537725425033
RBFOX1,-0.003379810813544353
PEX5L,1.0494768169246564
FGF6,-1.2285491732492533
PSD,-0.8698515946934948
NPTXR,0.26282512684035503
HAPLN2,-1.0552566679992936
SYN3,2.2154237450651046
FGF20,-1.551198881633426
DPF1,-1.273722574106668
MYO1G,-1.2621695167214653
MYO1D,0.9087104276452328
MYO1B,-1.6776984568960218
CEND1,-0.8493389425485393
SIX3,-1.3003812023503842
CRYGD,0.17142169218117306
SH3GL3,-2.0117951151768163
KCNA1,-0.9640246257410628
CAPN5,1.339897064379406
ICAM5,-0.5204075960300517
SLC6A13,0.031421853363202995
SLC6A12,1.0262303880693113
SLC6A11,0.15775032278852177
DSG1,-0.820810506722633
MTSS2,-0.6465386194519813
EFNA5,-1.002217921547967
EFNA3,-0.9895640754755247
GABRB1,-1.1457483855903612
GABRB2,-0.6851674593322222
GABRB3,1.6471489238572101
OSBP2,1.7405885941232897
KCNJ3,-1.330895603186483
LRP3,-0.4511340430640351
NEUROD6,-0.5439597198820458
KCNJ6,-1.2096056865824663
KCNJ5,-0.5350907193675738
KCNJ4,-0.5670566755931911
KCNJ9,-1.5165940032042506
DSCR4,1.0543249857780383
HS3ST2,-1.2903808638118603
SSTR4,-1.7347205481621013
GPRIN2,-0.4690669107707568
MYLPF,-0.3820172046144091
PAEP,1.1435094971179292
SPTBN5,-1.0634586290331516
SPTBN4,-1.2464727612869404
SPTBN2,-0.020214819739239907
SPTBN1,-1.816528413484315
TFAP2A,1.3312220375316632
MT3,1.2531577984066533
TFAP2D,0.8953611520374837
DMWD,-0.3440233711796976
PPY,-0.7885784474543356
NRG2,0.0765459261552366
POU3F3,-1.053011739741434
POU3F2,-1.6599637276319075
TP53BP1,-1.817670572919091
MPPED1,2.879993833937493
DRD4,0.698901502804904
DRD5,0.005741365884420227
DRD3,-2.0314320406559614
DRD1,-1.6779566282376523
TPPP,0.5557813332242529
NOL3,-0.2262932057994306
MAPT,0.8603998984151332
HTR1A,0.3513007020411906
HTR1B,1.554204787559081
FXYD2,0.59793733239872
LRFN2,-0.9928153634189395
LRFN1,-1.1760470116218356
CCK,-1.5698172382326594
HBZ,1.2059896411634823
APLP1,-1.178653247015295
UTS2R,-1.2268799624142788
ATP2B3,-0.8638622569999928
PHYHIP,0.2297206843695742
RYR1,1.068227882719095
RYR3,-0.052146771662887184
RYR2,-1.1117784397020984
NTRK2,-1.17466244908805
NTRK3,-1.137035286048213
SLC34A1,1.4417746905157935
SLC34A3,0.6758506553234157
PYGM,11.628369800353436
HTR7,1.6133312793983938
IGHMBP2,-0.2490101776926068
KCNN1,-0.6010510397968757
GPR20,-1.2941761087636505
BRINP2,0.11886871370400676
GPR6,-1.3975901851500399
GFRA4,0.0502950533777896
GFRA3,0.40129237221931785
MPIG6B,1.3125711351358627
HTR5A,-1.8970780555585258
AIPL1,-1.3661282817005866
HR,-0.9908567411042656
DES,-0.2799881866220233
TMEM59L,0.1390058347749879
DPEP3,-0.702290354230264
EPHB6,-1.019730405305275
SLMAP,1.0609071092149773
HTR2A,1.0208293221294957
PCBP3,-1.08890469604851
NEUROG3,-1.0651538020536835
SCT,1.564663360243335
NEUROG1,-1.25601760194729
GFRA2,-0.8808089259717838
MYL10,-1.1467085935455172
LMX1B,-0.39691033916526486
NPHS1,-1.3742295369363735
ITPR2,-2.065384089343961
EVPL,-0.2879949408660677
FGF5,-0.7792963822018418
FGF13,-1.9316466323767207
AMPH,-1.0248207924289543
BCAT2,1.4180177697601053
ABCG4,1.5021391012046368
SNCG,-0.6176101546764271
INA,-0.43707987308488566
SNCB,-1.0850123822877042
EPHA8,-1.0283378820776725
SLC32A1,-0.26236589842321584
SORCS3,-0.6306012373215544
EPHA3,-1.807657279266764
EPHA2,-2.167983897055322
CYP2E1,2.859587213450893
GBX2,-0.3221967360938392
GBX1,-0.9115395318474174
CACNB3,-1.0859786569723406
REEP2,-0.06481689180087861
FGF17,-1.581193613711028
FGF16,-0.37401191980225446
DAGLA,-0.018836193392840136
RAP2A,-1.2973486454754088
SLC13A2,1.9772130485481145
SLC13A4,0.44898988165482195
CHRNA4,0.9716293053827049
SLC8A1,-1.1984597088149789
UNC13B,2.013184715708003
CHRNA2,2.3234476869627576
POMC,0.38570622280085437
HIST1H1A,0.9208477388162016
MAPK8IP2,2.59857760971555
MAPK8IP3,-0.2946384607668746
PSPN,1.5805039864562438
MT-ND2,0.019698067377364566
RASGRF1,-1.4772627598035197
RASGRF2,-0.9179375884698705
SYNGR1,-0.08827144943000716
PITPNM3,0.057433664110982906
PLEKHG6,-0.9315016994199685
KALRN,-0.002663734896712013
CLPS,0.0021256324971625057
CPLANE2,-1.2504452557339476
RUNDC3A,0.20214488342829368
ADAM11,-0.47452151846934804
GPR50,-0.9472757246886409
TRPA1,0.9488747985486242
CPNE7,-1.2676024119177263
CPNE6,-0.4935105578503408
TH,2.2561681600011467
DAPK1,-1.6219863663746148
SIGLEC9,1.751991020910674
SNTA1,0.9170758533164014
TRAF3,-0.14193075084863976
MYL12B,-0.8566680823093149
TMPRSS6,11.838967161713677
NR2E1,-1.5137146804568231
RAB3A,1.3813403673939866
SHANK2,-1.6259816722273392
ACTN2,-0.0900924397344428
ACTN1,-0.12448177906171796
CYP4A11,2.2760491872963136
ACTN4,-1.0510452181664431
GRIN2B,0.13158965123699964
GRIN2C,0.6092353802735109
GRIN2A,-0.6279013649860106
GRIN2D,-0.12459764556241348
PTPRN,-0.7428398867078306
OR2B2,-1.5566337743261782
MYO7B,-1.1602473956972852
SGPL1,3.2751236166292625
EHD1,-0.5512850484840615
ATXN7L3,1.248711789347418
PLA2G6,-0.8511662841983345
PLA2G5,-1.05652734435822
PLA2G3,0.004412660569569484
METTL17,-0.6038416463955047
BRCA1,-1.134382612608282
PRRC2A,0.82395950054275
FOXA1,-0.19964064929621034
KDM5D,-1.2090002132209212
OSBP,0.3392548395235637
SLC25A35,2.215404166701625
SLC25A34,2.6686695192913663
PLA2G1B,0.05720799163860621
CHKA,1.496663854721007
WDR46,0.960219566906655
PLA2G12B,1.4970458564897395
CDC25B,0.054826705715004545
KIAA0100,1.5621002794324144
POLR2A,0.23479504381314284
PIGO,0.03303196046145023
JMJD7-PLA2G4B,-0.12639447008502705
TNFAIP2,-0.42591797725156266
CRLS1,1.8888205764804566
IL17RA,-1.4533987268194792
PTDSS2,0.7751106117248926
TOMM40L,3.050437076649106
KIF15,-1.347952929961309
MBOAT1,0.08251826574004863
CDIPT,1.2610546397369282
IFT140,0.021083671465293805
ZBTB17,0.1629228450219507
CTPS2,0.658083269301664
CUTC,1.3170667280132669
DAGLB,-0.012013846610236793
PLA2G2A,0.6259786355573658
PLA2G2C,0.2729761815961695
PLA2G2E,-0.28402363106557627
PLA2G2F,0.48053266779336484
CAPN15,0.07904034389916904
SLC35D2,2.0322967012663926
WDR19,-1.1141343002131145
NBEAL2,-0.7730449068070304
WDR89,2.052362119066334
ACER3,2.2788990463775964
ARAP1,-0.07004008416153028
SELENOI,1.0169594353809226
PEF1,0.022423257629170863
ARFIP2,1.1994911703300613
PIGG,-0.2339208410374516
PIGN,1.9093186775137267
MAP7D1,-0.28842182454230114
PLB1,-0.04789526266955567
PLA2G4B,-0.0770430627914643
PLA2G4E,-0.12882912969471158
RCC1,0.4104479478746912
CEPT1,0.22416347186322316
ZBTB48,0.6135348725904823
NPIPA1,-1.3969046376307115
CRKL,0.4914460829241542
FKBP4,0.44370992479947985
DUS2,-0.39457270650779874
DIAPH1,-0.2756078722406013
SP2,-1.1637537431473102
CTNNBL1,0.966664902244739
DDX49,0.38237988176726767
YBX1,0.8159578309405366
LTB4R2,-1.5192142069380625
HINFP,-0.8308516648898796
TTC4,-1.3442642869488561
GTF3C2,-1.6796910699431153
GTF3C1,0.9618352392743015
TAF1L,0.08069845582703282
XPO6,0.6858225397547871
MYPN,-0.56801860217278
MAP1LC3A,-0.3387279555806068
GTF2I,-0.8366892063285322
UCK1,0.25511779980601235
LIN28A,0.1311325541041944
NOC4L,0.634944802798253
DNAJC8,-0.25942428712547194
MTHFD1L,2.0669863143038203
YJU2,-0.8154911330200303
TTC31,0.2934106034504884
WDR36,-0.9132918763628163
ATXN2,-0.6971233846861776
PIK3CB,-0.8331439953902682
POLK,-1.6394995564183705
DYRK2,-1.8533573321884282
AKAP13,-2.4417527447109757
RBM10,-1.0572420945371255
PPM1D,-1.771947065969666
NOL9,-0.205747511717968
SUPT6H,1.155081750908518
SRPK3,-1.0404406703049855
GEMIN7,-0.7058510346491312
GEMIN4,-0.8359083086273632
ABT1,-1.0456475429669025
RBM4,-1.0466632890925582
MORC2,-1.0510582615525446
WDR45B,1.485279448860925
YLPM1,-1.8263500637578935
CNOT1,-0.6886708747949498
DHRS7B,1.9325940026076283
KHSRP,1.3436361094291922
ZNFX1,-1.2910910254688241
BRD9,-1.20825773676219
CBR1,2.5684396287858915
PRPF8,-1.163787682176702
LRRC47,1.520141100333813
BRD7,-0.5706294576499241
VPS33A,0.678103955786346
SETD4,-0.8467311568347493
CCDC12,-0.5948861151874288
TYRP1,-0.5669939942613305
SMARCAL1,0.13737044523452263
NMT1,0.839952326847869
KIFC1,0.596676063669312
ISG20L2,-1.5021591520113122
DNAJA4,1.5594971451861934
FKBPL,-0.1346406131004006
DBT,2.3485084131096885
CD2BP2,-1.1236648066571424
DHX38,-0.7408605644999573
DHX33,-1.1700775103288952
EXOSC6,-0.9693144510745437
GUSB,1.5877871317620094
KDM5B,-2.006495932808976
TARS2,-0.19502408780605185
MLLT10,-1.901544011771459
ACLY,3.0537990207595698
LARS,-0.46301722773215526
RNASEH2A,0.9769930368417773
NUBP1,1.9553100487849504
NSD1,-1.8406244908364353
MCM3,-1.8004700917144267
NSD2,-2.7206156725630253
NUDCD1,-1.305568891200401
CIRBP,-1.353165248982246
RFC2,-0.4803616218040255
UTP25,-1.2024163389896794
KIF11,-2.407206374580613
HNRNPCL1,-1.092500583856843
NUP62,-1.0494439777802231
DNAJB1,1.3804378067558496
H1FX,-0.9993334607878106
GPATCH11,-0.6713537672375746
SUGP2,-0.6819875804315415
RBBP4,-1.6080617816789686
KLHL18,-0.6403861541879553
MRPS18A,-0.10216081630971953
NUDT10,0.15079842704147858
NUDT11,0.04982440268635142
CELF1,-1.7388854218664223
IGF2BP3,-1.0053761932835337
ATXN2L,-1.256655657130241
MXD1,-1.1962882007541797
BUD13,-1.397185233681492
TFIP11,-0.9401976788006413
CA2,2.462837725835607
POLA1,-0.7020889162781562
PNPT1,0.885197287112805
MRPS14,0.29834651532391265
SMARCA1,-2.5481836960703306
ELAC1,-0.16261852259527293
LARP4B,-0.8124821550691664
TPM3,0.08922821075260971
NDUFS2,1.2554150975272194
PCMTD1,-0.8039703569596736
ATAD3A,2.38234939786428
LSM2,0.29040693770858794
NLE1,-0.8372603113694781
DYNC1H1,-1.135697857071276
TBC1D22B,0.2124827130231109
NSUN3,-0.298340753003377
NSUN5,1.5478664955341925
NOTCH1,-2.5196511389620824
ADD1,0.014809548895295779
PPIL1,-0.14851208045384146
PPIL3,0.8416087046291876
POLR3C,0.6743797574621386
FAM50B,-0.5996189351128326
PRMT7,0.40741070883814484
TOMM34,-0.8701538579246626
CHERP,-1.6230043141563566
TRMO,-0.9744313569079333
SPEN,-2.8215890869683147
HELQ,-1.1350098693198363
JADE2,-1.5683003257905437
USP22,0.29642825829069674
THADA,-1.082134512888224
PGK1,3.8198401143621656
TRRAP,-2.2054338751809284
RPUSD2,-0.8073294796899759
TUBB1,1.9582275347208613
TESK2,-1.5144017381009043
PRPF19,-1.1001112793744667
LRCH1,-0.537060548653472
MRPL2,-0.01591124765846867
BAG3,1.4872648969828268
RPUSD3,0.700186313673861
DDX31,-0.28753361363405006
DARS2,-0.9785462030442188
CHCHD10,1.376877717266412
SF3B4,-0.23700686039142566
CWC15,-1.3552950440288405
HTATSF1,-0.52112133696624
RAD51D,-1.057011669992206
RIPK3,0.7214463407551391
BLMH,0.8844916258289182
PPIH,-0.682444341649356
TRMT2A,1.0883073772508653
FKBP8,1.4582499273087872
KANSL1,-2.2341936911787235
DNAJC7,-0.014481661467735808
VARS,3.5343434447248514
TTF2,-2.239138314617488
NAP1L4,-0.5243063729579659
GBA,1.250369459676644
NBAS,-0.9873364387348141
MCM5,-0.9576379745233783
PHF5A,-1.3385987374056556
NOMO1,2.7533339380805355
DDX28,-0.8018003188898334
PDK3,3.0991651950504564
NRDE2,-0.9696710969348985
KCNK5,-0.640969610575733
ABCC5,0.497288547452373
TRMT61A,0.4721285180756917
PUF60,-1.1542717563181448
TARSL2,-0.22371977522985997
POLR1A,-0.9769605400485203
AHCYL1,0.3909963225729514
AHCYL2,-0.6884136034207908
SNRNP35,-0.850709758220965
LIG3,0.7032750858368609
MYB,-1.101065898108753
PYGL,12.390223250019275
ATG2A,0.7479934443349786
IP6K2,-0.9082507754853051
HSDL2,2.517925321938172
TLR2,1.0292508962297462
ELP3,-1.0295119563738309
NCBP2L,-0.7784482595722667
TPGS1,1.6222499783783968
DQX1,-0.7353771334562601
ATAD3B,0.509549204416293
CHD6,-1.9728374443192
INTS4,0.6352204968351405
CAP1,0.42623527728069804
SKIV2L,1.4247122750165238
RBMX2,-1.2571666497733887
INTS9,-0.20474586331074912
MRPL11,1.3888020575938373
POLR2C,-0.6139351211551296
STRADA,0.41503275560141234
ERCC6L2,-1.5754865182062452
IPO9,-0.24084506590987476
GPKOW,0.25809861990807087
CDX1,-0.1287684076608531
BRD2,-1.5820229748144123
WRNIP1,1.5208435570105558
POLD1,1.1039598725463735
HIST1H1T,-1.3539215442300672
PHLPP1,1.6407044504503534
DDX25,-1.5545083199806409
EP400,-1.723979532256768
PSMB3,-0.7144032325431976
NSUN2,-0.7091809512456659
TALDO1,4.0664242678780935
CLEC16A,-0.9449239712382803
CACTIN,-1.2355462890680264
DHX32,-0.5941058198364276
TSR2,0.012816578806225793
LDHA,3.5740415916637147
PABPN1,0.19416677476865785
ALDH9A1,2.150286240444102
XRN2,-1.7405413579250815
DHX34,-0.6309505406972042
DIS3,-0.34383817745213785
PRPF38A,-1.6823757654258977
TAB1,3.354988097334243
HIST1H4H,-1.3311737352347945
PAWR,-0.9572561665406145
GTSE1,0.798608964629464
GTF3C4,-1.088887073449013
DNASE1L3,1.1466053934631872
KCNH5,-0.7307928910025044
KCNH1,-0.4857168094058828
ATAD5,-1.9133051782018569
UTP23,-1.3744283782821765
UTP20,-1.4034945037274278
GANAB,3.2155622637623673
GDAP1,1.1881224110142936
ADARB2,-1.245573077535819
CDC45,-0.47384264287309896
CHAF1B,-0.612497516679403
UBTF,-1.3551330971145243
KIF4A,-2.075487879316649
CDCA8,-2.0358538815707137
MCM10,-1.9248679552191699
AKAP8L,-1.0152208936233151
HDGF,-0.3223434602432312
RECQL5,-0.04036668470475157
MED6,-1.5112169259276567
ZNF609,-1.3200907878421368
ZNF330,-1.069092182338675
PATL1,-0.8274817642556609
ZMAT3,-0.6718579821458153
MYBL2,-0.3505348917303012
PAPOLG,-1.5274865439052547
KMT5A,-1.4468373162424564
POLR3B,-1.0643846020043555
OIP5,-2.161391656007114
SLC25A3,2.4046091040256448
PRMT6,-1.4821774152773362
PQBP1,-1.2953156923535987
AEN,-0.9433121092001137
GINS1,-2.1901529186713393
CEP55,-1.850467331894712
G2E3,-1.4804452526595941
NUP58,-1.6571726125353299
OCRL,0.9413294333909948
ATAD2,-2.312268194650453
SPAG5,-2.2191990799205468
PCLAF,-1.9087456057094092
AKIRIN1,-1.1489729626301126
DNAJC10,2.1900501370099548
MBTPS2,1.072467166029604
DR1,2.8536124871025708
EIF4G2,0.6749736768685346
CHD4,-1.790292901624358
CDC25C,-2.327227112178281
CDC25A,-1.0310340615048672
POLR2H,0.08784127814977356
POLR2J,-0.6654300485336504
AGO1,-1.5650545045841384
AVEN,-0.2181693701316688
APAF1,-1.6627099789448279
HELLS,-2.1196884497294564
HIST1H1D,0.6918137561460862
HIST1H1B,0.185706116111371
KIF20B,1.3383940885938286
OVOL2,-0.6594490902910987
OVOL1,-1.0471806575897706
ESCO2,-1.5553173491951495
PSPC1,0.26371515317336974
METTL16,0.06959809201157757
ZMYM4,-1.3932979023195324
SRFBP1,-1.0041010988330907
MACROD1,0.10645353425052792
R3HCC1L,-1.4502442065189243
DDX60L,-1.2201190772029473
IL7R,-2.686020171776908
ODR4,-1.0543665283794348
H3F3B,-2.073083222996297
H3F3A,-1.31352346901674
PDAP1,1.967758138649366
MPP5,-1.0007344967883023
SS18,-1.5434601288764824
CDK5RAP1,1.6882525009093814
DHFR,1.2828945450182239
MDC1,-0.1914051863794827
KIF18A,-1.9299396289445663
TRIP13,-1.0917319924292093
LIN7C,1.2326584598106156
UHMK1,-1.1934456783694871
BARD1,-1.7151765319596457
BAZ1B,-1.5362793318275172
EXO1,-0.3000055422946705
DEPDC1,-0.6718277246773305
ALKBH5,0.13241674917844726
ATM,-1.5807013021826506
SMPD4,-0.848139737071975
FASN,1.9023324544249303
H1F0,0.9463459008283445
NPAT,-1.8335493113200838
CALR,2.4064386635084767
SKOR1,-0.6186450521271681
LOC107987487,-0.5320383811591314
ELAC2,-0.5198538115241487
PRKCI,-1.4627043340647938
SCRIB,-0.3350327344472444
CWC25,-1.2994685329678184
TRUB1,0.6007638339599454
NUP214,-1.322767902355264
EMD,-0.7616506206269218
EPB41,1.513933667779869
GLYR1,-0.4769694989585871
TOP3A,-1.272940762324506
TOP3B,-0.7829608098990289
KRT5,-1.4368221300966664
RABEP1,-0.5331650913253739
BIRC5,-0.3088982145194728
NKX2-1,-2.725707537378176
PINX1,-1.1050944047455096
DGCR8,-0.38352874380472735
LOC107987491,-0.3530754296892344
RPP40,-1.2921334753740887
HLA-B,-0.4204676266908414
H2AFY,-1.6352188092465727
NCAPG2,-2.0797746358560363
HAUS1,-1.5629605238079058
TFE3,-0.35282036206970663
HIST1H2BB,0.7824867411508117
HIST1H2BM,-0.3380328076957525
VAV2,-1.9428723875685883
FYTTD1,0.22863847367183102
TP63,-1.8339482742553836
GNL3L,-0.24778091890104148
NAA25,-1.051020964914461
LRRC8A,2.9504020170003877
IGFLR1,-1.7740323667435947
U2AF1L5,-1.487770575137009
NPM3,1.4792318323946219
PARPBP,-1.7637413619475595
RIC1,-0.9313071190124882
PRIM1,-1.946864851985728
PRIM2,-0.8268909682741478
NCAPD2,-2.18986599968098
HIST2H3D,-1.7483250575405969
HIST2H3C,-1.8743673254628808
EMC1,1.0212840441367999
SMC5,-2.219441142225124
NAA35,-0.7354903681184598
RBM3,-0.9550343292263324
ZMYND11,-1.0904258333385246
IVNS1ABP,-1.1555544392893151
C1orf112,-1.903769305718386
URB2,-1.6318056940220915
CENPF,-2.1566100181921435
CENPE,-2.5712054509040807
CENPA,-2.347965400272931
MPHOSPH9,-0.8993099471701972
DDX59,-0.8923248714993356
DDX53,-1.3257832565412955
NSD3,-2.1102204749515865
WDHD1,-2.2938486217190093
RACGAP1,-2.4831646083645085
CEP250,-0.2596896885668198
UHRF1,-1.5999811480651627
MCMBP,-1.5102938118814617
SMN2,-0.15271885496155366
ILRUN,-0.4623098820470725
NLGN1,-0.7771944027183472
CSTF3,-1.3260304826504608
CSTF2,0.41143581965886983
CCNT1,-0.20133878273481026
CREBZF,-1.2665703824499683
BRCA2,-2.333030980984665
WNK1,-1.5632485129545122
ACOT7,2.3519256574422966
USP36,-1.1839856292129718
RBBP5,-2.3018922049368107
KIF22,-1.5692053430674144
ACSBG1,1.3495223571793769
XRCC4,-1.7506660505490719
DDX60,-0.6023504868183737
LMNB2,-1.5174661934770133
PHF6,-0.7959679642749782
PHF1,-1.3590682701613472
RPP30,-0.0859896524363457
KCNA4,-0.8199382232090142
KCNA2,-1.0173458752709392
KCNA3,-1.2980352088887104
RAD51C,0.7595930448020198
ERLIN1,0.7667490480604927
CTDSPL2,0.09773667003715221
HMGXB4,-1.2195156953561983
CORO1C,0.8463773121357173
DNA2,-1.3864545034623834
KRT14,-1.4408432852897217
NFATC2IP,-1.577997880915257
CASP3,2.2365652827949822
CASP8,-0.7244466024718135
PLK4,-2.55363238746753
ADAD1,-1.4979686024609669
ADAD2,-1.4125668755538803
GRK5,-1.625919588670879
CAPN2,-0.5339213171865529
COG8,-0.6013328489743951
PCBP2,0.36608030387691876
SMC1A,-1.3387875750791738
ACE,0.7662550744442046
DNHD1,-0.5961608730247264
HNRNPUL2,-0.8141934063637447
KCTD20,1.3453436134111896
FKBP5,0.3422831253820324
PPP4R3A,-1.2305953724666536
APBB1,-1.3038662253180302
GABARAP,0.5649642416188649
WDR4,-0.8166274892547706
IWS1,-1.0704040413453615
MYD88,-0.38380248216942064
HMGN1,-0.8057718124373181
DTL,-2.1617179077557935
MSH3,-0.10323533186912545
HNRNPCL2,-0.4860276322529694
DEPDC1B,-2.0098968176243024
SPDL1,-2.241454634087227
TAF15,-1.036226622773715
TNFRSF10D,-0.6514840594828569
CDC6,-1.9220594605623267
KNTC1,-2.304106778030529
RBM19,-1.2784054918389045
TMEM259,-0.4525121802338532
CPSF7,0.14824548205219987
CPSF1,0.31733020148566254
RNMT,-1.5360459354702363
PMPCA,1.4830113698286775
MBD2,-0.3186523662281236
PATZ1,-1.757938370341574
RBBP8,-1.9693302666462618
SLC29A1,0.8437999892101743
CCNE2,-1.1135282712592645
FTSJ1,-0.4847002191089937
L1TD1,-0.5388839280709082
ZWILCH,-2.165028109144362
DTYMK,-0.10665782334589693
PIWIL4,-0.7272672389007744
PIWIL3,-0.8151937486722262
KIF14,-1.6594632190008902
FANCD2,-1.8565025947845892
CBX5,-1.1382833924412705
IGF2BP1,-0.32234045306929376
KIF1C,-1.594984287967766
NFE2L1,-0.21028344128875606
CD247,-0.9228360847223682
ABCB1,1.2180098257206873
DHODH,3.538800896900263
NCAPH,-1.3334264861308671
NCAPG,-2.17222871913602
TNFRSF14,0.32764416463564244
CRK,-2.3940015809138293
POLE2,-1.2915233407608202
TFDP1,-1.8771342611650559
RHOT2,0.5189500329082583
EHMT2,-1.3072323119758449
NUSAP1,-0.38684004360096563
ZBED4,-1.1583681786987396
SHCBP1,-1.9255651440208523
GPD2,2.6485334279058868
SUV39H2,-2.0368394660265707
MAP3K14,0.8709733061131172
BCL2L2,-0.6845731710089586
TMOD2,-0.5481108123723265
ZNF281,-0.3239800390232817
HEXIM1,0.536982311102733
IDE,2.3273624566556634
GUF1,0.5417978463587813
HNRNPL,-0.23514940284957545
MRM3,-0.1788773658053139
STAU2,-0.31917366165965533
FBXO46,-0.8814395962109335
RAB35,1.309907218557422
HNRNPA1L2,-0.644540855279802
CFL2,-0.9501531047310776
NFIA,0.7105620319629914
NELFA,-1.5204912527164083
MEN1,0.42102896397840894
MVK,2.5436137134563204
BUB1B,-1.2257437399105509
SMARCD1,-1.588825021879365
CD3EAP,-1.0914549926051254
PIDD1,-0.27957707574570795
KLC1,-1.2957557719019754
SOX12,0.7305811059025309
HPDL,3.3382615558133164
FLNA,-0.6901803398600793
LETM1,1.6712244931264328
ENTR1,-1.235295354953694
POLE,-0.7949403390733135
INTS5,-0.31092345345816924
HIC2,-0.13394402394197993
CKS1B,-1.6941870251780073
TM9SF1,-0.026036043387622627
PTTG1,-1.8806589436453094
SZT2,-0.6021960126217879
TEDC2,-1.0159649871066034
IGSF8,-0.8291797088243933
MED19,0.4911979053956292
CHAF1A,-2.2388650425307186
TRMU,0.48592426782568954
CDK16,0.5882150741006109
PDCD2L,2.0659990033337112
KIF18B,-1.805582430618706
SFSWAP,-1.426222576976635
TBL1X,-1.8945616433633967
TBL1Y,-1.357791251120537
HEXA,1.3412724580320383
MBD3,0.8915928473157484
TLN1,-0.7676276987144527
SIX4,-0.4747494366635565
HDAC6,0.6074699625220392
CDKN2A,-1.280602170314394
TSC22D4,-0.2488362867521146
PAFAH1B3,-0.6966871063517388
SLC2A1,2.9330567400353305
KCNH4,-0.3696380794410688
SLC4A2,2.5781804358281972
RECQL4,0.842457967908327
SLC29A2,0.7294439711787726
CCNE1,0.8225112935907033
TIMELESS,-1.9214653590199928
GYS1,15.690287913328497
RAD54L2,-1.0056861402972475
SMYD5,0.9370976432842697
RAG1,-0.9234158958659899
TELO2,0.8045226595806086
FGFR1OP,-1.773095525061765
GTPBP3,-0.46958710473787446
PIMREG,-1.5610077307408892
SLX4,-0.3906906173723419
FANCG,-1.0105838478570555
CLASRP,0.14474822722935685
RALGDS,-1.1952721820515526
MED22,-0.897405949691688
PARD3,-1.6698690118372737
HOXA7,-0.014022522736837066
MFSD12,4.7131388675478645
CDK8,-1.29864925507414
DSCC1,-1.8365527627792904
MAD2L1,-2.306065169200727
C19orf24,1.9334717544940723
AQP2,-0.07193188450259771
DRG2,0.8036189483297438
RAD54L,-1.964915124380526
FASTK,1.689137102437146
CIAO3,1.2802464931160777
ZAP70,-2.3106723820962216
DNAJC11,0.9119870951802912
INTS1,0.2530501550384793
THOP1,1.9806135810125813
ETV4,0.2411912791455788
TYMS,0.03287108546324209
SAE1,-1.5179856899182917
PAGR1,-0.9755505587006362
RAD9A,-0.17180330270128727
RRP7A,0.2875458208891196
RANBP10,1.1952267359001019
EML3,0.3080852091250104
CLN6,2.1755676804661084
ZNF574,-1.1480059024617943
WDR62,-1.4670939671906973
NUP210,-1.4096744896657134
PNKP,1.3981455693362388
GPATCH4,-1.3731078954159297
CLSPN,-1.476061292843154
MRPL28,1.6857640569684325
NPTX1,-0.5729025992734423
XRCC3,2.4916109562655846
USP44,-0.9170751076006484
ORC6,-2.083435970805575
PLCB3,-1.6648601146800912
GPHN,2.1204517956768427
RHBDF2,-0.09089567135461916
POLA2,-1.6365525836043633
CTNND1,-1.2924080126284034
IL1A,2.371368168899079
IFNB1,0.8704439553957584
ERN2,-0.8566830274240806
POU5F1,0.19545616611406236
LRP5,0.902520088351953
NABP2,-0.8416508913519067
GATAD2A,-0.4607864708011119
SIGMAR1,2.2465301357383
RPAP1,-0.6567257002185471
NUP188,-0.5672391488397357
ATG7,1.027727380731318
TERT,0.15129052690817085
KMT2B,-1.557485171968272
PSMC3IP,-1.7855314144237184
PIGR,-0.49093709151407233
WRAP53,-1.25871450354239
CDKN3,-0.35397921806099797
CTRL,-0.8906849472213354
MRGBP,-1.190063431933608
HBB,3.4991063776438924
HRNR,-0.5090846237580815
ZNF142,-0.8876312283225981
DENND2D,-1.2696814738686923
GRK6,-1.2344328397915367
NSMF,0.5227764891859613
GOLGA1,-1.3139274766832398
GOLGA2,-0.07837283709710341
ZNF787,-0.45941503383621063
SEPT11,-0.229116879655381
MED15,0.4322951333816914
MED16,0.34919114030653
CSNK1G2,-1.6719909312574608
CCDC85B,-1.109477551419099
PELP1,-1.6549987356578215
SCARB1,2.616267802545738
HIRIP3,-0.8304893611741176
RASSF9,1.8956833331688696
STMN1,-1.6622510304852203
PTOV1,2.016342485084433
DNM2,1.4938219029446589
RSAD1,1.4671204589258653
HAUS5,-1.7560030986113824
ZNF282,0.8644750823865752
SIRT6,-1.1861460490982547
TMEM94,-0.5391140273504124
PLEC,3.3957938834703865
TAF6,-0.6114530177987539
PEX5,1.174311116215844
CTDNEP1,0.2243253371860829
RFWD3,-1.5783922655227538
ARMC6,1.1973597132509464
JMJD4,-0.45375014342524383
GPN1,0.07582394371346998
TCF20,-0.9668455101452689
HMGA1,-0.6070817566344624
FHOD1,1.2419970342163795
RIN1,-0.2545788743037092
CARM1,0.6634436132615937
OXCT1,2.0370752623774786
KIF20A,-1.8411684316194032
FOPNL,-0.9676684725744739
HSPBP1,1.7247792063710192
HJURP,-2.015148876684873
HCFC1,-0.890399465060495
PAXX,0.0298767502751659
TTLL12,0.8979476870803832
TSSC4,-0.7792377819524439
MTA1,-0.05458193878103245
NF2,1.525136756611789
ANLN,-1.1449808714093794
ARMC9,-0.6163174433939292
SSBP3,-1.0148077402842581
NSRP1,-1.1856579720156593
BLOC1S6,1.5291679570877195
CEP120,-1.9038608293375212
ARHGAP21,-1.7563793635822422
MMGT1,-0.5550243091871678
DOCK7,-1.14497813257922
CIAO1,-0.8045561934880859
JMY,-1.23720760926175
RCN1,-0.5380459896198819
NEPRO,-0.83946441562561
EXOC6,-0.8371951308506489
WEE1,-1.6485206379019806
DIAPH2,-1.4233583236458542
NXF2B,-1.0731838531192748
NXF3,-1.0135828238812026
SENP1,-1.1644831136998526
CUX1,1.5727073179789004
HOXC13,-1.2679031956251605
NAB1,-0.16066788456513276
OTUD4,0.6017629060579088
NXF5,-0.8929347528899205
MECP2,-1.4192493871519998
RGPD2,-0.760202583689449
RGPD1,-0.8631564900874217
RGPD4,-0.7595970394025837
RGPD5,-0.7502216603277791
GEMIN8,-0.7292949984077751
PRKD3,-1.6189299767324659
FOXI2,-0.073222768840958
IFIH1,-1.4851691544470493
NFX1,0.3303933158510668
MAD1L1,0.46404307648018495
SKA1,-1.9592171711522837
SKA2,-1.823028485390858
CDCA5,-1.7837919639082735
UXS1,2.506784463474955
QRICH2,-0.6676001918402581
AAAS,1.7369172727054185
TMEM33,-0.19382130747697957
CDCA2,-1.5149260055446852
CENPO,0.3082425369435799
CENPN,-1.9650010218325566
CENPM,-1.6786368079990144
CENPL,-1.8558126340157033
CENPI,-1.8996221341969013
CENPH,-1.9270929420524856
CHM,0.5296924823368643
PROSER1,-1.527575386325138
CCL13,0.1319641318623625
NUP88,-1.4957152879041948
POM121C,-0.5922354664693953
CCAR2,0.2920342499837661
SGO2,-2.022564752308718
ESPL1,-2.1546033963281164
GTF2E2,-1.4218047574794614
NEK9,-0.2732262812880708
INCENP,-1.9379463711417788
BUB1,-0.8355594188312561
CD70,1.0740824118768488
HDAC8,-1.0526287226069742
TPM4,-1.5068870854372716
RANBP3,-0.44965065228364465
PAF1,-0.1854921376486663
FOXL1,-1.2802497291931223
ZW10,-1.5776684460434156
MFN2,0.7398382347472064
CDK7,-1.6664547225243531
ITGB3BP,-2.2987419384751733
KNL1,-1.8157800378266773
PBX2P1,-0.5104225843732315
PBX1,-1.744901949692623
NSUN6,-0.3799851349657118
RAPGEF3,-1.0455403354810442
UNK,-0.7900131319408202
NDC1,0.8588962964742395
HDAC11,-1.6945904455729255
GBF1,0.2205452802262881
KAT2A,-1.6354114172298069
B9D2,-1.5707409801015495
POMZP3,1.0565868099484224
TENT4A,-2.2376051728197885
DSN1,-1.9064498807014958
ZNF318,-1.8116606288375667
TMEM209,-0.9974866116568536
ERCC6L,-2.0285089719889267
PPP2R1B,-0.21473299606700072
CENPS,-1.5304387170208045
NADK,2.195739479054695
HPS5,1.661588179266687
MSI2,-0.9515787376719002
MSI1,-0.02993975429776407
POLR3A,-0.9091761740315879
POGZ,-2.5391522803737603
CENPT,0.18779175052429353
CENPU,-2.1559178023543746
CENPP,-1.406494211136291
NUF2,-2.2052302584665355
QTRT2,-1.271576089468955
PMF1,-1.396664397879069
FAM193A,-1.6714328657532511
SGO1,-1.6542792253059384
SPC25,-1.6712777355157387
SPC24,-1.7290390757168594
PHF21A,-2.313535208541241
CENPQ,-1.0468025203633755
MMS19,1.2657115638614993
ASXL1,-1.7791475146110576
ZBTB33,-0.6990591791117978
ODF2,-1.6484677750811811
NXF2,-1.31742146177602
SIK3,-1.4616706978234169
SFMBT1,-1.0970035815637444
PBX3,-0.6387933408662245
KDM6A,-1.0752142464341468
LIN54,-1.242625890815425
ELL,-1.2171576369224115
SNUPN,-0.7125722423413484
SYNE2,-2.2589426643005797
NXT2,-1.3275906142053326
STAT5B,-1.5446648926249242
HSPA1B,2.3383188620986664
NUP43,-1.4834978263034773
RCC2,-1.5836736606679667
RANBP3L,-0.9590303035644897
IGF1R,0.14230468136565297
WIPI2,-0.8440132797070679
SOX13,-0.8732117215221431
CHRAC1,1.663481529949965
TP53I3,1.6362278048894017
ZNF428,-0.4122220672264948
SESN1,-0.7746824490122041
DCTN2,-0.23090789478471985
POLL,-0.7682769220299396
POLQ,-1.0537613969522017
HIST1H2BO,-0.11179695405908276
TFPT,-0.9623894364346051
AIG1,3.0800707792181115
NFRKB,-1.0216927472912745
ZFYVE26,-1.7421174382272486
GTF2H2C,-0.8222438833675859
SPIN2B,-0.8095406805246181
APOBEC3C,-0.7732278658877735
ABCA1,1.2995462228273034
COPS7B,-1.1381249453051911
COPS7A,-0.8875291377369334
MAPKBP1,-0.8801524307255907
WDR76,-1.9127780994679349
LDB2,-0.5260774088479061
AASDH,-0.08163066234705747
CSAD,1.8974952970282404
TMEM43,2.478764670934936
COPS6,1.8155437933996
ORAI3,-0.05276062199951031
DNAJB5,0.7012533869012406
GORASP1,-0.6823601840357603
MTMR14,-1.0068535592756351
PGGHG,2.0853036506428158
OXLD1,1.707304626216534
NAA40,-0.9347617145941078
PHLDA3,-0.9636970130799266
HIST1H3A,-1.8591114117891094
GOLGB1,-0.5909102522227175
BCL2,-1.3594150972326013
PTPN14,-1.5126728181801914
RRM2B,-0.574860726822406
PHF8,-1.3639937988794244
MSMO1,1.7366990003149352
H2AFY2,1.2994410920115904
FOXO1,-0.8914324920949729
HIST2H2BE,-1.580636219111531
BBC3,-1.0946267423131595
INO80E,-0.7783089688522579
INO80B,-0.7437279640767761
INO80C,-0.852965359870012
RPA4,-1.4119202087779716
ATXN3,-1.5063424322841603
EPM2AIP1,-0.6415251215007272
ZNF512B,0.09663504369751044
PLIN2,1.366691424299642
OGG1,2.2157140617216062
CRCP,-0.8698940353408838
POC5,-0.611468533540064
FAXDC2,1.8329531455153292
CHD2,-2.1713496096631206
HIST1H2BD,-1.3890400540041983
HIST1H2BG,-1.330506443409881
HIST1H2BA,-0.48408941659505494
AKR7A3,1.6913016198481645
APLF,-0.8937000360441547
ACTR8,0.14235428930607485
ACTR5,-1.163744666123571
PIAS3,-0.830556702054756
HIST1H2AG,-1.3754018932549117
NGLY1,0.8084865096044015
DGKA,-1.9772719225607729
PLXNB2,-0.046278498739770746
FGFR1OP2,-1.3468409063461921
HIST1H4F,-1.7638453610586913
HIST1H4A,-2.005072199746124
ADIPOQ,0.43560873960955865
ZDHHC13,-1.1997918113610935
ZNF703,-0.539477526421172
ZSWIM4,-1.897854914683324
SPTLC2,2.3356899465234693
MACO1,-0.20731762225652034
TMEM53,0.5315798770547775
MUC2,-0.6157876018015089
SP4,-2.111312537671535
SP7,1.133018746851995
AKIRIN2,-0.6481857447240914
TMLHE,2.418953801371411
LMO1,-1.631902510045479
ITGA2,0.5278012991160502
ALDH3A1,1.6334601721495599
SWAP70,-1.5664583166300878
APOA2,1.8059414772010343
PHLDA2,0.7737524402763556
CYP27B1,1.65928012418083
AGPAT3,1.7880710194046383
PRSS50,-0.26102836626813525
RAG2,-0.8776929284936731
RPS6KA4,1.0978204762330521
HLX,-1.1498131315700284
NR0B2,2.5644321514556623
ZNF296,-0.9302523375362532
CD40LG,-0.72756842535504
TRERF1,-0.9100840549853585
MIOS,-0.2752717070194869
ZSWIM3,0.5323914306980159
TCEA3,-0.1979077567722086
CHTF18,-1.5991986321812295
PAAF1,0.21165926183424139
BDKRB2,-1.7241649938040167
CLPTM1,1.4012525949998254
SPHK2,-0.46112261384350106
FIZ1,-0.8047531934206559
ZNF780A,-1.4760676680433855
RHEBL1,-0.9175961803173657
CDCA3,-1.351318512529173
CDCA7,-1.6760806024103783
MNDA,-1.2776942206072686
RSF1,-2.344276121519136
ZNF687,-1.312260940756182
THAP8,-0.5559059764910325
DZIP1L,-0.9572715631850002
NQO1,1.9221529761849552
SIX5,-0.40634100593076333
CLOCK,-0.9571755299888152
MR1,0.8919805983371889
HTN3,0.40976813186731376
RELB,-0.6045304112196662
ZFP64,1.0331900595381158
HMG20B,1.669257832095903
ARRDC4,-0.27746132860681216
KLKB1,1.4142485473318012
COL7A1,0.4290833760206176
ELK4,-1.380800790123581
RBM18,-0.757626238286324
FOXP2,0.43128054290732376
FOXP1,-0.860823608906752
BCL11B,-1.9307679909336612
FOXP4,-0.6352751420021314
ZNF597,-1.1596698928472395
ZNF595,-1.082898188701057
GAST,1.2259038719069633
LHCGR,-1.4462140156199894
CAMTA1,-0.5820084094531044
TNS1,-0.7734705589756949
IGF1,1.1337604226722988
GCG,-0.7479752343664847
IGFBP1,1.9553044801331814
HBE1,1.764872455736172
CYP2R1,2.4874913112905745
ABTB2,-0.4043485648399675
CYP27A1,2.9005697090725726
BTC,-1.1281301218216138
MEF2D,-0.32652917906850987
GAS7,-1.593411975236788
MECOM,-1.0036764717601285
CIB2,-0.8166820502860457
TGFBR2,0.6006940868706886
MTMR12,-0.041816101925187005
SEPHS2,2.8778747241200437
ZNF48,-0.7919814570193445
STMN2,-1.0877826869485014
FOXL2,-1.0992554668788093
LRRC39,-0.9490740661452816
NFYC,0.00497438260999944
PITX2,0.4350299987989035
CTCFL,-0.6207743819803992
ANGPTL7,-0.005585312561067959
GALNS,-0.22405271377064245
VASP,-1.0825917813904566
CYTH2,-1.0268157143354455
CALCR,-0.9814360802090905
KATNB1,-0.41500430137263
WIPF1,-2.228761126105192
B3GAT3,1.8106470190433033
MBNL2,-1.2683522238369056
TRIM24,-0.4247565618214288
CLCN2,1.0393834339424597
R3HDM2,-1.3735248777362548
FLRT1,-1.6417036619049394
FLRT3,-1.3115284792958406
KAT8,-0.1363588356837814
TTC16,-1.3524140569310603
DMD,-1.9661137614098998
C16orf72,-0.8763440709439654
DNAJC27,-1.0455303300621737
SLC31A1,2.739716358723171
ZNF223,-1.1315555977864564
ZFP91,-1.168581694518908
EGR2,-1.2218489271627395
PPARGC1A,0.042396185257989834
SUPT20H,-1.8716519999318868
RPUSD4,-0.663118661394689
ZFAT,-0.9740585770645868
PTPN4,-2.12083546048177
GINS4,-1.329208067645206
LRCH4,-1.47714046718163
LRCH2,-0.8320994810587723
LRCH3,-2.0367525164945146
DENND6A,-1.2846519562413767
ZNF385A,-0.35033307725839635
PSMA1,-0.7915292427935383
ZSCAN29,-1.0357780280261177
TSSK6,-0.11901304230970186
PDHA1,1.645694283655187
LCAT,0.06985372857356989
MSH5,-0.15034027237599845
SRY,-1.2348927065665296
SOX9,-0.8949870321150363
AGPAT1,0.5316288625940425
FOXO4,0.29016481797536237
PRICKLE4,-0.2681007889927955
LRRC8C,-0.562950885967925
RGS3,-0.875633042278859
PLAG1,-0.17228445531653047
KIR2DL4,-0.7691890774841379
PIGV,-0.007449065872449704
NAB2,-1.3281053990781608
COQ8B,1.531749642373194
MGARP,0.19991366292751717
FXYD1,0.37450880313104895
ZFAND4,1.772436390739141
KLRG1,-0.06392181993824829
ARHGAP26,-1.5512040589551452
PPP1R16A,2.531547500947385
PPP1R16B,-1.1429468539279823
ZSCAN20,1.5315395869259225
ZSCAN21,-0.8198818219850517
DDIT4,0.7484809874835007
ABHD2,-0.322386387776493
NUCB2,-0.9299808123769925
BMP7,-0.8015119447572929
BMP4,2.962852480983617
BMP2,3.0743805182223856
MAF1,0.09593519205876778
NR1I3,1.4368967820170155
NR1I2,1.6414265965930008
PACSIN2,0.11984922251377586
CCNI,-1.5127824437147341
CCNK,2.61577696611743
RASSF1,-0.7438653639550282
RASSF2,-1.9948554545183448
CCHCR1,-0.5028922394859612
MNT,-0.865661847971826
CRMP1,0.1670796043581168
SLC49A4,-0.6095080850504602
VPS35L,-0.02503574979112333
PRDM16,-1.0101529931970572
PRDM13,-1.1524521529694267
TMEM60,3.4937636272227
PRKCZ,-1.1057036011124757
CASKIN2,-0.25881000275290333
CASKIN1,-0.507907046366255
ZNF629,0.16377783710657645
RAP2B,-1.2288341463272592
ESRRB,0.3285453910392445
ADA,0.7263882166228913
TSNAXIP1,-1.6457070535218543
ADH6,2.495073738506814
BABAM2,1.1245857773206096
RASL12,-1.4804977914951523
HIST1H2AM,-1.3475732757394352
HIST1H2AI,-0.5559642738050071
ANKHD1,-1.7327282031087352
HIST1H2AE,-0.7828628531226777
NRIP3,-1.0425564724015244
SWSAP1,-0.2225569313684493
HIST1H2AB,0.8255091224446631
BCL2L11,-1.1794039895846862
ZNF556,-1.4726250651147674
SIN3B,-1.1167355706129771
NCDN,0.0012700372702400316
DENND1A,-0.11064148123400315
REPIN1,0.4205188561946469
PTH,1.2175171461487917
RSU1,-0.8731839121948213
GNA12,-1.8773400866735415
GNA11,-0.7854708210293956
SDHC,1.6242226159260553
MUSK,-1.0857063973694092
MOCS3,-0.11872071685321747
LHX3,-0.4426856784523725
PTGER4,-1.7325138643324582
SOX6,-0.7895715860631464
ZMYM2,-0.16093969521583476
SLC38A7,3.0992572570090857
LHB,-0.3525303755863194
CXCL12,-0.8294928088575954
ADRA1D,1.0801464985490372
SIRT2,0.8136857780608436
HIP1R,0.8199355263320971
LTC4S,1.7062218022801756
ZIC4,0.7109311606027237
ZIC5,0.3391577847008774
ZIC1,-0.671003005095798
CCL20,-1.3319665227722575
GUCY2C,-0.9933139756663545
HOXB3,-1.441431787431584
HOXB7,-0.9827871804844681
RNF40,0.45501926821786426
TYRO3,-1.448006913285856
WDFY2,2.54726220286447
ASH2L,-1.6927880383197973
ANKRD35,-0.9374054965911635
ANKRD39,0.4797944394801395
NR2F6,0.9222084956803546
CISH,-0.13674666980857214
ELL2,-1.1681236803952106
INHA,-0.9896584754386356
CTF1,-0.9148184661058976
ZNF80,-1.4601564582357436
LDLR,1.8526838050318475
CYP2C9,2.140903749666334
IL2RB,-0.7547084719715752
TPCN1,-0.12731231914049307
SCARF1,-0.6312520902323097
LMO2,-1.5165995657381117
WDR81,-0.5179003356232644
ERC1,-1.671624284892728
CBLL1,-1.416635473423122
ZMYND8,-1.599789398532552
CASZ1,-0.9762685565324667
HERPUD2,0.36208708758721153
CDK19,-1.8372383933303646
LPIN1,1.0836150816346095
KLF7,-1.7798378528576015
KLF6,-1.3615688107249648
KLF9,-1.8288732611246
KCNAB1,1.0610153713148043
MMP28,-0.26324721694055253
POU1F1,-0.8229164649045206
MAP3K11,0.10145434062020513
MAP3K19,-0.9301452110239411
IDI1,1.148560604584633
JOSD2,0.1837775791814819
SCRT2,-0.3376540419753961
RPUSD1,0.7304279423648796
RARG,-1.2178370150049236
B3GNT9,-0.28079689043394124
CACUL1,-1.0251866356672545
CDKN2B,-1.1843361716138263
CXCL1,-1.5368821272110031
CDKN2D,-1.3501493457462748
NEB,0.4895331384345072
PLAGL2,0.3801595029037172
YIPF4,-0.8714182444570461
CCL2,-0.9828395366580893
NFATC1,-0.40355436960969326
PER3,-0.8688705910286153
FOXA3,0.5817348821556048
FOXA2,0.34540500338252955
EPS8L1,-1.2878527922551455
UBP1,0.659532454442948
GTF2IRD1,-0.8291271525757316
EPAS1,0.5501819413032413
DEPDC5,-1.0674700582815024
SLC22A5,10.724788485247997
ELOA,-1.1697050854352808
FLT1,-0.40332180203148515
PODN,-1.1304562984905695
S1PR1,-2.2999718647514693
AAMP,-1.1420963341559034
IL6R,-0.7089283411948892
ASIC2,-0.746661840003463
LRRFIP2,-0.8147388203528686
ICE2,0.03434422284967629
IRS2,-1.6604959824651107
OBSCN,-0.08635700758411934
CEP57,2.914877645336659
CYP17A1,2.5403564765573203
RGL3,-0.3869968560460319
XPR1,-0.49271864763116874
PRKCH,-2.560002088573586
PRKCD,0.9713796425740867
SOX11,-1.2423520684540303
HIST1H3H,-1.6952330158321078
NRIP2,-1.2913706958563114
FKBP14,-0.8161083265491773
FKBP15,-0.8839207816647116
TBX21,-1.7787475535193316
PPP4R1,-1.2752487122697544
PPP1R3D,4.638290664917901
MAP3K3,-0.21289651425373463
MAP3K6,-0.4787401231283558
ZNF575,-0.8952001337571097
ZNF576,-0.5555943287731673
KIAA0319L,0.22046924182583952
CTSL,1.6986211335731713
PASK,0.5683413413957559
OMA1,2.7056546224390967
PCYT1A,0.15671264655586517
HIRA,-1.6158604804599983
CXCL8,0.5945057791503144
SPEG,0.428299874412876
FGFR1,-2.593597336764382
GFOD2,0.49690504915210026
AHNAK,0.4959539186827538
AFF4,-1.4213711072575357
PDPR,-0.11653213156677789
GUCA2A,0.23841745727922203
FOS,0.40541573531642255
HOMEZ,-0.7668163356607641
PLPP6,-1.1067878685840238
ST8SIA4,-1.46811516627776
ZBTB4,-1.627999081758196
PRL,0.8745244923738744
DMAC2,0.11939451569570167
KRT1,0.26008522839489023
IL1B,0.8296944180015172
KRT8,0.7453824888919535
SIK2,0.29366169120143615
RABEP2,0.22305910820182517
PENK,-0.2349950941810555
ZIM2,-1.1330526383976864
BCL11A,-2.216649080064339
SALL1,-0.7265595123406915
SALL3,-0.9003746297570078
CD180,-1.9932010970055214
CYP1A1,2.0650722068033693
IL10,0.1568428939960795
IL11,-0.13229541569305128
WNT4,-1.592293783062296
IL6,2.3466369727411043
IL4,0.57488331988988
IL2,-0.452879728420121
STX17,0.1470890483603348
HIST1H2AK,-0.9697097626249781
RUNX1T1,-0.546102304263435
ANKRD16,-1.030342985029247
TXNL4B,-0.6052950608055842
KLF13,-1.1032594659896071
KLF12,-1.1880229409709706
KLF11,-0.8301144674075387
KLF17,-1.6399523245203682
KLF16,-1.1662722556850214
KLF15,0.8614708199848645
SP6,1.6065997482246777
NT5C2,2.0153806688666136
SLC44A2,0.49921184800165275
ANXA2,-1.4195442549087152
ZBTB7A,0.38833449055648656
SLC44A5,0.3916069930742885
ZBTB7B,-0.27988942879298906
CYP2A6,2.0442769937410206
UTY,-1.4917730116551324
CDKN2C,-0.9139658865337742
AOC2,1.9075090474590926
MFHAS1,-0.06112596789252623
INPP4A,-1.3208992703393105
PHC2,-1.2795517662946843
RNASEL,-1.6296517413414717
ZNF367,-1.7129651088526627
ANKHD1-EIF4EBP3,-0.9050164653951348
BRSK1,-0.29000916527859677
TLR7,-0.6100260592734155
ZNF213,-0.8442398493208643
NFKBIB,-0.6704014424907756
NFKBID,-1.4902218627871204
NOX5,1.827385578864999
NR5A2,1.2381720769667435
DLX4,-1.6211162312469176
HIST1H2BF,-1.3474062714460964
FGF9,-1.7195373129726617
HIST1H2BN,-0.8051841577129785
FGF4,-1.242922096329379
HIST1H2BJ,-0.32017592316187676
MISP,-1.0064861574828678
SLC25A40,-0.7829251895767497
TOX2,-1.4182989578004588
JAZF1,-0.4870667636704004
RAB8A,-0.8435173026775621
SGCG,0.6675555165487438
DUSP5,-2.061468070124894
LRRC8E,-0.6008946310219324
ANKS1B,-1.2016572514825208
ANKS1A,-0.8171947247174477
HEY1,-0.5448621213711773
METTL9,3.438220397465955
ACTRT1,-0.5671775908298807
LEP,1.2369041107501129
PITPNM1,0.6006560071803726
NKX3-1,-1.3745103897749291
PITPNM2,1.1128095867849155
TBC1D17,0.04753035064549667
SP8,-0.894389692437233
ADAM17,-1.4907428598689079
DNASE1,-0.8641172860492178
TLX3,-1.1828798671897893
UNC45B,-0.394148284387988
ZBTB40,-1.2757184359439184
ZBTB44,-0.5362974512680789
BRAF,0.40868264630529677
PCSK1,0.4884408473593172
PCSK5,0.33783253892632054
HIPK2,-0.9070127010822312
PMP22,-2.1234084165054647
ZNF683,-1.5662221546017836
MT-ATP6,0.2039029952377758
PAPPA,-0.871939185960254
MIF,0.8574259051245007
AHR,-0.8636250651061241
FDX1,1.5977658151832306
KLC4,-1.0374729835069627
MMP12,0.3485347569444408
CDKN1C,0.025081839418694074
BAZ2A,-2.349204431551836
EDNRB,0.13968070071149513
STX11,-1.294927048863913
APOB,1.7871374819648642
TADA2B,-1.3308749514694005
ZNF512,-1.7069867976096549
ZNF513,-0.7828844982186463
HOXC11,-1.4952498777757117
HOXC10,-1.1555676050439563
VEGFB,0.2649010503356499
LHX4,-0.8451184114531698
TCN2,2.233329234204241
ZNF358,0.19155335126338285
AP3M2,2.148774781165072
COX7A1,-0.592960664481331
CCDC186,-1.482556868852317
HMBS,10.806824222361106
HIP1,-1.0977665901724851
DMPK,-1.0193554969054286
STYX,0.8164931555158899
ABTB1,-0.9222773508229154
SPIB,0.5496853685124913
LTF,1.0017937004113313
AFDN,-0.6862798153641642
TP73,-0.5853334981840204
LMOD1,-0.34924042501761204
GPATCH2L,-1.0655170215199055
NUBP2,0.9940831021351675
CCNA1,-1.5797806625044677
VPS29,1.0102033040468654
ESYT1,0.9743848088205014
PGR,-1.2711380238937153
CXCR4,-1.6339519225644856
JAG2,-1.2331364675619547
KLF10,-1.0143250924547833
E2F7,-1.6137380905550256
CA9,0.6565431059848605
E2F2,-0.07876051058133735
PPP1R13B,-0.9449584948971842
MGAT4B,1.248903454663362
PPP1R13L,0.15135206318399727
EVA1C,0.982903502777146
TNRC6A,-1.583230813234295
GATA5,1.45247248387865
ARHGEF2,-0.6126527847458448
CDH15,-0.07402022714267985
MEF2C,-1.5674571280451741
ZNF232,-1.192593405977358
CLCF1,-0.6420432412512458
GH2,0.1939776706308688
SPRY2,0.6282772566290935
CSF3,0.14073041098373731
PLEKHA6,-0.5292807536526862
RRAD,-0.7996934245960088
ZNF691,-0.840820872957137
CEP68,-1.4895391235785982
SLC44A4,2.5181798181799104
ATP7A,3.1104725347933644
COPZ1,0.7599436943636486
SUV39H1,-1.0520723435800219
CDC42BPB,-0.192750557007556
SHH,-0.45151072029476547
EPOR,1.7553122140542894
PLA2G15,1.0825114425910227
NR0B1,1.193619889136945
ZNF503,-0.9981172771735588
PCNT,-0.896484761823725
INTS11,-0.9654587581237326
INTS10,-0.8452630093364853
INTS14,-0.6978226656743461
USF2,0.8024459217023823
FBXO24,0.770405760300183
SATB1,-0.7503218285875306
STX5,-0.14098686890670437
STX6,-1.0795015506517798
SLC5A1,1.3553754115327907
RAVER1,0.5153317673157779
ZBTB3,-1.1955898792902588
ZBTB6,-1.6067699739846126
ZBTB5,-1.5211330098367348
CYP21A2,2.6775498686375254
ANKRD30BL,-1.1368747505167454
CHRM1,-0.3240692645384512
ABI2,-1.004177680656711
ROCK2,-1.8484576691329468
CYP2C19,1.0972106235015575
MMP9,-0.6494857126173728
CD209,-0.9401999093215591
CLN3,0.7401576336598713
ENSA,-0.3334790109640481
LRRC4,-0.946768465304739
AQP7,1.7304334139164905
ACOT8,2.507391847434673
ADCY2,-1.7125848546190967
KIF27,-1.2930798544060815
ADCY9,-0.5232835122869597
DOCK8,-1.5432652788311918
ATRAID,-0.5693015565941828
MED26,-0.9789967499707604
KANSL3,-1.2335023963447003
MEIS2,-1.6077370649593574
MEIS1,-1.8642923099376414
PLEKHB1,-0.31520247756720804
JUP,-0.45156681443652774
PARP8,-1.8748189980735985
MIER1,-1.0955818408741564
BTK,-1.0917472154814436
IL13RA1,1.1198019740233758
HIST1H2AH,-0.5121675246158586
FGF22,-1.462546137071945
TBX3,-0.9974911251833359
ZNF32,0.9577488181556376
C18orf25,-0.729410050246538
ZHX2,-1.6037141619497632
SUSD2,0.29519784623796835
PUS10,-0.4193738984111315
MT-ND5,-0.06336543364999038
MT-ND4,0.16997285903436324
ZNF785,-1.2113066457489672
FOXD2,-1.0415370486107685
ATRN,-0.319556986886616
ZDHHC7,0.1348590062393581
ATL2,-0.27283814203843915
ZNF408,-1.2641953364050558
LENG1,-1.0456484843111162
SNTB2,0.9613495799542484
MYBL1,-2.128569679518044
CORO1A,-0.5944134659735703
SOD2,3.8268742376320732
PRDM4,-1.2266356457839485
PRDM5,-0.8304679212639173
PTHLH,-1.4074735367220599
PDXDC1,1.0202486530559238
SLC22A1,2.735240885055237
PDE6D,-0.7902193080024229
SPOP,-1.7128467294313507
GTPBP2,-0.00518548176850975
CASP6,1.0751786552872322
TSEN34,-0.30220408450372227
NCAPH2,-1.2054165324560586
CASP2,-0.12638678774604845
CASP9,-0.16217690469261664
PURA,-0.4168736218558549
PORCN,3.4554581098958668
QTRT1,1.7423898529551987
GLG1,0.8270004114869698
LRFN5,-1.110088397270518
RCAN1,0.2540416194580682
ZNF222,-1.0819241830974395
ALOX5,-0.3877975311959536
COG7,-0.6054656820346156
SNAPC3,-1.0440458813690723
SNAPC2,-0.8540858695228023
TIMM10B,-0.23263608809580347
SNAPC4,-0.5189062051909087
SERPINB2,0.07352809617928678
TAF13,-0.860428610993054
KLHDC3,0.7952089403623813
AKT1S1,0.5222005978076076
ZBTB37,-0.2895414350101543
RASL11A,0.25478843641582777
HIST1H2BL,-1.0159586578243325
KIF3A,-1.7429807791262941
IVL,-1.4589300552806193
FNBP1,-2.0046350718594974
PCDHB16,2.2562065202308537
MPZL1,2.1221421878630284
HCFC1R1,1.3417857272015532
FGF19,-0.8494607080317921
CITED2,-0.9958548711066628
CGB8,-0.6118304216043383
ELL3,-0.7762979455352087
DTNA,-1.0822906653943276
CNTLN,-0.8363277830510243
ZNF524,-0.9651915823952922
GTPBP1,-0.4045827753577169
DCAF11,-0.5398026594602156
DCAF17,-0.7929644136388693
DSCAM,-1.3757821724296866
FEZF1,-0.4658384217605589
FEZF2,0.32799770541564716
SLC35E1,0.6752059610097562
DAPK3,-0.6611547890199748
EIPR1,-0.7411561592394915
KCNJ11,1.3086159231850958
ULK4,-1.7095655700445205
KCNJ14,-1.0762932306935256
POU4F1,-1.2557954666107836
RNLS,0.8380941481483027
PTPRJ,0.36184618171520744
PGAP1,-1.1256557220653596
ZFY,-1.0533346171275377
ANKRD23,0.6464456236987836
MANF,1.362054093889936
IRAK1,-0.3390356983993675
ZFYVE21,-0.23642185763679718
GATA4,0.20298822675089775
CCND2,-2.0931304761814298
SNAP29,-0.5780924190156098
ATF7IP2,-1.5192090623764312
PRR14,0.33189966170904955
CSRP3,-0.6630945986332677
RASL10A,-0.5091547241514612
ACVR1B,-0.894791221916986
PANK3,2.197483191479494
PDLIM2,-0.7878282595931304
SCGN,1.535770781988107
RPRD2,-0.9839927769903374
TNK1,-1.02227305043461
TFAP4,-0.428835661893508
KRT16,-0.07382466654519053
ABCB10,2.7834083837428922
PRDM1,-1.683335571360904
HES1,-0.32245887146209445
KRT19,-0.35515192487179853
KRT18,0.6558409904401988
KLHL24,-1.9093927743375148
CAPNS1,0.6757056469988351
TLE3,-0.005662713683895562
PAG1,0.30106654065488475
KLHL28,-1.476758230948724
TLE4,-2.2951971156109776
TAF10,1.2976359945496743
HIST1H2BK,-1.497250580756343
TLR8,0.4651325244815997
ZNF212,0.15190623576459694
RXRA,1.634621182797774
RXRB,0.7537249335226586
GLO1,1.5801336764237872
BCLAF3,-1.0659004869210296
NTS,1.5118636716950442
IGSF3,-0.9853590613118772
MITF,1.1246445639120817
MYOG,-0.33057871975790265
ZNF646,-1.3074289489476698
HSD17B1,1.5906424256254363
ZNF644,-1.8775684738546525
HSD17B4,3.2305745021265078
SLC37A1,0.18848081078799406
BACE1,-1.1506445461356534
KIF13A,-0.42640811836731973
ZNF467,-1.0730790924864984
ZFPM2,-0.6243973204253805
PKP3,0.4922138293567366
EGF,-1.2989086149822877
SLC25A10,1.9559864686105004
SLC12A4,0.006224310078470006
EXT1,1.537755440740415
CNOT3,0.8448252086140241
ARID1A,-0.5168846104667686
ZNF280A,0.01571148349526282
YIPF1,-0.14232449253272467
CNOT4,-2.048345979678012
TYR,2.3310443844466153
STAR,-0.04713875777532827
ALG1,1.3135250628678086
ARL4A,-1.1833224573953325
SLC11A2,8.892542264534502
GCC1,-1.2528706373722336
SMYD4,-1.4473911932542742
IRF1,-1.4851702029197777
PCNX1,-1.8010841864148766
CD99,-0.10409632863259659
MAOB,2.8238599959711945
MAOA,3.3918719705806977
SNX27,0.23757256260924153
HDAC7,-0.790042819331623
CASP7,-1.5631077298561171
ZBTB10,-0.39753898584111613
SNCAIP,1.9474190402532368
TRAPPC12,-0.5810052791000215
CNOT9,-1.280685977868311
ASCL2,-0.73410463241296
OMG,-1.025284676953377
KIF1A,-1.5081286064418253
KIF1B,-1.5065910200660757
NEU1,0.4342300686663151
SOX8,-0.6261237588781094
RPRD1B,-0.7779221068676404
SOX5,-0.05894979814411592
SERTAD3,1.1972784459509962
BIK,0.056414666528159935
RAD54B,-2.0970768670136963
CEBPD,-0.6930613810493896
PITPNA,0.28912803973804213
MED14,-0.46461259490048207
ABCB6,2.419901730182216
LMAN2L,-0.46329834858830565
INTS3,-0.8733322851107048
INTS2,-0.9325368910020561
INTS7,-1.4311938867990657
NOTCH4,-1.818477729276566
PPM1N,-0.5578134629039624
HSF1,0.32947360166289436
CASP8AP2,-0.33419365990716055
ZNF384,-1.2281774638449012
LINGO1,2.2163485785333554
BHLHE41,-0.6903944441248042
GADD45B,-0.672487521103236
CETP,0.9709180102819885
SLC25A28,3.833436440959095
MAN1A2,-0.8522420234187564
KIT,0.43880061617238875
MYT1,2.985812190132561
ZNF274,-1.8330604329965905
LRTM1,-0.17591186252258445
SDHAF2,2.1717960685130535
GBP1,-0.37849409943870543
CYP19A1,1.5349927386659095
RPAP2,-1.0032636191812419
INSM1,-0.7195471547413993
STRN,-1.6581810812213913
EGLN2,-0.38664519383510293
TFDP2,-1.343020990332692
CADPS2,-0.829801150335334
CCDC14,-1.2405439429647862
APH1A,-0.8507602568772441
STAT2,-1.4619273015222884
CD83,0.3338789850134899
CHRNB4,-0.7137968844120587
HBEGF,-1.1219538579023345
MARK1,-0.5086272731690863
FOSL2,0.33089925039556306
CYP7A1,2.2801806641619975
PWWP2A,-1.4177389436545127
DYRK1B,-0.4227727345094161
NEAT1,-0.7092623654180846
ISOC2,1.2640075942723756
GNAT2,-0.7557532925574982
ZZEF1,-1.19575095661624
PDE4D,-1.13591795349267
STIM1,1.4271553143514353
MAP4K4,0.008219709318712715
WT1,-0.5780196463767479
LIMK2,1.404781508439348
WASL,-1.5641914993313815
TEAD3,-1.073218308398673
TEAD1,-0.9901099188375475
TEAD4,-0.5829509262630034
PTPN21,-1.3578110700733161
ESRRG,-0.6877094962563615
HSPB3,-0.6837708543464971
OPRK1,-1.5679324241025145
ZNF710,-0.8749339850168737
ZNF711,-0.09029024504130713
DHCR7,2.369336737806171
CASP10,-0.47839778506644665
BDNF,-1.0542164061838084
ZNF76,-1.0971986715963282
ZNF668,-0.9244080548095336
MSRB1,1.9161121521568725
RSPRY1,2.724958965104939
HELZ2,-0.2795843046878649
GIPC1,1.2909143377935197
ZKSCAN4,-0.17338227064121325
PDGFC,-1.3605601802277112
BET1L,2.8973585489830755
TAF8,-0.9617825500225057
DDAH2,-0.7481155538263303
RTN4RL1,-0.6466383346008373
DDIAS,-1.375358794373393
IKZF2,0.047924950022881586
CGN,-1.2666991105280485
HMGA2,-1.050298213695644
ID2,-1.3101612405984107
SREBF1,1.7240573725386865
TADA3,-0.9465201029346385
ARL4D,-0.9606702445368187
FSHB,-1.4529983272689841
GLI4,-1.0629535879731404
LUZP1,-1.1601945725366065
ARMC5,-0.44063863531969144
NFIC,1.6431568385845574
NFIB,-1.319382961774809
CD163,0.5551575471692061
KDM8,-0.19730002067026575
NFIX,-0.9399653783565853
MCCC1,3.1756507044346507
TMEM80,1.6376916219929658
ZNF830,-0.8887488048217577
FKTN,0.708743885852316
TSC1,-2.072709231118666
PIN4,1.405314218577901
RCBTB2,0.6759764103208392
SYNJ2BP,0.46792511369340584
NUDT6,1.6938954378196376
TJP2,0.41728868327312363
ERCC8,-1.3266442399632676
UVSSA,-0.7918692125574589
NSMCE4A,0.36237992319206297
DVL3,-1.8240303532827442
BDH2,1.214724709149405
ZNF518A,-0.8841834386843597
LOC107984056,-0.5058186305026114
GNPAT,2.519518475676287
DCTD,0.9647314965602469
HSPB11,0.6320991766866219
PARP3,-0.7749027327977271
POLE4,-0.7493328855238348
LIPT1,0.4448282372383697
CEP164,-1.3892163903824515
PPCDC,-0.00569920391781871
SLC38A2,-0.3548965472479512
MLLT3,-0.37259643696945643
ARID3A,-1.1620514499291485
MLH3,1.2370949054132512
LYRM1,0.7076098224936419
ABITRAM,0.2932771855687883
PMS2,1.989710777755432
BCHE,1.5190407502016132
ABHD10,0.003393260704866095
MUTYH,0.6205911948890515
SPHAR,-0.03043488848405195
HUS1,-1.1408837915769756
POLD3,-1.7456209304484707
PDCD4,-0.8855201928253514
SETMAR,-1.0351111537448918
IFNA1,-1.3676452640167869
DDX58,-1.5038661303597707
PCSK7,0.4226072166590911
PCSK4,-1.4769830141511422
METTL18,0.08897426973504782
NPRL2,0.5088634999306644
MBTD1,-2.0747704265735916
TCF19,-1.3043033217164592
ETAA1,0.2498420368915478
TMEM267,-0.3744820762151288
ZNF341,-0.6513138336013018
BICD2,-0.5306426831945775
ITGAD,-1.0949672529860766
GOLPH3L,0.5063137504702035
PELI1,-1.2689877218291725
LMO4,-1.39363472638381
ABCA2,0.6774116541878915
JRKL,-0.7038699561373603
HSD17B2,1.9762243369123027
ITGB8,-0.21758025150376434
MAP3K12,-0.6956983974652794
ITLN1,0.1303916817846367
CBR4,2.074129864644413
FUT8,2.210797016953033
CHI3L1,0.4662721952112511
MDM1,-1.1355132110244401
WNT10A,-1.1695072792590864
MIPEP,2.7810870656863766
PTAR1,-1.2159861377105037
FCHSD2,-1.6183351717569596
CASD1,1.5141407047363067
DPYSL2,-0.803476134600702
IRF2,-1.9797096881453111
CIB3,-0.8675359482856773
MTO1,-0.08258399676872526
BPI,1.2119235991550295
SLC20A1,-0.07396399149301083
BCKDHA,1.9384691974920185
AGER,1.5315220360889137
CHSY1,1.419427559144149
MAP3K4,-1.8439187007165398
PRPSAP2,0.6661847562712312
LRRC1,-0.9281541207478378
PTGS2,0.7008612013738214
ADCY7,-2.1093214173218624
MYCBP,0.28175363053724894
MSANTD2,-1.96270829648756
UNC119B,-0.5228387598370818
AFF1,-1.4551273057967762
UBXN2B,0.2892981621779162
SPANXN2,-0.6767432253987986
SEC14L1,-1.1839724164704868
ADAMTS12,0.15917605855239458
ING3,-1.770946047522482
DBR1,-0.5139424220171304
MEMO1,1.2694615238051692
LRRN3,-1.3310382271447487
NMI,-0.4895156398075381
ANKRD10,-1.2801303038213228
TSC22D2,-1.1944692227343068
LRRC8B,-1.0267195789594286
GGNBP2,-0.785930544888161
PARG,-0.9878656122087097
MTM1,0.31940139626309993
SPAG1,-0.11275452092883831
HHEX,-0.014848244778116505
ULBP3,0.13461935525983487
SAMD8,-0.26059746896592395
MTFR1,-0.9156592969456543
BTG1,-1.7572543953611213
GABPAP,-1.675801394560843
ASTE1,-0.9922216254543595
AUTS2,-1.4376944091966686
RMI1,-0.8434587872629152
DNASE2,3.1035797703951196
SGCZ,3.6199902943392184
BMF,-0.5888180832101536
SNRK,-1.9707292282441682
FOXN3,-1.979554849546197
RANGRF,-0.31284462169498545
TTI2,0.04111575516154341
URM1,-0.39147358739141025
NDUFA9,2.0046879970325233
MPV17,1.6754064553919161
NCAPD3,-1.898550943543819
CIZ1,-0.001084448857403561
EMC8,-0.9151973810084709
ASPM,-2.1075971373111466
TBCB,0.8536693703311127
HMGB3,-1.4617607713799015
ZFP36L2,-1.8334367081989893
CDCA4,-1.445481299572442
COBLL1,-0.9760869740113435
TLN2,-1.0463149613336575
TMEM100,0.08101584527617407
UFD1,0.9031178738391163
FGG,2.2585530606358852
PHLDB2,-1.377820578883271
HSD17B10,1.9670932747564507
CBX8,-1.5302314718690337
FANCI,-2.0003226320500542
JPT2,-0.7928539631332363
ENDOG,2.2349165449259636
AICDA,-1.01773750811077
POLR3K,0.9062396190874221
NSFL1C,1.597989794066519
DNAJC21,2.107208854012089
PDCL3,-0.5167952253457219
PRKAB1,3.003416793386967
GINS2,-1.6734396342099553
MARCKSL1,-0.8345080104897975
PTP4A3,-0.0729831711499904
ADRB2,-0.5791881167280944
PALB2,-1.573836758652677
SOX2,-0.7222299859542199
RBMS2,-0.7110857717151733
PEX14,1.7338457208835665
NLRP6,-1.4858955616081004
FAM83D,-1.6046379899383512
MTPN,-1.0294162025997555
MPPED2,-0.5814947694134386
NDUFS6,0.20487162260359984
CKAP2,-0.3059698985394989
TMEM109,1.3057307455950795
CENPW,-1.6756070190893448
TRMT12,-0.596452279924551
EVI5,-1.3615132228688354
COG2,-1.0614792294705786
KLHL7,-0.29924273624379505
TROAP,-1.7920627121332686
H2AFJ,-1.1345512047265083
NPLOC4,1.4703559901682384
HSPA12B,1.0718130100892698
HSPA12A,-0.6932049203483641
TBRG4,-0.18440137863635042
AIRE,-1.1372899826710028
BCAP31,1.358669504538155
STOML2,1.2652033204890396
PSMB9,-0.6233581821599404
PSMB7,0.6296810378636956
PSMB2,0.2962663281222822
ZC3HC1,-0.6964830410368013
PLS3,0.27477467180969833
AP5Z1,2.190981922974507
BICD1,-1.263077971152737
PLPPR3,1.0361463655192265
NDUFB9,-0.11953741528066306
DYNLL2,-0.9459336070853884
SERPINC1,2.239773165701195
GADD45G,-0.7209129275486071
CCDC13,-0.8329352632390256
ZNF648,-1.0496748689471682
KIF5C,-0.812927702353326
GABRG3,-1.2432752449039852
GABRG1,-0.6683491589965173
CCDC113,-0.6011227412032042
ZNF124,-1.3474382293824463
GPRASP2,-0.9957440034884562
GABRA6,0.41432516114222756
CPA1,0.71779611468698
ING5,-1.284227310749683
C7orf25,-0.48471618686995543
DNAH7,0.09115374069085334
DNAH5,-0.7316349735521901
DNAH8,-0.8015245084492496
GABRP,0.745379843468249
MSGN1,1.0821496950530132
GABRE,1.747219872677823
CNRIP1,-0.37483351775263024
DEFB1,1.7942654026184115
AHI1,-1.2052209396444364
TRPC3,-1.3294268323098726
GABRA4,-1.1610409644398063
GABRA3,-0.9567986828656079
GABRA2,-1.005567024358585
DYNC2H1,-1.0115005754019568
GABRG2,-0.5229210462458418
PDCD7,-0.7062324526418969
PFDN1,-0.7299460455793142
DNAH3,0.15341067012272053
COL9A2,-1.0905468654621502
CEP126,-0.6510639881072242
NEUROD1,-1.0894410503093412
NTN1,0.2372377569447541
ZMAT2,-0.9455737976160123
GABRQ,-0.39299922433934237
C1orf216,-0.8464954895734284
NTF3,-0.0024713390437363213
TAF6L,1.5997581320759549
NAP1L5,-0.9815140804868815
TGFA,-0.08687286236383217
DNAI2,-1.495490077929483
DNAL4,-0.5870426321491912
RHPN1,-0.921461807541689
LZTS1,-1.0871429621980737
MMP7,-1.449067154652753
PPP1R18,-1.1367315292444535
ZIC3,-0.764615554253997
FOXK2,0.5985144142886294
DNAAF3,0.7702572093850016
SORL1,-0.8731203198865789
PP2D1,-1.4613877902487036
NCALD,-1.0784257764752605
CCZ1B,-0.8212955791151458
SPHK1,0.22010463415417017
GFI1,-1.6511270303835928
ACTRT2,-1.416999900885158
HOXA2,-1.419850552585662
MON1A,-0.26025591246604934
RMC1,-0.38395132326951287
HIF3A,-0.6743163031584286
JPH1,0.3008797519237666
VRTN,1.9148790675580722
PCDH11Y,-1.1211797591828223
LRRTM2,-1.4615679346310324
PPP2R2B,-0.8012307705378549
ENC1,-0.9421426640733215
ZNF770,-1.256713515051556
RASL10B,-0.40910918705514476
RIT2,-1.7436037559076174
KSR1,-1.1801246430140684
KCNQ2,-0.9809204170122487
RPS6KA6,-0.3493370942192219
DNAJC4,0.49547608774557805
TMEM74B,-0.6844670432140659
ZSWIM1,-1.0334945233755708
TCEA2,-1.1555135263102165
ETV3,0.6724288464049205
ZMYM3,-1.2812559283123122
PDE1B,-1.1579284616322565
OR3A3,0.76787618782852
LRRC7,-0.43537424384032425
SCN8A,0.04747374095017911
AP3B2,0.4534970173408191
ROS1,0.10616875381466069
WNT10B,-1.5236539168570582
CDH4,-1.397514237907896
GDAP1L1,-0.32435863584494884
PRRG3,-0.5924925492005609
PKDREJ,0.8850603480733302
BMX,1.2257362085880898
DPYSL4,-0.5818900828691527
TEK,-0.2188134628115566
PPP1R14D,0.12332813930136641
SARDH,1.5314850275936192
OR1D2,-0.5510903461083483
NEURL1,-0.6444274939293401
FANCC,0.022318806029840658
TGFBR3,-1.4623653158742653
RIT1,-1.7938860411279767
MERTK,-0.058425890386890125
TM6SF2,-0.3679110025829247
NPAP1,-0.0859380236081567
OR10H2,-0.9500780686667938
SLC22A13,0.06298183763388311
AGRN,-0.0229837282229725
ZMAT4,-1.1378194685280576
CNIH2,-0.4238353325685973
CHRM2,-2.1736425845800826
CPLX2,1.55152143586927
TLX1,0.1859703139983685
KRT38,-1.8653604368838332
OR10C1,-0.10986641941137257
MAP3K9,-0.37919754606534456
SFTPB,-0.47032840389553976
STYK1,-1.3276554454843958
DCC,-0.6622960377828783
HRH3,-1.0668388910450186
HOXD9,0.03447413020474142
BRD3,-2.1406976225898564
LRTM2,-0.8451515227015859
ARHGEF4,-1.658228456668281
ACTL8,-0.92502344384647
SEPT3,-0.9658584031307607
TNRC18,-0.5190296978409206
TSHZ2,-1.0272878740657811
ST8SIA2,-0.814951505601558
ATP6V1G2,-1.1747646734653845
MAGEC3,-0.8891136437433593
DNAAF2,0.008943841689697208
CBLN1,-1.0338823497741525
EPB41L5,0.012853936866276196
CCDC33,-0.8875299961016873
KCNH3,-0.6479121648992937
OR1F1,-1.3934240030689309
HLA-DOA,-0.41377783879337937
HLCS,0.199959738486851
CDH18,-1.5064436980592861
NCKIPSD,-1.429906000232677
MINK1,-0.2967821926714417
PRICKLE3,-0.6787192943754428
NAP1L2,-1.2367483492877547
RGS7,-1.4713666215224108
KCNS1,-0.7299454037796738
CNMD,-1.6860578783831908
CYP2A7,1.2937982040575415
FXYD7,-0.735606771503998
TTC7A,-0.13950104412013045
NDST3,-0.7818497580485859
SCAMP5,-0.6393914069561687
BRINP1,-1.1259410240764764
CALN1,-1.0924717182275252
KCTD17,-0.8141589375412941
ZKSCAN3,-0.8551604367301249
EXD3,1.2193246795839487
DCLK1,-1.451649942288136
OAS3,-1.1005321712616105
BTBD17,-1.3210103884273987
BEX1,-1.137046299846822
CPA2,-0.3541296666589002
LZTS3,-1.0372818412260578
PLPPR1,-0.7207414878487604
WFDC8,1.3738016169021128
KIF3C,-1.764469308458095
OR7C2,-1.4509814571509874
HECW1,-0.5265461283163513
CLDN10,0.5419884236226582
CNKSR2,-1.4908133976385882
UNC13A,-0.5409783093483168
KCNB2,0.19522417895135116
KHDRBS2,-0.5924098020968978
ATCAY,-0.6058207033524383
ZNF483,-1.0284701167145358
IFNA5,-2.077364474494851
NNAT,0.5502530799737558
OCLM,-1.026250519633514
MEPE,-0.6751177441569612
FAM155B,1.0971487736827705
DGKB,-0.7354494313849462
BEX2,-0.9742280512277267
SHOX,-1.7486990266566527
GPC4,-1.3260328375842947
MYNN,0.33598448555030985
KLHDC8A,-0.5339441961062921
CCDC189,-0.6334918071686569
SCGB1D2,1.9198038717012882
SPPL3,0.508057908803998
SLC2A12,1.8838248647244633
SLC18A1,2.5253597442275897
HM13,0.8574864315015476
TPRA1,1.5547379983088614
SLC6A15,0.6611317259451641
SLC39A8,3.892206845291818
SPPL2C,0.1540393299697163
SLC15A1,0.9703454071025855
CHRND,-0.7623776525487991
YIPF3,0.4433915019998801
SPPL2B,0.5940169968643524
GOLIM4,2.1489596692926667
SSPN,-1.272421932198917
RAET1E,-0.5539870072506428
MRAP2,1.9710342041618196
FCHO2,-0.5235253470636808
PARD6B,2.774244607336917
RAB5C,0.9753556482723602
COG3,-0.15913357356205463
EXTL2,0.6410550863332369
COG6,-1.16620881976702
COG4,0.4128128876991041
NFAT5,-1.676873919281545
ROBO1,-1.256125413131668
PPFIBP1,-0.5886456371124315
AP4S1,-0.18717939076036766
HAUS7,-0.4807263926115336
SURF4,-0.5383748068206524
EME1,-1.4293985213031895
GOSR2,-0.8299536779054298
SLC39A4,8.034096557253092
DSG2,-1.0453766530785393
YKT6,0.3798672247865098
GOLM1,3.236094911068167
POMK,2.09731111901987
TACC1,-1.4585296329689337
UST,-0.7740814948339204
TRDN,0.8652013901725234
C5orf24,-0.7058616995430607
KCNS3,-0.42999097524458707
FCGRT,1.196269381172841
COG1,-0.5798792056129066
ACBD5,-0.35518173147576204
AP4E1,1.0041206843906305
BATF3,-0.8226655180329467
PON2,1.5234695399576461
FUT1,-0.8890686722580259
OPA3,0.011269784579648764
PHYHIPL,-0.13851971999899648
TNFRSF17,-1.316978988063122
PCDHGB1,1.3871344475616123
PCDHGB4,-0.6345381858437443
HSD17B6,2.1577137555425345
HAO1,2.2473849821711416
TIMM23,2.524979538585083
VPS8,1.6679146288641764
NAPG,-0.4669665473137399
METTL14,-1.3540032708316663
ARHGAP17,-1.0363373528911448
MX1,-1.529663151628953
MED11,-0.7186435506167991
DYNC2LI1,-0.4804930745463865
SENP5,-1.1779107897484005
EPS15L1,-0.73272024557796
OTUD3,-0.7428458290699325
MX2,-1.8166379694873107
IFT88,-0.3588206081829286
NCLN,1.8045259046176314
SUPV3L1,-0.9108243071002963
TBCCD1,-0.7898866710585823
RINT1,-1.3543416923810214
YEATS4,-0.697857286149042
FAM122B,-0.9399740791579345
MED8,-0.88509937462585
HCCS,1.2037168971755319
MLLT11,-0.9569193496618372
TBC1D31,-2.162641332466423
COX15,2.52886399288762
FASTKD1,0.0733847501921624
TRIT1,-1.2488547814948154
RABL3,-0.5342439233052613
MED10,-0.8856565978757835
SCN2B,-0.9400601443772355
NR4A2,-1.17433400483961
MFF,-0.2162724134292379
MED18,1.8568798017783175
INPP5F,0.5570305107330451
INSYN2A,-0.6334306980063666
TTC19,-0.15758481041329475
ZBTB24,-1.5881410787630759
MED29,-0.8292334413616892
MED20,0.8216832186454449
MED9,-0.809831614047095
MED27,-0.9915852958706743
TIMM8A,-0.20115732714889575
FAM174A,0.3569253778462447
MARK4,-0.5549328155557565
ATL1,-0.4061323713626083
ACTR3B,-0.817665527757642
GTPBP6,-0.10403041388406949
GTPBP8,1.9015320802901103
COQ9,1.9107353300637013
ACYP1,0.23554213579411926
TMA16,0.16086683005830504
NIT2,2.874422577160924
MED30,-0.9334476453418946
MED31,-1.126256653288414
EHD4,-0.7456295915259056
EHD3,-0.7042899215619859
SACS,0.44930669228290365
PEX11B,0.8670132840748054
KCTD9,-0.3877172227266333
VPS13A,0.2083722472853197
TXNDC16,0.581704165291378
MIEF1,-0.870423985926881
LOC100996763,0.9536852664627663
LIN7A,2.8386845486777226
ADCK5,0.28676254745741675
MYPOP,-0.3585566350041736
KRTAP9-4,-0.11570782101157755
KRTAP26-1,-0.6532294318565977
RPS19BP1,-0.37985526052553564
FAM124B,-0.7342947488975518
SEMA4C,-0.7884888993931789
LMNTD2,-0.5878101230516455
LYVE1,-0.905646170500667
SMOC1,-0.49420378021456596
DGCR6,-0.45656654444422523
XCL2,-1.7272144931142541
CXCL16,-0.8502312350295455
AQP1,0.9416542992442025
CNNM3,-0.01557404064419905
KRTAP3-1,-0.6039247284003538
STAC,-0.8323620269742712
TNIP3,-0.39651320595247475
INO80B-WBP1,-0.917326474543238
NMU,-1.9985249722621683
TSPAN4,0.07400656178034645
TNS2,-0.29489712700243875
KLK8,0.19920117369572626
CXCL5,0.4323388279647354
GLRX3,-0.19872589414416142
CARHSP1,1.9209021387484502
ZNF446,-1.0732791237180355
CRY2,0.6972988799000565
C19orf57,1.630396007302633
KRTAP13-3,-0.397895192849753
KRTAP10-8,0.5528851542960646
LCE3D,-0.5119164363542692
LCE2D,-0.007542551820231891
KRTAP10-1,1.8435457052460416
SPINK2,-0.7671309554515037
MAP11,-0.4170667000044815
DHRS1,2.3401195938910226
CRACR2A,-0.7627627071849038
DGKQ,-1.1838227693503638
FAM221A,-0.12654824398355996
TMEM150A,0.583803466639743
DMRT3,-0.9630913101672577
PCED1A,-0.030831905077238937
RASD1,-1.0169304978831524
PCED1B,-0.6288247745551575
DOCK2,-1.978875341949252
LRFN4,-0.23533045712983125
FZD10,-1.6370564295555474
HSBP1,0.5404735781357835
LCE1D,-0.29421177737722304
LCE1E,-0.2891615206006468
LCE1B,-0.4512980976476628
SELENOM,-0.3401233356275955
ATG9A,-0.179653842016241
KRTAP9-2,0.6913184222816168
KRTAP9-3,-0.444420914769266
KRTAP4-5,1.21656075511044
KRTAP4-4,-0.36731157407759046
FAM71C,-1.4923855318888504
CHRD,3.7301319973247664
CDK5R1,1.244454152678357
ALDH16A1,0.3620579772028732
CLDN2,-0.39554056682727706
LOC100996750,-0.29639643102096286
NPPB,-1.027785535611206
CCER1,-1.4857018460489164
HOXB9,-1.428050061692804
GFOD1,-0.38980211843098667
MFSD13A,-0.2869449878199459
KRTAP4-11,0.9455271899460018
KRTAP10-11,-0.053328585622365046
KRTAP10-10,-0.24356674784913399
PID1,-0.49521384248325556
KLHL38,-0.7702433999854084
F10,-0.1213584191117713
TRIM42,1.1552609987546063
CRCT1,-0.40315314994304347
ZDHHC1,-0.47629848222460597
TNK2,1.3692937475354783
TCAF1,-0.8755941065451738
TNP2,-1.5214842156486872
KRTAP12-4,-0.6105262252455264
TMEFF2,-0.33345906985012924
ADAMTSL5,-0.5661146873228754
KRTAP10-9,0.9263362196494939
NPBWR2,-1.7035170877274741
LCE3E,-0.06223891497198091
PLPP2,-0.1881373807668453
PRR35,-0.6497487370241928
FARS2,2.235064896314136
NPDC1,-0.6224418407807117
CTSZ,1.9098671533381748
LCE3A,-0.22502349339078703
RECK,-0.9636825333384738
LCE2B,-0.5591571475867951
OLFM2,-0.6122117609550388
FTHL17,-0.2891519702155285
OTX1,-0.7759570809192663
ZNF837,-1.1055195108111717
CHDH,0.6587189288376355
CLEC18A,-0.12945093699988075
MXD3,-1.0884826692747733
KRTAP4-12,-0.7664197706094076
KRTAP5-5,-0.21896998793431743
PVR,2.394396998405329
SLC22A23,0.5382841990114604
POMGNT2,-0.042847616991048616
KRT83,-0.7671304470000062
CST9L,-1.561762853617802
LCE3C,-0.19358549705982206
NECTIN3,-0.9161900219030479
WDR25,-0.9631520809089611
CST2,-0.4330051309201276
CELF5,1.8426233379942012
KRTAP12-1,-0.16412279081292874
KRTAP5-11,-0.22674246130440076
LONRF3,-0.7106893658750657
KRTAP5-7,-0.3033932639603081
KRTAP2-3,-0.8794279385968298
FAM71E2,-1.0413202249485558
C11orf87,-0.7386681502580498
LCE2C,-0.0753914079830288
TRPV6,-0.4192671285952439
ASPSCR1,1.3209075730593902
KRTAP9-8,-0.22212986742335827
PDE9A,-0.7321774551774907
SLC23A2,0.9430909581117521
NTM,-0.3741780333527597
KRTAP4-2,1.5523374143105808
HOXA1,0.7205774288346929
MELTF,2.2003824583726783
NEU2,-0.5903847708864816
KRTAP5-4,-0.2557434733328787
GNMT,1.534403440707115
LOC102724770,-0.7910456269434234
SPATA24,-1.2469148818830011
CA6,-0.543172479956288
GNE,2.30606071180648
PLEKHN1,-0.8996379315121377
P2RX7,-0.6034519711423892
FAM90A1,-1.3518704098414942
PRPS2,-0.30444377296009484
TYMSOS,-0.4386413162514433
TMEM41A,0.34968563039924194
KCTD15,-0.685472365343928
LCE5A,-0.032708366528258224
CATSPER1,-0.6686851325484088
THEMIS2,-1.149616438155302
HBA1,2.5161141297608243
KCNS2,0.6392605752653705
FA2H,1.5687677570073273
TTPA,1.0968453499741226
C19orf66,-1.0248651089594556
TNFAIP8L2-SCNM1,-1.136604114287492
KRTAP13-4,-0.5533274738066614
PIGS,1.1978778166187696
ICAM4,2.3271790053724093
RAMP3,-0.7729175838778707
KRTAP13-2,-0.5156213442159053
TMEM231,0.26192382868022923
CTSG,1.5009438033370313
P2RY6,-1.3500198755592894
BCL6B,-0.7170489499928647
NMUR2,-1.6336592134127816
SLC6A20,1.7922231430782662
C5orf60,0.06584648702324881
THAP7,-0.9326233401457338
KRTAP12-3,-0.41093990065370983
RGL2,2.8210860195662057
CERK,-0.5771123846159755
SPATS1,-1.5428172335386228
CHRNG,-0.8530387145655731
TBC1D10C,-1.0055958780309109
PCOTH,-0.8330149109774944
RERGL,-1.1027869558484915
ARHGEF16,0.1424044940023193
ALS2CL,1.1053572665336826
LMTK2,-0.292063584250299
DIRAS1,0.9027317953039602
DIRAS3,-1.2333407918066919
MAU2,-1.151905666577305
CCDC57,0.3406944794706821
HOXB1,-1.026517215830039
ZFP36L1,-0.41123977966814285
ARL5C,-0.8220794931600239
MYH13,-0.4111869505195885
TSC2,0.12584471554988252
NAT8,2.0898245737453154
SH2B1,-0.49291784023109264
PQLC2,-0.3805139430958733
BPIFA1,-1.160769638524264
ABCA3,0.6748077610280233
NPC1L1,0.8187322079681654
ARL10,-0.8003604621090072
C1orf61,-1.1793820335451803
BICDL1,1.2542230954012872
GJB3,-0.7031106769195827
RDH5,0.6529051809921893
DEFA6,-0.6943467866906817
SLC25A23,-1.432412715453506
NMUR1,-0.6831117216200753
RAB23,-1.0316041526547102
RAB25,-0.2765885479172571
RAB26,-0.46422236474354833
LMAN1L,-0.7132990857992769
ASB3,-1.0417244465047089
GNG13,-1.7806213510327566
ARRDC1,-0.5441022613543357
RFX2,-1.2797327169953816
YIPF2,3.5032060977015846
WNT7B,-0.14156141243795897
MASP1,0.31020306214431526
MRTFA,0.18125026909670633
PHKG1,3.7107106937163112
MRAS,-1.0322106954866284
GJA3,-0.9329713334558587
ITIH1,1.956045188959941
DIRAS2,-1.338516424410841
CRYBG2,0.04685960579480431
RAB19,-0.8383555187159449
WDR24,0.676469066875643
RAB17,-0.5445885675984306
TRIM66,-0.06855023677573699
CNNM2,-0.8389491925722943
LPAR2,-1.9502586152034553
RCE1,-0.7407630120656266
AGRP,0.7481276214375963
MEGF6,-0.9863640738580637
RERG,-1.2661054101997953
ARHGAP35,-1.2647394816975412
EML2,-0.22565068929631754
PARD6A,-0.4225911540994635
BICDL2,-0.6067803765479063
RFNG,1.1067177694610173
SMPDL3B,-0.8156190631332892
INPP5J,-0.978801480465283
LZTR1,0.11236452589686045
C16orf70,-0.7322081281412331
CC2D1A,0.5520100117388905
ARHGAP1,-0.3782298396476683
MAML3,-1.072164335123848
AC099811.2,-0.8825973041403024
SULT2B1,0.20342832192126784
FAAP100,0.24093115113088218
POFUT2,-0.7348978874570622
LY6D,-0.9673233767746744
GPR68,-1.3483213614208758
RAB9B,-1.13893020303584
WNT6,0.29636830001201725
ZMYND10,-1.909530305768648
SPATA2L,-0.7144390527399879
FXYD3,1.6632170840810823
MAFK,1.0959899146544048
S100A11P1,-0.8425522733324331
CHML,-0.1577121693969343
SPAG11A,-0.5135738740890711
GRTP1,-0.8416281383387378
RASD2,-0.8918333728112349
NEUROG2,-1.0455271667516537
RASL11B,-1.4857796742339358
ZNF821,-0.7250384945998892
WFDC2,0.2988563200725785
IVD,2.5387326353761117
TBC1D2,0.1868194641760893
CTRB2,0.38126321492061344
WDR90,-0.9637936968617687
RAB39A,-0.7851125201169564
TFF2,0.5166530130637815
RAB36,-1.005888550721992
RAB32,0.3405219021074962
RAB30,-0.9640589101737832
RAB38,-0.7557672049672486
ZFPL1,1.7309798624269275
ATP9A,2.3589362423258113
GPM6B,-1.5448974831287576
MYRF,-0.2717470269970032
TSPAN6,2.377298211679292
RAB27B,-0.5157046730675157
KIAA0930,0.39594987346841426
GPRC5B,0.7525464183319541
WFDC1,-1.0604139387176086
DDR1,-0.2957740744306703
GPD1L,3.0137980155550546
TRIM2,0.5786212978957743
DGCR2,0.25908740492941434
SEC14L5,-1.5014184648392663
DNER,-0.7305487215147641
EPB41L1,-1.0222276380094055
QDPR,2.2816274860499526
RAB33A,-1.2927194948604193
TBCD,-0.6634059066561566
COBL,0.3194104396960366
RAB37,-0.7266517915635691
BAIAP2,-1.7173204460527227
RAB4B-EGLN2,-0.8588571330064818
F3,3.2542722326281113
PRG2,-1.440400357336001
FN3KRP,-0.3895830446781851
CLMN,-0.8696950207006412
LYRM7,2.252526929528778
IQCC,-0.24716173703336825
SEC31B,-0.612276333019782
EXOC3L4,-0.815522414706877
VSX1,-1.4556678067863955
TBC1D30,0.8107131618792158
INPP5B,2.680236979841426
PIP5K1B,-0.2304200856748489
ALDH1A1,3.854902702005265
KRTAP21-2,-0.8378248948567651
KRTAP20-2,-0.8378248948567651
KRTAP20-3,-0.8335199836786906
KRTAP20-1,-0.8378248948567651
KRTAP22-1,-0.8378248948567651
KRTAP19-2,-0.6859027586082069
KRTAP19-3,-0.5883091077447689
KRTAP19-1,-0.6047579241403749
KRTAP19-6,-0.7119664601230759
KRTAP19-7,-0.49449757569832337
KRTAP19-4,-1.072281179732361
KRTAP19-5,-0.6791330993919286
KRTAP19-8,-0.8335199836786906
KRTAP8-1,-1.0533300445462708
FAM162B,-1.0161094619151636
BMP5,-1.036540240627544
HIGD1B,-1.113225718463343
COX4I2,-0.09943724813046682
CLEC1A,-1.0867627661261623
CALHM4,-0.629696177180708
TRAPPC2L,0.4808181535173392
P4HA3,-0.9510505936349507
MFAP2,-1.1640947614473822
COL4A4,0.09716945245924118
SPINT4,-0.38849282572240906
DSC2,-0.9683291996497211
INHBA,-1.508312242653503
RCN3,0.28598054788102206
NAPSA,1.3451134119963661
COL19A1,-1.1876383600565221
SEC24D,0.1476089000556303
COL4A3,-0.08077189018945954
COL23A1,-0.12473259723614248
TRAPPC9,-0.7819307030637294
HOXD10,-1.3677835187601686
PLEKHG3,0.3811618709037317
CNN1,-1.4734462988637451
TRAPPC1,-0.4901868107393414
TRAPPC3,0.13634208374489676
TRAPPC2,0.7247649337179655
TRAPPC4,0.7825852859015904
ANGPTL4,-0.6091212847702636
TMEM132A,-0.6194320624981977
ITGA8,-0.448794161185716
ITGA9,-0.2605708320541122
FBXL2,-0.9997298362104289
MMP10,-0.8613513030200508
ITGA3,-1.29432687059859
ITGA6,-1.1583734828651449
ITGA7,-1.4676712707537005
SLC26A6,0.9780510496141169
ITGA10,-1.1544773241766282
ITGA11,-1.1767892677955956
LAMB3,-0.3367814976513431
SLC9A5,-0.5816303133838822
A4GALT,0.927351958420102
TRO,-1.1419995691069684
PLCH2,-0.9538387591646118
COL27A1,-0.9520460475031071
ITPKC,-1.3996586689517747
COL10A1,-1.210113169815616
PRSS53,-0.012832735946622733
AREG,-1.391690692335477
PTGES,0.2848398179678418
SPINT1,0.11029702400122587
MIA3,-0.8806988909184043
CFAP73,0.3153173018169838
LAMC2,-0.2526328757533365
CEP170B,0.32582354751116577
COL4A6,-1.0419391295503908
COL22A1,-0.7099850790090152
FLNB,-1.4630022062058534
MIA2,0.10172211569850234
SMOX,-0.42016765119234667
COL24A1,-0.5558997730063759
COLGALT1,2.397794132662211
KRT4,-0.8002130305518825
PAPLN,1.7631413583213156
SHKBP1,0.24677816685096107
CNKSR1,-0.9273993776489474
P3H3,0.1428789369685955
FAM160B2,0.28686947047960415
COL25A1,-0.10265762779829875
P3H1,0.11567754008628307
COL9A3,-1.0924785797070837
COL9A1,-1.677758968772462
F5,3.0346241288714633
MICALL1,-0.66460319255991
PKD1,0.11652659026833263
COLGALT2,-0.71488551808881
TRAPPC6B,-0.8628387720111792
COL21A1,-0.9114035064580521
NPFF,-1.2897610358683484
SEC22A,1.356867854837566
UTS2,-0.9412214124553528
SEC16B,-0.05098233678184659
TSPAN9,-0.22306449870763195
PLOD1,2.083245374605411
GAS6,-1.3623995996983962
COL28A1,-0.45731070597325196
ITGB3,-1.4201033551018745
ITGB7,-2.0236178575498944
ITGB6,-1.356145876516851
CNIH3,-0.566642258979388
F8,1.2924947215108213
CELSR3,-0.2488162090557943
CPT1B,1.4245403075219318
CHPF,0.3064100829461928
FXR2,0.5509451278865347
COL6A5,-0.6177771163904243
COL20A1,-0.9778493780736129
COL6A6,-0.6760187325179464
CLRN1,1.1961111456643285
MDP1,2.594172016450795
DMAC2L,1.7728907322395595
TMEM256,0.014276742047084965
SMIM19,1.8033010109695211
POLG2,-0.14400833242740493
FMC1,2.0411394071951987
TMEM14C,1.226206421677559
HDDC3,1.4117851103198864
SELENOH,1.7719579845574898
THYN1,1.8059006269780746
NTPCR,1.3228362354278198
SYT17,-0.7625758005964137
MRPL43,-0.45223064303093735
NDUFB10,1.0243978372409879
DNAJC19,9.392249026343334
AP1M1,1.276414644200583
DIAPH3,-1.4210526084378539
CEP85,-1.3333673183952808
TICRR,-1.450487986884535
WDR34,-0.8046053037967755
EMC9,-0.32236191076737014
DONSON,-1.841933268917216
RAD51AP1,-1.9969000176801925
PSMD9,0.5667909044859603
PHETA2,0.3606579661855689
AP1S1,10.62069487631943
SKA3,-1.5815997096150092
N4BP3,-1.301090749662975
HEATR6,-0.7195263742031635
MND1,-1.7733264865266485
E2F8,-1.8043687321556505
PPP2R3B,0.3042987821509296
PPP2R3A,0.9746763702451233
TUBA3D,0.8650649158477144
RPRM,-0.524313949189949
DFFA,-0.7204306827477689
XPNPEP3,0.8324478829110719
SNX9,1.106604638479109
C6orf141,-1.0084571024845546
TUBD1,-1.222419340269142
SAPCD2,-0.8347869396805978
TCF7,-1.9328956138053692
C9orf40,-1.425585218323146
NEIL3,-1.8858901644615735
PSMB11,-1.0294527264666227
WASHC2A,-0.7769385156207194
SIPA1,-0.5369257099603779
HASPIN,-1.4327625812537994
SFXN1,0.9524951448265996
CKAP2L,-1.6541671478361353
MAD2L2,2.0200596436189806
SYNRG,-0.08510470554179614
GNB1L,-1.1552615980535998
ASF1B,-2.107394973502877
LCA5,-1.3580679895977414
CNTRL,-1.4875418195404624
CAV3,-0.20690076292853504
POC1A,-1.9205377331756557
CCDC77,-1.6273569362943707
PSRC1,-1.2634911492205807
PKP2,1.4449215857104682
CRTC3,-1.6535992548624445
CRTC2,-0.8638849422863902
MIIP,0.905332073264937
DNAJB11,1.1618340365563051
SPICE1,-1.3841153354024796
KIAA0753,-1.0911763805830985
C17orf53,-1.189813517515875
XAGE3,-0.06838262245143346
NAA10,-0.5770910215560022
ARNTL2,-0.5344095046738231
MYO19,0.7373678231348029
GPSM2,-1.596981079321741
DCAF16,-0.9974220864910573
ZMYND19,-1.089868995241363
ARHGEF39,-1.264571689775078
BORA,-2.0702554276745726
SMOC2,-0.4083625800796262
KPTN,-0.49664606685796403
AUNIP,-1.6826077853893768
CLTB,0.7731357270359532
TRABD,1.4731509278536254
LZTS2,-0.4256871350762648
CARD10,-1.3578216453247118
MTFR2,-1.4995490464641776
DNMBP,-1.024637013999751
ESS2,-0.08249123939789675
REPS1,-0.9174756171687073
ARHGAP11A,-2.0292501162821925
FAM83H,-0.7313874390320245
FAM83B,-0.4822587564007787
ACAD11,1.8304026839548266
RMI2,-1.4911357375530188
SH3KBP1,-0.8976799875175777
CLTCL1,1.3091133875311005
PIF1,-0.9517951965463426
FAM183A,-1.6032037486321473
C9orf24,-1.157231991246908
C11orf88,-1.3080216988119946
WDR38,-1.3705809251836285
ARFRP1,0.5754571335939337
NPEPL1,1.9151699958681343
TGOLN2,0.7980793071483145
SYS1,-0.5250513356621382
TUT1,0.8927303928819222
ENTPD6,2.54189378251057
PTGES2,1.9340789961111347
STARD3,0.25111132426982063
HGH1,-0.9281293804809956
ARL5B,-1.3792253750082673
CCDC134,-0.1107818125345438
VPS53,-1.2002299223448967
VPS52,-0.5313652522583883
JMJD8,-0.056110191924041375
DUSP7,-0.9886353573156247
NAA30,0.06892497190529244
PEX16,-0.012914750599773447
CPTP,-0.11935906522240575
VTI1A,-0.6155113423243119
GPR132,-1.4384714505070932
OVCH1,3.4514637288507384
TMPRSS7,3.4514637288507144
FLG2,-0.6731034465617044
SERPINA12,-0.5350523307460396
KRT77,-1.0038645108243964
IQCB1,-1.768435943072299
CDSN,0.19364271178187295
ASPRV1,-0.5066557325962866
ACER1,-0.002235530781868455
DCD,2.6653736761509377
LY6G6C,-0.725439038111
RPTN,-0.7608316123123757
S100A7,0.6997402645206143
S100A6,-0.8047536874523095
ALOX12B,-0.6566380620174056
S100A3,-0.7501370345237799
SERPINB12,-0.22955867465953092
ALOXE3,-0.17092351500159061
DSP,0.4498397999333566
DMKN,-0.730688288870225
LELP1,-1.4359531595837391
KLK6,-0.019298104142799418
WFDC5,-0.5124051485875855
SERPINB7,-0.5508781566511947
AADACL2,-0.01423810698699149
CABP7,-0.9744713530088943
S100A1,0.7705516915138803
S100A7A,0.10433219749102678
BPIFC,-0.8380395895164153
KRT10,-0.8485535262413739
POU2F3,-0.8000886814090953
POLR2M,-0.6843997597086269
MTNR1B,-0.7957132949749504
ZNF326,1.046103730899327
MAP3K20,-0.2305293630542197
WIPI1,0.5637066054660341
LACTB,-0.33444645547249385
IFNGR2,-1.23381211736791
CYSTM1,-0.07314831045406248
RNF128,3.7548283304258616
RNF150,2.9444991991602905
NUS1,-0.14721305988001804
ERO1A,0.45850833291315995
SELENOS,-0.3166576607476821
RRAGC,0.4409646926100783
C14orf178,-0.71659323720972
FXYD6,2.857516551871231
TLCD1,0.2266190627930058
BRI3BP,-0.4208178689543373
NDUFB8,0.06356286721549698
ERGIC3,1.2649804132007165
SLC30A6,3.771281041183392
UPK1A,-0.36564721899507535
METTL7A,1.320744242845025
ENTPD7,-0.06669755733887052
EXTL3,2.6615331599163055
PLD6,-0.15825131010282578
SPINK4,-0.4067257779977686
MAVS,-0.32610561652374326
SLC19A2,0.7285161534790227
SLC39A1,4.210281188836668
SLC35B2,1.9551820495104437
CD300E,-0.2568637277765395
ACP2,1.2397768412785053
NRN1,0.7459020759192495
PIGW,4.6741371470230515
GPRC5C,2.9720057574918237
TMED4,-0.2888224603210594
SLC8A3,1.5763152636739775
CADM1,-1.0986781211998196
CCNYL1,-0.5918329850267728
ALG10,3.000217062725145
FAM187B,-1.3633498415509813
FAM20B,-0.5048881910735962
FITM2,3.573175800874411
HTR3C,0.016686773971943944
TMEM8A,2.924087572147694
LPAR1,-0.07136132504448442
MOXD1,0.841531437114426
MT-CO1,0.09069461071992994
ABCB8,1.4765200683585684
ATP1B4,0.24249526257253967
PIGU,-1.757952856662841
CASC4,-0.34202591389567255
RMND1,2.63472785840214
SLC35F2,-0.061890722977929157
ENDOD1,3.045467711694787
URB1,-1.0023205764137983
NOL10,0.3196546595711247
TBL2,-0.8080397510508776
IBA57,2.18555865796809
REXO4,-1.1325815744464145
SLC30A4,4.533244644837618
HEATR3,-0.5204561918316348
POLR1E,-0.406771413282647
CHST8,-0.46872703873573307
GAMT,0.9783805152043662
TYW1,-0.7699981886538467
RRP36,-1.0661996932873872
POLR1D,-0.5822151582204508
WDR6,0.24292201407809907
CTU1,2.1367168486286925
ENDOV,3.2877344960990142
UHRF1BP1,-0.5273733373215557
AVPR1A,-0.5981457085764523
KLK10,-0.2860364350988396
TGM2,1.4076901677883382
L1CAM,-0.8063880128366364
IGKC,0.5345485261064389
RELN,-1.4755822579785018
SOD3,2.6371842891702535
GYPB,2.0756751717844932
SERPINB4,-0.7420529198349154
ADAM8,-1.2898640923718843
CSF2RA,-1.478674247399681
GPLD1,1.7321743252467097
HABP2,1.4901963051370055
SPRR1B,-1.1240197715715452
IBSP,-0.5709152527118883
FAM189A2,-0.4041924425117085
CPA4,0.4523463722874461
THBS3,0.49955507746406885
UNC5C,-1.229193309183376
BMP10,-0.06640962785208555
VEGFD,-1.1669647187927852
PCYOX1L,-0.07047100774670553
MRLN,-0.335090468751169
BCAR1,-1.4732625155940524
SLURP1,0.4045805320450295
ACAN,-0.7830718081526628
KRT2,-0.5531496553620715
CTNND2,-1.3815234286131768
TEC,-1.8314017071523798
AC068234.1,-1.1242678730682543
TMEM204,-1.1542860084966708
PARVG,-1.3333796248250183
DEPP1,0.7949468149833936
KCNB1,-1.2678046148884932
CP,10.95702342296619
ITFG2,-0.9712254456997583
SEMA3F,-0.9812721228357482
GJC2,0.3682549492815941
ID1,1.697754215077492
IGLL5,-0.4319766195562763
ADAM15,1.7209880510437574
F13A1,-0.18722779083445515
ALDH1A3,2.5019084526976303
WASF3,-0.11212758302664035
DEFA4,0.6803486125572448
ATP10B,-0.2266131360523761
NPAS3,1.0338585511540646
UPK2,-1.276231874200581
SLC16A7,-0.38507299180389154
B3GNT5,-0.40077681333930265
IER5,-1.058688084220883
APBB2,0.5338847753486262
STK17A,-0.13091513628066348
B3GALT4,0.012298746284519988
B3GALT5,-0.12634364279900734
B3GALT6,-0.28512508982020124
SGMS2,-0.3493073369125687
ENPP7,-0.2290935733230094
DEGS2,1.5748234192873924
CXCL3,-1.7182237371168936
B3GALNT1,-0.06738366052268968
SLC2A3,0.24241037088425277
TNFRSF10A,1.4222772983406369
ARHGAP18,-0.5788588704681474
TRIM38,-1.8758467350499206
GAB2,-0.8073714478496341
NT5E,-0.5222309759468169
IFIT3,-0.9761960741967811
IFIT2,-1.5111028857337414
C16orf58,1.1327529908272282
GBA2,1.4611835394792207
B4GALT5,-0.34272217735716387
B4GALT6,-0.55619281809858
CCDC50,-0.38288735352241327
IER3,0.5720142460768476
GALNT4,0.056132307677891485
GALNT5,0.20994604939690387
ABCG2,1.721453865464624
IER2,-1.2652248741268775
UGT8,2.164481264596356
SMPD1,-0.49929915978499934
SMPD3,-0.3994050477607284
SMPD2,-0.5377549319553931
ATP1B3,0.3944741467601405
FGD6,-0.7367774512768696
ZBTB43,-1.8564931071131534
IL2RA,-1.0952103558864252
ARID5B,-1.5750949821628604
CCN1,-1.6384793729172253
CXXC5,0.015241144014069117
B4GALNT1,1.0444794225166854
BBS4,-1.3641508925010095
ZC3H12A,-0.8448774575916346
MYOF,-1.286029416201779
GCNT2,0.06404845259525065
POC1B-GALNT4,-0.25729094966593674
GLIPR1,-1.7160777758767
HEPACAM2,2.110191166808063
RTN1,0.7381524217756756
PTGIR,0.5451069552962595
BACE2,0.6589072712440094
DUSP10,-0.4828141411187345
MYO3B,-0.802335540431426
ZDHHC15,1.4240122107517295
IRX1,-0.9047171877914774
LRRIQ1,1.334902453455314
MORN5,-1.2660369068076764
TRPC6,0.3163488072031294
SPECC1L,-0.7689989981918842
MYO18B,-0.7277706802680696
NEK1,-0.7473826901689454
INVS,0.49174039724420765
UACA,-1.1778165099506694
KRT7,-1.1563967939412736
MYH6,0.1116017317832351
MYH4,0.5127109375129126
MYLK2,0.5675337183171234
MYLK3,-0.8397545841799721
GPR150,-1.0040552973264016
SPECC1,-1.0819572730903921
GPR182,-0.833747792027334
PRKAG3,2.4283895455234923
PRPH,-0.20544664710973462
ALPK3,-1.1305837377756158
PDLIM3,-0.018229085121587163
KCNK16,0.22206012694619004
DNASE1L2,-0.7056784967433513
IPO13,1.0627666700409433
ASPH,-0.1639920215874654
ROGDI,1.7072444658894046
JSRP1,2.1172253421856153
MYF5,-0.8013901478688543
MYF6,0.01602755341146888
KCNC3,-1.1823825038529374
MYOT,0.980801173257518
BIN1,0.10967657197827012
ATP13A2,1.760549035886883
ATP13A5,0.49622849143986514
ATP13A4,0.3654095039882442
SLC24A3,-0.7772676415726528
SYNPO2L,-0.20386864710422933
CATSPER3,-1.524116723905105
ATP1B2,0.03892149358833704
HRC,0.22418873496281802
LRRCC1,-1.56486283520638
ORAI2,-0.18221855722143152
VNN2,0.42882654183888613
NXPH3,0.10618277246657416
ITIH4,2.156034473646685
DUSP13,0.2266319943671991
VGLL2,-0.4566546082145091
OR10H3,-0.3024610729986345
NEU3,-0.8452027046996571
SEMA6C,-0.9189654652518144
CASQ1,0.2275595162493458
CASQ2,-0.20210187143511452
TNNI2,0.4216739380572831
KCND3,-1.0709090871777962
CARD14,-0.183943410786489
SLN,-1.0550080242673838
UCP3,1.2281794533571824
CACNG1,0.4420351485184176
CACNG6,1.2117881220408175
RORC,0.9938171655885525
AQP6,0.8501678189200518
CTSE,1.3119700661390379
MYLK,-1.110710140501931
TRPM7,-0.7820352462223026
TNFRSF1B,-0.35372971875843906
MYOM1,-0.272419686693887
KCNA7,1.0096209018158033
TMEM38A,-0.03911767155333783
CHRNB1,-0.23960266367084498
CHRNB3,0.1725268369098012
OPRD1,-1.7797966585918272
ATP8A1,-0.1344658677037651
TCAP,-0.548357691728547
CKMT2,0.4038817222396685
TRIM72,1.6133672079125274
LDHAL6A,2.6059903549535357
C8B,1.7808617130205655
CATSPER4,-0.808416088476802
EYA1,0.1326689534693896
EYA3,-0.5623367277839268
HSPB7,0.6127747493698731
CATSPERD,-1.510993232820228
CATSPERG,-0.7582584456056837
CATSPERB,-0.6000559971992241
TMOD4,1.1210492513063846
ATP9B,-0.004295446795264942
RABAC1,-0.3236851404749898
PYGB,4.1292172551608015
PMEL,3.0440133264167275
CYP2A13,1.4850141013230687
CACNA2D2,-1.095496578260855
CACNA2D3,-0.6748667158756643
CACNA2D1,-0.11529407942399954
CACNA2D4,0.8765811979178088
SMPX,0.6535734395274012
CFTR,0.5399423126008462
NOX1,0.32826294834117214
ABCC9,-0.2147193860476376
BTN1A1,-1.1844055034054644
GYS2,11.593348993507021
NLRP3,-0.607796125476162
KLHL40,1.1541511341174866
XPNPEP2,1.5553129568474762
RTN4RL2,0.7811223542630149
ATP8A2,-0.2586683628925247
CHRNA1,-0.07869419637354538
CHRNA3,-0.9770300544927993
SLC8B1,1.340683611044904
RAPSN,0.6244542230832694
PRPH2,0.5593903544004563
ANKRD1,-1.43550343515127
ANKRD2,-0.9221981308327629
FSHR,-0.10854151713252015
MYOZ2,-0.5887355047617366
MYOZ3,0.25849118764180284
MYOZ1,0.17385385343313164
SEC14L3,0.9381349020740579
RIC3,2.362731215041645
L3MBTL1,1.659836951507287
TPTE,-0.9771353221784936
SLC43A3,-0.08277562282497339
TMCO3,-0.3451718963743885
AKAP1,0.19824647151776142
DST,-0.4434570428881399
INSIG1,0.8964159470343631
ERLIN2,-0.27993402404989437
SLC4A4,0.9485458799885712
NDUFV3,-0.05824878436189556
PPEF2,-0.15310912843037916
PPEF1,-0.5077405717263132
ESYT2,-0.46101296608955794
DHRS7C,1.8003131165834432
SLC35F6,1.0824691659815493
SLC9A1,0.736992765528624
BRK1,0.1540000817514226
CLSTN1,-0.14805042740593136
POPDC3,-0.2775134622722264
NOMO2,3.595570429261029
CYB5R3,12.986576340194057
EGLN1,0.9808074854781739
ATP6V0A1,0.6431518467595542
CDKAL1,-0.3021977963803936
TCTN3,1.7137675484529298
ITGB1BP2,-0.5208536054289794
NELL1,-1.343975129858533
TECRL,1.0617678727235187
SLC20A2,1.5347331885629751
SLC9A6,-0.2521261024558812
MARCKS,-0.3991350639941659
PHKA2,3.8233395951155194
HYOU1,1.1427019331761683
SRL,-0.22871017299560406
JAGN1,-0.34881733906794354
RHEBP1,0.8551155080016352
CYFIP1,0.1364307580048237
CYFIP2,-0.7543579134896864
CMYA5,0.8117802231619363
AC138894.1,2.403616650006268
LPCAT1,1.0141198057657397
PIEZO1,1.4819307642890749
ATP1B1,0.05425634448076327
SLC39A14,4.251278204040658
SUSD1,-0.35838194365646314
FABP3,-0.2641005451027447
DDX6,0.7949040853753889
DPY19L1,1.11621356751294
TMTC3,-0.4724522069658735
NHSL1,1.7894873389167376
PGM3,0.6265378355661417
DAG1,0.05420689823105858
STT3B,1.1368788973134498
TRAK1,0.496125550069967
CCNB3,-0.9404293379102989
KRT6A,-1.13359189076988
TIMM21,1.2604269003660629
NDUFA4,2.2802294486940937
XBP1P1,0.19923101018671302
KCNK1,-0.8113946665925043
TMX3,2.0683622818858938
PIK3C2B,-1.546431161361583
HTR3E,-0.47815221186471146
FMNL1,-0.5557812009057898
SLC4A8,-0.24026793042464248
LIMD2,-1.0708970173261296
LTB,-1.7633149523153149
IL21R,-1.6198004734696014
NCKAP1L,-1.0511828515624313
SASH3,-2.089955485538242
SIDT1,-0.4005178725455499
TSPAN17,-0.04238497181568016
USP20,1.1646736811563836
FNDC5,0.28474078955314275
VSIG1,2.157514953522237
ARL4C,-2.1246669320213223
DNAH1,-0.7778825065111469
PTPRCAP,-1.6019568373154085
CST7,0.2255071986272761
LIME1,1.2118465916045866
ARHGAP45,-1.9729860826649062
PRKCQ,-1.5716515688892214
TESC,0.7022922262193743
CD37,-1.1195237729524306
ITK,-2.7336181448592987
PCDHB5,-0.3656371331888565
SYT12,-0.5141421523910851
PCDHA12,-0.10010069301551211
PCDHGA5,2.0026687725993955
CCR7,-2.69291123366968
KCNA5,-1.2995837417153837
TREML2,-0.12242609826708918
GPSM3,-1.646360370009535
MAP4K1,-1.5803765878402287
IL23A,-1.5533666645487634
PCDHA3,-0.03810480847739565
PBXIP1,0.8801683715531217
ENTPD4,-0.5847765628584605
EHBP1L1,0.5860523238648024
HCLS1,0.2055162282997732
SLC7A6,-0.28006363157628095
IL1R1,-0.025026263632988
LRMP,-1.7930134599096494
AP1G2,2.2036124983346763
IL17RB,0.03960293782000862
TMED6,-0.6009874361278396
LYL1,-0.21192322325626425
FCMR,-0.5181621604836112
RIN3,0.1269063337328428
ISG20,-1.333068539082066
P2RX1,1.1127790046389823
P2RX5,0.308794650304896
KCNK6,-0.6106872704167614
SLC38A10,1.1361358814387863
MCOLN3,1.212669608419817
SSPO,-1.1289172446770708
SLC6A9,-0.3670416275160275
ARHGEF6,-1.8598725219405245
SEMA7A,-0.4426275641679874
PAK6,-0.23112162167547126
GZMA,-1.1147204863666256
SDC4,-1.270342746157896
ASGR1,2.2886035393782027
IL7,-0.7261985706330014
KLRD1,-0.14428259379778963
LIMK1,-0.9125644449068308
FCGR3A,0.23194791086841277
SORBS1,-1.41893232037965
MATN1,-1.0718212117064232
SELL,-2.174476521472195
MLC1,-0.5548979084545159
SHARPIN,-0.61618857822915
IGHG1,-0.26951483219093175
WLS,-0.8438241046842975
CEACAM6,-0.28360823892913806
CRB1,-0.6691736463576472
EHF,-0.6675896638404661
ADRA1B,-1.4134971625842858
ODAM,-0.7032258371745473
EDIL3,0.9655315713923266
GSTM1,1.2685922514421146
TNS4,-0.7680611130254651
PHLDA1,-1.0237412804617916
APOH,2.4828268952532992
REG3A,0.316696326756294
GSTO1,2.38633729517892
NOG,2.511894993490238
TCN1,0.9725288744435768
GPX3,1.2121005044411919
CROT,1.7456819296800354
CLCA2,0.004575433387342396
GPRC5A,-1.2634420032555078
KRT15,-0.8737939664288665
FICD,-0.5031323909539587
S100A2,-0.9783947854998393
SCAF1,-0.803552952775123
PDE10A,-1.3713347347296476
YAP1,-0.6545296983610316
SLC17A5,2.3807832644878006
OXTR,-1.3518892202400359
PLCG2,-2.087400756149827
AHSG,1.1292035916502807
OR3A2,-0.7477185132489329
CD47,-0.5112296451777576
PLA2G4F,-0.5411706703764919
CFD,-0.6991286240183339
CFB,-0.09312067125602486
DKK1,-1.019081185822182
MGAT4C,1.234059570338181
IGDCC4,-0.5663586831827299
HAMP,10.935341619076898
RPE65,1.1415055998802721
SMAGP,-0.5676315773107667
FGA,1.8410679320393526
SH3BP5,-1.1653665902899502
HPX,2.83878544954901
VANGL2,0.39289311577587127
AMELX,-1.0548304923102352
CEACAM1,-0.9620414245133962
EN2,-1.2091252391534428
CLDN1,0.4516754554016022
PLEK2,-0.46823820862617493
HSPB8,-0.584726025571215
OR8D2,-0.5093872648941529
IRF6,0.09009185341537332
SCN5A,-1.1489276916432267
TTPAL,-0.5208026420558246
TNFSF15,-0.33613188090825913
CDCP1,-0.7464309316988231
ANO1,1.320424010325425
PRSS3,0.8570187886411429
LGI1,0.03600029684090073
SPATA31A7,-0.49322298535901377
BTF3P11,-0.002976180707685629
SLC9A8,-0.6398619704218114
ERGIC1,1.736423422359763
APOC2,2.515796009553365
APOC3,2.557614834958978
APOC1,2.1469128256819885
PERP,-0.7717551195586573
PTPN13,-1.9463560460123328
CPB1,0.827101629189766
LXN,1.4782723297552591
ZACN,-0.06694941712041667
NT5M,-0.34489066508544414
CX3CL1,-0.47487795397735866
EMP1,-0.8225018129694828
PAX5,-0.8178078564275434
BTNL8,-0.7942685430534986
AMIGO2,-1.0191564459383238
C2CD4A,-0.5360590464489714
PF4V1,-0.6825398351813085
SERPING1,1.2135465658720996
PPBP,-1.6743026682403315
C2,2.1815820688018612
GPR87,-0.7540208444371813
FOXD1,-0.9714648473597483
STATH,-0.9300719723873223
IL18,-0.03621196376974094
KCNJ2,-0.9409037413265897
EREG,-0.7680577231478983
KRT9,-0.4013522735550948
ANTXR2,-0.6749012508684904
NLRC4,-0.9761261007547002
SYNJ2,-1.498321379076313
KRT13,-0.6846992578785712
ANXA3,0.543092575503121
REG1A,-0.3089959283161017
MC4R,-1.3085625369260037
PTGS1,0.014688884168461012
PNLIP,2.399742062144777
SERPINB8,-0.18878425892658934
OR2T6,-0.5639214570698992
SERPINB3,-0.7195745057656079
PI3,-0.8074283446089696
SERPINB5,-0.9707804735882419
MST1R,0.5909357733092044
FAT1,-1.222265039922219
PDGFA,-0.9053772136554255
DLC1,2.739138007209571
NFKBIZ,-1.3368674489731514
CLCA1,0.18242355756801915
PROCR,2.2282413937312313
C3orf52,-0.3020367363699858
ETV1,-1.6035996834973758
IL1RN,0.6205363831739658
ETV5,-1.0253680662546025
SDC3,-1.0378464967589318
SLA2,-0.8113857228030263
NECTIN1,-0.5532051824926053
COL26A1,-0.035941819322319726
OCLN,-0.500282602451932
FERMT1,-0.7896431132063733
PDZRN4,-0.838726602388653
SEMA3A,-1.2037917085915828
SEMA3C,-1.3450849969119374
ADH7,1.281010688366807
CD58,-1.3220258170324712
SERPINA4,0.5924820003087028
KCNK3,-0.8106130974932616
CABLES1,-0.6713785609737524
DGKG,-0.803422301579193
HSD11B1,3.005277724138746
KCNJ15,1.5877537835303703
PCDH1,-1.1619940649291687
BBS2,-0.4319028275746765
MMP3,0.22778242525041104
AHNAK2,-0.8849484963100114
SCLY,2.4392205485721576
METTL2B,-0.30843811801793786
VAPB,0.45224074310558726
SC5D,2.407604012731059
TRMT44,-0.3746468031508599
MAGEA4,-0.5427166511661865
THAP4,1.0596474813932215
YDJC,3.2830037248485215
LBHD1,-0.9249308573789043
CEP70,-1.7921330576295602
NLN,-0.3086908932339897
NUDT5,-0.8141582629253437
SBDS,2.737622566558543
NSUN4,1.3760046561413877
NSUN7,-0.6475263860593244
POLR3G,0.01930632557270107
POLR3D,-0.6827566354432245
BAG1,0.48402258403327686
MTRF1L,-0.25573756808696746
HIST2H2AA3,-0.7430197621462398
EIF3CL,-0.3985301989378442
WDR55,-1.0545349323423168
POLRMT,1.655346442564923
HIST1H2AA,-0.7671560786800414
CTU2,2.10382265436976
PPAN-P2RY11,-0.8833654456565105
ZCCHC13,-1.4107632262589926
MRI1,1.3987159081621598
LARP1B,-0.9354535534689177
FMO1,1.9647727087030329
GNL1,1.611533255197419
NOL12,-0.8151185240994248
EXOSC1,-1.0804633073889445
PABPC1L2B,-0.5592775254325149
FCF1,-0.9822747337338333
RCL1,0.043067693939760336
PACSIN3,0.08807026493403128
BDH1,0.5265341640955759
MAP3K21,-1.2605353076125838
CASK,1.7990555099709267
BCS1L,1.2191127599274079
PABPC1L,0.4866061248589707
NRBP1,1.1542206957804764
POLDIP2,1.5413196451988496
RIOX2,1.1013240451058735
THNSL1,1.6556706792486988
MAGEB10,-0.44613013975538984
CPNE4,-0.5553560794906635
MT1F,3.6623998449933897
C7orf26,-0.8877983555705862
CDCA7L,-1.075606819177896
MTFMT,0.3372189285056815
ADAT2,-0.2812942801887244
CENPV,1.986407644622958
ZNF346,-0.6866416374021055
ZC3HAV1,-1.5229255678455162
C12orf4,-0.873026975349987
UCHL1,0.3641454859504739
LLPH,-0.6808133600605617
SETD1B,-1.8083820001803916
C12orf43,-0.19859141691595497
KLHDC4,-0.8518101157589719
HIST3H2A,-0.6515742798036663
PUSL1,-0.17677942909837593
SFXN4,1.7282581519597875
NAT9,1.3516195801651067
AARS2,2.0536095349353607
SLC25A19,0.5345993861279906
TESK1,-1.155102847091001
IGF2BP2,0.4294077104509209
KNOP1,-0.6560125003241045
SOGA1,-0.9440712039072088
TENT4B,-1.2619233869426587
ZNRD1,-1.3525330211936004
EPHA10,-1.3369144780006805
GOLGA3,-1.0148733651746937
PABPC5,-0.9579823988912134
GATD1,-0.6194428959512669
PDCD2,0.0848434023915455
FER,-0.9496787920007167
AAR2,-1.0226275332096155
ANKRD6,-1.694133424726302
HIST1H4D,-1.3208541728655
HIST1H4K,-1.2924127082453574
HBA2,2.6736687286256
HIST1H4L,-1.308536433749299
UBL5,0.06993140909542385
PTGER2,-1.2154443416361624
PRF1,-1.4228802218520447
SAMD3,-1.287588338556878
JAML,-1.233902452957567
CXCL13,-2.0692022293768337
CLEC2B,-1.6583282382041078
PRR16,-0.6824762125178927
CD1D,-1.2479292285476904
CD1E,-0.893989842202804
JAM2,-1.4474168017319378
JAM3,-1.3924427643205766
CCL21,-1.6759627347431965
GZMK,-1.612144869161368
GPR174,-1.269933986784121
SH2B3,-0.7986116922252279
ALOX5AP,0.17636723104465346
HIST2H4B,-1.095552422543301
FYB1,-2.203511347201141
CERKL,-0.7576593610838943
BIN2,-0.4992559672783687
PTPN22,-1.1306921432286052
LCP2,-2.4004331533468886
CPVL,0.4639329803626581
AOAH,-1.372074041234888
KLRK1,-1.652163138031532
PRSS2,0.4892668578799544
GAPT,-1.1519240556675772
NAAA,1.049530233239911
TMEM131L,-1.294724826187499
PROM1,0.8001273523038961
CYLD,-2.4823554365470675
ERAP1,-0.44361369817650476
CYSLTR1,-1.3781958362309468
AIF1,0.23026771740249138
TRAF3IP3,-1.9898306686348337
RNASEH2B,-1.2928565419588631
RIPOR2,-1.1287849187529508
IRF8,-1.38323380808096
GIMAP4,-1.8814412595349312
BTLA,-1.1406288173771437
CD72,-1.429868651987653
CST9,-0.7361683472181098
PATL2,-1.1708276885108821
TNFSF4,-1.1187666355024364
CELF2,-2.187290680529078
PDE7A,-1.0074650052462153
GPR18,-2.275343305277128
UBE2NL,-0.41268217990494255
SLAMF1,-0.27333861478774535
ST6GAL1,-0.8851810974075399
SAMSN1,-1.3562888348357651
IQGAP2,0.2881099887890208
EOMES,-1.1015987519618338
LY86,-0.13212548604763708
FCGR2C,-0.04775818351192188
FCGR2A,-1.0145110571273823
HIST1H3G,-1.2032024916856907
HIST1H3I,-1.211341589611114
CHST11,-1.0488950247991526
DCT,1.3016209784857342
MAPRE2,-1.4304065220376614
ANKRD44,-1.7752317204196184
RUNX3,-1.559122564009315
CD3D,-0.23846619458683077
CD3G,-0.040858175566394296
SP140,-1.8880120436548389
GIMAP6,-1.7993283571161023
GIMAP1,-1.3567047590356134
GIMAP2,0.7203301392030405
CR2,-1.1574958314175186
CD274,-0.6157432225369359
GPR171,-1.5590576003826873
AGFG1,-0.11575993876493086
SH2D1A,-1.866119785479327
DOCK10,-1.456274945085357
DOCK11,-1.222840535716697
STAT4,-2.008670765144263
CD84,-0.6942283029713321
PDE3B,2.1276191714193584
NDUFA2,1.1064893965798843
SLFN11,-0.6071728625899456
CD8A,-0.4357764432617879
ADAM28,-1.5686159557244463
SP140L,-1.1704628137787347
FCGR3B,0.13607069386854995
HLA-DQA1,0.6064455019482087
SEL1L3,-0.9689649453449733
JCHAIN,0.7397701891655901
CCR1,-0.8075904310995503
KLRB1,-1.6746298927675431
MS4A2,-1.6535975030992416
ARHGAP25,-2.3269419900956443
HPSE,1.1431260303666704
TAFA4,-0.7724509767378306
RNASE6,-0.8112116329917202
CX3CR1,-1.7056640791737352
CYTIP,-2.0014231390906874
SCGB2A2,-0.21638922086760265
RASSF5,0.28637561888186175
HBG2,3.821921240164264
MANEA,1.9809633429434426
RSAD2,-1.1707392610340217
LGALS13,-1.394002491623943
FCGR2B,-1.0258606657739824
HIST1H2BE,-0.9556362406991288
HIST1H2BH,-0.0693357770388754
HIST1H2BI,-1.3095066324290006
HIST1H3B,-1.2641800428289631
ITM2A,-1.4011804694252779
HIST1H3F,-1.21572831677637
BTN3A1,-1.5721553252039946
FCER1G,-0.5113582513855351
EVI2B,-1.7792122137133233
PYHIN1,-0.5285967992816623
HIST2H2BF,-1.2137784827476634
GIMAP5,-1.4930357096923537
TRAT1,-0.2788955075636424
CD69,-2.168968457126491
BOLA2,1.4869775679674824
GPR65,-1.4534573759697478
FOLR2,-0.7543857102627988
SYNPO,-1.3146123033149812
RTL8C,1.7361273522024079
TRIO,-2.1640729068669478
WDR1,0.5806807613912764
CEACAM8,-0.20911136922345058
GRB10,-1.04643116201212
ANGPTL3,2.7918991325665314
CSRP1,0.25285162480883144
SFXN3,1.4779425226911003
NR1H3,2.2390762905322403
CHST7,-0.4743639029711488
SLC2A14,1.5862048661320693
ITPRIP,-0.42062254193262144
S100A8,0.15241895902908334
RNF24,-0.5579412026481689
HOMER3,3.0626910583094644
ESAM,-1.0325540836082712
PLEKHO2,-0.5549278960003882
DKK3,-1.1003057021503928
FUT7,0.3212954700888488
FGB,2.1722659094517986
IFITM2,-0.5163296494052922
CCL7,-1.1578409873588513
PLTP,0.01955430522741101
ANGPT1,-0.3272109582062384
ANPEP,1.6936819067135835
RIPOR1,0.9987442492898323
MFNG,-1.5140459421808692
ADAM32,0.09823320389354559
NLRP1,0.4101319685069736
RAB13,-0.006207749469991228
QSOX1,0.7154993716084166
LRRC32,-1.8973081407177903
STAB1,-0.5673114230730175
CHPF2,0.7850077551252063
MMRN2,-0.8855162874734143
PECAM1,-1.1198683639762792
HOXD3,-0.5193177056918511
EMILIN2,0.905073690866289
FBLIM1,-0.8596657659883756
RUSC2,-0.6502047398866068
PAX6,-0.9587323450163939
CD68,0.17688039965102936
SFRP2,-1.3659476324444482
TMEM158,-0.74395189663899
SLC22A4,0.7582927992118205
UPP1,1.7972558875682811
C11orf24,1.3796070407958505
C1R,0.5971968042556967
FSTL3,0.11042381843051648
PRAF2,0.4855220318037919
SMTN,0.137935032209082
SH3GL1,-0.12763093595125785
ACVRL1,-0.7306462035526605
PLSCR3,-0.5638529287503806
ADGRA3,-1.3163696475866318
NCF2,-0.31294072477058665
PXDC1,0.8658671451994798
SMIM3,0.12639450498377847
FZD2,0.7345592548317966
RGS16,1.2344579657403483
ELF4,-1.3683348493098693
PTPRE,-2.040816168123706
ARHGEF40,-0.8865307699604266
SELENOP,1.313837373760103
LHX2,-1.5362590370432312
OSBPL3,-0.9646484068651967
LHX9,0.36678666611050537
TMPRSS11B,-0.07664261597349493
TMEM17,0.40649692163580514
RXRG,1.3050647754669853
ADGRL2,-1.0991616445272672
RAB11FIP5,-0.037060549676915445
PCDH20,-0.9687786640871091
TSPAN11,1.9073922182766478
FAM234A,2.1376903193724788
ARHGEF5,-1.2422898839640806
EXT3,-0.4998308418425711
PHACTR2,-1.0108292232811913
CXADR,1.2161963368102213
LPAR6,-1.6606269553620718
CD36,0.8711223384250317
SLC30A1,3.3119448249602135
EHBP1,-0.18595098484027994
MB21D2,-0.7628248453430375
CTDSPL,0.46792388138073077
EPB41L2,-1.4884113055182009
FAM171A1,-1.1381990539791422
CDH17,-1.1235362888184157
IL1RAP,1.3154683264853466
KANK1,-1.4603796371435918
CD24,-0.7333385241057475
TSPAN8,1.4848651738863548
KCTD12,-0.8975431080207871
SOCS2,-1.332888869260231
HLA-C,-0.17288766895232754
TOX3,1.0954393596053504
MPZL2,-0.8000071591790267
FZD8,-0.8496987628968423
TBC1D4,0.8605102466713007
DUSP6,-1.9593626549608103
TIMP4,-0.18900918093550775
FADS3,2.208374334394451
PTGIS,1.333928281805177
SIRPA,0.531871545109941
LPL,0.08964675216697508
TNFSF13B,-0.26996009925865266
SVEP1,-0.1245606928231466
PSG8,-0.8573324600373903
PPP1R1A,0.6777340260466282
ZCCHC24,-1.4378776435339466
NCEH1,0.20914962615819177
CDH19,-0.9101116028435593
HSPB6,-0.05395022998299989
RCAN2,-1.1912921508342251
TBX2,-1.107037192208623
FABP4,0.3993350645729897
ITIH5,0.49787403192870566
DNALI1,0.43955363961269184
CXCL10,-1.0254222847603456
CHRDL1,-0.6994407448076829
NMRK2,-0.05633444888973467
LFNG,-0.5930478117177527
ABCA8,-0.7001434920968457
ART3,-0.5749494317465071
GPD1,2.9731271163993562
MYOC,-0.33463718050007457
SORBS2,-1.2556366323603312
CLEC3B,-0.9682371774716011
ST5,-1.256602108409983
DAAM2,0.46931300239247564
PDE2A,-1.1719866199791955
C1QTNF1,-0.6323453178799842
ACKR1,-0.7041205839095318
ADH1B,1.9179184510740217
TRHR,-1.6567058391870566
UTS2B,-1.125360212519589
KRT34,-0.6938953807245994
GPRC6A,-1.1901999730121666
IL22,-0.9940249823709791
CCL23,-1.5848780701650504
GPR31,0.8187372973765008
GHSR,-1.575795334550985
PROKR1,-1.182554683811922
PROKR2,-1.1898277892564462
BRS3,-1.1604065331720763
PRY,-0.9973971712988936
MC1R,0.2095040124292064
B3GALT1,-0.5924905237506559
HTR2B,2.0107196630681985
MCHR1,-0.6234342053234961
APCS,2.33463943271395
OR1A1,-1.1637681074057116
CRHR2,-1.66914454438087
GPR4,-1.2818043695263717
GNG4,-0.2724763181726592
GNG2,-2.4782135803760603
PSG9,-1.2249369992841024
PSG6,-1.2523625327218184
GNRHR,-1.8204092418315183
CD200R1,-1.6393169536006416
PSG3,-1.2157459337677443
NPS,-1.3735954311834018
GPR17,-1.9353833813681511
GHRHR,-0.3250619878222153
SAA1,1.0336565513962694
TSHR,-0.5741284147324124
CYSLTR2,-1.2845626202887854
CCKBR,-1.7754459347673988
LGALSL,-0.3019036204750561
GNG7,-1.8093714634295441
HRH4,-1.8784636483365424
LTB4R,0.28818026879514747
GNGT2,-2.0718483608333673
TRH,-0.29823939755525425
CCKAR,-0.7806749444009409
CHRM3,-1.3935191995813025
GNRH1,-1.4276642422312826
NPFFR2,-1.1526397122683658
PMCH,-1.6968278561777708
LPAR3,-1.8796044904224403
BTNL2,-0.8590236880766715
TACR3,-0.8973899873861941
F2RL1,-1.2867158989116172
MLNR,-1.1505752205791242
PROK1,-1.1454386822039155
PROK2,-1.240389793163124
ARHGEF25,-1.0808900950005214
EDDM3A,-1.1780101108073624
AGTR2,-1.9193582899178876
MS4A12,0.21188712382977068
PTGFR,-1.0775923064244515
ZP2,-1.4317013134936072
GHRL,-0.937935840568447
OR6A2,-1.0621119607885583
P2RY2,-1.193379219570582
OPN4,-1.2702635652705858
HYDIN,-1.0287486918437052
SLC10A2,1.3787827296050765
FFAR1,-1.1606333209504507
GP2,-0.01011969371784567
P2RY10,-1.9044115886373274
P2RY11,-1.4046580221763836
TACR2,-1.4193343080451235
MRGPRX2,-0.9367792450461548
HCRTR1,-1.620670142246243
C22orf31,-1.827731801442056
C8A,2.1496424151030276
GNB3,-2.255801189484533
MC5R,-0.6330536756814372
BDKRB1,-1.7457109679509097
KCNJ1,-0.8627093986480825
NMS,-1.6537031279398409
PON1,1.316047976804972
QRFPR,-1.187272755143445
IFNA21,-1.9393698388387908
F2RL3,-0.22525334491327778
F2RL2,-1.316084437754409
LPAR4,0.4528609697042969
LPAR5,-1.692087055776681
KISS1,-1.5983719866552077
QRFP,-1.126724793682659
EDAR,-0.5226267993077802
TAC1,1.4685917192529134
GRPR,-1.308718517958919
TAC3,-1.7352861021828496
XCR1,-1.5553700923444556
AVPR1B,-1.2227807537969955
WNT8B,-1.7948024564131242
OR3A1,-0.5795288699010683
SLC5A4,1.6336637170049118
GNG8,-2.144265189805563
UCN,-0.7106257367191228
OR2F1,-0.6925238207044938
CELA3B,1.5200178131388418
CHRM5,-1.5965536703871037
MCHR2,-1.6947002485327956
SCTR,-1.481984764270818
FFAR3,-1.0894548655730392
XCL1,-1.8803243376263354
OR10J1,-0.3092611699800167
PLAAT2,-0.6823740654639298
FFAR2,-1.1951845560271936
MMP27,-0.7362815008528578
NPSR1,-1.3850174712250505
CHAT,1.6742847524050914
GNA14,-1.9663008195041543
GNGT1,-1.7039734345977653
CALCA,-0.5014134016437188
P2RY1,-1.2671191905420478
C4orf54,-0.629619057498659
XIRP2,-0.42101497477078137
SH3BGR,-0.180323249542066
SLC51B,0.7098293546105339
VIL1,0.8375019344174429
CHP2,0.3034433243994116
FABP2,0.47515079248650255
ANKS4B,-0.42993433287459826
SLC5A9,2.005288342529609
NR1H4,3.015351191757973
GUCA2B,1.2520060202346313
SULT1A2,1.5855736802638072
HHLA2,-0.5575477543207018
CDHR2,0.38707693719043224
CDHR5,0.06913782587891337
ADAMDEC1,-1.0027041421214613
SLC51A,4.845527989892716
MT-TP,1.8563237274336273
MEP1A,0.30602327952310615
MEP1B,0.7967998907370648
SBF2,-0.9573003282236052
CDC42SE2,-0.6083334215898308
DENND4C,0.20335048537100106
GDI1,0.04743844854985701
GIGYF1,-1.227197212399474
SRGAP3,-0.8817684995725759
PCNX4,1.0928144351087752
TRIP11,-0.7636551891786725
KIF13B,-1.531309904317654
KDM7A,-1.9549005682489429
MCM2,-1.9473195031881185
AZU1,0.6243075713973972
RAB8B,-1.6048359625346356
SAMD4A,-0.8958290311959987
TTC28,-0.32926691818034487
SH3RF3,-0.9337142312591654
HEATR5A,-1.0482679932461314
SH3PXD2A,0.5302029042960289
PCBD1,2.376102343678694
CEBPE,0.07298606640793028
DDHD1,-1.0081127494898705
CNKSR3,-1.4791969298728525
ZBTB21,-1.6377558720616179
PPM1H,-0.9318279721231075
DENND2C,-1.3703196628477645
SCRN1,-0.8843999889790821
PTCD2,-0.7382894259131302
PTCD1,-0.44588614703322554
RTKN,-1.1296829307987242
TPD52L1,3.1222885893003305
LYPD4,-0.5642582180445306
SERTAD1,-1.0213834895321003
DENND2A,-0.6061908624565193
DENND3,-1.5095484399494756
METTL6,0.02584958842238012
EOGT,0.06342719576378802
TFF1,-0.843728391334937
C1QTNF9,3.644673891505449
DENND4B,-0.124412017373829
IFFO1,-1.2780268419852876
KDM4B,-0.47267148541285275
APBB3,-1.10988142056814
ARHGEF11,-0.7695077051926059
SETD5,-1.6500177685723922
FAM193B,0.02864525372712129
EVL,-1.1604130183267507
POLM,-0.6042300281276641
PANK4,0.9271002461644025
PILRB,0.5985497274471402
CAMTA2,0.14518053016882151
MAN2A2,2.438978077651183
DENND5B,-0.9284696693958101
ZMIZ2,-0.025374161658444673
MAP1S,-0.498792553040823
GSE1,-1.6656523254811781
ENGASE,-0.20011129187375798
TAF1C,0.9081095813160104
TMEM63A,0.5441004257593568
ANKZF1,0.4203342644790607
TBC1D9B,0.5545485882680903
RUSC1,-0.4392118916838672
MYO9B,-0.9408193998393969
TBC1D13,-0.7045508002640737
CMTR1,-0.8345791526442513
CIC,-0.8687264669349939
FBRSL1,-0.4492008513036692
AKAP17A,0.21254808110779996
ATG16L2,-1.0328394218154422
DGKD,-0.03789523435042194
DENND1C,-1.6583448660457825
ABCC10,1.220054401619837
TJAP1,-0.8729071346296231
TMEM39B,-0.08178120613532625
MAST2,0.9654416808614239
WIPF2,-1.5865903512065214
TBC1D10B,0.17377774412954983
RASAL2,-1.6019923961860634
FAM110B,-1.1316454264932083
OSBPL6,-0.7542247254330109
PLEKHA7,-1.0358567650867256
NAV1,-0.9807585579968927
RALGPS2,0.7189870297023305
STARD13,-1.2747127206598836
FAM110A,0.5818958554570148
ANKRD34A,-0.8652572301196042
DCAF10,-1.1004006865240228
RPTOR,0.0951739304326088
LPIN3,0.15323096492276153
VPS33B,0.12126406834054457
MAPKAP1,0.4763853101677281
FAM53C,-1.2757862321486193
OR4C12,-0.7010817519128216
RTP1,-0.5477056317044787
RTP2,-0.5300370949345252
REEP1,-0.9312437156957791
GNAL,-0.8222998625310669
ZRANB2,-1.6662474992778171
SAV1,-1.2942239164739051
RAPGEF4,-0.8899048930950645
RFTN1,-1.4144316139176596
SUSD6,-1.2537565720174981
IFT57,-1.3694677221236375
TRIM22,-2.0379912077759212
MCUB,-1.0256229235635874
PLEKHA1,-0.7875169782290987
DOCK9,-0.8868747316086023
DOCK1,-1.6451269778053288
PHLDB3,-1.053845363107753
TRIM5,-1.0070165471160544
NAA20,1.1954190657149066
CRYBG1,-0.8469565174578575
LASP1,-0.7586369255274383
NECAP2,-0.4493886280881689
ACOT9,-0.4865731856812914
DAAM1,-0.3384913823336109
MDFIC,-0.37837443046778246
MALT1,-1.6180447845155355
TMEM243,-0.6464569790723718
CYTH3,-1.133300999392949
ZDHHC16,-0.20638068605610432
IFT27,-0.785414468073201
NT5DC2,1.429318832767506
EDEM2,0.9518445056695058
ANO6,0.9379459756111522
WDR41,-0.9082564722117847
WDR49,-0.817398346484112
BNIP1,-0.6742021910914717
SLC39A7,4.244062675953595
DNAJC1,1.3275147897339894
SPAG16,-0.13524705240199988
KRTCAP2,-0.022980832833512103
WDR86,-0.8659265650505306
WDR88,-1.279203962705165
IFT80,-1.4935598120205107
DDRGK1,1.0902285423842983
RABGGTA,0.6307221739092447
SLC1A4,2.6608915839718548
CYB561D2,2.8605154167268156
APOL2,-0.45949921360190016
MRPL49,2.0153015567441823
WFS1,0.29192955321295316
NSDHL,2.6148126338812623
CRELD2,-0.3665915418343476
SDF2L1,1.3716585707850824
TMEM216,0.15963456711418653
WDR27,-0.8606814472229883
SLC35C2,1.6832613064521533
AMBRA1,-0.9143300822344806
CEMIP2,-0.8362901547919076
ACOX3,2.797915118136382
CDC20B,0.014033525378066103
EVC2,1.4782801314329417
DCAF5,-0.9771117731357322
EML6,-1.0039021257386298
WDR61,-1.3053717964024938
WDR64,-1.507653727724528
CORO2B,-1.1270242609618897
BCAS3,-0.8884915247148373
VPS45,2.2363587958595197
TMEM208,0.5329726973348858
WDR17,-0.8763983079304388
STX18,-0.6925668894194948
CORO7,0.24757703260827646
PIGT,0.738154543403994
WDR5B,-0.6230145943859423
APEH,0.6316876040526395
MSTO1,1.4057449574905845
ELP2,-1.1213866449871717
TMEM120B,3.579665413793783
NBEA,-1.3355844152964123
TMEM67,-0.7816440894894674
NWD1,-0.9477247296888678
CLPTM1L,1.6914485623425357
WDR97,-0.9259683623651896
DESI1,-0.22120580342941504
CCDC22,1.1437654944548978
CFAP57,-1.124923203154128
PLK3,-1.6761235729873802
GPAT3,3.042005373078557
OSBPL5,-0.7183258864658774
ERRFI1,-0.768698984715338
FABP7,0.5110376026330574
CNN2,-0.9017137390034476
ADORA2B,-1.6026765924527082
ZFP36,-0.8169326273105662
SLC23A1,-0.3247199995214069
HCAR3,-1.7181799746010202
EGLN3,-1.4726858357193928
GAL,-1.712413840937797
FOXC1,-0.8316757668727708
PANX1,-0.7699305186453962
CSTA,-0.2117267737710337
STEAP1,2.344797730377179
RARS2,0.0959133333108253
WWC3,-0.7730516558472715
ABHD4,0.036120364750765195
UQCC3,-0.07757357116679689
PHPT1,-0.1166588509017685
XPO4,-0.7939284838939219
PCBP4,0.6640209630601641
LOC102724985,3.328374546509477
RHBDF1,-0.673396667507309
EPS8L2,-0.4887651419984616
DRAM1,1.3518398358674262
TMEM11,-0.4465432425214251
ADAP1,0.35957503011552955
TNFSF9,-0.6131233140648812
FAM214B,0.5852552159060156
IPO11,-0.7252070514177343
LARP6,-0.9868470393285979
COPG2,-0.5223427536634077
ETNK2,2.126870163291199
CDC42EP4,-0.7017461542159709
UNC45A,-0.13841595299983256
CZIB,0.6761218444163628
TRAM1L1,0.03689198010453023
OARD1,-0.44855007257163626
SIGLEC12,-0.7334864597553548
LZTFL1,-0.3399707999216134
GATD3A,1.4394353616055708
CLUAP1,-1.2067928631818876
UFSP1,-0.6358280131343643
PLXDC2,0.914448023312564
TAF12,0.3878881062698913
ETFDH,2.3344349814050225
KIR3DL2,-0.49168046625920303
ELP4,-0.8156773728589151
AMZ2,-0.11215912211277868
ASCC1,2.0597659983607772
VAT1L,0.9079927954502467
ATP5PD,1.2752392216695068
WASHC3,0.4781157455157797
CD79A,-0.31249491564746457
SIGLEC5,-0.27786900278384286
UGGT2,0.9530996875076938
SEPHS1,1.5968324639308693
STX8,0.3599121124185838
AMIGO3,0.23076597649044478
KIAA1191,-0.22969908590957394
CD244,-1.0808056845437748
PLPBP,1.5743485084074773
DYM,-0.6468937863738041
SLC16A11,0.5697165721636219
LIAS,1.3949330245495157
ZUP1,-0.8601038617112485
TCAIM,-0.05716663581095513
SCG2,2.7556995864252682
GPM6A,-0.983129621767467
RTN4R,-0.7855616638256121
SV2A,-0.3062891071271902
SV2C,1.4108628719011547
PCDHGC3,-0.7487808963730584
AKAP6,-1.556476364919168
ELAVL4,0.6148839854708609
CRYBA4,-1.459007373148118
TECTA,-0.9671759530791197
NFASC,-1.1579874810121864
CHST1,-0.9726278446409676
SLC18A2,10.84365639596612
ADGRB3,-1.3417496211148237
BCAN,-0.5647994859873702
IL17A,-1.3325948385249682
ADGRL1,-0.797989443627868
OLIG2,-1.5226919156574976
APBA1,1.8753323337170977
APBA2,-1.0491244274267295
SLC17A6,1.5802702331657534
SSTR2,-1.9929714319258214
PDE1C,0.13276149239545332
GJB7,-0.38490183297054675
MCF2,-1.2465929314138153
TMEM185A,-0.295590033874808
CDH8,-1.5743090661429473
CCNL2,-0.3728576197209787
SHISAL1,-0.8028737910589403
SYT3,-0.1602770643972702
CPAMD8,0.07694476767592494
CNTN6,-1.1755023199223302
ASTN1,-0.9913721000057464
PCNX2,-0.8554552335798181
TRIM3,0.5141586031011502
SEZ6L,-0.3634176694207662
PMP2,-1.0712011918941047
RFPL2,-0.5375741971150747
TIGD5,-0.2412742388374869
ASCL1,-1.5716889477830418
BASP1,-0.44972379953774566
KCND2,-1.0151741223397721
CADPS,-0.974126589890009
CTNNA2,0.2633322302466823
VAMP1,-0.5971076349945336
FUT9,-0.6508619030240288
CHGA,0.5278979081356598
MARVELD2,-0.2155721211364424
EXTL1,1.32017244311356
MAGEL2,-0.953122219318621
SYT13,-0.9283326349747586
PHF24,-0.6806070703354208
ST8SIA5,1.800023762807074
CYP2S1,1.54658596508677
MAB21L2,-0.8612998265866635
EPPIN,-1.629196738343198
RIMBP2,-0.5505365616175342
CNTNAP2,-1.136119538128504
IL9,-1.5535249388418937
CDH13,-1.065911982283786
NEFH,-0.5957631688794423
RGS6,0.7745501102728302
DPP6,-1.4219585746669772
PCP4,-0.20209936718940014
NRCAM,-1.355218072047943
ISL1,-0.011610058758742001
DNTT,0.6775471203323755
SCN3A,-0.6870079009444415
STMN4,-1.4184497424381293
STMN3,-0.1446311860712916
AJAP1,-1.0601375208569042
PLPPR4,-1.2601803653164316
LSAMP,1.0630738281245329
SPA17,-1.4722245074312459
PLCD1,-1.1131904848106542
PAPPA2,-0.8859472770477357
RIMS2,0.31096861590529457
CHGB,2.647587238982121
CNTNAP1,0.3559689247446107
DOK5,-1.0717333833020697
POU4F3,-1.2753391756849568
GPC5,-0.5886483798575048
SLCO1C1,-1.151969412296693
PCDH8,-0.859904588930713
FSD1,-0.4793715778540777
PAMR1,-0.8584237640165538
FJX1,-0.7726550708678561
ADAMTS2,-1.1518895242421447
EFS,-1.2731647946705154
SEZ6,-0.34921919905561666
TRIM29,-0.7358590271378712
GDF10,-0.8890766865485903
RAMP2,-1.537971613183071
TPSAB1,2.397767337590979
SCUBE3,-1.0919058863327114
SEMA5A,0.048436169891235496
MT-CYB,1.2217811307694368
UQCR11,0.8089501714647964
HEBP1,1.1546483845844515
ABCD2,1.2393768627675037
TAS2R19,-1.4340282964916982
TAS2R14,-1.4580189929602234
TAS2R10,-1.45396550417301
CXCL11,-2.1125046063035517
NPB,-1.4613754098700338
TAS2R7,-1.495577708156068
NPW,-1.4532375441974494
TNFSF18,-0.8934798513619155
CCL28,-1.4882124474295129
CCL25,-1.798768716376095
CCL27,-1.6548413491992042
CHST4,0.049986456045896833
P2RY14,-1.7693883356729452
SLC30A10,3.3772443308949747
P2RY12,-0.966810514033571
P2RY13,-1.775760960366149
TAS2R8,-1.4735062278777287
SPIN2A,-1.0452368184710616
TAS2R5,-1.431475470805985
TAS2R1,-0.872122998397521
SSTR1,-1.6431092779405874
SSTR3,-1.6170284504203065
HAND1,-1.0886635641921534
CXCR2,-2.2608205503621033
CXCR1,-2.0922169690150487
TAS2R38,-1.4440577615590429
OR1G1,-1.1204277430121994
C5AR1,-1.0391409080329912
TAS2R50,-1.4395213028919556
ADRA2A,-0.3283032235382467
ADRA2B,-1.4724418585269012
CLEC1B,-0.5415721289945971
CXCR6,-2.1683478857895455
JAKMIP2,-0.926809956633793
LEFTY1,0.0005821082461955944
CXCL2,0.1927325671548556
PYY,-2.081637189626748
CCL5,-1.8145888157389745
TAS2R20,-1.4239488157199016
INSL5,-1.6650314008864096
TREM1,-0.7556022865810518
ITIH2,1.6249483960650877
S1PR3,-1.5219990810949362
S1PR5,0.9571868372703064
S1PR4,-2.2165993592530118
CFHR2,1.7112325886026047
TAAR5,-0.7217367061420972
TAAR8,-0.912355268544647
SEMA6D,0.3372585789413125
CHRM4,-0.09037460894438981
CRHBP,1.1573292924199616
TAS2R60,-1.4269204630292114
RLN3,-1.608462823418161
RORB,-1.1576994052634921
FPR1,-0.5496040983965668
FPR3,-1.8850287561324743
ADCY4,-1.8500346784526367
ADCY5,-1.7010983114648162
ADCY6,0.4645303545471613
CXCL6,-1.537641508866283
CXCL9,-1.1331210878386593
NPY1R,-1.5969501757211375
GALR3,-1.5545580830105212
GALR2,-1.546967312225783
GALR1,-1.505167893608957
ADORA3,-1.4144589176811455
PRLR,0.3215036089889595
KRTAP4-7,1.1149303945700015
GNAZ,-1.8561033841395218
NPBWR1,-1.5496531657337407
GRK4,-1.6375362046567854
CCR3,-1.856988720041703
CCR5,-1.808775725237865
CCR6,-1.8949516846501073
CCR8,-1.678786890236955
NPY4R,-1.4819156001162874
BEAN1,-0.5839621316672385
C3,0.9159200756637488
C5,1.0610290314716797
TAS2R39,-1.4406063125806743
OR1E2,-0.9016064145111767
OR1E1,-0.8101968161579982
PNOC,-1.815125882859806
OR7A17,-0.8840461499661838
GPSM1,-1.5700443197223883
OR2J2,-0.722123313761501
ADGRE3,-0.26501689674777984
ADCYAP1R1,-1.0262707030196188
PI15,0.4675690230050032
LINC01587,-0.9579147032368117
HTR1D,-0.1578997497096587
UPB1,1.5373635808879467
GRK7,-1.2526310372805871
RXFP4,-1.4834150465664757
GRK1,-1.6611201727108844
KCNMB4,0.08934104150781459
IFNA10,-0.23123502751228386
DCHS2,-0.2284789039111352
HCAR2,-1.406703272128998
HCAR1,-1.3466242854262653
APLN,-1.4455622343807648
TRIM49,-1.1399365485341373
MTNR1A,-0.3657147150038119
OR7C1,-0.7231680884010867
OR11A1,0.021892043974176774
OXGR1,-1.4036806072199945
SUCNR1,-1.4241254549964484
TAS2R30,-1.4358867196217606
TAS2R31,-1.42690553470459
CORT,-1.4231334778423892
CCL11,0.11352832827476989
CCL16,-1.3671660287919682
TAS2R43,-1.4244569210486178
TAS2R42,-1.3314849680668353
TAS2R41,-1.4095967879751532
TAS2R40,-1.4308530509770565
TAS2R46,-1.4415825969502396
PF4,-0.24253251278916763
GPR55,-1.4804775494489486
ATF7,-0.737768102923159
FBH1,3.049599165062477
KDM2B,-1.5452123374236806
FBXL6,-0.5923624760240975
FBXL17,-0.8058846881085687
ASTN2,-0.4690909482355401
ECT2L,-0.9986856776119464
PRAME,-0.8437847656012358
FBXO45,-1.150341670453094
FBXO47,-1.166159417286752
FBXO42,-1.2316076772089093
XKR8,2.021087284950089
FBXO36,-1.0111653541430665
CBWD3,-0.19479524911114232
PPP4R3B,-0.39242909147056354
PPP1R37,-0.6545104657497142
XPNPEP1,2.2500255630121258
SH3BP1,-0.9547573906659517
SSU72,1.1440609850014134
C1orf131,-0.9337203015795339
SIKE1,0.5673793541648698
EEF1AKMT3,1.4642290642009466
SH3YL1,1.1607372607882014
ATE1,-0.39700065449579364
ACAD10,1.6701159872121838
ARHGAP44,-0.9201305980949183
TSEN15,-0.9113213642799398
TCTEX1D2,-0.27997807776014866
IL1RL1,0.33176376899288196
CYP2W1,2.1124713089346323
CYP4F2,2.422726509637096
CYP4F3,2.1166504194113016
CYP3A43,2.111162982241221
CYP2F1,1.8543332026999537
CYP4F12,2.160116491825308
CYP39A1,2.8076463202208157
TBXAS1,1.0556070972486005
PHEX,1.0754068725733594
BGLAP,0.09219080168890628
GC,1.086032123387789
CYP4X1,1.8449166728626867
CYP27C1,2.066987264980804
CYP2U1,2.0702375447727945
CYP2C8,1.9313856380085208
CYP26B1,1.6188818796485394
CYP4Z1,2.021582480686241
CYP8B1,2.1566958487582806
CYP26C1,2.0378992318980966
CYP2J2,2.691602463989071
CYP4F11,1.7966450016032827
CYP4B1,1.5650493233475802
KCTD11,-0.08245212871382032
MCTP2,2.236968777733769
CYP2B6,1.6495103725503488
CITED1,3.0067649828044076
CYP20A1,1.8570466538177595
CYP4F22,1.7573036151511754
CYP1A2,2.4189347816079865
CYP24A1,1.890220228585762
GCAT,3.017590298587619
KL,1.3026558996081095
DEFB4A,-0.6506857345285147
CYP4A22,2.7316029600983645
CUBN,1.5399986909690895
CYP4V2,2.0471456319914916
CYP7B1,8.927182097290894
BAAT,2.6550895485714716
CYP2C18,1.8545144184673343
BCORL1,-1.2739266786776031
DVL2,-1.1416252404268312
KLHL10,-0.5209319939953088
KLHL14,-0.9602587923080013
ZBTB42,2.252589956825537
SUFU,-1.2077930694900925
KIAA1671,-1.0698001865101572
ZBTB46,-0.8995899512377667
GPR101,-0.7720197182417012
DISC1,-0.43386053199206814
THSD4,-0.7869504403410382
BMPR1B,3.4028913757090256
OASL,0.1305161597988994
CBFA2T2,-1.4112182688165327
ZNF843,-0.32364402033525685
SIRT5,-0.4668641114230769
ING4,-1.187321666752556
EFHC2,-0.37461666602710475
ING1,-1.7079531313934115
PHF23,-0.5844495421301347
ZNF775,-0.9698607226107337
PHF2,-1.3604349396580024
TET1,-0.8919526862664696
DGAT2L6,-0.08665453013462714
TMEM239,-0.051043123246363835
ZBTB22,0.5396455115942521
ABCB9,0.3134978923859678
NACC1,-1.1600671774898925
PPP2R2C,-1.2474059280999834
ZBTB45,-0.990168536177453
ZNF653,-1.07688673768583
CDRT1,-0.926769595497008
AMZ1,-0.34490504566634184
NKX6-1,-1.15306834769758
VWA7,0.3162402423745691
MTUS2,-0.20755502470634712
GPR21,0.9710634082142573
ACSF3,2.122846432983438
NOTCH2NLA,0.9249488896006025
TRMT2B,-0.7185483016215997
MAGEA1,1.260581415035703
MID2,-1.200809192458382
GPR137,1.7758242639425408
FAAP24,-0.676767282226785
TRAF1,-0.3258817726258652
KIAA0556,0.30302597093016126
KRT40,0.435503542592353
ARHGEF38,-1.2849638226058289
PIGQ,0.5496123668655489
RALGAPA2,-0.6099688726354097
DDI1,-1.646640030760069
MTMR7,0.615579898465129
FRY,-1.6812012271373968
NKIRAS2,-0.6611605322097297
TBC1D14,-0.8056647162273494
GLT1D1,-0.637912945899373
STEAP4,-0.2305015533198034
GHDC,-0.26266541545365707
POPDC2,-0.38259895679692124
CYB561A3,0.10498054376615637
ABHD14B,2.0869611973673488
CHRNA9,0.6361950729871855
BRAT1,-0.6577384685029042
CAMSAP3,-0.9309258170466209
TKFC,2.2970433803402703
TMEM219,-0.1332203416794907
SDK1,-0.6746055364739133
IGSF22,-0.7699173693658592
ROBO2,-0.7500901562603941
DSCAML1,0.5837315245031585
MACROD2,0.7071612597863243
SDK2,-0.7683565360076297
VMAC,-0.7982155058299033
CNTN5,-0.8896752704945949
CNTN3,-0.7872686286057693
CNTN4,-0.5986142220216693
DNAI1,-1.4012116894501307
CEACAM21,-0.40215988319202056
FCRL3,-1.0147883329917082
IL13RA2,0.5936102851604341
TMEM30B,0.7783258576789616
ORMDL3,1.3506833848040822
ROBO3,-0.7708278061187269
EPHX3,-0.057683458898257545
C9orf43,-1.4072316461238596
SPEM2,-1.2732828409027799
TMCO2,-1.41145044569444
MROH7,-1.5630255824336454
SAMD15,-1.356625967343918
TKTL2,0.8425105585637855
SYCE3,-1.3949883340353892
TPPP2,-1.3009326464556064
COX8C,-1.5079975062946098
ZSWIM2,-1.4028048901067227
ARMC12,-1.3237147830262277
ZPBP2,-1.323214867542374
CCDC70,-1.6239662953346916
FNDC11,-0.6582551633621586
RGSL1,-1.4677847303145304
CCDC96,-1.4039641276419401
ACTL10,-1.0340119798326617
TTC23L,-1.3939970427865924
RBM46,-1.6698944168627927
STARD6,-1.3769775388415813
C9orf57,-1.3590020382333283
DMRTB1,-1.586745258127937
AL163195.3,-1.4782257547140225
PGK2,1.2190537865515443
SPATA17,-1.53638824186676
SPATA19,-1.3395025931932676
C10orf62,-1.5825099486975787
FAM47B,-1.4415590556475344
C20orf144,-1.542465760389919
IQCF5,-1.5021233152303
CCDC42,-1.5643207749042796
DNAJB8,-0.10613091119642708
TSACC,-1.4923771334929257
ODF3L1,-1.4799672114274063
CCDC38,-1.539786630979881
SYCP3,-1.633479250269655
SPERT,-0.9388250126102744
RNF148,-1.5384202006796481
PRM1,-1.8858124129209999
SEPT12,-1.4993286227537066
REC114,-1.5215128168035388
HMGB4,-1.607611905293988
RBMXL2,-0.8912467522190793
ZMYND12,-1.5022234607715013
DYDC1,-0.7721731522756379
GOLGA6L2,-1.579807494716259
TRIML1,-1.474353511717516
TMEM225,-1.3243648958581467
TTLL2,-1.576520676037666
C14orf39,-1.2761807993288368
PCP2,-1.1773061943188963
DEFB123,-1.2942761655591444
KIRREL3-AS3,-0.8330149109774944
WNT3,-1.3774997761652723
PRKD1,-0.15585147003809272
CCL1,-1.554084101401874
CEACAM5,2.5276122636003815
DNAH9,-1.3560476424888892
ALX1,-0.03715970680799499
FFAR4,-0.8885230347708706
DDC,9.321879947348446
TBX5,-1.1049809309689502
REG1B,-1.3901369890880364
HTR4,-0.6923400834096141
GPR1,-0.160694400322503
PSG2,-1.527110317990832
ADGRG2,-0.9109912268949703
FZD9,-0.85517076184379
FZD5,-0.9271016347530966
FZD7,0.4554172582459374
CGA,0.4791597122106105
FGF14,0.4936870600979331
ADORA2A,-1.5876129451840328
TPRN,0.053725206507105265
WHRN,-0.6958167869616401
PPP1R3A,4.035744904435252
CLIC6,-0.6321932029502466
CCDC85C,-0.5170950630590812
AC003688.1,-0.3182634557608105
CLDN16,-0.5410598186673312
CLDN17,-0.9421891972653794
CLDN14,-0.3604613164060719
CLDN15,-0.39540249806247474
CLDN23,-0.40309059654025237
CLDN22,-0.4280144045663583
CLDN18,-1.0952739557702251
CLDN19,-0.3371626919124031
CLDN25,-0.37485147193641505
CLDN24,-0.37485147193641505
CLDN20,-0.4338364965715967
CLDN6,-0.6606245123811325
RAPGEF1,0.0871104101685054
MTMR2,-0.9471677259678679
GPATCH3,-0.21357271840087472
DNAJB12,1.196255413641094
FPGS,1.1856585979306289
VKORC1,2.3284713515381625
BCL7C,1.5247667902679358
PLEKHM2,0.6620233094392535
MCAT,1.990007466535392
TOLLIP,0.5187579925442655
POMGNT1,2.7493231624363457
ST6GALNAC4,1.1930054656307254
PEX10,2.357493001364468
MUL1,3.533115520128109
INKA2,-0.6822322428220716
CEP128,-1.7592105432876268
CDC42BPA,-0.9129544260442238
INKA1,-0.4113594125190192
PAK5,-0.47506271703748615
CHST9,-0.5212088599855266
CHST2,-0.48721303939063226
CHST10,-0.5584909388986928
CHST13,-0.5327061824865763
CHST12,-0.7549117595476137
LRP6,-1.2932145345395538
CHST14,-0.45809610366284037
CSPG5,-0.9877840416132361
HS6ST1,-0.5461643625408895
HS6ST2,-0.7003197144354584
HS6ST3,-0.7849640762887131
SYTL5,-0.317702341747741
PKP1,-1.2185612221213091
MS4A1,0.09886923880688016
RADX,-0.1445939797867189
NSG1,-0.9556139584665649
GP6,1.6894126231846256
ENPP1,1.8164524240198148
FLRT2,-1.3606916698399798
KLK1,0.013720892299760219
SUMF2,2.3768306422450225
CCM2,1.0911094884897685
C1QL1,0.25550117540928763
F12,2.396926352347019
SLC39A2,3.235749110291607
HOXA11,0.13606863947123443
PAX8,-0.8669639449417231
LRP2,0.3071501245592869
IGSF1,1.4262389348900613
SOX3,-1.1835723195593966
ARHGAP6,-1.1625416209084092
GRHL2,-0.8702552044932232
WNT5B,-1.3403967207875742
PEG10,0.20782453167430462
APOD,0.5327052439106976
CEP170P1,-0.7995849109948702
PTPRZ1,-1.2127300906879632
NHS,-0.5001585765357525
ATG4A,-0.5058306939978026
SLC25A14,-0.3520229178987585
CPLANE1,-0.6691314859004177
ADGRG6,-0.5443474936216387
AL139011.2,-0.033472103870343224
PPP1R14A,-0.7852964136697225
GAS2,3.215745765930275
CELSR2,-0.4081668744171101
GLRB,-0.7234633380163689
NUP62CL,-0.5229155489691285
PSD3,-1.013147008394874
NME5,0.3209810624065904
AMMECR1,-0.8423118248528066
LIMCH1,0.03231498505828804
SCNN1B,0.7246348291635485
PLCE1,-0.9465474477782314
GLCE,0.4283728522608933
TOM1L1,-0.40252490175779615
NAV3,-1.0482869629914948
HOXC6,-1.2421524369127497
DLX5,-1.2176500747385004
C1orf198,-0.6593453675448223
SPOCK3,-0.5361824595882144
VPS26B,0.6553748036907636
SERPINA7,1.900467407347951
PDGFD,-1.325070372441745
USH1C,0.307251043719681
SLC15A2,-0.5817659221684309
SAA2,3.7124872613572095
PTGDS,1.0682489951494496
PAX7,-1.9160820537333116
PAX2,-0.32346726968872647
ATP6V0A4,-0.2841209630565408
SLC22A2,2.0842652053158672
FMO3,2.4572712150960823
MCC,-0.35300791454991887
MMP19,-1.0824563331029469
HFE,10.89321118748077
FGF12,0.3891484419821632
ARSE,0.0105574828650224
PLA2R1,-0.3854336400372551
ID4,-0.45909758813858137
CPED1,-0.7312585945158784
DPT,-1.2556593602148853
DKK2,-0.9897781918802658
EYA4,-0.8444527107737859
KERA,-1.3059310690011998
ABCC6,1.6319889058415833
KRT33B,-1.2144110327057978
LHX1,-0.6772944430778992
PTGDR,-1.3018962840826316
GPRASP1,-1.7222529036393828
EMID1,-0.940785502922883
CA1,0.36325322052176523
RASAL1,-0.8511664085495205
ADAMTS6,-1.1153937683589579
INSL4,1.3081597526425046
DMBT1,-0.07504387446189423
VN1R1,-1.2900113121900088
AFM,1.57280409409668
MAGEB2,-1.2069098183606433
SLC22A11,0.9349335025991001
CLCNKB,1.214168078168184
CLEC4M,0.9913449222461894
HOXD4,-1.3162242054400477
SCNN1G,-0.12460019192673974
FCN2,2.5454983021038458
PAX9,-0.600403878352804
NAA11,-0.5065604180711862
KRT85,-0.32948888089082745
ADRB1,-0.21573211909217038
CDH16,0.20759260909206365
POU3F4,-1.495026818415129
USH2A,-0.941089640630806
SFTPA2,-0.411076721427728
ANKRD34C,-0.9835718280727895
CRYAA,1.6104579388326825
UMOD,-0.4317433492973735
MFGE8,-0.7757387078221699
CELA2B,0.6483861268255395
ARHGEF17,-1.1777573739182288
TMEM184B,1.2769844042890328
CLPSL1,0.5027103341370259
SOX18,-1.14006881967642
FARP1,-1.02413806743115
GPX7,-0.08326587179803481
RETN,0.8054668121789387
KIRREL1,-0.9969459671106929
MXRA7,-0.8669892729030222
ERG,0.24995471967325048
NDUFA4L2,-0.32465832273444345
SPON2,-1.063780907927459
SHOX2,-1.1758404255266373
ITLN2,0.33519002178637136
EVA1B,0.9633637999445183
FNDC1,-1.0867527875347396
TSC22D3,0.11804874854313754
LPP,-1.2694046577491849
C1QB,0.38115491775418114
STBD1,3.898780724715329
VGLL3,-1.3244515924001452
SOX4,-1.550452059097266
ARAP3,-0.2647731011506275
DCBLD1,0.2659333870881974
SLC16A2,-0.3134183204780263
FKBP10,-0.8753555579156692
PLVAP,-0.6528130903250798
UNC5B,-0.10124913057869239
RASIP1,-1.0810675905210638
UAP1L1,2.5523329833282293
RARRES2,-0.49309703227203316
CDH6,-1.2260913142339456
MYO10,-1.2601815616234013
MID1,-0.8360827931637121
FGL1,2.1004710484431266
SLCO2A1,0.201524929213734
RAB34,0.06968311448485721
AOC3,0.8809726763415692
CCDC102B,0.32757916326381425
NDST1,0.4998579412748549
BMP3,-0.14806802228585336
HYAL2,0.06390190024955762
CCDC80,-1.0355225068853742
ROBO4,1.274446536246663
EGFL7,-0.9348770097748733
TBC1D1,-0.9311518270493441
SGCE,-1.24453649863351
ID3,0.08351681781589855
GJD3,-0.3183485557600201
MSC,-1.059083374745433
SERPINA6,1.5862929354558881
VWA1,-0.6487916763351299
GLIPR2,-0.53212097360275
PTPRG,-1.3217786500035937
CSRP2,-0.9960311105099497
ADAMTS9,-0.9200819475581161
C1QA,0.1732319172655032
SAA4,2.308035066902912
PCDH12,-0.8198627380378571
SVIL,0.7429815486480909
CDR2L,-0.7913765305845027
INHBB,-0.8150909133285926
SPESP1,-1.4718697667595697
APOLD1,-0.9198506133793237
CYBRD1,2.2104047500470188
COCH,-0.6307172449798899
LIPG,-0.29832446425302495
MYCT1,-0.7941221139354522
GASK1B,-0.3307217106909948
NXN,-0.6770282813682852
IKBIP,-0.4157373445860761
HEPH,2.988107661712169
TINAG,0.19317009597998017
OR8J3,-0.694569101339103
OR4C15,-0.753269640152843
STK10,-0.8127158299686691
TYROBP,-1.1122911998173144
ZDHHC12,-0.0020526147791823514
GMIP,-1.2236816028013946
CDA,1.8211359727699317
NPL,1.7275917762721296
PRR13,-0.491159032661964
TNFSF13,0.1172049974795484
MGST2,1.7110633214349489
EDC3,-0.1296107833379705
TMEM127,-0.2019322577793948
GLMP,-0.0590771072330513
HOXB6,0.013882145949113174
FTL,4.003486277220642
SDF2,-0.456580889529319
BCL2A1,0.6728441286446064
FRAT1,-0.6500858123245649
ATXN7,-1.2540243161118656
SMAD9,3.3456260759068916
OTUD5,2.237933000506105
NADSYN1,2.6170186078627333
GFI1B,1.6136497948476483
SHISA5,-0.1750498868285749
STN1,-0.7403076751174409
N4BP1,0.7220419954276147
MS4A6A,1.0376515878175632
ABR,-0.38902622951317023
ARSA,0.9656722330263744
SIDT2,2.290572511083537
MAN1B1,0.9901234287070034
HPS1,1.371745200211951
VSIR,-0.6780141611609349
PLBD1,1.041785671286358
TMUB2,-0.3124547335255691
ADAMTSL1,-0.5070085997148741
TADA2A,-0.4190653764909673
TNFSF12,-0.7108889079803309
TREM2,-1.0442849914672154
TXNIP,-1.4935699125230153
PPDPF,-0.4162440459592726
ADAP2,-1.1097592614724305
NAGLU,0.6949168577010807
BTD,2.4051346000745553
MFSD10,2.595747726267545
IFI6,-1.0342157764263369
HS1BP3,1.7278955089932955
ACP5,1.1037232047730159
BMT2,-0.6506425263120996
LOC100653049,0.16133728841539688
CYBB,1.6374315611236805
IFI27,-1.0338615468295833
RNPEPL1,1.5421630116101412
CCDC92,1.622079302688174
C11orf68,2.885478920272801
TRPV2,-0.6973562715891151
FAM131C,-0.4524764599943622
KRTAP1-5,-0.30762511076135757
CTSF,-0.5186832472864651
TRPM4,0.6062664121038434
SECTM1,-0.058137785816592895
MAFB,-0.6947759872009494
PRKAB2,2.177595267855581
BST2,-0.9124676821590813
LGMN,1.3386276384738092
LAMTOR1,-0.23790434033908153
SRGN,0.2041514263155479
GMFG,-1.880049848844872
WBP1L,-0.7523524105796835
SLPI,0.03084635114798256
KRTAP11-1,-0.7588822017591118
PLAAT4,-0.1673773321924425
STX10,0.3599048724986648
KRTAP15-1,-0.7043543620354195
MICU1,1.1030299722404704
CALCOCO1,-0.1660651095685632
ZFP41,2.7658022446196457
ZDHHC24,0.08407339223403756
ANO10,1.962936410318231
CPNE2,1.3493108729722265
MAN2B2,1.8601725480084446
S100A13,-0.5793953775809743
LYZ,-0.6703588211455471
TTYH3,2.0421536177649955
IFI35,-0.9831508501137479
OAS1,-0.3639317956677453
MAGED2,-0.20895936234712764
CCDC69,-0.32608830124826566
TMEM115,3.254522869402426
GNPTG,-0.001466998955659159
FLYWCH2,-0.016227558048572628
DLX2,-1.1833745511613762
FAM102A,-0.4520974236939971
APH1B,-1.5863173404174324
FAM207A,-0.11369376446737689
BSCL2,1.2107648116135141
ABCG1,0.3965622965659147
AC113554.2,0.8004896458309599
RETSAT,2.355853087977865
SIL1,0.5811882133424269
TOR4A,0.025663067080775506
INAVA,-0.6089625711435713
PYCARD,0.9433280500937017
LRP10,1.5974459609060718
ULK1,0.10978762793238941
MCOLN1,2.4249506422630938
SULT1B1,-0.41058131701075257
CHSY3,-0.31114557347068766
SBF1,0.15455370047027306
NDST2,-0.5821833666951213
NDST4,-1.0216492053994066
SULT1E1,1.6142988757306627
SULT1C3,-0.25202256985381627
NFATC4,-1.0757931885215721
SULT1C4,0.5281942925117185
CHST6,-0.30703036549114987
HS3ST3B1,-0.4523416455263574
VSNL1,0.17831077733368725
CHST5,-0.5672438854781348
SULT6B1,-0.28805057226535774
SCRG1,-0.9035480483467966
DIP2C,-0.4998821680255161
SULT1A1,-0.028568904919058457
BPNT1,-0.049279908944924636
HS3ST6,-0.3697221927921072
HS3ST4,-0.3776704678926179
HS3ST1,-0.4319106780363376
HS3ST3A1,-0.44714838263031015
SULT2A1,2.1677815499564748
IFNAR2,-1.1671470423291201
ZBTB32,-1.490909082256037
GAL3ST1,1.3052674811863993
ADAM19,-1.4413922339281062
GAL3ST3,-0.8703614413252941
GAL3ST4,-0.5172418218575296
GCNT1,0.8093890777441057
CFAP74,0.46521422641361254
REG4,-0.2120983967456156
CLRN3,-0.16468928693250975
TMEM125,-0.4068302654867738
ZG16,-0.31391696996994084
ADTRP,0.5853384450485535
ATAT1,-0.8717979431437051
GSTM2,0.7346194792786579
SLC28A3,-0.588703092738164
PCDH11X,-1.2951703542496138
MUC1,-0.034078473455218666
MUC7,-0.18640559675029497
MUC19,0.14252730670978742
MUC17,0.5865145898738592
MUC16,-0.4570323440302929
MUC15,0.0628525223084546
MUC13,-0.2392733676127165
MUC12,-0.0019708800595803393
LECT2,1.2309393597705105
GPR15,-1.3467362863126786
CDH10,-1.3962837674769657
KYAT1,2.8785424728914863
GJA5,-0.9284574699281833
SLC17A4,1.0139682468212983
F9,1.7636834895724232
TEX13B,-0.9863131598509567
TM4SF4,1.200878079242159
SLC45A2,1.0340634487355238
TRIM15,-0.465539579050801
USP29,-1.055550270104811
LBP,2.479666725528499
B3GNT3,0.9631626529794446
IQCA1,0.08658645100379021
EPS8L3,-0.4280845676401213
PROZ,1.47173864548353
GJD2,-0.901031882705853
NHLH2,0.38092969789811254
CA5A,1.3884586452413887
ASCL3,1.6530830059621493
MUCL1,-0.10110716037698034
MUC3A,0.10369966224764879
MUC3B,0.21525390459869753
WDR78,-1.4193415245060754
NECTIN4,-0.9414788794071279
CDY1,0.13882121241268514
CIDEC,0.5961842958983873
PFKFB1,2.12866692437664
MMP8,-0.8135656261672323
DEFB126,-0.76366279441179
KRT37,-0.27798610579368443
IL21,-1.0747733675327575
CNGB3,-1.3319727309578488
GP5,-0.3775694646206943
MASP2,2.3498834302378824
PAX4,-0.823241561562464
PCDHGA9,0.9967486000952357
PKNOX2,-1.4668357808119166
YY2,-1.13684169882666
SLC10A1,1.421982772478111
IL19,-0.8739813201595302
NEUROD4,0.6416111086621255
LENEP,-0.3270679403515837
IL1RAPL1,-1.2884578641646476
DCPS,2.647480070770835
GCNT3,-0.0602481418749179
HAVCR1,1.1419785677682341
MUC20,1.3832021664627352
MUC21,0.0888077540062868
C6orf15,0.3019108892877286
CELA3A,1.6213120536011711
OR1A2,-0.8410402574809123
FOXK1,0.581685885504938
TRIM31,-0.10538802732813474
SPRR1A,-0.8769908972980232
PLAC1,-0.9619320850687041
IL22RA1,-0.9504361578364798
MUC5B,0.29296395320380514
PROX1,-0.4793372634712867
TMPRSS5,0.8529614007147537
ARMC4,0.4232112942244174
SIGLEC6,-0.12155996754514535
GALNT10,0.1568440078895766
ALG9,-0.07666254482058482
B3GNT7,-0.2680917219472117
DNAJC18,1.5160206987700469
ST3GAL3,-0.4072597908302897
GLB1L2,4.148764086075874
CD226,-1.0017524411016088
CDC42SE1,-0.9355071311157247
CRTAM,-1.1800557368383484
CSF3R,-1.2835632916232926
MS4A4A,-0.38420070002170725
MAF,0.274209673248707
LILRB3,2.0225173688309006
LILRB2,0.850378163888282
LILRB1,0.9243902457236524
CCL22,-1.4434030375279385
GZMB,-0.8010801980635431
GZMH,0.43477208644935356
SIRPB1,-0.4901580988444184
TNFRSF10C,-0.9613997463443181
CLEC5A,0.4946460107928177
IGSF6,-1.3698184384172454
IL3RA,-0.7354895051187057
PRAM1,-0.674174194414874
LSP1,-0.9375192978836122
MPO,2.543920989529823
IRF9,-1.4590237247611575
LILRA6,-0.4524663575726636
CFP,0.5015315650248411
FCGR1A,-1.0988570895721088
GNLY,-1.516217238532412
HLA-DRB5,1.0106462807269043
CD300C,1.1979413348219312
CD300A,-1.0761718618851368
CLEC10A,-0.2793592111961138
CD300LF,-0.6561175340146356
SH3BP2,-1.132631923613472
APOBR,-0.675142893202524
TNFSF8,0.9645438513718922
SLAMF8,0.35618386064983415
SLAMF7,-1.3250811281678812
ALOX15,-0.38754256035870127
IL18RAP,-1.2165474748149547
LILRB4,-0.49673976467098074
PDCD1LG2,1.1227801694722155
AIM2,-1.799855234644189
LILRA2,-0.5154677976925094
CLEC4A,-1.2881369014709336
CMKLR1,0.610193394684268
PLA2G7,-0.18101602557304614
CTSW,-1.4664026976222395
FCER2,-1.4471386968717914
CSF2RB,-1.7457451296713205
FCN1,0.2333661826299197
LAIR1,-0.7019992935667354
ARHGAP9,-1.592050606629332
CLEC7A,-1.2090598331837712
NFE2,1.8633093564119185
HLA-DQB2,1.2789338393613157
CTLA4,-1.1229917708214618
SLCO2B1,0.8775215966654535
MYO1F,-1.202943780518203
CD8B,0.18466808812030297
HLA-DOB,-0.1279320246505267
ADGRE1,-0.011706579960005391
ADGRE2,-1.0588523573692692
RGS1,-1.0883716530724965
S100A12,-0.7118895712952081
DPEP2,-1.3152139642140783
TFEC,-0.17819390163509682
CIITA,-1.888945848059615
BEST1,-0.5609008723172138
NCF1,0.7552704953651561
TNFAIP8L2,-1.2028600630380177
ICOS,-1.662540747254385
RIN2,-1.0957152484362616
CLEC4E,-0.8445808696319541
C1QC,0.9127756433931719
DOK2,-1.4263807081604278
IL18R1,-1.4481269334101399
ABHD6,0.7157579999178264
PARS2,0.011940560108127668
ABHD12,3.116915215976922
DHTKD1,1.74910166791637
ARL2BP,-0.5471978701972134
MALSU1,1.032173046185378
SPG21,0.1099409756393511
ABHD8,0.623225821703101
EPHX2,2.246567843543431
ABHD5,0.25074155388522323
INPP5K,0.8289766711183205
SERHL2,0.7979794619471958
ZADH2,0.5451939465039819
ABHD12B,1.630247369609537
NFS1,2.5780659065143663
ANKRD52,-1.178298489109548
HIBADH,4.103238616797908
LDAH,1.5170108672674325
CHCHD4,1.6161524039879935
RTN4IP1,-0.0038596794199652965
ENOSF1,1.2926072485686144
CISD3,1.3620469187856092
IMMP1L,1.4822315762861804
UQCC1,2.599964105979508
EPDR1,-0.49890963939469024
EPHX4,1.1616933486155907
NDUFAF7,0.1919786742587796
OXSM,0.022523543300333293
HACL1,2.6873575733988857
ABHD16B,0.7713674671977887
ABHD16A,3.4465104415205903
PDSS2,0.34590815491781707
TRIM68,-0.6029118515383982
BPHL,2.5557553097317816
NIPSNAP1,0.9963115092105536
GON7,1.1398411518969767
CCNB1IP1,-0.757070373637565
HDHD2,1.6654363301628046
MGLL,1.207367497960265
C20orf194,-0.587304940843866
MAGEF1,-0.7547391656316151
HSD17B8,1.9238248121134518
MCEE,1.4809825287520664
EFCAB7,-1.4571394316597668
ARMCX5,-0.8982026370434145
OSGEPL1,2.380126061814248
ANK3,-1.061405796243306
COQ5,2.710739270427175
COQ7,1.361830888578478
COQ3,1.8184332129914993
OR8J1,-0.5545157495372185
OR10K2,-0.5874312806053289
OR8K1,-0.5543609467282785
OR5B17,-0.697046409842286
OR6C3,-0.5846352842186074
OR6C1,-0.5246493108526202
OR5T3,-0.6260752049350421
OR4X1,-0.7536317136467636
GSC,0.02763999772010959
IL12RB2,-1.0890628311741228
ZYG11B,0.6126251963305983
DPRX,-0.6932508457742402
FAM129A,-1.2229723663565961
CTBP2,-1.1110379819828682
PRRX2,-1.2762896521395892
NOBOX,-1.100877808777846
HESX1,0.4379873314384582
VENTX,-1.0704739515043906
MNX1,-0.9016303159778281
DLX3,-0.8276213676492006
ANHX,-1.191356821995951
ISX,-0.4857800087950507
TLE2,-1.1689653732117087
SCAF4,-1.536158619106948
IL12A,-1.3973888232273999
DMBX1,2.3486163428455877
UNCX,-0.5311778418738121
ALX4,-1.0630083320383272
PELO,0.8911096021793794
RAX2,-0.6696090815748232
CDC42EP2,-0.6204071116481393
DRGX,-0.5077718653290809
OTP,-0.9110885766718887
COX7B,-0.19103796709305873
MT-CO2,0.8009163454852134
NDUFB2,0.4698866568243656
NDUFB11,0.9028276467402434
NDUFB7,1.60296390119101
NDUFA11,0.5369093647130841
COX6A1,0.9297847044093241
COX6B2,-1.3546109207075712
COX7B2,-0.18364393877744487
SURF1,0.3941745889220194
COX14,-0.1873211359638214
COX16,-0.1566639715813017
MRPS36,-0.14343566496558824
NDUFA3,0.10302260680737596
NDUFA1,0.19094002930207388
IDH3G,3.445406727450951
CCDC151,-0.9202349008162141
COLEC11,-0.06993744075938958
CBWD1,0.8416476846720842
SYT16,-0.8172629308350567
WDYHV1,-0.17666854427940404
PLGRKT,1.3144954741213626
MCUR1,-0.2138886649461007
CCDC120,-1.1903359227904413
DIABLO,0.6955409786208155
TICAM2,-0.7515078045907337
LHX8,-0.8695236006737657
IRX5,-0.699979617768499
IRX4,-1.0908664239080357
BANK1,-1.1284435242536193
IRX3,-0.9632749235353789
TCF15,-0.9309196185017388
HHIP,-0.7363013136085227
TNFSF11,0.05129467046650774
PPP1R1B,-0.019500895193658788
SOX17,-0.9932673862956577
ZIC2,-1.5221512321416852
B3GLCT,-0.5733708496596274
FOXJ1,-1.3309633053535517
HES5,-0.9118764075439897
SESN3,0.005763379102884011
RGMB,1.8344181358142724
RGMA,1.233112819252741
STRIP2,-0.46493523108686136
PPFIA4,2.578383409051874
TWIST2,-0.8044932611246977
SULF2,-0.5638153018670827
VWCE,-0.5863890917806908
PRSS12,-0.5622765156908833
NRTN,-0.5534940595722987
GDF7,-0.4137367364683598
SIX1,-1.1766523066262589
KIRREL3,0.30631768086357825
CDON,-0.41595747048301185
FIG4,0.4452843298194172
C1orf56,0.0643308637358438
LY75,-1.3375957877790423
NXPH2,-0.38575461263629807
SHISA9,0.29871552041852356
WNT3A,-1.326431583452978
MESP1,-0.48008916220145353
HJV,12.743291832713235
ACVR2B,-0.6890702938536516
DLL1,-1.4885247294985537
SATB2,-1.6621391164665338
BMPER,0.8396276409380132
SPTSSB,0.858603574275452
GREM1,0.3944088283763063
APCDD1,-0.16781336928173948
INHBE,1.9178163011983482
BMP8A,0.08480972717822406
BMP8B,-0.5373103713719676
GLB1L3,1.7978084786100244
PCYT1B,1.0320008843455073
FREM1,-0.07618354326043376
NPTX2,0.050705648924089596
TMEM71,-0.6548146921371859
TSHZ1,-0.8559473902304909
PAX1,-0.9722362044737872
IMPG1,-0.31520087623953613
SIX6,-1.3423348095556265
MEOX1,-0.3425036054747441
THSD7A,-0.9097417845897199
SLC35D3,0.13290331211311593
S100B,0.8596301455441022
GDF6,-0.4066889290781183
ZFP42,-0.9094154483152276
PCP4L1,1.1252835532776424
WNT2B,0.15227510113245926
CRIM1,-0.01818525852482494
FXYD5,-0.3452816435902143
DELE1,-0.3539279797385624
BOC,-0.2733542390471541
NKX2-5,-0.4400952215423636
WNT8A,-1.2295287650316817
BMP6,4.275641108759727
BARHL1,-0.757432267233784
ZKSCAN5,-0.8074927999528996
SLAIN1,-0.6597221890090543
AMH,2.1241816172887207
CYGB,1.3916381027150042
PRSS35,0.5659374289304321
DLX6,-0.9520332257135119
DLX1,-1.04701117058179
SH2D5,0.7373788070443571
LMX1A,-0.7058320200816732
HENMT1,-0.4216721821352767
IL17RD,-0.2904979556433305
SOST,-0.1457688203065169
SOSTDC1,0.11339413725967312
HEY2,-0.990022112566079
FOXG1,-1.4767631866970867
PIFO,-0.8524317022598232
LATS2,-1.6084405963541177
FIBIN,-0.338939901693197
GLI2,-1.9971567120678257
DGKE,-0.7576125704002008
C1QTNF4,1.296587821293586
VAV3,-1.7428635072376248
MBOAT4,-0.16864247500857565
SPART,1.5711438547280128
LRP12,-0.4863184748389751
ARRDC3,1.3049890215541904
AL591806.3,-0.7111560028650346
SNX7,-0.6032176380820805
SHB,-0.661291147257373
AZGP1,2.563650413125443
ONECUT1,-0.4063570289737249
DNAJB4,0.26253525759309626
ST3GAL1,0.028272487262694896
SLC25A24,0.7702031014268719
TAGAP,-1.3758820105624885
KRT3,-1.1920687038995734
OLR1,0.33624504458607923
NHLRC3,1.2491149126041818
F11R,-0.5186818247749755
KDSR,0.2334260419547398
ERLEC1,0.20096983534449395
LYZL2,-0.8323029375091041
TBC1D12,-1.1063242085698555
GRAMD2B,-0.4753033443536624
DSPP,1.3502494269553476
BLOC1S1,1.618124767781124
COMMD6,-0.5319580468283831
MT-ATP8,0.11068615502655525
SELENOW,0.3568428989750783
MPC1,2.132036431876453
NDUFA10,1.2231255373054284
DMAC1,0.6058010038041662
HIGD2A,0.22937636679706314
AL133352.1,0.05093033751356921
NUDT2,-0.26578943108457703
MAGEA2B,2.5171011050128427
TOMM7,1.9055647418213106
TOMM5,1.2712411087855928
MRPL20,0.7034620829878382
TRIAP1,-0.7580329375244429
PNPLA4,0.46345515839579476
ARV1,1.602226097788136
GNAS,-0.48470581563449183
AAMDC,-0.025477830996361438
ANAPC16,-0.44452225931774564
SPAG7,0.9350657034566554
GRHPR,2.4110042527306876
ECI1,2.8027243009331295
SMIM7,-0.09649109303751574
C15orf48,1.7704586284711832
BAG4,-0.9334755346374902
LETM2,-0.2994401162997198
PLPPR2,0.059200131096191516
TMEM54,0.5081258279669295
PLPP5,0.0017678783012445264
ZNF518B,-1.0991146001577965
ZNF521,0.2594526202360237
FAM170A,-1.4161229108115896
VSX2,-0.8905488535073544
SEMA4D,0.02821737791948277
POU2AF1,-1.500131347117393
CCND3,0.534756038956282
CLEC2D,-0.26849777567762934
CD1B,0.43029744594106784
VPREB3,-1.0483558023658364
NKG7,-1.6169640137375516
GZMM,0.4788338066390303
ZNF831,-1.4597537161680458
APOBEC3G,-1.4845417801976921
APOL6,0.488784870217167
APOL3,-1.3499258309262325
APOL1,0.29749377858332293
IFI44,-0.5999066230755691
SYTL1,-0.5319880898534056
CHI3L2,1.1092860223231071
NFATC2,-0.7068765436493009
G0S2,0.17430440443915923
IRF7,-0.9798585510629965
CD96,-1.4986957828988876
TMC8,-1.206328652922471
SCML4,-1.411263144630754
ARHGAP30,-1.3588293165395346
CPPED1,-0.48856935572774673
ZNF276,-0.9005917254739964
APBB1IP,0.6088197117139765
AKNA,-1.033258135784986
SKAP1,-1.7918422967022543
HELB,-0.6679703167472771
ZBP1,-1.2546262981445717
MZB1,-1.013787488726696
MICB,-1.2274864179160094
LAX1,0.5219145169246905
GIMAP7,-1.5300173589398112
IDO1,1.3887859415063997
TMEM156,-1.322756280618465
NLRC5,-1.3168934687371558
MOB3A,-0.9190578220540777
ZNF862,-1.440949089349438
CCDC88C,-0.5515733138002509
TLR6,-1.5587087376584907
BATF,-1.5281310671630814
PREX1,-1.519286224541984
BTN3A2,-1.5908497927215624
UNC13D,2.1315628575494587
SIT1,-1.6834371192142854
CCL17,-1.206442590729057
RGS19,-1.4118431827716482
OXNAD1,2.090631449262159
UBASH3A,-1.5348687626609305
RASA3,-1.3934041854475692
IL27RA,-1.4067603692010977
PVRIG,-1.0531803486832956
C4A,0.5786415779278479
PIK3AP1,-0.2043417202586638
AHSP,2.9983829921224356
PGLYRP1,-0.811002647581139
HVCN1,-0.9911813971264454
GYPA,2.047532826491436
LPA,1.5157261008447003
CCL3,-0.7391210741430407
VSIG4,1.607400104974881
LAMP3,-1.46370256408742
TM6SF1,-0.5361039146881443
CHAMP1,-0.6074565296539393
PADI4,-0.33462530437020294
CIDEB,0.29628265302000245
CRLF2,-1.150311875159054
NAALADL2,1.2310731680292077
FCAR,0.013226823033143431
IL5,1.2616397002029511
C1S,-0.04039491406827736
HLA-DQA2,1.7746700422864627
AC018755.2,-0.8119127278793206
MPEG1,-0.9137649314603041
IL1R2,-0.5681922020235847
MPL,-0.42650526893330054
FCER1A,0.3344869135242889
SNAP91,-0.7995652751329596
CHN2,-1.3831569194467355
NFE2L3,-0.9901825504091875
GSTA3,1.4373579433973924
PTPRN2,-0.41741089432454564
BACH2,-1.4805946977575442
FAM30A,-0.9036682659942396
MAN1C1,-0.8655985523776544
BATF2,-0.8357604294973654
BEND5,-0.542327758263157
SALL2,-1.045930866190621
NDP,-0.7416547659534458
JDP2,-0.5461940703903967
HNF4G,0.5958897934436239
NR1D1,-0.36133548915162633
PPL,-1.1495340757980679
PIK3C2G,0.856572493830667
KCNMB1,0.15815846367336334
GREM2,-0.2930167907173216
CCN5,-0.8104408531632455
OTOGL,-0.3771481020251324
CGB5,-0.45331205526794055
CGB7,-0.46158525511787746
CGB3,-0.7029647863211625
PDE1A,-0.6544926278254115
GPHA2,1.2424822014846282
IGFBPL1,-0.5668450117171117
PTPRR,-1.3005468024110076
TCFL5,0.11182987307996961
TXNDC17,-0.27263344087768016
ZDHHC11,-0.007908139048266736
SLC27A2,2.401187092699587
RUBCN,-0.7898734877487303
ACVR1C,0.04315103729051704
GDF11,-0.7330557316689943
ERVV-1,1.5749986681041435
CAMSAP1,-1.3734060250209066
NPHP1,-1.4787403368588534
BARX2,-1.0598198903369949
MAB21L1,-0.44137898173685475
GJB6,2.0742585350004314
TOB2,-0.8008541543058232
CRISPLD1,5.0340147604497645
LEFTY2,-0.47457317260487486
ARID1B,1.0650484440573293
HEYL,-1.2769321526868305
FOXE1,-1.541101102807436
MTMR11,2.111095858915104
ZNF8,-0.8326662387726074
DHH,-1.1109591432327677
INHBC,0.8345711803550698
ZSCAN4,1.8255381523042677
PNPLA2,1.8222025416812115
MSTN,-0.8954624091994967
TBX6,-0.20015041648181087
CPXM2,1.4188114751181191
VCPIP1,-1.2838187536351604
EXPH5,-0.4929385078074364
MCM3AP,-0.9362832195324636
GDF3,-0.794555349396034
GDF2,1.8405934088488132
GDF1,-0.01976946493199052
EYA2,4.215985302680492
CSH2,-1.378115383668018
CSH1,-1.0711856086366378
BMP15,-0.29003301182459507
RCOR2,-0.7725938403745571
BCAS4,-0.2859443861321087
RERE,-1.10944464007238
DNTTIP1,-0.8565803061744469
PHF12,-1.4580723129660553
ELMSAN1,-1.0699537910210337
MTA2,-0.7976123410230953
MTA3,0.10541524513676749
MIER3,-0.9959921452408002
MIER2,-1.0447481858355747
ZNF827,-1.1082399006570505
GATAD2B,-0.3559091357267216
LRATD2,2.6876470840470095
PARP16,-0.8992554470020325
RPS6KA2,0.06615332677184087
OLIG1,-0.6610671414856434
AGGF1,-1.343165431294584
TSTD2,-0.46712138912982126
SOCS6,-1.2404289741500527
TRIM35,-0.8115288411638492
TGFBRAP1,-0.6967723873828143
PIAS4,-0.24574855353343913
TDGF1,-0.6211918813004227
VPS13D,-1.0728761118385062
ZSCAN10,0.5936038459790725
NUAK2,0.484217737275969
GLMN,-0.1342283277975791
MEX3B,-0.3769516100434118
MAP3K13,2.5180908482665534
SKOR2,-1.4597016992109906
EPC1,-1.5066568592905913
MSANTD3,-0.17636140742559564
THRSP,1.5203429449864259
PKNOX1,-1.324069460858844
GPALPP1,-1.1084819639025008
SALL4,-0.9786713624274966
IL23R,-0.9435488126979354
ELOVL5,1.061231420999487
CWF19L2,-1.3371714754906177
GTDC1,-0.14543711486946745
METTL4,-1.3865317351259592
NKX3-2,-1.055917115878888
DNMT3L,0.3245162628339363
MYZAP,0.3849429085447639
STIM2,1.2555863395517928
E2F5,-1.4223011630416753
EID2,-0.7634935800684759
GREB1,-0.252478044938871
PARD3B,0.051634763250837754
IL24,-0.8071484912663567
CBFA2T3,-1.1236739131223727
BCL9,-1.0558282876703193
STK11IP,0.20980881344155344
TENM3,-0.626908922933545
KDM6B,-1.8944016049500028
GOPC,-1.3631389336493576
RASA4,-0.9696631184604939
TIAF1,2.6112673952857164
WDR35,-0.8753953686210226
TCTA,1.2505820044006182
C11orf54,0.6215374079467076
NELFCD,0.49148732289538954
PYGO1,-1.2963850598008588
PYGO2,-0.9907394420414669
TGIF2,-1.0427638171045743
ZNF652,-0.370411823679887
USB1,0.9973832388758391
HEMGN,2.873621913223617
STK35,-0.34881449579095325
ZBED5,-1.0742732321313802
CRYAB,-0.609156897738624
CFC1,-0.8397602721141413
ALDOC,1.4587851637904568
DCP1A,-0.8740832685525707
RAB3B,-0.6946143685918887
TBX20,-0.3668375561787106
ZMYM5,-0.7576187186159111
FAM169A,-0.12914192201503288
PUS7L,-0.6837785096768535
DLG5,-0.2927580361180587
PLEKHO1,-0.5419183840258003
PCYOX1,0.390988572748245
ZBTB8A,-1.2325036994625858
TBX19,0.7795840609028123
VGLL4,-1.0446569729444994
SOX7,2.681320707083473
POU6F2,-1.7332386902835293
CSPP1,-1.4155662504758149
LSR,1.0148370788676664
KMT2C,-1.9834953709950194
IPPK,0.19082339629921746
ZKSCAN1,0.14133952985272769
RFXAP,-0.7112056759746918
HOXA13,-0.955648008444151
BTG3,-1.3438823201401646
HOXB8,-0.10247379176817961
RPS6KA5,-1.5790609791741348
CLIC3,-0.16151120623552587
BARX1,-0.800720300916989
HAND2,-1.041615342142472
RNF165,-0.22683754531816502
TNS3,1.5702169550788272
TFAP2B,1.670668003621076
LOC102724428,0.5257897960011975
PEX6,2.3686510581859657
TAB3,-0.8534190899615436
ZMYM1,-0.2642836707809821
DIPK2A,-0.49348986511644083
SLC39A5,3.0006557826018767
HERPUD1,-0.254712449897146
CWH43,1.3351193931495347
ZCCHC12,-0.4797169225752329
KCNQ5,-0.6230575064630335
SLC39A9,3.794833678400063
ZDHHC3,2.3620557888427802
VPS18,-0.3995888354064725
IRF2BP1,-0.7441863100078833
UNC5D,-0.4585236128066267
POLR2J2,-0.7226263772612278
FHL5,-1.5248331594303355
CTDSP1,0.9872000257909037
MAST4,-0.7173707204111499
GMEB1,-0.7001889338999135
VEPH1,-0.039901629093643295
NEK11,0.05481299875638292
UBXN1,-1.0031290785574571
BTBD2,-0.19228858960790104
PPP2R2D,-0.2997974863978147
MCF2L,-1.2366311716170295
BEX3,-0.5646744858355616
RGCC,-0.8467311303193643
MTMR1,-0.7285852901071761
GFER,1.0603015059875165
MYOCD,-0.9592648481562488
SEMA6A,0.3882183247480337
TPGS2,-0.6188278528056281
SH2D2A,-1.521187713875699
C22orf46,-0.05537411500932874
FAM161B,-0.8278904022232586
RNPC3,-0.039172089296641
FAM83G,0.016559713527533212
GRIPAP1,-0.924533979214871
C1orf116,-0.7034145854361756
ARSJ,-0.2845285693944164
DPP10,-0.4543795334054446
CCDC25,2.126034092219829
HSD17B3,1.2604715678377
TRIM62,-0.8088873465079898
TCEAL6,-0.27835409826954877
MKS1,-0.41205052734772213
CORO2A,-0.6520949023780649
PBDC1,-0.1627926341217922
COMMD10,0.776478643783552
LDLRAD4,-1.0206010424251268
PTMS,0.464541906193656
PREX2,0.7464827022669236
TAF3,-1.2546308128471721
ZCCHC14,-1.0760117115923098
MMP13,0.9059823430746159
IQSEC2,-0.6681725866416579
ZDHHC4,1.8433240071996995
EBI3,-1.1256225876729444
ST6GALNAC2,-0.36596090228949596
IL37,-0.7255766336496172
RNASE12,1.0413562238350502
DHRS3,0.6633183961924178
POU5F1B,-0.8699565397312633
UBL4A,1.2492022306749537
DYNLRB2,-1.6718287225760444
GAS2L1,1.0614137613247636
RSPH3,-0.8471357328307052
TNFRSF19,-0.31008986961234614
TEKT4,0.7676634163708036
R3HDML,-0.8068908003331728
TRANK1,-1.6008417269373874
C15orf39,-0.213957655397424
KIAA1522,-0.3964230234089756
BCL9L,-0.6213814685152546
APMAP,0.23367327882605854
CFDP1,0.9986549709532957
IL36RN,0.5280400308121513
IP6K3,1.5698279886051618
NOX4,1.5441970260763147
MN1,-1.0144789920048036
TTC9,-1.1196313865453704
KDM5C,-1.2000566390645027
HOXA10,-0.30565311466410766
PPP1R12C,-0.8629486937983634
PDZRN3,-0.8034322627410648
SLC9A3R2,-0.036628435764950826
TBC1D10A,-0.4273286504302255
SLX1B,-0.8146097543629203
SLX4IP,-0.6973619574335115
EME2,-0.6385979071586443
XRCC1,-1.15742199106302
ZNF500,-0.26836297995380853
SLX1A,-0.8366337178613957
CARS2,0.7568840160164424
CCDC130,1.3013400404465805
FANCE,-1.0468972272045023
FANCB,-0.7265773186207887
FANCM,-1.5245630030487463
APBA3,0.8923297228869802
GEN1,-0.2790961215349283
ZNF202,-1.4851020422545502
DCLRE1B,-1.3241771230427515
FAAP20,-0.4379215437093714
ZNF692,-0.22812519721160618
ATG4B,0.3019120705087763
METTL21A,-0.38529307130400375
WDR73,-1.000818568811965
PCSK9,0.8424560556910025
MECR,1.2439905739365609
NRARP,-1.1258282084852589
AP1M2,1.4008193482865208
KIAA0319,-0.8007660891580853
DNAJC6,1.3208218947273753
LDLRAP1,1.1834307201852396
AP1S3,2.536725606683081
SYT8,-0.7546790668456905
SYT9,-0.7717033702245667
SLC2A8,2.31557276684573
SYT2,-0.6556573042773743
TBC1D8B,2.8745367783459526
FASTKD5,-0.417681626679076
SYT11,-0.0503198089280836
PACSIN1,-0.966884401785126
FCHO1,-0.4167958906628696
SNX18,-0.8378443660176764
SGIP1,-0.6954840801611636
COQ10B,-0.8249428340575875
MCF2L2,-0.09051328195513646
REPS2,-0.7926685849930876
SPATA1,-0.3478907185795697
TGM3,0.14750975822891269
KLK12,0.8734065174448703
KLK13,-0.493133174434842
KLK11,0.48856810727590794
LRFN3,0.10114811465600312
IL36A,-1.1011871775633373
SLC16A10,2.173282974756062
DIPK1A,0.7118969915419935
UMODL1,-0.8912575135573757
KLK5,0.4463608462118656
FAT2,-1.0546686557146008
PRSS27,-0.1353108935211682
TYSND1,2.185568940475221
SLC7A2,-0.14808142920366887
SEMA4F,-0.9337477648490673
HPR,1.9129812918512543
PRSS57,1.6589172541236448
SERPINB13,-0.19855797623903076
SPRR3,-0.7519680998102758
AC011473.4,1.8877804793483166
SPRR2D,-0.6413819220828041
IMPG2,-0.7931696326980263
KRT78,-0.9428737589526504
HTRA4,0.18929355020916774
TMPRSS11A,-0.26870270235939864
TMPRSS11E,-0.7318465492599715
TMPRSS11F,-0.07800252210918425
SLC39A3,5.382271365455308
DSG3,-1.110646880816727
GLTP,-0.2720169154663006
GALNT11,-0.20292094861371182
CAPN14,-0.8513231858838977
RHCG,-0.4148794732915132
A2ML1,0.15653229756916456
DHFR2,0.08982423315722679
GRHL3,-0.6808038665472175
GALNT12,1.4639213726054283
GJB2,2.4660559880456328
CNTNAP3B,0.0555459606597437
SPINK5,-0.9121467629759243
FAM241B,0.6121093169109396
ADGRF1,-0.7306166605709054
TMPRSS4,0.36455260593410443
CRNN,-0.7724603704755463
GBP6,-0.5995822107270659
TMEM51,0.256414283042629
FAM129B,1.5949680755250766
GPAT4,1.9497445343634767
NBEAL1,-0.8586039241055407
SLC12A7,0.5983443707241385
SLC12A6,-0.2634454028943716
SLC6A8,1.2793289459889787
ATP6AP1,1.7450930608424275
FLCN,3.355932360981155
AP4B1,2.3477636363270515
CASP5,1.3094454193762692
FAF2,0.9681148398652983
USP50,-0.3378894377613838
WASHC2C,-0.7767561089833611
PACS1,2.5328829622412163
SEMA4G,0.2622591026177553
SMR3B,-0.9391054330165532
PRRG2,-0.5624963162446892
ACE2,1.485418196103727
DUSP21,-0.5738799600204023
BNIPL,-0.2625159086360402
IAPP,-0.8557010479007776
OR2H2,-1.481103783251555
CLCA4,0.7735680742647832
SIM2,-1.0927037226878198
GJB5,-1.1590074162150639
CRISP1,-0.8445968289752384
DCSTAMP,-0.4360892104007725
FUT2,1.0245563770089965
GSTA1,1.0060735987389198
SIX2,-1.006407039794953
FGFBP1,-0.961860725987231
KLK4,1.215499318015282
RFX3,-1.4715846464507258
SEMA4A,0.6146704502041244
TMEM40,-1.1098306978186152
LCN15,-0.04920058714872492
STH,-0.06764150638853889
NUDT7,2.2225712350843305
SERPIND1,1.6396443971474044
SCEL,-0.789368086406783
TTC22,1.0888794145459915
KEL,2.565200816684791
DKK4,-1.0203730320302873
RNF39,0.9722859331545619
PRSS8,-0.8215738896638626
PADI3,-0.9258609148733983
ENDOU,-0.6718474496473172
KRT35,-1.435895739283197
GPR35,-0.30847232184990003
CLCN5,1.5350023083487885
PRSS55,-0.9299264184472468
STX2,1.3971552324204324
IL36G,-0.21448382527202525
ECE2,-0.3786190374678266
KRT33A,-0.3672213180157492
KRTDAP,-0.685210912339414
SPINK7,-0.4897255169651245
SERPINI2,0.8707419038005362
ZCCHC4,-0.664860208067885
SPAG11B,-0.5894177784083605
KRT24,-1.0513920340919756
TBXT,-0.7012121361252156
DLK2,-0.4763532720442922
NOX3,1.431449744056326
SERPINB10,0.7044444375948038
TMPRSS13,-0.035958586072496024
ALOX12,0.6193543361305462
SPINK6,-0.6406293743162613
WSCD2,-1.1293363577329913
CNTNAP4,-0.49599964919973716
ELF5,-0.825938054802499
TMPRSS2,1.0611701010013106
LUZP2,-0.8551468645142485
ADAM20,-0.003117088382776593
KRT32,-1.2960427355980322
KLK14,0.8228483204905659
UPK1B,0.060800336420402584
VSIG10L,-0.5641179735636616
FCN3,1.2363274012461531
PRSS42P,0.10742979550614232
OPRPN,-1.3307079650830664
FIBCD1,-0.15934647007122385
SPRR2B,-0.7922491708375536
ZNF750,-0.5431030659526486
SERPINA10,1.9923295526876041
CNTNAP3,-0.3274746529527868
VGLL1,-0.8303381659075831
C10orf99,-0.7107228874463318
CELA1,1.4810666955968035
IGFL1,-0.5063017463766697
SERPINA5,2.1161845215799953
ALOX15B,-0.3883871586300382
PRSS45P,-0.0747609846127517
KLK15,0.8639689290359462
PRSS48,0.13183704841362545
PRSS38,-0.386468770857877
TMPRSS9,3.9048631616077114
TMPRSS12,-0.08322866224122948
TPSD1,0.9945189674388286
PRR14L,-0.6192760449729877
TMEM212,-0.7457530767544226
TECPR2,-0.7234736741635432
RLN2,-0.9906471821165901
GPR32,-1.4141411267750559
RXFP1,-1.1075364085449444
GPR25,-1.2353734914094812
ADM2,-0.9079679092346414
RAMP1,-1.1427641339314212
PTH2R,-1.0543358092984427
RXFP2,-1.1434342229613477
GPBAR1,1.132812730494362
MC3R,0.810275598001215
PTENP1,-1.0088642989367371
SLC22A3,3.9103676763194084
GPR176,-1.2300475697625182
GPR83,-0.9632488737756427
GPR84,-1.0299178280931733
TAAR6,-0.8258665651566145
TAAR1,2.008296469375727
GLP2R,-1.1950826783395845
GIPR,-1.19082556918879
GPR45,-1.2397390826773924
CALCB,-1.2953373661435383
DHRSX,2.4362289390741405
PNPO,1.8519834772870376
SLC29A4,0.8818094139270907
FCSK,4.078453894369606
ABHD15,0.4185821866710163
TRPT1,0.18832606848790573
SCRN2,0.5242973876166923
MARC2,2.9371357906301045
MXD4,-0.6219176294855681
DCXR,1.804615075840293
P4HTM,-0.42783737888024254
ZBED3,0.06203368862971984
DCAKD,-0.08700019752735472
NSMCE1,-0.23543156921183941
OCEL1,0.41968896103757986
C8orf82,0.8920798307699784
RAD21L1,-1.6376356979156883
DRICH1,-1.4561474892388182
IZUMO1,-0.6277334983033598
FAM71D,-1.3692233691597344
SPATA46,-1.5734147876552496
ENTHD1,-1.3558436112895884
TEX29,-1.1039861176928392
KRT25,-1.341811113901053
MCMDC2,-1.6080868382684985
C12orf40,-1.407276187215661
CCDC158,-1.4863814793717607
SAXO1,-1.5357399656220727
KCTD19,-1.5014979554692562
FAM24A,-1.5352811111601863
CAPN11,-1.283489257788211
AL035460.1,-1.4332710908977428
TBC1D21,-1.7330403675072419
TEX44,-1.4827781632063206
TSPYL6,-1.6180641048422397
STAG3,-1.447356141429894
FAM47A,-1.5719954283726298
IQCF6,-1.541453252405962
TEX19,-1.7065812574806936
TERB1,0.7508685363668697
SYCE1,-1.2223645166205432
RNF151,-1.6205362063375228
CT47B1,-2.0064665927310195
CCDC36,-0.4659390192085344
CCDC27,-1.660058446665013
PLAC8L1,-1.4649745462922643
C11orf94,-1.1996730858422746
LCA5L,-1.8763489922610401
IQCF2,-1.6140343150513607
TCP10L,-1.4140664983962832
SCP2D1,-1.5749643291638655
ANKRD60,-1.5665669218625784
DCAF4L2,0.05096365389234449
BPY2B,-1.0236088260807246
REC8,-0.7906208575370752
FAM228A,-1.0970331239605007
SPATA3,-1.290575891793811
PRIMPOL,0.17437538646233877
CCDC15,2.1733386031732747
FAM161A,-1.3024733268992974
FRA10AC1,-0.8608017111561886
CCDC66,-1.3761949872965111
TMEM116,0.9849077675629566
ABRAXAS1,-0.6238891035657803
SCRN3,1.2149696886287344
ALG10B,0.12993905614757717
DIS3L,-0.28558401392344085
FAM149B1,-0.6010853342832354
TBCK,-0.3769795531744278
ZCCHC9,0.49537871729765803
COA5,1.1965131332313343
DUS4L,-0.7767440031043324
CNPY4,-0.5686431794173386
ARHGEF18,-1.2735910893725046
SNX5,1.2605584295612082
TRIM56,-1.1607848783068728
MYEF2,-1.3797284011799087
FAM117A,-1.0137273722435938
BTN2A2,1.877299518537993
SLC36A3,0.031135454364304028
ZDHHC14,-0.11347222629733635
TGM7,-0.9502511597774176
TMEM104,0.5350367583833509
ZDHHC18,0.4929096971667521
PIGC,-0.019726606330169375
MAFIP,2.0605916571199723
PMFBP1,-0.8613594367595867
SLC38A11,0.4832775423287445
SLC36A1,0.28317655645185824
ODF3,-1.2252851573285803
SLC38A4,1.415513366740476
SLC38A9,2.0312140487028074
SLC38A8,0.5794217813554026
ODF3L2,-1.556535640887695
ODF4,-1.2405021636895726
HSDL1,1.9502435684283275
ICMT,1.6200930935238462
AQP4,1.2819382946486408
ZDHHC9,-0.07497090311305975
CCDC114,-1.4916155334231478
C16orf92,-1.1569948828849514
GDPD4,0.4342983157645678
REEP6,-0.5327252527138899
RAP1GDS1,1.1504234543465572
DCDC2,-0.7036495803975023
SPDYE4,-0.8685425245785643
GDPGP1,0.707176212880549
TRIM49C,-1.694187025177924
MCM8,-1.6737663918052685
MRPS17,-0.7314391781657333
ZBTB9,-0.9115529228164645
SUMO1P1,-1.067023797354447
MIPOL1,0.5136326687367403
INCA1,-0.8097769784215122
MASTL,-1.827009891019418
BCL7A,-1.2727978191183729
GAS8,-1.149019810037347
PRELID1,-0.1113211689200041
CCNJL,-0.4128155678840989
CDX4,-0.3299341094118996
CCNJ,-1.248542461571835
CT45A1,-0.7912892783568293
TMEM97,0.00869424153372915
ESCO1,-1.5793351196426004
SLC47A1,3.458122194697684
SLC38A5,0.4615830548329086
SLC38A3,-0.16808953532723872
SLC7A8,1.250183076747204
SLC7A3,1.2271206803056678
SLC3A1,1.9204068324893977
ELOVL2,2.410310346985447
SLC36A2,0.3508210880253597
ATP5F1EP2,0.4790206632088706
CLTRN,0.4501125661183867
ELOVL3,1.8771508935876533
SLC7A10,0.13448546454971233
EXOG,-0.4476527833781029
TNFSF14,-0.534954745737981
ADAT1,-0.8288188088228129
AK9,1.0940753125200788
RIPPLY2,-0.6705342926761513
TUBB7P,0.758589686872028
HYI,0.12387670578568248
HDHD3,1.678678398661781
CRELD1,-0.4697274002348155
GSTM4,0.16198189544147937
C4BPA,1.5526176078317397
TMEM222,2.9280607594545383
IDUA,0.8606703220961862
TRIM45,-0.8846878736537688
AVPI1,0.934493276453695
ECHDC2,1.8481622473783679
MROH2A,-0.6531894748505538
ERICH6,-1.4195321507590366
HSF5,-1.1724247015424947
PROCA1,-1.2196537600517152
FAM71A,-1.4617286609713607
TXNDC2,0.8990238825841971
ROPN1B,-1.32584721373876
TENT5D,-1.633696099623626
SLC9C2,-1.1291946678075855
C5orf47,-1.2932858636945301
PPP1R36,-1.4105271717640493
SLCO6A1,-1.3154944985316717
TMCO5A,-1.0244093304243627
FANCD2OS,-1.5603802136178777
EXD1,-1.5225413127330163
ATXN3L,-1.4347999941666194
CHODL,-1.1741133710339056
TEKT5,-1.3508218890945507
C16orf78,-1.488005218461273
CCDC54,-1.370403553075386
CNGA4,-1.0369915562446725
IQCF3,-1.3204487657870714
DMRT1,-1.479627432848557
UBL4B,-1.23926437413976
CFAP97D1,-1.3597677748729773
MAGEC1,-1.0428665304102154
SLC6A16,0.954989572342065
SPATA32,-1.2778603868757663
AKNAD1,-1.1696826903920428
LYZL1,-0.8844723401292678
NUTM1,-1.5187524834379191
NUP210L,-1.271540208879319
BPIFA3,-1.440952033097171
BOD1L2,-1.2048932942462471
BANF2,-1.5353459544518753
CALR3,-1.352844123058505
POM121L12,-1.271139695915396
C1orf100,-1.3322069077207839
TEX36,-1.3541196671848696
CCDC168,-1.3987720852922363
MGAT4D,-0.9673452588376039
TMEM31,-1.2125404677929776
H1FNT,-1.344012746511464
HORMAD2,-1.3472754028228209
CATSPERE,-1.4375428317836498
PLAAT1,-1.2742633839177884
FAM9B,-0.9602335424162118
SRRM5,-1.400269851670279
SMKR1,-1.2324525119108507
C3orf22,-1.3866473148479879
CMTM2,-1.0337357350124465
SPATA4,-1.646579153682682
ERICH5,-0.5288958961017804
IGHV4-34,-0.9509210395175083
IGLV2-8,-1.0069767684300255
IGKV5-2,-1.0050806897998015
IGHG4,-0.8060253858776992
IGHV3-11,-0.9509210395175083
IGHV3-13,-0.9509210395175083
IGHG3,-0.8220505268864597
IGKV1D-39,-0.9831066878640321
IGKV1-33,-1.005080689799804
IGKV3-11,-1.0050806897998037
IGKV3-15,-1.0050806897998015
IGHV3-7,-0.9509210395175082
IGHV2-70,-0.9509210395175105
IGHG2,-0.7044135623459461
IGKV1-5,-1.0430152179133267
IGLV3-21,-0.9940686283297745
IGLV1-47,-1.0069767684300255
IGLV1-40,-1.0069767684300255
ELMO1,-1.444557650702685
IGKV1-12,-1.0074910411439806
IGLV1-44,-1.0069767684300255
IGKV1-16,-1.0050806897998013
IGKV1-17,-1.0050806897998015
IGLV3-25,-1.0176474832045723
IGLC3,-0.9238443317516513
IGLV6-57,-1.0140012586067015
IGLV3-27,-1.0069767684300255
VPREB1,-0.47387714762847616
IGKV1D-33,-0.9831066878640321
IGLV7-43,-1.0069767684300255
IGLV1-51,-1.0069767684300233
IGHV1-2,-0.9507450385603662
IGKV1-39,-1.0050806897998015
IGHV4-39,-0.9509210395175082
IGKV3-20,-0.9872855207395905
IGKV2D-40,-0.9201282904070628
IGKV2-30,-1.0050806897998015
IGKV4-1,-1.0258161007432223
IGHV3-48,-0.955807742671395
IGLC6,-0.9294768986526459
IGLC7,-0.9238443317516514
IGLC1,-0.9274461912364278
IGLC2,-0.9334762836633621
IGHV2-5,-0.9509210395175083
IGLV3-19,-0.9986550793138237
IGKV3D-20,-1.0050985838606932
IGHA2,-0.9306345449513502
C4B_2,-0.3418589957643612
IGHV1-46,-0.9509210395175083
IGHV4-59,-0.9509210395175083
IGKV2D-28,-0.9888358954574714
IGHV3-23,-0.9546721585665991
IGLV2-23,-1.0069767684300255
DAPP1,1.094407247898242
IGLV2-11,-1.0069767684300255
IGLV3-1,-1.0069767684300257
BLNK,-1.1984975556594277
FCAMR,-0.9732522180973676
IGKV2D-30,-1.005098583860693
IGHV3-33,-0.9509210395175084
IGLV2-14,-1.0111377176530747
IGHV3-30,-0.9509210395175105
IGKV1D-16,-1.0059782967460678
IGKV2-28,-0.971758543941685
IGKV1D-12,-1.0050806897998037
IGHV1-69,-0.950921039517508
IGHD,-1.0867589806356952
IGHE,-1.0694750485332973
IGHV3-53,-0.9509210395175083
IGHM,-0.9405499500315452
ERICH3,-1.556517454672918
CFAP299,-1.496741227703478
FAM81B,-1.5309163248738593
LRRC46,-1.330138817139275
DNAAF1,-1.590567575288131
RGS22,-1.6078455690318794
ZBBX,-1.59208589504878
CFAP300,-1.451937110473604
C1orf87,-1.0945164285186426
LRRC73,-1.3167153151056636
DRC1,-1.2785206918006176
SPAG8,-1.2228227928596305
CASC1,-1.602437676113498
IQCD,-1.6023426416850088
LRRC71,-1.6839281089736642
C1orf194,-1.6396406255928007
CCDC173,-1.590843133785298
SPACA9,-1.7366372324977457
TMEM213,0.0795837286906264
DMRT2,-0.46480859875246633
TMEM174,2.1058436673013445
SLC4A9,0.18385507150333105
SLC12A1,1.0243566895067937
TMEM207,0.5159081879168075
ATP6V0D2,-0.268777231915765
TMEM72,-0.0562127643018736
GRAMD1C,0.13704673843976867
ALG11,1.7589904370924547
TMEM61,0.07958372869064367
TMEM52B,0.33161717258002116
SLC7A13,0.15747833780281992
ATP6V1G3,-0.09101845118493691
ENTPD2,-0.23953644242825334
ANXA10,-0.020943276505503795
ACSL6,1.5734340233665098
SCNN1D,-0.40497394931476827
TDRP,-0.16501358296516164
ITPK1,1.0451390993158616
KLHL35,-0.7618694765609828
C7orf69,-0.950038957537928
SLC24A1,-1.0475580153755197
SLC25A42,2.6807584234772337
MLANA,-0.9925211426888547
MTG1,-0.4831008923173137
DPF3,-0.41923268440957245
GPR143,-0.4627512193423196
POU6F1,0.2586606314047064
FAM107A,-1.2604932439941194
TMEM154,-0.7512597422709639
DPEP1,-0.00335477833428421
MMP24,-0.8620220656679838
GLRA3,-1.0387494986223695
C14orf119,-0.20853008213447555
UBXN11,-0.6236826511306522
CTAG1A,-0.7836349218877452
MORN3,-0.5846362208698715
MRPL41,0.7884895208477262
CHCHD1,0.418521382499663
RAMAC,-0.9528465082871006
LAMTOR2,1.7381514792829433
EMC4,-0.47410240347796123
BEND7,0.5389057775318538
DECR2,2.873750067237385
SFT2D1,-0.19874673660180184
PDZD11,-0.6658823137554636
PBX4,-1.087477493746629
ARID3C,-1.6968181644008644
OCA2,0.2584198487857753
AIFM2,-0.009500991395398863
HPSE2,-0.7565680061647628
GPX5,0.3725191266880511
CBARP,-0.9950372696423704
TLE6,-1.09253295743861
GARNL3,-0.9729588655194181
S100A5,-0.921216342396008
TMEM151B,-0.8922546209174254
CNTF,-1.055642103548157
HOXB13,-1.088148222405042
FOXI1,-0.46528856508151195
NCAM2,-0.8752494583155649
ANGPT4,1.044967501444429
IL9R,-1.3566960376260797
PDE11A,-1.0483227129774806
SAMD4B,-0.9702591118485269
CFHR4,1.297455730603152
OR10H1,-0.740056429839378
FCRLB,-1.1387943419981017
NXPE4,-1.0070789432034104
SNTG1,0.7631505968190476
AQP8,1.2939495541447565
GPA33,-0.8522633644743061
PRAMEF12,-1.002167022370136
KCNV2,-0.6645176524420626
RGL4,-1.3889878202778656
HHIPL2,-0.864998640853311
PRR34,1.2429764284045821
ADPRH,0.6812330559140845
CHIA,0.6281583729335818
LALBA,1.2548195805245161
C9,2.7400652731136046
ACSS3,2.20848433582887
ADAM21,-1.1200110398633345
PEAK1,-0.8686351667182356
BPY2,-1.2484878203286935
RTP5,-1.0021572925313247
AMOT,-1.2682514763707557
C1orf105,-0.8918241116409565
DEFA1B,-0.4200804975635007
AKR1D1,9.604616390111916
KCNK10,-1.0607685303065881
TEX13A,-0.8940762252035025
RLBP1,-1.3026949363290212
SLCO1A2,1.1387835486789242
GPR135,-1.3647293870940396
EDA2R,-0.8869992680649558
GPR62,-0.8773785769326428
OTOF,-0.4033546005380247
GPR3,-1.038247699505294
PDZD7,0.8921675431927705
OR2F2,-1.001429997845549
POGLUT1,-0.4122038444403173
EN1,2.34494217049645
COX10,3.246943002663936
SLC6A14,1.3793324356353194
ART5,-0.4434992324411583
RAB39B,-0.3350559995300456
ARSK,-0.42413957857780527
HERC2P2,1.1646736811563563
DNAJB13,1.6513006099465775
FAM92A,-1.0799345265091274
RHCE,1.93079307820308
STAB2,-0.7384936802527601
NIPAL3,-0.48466748407848914
RAB3IP,-1.3364980639733606
CEP104,-0.9964836726874778
PIH1D1,1.0267287166478902
KIF24,-1.0111374352592346
LEMD2,3.1151570846907606
C2CD3,-2.0504782885886015
FKRP,2.8964870905371978
LIPH,-0.6459469946094475
CEP89,-1.399693083656016
AJUBA,-1.4060324319320048
CEP78,-1.3306379134785553
DPPA3,-0.5699369308950486
SPRYD7,-0.22296927182099688
B9D1,-0.5387353568738545
TCTN1,0.023193033832269363
SASS6,-1.7737312448001696
SDCCAG8,-0.9937352083125404
NPHP4,0.2833337327561611
CEP162,-1.6903415600366594
IQCN,-0.6806710624521687
CEP41,-0.7835346019403644
ALG14,1.8712923567169704
CEP152,-1.2793813704999935
PIP4P1,-0.24673040687675166
H3F3C,0.7855777857296167
AK3,0.08866071696720638
C17orf49,-0.6927295366819164
ARHGEF10L,-0.5899752956236758
FEZ2,2.3743567628585
MICOS13,0.3415033148134873
HIST2H2AA4,-1.0043358475549218
AGPAT2,1.6414346885467141
TIMM17B,2.553852943582595
OAZ2,-0.38267939115671956
C20orf27,2.4127895460399795
LNX2,-0.7194501676533326
ASMTL,2.1827565027462064
TBPL2,0.1013297658137245
DGKZ,0.8942996507927556
TSR3,0.9263130529662504
C11orf49,-0.3009624234580598
TSPYL4,-1.2701342640782138
IL11RA,-0.709552181685887
HES7,-0.6453010105406453
TRIM54,0.16923103071768406
TMEM8B,-0.6406901862502212
CCDC136,-0.393402738913829
GSTA4,0.5557932594926089
REXO1,-0.585684026395498
DMAP1,-1.2873231048138705
FADD,0.9666682669885176
KIAA1958,-0.7786199440892007
CNTROB,-0.1565593066744142
KXD1,-0.3486618407217423
SSC5D,-0.6044226602873773
MAGEA11,-0.5238773023106692
MSANTD4,0.4113649709891059
CDK11B,-0.8886454877080071
NMNAT3,0.11640050306502878
SPOCD1,0.7479944871928537
KANK2,-0.44401608454904895
PIH1D2,-0.7240472579396587
LDOC1,-1.3025247223872038
NECAB1,-0.47325276955954865
RNASE4,1.7965806380467477
KCTD10,-0.8892343803067961
TCEANC2,3.3634409629805466
AGTRAP,-0.3397203139265533
BHLHB9,-0.9697160599450615
ZNF526,0.6646168582967791
KCTD7,-0.907663646489984
ELOA3,-0.462359416127625
PNMA5,0.8994829061872649
HIGD1C,0.25540999348889887
NDRG2,-0.0650670132791455
RPH3AL,-0.5124332021311792
ADH1A,2.022578612893285
SETBP1,-1.7469331845784817
CHCHD7,2.1944190317111905
RGN,2.095358449136338
NAPRT,3.2097735366656273
TMEM106C,-0.7692951186454926
DUSP19,1.0869789127591307
MEI1,-0.6992263788022361
CPNE5,1.8498460710265687
ZYG11A,-1.1020907250926109
GATB,1.6901836057758235
MRPL14,0.16269502265728206
FUNDC2,0.12433956424588721
PET100,-0.22429676169977406
INMT,4.0970283191619
ABCB7,1.9432282147885922
CIDEA,1.210151773555524
TOMM6,3.4073422236128246
COX20,3.6780770459244057
MAGT1,1.7548015458483859
CISD2,2.791334528780193
BCAP29,-0.3897952637989889
BFAR,-0.8390495744863835
TM7SF3,-0.39713189007758654
CSNK1G1,-1.2852027680102462
MOB2,-0.9407713635092826
YEATS2,-1.3564403156620572
AC129492.3,-0.2249627200972131
DUOXA2,0.2644076707077914
ABCA12,-0.2422890355453347
ABCA13,0.284544985944569
DUOX2,2.0469089986027624
NOXA1,-0.4229676879202444
MMP16,-1.298365500808421
DIP2A,-1.0125924050362802
CCDC144A,-0.33034167354760546
BTBD18,-1.2261853391565336
FAM189A1,-0.8045758096345934
PCDHGA10,-0.753345447016963
SPTLC3,2.671476618352411
CXorf21,-1.0374157752072533
TM7SF2,1.4999022457440734
IRF2BP2,-0.7712720834567981
APOM,1.8618253869201233
PTPN3,0.12052909143617642
B4GAT1,0.5447519142554896
DNAJC12,1.7613835918004388
MPND,-0.1495870337602105
RMDN3,-0.42060874292289335
TIGIT,-1.0132671403830107
SIRPG,-0.9710495571868704
KIRREL2,-0.3993120532521424
SLFN12,-1.1905675845518529
SLAMF6,-1.0888392960649864
KLRC3,-0.6404727468315086
OSTCP1,0.6241524825646838
GIMAP1-GIMAP5,0.49062320187732006
LNPK,2.723873425912135
VMA21,-0.31536627278235013
ARSF,-0.6242068603751512
TMUB1,2.0664532303710783
TNFRSF25,-1.4594390100111876
TMEM42,0.4797548888384491
PDXP,2.142855608286742
CLBA1,-0.8966396020802734
CDKL5,-0.6703869837900128
HOXA4,-1.0285981224853342
KIF25,0.4684382429281645
CTXN3,0.2502711458417479
AFF2,-0.9824975320326045
TRPM6,-0.5966313207874475
RSC1A1,-1.401670588920131
MS4A13,3.6571376735213685
CRYGA,-1.0275745936870462
DLEC1,-1.1244652032438636
MPZ,-0.8468662423884374
RNF122,-0.9772565013787107
SQLE,2.4900867706344956
L2HGDH,2.7195138417058815
GGTLC2,1.7380992972352352
PYROXD2,0.9866646188911954
LIPC,2.5869749221092775
AMACR,2.4471022406836354
ALDH5A1,2.791769505154962
ADHFE1,2.945048218505947
CEL,1.1839044623613837
GATM,1.8375841854886783
MT1G,1.5787617483472913
PAOX,0.73420198693318
ITIH3,2.5226188655248585
GDPD2,-0.41427547112960733
EPB41L4B,0.02873689237288358
SLC35G1,0.06080544256242304
HAL,0.573794040761416
KMO,2.219874898272714
FTCD,2.1597595195166273
OGDHL,1.1687088816595759
SUOX,2.6454466180092235
ZBTB7C,0.5118700430643089
AADAC,2.104866753003223
ABCC2,2.893333810130455
PECR,2.4684959596043314
CRABP1,1.2005147504549882
PRAP1,2.235588701630956
ELP6,-0.2028663904349677
ELP5,-0.3053083205975589
UROC1,1.5750684935105195
AMT,1.935662008167679
KDM1B,-0.1781304293514
UGT2B15,1.0263645086152469
IL4I1,3.559847818792684
ADH4,2.242538641042425
C21orf62,0.7777664751933898
ODF2L,-0.9642391196719946
CRYM,0.007705289837547094
CCDC116,-1.3384809199272736
ZDHHC19,-1.068224663651108
IZUMO4,-0.9214404507031793
MROH8,-1.0228453172400807
TEPP,-1.2604839546608047
CTAG1B,-0.7069202818666149
C2CD6,-1.5301937431366919
HORMAD1,-1.5653510252923668
USHBP1,-0.5860607999818602
IGSF11,-0.9917830517988137
C10orf53,-1.1273401794096485
DSCR8,-1.1940674549870298
PFN4,-1.3684312047427125
GLB1L,-0.3737230648293464
RNF113B,-0.7532251655445074
TMEM202,-1.0518469528693473
OOEP,-1.3483070717706362
SPATA31E1,-1.3744962179565614
GOLGA6L9,-0.5813957177733454
C8orf74,-1.309217384582303
STPG3,-1.2182829580239625
C17orf64,-1.5124719001139317
VCX3A,-1.6110070876901221
KCNA10,-0.8918697177365887
MEGF10,-0.5016215424111204
RASA4B,-0.9125510553280335
TSPOAP1,2.4857954367057737
GYG2,2.9838489256210265
TEX45,-1.3002638889240807
TSPAN12,-0.5026030605866286
NLGN4X,-0.46201593416994147
RAB3C,-0.6324939908038362
UNC13C,-0.008889477658168507
GULP1,-0.9370077706104156
CCDC40,0.0927445711397141
CFAP53,-1.6064360300386953
SPAG17,-1.3842438344579118
RSPH9,-1.3073998417844155
DAW1,-1.784996021791243
TEKT1,-1.359989940215941
RSPH1,-1.1285978341666112
TEKT2,-1.3444131504048937
CFAP100,-1.4168111918345008
TEX26,-1.5111955673988202
DRC7,-1.7530712415984429
CCDC39,-1.176323497896246
CFAP43,-1.323518086632574
LRGUK,-0.2426639464619602
TMEM95,-1.2791147493520871
C20orf85,-1.017279631401037
CFAP52,-1.4246513135942633
EFHB,-1.1914501438856375
KCNIP4,-1.0199799906040905
ZNF462,-1.0644617059887078
TGDS,2.4253264283305707
ZNF280C,-1.2575943173014175
YPEL2,-0.03653592107870836
C1orf52,-0.556023448783428
UIMC1,0.6091570663355252
TANC1,-1.3499498706426853
EDRF1,-1.594119471761975
PFKFB3,1.6639890141635543
LINGO2,-0.850896405878914
SCAI,-1.1936255751250076
HILPDA,0.06322804781424134
ZCCHC2,-1.300865022363596
PCGF6,-1.2516975032747166
ANKRD37,-1.188858562380916
TMEFF1,0.09645078559093237
AHDC1,-0.9205127172512205
BCL10,-0.19245332073736754
CCDC112,-1.0311958008624846
LURAP1,-0.9888336718178312
TESMIN,-1.0932872245233636
PM20D2,-0.29063974131590936
REEP4,-0.5180864984792934
MAP7D3,-1.1070483583736894
FSD2,-0.9686986579297228
TEX9,-0.5937778850888599
CFAP97,-0.7655971996005349
USP17L30,-0.8374022948339821
USP17L2,-0.9103165040043332
USP18,-1.0501945771388745
USP17L28,-0.837402294833982
USP17L29,-0.8038576157332968
USP41,-0.868163067335567
USP17L27,-0.8374022948339822
USP43,-0.8865408687632738
USP30,-0.6072699846000145
USP35,-0.5801690653564481
USP53,-0.6717551626285031
USP51,-0.9689204187927517
USP40,-0.7468623653414035
CCDC110,-1.481889611519683
TBX22,-0.8116464887313879
EQTN,-1.352937765693817
CT62,-1.4548638868524741
MYCBPAP,-1.6856123534299055
PDCL2,-1.5238120004073594
C7orf31,-1.2673248825673233
ZNF165,-1.245035061726237
C6orf201,-1.5430894484792361
NUPR2,-1.4872705911028947
GKAP1,-1.2389967729704372
DEPTOR,-0.5520880880292395
SPACA3,-1.5494350538255375
MEIOC,-1.4215184302520938
LRRC3B,-1.1658469872984476
OSCP1,-1.0366227153921537
CAPZA3,-1.326298317644665
PPP1R1C,-1.1466988996273508
FAM220A,0.9659570641407911
NT5C1B,-1.0680084930800453
OR2C3,-1.2717126902643476
MS4A6E,-1.2510324133578778
C2orf73,-1.6414482410075264
FBXO39,-1.352340023875385
ABCD4,1.4508010092652759
FAM234B,0.050291827086692664
DLEU1,-0.4283772580916275
RFPL1,1.3096661428344134
ACSL5,2.083202125553157
ABCA7,0.20045827387744314
ABCC11,0.22833009306721425
ABCB5,0.22758986681982077
HSPB2,-0.4193937746936255
ABCB4,1.0736619125554223
MMACHC,-0.760065233186423
ABCC12,-0.10468659730225306
ABCA10,0.26425527202254645
ABCG5,2.1729412885508217
ABCG8,1.5743877106337842
ABCA6,1.0603224113325556
ABCA9,0.14178680224410625
MRPL44,0.9600119691701601
CCDC43,-0.604656413362632
ZBTB8OS,-0.3437517851219902
ELOA3D,-1.0396217035635944
TOP1MT,-1.0533566109808203
ELOA3B,-1.0396217035635944
RUBCNL,-1.23166031843652
PNMA2,-1.0792050817534273
RALGPS1,-0.6696756105495053
SHROOM2,-0.9023938834625405
NPAS2,-0.8357983037214824
FXYD4,0.09704016061123752
KCNU1,-1.4177412794843844
SLC9C1,-0.5954505950531448
HCN3,-0.15780887177480593
SLC9B1,-1.1399809119505484
KCNG2,-0.7911276073311566
SLC9A4,-0.3351112521708656
SLC9A7,-0.26003951322620983
SLC5A10,1.9154233763417023
KCNK18,-0.6135840776889258
KCNK17,-0.4612255266968051
KCNQ4,-0.780164603921665
KCNK15,-0.7574603221076817
NALCN,-0.6596048299496249
PNMA8B,0.23549830404118552
SLC4A11,0.1537893416866547
KCNG1,-0.9869406764687024
SCN11A,0.9876434610850151
KCNG3,-0.49002760931547745
KCNG4,-0.7693920844078029
SCN9A,0.9602750731898378
KCNK4,-0.7368670016109723
KCNK7,0.724364410409446
KCNK2,-0.5132646197935389
KCND1,-0.016548543533356764
KCNJ16,-0.48153163603815086
AMY2B,2.3102152134017877
P2RY8,-0.8537774928147899
SCN1A,-0.8071459341456418
PRPF39,-1.7734385993329445
SLC25A22,0.6495967664272256
CTSV,0.5610517766313355
HCN1,-0.6092402620582796
SYAP1,-0.015325915246351447
AKAP14,-0.812011668225726
SARM1,-0.5840370766822793
LYPD6,0.2746762301367007
LGR6,-0.8654056086919065
PPP1R3C,3.7532091587999865
SCN4B,-0.23290925518766575
RAI2,-0.61420087989459
SLC35F1,0.17290476345882905
SCN1B,1.3393557842489874
STXBP5L,-0.04168230094403121
ANOS1,-1.0813190620111417
KCNE3,0.029017986984702416
PSD2,-1.072006223833067
LRRC6,-1.2792570174203997
NACAD,-0.9874490034093321
TMTC1,-0.6738550464240737
KCNN3,-0.7852292708246097
TSPAN7,-1.4463512201623265
SCN7A,-0.5918175973538494
SEMA3G,-0.5690537791381314
PCDH9,-1.0662031158426841
C2orf40,-0.5402295560447428
HIPK4,-0.9461212358812314
SLC6A6,1.5637030801313165
SLC28A1,1.4228308581640126
MBOAT7,0.6771861759226498
AC004691.2,2.3755618109673464
LRRIQ4,-0.329279444798877
TSPAN13,-0.006926097803751156
ADGRG1,-0.8023612763958998
TMEM9,0.7236683230370753
FLVCR1,0.49089234335815035
ANKRD42,0.07928078858144684
MAP4,0.25618758273143805
ANKLE2,-0.8513552280969768
SH3D19,1.9049030220297725
PIP,-0.45862579727554836
EMC10,0.16984940643928367
KCNMB3,-0.9184095083186289
MAPK4,-0.9784825072488833
DHCR24,2.2581327281106276
ABHD11,0.341303549016091
DTX2,0.4610946335495076
DHRS4,2.3393355504355355
DOK6,-0.03959660066511395
VAC14,2.812435205522232
ACAD8,2.077844050755344
BOLA1,2.3984906374738992
GUSBP1,-1.0199001866497197
GRINA,0.19025605403491888
TIMM29,0.042057185932316984
HPS6,0.05601520608215445
VPS9D1,0.23229281840412422
SLC12A9,1.0923880181351422
MRAP,0.4930021404852554
MEGF8,1.0776652816489147
PRR5,-0.7082127829923804
ZNF580,0.8349770914553488
TRIM74,5.8295778854300675
LMF2,1.0735048820426536
IP6K1,-0.6613320148927263
KCTD13,0.4444028523484916
DUSP8,-1.0560582738071356
NHEJ1,-0.8499052341635261
ZSWIM7,0.03405446591406701
SURF2,-0.36967346878010626
KRTAP17-1,-0.7228401994981941
TMEM229B,-0.2146294067851466
RHBDL3,1.4372350791992963
MUCL3,-0.5343550118797217
MTHFSD,-0.6373516465294342
MSMB,-0.03620589786959417
DUPD1,0.3871055718602313
ANKRD22,-1.074184420688546
HMCN1,-0.7030315080504018
PLSCR2,-1.2349948008541893
CAPN8,-0.6097825980727529
TBX4,0.6275698301718435
SLC10A7,2.277710068901785
ATOH1,-0.2779670944007867
EFCAB11,-1.3721680502226665
GALNT18,2.9177521374855644
ZNF850,-0.9681597473921449
SBSPON,-0.6041056862382761
SEL1L2,-0.8725989441148362
ZNF469,-1.0980160081785637
ZNF578,-0.5598265687730898
ORAI1,-0.5374696120663658
CNGA1,-0.8588692024160348
ACER2,0.057592945702501966
ARMCX3,0.018824216422305258
SPHKAP,-0.9244960507067307
RELT,0.03640927711337227
PDZK1,2.311005849198576
CH25H,2.4152841801179132
AKR1C3,2.827675900399015
PLPP4,0.2724186494538645
IER5L,-0.6434232637626165
SOWAHC,-1.053469653707666
ASAH2,0.49473040044368877
AIF1L,4.0006552994940545
TRAC,0.9775531019515836
MBTPS1,-0.6331441078609658
TRBC1,1.0484709429983767
SGPP2,0.6435884357752052
DGKH,-0.2836856249691529
DGKI,-0.7131437827738925
KCNE4,-0.9850553144828127
CXCL14,-0.9706570451331985
ANGPTL1,-0.5305064475218639
ACADL,1.9224218206437438
PCOLCE2,-0.9236410918281275
MRGPRF,-0.2215247036663406
C1QTNF3,0.42008848816498107
SLC39A12,2.6929725833894134
SLC2A6,1.5098299441145613
ZDHHC6,1.669335271023142
TMEM138,-0.015562341624614603
H6PD,3.7057387179320282
GALM,9.395449060739542
C1GALT1C1,-0.3754899502385852
G6PD,11.28031857130777
ZNF655,3.1475057451232886
UBL7,-0.2555626201323567
FTO,0.9341134948111084
SWI5,1.84509504674927
CUEDC1,-0.2768689876556292
CHID1,0.1262942083923885
DEXI,0.47176403994525706
YIF1B,0.5384410235094984
MIF4GD,-0.36902542442962966
C1orf50,2.068016639854351
VAMP5,-0.9307526460189693
NRM,3.210884592879678
VPS11,0.4519912944750753
TMEM205,0.076523639558056
THTPA,2.1233756753287674
PKIA,-0.858058233948574
HDHD5,1.2703303437195983
ACOT13,2.2313543489479564
DXO,1.8490614607148779
APOBEC3D,-0.867567944006527
METTL3,-1.4020277332531321
SEPT8,0.9387560680080401
IL31RA,-0.11640821952636875
MRPL38,1.008162381958838
SESTD1,-0.322956263021412
RBM24,-0.8202726226374488
RBM20,-0.5052976443420262
BSDC1,-0.9198419460848031
ZBED6,-1.495200868758318
C9orf72,-0.9802031793258417
CPEB1,-1.0022287532018825
CPEB2,-0.5899592686031003
C21orf91,-1.1301035799219623
C11orf98,0.32188593078356054
FAM184A,-0.6353073361565122
GAN,-1.247286739178381
GBP5,-0.7782025172643399
METAP1D,0.006414550708523656
NEURL1B,-0.8057888970818161
TACC2,-0.7214824433180268
USP6,-1.59478555366642
C14orf28,-0.6102011228574162
FDXACB1,-0.12254909021994695
RBMXL3,0.6738692332792035
SEMG2,-0.3194321737980048
DAZ3,0.34178887137550223
DAZ1,-1.0735557770943387
DAZ4,-1.1056815056981995
RBM44,-1.0369517740198624
KHDRBS3,-1.0974517678784899
WFDC3,-1.459312688681731
EPHA6,-1.4544238105015816
OPN5,-1.4668047169171363
CCDC185,-1.6094416278635557
SPDYA,-1.386027585659016
GAB4,0.8958882478713078
GALNTL5,-1.1011307027082142
TPD52L3,-1.1664702870172128
C4orf45,-1.4944663622494354
DAZ2,-0.9083397029941642
RBMY1J,-1.1326075301157317
RBM11,-0.8273564196432843
RBMY1E,-0.5531845830951859
ACCSL,4.052934203216783
ARMH1,0.45270290597666185
CNDP1,1.3221922862408264
ETNPPL,2.6260016949623943
DDAH1,1.8558824813413124
SEC14L4,-0.28760512121519183
HSD17B14,2.0748378587415304
BBOX1,1.913794906966239
KYAT3,2.984613456870429
GOT1L1,1.5869239761351346
GADL1,4.387964140382393
FAHD1,1.9561482075824055
ACCS,3.3266015737565624
CARNS1,0.30617968537915025
IDNK,3.0091849276776017
PHYKPL,2.6005410517024217
BEX4,-0.8629709413166556
GPT2,10.03917428478592
CDH20,-1.1802884820457424
FRK,-0.8134782466615397
CDH23,-0.8833060115323332
CTNNA3,-1.1179211095622898
PCDH10,-0.8519557316357848
MFAP3,-0.6872968338462473
ANKRD26,-1.6433910887082717
TULP4,-1.4909479470698113
DLL3,-1.3895281039000758
PIGL,0.9680825957737642
GLYCAM1,-2.17447652147215
FAM98B,-0.5428046163298209
CRYBA2,-0.8511374806600753
ASIC4,-0.7420524506521375
ZC2HC1B,-1.3058707909308962
FRMPD1,-0.7760237399983082
EFR3B,-1.1357965085786559
TSPAN16,-1.3383961603779027
ONECUT2,0.30194500195029006
CADM4,-0.9313068870263495
CNBD2,-1.428054113084468
SUN5,-1.3543495941265038
MATN4,-0.2438598143550301
MOGAT3,0.18263469482339278
DEFB129,-1.2150845611217216
LRRC72,-1.4301442275964054
APOBEC2,0.5365406133872249
AFF3,-1.0299929186453987
OXCT2,1.260106913801189
PDE3A,-0.9361839675731846
ADAM22,-1.376493971920929
ZMYND15,-1.437777655392591
NPAS1,0.8999760249349531
PDE6A,-0.6469074802581467
POU3F1,-0.6679072880393311
FAM166A,-1.5628620106728592
RDH16,1.993434671195521
PRH1,0.6960397097543086
FNTB,-0.7691346607926224
SMIM23,-1.3896469946140089
ADAM7,-0.7744290177167747
PRM3,-1.335710449728559
SLFNL1,-1.324440971838493
FAM83E,0.0377274644249889
KIAA1211L,-0.8573312261840625
USP19,0.22149845470954932
CABP4,0.2603444559567827
NRROS,-0.773514845065602
ARL14,-0.8028232821067149
PIP5KL1,-0.622832550673049
RRAGB,0.787006915726646
CPQ,1.5496160230348834
HNMT,2.733697333095279
SFTPD,-0.8781715332366968
SIGLEC14,-0.7844676996123975
TCHH,-0.992012609030877
ATP11A,0.26218721562701874
GRAMD4,-0.5052441769489211
IFT22,-0.9525678476365362
IFT20,-1.059132939702758
UBXN10,-0.3459852017812431
TTC30A,-0.9780224928217569
TTC30B,0.3649826439087939
WDR60,-1.0804600032435878
WDR66,-1.3141030883413671
WDR53,-1.137142997440287
TRIM59,-0.6995488810653321
IFT43,-0.4168097675491569
KIF3B,-1.2752274243051664
IFT52,-0.9640773924797137
SNX33,-0.8566861482414658
TRAF3IP1,-0.9876252251477498
TCTE3,-1.1394663497404254
TTC8,-0.8742841933588581
BBS7,0.19568282256170147
AL136295.3,-1.0247508336228637
DCAF8L1,-1.0053249508277085
IFT46,-1.113475829109071
TTC26,-0.9844263645505171
PLXNA2,-1.0084190833337685
WDR91,-0.7691808287747925
IFT122,-1.1980830643646476
IFT81,-1.1291995071446923
IFT172,-1.2769087701065807
TCTEX1D1,-1.0601732549224514
C12orf54,-1.1221052312424458
C9orf50,-1.470762872453053
TEX47,-1.3350340126024611
GOLGA6A,-1.4370123008339102
LRRC74A,-1.2041358292847864
MBD3L1,-1.490179509554778
GGN,-1.2252016070332155
ADIG,-1.5363550934472263
CDRT15L2,-1.0702815500969154
FAM181A,-1.384676142614403
FAM170B,-1.452067309313898
GCNA,-1.1265565839083937
CXorf38,-0.24906823779886733
CFAP70,-1.0290933256090773
FAM160A2,0.07805640846553294
PKD2L2,-0.23381710894201185
PKD2L1,2.1497345790591957
CCDC148,-0.5680674906283766
WDR63,-1.304552260640963
IQCK,-0.7908346128948437
EEF2KMT,-0.2298437586162666
TTC12,-0.5630617833510873
CASP14,-0.6345317857470417
SAYSD1,-0.7556210132999666
NKX2-2,-0.18919910846191612
BBOF1,-0.3935975953575054
IFIT5,-1.701843535732434
NEK3,-0.5004807023970946
CCDC121,-1.2761520387734644
BCKDHB,2.501157857480146
TTC6,-0.7934513296145852
KIF9,-1.1880688630606049
KIF7,-1.403078803669411
IFIT1B,0.7579648813572205
EFHC1,-1.0339610612369432
TBC1D32,-0.2518927296383469
BBS12,-0.6274633868086321
TTC36,-0.4714778638159171
CCDC181,-0.8605157354529245
DNAAF4,-0.9064358819569944
CDKL3,-0.7834347385549649
CCDC146,-1.1498686295118643
MOK,0.18935333627230128
CFAP69,-0.046522837041164326
FANK1,-1.828528030700715
BBS5,-0.4865931647928071
HCFC2,-1.0960453292561432
BBS9,-0.9381042094913388
BBS1,-0.6656634900263538
BBIP1,-0.9033674779415163
TTC21A,-1.1676840310549192
NR2C1,-1.2738130738475626
TKTL1,2.6106523599803695
DOC2B,-1.1787651759405544
APOA4,-0.017384835813243953
APOF,2.309447566421591
LCN1,-0.9166850486803528
LY6G6F,-0.4585708116794359
SLC17A9,3.1799021099739213
GCSH,1.0059345736725034
P2RX3,0.7786519102217424
FOXRED1,0.9948081773794518
PFKFB4,2.5903031710452766
FGF21,0.6267687717841113
TMEM217,-0.45405961312377063
TNFAIP8L1,-0.4540596131237984
CINP,-0.2930184176359097
FAM200A,-0.8900374844707811
ZNF789,-0.9615383922315136
BANP,0.4873789499255393
ZNF718,-0.4196916174262693
PNMT,3.4387719569611552
ZNF394,-1.0157336747750931
PSKH2,-0.2561376498875324
GSX1,-0.9759621056154592
SIM1,-0.9827878954210503
TGIF2LX,-1.0165632847556523
IRX6,-0.8342787213053285
EVX2,-0.8505205336230427
NKX6-2,-0.7608275315829632
TPRX1,-0.8945639880528135
DBX2,-0.449824495280424
GSX2,-0.9205408911860521
DUXA,-0.6119903934937163
LEUTX,-0.7191441274842434
RELL2,-0.32972852091413685
APOBEC3B,-1.0622080886021485
TTLL4,-0.7927258337603742
TPH1,3.137268114272868
TMEM177,-0.021637860380377117
TMEM171,-0.26321622512608767
ZBTB8B,-0.6613149949930048
ATRIP,0.2540370668971274
CCDC138,-1.2834191453292627
CCDC18,-1.1638655598042855
PLCXD1,-0.6947681017577629
DPPA2,-0.9760723974114371
FAM111B,-0.8776830886790525
SREK1IP1,-0.9851395143807332
MGME1,-0.954890163429166
TEX30,-1.5689489952881526
ANKRD36,-1.7365440887539048
PELI2,-1.1864306886862075
LMO3,-0.41635411514554244
TOX,-1.7823418074693689
SPZ1,-1.4142382211313849
EPYC,-1.1553394411983595
GLCCI1,-1.161931275323166
PAPPA-AS1,-1.2229201935754688
SPANXN3,-0.11705713145946278
FOXO6,-1.1327907762824685
FAM76A,-1.38454694336751
CCN6,-0.5445796675761145
GUCY1A2,-0.7521950507976808
TLR10,-1.5794690215800733
AL355315.1,-0.8834458435996987
TUSC1,-1.0189382171522428
SPINK14,-0.35930528276121765
FSTL5,-0.5417741277707194
SLCO5A1,-0.21095185760896223
SPINK9,-0.3679321591742481
WFIKKN2,-0.4680492841044013
SPOCK2,-1.467687957838455
KRTAP10-6,-0.7848192123931056
LRRD1,-1.2317386824457635
HOXD12,0.22039289908387968
ZGLP1,-1.1824218606569024
MAGEA8,-0.81438461941217
FOXN1,-0.13139837644335603
ATG4C,-0.5642561688520852
MAP1LC3C,0.16349668742047366
ATG10,-0.6430596227603692
GSTA2,1.9939783267421427
TUBAL3,-0.09057019765241771
LRRC14,-0.281248045095363
SYNE3,1.2542171702685174
FYCO1,-1.0216830640358077
TECPR1,-0.5683398348845434
ATG4D,-0.28702519607918026
VPS16,0.5228994891238252
BOD1,-0.7872741180723294
C1orf220,-0.6434839230613356
ERI1,-1.1342535863546481
FUNDC1,1.1123134546959892
SLC25A43,-0.39156393053943633
MORC4,-0.27978577572312074
TMEM164,-0.48850196433476767
THUMPD2,-1.175025299506286
N6AMT1,1.9046076031794115
METTL2A,-0.4430314563270746
NDUFAF5,1.1306056472115842
TGS1,-1.1429821977270764
RPAIN,-0.1009998033460568
CDH22,1.731687379023277
PCDHGB3,-0.5979342257224963
PCDHGB7,-0.6382207524792888
PCDHGC5,-0.6919800138079747
NRXN2,-0.9198936473103924
DCHS1,-1.0613638512022414
PCDHGA8,-0.8639364608165734
PCDHGA3,-0.6442315972065935
PCDHGA1,-0.6874567334834896
PCDHGA6,-0.6544493056406339
CDHR1,-0.8814305527696733
PCDH15,-0.6900072289527268
FABP6,2.399361921439527
PCDHGA2,-0.6520652908885458
CELSR1,-0.8279185725050516
PCDHGA11,-0.6228944028255623
PTPRH,-1.0256792910220893
GPR42,-0.5451841611858013
GPR75,-0.8139455462072234
GPR78,-0.6048135452249042
GPR141,-0.08962928224358542
GPR88,-0.9903151979121413
MRGPRX4,-1.2529356748238099
MRGPRX1,-0.8649172966037431
MRGPRX3,-1.0062762558879923
MAS1L,-0.9516027055127702
MRGPRD,-0.6893734286847254
GPR39,4.214607361192047
LHX5,-1.3089336803795717
TPSG1,1.4375379228859717
FERD3L,-0.4888395623122022
TRIM46,-0.8926582848668879
CUX2,-0.6295870566737329
ARHGAP33,-0.8086335794982398
SLITRK3,-1.2207880610952246
IFNW1,-0.4085782900880249
HOXB2,-0.9488960744634174
FAM153A,-0.5417890646249259
ATOH7,-0.8548243339998892
HOXD11,-0.9770032425539825
MYCL,-0.8134410710344001
MYT1L,-1.042810956216592
FOXB2,-1.5714679574321668
NR4A3,-1.2332292070358033
EBF2,-0.846003267801674
HOXD1,-1.3182796680271494
GYPE,1.994761609847778
VSTM2L,-0.1628093734915599
TBX1,-1.1735735861609113
PIEZO2,-0.24751874416942082
ACOT11,0.21476442112311536
HOXC5,-1.2789870933705487
ASIC1,0.7010581916406418
KCNK9,-0.8936617824825663
SCMH1,-0.9918829829914831
PHACTR4,-0.7700689350978805
CAPRIN2,-1.0412275692639992
BRD8,-1.4949706597934782
JADE1,-1.3880764527125686
PTPN9,-1.0561742246050911
HMGXB3,1.3446990749652947
DIS3L2,-0.8126545897415399
HECTD4,-1.5117636346987855
MICAL3,-1.2017571102682134
PHC1,-1.1178471780038715
PRRC2B,-0.01954356926455166
RETREG3,-0.8144055694648467
SLC30A8,4.250484354808115
PARD6G,-0.8589435793853258
MAGI3,-0.37329855501124276
ANKRD45,0.6894293455885654
LRRC9,-1.335163939884895
CCNO,-0.9901903174587042
ZNF215,-0.7615478798512935
ZSCAN5A,-0.7827060792449799
ZNF628,-0.5416491644377573
GLIS3,-0.8831282000729886
TJP3,-0.6306853543490418
SLC22A12,1.3763192968973135
LRRC52,-1.262246208190312
SGSM1,-0.8677397686821899
PPP1R42,-0.9085532658801023
ZSCAN31,-0.8353671641643872
PPCS,1.0552526774365447
TGM5,-0.6505614550171978
SOX15,0.736815270457693
CLEC17A,-0.3124323899546451
PSORS1C2,-0.019653180645601728
STOML3,1.77936661865907
SCGB1A1,0.443095391850955
KRT81,-1.1300160384964044
CRTC1,0.005261547882096657
KRTAP2-2,-0.658780226006482
PADI1,0.25593676267192683
ORM1,1.9266328775127468
FAM20C,0.034102353665721764
PRG4,1.541355193864002
GHR,1.0262779104112614
MT1M,0.37196710603332556
CFHR3,1.7662560496700688
CFHR1,1.6919070778432193
F13B,1.9971720646147049
C1RL,-0.06623974054941525
A1BG,1.6130230235393743
C8G,2.724763834667036
CLMP,-0.23419219145790646
MRC1,0.6150439858548381
SMIM1,0.5315865516496996
MBL2,1.2799021367983112
LEAP2,2.3710660186566908
EPSTI1,0.19337166629484356
SSC4D,0.2706857180775005
CFHR5,1.6255737279199898
SCARA5,0.014288181705968508
LOXL3,-0.5323602776876352
PGM2L1,2.9717167209799036
DUSP22,-0.18240247144670926
NADK2,2.0562338774352598
GK,10.020818451320176
IMPAD1,-0.569231682240041
SMYD3,-0.622360004338415
ACPP,-0.2392665080235339
ADAT3,0.035769687029587445
ADAL,0.1527412505831575
NUDT4,-0.12918396796570294
AS3MT,0.01580720245113604
SRXN1,2.581197849664049
NANP,0.1095452386528327
TIGAR,0.3259787208752862
RBM48,-1.0251028948822036
NT5C,1.3651468881615694
PRTFDC1,-0.3274836087513929
ZHX1,-0.5886009012791896
TRNT1,0.4296737393516358
LHPP,1.0462460512572005
NT5C1A,1.096200665988014
UPP2,0.570085834767239
ULBP2,-0.4265838892911579
NT5C3B,2.096009071767766
DUSP2,-1.5662175974125854
PTPRT,2.3195424607690676
PLIN4,1.785175663883384
ANGPTL5,0.13792811700567512
PRSS21,1.622841294036422
AL645922.1,0.6742506177991934
SRD5A1,1.920618469150018
LIPE,1.1824770100634117
RGS10,-1.2128942623157035
PXDNL,0.4987569376797123
DUOX1,0.9827320783134781
PHF21B,-0.6415711295342785
OAF,-0.22013023243567814
CLDN4,-0.48811996626919507
GDPD1,2.1845695715954383
OR5P3,-0.767910638273284
TAS1R2,-1.1299623185316179
OR5P2,-0.7215363393516825
VN1R2,-0.9454985030009142
MEIOB,-1.0638464553696478
OOSP2,-1.3595529511076283
TP53TG3,-1.6244322251617462
MAGEB6,-1.2452494473434976
MDH1B,1.1592247428254179
DERL3,-0.2936432407090297
RTP4,-1.1644737537700525
DERL2,0.13734226611698747
TYW1B,0.197239345400431
MOCS1,2.4571395279025894
MCPH1,-0.9114333900409726
YBEY,-0.2774216179282794
LCLAT1,2.026695697046351
MBOAT2,1.1932406794894
TYW3,-0.6020912886902252
CNNM1,0.6598081339229086
CNNM4,-0.32606419561741884
TMEM237,0.5887245424990029
POLR3H,0.7415038311105747
POLR3GL,-0.5954329075960477
LOC101060521,-0.48261525819061735
DTNBP1,1.3995973242773219
IL17B,-0.41337830943708087
ROM1,0.3710230343357742
PODXL2,0.6148749994824392
DOT1L,-1.3660857239643809
PCBD2,0.23507678975900254
LMLN,0.41611142213267494
FAM9A,-0.8887091788004396
SCML1,-0.7797421221344834
MTERF1,-0.8629720089458535
SETD6,-1.3223511918972606
RILPL1,5.072631964289777
GOLGA8A,1.3146014351641173
CHD7,-1.9133317496463285
MTRF1,0.32593737578485643
NCBP3,-1.3460580320963405
COMMD1,1.5982192653715472
ATP6V1E2,1.9292329729231827
TMEM199,-0.2238573795567077
CCDC115,1.8382145199063493
TP53TG1,-0.4088405918413942
COTL1,0.03947042663802245
BLVRA,2.2453079905482034
NME6,2.3494172584842454
TMEM167A,-0.6921493024154202
KIAA2013,-0.05087047618349614
URGCP,-0.46217009655525054
CBX6,-0.2559653489650365
STOML1,1.085761597194383
ADCK2,0.7078711118405591
CERS6,1.20501843348826
UGT2B4,1.872885850903842
OTUB2,-0.5214642324973017
THSD1,-0.6445390086851719
KIAA0513,-0.65829202752434
HACD4,-0.21231060507938548
ADAMTS4,-0.4705952898661517
ADAMTS3,-0.819297735417059
ADAMTS8,-0.6562987849983231
SEMA5B,-0.4696415256356551
NOD2,-0.988596494234263
PADI2,-0.3943885011965992
RGS18,-1.1450975143727076
ADAMTS13,-0.3118016323312652
ADAMTS14,-0.6932538528124456
ADAMTS17,-0.5751744791216423
ADAMTS16,-0.483532570467399
ADAMTS18,-0.45024881594927985
THSD7B,-0.5579106233645877
LRRC25,-0.4375728220504977
ADAMTS15,-0.5827280175256074
ADAMTS19,-0.4582798532703473
HEXIM2,1.7586256317547388
DOK3,-1.0753465664209336
DPY19L3,2.4680469901381747
SMUG1,0.85318448248797
ALKBH4,-0.06978000146233382
NUDCD3,-0.2106972017116359
RFT1,-0.2395602246241298
SLC37A4,2.455708397048943
THG1L,-0.4575365805910466
ANGPTL8,2.173084054685524
ST14,1.8680721532677445
SLC40A1,4.208040429551569
FAM174B,-0.22741739692688798
MGAT4A,2.360321914799627
GALNT6,1.785349867362657
FAM168A,0.6597586169943566
SMCO4,1.5589074325900156
PNLDC1,0.27466012247011473
MSRA,2.6163349656569492
SLC46A3,-0.45307725634391804
LAMTOR4,0.17021649473622552
NLRX1,-0.0042269414312226285
CDH24,-0.8044868981570917
CDH12,-0.9082960963398874
CDH9,-0.9390369572634802
FREM2,-0.5474105988684762
PET117,-0.1184819121196302
UQCC2,-0.1812523110802332
FGGY,4.539245286788437
SHPK,0.9874444457915201
GK5,1.4882898333734105
XYLB,4.119507766123795
MIXL1,-0.9229887426306609
ZNF74,-0.3820104757816249
PLEKHH3,-0.746991443060439
FAM110D,-0.7790870973462963
SNX25,-0.2922798926643747
MAMSTR,-0.8722878090215552
HRK,1.2000358095276042
TMEM102,-0.9192264630595831
THAP11,-0.9982512462634338
ONECUT3,-0.3078356996106197
ZFHX4,-1.3393244494801193
FAM185A,-0.7219760222446353
PRDX6,-0.651029019288802
MACC1,-0.023647219033085427
SFRP5,-0.8566726076119747
DNAJC17,1.2174123673607478
ZNF169,-1.168319229928674
SLC26A1,0.08699926874199239
TCL1B,-0.6487411323593422
HSD3B1,2.656897105584469
FOXE3,-0.9596517852214045
NENF,2.06079625629267
LIM2,-0.7020559824702989
MAGEC2,-1.2639153238935812
GTF2A1L,-0.8070012127338124
AMBN,-0.7570065669980348
UPK3A,-0.6353991729309134
ISL2,-1.0264496611564824
VAX2,-0.9047586459258564
VAX1,-0.9763066592110368
RGS11,-1.039070370926841
SAGE1,-0.31365970648302
HLA-DRB4,1.8956532104843782
VWA5A,0.24220665826858107
SAMD9L,-1.2517300663533695
TRIM34,-0.8668182869724771
SAMD9,-1.28625108708311
SFT2D2,-0.2121417582245359
SIAE,-0.16197471495723437
LILRA5,-0.2004719249996719
HLA-G,-0.7833532008768576
NINJ2,-0.6584053003660364
TNMD,-0.359193466733719
HOXD8,-1.158576914118112
HOXC9,-1.16657420110804
BCDIN3D,-0.11589137441208905
PSMG3,0.6958675728735997
HOXC12,-1.0234973370485865
HMX2,-0.8879727848686184
RAVER2,-0.5876314491852742
WNT9B,-1.2586377977734196
KRT36,-1.4391695427941906
LHX6,-1.0517789276000507
CASS4,-0.7614620346928535
CAPN6,-0.6425090543386198
IRX2,-0.24479811908710433
BARHL2,-0.8249665594486774
HOXB4,0.1276362828696944
HMX3,-1.023915456106358
SMR3A,-1.07165515899365
WASH3P,-0.09769487491694841
HDX,-0.5988871084516968
ARGFX,-0.6756621216810058
SLITRK4,-0.4033079329852731
SCNM1,-0.576307518734921
UNC93B1,0.5189075033435852
TLR5,1.4827464746486818
SELENON,4.227635514651239
CYBC1,-0.37646187638591155
CTC1,-0.6853553498550632
ERO1B,1.0245283802270795
FKBP11,-0.4321293162504451
TNIK,-0.722660559156351
MAGEH1,-0.690624591928494
GGCX,1.3625916469523869
PFDN6,2.354950194888331
MLXIP,-0.5853553857889894
CNPY1,-1.209125239153433
NKAPL,-1.3170478891722504
HBD,2.8328503223694286
IPMK,-0.4598050251872877
PLCXD2,-0.9957117361691948
PI4K2A,0.40587442543285307
C2orf70,-1.4906190418646648
ARHGAP28,-1.4770312474188765
PIP4K2B,-1.0971971014146924
AC007192.1,-1.2250071794078548
INPP5A,0.3650958725826721
SPEM1,-1.4984476099642459
DGAT1,1.5259520165859353
DGAT2,1.9021127049627362
SPACA7,-1.4508074456513302
PLCXD3,-1.2568197580181266
EFCAB3,-1.3387512759915532
PLCD4,-0.8981166112238284
PLCD3,-0.7358094524279649
RGS17,2.3015615145382733
DGKK,-1.0371807300169635
WFDC11,-1.302693642738291
CCDC172,-1.3099359835067077
UBAC2,-0.18106017481692302
SELENOO,0.15126287700603386
EDEM1,-0.8641386513808981
NUBPL,1.7495053550934505
SVIP,-0.12102273137687525
NUB1,-0.6355223069593479
HSCB,2.5861057220267964
USP38,-0.9097048974839893
ZFAND2B,-0.5355338196650195
AC018523.2,-0.46923639176321263
UBXN2A,-0.2601576074751591
UBXN8,0.04104794692649611
TMEM62,0.11717630376629452
ANKRD54,-1.1108464196273706
OSBPL1A,-0.8705811420685949
PPP1R27,-1.0508331140980136
ANKRD29,-1.180382391416968
ANKRD61,-1.076690726281166
ANKRD65,-1.0840563315590734
ANKDD1B,-0.8840442575899791
KNDC1,-0.6785981944866066
RAPGEF5,-0.9592845014869872
SH2D3C,-1.0642438888579324
RAP1GAP,-0.09434586034579495
RAPGEFL1,-0.345311781094477
RASGEF1C,-0.5559184065089937
RASGEF1B,-0.8665965080609621
RASGEF1A,-0.8740380102660945
SPIRE1,-0.769738539603315
SPIRE2,-0.4419436020443835
DGCR6L,1.1925913185828834
ZC4H2,-0.5935561394334617
SYTL4,-0.37448476979698214
RAD17,-1.3291415622102294
ZXDA,-1.300853776768116
TUFT1,-1.2024439424914763
NCKAP5L,-1.065846850517343
TCP11L1,-0.6914687228716201
ZNF720,-0.27119263762673623
PANK1,1.8668526497129723
ZSCAN32,-1.0614661029875925
ZBTB26,-0.6998491248627438
ZNF75A,-1.1661175762789322
ZNF75D,-1.274992306682656
DDIT4L,-0.7698351496757717
NT5DC1,1.4898560621693997
SNTB1,1.9516670247644097
PKN3,0.4719784045167231
ZNF786,-1.020391533037089
ZBTB39,-1.193638909188125
ZNF740,-0.740898964712656
DTNB,-1.2134510696569298
VIPAS39,-0.2885132658726959
C17orf82,-0.3034382497068635
DOK4,1.7089319217308672
RTN2,2.4466987970934473
ALKBH7,0.2514371285789113
ZNF777,-0.963598889331673
MCRIP1,0.3391368924462605
METRN,0.09719910442727159
MOSPD3,0.8770492876140636
SAMD1,1.0734344254384895
PHOSPHO2,-0.23267791929746898
AAGAB,-0.11391907501859433
CCDC32,0.20786219033442818
KLC3,-0.11861572651546005
NOVA1,-1.1125763790194168
TRIM58,2.838016352093922
KIF4B,-0.6993317306921916
HLA-DRB3,2.0843519476670718
WDCP,-1.0410754213959301
PRICKLE1,-0.8367695645823138
TMEM35A,-1.03676729521954
LAMP5,-0.6809377347227182
HAPLN1,-0.8465211709008585
MAPRE3,-1.4051225765567972
KIF26A,-0.8444166247014366
ST8SIA3,-0.5707910430652331
OLFM1,-1.0926585006130631
FAM171B,1.5192311839473158
ZNF365,-0.6232557208480006
GRB7,-0.7397720153303491
RUNDC3B,-0.8163216015980387
C4orf19,-0.35896465933513566
PRR15L,-0.5467557879435978
ICA1,-0.43978460237326633
CLDN7,-0.842102433675979
ANXA9,2.6558126859201394
TFCP2L1,-1.0695132287870384
CAPN9,-0.7399361563665887
AGR2,1.5073441786373933
MLPH,-0.5433163789928488
PLCL1,-1.1387751493391929
PIP4P2,1.444624569589208
ANGEL1,-0.5489244084794506
PDE12,-0.3057418992581438
CYB5R2,2.1159807077107367
INPP4B,-0.5451195619313772
AC138969.1,-1.034789771875353
PLEKHA4,-0.8793908658854758
PIK3R6,-1.128479233874232
XKR4,-1.1423419275102846
SPRED2,0.6313653724974565
ARL14EP,-0.641942117276811
GPS2,0.7562306787501132
PER2,-1.0283767601735765
ARHGAP22,-1.1252715762349106
MAFG,0.3676990782092031
ERG28,0.9400613995986493
HPGD,2.326568953697842
ADO,0.14364521649271864
C15orf40,0.4901534305481242
ALS2,-0.7135212533928842
DIO2,1.3839101571003547
SLC2A11,1.4110016365427005
BSX,-0.7522378414806501
SMCO1,1.5685599448861642
PDCL,-1.2313335084419939
HNF1B,-0.337391026277798
ARMCX1,-0.5147236667010281
AC023509.3,-0.3838673621643778
NPAS4,-0.643100147361259
ULK2,-0.7961594699572255
MBD5,-1.2434496639375654
MAMLD1,-1.0042138374334477
RAPGEF2,-1.7669775036666093
MAML2,-1.07656458543343
GFRA1,0.4411944975639789
PSENEN,-0.6492434993847747
MAPKAPK2,0.5023729993079109
C2orf49,-0.7500172480546478
SPATA2,-0.7921726309834678
NKX1-1,-0.44266885053098226
LBX2,-0.6070638829254349
NANOGNB,-0.981310474192228
KANK4,-0.8548018100700666
TSPAN1,-0.5244575603232581
CCNY,-0.802733672528479
KLHDC9,-1.1401055705002063
DNAH2,-1.2605396693962652
CCNI2,-0.356188374860965
C9orf116,-0.9366485305571242
CABLES2,-0.45548826382187063
ZNF620,-1.2015534891807174
ZNF552,-1.1614799093275272
ZNF724,1.1332335960960582
GRB14,-0.5792475356671767
KIF16B,-0.983342942282777
RADIL,1.4577377279713548
MTSS1,-0.9690527532823181
MARVELD3,0.17140776658691018
PTPRB,-1.4210904314250152
SYNGR3,0.26037762857380486
PAIP2,-0.5674954568837944
TRIM16,-0.4862031503200173
TRIM16L,-0.44777935708444444
FRMPD4,-0.8147339529928477
TRIM47,-0.6056705747144094
TRIM65,-0.5534951232790059
FSD1L,-0.5679970877255405
NUDT9P1,1.212768758796734
TMEM120A,5.614029217576489
ENKUR,-0.8146801325839832
LONRF2,-0.7136599615294411
RFPL4AL1,-0.2689448520505585
RFPL4A,-0.8765516917882511
FAM71B,-1.3688352178678342
PTCHD1,-1.0648520632710265
H1FOO,0.07179027926550195
SMIM21,-1.3969875582321802
FAM122C,-1.6962409874085502
OR8D1,-1.2492542047443294
DEUP1,-1.6995811899369229
ANKRD31,-1.3135050393316587
LIPJ,0.11428197065723684
AK8,0.5958057779553424
CNBD1,-1.3122031761645832
DISP3,-0.34333344868656385
SERTAD4,-0.7053203990015501
C7orf61,-1.128971078023764
MRPL53,-0.4826277050179932
RFX8,-0.06667111654069433
RFX6,-0.7446815005950397
CYCSP5,-2.0724254193909633
PRKAG2,2.5961287301061367
PARP15,-1.1359775944346875
CMC4,-0.44032730161059463
MRPL52,-0.47575296619243046
RETREG1,-0.2453944006057484
PELI3,-0.11229607236295375
C19orf18,0.95868540747474
OR6B3,-0.7869003346262406
SPRED1,-0.9734330960292289
KLK9,-0.32079153321897574
FAM122A,-0.20245218893548106
MSL3,-1.249760542684083
SPRR4,-0.8240379268756141
MSLN,-0.31705183914449203
SH3RF2,-0.6471785312173356
TET3,-0.6340621552958404
TPMT,3.469007676522808
PCIF1,-0.3195174944446409
TRIR,-0.6815244754294192
ITGB1BP1,-0.5409221603549647
RUFY3,-1.3661667592751372
TARP,0.9586854074747554
GPAM,1.9808651075319328
GSDMB,-0.09695094174570731
ORMDL1,1.5219620734857016
C3orf62,-0.8165557630878987
DTD2,0.013080705476602625
ZSCAN1,-1.2606922803457563
LOC102724023,0.04698464189154623
FOXS1,1.9808717548061041
ZC2HC1A,-1.07461467658332
SH2D1B,-0.7117672571417649
DENND6B,-0.3286564706040246
DHX58,-1.2622258091651948
ZNF385B,0.3029492613101247
ZNF322P1,-0.8402036531604623
CATIP,-0.3967166915035289
GUCD1,-0.32745972370913834
ENKD1,-1.3942002425479605
C14orf93,-0.3790206549388086
KIR2DL3,-0.5162212614200556
PRICKLE2,-0.8223009525248761
C19orf33,0.1637684685931339
RD3,-0.9208918267262002
HAVCR2,-0.9700903204738661
ARHGAP24,-1.222289256085711
MRPS6,-0.2849920020241138
KIAA1841,-0.16480628712818496
NKIRAS1,-0.61505982803248
MTURN,-0.16405391484231235
IL20RB,-0.5688431622534017
HOXC4,-1.1898236059367058
MRPL10,-0.2962700331668047
DNAJC30,2.267255215133703
PLA1A,-0.2451197434868419
DCUN1D2,-0.46390563817285385
AIFM3,2.0270103288043977
GRASP,-0.8150705022285144
ZNF486,-1.9466191744269334
CIART,-0.8181966309315567
BCL2L10,-0.5602492347795069
BCL2L13,0.7991289166281657
NTMT1,-0.362678434115874
AP4M1,2.1298856606248466
PLXNB1,-0.781200161464641
CCDC149,-0.577293550239825
BLOC1S5,0.4890455404134838
FAM3A,0.1277120458478764
SMIM11B,0.02153636054141338
SMIM11A,-0.15827789384064953
C6orf118,-0.7219144696472984
RNASE11,0.9547876382251012
TEX2,0.06580212979423064
ZSCAN18,0.8000618191229776
LRIT2,-0.8652030940770942
WDR45,-0.295144766089917
TBC1D20,-0.490385602980562
TBC1D26,-0.7500622322546168
ANKS6,-0.6026058655342433
METTL25,-1.042199750052123
CXXC4,-1.0462590308999915
FSIP1,-0.7913754584141843
GSTO2,0.16435212395191887
VASH2,-0.5398460024678284
ZNF839,-0.2659602449085789
APOBEC3H,-0.2311574635113038
RIMS4,-0.36669669475824906
LIMD1,0.4942203410698949
TSPY2,-0.9787517747328729
C4orf46,-0.9866568671584411
TMEM255A,-0.6020821628425757
NCR1,-0.7238956544803192
RNF183,3.3417057624477504
EEPD1,-0.32819416866128387
SYCP2L,-0.07502982669766396
ZXDC,-0.863301696799695
TMEM175,0.5237210771058239
FGFBP2,0.032480326689628684
SYT6,-0.46664520194803705
DIXDC1,-0.7267948564121014
TASP1,1.6242899403031585
MESD,-0.24575737107875056
SCHIP1,-0.29354819728295567
TCP11L2,-0.3349471650201302
HDGFL2,1.0192516260962232
ALKBH8,1.9974747499577712
TIGD1,0.34429934214996416
DNAJB7,1.556372517298568
OR4D6,-0.7227348078614859
TTC23,-0.5017334486548393
RTL8A,-0.23582888288345763
VCY,-1.1438875602459215
C3orf33,6.245817680216512
C3orf36,-0.7456868389948588
CES3,0.4927098595812361
EBF4,-0.8623489783544278
CDPF1,-0.528753142775641
CTRB1,1.1796691840130702
FAM3B,-0.2012434881884647
OCIAD2,-0.17119411108070942
ATPAF2,1.3396677985561973
KCNAB3,1.39819867810285
PPP1R32,-1.2887333013482223
HMCES,-0.3796554027683885
ATG13,-0.25603498778380734
FRMD8,-0.5296863441667222
NMNAT2,0.01248801081163507
NMNAT1,0.4884995735805429
GPR61,-0.783166052840175
C9orf78,-0.5839093121513514
EFHD2,-0.695306102930097
PCDHA7,-0.6858474122710907
TTLL7,-0.6886381797023008
PCDHGA12,-0.6431040334848195
ANXA8,0.1554940354553884
MEST,0.15383991178769998
ZDHHC23,0.2769711560208832
COQ6,2.694404410702077
ZFYVE1,-0.3806893365635871
SUSD3,-0.4343301906701764
PITRM1,0.4245121910223962
CCDC60,-0.2793637689700365
PRSS33,0.023545315251083103
TMEM183A,-0.05590877076689546
PDZD4,-0.4525592430533572
STON1,-0.5059552634761337
PDZD9,-1.4104657243541416
GPANK1,0.5114438606951167
TMCC2,1.2429774979664152
MARS2,-0.17969198974331413
CCDC144NL,0.9586854074747398
PHYHD1,3.338214809574038
CFAP58,-1.0193051582617254
LOC403312,0.9586854074747557
USP6NL,-1.1275628221253982
PASD1,-0.9629978366444251
SCG5,-0.5883317429829253
DDX43,-0.9409659249755162
GADD45GIP1,-0.654528615508051
SERF1B,-0.866526843243608
CHCHD6,0.014940974932906952
FAM151A,1.9042876601186098
FAM133B,-0.710707690261098
PPP1R17,-0.6286419690936915
PNMA8A,-0.5355472246524691
PTTG2,-1.0286065517214906
SPIC,0.7363439451731671
FITM1,1.2750982036210763
SRARP,0.9473890936130029
C1orf115,5.9341167861075235
C12orf65,-0.2277006891616371
ACBD6,-0.24125784695076144
ACBD4,0.5870868745818941
EVA1A,2.3355525049508774
AKAP4,-0.7899249626857421
DFFB,-0.5604430226108873
VCY1B,0.9586854074747398
KIFC3,-0.8600104373094928
SLC41A3,-0.014832790336400519
CD300LB,-0.5040671377307115
STARD10,0.04015277780936758
CRADD,0.8553448431448086
PRR15,-0.3298734747318464
FAM53A,0.9586854074747555
CELF4,-0.9784761388129243
CCDC190,0.04157038400153646
PACRG,-0.9976586810328879
MTERF4,-0.25262675679198016
PRSS1,-0.29188291974740643
TSLP,-0.8813957471421577
THAP3,-0.31097466642978283
CARD18,-0.5917047464656248
RP9,-0.5035865976744337
DNAH14,-0.7778504230477894
GNPTAB,-0.5228630480888032
IL26,-0.7082573041559711
FAM50A,0.17341262404970145
FMNL2,-0.5534601959947264
FMNL3,-0.5726952913297035
KCNE5,-0.4476493994608921
PPFIBP2,2.758647435310998
CCL26,-0.9443108641774789
SEPT9,-0.6672481235311309
SEPT5,1.1910600798656934
SEPT1,-0.6632802739048277
DPCD,-0.3047288251131282
CDK5R2,0.5881880227360068
GIMAP8,-1.023041362400231
CXorf56,-0.3728996543812663
MOB3C,0.21000917431492633
C18orf21,2.3248524991706088
MT-ND3,0.39126379845602755
GPR107,-0.03719850147486078
RITA1,1.9328852147089588
ATL3,-0.20172290272670654
UGT1A10,0.6815966163918662
CSAG1,-0.9501107320723743
ZNF2,-1.0666202368704842
ARID3B,-1.1604002089266947
PURG,-0.7490773850439023
CCDC28B,-0.35915779748483806
FAAH2,0.6276504927488462
SNX21,-0.7455427256194264
MAGED1,0.8153513801067602
RSPH10B2,-0.05810891651394555
CLEC12A,-0.3644464562230203
LANCL2,-0.239507862994303
SERAC1,0.10385918770568987
PLAAT5,-1.1553779233121653
C19orf12,1.3224976745499357
ERMN,-0.2837790786788065
LSMEM1,-0.29071244259494755
LSMEM2,1.3195035452701807
ST6GALNAC6,-0.2708421985152495
CAMKMT,-0.33881335400137425
WARS2,2.0923810080974614
KLHL32,-0.7554487686390169
DGLUCY,1.018130414421395
JHY,-1.1700015555272485
TEPSIN,-0.4614836787507221
C11orf45,-0.987064573896347
ARNT2,-0.7385714010505673
CRIP2,-0.67619138237804
CAPNS2,-0.5039302386607624
NBPF3,0.20264446696787783
NUDT16L1,-0.14333711907658106
PDE6H,-0.9705162900244566
BEND2,-0.898004587248016
INIP,0.4654573007147105
QPCTL,3.0463611377815303
NAA80,0.27633080238377183
ZNF641,-1.1296017294191165
PLA2G4C,-0.3979921288893792
PLA2G4D,-0.08118036461764237
CHRFAM7A,-0.27693204709497904
ROPN1L,-1.6098356451552007
NEO1,3.8657387447400398
RBPJL,-1.008875389203823
CAVIN4,0.5629258307649321
CORIN,0.6310168795140103
PROSER2,-0.2038708505162631
MRRF,0.4908323061555103
MPV17L,4.522487747688995
BSND,1.6249527237264265
TTLL6,-1.0505808755501784
TCEANC,-1.0795933775022875
YPEL3,-0.5376273705815904
C11orf53,-0.504616281758107
C11orf52,0.45992349831151474
CLDN3,-0.18222591728724505
C6orf203,3.0249242364366915
TRDMT1,-0.7501982824408018
NEIL1,2.3154096143609424
NLRP2,-0.5786501496540533
FILIP1,-0.2737056228448793
ARL6IP6,0.2163722373163284
CRACR2B,-0.12409952001052209
ZGRF1,-1.1230880625334991
PRKRIP1,-0.546698887803934
MCU,-0.11908430745590506
ADD2,0.2681272613277461
EPB41L4A,-0.3236796975918874
LURAP1L,-0.49032273671273985
C7orf50,1.6700372667379604
NXPE1,-0.490542074167503
NXPE3,-0.34359020813783697
METTL8,-0.5334226320619622
ERVFRD-1,1.3130820575970452
QPCT,2.246972796523802
SMTNL2,1.1097571545797855
MKNK1,-1.2056763320443478
OLFM3,-0.31893316551185724
CAPSL,-0.7210106111463158
CHURC1,-0.7809532421161421
MAP9,-0.9952023885854926
PRXL2A,2.414030240026177
FDX2,0.4366080310001965
KIAA0825,-0.43269093498370376
EP400P1,-0.5075426347327816
KCTD18,-0.3863124350898607
ZNF449,0.4258624960332699
L3MBTL4,-0.6419169119497334
SERTM1,0.9586854074747397
SERF1A,-0.5511580487727807
AFAP1L2,-0.6660350626274368
IGSF10,-1.177137243138743
CCDC107,-0.3070556288813065
C11orf71,1.7084283948488737
SPATS2,-1.035952933961354
TCEAL2,-0.7308425019716729
CHRNA7,-0.47839892588396793
IFNA8,-1.1014435032184888
IFNA2,-1.6709947609268512
SLC48A1,0.22385225839920458
OR2A42,-0.8000045450772357
C1orf174,1.2207353989972582
LRP1B,-0.8094835688640604
RAB3D,-0.6618296290809116
ARMC7,0.7866696978951438
PLEKHG2,-0.9363060398845034
LIN7B,2.5880710378239153
TAFA1,-0.7583980717748409
NEGR1,-0.4858386849345501
DBNL,0.5276586713944286
PKIB,-0.2701389257269343
SYT7,-0.2890492035667624
FAT3,-1.0901285748113088
SYT10,-0.8585023033733904
LRRTM3,-0.8013736633956773
NLGN4Y,-0.39676029182721945
ARPP21,-0.9661333013308703
KIAA1549L,-1.1080251798559342
ZNF804A,0.21724242524705611
CBLN4,0.0037744377086374034
CADM2,-0.7529456230529435
NLGN2,-0.33568087102050115
CNTNAP5,-0.9389085865570788
BAALC,-0.8743929306989279
SHANK3,-0.6913092788059769
ANKRD13B,-0.6038827816638233
NOL4,-0.7849447052481957
SLITRK5,3.4340011633492162
SLITRK1,-0.7529184892159317
SOX14,-1.015319576992815
KCNK12,-0.7737645823688606
RIMS3,-0.4418921581425284
ADGRL3,-0.9890702595275634
FAM131B,-0.8499515809484302
SYTL2,-0.4499221943735491
SYT4,-0.8092663327135543
CSRNP3,-0.7575922346328815
NXPH1,-2.153552686975805
PCDH19,-0.7426583102314839
SDCBP2,-0.807344903795852
SYTL3,0.10871306541124691
PCLO,-0.7731403967837789
SNTG2,-0.7056631838317163
NSG2,-0.5753212022210689
GPR173,-0.3727341920718844
KIAA0408,-0.7593212247620567
FAM155A,-0.5643895706616623
KLHL4,-0.8489886354959987
KCTD16,-0.7884875306269894
SCN3B,-0.49454903835022196
ST18,-0.5389150314507347
TENM4,-0.9809333566071887
OPALIN,-0.7210996858726939
LRRC49,-1.3507666167216692
XYLT2,-0.3584816182632307
INSL6,-0.9497541481752442
ACAD9,1.9516388230710036
CCDC65,-1.3287490149483787
C19orf48,3.0365139623487027
NR2C2AP,0.5577287863019774
PPP1R35,0.593750274783709
ARSG,-0.06013889945665485
MORN2,-0.6325907304873571
TEX43,-1.2925185289552552
TBC1D28,-1.4754034749558969
SPATA18,-1.6148366901229931
TMEM232,-1.3700999272603342
TMC1,-0.3654437173303782
ARMC3,-1.112525946233964
NLRP13,-0.5100931205331686
NLRP9,-0.5887546443699596
NLRP8,-0.7803404668782757
STARD5,-0.2763064148750734
FRAT2,-0.7038254967015952
AMER1,-0.7645840958874484
CIP2A,-1.1514986387321429
NOSTRIN,-0.7122650967275118
AMER3,0.5942150657918448
CGNL1,0.9423309677286323
DVL1P1,-0.33528063731659147
MTFR1L,-0.010184241051587745
AGR3,1.676764813903576
CTTNBP2NL,-1.0263122825631563
TMOD1,1.4026142961187054
SYNC,-0.9250446028488531
CCDC88A,-1.0727652316744294
GLIS2,-1.1572785513261397
TCHP,-1.4638334164414983
KIAA1328,-1.1698651460431682
PLEKHM3,-0.6673877558048609
NAP1L3,-1.1349603401971908
C1GALT1,-0.4781485470014762
NAV2,-0.8482208937724987
KRT23,-0.8584484914452852
NCKAP5,-1.3732323644766875
SCAPER,-0.06037227898571245
SYNE1,-2.020369706906011
WNT16,-0.27715267639470154
AMER2,-1.0382065166901244
TMEM179B,0.9087465036372272
PQLC3,-0.24690340454657628
TMEM107,4.071990697805893
TM4SF18,5.1624339355858195
FUCA2,0.16463503354676493
MTRR,1.7786196233948615
PIGM,0.6821888092541115
GRPEL2,1.8082637745298225
STARD9,-0.9486231435141985
ARMC10,-0.21709143434825112
CBR3,2.516683685281376
VKORC1L1,1.294719998193179
MREG,-0.026508278403159877
C16orf96,-0.7038043041459597
NETO2,1.320871976417982
GAS2L3,-0.9333074472487459
STK19B,-0.6329042865684087
C12orf45,-0.5885461326109336
AL669918.1,2.0409560289165527
C17orf75,-1.0569645249816522
ELOVL6,1.4635355969005472
LTO1,-0.04820313428860801
NOA1,-0.6446988949634187
COQ2,3.029592388844122
CLCC1,2.4209628676905632
C5orf51,0.10354549599250457
COQ8A,-0.2184732648124793
QRSL1,0.5374236873615622
TRUB2,0.7799133341302562
MT-ND6,0.10364657317254429
PIGH,-0.33178602002639696
LYRM2,0.7959624943892796
CPT2,2.196542850655068
LYPLAL1,1.5143343060859482
THNSL2,2.49324618357419
ZCRB1,-0.8613465307924748
PCCA,1.4455696651326195
AC034102.2,0.8112654898227588
NUDT3,-0.3880323909953112
LIPF,1.4285404228674927
DHDH,3.044240857667473
SLC5A12,1.512207078460416
TMEM92,-0.13473366482485896
HES2,-0.5002530555090374
SLC6A19,2.6488766768499117
SLC23A3,0.9313210188699443
EPPK1,-0.8917448870833304
ZNF511,-0.004539033113741542
AARSD1,-0.43359580462307
PPP1R14B,0.10992821243989404
TMEM141,1.0485574904572923
MCRIP2,0.2882705602644684
TIMM22,-0.08950466556945084
MIEN1,-0.2375716342912358
COQ4,-0.01231762644272203
SLC35A4,0.1296498342045859
CAND2,-0.7198261982332255
SLC25A39,2.4671153305312674
NPPC,-0.5687756736825603
UNC5CL,-0.49194959697934876
MEAK7,-0.4585559208864481
RFFL,-0.6605967749516962
NRK,-0.5855393227514154
GSDMD,-0.6496265460869207
UNC5A,-0.7218004143659766
CASP12,2.8307185070492524
TICAM1,-0.8514059831520318
ANKDD1A,-0.542414583161575
PCSK6,1.2645557975378237
BICC1,-0.6456904013498057
CYB5D2,2.1410181173582474
KLHL36,-0.5460218148603693
PCDHB15,-0.6595378695954861
ZNF398,-0.9248328233438318
KLHL23,-0.7838208109656691
STRBP,-1.1022174377073823
ZBTB34,-1.1101396790270213
FAM117B,-0.7845922150828767
C16orf87,-1.1091449030552023
NKX2-4,-1.0241464556576956
C2orf69,0.8244038840748792
TAF5L,-1.4085995558497124
FAM217B,0.35431404451066295
RGS12,-1.0871338192176798
ABHD14A-ACY1,1.2184840616816563
PDP2,-0.35259379939572255
ZFP57,-0.7070923223425267
RANBP17,-0.3564299670891909
MRPL54,-0.31442370110513496
TRAPPC3L,-0.3559871685860791
MCEMP1,0.2229131167791027
TPCN2,2.2178314198082356
BCL2L14,-1.0013017231535533
STXBP5,-0.4748428247405968
LGI3,-0.3366860427801662
KCNAB2,0.5759055697741159
SASH1,0.46203743789747403
ARHGEF9,-0.8574249888599348
MEX3D,-0.46399361876450024
UBASH3B,-0.7437681728784831
DOCK3,-0.7811887112658572
RASAL3,-1.1637132667152195
TSGA10IP,0.15903484156894757
SOBP,-1.3842009544260823
CCDC187,-1.0318674937044305
PCDHB14,-0.7048145316382946
NUDT18,1.8658203907318063
BAHD1,-0.9569426067144297
GGACT,0.6667338632440032
COA1,-0.2524952028747937
RASSF10,-0.5807044334116799
GGT6,2.2035127437678925
OPLAH,2.4515389014939957
GGT7,1.4440453943155898
NLRP12,-0.5821498013438292
NLRP4,-0.8719315286429269
NOD1,-0.8104041092622032
PYDC2,-0.1531855905121793
PTGES3L-AARSD1,0.29080859983750873
FRG1BP,0.05029202347230919
STAC2,1.5236096179229361
CPNE9,-0.6397231159473346
AGBL3,7.428891503825398
ATXN1L,-0.7863220715702446
KCNE2,-0.27563178331713273
GTPBP10,-0.3150220844906958
DNAJC24,1.2425934011657065
ZCCHC7,-1.098844749892509
RNF169,-1.1149733501556645
OR4D2,-0.9456843518503666
ABRA,-0.3072605634355126
ZP1,-0.8011131547060142
POF1B,-0.6091937860043458
AC011462.1,1.1298153915284712
USP17L11,-0.917333810048058
USP17L5,-0.8987696192465202
USP17L22,-0.9173338100480577
USP17L20,-0.9173338100480579
USP17L21,-0.9173338100480579
USP17L17,-0.9173338100480579
USP17L15,-0.917333810048058
USP17L12,-0.917333810048058
USP17L10,-0.917333810048058
USP17L19,-0.917333810048058
USP17L18,-0.917333810048058
ESPN,-1.1487869764989156
FHDC1,-0.6633531731305878
FMN1,-0.709661687090155
FMN2,-0.5951204870481211
LSS,1.516878143763103
FHOD3,-0.6521698263623559
ZDHHC5,0.21301029121470583
ARHGAP42,-0.564857865887303
PXK,-0.6234270395828978
WHAMM,-0.9057180844269072
GRID2IP,-0.4090644000859807
PACS2,-0.5583962251975624
WIPF3,-1.0255936198589213
RAB11FIP1,0.3506671380896792
ZIK1,-1.3344140947852532
ZNF800,-1.2346621016451147
ZNF736,-1.0867752599520635
AMIGO1,-0.22409895477695532
TEN1,-0.5385035178390887
MSL3P1,-0.6773555451354748
ASPHD1,-0.43740550364915715
PNMA3,-0.5303448937813943
DPYSL5,0.09342262245570417
SEZ6L2,-0.33053867102172046
DEF8,-0.2552062099193864
AMDHD1,0.9098388225682581
AMDHD2,4.130576698547695
LGALS7,-0.8904927752313303
PLXNA4,-0.7266143845652578
AC011455.3,0.3406972249288982
CSGALNACT1,-0.7597800210091337
CD109,-0.7111128895583202
ST3GAL5,-0.7051288110949477
FADS1,1.3018222656013507
OTUD6A,-0.5438364768946371
PRUNE2,-0.106805567702428
NCBP2AS2,-1.2593645346437146
LCE3B,-0.07408046675395964
VSTM4,-1.0155353442020374
ANKRD30B,-1.099116499196672
EMP2,-0.5617501214428896
MT-RNR2,-0.9678438206444193
GALNT14,0.15218577622635365
C8orf4,-0.8272303453376719
TTC9B,-0.2731617776716826
ZNF784,-0.8473667747548947
TMEM108,-0.5835943099474405
MDGA1,-0.5311242860000699
PANK2,2.044304890599704
PLEKHA5,0.2178863330432892
TBC1D25,1.1282146687827124
DUSP15,-1.145518578048694
NOTUM,-0.43703266285312137
SSUH2,-0.687450486055338
IGDCC3,0.12029074242331125
SUSD5,-0.42204205766491115
FMR1NB,-0.5014368087647934
LRRC45,-0.0011179599863532525
DNLZ,1.4879985679493797
OTULIN,-0.3344419170335535
NEXN,-1.1704642415156457
LRRC24,-0.5724445159294385
TMSB4X,-0.8360605223560579
OVGP1,-0.550886295448033
NYNRIN,-0.9574366679927288
KAZALD1,-0.4512752990611916
SLC41A2,0.6663903388265455
SLC16A4,1.1997773077378253
GSTM3,1.8258685767984397
LDLRAD1,-0.09580535690692411
MS4A3,0.46962031138847066
SPAG4,1.6178762854172275
TCF21,-1.0754419676053433
LMBR1L,0.47393770231786575
ORC1,-1.267593274644087
CKS1BP7,-2.4129353011636474
KLHL13,-1.0722674186980397
SIRT4,1.7777697326053883
DCUN1D3,-0.09975484472400431
BTBD9,-0.929517084281847
LRRC58,-0.8743975745587823
MRGPRG,-1.1899498560272896
ATP23,-0.5533977615295108
CCDC167,0.0902844136488472
CMC1,1.469410534233915
ZSCAN9,-1.2755074755993965
GJC3,0.08254866626868129
GJA9,0.17275197020800093
GJD4,0.15380485398232896
CNST,0.68760780054708
FN3K,1.2610828917123365
GJA8,-0.17977842474890765
KREMEN2,-0.5151297803987316
BFSP2,-1.1892782697068036
CLEC14A,-0.6412581281682594
ZP3,-0.791373883474775
CCDC3,2.6977569779781585
PHF20,-1.5496033620154765
DLL4,-1.3675313200184167
IL1RL2,-0.6348488139270577
KRT12,-0.9595344783430202
FCRL1,-1.0029095637197263
CEACAM19,-0.9392814277762047
ARRDC2,-0.5527907329753644
PRSS56,-0.18257131515097827
SNX14,1.309466459480995
PMS2P5,-0.8736647080301237
OR4D1,-0.8622590501677605
ZNF397,-1.5473969137119299
KDM4C,-1.8459555770006257
KDM4D,-0.8811978925170336
FAM13A,-0.5732235975796813
JMJD7,-0.5843992266259321
RFPL4B,-0.7854855908440458
GPATCH2,-0.9387722081285409
AGAP4,-1.0941792070695955
ZMAT1,-0.7717819593433378
CBX2,-1.1935311234652628
RASSF6,-0.03286859059856314
ETV2,-0.8585277964001632
ZBED8,-0.9359407126768906
LRMDA,-0.3273450107902947
DNAH17,-0.6381234096955404
GPR22,-0.5780003344192886
CHRNA10,-0.7281023561740344
AMELY,-0.5823021143133335
CSMD1,0.19948706499899224
LY6H,-0.45690868559903725
ST6GALNAC5,0.7746366744250032
CALY,0.016069080706413334
ARPIN,-0.26497881036840043
NATD1,-0.4323802924088537
FSBP,-0.6273993979595387
AP5B1,2.6957845721069615
TEFM,-0.7892081055037945
MIGA2,0.6760307903964492
PALM2,0.9585884982281079
ENOX1,-0.5375267777798957
NUDT14,0.6069639710683286
PNPLA1,-0.043818293096338695
TP53RK,-0.6636691475411608
TMEM203,0.19669709448003414
DPP9,1.6480162060405217
EBPL,0.4245302140799529
DHDDS,0.26071930351894473
C9orf64,0.5396939066538136
ANKRD40,-0.3344481614507885
MLXIPL,0.1531199301836028
TMC4,-0.4033218020314645
SCGB1D4,0.013216200531965198
NPNT,-0.3007611745857694
PNLIPRP1,-0.02558164199333719
TMC2,-0.7665938249812221
ARHGAP27,-0.9469985981063442
TMC3,-0.7946179819304263
FAM53B,-0.7401645154706447
TMC7,-1.1474897099435932
TMC5,-0.2950609971418156
ZBTB25,-0.48467381415147914
TMEM38B,0.039540918585615856
CFAP206,-1.1911375412264547
OCIAD1,1.53685748355472
TECTB,-0.4734338795090833
RTL3,-1.367864876538386
TMEM200A,-0.7227683982077977
CA14,-0.11851063741646506
OPN3,0.9282745514224123
SGF29,-1.3148364788759452
MAGEA6,-0.7685309235807651
SDR39U1,1.284858098653902
AL162231.3,5.379766536045145
MFSD4B,0.77984997398812
B3GALNT2,-0.28562614684310006
SCFD2,-0.26863633807900866
EEF2K,-0.3330175955170962
BHLHA15,-0.7847157169255983
CLEC3A,-0.4364202556364415
PGAM5,0.7695207503704221
EPM2A,2.5631367059867913
FOXR2,-1.308027844001346
TRIML2,-0.7721220459617499
AKAP7,-0.5966363397834278
AKAP2,-0.5969032071803521
CNGA2,-0.3464849699351858
LOC653513,1.1402786874601003
EIF4E1B,-0.326132508269377
PDE4A,-0.6821472448694309
PALM2-AKAP2,-0.7855527673785415
CCDC61,-1.0002750930383268
WDR92,-0.17422058951649444
PDE4DIP,0.5095024017157946
ZG16B,-0.40090633473816667
SLC2A5,1.423127887015004
CRYBG3,-0.5082572676254921
MAATS1,-1.1185578592414485
C2orf88,-0.1396101864246566
SSX2,-0.31573223078938445
AMY1C,2.2509173713936477
AMY1B,2.349063488465678
FAM49A,-1.1708690225380687
TUSC3,1.2043659562804265
LDHD,2.5058835094882044
ARRDC5,-0.601960361835327
CAVIN2,-0.7655082173561079
PIK3IP1,-1.147417882194752
TP53INP1,-0.7005356859558718
FAM91A1,-1.0100220206070514
GRHL1,-1.053879469099878
MAB21L4,-0.5763561807747917
GALNTL6,0.3356403734405986
GALNT3,1.265014999685096
GALNT16,1.6304469624289404
GALNT13,0.16046853812587553
RIBC2,-1.0618944367846854
HEATR5B,0.05029900693452111
GTF2IRD2,-0.3802641545603178
GET4,-0.45589771487609465
TRIM43,-0.4488264215197525
HUS1B,-0.14105572155865642
AGBL2,1.2899663584600474
FAM57B,-0.8217437135080017
RGPD6,-0.07456010442800126
FYB2,0.18557117019240835
MMP15,-0.6004179434008039
TRAF3IP2,-0.4955459521827102
AFMID,2.208702854782982
NUDT12,1.408562861257977
CLCN6,1.2309159646803909
WDFY1,-0.6254860704726065
C11orf74,3.3507268595005635
LMF1,-0.15341906960820684
NRSN2,0.08668925908321684
RGS20,0.17998938064284564
TUSC2,0.976573135353044
TMEM185B,1.295209957188325
TMEM79,-0.37055643802438093
TMEM128,-0.26271857392768294
TMEM69,-0.484171305947843
BORCS7,0.12109229460409596
ABRACL,-0.2624567579714375
SLC35G2,-0.6920549801111865
C3orf14,-0.4605846981043041
CLN8,0.10410213416944107
THAP10,-0.7798950575698721
SMYD2,-1.1415904817879439
CENPS-CORT,-0.4701339376195248
ZFP62,-1.297990220212448
PPP1R26,-0.287126697813524
POLN,-0.04025276113010842
PEX12,2.1526495153445606
NACC2,-1.0585715345863647
PRDM7,-1.4979151901553285
DBNDD2,-0.31481991231038603
ST6GALNAC1,0.10954822917670697
SCRT1,0.5167204702108517
C6orf47,-0.47060219975439443
CSMD3,-0.4793560801512448
MMRN1,-0.7754603298780616
FRMD3,-0.01911879920640807
FOXD4,-0.7172411332448566
NLRP14,-0.9882541365709598
RHEX,0.38999575751079313
FOXD4L4,-0.6557399142615197
FOXD4L5,-0.6814042899029035
FOXD4L1,-0.8958112554431812
FOXD4L3,-0.8815202733776057
HBQ1,2.3839538936302227
RHD,0.9074166321091351
CFAP45,-1.2480517105355569
RSPH4A,-0.6687341249519998
CFAP126,-1.3432330745629768
C7orf57,-0.7390306863003504
VMO1,-1.1709819777814126
PPIL6,1.0921561895248526
TPPP3,-0.9639060119215395
CFAP157,-1.450502800200668
CCDC153,-0.5262972471368977
MORN4,-1.0633553530942523
CABCOCO1,-0.24307453339825086
CCDC170,-0.6346151890761886
NME9,-0.057314497801241676
RAD52,-1.0547284911827577
IGHV3-9,-0.8764284781031219
CLSTN2,-0.7894461800269701
AC105001.2,-0.9444681296185021
ZNF396,-0.7369747966848792
LRRC43,-1.5183908012857803
PGBD1,-0.6473460549717464
ZBED9,-0.7947435418378006
PROSER3,-0.8875757451045575
ZNF174,0.2607806079969358
ZSCAN30,-0.8324138894982686
TXLNB,-0.7613838757707005
KRTAP5-9,0.08213781869177343
C1QL3,-0.3844099418848301
GPR158,-0.9396430238997295
NRSN1,-0.8176996646446527
TMEM151A,-0.20422500145333244
CREG2,-0.7015125227003328
HEPACAM,-0.15882415704370365
PLD4,-0.23116029165400098
QSOX2,-0.32415316168953995
PNPLA3,0.28391404256993896
PNPLA5,0.049338927490826
DRAM2,1.9686189592685277
PAFAH2,1.727080117656278
AWAT2,0.8020769194777929
LPCAT4,-0.21250387989724934
LPCAT2,0.2659331044309289
LPCAT3,0.8767312300513024
NECAB2,-0.6988197793866588
HSD17B13,2.0971486576783596
APOA5,1.5989386942085961
GBP7,2.377051334244863
SLC25A47,1.5650101715659164
SERPINA11,1.4401636511520528
PGLYRP2,2.341394967733817
SLC13A5,2.094454542506001
OIT3,1.3681548696437371
RTP3,1.6314973156499546
PLGLB2,2.7781478662880157
EXOC6B,-0.5469329700499456
ACOT12,1.468638612224816
SLC27A5,1.4107058012037856
CLCN4,1.1142700912184602
CLIC2,-0.49678224123650516
TP53I11,-0.45977072357760296
SERINC2,1.13002584167204
PHACTR3,0.7250990444955048
AADACL4,0.3606340634732802
C1orf122,-0.4359319257782459
RTL9,-0.8907186868760271
WSCD1,-0.737027892692243
ACOT2,1.8079978197496451
PSG5,-0.571412516115848
SHISA7,0.10084021257633446
CBLN2,-0.5256944904022866
AADACL3,0.34032112798049224
TCAF2,-0.3623329802858991
TMEM39A,-0.14738317662569236
TSBP1,-0.6944115118122609
PRAMEF10,0.3322109973910664
AKR1C4,2.0458247471380067
EXD2,1.0568210982763449
KRTAP4-9,-0.6724637634628229
GSDMC,-0.2926659520014169
KRTAP1-4,-0.2886096240718501
LCE1F,-0.10407213750658084
KRTAP4-1,-0.36449661152532603
KRTAP9-1,-0.35686051796648915
KRTAP4-3,-0.8104543409818302
KRTAP4-6,-0.6759801475801243
TMEM190,-0.9681439233149765
NKD1,-0.5866041735093552
KRTAP5-8,-0.08980964696065773
LCE2A,-0.2375740340926665
VWC2,-0.28628484070772464
KRTAP4-8,-0.8536040990712622
KRT74,-0.8878735989390274
KRTAP9-9,-0.9491253379906833
UPK3B,-0.24997192485667719
KHDC3L,-1.3163444369596993
AC002310.5,-0.8264085919916085
NTF4,-1.0391944086796994
NKAIN2,-0.7466530711640261
PLK5,-0.8817836018190512
PLXNB3,-0.8525000783206053
TENM1,-0.3338939193023834
ANKRD66,-0.9347912592915274
MRPL55,-0.36858677583585164
RPP21,-0.4519540201065005
ABI3,-1.1490829686793198
NOMO3,0.6313217185392918
SLC52A2,1.216495029692879
ADPRHL2,-0.3062406420841745
B3GAT2,0.1563308268541616
KLRC2,1.1342651941843773
TTC38,2.675514654220397
CLEC4G,0.31272635724964315
MROH5,0.5839289109505549
TMEM176B,1.1250605845305652
REG3G,0.4497204400958923
MMD2,1.2015038581056932
ETV7,0.13065345683627627
ADAM33,3.1557985182387016
TMEM86B,0.7886693483657339
TMPPE,0.400253225930723
TMEM140,-0.864412087642855
SLC43A1,0.3964027715015552
TMEM144,-0.0884661890296045
PAQR8,0.28815520536228045
BCAS1,-0.46371586314304536
PLEKHH1,-0.010092336506266128
PAQR6,2.4878296563347133
ANP32C,-1.1597923014715423
ZNF781,-0.9859596868399264
ZNF695,-1.1413429026291506
SLC50A1,2.9113113026303887
PHTF1,0.9153805050129852
DUSP16,0.7420574219809335
IDS,-0.32112526517728995
AC067968.1,-1.2691770695960465
GSC2,0.5755793257751849
CRYBA1,-0.7658771546378039
IL17C,-0.5416050843046457
ZNF81,-0.8474763125855589
MRPL45,-0.3674889532911412
NFXL1,-0.8506038882358878
SPIDR,-0.7211760703847069
BEST2,2.1142803547134004
NPVF,-0.6684428152130676
DUSP9,0.03890187209414099
PCDHA10,-0.513653728328854
TIGD4,0.09050470962405424
PLEKHF1,-0.8254247646844013
DHRS13,3.044258478193951
CCDC89,-1.3427170043981413
TPTE2,-0.4525372070242044
OR52I1,-0.7011640379541321
RNF180,0.9091705254111886
SOWAHA,-0.6681457700486385
ZSWIM5,-1.1017593878666034
ABHD17C,-0.2418124419772874
FAM110C,-0.4171430754360785
SMYD1,-1.1549033552929564
SOWAHD,-0.7131437827739062
FAM111A,-1.0983423771929763
PLEKHA8,-0.113827935956221
C5orf34,-1.175918485286934
PAQR4,-0.6730423711306548
CHRNA5,1.4665591485524307
NCR3LG1,0.08800577634340628
PARP14,-1.1975365427747724
IL15RA,-1.499147954237574
IFI44L,-1.2382245125113611
POTEF,0.9157938179719995
FCGR1B,-0.3062869141894797
SLC25A16,0.1770599271129643
CCL8,-1.1796976721425865
KLRG2,-0.10695683352876695
GXYLT2,2.946404656916198
TMEM246,5.494510878714982
FAM210A,0.0784594108618186
AL645941.2,0.008142726076899063
GBP3,-0.8870549039317372
GBP4,-1.029229675528796
TMEM201,-0.7184722884217406
TRBV12-3,1.7910651443406898
TYW5,-0.843838316669467
SERPINB6,-0.27074288371893446
OTULINL,-0.6676695824754041
PTPRS,1.1701667421836026
COMMD7,-0.14067044422265296
COMMD5,-0.291536206747518
MRFAP1,-0.4939472137705319
WBP2NL,-1.4707218431328433
SIMC1,-0.3294536417230215
FER1L6,0.6405281869090745
PCDHA9,-0.3791081081301094
LONP2,2.5196331987152667
MLYCD,1.7329436574077504
PCDHA2,-0.8342634338605028
PCDHGB5,0.4584297886881157
CA5B,-0.32346228384006603
STK36,1.2855774145415129
TIGD7,4.9689395082709735
CT55,-0.9191735894570554
SYNM,-0.9506023546350029
FGD2,-1.2159849208419338
FAM167B,3.3417057624477695
ZXDB,-0.8335524372822258
RIMKLB,0.9349306925759553
ZFHX3,-1.0762725814551801
ZFHX2,-0.7538824131231772
PSMG4,0.29546424796823256
GSTT1,0.43140654393739164
RNU11,-0.5640320694405881
RNU12-2P,-0.6045967514259033
LSM10,-0.550294763193535
SNRNP48,-0.7342517000880482
SYNPO2,-0.8667441012686445
FRAS1,-0.31537600502735097
SYNDIG1,-0.8560803107728339
SLC35F3,-0.5185875162854569
MTFP1,0.6995215651343448
C19orf25,0.12141288858169505
INSYN1,-0.1104857676016373
COPS9,-0.3650113820823614
BORCS6,0.31803973535821645
LIN9,-0.9706232867950925
LIN37,-0.600376008960215
ZFP30,-1.503834489243449
KLRC4,-0.8592239202077727
LIN52,-0.8509494000581922
MRVI1,-0.705899887885321
HSP90AA4P,-0.28555094312193974
SLC14A1,1.5688646222144875
BCL2L12,-0.5029015123048869
SLC35F5,0.12147194965014835
PAFAH1B2,1.1764121370525864
PLEKHA2,-0.8639685940147875
LACC1,4.654808005249841
NOXRED1,-0.4767753572070497
PRDM15,-1.054494704593978
SLC25A17,2.99207627789766
CDADC1,-0.5931630852492397
RAD9B,-1.1243496108608975
CCDC34,-0.928636704136236
RHNO1,-0.9095157653917668
FAM222B,-1.0535446097555776
MSRB3,-0.49937183978297767
GLYCTK,0.6082792538071222
FNDC4,0.16390709081201532
EIF4EBP2,-0.3005599268798616
TCP10L2,-1.0980841299657045
SIPA1L3,-1.0358905006270518
SPEF1,-0.9227171481720321
OTOR,2.240542334843101
CFAP46,-1.1784654172950644
TRA,-0.5615290004626563
TBC1D2B,-1.3241760015096136
OLIG3,-0.7208153316884245
PEAR1,-0.7315594389861944
HSFX1,-0.40572358380719736
FAM78A,-0.8203765267015252
SHISAL2A,-0.7679729406222531
NFAM1,-0.18972809988772912
CARD11,-0.9478075954797834
SHC4,-0.9478636701205332
CLNK,-0.5311167792288818
KIR3DL3,-0.7256447346959973
PRRT2,-1.086794579557277
ZNF853,-0.9024543146457428
PTPN20,-1.053232902049651
DUSP18,-1.121779098738233
GPR75-ASB3,0.43277531862172103
LGSN,3.150336876598257
DMRTA1,-0.576678487367022
TMEM233,-0.6162214079947476
MFSD6,-0.3724487793907382
SLC41A1,0.1377400584844704
PRDM6,-1.0937368350132863
IFITM10,0.2240940167254398
AC068533.4,2.9244926124972186
LSM14B,0.9924665745695831
SH3D21,-0.4246130676455553
OTUD7B,-0.7874192395991736
TNFAIP1,-0.6043060163818627
C2orf68,-0.7891830689338994
KCTD1,-0.6182517721246544
RBMY1F,-1.0792350309623808
SHROOM3,-0.4734992696554416
RBM45,-0.7839741076924229
GOLGA8F,-0.4726336799592561
FAM120C,-0.6933569359371163
EIF2D,-0.3622085074033173
KIF21A,-1.2056518657588242
DEPDC7,1.4776713291409924
ISY1-RAB43,-0.7646246363426874
HNRNPLL,-0.8925731890466992
MYO15B,0.6608834452776793
MED12L,-0.5562288152851863
SFR1,-0.6936328066981471
TNKS1BP1,3.5992598716659994
GOLGA8EP,-0.34922873361647566
ZNHIT3,-0.5235459005466724
MAGEE2,-0.8872888749164375
LENG9,0.7372340233614872
PSTPIP2,-0.6715490735976416
SNX12,-0.4337560794227062
SPATA5,-0.36905944147127256
RPL9P7,-1.0973485999403099
ARHGEF19,-0.8715089194138032
SCGB2B2,1.27910702805088
ABLIM3,-0.7515477326482138
STARD8,-0.9940802864518392
ZDHHC8,0.03945129961007385
SRGAP1,-1.1031721428684735
PLEKHG5,-0.8497080071518763
NGEF,-1.1374185682624018
ABLIM2,-0.4650866168003755
FGD3,-1.1830260340465497
IQGAP3,-1.0369564526877029
ARHGAP40,-0.8245834483415068
ARHGAP31,-0.9429485835831314
ARHGAP36,-0.8458431025528459
ARHGAP39,-1.1973304601813364
RBM41,-1.2623680830940178
ARHGEF35,-0.30593360677958265
ARHGAP8,-0.5176857278449302
ARHGAP4,-1.1515463087236655
ARHGEF37,-0.9591964826577306
ZDHHC22,-0.34010463442634986
ARHGAP23,-0.8455840080303783
ARHGAP20,-0.8575826276503993
ELMO3,0.7613170132362096
PPP1R12B,-1.1014726035715319
SYDE2,-0.8355465200523567
ARHGAP11B,-0.7849218625300443
ARHGEF26,-0.7601941516296646
TBC1D3F,-0.7810865555532364
FARP2,-0.8138102329400958
AKIP1,0.1309236740877261
CDC42BPG,-0.8189570849327878
FGF10,-1.5056985892405628
SNX31,-0.6837862340033082
HPS4,-0.4104373144323109
NOXO1,0.08233146612296126
EFNA4,-0.9858087563481761
INTU,-0.5913469863510399
DNAJC5,1.7361288251967026
FOCAD,-0.31966817979827133
PFN3,-0.701939599062292
SLC16A5,0.20918610956676814
KIAA1217,-0.8545170370647256
PKIG,-0.5224136321533979
TVP23C,0.5253537013746367
KBTBD4,0.06011753030066617
ZNF28,-0.8582002234183054
LOC81691,-0.7901623111995982
DCAF8,-0.901131323797135
AKR1B15,2.6690628517485493
GSTT2B,0.39331443037540786
KATNAL2,-0.10213461740489671
AC026464.4,-0.05171168471578803
ZNF778,-0.7340256522478907
RHBDD1,1.953996038381498
FAM104A,1.3344030090564625
TMEM129,-0.22006596622185765
AKR1E2,1.3527717309273974
UBQLNL,-1.3465016925418882
AKR1C1,2.346803366778253
AKR1C2,2.0912493944793407
AC010132.3,-0.43848375908257514
CPLX3,0.17046086979020653
CPLX4,0.3858539194080718
PARP10,-0.8594900701545333
USP9Y,-0.7947424830207217
ABCB11,2.2524408096772137
GRIP2,-0.5132775867891871
EVI5L,-0.735037796236559
C3orf67,-1.2830127083821856
C5orf52,-1.2315284127998816
STRIP1,-0.6178145480053092
VCX,-1.3244773100246032
PAGE2,-0.9032683154257315
WEE2,-0.1518680576937636
ANKK1,0.35590898534107873
FPGT-TNNI3K,0.8703907634974095
ADGRA1,-1.0136429005746699
MYLK4,1.372751873707024
AC005833.1,-0.6767919271267234
MEIS3P1,-0.7430244416808465
AC004080.3,-0.8952301858031704
CCM2L,-0.7021492987472057
CLCNKA,1.051825567426413
MKX,-0.48346059954118364
POTEI,-0.4453566886182873
KATNAL1,-0.7833733863096901
PPT2,0.22052266688585842
CCDC88B,-0.9755889076046079
ZCWPW2,-1.3072840854638166
CENPBD1,-1.081476857159608
KRBA1,-0.9047018679168569
NKX2-6,-0.9571391779180094
TMEM196,-0.6505479673976289
C1orf21,-0.37937128673338266
FAM151B,6.299362736344588
EMX2,-0.8080983167165264
PEX11A,0.6336274936287769
NKX2-3,-1.1198551224348496
EIF1AD,-0.33217421767087535
KRTAP3-3,-0.43760223796568753
SLC26A3,1.4066325725696522
EIF4EBP3,-0.37821204837384237
SDR9C7,0.41344728668978714
GDPD3,3.7513145203838114
PYURF,0.2703269852515419
NEK10,-0.687398340721415
HLA-F-AS1,-0.6324084826542244
SMIM14,0.08351759381703291
TMEM19,0.07016369549849029
ALPK1,-1.0769329504203917
KCNH6,-0.841811409535041
PUS3,-0.4044094124218625
NSUN5P2,2.76521162950085
SLC25A26,0.42880744991617487
RAB11FIP4,-0.5403927993371802
CCDC7,-1.3250236173616177
LRRC31,-0.2703502921667954
LGALS7B,-0.3998678291307622
CDK5RAP3,-0.3389588246597884
SPATC1,-0.20215478946845897
ANKRD24,-0.2504763639825131
TCP11X2,0.3776890905296647
PNCK,1.9163265028920808
PRAMEF5,-0.6940345967058305
PRAMEF4,-0.8102415749942837
PRAMEF15,-0.6940345967058275
NHLRC1,3.863194626598984
ZP4,-0.2612413040167591
LRRC23,-0.743620751099028
RDH11,1.6354994117413248
PPM1J,-0.9625071704866606
SPATA9,-1.1879780361256138
PRAMEF1,-0.9377511421945897
PRAMEF2,0.6405281869090745
FAM71F2,-1.0843932091455033
MYORG,1.8295560660265442
UGT3A2,0.7663503696468087
ST3GAL4,-0.21219429440992663
TONSL,-0.7463202615152906
PXYLP1,-0.28590831033744046
TPST2,3.0286706714167955
DISP1,-0.14399201859476005
FUT11,-0.41523382980156576
DISP2,0.01722206929397713
DNAJC15,1.455366340816965
TOMM20L,0.48200079772513094
MTIF3,-0.22747462137954141
THEM6,2.0415060882809324
MTG2,0.11918558030886613
AC139530.2,0.18907384498754592
MRPS21,-0.2739163911561395
ALDH1L2,2.1884960011614933
SLC30A2,9.064073304307021
TRARG1,0.5084787663576523
SLC27A6,0.32058010126246766
SLC27A3,0.18970160511835557
CPT1C,1.166836995585747
PNLIPRP3,0.1551508777342252
SLC35E2B,-0.9561389466373293
SETDB2,-1.408376261346207
AFTPH,1.2734202870079192
SAPCD1,-0.6973076526160615
TSEN54,-0.5830347739457936
C11orf80,-0.011357943792947496
KMT5C,-0.8655388057907685
STRA8,-1.064763794313622
HES6,-0.8758414770127602
HIST2H3PS2,1.2393067646683757
ZSCAN23,-0.6783496660270071
SH2D4A,-0.8742870878520447
CCDC71,-0.3665811054075671
RDH10,1.9134973757093148
LINC00908,-0.88233108624425
TMEM159,-0.5015273259203671
GPR34,-0.6944173611490749
RRNAD1,0.7168543279001867
WDR13,1.0894071751539876
ZNHIT2,-0.45285537023931516
GPC2,-0.3043175653491147
SSBP4,-0.6680606494708876
UGT2A3,0.8249914138550503
UGT1A8,0.7706176339838103
UGT1A9,0.6490204294653861
UGT1A5,0.9425425757404868
UGT1A4,1.8492944052941904
UGT1A7,0.9091836276851234
UGT1A1,1.660701960352757
UGT1A6,2.2220507861828684
UGT1A3,1.5181545434371306
UGT2B17,0.588488233635364
UGT2B10,1.8972215626466815
MGAT5B,-0.00024150790901085898
RGS8,-0.823016290598026
XYLT1,-0.3017538112481895
UGT2B28,1.4828112515886767
VXN,-0.9194276983233033
ACP7,-0.04862288758482804
TTYH2,0.46219137799082505
PTRHD1,-0.09428785936164566
RNASEH2C,-0.11169878947037387
PDRG1,-0.06827986287641995
CECR2,-1.0778923984403486
GUCA1C,-0.5156796215171399
CKMT1A,3.4075424649303048
CKMT1B,2.4815899397037136
TRPV3,3.2209071527244726
PHKA1,8.730805604075188
EFHD1,-0.8099400642120013
ASIC3,1.252768797133362
IQCG,-0.40180953329037633
IQCE,-0.6268297103053917
UNC79,-0.6207082188087
MYH3,-0.5623374086548597
FGF11,0.02164164334061218
ARL6,-1.1275634489320587
TRPM5,-0.030748357907219206
C11orf65,0.1481240247201443
OCM,-0.6953161254104119
TRNAU1AP,0.9972613162323632
LIPK,1.3188498155808432
NDRG3,0.13902542878485435
PDE5A,-0.8452764674457464
CTIF,-0.615568856211254
FLACC1,-0.4318501053324854
LOC102724652,0.5021499498880393
FAM86C1,-0.499845412318506
C10orf82,-1.4312817753621097
SLC35E3,8.033696632062878e-05
KCNH7,-0.6939777631979982
SLC22A15,1.7312266981638362
C4orf3,0.16108985060228828
SNPH,-0.32563677487672466
STXBP4,-0.9255179416833333
PPP1R3F,4.538829134104387
PPP1R3E,3.9565844554882843
PPP1R3B,4.131671108094528
NAPSB,-0.6001930689513879
C1orf210,0.16721259339101516
MAP6,-0.1721661758480426
GSDMA,-0.7071640621269406
PJVK,-1.053096680592373
EBLN2,2.450913274743249
FAM83C,1.8651409904253444
EVPLL,-0.9017094291113282
TMEM56,0.35567643868615934
C1orf68,0.8808341850980419
TMEM223,0.23932055317297718
TSPAN14,-0.31783916344537927
NAT14,0.784557162349823
SLC15A4,0.38161042467156836
GPR89A,2.5632047228327397
STUM,-0.7537517496552616
TSPAN2,-0.33411381456027367
TSPAN32,-0.3877837560720086
TSPAN33,-0.36571191706182626
POMT1,-0.3959754853846838
DHRS9,0.3278673892958518
CXCL17,-0.348526135441022
TMEM91,-0.34186430129557993
KLRC1,-0.40231427544102333
IFNA6,-1.491131169861664
C6orf136,-0.22380634378283282
C1orf226,-0.957020089252023
FOXN4,-0.6818444642246676
MAP3K15,-0.250811472001355
DBF4B,-1.0945096087907265
DCLK3,0.3625773272644172
CSN1S1,0.8996114391367867
PMF1-BGLAP,-1.3058061880732066
LRP5L,-0.9066313161747568
DCAF15,-0.6288249512858557
SIPA1L2,-1.1247396154722136
HPS3,0.5619605514724588
KIZ,-1.0390320787210474
RPP25L,-0.3330562627230818
CLUL1,-0.6807695918030879
FAM72D,-0.41072624797281004
FBLN7,-0.33695367759487027
SPATA33,-1.4282274904204653
FTMT,2.951787100368991
MROH2B,-1.3544583674041146
ANKEF1,-1.2085655873582422
GTSF1L,-1.4345919851731805
ZNF559-ZNF177,-0.6600421860394277
SLFN5,-0.9717584484502589
MBNL3,-0.7163899808739922
FAM210B,0.5524138145192817
FAM104B,-0.43137981037569373
CRISP3,0.01320375404137839
LRG1,2.021328127774425
LRRC75B,-0.34764126880514273
RETNLB,-0.6401969523128128
MEX3A,0.09327628247901576
PHGR1,0.0498198582600829
ANXA13,0.6597347038452902
TM4SF20,0.6774707097631661
FRMD5,-0.519822352777474
TMEM87B,-0.16054608362790118
NKX6-3,-1.0371458706722028
CCDC68,3.6079628449937187
TRIM73,-0.6376738526256389
PHETA1,0.17623661311960268
RCCD1,-0.739466558196431
MYRIP,-0.5590421432824041
SNAP47,-0.4536788624344826
SHISA6,-0.7008991659755683
KRT86,1.8873309168384622
SAMD7,6.154670556708514
CCDC24,2.316321792166208
ANO3,-0.04852484168267086
BEST4,0.6430142040430095
ANO5,-0.02380943631746215
ANO7,0.5863433804024574
SLC26A7,2.9211300185717484
ANO8,2.0623359209798835
ANO9,0.39528350399756845
ANO4,0.5343257599241118
ANO2,-0.2018579917544274
BEST3,3.68827140557908
TTC39A,-0.44682595708129014
FAM131A,-0.658998970993043
TTLL3,1.2961155502487323
MBLAC2,1.4681301512777598
PLEKHM1,3.1635970786630936
FLYWCH1,2.832462274694003
BAIAP3,0.1609532352988525
TMEM106A,3.386336054775577
SLC26A9,1.5420431726215769
TENT5C,1.932249136003307
H2BFS,-1.0581016953427071
HIST3H2BB,-0.04137825954749556
GID4,2.0618767474018784
HIST1H2AL,-0.9779596430029514
EID2B,-0.504435623909008
DPPA4,-0.7435244912085806
RIMBP3,0.05295284571298326
FOXR1,-1.0081842651969237
PLEKHG4B,0.2430293025105068
DPH7,-0.4429633721296745
BICRA,0.060445424278628146
BCL7B,-0.5979733974770282
SERPINB9,-0.8166570201460356
SCX,-1.1847590700345705
ZNF639,-1.0162803414324648
PWWP2B,-0.8892204765741404
ZNF594,-1.134846170421012
HDGFL1,-1.5776878032968
ZCWPW1,-1.1014893381890212
JADE3,-1.1420437768061003
RAP1GAP2,-0.715675852653066
ZNF418,-0.9923365082070387
ZNF550,-1.3611826630057893
YY1AP1,-0.5403688138732708
AC005324.4,-1.1379467754872112
METTL23,-0.03939625550352369
ARL11,-0.7872865234034377
SAP25,-0.7355047482809114
DNAJC28,2.0700700536129655
DNAJC22,1.556195380973592
EIF5AL1,0.14231692428619655
DNAJC25-GNG10,1.9781061741163786
HSD17B7P2,1.6299571085319553
IMMP2L,3.598922058226246
TXNRD3,2.1499402772375498
ALKBH2,-0.3544938573810019
CNOT6L,-0.6298279595021258
AATK,-0.3279698363837685
OSGIN1,1.6169979315326828
CCDC117,-0.44157090040942726
STARD3NL,-0.20391108876554534
SELENOK,-0.01071246168030787
SLCO4A1,-0.10120709546197017
RNF207,-0.5579155632609465
CSRNP1,-1.0024876838644126
GPR37,2.4518965865241396
ZFAND2A,-0.5324564533057891
LIFR,-1.237299352018593
TCTEX1D4,-0.07233415767903453
YPEL4,2.261562628880644
TRMT9B,1.3484573282977985
MGAM2,0.9014870791651878
MRM1,-0.21460533115016728
CORO6,-0.4487230213276898
FRMPD2,-0.6454827338718752
KAZN,-0.6771166073398529
OPTC,-1.2855940655827873
LRIG3,-1.1818263769036546
THAP2,-0.3714596907813001
PTPDC1,-0.786822006770022
NRG3,-1.1826883452064627
NRG4,-1.158382667944117
KIR2DL5A,-0.9741987972394954
KLB,1.2177872642136112
OVCA2,0.16285519462243858
TMEM220,0.41701715059139255
LILRA4,-0.49752101536049204
LILRA1,2.770987174153741
THEMIS,-0.9686481981129682
FRS2,-1.279834412735696
SPRY4,-1.0349446252313315
KIR2DL1,-0.6490528297005735
TREML1,-0.3014102897532996
GAB3,-1.1811009613974568
KIR3DL1,-0.6822814989855048
MID1IP1,-0.0433557566398043
GAREM1,-0.44145310781459896
WWC2,-1.2022036611273519
OSGIN2,-0.7348162088082295
AMOTL1,-0.8507664732485551
OR2W3,-0.4530293119618058
GALP,-0.2156113472175197
GPR151,-0.6027567275873249
OR14J1,-1.093415471593422
FAM167A,-0.7212073771913426
L3HYPDH,0.08679902944409366
PPP1R21,-0.876160407746861
RELL1,-0.41430390215782276
SWT1,-0.8832314956399677
KRT82,-0.9183895077277554
GPR142,-1.14420615234973
GPR82,-0.25230092790816483
GPR139,-0.802919275225528
MT-ND4L,0.4272921450970933
LY6G5C,-0.5116644330944867
AGMO,1.9382512145766482
IFNK,-0.8535191566935858
IFNE,-0.8306287752004029
IFNL1,-0.9589759364077477
IFNL2,-0.984320580438218
IFNL3,-0.8712295070272548
IL17D,-0.8279722118545049
IL20,-0.9036995536473744
SFTA3,-0.5070911935988941
SFTPA1,-0.23582167653463335
CCL18,0.4818816929086179
PTRH1,0.0714792711470823
ATPAF1,2.1668321700799797
EEF1AKMT1,0.4643978273273302
AC135178.2,0.002139404308818587
OGFOD3,0.4933963815666665
MANBAL,-0.10752598606648345
C1orf43,3.0748920370923245
FAM118B,-0.6724437618852431
CCRL2,1.3623954624865726
VNN1,3.2010320039715308
MILR1,-0.9647149567707503
EGFLAM,-0.5603697415498
ENOX2,-0.6098194938498497
ST7L,0.07520094345416087
CA3,1.052969261352723
SYBU,1.6902041833772885
PPP1R9A,-0.4462123430934134
SLC24A5,-0.16454294010451395
XK,-0.1004781996515584
N4BP2L1,-1.1074405044199727
CHADL,-0.9676420187960862
ANKRD55,-1.2364995648601456
FMO5,1.922085631479916
KCNJ12,-0.48047312760601635
RCC1L,0.13474044686186118
USP32P2,-1.9756694310691796
AL360181.3,-0.21089425023660946
TXNDC8,-0.2250266585693846
C10orf67,-1.2106652828781632
TAS1R1,-0.8912216704037764
SDHAF1,0.5289485495225461
SNHG32,-0.4727954893224669
CDNF,3.007184946242846
TMEM247,-1.2247616314372995
C18orf63,0.3423483312319229
SNX32,-0.46394257581013537
KLHL26,-0.7749838325348829
FAM156B,-0.5667067698771728
FAM156A,-0.39884092591324294
CCDC196,-1.0496505865935402
SNX20,-0.4205725613537921
FAM81A,-0.8468219558372861
GAS2L2,-0.6705206096090975
PRPF40B,-0.8584487561249748
LYSMD1,-0.8560691227161122
JRK,-0.18328946153793085
EXOC3L1,-0.6703619569766043
FAM13C,-1.9669927995923284
CEP57L1,-0.9840792190644264
LSP1P3,-1.5172688781586774
CEP95,-0.7269971263694361
AARD,-0.4822068132424445
HABP4,-0.5400723590698097
C2orf80,-0.7849825890918571
PRND,-0.8058869909187346
GTSF1,-0.6132864380862044
DEFB119,-1.1979012546680283
AXDND1,-1.3011202185868356
KLHL15,-0.6788946502939415
LENG8,-1.2312283950467902
PSORS1C1,-1.213489593527919
CCDC179,-1.5211088676894586
DMRTA2,-1.2428383186816092
SNORC,0.9406275408340922
TFF3,-0.2454721553675641
ZNF852,2.88092650711683
ADGRG4,-1.058732494133146
WNT7A,-1.6407447053003998
RPRML,-0.5656660801423067
GXYLT1,-0.1802562193548275
LYPD1,-0.19086589579320973
ANKRD9,-0.7240172141946356
NEURL2,-0.9938124445782514
MICALL2,-0.9963346856126296
RRAGD,1.4730203431330378
NDRG4,-0.7169662388472016
ELMOD1,-0.26244598521537765
PABPN1L,-0.79548690090158
CELF6,-0.7326863058144235
CD101,-0.623858996547816
BCL2L2-PABPN1,-0.7048044873529934
AP002990.1,-0.6730300226336998
LIN28B,-0.6136705398668395
RTL4,-1.1999714304765992
AC245033.1,-0.5249996004718589
KIR2DS2,0.3594220841680046
GPR89B,-0.3188768068917541
LRRC28,1.921268340755374
H3F3AP6,-1.0552412372240898
SFXN2,-0.07272833380596783
AP002373.1,-0.7990568836479001
SBNO1,-1.3259657512462308
FCRL5,-0.8100345846844483
SMIM20,0.8883092655741747
SH3PXD2B,-0.6629478247867011
AL355916.3,0.2191706143083484
MAPK15,0.8380361104467877
CBSL,0.0107194079581333
HAS3,1.810174740908798
SCML2,-0.9200889958904512
ACKR4,-0.9339097329801244
MT1E,0.13587096942608443
HACD1,3.9956329795911127
KIF26B,-1.153421523497611
SBK2,2.316343644365577
SLC12A8,-0.15075592176458116
SPDYC,-0.9242387676785108
CSNK2A3,-0.7170648003421596
MSS51,-0.5934049106214812
GANC,3.9388660879927913
ZSWIM8,-0.3494438540308664
KLHL29,-0.45135595753957497
SLC25A30,0.35205530620439834
KCTD21,-0.18619171917893942
IGLL3P,-0.1313922606607371
PARP9,-0.9212702395198137
BPIFB1,-0.34600979406064336
KIAA1324,0.08781136582035132
SCGB2A1,0.05328712502508521
PDE6B,-0.8928809794163576
SDE2,-0.7256819699699208
C3orf38,-0.4471706027532572
PPP1R15B,-0.9401481179369948
KIAA1586,-0.12455126957206024
DNAJC25,2.1204014310834642
RNF43,0.5080471668630203
VHLL,-0.6156666859567815
LRRC10,-0.731758897279813
FAHD2B,1.1654340974327753
CILP2,-0.3846202999776518
PCDHB7,-0.03464744786473334
PCDHAC1,0.17971688420471352
GPR63,-0.7979023078560028
HARBI1,-0.05453271917755517
ALKBH3,-0.05547885600494738
NFE4,-1.5280479211204538
FRMD7,-1.010061230314771
LSM11,-0.8333720959065867
TADA1,-0.7214820340267672
SUPT3H,-0.7546392911482517
USP17L1,0.040851362152091834
MEDAG,-0.5971966761628652
RIPOR3,-1.0309105665039429
TBX18,-0.7055157758456878
EIF4E3,-0.8387284805974423
RNASEK,0.4317700668391418
VILL,-0.36402140622368934
FAM3D,0.39888287399846106
NUDT22,1.519957409440574
CNFN,-0.47919424673072486
GRAMD1A,-0.29602677595487586
HSP90AA5P,-0.17139600750092582
LZIC,-0.6228716377652368
MTBP,-0.8895359860778969
ZSCAN25,-0.48710192508721195
XRRA1,-1.2919017064050637
PARP6,-0.43974237090114887
DTX1,-1.4320133295902564
SPRY3,-0.30679167231980353
KRTAP2-4,-0.3590408898345677
C17orf50,-0.8787691687699699
CCDC125,-1.2211328021421795
SNRPD2P1,0.3430005386917477
HSP90AB3P,-0.06769001692547165
HSP90AB4P,0.47648585314094016
H2BFWT,-0.8090746500666243
NR2E3,-0.6875080364840614
ZNF589,-1.06306003472454
LOC100996709,0.8532604648756923
F8A1,-0.2874590289925569
P3H4,-0.09514371031000723
AC093155.3,-0.8081657398951824
VCX2,-1.0502635797868247
FRMD1,-0.7431164685073184
CA8,-0.2862283244435621
PKD1L3,2.1060997647603426
TMEM88,-1.8519775163370444
CLVS1,3.7291532946711725
HEXD,0.6064672581194167
SLC27A1,0.3021987640967721
KIAA0355,-1.0721489480488902
ZHX3,-0.963258379586052
TNNI3K,-0.4266430712795544
HMGB3P1,-0.09559635833536899
OR8U1,-0.7011640379541322
GLDN,-0.7958296796342431
UNC80,-0.4610632905308928
OR2L13,-0.8342770914963121
ZPLD1,-0.2516947674100518
SSX5,-0.6929189929286105
SSX1,3.806034341995333
SSX2B,-1.43468526004793
EID3,-0.7094905283847316
MAGEB3,-0.8916032006042579
C19orf84,-1.681273915254238
MAGEB16,-1.4973068122395057
MAGEA9B,-0.6084771249303439
DNAH11,-0.8804856270802717
LRRC38,-0.8030420161537717
OCM2,-0.997757691088639
CALHM6,-0.9822001612365464
ARPC4-TTLL3,-0.8458827872290806
TOR1AIP2,0.27771644244515176
KIAA1211,-0.32110401187705756
STYXL1,-0.42156142498259885
CPM,1.626156608135647
SLC17A8,3.0336854756239764
BAIAP2L2,0.22932894349995908
C11orf86,-0.05534364438601757
MS4A7,2.1408402051989888
LRRC66,-0.0023407740346314196
MT4,1.0037092432819872
LCN6,0.5915527513493559
LCN12,0.3427686801232406
LCN9,0.9492066195557695
LCN8,1.182797691638061
WFDC10A,-0.7950273433072517
LCN10,1.0180432664551595
SERHL,-1.4851702029197984
ZFYVE28,-0.04273751331519623
RAET1G,-0.09593233322267551
KLRC4-KLRK1,-0.8922510972862957
RAET1L,0.002187582173323504
MICA,-0.5354525479376323
KIAA0391,0.054387928993507355
THEM4,2.5252023890792157
RCAN3,-0.7359630088348431
TRABD2A,-0.9651264050576537
PIGZ,0.5562442205846353
RIPPLY1,-0.6137032953920848
CCDC183,1.9331719505075653
SLC22A17,0.6145262894515724
IGSF21,-0.46665470675035087
PLEKHG1,-0.9212854012506949
FAM45A,-0.2544618070512757
OR52N4,-0.7470877783212093
OR1L8,-0.7027587749249657
OR52N5,-0.7011640379541321
OR52N2,-0.7011640379541321
TIGD3,0.1221212125444921
ENPP6,-0.18205195235669655
CMPK2,-0.6443273714931144
GNPDA2,2.451521960192147
OR52N1,-0.7366914767456364
CCDC82,-0.36932676496987527
UNC93A,-0.27639359442020517
SBSN,-0.5469050756438
KRT79,-0.9841921851088093
NKPD1,-0.750699701135964
FCRLA,-1.0333482203962312
PPIAL4A,-0.16136431675133986
CCDC97,-0.9056124567184755
PPIAL4C,-0.777030656833628
PPIAL4G,-0.7770306568336317
KRTAP6-3,-0.9129481903024157
KRT80,-0.8742460841391122
C9orf106,-0.6325609518430203
SLC25A18,0.09601627130004073
CSKMT,-0.6149206179167073
RHOXF2,-0.7475603356314888
CDY2A,-0.27725689390477704
CDYL2,-0.5303355034819391
CDY2B,0.41923839390857354
ECHDC3,1.4120930634916777
AC008982.1,1.0734833574100868
CDY1B,0.32351271384348457
SOHLH1,-0.982504790579588
SEMA3B,-0.6146366546956057
FAM160B1,-0.1078799949596207
OR5F1,5.798462515554661
IRGM,-0.516284939722811
HGSNAT,0.4568677037216024
CALHM1,0.6319238520006918
TTYH1,-0.2237092858072996
FAM171A2,-0.13901831477432464
GRAPL,-1.1324890200171336
NDFIP2,3.1076408247995135
PPARGC1B,0.008647894592486504
SH2B2,-0.7731482695321605
PTPA,-0.2663178601736411
TGM6,0.2584718680365044
CEACAM3,-0.06873263491317151
ARHGEF28,-1.2196199578092246
SPRR2A,-0.9140920639398576
ARL17B,-0.7909362305636108
ARL17A,-0.361820930370659
ACBD7,0.17764682599058146
STAP2,-0.6687111285476105
C1QL4,-0.436533598132748
ZNF658B,-0.6833706131345351
SRCIN1,-0.46229614460320645
ANKRD18A,-0.4839735848979889
MTHFD2L,0.49377363642786176
B4GALNT2,0.2931290262253869
POFUT1,-0.4550854579757549
LRRC18,-0.9169272492782544
ISLR2,-0.831757007081561
ZBTB12,0.8776608652731037
RPS6KL1,-0.09667097907110546
STKLD1,-0.13295242807379035
SPATA25,-1.2010695036078063
PLEKHG4,-1.0586375762195523
KLHDC1,-1.2865070783866177
BLOC1S4,2.900339505669067
EFCAB9,-0.9096384330213333
C12orf57,0.19652845260292706
CAPN12,-0.09893296243880621
SPATA21,-0.8241224743062506
SYCP2,-1.0360550128133446
MYOM3,-0.23828184054639015
ADPRHL1,-0.3451164248327788
KLHL31,-0.5660026256966285
LMOD3,-0.006181951847906912
LMOD2,-0.2647427260022703
CCDC150,-1.0414955146171978
AZIN2,0.3442422412928896
MPV17L2,0.7999933231564107
POTED,-0.9770185880757323
PDE6C,-0.7161508614829377
VASH1,-0.6286826393164315
WDFY4,-0.7923487251689072
KIAA1549,-0.1371820791241017
LGALS9C,-0.31066184833690436
LGALS9B,-0.526139159070562
LGALS12,-0.25272851152681597
PTGFRN,0.24812740208452622
C1orf159,-0.22190468258869656
TMEM182,-0.5081641626693603
MFSD4A,3.893263681236034
LGALS16,-0.5761798205894357
MT1H,1.4817262673581295
B3GALT2,1.893519962353658
MIA,-0.4026160050352153
PNLIPRP2,0.9484250041758292
KLHL8,-0.5999168911292364
MGST1,1.2795528371466875
CEACAM7,-0.26649687198995875
SLC22A18AS,-0.21351201500504685
APOBEC3A,-0.7207575663455871
CCL4,3.208304977382929
RTL10,-0.40353892557653026
GGNBP1,-0.6977711943653224
GKN2,-0.5852218627859496
EPGN,-0.9147033702754399
ASIC5,2.280088035691234
L3MBTL2,-1.340592712673986
KRT72,-0.8467323241405451
RBFOX3,0.14055897173121612
IPCEF1,-1.194485159572865
ESPNL,-0.9947911786799651
NUDT8,0.15883641264584525
THAP6,-0.477765838700825
RAB11FIP3,-0.6726949994545627
AGAP7P,-0.8237896398177863
FCHSD1,-0.7843176492308235
PLEKHA3,-0.8512729046514769
CFAP47,-0.5622181236810222
SMCR8,-0.1203916301315465
TLNRD1,-0.7051104855195935
DDX11L8,0.28641039168526244
METRNL,-0.5335439346755223
LYNX1,-0.6184575133444659
CERCAM,-0.7880380731200127
TEX101,-1.0014229958907557
MT1HL1,0.9662300972450745
LARGE2,2.7861775516616456
PSCA,-0.28834032734117465
LYPD2,-0.5258838524093535
KRT28,-0.8587613929170966
KRT39,-0.9755065215726807
KRT71,-0.9315022810594505
KRT73,-0.897214486077976
KRT84,-0.9926884095895198
KRT26,-0.7278847318988358
KCNK13,-0.8940223077532271
KCNT2,-0.7044387470608862
SLCO3A1,-0.16705692270236736
SLC22A10,1.9654412354388326
SLC22A25,1.7247631001042574
SLCO1B3,0.6251919218883846
SLC16A14,1.0776524356367285
LRRC26,-0.6158080000990868
VSTM2A,-0.2478092863249793
PQLC1,2.6702274041527203
WASHC1,-0.5412685467377065
LOXL4,-0.19882082198298073
GPAT2,3.0070861686513917
AGPAT4,2.5377760774039624
HAGHL,0.3443293628543829
LRRC29,0.2854483686454853
LRRC69,-0.8412865354786931
LRRC20,-0.05133810739042086
LRRC30,-0.56934035704732
HYAL4,-0.5667195540560588
A4GNT,0.7451327228564731
GALNT9,-0.13857380368878391
RBM14-RBM4,-0.45171358421876695
DBNDD1,0.2677155986427348
ENTPD5,1.3530744437045519
SEMA6B,-0.5905962899961671
CRB3,-0.18467040007255756
GIPC2,-0.27015214243101143
GIPC3,-0.30610454148762495
PKHD1,-0.5623994409047576
ATAD3C,2.9830257370443625
CERS1,-0.09564282741589966
HHATL,1.0747713166525792
AHRR,-0.37408249333892624
ANKRD36BP1,-0.5183034448825303
BCL2L15,-0.6071091745711144
SLC2A7,1.5139116202039042
ALG1L,1.238990969620115
PIGY,0.2989573999735778
PIGX,0.8117010377879997
SLC36A4,0.2939822847401607
PCTP,2.5133495194603155
TBC1D3,-0.3625562678789537
DHRS7,0.27513302759503727
ENPP5,-0.14717312870009827
ENPP3,-0.05518276727886085
ELOVL4,2.6516182034801092
TXNRD2,2.8947410919769307
CLDN8,-0.7852732795214191
ARSD,-0.005041602765561973
NIPAL2,-0.5674013459358442
VTCN1,-0.5208084623600682
PLEKHS1,-0.17079487184719389
CST1,-0.6094444308734509
CST4,-0.37777699860042796
PFKFB2,2.054620052405833
DYRK3,-0.6660240740329711
ZNF18,-0.8600098998301963
GZF1,-0.8710743738117106
SLC25A38,2.054320683847697
PHLPP2,-0.5333237937438396
FAM43A,-0.6082075525503805
C9orf153,-1.4896119653913287
TMEM254,0.2851574000353448
CCNQ,2.936477365968473
IGFN1,-1.1744936455213264
CELA2A,1.0941547493818986
SERPINE3,0.19265609458737212
BORCS5,-0.22611267514539193
TMEM65,2.487226885761499
BEND3,-0.6442809761720306
ZNF496,-1.0144579722842593
ARSH,0.07785690507689541
ZNF391,1.4351811943732873
RSPO4,-0.7506758831390934
CATSPERZ,-0.5471239778727963
ZNF366,-1.1673209696131652
CES5A,0.5004143514414773
GLIS1,1.7031190370327154
PDILT,-0.3182558153358136
ZNF319,-1.0087970212316655
CLEC2A,-0.03299161346169388
SLC37A3,3.093313611254581
WNT9A,-1.2280694880628567
SRRM4,-0.7654070110794263
DCAF12L1,-1.4396982296618737
PCDHB12,-0.5212674681798464
C2orf78,-1.0745381603149637
POTEC,-0.9932523770748879
KIFC2,-0.6527776865425502
USP42,1.5833608318875187
CRIPAK,-0.5988511873595239
ADA2,-1.2734070657320848
KIAA1257,-1.3319877286967303
C12orf56,-1.312342815560397
CCDC177,-0.5451918399850059
FUZ,-0.6114769329603957
NRBP2,-0.7996609890351981
C8orf44-SGK3,-0.16545235252243423
NME2P1,1.162328760561881
GOLGA7B,-0.6339126101661794
TAPT1,0.10137484228582909
FOXRED2,3.202742600644087
SLC25A25,-0.14050593810721795
LVRN,0.5552430794126008
ERAP2,-0.3249825209173707
TRHDE,0.33422188296639627
TEX261,0.4241232562489283
SLC52A1,0.007821762159380982
RDH13,2.4312759071801398
MIEF2,-0.1613934552119244
PI16,2.485768850439867
MSH5-SAPCD1,-0.9161249029765614
GSTA5,0.6096597477373615
NHLRC4,-0.8406818764079691
CMIP,-0.6675195853194394
SH3TC1,-0.20672180062459006
C8orf76,-0.5158838179289275
SPNS2,0.8214664182775337
PROM2,-0.18070567539291718
OR11G2,-0.7011640379541321
DCST1,-1.3951681490246175
FAR2,3.4950457781987194
MANEAL,1.084723058703898
ZDBF2,-0.27007818300956105
CCDC102A,-0.7978396536086013
FAM199X,-0.6983299734417566
SLC39A13,9.012340754238325
AC006538.2,5.50188106772607
GLIPR1L2,-0.8741021660021793
GLIPR1L1,-1.155663371098086
PDZD8,-0.4540702700030949
TNRC6C,-1.170428063979759
TC2N,-0.9334815847165776
TUBE1,0.24866797417640948
RPP14,-0.5804781320889605
CSDC2,-0.5919173359754892
TMSB4Y,-0.7777629099849035
PHLDB1,-0.4377457196301948
RGS9BP,-0.9339648729072354
PCDHB3,-0.4402510807189935
ACOT1,2.288468792777969
RNF214,-0.16183233841432965
LCMT2,0.3835240451312343
GAREM2,-1.3052179945498557
PRRT4,0.019980708310700715
RTL1,-0.0877174186051087
LEKR1,-0.43160489972565996
SOGA3,-0.7825210195641485
SCUBE2,-0.8722243344080445
FAM149A,0.05200464201201377
CRLF1,-0.8978685386629865
LINGO4,-1.008027197372521
TBC1D24,-0.5771662314603542
EMC3,-0.20989641437863707
ZNF177,-0.5935224109446053
RTBDN,-0.9250865740382903
BPIFB2,0.3549827382054211
BPIFB4,-0.08567576095066191
IZUMO1R,-0.47512455021656264
C2CD2,-0.9773541833333801
NYAP1,-0.4531374474371418
NYAP2,-0.8398404885992731
RCSD1,-1.277137819749915
REP15,-0.8381090533427451
AC093525.2,-0.7670983312572589
TBC1D8,-0.9396364775701388
MTX3,0.6769093385690859
OR9Q2,-0.701164037954132
RSPO2,-0.3348573952168275
RTL6,-1.1301951778748844
CHAC1,0.27323471395269544
TEDC1,-0.7113010857354931
TNFSF12-TNFSF13,-0.429185169686191
SEMA4B,-0.21659934131674533
SLCO4C1,0.4730742155946939
AC011604.2,0.9731132450880331
ELOVL7,0.9748001671151548
CERS4,0.6796330245617465
CERS5,0.47735554776866324
CERS3,0.46596371956193594
SRD5A3,3.1423338326688453
RIIAD1,-0.7678622406363562
PURB,-0.4995172370527665
CHIC1,-0.2975821183534847
LRRC61,-0.8006356599362966
PKHD1L1,-0.7429504604178334
SLC49A3,1.764096644677874
CHRDL2,0.9239958188430573
PPP1R14C,-0.2559951527204963
NXPH4,-0.12417951938503527
GSTCD,-0.4538599031907663
C12orf60,1.1831378784896323
WFIKKN1,-0.470909445631865
DACT2,-0.6104146357698607
RHBDL2,-0.29504048840939845
CCBE1,-0.28275985202750153
MMP23A,-0.24237575092927338
POGLUT3,-0.4284445085713005
POGLUT2,-0.8207939268366494
DCAF4,-0.61729374193596
KAT14,-0.5261444904770073
OR5R1,-1.0412266164126407
RNF222,-1.2473217101707375
ZNF608,-0.7865285337240492
EEF1AKMT2,-0.03615805642918398
FAM133A,-0.5845899637435619
ANKLE1,-0.8910280236865147
NAIF1,-0.8191654199804043
NEXMIF,-0.1748016149881293
SNX22,-0.4194578843797299
NXNL1,-0.03389124244211843
MYOM2,-0.47157160555575095
HSP90AB2P,-0.26016519826412193
SIRPD,-0.5081458802255281
ANXA8L1,0.5776174172289216
MMS22L,-0.738111100140615
CDAN1,-0.7222612957444811
H2AFB2,-0.9398458671414193
C15orf41,-1.0862397436846358
C18orf54,-1.163938486201868
GOLGA8J,0.6405281869090743
NDUFAF6,-0.2243286605329547
MT-ND1,0.10624616198277094
GOLGA8G,-0.49394721377051926
CCDC58,2.689187545718266
DNAJC14,2.5653805615598806
GOLGA8B,-0.7676339223127273
C8orf44,-0.8204766649101477
SPRR2E,-0.6367138347041997
MAB21L3,-0.7477552369318705
CT45A10,0.2562251394172974
SLC24A4,-0.6749896706495405
CCDC191,-2.432359154007445
PITPNC1,-0.904728333510278
RSPO3,-0.8286780598601869
RAPH1,-0.7438668115517395
DEDD2,-0.3438230970397483
TMEM176A,-0.10749160134398558
COQ10A,0.6006933839261608
TERC,0.057915072901012325
BOLA2B,1.8914830593835195
TSPY3,-1.4394777734421158
HFM1,-0.8677251533639719
DCAF4L1,-1.3385169226260736
ESX1,-0.4248602974679755
DND1,-0.8049055251765956
KIAA1210,-0.8183904833765367
WFDC6,-1.218710278055522
AC012184.2,-0.8625993522303831
TMIGD3,0.5949572362738065
TSGA13,-0.763514658793305
SPATS2L,-0.45366006370833434
DHRS12,2.6373262679800233
NDUFAF8,2.0485807914186753
SPRYD4,-0.11739969301396352
SUGCT,0.17459465379905348
HSFY1,-0.3734042160370919
MBD6,-0.9163277763667441
EPOP,-0.7304674777940834
MBD3L2,-0.6132071344527944
ZRANB3,-1.24560528238955
ALL1,-1.0162308944132838
ZFR2,-0.8027261956908979
FAM135A,0.11007686288121883
SNX29,-0.73539039018111
NUDT13,1.7008462870863508
TBRG1,-0.918745103994081
SYN2,-0.022924209297776294
ZBTB49,-0.8322301391856374
FIGN,-0.33666692534684306
NEURL4,-0.7417451036299906
NHSL2,-0.7289098831117956
RPP25,-0.6168669625135439
STX19,-0.42454867653806483
NUDT19,0.053863357410133934
RILPL2,-0.42110255823319737
STARD4,1.71943463860507
PHRF1,-0.3994342464154382
EPR1,3.034624128871446
ZNF137P,-0.6994661375344657
STPG2,0.25504903478447777
OFCC1,-0.07689392819898101
ZFYVE19,2.5254480612014727
TTC24,-0.613426325146604
AL139300.1,-0.49557723540475984
IL17F,-0.7662192321047158
FAM118A,-0.1861323341348894
PWWP3A,-0.6076387753377606
DEPDC4,-1.0523691843097414
SCIN,-0.3467148481152201
MAMDC2,-0.3011517195540823
FAM126A,-0.580373191477661
FAM216B,-0.5315063317688178
CES4A,2.789765741124619
DTHD1,-0.5285967992816863
FRMD4A,-0.5967501282537414
FAM221B,-0.4815627617410052
DOK7,-0.5171608312556026
CFAP161,-0.9596948373965323
KCTD4,-0.9381731392846033
RBIS,-0.46574065112744584
CD5L,-0.19186401491553884
LRAT,0.2352599679874848
FAM83A,-0.722819404062727
NXPE2,-0.5085930558179185
SLC26A11,2.224397491553676
KRTAP3-2,0.6451326781756644
LCE1C,0.314913590202834
PRELID3A,-0.7987608355767409
C22orf39,3.9362971862061276
CLYBL,1.2860575216394896
CTBP1-DT,-0.3710736195893094
NEU4,0.06419425806253762
C12orf49,0.5842083016410203
LINC00663,0.07733441672434939
LINC01547,-0.06250316890081345
DAND5,-0.7357261010428152
VIT,-0.7111055504286629
ERI2,-0.6880340389255033
EVC,-0.5702118525634512
MAGEA12,-0.4337061560336667
SLC16A6,-0.1346148613179317
EDDM3B,1.4961550034832978
SLC7A6OS,-0.7901321887287889
SLC35B4,0.21160673318884668
SPATC1L,-0.3239036514175335
PANX2,-0.3467716074098829
G6PC2,4.1532082120538485
DZANK1,-0.3119052727584051
ACP6,0.6335099503830918
ALKBH6,-0.12883815450914762
TIGD6,0.052639065717796
TTC25,-0.7208476998152309
ELMOD3,-0.41841858169516627
EXO5,-0.12362585857239441
C11orf1,-0.7015757682891038
PEX26,0.18945864675472135
TMEM101,0.059113532547161764
PLGLB1,1.4004356075110012
MRO,-0.35484125174914466
SLC19A3,0.22686025020009903
PAQR5,0.4034874753816129
OSCAR,-0.28991985361610867
CHCHD5,0.2758316749709189
SLC25A51,0.383530487180573
MEF2B,-0.5755395490009397
GPR160,0.17882119559638862
IFI27L2,-0.18235798405996204
CARD19,0.7093922361517363
ZAN,0.890206509661918
FAM107B,-0.6395234074270738
SMIM12,0.4475764383301189
KLRF1,-0.6667949392247686
PRELID2,-0.26674921164719245
C19orf44,-0.2599479201580792
HYAL3,0.32687789303270737
GPR146,2.002501368550926
MTHFS,1.617878385239986
DPH6,-0.47680055223976375
MON1B,-0.4076414026534733
BCO2,0.7525588013227432
TMEM245,0.058681326489140165
TMEM242,1.0018120698706592
CDKN2AIPNL,-0.7959421066163328
SH3BGRL2,-0.15620424812555234
PRR36,-0.45604487735794136
SNX11,-0.5279392726134633
TMTC4,3.752806365981176
PART1,0.890206509661918
TMEM187,0.17120435830505082
TCEAL3,-0.7258213208685631
DACH2,-0.16197996338549928
TMCO6,0.3570876572992538
CARMIL1,-0.465085264170114
CGAS,-0.2836084632439607
GPR108,0.17854006994558247
MPZL3,-0.5965836247030093
OSBPL7,-0.7017363664524998
RUNDC1,-0.7644702943107765
DTX4,-0.8644371535914636
TBC1D19,-0.7222300211109642
KRT222,-1.625512186229407
TMEM266,-0.5367376066567863
C8orf48,-0.8054271532202447
NBPF7,-1.625512186229407
CCDC74A,-2.1784375387508286
METTL27,0.15945581100377124
METTL21C,0.04117893559660289
NBPF15,-0.7674671730927027
SNX15,-0.44909152737371144
CCDC74B,-0.34660075957716024
NBPF1,-0.6665439591490648
SERGEF,-0.643557926506018
SLC2A13,1.970790321160072
MCCD1,0.6378016587240157
SLC47A2,0.3705500870897483
ANKRD36C,-1.0975254244664476
IPP,-0.6960271019910664
RABL2B,-1.2696469922402032
LRRC27,1.380589242622753
GATC,0.52692393929326
LILRB5,-0.08471154795902291
CLEC4D,-0.7329483150031505
CLEC4C,-0.8675397545987258
FLVCR2,-0.09418467221364359
CLEC6A,-0.8309338434216924
EFCAB5,-1.2671617935941057
OR5V1,-1.0220637687425376
SPATA31D1,-1.2969778467657298
RIBC1,-0.6276450734609754
KIAA0040,-0.7214625756195948
IL20RA,-0.7871873411280967
SLC25A29,0.48938086200735326
HSD11B1L,2.4862810618744606
GPR19,-1.09597540761908
FRMPD3,-0.6135572003740024
FAM241A,0.11538804132158657
C4orf33,0.9943630195710099
SRD5A2,0.4137706831420826
TRMT10B,-0.8077034080058978
TMEM64,0.12211709524085594
NKD2,2.3195604766279683
ANKRD36B,-0.5014855349463512
ASMT,0.2081765789537752
ZNF438,-0.8384195903689977
LRRC63,-1.4774623366499644
LIX1L,-0.31600330642688224
TBC1D3C,-1.2679158300062245
TAMM41,3.3754225368741
SPRED3,-0.5424755313451565
CRYBB2,3.7385815513536396
STPG1,-1.847829918083595
RSPH10B,-1.4506563755638975
SPATA6L,-1.2191695296742466
ERICH2,-1.2174151869854168
VWA3B,-1.4284583702597105
PBOV1,-0.7118920913004344
ACAP3,-0.5560454370300271
PTGR2,0.5356985536583049
UGT2A1,1.1135531670834355
BCO1,-0.1661657465609653
APOC4,1.259433736087461
ADH1C,0.8222085338689006
RDH12,1.9218475835965931
MICU3,-0.5526110454466612
PKD1L1,0.44221587269704826
KANSL1L,-0.9804918492413972
MCOLN2,-0.22285984151962604
KREMEN1,-0.7380678822308406
SORCS1,0.992328359345577
SORCS2,3.492811789663024
C19orf73,-0.2756248186089914
STMP1,0.10497515763495263
ZNF746,-0.21285955504905343
OR52B2,-0.8487820810450664
OR52B6,-0.7011640379541241
OR9I1,-0.7186424786032113
OR10T2,-0.6844302064378441
OR5D18,-0.7011640379541322
OR5D16,-0.7011640379541322
OR6P1,-0.7011640379541321
OR6B1,-0.7899049640757049
OR6B2,-0.7681240496136273
OR13F1,-0.7011640379541321
OR51Q1,-0.7766605403301307
OR10K1,-0.6873880846098793
OR10G4,-0.7959384600012975
OR4C11,-0.7573341891767963
OR4C13,-0.7011640379541321
OR1Q1,-0.755134314769964
OR1C1,-0.7698154585893631
OR11H12,-0.5757378652053684
OR8D4,-0.48256068761888665
OR2K2,-0.5760002439806569
OR5AN1,-0.6806437338801793
OR6S1,-0.701164037954132
OR5D14,-0.6154032038548334
OR13A1,-0.701164037954132
OR51B5,-0.7011640379541321
OR51B4,-0.7090950256802842
OR51B6,-0.8896579692267652
OR1I1,-0.8941514805852679
OR10V1,-0.7011640379541321
OR4D10,-0.715439092854161
OR4D11,-0.7011640379541318
OR1L4,-0.701164037954132
OR1L6,-0.7011640379541321
OR1L1,-0.701164037954132
OR1L3,-0.5017655691024486
OR2J3,-0.07047913437737657
OR2AK2,-0.783590084692471
OR2AE1,-0.9851484876997304
OR9Q1,-0.7011640379541242
OR51A2,-0.7252800551920645
OR51A4,-0.7115087693392065
OR4F6,-0.7410905137512763
OR4F5,-0.7606843826540342
OR6Y1,-0.8131987096589196
OR52A5,-0.7288567365847998
OR1S2,-0.720556939216987
OR4F21,-0.7453536472652988
OR10W1,-0.7011640379541322
OR1M1,-0.6682127937488775
OR8B2,-0.7510810542164484
OR8B3,-0.7011640379541321
OR8B4,-0.701164037954132
OR8B8,-0.7764760037871452
OR52M1,-0.7011640379541321
OR6K2,-0.6138775734105961
OR2AT4,-0.7250277451866626
OR4F4,-0.7011640379541322
OR13C4,-0.7676103123141307
OR13C5,-0.7011640379541321
OR13C2,-0.7011640379541321
OR13C8,-0.7207993406449528
OR5A2,-0.8155705333675676
OR5A1,-0.7634326903892639
OR4E2,-0.6705122937813932
OR4K5,-0.6212670930897024
OR4K1,-0.7011640379541322
OR4K2,-0.7087326590270692
OR51V1,-0.7964521465955325
OR4F15,-0.7011640379541321
OR4F17,-0.7011640379541321
OR4C46,-0.701164037954132
OR8S1,-0.9005357805194323
OR10P1,-0.7486702396779543
OR1N2,-0.701164037954132
OR1N1,-0.7011640379541321
OR8A1,-0.7011640379541321
OR52L1,-0.6712662477326584
OR2Z1,-0.7011640379541321
OR2D2,-0.7114772226374028
OR2D3,-0.7011640379541321
OR5B21,-0.7011640379541321
OR5AC2,-0.6168418874361271
OR5B3,-0.7124670631793307
OR5B2,-0.7776503062639641
OR2AG2,-0.7011640379541321
OR2AG1,-0.7324579689705465
OR51G2,-0.7061294777654182
OR5T1,-0.4867294710143355
OR5T2,-0.7776503062639641
OR2A12,-0.7011640379541322
OR2A14,-0.701164037954132
OR10G7,-0.8022544268713765
OR10G3,-0.5711068308252695
OR10G9,-0.8492567001164542
OR10G8,-0.7929787343258851
OR4D9,-0.696456786506511
OR4D5,-0.7011640379541321
OR14I1,-0.8315737820427137
OR10Q1,-0.7011640379541321
OR10AG1,-0.5423792872066568
OR2G3,-0.7011640379541321
OR2G2,-0.5903594332602029
OR2G6,-0.6201646206802969
OR2A25,-0.8286422567361008
OR5C1,-0.701164037954132
OR9G4,-0.6950602522204826
OR9G1,-0.7406943138558919
OR5H15,-0.7081517700524765
OR5H14,-0.701164037954132
OR51T1,-0.7120698758624829
OR5B12,-0.7011640379541321
OR10R2,-0.7011640379541321
OR51F2,-0.7566585221300053
OR52J3,-0.6946300400396944
OR8B12,-0.7011640379541322
OR2T8,-0.7035816944457584
OR2T4,-0.701164037954132
OR2T5,-0.701164037954132
OR2T2,-0.7011640379541241
OR2T3,-0.7109196790204824
OR2T1,-0.7145986215328963
OR11L1,-0.7011640379541321
OR5AS1,-0.7011640379541321
OR6V1,-0.7011640379541321
OR1J4,-0.6853502254817598
OR51E1,-0.3709698941640933
OR52H1,-0.7081486937858809
OR10A3,-0.9007937344309617
OR10A2,-0.7011640379541321
OR10A5,-0.7880921169543917
OR10A4,-0.817325069791804
OR10A7,-0.701164037954132
OR51M1,-0.701164037954132
OR10S1,-0.701164037954132
OR52K1,-0.8089983622887522
OR52K2,-0.8223893376874598
OR2V1,-0.7011640379541321
OR7A10,-0.8532354911680533
OR2AP1,-0.7012913129174897
OR2A1,-0.7783198062937728
OR2A2,-0.6901627488752943
OR2A5,-0.701164037954132
OR2A4,-0.8094652794732446
OR2A7,-0.8184376255479758
OR2T34,-0.595371661444872
OR2T33,-0.701164037954132
OR6K3,-0.6972443721028242
OR6K6,-0.701164037954132
OR7D2,-0.7514529356142707
OR51D1,-0.7011640379541321
OR5W2,-0.5487548382865469
OR6C65,-0.5795137132498991
OR6C68,-0.7012913129174897
OR9A2,-0.701164037954132
OR9A4,-0.7011640379541321
OR4A47,-0.6869963248384993
OR13C3,-0.7186424786032114
OR13C9,-0.7271389327989192
OR10AD1,-0.8317776656153517
OR2V2,-0.7808151251349361
OR52E8,-0.11737567812930161
OR2Y1,-0.7109705903157121
OR1J2,-0.662452023566721
OR1J1,-0.7795346536565192
OR1D5,-0.6908739201437504
OR8K5,-0.585120616955957
OR6X1,-0.6682127937488775
OR2T29,-0.701164037954132
OR5H1,-0.5952242221078318
OR5H2,-0.7776503062639641
OR6C75,-0.6915483769905276
OR6C74,-0.6339550288759898
OR6C76,-0.6421032427630854
OR6C70,-0.7414377084010272
OR4N2,-0.8006034601632375
OR51I1,-0.7011640379541318
OR51I2,-0.701164037954132
OR52I2,-0.701164037954132
OR2T27,-0.701164037954132
OR52W1,-0.5503370494087707
OR5AP2,-0.701164037954132
OR1K1,-0.7087326590270692
OR2T10,-0.7173484814672865
OR2T12,-0.6987109007866702
OR2M5,-0.701164037954132
OR2M4,-0.8304116094027542
OR2M7,-0.7187754364714604
OR2M3,-0.701164037954132
OR2M2,-0.701164037954132
OR7G2,-0.6659042990833774
OR7G3,-0.7190021001104351
OR7G1,-0.6395314847034574
OR6M1,-0.7751757029825139
OR51A7,-0.701164037954132
OR4M1,-0.701164037954132
OR4S1,-0.6789848433344581
OR4S2,-0.7338557442522067
OR11H1,-0.7145986215328962
OR11H6,-0.6235913505475541
OR11H4,-0.8943598223825007
OR56A3,-0.6941223359610245
OR8I2,-0.6977890152427362
OR56B4,-0.701164037954132
OR56B1,-0.701164037954132
OR2B3,-0.7749641657253771
OR2B6,-0.7585835610107274
OR13H1,-0.701164037954132
OR2L5,-0.701164037954132
OR2L2,-0.7551343147699638
OR2L3,-0.7011640379541321
OR5AK2,-0.701164037954132
OR7D4,-0.7752518003901917
OR5J2,-0.7672123862771616
OR14C36,-0.701164037954132
FAM186A,-1.316555390377763
OR4L1,-0.701164037954132
OR14A16,-0.6976368935408405
OR2S2,-0.7063696960474893
OR4N4,-0.6082852942900379
OR4N5,-0.6881811843856628
OR8H1,-0.701164037954132
OR8H3,-0.5805942065877333
OR5K4,-0.696456786506511
OR5K1,-0.7011640379541321
OR5K2,-0.7011640379541321
OR8H2,-0.47541620791110256
OR10H4,-0.8441774536083967
OR10H5,-0.6349714832652996
OR4C6,-0.6671141223726141
OR4C3,-0.701164037954132
OR10Z1,-0.8257353221229551
OR52D1,-0.7380420574027834
OR4Q3,-0.7007958674323194
OR9K2,-0.8049067529868714
OR5AU1,-0.8049067529868714
OR13J1,-0.7011640379541321
OR5M10,-0.701164037954132
OR5M11,-0.701164037954132
OR5L2,-0.7011640379541321
OR6N1,-0.7850290144030939
OR6N2,-0.701164037954132
OR13D1,-0.701164037954132
OR4K15,-0.7090384161998989
OR4K14,-0.701164037954132
OR4K17,-0.7172934420383068
OR4K13,-0.7011640379541321
OR4A16,-0.6918792289429674
OR4A15,-0.7013045425850073
OR51S1,-0.701164037954132
OR4B1,-0.701164037954132
OR52E6,-0.7011640379541321
OR52E4,-0.6895383216872631
OR52E2,-0.5616811195064203
OR4P4,-0.6744528892923353
OR6T1,-0.6966926174110213
OR56A4,-0.6529588041893652
OR56A1,-0.528501068149769
OR2B11,-0.8709593732771086
OR5M8,-0.6010137029457648
OR5M9,-0.701164037954132
OR6F1,-0.8943598223825007
OR5M3,-0.8121129146558167
OR5M1,-0.6885029954275573
OR6Q1,-0.701164037954132
OR6C2,-0.6473313546623198
OR6C6,-0.7643577909257965
OR6C4,-0.7042620868894924
OR5K3,-0.7809958477500542
OR13G1,-0.701164037954132
OR51L1,-0.7011640379541242
OR10J5,-0.8352654248657178
OR10J3,-0.7604243310941701
OR4A5,-0.691918293895185
USP49,-0.08241884828710057
ZNF561,-0.49810337973517277
NEK5,-0.6134416666388957
ASCL4,-0.4708112818802192
ZKSCAN2,-0.6946597178244267
TMCO4,4.667014193926474
AC040162.1,-0.3336473416416102
SAMD13,1.4049681040760191
MAGEA3,0.1319534806117015
TMEM161B,-0.5339265800008212
JAKMIP1,-0.7481575316775979
TRIM51,-0.5729834050008946
AC023055.1,-0.058418622957154574
CPA5,0.057678579623548325
DNAH6,-1.0382921438254369
HSPB9,-0.11675012097394617
C16orf74,1.3309719745293531
LINC00482,-0.47288814481307356
DIPK1B,-0.5048992732986748
TMEM250,-0.3111831898301893
DIPK1C,-0.16175843828011324
KLHL30,-0.5641922633721714
SMIM8,-0.4050811289507781
CLEC12B,2.605956760415957
CLEC9A,-0.2866636879107746
KCNT1,-0.9087705681730336
PRR5L,-0.7082245034517697
TMEM178B,1.09714877368273
LEXM,-0.2512626741206718
YJEFN3,-0.47450871525927946
PMS2P1,1.0690105609748064
FCGBP,1.040291265918046
HES4,-0.5791102503956749
DHRS4L2,2.3927803600420128
RNF135,1.6095899207348343
SDR16C5,2.195370946522908
SLC45A3,0.33432543591645414
PRSS46P,-0.0924357650252014
STEAP2,0.6867945862070621
DNASE2B,-0.5038590587758615
TRB,-0.411375292129429
THEM5,0.0345176955444961
ACOT6,0.8069000884934158
XKRX,0.46967310340059354
RTKN2,-0.6683094924165296
USP27X,-0.23196967033574908
HMGCLL1,0.6625230554236862
FAM78B,-0.56281975421505
IER3IP1,-0.33496776935723593
BEX5,-0.8851373982404006
PACRGL,-0.9440444842739083
TCEAL5,-0.6146175766278179
TSPYL5,-0.45205724182008233
TCEAL7,-0.6942867101860561
ARMCX2,-0.4271681710618326
AC005520.1,0.3747659720315592
TMEM163,1.236327401246134
PXT1,0.09067649800319079
MCTP1,-0.46928912057895517
TP53AIP1,-0.7467469397728005
CD207,2.339003081884712
PRSS16,0.03516449988904225
NICN1,0.018513633591441255
VWA2,0.1857372831036441
DEFB121,-0.2089753030669259
ISM2,-1.1718848977508498
RNASE13,-0.25840944076632916
ANKH,-0.3045006020303677
CPXM1,2.45331541141426
PLBD2,-0.2988953042394912
RGS21,-1.5406559127157
GNRHR2,-2.122111054437074
AC073610.2,-0.8906573932397642
ARL9,-0.9790130178321224
OTUD7A,-0.4561897545475529
PLCL2,-0.5852671493226815
BMERB1,-0.6805237052067553
RIC8B,-0.6464992429948385
D2HGDH,2.984090726374181
C21orf58,-1.0411423981368264
PHOSPHO1,0.38207775776648945
CHTF8,-0.22158643347298895
RTEL1-TNFRSF6B,-0.38384522581725644
EYS,-1.0015711281454305
HAPLN3,-0.40108226510419875
SMIM10,0.6405281869090745
GRAMD2A,0.23540165863619647
OR51H1,-0.6912234442985449
OR4F3,-0.8281615852415302
LHFPL3,-0.07978080562967939
CLIP2,-0.7912704319640986
PRR7,-0.20833762039907844
CA13,0.6214086790414703
AFG1L,0.8124550800297099
NOL4L,0.08343541606067277
PITHD1,-0.3540481403529183
MAP3K7CL,-0.919834047944843
AC100868.1,1.497045856489767
EPPIN-WFDC6,-0.6372768553319917
BSPRY,-0.6640066524976566
C9orf139,-0.060079532198940966
WFDC13,-0.4454203105337546
ZDHHC2,-0.21696088482236786
HSH2D,-0.725161931070986
BHLHE22,-0.6873803908574114
SHD,-0.62041905256831
SFXN5,0.7241820185863616
SLC22A24,1.8414912978441809
TIGD2,0.7354931321766764
PRXL2C,-0.35632148491744525
CPNE8,-0.4205918603299949
TMEM18,0.07354839105999758
ZNF280B,-0.7339515910860689
FSIP2,-0.09201111280079301
SPANXA1,0.9004448766018794
PGA5,0.021353304353302193
AMY1A,2.070163806254567
AMY2A,2.388838485679823
LOC284412,-2.347965400272943
MESP2,-0.41732109982864884
PSTK,0.08042930255090278
PPDPFL,-0.12798076098375286
PRXL2B,-0.08412719097930955
TSPY8,0.6405281869090748
IAH1,0.15813509393753566
TMEM170B,-1.5767503076710716
IGKV2-40,1.0550309935969382
TRPC4,-0.5275136629716518
FAM219A,-0.4430966462997197
DNAH10,-0.9508356983686144
ARL8A,2.2182508133793366
YIPF7,-0.19694924891705412
NKAIN1,0.2600995348623625
SYCE2,-0.5521132072000805
TMEM132E,0.7137728233196766
RBFA,-0.6061533661132789
TMEM132B,0.1578885038068585
SNX24,-0.5041483193700047
KLHDC8B,-0.8684041032538883
KLHDC7B,-0.8545779847019551
KLHDC7A,-0.6327031416937925
KBTBD12,-0.8021809188894993
DCAF12L2,-0.8381366806376915
SDHAF4,1.1492967857548368
FKBP7,-0.6081551849245974
FBXO16,-0.8885405157520256
SPRYD3,-0.05376631062439394
SLITRK2,-0.9689852021010339
HIST1H4G,-0.8127405858073791
H2AFB1,-0.8929726117841003
H2BFM,-0.8558646229528376
TNFRSF18,-0.8662924786123495
CCL24,-0.9838577597517274
FBN3,-0.22636484868878773
WFDC12,-0.7656823297912867
KBTBD11,-0.170529644306516
LYPD6B,0.166737731913832
PALD1,-0.3604039903494544
SLC5A11,2.0166773230794703
SLC52A3,-0.1085810041404775
AC010542.3,-0.16289913655528537
AKR7L,-0.4244186042501304
ZNF618,-0.5050073256650867
POTEB,-0.5134894125270497
PERM1,6.08429977934539
XIRP1,-0.4065019974359169
TP53I13,0.3498174398033204
BLOC1S3,2.6902859802548496
MIOX,1.8787319447669473
TSNARE1,-0.28869320631754547
TMCC3,-0.8240350227447533
STX16-NPEPL1,-0.06886744146842688
NDNF,3.4424521103846826
SLC10A4,6.451205820991349
MFSD9,3.5212385616767405
SLC46A2,2.638714119886002
SLC18B1,0.5251811374643229
SFT2D3,0.21760335615916182
LEMD1,-1.855650896162199
SLC45A4,-0.2435213666579241
GSG1L,-0.609159569181403
C12orf66,-0.6756433968508353
LINC00598,-0.24118776563678093
IDO2,0.09449729859528544
ANKMY1,-1.1222238858961675
ARL15,-0.03992351152676599
C16orf54,-0.6458483769022981
AC005324.3,-0.8477170276757849
TRIM64B,-0.6620255642397399
GAS8-AS1,-0.8649943270373486
TRBV2,-1.0363110132995546
PCDHB10,-0.2530460406966907
PKD1L2,-1.312538603686657
F8A3,-0.34378120004839047
C10orf90,-0.5175948931585841
ST8SIA1,-0.2358668822810435
RBMY1B,-0.8990927336969139
HELT,-0.7394118288924264
TCF24,-0.5492164869942944
TCF23,-0.7765172755941813
ASCL5,-0.5581336039689865
PTF1A,-0.806284270308703
MMAA,1.0531240707176666
ACOXL,4.092877545522168
TTC39C,0.19437755124904563
PABPC4L,-0.699299325858876
RNF152,0.14301312289124546
AC037459.1,-0.722839118615289
AL365205.1,-0.6469399440774531
RNF157,-0.4200460466487626
ATOH8,-0.2692863543091314
TMEM145,-0.632635188731168
PRRG1,-0.276173408554382
KDF1,-0.4790767470011659
CMTM1,0.4084211926634328
MIGA1,1.8850224299313905
CIPC,-0.2583513370953842
ZNF320,-1.0682869711464975
SPACA6,-0.6490416768649829
WNK4,-0.4485227761423923
ICA1L,-0.024660301056027876
MS4A14,0.03933744399343367
CCDC103,-0.12019370262668462
DPY19L2,-0.44603603343751175
TSPY10,-1.6210918996112098
ANP32D,-1.9519683008793816
ZNF385D,-0.2875156369860658
CD160,-0.8139027402727405
MARCH8,0.7772961066770225
RUFY4,-0.4080905856593329
OR1F2P,-1.473506227877726
SLC37A2,1.4888544778232968
SLC16A9,2.8652842662490134
NKAIN4,5.5874459538211765
BRINP3,-0.16345183112980993
WDR31,-1.0674323169664046
MEIG1,-1.4847323160295194
MFSD2A,1.5591769776571172
SLC6A18,3.5938400308892504
MARC1,2.5903391691811652
MAP1LC3B2,-0.2967268090348509
C2CD2L,0.054643352955426924
PCNX3,0.45445664491996945
GPR157,-0.6212801137664388
HSFY2,-0.8635298498614181
SH3TC2,2.716461413416912
SSX4B,-0.9574068086896974
SYCE1L,-0.9814946543284684
NIPSNAP3B,-0.7444008575817833
NUDT16,0.06554745094383316
ILDR1,0.09794287886976193
ZDHHC20,1.4021972133896299
LDLRAD3,-1.13711477712371
TCERG1L,-0.07002417085270107
MINDY1,-0.3628204283957201
LRRN4CL,-0.6704130924711279
RSPO1,-0.5480309837535653
UGT3A1,0.8851248035512482
CMBL,0.8004631207388765
IGSF9,-0.22406946089587215
MYBPHL,-0.38650958986168754
FRMD4B,-0.7868950086011093
SLC5A3,2.503550721425135
LMTK3,-0.20053186816781793
HES3,-0.7039278257330482
WT1-AS,-0.3109699785996502
GSTT4,-0.6007704682940086
MT1A,2.5299031221308375
ATXN7L2,-0.5258350174846369
KNCN,-0.7929586365095399
TAL2,-0.5651685000450831
METTL7B,0.05169922574895185
FSCN2,-0.8311547365418198
IGF2-AS,3.390280407596798
FIGLA,-0.5325998811660768
PAIP2B,-0.49985242009672454
TRIM7,2.6849591712091785
TMEM99,0.7072222379526799
ARSI,-0.09679466090061888
TREX2,0.2921282811375965
ZNF185,-0.7331075227721049
NCCRP1,-0.08643362487144542
PLEKHH2,1.2067474075905957
SEMA3E,-0.19053420922688638
PIH1D3,-1.1154414298100368
NCOA7,-0.6625503864145321
TLDC2,-0.26913496384247726
CT45A6,0.6081937735391756
CT45A5,0.6081937735391701
ADGRG7,-1.0161410486595288
GTF2H2C_2,-0.6663219159582883
CSMD2,-0.8077406707537016
KCNA6,0.930666391526498
LGI4,-1.1785723859100226
AC026786.1,-2.096417972451133
C17orf77,0.20509516219195992
RNASE10,0.17936164339462748
BFSP1,-0.5817904614185498
ELMOD2,0.026091621343665435
AC012309.1,-1.3638577675617491
SCGB3A1,-0.48584264787067655
CCDC17,-0.6792367950269435
C22orf15,-0.56593771178308
SNTN,-0.49372942028148514
GPR85,-0.47364386882361664
RFESD,3.621362998272032
KCNRG,-0.16174700134786715
INSC,-1.160355117772283
MMP23B,-0.7540856687517392
ASTL,-0.2275623951602985
UCMA,-1.21919348202962
OST4,0.16671498423800113
KRTAP1-3,-0.6322830849128769
PRDM11,-0.4557371335046615
CDH26,-0.7686896361827155
PRAC1,0.49608033301403526
RPS10P5,-0.39787662596779716
RPL17-C18orf32,-0.5026271375088845
RPLP0P6,-0.5037883103739088
UMAD1,-0.6779104470549638
CATSPER2,-0.8819698910554623
SEMA3D,-0.5048663991849961
FAM163A,2.79966871797041
ZBED2,-0.7280904591436835
PPP4R4,0.07454133260350626
SETSIP,0.25589068848638713
EBF3,-0.8507651918338153
IL22RA2,-0.7654544824248533
EPB41L4A-AS1,-0.49826038019330227
LRRC37A3,-0.944241031156396
LRRC37A,-0.9180688377347774
AMTN,4.706467811943161
DOP1B,0.03479546937767544
MAP7D2,-0.882077122753058
ZNF385C,-0.9593656554695175
FCRL4,-0.020381941114101153
BLID,-0.5163991569345032
B4GALNT3,1.2868087415422493
FNDC9,-1.4412081801785763
MTRNR2L1,0.08949213074940215
SPTY2D1,-0.8614159560026907
ZNF626,-0.4787035831086152
FAM83F,0.6251737698330735
SLC9B2,-0.18136293122043448
ARMH4,5.948332145705814
TEX28,-0.4720692135796725
UPK3BL1,-0.1753742369819058
KRTAP13-1,-0.6944297597771918
LHFPL1,-0.6942243363866631
CCDC157,-1.9675459356667164
NPIPB5,-1.6315958425273358
SLC35G3,-0.8054242088814196
LHFPL5,0.03287041653351548
TMEM86A,5.558115247292197
C14orf180,0.44404704208634777
SERP2,0.905708467872424
CCDC159,-0.561435469305941
RD3L,0.2774433848003774
TSPAN18,1.2187355590557272
SPACA5,-1.5539818743615523
SYT15,-0.2128747142636893
ZNF705G,-1.769062841648676
KIF6,-0.8569420455297933
KIF12,-0.8486024235328672
CLVS2,3.535434530178663
FAM219B,-0.20826852265052834
LY6G5B,0.07470325707294555
KIAA0754,3.337413868397708
LOC102724334,0.6283680535669155
OR5H6,-0.5526071439094833
BSPH1,-0.43958124457766784
WNK2,1.275786273917715
C2CD4C,-0.5017910772221122
IGLON5,-0.9769926910883628
PRRT1,-0.7700732998195693
PRRG4,-0.6588718690552139
STEAP1B,0.9709869502527049
KCNJ13,-0.3107396115417863
SHE,-0.6396635818267358
RFLNB,-0.07231375105429481
CCSAP,-0.8294545340310382
ZBED6CL,-0.6896285364012076
ITPRIPL1,-0.4768065193255265
C14orf177,0.3403760149983044
UPK3BL2,0.13076690226678542
TMEM178A,-0.8292486200579807
RGS7BP,-0.8363266554616532
OTOL1,0.1414978343340541
C1QTNF9B,0.6057753165639552
TIMD4,-0.4986081498759623
SCGB3A2,-0.4477930576864509
BAHCC1,-0.6281981644304637
CDR1,-0.6908782477216324
ANGPTL6,0.999837562893595
PRSS36,3.9962769486082195
SMIM5,1.0638679226832013
ZAR1,-0.9893103780102012
C1orf53,1.653777503966647
ISM1,-0.6444079532778839
C1orf54,-0.2853466040223064
KRT8P12,2.517101105012838
MAGED4,-0.11941779116908713
CEP295NL,-0.003117088382770193
GPR149,-1.426505306137572
ARFGEF3,-0.1900743885300467
GPR148,-0.5887886443203508
AL662899.3,0.07470325707288646
NBPF22P,-0.5404140519498702
ACP4,0.258495794099964
ADGRD1,-1.0740422229102526
SPDYE1,-1.1632252176876443
M1AP,-0.8262184081376368
AC005670.2,-0.23206041913636277
CDIP1,-0.36919018149696503
GPR180,-0.12111757749777122
C2orf76,0.42516444125372843
SVOPL,2.0991720772816573
DCST2,-1.1593862555853371
IL1F10,-0.4400331540108105
PSAPL1,1.716144094455527
IQSEC3,-0.6814266306533793
CD99L2,-0.3879699400460901
NAIP,-0.16751100479339384
MROH9,-0.8805760792394999
STON1-GTF2A1L,0.6035866725131593
CHURC1-FNTB,-0.28917037317017485
RPL36A-HNRNPH2,0.6405281869090744
ACTL9,0.8327976774189958
AC012254.2,0.8093590957671695
DHRS11,1.30184593866461
ARMH3,-0.23332972270576866
POLR2J3,-0.44832144772896537
SPEF2,-0.9296822513045061
COTL1P1,-0.38779753119589716
AC004754.1,0.7745961493259842
ENO4,3.1613418443335224
CRAMP1,-0.39982547463740903
SH2D3A,-0.5017143180209733
CTAGE9,-0.5215431604240433
AMN1,5.585262183879071
ENHO,2.143592315512372
C9orf66,0.7008043324779518
TMEM181,-0.36830418194168496
NIPAL1,-1.1186993862699524
NSMCE3,-0.7008255321663887
AC020909.1,-0.7012713148929592
TMEM218,-0.19287829344618296
CSNK1G2-AS1,-1.1806257989374678
C2orf81,0.28755863874800264
FAM43B,-0.5271516478852597
CTAG2,-0.14601162912365862
C19orf47,-0.7146868420731617
USH1G,-0.8734367537925566
ATP5MF-PTCD1,-0.10386300178837536
CCDC198,-0.3843153045313863
SOCS4,-1.012078093825135
ST6GAL2,-0.18079704158710502
TMED7-TICAM2,-0.6254620380438348
CARD16,-0.7092746041184945
SLFN13,-1.1955040848295555
C11orf21,-0.9162673796208279
KY,-0.10549563413886279
RENBP,0.2211420268939835
POTEG,-0.6911247019192557
MFRP,-0.33858866778082053
AC020915.1,-1.795531511546305
SH2D4B,-1.136525942184595
AL049634.2,-0.36865330911819505
MLIP,-0.40370333137757514
MTERF2,0.0319272090898037
MEGF11,-0.974668670973768
FGD5,-1.0081182098986141
BORCS8,0.023366565410698332
ZNF90,0.6405281869090744
PI4KAP1,0.5163892290878199
CACHD1,-0.36676886216779137
TMEM189,0.24941013391084843
MFSD3,3.3578982255191048
SLC26A5,0.4835509015930045
FAM124A,-0.880377414448441
IL18BP,-0.9664578472339367
PHF13,-1.051393692019347
ODAPH,-0.152800235466703
FOXD4L6,-0.5666846254636518
SFTA2,-0.45892856509138685
CBWD2,2.9450440859091542
GAGE12B,-1.096542549985052
GMCL2,-0.7982549478243178
PROX2,-0.4821862435609613
BTNL9,1.5896756337439009
FAM153CP,-0.7523396963571555
LOC100288778,-0.7523396963571689
CAPN10,-0.5808912323832274
AC138696.1,-1.5606643717515365
ITPRID1,-0.416603781358954
GAGE12G,-1.1091784421107345
LKAAEAR1,0.14624462295775925
HSP90B3P,1.472201485888368
TNFRSF6B,-0.2058386347803766
DTWD2,0.5144942896813076
TUBA4B,-0.23913619776039238
CCL3L1,-1.0522068069319734
GPR155,-0.565629240720697
CCDC78,-0.5490290247270165
RPP38-DT,0.5507765942612052
RHBDD2,2.268800761094283
CST5,-0.6811097321269381
C12orf73,0.5685653011756486
TMSB4XP1,0.9964122410550204
FKBP1C,-0.22618099140085088
SSX4,0.5340223960768845
EGFL8,-0.28028009786668534
SMIM4,0.09213811457758454
CENPC,-1.3154546660072028
AQP11,0.790717412513082
NKAIN3,0.19669500019574734
AL691442.1,-0.6427188349298693
PRTG,-0.7203915525772597
CORO7-PAM16,-0.39643179500513404
ENAM,0.20228199783196762
TBX15,0.25811313202302005
BPY2C,-0.35267175612437546
LOC727751,-1.1247448899214154
INSM2,-0.3052159345855701
TMEM200B,-1.06013752085691
SH3BP5L,-0.763042014367486
CROCCP2,-0.0023682627488386685
OR14K1,-1.0072055769846748
OR2L8,-1.041226616412641
OR52B4,-1.0772061459843767
OR1B1,-1.041226616412641
OR5D13,-1.041226616412641
OR2W5,-1.0412266164126407
OR5AR1,-1.073248499036573
OR4E1,-1.041226616412641
OR4K3,-1.041226616412641
OR2I1P,-1.041226616412641
OR2T35,-0.5368656330895695
OR4C45,-1.041226616412641
AC135068.1,-1.093034526536535
OR14A2,-1.0226601193333054
OR51J1,-1.041226616412641
OR4A4P,-1.0412266164126407
OR4C16,-1.041226616412641
OR8G2P,-1.041226616412641
OR1F12,-1.041226616412641
OR51G1,-1.041226616412641
OR4C5,-0.9262004085052333
OR10G6,-1.041226616412641
OR10G2,-1.073248499036573
OR8K3,-1.073248499036573
OR2AJ1,-1.041226616412641
OR4Q2,-1.041226616412641
OR11H2,-1.041226616412641
OR6J1,-1.041226616412641
OR4X2,-1.073248499036573
OR3A4P,-1.041226616412641
OR51B2,0.6541215215138864
OR8G5,-1.0412266164126407
OR8G1,-1.041226616412641
OR52R1,-1.041226616412641
OR10D3,-1.3530922742782432
OR5L1,-1.041226616412641
OR8U9,-1.2028338358561181
OR8U8,-1.041226616412641
OR51F1,-1.041226616412641
OR2J1,-1.0146053449673245
OR2T11,-1.0412266164126407
OR52E5,-1.041226616412641
LOC107987545,-1.439738532127345
OR2T7,-1.041226616412641
OR56A5,-1.0412266164126407
OR4M2,-1.041226616412641
OR4F29,-1.0412266164126431
OR1S1,-1.041226616412641
OR10X1,-1.202833835856118
OR11H7,-1.041226616412641
OR10A6,-1.041226616412641
OR4A8,-1.0412266164126407
AP5S1,-0.02297261181034012
C2orf72,0.6630606639817777
RPL21P97,0.9923341344982649
UBTD2,0.409108385064651
ST20,-0.5677127488915042
DAPL1,-0.7278473182214434
DACT3,-0.9790431430559798
FAM74A4,-0.25701136120070517
FBXO48,-0.6639882761470595
SDR42E1,3.190611078025849
KIR3DS1,-0.3051512923915833
SPRR2G,-0.5883151115261125
IL36B,-0.08169784640921782
LYPD5,-0.5078067755703253
ADGRF3,-1.1601660291306308
CRB2,-1.173257733556005
GLYATL2,0.4913542065490836
GLYATL3,0.8282114800080044
KRTAP6-1,-0.5441343506956887
RNF187,-0.0468925731955536
ZNF727,0.6405281869090745
PRR12,0.06977644157479573
SELENOV,-0.2129153593424886
ZNF488,-0.37696851896353967
NTN5,-0.5699781589418982
CCDC71L,-0.6669310231756672
SLC43A2,0.3811377536400292
PINLYP,-0.6947703332743976
ASPDH,1.0472705423551232
SLITRK6,-0.9397224918451961
LRRC75A,-1.3310382271447394
ELFN1,-0.09721130556962419
LRRC37A2,-1.1696657315603742
LRRN4,1.2528029129242197
UBALD2,0.335243650724658
TREML4,-1.4255679469679885
SIGLEC15,-0.4542186261518097
LINC00305,-2.4481713414685613
PXMP4,2.502014209417394
C8orf37,0.9192924460149743
SPDYE3,-1.3922786310593995
ST8SIA6,-0.5666532136342
ZNF729,-1.4394330916364173
ANKRD53,-0.5612093338443815
SNHG29,-0.5604195686078152
TFAP2E,-0.035071204824203395
CITED4,0.4399043357963759
VSIG10,-0.2231693121074902
APOL4,-0.7258560040587382
LINC01600,0.8953611520375299
USP26,-0.9770887280284755
PRR9,-0.3674903758822962
ZNF728,-1.5535390142956262
SLC44A3,3.160645729421644
TMEM198,0.38833449055653324
ACTR3C,-0.7559880398674617
MIDN,-0.33725550178941305
WFDC9,-0.5448737108222058
PABPC1L2A,-0.6395853347655751
LY6K,0.9724258538856452
TXLNGY,-1.4917730116551244
SNAI3,-0.5140908069129019
FRA10F,-0.6691506232931912
FABP9,0.2916705823322781
SLC25A27,0.4055130241105498
COX19,1.2044303547276987
GASK1A,-1.235724312809936
TBC1D3G,-1.0962151143114773
OTUD1,-0.8904925583147418
DMRTC2,0.5464849052388084
TTC7B,-0.6414397788235885
OTOG,-0.7008593401340238
GCNT7,-0.11424362131519195
PCDHGA4,0.9346130260671398
GRAMD1B,-0.7295657922368453
PAGE3,-0.3422415301588557
XAGE1B,-1.9182227929516797
PAGE2B,-0.41866775890759816
GAGE5,-0.8669169295682253
TANGO6,-1.0369338023598729
GAGE6,-1.4458517483624775
MICALCL,-0.07964387080183308
SFMBT2,-0.7507679823320791
SAMD10,-0.6974280016078213
SAMD5,-0.8080343198982801
BORCS8-MEF2B,-0.565290423028935
BRICD5,-0.3193633206185804
CLHC1,-0.7292816652353005
CAPN13,-0.8313590700107607
GRXCR1,0.6309230867328043
C5orf63,1.3864662078288768
TRP-AGG2-6,-0.36509149943144853
MORF4,3.5122930391147724
C5orf64,-0.18479091518029941
ANXA2P2,-1.2374943804224101
AL121594.3,0.09969913922251174
RNF215,-0.6255215253801574
CCDC9B,0.6264556072831713
RTTN,-1.5046949154352378
C2orf50,0.24679872795735347
GSTT2,0.9783553297789311
FAXC,-0.2907292394668916
SP9,-1.3808679764370957
GPR162,-0.7081560861948071
ANKRD18B,-0.8882472898165731
ANKRD20A2,-0.9561673142534813
ANKRD33,-1.1704116760687362
ANKRD34B,-0.9011904618493248
POTEJ,-0.6169041732605381
POTEH,-0.8009869653537587
PIANP,-0.303983206527987
CAMK2N2,-0.5671550485360245
CLEC18C,-0.06009974170231597
CLEC18B,0.1645266516442712
ZDHHC21,0.3001804573581435
PPM1M,0.8769879815632335
LLCFC1,0.6135348725905462
CD164L2,0.24386292752127578
KCTD8,-0.5016484177318772
SLC7A14,0.15237365104575393
FABP12,0.2128386119302796
TMEM119,-0.849470299912686
MRGPRE,-0.4358989707062422
USP17L7,-0.9453868442993758
LRRC36,-0.5984297672672787
C14orf132,-0.4049490173252498
POU5F2,-1.1556609107836997
SAMD11,-0.13501915771305958
CASTOR3,-0.4998313261801382
AC078927.1,0.2529925516179404
PAQR9,1.546009708466492
CCDC184,-0.44377438585582296
AGBL4,5.228010089025823
AGBL1,0.6301538003973284
CSTL1,-0.07402849746908637
OTOA,-0.8851112477986659
CST11,-0.549354423797282
SPINK13,-0.364718878445523
CFAP65,-0.2861101926021546
CLDND2,-0.18280123671913087
SPDYE2B,-1.3922786310593995
AC002996.1,1.6476701636642193
RBM43,-0.8096963120620934
TSPY4,-1.1236054035209075
LOC102723996,-1.6625407472543983
STIMATE,0.3404850957114478
ADGRD2,-1.0555993229590819
ADGRF2,-1.1709324101567002
ADGRF4,0.10683120177505442
ADGRG3,-0.9997362565175849
ZNF713,-1.2361221519638816
LINC01018,-0.6889547751098997
HYAL1,0.1583643993564173
C12orf76,2.806327941467488
TANGO2,2.935062440077843
C16orf91,0.6494479449733109
LCTL,1.9888172741192627
LRRC34,0.05428909622103818
MBLAC1,-2.285535122614872
AL117348.2,2.6360585751074357
GFRAL,3.817958707917143
ZNF716,-1.0256305018695568
TSPAN10,0.9617418777247295
WDSUB1,-0.3008475108524951
SAMD12,-0.6546840110312832
C17orf67,-1.5590832602409075
CARD6,-0.5469852258501791
CARD17,-0.6075499867444726
NLRP5,-0.6172905984122009
NLRP7,-0.4845881732534697
NLRP11,-0.22454918303632349
NLRP10,-0.5756055373478446
ARMC2,-0.5160058771374046
LRRC70,-0.6542641752608068
DPPA5,-0.4982616308513413
HEPN1,-0.9670746683127212
CCDC73,-1.0171418253187543
CXorf58,-0.6385860219768947
CCDC84,-1.0758135592245215
CFC1B,-0.8117647477903813
ADAM1A,0.7598112295411433
IGHV4-31,-0.15095842140137186
RAP1BL,-1.1994639716060558
SLC25A53,0.4860765131286272
ZDHHC11B,0.43658036226780694
SPIN3,-0.5939944229540105
FAM135B,-0.2965811435140132
LINC02210-CRHR1,-0.3635951070670941
PCSK1N,-0.6413553189852171
TMEM89,-1.0437821658005217
GPIHBP1,1.0171924646288881
ARL13A,-1.2328664686856252
C12orf75,-0.5828591032848577
C10orf71,1.0869880326478896
SHLD1,2.585105760452609
DSEL,-0.8130405882792473
SLC35G5,-0.43008959316988016
ERFE,0.14124496420936103
C1QTNF8,0.46080020174813036
C5orf56,-1.4902460136761204
C5orf38,5.663460485768846
SMIM13,-0.8703240547649914
KCTD14,0.16820723699293025
FDCSP,-0.9303157963057097
BPIFA2,-0.5290101662312472
INTS6L,-0.7918944075141727
ECSCR,6.00219892180665
BPIFB3,-0.20833550942508514
BPIFB6,-0.44966088556315364
FUT10,-0.055004030566580236
TMEM45B,-0.16823185397283758
FBLL1,-0.9612900701283794
TMEM268,0.46000015770832503
FAM120AOS,-0.9008201768434759
LOC101930123,-0.2939278852985379
ANXA2R,-1.3365118931029059
TMEM68,-0.16534241545324255
TP53TG3C,-0.8388192337404607
SETD9,-0.8732224170055792
PAQR7,0.8705295143721394
C5orf30,0.08831634825918043
SKIDA1,-0.652084308890845
XXYLT1,0.3604897444818756
RNF212,-0.6087207981911993
MOB3B,-0.6236851292909676
SLC10A3,0.2913427651877638
KIAA0895,-0.09735802419143784
CLDN12,-0.2486939969466334
BIVM,1.2663999962534607
SLC35E2A,0.656341322284929
ZFP91-CNTF,-1.5469178399669732
SPIN4,0.01667747885437392
NEIL2,3.132701748627894
IGIP,0.017450534816515272
TMEM241,0.2316525729280344
LRTOMT,1.363117293900279
FAM102B,-0.2796811836089409
XKR6,-0.9587192107743525
MIR1915HG,-0.867921652882894
EXOC3-AS1,-0.655474766256312
LRRC37A11P,-1.0115631246443857
SPANXD,-1.6310263889787329
SPANXC,1.3064870841152583
KIAA1147,-0.20118464726814586
GCOM1,-0.14266469039059848
OBP2B,-0.1406293682511157
SMLR1,1.810352195074239
GOLT1A,0.4261583119676395
CT45A2,1.2363143341947682
PEX11G,1.9439652888888401
MIR22HG,-0.46878028637140706
ZC3H12C,-0.9535377939781551
KRTCAP3,-0.24419142759988194
C5orf49,-1.102661594140904
CDHR3,0.09626595566694911
TTLL9,-0.6329205571631425
HSFX2,-0.5670632391627934
LINC00526,-0.33075067309937745
RDM1,-0.284120194956709
PTCHD3,0.34069447947068504
BTBD16,-1.9274411187428522
CARMIL2,-1.7213872071895306
S100Z,-0.4503740830194209
LOC107987205,-0.9682383884246581
ZNF229,-1.6720964589651408
SLC35E4,0.2804679203944349
RFLNA,-0.14741415733268962
POTEKP,-0.6601336847489849
HHLA3,0.3856792614702807
TDRD15,-0.27849106798043893
CCDC122,1.6532741538636406
ATP5MGL,0.44228230153197606
SLC25A52,7.148688141470031
PCARE,-0.4414853174262861
KIF25-AS1,0.6451326781756603
RTL8B,0.10309308260312706
TMSB4XP6,1.1354325942984973
TMSB4XP2,2.0316888785065808
PGLYRP3,2.0604634622879456
TCHHL1,-0.5572410989771414
S100A7L2,0.3571429283032227
SPINDOC,-1.00836375778971
LINC01194,-0.6069661583958016
C19orf67,-1.4979353559099469
CHKB-CPT1B,1.4966638547210356
PCDHGB2,-0.40279602476178683
PCDHGB6,-0.7483249687906895
PCDHGC4,-0.3915757197357191
PCDHGA7,-0.3242216118751755
ANKFN1,-1.9264577925939859
AC099329.3,0.3954493064947184
CCDC197,-1.7194881490338134
CBWD6,0.11998904567883541
CBWD5,-0.4097060620300976
SERPINB8P1,0.5108477093899562
RIMKLA,2.7751850854273132
LOC554223,0.8732910871864459
C2orf48,-0.742850865534138
KLHL30-AS1,1.8639125889672514
TMEM143,5.150506575476563
GBGT1,0.5591135404021378
CES1P1,-0.8128641751544873
BEND6,-0.2556541707790028
SPDYE2,-1.2681857791016364
TTC34,-0.0741064808479619
CCT6P1,0.13223550927148636
AC068775.1,-0.14202378926462242
OPN1MW3,-0.7778225051541129
PRR5-ARHGAP8,0.3011208468567975
OPN1LW,-0.7384319137222396
ASPHD2,-0.5364523706120865
SYT14,-1.2241703466792264
CCDC85A,-0.9329325593751627
IFFO2,0.5146916728657092
TAS1R3,-1.183037986871656
OPN1MW,-0.9237043035424085
IL1RAPL2,-0.2996079322406052
PRLHR,-0.6260714443516076
HBBP1,6.135127168246497
NT5C1B-RDH14,0.17886542814724943
SYNDIG1L,-0.4024207897988975
LOXHD1,0.4782200077827291
PLIN5,0.3699402020153173
LIPM,0.7556530533402492
GAGE2C,-1.2375251117117627
AC108488.2,-0.40665501165857654
NBPF11,-1.2525677910371475
LOC105379861,-0.47621406184709714
RIPPLY3,-0.5762855138942544
LOC149950,-0.6373199069688117
POM121L4P,-0.39147908756547883
WTIP,-0.31628792312385184
HYKK,2.56065244847459
AFAP1L1,-0.8956684337273656
TM4SF19,-0.17727972330280709
IGFL3,-1.2098072666205766
TMEM35B,0.6136728330683018
KLRA1P,0.6677221031174367
RPS26P11,-0.09239813097608433
OTOP3,-0.2678953554518952
OTOP1,-0.27445501026264246
OTOP2,-0.18354996110639007
ZNF697,-0.2936393047753012
TRIM39-RPP21,-0.43875495271493836
ANKUB1,-1.324599694586136
METTL22,0.014485678715687903
HSP90AA2P,-0.2131463846987343
AD000671.2,-0.8950708845322021
CLRN2,-0.4442314745249404
CYYR1,0.03543183906382939
HRCT1,1.8651804188304857
SHF,-1.91449946680254
B4GALNT4,0.05546847198208921
CCDC174,-0.782730819148305
ZNF181,-0.989141394657309
ZNF880,-0.8626474277066603
MCIDAS,0.06298800523367697
KLHL1,-0.5154472174263376
KLHL34,-0.15454124263505592
KLHL33,-0.5310059205105787
PHOSPHO2-KLHL23,0.2390353436561761
FUOM,2.7206245017073654
TMEM63C,-0.13232288026091538
IFNLR1,-0.7516184949767667
PCDHB2,-0.3150394720704841
PCDHA11,-0.6504567289220373
HIVEP3,-0.775429091724078
PRIMA1,0.3172281671462182
KLHL17,-0.443537911260837
KRBA2,-0.9194644418519996
KRTAP27-1,-0.9186366847614222
KRTAP23-1,-1.0223406200186533
KRTAP24-1,-0.9186366847614222
KRTAP29-1,-0.9387758493859159
KRTAP25-1,-0.9186366847614222
NUDT17,-0.09665963365869355
PRRT3,0.5729949209794648
TMED8,-0.48474897526315164
HAPLN4,-0.09157472750648246
FAM129C,-1.0198060779993925
IL34,-1.2234190120751176
NAT8L,0.20588563923125647
APOPT1,0.4322434754505527
CUZD1,-0.515523900651626
RNF175,-0.6573227307875208
TSPEAR,-1.178572385910025
TENM2,-0.4494703462160356
ACOT4,3.1964870071686233
SLCO1B7,3.395140704311641
AC022335.1,2.5352727568805435
BVES,-0.6074255122324816
SEPT14,-0.624506210941507
LOC155060,-0.768273625180975
FAM92B,-1.3173476822257513
LRATD1,-0.08492386130305032
ZNF888,-1.680842550537671
RHPN1-AS1,-1.281244507059427
PRR19,-0.6598783701509467
ZNF69,-1.2701531836263436
ZNRF2P1,-0.2673800111623015
IL31,-0.6995216960691008
NPIPB13,-1.9845361973300617
TTLL13P,-0.26704349328081595
TTLL8,-0.26704349328079546
FAM200B,-0.35439885659587894
XIST,-1.7263279349454237
VN1R4,0.5855910294461901
TPSB2,0.22618651278377075
HEATR4,1.4423657449469751
ANKAR,-0.7149052076389016
IL17RE,-0.5029318356041903
SPNS3,0.8248646228857771
IYD,0.5625349567291991
NEDD8-MDP1,-0.7342689436086443
MS4A15,1.1671967277388535
C5AR2,-0.06334925065348905
AC004223.3,0.05933123254460096
SERPINA2,-0.5295469884982485
SENP8,-0.19136396874076742
TMEM139,-1.0137369301721206
FAM86B2,-0.1269467164665684
LILRA3,0.31475273038256857
PCDHA5,-0.5905424684179071
LIPT2,0.06965990334055451
KIR2DL2,-0.27696700430847915
AC092647.5,-0.0560255434488286
TAFA2,-1.2271132838238688
TUG1,-1.1135213216590554
NAPEPLD,0.7648171760342903
TTLL11,-0.25909091028689973
FRRS1,0.7229646139354571
DEFB4B,-0.3936848414561721
C17orf97,-0.5262478343733875
C16orf95,-1.5481813823816482
CGREF1,-0.5083050819388212
PIRT,0.6920010900875185
RBP7,0.10238025071901546
MAGEA9,-0.36815869619751307
RBBP9,-0.46661099966842834
LIX1,0.9674706327937317
CARMIL3,-0.27266922288079753
SHISA3,-0.15187968407167268
SCIMP,-0.5169562547122413
URB1-AS1,-1.079429130015796
ESYT3,-0.5734110327794973
SLC46A1,6.595853604238959
ARL14EPL,-0.6656673246182218
PRAG1,3.386585373033536
AGAP5,-1.1121425450622564
NPIPB2,-1.1121425450622409
C11orf96,-1.0723741561859939
WDR72,-0.314239652531711
BECN2,-0.6281298949929355
FAM90A26,-1.3518704098415055
POTEA,-1.9048029370428365
PCDHB6,-0.19028020828797493
PCDHB1,-0.8234587495574649
PCDHA1,-0.712588440054733
NAMPTP1,1.3134319366736362
PANX3,0.1404649886167212
LIMS3,-0.7444148242498893
LIMS4,-1.1236004778068738
SERPINA9,-0.18710063454901846
MALAT1,-0.5735409564732934
SPRR2F,-0.7003009550430073
NIPAL4,-0.003491451051998873
LCE6A,-0.816853817808098
CCDC160,-2.028245349463307
SLC29A3,2.4681338524759138
HTR3D,-0.05777646708781084
LYRM9,-0.42783737888022594
RNF112,-0.20029847703530337
GLRA4,-0.2583959755101235
DEFB136,0.7821119464621148
DEFB105A,0.27644361966395786
DEFB105B,0.2632297788241959
DEFB110,0.4999585697635945
DEFB108B,0.2316005725674079
DEFB118,-0.7166873066980872
DEFB103B,-0.470296605904748
DEFB103A,-0.3089303404742372
DEFB130B,0.00810145018249991
PRB2,-0.6586262596162706
CCL4L1,-1.065216238456153
MAGEB17,-0.5177943996306057
TSTD1,0.6828565415915899
TOPAZ1,-1.3594558872247182
DUX1,0.4051676942079467
TRIM6-TRIM34,-0.5121477835245577
TRIM6,-0.7495568089356072
C9orf131,-0.5560619347638531
DNASE1L1,-1.3431566907153099
KBTBD3,-0.3454391323362899
TRIL,-0.17631688867308404
ASXL3,-0.6107636013309699
CHCHD2P9,-0.16876713063242504
BHLHE23,-0.8192101698136255
TMEM98,0.38442278726441903
FAM182B,-0.16124662714856702
IFITM5,-0.3898792551437056
C5orf46,7.551005311945304
CCL3L3,-1.0069652873283692
MOSMO,-0.12922446887539674
C1QTNF6,-0.4443139262007776
LAIR2,-0.08135114064178388
DEFB131A,2.128146792382957
IGL,1.3404065865374273
BTN2A3P,0.02506619534461161
ZNF761,-0.23271354465298524
TRIM61,-0.5428892794210076
TRIM60,-0.7048434973701506
EZHIP,-1.9427448419094238
ZNF772,0.08500985363003095
C6orf226,0.6954830313330499
FAM25A,-0.24822675933757993
SHISA2,0.6456822936225866
CDRT15,-0.14817127134801242
IGSF5,-0.6073945931927734
AQP10,3.0503583034964183
ERAS,-1.6584443044935573
TAS2R45,-1.3317519305883307
NLRC3,-0.4651830656291245
KIR2DS4,0.15306782606143898
SLC16A12,1.2193571464421638
DDTL,0.5963056788681416
GAGE12I,-1.2577738366976072
PRH2,-0.16725092078048712
C2orf27A,-0.5384166586358584
C2orf27B,-0.7010115825797139
GAGE12E,-1.1091784421107345
GAGE12F,-1.1091784421107347
TLCD2,0.17121581689738577
PEBP4,3.4033795812931746
MYEOV,-0.49425914381660846
GCM2,-0.7672169883233513
C1QTNF7,-0.3280811946805628
CBLN3,-0.643483244733742
C1QL2,0.8103891586325536
ETFBKMT,0.06613417872240737
RHOXF1,-0.40910600326798274
NAT16,0.22130433105414926
PGA4,-0.19639264416726923
C1QTNF12,0.6943952678757942
PRR23B,-1.1085087397507667
HHLA1,0.7280267093176579
SCUBE1,-0.8915353802334365
PTX4,0.7187173086482117
PRR23D1,-1.5682462808479694
ADAMTS10,0.0842980362418313
ITIH6,-0.25457156798627495
FNIP2,1.0646117751090232
PTCHD4,0.5916983836278749
VWC2L,0.7365087199741772
ODF3B,-0.3125230612697443
PLPP7,0.06890188313756818
CRYGS,0.31182516286818224
PRAMEF8,0.3238237970145807
DEFB104A,0.45497703103346177
C12orf50,0.19134908956990254
STPG4,-0.7597399685909522
CEP112,-0.8865139491749151
RINL,-0.5193507442932391
C3orf18,-0.362359443794372
GPR152,-0.6530216365936645
SLC16A13,0.25170790932935344
RP1L1,-1.2882088135653165
RN7SK,-0.3260798204915814
SNRPEP2,-0.715410409625021
HNRNPA3P1,-0.13621788627572745
DYDC2,-0.7862860735830619
CCDC81,-0.5621500725145083
OCSTAMP,-0.43608921040076737
LINC00636,-0.16321041613880183
RPL6P1,-1.1018195747738864
BIVM-ERCC5,0.6405281869090744
HHIPL1,-0.7707057908328251
ANKRD20A1,-0.40355436960970276
FAM98C,0.38261908347485224
AC004832.3,-0.9272876881863141
HSPA7,0.3172792055890707
DAOA,2.192484252354522
ERVV-2,1.991263364528141
ERVMER34-1,0.5305353505511711
FAM89A,0.28929816217789633
TNFAIP8L3,-0.6982091024255977
SLC45A1,0.8669872648708975
NBPF10,-0.4030192496716707
FGFBP3,-0.7141522836886739
BAGE,-0.3157322307893883
TMEM155,-0.6645564737033347
DEFB125,-0.7830829121404499
PCDHB13,-0.472082375227323
PCDHB8,-0.365148556540674
TMTC2,-0.06904464602580034
NAA60,0.28061877131065
SATL1,0.1852865091748683
IGFL2,-1.2098072666205768
SLC6A17,3.739591063018159
SPANXB1,0.23028507603246393
SPANXA2,0.618485684520885
IZUMO3,0.9099166845703796
NEMP2,-0.5235151781475926
MFSD6L,-1.2134332782037052
TMEM240,-0.9852691839367039
PAGE5,0.4774809676437865
TMEM253,-0.15600809883368802
TMEM252,1.0619880865862186
MEI4,-1.52151281680351
CCDC126,-0.5253241073051181
MAGEB18,-0.5634481063497642
F8A2,1.2660662983372568
AC091167.3,0.05406185207767649
VN1R5,-0.9920130238000386
LOC401052,-1.8349480893590495
ZNF763,-0.1245985670759698
AC008575.1,-0.8122647019619452
SLC35F4,-0.4008260469884685
KIAA0087,0.785449770836191
TAFA5,-1.0538894385239557
CKLF-CMTM1,-0.5860105336677246
SLAMF9,-1.2876335159861378
C9orf152,0.23273408611661073
TSPAN19,0.32074447869850575
HNRNPA1P70,-0.873009641648494
REXO1L1P,-0.003585640902276309
CYB561D1,-0.15798020294275836
CFAP77,0.45443124497105564
PLAC9,-1.04388758632835
CCDC154,-0.4498695654641975
C6orf132,-0.5618538667746402
SLC22A20P,1.0768372827269057
AC011448.1,1.6192607920103386
SLC15A5,0.13642573044400255
RIOX1,-0.2956388254763805
KCTD9P2,-0.1699617663661399
LOC147791,-1.1662434896160254
DCANP1,-1.1548650485205962
GLIDR,-0.022527661976078667
LOC148413,-0.808297478213397
ZNF479,-0.5535203919165614
LINC01588,-0.3896776248535464
FAM27E3,-0.30997219792646635
POM121L8P,0.4189928899723414
NWD2,-1.4025001771982353
FAM204A,-0.30036560136997237
RMDN2,0.17327261503689947
HMSD,1.0734605283027192
CLECL1,-0.7172723373187552
GCSAM,-0.2549689328466421
C6orf58,0.2131500555787757
TMEM150C,0.22750538480737656
PLEKHG7,2.4452235629484713
MICOS10-NBL1,-1.8137544725598562
LOC107987235,-0.8876499473838667
KIR2DS3,-1.1122911998173866
GAGE7,-1.9182227929516946
ATXN7L3B,-0.25485592951936437
GDI2P1,-0.4097491093564623
WFDC10B,-0.7240068708030252
P2RX5-TAX1BP3,0.7450893324126235
C2orf83,-0.5774924330988512
DRAXIN,-0.30755121467757884
BTBD8,-1.6119546870819434
FAM24B,-0.8649981240561602
AC008764.1,-1.5154603655659509
CCDC169-SOHLH2,-1.6331051725957846
A3GALT2,0.5591135404021297
GLT6D1,0.5591135404021297
PRCD,0.1272840422856477
SSX7,-1.091378876207539
PATE1,-0.644571294582076
RTL5,-0.7016908594931284
APCDD1L,1.3982286990818555
PRNT,-1.0114022156392233
HEATR9,0.019535978901824163
CD300LG,-0.42351169446607656
CEACAM16,-0.6858288611226869
AP000295.1,-1.290522539173417
GOLGA2P10,-0.3126155541524183
PRR18,-1.1843620833102342
THAP9,-0.6098631708542205
ZNF799,-0.8868186632419404
DCDC2B,-0.6727619720938893
NPIPB3,0.2601997800502667
KHDC1L,1.7736029187511506
CYS1,-0.5147630232226298
PNMA6A,-1.0965243899282004
NOTO,-0.9294514270773448
PCDHA8,-0.7245521737875587
FLJ44635,0.6405281869090748
C19orf38,-0.5474174580239283
AC092143.1,-0.3572356881017382
USP17L25,-0.8033212920179674
SPRN,0.16671831955916053
PGBD5,-0.8205634385065337
POLR2J4,-1.1551616725614977
ATPSCKMT,-1.0614792294706188
FAM72B,0.42098317286929776
PCDHA13,-0.5700691633053532
GTF2IRD2B,-0.522876000450354
SMCO2,-0.4511327083166998
POTEB2,-0.19244535158171222
XAGE2,-1.043070001396967
ANKRD20A4,-0.5567028213041023
ANKRD63,-0.6795167515559897
NBPF20,0.6405281869090745
TMEM170A,-0.530861759474967
PALM3,-0.8824229468605764
AC068775.2,-0.7153585919285592
KLRF2,-1.1104079078795268
EFCAB10,-1.501203288727829
EFCAB12,-0.5297005581883375
C15orf61,-1.501580018801251
TMEM52,2.269294787721366
IGHV1OR15-9,1.3442780486556598
ARPC3P1,-0.5762946254945938
STOX1,0.022903664619615863
RAB1C,-1.9888244525966265
MAGED4B,-0.3892508287767686
USP17L23,-0.7574869443280587
WASH2P,-0.7508216052305272
FAM20A,0.7751725311635416
AGAP11,0.8757354845106085
DIRC3,-0.7649267818455621
TBC1D3B,0.3085679898953731
AGAP9,0.3085679898953731
SCGB1C1,0.3436472165067347
TMEM270,1.487264896982894
LDLRAD2,0.8000507832794845
SLFN12L,-1.128035897980977
STOX2,-0.5925169388273724
DEFB114,0.48983657348975
DEFB132,0.02512442709180218
ZNF286B,-0.7486681511191521
SHISA4,-0.4144189013156479
MT1B,0.7537457141759079
MT1DP,-0.1175373190630336
CCDC26,0.23355202867546548
BMS1P1,-0.09394655966494518
SNHG11,-0.08513193348737763
MGC39584,4.336089143055967
SLC25A45,0.9614563480750536
GK3P,7.549100950502806
MMEL1,1.1199585988057883
GPHB5,0.5587699046952822
PGBD2,-1.0029071534686036
RPL9P8,-1.0973485999403094
BTBD19,-0.07815804765898673
CDC42EP5,-0.9091765475511737
UBALD1,0.59225127292192
SHROOM1,-0.5321803864143364
C17orf58,-1.1551616725614977
RFTN2,-0.39283297915444215
LY6G6E,1.3125711351358713
USP17L26,-0.8373832323891872
USP17L24,-0.8373832323891872
TINCR,-0.8330149109774944
FAM218A,-0.8330149109774945
RUSC1-AS1,-2.0549217998875644
TMIGD2,0.38741628670596157
NXNL2,0.13646208160027484
TDH,2.1475460816675405
GPR119,-0.8126724063610488
MKRN4P,-0.8675679440065411
ZNF738,-1.1221613022475692
LINC00846,-0.47086049719470296
IRAK1BP1,0.4491481630519368
TATDN3,-0.13173059707072818
PADI6,-0.3986171398350297
PWWP3B,-0.927493974607286
AC003002.1,0.4877914555433647
MINAR1,-0.11522605840710952
WDPCP,-1.5726984128669292
ZNF705D,-0.3656072078380116
NIPA1,-0.6225840233728582
TESPA1,-0.3109406070692447
RRP7BP,-0.9405479607706502
TMEM136,-0.07898718182393528
MROH1,0.0040091902269019835
MEG3,0.12103071979857587
TMEM37,1.1578936300984328
TRAPPC2B,-0.653720163835067
UBE2Q2L,-1.0105159271206334
AWAT1,1.6325886608314981
BTBD11,-1.242747283313003
AC004997.1,-1.3243645780082287
CD177,0.27186280709076427
SPINK8,-0.7821228693769435
ATP6AP1L,1.1286017582735506
MAGIX,-0.5762548829169164
HMCN2,-1.7289598157907606
KIR3DX1,-0.8111483536936746
RIMBP3C,1.761333402374888
AC010422.3,3.9574663547883464
FAM166B,1.0136844388624162
MSANTD1,0.25011109591947805
FAM229B,-1.4787403368588887
FOXO3B,-0.43810965396763285
AC005837.2,-0.22560345374781868
NRN1L,0.7686240298222434
DEFB127,-0.4698002849396103
LOC100653061,-1.1635906539608516
HMGB1P1,-1.304090520914976
AC104831.1,0.6333674485966749
ERMARD,-1.0581895465163549
LAYN,-0.5651523209677117
SVOP,0.6975408943590624
CCDC142,-1.3730300552247736
CCDC30,-1.022760372342488
TRABD2B,-0.7303373363639964
FAM45BP,-0.25446180705126137
PPP1R3G,4.745490780654866
GREB1L,0.02174262289384271
NT5DC4,1.4855001045086818
TMEM255B,-0.21772383061841952
DEFB115,-1.877461942403017
TEDDM1,-0.7166873066981164
PMS2P3,-0.03311507593534067
HOTAIR,-3.741154775638932
RPL4P5,-1.090635704423907
C9orf135,-0.5146411150417431
UGT2A2,1.3903093801226876
FAM9C,-0.6026981988875457
CDCP2,-0.7464309316988128
PLPPR5,0.29331386195735776
SHROOM4,-0.21255585101416088
CCDC171,0.16249533741298747
LYSMD4,-0.6998797057849477
TDGF1P3,-0.6890702938536423
SYCN,4.067200624915216
SCARF2,1.5691822405724416
GPRIN3,-1.353166116809582
AQP12B,1.314986724911636
AQP12A,1.0416378411445055
C1orf127,-0.3863657342150887
GAGE4,-1.9182227929516946
THEGL,-0.5952840360696888
AC099850.2,-0.7936120781226942
C8orf86,0.570311745553978
DCDC1,-1.1288803071381748
IGHV3OR15-7,-0.0835302770945295
ZNF846,-0.8088687394399504
ZNF525,-1.4814199073214542
SUPT20HL1,-1.6653622105001178
PRAMEF17,0.2590602331972675
RPL35P5,-0.705738674621568
ZNF804B,0.15300511674648878
ZNF732,0.20582365268892105
ZNF737,0.20582365268892108
ZNF705A,0.02800570725504608
ZNF658,0.02800570725504608
FLJ38668,-0.9047835723164828
TMEM234,0.33621483496419347
LOC729603,-1.1774614896479922
NBPF9,0.6405281869090744
TMEM235,-0.8112700097414394
ABO,0.654132872174063
TMEM74,1.840794531334035
C2orf66,-1.1436961301000133
PI4KAP2,0.6933234275252909
SERINC5,-0.28403083223721576
MS4A18,0.07849071816114961
TMEM132D,1.1847852284281077
DNAJB3,1.2716271381904543
LOC153684,-0.4257908015362604
TCL6,-0.9535101380244347
GOLGA8DP,0.9293378655820854
CYTL1,-0.7414169205943778
VWDE,-0.22715682771646803
LYPD8,1.2115650671906462
CCL4L2,5.078774213826097
LINC00656,0.7423564339460463
FAM178B,1.434167853553309
TRDC,-0.6596774908434102
FRRS1L,1.4949511433125326
KRTAP10-4,-0.5960623925209131
LIPN,0.6155177923293182
CASTOR1,-0.531681495124083
CASTOR2,-0.24468847896352178
NUTM2F,-2.389405467043899
PRR22,-1.9628609907623482
GOLGA8R,0.8227225209811179
GOLGA8H,0.6405281869090744
PRKY,-0.016577998194462193
WG,-0.8551707618437409
CTAGE8,0.10172211569847991
CLEC4F,-2.206372577567731
MAP6D1,0.3799282697427515
GAGE2B,0.8858405894005766
SMIM24,0.6405281869090745
OPN1MW2,-0.6497347213163499
RBBP8NL,-0.5837723979052565
PIPSL,0.2571030915811615
DEFB124,0.32793067123534486
LRRC3C,0.09573902679539352
LRRC53,-0.7535983374137436
PATE3,-2.8924842854131425
MT1P3,-0.18878425892654788
RNASEK-C17orf49,-0.7549741948050259
CCDC140,-0.7559870045195594
GUCY2EP,-0.817367600531533
SVBP,-0.39674594660264767
RNF121,-0.6099102062164279
C11orf40,1.8003269506765054
AP000350.4,1.6529060800698865
C15orf65,-0.97083078369281
KAAG1,1.3682110911380503
VWA5B2,-0.334838680044863
DCAF8L2,-0.9793749344133622
ALKAL1,-0.18747835015016773
LINC01465,-1.0886635641921627
AC068896.1,-0.49257831576924616
PPP1R2C,4.576286017459295
AC090527.2,2.045163556580314
AC110275.1,0.40276080646666707
WNK3,-0.33769634830660744
HIGD2B,-1.3111819909823808
TMEM179,-0.5961825210250012
CCDC141,1.0862461385756335
SRGAP2C,-0.6780922900074516
FAM180A,-1.477548574494454
EGOT,1.2881350928605786
AC048338.1,0.08506332635744952
LINC00265,-0.26676397267465224
ZFP92,0.6731167611459731
CALHM5,-0.3049217861264737
PRSS3P2,1.9527939779228296
MINDY4,-0.16568830880393134
SPACA5B,-1.264757835498741
TMIGD1,-0.4839538839462946
CYP4F8,1.6281696201004403
C4orf47,-1.248677054132179
ZNF205-AS1,-0.1423192615563998
LOC142937,-0.47288814481307356
EEF1E1-BLOC1S5,0.7024939666906007
AL110118.2,-0.24400649572256836
CCSER1,-0.5937765269560346
AC026464.3,-0.6300655640308409
AC026464.1,-0.4378677778607174
TRN-GTT2-1,-2.4351347067068847
BHMG1,-1.6305007896779706
CLLU1,-1.2474143737650774
HPF1,-0.4347012894470453
PDPK2P,0.05919151647924217
NUTM2B,-2.2063725775677305
NUTM2A,0.6405281869090745
CGB1,-0.6889264329057517
EEF1A1P5,-1.853357332188486
INAFM1,-0.49566277760004557
ZC3H12B,-1.0583438216120356
TMEM150B,-0.29000916527857
TMIE,-1.3227513756812512
STRC,-0.25899478878271753
CYB5D1,2.6072779042916916
KIR2DS1,0.3020727341565256
CLEC19A,-2.357777109409977
IGKV3D-7,-0.3999620830325501
CORD1,0.3287809474395411
TBC1D3H,0.3353863331875198
RP9P,-0.5796958127531857
CT45A3,-1.438160754288713
SPANXN4,-1.83494808935905
TPRG1,-1.8339482742554085
LOC613037,-1.5054181560205107
DEFB106B,-0.8040661019161028
C1orf74,-0.5894135964431366
EEF1B2P5,-1.6800135192334023
PQLC2L,-0.9019624330916193
SPRR2C,-0.6729213851688
BHLHA9,-1.1006457179534639
C15orf54,0.4914460829240559
CLEC2L,-0.5114713185128225
MT1L,1.7070223994500395
ARPIN-AP3S2,-0.15760179757249237
PPIAL4D,-0.4171527672307689
TBC1D27P,-0.9465474576922719
VNN3,0.9936029283022029
PLET1,1.2115650671906462
PRSS41,1.211565067190646
MDGA2,0.972425853885645
ZNF182,-1.0814044543511472
FAM163B,-0.6108867545498491
CDRT4,1.264680370132352
ZNF630,-0.141437493366659
REXO1L6P,-0.19143576368714618
CRIP3,-0.008337481790945777
GLTPD2,0.48768825785077563
C10orf120,-1.2385319187957409
C4orf48,-0.3459246329845319
NPIPB9,-1.52739869864695
ARMCX6,-0.22810598950465263
RBMY2FP,-1.6174811728596634
CT83,0.6405281869090744
LYZL6,-0.9615821393075679
AL359922.1,1.7972558875683302
C2orf15,0.17106247411285663
SIGLEC16,-0.8548303928625445
ILDR2,-0.04636955671995234
HSBP1L1,0.5942707876373394
ARMCX4,2.8758497296953056
TIFAB,-1.0005589282029297
C11orf42,0.18048601525912733
TRIM77,0.6405281869090464
XKRY2,0.5964332731355877
RNU1-4,-2.23011496317106
RNU2-1,-2.2301149631710597
ZNF275,-0.23987398506050017
BAGE3,1.288135092860579
CXorf40B,1.0207463296323698
LOC344382,-0.14266435804462368
DEFB104B,0.29878245211705284
AP001458.2,0.11505655548831369
FCRL6,-0.8586808721897193
SNAP23P1,-0.8929720777265586
IGSF23,-0.8702935346832837
CTXN1,-0.10248618413950224
LINC00312,0.07491996606902092
SHOC1,-0.5119164363542802
ST13P4,-0.212896514253686
PLD5,0.46304080362253175
GOLGA6L10,0.6405281869090745
TMEM114,1.1533280122119884
CRYGB,-0.08377221518838873
AL589666.1,0.3423483312319027
BEND4,-0.2802304954142421
FAM184B,-0.816587094473613
NBPF8,0.7106393097365283
C20orf197,1.288135092860579
RPSAP58,-0.77228693885346
SMIM17,1.2655118213648489
PCDHB4,-0.5432068090669118
CFAP54,-0.2609030672595368
CR1L,2.4433584642080586
NBPF14,-0.4556361947759082
NBPF12,-0.34506085790452984
GAGE12C,-1.1091784421107342
TMEM121,-0.4718081624459963
C20orf203,-0.5190533885833916
KIR2DS5,0.2789275009182806
CEMP1,-0.21929293156258287
HDL3,-0.5480502839236249
TMEM44,-1.1366641889924294
LINC00242,0.5565363067822966
TMEM169,0.9232952051612148
C4orf51,0.6405281869090467
GBA3,4.100683153353061
POTEM,0.6405281869090748
ZHX1-C8orf76,0.6405281869090748
TMEM183B,0.6405281869090744
KCNJ18,0.6405281869090745
PLEKHD1,0.6405281869090745
ZNF730,0.6405281869090468
ZNF735,0.6405281869090748
ALG1L2,0.6405281869090464
ZNF717,-0.47760985240726095
ZNF865,-0.6739892939347684
ASAH2B,0.26439490358143664
C16orf47,0.6405281869090745
MROH6,-0.820247470356131
TRIQK,0.034493823827628826
GPR179,0.6405281869090748
HNRNPCL3,0.1053905056123919
C8orf34,0.34083220336642206
TRIM49B,0.6405281869090745
IGKV2D-29,-0.5868584803442329
IQCJ,0.6405281869090745
HSPE1-MOB4,0.6405281869090744
NEURL3,-0.1551237372532491
FAM72A,-0.47229271398079564
RPS10-NUDT3,0.6270647550270241
POTEB3,0.6405281869090464
C20orf96,0.06479513907581429
CTAGE15,0.6405281869090464
SUPT20HL2,0.6405281869090745
ELFN2,2.300415458078078
GUCY1B2,-1.387274405862336
SMCO3,-1.085278712303929
ZC3H12D,-0.8448774575916344
ATRNL1,0.749731327839805
ATG9B,1.9546734543526036
GEMIN8P4,-0.7759570809192593
OTOS,0.40928197501724045
LINC00518,1.9969108417126735
LPAL2,1.704584642766752
TVP23A,-0.45837934495108956
CRYGN,0.4391120693644607
C17orf102,0.2739148748361335
FAM160A1,1.248791660336371
CT47A11,-1.6491062420676574
TMEM132C,0.8744913882873125
CC2D2B,-0.5696907425265783
VWA5B1,7.553051674062048
CFAP61,-1.3174106903484089
DIRC1,-0.5949297801950367
MYMK,2.924087572147691
NPM2,-1.2611150870889833
TCIM,-1.6102546306025982
PRY2,-0.8009726544627063
GABARAPL3,-0.5208181218952759
CYP4Z2P,0.5164586902473748
CRSP5,-0.4646125949004785
ZNF891,-1.7638235718255328
ADM5,-1.227316307964584
AC138811.2,-0.18393444659937186
C3orf80,-0.3189331655118341
CD163L1,-0.09197293404664941
XKR9,0.46967310340049934
PIN1P1,0.463824710774739
PAGE4,0.08562391523733177
CEACAM4,0.388115732825876
AC008770.3,-1.4026537053404473
TMEM121B,-0.9414464421087019
FAM74A1,-0.7498704054553568
FMO6P,1.0832589665747638
KIR3DP1,0.3594220841680146
TAC4,-0.31921979142192386
C1orf189,1.0253187914656903
DLX6-AS1,-0.8955235313993004
C16orf89,0.44509905897848895
SPATA31A3,-0.5379859543108073
UCN3,-0.7678831667212299
FAM222A,-0.4499226218340979
KRTAP9-7,-0.019835787780392834
SIAH3,-0.8265449922382389
EXOC3L2,-0.24900779558252695
C12orf74,0.47484405151583153
TRNAG1,-0.8059851352474392
PPP1R2B,4.475278694058553
C9orf163,-0.26279767486078504
MRNIP,-0.2474173321126274
TRPC2,-0.5703358892623894
C2orf74,-0.6861760513593133
FAM217A,-0.8748497996554645
CDHR4,-0.7741816861474381
ANKRD33B,-0.706470429838522
DDX12P,-1.5994785014808521
PRR29,0.4677221143590522
PPIAL4E,-0.7770306568336283
INTS4P2,0.3397280893732899
GPR137C,0.5817041652914036
ST20-MTHFS,-0.5499291448776558
WASH6P,-0.04174723730432995
CARF,-0.3459750264738147
VCX3B,-2.0878241158357835
GGT3P,1.5648469564948329
ERV3-1,-0.723617928236641
VSTM1,-0.2694235273187398
EIF3FP3,-1.423759610196872
RPL13AP17,-1.3631389336494053
MRRFP1,0.49083230615550416
C16orf46,-1.7396787633202535
FREM3,-0.5624597099668994
SLFN14,-0.667970316747249
ARHGEF33,0.37737805675644504
AFG3L1P,0.3803637338170059
SSX6P,-0.3157322307893883
ETV3L,-1.0217778529813513
ITPRIPL2,-0.809451210398836
PRSS40A,6.1503501858675405
AC013269.1,6.1503501858675405
NAP1L6,-0.12192519712695832
IFI27L1,-1.034215776426334
LINC00588,-0.47288814481307345
C6orf222,0.3947148947682693
STAG3L1,-0.3397203139265559
VWA3A,0.44643620276791374
ASB16-AS1,0.5798767266550896
TMEM236,0.5630263488716333
XKR3,-1.4795201378900282
GAGE2E,-1.0965425499850519
ZNF702P,0.25960228890230974
NPIPA7,-1.9213545342574443
EEF1DP3,0.2936303369760526
NCF1B,-0.7285527199511465
LY75-CD302,-0.026807255661001776
XG,0.3376967468232582
CXorf40A,3.1885531084157535
RNASE8,1.3636992603160683
GOLGA2P11,-0.20755502470635456
C12orf42,-0.8229164649045151
OC90,2.616342165808535
C2CD4D,0.05464335295545656
C2CD4B,-0.5017910772221471
UBE2L1,-0.9671501086599437
PDXDC2P,-1.1051932686564279
AC135050.2,1.294719998193181
C8orf58,-0.25267256651570674
SMIM2,-1.4803501045748746
JAKMIP3,-0.3302429178391748
MUSTN1,-0.39401849658148713
MAMDC4,0.591733614189629
NAT8B,-0.9131554243994879
PABPC1P1,-0.3476777249069953
C1orf158,-0.3003245138353085
ERICH6B,-0.9228360847223999
DUX5,-0.815510289237678
TMEM117,-0.695039106798558
SEBOX,0.05411333142010019
MAGEA5,-1.0428665304102287
AC011479.1,-0.614775931172072
PRR23D2,-1.5682462808479467
XKRY,0.5964332731355876
ZNF767P,1.0557480524962952
ALKAL2,-0.6785155892275041
PRR23A,-1.1085087397507145
ANKRD26P1,-0.6379989743150387
CLPSL2,-1.5080618547716076
C9orf85,-0.10256226685854843
CD200R1L,-1.8098261353739122
H2AFB3,0.5697165721636019
SLC10A6,4.551586563943799
OR4F16,-0.5483890551630898
KRTAP3-4P,-0.30702001707795706
C8orf88,-0.8403256503666366
NPIPB15,0.23472340284286392
RFPL3S,-1.2033795231424644
CYTOR,1.7853587136498978
C22orf34,0.0484123732959708
IZUMO2,0.9099166845703798
LYG1,-0.9338353478051554
SEC14L6,-0.5203441592207183
RPL23AP32,0.26593726858134864
MIR4435-2HG,1.7853587136498923
GLOD5,0.32878094743954106
TMEM26,-0.6349692518644999
RAD51AP2,-0.13481408239950238
AC010422.6,-1.5362526253546869
PLEKHA8P1,-0.113827935956236
MGC34796,0.6933234275252907
CD300LD,-0.8437283913350047
SLC10A5,4.153272202105714
BAGE4,-1.877461942403017
FAM181B,-1.3846761426144238
TPT1P8,-0.25014363716823645
