,z
UBE2Q1,-0.8143467836124517
RNF14,0.6076380197798086
UBE2Q2,-0.8553839367493379
TMCO1,-0.6033553628394146
UBAC1,-0.22086549066667827
RAB4A,0.2119882083045384
ZNF706,-1.0785145599676869
MIB2,1.5066541146193082
RNF114,-0.49582432848313807
RNF115,-0.43857014196927213
RNF111,0.13227249871650312
EEF1AKNMT,-1.623315589792374
UNKL,-0.5643758433359698
MMAB,-0.07310677057139275
UBE4A,0.2217219036558148
DDX41,0.505685739864375
ATMIN,0.839157689321481
TSG101,0.21620775921954194
FBXW11,0.009235999807168386
UBE2D4,0.013352773081429221
RPS27A,0.633378362970619
UBE2D2,-0.3238882410866725
ATP6V1H,1.0236853862519248
UBE2D1,0.44517561754666407
MFSD11,-0.3752246988623816
CCT3,-1.3761745681209254
LNX1,-0.5247593472463961
MRFAP1L1,-0.7954029508965508
GTF2B,0.15210582310870874
FBXL13,-0.39347592047844016
FBXL12,0.6858451278135436
FBXL15,-0.6579846136995317
FBXL14,-0.42968098276010835
FBXL16,2.69267331195526
FBXL19,-0.587264946445035
FBXL18,-0.568874298954715
CCDC51,-1.040143559634176
PPP1R11,-0.5467869021325009
AKTIP,-0.8160913270443192
RNF41,0.8415598351756512
ANAPC1,-1.2288152193548507
ANAPC2,-1.1890457252464521
ANAPC5,-0.5371887051345732
ANAPC4,-1.1779685605728587
ANAPC7,-0.43860006943794116
ZNRF1,-0.4250814747131496
LRR1,-1.504640570317998
ZNRF2,-0.4052414037787921
FBXO30,-0.5576747590803515
FBXO5,-1.5772895932035456
FBXO32,1.6695998923458921
EMC7,-0.3552263016519555
KLHL25,-0.5131890176783505
KLHL21,-0.49583501372790384
KLHL20,-0.8578072286004053
KLHL22,-0.6245270373610305
MKRN1,0.9740632589729631
SPSB2,-0.4782493946867207
SPSB1,-0.5049823626856093
TRIM50,1.9290948151270149
SPSB4,-0.4145460547425837
ARF1,1.2568942303805575
CDC34,-0.948220868417667
AREL1,-0.5440830692051153
LONRF1,-0.6290417767560014
CIAO2B,-1.308925438380735
RNF25,-0.4692207483043036
UBE2V1,0.22426822812893663
UBE2V2,-1.338863279697649
RNF26,-0.28985189995034727
PSMD8,-1.3305474014209495
LMO7,-0.5942722045195755
MGRN1,-0.649298730870969
DHX8,0.8871241247298487
SPCS1,-0.7158737753093395
ITCH,0.22970298241722267
PSMD4,-0.6649022920347581
FLAD1,-1.5030856844416853
CBLL2,-1.0879196735521601
ARIH2,0.5051454882711797
TRIP12,0.5295534791897702
MEX3C,-1.3985030445986009
E2F6,-1.7522449440812646
SNW1,-0.5768770312178558
PRCC,-0.23345158465596438
C3AR1,0.6248920959458764
BTRC,0.09284338432088601
TRIM11,-0.5151797781068923
HUWE1,-0.7402226691535024
UFC1,-1.2408095103081596
LRRC41,-0.6411395927766966
USP25,0.3594933452906381
MOAP1,0.3272153411448379
ASB2,-0.5907348895059467
ASB1,-0.701235222782305
ASB6,-0.7791826601246223
ASB7,0.23963301348252822
ASB4,-0.741867508417389
ASB5,-0.5688625644285368
ASB8,-0.677525980423335
ASB9,0.44142945346171514
PIP4K2C,-0.31638474572793374
ZMPSTE24,-0.0775633274909734
MRPL34,-1.1182147230393
UBE2R2,0.4513793516527327
IMPA1,0.08762108297764248
RNF19B,1.6227713954502943
RNF19A,3.726276831671891
RFX5,1.8061662626496944
TRAIP,-0.07370305930485431
UBA52,0.41022731733088996
KAT7,-0.3635127997500723
EXOSC7,-1.3888436821051295
ADAR,1.7860074024487556
STK24,-0.08805767497141134
GPR161,-0.17325471217126526
UBE2E1,-0.038838086808237415
UBE2E3,-0.5883005337089906
UBE2E2,0.2854906348976697
DLGAP3,-1.2303071690923981
JTB,-1.22563088571908
TRIM9,1.9820765363953143
FBXL20,-0.416422638482063
TRIM4,1.457533974450211
FBXW12,-0.6069510751411805
PI4KB,0.4564358667539233
RNPEP,1.0321629472485945
ELOB,-1.8234740151487554
FBXW8,-0.5115056316445892
SKP2,-1.9874567198959494
ZBTB16,-0.8571796757944639
SKP1,-0.13037375558449082
DEDD,-0.37712209061379964
WDR26,-0.24897900748883728
FBXW9,-0.4815959115464888
FBXO21,-0.7535334425014124
FBXO27,-0.33556187702578427
HNRNPAB,-1.9091099093990314
DDX19B,-0.8713262532078754
FBXO28,0.22482563926910468
FBXW4,-0.7121825800746987
FBXW5,0.8732503653854298
FBXW7,1.4492548976691362
KLHL11,0.7143072478479862
KLHL12,-0.7567108107908793
LRSAM1,-0.32252292136975796
SH3RF1,-0.4324262301085553
CSTB,0.3811534765642778
GNB1,-1.0522364539716935
UBE2D3,-0.15025910608845558
TRIM69,-0.5946960197210247
JOSD1,-0.2969355378223049
TRIM63,0.45005214222393525
PIP5K1A,-0.7392109192692471
KEAP1,0.6033102774581969
ATP6V0C,0.4468749323171004
ERCC3,-1.276386125170257
RNF34,-0.5178345864235561
TOR1A,0.8075594699464562
TOR1B,-0.14213122153629343
RLIM,0.2671572789010658
TMEM248,-0.776350345027371
MFSD5,1.0829981102291193
PSME3,-0.9207681273122668
KBTBD13,-0.24210810672579866
DDX23,-0.43946042667355806
ERP44,-0.1289129099653377
ILF2,-2.3730498759206573
ASB10,-0.38834751850127663
UBE2J1,-0.20383379825542433
UBE2J2,-0.007356727240953776
WWP1,-0.022205021308114067
BTBD1,0.9258449398032859
FBXO10,-0.372693912595889
FBXO17,-0.4927799927805492
FBXO15,-0.3964330957138433
ASB13,3.193053896851809
CAPRIN1,-0.6257230666561611
PPP1R7,-0.9766215958811236
CERS2,0.4918790223618276
ASB17,-0.8380270785149408
EIF4ENIF1,-0.8238595158264911
CUL5,-0.4246202091982636
CUL7,0.28339074614246834
CUL1,-0.5400789581512402
CUL2,0.47435094183635534
CUL3,-0.4048756814114272
TRIM27,-0.3120058410589897
TRIM21,1.6393130622648937
IRF2BPL,4.257967321342561
RNF138,-0.43569240355389743
TOR1AIP1,1.324095052281652
DZIP3,-1.0261654383483678
RBBP6,-0.4732593479000773
RNF182,-0.4853731112659293
RBX1,-1.4400838186752598
RNF217,-0.3478849490069402
RNF213,0.6682359848130759
SLBP,-0.7957457453371052
SMURF1,0.6397774164515573
UBE2F-SCLY,-0.4870067005751923
SMURF2,0.8210919936162352
CDC16,-1.0619089339881818
UBAP2L,-0.2523839935126714
RNF130,-0.30289052624438667
B4GALT1,0.5036432284435518
B4GALT3,-0.6655886011059114
PJA2,-0.048430579008326265
RIC8A,0.28485197539565194
HERC1,-0.4642555651904077
HERC3,0.6549124016529496
HERC2,0.687779418592944
HERC5,-0.36462953009667615
HERC4,-0.3146265793979554
HERC6,1.726909652844959
MRPL9,-1.362539309943887
UBE2I,0.16023118247288323
UBE2H,-0.849310962737092
UBE2K,0.039227778497226376
UBE2M,-1.0952843352784856
UBE2O,-1.058565799005513
UBE2N,-0.16900613432843042
UBE2A,0.4376409330039102
UBE2C,-2.0837628337949083
UBE2B,0.7830714643896912
UBE2F,-0.7298665221918436
UBA5,-0.87627724961435
RBCK1,0.6846784421303694
UBE2S,-1.351011906521149
UBE2U,-1.0312709525931805
UBE2T,-1.9956844787568955
UBE2W,0.06554025744530849
DPF2,-0.8813150879982522
UBA1,0.4160106608931007
FBXO2,0.7130701461484522
FBXO4,-0.37782602327106535
FBXO6,0.020547721823315917
FBXO7,-0.6352172317668282
FBXO9,-0.7026726764360394
HACE1,0.8808938704752028
SRPRB,-0.8517491227773776
ASB11,-0.5982378027304526
FHL3,-0.6149175051763348
FBXO44,-0.525403492751592
FBXO41,-0.3611528002787728
FBXO40,-0.6134397467457187
NDUFA8,1.2267419885537236
DET1,-0.7326744868903688
TP53,-0.2632964879013853
MAEA,-0.10751369975269386
TRIM71,-0.49144837824015214
BIRC6,0.2274674300633803
PEX19,-0.4557802596902665
MAP2K1,-0.20465859909495066
ADPGK,-0.19674739715479228
ANGEL2,-0.2411885219761427
RCHY1,0.35471423719015965
LYPD3,-0.8514712886224209
NSF,1.1884816638800326
APEX1,-1.2597552934883356
UBE2Z,0.0512840740078967
MAD2L1BP,0.6305955419800748
POGK,-0.7408572505532796
PPP1CA,2.725454384515191
MYLIP,-0.3867975529066592
M6PR,0.6986607822443299
HECTD2,-0.4287340148707115
HECTD3,-0.5551691439336198
ASB12,-0.49112957295520193
HECTD1,0.14195660446802585
ASB14,-0.5027765919383879
ASB15,-0.7143401561206572
ASB16,-0.5988397866151576
UBE2QL1,1.0110030644742423
ASB18,-0.5951950017905983
DHX16,-0.48512722481592674
AC022826.2,-0.7683029648648154
STUB1,2.132071636880843
ANAPC11,-0.21108699872223102
ANAPC10,-1.7339800011607582
ANAPC13,-1.2248286436799853
CSNK1D,0.2204321636270165
UBR4,0.9148621277100184
WSB1,-0.6302310126001566
SCAMP3,-0.3768358698872912
CHTOP,2.2950069785336704
KLHL5,0.6787635129412972
KLHL2,0.4408524181847309
KLHL3,0.7798956326667247
UBR2,0.5218403164293314
UBR1,0.26495061068919884
FBXO22,-1.0082105521673537
KLHL9,-0.08789746279301552
FBXL8,-0.4151638795466449
SOCS1,1.3324028804867947
SOCS3,0.517695116260491
FBXL3,-0.5748169767124923
FZR1,-1.1776960901914906
FBXL5,-0.007140325899503008
FBXL4,-0.19915232869136168
FBXL7,-0.42828443239963415
SUPT4H1,-1.3011578181680554
TMEM189-UBE2V1,-0.5388257852876416
UBB,0.7206724510112104
UBC,1.5315910324244442
RNF6,0.46782014854880594
RNF7,-0.9583488724204151
RNF4,0.004966368464421161
TRIM39,-0.568034398578434
TRIM32,0.29223587208874724
TRIM37,-0.9073350187140519
TRIM36,0.7586955005723086
UBE2L6,1.2742510077856026
UBE2L3,0.045384792257781664
KBTBD7,-0.6969957964239242
KBTBD6,-0.5743376332854677
UBE3B,1.1342485897883376
UBE3C,0.9742962708113095
UBE3A,-0.3407698472021432
CCNF,-0.9199038951773776
UBE3D,-0.452762611144991
KBTBD8,-0.5063574186726028
NGRN,-1.325079126210778
HTR2C,-0.6452854361537591
PCBP1,-0.9255367098571501
RNF220,-0.5244856759372848
ECPAS,-0.08976355642382178
ARPC5,-0.0003656326397439781
TRIM41,1.8467685681921158
TAF7,-0.5459693020475499
SLC25A44,-0.4469887874917135
CDC27,-0.31371300897814086
CDC26,-1.1791389729047053
CDC23,-0.7008325033801568
CDC20,-1.5993884513173524
KLHL42,0.3345891783164032
KLHL41,1.4283039947226845
HECW2,0.08481404343822395
RNF126,-0.3717684975689457
BTBD6,-0.2468976912579286
RNF123,-0.262699301303732
DTX3L,1.0072040540040879
COP1,-0.7671112711108736
NEDD4,-0.8330058710316453
PFDN2,-1.339963380998469
SIAH1,0.28108321468724906
SIAH2,-0.8509072760582108
TCEAL1,2.1930527584945794
RNF144B,-0.4410576682942654
PSMB4,-1.159512381268959
KCTD6,0.6953665426789234
HAX1,1.6833598686745668
VHL,0.1960200857395495
UBOX5,0.6045483610252653
LTN1,0.4199954353043158
UBE2G2,0.49855539803538595
UBE2G1,-0.2600550769011309
PJA1,0.25112225018809614
UFL1,0.0873888693925288
RFXANK,-0.9301277044235492
RRAGA,0.11823588874372641
TRAF7,-0.7205600098376592
USP11,2.7026371319163314
C1QTNF2,2.0867738472699005
NEDD4L,0.35514145034861766
SCFD1,0.42802536971422417
RNF11,0.49539493894963715
UBL3,0.5800863905203976
HSPA4,3.0009749336213254
SUMO1,-0.7968464689790691
HSPA9,-0.15262257447643984
SEC23IP,-0.5700809830934421
ANKIB1,1.2171322576455492
COMMD8,0.1641063573969519
C6orf120,0.7624354149175112
CDC73,-0.9144538775730056
PIK3CA,0.6811357079000541
RMND5A,-1.0902567506366547
PRKAG1,-0.7488007537384818
FAM114A2,-0.29133863769539264
ABCD3,-0.6463134852230916
HBS1L,-1.2591485832365337
RAB9A,1.286688714242571
WRB,-0.5953078103754931
NIPSNAP2,0.044629654298164255
SP3,0.6905715589259835
AP5M1,-0.21872176264080145
TMEM9B,0.7226582340199154
DHX29,-2.155990972916541
TMEM184C,-0.4944391215928603
GPI,1.6770706028038886
SNAP23,1.068439714451901
PTER,-0.3161137363432697
ARHGAP12,0.2399586275020345
TCF12,-0.8174775381065735
CTCF,1.1951395313842261
ATP6V1D,0.6308620883298641
RPS6KC1,0.6047677279130683
ATP6V1A,-0.12860824781568347
ALDH3A2,-0.4851701719798279
PUM2,0.2676058991770479
ISCA1,-0.30037252114725216
SPTSSA,0.2855978606202035
ARNTL,0.5092789150462416
RWDD2A,-0.1309414970813609
BUB3,-1.5624320492735075
XPO7,-1.0086762155289197
RWDD2B,-0.4792387339085871
APOO,-1.190184767384298
CETN3,-1.5522722997430711
CTNNB1,-0.8644241300729943
JAK2,0.6102419287973367
TMED10,0.016215865885912742
KIF1BP,0.762942731384279
TSPYL1,0.5622051047206916
ZNF226,-0.4248069447837218
CHUK,0.32002544028106134
INSIG2,0.8000933526537966
CSGALNACT2,0.42655794653077334
SLC39A6,-1.2845129275514884
PREPL,1.1850304050918306
RPS6KA3,0.7744879553142273
CSNK1A1,0.8514148491566614
C5orf15,1.8231259934128203
GFM2,-0.9223375394145249
ATAD1,-0.9717545765605776
SLC35B3,-0.46847731672971243
TTC37,-1.535301261441956
MINDY3,0.8115702424235473
MINDY2,-0.42725342826076246
EMC2,0.13162437708759045
MINPP1,0.35653102279832966
FBXO38,0.4546844303007566
ECHDC1,-0.19477831159003192
SOAT1,0.6010404332258981
SMAD4,0.7720259215292186
RAP1B,0.18773946052173862
RAP1A,-0.5955818367421558
AP1AR,0.8843093512077472
DCTN4,1.7138416819603255
LRIF1,-0.4159952320847398
NCOA4,0.6367420272548018
CCNDBP1,-0.22048185305079462
CRYZL1,-0.7080298561093956
ALAS1,-0.188618181453272
CRBN,-1.0605640388889275
TM9SF3,0.4621942802405833
TM9SF2,-0.22803184952092723
TOGARAM1,0.2412566727153985
AUH,-0.9944963372479083
TMEM59,1.439377603981252
CIAO2A,1.9749062603331786
TCEA1P2,-1.0957012663064905
PRKAR1A,0.35854413139112745
SAR1B,1.912217403245607
SCAF8,-0.20501110435573922
CAPZA2,0.6721694922145319
PEX7,0.4177145217423706
PRRC1,-0.7695381648845765
SUCLA2,-1.219516059554272
ATP6V1E1,0.223946351251876
TBCA,-1.7593905309136748
MORC3,1.0358735380525022
ACTR10,-0.2433743901810083
CPEB4,3.4255282416553845
TMEM251,0.1621509120861988
CAT,0.3852473261895914
EI24,-0.7941859314451357
RAB2A,0.08343456849286228
C10orf88,-0.6876697281874045
EPS8,0.5403578500032714
EPS15,1.0359631074740085
TOB1,0.2962396449257761
PRMT2,-0.5890715212124277
CLIP1,1.739706830046806
HNF1A,-1.0618728889239575
ETNK1,-0.0379664127983872
ATP6V1B2,0.5838660452905177
CDC37L1,-0.7376166194448278
ARIH1,-0.40240351681105047
CD46,0.49803150499645493
HIKESHI,-0.5864614571689606
FPGT,0.38635910839439425
LPIN2,-0.03731491558792807
CGRRF1,0.5134646696577109
RAB21,0.8210933027081133
LACTB2,0.4450861205730815
DMXL1,-0.1281253116751128
NCK1,-0.04401257775048511
EXOC5,0.7673858455254849
MBD4,-0.6319690931695519
PPP3CB,1.5549246108438364
SPG11,1.255120663225257
BZW1,-1.0949613142955528
MPC2,-0.3693638359416511
MARCH5,0.8188137748902452
MARCH7,0.42222540592334135
RCBTB1,-0.7714912042673167
SLC25A12,-1.3960884920633438
ADSS,-1.3132561040963773
B3GNT2,-0.6493036182797866
NFE2L2,0.8813589442385069
DYNLT3,1.0609497429523473
TTC5,-1.442004927324396
RARS,-0.8973527759206792
GMCL1,0.3068529890060602
ZNF263,-0.7365798546657822
MTMR6,0.7702558696398996
TSNAX,0.444708255425096
UTP14C,-0.2574695342229739
SEC24A,2.543858153358094
TERF2IP,1.1095794893319026
SIGLEC10,0.9374895859676456
SIGLEC11,1.3944000078035002
SH3BGRL,1.0905499659370428
HTATIP2,-0.4454736990364821
SYPL1,-0.29798985275243534
OSBPL11,3.911105215743283
SCARB2,0.9581988644116908
MRPL42,-0.8561866406926621
RNF103,1.4659132727603417
APC,-1.2072216741080186
UQCRFS1,-0.773279113043493
YIPF5,0.08203323906218099
YIPF6,0.2999118244987364
SNX2,-0.05069820036066626
SNX1,-0.09644297864022079
ARFIP1,0.597361820290041
COPS2,-0.6014562869661815
SERINC1,0.6762631962195264
COPS4,-0.7749802346717443
ALG5,-1.397776154797784
MED7,-0.687738805459036
BLCAP,0.9528945055888319
SUB1,-1.330850067074514
RAB11A,1.0121396852756774
DERL1,1.720929185354361
C11orf58,-0.7878179033930073
MAP1LC3B,1.6048136425143114
OGA,-0.9139170668548138
TCF7L2,0.050143633883490024
TCF7L1,-0.9934994585123339
DLD,-0.6506283336753342
DNAJB9,3.425181692626447
C12orf29,0.3033062569688158
RFK,-0.02135006359188135
HAT1,-1.476072101556084
C18orf32,1.1497587723539586
KDM3B,0.963309336674428
RALB,0.7945236217161585
MMUT,-0.5269746316660106
TMEM126B,-1.7651467660187026
CCDC47,0.4840226034031717
ZNF236,-0.7470716158027076
AIDA,0.044251075662544506
STXBP3,0.058076925927830376
PRKAR2B,0.6407194794701772
AL136295.5,0.9713266117012759
FECH,-0.9479271008537848
BET1,-0.06503248602837541
TMEM14B,-1.5906106428343023
TMEM14A,0.6430567587164269
PSEN2,1.5886427793697417
PSEN1,2.021239502393496
DNAJB6,0.9144542315127195
ETF1,-1.9786265880879228
NDFIP1,0.9416421234716168
CHPT1,-0.4064644249007032
TRAPPC11,0.3277892281361072
TRAPPC13,0.7055338406592785
RAB14,1.1953537183923462
THAP1,0.6084116996542686
HNRNPA1,-1.1885770699773863
RAB6A,0.36282463630006734
RTCA,-2.4010963583716647
ACOX1,0.8323561074419056
STX7,0.8266438015049288
SHOC2,0.5198042466032571
SGPP1,0.09364073352267346
RNF141,-0.7091521377771934
ATP6V1G1,0.19241989416253175
TBCEL,-0.050419626986873356
GRSF1,-1.6042529291387109
CAB39,0.6743523713534733
PRKN,1.9557611467476774
NFYB,-0.20204056149627508
MEGF9,1.20897585119017
RNF38,-0.0787487060357176
SMARCA2,-1.0816268513047351
RNF31,1.6462218003579092
IMPACT,0.7083949656693366
NPTN,0.9414544973697788
GABARAPL2,0.8548438565873702
DDHD2,0.6950214719992966
MTX2,-0.9721231884549016
FEM1B,1.2212294320724333
ARL6IP5,0.9979035901293607
PCMTD2,-1.1226600104463997
COPA,0.7938278569854162
MAT2B,0.4250736005996103
MFSD1,1.614951210941133
MOGAT2,-1.14387222945155
GLRX,0.49750277952752636
VTN,0.8016879485324626
CTNNA1,-0.22532359385428155
VAMP3,-0.016786324986633506
VAMP4,0.017152534612934325
VAMP7,-0.006383037578289189
WDR47,-0.1599041833698164
ROCK1,0.587126985516548
CUL4A,-0.2184526869836112
DCAF6,0.3914887338386606
WBP4,-0.016109413336023937
PCCB,-1.5346650945781077
NDUFB5,-1.0233630543978243
FAM3C,0.8258066853135264
NARS,-0.31928888256057586
SLC30A5,-0.8785807637476785
TOPORS,0.5703735155235673
TENT5A,0.22599852737047166
CUL9,-0.35219810229671905
CLINT1,0.38828633368845006
PPP3R1,0.4947014681302876
KLHDC10,-0.4732491861963079
SEC62,-0.189697432658146
ANKRD46,-0.3326427981820208
ZNF200,0.244014970711574
CLCN3,-0.5834344397579792
IDH1,0.3808195771053454
SH3GLB1,0.9577968659058814
TRIM23,-0.14722927080309195
USP21,-0.9006945795302939
GHITM,1.355949078459861
PTPN11,1.5717237328093479
JKAMP,1.1242417792263175
PGGT1B,1.2065123236520354
CCDC28A,1.7495712965581363
KIN,-0.29209347402780106
KPNA1,-1.6973021906469616
COPB1,-0.273989242667594
RNF216,2.059559634264364
MED21,-1.8021671569966644
KAT2B,-0.41457846092781775
IARS2,-2.4220497539897625
PPM1B,0.6711283998636317
PPM1A,0.4997835439451264
CLDND1,0.9768427320531842
VPS37A,1.8844661637443791
PNPLA7,-0.017171183267717844
ARMC1,0.8278266746775381
UNC50,0.31364483286310174
GSPT2,-0.09770076170348643
GSPT1,-1.6023674947312498
BECN1,1.8309624052959912
RNF144A,0.13040705633388905
MAN2A1,0.3244570262795549
UBA6,0.6241180074585294
UBA7,0.9613204928179343
ATG12,1.5205315144240654
UBA3,-0.5993115969446521
RWDD3,-1.3883007839494865
MRPS27,-1.2000265905225478
UEVLD,0.4731403661013227
VPS26C,1.1510753188813423
PHF7,-1.2132205086463634
BAG2,0.6043488376013993
FBXO3,0.0656411508901087
RHOT1,0.7000055282336849
FBXO8,-0.3793316258208065
BCAS2,-0.5183665903835389
CAPN7,0.12345948983192398
OPTN,11.34847596732297
SNX13,-0.6490001530421374
SEC23A,1.6534844203041659
ADIPOR1,0.22678105199145662
SNX19,-0.23727079741647394
ERC2,3.8948603155867088
BNIP2,0.4145086928710202
DPM1,-0.7619221550375164
NDUFA6,1.3002308678256829
NDUFA5,2.267907294595844
FBXO43,-0.08121352220433596
PRDX3,-1.2940439567812267
RABIF,1.471791742235453
RWDD4,-0.30886581184430995
GALC,1.0703143366504813
ATXN10,-0.34430710092486055
ESR2,0.92581553233944
EFCAB14,-0.5203646555121458
NRBF2,1.4148822003219736
GOLT1B,0.7553169253323407
MRPS35,-2.009696120747704
ISOC1,0.8791443573440094
RWDD1,-1.8002693316822564
EIF2AK4,-0.9293825877294458
HIBCH,-0.9194511406931614
DTD1,0.14646863330571602
NECAP1,0.5116013585809471
BPGM,-0.818721304680523
UFM1,-0.13366883186203488
BIRC2,0.8594275864487562
MOSPD1,1.8198769983734167
MDH1,-1.2557048350443096
MAP2K4,1.3016410597654027
PEX13,0.05713434021051378
LPGAT1,0.27737421713693833
MICU2,0.2704136200899245
RNF170,-0.4993969129714046
ECT2,-1.6155891482052531
STAM2,0.04588223601876685
SCAMP1,-0.16033043396604987
TMEM192,0.30331839688590584
SYNJ1,0.11357340057061777
GLT8D1,-0.1539393844846138
ATP5MC3,-2.1155072417016973
CNIH1,-0.6092612915494234
ANXA4,0.9228188816881595
ANXA7,0.8249827944218936
NUMB,0.9726160270542299
HLTF,-0.24849720377735018
TAGLN,0.6101231506321738
PPP1CB,3.0413373346984587
RNFT1,-0.4991146188657516
C1D,0.17994204969981809
HADHB,0.5772340943079541
NDUFS4,-0.6896156649230027
PICALM,0.20012546224011116
TM2D1,0.7187654186902378
TMOD3,-0.25565229657077
WASHC5,0.49647148627759363
LYPLA1,-0.8270399589561432
SEC24B,1.1818573009029558
SRP9,-0.8238442825680015
OAT,0.0027940741638049532
KIFAP3,2.8390601039765486
LEF1,-0.4228837047819964
CANX,1.189175113919357
NDUFAB1,0.12525825056728496
ZNF140,-1.1289672025873405
MRPL3,-1.5258254836420586
MMADHC,-0.9605519189844035
LIG4,-1.2563277082500433
GOLGA7,0.2263021620264795
NNT,-0.20478223060825362
SOD1,1.8112853842423184
SEC63,-0.2109836104389671
SARAF,0.9517816369777031
GARS,-0.9366447572378133
TRMT1L,-1.3848423749569279
TDP2,0.0892957356475127
SCOC,0.2219045716332947
ACYP2,3.1075091442799145
PPP2CA,-0.12693786747292707
ACSL3,-0.47646586726560486
WDR59,-0.8457259045624722
ASF1A,-1.405071732355994
RNF8,0.46228357852490204
CCNH,-1.5369644502798585
ZNF217,0.3408444877117135
VDR,0.612454191965518
METAP1,-0.05440360836196662
TRAK2,0.9727470845345282
PCMT1,-0.8182777937211193
SLC25A32,-1.1739886632847647
PNMA1,1.286015640526499
NMD3,-1.1796947246737999
FAM177A1,0.00105175812314087
DCTN6,1.858412159005591
CMAS,2.313553788038236
LANCL1,-1.4387153930478347
SLC35A1,0.5114689660833777
SLC35A3,0.05365786768799526
UBXN4,0.82685080509215
PRELID3B,-1.4944694339851017
ORC4,-1.6607251866047479
C5orf22,-0.4119863300060032
TTC1,-1.0300317034970168
RCN2,-0.8322100212329359
DCUN1D1,-0.06926082116268223
SLC26A2,-0.6615198916849568
DYNC1LI1,2.43196109596293
POLR2B,-1.6035174222867192
TRIP4,1.3656873202003403
POLR2K,-1.6834158199158227
STRN3,-0.12494788597304946
HADH,-1.5721015077893425
SLC25A46,-0.2735359621510898
TNFAIP3,2.8620141243875032
FAM8A1,0.20696398238348096
AP3B1,0.014829872559768939
RBM22,0.46897281855206113
SNCA,2.661382419621078
ACTR6,-0.17357639841847256
STAMBP,-0.2800314668977038
APOOL,1.2444944906746496
SDCBP,2.468962735787371
ATP5PF,1.076630300799805
CCNG2,0.7436835729320126
ATP5PO,1.0609035012647305
PCDHB11,-2.0196481557508768
NCOR1,0.5751652440324695
LMBR1,-0.6121486451011905
TMED7,0.37449798086481
TBC1D9,1.443008542387386
ACSL4,0.5066572360190783
TMED2,0.04847952716664681
ARPP19,1.1026253156873216
MRPS30,-2.176718464414538
MAPK1,0.8529542156580674
MAPK6,0.26287387434424186
SACM1L,0.25169561538466995
TMEM30A,-0.7862652555213552
MAPK9,0.8548703503485133
REEP5,0.6478018874201574
ARMT1,0.05022404080970292
RBL2,-1.6347078897046914
PAQR3,-1.006161485917638
RDX,0.1319598960196724
SERINC3,1.6327266268593872
COPS5,-1.5124397120833886
CRNKL1,0.7426407349107004
DEGS1,0.21384967141323233
YTHDC2,-0.33019073158846873
VPS26A,0.30524619087274674
SPAST,3.454771020031037
ITFG1,-0.28410345177147145
MORF4L1,-0.4700700748617419
PRKACB,-0.8201511811503547
PGRMC1,0.24482465938216122
DECR1,-0.28436637147718563
TMEM230,-0.8006119489736641
ARFGAP3,0.7342490651053003
CLPX,1.2979310677319937
LRBA,0.18684071918884898
ACVR1,0.3239846692064937
CD59,0.1807831632402258
CTDSP2,0.5777519316579206
NRIP1,0.5286326609852708
DERA,-1.4006585822918625
CAND1,-0.9610398283180128
UBQLN2,13.488677137065736
BLZF1,0.8198113055093256
HIGD1A,-0.06818739194443438
GCLC,1.472003632735573
NR3C2,-0.6591979324868052
NR3C1,0.8689287646567425
SRI,0.023541585716983775
CRYZ,-0.696677027073353
GTF2H1,-1.4419391949823928
USP12P1,1.6048422746391715
TMX4,0.7639775192815511
AKR1B1,-0.02706015276388631
TMX1,-0.3031386468477844
DACH1,-0.4169496936024294
CDV3,-1.2126998125435169
COX7A2L,-1.6628699628371701
SEC22B,0.7205895044700873
DAZAP2,1.5934541600689638
ESR1,1.000613205502568
TAB2,0.6616407861395431
CD164,0.27483227567271545
RIOK3,0.559532663562965
TARBP1,-1.3895843431746606
ACTL6A,-2.0182400796736557
SDHB,0.9526002529991797
GDNF,-0.17724576474811113
SDHD,-0.5502979554528151
RNF10,0.379967698954283
DBN1,0.6004077156686295
ACTG1,-0.5520650373059443
BLOC1S2,1.352345673161618
COMMD2,1.2840829528923248
CAPZB,0.2531218326206016
ELAVL1,0.7025744336106252
RC3H2,-0.6671268075506642
ARL13B,-0.037244535139050176
GFM1,-0.6888387939298971
ITGAV,-0.14587696299173042
SMAD5,-1.1959775471304854
AP3M1,-0.5473263250882396
SMAD2,-0.5423688331101236
MIB1,0.8571545465242323
XIAP,0.41231677570431957
AMMECR1L,-0.5319789574040608
RBM12,0.9871918784221054
RIOK1,-0.3175243074090423
CMTR2,-0.6287739339083224
MOB1B,1.680291823752854
EEA1,-0.1405465248305855
SELENOF,-0.557907133926568
ITGB1,0.01596056809272747
THUMPD1,-0.5800524220973076
BMI1,-0.7188402882298939
BRMS1L,-1.3069125211762609
THAP5,0.08186671028837554
FAR1,0.4509711673163913
WDR77,-1.0321536379318572
SLC12A2,-0.6132500415483496
SH3BP4,-0.3298445744394674
SLC2A9,-0.6195394858882287
YTHDF3,0.09154276266780847
MED4,-0.24382947899035498
VEZF1,-0.08177914771013933
CCDC6,-1.136059541304956
DHX40,0.2785966503335816
HMGN4,1.0175279007446427
OSTM1,1.1320485932620878
RPS6KB1,0.7203581915707024
RANBP6,-0.6241753124632778
CLIC4,-0.8211067408566464
SMNDC1,-0.3414510363454965
USP8,0.12371726485936387
MTERF3,-0.8446845681423032
AP3S1,0.13307333163929908
IQGAP1,1.0633033940605527
ZBTB2,-0.7018377121929769
PAPOLA,0.08650326169938148
DPH3,-0.7997058877357478
PPIL4,-0.22350598712566572
TMEM263,-0.4715547406489552
TRIM25,1.8019875657246074
PRMT5,-1.6101402854711964
DNAJA2,-1.3324874530001043
GSKIP,1.7699970173090058
SEPT6,1.2488622214794323
TWSG1,-0.5558221949629412
USP46,1.1304234313877715
UBLCP1,0.8134461174338199
UBA2,-1.2849563170103508
SMIM15,-1.0079576161817416
MYO1E,-0.13445517499463297
PHF10,3.0109740539758083
BTBD10,-0.45134251828164673
ZNF532,2.5469658540879094
GMFB,0.16491622462174024
APLP2,0.409886516950205
VPS4B,0.44968226214477325
MAP4K3,-0.4783475028962354
BIRC3,0.7602100065904894
AEBP2,-0.833457152548238
ABCC4,-0.6909736482560909
TMEM167B,0.015746202189871057
VEZT,0.7578287263238868
TM2D2,-0.6443594841705933
ZFAND1,-0.6056491820663459
GSN,0.5232299829583436
SLC39A10,-0.6718532843730638
ZNF146,-1.7135777149805094
GOLGA5,-0.1933436754582549
URI1,-0.5214887818428547
OTUD6B,-1.0446382049644205
PCGF2,-0.6800516420184176
ADAM9,-0.8599821737723627
NIPSNAP3A,-0.22039946245617462
ANKRD50,1.1696844224959637
METAP2,0.5036799161670628
THAP12,-0.031856747033749556
TOP2B,-1.1301566477367946
ARPC2,0.03676833488880709
ARPC4,-0.47546071199607987
TAF9,-0.41742004897334645
AGPS,-0.7226137258573133
RAD23B,-0.12381048114728346
HNRNPR,-0.15733338250811935
TCEAL8,-0.15649229186845748
AKR1B10,-0.07258217463600283
ZBTB41,-0.4819344616611939
TATDN1,-1.4242218886321583
LRP11,-0.022103505027938432
DPY19L4,-1.0347751310772477
HOOK3,0.6212325908845181
LRRC57,-0.32312946161886563
USP14,0.22252569939723202
SSBP2,-0.7633205559365885
RASA1,1.5658651142433095
SEC22C,-0.10812986560625669
GORAB,1.6112814165742793
BCL2L1,0.48723810347124014
MOV10,0.8876681454329701
GLRX5,1.4110848880908518
PSMF1,-0.4780289199468075
MARCH6,0.0722173198317805
ZFAND3,-0.2830586428068271
MARCH3,-0.299818974701085
MARCH2,0.8228607938451014
SUPT5H,-1.5182298941893728
HSP90AB1,0.3163727376342885
FLII,0.9415219977991348
PTP4A2,-0.3777260236032808
RELA,0.45253900242458905
SETDB1,-0.7704235340403013
DYSF,1.2561128092655272
RAB5B,0.76652069386029
R3HDM4,-0.572084281703838
TRIM26,0.6668017304787073
UTP14A,-2.0259467943194913
SEC24C,1.3542338433137577
CHFR,1.707981705674469
MDM2,0.5385106522685752
SHMT2,0.6997889471945712
GMPR,0.767727068832815
RNF181,0.7352656858680658
PPP2R5B,0.6602187010544076
TERF1,-0.40166060018659205
STRADB,-0.34452461885064717
ZNF592,-0.7211753313695395
SLC25A37,-0.40329228069766065
PINK1,1.8698192488000778
SEC16A,0.46156503672279164
EIF5B,-1.639244980610306
NPRL3,-0.6960867532040979
XPO1,-1.0718168844972806
UBAP1,2.2195383974156346
UBTD1,-0.3039222059081073
PPP6C,0.17468702029850738
UBXN6,0.9710538124481792
CCDC90B,-1.3078198333397497
CNPPD1,0.046025170465490504
RBM38,-0.7331161153848581
NR1H2,0.4000801043815209
MAPK1IP1L,0.1973145358935683
NXF1,-0.528273653814149
SGTA,1.1291686333139497
COL4A5,-0.1856279109176331
TP53INP2,0.539455250723909
GRB2,-0.4210484414194916
PSMD11,-0.6072907370747772
RRP12,1.6088893235386579
SRRD,-1.1054714869564093
RBM28,-1.5986961205678691
ACADVL,-0.8725052425168598
KDM1A,-0.9824657972597763
BAG6,-0.009848920296657812
RAD23A,0.6575186304683636
MKNK2,0.47027868896253766
TLE1,-0.8072919449399756
FOXO3,-0.20603559464076335
SLC4A1,-0.6847807750482147
RNASE3,1.4794731066585087
MEOX2,-0.172318212906728
STRN4,-0.7829048522676725
MLF2,0.2495550411782693
SRPRA,-0.23419288689485784
NOC2L,-1.0391385973831357
ALAS2,0.5156267459673657
EPB42,-0.7265649795046486
ENO1,-0.6910873191103248
AMFR,0.13798481420355654
CS,-1.6914590085009724
RMND5B,-0.6057707256638956
TARDBP,19.406800190431223
EIF2AK2,0.7492250921307806
ARPC5L,-0.9131043725586157
RNF149,1.4916376712682866
ZBTB14,-0.3551452939776531
HSP90AA1,0.0910646345601071
ZMIZ1,0.44972150497515234
KCTD2,-0.28754845092490866
EEF1A1,-0.5974497015803093
CHORDC1,-0.31090576927666863
PSMD2,-0.886213410599544
MAP2K3,1.099803342080206
DCAF12,-0.3496943426146685
PON3,0.47765566346845606
EED,-0.9520597779815084
SCAP,-0.1678089616839494
RNF32,0.05876206135834636
TAL1,-0.6193909460649992
WRN,-0.8593824768185987
DNPEP,2.4728248131446287
CANT1,0.7840370685498215
PSME4,-1.5789143005287516
ASCC2,-0.9837438064789716
RNFT2,0.2032739942420195
ACTR1A,2.165140125109646
TULP3,-0.5002335703922702
MAGI1,-0.9327797156132072
ZDHHC17,-0.3659481487315464
GOLPH3,1.996861945817222
RNF13,1.1143822919417825
HOMER2,0.3308216241203142
IL6ST,0.259628542326858
MOCS2,-1.1354778105452614
P4HA1,-0.9586278512649287
SRSF11,0.09280843805343902
PDCD10,-0.2956462352817723
DYNLL1,1.2314306467843221
LEMD3,0.576595672460789
GAPVD1,-0.5366895551543549
ZFYVE16,-0.010385275667823778
FAM114A1,-0.09984216232286479
YAF2,0.10070003278726236
ARHGEF12,-0.1326809229638814
ITPRID2,0.24375297142518804
PIK3C2A,0.4733873685299502
OSBPL9,0.17603619254209396
SNN,0.21448115810592905
PTEN,1.3329910869086845
CDKN1B,-0.005716417221587121
MYO18A,0.0650799145318168
PUM1,-0.44204480773660987
CRIPT,0.6091027288564712
CCNT2,-0.5311330779469572
WDR44,0.6041972050976838
CSDE1,0.053092872491763095
WSB2,0.5913648766414271
JAK1,0.302558640009085
SPRTN,-0.027487901574422186
ZEB2,3.5289419958740513
DSTN,-0.13584997763888543
CAMSAP2,0.6034434738133735
PSMD14,-0.9231017291588898
PSMD10,-0.23082403277814995
CBL,0.3151241191893227
PSMD12,-0.2522044645942028
FBXO34,-0.2621026905369802
WDFY3,0.4214166957087962
FBXO33,-0.3279769303632341
ANKRA2,-0.4480074980432403
ATXN1,-0.11115581763342121
RALBP1,0.2599821962854114
PRNP,2.05940832417404
TNFRSF10B,0.19272669851026106
ATP6AP2,1.685480149185153
KCMF1,0.10414813619311357
MARF1,-0.6297794353870181
PYROXD1,0.9477542243437762
ARL8B,0.4548654467132759
ANKRD28,-0.15777177550982172
AP2M1,1.3293194945739366
SPTLC1,0.19716277167339524
HEBP2,0.31010374340593166
CPEB3,0.8801060906199987
HS2ST1,-1.0719956070686256
LMBRD1,2.0986939522374453
CAPZA1,0.46696565433320886
RAB33B,0.5056724686437037
INSL3,-0.0030443672999913066
ZFYVE9,-0.1282091194484712
AP1G1,1.762480421126072
MMD,0.8904774123855242
ATP11B,0.39440054457675344
RBM7,0.23512982637418955
LAPTM4A,0.16492736923906187
PSMD5,0.101558729242401
PSMD7,-1.0960956893626204
PSMD6,0.16763587622978307
PSMD1,-0.9752331594365358
PSMD3,-0.5161355436509903
QKI,0.6140905810731645
ATP13A3,-0.7223468801781788
DYNC1I2,2.1322926410586795
RYBP,0.4781483934305814
EFR3A,0.6109230377281085
PSMC6,-0.8096249324091083
APPBP2,-0.6175222072164339
RTN4,0.7513462796239357
HGS,0.049621436965384985
RTN3,2.0252914523457903
RRN3,-0.3680885638190805
MCFD2,0.6183492941003734
NCK2,-0.6101960471067516
SLU7,0.7283905295987009
OSER1,-0.4657259874733351
TMEM41B,0.16304214634672065
MARCH4,-0.10767838625307344
TMEM131,-0.1193488070335015
MARCH1,1.2826648620182708
IKBKG,0.8100487625075116
IKBKE,0.47586105636058257
USP24,-0.10409903981705797
MARCH9,-0.2421271670734036
CCSER2,1.4173352697283346
GNG10,-0.3064927997677656
SRCAP,-0.9542206997674525
TSC22D1,0.7478975646079496
KHNYN,3.1018048735676507
PAFAH1B1,1.1404025164473557
CNEP1R1,1.5265170078017314
PTTG1IP,-0.32229188736227715
ZC3H11A,-0.7623762364578295
APP,1.5758379718006852
RABGAP1L,0.2615421121670429
EID1,0.45195155729987996
TMEM47,-0.05585357134055697
PLAGL1,2.4849501187176846
UQCRC2,1.3665346166432788
SNX3,0.6443490517038933
COPS8,-0.13916236080499259
ADNP,0.35295396478975605
CYB5R1,-0.47570308383954013
FUBP3,-0.5190204354411784
NMRK1,-0.12485243411647709
STAM,0.4481268748036437
AP2B1,2.0846130073319626
YPEL5,1.4196550648022446
NEK7,1.088283600304985
USP7,-0.8121748633377622
KMT2E,-1.0684423627047597
PLA2G12A,-0.6221172949949406
ZBTB11,0.5677745067950033
UHRF1BP1L,0.9525415083993788
GALNT1,0.3605281951043802
BCAR3,1.2784396911475158
FZD6,-1.1139569686718256
TRIM8,-0.1255899201789576
PFN2,0.4029047265440941
CREM,0.6836100422725079
RSL24D1,-0.7201315557864328
VPS51,-0.64454718150765
CREBBP,0.21890705265172275
HDAC3,-1.151629541328208
HDAC2,-1.9440094011403979
HDAC4,-1.0087986658951411
ANKRD13A,1.0716063266273537
ELOC,-0.4206157704727954
MLF1,-0.8508948578801449
TPM1,0.6189379866358456
RAB18,0.7229718880316232
CCPG1,-0.470624213945549
RANBP9,-0.6217670019080362
FANCL,0.05201490708056562
LSM14A,-0.2737584294693788
RANBP2,-0.03840133406862072
PLPP1,0.8902322575118512
ACVR2A,-0.6118485980127834
UGDH,-0.9630980206512866
SSX2IP,-0.2134868030543161
ACADSB,-0.8742895990319475
REEP3,-0.054991932330294126
RSRC2,-0.35570588026372857
STX4,0.9068524168687572
RNF145,-0.2587056956177118
ATP5PB,0.8997072880563657
USP2,1.0390960689328856
KIAA0232,-0.3886943693906776
WTAP,0.263847119486114
ERCC6,-0.5787548637232786
MYO6,1.136229465408486
RPRD1A,-1.4242001745215664
MCL1,0.3403677084906648
NR1D2,1.082522336300295
YWHAZ,0.1816139695225497
SERTAD2,-0.5939699863701164
SUN1,0.21393471932545965
RB1,0.22866657295835724
PHKB,0.4383150557827129
MED13,1.0661234539651898
GDE1,1.0205393200243869
MED17,-0.012005180857685793
FEM1C,0.2472531453741457
AMD1,-1.247764797204697
CDC42EP3,1.2659634803298867
VCL,-0.2625479339662838
AP2A1,1.6929792265029089
FYN,0.08926584485142658
AGTPBP1,3.363743476272783
PHYH,2.145691759540968
ABI1,-0.24256446230751555
AZIN1,-0.9410561767015332
GGA3,-0.5215126725069659
ATP6V1C1,-0.06527416613882414
WWP2,-0.2123223751569242
SLC30A9,-0.04341101611357112
ATP2C1,-0.24678077207831056
KIF2A,1.9714615675478189
MYCBP2,0.27082548326683814
CALM1,2.1198929208756256
GADD45A,-0.8646209117871099
CCDC91,0.504340472708663
MAP3K5,0.40966828720394227
CYP51A1,0.4359650425886724
AZI2,1.5803768104475246
AUP1,-0.13134059402421083
TNIP1,2.1273998370795266
PNPLA8,-0.14797690794768412
FNDC3A,-0.6917763217726599
USP33,0.1300640808322541
MAN1A1,1.3888424278550147
SMPDL3A,1.5802958914030778
CNN3,-0.6099714717960062
AKT1,-0.2102297266287197
PTPN12,0.059529511287041786
KPNA4,-0.3022090396078364
BMPR2,-0.6035588884447298
PNRC1,2.1203762335227054
YME1L1,2.170199051614514
HIF1A,0.23719025380857703
YOD1,0.605168256021462
FOXJ3,-0.7158228920867787
MATR3,3.7437112383159614
ARHGAP5,0.7645335043183642
SEPT7,0.49768555060872827
ACADM,-1.4776567448271165
SUCO,-0.1332745736538069
FNBP1L,-0.6102837231799833
AP2S1,1.3078788841545825
EGR3,0.2376287277336173
JUN,3.933199502489765
SECISBP2L,-0.7455980805630616
PLEKHB2,2.094719388504575
USP15,2.2894026231060653
RNF139,0.8684472512566905
PDCD6IP,-0.064891437176368
EPN1,0.1394022382306599
EPN3,0.48401357158605873
EPN2,0.9714220512714563
TIPARP,0.7849047808834764
THOC7,-1.1004311804585767
CAAP1,0.3734996089952206
ERBIN,-0.6855930878345667
TPRG1L,0.2761130888052262
CTBS,1.5573303789270843
PPP2R5E,-1.3733478826992902
PPP2R5C,-0.1941212536712879
EIF1AX,-1.8215945900805157
GNG12,-0.2069881772785578
CHMP3,1.2026797833666496
CHMP5,0.6721475478693713
SNX16,-0.7002496825724909
SERP1,-0.3059249655869821
PGBD3,1.642603830119635
STAT1,1.200797239911906
HPLH1,0.8379423931434117
PSMA5,-1.6511014501059127
FTH1,1.8430280203479545
MORF4L2,-0.9547104687731132
BNIP3L,0.6878440554481162
RABGEF1,-0.4258845878082405
USP5,0.5031731766904582
RAB1A,0.02057599965553615
TOMM70,-0.1121964902434473
EPRS,-1.0418651746888168
EZH2,-1.5501622028215392
TBL1XR1,0.4563872800509579
TDG,-1.069545477402267
C1orf162,1.919344705828631
PHIP,0.19960200877105336
STX12,0.8044314857294652
CSNK2B,-0.634612168416122
CREG1,0.8995633169957385
JARID2,0.22238362182234817
BMPR1A,0.5121535998857751
PSMD13,-0.5258165895113283
RB1CC1,3.1628856627587547
ANKRD12,-0.09834774621818763
EIF1B,0.19150168729252895
NAP1L1,-1.2207086315392048
CALCOCO2,1.3429021969177288
BNIP3,-0.11302391595637859
ATG5,1.7145640883900677
ZNF350,-0.8512968012361357
ANXA1,0.29906452156783614
DCP2,3.119808318907012
PIGK,-0.9858789940138809
TP53BP2,-0.1881543766244728
GABARAPL1,1.322187786084176
DUSP11,0.24224604833007982
TAX1BP1,0.9049506617928682
TSPAN3,-0.7160486876233694
HBP1,1.7805688124338463
TOM1L2,-0.3301987393649646
LAMTOR3,0.7752113225125199
TM2D3,1.0662405470075322
ZRANB1,-0.4952186160456258
CRY1,0.07998303233826115
ZFAND6,-0.3993883631766302
CREBL2,1.3267366781447778
LEPROT,-0.008126140111467497
CDK2AP1,-0.5079170918229571
MBIP,0.6455961617600301
STK17B,0.21780082738660722
RSBN1,-0.44397308620479986
MFAP3L,0.06746655977554956
KRAS,-0.9295936183763859
SEPT10,0.2877601421786243
ISCU,0.4825789139257455
SOCS5,0.1020883402641365
DDX3X,-0.22039869294311518
ENPP4,0.8683760534279052
CSNK1G3,0.0772815968371991
VAPA,0.44076064337285686
TSPAN5,2.406440382843791
ABHD3,1.0995166658277997
CSNK2A2,0.0965197093732195
TWF1,-0.0898409291267615
PCGF5,-0.6037091647042336
EIF4G3,-0.2590552738501268
PPP2CB,-0.5121618076595962
C6orf62,0.8278187930881785
MARCH11,-0.9354003702487955
MARCH10,-0.9754664212494827
ACSL1,-0.2747680543211804
DNM3,0.4811366305446427
ARID4A,0.5223034138028068
CD2AP,-0.1678042382001831
NCKAP1,-1.0590008384490845
PIM3,0.43734213298148145
CHD1,2.780035906388904
POLI,-1.1280697220641993
SRP19,-0.9532872724032773
PTS,-0.3652769207705855
TXNL1,-0.17277011343300644
RAB7A,2.5716795595783117
PIKFYVE,-0.0060742455320877435
ARPC3,-0.3478121011539019
DCUN1D4,0.004179284574718013
EIF4E,-2.6206810510485576
PEX3,-0.09495860282051775
LEPROTL1,0.039942377738590204
TAF1,-1.5396058915719713
SLC25A48,-0.23495223581627622
GCH1,0.9134264003811686
ITM2B,1.2166276550784547
RNF125,0.18739149570234437
ACTR3,-0.37404039785051635
BTBD3,-0.6567761270830765
AASDHPPT,-1.626037976381448
ARMC8,-1.0242051579624996
GNAI1,1.2885995411879105
TNPO2,-0.9492884996840715
TMED5,0.5395447285374083
TBK1,16.119822836551048
SYVN1,1.1373260614995624
NFKB1,0.25476827021862286
MAPK8,-0.06655221751682228
SNRNP70,-1.2629138943919305
RAP2C,0.8143860918999375
ASH1L,-0.3924893365622954
GGA1,0.03483125329903349
GGA2,0.9246278715181083
TCEAL4,1.421940667863488
TRPS1,-0.4325310136653428
ADH5,-0.6642031556055921
PAIP1,-1.6475552466342591
STAMBPL1,-0.39681311995596447
KCTD3,0.4973743031894303
CD55,0.6745844469255741
RIPK1,2.045513898343502
ELF2,-0.20883445835889752
HIST1H2AC,-0.7465469702471104
YWHAQ,3.5271745914858514
UBQLN4,-0.06841265503757576
CCDC127,-0.37874467959253544
TANK,0.7409154011393764
PGRMC2,0.37361489447740376
TRAF6,1.4274858486912232
PDIA3,-0.6626326910879439
GTF2H4,-0.45442334790864697
TNF,0.9787950346544022
TVP23B,0.3151437468525387
NDEL1,0.9111088202157711
USPL1,-0.9400616665392625
MXI1,0.9831673416153351
RNF168,-0.7036063189141906
TXNDC11,3.24888134376782
PTPRC,2.293597313824861
G3BP2,-0.616669289075653
RYK,-0.06234488129596888
SUMO4,-0.014009637911563691
TYK2,0.44679199050066004
NCBP2,-0.49708871454099635
NPC2,2.1196509360523392
ZSWIM6,1.1829599152091936
WDR7,0.1601814681584137
SLC38A6,-0.2856733446027529
C2CD5,-0.458795380911974
FXR1,0.7572567528508862
PIK3C3,0.7402262023079347
FAM172A,-0.7177686027399853
TRAPPC8,-0.3608561900037087
GTF2F2,-1.3694031775346855
LITAF,2.2810657286270493
SPPL2A,-1.04573774180453
HSD17B12,0.7656046200686226
HSD17B11,0.6635056110823764
PNISR,-0.23764074783485178
HSP90B1,-0.3454009862765439
TPK1,0.5437091633118802
GPR137B,2.0324505537452193
BAZ2B,0.22054923175255822
IFIT1,1.5147167896830624
UFSP2,1.0411611911053567
BRIP1,3.109642885966613
XPOT,-1.4196152626132696
GRN,11.060350129540312
PLXNC1,1.9806652587835818
MTCH1,1.2120373698499929
PPP2R5A,0.3577990801940561
SLC38A1,0.41189402904873185
IGF2R,0.9246946152712999
LHFPL2,1.046815602850885
NCOA1,0.6327407023943488
TNFSF10,1.5545599686871185
SMC3,-0.9084304926105746
NR2F1,3.2388568111221985
SMC4,-1.7529631743080287
NR2F2,0.1652486970592926
AP3D1,1.8193273301422639
SETX,1.1088010223094793
PRADC1,2.7690624095051457
ZNF83,-1.1314489893197262
RAB11FIP2,1.114089717750764
ZNF638,-0.18073653067529355
MAPRE1,0.24019255235411507
FGL2,0.9746142299612048
AP1S2,2.7781615012140386
FMR1,0.3728818553609128
SGMS1,0.626333291108569
GYG1,-1.1608563476752898
DPYD,0.9409355940151245
PSMC2,0.07281224002596039
FOLH1,-0.274857121805795
DMXL2,3.5682082278786345
EXOC1,-0.27773645384910567
MTUS1,-0.3045302162773143
RAB29,3.038666343924923
ANKFY1,0.3324251517759325
HEXB,0.39598241176833077
OSBPL8,1.174786351098568
ACBD3,0.014256773920678801
ATP6V0E1,0.09886191135760912
VRK2,-0.8769421717625271
CMTM6,3.8721538966075775
TRIM13,1.0043173761295978
FRYL,-1.1142662307403557
PKP4,-0.750017248694784
NAALAD2,0.48714363725792326
RBM47,1.8731614608246319
GINM1,-0.21742648682421478
NABP1,-0.16013653813810205
SCGB1D1,0.7893306895834524
RAB5A,0.42879218435771005
RGS2,0.6233696824902567
REV3L,-0.6090703301828526
EDEM3,-0.8421681760713098
SERPINI1,1.7251984338388069
CEP350,-1.2232207619387008
GATAD1,-0.7778122008861117
CYB5R4,0.2700486507786157
SNX6,1.3956944931594493
IL10RB,1.6498756265697008
SNX4,0.01254835877339843
MTDH,-0.05090210132470236
GCA,0.6860654070475464
NLRP2B,-0.5360348347505002
MANSC1,1.7100008711698234
HACD2,-0.4874730993513925
HDGFL3,-0.6351307032018702
DOP1A,-0.6895136678645528
MEF2A,0.7564477562481883
KDM3A,0.43154792850651597
SSB,-0.9817940658348773
APIP,-1.6397733464000555
TMEM135,-0.926283688544563
CNBP,-0.016693713368139337
CBX7,-0.5079124701997318
TMEM165,0.007277457481580744
COL4A3BP,1.426539713694375
ALCAM,-0.16722278815397018
LYST,1.519362780541997
PPP1R12A,1.3584372161589073
MTMR10,-0.283153939466674
TET2,3.950055878632674
LAMP2,1.4020501278975621
LAMP1,1.6436679780500103
BBX,-0.7983799317086798
LRRFIP1,0.19564601491282807
STX3,2.337178480508264
ARHGEF10,0.3485251752397312
VMP1,-0.13474890287675384
PTK2,0.07018384539701882
PHF11,1.912484577092141
USP1,-1.3784020917842028
SF3B2,-1.063524589458479
PLPP3,0.7561940171635645
AP3S2,-0.17035401025384692
CEBPB,0.36966569926061943
ASAH1,0.40557580696779694
DNAJC13,1.0848859567329439
VIPR1,-0.48560198803753385
SNAPIN,0.5859130090949948
ST3GAL6,0.3299818682535717
ACD,1.4164043058838018
NBR1,1.5916109414309103
EAPP,-0.09802367849727951
SEC11A,3.435653070768698
PRCP,0.636936158248056
CHST15,0.20614238075752034
SSR1,-0.40488302273592525
VTI1B,0.07074736579081507
PTCH2,1.3271610656660566
PTCH1,0.8514345095415891
ADD3,-1.1537546970195671
SLC9A9,2.570599245526918
TXNDC9,-0.5196413920360036
N4BP2L2,-0.09013428650698649
GGPS1,-0.10719518230080986
NAALADL1,-0.305719978131608
CALM2,1.1878474094999034
SPOPL,3.1722998570828578
CLN5,0.7164569953768702
RNF133,-0.8425500607237469
DCX,2.9518070720031955
MBNL1,-1.0955231245034176
MFSD14B,-0.4569860435201239
LUC7L3,0.39850207546814376
TMEM260,-0.574883111436085
CTSK,1.836092853405216
CTSC,2.300364969985342
CLCN7,0.48585041657442124
RESF1,3.4578683107638852
DICER1,3.557225623755846
USP32,-0.04265887677592401
CTSS,3.1990250626900787
OGFRL1,4.569607972817065
LIMA1,0.026834075126738764
COPB2,-0.6836586272940678
MED28,-0.026098915946417982
SKAP2,2.1073880329328563
DOCK4,-0.012822841941576379
DOCK5,3.7988828547668825
SLC31A2,1.7174315239649094
IFNGR1,1.2865617674878782
TRAM1,-0.24153630258633538
GSAP,1.9061290342757315
TFRC,-0.465025857714872
DNAJB14,-0.025700425081247674
B4GALT4,-0.1645151587192518
TFR2,0.9435682345332392
PARP4,1.2841313819188211
LMNB1,0.3627241203928953
MED13L,0.4304878687308056
ZNF148,-0.4563322417721214
PHF3,-0.24768581541384785
NAMPT,3.424604470881319
NSMAF,0.6208037706756484
CD9,0.77247003990214
SNX10,1.052853500807675
RAB22A,0.5778449691202029
ERN1,0.13408405686875619
KIDINS220,-0.651284926392428
LGALS9,1.4551638404943898
LGALS8,1.839496113845369
FAIM,0.741585380117197
TMEM87A,0.6193255239473636
SGK3,-1.0494690509600086
CDS2,-0.5327254489740326
IL15,2.047466392356903
PDE4B,0.9292026619400652
MFN1,0.8849069521624008
GNS,0.9491893969821054
MAP4K5,1.309454453280614
EIF5,-0.8525587437789853
MOSPD2,0.27431967593774026
OXR1,-0.541655632261311
KRCC1,1.220314826488495
RBMS1,-0.2335779980173773
LTA4H,0.7796533433132866
EBAG9,-0.1767063766190838
PLEKHF2,0.21257229039105396
UVRAG,1.2160839913012358
SMARCA5,-1.0093602152279466
DPP8,1.2600984581299137
ATG3,4.269894789990433
GBE1,0.3913993250311092
FNDC3B,-0.13763264800170602
TUT7,1.8911680738517034
SLC44A1,-0.12175530592660629
ANXA5,1.2657191738800313
CEP63,0.923776390521688
CLEC11A,1.3136299242747502
PIGP,-0.7206782649022799
PCNP,0.060670752643171365
TMBIM4,-0.04088758371469719
TMBIM1,1.9546790733550181
CASP4,0.5916656693053216
CASP1,2.5983044316149617
CPNE3,0.31730377059732684
PIBF1,-0.07782853775041879
WASHC4,-0.3849137730323698
CHMP2B,11.689300014412847
LY96,1.7395492230952556
RO60,0.17193361637784071
SPINT2,0.2864335405293467
PPT1,0.6314297182734838
RBPJ,-1.3233469303204752
PDE8A,-0.3338574557519846
ERMP1,-0.3047568413118429
GOLGA4,0.9178288797621094
UBR5,-0.037468297309872646
SAP18,-1.342590604086837
LYN,0.5811655961208485
FNTA,-1.408952215570148
SPAG9,-0.01496151951235667
OSTF1,1.1346663336063225
TLR1,2.511124079698652
TLR4,1.4307865451167283
RNF5,1.3723842839771012
MACF1,0.8608372208016662
HLA-E,2.0931960848607107
GLUL,0.19589437929385198
SLC25A36,-1.13629745159231
KLHDC2,-0.8866679333254072
PDHX,-0.9298357430567562
LRRK2,11.837014952817878
SCAF11,0.12603347010166968
ZBTB38,-0.47940080892375436
SPATA13,1.4415105663854508
TTC3,0.12182307412602893
NCOA3,1.2341117765616252
STAG2,0.4109888328518916
RHOQ,1.9315632643674736
PMEPA1,-1.2547173878081213
ABRAXAS2,1.5421840228065533
RECQL,-0.4983360958779215
DENND5A,-0.0701608891258989
ADIPOR2,-0.07842678736509695
PXMP2,-0.14566354585629065
PEX2,-0.17724509736090058
PLSCR1,1.1750390418729784
TMEM50B,0.9367226262474853
TMEM50A,-0.29798327795061047
TSPAN31,0.8854474822811165
IPO7,-1.328964430502329
ACTR2,-0.18544163710125
CIR1,-0.2289828768964445
BTN3A3,0.7377895314983013
SMCHD1,0.85086478871039
LAP3,0.8894276723974293
POT1,-0.23215182286490985
CCNG1,-0.13835334409387431
CD302,0.24128857297600842
NES,-0.3794141453243931
FNIP1,0.1820557412113082
NAGK,0.5888944814014785
SCPEP1,2.323949168549518
ARTN,0.023435790830851868
SLC35A5,0.08667218878270214
LRRC8D,-0.48239366690172697
SEL1L,0.9691481257102283
FERMT2,0.2779550927670288
SOS2,1.7634993926648492
KAT6A,-0.19936549337691753
GLB1,0.4412970044913597
STAT5A,0.8536354161443729
SQOR,0.5933066428131162
ETFRF1,-0.22372498210243036
TBC1D15,1.6127395264178057
SLC33A1,-1.3826787840382067
ADAM10,-0.33726141102368296
CD63,1.9374653264781962
P2RX4,0.965709588875504
PAPSS1,-1.2404465059527023
VPS13B,-0.8194111139298802
TMEM106B,1.0417577180189674
RAD21,-1.5291430658763658
ACAP2,1.4695927698097895
EVI2A,0.6738639390138129
INPP1,2.0312295517864514
RNF167,0.8499355270461462
TXNDC15,-0.5687697786609086
ATF6,1.430193487458067
REM1,0.12321936192808133
NYX,-0.8273141702429223
JPH2,-0.3270446862388024
MXRA8,0.9804087557939816
DUSP28,-0.3902627841882203
SAMD14,-0.39621075835358444
GLP1R,-0.6205988907652517
GPRIN1,2.046819842278421
NPR1,-0.6042116756391084
ARHGEF15,-0.5424287551446207
OPN1SW,-0.8386212593417104
SP1,-0.7937703333065952
CRTAC1,0.6620253950355475
MUC6,-0.3440562623893719
CYP3A4,-0.8954668333676256
RAB40C,1.9057370209373499
RAB40B,2.80755735207786
RAB40A,2.6297603625543142
F7,0.4327230613839537
RHBDD3,1.1984214713205155
ERCC2,1.716891475239089
ZSCAN12,-0.30587155846908404
RASGRP2,-0.2331635510735771
GPR12,-0.6697155420811675
ELAVL3,1.3089500083846861
LRIT1,-0.9748693069732587
RAB6B,2.2236404722366028
RAB6C,2.0033757936687557
APOA1,0.06991809809512337
SOX10,0.6357774288038129
CETN1,-1.005036571528794
GRAP2,1.238662524586933
JAK3,-1.1219550948467625
RASEF,3.2582158706644275
GRM4,-0.6207406274401526
TBC1D29P,-0.5512052786832584
KCNIP3,-0.18193793490834528
GRM2,-0.6484365772802259
PDLIM4,0.758022256890339
CACNA1H,-0.38429732442260567
PDLIM7,1.6928009879684183
PDLIM1,1.6181580413899541
HOXB5,-0.8245740396738961
PPARG,0.7602587777289388
IRGC,-1.0608907746062437
CNTFR,-0.4450667658356165
DSE,0.9553488949399652
SPAM1,-0.7855066367618148
TACR1,-0.8912420166857007
CABP5,-0.6296910387442335
SPDEF,-0.6700805555066587
CABP2,-0.47671275416345776
INS,0.21986283006086432
SLC22A7,-0.6401641014887338
PDE6G,-0.8379408393814555
PRDM8,-0.7854350657271582
PRDM9,-1.125257314160615
MYH11,-0.4335214676862172
CACNA1C,1.007721270442589
RHOC,1.3008608397770294
RHOB,1.740562829340577
CACNA1G,1.2489160847873988
COL2A1,0.24490784359369386
HIC1,-0.48846272060279017
ASPN,1.9051578764877835
MUC5AC,-0.5968639617264929
BUD23,-0.12988183416130167
ADGRB1,-0.36646390929499295
ART1,1.1374886892289995
ARVCF,-0.6729090786413146
SULT1A4,0.06695601627548373
CALB1,-0.07348321121563944
OPRM1,-0.8418154145245601
LTK,-0.6735474593073552
HCRT,-0.023035203747943406
EDA,-0.777158083144768
ALK,0.4589735306677703
GSTM5,0.4540952081773263
NTN3,-0.6498563926432357
TAS2R3,-0.803829602780284
ADARB1,-0.4525032354125658
SSTR5,-0.8838120799030088
GLS2,-0.8969076518687827
CDC42,0.905428902189855
TOM1,2.1521184909885838
ZNF205,0.20457840067318192
NGFR,1.0210775234227527
C3CER1,-0.8582365693873374
ERAL1,3.138687230669289
GJB4,1.4818131658604723
ACTL7B,-0.9585738483371613
ACTL7A,-1.152461444621388
KLF2,1.3351535181773784
PGPEP1,-0.5832858778892712
GFAP,1.7827386666718534
KLF8,3.2354034634175153
NANOS3,0.5362498801577794
NCR2,-0.5827706626363462
SP5,0.2120329971997069
CRYBB1,-0.7670127817532824
TRIP10,0.028320569787035104
RAB20,3.427439931411002
RAB24,2.8282931025772524
ATP4B,1.9700171656888277
RAB28,3.6356320603264716
CA7,-0.5276043683626372
MAP3K10,0.17020002396875214
RND1,2.477994577106714
FUT5,-0.6041779817855943
RND3,2.0210436556722695
CHRNE,-0.4990740918007735
TGM1,-0.5246053003316894
LIF,-0.590038564608623
TGM4,-0.6547988688251568
RAB44,3.1634045260889487
TRIM17,1.1138667818085002
SFTPC,-0.11251535675493751
SPTB,1.0543643996027257
RAN,-0.13709550856523195
DHRS2,0.9251447246712549
ADRA2C,-0.6801823885343847
SLC12A3,-0.5751023454796477
STRA6,-0.3725192449250871
LDB3,0.14788089584982053
KLK2,-0.7503379108111389
NRG1,-0.976780027130132
SNAI1,-0.7183727600260398
LRRC4C,-0.11658637017062633
LRRC4B,0.5627116169925623
GH1,-1.0341223257199927
AVPR2,0.21598054047107956
RFX1,-0.7760976568275472
CSF2,-0.1456561425539364
RHOD,1.452391509397083
ARHGEF7,0.24405479034689997
FOXP3,-0.8862788456151233
NGF,0.6859972626811859
COLQ,-0.18526515692165715
CNTN2,1.9912391054538114
LTBP4,-0.3604142105602743
LAMB4,-0.023790935130780122
MARCO,1.525635755034113
CFAP410,-0.8172267484654823
CYP2D6,0.5620780784432404
RHAG,-0.6870114475668025
INF2,0.0888740024719967
LRRTM4,-0.009787504488117344
LRRTM1,-0.08259007301029113
PRKG2,-0.6445142860855374
CLDN5,0.8893564620944943
PLXDC1,0.07426976128806972
MAP4K2,-1.1891741464946681
CCDC9,-0.9573131314463771
AFP,0.9985663138496081
TUBB2B,2.181374204534673
MGP,1.6906970376286508
ATP6V0A2,-0.4450549299786691
ZNF114,0.2511521638892427
PROC,0.28844933797832106
GUCA1B,-0.7002731086597346
ACTA2,0.8991276858895997
PDGFRA,-0.25755081328793883
ZNF335,-0.9390212448820318
APOBEC1,-0.6389377126111802
CHAD,-0.6439309279037522
ZNF234,-0.8017941188112511
HAAO,-0.707527559449996
NHLH1,-0.6098660756457381
FLT4,0.29936029242055956
CACNB4,2.284203675288949
KIF19,0.24480249521611405
ATP2A1,-0.48735755692551624
MYH2,2.0079003211408706
S1PR2,-0.7777107334192608
TPM2,1.628941833675138
TBX10,-0.7372123165981782
MB,0.3103914622183559
PRELP,1.6993275478748466
RAB15,3.074279691050574
HNF1A-AS1,-0.23988705839277602
HAO2,-0.799564158427347
FGD1,0.39149012406717415
NTSR2,0.8878975227388669
AGAP1,0.9330954431936251
AGAP2,0.404022485839528
AGAP3,0.2787266299777565
LINC01565,-0.6239026093627059
COL17A1,-0.042199880625066646
SLC22A18,-0.387405594375229
OMD,-0.19753678502924432
HOXA6,-0.6324482142206704
OMP,0.12944273045867744
HOXA3,-0.5753570832819789
TUB,-0.4939217484686349
TGFB3,1.5586853255788173
LIMS2,0.9965115330619426
SLC5A5,1.3586135991309816
ECE1,1.2224382193126053
RABL6,2.7346265656696875
OPRL1,0.3575154207461132
SCARA3,0.19262484452886952
RND2,2.806692992560402
C11orf16,-0.6670549722133264
YWHAH,2.0435672948097623
OGN,1.8013323663108118
YWHAB,0.5559776449742507
YWHAE,0.28138490336955396
RAC2,1.704140547396719
RNASE1,1.1299473008337984
CROCC,-0.16588401704636155
PRKCG,0.08115259022895623
TANC2,-0.301996915536042
CES1,0.08792556203196696
ARR3,-0.6839293824998017
CDK20,-0.6002972380945738
GCGR,-1.0546504471283011
CYTH4,0.8823513132070575
SLC16A8,-0.31671725729562383
ZNF157,-0.5134180199047073
NRL,0.7590028293137437
TLX2,-0.6037247440520986
MMP2,0.3186688258727132
FGFRL1,-0.39645348892690574
SLC6A7,1.1070302087169852
CKM,-0.21022289005817682
SYMPK,-0.39153236480889186
CD34,-0.042430708815351756
BGN,0.541026609743751
GPER1,-0.48978385477011754
MYL7,-0.7401046436802885
MYL4,-0.1392361926245967
MYL2,-0.15345460575695036
AXL,1.2441099251063719
KIF2B,1.2610583446868024
DCN,0.3669665630816556
COL11A2,-0.6212210427779759
CACNA1B,1.969227943753102
CNTD2,-0.8225556967136209
ACSM5,-0.6597189706315821
THRA,0.8443657183892267
GP9,-0.6621098283428137
FMOD,1.1613199910743788
TRPV4,-0.517089504050647
EVX1,1.2046905055485588
LRRC3,-0.6304714626779576
PGAP3,-0.13320571356620325
FGFR4,-0.21160098060393992
MORN1,-0.5946988379510779
ADCY1,-0.6586542574576659
PLD2,-0.5792989140992004
ZNF516,-0.6278032291610285
RUNX2,-0.362472916009321
IHH,-0.44280932196237177
RAB42P1,2.7442338223064584
KCNIP1,1.396329806786189
PPIAP10,-0.40794236934966965
RRP8,-1.6702429188943912
GNAO1,2.3240234288275685
CRX,1.989587525050542
DOCK6,-0.26707019723934244
NTSR1,-0.8641150683329221
SLC5A8,-0.8472763027250864
SEPT4,1.5733467805133614
ICOSLG,-0.3682672077052815
SLC9A3,0.8066928735173221
PPM1L,1.0440520495650185
MALL,-0.24752914806326504
NPPA,1.565630782776242
EPHB3,-0.8040454388767726
PLCB2,0.8717201719974883
EPHB4,-0.2909120237851414
LARGE1,1.1420984365464837
VGF,0.3936547171822949
DDO,-0.5574690923789829
PAX3,-0.9585704988682551
BTNL3,-0.7246355565626249
KCNQ1,-0.4854427315985522
DVL1,0.5997544158320127
CDC14B,-0.8738430336216841
AGFG2,-0.503788760272671
AVIL,-0.15041132226014337
HMX1,-0.6315673743302288
OXA1L,1.3345494579108814
ILK,1.90122583843275
MYO1A,0.37970427509655535
ADIRF,0.1283616071887694
ZNF536,1.4685547355909163
CHRNB2,2.4304225075163544
CASR,-0.4937127718312251
COMP,0.07896510854096764
FOXD3,-0.4019816902033108
SLC26A10,-0.4634606767883277
GHRH,-0.8282090386649532
WNT2,-0.7206977402551185
SLC30A3,0.8626595017202585
IL13,-1.0520672453516255
LRRN2,-0.31092601553330934
ADRB3,0.9721608658341292
CACFD1,2.843273721130956
ZNF407,-0.6316093295962729
MYO16,-0.19529992692376705
PDE4C,-0.6176102864172823
ASAP3,-0.05375564038640037
LGI2,-0.3806892519419656
BIRC7,-0.5930350003818368
MMP14,0.1179194074328501
LOXL2,-0.01974226193196548
MAP2K2,-0.5507607457900301
NOCT,-0.6601348099350103
MAP2K5,0.5324903439488685
TEAD2,0.9256542517962093
RAB3IL1,0.8497439131512674
MT-CO3,-0.2578143317817279
AMHR2,-0.9420524065712746
AMBP,-0.4371380671110352
GDF5,-0.6541517693788943
ECEL1,1.5248989375438535
SMARCB1,0.6869596480979896
STAC3,-0.6552052681449189
OSR2,2.776818509927065
RHOBTB2,1.9261433893686217
RHOBTB1,1.5905269863062907
INO80D,-0.7964678148066489
LOC105369243,-0.5010545097951723
ALPP,-1.0393134788368734
MOG,2.065501393215872
DRD2,1.3317727355327065
ABCC8,1.7513086833973175
COL6A1,0.2603123136479762
HTR1E,0.9502473359085011
ALPI,-0.9663309720510137
BCL3,1.8467283641371286
ALPL,0.40895785534239654
KCNE1,-0.6942292516106071
LUM,0.0659251425716633
CDX2,-0.9509850904191242
MC2R,1.1448758146601774
EPX,-0.8664899300861036
BOK,-0.48576155381799474
CACNA1A,0.5224725701469047
KITLG,2.9132062517269284
RREB1,-0.8196652515093977
MMP11,-0.020261496853662797
RXFP3,-0.8502370209786558
MICAL1,0.6934923286071907
PDE7B,-0.28375856740283334
EDN3,-0.609534729666445
EDN2,-0.8808463950562233
ZNF444,2.0758120955399164
ZNF362,-0.10556259569189844
CCIN,-1.0724022367162775
CAB39L,-0.3283304787427957
TREH,-0.6409909945582096
ISLR,1.609290395448423
GSK3A,0.1869219130115904
HUNK,-0.6718438632812397
ULBP1,-0.053071575706265736
MYO15A,-0.6547975254503655
CSF1,1.1879358112676226
ABCD1,-0.21573963261901521
TNXB,0.7559983420454472
PIK3R5,-0.27153985063176184
PIK3R2,0.8479990402919735
NR5A1,-1.0478543588599787
SLC14A2,-0.2962136563222625
RHOV,1.6625112178116839
RHOU,1.4307647320190824
RHOJ,1.9977544966949037
CMA1,-0.1309712455051492
RHOH,1.700548550557484
FGF7,0.1018241011875001
PTCRA,-0.16627253213921572
RHOA,1.006926529188332
RHOG,1.6214150859115346
RHOF,1.7412994280422551
VCP,19.92705852745688
PLSCR4,1.2365724324678997
SGCA,0.741607792303855
LRRC19,-0.2838466365901247
LRRC17,-0.09516408117979652
HOXD13,-0.07545662180452813
PDZD3,-0.5869310627642371
MATK,0.8148175961043155
CLDN11,3.3189286190727794
EFCC1,-0.5415220111739345
IKZF4,-0.39413004561362014
ABL2,0.00021391616686183533
KIAA1614,0.02478736031888481
PCDHA4,1.73317819688208
TNN,-0.4991691687786412
GRAP,-0.6500480852971525
CACNB2,1.83536942584909
CACNB1,-0.1813878562275225
OBP2A,2.0844622873636793
TEF,0.9228289278980146
GP1BB,-0.7777325948431659
FGF18,-0.06928478918110387
PDGFRB,1.5372498187175545
PDCD1,1.9820376611717851
TBXA2R,-0.12475902802334332
RAB40AL,2.8655907033090946
SMIM6,1.0621091845210073
SYDE1,-0.23691486938384673
FEV,0.48242753320313064
ACHE,0.5581185878900679
PRB3,-0.6889321221947802
TNFRSF13B,0.2776900141416072
CCL19,0.2969348418478015
ZNF528,-0.7387355263849883
IGFALS,-0.8910475613871796
IFNA4,0.11751976298194482
PRKACG,-0.913913127622743
PTH1R,0.007978311222360214
LGR5,-0.1292039982646079
JUNB,1.1880181342030116
GNAT1,1.2171300526762616
GNAT3,1.4754935961854603
P2RX2,-0.636513952475155
P2RX6,-0.6625290123553883
AOC1,-0.3040569337752277
GLI1,-0.8990689140823925
SMCP,-0.6576420143622073
HSD11B2,-0.6404940158912618
PDGFB,-0.01385610690180015
ERVW-1,0.2770733305229583
TNR,0.06573614999561955
PDIA2,-0.7159819867043539
EFNA2,0.38218672993941255
GGT2,-0.3218912875066255
SULT1A3,0.36854813398940095
LRRC55,-0.30836280863412796
RTEL1,-1.0149185865922732
SHANK1,0.3039339081185066
PTPRU,1.457776581747855
POU2F2,0.1957186212887621
COL14A1,0.5681904351903801
GNA15,1.5889786260640566
GLYAT,-0.742307461662563
ACTL6B,1.0207552629985968
ZBTB47,-0.18288297475575507
CARTPT,0.4198341156721671
SIGLEC7,0.5896822090710544
MYO7A,0.12437361195827158
WNT11,-0.016780034066064393
REM2,1.2053188446919163
STX1B,2.784379341481571
MYO1H,-0.37269852769290573
NF1,0.8468363452387889
IQSEC1,1.1638321002203988
IKZF3,-0.8776518956930525
ZNF143,-0.7755461448929799
NANOG,-1.0936499594435967
ZNF354C,-0.953368388561522
ANK1,-0.5181568457911836
ZNF221,-0.8418150417529654
ANKRD30A,-0.28401420480006295
CYSRT1,-0.010565158919662093
PRDM14,-0.6394001176593765
RAB12,2.2917073627485416
KRTAP1-1,0.8597937645987052
ERP27,-0.2191294957818206
ZNF300,-0.3071450884618075
SGSM2,-0.525977973365402
EFCAB13,-0.5521847172292138
CAMK4,0.02864605403193264
LRWD1,0.6130195206678064
ZNF605,-0.8089128708999564
ZBTB18,-0.02289123521874257
MAZ,-0.445669669714825
ZNF844,0.033607615895542294
CALML6,-0.42514658511487297
TINF2,-0.26542135156001717
ZNF776,-0.10914523077997987
LRRC10B,-0.2200192290604015
SYNGR2,1.3053824113452723
SEC14L2,1.5416294950620917
CMTM3,0.22065920232648067
RAB4B,0.2882942111099271
TIMP1,1.217946932618147
MAN2B1,1.6809962904805744
ZFYVE27,0.5556905443395169
CENPX,-1.7567720628104375
PPP2R1A,-0.4501929912208911
LAPTM5,1.1854026238240867
ARAF,2.096155707165078
POLD4,0.2592287752236579
IFITM3,1.2161847610034315
SYNPR,0.8332266867237236
CMTM8,1.0595749153654828
PLIN3,0.35181345574162787
CDK2AP2,-0.901545636248798
LTBR,0.33848665468436867
INPP5D,0.11852562743543404
OGDH,-0.46046860946797274
COMMD9,0.9955131567987624
SNX8,-0.09234289257115666
SCAMP4,-0.2718006529408754
PSME1,1.1556122648021234
STAT3,1.262538550713972
SYNE4,-0.13948486868156357
VOPP1,0.024587957575270714
EIF3G,-1.6693297849619178
TOR3A,-0.9082657932656774
SLC34A2,-0.2615479660168725
MARVELD1,0.8478900567022167
COX8A,1.181211241777767
PSD4,-0.19610701930161975
VIPR2,-0.4620272376098326
PLLP,2.6991070260897216
PNPLA6,-0.03524626951265727
CTSH,3.246355709610428
HLA-DPB1,2.2706358959937054
HPCAL1,-0.46442248665160235
SCAMP2,1.1870419542769397
HSPB1,0.6878157736106847
CTSA,1.8776933743718076
FPR2,0.07355781026079686
PRMT1,-1.9477519517998951
CREB3L4,-0.15654326146025338
IFI30,2.275932785258324
ESRRA,1.5413659107198685
CTSD,1.4604170913791832
APRT,-0.27494721475347317
GM2A,1.6942146376259395
GUK1,0.43141958221338644
SMARCD2,-1.5181314407059348
YIF1A,0.3048409987061616
SERPINB1,1.1536250172513438
SLC15A3,1.210648680941662
PARVB,-0.37204930633841055
RBM42,-0.5620247565776222
SYPL2,0.34420430266146923
ORMDL2,0.11154803356825198
LST1,1.1745361545605826
ARPC1B,0.1400760180802893
EIF4G1,-1.2619118005253849
SLC2A4,-1.1133226041253537
TAGLN2,0.7119587101760161
TNIP2,0.7075328964260085
C9orf16,0.33177857034150754
ADGRG5,-0.04888630580780253
TIRAP,-0.2102129290956926
UQCRC1,1.0632508543095898
OS9,0.36351879325568465
SZRD1,0.5221924743124089
MRPL23,1.469023484611357
ALG3,-0.7216228208616405
HLA-A,2.067152251125287
NFKBIA,1.7445804816884611
HLA-F,2.1563747978277523
G6PC3,-0.6117243914879398
SLC7A1,0.30754410649998015
RRAS,0.7123084107175512
ITGB2,1.0512623917924964
RNASEH1P1,2.041949135777668
MYADM,0.033238881064712136
EDNRA,-0.6333769124791642
MPG,-1.1706530296530178
MAPKAPK3,-0.0482550565392521
CD81,-0.07196224677801119
DUS1L,-1.4256302605847524
HMOX1,1.2381532825831365
CYB561,-0.36939040290697556
TREX1,1.637453079642346
SLC35B1,-0.7021768760808856
TMEM173,1.2128262015398692
PCDHAC2,-0.17674129744048842
FATE1,-0.7333090836205803
SYP,4.150155260205288
HLA-DQB1,2.2313547454913434
ZYX,0.424241998496542
CMTM5,2.037263805615849
TAPBPL,3.875444283917908
TGFB1,0.08536689431101933
MRPL12,-0.7182733663498533
TFEB,1.284167158010465
SGSH,0.7224404140880067
MAL2,0.050139695129932986
HID1,-1.100595242513444
SDF4,0.42760744691575925
TK1,-0.5210606259745005
BLVRB,2.0256889663208417
CYHR1,-0.34843891102910046
CAPG,1.254531784976312
RPS6KA1,1.1323090485311882
SBNO2,-0.2582895342743843
ATOX1,0.30964024728493605
TNFRSF1A,1.5122847136422917
ADGRE5,0.5279158022953596
WARS,1.665735432454246
TCIRG1,0.6339041472403322
PFN1,0.2946782638785865
CD14,1.5358145202665328
SCO2,0.2541200136713778
FLOT2,1.129037280217815
ELOVL1,-0.6528980761214175
SLC22A9,-0.7637700300339356
WDR83OS,-0.8571511291656505
CD74,2.4791816934461353
TMC6,-0.0756644140999937
MYH9,0.3258331212757442
ASNA1,0.12935462912961787
TMEM134,-0.40476816945645405
PSMB10,1.2768426341418402
LRPAP1,1.2543743945472796
LMAN2,1.2169603561269198
ALDOA,0.27320645822783635
STXBP2,-0.23844391254254266
TMED9,-0.5042808441195817
PLP2,-0.25865535340532125
RNASET2,1.2407062185640088
UCP2,1.6059152104598027
SNX17,-0.4570705493120521
STAT6,0.8539357838865451
ATP6V1F,-0.3047153373644065
ARF3,0.7452022689947919
SERF2,-0.41593403189661826
TOMM22,-1.6723012275560027
TRADD,2.121023304733297
CDC37,0.6325779910953998
NECTIN2,1.3752614111463186
CFLAR,1.6183185296700549
POLD2,-1.5106724105219198
CIB1,0.2219985301141993
SAP30BP,0.44613153197602723
ETHE1,0.3478556564433836
ICAM1,1.4276656272566026
ERCC1,-0.29813985850480074
S100A4,0.9965740698078205
NFKB2,1.28487309370194
BSG,-0.06560157143382749
SH3GLB2,0.85404860457902
DUSP3,1.84377715957662
ASL,-0.571495833857733
MVP,1.5451919584410794
DPAGT1,-0.6352918255275889
CLIC1,-0.6675684803069009
RAB1B,-0.023180368762203307
COMT,0.8838492465910719
GNB2,-0.7232591397316946
TMEM147,-0.32853245539528225
GALE,-0.8367979223203414
TPD52L2,0.7263245228597217
EIF6,-1.209632645095296
CST3,1.0030696397172167
NFKBIE,2.0781680768734856
TSPO,-0.757108186455428
ATP6V0D1,-0.06982510039541596
SSR2,-1.2364690741758195
ATP6V0B,-0.16641605671241427
CORO1B,1.633703598694944
TRAFD1,2.231231638798714
RALY,-0.40436085864417026
LTBP2,1.554889472032055
SLC22A16,-0.22023363871457677
MRPL58,-1.355914894551017
PREB,-0.48817585645451816
TAPBP,2.054653699418729
BANF1,-1.8549070917894412
EMP3,0.9719213556532668
PSMB8,2.3144661215173716
HLA-DPA1,1.8446428428964028
PSMB5,-0.930596098666054
FAM89B,-0.56697621471872
PPIB,0.1220613144958337
ZBED1,1.5929878676177411
CLPP,-1.7130925070098035
AURKAIP1,-1.2049906125040046
BAX,1.653131492867801
SLCO1B1,-0.5001326203204937
GPR52,0.9737083533640787
DDOST,-0.6168338300117143
GALNT2,0.7374656405648619
OTUB1,-0.11149332406978689
GNPDA1,-0.9356858001352264
HLA-DRA,2.378476371155198
INPPL1,0.23855062513053601
PLOD3,0.4212860514414037
SLC9A3R1,-0.6288641177802706
TMED3,-0.5322543977984682
GSTP1,-0.1490150527014243
SSNA1,0.4778405427681074
PEA15,0.7027091164064331
APEX2,-1.2320885919223092
ARHGDIB,0.960429755274945
SH3BGRL3,0.582160004476673
CMTM7,0.536837900835424
AP1B1,1.7115957370437769
DPP3,-0.3212979044774202
GAA,0.6288937143630592
DPP7,0.3091669491466892
ZNHIT1,-1.1335731259224777
HLA-DRB1,2.0191422636060277
TRAF4,1.1191992730502578
COPE,0.1350393534181503
CD44,1.5052063933987252
PDIA4,-0.978348300378491
PSME2,-0.7652733788388735
CD40,0.9677038504926373
COA3,2.9473303656183742
MOGAT1,0.8134800336743383
CYBA,1.5950875766995396
IL32,1.6440574107157313
ARHGDIA,0.3215773944234354
CYTH1,-0.3722918947445403
TMBIM6,-0.06085742137350335
LMNA,0.7477148817620923
MSN,1.370942919719818
SQSTM1,16.378101161800952
TAX1BP3,0.44595817161881973
ATP4A,-0.9199249144982377
VAMP8,0.8769856306120035
SLC16A3,0.976751881416427
CYC1,0.6235068004553539
GPX1,0.2271399525599715
OAZ1,-1.214018880732877
TYMP,1.587345098689886
CMTM4,0.6680590282594858
UNC119,-0.5957536343256643
GORASP2,-0.6723356994052287
WBP2,1.090950632339578
AHCY,0.962769418544266
HLA-DMB,2.570202557350668
FUCA1,1.511079150988222
HLA-DMA,2.3556756698262844
METTL26,-0.13999682179900516
SORD,-1.364225186042083
HNF4A,-0.8419064402400747
PHACTR1,-0.18512730321547408
RPE,-1.001337589398591
MVB12B,2.6453232076125714
CHMP4A,0.7026006795468223
CHMP4B,1.2187401441663253
CHMP4C,1.9806661368106517
PLCG1,1.1029945130267969
CHMP2A,-0.005269627213170812
CHMP7,1.3779393553813224
CHMP6,0.983335849349123
VPS25,0.5522279186980781
VPS28,0.9143697822698851
VPS37D,2.4945870250568203
VPS37C,1.137987911754254
VPS37B,0.7630165473449364
ADGRB2,0.6926444035780572
METTL15,-0.339384344086244
SNF8,0.4670078323393446
MVB12A,1.494197658336865
SLC25A41,-0.2582458465148647
VPS36,1.4715557767656906
ITM2C,1.5368538825658729
VPS4A,1.3620171965058028
RNF17,-1.0412838935429298
TSSK1B,-0.6307622416315123
GALK2,-1.3503019286263662
SSX3,-1.0344696531159168
OR5I1,-0.6318280821123063
FAM205A,-1.026445934048322
FAM186B,-0.974918678317028
REXO5,-1.39872020222078
RLN1,-0.4404213909689638
MYL1,0.30396221319368505
ADGRV1,-0.3680913131252199
MS4A5,-0.908538018422802
SOHLH2,-0.10941495208231557
PPP3R2,-0.7613378263591795
SOX30,-0.9472273720866126
FNDC8,-1.131766133412947
AKAP3,-1.1184798223154264
OR12D3,-0.6000707039789664
GAGE1,-0.9939641257167363
CTAGE1,-0.811807035968482
FSTL4,-0.4725788090650028
TIAM2,-0.17001724158494688
MOV10L1,-1.0636899359749197
ADGB,-0.994264263353986
THEG,-1.1040838322591469
RBMY1A1,-0.8834828469415348
P2RY4,-0.9069059085232075
PLCZ1,-0.6017986061255661
BRDT,-1.0439510173492716
C20orf173,-1.0198675847161385
IFNA17,0.24874609241895645
IFNA16,1.6093899157054554
ELSPBP1,1.565014051961883
DAZL,-0.36209948679725507
TDRD9,-0.5858308232381743
AQP5,-0.8317318219428731
FMO4,-0.7327226036827306
SYNGR4,0.7836722321726867
SPAG6,-0.7586301040874439
TERB2,-0.9815388507938296
TDRD1,-0.8230309825154007
C4orf17,-1.0786555418342325
TDRD7,3.5442470829164887
BOLL,-1.2632987784091956
TDRD5,-0.8543800135361219
TAS2R13,-0.54274967590246
SLC26A4,-0.1794550903264626
CCDC155,-0.6629518878375178
ADAMTS20,-0.5175474082238647
ABHD1,-1.035341618930068
ADAM2,-1.1034208706663788
CYLC1,-0.8385669777071111
RFX4,0.2653488653774611
KIF5A,2.823072723415023
NPY5R,-0.6992900752184583
CCDC87,-1.1052886441681633
CYLC2,-1.057599091586234
C2orf16,-1.0226787728004056
DDX4,-1.2325318885108438
CCDC83,-0.8820868407127935
SPO11,-1.1338990644163
PIWIL2,-0.28435366008185536
DKKL1,-1.0045381277766963
APOBEC4,-0.72978396609315
LDHC,-1.1162524676475782
SLC22A14,-1.0276587008280733
YBX2,-0.042792308804255046
C16orf71,-1.1985484103406294
CCDC63,-0.9956144079177068
SPATA12,-0.9966110212580286
ACRBP,-1.058805913021306
SLC7A4,-0.638949652931168
MAEL,-1.0202808661661855
SLC25A31,-0.33019727286034745
ACSBG2,1.6332609365144324
TDRD12,-0.773579282851798
OR2W1,-0.7588745936822403
TDRD10,-0.7812882065126986
PAGE1,-1.0397353937318774
SHCBP1L,-0.9855608638795484
OR2H1,-1.0763500559820052
YPEL1,1.3166635055162392
TULP2,-1.0680190818912418
NME8,-0.6567479523678781
TEKT3,-0.8303221663443338
TBATA,-0.9974466423790639
NMBR,-0.6115040087435683
PRSS37,-0.7290638483861122
HSF2BP,0.02199528667319729
RPGRIP1,-1.0162154437105404
GRM6,-0.6781262541412055
CAGE1,-0.925113159526967
CABS1,-1.0654345102724792
NCAN,0.5211199081126106
PRSS54,-0.6844952661631986
ODF1,-1.0254797062634078
SMC1B,-0.19337061398928415
SPATA16,-1.0241246303785032
DNAJC5B,-0.7166666135958788
OR52A1,1.8470528651694285
ZC2HC1C,-0.9425924523084336
TCTE1,-1.2466543526023175
DNAJC5G,-0.9862929625511477
TAS2R9,-0.7125077371127795
CNGA3,1.2009849264379484
NPHS2,-0.6558684706629173
GOLGA6B,-1.0958845754554327
TRIM48,1.6056845069045511
TMPRSS15,-0.32707980603505826
SLC26A8,-0.9493229248240153
ALLC,-1.0435975342430566
SPACA4,0.33358113393217903
SPACA1,-1.1304878580819533
TNP1,-1.1426208685154096
IQUB,-1.0085770317585292
STK31,-1.0421066479258754
ADAM30,-0.9210465323945681
FBXO25,0.0891137620561871
FETUB,-0.8349684924961861
PRR30,-1.0055169697475148
AGTR1,-0.03282506491857043
EFCAB6,-0.9509807273323176
TFDP3,-0.9342611036830356
AGBL5,-0.8565938622527289
MAGEB4,-0.8828274839958099
PIWIL1,0.9644483895628797
TEX15,-0.8516907087300221
TEX14,-1.0542529271611456
GAPDHS,-1.1844248199343457
HTN1,-0.2968468698626849
TEX11,-0.5105436800854769
CCT8L2,-1.2233215299088394
TEX12,-1.0675977902409075
ACR,-0.9244539717592019
RFPL3,-0.6400192029045234
SMN1,-1.4323310550203405
ADCY10,-1.3752497218812312
CBX4,-0.9311305747937727
CD1A,1.7276732841779785
CNTD1,-1.0467477169174102
BTG4,-1.0707608549744472
CCDC105,-1.04530514290168
NR6A1,-0.6677366039962532
RRH,0.8368789095272915
CCDC62,-0.9811717230726482
HYPM,-0.9404629792833668
SPATA22,-1.0615754878486694
TTC29,-1.0515678136165993
CIB4,-0.8291477242724852
ADAM29,-1.0436451859056928
PSMA8,-1.1199624945884572
CRYGC,-0.9135991774563285
FAM209B,-0.9748483881822203
FAM209A,-0.7266658602141679
TSKS,-1.0236850866609317
FSCB,-1.102137456970275
MSH4,-0.42103499345290796
KRTAP5-2,-0.7535793995630965
LYZL4,-1.0489598185998474
CABYR,-0.8048469539687189
RBL1,-1.4024781325595372
ZPBP,-1.0767469537751946
C10orf95,-0.6344222563904863
TSPY1,-0.7963789311859277
SYCP1,-1.015045549626908
TDRKH,1.8590188409114607
TAAR2,-0.6541788434207703
WDR93,-0.9075070538273221
TAS2R4,-0.6459637162103795
OR7A5,1.752059288307357
CRISP2,-0.8770316355014309
GDF9,-1.1812462617850183
PRM2,-0.9350753450059897
CPNE1,1.5102557398914496
IFNA14,-0.6201429307008173
PDHA2,-1.267620889575051
MORC1,-1.1586322177511088
BIRC8,1.4060459205476608
TEX33,0.004283768668777089
PZP,-0.06495622157577237
LDHAL6B,-1.228106190344472
IL12B,0.11069775804339957
TEX35,-1.0060903019973966
TGIF2LY,-1.1165187246287736
CLGN,0.03444263247832773
WDR87,-0.9287836966281782
ACRV1,0.15548239265979508
SSMEM1,-0.831253705346457
MAGEB1,-1.0954243332482565
SLC5A7,-0.4452911868110026
ADAM18,-0.7317638443907631
CLPB,2.198821293251002
ARID4B,-0.21187816229123238
CCDC169,-0.7989887246096979
ANKRD7,-1.1085251628320865
C20orf141,-0.9099485776478361
TDRD3,0.3312466086280431
UBQLN3,-0.1684612667862436
OLAH,-0.8947991200937188
COLEC10,-0.3285217473819454
POM121L2,1.052489152685753
TEX55,-0.8469869219814692
GALNT8,-0.48636156494784655
AURKC,0.011375820064955779
FAM71F1,0.10836228153490154
LRRIQ3,-0.6098487720103356
TAS2R16,-0.7306164226757728
OR2C1,-0.8556204857333862
CCT6B,-1.3191543564084507
TTLL10,-0.5862195829200412
CDC5L,-0.6712282774275802
CPXCR1,-1.0546339330850176
PGLYRP4,1.5975106431980477
PRPS1L1,-1.2777510113256008
ROPN1,-0.8785170010611572
ASZ1,-1.1019319733962951
MNS1,-1.0332851657782476
ELOA2,-1.2500131413533286
TDRD6,-0.8596650466383439
LUZP4,0.9430563298892968
POU4F2,0.0442406121313931
TP53TG5,-0.9301075390804756
TCP11,-1.0475689532782175
TCP10,-0.9599670301429644
OR7E24,-1.1892084767253313
MMP25,-0.5565140813007814
PAPOLB,-0.8637576709517494
C22orf23,-1.0072445518502169
TAF7L,0.2914712008553509
MAJIN,-1.057813662572854
OAZ3,-1.2484671313447488
ACKR2,-0.9066435632916618
C3orf20,-0.9760271038122986
TSGA10,-0.815748112871368
C1orf94,-0.08588582879709841
ZNF541,-0.8058727218394015
SUN3,-1.0620441955819289
FSCN3,-0.9546256065228785
HTR1F,-0.6928458265586097
RSPH6A,-0.9106038461381272
SPATA6,0.5339317555107432
MMP26,-0.5906919668130866
C2orf42,-0.8559233165834028
MZT2A,-1.030775845584687
SAC3D1,-1.7537084615340714
RPL12,0.11084900035586323
NELFB,-0.7498803725942906
SRSF9,-1.7971138676076877
NDUFB4,0.4000104146080953
SIVA1,-1.7815863970122339
NDUFB1,-1.333295191374105
S100A9,-0.36825771404112545
ANP32B,-0.16811302800844946
MZT2B,-0.7457303466998909
ATP5IF1,-1.2394652308061425
UQCRB,-0.8507264246715558
EIF3H,-1.3543069890548902
GPS1,-1.2981070900986094
NOSIP,-1.6660159775672911
EIF3L,0.6415597073440455
CEP135,1.2568235987950476
PARK7,-1.6086555536160534
EIF3D,-1.1820827035589783
EIF3E,-1.603030834047441
COMMD4,-1.5418688326433634
FAM173A,2.2062831743166895
PLK1,0.14866100257740442
EIF3I,-1.6382530826693935
NDUFA13,1.4448052693009164
NECAB3,1.016081226305528
MRPL37,-1.2880232502399862
LDHB,-0.7968539938503353
CENPJ,0.6117875601311721
IPO4,-2.2339362925966957
MRPS7,-0.8627481001122504
IDH2,-0.8431480263313037
SLC25A6,1.4541515534224423
SCAND1,-0.8368910323373738
NME7,-1.2000299843164497
RPL11,0.4789836452039485
PHGDH,0.08189738604444471
TEX264,-0.6622654977267344
RPS16,-0.6493557675385804
UQCRQ,1.2569139254903903
RPL19,0.16979621387624047
C19orf53,-1.3748461591806365
ATIC,-1.811554726506802
SNRPD3,-1.7593209748166552
SNRPD2,-2.711007335275205
PTMA,0.22510253819698914
EEF1G,0.08706458247238806
EEF1D,0.8702339340044988
RBBP7,-1.458047856640929
ERI3,-0.6087857705977038
CEP290,0.7709768052315672
SNRNP25,1.3184376116211762
POP7,-0.8011544469523033
MRPL46,-1.5924360563230144
CEP72,1.1689233093757458
TUBB4B,0.10937174010350266
PSMC5,-1.2670980734936381
NTHL1,-1.553187090523742
MEA1,-1.275084262211761
TLE5,-0.25338309244570373
HMGN2,0.12159997118163901
RPL8,-0.39207952333626106
MRPL22,-1.100845367077131
MBD1,0.7739103659038754
RPL4,0.15175836010193186
RPL3,0.2095818018783227
SLAIN2,-0.5792580712088792
NHP2,0.23287849176013933
DCTN3,1.9353365861752572
COX6B1,1.3451029243803867
TIMM8B,-1.4366971405818498
CHCHD2,1.3528443965462646
PMM1,0.29402505729176115
REX1BD,-0.49776522547907603
ECHS1,-0.63620151409768
TUBA1C,-0.2092596462607122
HAUS4,0.8982925143835483
MRPL17,-2.1990060038726527
MZT1,-0.9840370064892777
CCT7,-1.6662822383166243
CCT4,-1.7001250503676508
PRKACA,-0.42429787987192197
TIMM13,-1.096954265362458
SRP14,-2.126876131190281
BABAM1,-1.3255977014178686
UQCRH,1.1245549458529989
ATP5F1D,1.155411068813748
NINL,0.8892858787467993
COX6C,1.604511514910198
PEBP1,0.2481248882504824
NUDT1,-1.7154743704629736
UXT,-0.7027171278389387
DDT,-1.2033955256962472
ECSIT,-0.0612173031241836
RTRAF,-1.4033233891216683
C1orf35,-0.9294622116947071
TUBGCP3,-0.6801621441604015
TUBB2A,0.5615916881031155
NDUFV1,-1.3379391319032512
COX7C,-1.7137233694613774
GTF3A,0.8743798811932132
ANAPC15,-1.4171487541485885
POLR2F,-2.043143403650521
GPX4,-0.09795622694706123
HAUS8,1.048224506259041
COX17,-0.35374095456973775
LCMT1,-0.7888846862201999
CUTA,-0.8519310294130299
RPLP1,0.2500517856892904
RPLP0,0.09690144638751791
TMEM161A,-0.7462028645519111
RPS7,-1.3424350223595685
C12orf10,-0.55581637453369
RPS3,-0.05354657654490598
DYRK4,0.24454603402658528
PGAM4,-1.297024827309633
RPL36AL,-1.0628751905670661
HARS,-2.019078754431768
HINT1,-1.2032091715337634
ATP5F1E,-1.2582597692366377
RPS8,0.0848158118498756
FAU,-0.08620831918302828
SNRPA,-1.2087112153471302
NFU1,-1.4097401785499888
TMED1,0.7597705882716953
NEDD1,0.25360106693450735
CDT1,-0.6578476452870713
SS18L2,-0.5990937232911853
TBC1D7,-0.5451412653003728
RPL13A,-1.7352561278496341
R3HCC1,-0.7526382782308015
DPM3,0.25592624475761183
HRAS,-0.6858041868341096
LRIG1,-0.3902786060441613
ETFB,1.0977338681765991
RNASE7,-2.023504209040952
RPS5,0.4310245310533725
ARL6IP4,-0.7976822267848889
PTPRA,-0.06133341981109414
RPS28,-1.7341276244730426
COX4I1,1.357343838044793
RPL35,-0.6904182802389787
LOC400927-CSNK1E,0.22918534398348453
SMDT1,0.02309062154734624
FAM162A,-0.8950532075556902
NAA38,-0.7137140660822392
RPSA,-0.9553430572051311
WDR54,-0.10875321443115551
TACC3,-0.9738360815354714
PGLS,-0.5675005705820009
RPS15,-1.25291247093012
FARSA,0.012395247892049073
RPL10A,0.020229136530787253
DGUOK,0.3578584437437508
CDK5RAP2,1.5579803276607787
TUBGCP2,-0.31340416529316084
WDR18,-1.3463517261174482
TUBGCP4,-0.6805309794133246
TUBGCP5,-0.03862651237453203
TUBGCP6,-0.40008693589759586
FBL,-2.1767364406763985
CEP131,1.299538013786299
COX5A,0.9811886244871018
RPL23A,-0.4012036252115587
TXNDC12,0.21468848647404765
SF3B5,-0.8219692433218949
PRDX2,-0.5458000902702659
BAD,0.4484549673950464
PFDN5,-1.2391817101529499
CAMLG,0.19279321336926541
CD320,-0.8323777057552472
SLC2A4RG,-0.3753087490281742
RPL29,-1.973755615809418
PLEKHJ1,-0.5961360812793735
RPL27,-0.13499452096961692
NUDC,-1.0336546345711564
NOP53,-1.6099495353543594
RPL22,0.47337103165572
MYL6B,-0.5917912600126779
MRPS34,-0.6692660507665167
EIF3F,-1.3295152451430918
YWHAG,0.8102062199327849
ATP5MC2,-1.113622421562108
EDF1,-1.25699110709732
NDUFC1,-0.6970757233779966
NDUFC2,-1.4438181161546804
LSM7,-1.7616731766227764
TRAPPC6A,-0.6328365681928333
LGALS3BP,1.3440936888411703
TMEM160,0.11834721446456298
OLA1,-1.6825677752321784
TMA7,-1.338677986437491
TUBA4A,0.549364882482237
EEF1B2,-0.9607476771515127
SNRPF,-1.6057102730961055
SNRPG,-0.8584604495783992
RPL36,-2.338445864972057
RUVBL2,-1.3175028406774532
FIBP,-0.2691475944699047
RBMX,-0.5579064546664332
TUBG1,-0.2252415021376216
HAUS6,0.24516074814467184
TUBG2,0.914659689381307
PHB,0.0727933984798394
BOLA3,1.6683894523744092
CKAP5,0.437627083274785
HIST1H4C,-1.1638240036352336
ATP5MF,-1.7509065823101144
ALMS1,-0.9893748953109597
MRPL57,-1.2434044281003982
PTBP3,-0.3428653253874868
OFD1,0.5773991018589625
MRPL13,-0.5361483230528702
USP34,-0.6513013482027882
TRAPPC5,-0.30501233957633034
ATP5ME,-1.5170768217895712
PRR11,-1.315871328614239
RPL9,-0.3257529831303412
CHD8,-0.8525119262407398
TUBA1A,0.607776487774858
ZNF160,-1.3199108250474005
HAUS2,0.7430877668180943
ATP8B1,-0.1502125688366354
ATP5MPL,-1.5567474491920545
ZNF611,-0.9642310480561309
IQCF1,-0.9970320173336971
RPS15A,-1.0020562426092057
RPS2,-0.02647387236637605
ATP5MG,0.10408334794909424
OGFOD2,-0.5162752055597264
TMEM206,-0.506551739606332
RPS27,0.8621643388545385
RPS20,-0.37106806223670374
GAPDH,-1.1206290442704763
APLNR,-0.8016722194336039
MYC,-1.2654927043779254
PODNL1,-0.45544660574615525
SRPK2,-0.9120484089183584
NDE1,-0.5836525541226897
DCLRE1C,-1.180462794347356
GTF2H3,-0.6252587377137959
RPS29,-1.6069050535002805
RPL38,0.34967069809586837
DNPH1,0.305492056865347
RPL32,0.27918201136790066
NPY2R,0.6970091822123606
CHMP1B,1.4070509502847537
HSPA2,2.5297943753460412
HSPA6,2.9400162038795217
HSPA5,0.3067140238766623
GNA13,1.7597745443041877
HSPA8,2.1910046553687987
IST1,1.5014607595556935
ZFAND5,1.683786389135924
MAFF,0.4934584945256388
SNRNP200,-0.22976649324034543
BHLHE40,0.2271751154736093
CNOT8,1.291440884724883
MTMR3,-0.2919151010370987
WDR5,-0.8002671856915676
ARFGEF1,0.23185162612522345
PSMC1,-0.8116495700529713
MAX,-0.2513736940266964
MITD1,0.09887971118539508
RASSF7,0.3242370663972128
GRID2,0.1380324661757726
IKZF5,-0.8230935987486337
BTG2,-0.25458974039789056
EDC4,-1.0153606546071032
CC2D1B,2.934300291167953
ETS1,0.5977676713046841
CHIC2,0.6547197371116559
NEK2,0.3197862434191247
WDR48,-1.024593298079675
RNF103-CHMP3,2.407899781500542
VTA1,0.03382004914180551
TNPO3,0.003722801814691559
SEC13,2.309057455083063
CNOT10,-0.1293066133271973
SENP2,-0.8773929148400816
EIF4B,-1.0951531695767314
USP54,0.9668440883917777
PPP1R2,-0.2520984834912553
SSRP1,-1.9691245932810024
FLOT1,0.7796797997700396
TOX4,0.621002204649276
TRPC4AP,1.1600446014599015
AL136295.1,2.1049965918822275
ABHD17B,-0.4978870366625332
ATF3,1.1572571165337002
CCL14,-0.686230955716453
RFC3,-1.9122831691252535
MAPK14,0.20032159796178578
EIF1,1.0981484970031095
BROX,0.5030173715827312
CHMP1A,0.23520182130114647
KNSTRN,-1.2158188564363226
TMEM63B,-0.4503231330651921
PICK1,0.2515321972439955
GRID1,-0.7604498538817925
PPP1R15A,1.430494278743494
GABPA,0.17771010519047686
RNF146,-0.69697418248776
ADPRM,-0.22106894430056578
CLTC,2.0129345880151988
HSPA1A,2.733048366857201
MAP7,1.1064001530545335
ELOF1,0.5088359339371298
EIF2S3,-0.9986433003228845
HSPA1L,2.648539338111894
PTPN23,0.9798475325243596
PGD,-0.40306180826329774
WASF2,-0.06059258477739352
HADHA,-0.8288601360009585
NRAS,-0.42828691066040336
SELENOT,0.4392974131453279
ETS2,-0.08549092220542431
KLF4,1.345375135181626
KLF3,0.8323306369103103
ATP6V1B1,-0.07427311944622698
STON2,-0.36199043188835867
SLC25A15,-1.2949401585225815
SUCLG1,-1.7616322669139188
LMAN1,-0.4830638142201292
C6orf89,-0.520928215121583
TFG,0.9211351407192996
PRUNE1,-0.8068956006830148
TGIF1,-0.6146001649163
PMM2,-0.5931357532968407
HIST1H4I,-1.2985218340051763
FKBP2,-0.23037986271732372
TWNK,0.8940770122833801
HKDC1,-0.814579098414793
PPP4C,0.4156749042599859
LARP1,-0.5792212154596859
WDR3,-1.9418577406230226
TUBB4A,1.227926544431537
AKAP8,0.47846000991499693
BAK1,-0.05613837084857953
ACTA1,-0.6320486546066083
ATP2A2,-0.5391969874138748
ATP2A3,-0.692262116523179
NOP2,-0.9082685095148982
PUM3,-1.292775432870377
WDR43,-1.7795657476932758
XPO5,-0.7771840186856517
CCT2,-1.6808300270456966
CCT5,-1.3889843800327646
AHSA1,-1.536375237226004
PAM16,-1.1478817937451278
TIMM10,-1.5959814996268455
CNGB1,0.5698258185150835
PTBP1,-1.3984080193258224
UCK2,-1.2413501931484403
BLM,-1.4751005817119929
GDI2,-0.8555356452002323
SFI1,0.801528312017439
DNAJC2,-2.45022357275873
PPTC7,-0.05140655296114236
MYBBP1A,-0.19637925991256927
GFPT1,-1.6296192785475136
GFPT2,-1.0028432513596561
EIF4A1,-0.4579645683050455
EIF4A2,-1.0582358335534119
NUTF2,-0.13022950468816885
PKLR,-0.7580756273672741
ATG101,0.8794948918164486
PRDX5,-1.0758023045149128
FAM86B1,-0.5965853304262672
SAR1A,-0.6752235479377651
ALG12,-0.5801415412977511
NOL6,-1.2920570754408172
UPRT,0.5528836309440366
UBIAD1,1.8349465673287095
AK2,-0.6905379234561089
ATP1A4,-0.08144268429121476
ATP1A2,1.2003866970625847
ATP1A1,-0.060364968378756316
MARS,-0.41670756584721363
SARS2,-0.4826926252045696
EEF1A2,0.8744846710810601
MCRS1,0.06955450677595593
LARS2,-1.7954414274626072
ACOD1,-1.6553328420586124
RDH8,-0.6324169057150741
ATP13A1,-1.059462379743087
DDX18,-2.418239395812369
PSMC4,-1.6638300130912855
NOLC1,-1.9030630693063735
E2F4,4.070761249266569
CALU,-0.47336722324999825
FUT4,1.097444706410939
SLC1A5,0.536179852937184
EEF2,2.857872144626035
BZW2,-1.561403935776949
MAT1A,-1.5392910174971868
PES1,-1.322263329589169
PYCR1,0.37708416620689544
GNL3,-0.9109022155862321
GNL2,-2.403901023475471
TUBA3C,2.615186164912961
TUBA3E,1.185366387006981
EIF3B,-1.6295932102521957
CNPY2,-1.4478990519021704
MRPL36,-1.9837378071089935
EIF2B5,-0.45327543525174885
IMPA2,0.08400613580148227
SNU13,-1.7040374209331726
ATP5MC1,0.6434596705606758
ACTB,0.47752958827232206
ALG8,-1.0406958176694783
ALG2,-0.3588026430115934
ZNF593,1.1198357429774257
BCKDK,0.41760653068738096
BTF3L4,-1.1551841770337143
RUVBL1,-1.9327349911668936
B3GNTL1,-0.5894830495370013
FTSJ3,-0.8065349318003066
DDX55,-1.1342946970693155
RAB43,0.8256389335952542
RRBP1,0.42672802119668807
PKM,0.4576888020274473
TPT1,-0.8269015545309547
CSK,2.151252350390548
BOP1,-1.4165861584417614
MTHFD1,-2.1295772624510216
COMTD1,-0.7849292842204684
COX18,-0.615340089218694
TMEM214,-0.12298679791876385
HDAC1,-2.1186507190417116
SLC35C1,-0.4684831994084514
PUS1,-1.3999199138744183
PUS7,-2.679043587528098
RRS1,-1.3656950530119878
CARS,0.670071943867312
GMPPA,-0.5000239691982374
GMPPB,-0.7379673410090578
GCN1,-0.48107694518686006
ENO2,-0.5518323086114022
ENO3,-0.24681961184706389
SND1,4.346254748469549
DUT,-2.080512325848645
RXYLT1,-0.6611737810735285
NAT10,-1.2296546668982222
DLST,-0.4675175441450949
TCP1,-1.311497260007917
PRDX4,-1.075254703591014
PRKAA2,-0.34899257664900046
SLC5A6,-1.0723910940165362
SLC25A21,-1.4934502601025057
BID,1.5980276286328334
PFKP,0.4544297096760945
HSPD1,-1.9643085014245125
PFKM,-1.6314907469471467
PFKL,-0.4085439090588189
MTX1,-1.1652988590368443
GNB4,-0.4443113282369109
NANS,-1.1052985462186835
EIF5A,-1.4707291958597348
CCT6A,-0.9911400744638041
MAT2A,-1.1658180488313776
ATP10A,-0.02966988558283962
ATP10D,-0.1362824738990375
OSTC,-1.08045639518449
RER1,0.44971145873607954
MGAT5,-0.18652503417202682
MLX,-0.6929019965004051
DDX21,-2.042771817652631
DDX27,-1.0253644953814376
ABCC1,1.1887155010510981
ITPA,-0.6760532647837826
TARS,-0.3461553063936141
ATP6V1C2,-0.35308559496962305
TIMM44,1.518441005250946
TOMM40,1.0074464478556147
ACTG2,-0.5415962006198615
MLEC,0.07782138757635233
TACO1,-1.2127300145364093
POLR3E,-0.45034500112236003
ATP2C2,-0.3957087095990289
TXNDC5,-0.7266195245057051
TAGLN3,2.057759220337853
IARS,-1.4740740822272191
SLC25A5,0.35711179487080447
SLC25A4,-0.5995930950686448
SHMT1,-1.2641843507960795
NME4,-1.499846028258119
DNAJA3,3.1071994304962796
RMRP,-2.0062518816588524
NME2,-0.4404867374524953
NME3,-0.11015157264914949
KPNA6,-0.6774237765360958
KPNA5,-1.1770698762309848
RUNX1,0.4537718529673093
FKBP1A,1.1057968288290607
SHC1,-0.14276036590178118
RRP9,-1.0699330691522433
PPRC1,-0.019355348732792276
NOP14,-1.040494160111459
TNFRSF12A,-0.6357422402866187
PITPNB,-0.3029949903430422
PPM1G,-1.6059805385824395
ABCF3,-1.1066903775977217
ABCF2,-0.021367433021271986
PODXL,0.006866673987599835
YARS,-0.9359387140209423
B4GALT2,-0.69392737446062
CHEK2,-1.1588038954745132
B4GALT7,-0.5967447859584856
CLUH,-1.1117937735705206
UMPS,-1.6511414826265483
TUBB8,-0.08714209665427694
TUBB6,-0.5009821292241771
TUBB3,0.16326650700596043
MRPL4,-1.5676218137970943
SLC3A2,0.12859807062806475
MOGS,0.28419417934916014
ZPR1,-1.5389568647377545
CDC14A,-1.147178815566135
MYDGF,0.9757917196245208
HMOX2,-0.9523007353569054
ACTC1,-1.1910596319112292
CTDP1,-1.266863613336754
UTP4,-2.312173252338576
DNAAF5,-1.4717061286229205
CTPS1,-1.6019613167839801
FOSL1,0.02586634058960786
PSMA7,-1.7146762285378814
DPM2,-0.8763352640329235
UGGT1,-0.5505951191216553
HMGCS1,0.2720961643114081
HMGCS2,-0.9811107608173901
ACACA,0.4943300651543843
ACACB,-0.9016730192343069
RABEPK,-1.3830675863233703
SRMS,-0.8167356239026564
PUDP,-0.8713348883583231
GMEB2,-0.6609819667783936
EBNA1BP2,-0.9778652073477447
UCHL3,-0.7502161033443996
TSTA3,-1.1717505366424839
WDR12,-2.6462584377991707
PPIF,-0.34091601130606614
SLC35D1,-0.8991558451365336
PPID,-2.1536236670898905
PPIA,-0.04050252371771095
ATP11C,0.18286556767018147
MDH2,1.3083131450318657
MPDU1,-0.8002513805982736
NIP7,-2.8068827402294314
DAD1,-1.4865619790591034
DPH2,-1.5707153245610557
EIF4E2,-1.0277165303107303
HOOK2,-0.3642695175108839
COPG1,-0.01942844377112185
ACY3,-0.408352857514663
GTPBP4,-1.160620868959919
NOC3L,-1.5117649348255133
SEC61A1,0.06193400512137842
CKAP4,0.3028110485997281
DOLK,-0.7904238403715871
NME1-NME2,-1.5368771849620442
LYPLA2,-0.8135623619357498
DHX15,-1.8778140217846226
S100A11,0.7082539330520065
UGP2,0.022448180707848882
ATP2B4,1.478489462282785
CIAPIN1,-1.4699087623480496
GOT2,0.92795318742135
PFAS,-1.332276476846694
RAB5IF,-0.9438925287221596
P4HB,0.6279806106962196
HOOK1,-0.043375815151099444
MRPS2,-1.4884143204164468
COG5,-0.6442275403252101
LSG1,-0.30616559480662103
ATP2B1,0.8565148872928711
DOHH,-0.39162163242157305
PA2G4,-1.9821415658651813
FDPS,-0.6278853255682119
CCDC86,-1.8762312663918723
ATP8B3,0.25008509066147244
ATP8B2,3.047786744064702
SUMO3,0.21524403167480818
KDELR2,-0.6138777507003874
ATP5F1C,0.9364283353288034
HSP90B2P,-1.0330947323943416
TUBA1B,0.30758883805585263
TMEM186,-1.0051569182076472
SLC35A2,-0.33199323517012796
NPEPPS,-0.6373795260371052
TOP2A,-1.4368142522257665
GNPNAT1,1.1194704359394287
IL4R,1.5568943315979855
BRIX1,-1.689524838622759
PGM5,-0.37897944546929135
ATP8B4,3.6966820224890418
PGM1,0.34706364841305865
PGM2,-1.2894831903448865
PAK1IP1,-2.2200488239026734
JMJD6,-0.6771042516316235
STT3A,-0.22578627543382054
ACO2,0.26858845974391443
FAM57A,-0.22296174532390892
SEC23B,0.12544963992828714
MPI,-0.9291910738684863
POMT2,-0.6983063687350288
TUBA8,-0.5331550417922025
NOM1,-0.6942628030097936
ATP5F1B,0.7148851543551885
OGFOD1,-1.243481065108348
TRMT6,-2.348497478100885
GPN2,-0.8289167653785104
ALDH18A1,3.72003990420059
NIFK,-0.7144571865538605
HDLBP,-1.1313730392383425
SEC11C,3.927333099553433
ATP12A,-0.6783798467881401
ARFGEF2,0.00332412288827246
ADK,-0.4345267712467687
METTL1,-1.6894848144228232
PPAN,-1.2167800166154272
MRTO4,-1.4902110997149622
BYSL,-1.7689133795876242
KCTD5,-0.404909853049017
RRM2,-0.5804775683826203
SEC31A,1.8030907379853816
IDH3A,-1.6464028192297029
PAPSS2,1.9140548761337437
TATDN2,-0.5616065153149609
PDIA5,-0.15922586791893764
CFL1,-0.9538725230222703
TMX2,-1.3470178764582235
SNRPB,-1.48899724787257
LRRC59,-1.1625356431150629
DNM1L,-0.917368968307339
STK19,-0.3020358269561096
MGST3,0.13101775455109033
NISCH,-0.5509863876378782
CCS,-0.5290407215535364
NELFE,-1.7162051398371014
PPIL2,-1.057584202047816
PGAP2,-0.27912322188190913
RARA,0.927471789579118
EP300,0.36988575139749136
SNHG28,0.6565085681278301
FANCA,-0.9070103729948278
TBC1D22A,-0.01956592446916434
CSNK1E,-0.25292961864290814
CNPY3,-0.19126676799299042
CD151,0.22160996431756144
TRIM28,-0.7130281803254902
SLC25A1,1.838724904077605
PCYT2,-0.7980655513813054
RANGAP1,-2.0696884669861704
TWF2,0.42129387458791767
NUCB1,1.9894097186032302
PTPN18,0.25868678962135644
PLD3,1.3670929391697844
KAT5,-0.9023267855643002
MLST8,1.535906969092038
FKBP1B,-0.160407636748556
HSD3B2,-0.5521907305306993
TRIP6,0.4706783228815207
FBF1,-0.2507665934993502
ZNF395,-0.13421112505251218
FAHD2A,-0.5792111245539422
CPT1A,-0.8436672015642644
PDXK,0.3716456138252905
UROS,0.26215494005013984
ACAA1,-0.39707336016064004
UROD,-1.2196841122153823
TST,-0.07147546965890664
CHKB,0.3169258172141858
XRCC6,-0.6707276696357446
SREBF2,-0.6507664841051569
HEPHL1,0.07062198882262842
DDR2,-0.013302691441448864
ALAD,-0.5993880118858044
GPAA1,-0.5001248773755755
IRGQ,0.25017368743975943
DALRD3,-0.488235738574101
MPST,0.6831946416294702
ERP29,0.5640176010171655
SAMM50,-1.4013440981668357
POLR2E,-1.3120564835677078
KAT6B,-0.9822213443322947
POLR2I,-1.6520965274377142
IRF3,1.247686888257432
TECR,0.49708915219347277
GALK1,-0.7815216926588711
LRRC15,0.29414126578137884
MSRB2,-0.2691113259610478
DDA1,-0.10980826739305813
ABHD17A,0.5639356782816092
HDAC5,0.2710376953474291
PI4KA,-0.7399851127975008
NAGA,1.2124887041105383
NIT1,0.44481979445780995
POLG,-0.9969326691887418
RBKS,-0.5852682496205647
ACADS,-0.8599897563662157
ARF5,-0.35362519125155534
AKR7A2,-1.0309801679685575
CUEDC2,0.08651190579825085
DNAJB2,0.5742427500875136
ATP5F1A,1.660261396884054
CBY1,-0.3394409251559828
MAPK3,0.658481846761459
DSG4,-0.27114431506435904
GALT,-0.655675917560344
GNB5,-0.771566731520924
TXN2,-0.8391216764265211
STK25,-0.1598377637147192
SLC27A4,-0.42257959823537883
UCKL1,-1.0839108668681896
ZSCAN26,2.6834416279013515
SPSB3,-0.3124442306125193
VSIG8,0.3959646515504269
RETREG2,-0.24958987260719967
GSTK1,-0.6642803082493178
PPIE,-0.9890973538400809
PRKD2,0.3639131020927435
RBSN,0.06309261240078393
COX5B,1.097717527499296
PPP6R2,0.3413021835455347
AACS,-0.4754625307105887
OVOL3,0.2940250572917734
PIN1,-0.407474013496195
AANAT,0.5169876418728426
GCHFR,-0.20627559828796993
NDUFS1,-0.5911695371518572
HAGH,0.2360334996434718
TCF25,0.7382205819534338
IMPDH2,-1.9060413503878462
HMGCL,-0.9565070604406073
ILVBL,-1.1461661422960485
POTEE,0.33424497091732197
PIGA,0.03431355497025031
ALDH3B1,-0.1750937538092741
TTLL1,-0.5943563974454239
ISYNA1,2.939884549641386
CRYL1,-0.446866736665093
QRICH1,-0.845291119515571
NDUFS8,0.8526898721905124
SGSM3,0.4517371319117631
DUSP14,-0.02462711577134265
E2F3,-1.546999969117552
CABIN1,0.16928827963194792
PEMT,-0.8234137245121366
HEMK1,0.6837009140523475
OTC,2.9439362796637836
PMVK,-0.9541605098758803
SUN2,-0.3576570829853857
NDUFS3,0.9758546872324846
ACTR1B,1.768032975406453
NDUFS7,1.3425186073512416
SDHA,-0.7315214609364379
ATP6V0E2,-0.2144938432637306
ASS1,-0.1349992083997012
DUOXA1,-0.23167215325608997
AGA,1.3514712159926054
RAD51B,-0.935420728224075
SUMO2,-0.8363509858555128
MAN2C1,-0.6536682574376985
IFNG,0.6210901796231322
PTGR1,-0.399125940339358
BCAT1,-0.8038875655511774
ABLIM1,-0.7133479728654684
TMEM184A,-0.4254788352291003
CYP3A5,-0.6330898572110996
CNDP2,0.4107366568893647
ORM2,-0.42199923879141144
PARP12,1.9999851454627258
EIF2S1,-1.3822758478896673
SERPINE2,1.9522476241280453
APOE,10.21478338405306
TTR,0.5027218564511347
PEPD,2.349516487027341
PAICS,-2.31604016393449
GDF15,-1.2000612303915152
UAP1,-1.5771154576722974
NMRAL1,-0.34932292424004996
ALDH8A1,0.3675820276987405
VEGFA,-0.1821948417127403
PPARA,0.45933510469162936
SULT4A1,2.417995035505764
GLYATL1,-0.7013802186580772
KRT17,0.05741588374018798
SELENBP1,0.33527576736662745
SLC22A6,1.4018380772245593
GPX2,-0.7604287774000501
GIT1,-0.5778971791823747
GIT2,-0.44485146962723093
SORT1,0.5075618252205583
FLNC,0.19298481541069948
SLC22A8,-0.6976992208304481
SESN2,2.476267801810803
RET,0.7283122316993067
SLC2A10,-0.06641077497553348
FH,-1.6487934299591562
VSIG2,-0.5045478757302532
HTRA2,3.1746901240593406
MDK,1.6169097081959158
SCLT1,1.5603044937558348
ASPG,-0.41708165930585184
ASPA,1.297339679685614
ACAT1,-0.8139828926868171
GGH,-1.957552700291265
KIF21B,0.6015123411240353
MVD,-0.9718438353528622
F2,-0.3126218098971048
CNTN1,0.9875042400020084
TRIOBP,1.028817870934846
PIPOX,-0.7212713088423184
GSTZ1,-0.03542071732245163
SLC17A3,-0.7696588628584429
TINAGL1,-0.10989588793614348
MT2A,1.4261402911106338
UGT2B7,-0.38998767798028483
G6PC,-0.5811435190017565
EGFR,0.8365685420002541
BHMT2,-0.5229564332983851
ABAT,-0.24399668297163557
BIN3,-0.4702569637752534
AQP3,0.47176605662752424
AASS,-0.2986879283954508
DPYS,-0.4321836947406086
ACAA2,-1.3327921269287148
GCDH,-0.33830259287635134
SLC25A2,0.12805049228075688
RPGRIP1L,-0.22135161019745944
PSMC3,-1.130601718515767
ALDH3B2,-0.8532159241052139
NANOS2,-0.45235796339315365
CD48,1.3491779976986633
FBN1,4.004375647395533
STS,-0.3737085437873781
HGD,-0.491033610083643
CRAT,-0.6721346507924254
CFH,0.3514915469990201
CFI,0.4629269039236816
GJB1,0.3185881152577978
FUT3,-0.8092092473353379
CAMK2N1,0.810881345124917
PCK2,0.7131981491344838
PCK1,-0.13537561987538774
NQO2,-0.8153045104664357
AGXT2,-0.7039718407258502
CYP3A7,-0.7254494447792684
PYCR3,-0.10212736817378464
PYCR2,-1.186613992275051
SLC25A13,-0.10828991789722393
EHHADH,0.3644624635489278
KLF5,-0.859745050851697
FGFR3,0.2820494116032272
LAD1,-0.608094033203996
IFITM1,1.0358220382101975
CENPK,-1.6035150409138414
ASNSD1,-0.2965356862567778
TNFRSF21,-0.305211563877285
PALM,1.070702542707886
SSH3,0.2566425682200545
HOGA1,1.3110850673009875
WDTC1,0.4233200262380843
ALDH1L1,-0.8099086868336114
SLC2A2,-0.14292595009441392
SPINK1,-0.07144344592098063
VLDLR,3.413892588170735
NANOS1,-0.13437115977574543
SPTAN1,0.3222887719197629
PROS1,1.368654027215735
LAMC1,3.8390177979928133
ATP7B,0.5304701767031978
MYCN,1.9803787901985408
MT1X,-0.14703060921906666
NBL1,0.10780128578081576
PALMD,0.23820144189938833
NUPR1,2.0612550383712316
IGFBP3,1.1482781408263825
AGMAT,-0.5488534410081557
ADSSL1,-0.8312576853614657
CA10,0.9476001952852866
SDSL,-0.8406233020502463
MTHFD2,-0.16275105124436193
EPHX1,0.5982723728706558
TMSB10,-0.889056249540682
PPA2,-1.9752483169933326
PPA1,-0.6351052936662086
FABP1,0.42732012022640037
QPRT,1.4675286171754296
USF1,2.027010542976862
ETFA,-1.059328491743436
MTOR,0.9282096756876423
CLU,1.2789033686808458
RACK1,0.1775556012450746
KNG1,-0.4732409141405917
ALDH2,-0.6483768853279306
CDK1,-0.1386437993306096
CDK2,-0.11639143448310339
CDK3,-0.5504815674408304
NAGPA,1.0900283459831388
LCN2,0.4636226023359703
PHB2,-2.1784177758704146
USP4,-0.7405742990446179
PRDX1,-1.0190100819522825
DDX11,-0.35527905939466187
PM20D1,-1.047496663035912
STIP1,-0.68410844106331
CDC42EP1,0.38787468283574483
TNFRSF11A,-0.5219103280477035
ACMSD,-0.40383697988316164
LATS1,-0.5971484629353909
CCNB2,-1.8338810509194325
DDX24,-1.2040283273628374
ARHGAP32,1.4660510580290131
C4BPB,-0.5979859316804289
TUFM,-0.975475894549065
CKB,1.632835808977238
TPBG,2.073958195065716
TPI1,-0.44968946872080884
PAH,0.21545161254675255
FURIN,1.447689153226213
CALM3,2.4665467689143
ACSM1,0.9913081657636238
ACSM3,-0.65499672921219
PRODH,0.32770758406060085
ACSM4,-0.5759359631847382
ACSM6,-0.5502828329081543
FGFR2,-0.3219932828823193
ASRGL1,-0.18537764294283188
ERBB2,-0.3052746979346692
ERBB3,1.1501890526869694
CTSB,2.8792631768454533
ACSM2A,-0.8031194319312437
ACSM2B,-0.7600082120362839
SLC25A20,-0.7922079892890255
RPL18,0.055259194812475286
GMPS,-2.477456918904878
CPB2,0.44286240673694477
KPNA2,-1.5771423426791304
FBP1,0.7486143467067106
ENAH,-0.6219945619631296
PDZK1IP1,-0.6152857693223653
NDRG1,-1.146780982787015
ITGB4,-0.2613713454132396
HSPH1,3.115493616213122
NONO,-0.8673737589107959
GLDC,0.1358669594748283
XDH,0.3382883676770059
ECH1,0.848238298463836
SCNN1A,-0.7049619715725352
ANXA11,-0.5114070055273989
GBP2,1.9009104007559758
ACSF2,0.506825672503411
PTPN1,0.118747609255038
LCT,-0.762798127867704
ANG,-0.49570345409261174
EIF4EBP1,0.776516597869683
BCR,0.3766111335096221
ADI1,-0.7104928641303865
BHMT,0.5630559078335777
ZER1,0.31568672121853336
FHL2,0.3486162594912118
KRT6B,0.5897903533455964
LY6E,1.7826819494269388
EFNA1,0.7869588721625154
SRR,-1.0148414660174052
PRKAA1,1.3172991477282694
ALDH7A1,-1.4058931727942594
LGALS3,1.2842000124220068
ALDH4A1,0.12401320997358495
FSCN1,0.7587461357207762
LGALS4,0.40587275656468175
PLXNA3,1.4426824206903799
AGXT,-0.03876646615778031
ASNS,-1.15387949679073
RARRES1,0.1271159171898273
PLG,0.4018787034553143
S100P,-0.4036696129379679
MPRIP,1.0155585455017133
INSR,1.7906682700998162
ALDH1A2,-0.9449798023878894
KYNU,-0.15572650913639322
CBS,0.6929276935871188
TFAP2C,-0.3682917102975968
RPL17,0.4700927958861174
ACY1,-0.6084809222073145
AADAT,-0.591772503599282
SIGIRR,1.0574950683968953
SERPINA1,1.1202980197027887
SUCLG2,0.10634827530099329
IDH3B,-1.4459743367185438
HPN,0.633975620212591
ALDOB,-1.0539077291941357
HPGDS,1.3902863453238392
HPD,-0.5475232373642216
PSAT1,-1.1364852986924523
PDK2,-0.7307815978005595
PDK4,-0.7202543375121185
ABCC3,1.219974666977111
GSR,-1.8291495217556801
DARS,-0.45148165794204237
DOLPP1,-0.7647974228123257
AFG3L2,-0.16717033928479005
DMGDH,-0.4203804024222116
PLIN1,-0.5777068285973017
NHLRC2,0.33482866323370203
WWC1,-0.4325009166461646
KHK,1.6445890186995762
CAPN1,0.39671821504911353
PIR,-0.5960760459106095
IREB2,-0.9773863635326182
DDX3Y,-0.5135728029057253
VWA8,-0.9464339652979276
BAMBI,-0.3271986685615865
POLR2D,-0.9418075315884049
CYREN,-0.6668492015858478
CSPG4,0.8159371280107558
TERF2,-0.6746776153011285
STC2,-0.1654823753713015
SLC7A9,0.7634192761154848
SLC7A7,1.4300866252130944
SLC7A5,-0.3657625989063605
AKR1A1,0.0645656092728858
AOPEP,0.15169382921407698
NAGS,-0.656633586632801
NEBL,1.0723801914952074
TMPRSS11D,-0.5727955188921477
SIRT3,0.1883747164326966
EFEMP2,-0.10645823975411277
SGTB,0.12000596096315262
ACO1,-0.7440008037993173
HOPX,-0.4325352388571945
TNFAIP8,1.291598511164765
SDC1,0.10086896781400055
ARG2,-0.4386114421769343
ECI2,-1.3582583582724412
GGT1,-0.8628202574271955
AIFM1,0.17885774080462288
IL17RC,-0.5940183124162146
GAD1,1.1592475365369381
GAD2,1.2065276950834225
BAIAP2L1,0.6456736130891684
TES,1.5164442582559108
TSKU,-0.045000734850517816
MTHFR,-0.31154682943083234
SLC13A1,-0.5358055087198231
SLC13A3,2.1200955227537746
PBLD,-0.5268691380367985
FES,1.2190427379470434
SERPINF2,0.3090309491383326
ADM,0.032579514988064516
STAU1,0.7302196509201683
RGS14,-0.23561613813954352
PSPH,-1.1636360844102933
STEAP3,-0.135734058288986
TBC1D16,0.40426774217135714
KARS,-1.9183008458474016
SLC7A11,0.6844195407210891
ELF3,-0.6769006593749711
TXN,-1.8528628522610813
SERPINA3,1.6286169081717954
CRABP2,-0.35609875213044057
PTPRF,-0.7015368878061117
CDR2,0.31367890907378276
NDN,1.929062645845441
MLH1,-1.1615286674393106
GMPR2,-1.091603083524825
PLS1,0.4919612476218805
TDO2,-0.49683826773162226
PDIA6,-1.730525089487986
GPC1,0.36069572122564597
ALDH6A1,-0.8932280497472966
ALDH1B1,-1.3038490471612845
MTAP,-0.7267695073299091
DAZAP1,-0.6696223615118548
AARS,-0.03596202600022069
LOC101060399,-0.1516108556434504
CREB3L1,-0.5880561948500945
ATF5,1.4230404529206684
ATF4,0.44292014171675376
FOLR1,-0.2847132892042518
LINC00671,-0.49909667654633005
KRTAP12-2,-0.23997592809308216
ADAMTSL4,-0.44969953715934874
FHIT,2.156396516234122
SRC,-0.12785182451569188
AMPD3,0.8189228927203567
AMPD1,-0.6740151626367383
MGMT,-0.9629535485308112
AMPD2,-0.8992492029240976
DNMT3A,-0.9025068240543956
REL,2.2716500349743862
FDXR,-0.608760055876549
SMARCA4,-1.7768338891008642
HINT2,2.788619457695934
HINT3,0.34209915733869817
RARB,-0.247505329281798
ERBB4,1.0422035803765308
FOXM1,4.3998920321626045
DNMT1,-1.1822655390751446
THRB,-0.7324263590762826
APTX,0.46047399908362413
DNMT3B,-1.5545345407635511
ENTPD3,1.3466697849997036
RPS23,0.21160352309294883
ENTPD1,1.169697404310479
WWOX,0.7706552556363513
RABL2A,0.7311098561542027
ENTPD8,-0.7379061411856013
SH3GL2,2.6674872272882184
AK1,-1.1533472467591204
AK7,-0.952266956316198
AK5,-0.7200931587323955
AK4,-1.3941154159211295
PTPRD,-0.3043900911728353
HSPE1,-2.1464856974762982
SFRP1,-0.26043635097019757
ARHGAP19,-1.2162287664038265
SPX,-0.227983089265118
CTRC,1.5711710642950458
SPINT3,-0.520453651532944
NTNG2,0.8832566443642692
MPP3,1.9454793565194377
SLC12A5,1.9869590002121877
SCN4A,-0.489631913226318
PRKRA,-1.709371320418618
THPO,0.029392916967967173
HTR6,1.2316878880124948
GPR27,0.7657185058961435
DBH,0.5338815601751831
RNF186,-0.31006961923868487
CSHL1,-0.5040565986990294
HGFAC,-0.6133915253228388
TSHB,-0.7160605541037073
TNNT2,-0.45712572977684457
SLC11A1,0.45129415275369217
PRLH,-0.9041192643957741
GGTLC1,-0.42311714803767453
OXT,-0.8487064497424758
LBX1,-0.892367492639023
PSG4,-0.5445571960395703
FGF1,0.20318039291505471
A1CF,-0.12631870907669196
MYH15,-0.4143248136289048
GABRR1,0.49334842208926144
SCN10A,-0.5482302776573046
STXBP6,0.5790720363538471
SEMG1,0.9111578822309636
FZD4,-0.11423496732870231
LGALS14,-0.6571310392105818
RHBG,-0.541582545768488
CDKL2,-0.22970373050908133
CST8,-0.7919064561185643
GML,0.9004461413716173
OR51E2,-0.8966726916714001
CHRNA6,-0.3489549835170653
MAS1,1.9620788898970305
GPR37L1,0.20514139999348996
IFNA7,-0.531932722673425
RALYL,1.5263907518464843
ABCA4,-0.6290810259665418
KCNC1,1.3942260559593984
PITX3,-0.09146102484925363
PARM1,3.644759162694744
GCNT4,-0.4939767494151874
PGC,1.3886407541502457
TM4SF5,-0.6673009663733688
DEFA5,-0.6654373635143483
PROP1,0.3720199669585
TG,-0.6140056202189195
KCNJ10,2.5135836999033723
UCP1,-0.8096329986197964
PHOX2B,0.9239489185443273
ZNF709,0.8817568322598066
FOXQ1,3.8015446609292467
UBD,1.2666372037077382
PPP5D1,-0.38568616251960564
CAMK1G,0.2078380263642597
BRPF3,-0.8326545305997526
CAMK1,-0.09625885968782241
ARF6,0.28225462712306126
TAF9B,0.28083040695247574
RCVRN,0.7292611510240182
ILKAP,0.5903780867685442
INSRR,-0.9877196969561185
TTC13,-0.8506654832951972
LRRC56,-0.35844209393927534
ZNF708,-0.8412699848883138
ZNF66,-0.8488645060250127
ZNF791,-0.5539434142255271
ZNF77,-0.8848646236604034
ZNF383,-0.9764813802540306
ZNF382,-0.890318674909112
ZNF354B,-0.8168935260352197
ZNF700,-0.7555563799412001
MAP3K7,-0.9886735579360783
ZNF264,-0.7717863794642557
ZNF782,-0.6979360171779518
ZNF267,1.5180321803082275
ZNF587B,-0.7084080231157834
ZFP69,-0.6947570198893762
ZNF471,-0.48271537542574183
ZNF470,-0.7166691352270834
ZNF184,-0.8080431641832246
ZNF268,-1.099439741704832
CTTNBP2,1.4220039993767515
ZNF667,-0.7110894537394472
ZNF45,-1.2274916333594792
ZNF44,-0.7153341521037577
ZNF404,-0.8518835489015492
ZNF680,-0.9599534777613953
ZNF681,-0.9602790978555116
CENPCP1,-0.8838400059233967
LRRC2,-0.32299283952924945
MYSM1,-0.6800692522142813
ZNF764,-0.6377493762997143
ZNF284,-0.9065742213305329
ZNF677,-0.7688630997138998
ZNF675,-0.9936612939643078
ZNF674,-0.7159791848113967
ZNF440,-0.22082703053984987
CLK4,-0.1738814890274814
ZNF442,-0.8382950050820684
ZNF841,-0.8754069441380886
ZNF845,-0.894652561094507
ZNF679,-0.3894480139656824
ZNF273,-1.3899222162126645
TTC14,0.2660491438895907
ZNF569,-0.8118073352912755
ZNF568,-0.8617908515813371
ZNF567,-0.953288499872045
HDAC10,-0.785322726516649
ZNF565,-0.9509900785145351
ZNF37A,-1.010121309107879
ZNF563,-0.15206904227393955
ZNF562,-0.8797975163213748
ZNF560,-0.9912191612593259
ZNF699,-0.696770996636291
ZNF214,-0.282646128419375
ZNF195,-1.3751684938580686
ZNF283,-0.9242626623521244
ZNF57,-0.7941697982196407
ZFP90,-0.8790530170118679
RBAK,-0.8426968071705183
ZNF599,-0.6795620812960318
ZNF606,-0.4690892452672875
ZNF607,-0.8684530350755116
ZNF454,-0.9116574196989029
USP47,0.34217687427142013
ZNF585A,-0.7684578578221176
ANKS3,-0.7979172559744576
ZNF669,-0.17748569317417484
ZNF347,1.343662387904039
ZNF765,-0.6731490912569053
ZNF875,-0.6254540853926772
ZNF510,-0.7563015897929515
ZNF766,-0.8130359909605225
ZNF517,1.4860910807723091
ZNF514,-0.8591436972938242
ZFP28,-0.956151025884432
EGR1,0.6755085926271814
ZNF227,-0.8500448182875523
ZNF25,-0.462017753546283
ZNF823,-0.5185009008599908
ZNF583,-0.9538248774650823
ZNF584,-0.8376121625920675
ZNF587,-0.48655558828974105
RBM12B,0.6114930594392463
ZNF879,-0.8203083458342607
ZNF829,-0.6542789190840513
ZNF610,-0.8569176004691541
ZNF613,-0.8898582143475563
ZNF564,-0.5345017447178149
ZNF614,-0.8777339923821905
ZNF616,-0.9988201381984465
ZNF619,-0.3460010840865366
ZNF426,1.9771251897587316
TTC32,-0.6278141208881942
ZNF425,-0.8142804884125133
ZNF420,-0.741095980894024
GUCA1A,-0.6361886552351668
ZNF429,-0.8863779787333437
ZNF337,0.1511850662952957
MAP3K1,0.33420212602325006
ZNF23,-1.0475158758685474
ZNF331,-0.5676817586124272
ZNF235,-0.15739651676495306
ZNF233,-0.8153604143488857
ZNF34,-0.8080608262184917
ZNF30,-0.9885498640745511
ZNF836,-0.7956596711023615
ZNF175,-0.8026638803658293
MGAM,-1.1362248043414758
ZNF354A,0.18555655560592146
ZNF534,-0.8248543916440988
ZNF530,-0.8987235544444372
ZNF571,-0.8781301658192827
ZNF624,-0.5700329439805747
ZNF627,-0.41733315202530746
ZNF621,-0.8046713544357514
ZNF749,-0.4102926786071133
ZNF623,-0.8229538293608469
ZNF436,-0.012839095288474982
ZNF431,-0.8838275863939152
ZNF433,-0.3175851936792522
ZNF432,-0.9021086845811099
ZNF92,-0.6974479658011015
BRWD1,-1.1657618591776635
ZNF439,-0.3588448696481395
ZFP1,0.7513572543033665
ZIM3,-0.785646674016037
GABPB1,-0.44742194146950864
ZNF324,-0.8251835725113221
TSSK4,-0.6541665335708216
WDR20,0.9160089725211094
ZNF473,-1.107675981825323
ZNF689,-0.8660807526177243
ZNF527,-0.15320874072043533
ZNF480,-0.8743510788218906
ZNF529,-0.5756704433605947
ZNF155,-0.568433874247653
ZNF484,-0.7584622083403183
ZNF665,-1.0264681284918498
ZFP37,-0.3978858740852049
ZNF33B,-0.973154258546318
ZNF33A,-0.8989367713401463
ZNF132,-0.7272486875891008
ZNF133,-0.9092347308361326
ZNF311,-0.8512467982122334
ZNF317,-0.7599240907977561
ZNF251,-0.8576654739275037
ZNF250,-0.7250733202785467
ZNF253,-0.7641568814032335
ZNF254,-0.8617922088800969
ZNF257,-0.5812888655060184
ZNF256,-0.30063921059192883
ZNF493,-0.7213267975610882
ZNF492,-0.700394355570601
ZNF490,-0.5811785009377357
ZNF813,-0.9511304957670982
ZNF780B,-0.8278390019360613
ZNF17,2.665678421579641
ZNF12,-0.34812299970931676
ZNF814,-0.8863305084328608
ZNF7,-1.0214454764863843
ZNF14,-0.8980186349239146
ZNF726,-0.8122107172012972
ZNF684,-0.8890062867418959
ZNF557,-0.8436160910829456
ZNF554,-0.3241448492811017
ZNF555,-0.7620518144124971
ZNF649,-0.5810937337558112
ZNF416,-0.8979968541777357
ZNF662,-0.7993270104358775
ZNF792,-0.42721689916197936
ZNF93,-1.0025174752498403
ORC2,-1.0300514289328504
ZNF324B,-1.0368517301235547
ZNF208,-0.20657205069946485
MCM9,-1.2037064452529769
ZNF461,-0.9733859265392775
ZNF154,-0.7754033928829921
RHPN2,-0.1631706729488191
ZNF714,-0.8093019128030524
ZNF98,-0.8399198427887898
RHOBTB3,-0.43261892031885035
ZNF860,-0.8326794565382781
ZNF99,-0.8526637286011223
ZNF468,-0.9083025922473021
ZNF790,-0.9201576514231676
ZNF91,-0.24772925684068883
ZNF543,-0.5655449477094714
ZNF793,-0.9596839481524364
ZNF460,-0.8078774688484555
ZNF506,-0.8367978925217735
ZNF549,-0.45308259701402237
ZNF548,-0.31397423249429585
PPWD1,-0.45983905899065364
ZFP14,1.389998228031997
USP28,-0.41647263944551405
TBPL1,0.21564233456513507
TBP,-0.051223214416088333
GP1BA,-0.622576537844142
ACTRT3,0.4177684204578221
ZNF559,-0.6702955681684089
TTBK2,-0.6827995657846487
PGA3,0.1409214927288103
EPC2,-0.09245027062853622
KANK3,-0.31238602506327134
ZNF878,1.53159103242444
NID2,-0.007566372451422861
CPE,0.5657722403561937
P4HA2,0.7172500611713152
CPZ,0.952093095884503
MFAP4,0.19891131958914304
GPR183,0.7273421520531698
WWTR1,-0.4220111781064733
THY1,1.1920568657013688
TACSTD2,-0.4097581868808331
GATA6,-0.49103342021819607
COL15A1,-0.1460203165536528
MFAP5,0.35578055560728017
COLEC12,0.5329941016765402
ANGPTL2,0.41388808147891937
EMCN,-0.17211017958512753
ITGA1,-0.19257090691633652
ITGA5,0.6472174035322946
COL3A1,0.2608255046477776
SERPINE1,0.563452102203979
ALPK2,-0.1766081067444848
COL4A2,-0.3192532146231928
VEGFC,0.47301365086031943
CHST3,-0.02631959352020876
ZEB1,1.1597796522808632
ZNF423,2.140735942977042
GPX8,0.2892369010604968
VWF,1.1902527877753275
MYH10,-0.17445528176201724
DLK1,1.0121954828742261
HTRA1,2.9474710937062745
TLL2,1.2476257960591957
PTX3,-0.04759830530256495
SPARC,0.7127634648297407
TFPI,0.3897747481138857
PARVA,-0.2689012180465986
LAMA1,-0.2851596716545726
LAMA2,-0.29585875766330955
LAMA4,-0.38864148841461904
MCAM,0.4418480399831425
LEPR,-0.29763494586413314
ADGRL4,0.13865793934704812
NREP,0.19429296000686866
MXRA5,0.7149174796770779
MTCL1,-0.21992900436245552
CXXC1,0.6196862088483609
MME,-0.8052164500095677
CTHRC1,0.41598021697119636
CALCRL,-0.5626454537762937
SPARCL1,0.49552243530118256
AFAP1,-0.2592448845387788
TWIST1,-0.5271847850597952
TM4SF1,-0.527507309398684
SULF1,0.028473739347411937
LMCD1,0.269850237349161
SLIT3,1.8771188029924524
DEFA1A3,1.747479159768405
JAG1,-0.6123161678906035
PDZD2,0.15509146288734926
SPON1,0.05743983674147081
ITGB5,0.6521726665597456
LTBP3,0.09289821801244906
LTBP1,-0.0001990866186637778
FBN2,0.10129863723039154
CA12,-0.3426538843577366
IL33,0.12991917271828735
SOS1,0.6127956637080683
NRP1,0.43564703189407883
NELL2,2.1587690232092505
BNC2,2.632274269442001
CILP,-0.20136121001807558
ANK2,0.9020601814321813
COL11A1,-0.11505385333143528
DAB2,1.237607727794876
FBLN1,-0.07023289515028894
FBLN5,2.1493631553498336
EHD2,0.2191263871940908
ADAMTS5,-0.20178908417492555
ADAMTS1,-0.31639635115246184
GNG11,-0.586144084943846
FOXF1,-0.13006283420652062
FOXF2,3.30410334314262
PLXND1,1.4835684179939057
CDH5,0.026390700549044164
CRISPLD2,0.18761371535987054
SNAI2,-0.20840702626089183
FN1,0.23817438608310515
VIM,0.33788099549030987
KCNH8,1.0828976765352525
CAVIN3,0.023781284561409086
CAVIN1,-0.5307494316738443
LAMB1,0.3163330360761658
ADAMTSL3,-0.3331884358065245
COPZ2,0.28852984521992525
LCE1A,0.38144557830952236
ANXA6,-0.7007448288381536
NID1,-0.2901249508595979
ANGPT2,0.3759090858197115
ITGBL1,0.24311782227214082
TMEM45A,-0.03849969228978634
IGF2,0.2431423097231859
DPYSL3,0.33218594199081325
PRSS23,0.12215769980108447
IGFBP2,1.209351603848354
IGFBP6,1.1071000374645863
IGFBP7,2.1194583538000655
IGFBP4,1.6994404111792822
IGFBP5,1.6847504801912239
COL16A1,0.021361438126448848
GJA1,0.23779225588563904
CD93,1.0692487935465858
PCDH17,-0.1396672652680532
GAS1,0.17136405734223414
PCDH18,0.0728360235974529
ANKRD13D,1.5679422004371701
FILIP1L,0.001491248782629223
PDGFRL,0.21865128096605338
SPRY1,-0.21851583515752473
TRPC1,-0.06740598033553984
NUAK1,0.0003015704120893564
HAS2,-0.18732958462007898
COL5A2,-0.26537494969136055
COL5A3,0.04875181002424115
SUSD4,2.896805275811471
TRAM2,0.9387748084212278
HOXA9,-0.44995033821419395
TGFB2,0.09270182365181787
PTK7,1.6943562905013734
JCAD,0.5990978057258605
PITX1,-0.559726849049473
CD248,0.22354753268818922
LOXL1,0.7928560469436077
RGL1,0.626657433891735
MATN3,2.084529099025055
MATN2,0.3530883058686656
HEG1,1.0432109068189557
SKIL,-0.9914567962793102
THBD,0.5638761239871268
CALD1,-0.00562445948669142
DCBLD2,-0.035082408599176024
AKAP12,0.4627917612990656
NOTCH2,0.3451194406813801
ACKR3,-0.33218927348310673
COL5A1,3.4737181652929667
TGFBI,1.222848432033749
MMP1,-0.217588128590684
CHN1,2.28501754888253
CAV2,-0.33863158615573524
CAV1,-0.1406297025588586
EML1,1.5302801456442527
SRPX2,0.4474005098067386
PLK2,0.29215169022043536
POSTN,0.6533074959061002
RORA,0.17957606661374162
DZIP1,4.287251277708914
RAI14,0.09299600828234769
F2R,0.03751485845278199
GUCY1B1,1.986991290003008
PRRX1,0.3977613260238879
HSPG2,0.7211805375212125
FBLN2,0.10097737080932295
CD200,0.4359350784482004
PDPN,-0.10334350706252027
MAP1B,1.3675342889353597
FRZB,0.7267635467818456
TSHZ3,0.16390309476579484
ZNF581,-0.24049489052473413
KPRP,-0.2887946572597056
LAMC3,0.07901029963139354
FRMD6,0.18943884694175314
NNMT,0.3965200600172796
TIE1,-0.5475441253645816
COL12A1,0.08163454808781377
COL4A1,0.2665804033539232
LHFPL6,0.13664140962019652
AMOTL2,-0.14766082928380195
FST,-0.11711210605586436
OLFM4,-0.1293407269362887
SNED1,0.27999273765865973
DACT1,-0.09253099343719894
A2M,0.8995218683036054
ENPEP,-0.08398320969622941
KDR,-0.21736663893348906
P3H2,0.02471708352323036
LGALS1,0.7766458947400815
GSDME,-0.04204197094480648
SFRP4,0.1714757302627868
KCNJ8,0.13939081876483678
PALLD,0.7360289610608985
COL13A1,-0.1559387156766927
COL1A2,0.2860852570218614
COL1A1,0.4066737111973053
PPIC,0.9070386236891342
CDH11,1.3057927260640485
AOX1,0.4549071080074862
CEMIP,0.08235829026153081
ANTXR1,-0.40304854993330813
PLAUR,0.6469148856697531
GJA4,1.0212114231362703
ECM2,1.6830774848017425
ECM1,1.3067228571168183
AEBP1,0.5426338677823704
RBMS3,-0.07715956653634386
LOX,-0.3036801642880331
FAP,1.6953240357871446
RGS4,1.3418244327352742
RGS5,0.19053807607976356
GLT8D2,0.16464587845018352
TPST1,0.4122936915858303
COL18A1,0.3245821555669633
ENPP2,1.8414064349615444
EPCAM,-0.4536439381342865
PLXNA1,-0.3653396375708501
OLFML2A,0.5221965301485981
COL6A3,-0.21667147179782756
COL6A2,0.7086068703380108
TIMP3,0.4030627724642154
TIMP2,1.3323545830658319
MSR1,1.290786924256202
MRC2,0.9369684156140083
ITSN1,-0.06667173626470019
DSC3,0.018253630279576556
FSTL1,-0.02564450462514419
MICAL2,0.059721705181428095
ARHGAP29,-0.16584490645639915
E2F1,-1.5596628336540745
MSX1,1.2328884578893011
BMP1,0.17884145121221576
KRTAP10-3,2.414160504595038
TFPI2,0.004982909733764164
SRPX,0.43043625642226346
EGFL6,1.4162031279203273
FAT4,-0.014428348086799773
KDELR3,-0.08340125475964673
PXDN,4.317096691015014
HOXC8,-0.6953287161776128
OLFML1,0.6721844085453716
OLFML3,2.36078900180207
PTN,-0.42897519289871094
LYG2,-0.3750493770716111
THBS4,2.9149986864853106
CCN4,-0.05427377939736933
THBS2,-0.254295219510626
THBS1,-0.14573753473245563
PILRA,1.9745711646880768
GUCY1A1,2.0924256340348477
PCOLCE,0.7410679647878172
TGFB1I1,1.4955849326458015
TLL1,0.21767785897297445
EFEMP1,4.086343357285951
STC1,-0.34871623512632743
OLFML2B,1.59740032364162
ETV6,1.6383445599811863
SDC2,0.8080503652256517
TNFAIP6,0.0368941675277131
RBPMS,-0.36772886199904536
ADGRA2,1.7800379378320765
SPOCK1,0.27426026070519577
WNT5A,-0.4107439675730169
GPC6,1.4734171342685696
EPHA7,-0.5167536208334568
GPNMB,1.3918607808337493
STOM,0.18097817343853628
FZD1,-0.5096964218182924
SGCD,-0.2855781387143052
SGCB,2.375362186137878
SERPINF1,1.1733326378615927
VCAM1,2.438713167777686
ABI3BP,0.48107306243081543
TCEAL9,-0.17838931904368177
EMILIN1,0.5383855166353791
CCN2,-0.3734403731852317
VCAN,0.6823867982721683
ADAM12,-0.018481628062170415
NOTCH3,2.081347761616136
LAMA5,-0.38605791945951123
RAB31,2.676863232763243
PLOD2,-0.423565323462301
GLI3,1.5314012819157734
OSMR,0.3673687315823894
COL8A2,0.8039420040070198
COL8A1,0.5558127258692113
ADGRF5,-0.18754825525614519
PLAU,0.4765178480283706
PLAT,1.0955250302039494
GPC3,0.556830198296369
TNC,0.4340158572042551
SERPINH1,0.6700155585989562
TMEM25,-0.30602071077063464
PCDH7,-0.21719513543363095
PTPRM,0.39310578054041273
PTPRK,-0.5832042361925134
ESM1,0.3503549897015136
CYP11B2,-0.6212880396032072
STK11,-0.35589661565470115
STK16,-0.5775608140923097
DLGAP5,-0.7912788099402982
ZNF701,-0.20371805788588013
PIK3CG,1.0443074461776591
ZNF585B,-0.8596059028973595
IRAK2,0.9935250513860152
IRAK3,1.269451631372127
IRAK4,0.18746051106682823
ZNF43,-0.9270552618810239
ZNF41,-0.5574313304672848
CSF1R,12.651708831540608
ZNF682,-0.943533425741654
CAMK2G,1.2861026401000484
CAMK2A,2.194276235897338
CAMK2B,2.8519930338719526
STK4,0.8474992136806472
LMNTD1,-0.1426067766346075
ZNF676,-0.7882819647527868
ZNF672,-0.219344129376264
ZNF671,-0.44785550149157866
CCND1,-0.013939362520149523
ZNF678,-0.5305859729665814
ZNF774,0.14474875123504546
STK38L,-0.05400871138261908
ZNF771,-0.36380612900908477
ZNF197,-0.6175355923522933
CALHM2,1.2140619270663626
CYP11A1,0.0981965593117445
ZNF519,-0.6757551983072333
ZNF224,-0.8575144515015326
BLK,-0.8981986592462465
ZNF491,-0.045468707525446427
KCNH2,1.9469329215815236
CACNA1D,0.05855758082653435
CDC123,-0.9235362651898666
ZFP69B,5.269202677663289
CDC7,-1.3574222308907777
ZNF573,-0.9176763027996027
PLAAT3,1.9960715489205114
ZNF85,-0.7813629678962378
ZNF84,-0.9665752464324048
ACTBL2,0.08015552329917211
ZNF688,-0.770945530746052
ZNF497,-0.31924657445455473
ZNF19,-1.0930755288267309
MLKL,0.27002987589221455
ZNF16,-0.41316996201392775
ZNF10,-0.7530958414444632
CDK18,0.03006344096024262
CDK10,-0.6129981931634336
CDK17,0.3530012743527244
CDK14,0.4021272266851164
CDK15,0.1488442208237311
ZNF304,-0.9047732907480573
ZNF302,0.23092260415483393
E4F1,-0.9852255292703809
TTBK1,1.4711139984015997
ST6GALNAC3,0.2372626528865671
CYB5A,-0.9303592382578233
CYB5B,-1.7919699617232678
ZNF544,-0.9362296045986961
ZNF547,1.7298523257329617
ZNF546,-1.0652792209936115
ZNF540,-0.25412645763196695
PPP3CA,0.9421436179161682
PPP3CC,-0.815800447489681
PSKH1,0.2993078900760443
CDO1,0.5266336690557263
GCM1,-0.6098798319920813
SLC25A11,1.2802932072420725
ZNF333,0.7283961289410261
SRF,-1.0232021851189306
FGR,0.12488509502674583
ZNF266,-0.8425092329523529
PIP4K2A,-0.13552813418776682
NMT2,1.7813051421558102
RSKR,0.6702627801811679
ZFP82,-0.5894728475148652
ZNF670,5.240854535636381
HSD3B7,0.04670036604378863
PAK4,-0.9622705258203047
PKN1,0.3857979265374833
PAK2,0.15198979550413466
IL10RA,0.9918239544388844
ZNF696,0.17216504604378935
ZNF596,-0.6698673252994847
TRIB1,-0.8652515747953186
TRIB2,0.4725513409329105
TRIB3,0.5065027321033473
NEK6,-1.008564143081356
ZNF600,-0.8749521774643688
AC006486.1,-0.44741067567323267
STK26,2.377553328827505
ITPKB,0.8478010913690559
PRKG1,0.19050041492318914
ZNF768,0.04103704561258298
PPP1R9B,-0.22959102270187562
ZNF180,-0.5892447634079122
ENG,1.200602207583827
NAXD,-0.613780035592419
ZNF189,-0.1306245820673481
PDIK1L,-0.565903150922722
ZNF26,-0.17210774706540363
TK2,1.0844540874661668
ZNF121,-0.21938152995090407
STK32C,0.7682837956817955
STK32B,1.4299259566878249
STK32A,0.7442489032320886
CALML3,0.583001681874826
PPP5C,0.025534041269484373
CALML5,0.05562157950293133
CALML4,0.8929647203909885
ZNF501,-0.2657593773283365
ZNF117,0.3884918622933207
ZNF502,-0.4870235438062654
ZNF112,-0.5116941149329699
ZNF239,-0.30889355767606075
HDAC9,-0.8163671056691196
PRKAR2A,-0.28476751933710925
PGAM2,-0.9364227410503049
OXSR1,0.5237337685462986
FLT3,0.2325267442548539
MYH1,-0.683867696840056
CYP1B1,1.0599956998323552
CDKL4,-0.5263333764282464
RPS6KB2,-0.7674334668155269
ZNF343,0.9664813401917217
ZNF430,-0.8252320084063081
ZNF345,-0.32263027891248286
ACOX2,-0.6305241782714953
CDK5,2.542926213140284
RAD51,-2.0863206515001327
GDPD5,-0.03228414279461244
CDK9,1.3009905534236812
ZNF441,-0.3339344490773383
PTK6,0.13707109436106502
PRKX,0.361551230480776
ZNF721,-1.086069355943542
CEBPA,0.9315165054117244
ZNF3,-0.9011729881748488
MZF1,-0.8206056813654977
ADCK1,-0.3952995469793505
AURKA,-0.3985853733582012
AURKB,-0.4904236678598983
PRKCA,1.975737387376158
NINJ1,2.4074570623889966
PRKCB,0.21249354174503088
ABHD14A,0.7061986202202584
AP2A2,2.204446430312708
NIM1K,-0.5484721629137351
CTNS,1.5659662749035281
BCL6,0.9630132394082178
CYP11B1,0.8417080981455383
MYL6,0.6802412441201152
PKDCC,0.05620100763658865
MYL3,-0.39657008034857133
MYL9,4.524337513651715
MAP3K8,1.168626210573874
FAM153B,-0.3608468270151829
DEAF1,1.355772555373262
ZNF773,-0.7752083934831459
ZNF570,0.28981359744062873
ZNF572,0.2071744826401816
ZNF577,5.009401008062206
VRK1,-2.17068714359458
VRK3,-0.5887867906803925
CREB5,0.3923262195813328
CREB1,-0.035646765944428414
PNKD,-0.8387771596909511
ZNF334,-0.26626734639262806
PIP5K1C,-0.5079513732349186
ZNF79,-0.6613440903924225
MYO5C,-0.2540379019772441
MYO5B,-0.10453351486629392
MYO5A,0.3874845663342963
DDI2,0.8395624278889434
RRAS2,-0.8614341559218265
ZSCAN2,0.7514577174037923
SMARCD3,-0.8989744909795885
PPM1F,0.5851832862461553
PPM1E,0.8383070432068478
PPM1K,0.8505519953066206
EGR4,-0.20338730224116086
CHEK1,-0.6542302651659857
STK40,0.3945218517177098
ZNF582,-1.0615049743487321
PTPN7,-0.39103676136772664
PTPN6,1.3442767734373164
ZNF615,-0.6654754193696513
MOCOS,0.913204376922511
CAMKK2,0.6837887753676346
CAMKK1,0.5429504858755708
STK33,1.8011159589743055
STK38,-0.7014975760626458
CDK4,-1.4614929455026768
LCK,1.474177294360167
SYN1,3.271555522272814
RPS6,0.9054647534549878
ZNF35,-0.4170678043687729
PTAFR,1.6212684747881103
HCK,0.7815829062988099
ZFP3,-0.8394507014501583
BMP2K,-0.01727370240169672
CD86,1.9982817374745667
CDK6,-0.6913561766134775
MARK2,0.7482659516054014
ZNF107,-0.8398247742807219
ZNF100,-0.6002705687720096
ZNF248,-0.12413819061192242
TSSK3,-0.7653617081155102
ACSS2,-1.0295548912396095
ACSS1,-0.8991063626642088
ZNF329,1.875426737524189
ZNF660,-0.5572562577150079
SGK1,1.2734712116987215
IL16,0.22710313690945397
FIS1,-0.1758981056693119
PLN,-0.3972371359947451
PEG3,2.2785298667232543
CAMK1D,0.6406791618537989
SPATA20,0.9281994398035702
MAP2K7,1.0956334174334406
MAP2K6,0.4846113036518922
HPCAL4,2.577576451032706
MELK,-1.08356862826225
GAK,-0.3569323162998991
NRGN,3.4098017445065256
PPP2R5D,-0.2848114229988893
STK39,-0.8116895387270079
SAMHD1,1.8490880529971476
ATF6B,-0.45603625660500685
EFCAB2,0.10601844019219214
ART4,0.4545271102175561
AKT2,-0.6434510675249459
AKT3,0.715576521109562
ZNF70,-0.38069907302678974
ZNF71,-0.6603102767123794
ZNF141,-0.8979077087783419
GRK3,-0.6256620606554418
ZFP2,-0.8203305472046635
EDN1,-0.8910848531434259
ZNF664,-0.029741287646342707
ZSCAN22,-0.3670195398001659
RNASE2,0.8816273340369405
TAFA3,1.8397515600773688
KCNN2,0.6916583280912832
BRSK2,1.420989480480157
ZNF443,-0.7448364278546562
GSK3B,0.4431560501340486
ZKSCAN7,-0.025626757435862457
ZKSCAN8,-0.8845630511413096
ZNF211,-0.9405031048572955
ZNF219,-0.5538023948059665
DCLK2,1.4196389273865548
CHD3,-1.2680812336122114
PPME1,-1.0081070213847707
PIK3R4,1.587234968918268
PIK3R3,0.3349330791853145
ZNF287,-0.3705507054013471
ZNF285,-0.09625885968781454
PRKCE,-0.09709130676421127
ZNF566,-0.882121113157261
CDKL1,-0.6410111121909778
SIK1,0.43515528289204913
SBK1,-0.44356615903395363
PBK,-1.8405993970905947
EPHA4,-0.3059963899663857
EPHA1,-1.072745171158677
TMCC1,-0.42748945751564915
MAPK10,0.5289923983913054
MAPK11,0.6111929946585052
MAPK12,0.9869664903007047
MAPK13,1.7513901234575149
ABL1,0.16837859505254063
CCDC106,-0.22829330261522576
ZNF625,-0.47456253853394914
MAPK7,-0.07803327373343907
PHF19,-1.3799155504470326
CGB2,0.0003200404699445941
VAMP2,2.0173500771431763
FADS2,0.8546678048527069
CSNK1A1L,0.12730044957316064
ZNF485,-0.24918229081257418
ZNF134,-0.83127493910452
ZNF135,-0.3069222781967547
ZNF136,0.10325706645204953
MKI67,-0.10459499189173425
RPS19,-1.0764237042882692
ARL2,-0.753744883755637
RIPK4,0.5892727290174248
TSSK2,-1.1541010168183656
TXK,-0.5684105919120931
AKAP5,-0.1686129449631817
KRBOX4,0.45752372872465463
ZNF419,-0.5408840559923226
ZNF551,1.522729851896196
ZNF417,-0.2535475647375346
ZNF415,-0.3696145907822359
ZNF558,2.942239234702042
ULK3,0.9192464031927051
PIM2,-0.5916158933970469
LONP1,-0.41452209298916404
AAK1,-0.20755608728369154
PDPK1,-0.5111507667016478
CREB3L2,-0.20737657265465437
CREB3L3,-0.17273792071062577
ZNF286A,0.06719064656196072
RPL37,0.46491366819398927
NCBP1,-1.5242640675767962
MFAP1,-0.6221077539972479
PDCD11,-1.5532473450621176
SMG5,-0.6992688926411794
SMG7,0.06596945504101585
SMG6,-0.9261844142762317
SMG1,0.4425505414314325
RPF2,-1.5104179395855386
SMG9,-1.0117239506176483
SMG8,-1.044148088351461
NOB1,-1.9284918941297249
PPP2R2A,-0.26597980032239216
IFRD2,-1.1838484328832921
EIF5A2,0.5399883198523617
YBX3,0.31890198309683826
RPS27L,-0.4032861701713437
POLR1B,-1.177281348341042
POLR1C,-1.711424973224923
RNPS1,-0.8548861131188765
RPL7A,-0.8354345809706976
GMDS,-0.6080777747347192
PPARD,-0.8745478459901393
PYM1,1.3891533504172147
SERBP1,-1.4763619138001396
EIF4A3,-1.9531840531881683
RAI1,-0.9854694981257653
MUS81,-0.31457852222434124
NEDD8,-0.5686110514578308
RPS4Y1,-0.46940231332184773
SPCS2,-1.095806097816987
TIMM9,-1.919450698624522
SRPK1,2.7088416633146495
TAF1D,-0.871353206930685
SPCS3,-0.9849561805978954
EIF2S2,-1.4584070720676148
MCTS1,-1.386044312990758
SEC61G,-0.24873213904541502
SEC61B,-1.293412983948285
EXOC2,0.9687475952220926
TRMT112,-2.028198864323218
EIF3J,-0.5210878980415617
EIF3K,1.0274063829226865
EIF3M,-3.310058963548522
EIF3A,-0.9539552527323583
EIF3C,-0.35266853994940195
EEFSEC,-0.6869342085937797
EFL1,-1.3730845670020075
RPL37A,0.884425914745205
RPL27A,-0.6626751255508747
EXOSC8,-2.340988234294831
WIF1,-0.20886768223341978
ARFGAP2,0.009008648063157966
EXOSC2,-1.9918708048559144
EXOSC4,-1.0259254434759506
EXOSC5,-2.134590468822122
GTF2E1,0.43554942488330456
DDX56,-0.7714709056263567
PLCH1,4.458645636030971
DHPS,-1.266836007966427
CNOT11,-0.5694449529872259
ZNF24,-0.8068603224700007
EIF4H,0.016806685933376593
COX7A2,1.316603744412853
RPL7L1,-0.2566682106879245
RPLP2,0.29067400857169867
TEX10,-1.7916037443271704
RPL41,-0.9994168125222179
UPF2,-0.19824068181767235
C1QBP,0.3883517250958655
SRP72,0.018126227532952052
RANBP1,-1.0447469506336797
LETMD1,-1.1218054106705082
RPS4X,-0.7432028229221407
RTCB,-0.5339239644047877
COASY,-2.207116130128526
RPS3A,-0.37106002955815615
RPL10L,-0.8979747565077423
ERCC4,-1.6098145471704353
ERCC5,-1.516055897263465
RPS4Y2,-0.8553385014693219
MRPS11,-1.85473048988677
NOP56,-1.8990829947801042
MDM4,-0.5330667926113911
NDUFS5,-1.5112428341720316
LSM8,-0.9305662627919549
LSM5,-1.8898598223197827
LSM6,-1.3466423721425713
LSM1,-0.9118851290498361
CASC3,-0.5854406527396011
HIST1H3D,0.3003837173374767
DPH1,1.7195037586639352
DPH5,-1.8227315415086083
SSR3,-0.19470221301760846
SSR4,-0.06767622616861677
SEC61A2,-0.4234432627960331
NACA2,-0.48407105918730303
LAS1L,-0.16205668164749534
RPL14,0.47977897484541293
RPL15,-1.0719952703609792
RPL23,-0.5017274026970716
RPL39L,-1.6522396721001238
HIST3H3,-1.0552282291694361
NOP10,-2.1410864305180466
ROMO1,-0.7989293570696667
HSPA4L,3.0398514017893055
BCCIP,-1.500305966239733
RSL1D1,-1.3687296129650874
RPL18A,0.5359315654169917
ARRB1,-0.9319222723798586
RPS9,0.14942079090132046
RBM8A,-0.0011992795678217485
PNO1,-2.2333506972608226
RPS26,0.09218293309541006
RPS24,0.18853256971130938
RPS25,0.3481803071113821
RPS21,-2.0068219225586357
MAST3,-0.3502811217498188
SRP68,0.0672726802381633
MAGOHB,-1.0309959597775806
DNAJC3,0.3788750851492256
RDH14,-0.3524977826456082
RPL28,0.03460770390614131
RPL26,-1.1998744670380301
RPL21,1.1429449197413866
SECISBP2,-0.9386071562642858
TRMT61B,-0.6804247067772374
RPL22L1,-0.3568411357010262
HIF1AN,0.485491337035328
EIF1AY,-1.0679027363394313
OAS2,1.5063512613372991
MAGOH,-1.659533653490439
MRPS9,-0.9086287144492236
NKRF,0.238888317303285
UPF1,-0.9022119495623361
RPL6,-0.0783889849697828
RPL7,0.29521835586211465
RPL5,-0.27223382835549376
PABPC4,-0.4318612986583082
EXOSC10,-1.3087603330379847
NACA,0.16979187077221633
ISCA2,-0.7849195366287021
POLR2G,-1.6062969212417924
POLR2L,-1.3768814151229483
RPL35A,-1.8622221948099513
NPM1,-0.6675192130267682
PABPC1,0.17882602489197463
PABPC3,0.5440783603979766
NSA2,-2.3632647242701976
HIST1H1E,-1.2653085961058845
EXOSC9,-2.3807683639035115
PSMB1,-0.8592275186564496
RPS13,-0.9053770342458783
MRPS12,2.616134820860003
RPS11,0.8368605975488488
RPS10,-1.3688795634596131
RPS17,-0.33789861178500863
RPS14,0.8178962151958256
RPS18,-0.5692316218151175
IGBP1,-0.4926560491803137
RPL3L,-0.8106710473493143
SRP54,3.6357021272406795
SNRPN,-0.02588399506256669
RTF1,-1.54767908948911
SNRPE,-0.7404040372491303
RPL26L1,-2.7491206674684956
RPL39,0.41098261862481783
RPL34,0.9922445314330577
RPL30,-0.7886930618124713
RPL31,-0.3817500499040805
UPF3B,-0.9467867549631653
UPF3A,0.32552386300470554
DKC1,-2.0547589404758613
COPRS,-1.0325890286299544
SMARCC2,0.31881065752324417
HIST1H4B,-0.9764773698019921
SMARCC1,-0.14462901625329586
HIST1H4E,-0.7439833249337146
HIST1H4J,-1.0465150230653244
GLRX2,-1.3013680811490185
DCTPP1,-1.4364178138132884
SCO1,-1.1904546924972048
LYRM4,-1.3728102394067154
PRPF4,-1.5112868148842982
EARS2,-0.6357665309658367
PRPF31,-1.0042675539195225
CBFB,-0.8799911671899747
MRPL51,-1.5130668960570752
NDUFA12,-1.4688797660979693
DPY30,-0.4384748941999466
SCCPDH,1.1305960641873625
USP39,-1.0465921240871157
HYLS1,-0.9184327274148629
SNAPC5,-1.2737568358871911
PTRH2,-1.2033416753977533
MTCH2,1.3395075575071071
H2AFX,-1.320644906901583
H2AFZ,-2.4079046219148506
POP5,-1.7279868701048917
MRPL24,0.6493974420084856
ADCYAP1,0.5797554612907144
PTPMT1,-0.6145322131009961
GTF3C6,-1.1314005483509273
SLC25A33,-0.890844509918664
EFTUD2,-0.8871277630599441
PSMG1,-0.42986017048540454
HIST4H4,-0.4980853850531166
NAXE,1.9925698182556133
HIST2H3A,-1.0459895233151943
HIST1H2BC,-0.7490167979176803
CMSS1,-2.7882273365883674
RBFOX2,1.1317247066321283
VBP1,-0.44140406953863126
ARRB2,-0.6644146582166262
NDUFAF3,-1.264532457212981
NDUFAF2,0.6432504731716614
ADSL,-2.1119621568722895
HYPK,-1.0764563185261289
MICOS10,-0.21352862029188444
CFAP36,-0.5146078703339162
GEMIN5,-0.9103874612475792
PSMB6,-0.8425626927591885
WIZ,0.12348317024557785
CRTAP,-0.2031193592712748
ARL3,1.0140607621569424
HIST1H2AJ,-1.4618599100259804
HIST1H2AD,-1.6181467678417611
TXNL4A,-0.8796227082866364
HIST2H4A,-1.3527545667666496
TRMT10C,-2.141816838431189
TIMM50,1.7537276076258415
COA6,2.3060211861153763
HIST1H3C,-0.608284053965112
FAM216A,-2.0238695779781417
HIST1H3E,-1.1291539453446473
HIST1H3J,-0.033404609805164416
HIST2H2AC,-1.0025063079426566
KTI12,-0.936922001749726
EWSR1,-0.5402814172686441
EPG5,0.6690159328224353
LINS1,-0.528796830749096
KDM2A,-0.49858676566966215
CEP295,-0.4613858082990613
AKAP9,0.16239619028310964
ZSCAN16,0.11156788343316915
DSTYK,-0.3087399894738779
RC3H1,0.030759678690159605
ZNF451,0.8227029725973982
AHSA2P,-0.3118931969534066
RSBN1L,-0.25847304131452187
TTC39B,-0.18441936902970882
CEP85L,-0.017886041786652318
NPHP3,-0.3184092548281547
SLC4A7,-0.0894061287273428
ZNF816-ZNF321P,-0.5834067416976222
AKAP10,-0.5930870883284038
NCOA2,0.029961344944562398
SMC6,-1.3148675298888775
ERICH1,-0.30091421923493983
ALG13,0.20675488957368102
SREK1,1.6770412171348439
ABCA5,-0.6315981222888822
PBRM1,-1.165902386920396
RBM6,0.17204203544446514
RBM5,-0.3921866133861507
RAB2B,1.6602083058602632
ARL16,0.5222168994349616
DDX17,-0.19645406578583174
CDK13,-0.38002830487841815
CNOT2,0.9564087367248753
N4BP2,-0.4421966314000357
MIS18BP1,-1.4061151596461428
SEPSECS,0.3629295608369309
HMBOX1,-0.7330508424246738
PNN,-1.0435360144164627
FAM126B,0.0776989228732172
IKBKB,1.05302069954162
TNRC6B,0.1468729517599143
PCF11,-0.974698826144874
SMIM29,-0.0683782229296772
NPIPB4,-0.4311750518458444
CEP192,1.0231575521104481
BAZ1A,0.40253605779876567
SSH2,-0.5134619090248574
MANBA,1.0773588370751224
SLTM,-1.0702993946123855
NFATC3,-0.25537241811978323
CCAR1,0.27079361360787246
SHPRH,-0.6877499340757047
CEP97,-0.42012507220740986
MPHOSPH8,-0.4260867166817029
ARID2,-0.8353356424780699
HSPBAP1,-0.26767114006851067
LCORL,-0.5326819316869738
RCOR3,-0.9658875530246658
RASGRP1,-0.22570141952340758
ATXN7L1,-0.314859832088017
SNRPA1,-2.212775906902181
USF3,-0.2987160495734374
TRAPPC10,0.19823783186897645
U2SURP,-1.2556697363295355
ZNF808,0.07134215362006446
ZNF805,-0.6428705916103672
UHRF2,-0.9401689127933666
TAOK3,1.7464762945617442
MYO9A,-0.3624122772361069
USP3,2.833149686006537
FAM13B,-0.07876583138440706
FAM192A,-0.38630803338047887
ARAP2,-0.4648701437691033
RALGAPB,-0.6557940900230889
ATG16L1,1.5455192706063683
MFSD8,-0.5751628607026594
RUFY2,-0.39872723163006407
KRIT1,0.40364005702449884
FBXO11,-0.4554742375026159
PRPF4B,-0.46908869459353963
ATF7IP,-0.5887363432161845
RAPGEF6,1.0099203385910906
S100PBP,-1.0411235234387484
SLC30A7,-0.6597876709516004
EML4,-1.063642602473581
DMTF1,-0.9394642958593896
ANKRD49,-0.30755561029053674
SETD2,-1.0855005616475135
USP37,0.1168062262671427
SYK,0.4170381516226251
TTC17,-0.7499748610910986
ZBTB20,-0.279798557714887
TASOR2,-1.5509161455060738
MED23,0.2173424489049027
RICTOR,3.1149413714708682
USP48,-0.1326099498258158
JMJD1C,0.24583294914126036
RBM39,-0.6948535667728095
CDK11A,-0.6848018614621993
TENT2,-0.6650525333855373
ZNF586,-0.03821453929208744
REV1,-0.8663931742286711
EHMT1,-1.2667756672918793
PHTF2,-0.7352043475912039
MARK3,0.43600343517075496
ZNF101,-0.045571956621918285
NAA16,-0.8801662742531676
NEMF,0.056032154618094604
FAM214A,-0.13383522107978293
CFAP44,-0.7095458467314383
SON,0.5301978665225475
NIPBL,-0.6889746764221077
HNRNPA2B1,2.5897339414237277
RSRP1,-0.154214303553398
PIGB,-0.5923649468960253
WDR33,-0.48493534498547686
KMT2D,-1.2571910836133229
PKN2,2.4929174065584094
TIA1,0.015802928093185193
ZNF292,-0.048860527424035384
SP100,1.748517131217575
PI4K2B,-0.6502181866976355
TRMT13,-0.6099019504495209
ITSN2,0.7958739217917264
CAPN3,-0.3583695117827418
PHC3,-0.5164116804099501
CREBRF,0.026695485929692706
ATG2B,-0.7728280650977839
FAM76B,-0.3858181801522151
L3MBTL3,0.8835311012808627
XRN1,-0.3548706585862845
NRDC,0.21485584803862218
TRIM33,-0.6551351027889397
LUC7L,2.2460025578364085
ABHD18,-0.4525130095212642
LRRK1,2.393843446408768
CHD9,-0.4799631920578474
ZFC3H1,0.7588804260066797
ANKRD27,0.49270559279209597
KIAA1109,-0.7087076377061636
KDM5A,-1.2613589319853635
AGO4,1.149011114564264
AGO2,0.8009224348385166
FNBP4,-0.12921957028321734
BCOR,-0.3126866436478972
GPBP1L1,0.6831094894236364
ZNF138,0.3042888395173465
LPXN,0.6890778959429396
MPPE1,-0.2712479439060529
VPS13C,-0.6300907522845802
VCPKMT,-0.08217177447110609
DENND1B,-0.2812459740079695
RASA2,-0.61164426149976
ZNF707,-0.2675523861079962
BPTF,-0.6286562732364247
STX1A,1.9211958558349704
MRPS10,-1.8966254945126697
CENPB,0.5714504734409372
ZNF747,0.12086485688176372
MRPS24,1.6701297397941557
MDFI,-0.6444243872116517
MRPS33,-1.906511186249216
MRPS31,-1.7134424323244881
DCAF1,-0.72159982167772
ZNF783,-0.6752378917151753
PTCD3,0.011333585818537766
ZNF579,2.149490989606132
DAPK2,0.30398562967126186
ZNF316,1.0600459602289538
SIRT1,-0.03442335117729019
ZMYM6,2.6840834302721777
ZNF445,-0.5005452886014363
MRPS5,-1.8125491188403244
MRPS18C,-0.9887458894111664
HIST2H2AB,-1.1177563224739306
MRPS26,0.11053056319506029
LLGL2,0.38396907014075826
KRTAP10-7,2.239285099473743
KRTAP10-5,3.8695764585120522
MRPS25,0.2690725604604718
MRPS22,-0.9521072720093751
MRPS23,-1.534353359645127
MRPS28,-2.193694608719824
HOXA5,-0.6979870339240384
NKTR,-0.5746329397948038
DHX57,0.7348922170334014
TOR2A,0.9348805037935131
NIPA2,-1.1728600707391101
S100A10,0.39004986495932
SMAP1,0.9510929601547462
TPD52,0.22131859864416661
COMMD3,-0.7555691880706651
DRAP1,0.5546398548279431
VDAC1,0.7097122003089809
PARL,-1.3731716339876234
GNG5,-1.549164079250009
PTGES3,-1.1176169593891996
NUP54,-0.020504492999167585
ARPC1A,-1.0300367706818898
POLB,-1.2455857213358443
FAM49B,1.5532874771686858
CLTA,1.6644585968686971
SUMF1,-0.2832754931087592
PSMG2,-0.6883513405423188
TMEM70,-1.2767220456088304
FDFT1,-1.4117855782920272
NUDT9,-1.1091042913611655
CLNS1A,-0.324221213577995
MRPL15,-1.4257473510059513
MRPL18,-1.9478166380590731
TPRKB,-2.2615930233611796
ITGAE,-1.1988848728536619
PTDSS1,-1.4845721763186446
ZNF207,-1.334219947405088
NDUFAF4,-2.0467142603481014
NDUFV2,-0.6649142353804202
PSMA3,-0.5931718374589321
LAPTM4B,-1.2417477716255816
EMC6,-1.5071918601276637
ENY2,-1.8409971152273612
RAB10,0.8463013444129728
NDUFA7,1.6020853607087873
NT5C3A,-0.6478877536587132
CKS2,-2.778271433418886
JPT1,-1.1548181477847101
MAIP1,-0.3863808658529259
CMC2,-1.9630522562504857
NT5DC3,-0.14711431253734417
MRPS16,-1.8889705339065486
UTP3,-2.4449755504534085
GTF2A2,-2.542330562574386
TMEM258,-1.3201513019085402
WDR82P1,-0.07480093747753477
CIT,-1.086137095851253
CACYBP,-1.7327506113870557
CNIH4,-1.2797762729530036
TRMT5,-1.5488735296129537
DYNLRB1,-0.24735685675850988
CNOT7,-0.9179564932680288
RMDN1,0.24644069323380413
LSM4,-1.5530761909373378
COA4,1.7877379778946318
INTS8,-0.6565608837369217
ORC5,-2.0777497193461336
LSM3,-1.7256510747355898
UQCR10,1.3480226977202299
LAMTOR5,-0.5919203034369532
EEF1E1,-2.8328418978286023
ZNF704,-0.12598706193811923
IMPDH1,-0.31551321558102824
DCP1B,1.7751787884090682
SF3B3,-0.5789925574471039
SAP30,-1.6854605175250066
ZNF260,-0.8093664438063939
ZNF414,0.8158131516450136
SIN3A,-0.21107731018924883
SUDS3,0.7165946620032279
INGX,-0.8473198334595047
TRIM67,0.3187586867376737
ZNRF3,-0.33779724322463534
SAP30L,-0.9861944621004846
HIVEP1,0.9668047726116704
ZC3H10,-0.5216304325835965
FAM168B,-0.5551721567692276
PRR20D,-0.4681164146470962
TEX37,-0.988245444620274
JUND,-0.10423728460846998
ZC3H4,0.8330179511191114
HELZ,-0.7346558660412883
MKRN3,-0.31755543696204275
MKRN2,-0.8378416497743736
ZMAT5,-0.8955925578850031
LOC105370298,-0.19028479854738828
ZRSR2P1,-0.48673650973212146
DAB1,-0.598265546820647
MLLT6,-0.3941480706612431
OXER1,-0.43827161273651893
RBPMS2,-0.09770687801868867
DDX39B,-0.34813190300686647
RBM27,2.489268472174687
U2AF1,-0.8031511602887093
PRR3,0.45313054600996183
KRTAP6-2,-0.2829052660758594
TENT5B,1.682986197335139
OTX2,-0.44920413039696633
ZC3H15,-1.2837550992088984
TRMT1,-0.7003937540548381
ZC3H18,-0.5325985088994064
MSX2,1.0116955904108467
RBM4B,0.5699679597996844
ZC3H7A,0.56837573042029
TOE1,0.2059891186850185
NCS1,0.3620507724097378
PPP1R10,-0.6407658884363433
NUP42,-0.4251108305394438
C10orf55,-0.3103443761771039
FOXH1,-0.8788873294359315
ZRSR2,0.14374128211249115
CPSF4L,-0.05504568275319725
PRR20E,-0.3808983910772707
PLA2G10,0.43332589086960444
ARID5A,-0.33856975818574
C19orf54,-0.3117537096587271
ZC3H3,-0.9960174086343087
PRR20C,-0.3632820382423855
NFYA,-1.0680160417534659
PIAS2,-0.039835319521053146
ZC3H6,-0.3612634718089747
RBM26,2.748563218138253
ZGPAT,-0.6704825432629907
PRR20A,-0.19028479854738828
FOSB,-0.5185764280754379
POU2F1,-1.0269091615854273
IDI2,-0.3961079573764949
TRIM14,2.405765054598536
UBE2DNL,0.7919622338019705
PRPF6,-0.42312823332045685
SUZ12,-0.328427459439785
TSPAN15,-0.358337105308866
OSBPL2,-0.37017533780173795
SYNCRIP,-0.38703380127101783
XAF1,1.774270364530358
DNAJA1,-0.5942016876670003
PARP11,0.12109443416909715
RNF2,-1.1673430811611045
FBXW10,-0.33726918744981366
YTHDF1,0.024704359075916164
KANSL2,0.48488797233770276
NFIL3,1.0491193483995296
TMEM123,0.6688533820702895
GID8,-0.6912609717175828
CDKN1A,0.7827556104804683
SART3,-1.235010953919716
CLP1,4.986863207996318
POLE3,-2.361986747235938
RTF2,-1.1381755110226544
FBXL21P,-0.19732664394231617
FBXL22,-0.19917924902519635
NUDCD2,-1.593000159390163
GRPEL1,-1.3055262606667275
TRIM55,1.047974999553508
PLP1,2.4801151938209083
TRIM52,-0.7067993869152951
FBXW2,-0.4038173981141674
HNRNPC,-2.2020632888177234
ADRM1,0.09729375497740209
WBP11,-0.35491754124059055
AIMP1,-0.06483983803891755
WAPL,-0.47426650525579045
COMMD3-BMI1,0.4415723569058519
TLK2,-0.24204554242682053
TBCC,0.8909951541787108
HNRNPF,-0.7657518513063705
FAM32A,-0.9907015572340295
TOMM20,1.6039499901447245
LAGE3,0.9689066909778797
DTX3,-0.04418600336686613
LACRT,-0.25718169521873957
MOB1A,-0.4146407581750814
CPLX1,0.6550879406364971
RNF166,-0.208400900296323
TM9SF4,0.7889764103714194
CSTF1,-0.9996709055828307
USO1,0.009327091258503612
HIPK1,0.1788255639381635
SSH1,0.5297696779211102
REXO2,0.13705062317964453
KPNA3,-0.8308834643391534
KDELR1,0.050356455714500536
VPS72,-0.32746046810821233
UGCG,-0.47208309583917113
TIPRL,-0.15639811980427312
RAB7B,0.5454823311294195
NUP153,-0.47676853287530857
GABRD,2.910197665936881
AGO3,0.07995673674971
DYNC1LI2,2.8198017291239954
TNPO1,0.5075064716420111
PRPF40A,-1.1672733275339775
PDCD6,0.008525371222816155
IGHA1,0.5328883340806944
MTF2,-1.9060534531803905
ZNRD2,-0.28624515956930513
USP13,0.2489407026590534
ATN1,0.9828223863705686
FOLR3,2.523065425506431
ZCCHC10,0.10424077348066796
AGK,-0.8647266417296453
UCHL5,-1.512802851975101
ANP32E,1.3893731010537216
SRSF10,-1.5068215443855972
ANP32A,-0.9004700736304687
VDAC2,-0.7762392004994269
C8orf33,-1.5225804126211748
RBM15,-0.6557010332144908
KHDC4,0.27842924408681585
TAF1B,-1.25576811643415
MRPL50,-1.4701791935492001
ZC3H14,-1.740184141878167
DHX9,-2.1268607744294172
DIMT1,-1.4983803371775593
OSGEP,-1.2928640376388023
NUP98,-0.9312287418049423
NDUFB3,-1.5593528331567286
NUP93,-2.1400368750973313
TAF1A,-1.8366486314102353
HSF2,-1.4241684521827631
IFRD1,-0.19154372587586552
MED12,0.7725195709867967
CEP83,-1.2271052080792602
HNRNPDL,-1.0451849008468566
DDX46,-0.7219823278096528
DBF4,-2.272002793451362
PYDC1,-0.9068413603750592
SNRNP27,-0.06756918111631603
TSN,-1.3961398447090725
HMGN5,-0.017222426631993967
PDS5A,-1.1897212015169545
GTF3C3,-0.5588925278292336
KRR1,-0.8118638840674371
TNNT1,0.45420173221840127
CHCHD3,1.884852146023343
CCT8,-1.01747595332304
BMS1,-2.5708427432538894
FARSB,-1.2920802482152363
IPO8,-1.5941039334595726
CETN2,0.874007648400293
TTK,-0.8060690703181949
HMMR,-0.45187632708234254
CCDC59,-0.9952197603338965
PAXIP1,-1.5963975024336994
FAM136A,-0.8663716789330506
FAM120A,0.10197784109515232
RPAP3,-0.13285292527765544
GART,-1.8680458012301788
ARL5A,0.9261191691379338
MCCC2,-1.4010632215246945
NUFIP1,1.167816462471879
ZC3H8,-1.304657290000198
SNRPB2,-2.0315288634888087
DNAJC9,-1.806519953314567
TOP1,-1.7860794843905339
RRP15,-1.7922008791661483
NUP133,-0.45594067100056357
KIF23,1.2978397929968555
PRKDC,-0.756327368232599
UNG,-1.0059269740245336
PRKCSH,0.08580665343768822
MTIF2,-1.2607321409649528
AKAP11,0.19556762641436182
DCTN1,1.8682683727605043
DCTN5,2.5403627987845914
PHAX,-1.2909998386256214
SMC2,-1.278938616309884
GRWD1,-0.8371961949482437
ARF4,0.17874010424766038
SOAT2,-1.3515087598854139
RBM17,-0.5503086458408573
TFB1M,-2.2251421823692854
CEP44,0.9081237120917861
HACD3,-0.1623964982904736
RGPD3,-0.6493492160332984
NOL8,-0.6034476764911479
NOL7,-2.08290425184281
MOB4,-0.18662309665723328
RIOK2,-1.2423033092003448
CEP170,-0.43249550615912696
LTV1,-1.752759893911671
GEMIN2,-1.5162715740126431
TBCE,-1.9443434965377595
GEMIN6,-2.249778401785423
UBFD1,1.1034174259047607
ATAD2B,-0.32795394775110664
LUC7L2,-0.5520368715855101
CDC40,0.20341580613759758
ZWINT,-1.357314315417426
HMGB2,-2.118574801488346
HMGB1,-0.24447934493373044
TPP2,-0.706143164534527
CPSF6,-1.345404402818273
CTNNAL1,-1.100185133436247
PRC1,-1.863106617284513
ERH,-1.3525041277919108
FRG1,-1.7771776822459118
CCNA2,-2.509178432764101
PMPCB,-1.5167310944126673
DDX10,-1.9744716944431657
CDK12,0.15679670053928005
SINHCAF,-0.3887214858457856
NARS2,-2.1402047153165293
FIP1L1,0.5666794401629428
HEATR1,-1.650607378797889
KPNB1,-0.9741600796835657
R3HDM1,-1.2733952152448949
MRS2,-0.712230264985675
FXN,-1.3949664518943237
SEM1,-1.1433176757030548
WASF1,1.0371347446366428
YRDC,-1.1805064275367698
FAF1,2.2070155469867703
RABGGTB,-0.22230045932472367
ADNP2,-0.22071897350947525
WDR75,-1.8591185124515508
WDR74,-1.0839957723775016
AHCTF1,-1.058191970401935
RAD18,-2.0570307744217633
LRRC40,-1.5430798832879824
NUDT21,-0.7545199988826932
TMEM126A,-1.4675632189736871
LBR,-0.624508708924378
DDX39A,-1.8031160610392072
MKLN1,-0.011602926604604364
MKKS,-1.6665714004371626
NOL11,-2.24485183572092
MRPL35,-1.7267054960041597
MRPL32,-1.6906997579498426
MRPL33,-0.44435493708858653
MRPL30,-0.7337515268357974
SLC19A1,-1.031725847580496
MRPL39,-1.7914198328411086
TBL3,-1.2659152668497304
THOC3,-1.0531977391655167
THOC2,-1.6467654378115455
THOC1,-0.6817559844135641
THOC6,-0.46432246047385956
STIL,-1.070617141327964
MRPL40,-2.0092421600063535
MRPL47,-0.29903333492544404
TIAL1,-0.43438131711747147
FKBP3,-1.7742585192789555
HNRNPH1,-0.6845028107400137
ABCE1,-0.8616276116216322
SYF2,0.04130288811900259
FUBP1,-0.6994112713560029
YTHDF2,-0.18168851693511293
DDX47,-1.5868930328805944
ZNF598,-0.6724856649778296
DHX36,-0.33216403964403746
DHX37,-2.1156981562902333
CCDC124,-0.816950247204357
DDX52,-1.991078187807824
CFAP20,-0.8098376469101096
DDX50,-0.8175785193100942
DDX54,-0.8880573080537539
MPHOSPH6,0.5341374868687523
SDAD1,-0.648635730734647
SF3A3,-1.812238516127297
ZNF277,-0.3701082561592879
COA7,-1.2884985939420905
TXNRD1,-0.16321541417679614
MRE11,-1.3882178774767477
ALYREF,-1.500989653051917
CHAC2,-0.976482193052498
DLAT,-1.8490579072298634
PWP2,-0.729819824431202
NUDT15,-1.4219936719592767
NASP,-0.8275026032972932
YARS2,-0.9566589298340259
DENR,0.6373803150261951
RALA,-0.28376359144684643
MDN1,0.1936015052775576
RFC5,-1.5913878252057645
RFC4,-2.6996180690908234
TCERG1,-1.884115863528942
EIF2B1,-0.6619783752626764
FABP5P1,-1.2639129239028932
GMNN,-1.4400271863608034
HMGN3,-0.06385965269532876
CBX3,-1.6194818986638857
MPLKIP,-1.108541532127992
INTS13,-0.9726050295669753
INTS12,-1.3056095897024607
FASTKD2,-1.5130579904861947
FASTKD3,-0.4026719671675661
SHLD2,-1.3918753486608064
RRP1B,-1.3878488887781157
UTP11,-2.499170389255019
UTP15,-1.813213893083937
TTC27,-2.1588214306545908
HNRNPM,-0.47443101147487693
HNRNPA3,-1.1152145426368152
HNRNPA0,0.8495961948359289
MRPS18B,-0.9137002719849089
FIGNL1,-0.7589085820673948
DEK,-0.4341634011173544
CCZ1,-0.6789149347048368
API5,-1.1836639575427053
UTP18,-1.935605714407271
RSRC1,-1.402504645810783
MTREX,-2.1031436073744976
HNRNPH2,0.4602931093119264
AATF,0.45415129627578255
PHF14,-1.0232648725207645
KTN1,0.89109604480918
LYSMD2,0.1680227319609749
MSH2,-1.378774125065569
MRPS15,-2.904648970424908
NUP37,-2.6096205968071025
CEBPG,-0.2658940540888416
NOP58,-1.5215518297583286
TIPIN,-2.6429687502973054
NCL,0.018570001617929134
KRI1,-0.695065679330876
SUPT16H,-1.78423402906758
PDSS1,-2.155451926793917
SEH1L,-0.6878945250149441
DDX20,-1.4865278564140556
SLC16A1,1.3895396864859055
MEAF6,-1.4508262998430494
TWISTNB,-1.420030647181974
IMMT,1.6067847628778167
PHKG2,-0.08791477520477237
TIMM23B,-0.5691595612110276
PMAIP1,-0.5291757398775864
CRLF3,-0.373897725368518
ZFR,-0.5595064275339416
CDKN2AIP,0.7550320874684955
ERGIC2,0.06666803254362355
POLR3F,-1.8927893459456935
NGDN,-1.5303433350756415
CWC27,-0.5912330964614363
RPIA,-2.316820844723539
CWC22,-0.5705103550514242
KIF2C,1.8996016856930518
SUGT1,-1.5551442087318128
MAP3K2,1.0738268080265823
TFB2M,-2.510880371443894
CPSF3,-2.027053418635854
BCLAF1,-0.8923383991154971
MFSD14A,-0.6125819742368492
PRPSAP1,-1.7202969308100475
PRMT3,-0.749335982885655
HMGCR,0.0351221695408496
MTPAP,-0.7886262947865779
BRD1,-1.1451684552035617
KIF5B,1.9459226908166627
ARCN1,-0.6463082387200266
ZNF131,-1.0561335243804602
UTRN,1.412857460354705
LYAR,-0.9541831608243941
NUCKS1,-1.5141369163899487
MRPL21,-1.0900475229358166
PNRC2,-0.8344925217525739
METTL5,-0.22534918803462722
ICE1,-0.85089901123899
NOP16,-1.5105782979056053
XRCC2,-1.043574324734722
XRCC5,-1.185476229907939
SRSF4,-1.1972587524985878
SRSF7,-1.0591788757932135
SDHAF3,-1.3031911863553889
SRSF1,-1.2028466344382538
SRSF3,-0.4257402250483023
SRSF2,-0.6569909494192799
USP45,-0.43982864273494
RIDA,-0.5408962692926681
RBM34,-1.8575657400422905
NXT1,-0.8721571742388651
SURF6,-1.3930317306552926
FAM98A,0.12457917081690052
CISD1,-1.6535804581683735
TRMT11,-1.1887707953495135
DNTTIP2,-0.9707104519462914
MRPL1,-1.8019335265358718
PTPN2,1.5113669038936108
PWP1,-1.8802058292403856
LARP4,-0.84376477810731
GINS3,-1.5399961077962434
NAA15,-1.2614302141060891
TSFM,-0.299368762086477
RPP38,-1.6908596252436467
MIS18A,-1.8090115234730324
LARP7,-0.5165415946433205
VDAC1P5,-0.8602723425357275
GCFC2,-0.060689334617053205
PSMA2,-1.5876732565652694
PSMA6,-1.3534324708480476
PSMA4,-1.6624062859831548
DUS3L,-1.02188759329886
ZC3HAV1L,-0.13864326084865272
MSH6,-1.8405146947145754
NUP50,-1.0684439201024698
SPNS1,1.0897229098235641
PPIG,-0.23114456983443563
SET,-0.7597900033119014
TMPO,-0.7908872245477788
AIMP2,-0.895774438305157
CYCS,-0.5076981536375698
TRA2B,-0.4571420608701374
ANKRD17,-0.3025173313565234
ABCF1,-0.7945557634211413
TIMM17A,-2.2039678363208144
ZCCHC8,-0.32406338387646083
TMF1,-0.3861541663731425
PCNA,-1.3896229253757537
ZNHIT6,0.16273750408780988
MTR,-0.2042125649454771
SPATA5L1,-1.105779990509258
MCM6,-1.6498795535890303
KCNN4,-1.2109246094843502
GCLM,1.0061815110526118
NIF3L1,-1.8205208173142136
PPP6R1,-0.42379793463918314
KIAA1143,-0.9098070587915348
DUSP12,-0.28982126828883537
CEP19,0.715817932180161
PPP1CC,2.2127764789950923
PDCD5,-1.7596328734336697
NAA50,-0.6741424586354426
RPA3,-1.3098813254053985
NUP160,-0.7919601786738338
PPIP5K1,-0.4814101356752565
ILF3,-1.3000778928195587
LRPPRC,-1.9147994912420576
NTRK1,-0.4245713590729437
PTP4A1,0.22383766368593358
THOC5,0.23754056422959707
PTBP2,-0.052817649149263554
NDUFB6,-1.8389286135825509
PRRC2C,1.9212508302568136
ISG15,2.4740086017150746
CEBPZ,-0.49959356213693146
PMS1,-2.062201614209187
H2AFV,-1.4895935446903874
PPIP5K2,-0.890951662509373
DDX5,0.0266146164332982
CTR9,0.3770386169780233
DDX1,5.947857025941098
KATNA1,0.3264290115543919
NDC80,-1.180667614619924
ELP1,-0.4508454185845905
ESF1,-2.1984799459498814
FEN1,-1.9316964610899285
ST13,0.9166586322349459
MAPKAPK5,-2.0478193384230337
ZC3H7B,-0.5909049095642184
KBTBD2,-0.619967952133106
HAUS3,1.0130521142282058
HDDC2,-1.4043044338126154
TXLNG,1.3755162586397376
PDHB,-1.8707946087420775
UBXN7,-0.40337361270399597
MRPL16,-2.063444966077688
MRPL19,3.002459286664962
CCNC,-0.23695381197518722
SART1,-0.3631482511200959
MRPL48,-1.0712514085834086
ATP5MD,2.4974101093661965
IPO5,-1.4757610933561116
GLOD4,0.07101976755226311
NUP155,-2.582881132404475
ASCC3,-0.998903192466552
HPRT1,0.003763871168267783
SFPQ,0.047618406444926695
HNRNPH3,-0.1042232717067493
CWF19L1,-0.02186255272430543
HNRNPU,-0.9979440132619799
ZNF622,-1.5442788337959954
HNRNPK,-0.09542596881520211
GPN3,-1.1826523932694835
COPS3,-1.7147106482422867
DESI2,-0.3941152256167418
HNRNPD,3.3725018958865993
MRM2,-1.703182303374295
PFDN4,-0.950652270358862
KHDRBS1,-0.710114040651294
CCNB1,-0.9951418815715359
ARL6IP1,0.4241038170818321
CC2D2A,-0.28297197649378913
MNAT1,-1.973914839012956
HNRNPUL1,-0.07135415394241616
VPS35,1.726646281934316
NAE1,-1.4078400301886016
CSE1L,-1.5380513714459718
QSER1,-0.8096154354568774
MAK16,-1.6546575815795372
UTP6,-0.8056095552406105
C1orf109,-1.4809884654893113
DCAF13,-1.216397933666233
DHX30,-1.0450240622544986
RIPK2,0.8868171737175163
RRM1,-1.6563393461997697
EXOSC3,-1.9556467202672134
RNGTT,-1.4707367509262088
PRPS1,-1.3377481583134183
TSR1,-1.1808653734111112
PRPF18,-0.1598005065416932
UBQLN1,0.6708837133453379
LSM12,0.022601747535740714
ZZZ3,-0.15248107554889265
TRMT10A,-1.0841757489211552
ENOPH1,-1.3674786863464496
TFAM,-1.1089120356314484
CLASP2,-0.10199652242218829
ORC3,-0.9228068141129427
ESD,-1.1055651741746764
SSBP1,-0.8313372729441855
MPHOSPH10,-1.2625121559337
PLAA,0.7103691880987674
HSPA13,-0.11311264636640474
HSPA14,-2.0932863843650864
SNRPC,-1.2395652480885861
G3BP1,-1.1158953731586059
EMG1,-1.7188950329046966
SLIRP,-1.335402341100221
SLC4A1AP,-0.6915930942403263
TUT4,-1.4084492482571418
AGL,-1.0114547088159067
ZCCHC17,-0.9592494208435536
ZC3H13,-1.143494018240513
GCC2,0.014192033988718976
CAMKV,2.407822812938819
GTF2F1,0.7421033706734194
TTI1,-0.9167574212432141
DDX42,-0.8342008416456308
CEP76,0.26160571389122567
STARD7,2.060933309515381
ELAVL2,1.9843668264905985
FOXJ2,-0.6585001080430473
SENP6,-1.2367277200442548
SENP3,-0.13227556165670945
BICRAL,0.7976434285557581
SNIP1,-0.7021965936990407
PPP1R8,0.587015845472708
KIAA0586,-0.5005487112979576
TAF11,-1.7869166305382782
NDUFAF1,-1.292785039771841
NCOA5,0.3708753919474527
PLRG1,-0.880504797167772
C17orf80,0.08359251835515676
TAF5,-2.038437941215044
CPOX,-1.4096722696229311
RGPD8,-0.8846265246885886
CPSF4,-0.5955448547192729
CPSF2,-1.1940543438453184
CLK2,-0.48981583352739344
EXOC7,-0.405544549290888
OGT,0.09968033482986188
PPFIA1,-0.5868507365711219
NUP35,-1.6395686801807896
ALKBH1,-0.3660214490882517
PRPF3,0.24537575515993112
DYNLT1,-0.9536978876062217
MTMR4,-0.9485458457739265
TPR,0.18665299507942407
CSTF2T,0.37192575410623424
ALG6,-1.365376610043346
NUP85,-1.0703021857856565
LRRC42,-0.9633384495846609
GLE1,-1.1756255595298244
NEK4,0.033113753898654244
MRTFB,-0.6576106665864598
NKAPD1,-0.5559620483888851
IBTK,-0.23629777747043046
DROSHA,3.937131006443806
ZNF22,-1.7359476488045058
ARGLU1,-0.0804876152071493
CCDC8,0.5169853120097464
COX11,0.022555862214990802
VPS54,1.2115301778704113
EIF2B4,-0.9473300678582528
CBX1,-1.12374609615174
RNF113A,-0.8831977412420959
TIMMDC1,-0.8028348631355265
IFI16,1.4009883800620424
NUP107,-0.867368772358243
DDX19A,-0.5011049586191995
RAD50,-0.9673450654040775
PATJ,-0.41345830431705854
DNAJC16,-0.7846166254618878
NEMP1,-0.9627283547728722
ZFX,-0.19840686687802728
EML5,-0.4093249183661627
PRMT9,-0.7037416146133111
COIL,3.420117174774634
SETD3,-0.4008512830404182
RNF219,0.8827440603683742
SARNP,-0.13629520553251917
TASOR,0.39339268980567454
SRSF5,-0.5517054326579753
SRSF6,-0.0030115385401656798
SRSF8,1.0934741464175617
RBM33,-0.25862240437633066
SMARCAD1,-1.7882371907158197
PARP2,-2.0084215825521956
ATG14,1.2392522548630018
CCP110,0.9976214289350694
SHQ1,-1.8741102429388146
NVL,-0.5932267215368819
YY1,0.6785916876315496
BAG5,0.9460428069696765
TSEN2,-1.1723643278178733
OBSL1,-0.023558306205509503
RALGAPA1,-0.16476314518309537
AGPAT5,-1.3346153696578544
ASAP2,0.6873783135139416
DCLRE1A,-1.2749584515406127
THUMPD3,-1.1411095597951963
KRT20,-0.5324295797836807
PGF,0.6402125235300883
SNRNP40,-1.0776744973415247
SRRM1,-0.45519217261447026
SRRM2,0.46494177808529724
PARN,-1.086155796251886
WRAP73,-0.07353526862932443
LRRC37B,-0.3554973343560394
DDIT3,1.3530519437067028
KRT27,-0.6162863492925219
SNAPC1,0.2985131338331578
UBR7,-0.9772818501945545
TDP1,0.08655557535101394
RASSF8,-0.256463488201558
UBAP2,0.6939907632232848
SIRT7,-0.06131889467237845
RAB3GAP1,0.9762193047295586
IFT74,-0.2134623219725362
KIAA1107,0.8265064726911554
TAF4,-0.328023851855325
TLK1,0.20717000103675587
PCID2,-1.4203594831519228
RBM25,-0.015900418521312534
NUP205,-1.358140603687087
BTBD7,0.19811162459606582
PAXBP1,-0.7476117198677203
POLDIP3,0.9504923251179146
GGCT,-1.7759524542879892
HIST1H1C,0.30404657526315537
SMARCE1,0.7794271590524997
YAE1,-0.5654476684669345
AQR,-0.39173503067865034
ZNF410,-0.010344108664587395
TMEM168,-0.04231831812057833
SPATA7,-0.4599984293039183
CD38,0.8461639047763866
ELANE,0.6977307616468363
NTAN1,-0.426414589114162
CD33,0.8918642754628301
MLLT1,0.8742043526165812
B2M,2.390097902776189
SELPLG,0.9009908766363811
SLC39A11,-0.17501282663730247
IL12RB1,1.0037157041228877
PRB4,-0.7673059555003642
GRK2,-0.7882732455782038
TNFRSF8,-0.6081541252958496
PRTN3,-0.4056536252488656
TNFRSF9,0.729238469175318
CD28,-0.2555652992136191
CXCR5,-0.47247735972407934
CLCN1,0.7003365796302015
CD27,0.7332455514544652
LY9,0.09607773757449166
MUC4,-0.7429656129119263
FASLG,1.3712995543855198
GYPC,2.138576087779184
GATA2,0.0832692028026322
GATA1,-0.8551764102141952
CD6,-0.20773041181738522
TLR3,1.6876162277631683
CD79B,-0.7164511061027815
TLR9,1.5423504352915725
CD3E,2.1994868979185656
CD1C,0.8717263744963027
ITGA4,0.2958234126144667
SAAL1,-1.5504027154184756
DNM1,3.168122575172256
DAXX,-1.1106109581740735
TNNT3,-0.694746946449109
TCTN2,-0.6393032522808298
MEFV,0.021567553738220446
CARD9,-0.3065518757495514
MADCAM1,0.6424726922442908
TNFRSF4,0.0029991617188126892
NPFFR1,-0.7098116567629348
SPI1,1.229302494559138
ITGAX,1.708661596625793
CR1,1.023537780764306
IRF5,2.194232631192978
VAV1,0.5719802769447087
CD276,3.3841203691715664
ITGAL,0.31018138719421334
ITGAM,1.9790080296903974
CD80,-0.643287338420196
PTGDR2,-0.5600950771937337
KRT76,0.6257196147125809
NCF4,1.128386399888557
GABRR2,-0.04461012068870962
EIF2B2,3.736204876684283
EIF2B3,-1.8868466378431215
LAG3,3.9981776350975697
CD4,2.3277403884816503
CD5,-0.14357315852768276
CCR2,1.2406140133251442
CD7,0.5628887186273338
ZNF835,-0.50826692508115
CD2,0.7513846367655636
PSTPIP1,0.5434505497209954
ARHGEF1,-0.4526104176457731
IKZF1,0.8516919806191255
NCAM1,0.9912094275543603
PCDHA6,1.147289219047181
INS-IGF2,6.200198084605961
ITGA2B,0.319898284893186
CD82,1.8948396121939282
ICAM3,0.7314357517322703
ICAM2,0.5783616511617402
FLT3LG,0.01512793208769847
PLA2G2D,0.6856353081771979
WAS,0.3350726881086636
TNFRSF13C,-0.5266527230633569
NEUROD2,1.4300882832907162
IL2RG,0.6489879382153712
IRF4,1.3566191895969137
SLC17A1,0.36671024749830944
IL3,0.26189405519810627
IGLL1,3.561039056191519
CD52,1.123849979581173
CD53,0.5382441667153351
PLEK,1.1704942258705344
TARBP2,-1.0640779477127922
CHIT1,-0.35699228001489575
OPHN1,-0.15375150350407893
GATA3,0.5426687725357862
CXCR3,0.10914053923446722
KLF1,-0.707075006660128
CD22,-0.32670789557394003
MYBPC3,0.05236788876915097
APOL5,-0.7532078502149105
DPP4,1.635880958539212
NCR3,-0.07526605563979699
ACAP1,-0.3026532208995104
EBF1,-0.3657172760774717
SCD5,-0.4412896661180584
TCL1A,-0.198296034259188
SELE,0.5917355480612398
EZR,0.3621983714720528
FUT6,-0.7878156344615468
SIGLEC8,-0.15383121168136235
CD19,0.7195568055009469
SIGLEC1,1.6198774207253213
ICK,-0.5449926430080201
HIPK3,-0.7829061649620808
BTAF1,-0.7212093300528195
LMBRD2,-0.2915806397055101
XPC,-1.1831440414307461
XPA,-0.18390540668695532
MON2,-0.6036559409613906
TNKS2,1.326006706518005
ARHGAP15,0.557692262855023
CTBP1,-1.2108335781973143
PDS5B,-1.526380161057427
DENND4A,-0.023418145404116235
EDARADD,-0.19563854785032456
SENP7,-0.9582857853125746
NUFIP2,1.2350192788226433
CFAP298,-0.6214846010986089
TTC33,-0.10822203838740894
WDR37,0.6938655969580728
GIGYF2,0.5093657005000208
SMAD6,-0.5343993428359765
SMAD7,-0.6200612802647107
SMAD3,0.20324547648162083
NEDD9,1.1078664752675353
NCOA6,0.026473518249783987
GDAP2,-0.4942241948268342
DDB2,-1.1004121277833008
BRWD3,-0.7123266421725893
SUPT7L,-0.9531041129239685
RNF20,0.07495120135681171
TAF2,-1.3239138594275666
ELMO2,-0.4883601646863575
SRBD1,-0.9009903863769844
KIAA2026,-0.04458151364286678
BBS10,-0.08449733012538933
CNOT6,-1.143038500265262
FAM189B,0.5272887946997679
EXOC4,-0.8707767492191891
LCE4A,2.538456198262375
PPP2R3C,0.8371744469756822
ESRP2,-0.5302023970268781
ESRP1,-0.5033195212858911
MTMR9,0.23432253241646156
DYRK1A,0.5505346729261946
HMG20A,-0.4531897460445217
RFX7,-0.7423357578827583
MSL2,-0.09074865518589142
KMT2A,-1.462265606226154
CSRNP2,1.243337746018242
GNAI3,1.0911521798748471
TOPBP1,-1.3968011481765845
GALNT15,0.2679955093131234
CLK1,-0.4546898527150224
ZNF507,-0.7284747205063187
TNKS,-0.902115036412766
ANKRD13C,-0.5234072705508679
RELCH,0.6057225675545507
CCL15,0.45366331942848304
GPBP1,3.87912982465673
FANCF,-0.9110953113472199
DIDO1,0.31099824040017043
GPCPD1,4.277778969970441
LYSMD3,-0.3949973473538894
TGFBR1,0.13369675880242698
KRTAP5-3,1.5803864416194695
PML,1.540757144163892
TAOK1,0.3689667374945362
NSMCE2,-1.052095976056097
SUGP1,-0.44033245058830384
EXOC8,-0.31082955064454376
RABGAP1,0.569311710233225
LIMS1,1.4976966995140004
GTF2A1,1.823280420998919
AXIN2,-0.759041961103428
AXIN1,-0.023536300060862932
KDM4A,-1.0080618123617344
GIN1,-0.805144295460699
ZBTB1,0.17230770843325174
INTS6,-0.364290955210724
RUFY1,0.15690174698229337
NR4A1,0.9533869137216987
CHD1L,0.13780883262082289
CUL4B,0.10141176731998101
ZNF654,-0.444116009425624
SLF2,1.3533380598461178
SLF1,-1.3547375693160413
KMT5B,-0.14787099576294357
PPP4R2,-0.3362568868379226
TBC1D23,-0.4086475583583557
DCK,-0.38595375628928297
POC1B,0.7830958745280435
CCDC93,0.05011948200130846
RPGR,-0.6082239488819969
NR2C2,-0.08545407412440331
GPATCH8,0.34229157543123695
HECA,-0.4381449953734186
SETD7,-0.7557082732064532
GPATCH1,-0.9886725183131722
NIN,0.7411074421967304
RNF185,1.521821658732305
UBE4B,0.2797395389231324
HHAT,0.6065108869865402
EMSY,-0.8697219156627214
MAML1,1.645685577377803
CARD8,-0.25834769586599377
TPX2,-1.4073480656362236
PARP1,-0.8098002788612313
PHF20L1,2.863459383141593
FAN1,-0.9974218087859218
GNAQ,1.7298386901746028
IFNAR1,0.14368598059718313
ARHGEF3,1.8666574561373142
VPS41,1.0693652256363637
SS18L1,-0.3662732430625637
ZNF106,0.7417115404463648
THRAP3,2.1325485086980946
WAC,0.24028630889644634
ATRX,0.3319442167425335
EIF2AK3,0.09881569190013972
BOD1L1,1.1933213814537746
STX16,-0.6896032359494283
ASAP1,0.9024377446723199
DIP2B,1.9112404489283976
USP9X,-0.002756081203574522
RING1,-0.26062376703392803
CGGBP1,1.3656687628104833
UBN2,-0.6133979331705062
PRDM2,-0.6848961623030901
PPP6R3,-0.2183640812524684
GOSR1,0.26799151697549534
SHTN1,-0.027572441423146778
TFCP2,-0.8575991400884481
LNPEP,-0.6370496085089697
TTC9C,-0.5928593972997951
CDYL,-1.6773467823513657
ANKMY2,-0.1894808660128658
UBR3,-0.4035173394132301
PCGF3,-0.7613118760428396
ZNF280D,-1.0537952598963842
KATNBL1,-0.7111017087844731
RASSF3,0.17939116894945964
INO80,-1.3471119920513677
ASXL2,1.4541203102029066
ABHD13,0.017880739348386736
NPC1,1.20752020827986
RAB3GAP2,0.3450590721895091
RNF44,0.2684246011596562
DCUN1D5,-1.6217689202870404
TRIM44,0.3233902446657717
ITPR1,-0.10375011598101594
TRIM40,-0.07031970759627547
PEX1,0.5444023470621481
LRIG2,-0.5060099152234292
PRDM10,0.8814704408875467
RBM23,2.1598505755228077
FAM120B,-0.4145856081704617
GON4L,-0.8131605896565766
NCOR2,-0.15277715310985396
TBC1D5,-0.3399853821995785
LCOR,0.22069519725078607
DDB1,-0.6951388116717252
VPS39,-0.47493014181317655
PIAS1,0.7143628268468987
RCOR1,0.35666578544970423
HIVEP2,-0.6198574157476578
MIS12,-0.38600953744252897
BTN2A1,1.751778298658596
AVL9,-0.5655249536789959
CMPK1,0.0004982317011505788
TRAF5,-0.5123590062206886
CLASP1,1.2285282775790514
GTF2H2,-1.4995703014438793
GTF2H5,-1.6504433524575193
FOXN2,-0.23579893425694606
ACTN3,-0.4014121034784249
TTC21B,-0.06913024321628068
VPS50,1.3033667232876869
DTWD1,-0.865979475398753
NACA4P,0.37000428406696356
USP17L9P,0.8272730085667149
TXLNA,1.3714311402211647
CTNNBIP1,-0.16001543079580602
PKMYT1,-0.1530919764075454
JPH4,3.4197895731073933
VIRMA,1.0917034271742412
RBM15B,-0.7925983934295169
PCGF1,-0.9282548704265671
PTGER3,0.0048988662004189575
PPHLN1,2.0614650711035276
TCOF1,0.07732618521455296
YTHDC1,0.5809110802506814
ACIN1,0.29762968404535417
SAFB,0.6984278323256268
ERMAP,-0.6457446802198405
BRD4,-0.6275302788961221
OSBPL10,-0.042156145246715654
SETD1A,-1.2539736997606572
TRA2A,0.7823426123555839
NKAP,-0.6218430489018397
LGR4,-0.645460706557678
SRSF12,1.4944459451911796
NCSTN,0.9378498152610129
GTF3C5,-0.329824768745482
VANGL1,-0.3591771679497903
DHX35,-1.2815237287235657
DDX51,-0.3519276580584117
U2AF2,1.6191983385191662
ZSWIM9,-0.007678711289808189
TRPM8,-0.2981291704974107
SF3A1,-1.0469622021960119
SF3A2,-0.6893059981367269
TSPYL2,-0.2923507438365872
CARNMT1,3.230515474176834
CCDC137,-1.0054729134947302
PSIP1,-0.8940572122154232
SRRT,-0.3040192282176222
SAFB2,0.8318303312775556
BUD31,-1.0585698939330686
CLK3,0.39696743566216325
SPOUT1,-1.452334899927612
RBM14,-0.5029531101238883
EPB41L3,2.8385534788458444
FERMT3,-0.029225826060938803
NUMA1,0.1828556145427989
MEPCE,-1.3110138477744933
APOBEC3F,0.18662706262938816
SMU1,-0.7017811172312545
LEO1,-1.7006069758314606
XAB2,0.059651360424367424
HP1BP3,-0.4163709202358832
SPG7,-0.4989398485056626
SF3B6,-0.09884363463809735
RBMXL1,2.220781149952867
WDR83,-1.023275659974648
ZNF816,-0.5678378761295942
UBN1,0.9896801928845044
ANKRD11,0.45087015370390227
FBRS,1.4520355579773412
BRPF1,-1.3539033200994948
NFKBIL1,-0.6282743950659658
ZCCHC3,-0.2732715616800435
VASN,2.1218698394738458
MCM7,4.599737328200384
MCM4,-1.3216052606756081
PRPF38B,-0.19973534750754027
DCAF7,-0.7464218447193138
WDR70,-0.9229525809890556
HTR3B,-0.3571732377681093
PCSK2,3.2276120774787618
JPH3,0.6221838472986123
TAT,1.5579758942942985
ITPKA,-0.15254413602849853
MPP2,2.0766433166353777
LLGL1,0.6172502052100558
OR12D2,-0.8006843104776117
SLC28A2,-0.39750602219238584
CYP46A1,2.946413532707947
PIK3CD,0.7272367039034385
SV2B,2.8575344964432845
TSPO2,-0.8113244978682496
DOC2A,2.8720878461472448
PIK3R1,-0.01925963546087068
CAMK2D,0.08447999216590873
KCNF1,1.6924615193520918
COX6A2,0.6038700840875147
MYL12A,-0.008018006456962263
HCN2,0.10396779582486274
NPY,1.0084743637191473
CYP26A1,0.9328616390841882
KLC2,2.29683948590606
LRP8,2.208006415115174
RASGRP3,0.3733658097971317
RASGRP4,0.13353285953135907
NOVA2,1.7897538251218805
CELF3,2.2818469439638673
C22orf24,-0.6048638417837534
GABBR1,2.1017699514171224
GABBR2,1.6958413032643982
MYBPH,-0.6673074397145639
GAP43,1.7186353881727003
KCNMA1,1.0424495952768054
GRM8,-0.5662538923663292
TTN,0.8742437558677807
DIO3,-0.47730838485746097
GRM5,1.0552142573774628
GRM7,-0.3063087669339461
KCNIP2,1.5106039918916319
GRM3,1.8271190902919519
IL5RA,1.1295421979301565
GUCY2D,-0.6532562249500866
GUCY2F,-0.7263730048253857
HTR3A,0.002268229770772773
KCNQ3,1.9704690494031516
ZNRF4,-1.0513193205253677
S100G,-0.4824028231506753
SLC18A3,-0.2584910971553229
EFCAB1,-0.575787846383557
FOXC2,-0.33935762363171046
MYH7B,-0.4239925903187175
PDYN,1.2224756051086534
FGF8,-0.48350533410166213
APPL1,-0.09081450000440905
PTGER1,-0.8099913703720043
SPTA1,-0.1602396172678282
SLC4A3,2.1688146228598493
ITPR3,-0.835987168813547
GPRC5D,-0.49675633776105915
UTF1,-0.3968907059367431
FGF3,-0.07100582569872306
BSN,2.766503951159419
RSPH14,-0.9780671924374774
MOBP,10.437600224008175
RIMS1,3.2392311256709885
CALB2,2.4602358366986055
LTA,1.7284955624085288
FGF23,-0.11425893254353985
PRKAR1B,-0.5667938404910547
PRDM12,-0.6195429939311131
FAIM2,2.952429822725729
GPR156,-0.6243077116754765
PDLIM5,-0.05194024796241702
SLC17A7,1.8535073230225596
EMX1,-0.6267308200058844
ATP1A3,1.4850742448710001
KCNC4,0.2850114606524802
CTTN,-0.26045329682209944
KCNC2,2.633918098289904
BEGAIN,-0.23982347717365549
SHBG,-0.8985220432559806
PPFIA2,1.6283968493214034
MYOD1,-0.1205426839491716
DYNC1I1,3.6587966076725698
GNAI2,-0.6748043788211527
CLIP3,0.5464445691534605
GRIN3B,0.4424008226935789
SLIT1,-0.10935958238057274
YES1,-0.7123635359641576
HOMER1,-0.6651791779244514
NOS1AP,1.5962425292604365
NUMBL,-0.19748470606315918
KISS1R,-0.5622381737295185
SLC24A2,1.7498312891073902
GKN1,3.564112000561363
CRYBB3,-1.1595803348780216
PHOX2A,-0.588408860984663
PLA2G4A,-0.4330670873530149
EFNB2,-0.2770096394000212
PPFIA3,3.0291804257201527
SOX21,-0.5373187644362235
EXOC3,0.3778275924931769
GLRA2,0.1232683983047987
GLRA1,-0.4306054330177796
CA4,1.5013087832887537
NEFL,0.5242739394974744
SLC1A7,-0.5358757052067051
SLC1A1,-0.08198943885424642
SLC1A2,2.2641796792882096
SLC1A3,1.3775348839485393
TRIM10,0.018778425810004662
EFNB3,2.123537555058522
PTK2B,0.9223190794081985
TNNI3,-0.5751906894406565
TNNC2,-0.33471680997339387
CLSTN3,2.0372496440263603
B3GNT4,-0.5012125292260907
GRIN3A,0.4712400878060607
ADAMTS7,-0.6984428303224467
RNF208,1.3071449945859075
CDH2,0.11784251301457888
EPHA5,-0.44850669533274834
SNAP25,2.5155780436123085
LPO,-0.5078305338352322
SIPA1L1,-0.2055879776684218
RPH3A,0.6319765775371036
PDE8B,0.06590843807307155
RAB27A,0.09317087594523916
SYT1,1.8425859849397002
NRXN3,0.5082594125446219
SYT5,0.41902479815248844
NRXN1,1.8043866817172685
RHBDL1,0.5799479216976051
KIF17,0.1749677603487376
GNG3,2.368405190279729
NETO1,0.41270312007553
TRPM2,-0.705098092048134
HMHB1,-0.8190650690124622
FUS,17.472204338019367
TBR1,2.183075000056196
HCN4,-0.19148035624785412
ADAMTSL2,0.33875611672589334
MMP17,-0.24139868564683284
TULP1,-0.4065874217426147
CLDN9,-0.6153573115053302
NKX2-8,-0.5762847207643063
REST,-0.3205719354833073
SLC8A2,0.13837170724525738
DMTN,0.20261845214254795
WNT1,-0.23656308292953826
MAPK8IP1,2.0303053370365105
NEFM,3.1883338571142033
SST,2.4771334547122237
MYBPC2,-0.25251134090310745
MYBPC1,-0.3343641069949889
KRT75,-0.7845250661104584
MYO3A,0.4014935098170263
EFNB1,0.31943186195134654
NODAL,-0.823138212891331
STXBP1,3.381026545947965
TRPC5,0.19509327823611325
GABRA5,0.31154896050624103
GABRA1,3.0443406591335034
MYH7,-0.47305115726028457
MYH8,-0.39670222578572895
ADORA1,-0.7196923155957841
GRIA3,2.805335461220015
FOXB1,-0.6573239121347657
FGD4,4.2166209374616574
NLGN3,2.085717517932766
FRS3,-0.2819973008771036
DUSP4,-0.2988469701789115
TAOK2,0.39627311348258376
NDOR1,0.8573224094570052
ARNT,-0.805713486303688
IRS4,0.10204207484553637
GRIK1,1.3219322038113615
GRIK5,2.4818353380768436
GRIK3,0.8832005028521238
GRIK4,-0.03939183860182144
IRS1,1.0132272236239286
CADM3,0.182641413335879
CRHR1,0.8688646457118067
SLC4A10,2.408804198421908
SLC5A2,-0.7839035850002385
SORBS3,0.17193692174492883
SOX1,-0.6993234766262177
DIPK2B,-0.4850048965182416
ALX3,-0.7191999629345291
ARHGDIG,0.04240740764119052
SCN2A,0.6066509827651801
TNNI1,-0.47304597952545163
OGFR,0.5015888043182669
ST3GAL2,-0.05320187625617767
DAB2IP,-0.31681487301259587
SYNGAP1,2.6324181401495363
SLC1A6,0.3169323086993399
TBKBP1,2.6342433566477292
ALPG,-0.7985503093084818
MAGEA10,-0.6592275569901008
ASGR2,-0.586789306878034
CACNG8,0.38539178302319566
SLC6A4,0.48439922451014017
CACNG2,1.510912766923227
CACNG3,2.0485884722691377
CACNG4,0.07965567064343068
CACNG5,0.2358434208453563
CACNG7,0.25862060448471774
SLC6A3,1.0395265114993228
SLC6A2,0.5552057280162078
SLC6A1,0.11002366631642595
HSF4,-0.7374082530835495
KRT31,-0.8775107769621553
GPR153,-0.08607017374834615
MYL5,-0.21734673391009823
B3GAT1,0.5607022067214918
CACNA1I,-0.3555061708985652
CACNA1E,1.4073159564252655
CACNA1F,-0.037003971236034425
DLGAP2,-0.09383075258857443
DLGAP1,0.44359698145590654
MAGI2,-0.10352775867960558
DLGAP4,0.28800248109650683
TRPV5,-0.09866755803754199
CACNA1S,-0.3706644159375126
TRPV1,-0.20246051351568928
PRMT8,0.030586573601591782
ZFPM1,-0.23423161714503568
SHC3,2.3345481744215952
TJP1,-0.18129204416343214
OPCML,3.073774281939504
ADCY8,2.0568294345346763
GRM1,1.2296450454614962
PRSS22,-0.5779881265936591
KCNV1,2.5283597875661346
GRIA2,2.9230580990193804
GRIA1,2.7085815367888757
GRIA4,0.38525497485922117
PLCB4,-0.08216446708282542
CRH,-0.3864003775839126
SHC2,1.3891562093718193
SLC9A2,-0.5865721692457795
TIAM1,0.40429732582370287
GGT5,0.6502500381069457
GNRH2,-1.0466305329241266
TRPM1,-0.4540767410553921
TRPM3,1.5727163718353974
EPHB2,-0.07492117538277986
PLCB1,0.23561078802360216
EPHB1,-0.3130923777132282
IGSF9B,1.282916060646605
DDN,-0.20574547937850046
PTPN5,-0.42515536220574984
RBFOX1,2.778016860144297
PEX5L,-0.27982069819435623
FGF6,0.0027231999446553664
PSD,1.4139161233770283
NPTXR,3.054305440264578
HAPLN2,2.4568599490651755
SYN3,2.5200593144006262
FGF20,0.4839932576379435
DPF1,-0.0726314109303528
MYO1G,1.0055299373447557
MYO1D,0.5578000654963906
MYO1B,0.5699540012574422
CEND1,3.506924338730608
SIX3,-0.6972750910240265
CRYGD,0.08633098867087467
SH3GL3,1.0798732855675486
KCNA1,2.2985669797647894
CAPN5,-0.226418926530578
ICAM5,1.6222592355526104
SLC6A13,-0.534183067545232
SLC6A12,-0.3368119307252373
SLC6A11,-0.24225673150551744
DSG1,-0.6038640542012941
MTSS2,1.4596829302857017
EFNA5,1.5760365641217875
EFNA3,2.072353470702303
GABRB1,2.815471138864684
GABRB2,2.3296367438451915
GABRB3,3.548586006448285
OSBP2,-0.13333781523392293
KCNJ3,0.001986986816671201
LRP3,-0.0243169284760754
NEUROD6,2.0376763331328913
KCNJ6,2.024364907138323
KCNJ5,0.8343089964446289
KCNJ4,0.04075852201312353
KCNJ9,0.9583494112294405
DSCR4,-0.5676910148031783
HS3ST2,0.35262242795200305
SSTR4,-0.7543535674197944
GPRIN2,3.545557059889273
MYLPF,-0.552128328030407
PAEP,-0.9401756834877344
SPTBN5,-0.48311497726413777
SPTBN4,3.2392555975545516
SPTBN2,2.526250287295468
SPTBN1,0.5468874362493865
TFAP2A,0.7215694662119186
MT3,2.1560062406699734
TFAP2D,-0.2688481454584688
DMWD,-0.8913585312888367
PPY,-1.7439015093084822
NRG2,-0.2544299542913488
POU3F3,-0.2552171426996365
POU3F2,1.7321560775181213
TP53BP1,-0.20780057223366502
MPPED1,0.20196131240999327
DRD4,-0.7201194027439536
DRD5,-0.2766359922433048
DRD3,-0.7052097959457266
DRD1,-0.5419974459039699
TPPP,1.2371581853445799
NOL3,0.4064245094981706
MAPT,12.658166571560187
HTR1A,-0.6173076810062128
HTR1B,-0.9099357852726684
FXYD2,-0.49622853677117285
LRFN2,0.2289238126587868
LRFN1,-0.1604147313766687
CCK,2.0132397265409008
HBZ,-0.7534132443836721
APLP1,1.3528235243305393
UTS2R,-0.5751162869056123
ATP2B3,0.9304540404595418
PHYHIP,2.804320476794488
RYR1,0.6299451755124155
RYR3,-0.26639975182319664
RYR2,0.8226102605630453
NTRK2,1.9756281265532154
NTRK3,1.3745382601249316
SLC34A1,0.10980337706042734
SLC34A3,-0.0768324124991791
PYGM,-0.3322854054778246
HTR7,-0.897496949917723
IGHMBP2,-0.8369183789430794
KCNN1,-0.14186464748657598
GPR20,-0.5536388940755882
BRINP2,2.7550097683392454
GPR6,-0.13466494481527863
GFRA4,1.6175639478868171
GFRA3,-0.6367316517615232
MPIG6B,-0.04553894196922847
HTR5A,-0.1903370872815991
AIPL1,1.9828206822069117
HR,-0.22393556555170174
DES,-0.21790039360182015
TMEM59L,1.7750320893954068
DPEP3,-0.49463530850837667
EPHB6,-0.07627061486718555
SLMAP,1.9118607965953025
HTR2A,2.1134046323188156
PCBP3,-0.4959694352579782
NEUROG3,-0.0524216823242883
SCT,-0.8651610895893358
NEUROG1,-0.5286240105019279
GFRA2,-0.06032138308394486
MYL10,-0.36487696349152293
LMX1B,-0.7096876512213228
NPHS1,0.3059540996790643
ITPR2,-0.6510503152377228
EVPL,-0.8716019662900667
FGF5,0.021897260948807798
FGF13,-0.19259810548336082
AMPH,1.5765195549526647
BCAT2,-0.19305605033670564
ABCG4,1.752931539459562
SNCG,0.2602756212836113
INA,3.953233249044956
SNCB,3.2404897692294794
EPHA8,-0.4555051658746248
SLC32A1,0.9036552120700355
SORCS3,3.2504089074154576
EPHA3,2.185970319627393
EPHA2,1.6276693560899713
CYP2E1,-0.30818113937633645
GBX2,-0.5922512365532133
GBX1,-0.9184146418868683
CACNB3,0.13724581234072333
REEP2,0.2519349382903443
FGF17,0.8760321930496441
FGF16,0.9022860895758578
DAGLA,0.465511437342134
RAP2A,-0.3942388459421966
SLC13A2,-0.14590980897108344
SLC13A4,-0.33999520475764106
CHRNA4,0.06840838196730935
SLC8A1,1.0248230458579561
UNC13B,3.119671482676622
CHRNA2,-0.5133855435834286
POMC,-0.9819931350947942
HIST1H1A,-1.3652112747335483
MAPK8IP2,2.695023222615667
MAPK8IP3,1.6488293128003413
PSPN,-0.590688207076329
MT-ND2,-0.36180167510267536
RASGRF1,-0.06188513812597911
RASGRF2,0.19325058432230358
SYNGR1,0.5290975211749346
PITPNM3,-0.44756837195151633
PLEKHG6,-0.48352474027334047
KALRN,-0.23621716416053992
CLPS,-0.47623119464417646
CPLANE2,-0.030116856295213195
RUNDC3A,1.9439228965118418
ADAM11,-0.31686863048755864
GPR50,1.2335759450397117
TRPA1,-0.36305476079920873
CPNE7,-0.3982400593313076
CPNE6,-0.15560185596145093
TH,0.43214250306804175
DAPK1,0.9485838257229212
SIGLEC9,0.18464807173096653
SNTA1,0.45061255796771044
TRAF3,1.9718848329400196
MYL12B,1.1367073864538249
TMPRSS6,-0.648916663648908
NR2E1,-0.0842497308829375
RAB3A,2.9966961596804653
SHANK2,0.012635724325191179
ACTN2,0.010775250597425009
ACTN1,-0.3091208718478991
CYP4A11,-0.7229626366993167
ACTN4,0.23123477311365642
GRIN2B,0.9528859394325898
GRIN2C,1.4432257390751504
GRIN2A,1.2188144788912119
GRIN2D,0.5819330909393083
PTPRN,3.1637832984388616
OR2B2,-0.7415749222053791
MYO7B,-0.5221968179251582
SGPL1,0.9217036252681821
EHD1,-0.2814615722291279
ATXN7L3,-0.635384203079063
PLA2G6,-0.12465493103036973
PLA2G5,-0.5003781915767036
PLA2G3,-0.31594428061684326
METTL17,0.1510930048443618
BRCA1,-0.919657180785693
PRRC2A,1.816869172176746
FOXA1,-0.7771961673386512
KDM5D,-0.6518170593833823
OSBP,1.0398588090813068
SLC25A35,-0.723722455500064
SLC25A34,-0.4953686789779799
PLA2G1B,-0.6971051977073853
CHKA,-0.549893890981289
WDR46,-1.4660614157540843
PLA2G12B,-0.3409947646747711
CDC25B,-0.8789577644721236
KIAA0100,0.23883507266008788
POLR2A,-1.1597739643578169
PIGO,-0.42532591800578545
JMJD7-PLA2G4B,-0.316785689441998
TNFAIP2,1.9590599315750046
CRLS1,-0.7303754670636581
IL17RA,1.0197628864924246
PTDSS2,-0.7047935374864246
TOMM40L,-0.32815087713308805
KIF15,1.439211138306969
MBOAT1,-0.50825271202012
CDIPT,-0.6585529795667251
IFT140,-0.3500585566443362
ZBTB17,-0.8765989497715878
CTPS2,-0.7703895489541762
CUTC,-0.40024720532471286
DAGLB,0.40665969714458
PLA2G2A,-0.33181066754696975
PLA2G2C,-0.3196422596751733
PLA2G2E,-0.40365546539448505
PLA2G2F,-0.6327187245795877
CAPN15,0.5797484798633891
SLC35D2,-0.43451056813384104
WDR19,-0.1515243708655429
NBEAL2,1.621746879123764
WDR89,-0.5481865736841848
ACER3,-0.33282220849846306
ARAP1,0.6846327980988035
SELENOI,0.20952150751402543
PEF1,-0.28354445487364327
ARFIP2,-0.8552579301165428
PIGG,-0.5013314318127867
PIGN,-0.5354032022073968
MAP7D1,1.1124864092852313
PLB1,-0.05567183223712892
PLA2G4B,-0.039541792604544115
PLA2G4E,0.11243735782425972
RCC1,-1.2814718997994128
CEPT1,0.10551447501098403
ZBTB48,-0.9761648942907745
NPIPA1,-0.779245192744653
CRKL,0.5718461924943843
FKBP4,0.2652766768806009
DUS2,-1.000429913876364
DIAPH1,0.4591501076582418
SP2,-0.4281937709808666
CTNNBL1,0.07355950149652296
DDX49,-1.184497311859362
YBX1,-1.2612306522353995
LTB4R2,-1.5962097757362637
HINFP,1.7235084701246015
TTC4,-1.072317374927904
GTF3C2,-0.866970560672148
GTF3C1,0.09702205383073337
TAF1L,-1.2273994135095898
XPO6,-0.39016409050680784
MYPN,-0.0952536787992752
MAP1LC3A,1.7640281352940583
GTF2I,0.020240224200204795
UCK1,-0.66241278003313
LIN28A,-0.7915073124900066
NOC4L,-1.2532977317992933
DNAJC8,-0.5931931352673061
MTHFD1L,-1.8945459400850408
YJU2,-0.9965605092181254
TTC31,-0.45539707170587634
WDR36,-0.9820617598675856
ATXN2,0.8962641990267093
PIK3CB,-0.4566573390687018
POLK,-1.5047531535020058
DYRK2,0.5718267829506616
AKAP13,0.30009469251098875
RBM10,0.3500148797921101
PPM1D,-0.0447916058977819
NOL9,0.05733585331786559
SUPT6H,-1.0332024789428818
SRPK3,-0.6498984381321788
GEMIN7,-0.6763662961658384
GEMIN4,-0.011749179521828423
ABT1,-1.3950301332028092
RBM4,-0.1386687515159186
MORC2,-1.007985552710307
WDR45B,0.2023416144027585
YLPM1,-0.2597077829289024
CNOT1,-0.14249604392320275
DHRS7B,-0.9853631053515353
KHSRP,-0.5469335988694576
ZNFX1,-0.15345715147880004
BRD9,0.46843021646819055
CBR1,-0.7338208831067704
PRPF8,-0.520569490315504
LRRC47,-0.4014119968637087
BRD7,0.8858226567599636
VPS33A,1.343905583429089
SETD4,-1.1611319557030237
CCDC12,-0.7198208421024922
TYRP1,-0.1717781801644097
SMARCAL1,-1.1181547214909315
NMT1,-0.64944347805037
KIFC1,-0.8354596726846524
ISG20L2,-0.6779301034277555
DNAJA4,-1.0450580739318416
FKBPL,-0.7032031497321566
DBT,-1.4374755949239253
CD2BP2,0.26681515270565326
DHX38,-0.7917673803939412
DHX33,-1.7277443003454325
EXOSC6,-1.7099619326834974
GUSB,1.3056745277840047
KDM5B,-0.8399202054760602
TARS2,-0.2930179760827588
MLLT10,-1.0551443555949844
ACLY,-0.6422998099773822
LARS,-0.7030633923623483
RNASEH2A,3.0335004467978828
NUBP1,-1.031228402308339
NSD1,-1.059757485807866
MCM3,-1.4012489530539225
NSD2,-1.1312609408861567
NUDCD1,-1.8668410394473922
CIRBP,-0.8559742060378743
RFC2,-1.235758681509975
UTP25,-1.0043326757448774
KIF11,1.2496701590637622
HNRNPCL1,0.3548527689107611
NUP62,0.5624369502723613
DNAJB1,0.2302079366195413
H1FX,-0.5075910641585036
GPATCH11,-0.25215317059213554
SUGP2,0.14319050504899555
RBBP4,-1.3190916688589152
KLHL18,-0.3370289258303618
MRPS18A,-1.9331152202534438
NUDT10,-0.6020508294837097
NUDT11,-0.02975561050839033
CELF1,0.45285521278026625
IGF2BP3,-0.628253869627061
ATXN2L,0.8647786239298022
MXD1,0.17385902131056968
BUD13,-1.2785603893998165
TFIP11,-0.7905223540661377
CA2,-0.23879000491239102
POLA1,-1.3581551780045376
PNPT1,-0.8814496178196622
MRPS14,-1.0976886900221952
SMARCA1,-0.7067776285641547
ELAC1,-0.3971577799403046
LARP4B,-1.9310819798039007
TPM3,0.39498341684958205
NDUFS2,-0.5536498495234293
PCMTD1,-0.5089743748661931
ATAD3A,0.10347872621975034
LSM2,-1.2599996965097748
NLE1,-0.8665204634603593
DYNC1H1,2.0841026365369175
TBC1D22B,-0.4588581124898062
NSUN3,1.2478810984423006
NSUN5,-0.47428162324442413
NOTCH1,-0.31771351919727264
ADD1,1.2938258719830014
PPIL1,-1.4283224822323046
PPIL3,-1.1012843720913859
POLR3C,-0.4112836207718323
FAM50B,-0.4521669464197331
PRMT7,-1.0886407329108332
TOMM34,0.19090564717413985
CHERP,0.4303763514584933
TRMO,-0.30202211392002515
SPEN,-0.39370286556327233
HELQ,-0.819100430940907
JADE2,-0.4485637081058489
USP22,0.19228314043023165
THADA,-0.5430504724492199
PGK1,-1.533922759782017
TRRAP,-1.6864851797755762
RPUSD2,-0.23087311572279118
TUBB1,-0.3655843306586675
TESK2,-0.6630257208323966
PRPF19,-1.0607536749917497
LRCH1,-0.39727915575500056
MRPL2,1.0784718579977217
BAG3,0.1922987063459933
RPUSD3,-1.324809691798533
DDX31,-0.34445723018336166
DARS2,-1.6727201444317508
CHCHD10,11.015506577697638
SF3B4,-0.48567305596536037
CWC15,0.6599249396414875
HTATSF1,-0.06816830323922289
RAD51D,-0.985083286731707
RIPK3,0.454215956904752
BLMH,0.409494599781755
PPIH,-1.2351031634275802
TRMT2A,-1.5071612504737149
FKBP8,-0.36865432902724776
KANSL1,0.9779534074021622
DNAJC7,0.2732658098617962
VARS,-1.6882953540661154
TTF2,-1.2009366122992917
NAP1L4,-0.2949918793124191
GBA,0.9022538877149759
NBAS,0.11013248403754507
MCM5,-1.064205263428429
PHF5A,-0.47429678547701987
NOMO1,0.6051475028394103
DDX28,-1.446378416307018
PDK3,-0.16409907288800615
NRDE2,-0.2608342575814264
KCNK5,0.27119341674571196
ABCC5,-0.5448046635610598
TRMT61A,-0.2564879075755662
PUF60,0.01760084999594821
TARSL2,-0.8853826390559532
POLR1A,-2.2702229528128255
AHCYL1,-0.012293066612799509
AHCYL2,0.7736351548348709
SNRNP35,-0.9962407755103938
LIG3,-1.5376969480578002
MYB,0.32785822289657374
PYGL,-1.0345647050956137
ATG2A,0.5499561113379455
IP6K2,-0.1180462000956413
HSDL2,-1.2851474045643239
TLR2,1.8507329236887569
ELP3,-0.24628700319751926
NCBP2L,-0.6636408308464979
TPGS1,0.00370783492659923
DQX1,-0.7494306450387774
ATAD3B,0.11670008157920679
CHD6,-0.38980738832264655
INTS4,-0.810210797897305
CAP1,0.054846666280262704
SKIV2L,-1.009784584057328
RBMX2,-0.8269810068797498
INTS9,-0.6791248434981365
MRPL11,-0.7411666666648171
POLR2C,-1.1831056531078044
STRADA,-0.7046067730801501
ERCC6L2,-0.6379253453759398
IPO9,-0.41715686955262216
GPKOW,-0.33575040038009435
CDX1,-0.9902870854728199
BRD2,-0.0686007200101947
WRNIP1,0.3228739152983431
POLD1,-0.8718932860270578
HIST1H1T,-0.6343495123991311
PHLPP1,-0.7458391651508559
DDX25,-0.794600920103505
EP400,-1.5998485381455927
PSMB3,-1.6762120584146083
NSUN2,-0.1992973820655209
TALDO1,-0.7958153640736725
CLEC16A,-0.6069972984412977
CACTIN,-1.2587091271175614
DHX32,-0.6331975504292021
TSR2,0.13017917086261763
LDHA,-0.9536803614999706
PABPN1,-0.330258977084266
ALDH9A1,0.021703714027465897
XRN2,-1.1956310437512923
DHX34,-0.8108758306745275
DIS3,-1.2372521734846178
PRPF38A,0.503521740409532
TAB1,-0.004690504409140619
HIST1H4H,-1.0564499598804897
PAWR,1.4088922411947804
GTSE1,-0.6818530279258156
GTF3C4,-0.7868845822886679
DNASE1L3,-0.450954238194984
KCNH5,0.5526598126831515
KCNH1,-0.07614724600174509
ATAD5,-1.3507430746005828
UTP23,-1.4368826996791955
UTP20,-0.5606331133820998
GANAB,-0.506184434879162
GDAP1,0.23601783014913247
ADARB2,3.134478426376366
CDC45,-0.0673875879052916
CHAF1B,-0.28797903903445815
UBTF,-0.3014276424299883
KIF4A,1.8042383358506615
CDCA8,-0.31028749758875185
MCM10,-1.7599493094987066
AKAP8L,-0.7635561952762752
HDGF,-1.5869207776356975
RECQL5,-1.0847426211343176
MED6,-0.8681526511059631
ZNF609,-0.5903385051874807
ZNF330,0.26962097982543987
PATL1,0.4907085175721922
ZMAT3,0.08362801805032076
MYBL2,-1.620340168022117
PAPOLG,-0.7301620685721584
KMT5A,-1.2961376474423834
POLR3B,-1.4505206184196113
OIP5,-2.051165045807378
SLC25A3,-0.6334336445322535
PRMT6,-1.2694805806032263
PQBP1,0.1259866956431646
AEN,-0.7369298166783583
GINS1,-1.3688747273606103
CEP55,-0.40513336455446963
G2E3,-1.219081670552274
NUP58,0.06751436289147784
OCRL,0.06525188953999114
ATAD2,-2.2977820168064977
SPAG5,-1.0174879333841067
PCLAF,-1.2193324053446093
AKIRIN1,-0.8284044410404736
DNAJC10,-0.18315592528745367
MBTPS2,0.7778283501541445
DR1,0.1550960151219823
EIF4G2,1.1834025039324096
CHD4,-0.26041915552237976
CDC25C,-1.5833452172520277
CDC25A,-0.36041614173289727
POLR2H,-1.6104747460174664
POLR2J,-0.7399252226732692
AGO1,0.4673409047234593
AVEN,-1.0943021783474007
APAF1,0.7339903659652944
HELLS,0.06003017232231514
HIST1H1D,0.44351365933393083
HIST1H1B,-0.8623956276329948
KIF20B,0.3085915109625465
OVOL2,-0.41467334386520577
OVOL1,-0.5886008234785051
ESCO2,-1.1048252149820164
PSPC1,0.9830282974819143
METTL16,-0.20380927550446362
ZMYM4,-0.1292923203322151
SRFBP1,-1.2941696598665058
MACROD1,-0.7287725997514333
R3HCC1L,0.6383890339017263
DDX60L,0.9044900751065622
IL7R,1.05697715148667
ODR4,-0.7947073183703188
H3F3B,0.5656033590128128
H3F3A,-0.18441766251965674
PDAP1,-0.2276977158816427
MPP5,1.0503061813289567
SS18,-0.23984762766136347
CDK5RAP1,-1.2249745523391415
DHFR,-1.524922880264753
MDC1,-0.6505991894190291
KIF18A,1.3797056348630363
TRIP13,-1.3362701142981845
LIN7C,0.05409643071641404
UHMK1,0.5308154144727973
BARD1,-2.2727437225903984
BAZ1B,-1.3888173459207585
EXO1,-1.3810706358755631
DEPDC1,-1.1805117979329958
ALKBH5,-0.275763663771529
ATM,-0.21233753345285822
SMPD4,0.3880213172897734
FASN,0.3733358672540151
H1F0,-0.10877532757268327
NPAT,-1.2216793445945664
CALR,0.6135804943297506
SKOR1,-0.7009491943383602
LOC107987487,0.4439505544687144
ELAC2,-1.5340645381135418
PRKCI,0.3818139445524857
SCRIB,-1.1114757308305365
CWC25,0.42184311810317
TRUB1,-0.8149050607351986
NUP214,-0.29983214632019695
EMD,0.7772575531183954
EPB41,-0.11592709985543669
GLYR1,-0.635198184798594
TOP3A,-1.1790809850546748
TOP3B,0.6073489265810593
KRT5,0.06458668563768648
RABEP1,-0.7512080759786897
BIRC5,-1.8130266853242627
NKX2-1,-1.4293667986186556
PINX1,-1.5526785195145512
DGCR8,0.5248690942361977
LOC107987491,0.5146921549459048
RPP40,-2.3888447408276066
HLA-B,2.231648557220247
H2AFY,-0.645219652657698
NCAPG2,-0.8959265280671677
HAUS1,0.19446478355450672
TFE3,2.5176153674177297
HIST1H2BB,0.10676290914177843
HIST1H2BM,-1.451921409546563
VAV2,-0.6483133806618182
FYTTD1,-0.6864508443520818
TP63,-0.10500591244106583
GNL3L,3.801994792376029
NAA25,-0.9782982450692661
LRRC8A,-0.2919874063664254
IGFLR1,0.173667633655614
U2AF1L5,0.15932675730583817
NPM3,-0.6882919402596152
PARPBP,-1.5842295405821414
RIC1,1.075056771195156
PRIM1,-2.329136838839823
PRIM2,-1.1867564515734867
NCAPD2,-1.342016455707058
HIST2H3D,-0.3587126790218665
HIST2H3C,-0.46146461070429257
EMC1,0.4170648978765717
SMC5,-0.6230016158872671
NAA35,0.5619068721412024
RBM3,-0.23906501118124798
ZMYND11,-0.8144503636464624
IVNS1ABP,-0.4974906972707322
C1orf112,-1.70880886352167
URB2,-0.7768843302039854
CENPF,0.24317407473857494
CENPE,1.5789960896295645
CENPA,-2.281708271310743
MPHOSPH9,-0.3208744788283306
DDX59,-0.924798150827294
DDX53,-1.0061799562033382
NSD3,-0.8610786644590479
WDHD1,-1.9506274521707139
RACGAP1,1.0186684866522862
CEP250,0.8290499452510126
UHRF1,-1.265340383458841
MCMBP,-1.8654456072659937
SMN2,-0.30197888646585935
ILRUN,2.3702220530307763
NLGN1,0.2855318532371955
CSTF3,-1.449159204767306
CSTF2,-0.6502082336249793
CCNT1,0.6920437511973047
CREBZF,-0.7192286185531357
BRCA2,-1.4832656700050764
WNK1,-0.26923665072446307
ACOT7,-0.29841328158514885
USP36,-0.8504989346030866
RBBP5,-0.4953800597842074
KIF22,1.6055115257206125
ACSBG1,-0.5930953191676898
XRCC4,-0.5448258507604328
DDX60,1.4551846184302002
LMNB2,0.32515954049231094
PHF6,0.5831391947307403
PHF1,-0.9132356005323202
RPP30,-1.105373386331918
KCNA4,0.19038828356113321
KCNA2,2.038749732358169
KCNA3,-0.029081886551213385
RAD51C,-2.734817472729545
ERLIN1,-0.5336725978488782
CTDSPL2,-1.32161548304545
HMGXB4,-1.9536065808210932
CORO1C,-1.072842675732205
DNA2,-1.639691594980381
KRT14,0.09908185539930675
NFATC2IP,0.04789596063048053
CASP3,1.158527033471964
CASP8,2.103511880042994
PLK4,0.12223972964064792
ADAD1,-1.0361559135347067
ADAD2,-1.0568836078889787
GRK5,-0.1817580236477244
CAPN2,0.7897144756789247
COG8,0.18521332959657782
PCBP2,-0.543212266810459
SMC1A,-0.7905409638921056
ACE,-0.7019398704665268
DNHD1,-0.6139107714425852
HNRNPUL2,0.6765899758664814
KCTD20,-0.33050883302045264
FKBP5,-1.0081192946446413
PPP4R3A,0.8451767837741051
APBB1,1.0731803484479507
GABARAP,1.4138365506137027
WDR4,-0.3382780019974336
IWS1,-0.8239596927857495
MYD88,2.2602988144458824
HMGN1,0.3035204024748406
DTL,-1.8849365722649902
MSH3,-0.4328505806560463
HNRNPCL2,-0.5711117493665518
DEPDC1B,-1.54745958468908
SPDL1,-1.8983749834050467
TAF15,0.7950059542402864
TNFRSF10D,0.9110594729656354
CDC6,-2.007680863486351
KNTC1,-1.1440272226793144
RBM19,-1.6262929155144494
TMEM259,0.8957977174123951
CPSF7,-0.42430880127817805
CPSF1,0.437476822256524
RNMT,-0.20664305326125187
PMPCA,-0.9621248854393516
MBD2,-0.905155598266024
PATZ1,-0.25778324537890707
RBBP8,-1.0612979601735688
SLC29A1,-0.4054404007082559
CCNE2,-1.8519257209674211
FTSJ1,-0.7050452952479319
L1TD1,-0.4283295569549631
ZWILCH,-1.9750108796103532
DTYMK,-0.9949675744768305
PIWIL4,1.5320355774536742
PIWIL3,2.205687838148116
KIF14,-0.10135416202803729
FANCD2,-1.4011459720190536
CBX5,-1.6242307259637425
IGF2BP1,0.05046156703609688
KIF1C,-0.14215562310912383
NFE2L1,0.9303004754749099
CD247,1.1663407636390384
ABCB1,-0.27959360576419
DHODH,-1.321639775108326
NCAPH,-0.7169364717318943
NCAPG,-1.2530460554304188
TNFRSF14,0.7914215694932042
CRK,-0.6193298744363244
POLE2,-1.0928352499931557
TFDP1,-0.9492030682682494
RHOT2,-0.22524319088818737
EHMT2,-1.45511779900038
NUSAP1,-1.7200783172304424
ZBED4,-0.7646977639359093
SHCBP1,-1.669897888596874
GPD2,3.451423094106242
SUV39H2,-1.4363929367684145
MAP3K14,0.1846120072583978
BCL2L2,-0.3756697235522682
TMOD2,-0.2462220481537105
ZNF281,0.5891618270005884
HEXIM1,-0.31880302281881484
IDE,-0.8524736797976331
GUF1,3.8529353506134747
HNRNPL,-0.5589590533624869
MRM3,-0.973487880411451
STAU2,-1.090935914257601
FBXO46,-0.68651636194654
RAB35,0.7535867198845444
HNRNPA1L2,1.2634804398973891
CFL2,0.13110067933227793
NFIA,-0.6344976638928317
NELFA,-1.434583876582828
MEN1,-0.37010094005272626
MVK,-0.020471537488897885
BUB1B,-1.5966197977325713
SMARCD1,-0.038128898983425856
CD3EAP,-1.5396199118504073
PIDD1,-0.6778949050316395
KLC1,4.248251619329514
SOX12,-0.42670012205109786
HPDL,-0.24416845324773875
FLNA,0.12199599814225982
LETM1,0.1441821962155092
ENTR1,0.003420664505205271
POLE,-0.9854664940013217
INTS5,-1.0794111253345677
HIC2,-0.8678996705333172
CKS1B,-2.2567899491558374
TM9SF1,-0.019376745834014927
PTTG1,-2.33991204667597
SZT2,-0.5148409579389694
TEDC2,-0.9660000092435659
IGSF8,-0.8662592284613891
MED19,0.45097207833367664
CHAF1A,-0.5815749229377329
TRMU,-0.7299027452396449
CDK16,1.337949429266717
PDCD2L,-1.57586700926991
KIF18B,-1.4364444111127086
SFSWAP,-0.8900324425951355
TBL1X,-1.1028020489961576
TBL1Y,-0.7877221732258206
HEXA,1.2329125162991683
MBD3,-0.8180001217262787
TLN1,0.7746516019277467
SIX4,-0.5662568251819339
HDAC6,1.0238776434172083
CDKN2A,-1.0804607783729272
TSC22D4,1.3728259647122325
PAFAH1B3,-0.5457280601408556
SLC2A1,-0.15658625308214166
KCNH4,-0.9411444746220694
SLC4A2,0.3416580884024836
RECQL4,-1.2465834993345934
SLC29A2,1.244590733215806
CCNE1,-1.9497060434268787
TIMELESS,-1.6361760808933834
GYS1,0.36264926060302916
RAD54L2,0.8708752923290657
SMYD5,-1.053100669201456
RAG1,-0.5947211489376878
TELO2,0.057563786839296124
FGFR1OP,0.6026734951325121
GTPBP3,0.40109414197629073
PIMREG,-1.2494579401641182
SLX4,0.5539735194369723
FANCG,-1.7385419434482465
CLASRP,-0.8170779656846519
RALGDS,0.5562855863793597
MED22,-0.10605569878812547
PARD3,-0.8622410650470984
HOXA7,-0.541465817024389
MFSD12,-0.4464873185927041
CDK8,-1.0468131276054125
DSCC1,-1.6593549445937064
MAD2L1,-1.387380408019508
C19orf24,-0.6858347516553619
AQP2,-0.8491001578350984
DRG2,-1.1395973974628284
RAD54L,-1.7829303866924273
FASTK,2.150567842513259
CIAO3,-0.4091218879355379
ZAP70,1.4393860488936965
DNAJC11,-0.11558049187316413
INTS1,-0.9998642826702056
THOP1,-0.3106436845634981
ETV4,-0.6115097611742301
TYMS,-2.2927875127682475
SAE1,-1.301490770551625
PAGR1,-0.9072560356201947
RAD9A,-1.1470959793025646
RRP7A,0.23452033399808725
RANBP10,-0.08364992844548784
EML3,0.3323328931967729
CLN6,1.5846398808624607
ZNF574,-0.7099887293340225
WDR62,-0.7842983947020263
NUP210,-1.2707115068723307
PNKP,-0.9476158009213349
GPATCH4,-1.2617011671539227
CLSPN,-1.1135537393079444
MRPL28,-0.07055908691913072
NPTX1,3.489705110637666
XRCC3,-1.3206173049371908
USP44,-0.3138038185883626
ORC6,-1.6380725138074754
PLCB3,-0.14807234168628144
GPHN,-0.2099838949543031
RHBDF2,2.4595960265664756
POLA2,-1.8021283263538919
CTNND1,0.08130525307047316
IL1A,0.1777744544457029
IFNB1,0.6005687492814605
ERN2,-0.5290548161672777
POU5F1,-1.2970045411549607
LRP5,-0.15544268630583177
NABP2,-1.264474102789925
GATAD2A,-0.1852417629373719
SIGMAR1,-0.6123898678923441
RPAP1,-0.7668627748310058
NUP188,-0.7013402542294656
ATG7,1.8134153160750206
TERT,0.29720333430802537
KMT2B,-0.943770533254884
PSMC3IP,-1.5734188573239685
PIGR,-0.7978699631107183
WRAP53,-0.28462223740934595
CDKN3,-2.134054106025972
CTRL,-0.6483034639671327
MRGBP,0.3611745025905853
HBB,0.40004914117681895
HRNR,-0.5187189286124535
ZNF142,-0.5495481077659219
DENND2D,0.24041815706746625
GRK6,-0.21354449714334262
NSMF,-0.631693821706129
GOLGA1,-0.5595458415627127
GOLGA2,0.6244513237831895
ZNF787,-0.6633231505949477
SEPT11,-0.37280699686936175
MED15,-0.704259372645739
MED16,-0.32196592453066347
CSNK1G2,0.5357183197445833
CCDC85B,-0.9003217194947396
PELP1,-0.4800256522369435
SCARB1,1.1927853881723394
HIRIP3,-0.05822294625310105
RASSF9,-0.28969803036581676
STMN1,-0.8490578998306622
PTOV1,-0.7259765362456436
DNM2,1.9663883672475464
RSAD1,3.7306412021045903
HAUS5,0.7897446452390526
ZNF282,-0.6495061252041768
SIRT6,-1.1355403769038792
TMEM94,0.3327350205761834
PLEC,1.3640185171212595
TAF6,-1.3943108685046595
PEX5,0.7419087907087826
CTDNEP1,-0.25002185249404674
RFWD3,-0.5122776544720317
ARMC6,-0.17052048003917272
JMJD4,-0.8629410029329343
GPN1,-2.3135436475312416
TCF20,-0.6672268558295735
HMGA1,-1.2859287236234798
FHOD1,-0.1877141341906103
RIN1,-0.036145867587417
CARM1,-0.7455113872838154
OXCT1,-1.4863457206556656
KIF20A,1.7862331781597978
FOPNL,-0.7512819786516816
HSPBP1,-0.7377651224510072
HJURP,-1.6277653445043068
HCFC1,1.2966474379518456
PAXX,-0.47076125660638796
TTLL12,-1.4253613484914858
TSSC4,-1.118169353751376
MTA1,0.1397438371817385
NF2,0.6692773190091521
ANLN,1.345615650239252
ARMC9,-0.13555487659131193
SSBP3,-0.18028577890525233
NSRP1,1.5766273975915808
BLOC1S6,0.02322019441220834
CEP120,0.4618837420422503
ARHGAP21,0.6159504325798751
MMGT1,1.6799134473119992
DOCK7,0.5866564118740828
CIAO1,-0.8191087368232948
JMY,-0.3793631724032807
RCN1,-0.4607668747335244
NEPRO,1.5200661050976216
EXOC6,0.0860154712546818
WEE1,-0.34932172436134723
DIAPH2,0.40432693166832606
NXF2B,-0.6942891179112436
NXF3,-1.1505787452673026
SENP1,-0.9842363637486159
CUX1,1.4166809009256407
HOXC13,-0.4506318785590582
NAB1,-0.6926797288869853
OTUD4,0.011458291129126273
NXF5,-0.8709751114360161
MECP2,-0.8007701577175402
RGPD2,-0.7096558784228333
RGPD1,-0.1824620791276422
RGPD4,-0.5299020221521651
RGPD5,-0.8631811274339458
GEMIN8,1.3818272904483297
PRKD3,0.7632098258146929
FOXI2,-0.5179379381207837
IFIH1,1.134811451822825
NFX1,-1.097286969508322
MAD1L1,-0.17946957072943573
SKA1,-1.389260818773195
SKA2,-1.457487041163566
CDCA5,-1.504726498122838
UXS1,-0.5787793323576667
QRICH2,-0.7459196194010125
AAAS,-1.066300404775314
TMEM33,0.29635384352259175
CDCA2,-1.2532426686618585
CENPO,0.21881184322223649
CENPN,-1.7373972537717912
CENPM,-1.5666949500299068
CENPL,-1.212994321672347
CENPI,-1.2375938513207674
CENPH,-0.9922981011144131
CHM,0.5857948378794031
PROSER1,1.0424872480592444
CCL13,1.1175047715399409
NUP88,-1.8399949395849189
POM121C,-0.9658446767210108
CCAR2,0.3697033032135315
SGO2,-0.32691490462910894
ESPL1,-0.5075020529718566
GTF2E2,-1.1857085537317058
NEK9,-0.9720422870826791
INCENP,-1.3152821804116537
BUB1,-1.6922291774576281
CD70,-0.44397577307844294
HDAC8,-0.8217011581066671
TPM4,-0.362107894159433
RANBP3,0.44695925070428766
PAF1,0.49574525138764003
FOXL1,-0.9553142217307647
ZW10,-1.406645781980016
MFN2,1.9984961601453854
CDK7,-1.8420096720598929
ITGB3BP,-1.2379283070680502
KNL1,-1.0722398002470266
PBX2P1,-0.6335092937979248
PBX1,-0.5943735383285753
NSUN6,0.7185312272749613
RAPGEF3,3.0165503508423868
UNK,-1.1567684554280409
NDC1,-2.187972672907096
HDAC11,-0.9565378343557752
GBF1,0.34646920758667077
KAT2A,0.4379148123385953
B9D2,-0.7207315062238037
POMZP3,0.0777923703892244
TENT4A,-1.2000962203949979
DSN1,-1.340345998297856
ZNF318,-1.032976634892075
TMEM209,-0.49065062692062045
ERCC6L,-1.6858132631346376
PPP2R1B,-0.6310011657644171
CENPS,-1.344144758961198
NADK,0.9891791162682669
HPS5,1.2156343810307546
MSI2,0.4371961238292889
MSI1,0.24465249104025402
POLR3A,-0.784238668998536
POGZ,-0.9877564100012434
CENPT,-0.9251557343047495
CENPU,-1.8216457779142055
CENPP,-0.7968567241131802
NUF2,-1.5432767609609197
QTRT2,-1.4360834624575372
PMF1,-0.41176364585905845
FAM193A,-1.0288374718788462
SGO1,0.5999752872606494
SPC25,-1.252419883560198
SPC24,-0.26844055021370256
PHF21A,-0.771488743095071
CENPQ,-1.724971282028073
MMS19,3.11223820023862
ASXL1,-1.033976941705451
ZBTB33,-0.6233168030879169
ODF2,0.03960700004778882
NXF2,-0.6449326473388971
SIK3,0.33469691635856574
SFMBT1,-0.4827076312812165
PBX3,-0.7335105778258088
KDM6A,-0.17914529468290985
LIN54,-0.7258418790516837
ELL,-1.0451106275853468
SNUPN,-1.332831386630605
SYNE2,-0.15861256025515869
NXT2,0.25057854590059064
STAT5B,1.0732021146338566
HSPA1B,0.5130083179737868
NUP43,-1.2488106122698746
RCC2,-0.16499672591125153
RANBP3L,-0.9742638644683893
IGF1R,-0.00874128225780305
WIPI2,0.3849326962108652
SOX13,-0.2865695831121484
CHRAC1,-0.7627916316726231
TP53I3,0.6805280857467565
ZNF428,1.236442440591728
SESN1,1.244068059109391
DCTN2,2.565611474754845
POLL,-0.911767032182832
POLQ,0.18721372280896137
HIST1H2BO,-1.1851364233477188
TFPT,-0.8771137872837883
AIG1,-0.1947621034209737
NFRKB,-0.9824864063058751
ZFYVE26,1.4212690878885719
GTF2H2C,-0.750067333930075
SPIN2B,-0.3581420501932426
APOBEC3C,-0.25959917654080883
ABCA1,1.4684580058435373
COPS7B,-1.2582822611721889
COPS7A,-0.448886132312636
MAPKBP1,4.403495933904157
WDR76,-0.5204237252429936
LDB2,2.0386490082560877
AASDH,-0.7086567246488511
CSAD,-0.4120490272703369
TMEM43,1.1377634937188743
COPS6,-1.228915058142609
ORAI3,1.7236543767882222
DNAJB5,-0.18683823678527064
GORASP1,-0.31114086557902904
MTMR14,2.345997842688463
PGGHG,-0.21110194880598848
OXLD1,-0.43484218307087186
NAA40,1.001478565698984
PHLDA3,0.8428446260663378
HIST1H3A,-0.3130198946952485
GOLGB1,0.34854024923834115
BCL2,1.068995385547681
PTPN14,-0.5796844917747964
RRM2B,0.803004346014161
PHF8,-0.738694401265027
MSMO1,-0.07198831660221101
H2AFY2,-1.077692441463321
FOXO1,-0.22854634285877534
HIST2H2BE,-0.7051258661543134
BBC3,3.117044069665436
INO80E,-0.5456454239788758
INO80B,-0.6684200139863002
INO80C,-1.0202169330094153
RPA4,-0.9722686584825783
ATXN3,0.9324231329526315
EPM2AIP1,0.1540310631134407
ZNF512B,-0.5660323116428899
PLIN2,2.033425667323507
OGG1,-0.7890222946468674
CRCP,-0.8347022856046288
POC5,-0.6268042840683666
FAXDC2,-0.048093884855772005
CHD2,1.6794473066275666
HIST1H2BD,-1.502456294564957
HIST1H2BG,-1.102879616375263
HIST1H2BA,-1.2197933730003787
AKR7A3,-0.4146897600259295
APLF,-0.519963046609963
ACTR8,-1.0183639458321005
ACTR5,-0.9192724146432956
PIAS3,-0.6018309846318942
HIST1H2AG,-1.071785828271134
NGLY1,1.518961922708049
DGKA,2.6121540313621434
PLXNB2,0.6957053642412117
FGFR1OP2,0.6695466382133377
HIST1H4F,-0.673913395927771
HIST1H4A,-1.474790999534926
ADIPOQ,0.19051920177683984
ZDHHC13,0.3449745912542063
ZNF703,-0.24498555319640503
ZSWIM4,-0.1892666122803157
SPTLC2,-0.49384805763043627
MACO1,-0.4335616792019348
TMEM53,0.06443324877927832
MUC2,-0.6954483027719535
SP4,-0.5631989882349181
SP7,-0.5530665031119193
AKIRIN2,-0.3459888351890307
TMLHE,1.5809383457336068
LMO1,-0.642410778082182
ITGA2,-0.14598032639991948
ALDH3A1,-0.8838993810136045
SWAP70,1.0996083061907287
APOA2,0.30791708861386546
PHLDA2,-0.4609664541726981
CYP27B1,-0.4252834782553703
AGPAT3,-0.5526695516148926
PRSS50,-0.9504842546283939
RAG2,-0.4469734432289478
RPS6KA4,-0.5561624145590877
HLX,-0.188698252342871
NR0B2,0.4234010090796421
ZNF296,-0.26044377106324423
CD40LG,0.35161242571910223
TRERF1,-0.4611796423509369
MIOS,-0.0030036016133631435
ZSWIM3,0.24075613778430777
TCEA3,-0.7553572175313618
CHTF18,-0.5178050585703232
PAAF1,-0.9827641462465022
BDKRB2,-0.655398736358668
CLPTM1,-0.7905255160264607
SPHK2,-0.39814062611325945
FIZ1,5.58374866214538
ZNF780A,-0.12227953314868985
RHEBL1,1.2275830619771262
CDCA3,-1.2445693448216542
CDCA7,-1.469844039866346
MNDA,2.8630699745162467
RSF1,-1.1770577929668518
ZNF687,0.6262681450596551
THAP8,-0.3041738812385249
DZIP1L,0.3063184345989654
NQO1,1.3056905825465324
SIX5,-0.7071490905462411
CLOCK,-0.49634063759802843
MR1,2.186243237867313
HTN3,-0.39381988276005814
RELB,1.6605109348849074
ZFP64,-0.5072314207884222
HMG20B,-0.12878762360966878
ARRDC4,-0.3038730902880927
KLKB1,-0.22132033556324401
COL7A1,-0.42194898005728004
ELK4,-0.675106892539952
RBM18,0.7637567161412837
FOXP2,-0.041374349279337475
FOXP1,-0.3940900213195646
BCL11B,-0.16779280837646268
FOXP4,-0.688560395751989
ZNF597,-0.695121875407123
ZNF595,-0.4580209787476921
GAST,-0.9424867870328668
LHCGR,1.785001295744993
CAMTA1,1.379079398225806
TNS1,-0.24221038468270248
IGF1,0.06491753497818466
GCG,-0.26074347374071105
IGFBP1,0.3692677533339483
HBE1,0.9912089910559709
CYP2R1,-0.17972371251570332
ABTB2,4.256745407087985
CYP27A1,0.9311779476015971
BTC,-0.4998839485879149
MEF2D,0.14896760421197983
GAS7,0.41033385557197266
MECOM,-0.7405294306693695
CIB2,0.18620285163243894
TGFBR2,-0.6565110827658723
MTMR12,0.3263736503980319
SEPHS2,-1.1696871193335412
ZNF48,-0.6037754651021721
STMN2,1.627702561365354
FOXL2,-0.5169981250928766
LRRC39,-0.30437986662129884
NFYC,-0.868171672214272
PITX2,-0.556384162215076
CTCFL,-0.7530311231136243
ANGPTL7,3.761775064689881
GALNS,1.3365980353832083
VASP,0.1037154283328103
CYTH2,0.6612237835347301
CALCR,-0.7015013260908258
KATNB1,-0.41341112318558365
WIPF1,1.8107622468021047
B3GAT3,-0.7636653367830061
MBNL2,-0.20481697817281438
TRIM24,-0.9196649398147413
CLCN2,-0.23728604562851952
R3HDM2,-0.600614428821653
FLRT1,0.019217063699535495
FLRT3,0.8412471463104116
KAT8,0.30928117041566544
TTC16,-0.7958372302997019
DMD,0.41607750921355074
C16orf72,0.1400871043208647
DNAJC27,0.22076875744957838
SLC31A1,-0.5337184800990373
ZNF223,-0.31374135452908164
ZFP91,2.7837485699778695
EGR2,-0.6008205891982452
PPARGC1A,-0.7123389825300595
SUPT20H,-0.8588239646796416
RPUSD4,-1.0516349513628909
ZFAT,-0.5857626576872711
PTPN4,0.09498248206085798
GINS4,-1.1286840481384122
LRCH4,0.3593966407137288
LRCH2,0.23142555250787183
LRCH3,-0.6232904311275602
DENND6A,-0.4217748071686036
ZNF385A,-0.32581729538211873
PSMA1,-1.200644178234172
ZSCAN29,-0.7760340364581743
TSSK6,-0.1142504398917947
PDHA1,-1.407058873323742
LCAT,0.5962739863815133
MSH5,1.0744776565245644
SRY,-0.9243398514801503
SOX9,-0.7739923009248809
AGPAT1,-0.8371864969089333
FOXO4,-0.09546276021376027
PRICKLE4,-0.8539263661365609
LRRC8C,1.7641898154024849
RGS3,-0.024776886236725346
PLAG1,0.9249764111556852
KIR2DL4,0.4649854632497534
PIGV,1.2748273803968888
NAB2,0.8184715095878224
COQ8B,-0.10159525591657945
MGARP,-0.21525331744017878
FXYD1,-0.13017897098031644
ZFAND4,1.5541257945877975
KLRG1,-0.22759981123952064
ARHGAP26,0.36329007983364336
PPP1R16A,-0.20092243076416974
PPP1R16B,-0.3723145266893684
ZSCAN20,-0.7056324076659274
ZSCAN21,0.0703684327993829
DDIT4,0.8816716927082254
ABHD2,-0.23143529190116743
NUCB2,-0.6531140797377029
BMP7,-0.5700384924605485
BMP4,-0.1483396617659928
BMP2,-0.7377814679059012
MAF1,-0.2957888444826934
NR1I3,-0.8295407826488875
NR1I2,-0.20151817242324843
PACSIN2,-0.023736351337112504
CCNI,-0.9935164011864273
CCNK,-1.1004183225514008
RASSF1,-0.5352599893682757
RASSF2,0.6296188692072529
CCHCR1,-0.9030165922269534
MNT,1.080098694733286
CRMP1,1.9642994129235358
SLC49A4,6.528555605570211
VPS35L,-0.41818003124582553
PRDM16,-0.5752807308029835
PRDM13,0.03442758068576655
TMEM60,-0.38655636636028357
PRKCZ,1.4589825160562482
CASKIN2,-0.43626266405942316
CASKIN1,0.2709097973689301
ZNF629,-0.6153094478451945
RAP2B,0.24147967447622617
ESRRB,-1.0264539590064516
ADA,-1.0995132011924382
TSNAXIP1,-0.9720749797823257
ADH6,-0.7508724706956302
BABAM2,1.439021896885794
RASL12,1.3111269621327712
HIST1H2AM,-0.9151781269584675
HIST1H2AI,-1.1795190261901456
ANKHD1,0.062374890507274794
HIST1H2AE,-1.0855451742699003
NRIP3,-0.12097369657191268
SWSAP1,-1.387817249619078
HIST1H2AB,-0.7885158173120042
BCL2L11,1.563452687384533
ZNF556,-0.4787274656248566
SIN3B,-0.9414923491145448
NCDN,1.144141369448439
DENND1A,-0.2427850417389002
REPIN1,1.6434666243952794
PTH,0.19112637680211392
RSU1,0.17476989986749336
GNA12,2.072334797090141
GNA11,1.273065819475717
SDHC,-0.425236091871708
MUSK,-0.7591591853630696
MOCS3,-0.745235762101633
LHX3,0.25539936531580854
PTGER4,-0.33789382633733966
SOX6,0.1990754312867127
ZMYM2,-0.07178646942266384
SLC38A7,-0.1984036014805451
LHB,-0.7502072010552152
CXCL12,1.6502982043023025
ADRA1D,-0.8827601586977917
SIRT2,-0.8754418654886947
HIP1R,-0.21112228648220263
LTC4S,0.09853817552615848
ZIC4,0.0009412002437465203
ZIC5,-0.04018007889582364
ZIC1,2.3018125068954345
CCL20,-0.4926960325931094
GUCY2C,-0.5456428968512494
HOXB3,-0.5095612263577386
HOXB7,-0.6517789990922448
RNF40,-0.8824944310333935
TYRO3,0.28599586277944755
WDFY2,-0.47050292344381056
ASH2L,-1.3510061865138514
ANKRD35,-0.8673834745772506
ANKRD39,-0.4736214921664493
NR2F6,-0.6569743378639897
CISH,2.1565897183958
ELL2,-0.6459897357416103
INHA,-0.7523749257603024
CTF1,4.584763196157257
ZNF80,-0.20143221966032465
LDLR,0.13227650591124088
CYP2C9,-0.9201888408925247
IL2RB,1.0500381562247028
TPCN1,-0.07180140685213282
SCARF1,3.0799108143440703
LMO2,0.5680092195210561
WDR81,3.289843781570344
ERC1,0.9698025615376118
CBLL1,-0.9827523266773314
ZMYND8,-0.9101979936181197
CASZ1,-0.6692321803477513
HERPUD2,0.619222469116586
CDK19,-0.8542721194132331
LPIN1,1.2995058736188099
KLF7,0.28997390299600895
KLF6,0.10449630745531727
KLF9,-0.27722393483272995
KCNAB1,2.215791614990011
MMP28,-0.21716514620020883
POU1F1,-0.4007612274828098
MAP3K11,0.16606433481917032
MAP3K19,0.0742508279315648
IDI1,-0.19093158749301578
JOSD2,-0.02425526747854194
SCRT2,-0.21859791685208763
RPUSD1,-0.5288279643626962
RARG,0.2807431300637522
B3GNT9,-0.6560970457430084
CACUL1,1.9624816566130319
CDKN2B,-0.6044473023455572
CXCL1,0.5896210600583556
CDKN2D,-0.7864644647727299
NEB,1.1167987641083155
PLAGL2,-0.6738257342387325
YIPF4,1.347742429923328
CCL2,0.8319721672441717
NFATC1,-0.8097414702328464
PER3,-0.3728847598029475
FOXA3,-0.10619313930165579
FOXA2,-0.6726978519652035
EPS8L1,-0.5962821452065256
UBP1,0.008542737722415672
GTF2IRD1,-0.5831768848141373
EPAS1,0.022120076411460708
DEPDC5,-0.14163676153540117
SLC22A5,-0.6028742350569966
ELOA,-0.8207184554018423
FLT1,0.4242994078181871
PODN,0.4192739766801074
S1PR1,-0.49920095603698034
AAMP,-0.12986170767977012
IL6R,1.5801750138105615
ASIC2,1.6810654588842613
LRRFIP2,0.8820143610059212
ICE2,-1.4859057528562116
IRS2,-0.5448903060047103
OBSCN,-0.6283346863345792
CEP57,-0.21631759037833756
CYP17A1,-0.9331395463110407
RGL3,-0.08453272738677604
XPR1,-0.4595245352329075
PRKCH,0.036997310403859625
PRKCD,1.198197350297946
SOX11,0.7423712507003607
HIST1H3H,0.34701936771003034
NRIP2,0.24518736623837648
FKBP14,-0.33238187632334715
FKBP15,2.2473732786478315
TBX21,1.0333609820451926
PPP4R1,0.21382216528417636
PPP1R3D,-0.2648113106957478
MAP3K3,0.9532750656091236
MAP3K6,0.6240325205981807
ZNF575,0.10674356772968335
ZNF576,-0.49563968718424867
KIAA0319L,1.0592113861424544
CTSL,2.6983139901130464
PASK,0.7617553641934944
OMA1,0.24576227070789838
PCYT1A,-0.07986494225028835
HIRA,-1.2149255202403098
CXCL8,0.009502980903665045
SPEG,-0.2255344820997573
FGFR1,-0.13820526744253883
GFOD2,-0.5760841982508456
AHNAK,0.14296987567509065
AFF4,-0.9227579524045154
PDPR,-0.5621661361288448
GUCA2A,0.43969780892782434
FOS,1.8911024637583544
HOMEZ,-0.742373429199666
PLPP6,1.9213997118140986
ST8SIA4,1.7775036816826169
ZBTB4,-0.31802017883761796
PRL,1.0223266725320703
DMAC2,-0.4777579145091792
KRT1,-0.10783888550075826
IL1B,1.124942219547739
KRT8,-0.005265573937170255
SIK2,1.4149057029625045
RABEP2,-0.48365732860777
PENK,0.5886951953597762
ZIM2,-0.29858020170445426
BCL11A,0.8717015561287301
SALL1,-0.2206165198975716
SALL3,-0.33915496829997527
CD180,0.6948419402608059
CYP1A1,0.4274116223484328
IL10,0.7314696723923696
IL11,0.2516457308470474
WNT4,-0.8756257945000308
IL6,0.5362962080506407
IL4,0.35179689873214987
IL2,-0.8154023300545568
STX17,0.6108342755732077
HIST1H2AK,-0.7997957641520218
RUNX1T1,0.2596434247338245
ANKRD16,-0.2883644657421328
TXNL4B,2.6293877160871175
KLF13,3.1210309717127998
KLF12,-0.4079524491858562
KLF11,-0.13170827867428786
KLF17,-1.0324450985462872
KLF16,-0.25102388546765864
KLF15,-0.7941537378321291
SP6,0.38626246747354587
NT5C2,-1.0044923482245973
SLC44A2,4.411536599147968
ANXA2,0.5595352509384154
ZBTB7A,-0.7429227767670343
SLC44A5,-0.30354145907715335
ZBTB7B,-0.6949789348713339
CYP2A6,-0.1646963991898009
UTY,-0.6410352782846286
CDKN2C,-1.1557967451423676
AOC2,1.7061946863738338
MFHAS1,1.1727466009111636
INPP4A,-0.25675202766590527
PHC2,-0.804516161031535
RNASEL,1.402499801431033
ZNF367,-1.170315328593853
ANKHD1-EIF4EBP3,-0.16543388279842466
BRSK1,1.6075669203570557
TLR7,1.8240357273914438
ZNF213,-0.5173191242701173
NFKBIB,0.206988158133581
NFKBID,1.2551466918317449
NOX5,-0.3888530181470281
NR5A2,-0.40960107385141636
DLX4,-0.6124254224899114
HIST1H2BF,-1.0769518209657427
FGF9,1.3168558322668675
HIST1H2BN,-1.5869310394352347
FGF4,0.14360019273882804
HIST1H2BJ,-0.9431586354462992
MISP,-0.5395476405871914
SLC25A40,-0.8065782695085676
TOX2,-0.397125161426804
JAZF1,-0.34436046159708045
RAB8A,1.721148043351221
SGCG,2.956827779502919
DUSP5,0.37003049660151405
LRRC8E,-0.0817180830841151
ANKS1B,0.2750635111864372
ANKS1A,0.11414150281189285
HEY1,-0.28514829631803007
METTL9,-0.7636967691440487
ACTRT1,-0.3398328743716342
LEP,0.5037953472102712
PITPNM1,-0.5125451268499568
NKX3-1,-0.93223147998331
PITPNM2,-0.21966727883967002
TBC1D17,0.9909734003811171
SP8,-0.3236466155949246
ADAM17,0.5529063712666624
DNASE1,1.5727423516903514
TLX3,-0.7113560526451885
UNC45B,-0.4006179474673689
ZBTB40,-0.46940929478924015
ZBTB44,0.6739672527067618
BRAF,1.9518703555610801
PCSK1,2.1223254148062023
PCSK5,-0.15218373493489062
HIPK2,-0.732680799512874
PMP22,1.2496633601592986
ZNF683,-0.9349756409504036
MT-ATP6,-0.5490173728250409
PAPPA,-0.21950984224344194
MIF,-0.5231450668572649
AHR,1.244456751068644
FDX1,-1.1401910442664254
KLC4,2.2562961362978378
MMP12,0.6948453283067816
CDKN1C,0.4382158625213994
BAZ2A,-1.0508896398397
EDNRB,0.06556993567859758
STX11,1.1360403789168958
APOB,0.06219924950082877
TADA2B,-0.7444805732236499
ZNF512,0.2543636357277081
ZNF513,-0.5500376636428289
HOXC11,-0.5807520983519595
HOXC10,-0.585966809676133
VEGFB,1.267837984798584
LHX4,-0.6215950708335412
TCN2,2.030531295159321
ZNF358,-0.2877505588584504
AP3M2,-0.0014132281644419825
COX7A1,-0.15533362411997587
CCDC186,-0.2552921317818907
HMBS,-1.1716211075102165
HIP1,-0.35828637424991
DMPK,-0.392578092190908
STYX,-0.529789061498617
ABTB1,2.6448511839740347
SPIB,1.5039425406768305
LTF,-0.22483442051107647
AFDN,-0.5401286653657137
TP73,-0.21282890703740312
LMOD1,0.004037368158073011
GPATCH2L,0.37648633006445487
NUBP2,-0.08554416292842791
CCNA1,-1.1358379448667375
VPS29,-0.5947430844708534
ESYT1,0.7483444412911454
PGR,2.154661470858554
CXCR4,0.9511745557228617
JAG2,1.0725238354020024
KLF10,0.7317088691513379
E2F7,-1.0210713667661377
CA9,-0.8290519424424512
E2F2,-1.1888886852637381
PPP1R13B,-0.5696776952889225
MGAT4B,1.0206966186311524
PPP1R13L,-0.4616739585619161
EVA1C,-0.2596465805956796
TNRC6A,1.406277957508255
GATA5,-0.23850845679366064
ARHGEF2,0.7510214021459216
CDH15,-0.0960971529092473
MEF2C,1.0307175864593194
ZNF232,0.5194191185276139
CLCF1,-0.1717419259575427
GH2,-0.6482188686263429
SPRY2,0.6984259421269896
CSF3,-0.11439347948625643
PLEKHA6,1.3888668153858597
RRAD,1.0788835529479257
ZNF691,-0.173907607910411
CEP68,-0.5190590596637642
SLC44A4,-0.22540278419889603
ATP7A,0.3295002024137311
COPZ1,-0.8613591197353264
SUV39H1,-0.4921750507096653
CDC42BPB,-0.5144976405370015
SHH,0.30115307857122015
EPOR,-0.4950149515922738
PLA2G15,1.463135055668197
NR0B1,-0.8048677713144039
ZNF503,-0.005771888461280996
PCNT,1.2205534577464792
INTS11,-1.0240203180740195
INTS10,-1.3152265127156422
INTS14,-1.2054660642720723
USF2,0.9867594208535098
FBXO24,-1.176269409580855
SATB1,-0.7618518271991689
STX5,0.694787750715064
STX6,-0.3088925277924575
SLC5A1,-0.013146642927501149
RAVER1,1.4338130152655955
ZBTB3,-0.3779959321363911
ZBTB6,0.5479832922817042
ZBTB5,-0.4387380830361369
CYP21A2,1.37875822206431
ANKRD30BL,-0.35579635870641674
CHRM1,-0.4799665303653181
ABI2,0.33086079286585185
ROCK2,-0.7726517787698326
CYP2C19,0.21721938880657132
MMP9,0.8047015999844902
CD209,1.2260397257987077
CLN3,-0.407187927603878
ENSA,-1.117377471571589
LRRC4,0.10124110676992945
AQP7,-0.4433824208889527
ACOT8,-0.5828713978569547
ADCY2,-0.5884402842274926
KIF27,-0.10723374525068984
ADCY9,-0.8819762360998457
DOCK8,0.8671927367531047
ATRAID,-0.08129802203338674
MED26,-0.9439492167963834
KANSL3,-0.4815045638916904
MEIS2,0.5469783545636883
MEIS1,-0.5277575146334279
PLEKHB1,0.8819208728743481
JUP,0.5505335185684695
PARP8,3.589516140964825
MIER1,0.845094594404981
BTK,-0.8053397091026666
IL13RA1,1.069374744394796
HIST1H2AH,-1.1134070234789948
FGF22,0.8111914791699035
TBX3,-0.14011817736496843
ZNF32,-0.480653990121486
C18orf25,0.9296486261046822
ZHX2,-0.31255093658255184
SUSD2,0.08552741394912589
PUS10,-0.5332328407748624
MT-ND5,-0.3888399566308947
MT-ND4,-0.45922628592429116
ZNF785,-0.3926325544628104
FOXD2,-0.035699255853586666
ATRN,1.5387425730750572
ZDHHC7,1.3672415448160626
ATL2,-0.667862808295298
ZNF408,0.6474456921871014
LENG1,-0.5025328811353404
SNTB2,-0.2229912697765585
MYBL1,-1.127709717851443
CORO1A,0.5840117270167712
SOD2,1.167153422111974
PRDM4,-0.7897179929607867
PRDM5,-0.644790105233511
PTHLH,-0.7270190814003226
PDXDC1,0.4958990714012861
SLC22A1,-0.6430335536877942
PDE6D,-0.4758438113054023
SPOP,-1.1415715193020572
GTPBP2,1.1871788562910257
CASP6,0.8890895363865453
TSEN34,0.5807401994413268
NCAPH2,0.18657699099829544
CASP2,-0.8033186164145426
CASP9,1.5717139556139772
PURA,0.8209658901307298
PORCN,-0.849733164999576
QTRT1,0.3123365890932208
GLG1,1.5015312507736123
LRFN5,-0.33752468711023986
RCAN1,-0.5227204686414912
ZNF222,-0.3468350566856929
ALOX5,1.1573303545992517
COG7,0.21842048170310965
SNAPC3,-1.1187553877238698
SNAPC2,-0.8872152911801522
TIMM10B,-0.5910973114724114
SNAPC4,-1.1934137032628642
SERPINB2,0.23137579490285617
TAF13,-1.0363791627712888
KLHDC3,-0.9290983395519956
AKT1S1,1.2155862735531069
ZBTB37,0.16941469450415875
RASL11A,1.4268824016264774
HIST1H2BL,-1.6436420220998313
KIF3A,1.9023621410091966
IVL,-0.1606396853050418
FNBP1,-0.5699199451175527
PCDHB16,-0.9770420434216864
MPZL1,0.7157287671525419
HCFC1R1,-0.23184010219938084
FGF19,0.783182207586982
CITED2,0.9126123586873124
CGB8,-0.2801595936797477
ELL3,-0.9984359653776342
DTNA,1.555986741614682
CNTLN,0.1977553182140332
ZNF524,-0.35222385885256996
GTPBP1,0.20093957884652108
DCAF11,0.011725802704279474
DCAF17,-0.5703123829459267
DSCAM,0.733964344784401
FEZF1,-0.4289568720194795
FEZF2,0.14099657229850235
SLC35E1,-0.4300094843482946
DAPK3,-0.022150823437000377
EIPR1,-0.981339056712289
KCNJ11,-0.29943564424499486
ULK4,-0.6425094676277852
KCNJ14,-0.4269511153282185
POU4F1,-0.4954046650182216
RNLS,-0.2559405319697006
PTPRJ,3.082883193320955
PGAP1,0.7680585261671175
ZFY,-0.512185862035676
ANKRD23,-0.44241367537041354
MANF,-0.4803316869883946
IRAK1,1.6209642089728693
ZFYVE21,-0.10878830604001676
GATA4,0.06553134304668479
CCND2,0.1988708673713357
SNAP29,2.7606193047032876
ATF7IP2,-0.76933641704659
PRR14,-0.6814834055754817
CSRP3,-0.46971149338880547
RASL10A,0.5772049257478743
ACVR1B,-0.8197967906596021
PANK3,-0.5650628827884027
PDLIM2,0.162297409301611
SCGN,-0.09382097261355937
RPRD2,-0.9491797256011791
TNK1,1.236444055199774
TFAP4,-0.8060221862863342
KRT16,0.29316433041309164
ABCB10,-1.1156730649561235
PRDM1,1.4100507398048818
HES1,-0.9050003195829759
KRT19,-0.8402824642501834
KRT18,0.5042878816978705
KLHL24,-0.5638235712883659
CAPNS1,-0.06220093909732555
TLE3,0.1916685548330105
PAG1,2.8783398023076643
KLHL28,-0.3287285046650274
TLE4,-0.6459921364109498
TAF10,-1.0987199161529797
HIST1H2BK,-0.3515733576772566
TLR8,1.4280553579795685
ZNF212,-0.5061452704916163
RXRA,0.8463970254745518
RXRB,-0.26832846974816443
GLO1,-1.6874288723285593
BCLAF3,0.13363050436233814
NTS,0.39495324826861855
IGSF3,-0.007971694420781779
MITF,1.6813314459763455
MYOG,-1.0089119443371204
ZNF646,-0.36475029677650855
HSD17B1,-0.6109876487069645
ZNF644,-1.0042505416050467
HSD17B4,-1.3877047736403871
SLC37A1,-0.014219267300660702
BACE1,0.2827013480472441
KIF13A,1.8743115189731379
ZNF467,-0.49343783225459537
ZFPM2,3.035882136605689
PKP3,-0.8739959257818252
EGF,-0.18552900320461485
SLC25A10,0.3904463092827589
SLC12A4,0.4859926226190406
EXT1,-0.14353644462165813
CNOT3,-0.9606362981441707
ARID1A,0.5464222940076358
ZNF280A,-0.6349599881058278
YIPF1,-0.19876446952875476
CNOT4,-0.9268689236673205
TYR,-0.6499239653341055
STAR,1.1608631724318172
ALG1,-0.4823056149694363
ARL4A,-0.34797713273251313
SLC11A2,-0.5126595252499462
GCC1,-0.30666801031522173
SMYD4,-0.793781472632955
IRF1,2.151330738064914
PCNX1,1.6559853951619112
CD99,-0.21105649526338008
MAOB,-0.49111644265134363
MAOA,0.3531673752964965
SNX27,1.3689863506807383
HDAC7,-0.5989069689339928
CASP7,2.633407217527723
ZBTB10,0.4529721944761238
SNCAIP,2.788326960565928
TRAPPC12,-0.5456154647920913
CNOT9,-0.3407785015555737
ASCL2,-0.5418773430916909
OMG,0.02133572507342668
KIF1A,3.7739761451830707
KIF1B,-0.1968269894717772
NEU1,0.9911714346936409
SOX8,2.9222668182958698
RPRD1B,-1.0127943429682094
SOX5,-0.5637255390452556
SERTAD3,-0.4109051372081865
BIK,-0.24479571100312472
RAD54B,-0.7759767598644737
CEBPD,0.9661751861875197
PITPNA,0.5812560557603468
MED14,-0.689479957836611
ABCB6,-0.5145881064366343
LMAN2L,-0.23843343428337205
INTS3,-1.0805785241697208
INTS2,-1.1156957782712889
INTS7,-1.4411797872981817
NOTCH4,-0.4961684202797041
PPM1N,-0.24455687778881272
HSF1,-0.2774289723231881
CASP8AP2,-0.25960493304899224
ZNF384,1.8860695475451172
LINGO1,-0.22819501988277854
BHLHE41,-0.33483969825512105
GADD45B,1.0677082147390784
CETP,2.563164196856101
SLC25A28,-0.3296609317098706
MAN1A2,-0.5870164198382632
KIT,-0.29558945329893277
MYT1,0.5133348502743947
ZNF274,0.2361142353607388
LRTM1,-0.4492598307484412
SDHAF2,-0.43127456371040584
GBP1,1.5790001033329821
CYP19A1,-0.5637438544652261
RPAP2,-0.8086687161393715
INSM1,3.685390681603968
STRN,-0.3447868793075331
EGLN2,-0.391479509444914
TFDP2,-1.2444234318771097
CADPS2,2.4980735106534246
CCDC14,-0.2080961302354174
APH1A,-0.1719125025977346
STAT2,0.9325543453267827
CD83,0.6994949376425688
CHRNB4,1.6968984931974003
HBEGF,0.06543326388256607
MARK1,1.053237895791367
FOSL2,0.6819037890632046
CYP7A1,1.3540322375259313
PWWP2A,-0.6333692676471705
DYRK1B,0.20751612141121992
NEAT1,1.8550688858858613
ISOC2,-0.7630274608654719
GNAT2,1.1976691756829787
ZZEF1,-0.30512965691719024
PDE4D,0.8260589513320462
STIM1,-0.9209829551307649
MAP4K4,0.054311853726154026
WT1,2.4720495477530715
LIMK2,-0.42259637299944786
WASL,-0.7167474115060944
TEAD3,-0.4928210845408941
TEAD1,-0.4250754260585412
TEAD4,-1.1022153025917092
PTPN21,-0.6645628859548351
ESRRG,0.11635350710761447
HSPB3,-0.20020568661702884
OPRK1,0.9736665354204209
ZNF710,0.3421522716268561
ZNF711,1.3725814848647289
DHCR7,0.629617294426989
CASP10,-0.24066097330907693
BDNF,-0.2814784417964109
ZNF76,-0.7325455697914902
ZNF668,-0.6544449319535011
MSRB1,-0.4886594159137356
RSPRY1,-0.2654993147706921
HELZ2,-0.4781104414277947
GIPC1,0.6109929102561331
ZKSCAN4,-0.6734413161413384
PDGFC,0.7506371004468508
BET1L,-0.021681750132444843
TAF8,-0.5357004703219231
DDAH2,-0.13554176154123873
RTN4RL1,3.6534017443873528
DDIAS,0.13568137234069597
IKZF2,-0.5617418410575259
CGN,-0.39618203154196585
HMGA2,-0.004936315364161945
ID2,0.2648073292877359
SREBF1,-0.061241777291124656
TADA3,-0.9455349945945132
ARL4D,-0.40165056886779354
FSHB,-0.9432779686031137
GLI4,0.17954431608448332
LUZP1,-0.32614007382477445
ARMC5,-0.7550821377217652
NFIC,-0.0005689875928388204
NFIB,-0.23096048859951704
CD163,0.9385683454220425
KDM8,-0.8633912919704447
NFIX,0.809249764933124
MCCC1,1.8910052632289003
TMEM80,-0.5028398401118682
ZNF830,-1.0251038074449887
FKTN,-0.5784564868765397
TSC1,0.24960387352924815
PIN4,0.05934428057078355
RCBTB2,0.6853358429360462
SYNJ2BP,-0.5718919528493641
NUDT6,-0.7898927318158759
TJP2,0.31194591751985457
ERCC8,-0.26590157102856476
UVSSA,-0.9286598986448701
NSMCE4A,-1.6176864527140071
DVL3,0.28970881809834403
BDH2,0.10156779119187102
ZNF518A,-0.6077910572079605
LOC107984056,-0.4815152351025036
GNPAT,-1.609784636626606
DCTD,-1.2989391232293823
HSPB11,-1.1646430347588514
PARP3,0.09127378151702045
POLE4,-1.3377226165987175
LIPT1,-1.0536497917273373
CEP164,0.6349797757544365
PPCDC,0.7426530927127974
SLC38A2,0.35642510858188625
MLLT3,0.19268164564852414
ARID3A,-0.6521889151085858
MLH3,-0.8494509438694854
LYRM1,-0.8836448464757014
ABITRAM,-0.6698378450030275
PMS2,-0.9997567804635636
BCHE,-0.2697675811321098
ABHD10,0.2237200457958948
MUTYH,-1.1823732463347096
SPHAR,-0.9136321582637247
HUS1,-0.8524029269877035
POLD3,-1.052699961515192
PDCD4,1.0381947323478862
SETMAR,-0.7270658280108381
IFNA1,1.9669724644308424
DDX58,1.9210267623600008
PCSK7,0.011880933373440393
PCSK4,-0.7474282514019833
METTL18,-0.28805867694975035
NPRL2,2.340500901451553
MBTD1,-0.8767082047233374
TCF19,-0.700486334825997
ETAA1,-0.940245423015086
TMEM267,-1.15896882960687
ZNF341,-0.33085954514659327
BICD2,0.3180597340392304
ITGAD,0.07133055091263374
GOLPH3L,0.3691765442121579
PELI1,0.9552311340587621
LMO4,0.6060763426456804
ABCA2,0.7001155712115209
JRKL,-0.5487235107251988
HSD17B2,-0.736097655210279
ITGB8,-0.11370252798740989
MAP3K12,3.05151963508375
ITLN1,-0.010137737464823809
CBR4,0.13054160973758105
FUT8,-0.21598073281863814
CHI3L1,1.1334565437802377
MDM1,-0.30299829104886206
WNT10A,-0.7321215736608453
MIPEP,-1.4958098471163994
PTAR1,-0.2043733977439378
FCHSD2,0.17868300160993303
CASD1,-0.6249702638596107
DPYSL2,0.802326978379542
IRF2,11.234855150626224
CIB3,-0.2467307519158715
MTO1,-1.699814546971405
BPI,-0.266485118613005
SLC20A1,0.9629837889175826
BCKDHA,1.4626073372833204
AGER,-0.26479359452959833
CHSY1,0.8908542594418961
MAP3K4,-0.2452379288423616
PRPSAP2,-0.33951750856870244
LRRC1,2.86832512580933
PTGS2,0.32693182777488333
ADCY7,0.04759412513993025
MYCBP,-1.831063776099249
MSANTD2,0.1339353529225796
UNC119B,-0.37101974690944045
AFF1,0.18769502783078157
UBXN2B,1.2705879298084277
SPANXN2,-0.27976582845060644
SEC14L1,-0.14547771992831116
ADAMTS12,-0.5863024931452838
ING3,-1.3424222840810698
DBR1,-1.1601179926295326
MEMO1,-1.117158168894449
LRRN3,0.42500928014542966
NMI,3.0698246704638423
ANKRD10,0.06904616116015236
TSC22D2,1.952126876851121
LRRC8B,-0.042397140760206974
GGNBP2,-0.3789071268606429
PARG,-0.6895498106135617
MTM1,-0.5704539416528737
SPAG1,-0.6291956256554373
HHEX,0.8999307617381059
ULBP3,0.2649592725404875
SAMD8,-0.18705277832910328
MTFR1,-1.1770811594327621
BTG1,2.401571740207006
GABPAP,-0.9918441150109369
ASTE1,-0.7490887259897782
AUTS2,-0.4865393904414229
RMI1,-0.9832991123536698
DNASE2,1.3518620707194176
SGCZ,0.24286460968947046
BMF,-0.11505875252934677
SNRK,-0.4155920550824646
FOXN3,-0.19068096738267237
RANGRF,-1.1349509033562475
TTI2,1.8258575956436343
URM1,-0.881160802583889
NDUFA9,-1.8157764474165463
MPV17,-0.9985984612511166
NCAPD3,-2.163933079628414
CIZ1,-1.0157865617513455
EMC8,-0.4936586901796406
ASPM,-1.776882276715456
TBCB,-1.4017085188034375
HMGB3,-1.2615347811952637
ZFP36L2,0.11932575053735539
CDCA4,-1.46681896542539
COBLL1,-0.501765067742333
TLN2,2.37344626441339
TMEM100,-0.04166683847036876
UFD1,1.0937332781116065
FGG,0.4194122712942467
PHLDB2,-0.40676163448803343
HSD17B10,-1.307362159272784
CBX8,-1.1952761771141465
FANCI,-0.8114216723817606
JPT2,-1.30651309681636
ENDOG,-0.9592687865341514
AICDA,-0.7130613975454837
POLR3K,-1.6191872521202049
NSFL1C,0.7572457197777985
DNAJC21,-0.6678725679431453
PDCL3,-1.0957882120981346
PRKAB1,-0.9940327282853215
GINS2,-1.961274763296149
MARCKSL1,-0.21834267395450768
PTP4A3,-0.45437823184374837
ADRB2,0.7190866739066922
PALB2,0.036164012529164555
SOX2,-0.4389764636484376
RBMS2,1.5099599334140417
PEX14,-0.7402118907418377
NLRP6,-0.6969341162633841
FAM83D,-1.0050766623275607
MTPN,-0.6477093649828958
MPPED2,2.824448605204175
NDUFS6,-1.8686908420850035
CKAP2,-1.5694473146197971
TMEM109,-0.7065951407298239
CENPW,-1.3881271949010796
TRMT12,-0.9530906914282953
EVI5,-0.3838782898524302
COG2,-0.4406340490961886
KLHL7,0.3023642398044262
TROAP,-1.4847873905890803
H2AFJ,-0.7005355910441063
NPLOC4,1.1381623775953689
HSPA12B,1.8500551604165267
HSPA12A,1.8433342965847623
TBRG4,-1.1144028343267895
AIRE,-0.8582916441588683
BCAP31,0.45664665222382295
STOML2,0.7608457188141536
PSMB9,0.8690421565617332
PSMB7,-0.7667525818418607
PSMB2,-0.36434735677876706
ZC3HC1,1.775521496909909
PLS3,0.3948618396304666
AP5Z1,4.127738683829367
BICD1,0.26535145088955775
PLPPR3,-0.3212956861813853
NDUFB9,1.9862375544814739
DYNLL2,2.635846185957736
SERPINC1,-0.22779046721035445
GADD45G,-0.3787503581677051
CCDC13,4.4278784883367
ZNF648,0.2659695884485412
KIF5C,1.9929104808914877
GABRG3,-0.1659865203092748
GABRG1,0.9802660209452094
CCDC113,-0.2354066965582586
ZNF124,-0.49273605028108625
GPRASP2,1.2976079589442018
GABRA6,-0.2356286702564696
CPA1,-0.4730403885823391
ING5,-0.7872043799978624
C7orf25,-0.5237946712630154
DNAH7,-0.4777557402759923
DNAH5,-0.2512052021333683
DNAH8,0.29909461974194695
GABRP,-0.004762302710665558
MSGN1,-0.19992207864260397
GABRE,-0.14650200387994416
CNRIP1,0.5403991257610627
DEFB1,-0.5649946665022538
AHI1,-0.2950804616476615
TRPC3,1.3601384020968799
GABRA4,0.03396552144888651
GABRA3,1.4369283569892874
GABRA2,0.7185172004489163
DYNC2H1,0.36234452408778667
GABRG2,2.23392389847382
PDCD7,-0.8478347598028332
PFDN1,-0.8429274861944022
DNAH3,-0.6179099921087992
COL9A2,0.5936356702773175
CEP126,-0.2903794363050227
NEUROD1,0.7295599277679584
NTN1,-0.6035028180673481
ZMAT2,1.6610442277508137
GABRQ,-0.21086972102965637
C1orf216,-0.34115724274225406
NTF3,-0.36039999313456444
TAF6L,0.1536588737874412
NAP1L5,0.7084659844396454
TGFA,-0.5771369094186791
DNAI2,0.20767189836414024
DNAL4,0.19968640359473971
RHPN1,-0.45545100044330883
LZTS1,-0.47500235694058734
MMP7,-0.47410112546991895
PPP1R18,0.10504806686058357
ZIC3,-0.11724069191816737
FOXK2,0.6951761362168023
DNAAF3,0.31678583258864595
SORL1,0.39668315925023534
PP2D1,-0.9711068654876426
NCALD,-0.2077510886092777
CCZ1B,0.032966777710920096
SPHK1,0.7122737267317221
GFI1,-0.3583517548125738
ACTRT2,-1.0427243974342435
HOXA2,-0.6934604671808665
MON1A,-0.11899897809276777
RMC1,-0.14996883305114897
HIF3A,-0.47826705608652686
JPH1,-0.26863088176722
VRTN,-0.5801787411851547
PCDH11Y,-0.2819229977396189
LRRTM2,0.17020497673758786
PPP2R2B,1.2192976612898043
ENC1,1.2766110844208467
ZNF770,-0.7148119976280596
RASL10B,-0.37402085223565784
RIT2,0.1727627363834124
KSR1,-0.7065409023931307
KCNQ2,1.173240079121726
RPS6KA6,-0.48596482913949063
DNAJC4,-0.7896976393176319
TMEM74B,-0.11953174552379031
ZSWIM1,-0.18682755624885164
TCEA2,-0.6480096275127701
ETV3,-0.7202008649453646
ZMYM3,0.2764481422104366
PDE1B,-0.29340020616127943
OR3A3,-1.0233481707909444
LRRC7,-0.2805776110717513
SCN8A,1.6508847128909678
AP3B2,2.0840605566087094
ROS1,-0.6624916965706743
WNT10B,-0.5969273341917085
CDH4,0.42462935625240283
GDAP1L1,0.7091077854075816
PRRG3,-0.005608092287937314
PKDREJ,-0.3147336005238593
BMX,-0.7906011063151395
DPYSL4,-0.024254920175918664
TEK,1.787430040904898
PPP1R14D,-0.6511669729863824
SARDH,-0.7172528389092232
OR1D2,-0.8375946866752658
NEURL1,-0.010214415238977457
FANCC,-1.042949140827857
TGFBR3,-0.5953403866748793
RIT1,0.5451209977194523
MERTK,1.2929551423085324
TM6SF2,-0.47746115861405886
NPAP1,-0.4883342711719816
OR10H2,-0.8668939934810227
SLC22A13,-0.7011905169575187
AGRN,0.6583014435746969
ZMAT4,2.3412641172592976
CNIH2,0.17943040648173494
CHRM2,-0.23345697990728223
CPLX2,3.317107964769377
TLX1,-0.7532367882290071
KRT38,-0.6607180412922108
OR10C1,-0.7432824344509891
MAP3K9,-0.5393447885230971
SFTPB,0.4393553177827284
STYK1,-0.32118515216634114
DCC,-0.6853123708676448
HRH3,-0.6545437631410306
HOXD9,-0.46338782993618494
BRD3,-1.3584633597524176
LRTM2,0.9411592218997783
ARHGEF4,0.020077660851114575
ACTL8,-1.0047388427124209
SEPT3,4.747403272188325
TNRC18,-0.3708134358027786
TSHZ2,-0.3815738362980371
ST8SIA2,-0.584145127823272
ATP6V1G2,1.3317480124691103
MAGEC3,-0.37115805567815247
DNAAF2,1.8316269525274713
CBLN1,3.2391291651345653
EPB41L5,0.7033737282890353
CCDC33,0.35189351142952213
KCNH3,0.7115578980546404
OR1F1,-0.7923704934491601
HLA-DOA,1.9383060422550933
HLCS,-0.08626826384929244
CDH18,1.8261072360163921
NCKIPSD,0.6707915524968878
MINK1,-0.3212753467396303
PRICKLE3,-0.4396735690698907
NAP1L2,0.041564837720510846
RGS7,2.8285550167578046
KCNS1,1.4794854632426573
CNMD,-0.5391489709079065
CYP2A7,-0.32116728583932597
FXYD7,1.5548129462635816
TTC7A,-0.0742903949786015
NDST3,-0.08341507423239386
SCAMP5,6.431494382951588
BRINP1,1.9567592564192127
CALN1,0.17442417250408807
KCTD17,1.0955596000907442
ZKSCAN3,-0.6655714252977186
EXD3,-0.5631014516882286
DCLK1,2.5644553996540544
OAS3,1.4948347363053667
BTBD17,0.6137745842494483
BEX1,4.1879331286476775
CPA2,0.7174428776221813
LZTS3,0.48882411276630866
PLPPR1,0.22980105664675973
WFDC8,-0.809126440182929
KIF3C,3.393371803045887
OR7C2,-0.8754269394388724
HECW1,1.5275422119839652
CLDN10,1.5409766999577357
CNKSR2,0.13347370348656443
UNC13A,10.769597772127987
KCNB2,2.4316967163281276
KHDRBS2,0.18192412508361636
ATCAY,3.6511307726417033
ZNF483,-0.6394442434866672
IFNA5,0.7203502203599151
NNAT,0.6150090989800491
OCLM,3.4501132802187944
MEPE,-0.23996873851077535
FAM155B,0.23991089371694074
DGKB,2.735907462591002
BEX2,0.5077016106065846
SHOX,-0.7054007465020469
GPC4,1.0966652682701785
MYNN,-1.0190734375820896
KLHDC8A,-0.6106850057777835
CCDC189,0.009985874611650339
SCGB1D2,2.770568981934354
SPPL3,-0.16278783669205488
SLC2A12,-0.5893541487074923
SLC18A1,0.19524183368821182
HM13,2.0636442363895653
TPRA1,-0.43888032453626064
SLC6A15,0.14997183556363888
SLC39A8,-0.6743725155202767
SPPL2C,1.4809837088319915
SLC15A1,-0.6459118440130254
CHRND,-0.6521340988416836
YIPF3,0.23376805471242468
SPPL2B,-0.5478164436396634
GOLIM4,0.8717299632773075
SSPN,0.4752354359265673
RAET1E,0.029617423707695857
MRAP2,-0.35275929999249916
FCHO2,1.0318730883947942
PARD6B,1.671398246008092
RAB5C,0.09316253491475247
COG3,-0.1741715263483127
EXTL2,-0.7285800176282685
COG6,0.3866017811835716
COG4,-0.02842539624422129
NFAT5,-0.22353618927785968
ROBO1,-0.2976771992835745
PPFIBP1,0.5321886347341671
AP4S1,-0.01990288810778892
HAUS7,0.07415924728314266
SURF4,0.16501505317280918
EME1,-1.094560168024866
GOSR2,0.22162498617237095
SLC39A4,-0.42160561433897303
DSG2,0.7931058797814693
YKT6,0.3794996042247578
GOLM1,-0.3312988306872148
POMK,-0.40432761433720993
TACC1,-0.44385290308608494
UST,0.04109431751422952
TRDN,-0.17089687286598562
C5orf24,-0.43609509774841204
KCNS3,-0.23720077556681568
FCGRT,0.980863496622755
COG1,0.22231573847473307
ACBD5,-0.08985245838254304
AP4E1,0.4785254810201253
BATF3,-0.10266568024572388
PON2,0.5202605948355938
FUT1,-0.5940954711558014
OPA3,0.020616241158897874
PHYHIPL,0.8984012560177953
TNFRSF17,0.1691867899660245
PCDHGB1,-0.1676198243516807
PCDHGB4,-0.1822132485106419
HSD17B6,-0.8388894744200879
HAO1,-0.8753906594443178
TIMM23,-0.636075313073104
VPS8,-0.17804148929268782
NAPG,0.04985535717971419
METTL14,0.9625926346920944
ARHGAP17,2.07503755648754
MX1,2.084034642571357
MED11,-0.5189100987756868
DYNC2LI1,-0.35252157579523985
SENP5,-0.7406188395604306
EPS15L1,0.4725214288995182
OTUD3,-0.6295605914637046
MX2,1.631857065308948
IFT88,-0.03759711969485332
NCLN,0.8597515350327578
SUPV3L1,-1.5852167942707776
TBCCD1,-0.9543812042810652
RINT1,-0.7226989425097312
YEATS4,-0.1524756627762056
FAM122B,-0.5008698229274513
MED8,-0.7883992591926646
HCCS,-1.6342216791568787
MLLT11,3.8250117072081578
TBC1D31,-0.7445742382657617
COX15,-1.086563074318838
FASTKD1,-1.45441337333306
TRIT1,-0.48897365320585273
RABL3,1.3026471188239355
MED10,1.212921310061676
SCN2B,1.1326651376598273
NR4A2,-0.5091701957836896
MFF,-0.7183763952858071
MED18,-0.5493730462159961
INPP5F,-0.39440732448378474
INSYN2A,-0.6049553889932948
TTC19,0.21929741719230705
ZBTB24,-1.0591563979740346
MED29,0.523990155772685
MED20,0.027906980563706912
MED9,-0.6917625493541674
MED27,-1.4083974302388416
TIMM8A,0.18530908728091516
FAM174A,-0.12386217360408704
MARK4,0.7105321115139984
ATL1,2.6773229669761482
ACTR3B,0.8012796170248802
GTPBP6,-0.92301961135228
GTPBP8,0.6198432351229703
COQ9,-0.23464522662534532
ACYP1,-0.8027896575903631
TMA16,-2.0133924920684483
NIT2,-1.5863599904916685
MED30,-0.3352290500960538
MED31,-0.7654806778956513
EHD4,-0.19572791145584922
EHD3,0.6148805918253143
SACS,0.19849179074009407
PEX11B,-0.5848984629590469
KCTD9,0.38313498085711806
VPS13A,-1.1260495746209163
TXNDC16,0.5121526832038064
MIEF1,0.3444605674864615
LOC100996763,-0.0022703679878031137
LIN7A,0.35129392368195594
ADCK5,2.820980269494309
MYPOP,-0.48973892436377625
KRTAP9-4,0.9894102038631138
KRTAP26-1,1.6267396537539038
RPS19BP1,-0.5223418857463237
FAM124B,-0.412819503867351
SEMA4C,-0.45246019544273497
LMNTD2,-0.024302629218993958
LYVE1,1.4544818437519316
SMOC1,0.4888600584358576
DGCR6,0.6737581322244871
XCL2,-0.48048786425628304
CXCL16,-0.1703611479074156
AQP1,0.5746640325725184
CNNM3,0.18288831659741384
KRTAP3-1,-0.03419684196775623
STAC,2.048704745070542
TNIP3,3.048935405831224
INO80B-WBP1,-0.47064004191718994
NMU,-0.910708337375965
TSPAN4,1.4325212335303803
TNS2,-0.1230311605113739
KLK8,-0.5993520708206742
CXCL5,0.5279141710278376
GLRX3,-0.6475100952810975
CARHSP1,-0.8381176079303089
ZNF446,-0.5058001008192922
CRY2,-0.0206445322616283
C19orf57,-0.5222191952989603
KRTAP13-3,-0.03447369370266847
KRTAP10-8,0.398622509072647
LCE3D,0.3011547025795562
LCE2D,2.22706463368002
KRTAP10-1,3.9076423420589435
SPINK2,0.1917907309409829
MAP11,-0.2887024349483318
DHRS1,-0.40468279252948847
CRACR2A,-0.617613227697885
DGKQ,2.599259652427693
FAM221A,-0.21751211300855994
TMEM150A,-0.17542873475265763
DMRT3,-0.197682634573686
PCED1A,0.480548791436035
RASD1,0.15517578902898507
PCED1B,1.431190893403297
DOCK2,0.8090007109952774
LRFN4,-0.7452664078095599
FZD10,-0.7501888004829987
HSBP1,-0.5580708301769315
LCE1D,2.811464850291981
LCE1E,2.745233204442865
LCE1B,0.4971310564400044
SELENOM,0.5664511306191097
ATG9A,0.5843317769904229
KRTAP9-2,0.3871818395728062
KRTAP9-3,0.3364391763239961
KRTAP4-5,0.9309204002754309
KRTAP4-4,1.1782608527574778
FAM71C,-0.8558900027328358
CHRD,-0.3540088743459739
CDK5R1,1.5470694450134572
ALDH16A1,-0.38326243121400616
CLDN2,0.34625966940777037
LOC100996750,-0.01585155268387152
NPPB,-0.42238911165517795
CCER1,-0.892476013975259
HOXB9,-0.49686061543480503
GFOD1,-0.575767898289309
MFSD13A,0.5288198030535263
KRTAP4-11,0.574796077632577
KRTAP10-11,0.4159565875810178
KRTAP10-10,0.5699451816859061
PID1,0.5181999777033803
KLHL38,-0.1587207196848077
F10,0.4766899720797045
TRIM42,-0.2877028591717439
CRCT1,1.6161030475954457
ZDHHC1,0.08457449615492703
TNK2,0.20184267633169764
TCAF1,-0.610859139971079
TNP2,-0.560995523223045
KRTAP12-4,0.1778178940060552
TMEFF2,0.93282708805598
ADAMTSL5,0.010337981656644433
KRTAP10-9,3.045831341681774
NPBWR2,-0.6138425195722192
LCE3E,1.197421842586558
PLPP2,-0.2915343923314109
PRR35,-0.474206140226548
FARS2,-1.270598420064158
NPDC1,3.0063057071985373
CTSZ,1.60574682370473
LCE3A,0.628941079639521
RECK,0.20759228360697315
LCE2B,1.7797250354837202
OLFM2,5.816395078179766
FTHL17,-0.6607687114489822
OTX1,0.8266150365683324
ZNF837,0.01897379077678658
CHDH,3.4707693735537446
CLEC18A,0.3966022996452018
MXD3,-0.6056370696050734
KRTAP4-12,0.15430565480458192
KRTAP5-5,0.836344055013266
PVR,0.6557771283614997
SLC22A23,0.005310920203386679
POMGNT2,0.06383938967944543
KRT83,0.920013247377561
CST9L,-0.8660406885064938
LCE3C,0.8606536004366123
NECTIN3,0.15111719710275068
WDR25,-0.17897036114947085
CST2,-0.35899942588237493
CELF5,0.4282706326602177
KRTAP12-1,2.4780616004814
KRTAP5-11,0.9628797111738654
LONRF3,-0.06267708680047114
KRTAP5-7,0.3681691459109461
KRTAP2-3,3.975183511626604
FAM71E2,0.8844845195035647
C11orf87,1.2644061827878057
LCE2C,1.1426210438786117
TRPV6,-0.14018163296534963
ASPSCR1,-0.030833994059114016
KRTAP9-8,0.6112906848026515
PDE9A,-0.28413339042266583
SLC23A2,-0.03432098904082111
NTM,1.262440914586399
KRTAP4-2,0.6628605005824278
HOXA1,0.1737770749144028
MELTF,-0.09616297539434962
NEU2,-0.08710051633041707
KRTAP5-4,0.5930089543830117
GNMT,-0.6722871685938746
LOC102724770,1.3324764308739767
SPATA24,1.3120282731493986
CA6,-0.49187524765601265
GNE,0.7091469897223307
PLEKHN1,-0.27300119462549816
P2RX7,0.197597483030223
FAM90A1,-0.5835735600176386
PRPS2,-1.678337281120719
TYMSOS,1.5584861009173123
TMEM41A,6.949224150411283
KCTD15,-0.028340874587928347
LCE5A,0.42377000730570874
CATSPER1,0.02003235189587999
THEMIS2,3.148713213175662
HBA1,0.9605169458742104
KCNS2,0.33600447078371337
FA2H,0.20945922403383702
TTPA,1.73800363875413
C19orf66,1.5901353766155788
TNFAIP8L2-SCNM1,-0.29584510704866246
KRTAP13-4,0.7122618125667539
PIGS,-0.2022843155882259
ICAM4,-0.08384185874870133
RAMP3,2.4259983438916985
KRTAP13-2,2.0691987050055016
TMEM231,-0.17321432460075864
CTSG,1.3807128777813513
P2RY6,-0.33547150498156003
BCL6B,0.5125050054608414
NMUR2,-0.6770722357103914
SLC6A20,0.4191848026548769
C5orf60,0.5849555801382279
THAP7,-0.8828438327226779
KRTAP12-3,3.0438813600571937
RGL2,-0.6943905009385292
CERK,-0.15898827423067127
SPATS1,-0.8098946287575094
CHRNG,-0.054594757825277195
TBC1D10C,0.2257311496645652
PCOTH,-0.42840471218345294
RERGL,1.199150603212319
ARHGEF16,-0.6336033920044388
ALS2CL,-0.7433685782182499
LMTK2,-0.015855216793674236
DIRAS1,2.589189725320906
DIRAS3,1.5520640334641485
MAU2,-0.4953694849332011
CCDC57,-0.7504001094153703
HOXB1,-1.0299873715193155
ZFP36L1,-0.7451934380646734
ARL5C,1.784447564407172
MYH13,-0.6699071549272797
TSC2,-0.8863193804825074
NAT8,-0.6813072039819643
SH2B1,-0.7877051152303112
PQLC2,-0.412266024107034
BPIFA1,0.42423173742381304
ABCA3,2.2465245155549534
NPC1L1,-0.5993406519478787
ARL10,0.6354614146957975
C1orf61,-0.015051649426419364
BICDL1,0.045438305361154736
GJB3,-0.845237582421503
RDH5,2.136654766362498
DEFA6,0.0510907116682041
SLC25A23,0.07564232304429898
NMUR1,-0.8512517305195029
RAB23,0.20360754147559093
RAB25,1.9454921490194985
RAB26,0.21133979309731032
LMAN1L,-0.44946957280025324
ASB3,0.332878789085502
GNG13,-1.090805191195556
ARRDC1,-0.2066071373496216
RFX2,-0.6461478136113079
YIPF2,-0.30445854531632
WNT7B,-0.7519269997615897
MASP1,-0.4558387039957422
MRTFA,-0.7003014381544139
PHKG1,0.6001487070482471
MRAS,-0.06559767617039543
GJA3,-0.6361877325283367
ITIH1,0.11978343658934007
DIRAS2,0.8587911775469691
CRYBG2,-0.549126520823248
RAB19,1.4050212969511837
WDR24,-0.2027561168301575
RAB17,2.5458420436336566
TRIM66,-0.908449608290762
CNNM2,1.6128404602730193
LPAR2,-0.7529084978418684
RCE1,-0.3402924635778288
AGRP,0.5125777595951977
MEGF6,-0.16468984074797757
RERG,11.681947318373927
ARHGAP35,1.1050880170170059
EML2,1.7067309097644034
PARD6A,0.4515322399047021
BICDL2,0.9415430481078177
RFNG,-0.5772378268550019
SMPDL3B,1.2105545618904496
INPP5J,-0.21135590370379972
LZTR1,-0.8747431915634247
C16orf70,-0.4436030909111101
CC2D1A,0.5370139088197217
ARHGAP1,0.1994916690764225
MAML3,-0.6383906193510269
AC099811.2,1.04134471466095
SULT2B1,-0.7236533879053478
FAAP100,-0.7663586600234086
POFUT2,-0.5408029952700537
LY6D,-0.6695876755047557
GPR68,-0.826959451195292
RAB9B,0.4633094277496354
WNT6,-0.8475731775639737
ZMYND10,-0.000849349558063709
SPATA2L,-0.13261917356149777
FXYD3,-0.7283921912312503
MAFK,1.3827230307677976
S100A11P1,-0.5789573238634974
CHML,0.7667428555986537
SPAG11A,-0.5876404296632284
GRTP1,3.354210690469107
RASD2,0.305561276668249
NEUROG2,-0.445615637036687
RASL11B,0.875453673426986
ZNF821,0.05801327329978246
WFDC2,0.46950941978864646
IVD,-0.8190486674163114
TBC1D2,1.6255724602656016
CTRB2,0.4532567849274625
WDR90,-0.5575917539431501
RAB39A,1.6857020006452106
TFF2,-0.5837769997836189
RAB36,1.9346027370987637
RAB32,2.8555786672375576
RAB30,0.25631155222510793
RAB38,3.4463204411530506
ZFPL1,-0.7128195254620522
ATP9A,0.1511252045990239
GPM6B,2.195062552447653
MYRF,0.8672927593657933
TSPAN6,-0.4077883783906998
RAB27B,0.7302974179487248
KIAA0930,2.185869621698176
GPRC5B,0.6302409022897137
WFDC1,0.5215131471697397
DDR1,0.8424265738807449
GPD1L,-0.8337564364625188
TRIM2,0.11228793118264038
DGCR2,-0.06517064292033484
SEC14L5,2.7716432425873476
DNER,3.414829838374834
EPB41L1,0.07149801059010094
QDPR,-0.4847888396531873
RAB33A,0.23529398593182904
TBCD,-0.6452295430612165
COBL,-0.3633584240953736
RAB37,2.426511177395629
BAIAP2,-0.7327442646232913
RAB4B-EGLN2,2.1443667647022444
F3,1.505238830656371
PRG2,2.466045212652427
FN3KRP,-0.13819399842536603
CLMN,0.21955899893546768
LYRM7,-0.43819829653662734
IQCC,1.6518691782947004
SEC31B,-0.12504776294633083
EXOC3L4,0.8174956242213841
VSX1,-0.603037257675749
TBC1D30,-0.07741011848085187
INPP5B,0.7264150319381828
PIP5K1B,-0.24635424794945013
ALDH1A1,-0.029207944618743997
KRTAP21-2,0.45393855280920786
KRTAP20-2,0.45393855280920775
KRTAP20-3,0.4744314066587604
KRTAP20-1,0.4539385528092096
KRTAP22-1,0.45393855280920775
KRTAP19-2,0.23473468682170445
KRTAP19-3,2.43450824564883
KRTAP19-1,-0.08546734587613401
KRTAP19-6,-0.4328925655060152
KRTAP19-7,0.20016850013187215
KRTAP19-4,0.49640054406137507
KRTAP19-5,-0.3725440892428738
KRTAP19-8,0.47443140665875866
KRTAP8-1,-0.2964134105194877
FAM162B,-0.3942904950675199
BMP5,-0.3646306610622536
HIGD1B,-0.2334628818543207
COX4I2,-0.14645730277591887
CLEC1A,-0.2231020574056472
CALHM4,-0.17539707299941967
TRAPPC2L,-1.0748813098728427
P4HA3,-0.34877620393204284
MFAP2,0.3051491751121989
COL4A4,-0.29151818201128255
SPINT4,-0.2727304735748263
DSC2,-0.47906931110093853
INHBA,-0.5691916062698322
RCN3,0.21012974900843506
NAPSA,1.1381227237383733
COL19A1,-0.20710723721733873
SEC24D,2.216316783602323
COL4A3,-0.5460510942426484
COL23A1,0.027535551711034962
TRAPPC9,-0.509495877809561
HOXD10,-0.7200998805966158
PLEKHG3,-0.4607874149902542
CNN1,0.5220048868291588
TRAPPC1,2.4292695026026583
TRAPPC3,-1.1472173129346073
TRAPPC2,-0.565188615632768
TRAPPC4,-0.3615210755060418
ANGPTL4,1.0957781048473014
TMEM132A,-0.13898231305033484
ITGA8,-0.14024928625130306
ITGA9,-0.044766423169255054
FBXL2,-0.32437193021019856
MMP10,1.2959475958325695
ITGA3,0.5072960398913848
ITGA6,-0.6650408241570493
ITGA7,-0.13161253625029737
SLC26A6,-0.1544325199531203
ITGA10,0.15923229082188944
ITGA11,0.3202379999205766
LAMB3,-0.4561606484130584
SLC9A5,-0.008555038320286534
A4GALT,-0.7040625480931442
TRO,1.7613379406440104
PLCH2,0.10907089415877495
COL27A1,0.09663295431621138
ITPKC,-0.49944058249297174
COL10A1,0.4214557101228382
PRSS53,-0.1089844245990087
AREG,-0.30207834193787886
PTGES,-0.21998192836116146
SPINT1,0.27829694524140314
MIA3,-0.6617175887993679
CFAP73,-0.5145329983283273
LAMC2,-0.5359517625485876
CEP170B,0.4430798935951488
COL4A6,-0.033336499493242674
COL22A1,0.11393070621327525
FLNB,0.9540374912754828
MIA2,-0.5424754882631143
SMOX,-0.11119368102025111
COL24A1,0.2523313970609556
COLGALT1,0.46083306784860567
KRT4,-0.7249689231424585
PAPLN,-0.08178582341650445
SHKBP1,-0.054580539449169234
CNKSR1,-0.5248836335112557
P3H3,0.9260285867907759
FAM160B2,-0.40651758862128506
COL25A1,0.10862729445826862
P3H1,-0.4594365173492775
COL9A3,-0.20252109622597603
COL9A1,-0.6054678215847213
F5,1.1073726067090695
MICALL1,0.8696886665222621
PKD1,-0.6127172897700395
COLGALT2,1.0672980347549672
TRAPPC6B,-0.3246847589712663
COL21A1,0.1060261630282006
NPFF,-0.7339243703932348
SEC22A,-0.2247593190631657
UTS2,-0.6805665385331777
SEC16B,0.022057160925060083
TSPAN9,0.12352703425382888
PLOD1,0.22736231845905175
GAS6,2.562927195656915
COL28A1,0.003836173034685895
ITGB3,0.8579503364135302
ITGB7,-0.11898241582604896
ITGB6,-0.1416285502490898
CNIH3,0.014947542368048624
F8,-0.2290729503220434
CELSR3,-0.06795344022379271
CPT1B,-0.531905560536232
CHPF,0.4901577829380486
FXR2,0.009993956191777858
COL6A5,-0.25245784626831946
COL20A1,-0.05031092758499038
COL6A6,-0.09955159968206509
CLRN1,-1.1910596319112035
MDP1,-0.23873548486643345
DMAC2L,-0.9209877695302183
TMEM256,-0.24689082968918208
SMIM19,-0.3158394089795547
POLG2,-0.7373294777282968
FMC1,-0.14488674231671148
TMEM14C,-0.7153739871178671
HDDC3,-0.1423068512396923
SELENOH,-0.6677560881950348
THYN1,-1.2039810042020551
NTPCR,0.7447627719521862
SYT17,0.3135088441756566
MRPL43,-0.04146115569125685
NDUFB10,1.98900670557439
DNAJC19,-0.8978378186780369
AP1M1,1.4421433149807856
DIAPH3,-0.22160796331507684
CEP85,-0.10815419802983144
TICRR,-0.9533450501824297
WDR34,-0.18797390859791202
EMC9,-1.1733893028223257
DONSON,-0.9404660797292278
RAD51AP1,-1.8750215804865642
PSMD9,-0.18278091086174322
PHETA2,-0.03850205469798569
AP1S1,3.031047614671263
SKA3,-1.2693292050561762
N4BP3,-0.41768074684815865
HEATR6,-0.29498642853076157
MND1,-1.6002429802554714
E2F8,-1.498730558545974
PPP2R3B,-0.5350467342388674
PPP2R3A,-0.5268528666155975
TUBA3D,3.4637229949218487
RPRM,-0.4382689002104341
DFFA,0.3497576719342856
XPNPEP3,0.20205409439296584
SNX9,0.3941816835053
C6orf141,-0.0681071113317061
TUBD1,-1.2222353164529598
SAPCD2,-0.6879079116630477
TCF7,-0.6498228078966196
C9orf40,-1.0611548507239632
NEIL3,-1.4012460803647784
PSMB11,-0.8083453738433511
WASHC2A,0.24598552639560375
SIPA1,0.620351626013178
HASPIN,-0.9168861889346045
SFXN1,2.2532277212220038
CKAP2L,-1.0869932639930282
MAD2L2,-1.2252979494232004
SYNRG,0.18272244838152055
GNB1L,-1.151813719469085
ASF1B,-1.7910463756489488
LCA5,-0.31188726447490833
CNTRL,0.6263799200132111
CAV3,0.21395673658733516
POC1A,-0.3884886580029603
CCDC77,-0.8270152099533843
PSRC1,0.15066215983218914
PKP2,0.5053936303348375
CRTC3,-0.4471343817869066
CRTC2,1.2127091609097351
MIIP,-0.6844015265153132
DNAJB11,-0.401619984885799
SPICE1,1.56219753576496
KIAA0753,0.11228153934889962
C17orf53,1.1658032257543995
XAGE3,-0.7223291289687668
NAA10,-1.311313122569407
ARNTL2,2.694808943954905
MYO19,-0.5037002843360747
GPSM2,-1.1162072555017126
DCAF16,-0.6340297056110719
ZMYND19,-1.225923149634866
ARHGEF39,-0.6573093069975323
BORA,0.2704716723008166
SMOC2,1.2243219152228029
KPTN,0.4991838846608423
AUNIP,-1.0951823730134282
CLTB,-0.15718588220351778
TRABD,-0.5581169013672915
LZTS2,-0.7682696541272015
CARD10,-0.6696166383444081
MTFR2,-1.3695994249975167
DNMBP,-0.10069071003163471
ESS2,0.2442259736590462
REPS1,0.5612808092275023
ARHGAP11A,-1.2333434216898709
FAM83H,-0.3185833541174852
FAM83B,-0.24546015776867508
ACAD11,-0.5454599638241654
RMI2,-1.3552339730642127
SH3KBP1,0.3333260686841361
CLTCL1,0.4249020155074181
PIF1,-0.5918638498637743
FAM183A,-0.5172764138374886
C9orf24,-0.48637421139988424
C11orf88,-0.5340596562337377
WDR38,-0.5184092305962626
ARFRP1,-0.14875378031070768
NPEPL1,-0.6612362730943824
TGOLN2,0.23121519935783114
SYS1,0.23567511681298867
TUT1,-0.7044783023681724
ENTPD6,-0.8980745766187077
PTGES2,-0.9833550325285022
STARD3,0.79027393711806
HGH1,-1.1949260700984952
ARL5B,0.38736398921535486
CCDC134,3.332335334290575
VPS53,0.7462082185425172
VPS52,-0.44405113603009555
JMJD8,-0.7804592665556618
DUSP7,-0.371927375628749
NAA30,-0.29183953738000795
PEX16,-0.5007370272542809
CPTP,1.5967330791447827
VTI1A,3.6067602158959615
GPR132,-0.5899744819833647
OVCH1,-0.3185200272794029
TMPRSS7,-0.31852002727940953
FLG2,-0.4324894657424974
SERPINA12,-0.253654753053689
KRT77,-0.26249730030340357
IQCB1,-0.4192719614698365
CDSN,-0.8288460632900326
ASPRV1,-0.18801886657026334
ACER1,-0.5558338471861188
DCD,1.4797273736394554
LY6G6C,-0.6605455472969611
RPTN,-0.36919895294131844
S100A7,-0.5009403905040973
S100A6,-0.48057751338293364
ALOX12B,-0.7951835755837906
S100A3,-0.19413375865502372
SERPINB12,-0.21755380899771604
ALOXE3,-0.6978391349377111
DSP,0.46468117005839127
DMKN,1.462112284216513
LELP1,-1.0676686818797265
KLK6,-0.3778389879584783
WFDC5,-0.46817117026786736
SERPINB7,-0.3744360276037118
AADACL2,-0.3731452403228219
CABP7,0.08533472915716762
S100A1,1.1843941708164822
S100A7A,-0.3819569882823325
BPIFC,-0.35784445109737856
KRT10,-0.15203674718787144
POU2F3,-0.6085903878349656
POLR2M,-0.3287499357253911
MTNR1B,-0.40816017941645
ZNF326,1.3641145590303339
MAP3K20,-0.4193671838743636
WIPI1,1.7856252600893956
LACTB,-0.4339094389359939
IFNGR2,1.1906367375689697
CYSTM1,-0.22872068293106396
RNF128,2.412638436970071
RNF150,0.02644894778393413
NUS1,-0.7781921239828345
ERO1A,-0.710279267647679
SELENOS,1.1041470326403549
RRAGC,2.3293881558927882
C14orf178,1.1088010223095186
FXYD6,0.539538471757909
TLCD1,-0.3370834089505491
BRI3BP,-0.39174902550273033
NDUFB8,-1.111182297232765
ERGIC3,0.3349996020890889
SLC30A6,-0.4062909759375047
UPK1A,0.3091303235974858
METTL7A,-0.3176470692693404
ENTPD7,-0.31157068292096374
EXTL3,-0.38613896144827353
PLD6,-0.4399577925360191
SPINK4,0.27958633281457723
MAVS,2.52627667799978
SLC19A2,-0.4795966439559891
SLC39A1,1.371042726331284
SLC35B2,-0.1312891100231026
CD300E,0.721966679641461
ACP2,1.533832010715783
NRN1,0.6147390422437542
PIGW,-0.6275826882810719
GPRC5C,1.2383605381085103
TMED4,0.05819107203674454
SLC8A3,0.047826277485571354
CADM1,2.211687605589362
CCNYL1,-0.7196965147724401
ALG10,-0.5123676227053059
FAM187B,-1.0152604034268793
FAM20B,-0.8855357794769363
FITM2,-0.5074498077706376
HTR3C,-0.41663228001423414
TMEM8A,-0.3619715159349407
LPAR1,1.235821749365812
MOXD1,0.4876759832416389
MT-CO1,-0.11347701859356987
ABCB8,-0.6053939719522687
ATP1B4,-0.3546863167574473
PIGU,-0.7222596534130931
CASC4,0.36243866984854434
RMND1,-0.970977480528103
SLC35F2,-0.8811457838394409
ENDOD1,-0.39716566490922406
URB1,-1.2996115422387602
NOL10,-1.6949149400529857
TBL2,-0.9014011977035473
IBA57,-0.7731406112320713
REXO4,-1.570196347142639
SLC30A4,-0.37356709011983125
HEATR3,-1.3354261959430822
POLR1E,-1.9467348577597006
CHST8,0.0261755955119307
GAMT,-1.2201518644238452
TYW1,-1.0226080255481933
RRP36,-1.5457741591718466
POLR1D,-2.275215732205776
WDR6,-0.35504222422276643
CTU1,-0.8512483607736686
ENDOV,-0.7412110737209638
UHRF1BP1,0.41784162440856193
AVPR1A,-0.7459560999199023
KLK10,-0.49280344980799884
TGM2,1.7734447907116067
L1CAM,0.3179036767630689
IGKC,0.4496747390953966
RELN,3.68567224628991
SOD3,2.8715444754418806
GYPB,-0.6689473471473915
SERPINB4,-0.4769186762920134
ADAM8,0.3262072103562012
CSF2RA,0.8433341673965815
GPLD1,0.5380280450799251
HABP2,1.0331598392178796
SPRR1B,-0.6018367722191322
IBSP,-0.3024046705695417
FAM189A2,1.3607160685605104
CPA4,0.32604060339704616
THBS3,-0.36516276780167645
UNC5C,-0.03742042796653704
BMP10,-0.8747685347603842
VEGFD,0.9869259455609072
PCYOX1L,-0.4283524926425635
MRLN,1.1828245410974638
BCAR1,0.5014539986627078
SLURP1,-0.6450986801877
ACAN,-0.6473921735682436
KRT2,1.2731817380812003
CTNND2,1.3110333895173245
TEC,-0.35730679695464235
AC068234.1,1.5620117351945404
TMEM204,0.07613522328081311
PARVG,0.44293103768819225
DEPP1,1.2994893497650954
KCNB1,1.7615133349235428
CP,0.09989161000811247
ITFG2,0.21976693110871337
SEMA3F,-0.35784983198677833
GJC2,0.4751254983561403
ID1,-0.7296274058322433
IGLL5,4.118809650769485
ADAM15,0.21864299549009958
F13A1,1.0961437096679298
ALDH1A3,-0.8171683161375469
WASF3,-0.2034257770004544
DEFA4,-0.419854289042832
ATP10B,1.5784107778951897
NPAS3,2.2047337534316793
UPK2,-0.524926082736642
SLC16A7,-0.45222504748866565
B3GNT5,-0.49465140318307155
IER5,-0.021349787558327456
APBB2,1.5440592684133685
STK17A,-0.0956953563992201
B3GALT4,1.7679795095700837
B3GALT5,-0.4189229300135721
B3GALT6,-0.03768158870360158
SGMS2,0.01988674410063292
ENPP7,0.12354547653605984
DEGS2,0.008266860058764572
CXCL3,-0.41077985390703364
B3GALNT1,-0.3828045172469097
SLC2A3,0.2520232735277612
TNFRSF10A,0.7813911764079563
ARHGAP18,1.0237840796890934
TRIM38,1.576221183167234
GAB2,-0.13115791494048404
NT5E,0.4711761420107001
IFIT3,2.2017158486613133
IFIT2,1.2802069335771817
C16orf58,-0.4519765703783561
GBA2,-0.3110843559597865
B4GALT5,0.8079049760119273
B4GALT6,-0.16350638188094593
CCDC50,-0.10962221564932233
IER3,0.5650567417312349
GALNT4,-0.47586065178720033
GALNT5,-0.5194028130313746
ABCG2,0.570318133275601
IER2,-0.5014394575828655
UGT8,2.2581301834779213
SMPD1,-0.3548373275084604
SMPD3,-0.316829886427501
SMPD2,-0.3119516682071472
ATP1B3,-0.3176917755845698
FGD6,0.7050426276075057
ZBTB43,0.7111437380285904
IL2RA,1.1892242448816772
ARID5B,1.3004067794836398
CCN1,0.5256865458061416
CXXC5,0.20453919931340891
B4GALNT1,0.16530188404885784
BBS4,-0.675900043919147
ZC3H12A,-0.10674698381253388
MYOF,-0.09813491972225642
GCNT2,-0.15524672339758178
POC1B-GALNT4,-0.2055479074504586
GLIPR1,0.11201530735858381
HEPACAM2,-0.03502286621006764
RTN1,2.834632120831923
PTGIR,-0.743048713824722
BACE2,0.002620221774643372
DUSP10,-0.36179404171129986
MYO3B,1.465331679911998
ZDHHC15,-0.32732503249286643
IRX1,-0.3940426174193708
LRRIQ1,-0.13973341869669514
MORN5,-0.7825070972902121
TRPC6,-0.3140076374875371
SPECC1L,-0.967855298172891
MYO18B,-0.5132683105298771
NEK1,0.20145407065221396
INVS,0.6577857472865808
UACA,1.3248834849326292
KRT7,-0.5634750555272094
MYH6,0.8046971936031754
MYH4,-0.36521197892736584
MYLK2,-0.6600382161060088
MYLK3,-0.35251321396882107
GPR150,-0.5328477287868763
SPECC1,0.6045900567641043
GPR182,-0.8515636381501507
PRKAG3,-0.468734736275858
PRPH,2.42629081724755
ALPK3,0.8736543429828443
PDLIM3,2.8696594660597645
KCNK16,0.04737487619629879
DNASE1L2,-0.49014951168361987
IPO13,-0.6724171012602275
ASPH,2.831321512993653
ROGDI,-0.4244111321674039
JSRP1,-0.24416991899587823
MYF5,-0.5872965831486876
MYF6,-0.5588016952981674
KCNC3,1.0463506511228113
MYOT,0.008751065117026257
BIN1,1.2238249155170144
ATP13A2,1.2123799833732376
ATP13A5,0.8534161739817504
ATP13A4,0.5436181324082898
SLC24A3,0.5051507988577038
SYNPO2L,0.014511067744547662
CATSPER3,-0.8797475439475819
ATP1B2,2.7169134571944196
HRC,-0.5505785157327627
LRRCC1,-0.5013260147158815
ORAI2,0.04031944447873932
VNN2,0.8403485707997367
NXPH3,-0.3168275535331089
ITIH4,-0.8143866866489423
DUSP13,-0.746290089720576
VGLL2,-0.27718426062719276
OR10H3,-0.8339586952135234
NEU3,-0.2610688088193249
SEMA6C,-0.528882241617738
CASQ1,-0.499559144583445
CASQ2,-0.47110070711690716
TNNI2,-0.3249574913389627
KCND3,1.3923170940851646
CARD14,-0.5830735267374016
SLN,-0.49106538252544085
UCP3,-0.7198337197059381
CACNG1,-0.25204558320485987
CACNG6,-0.013603214349849893
RORC,0.2509793752171126
AQP6,1.9820563523309216
CTSE,3.430973652156587
MYLK,0.0260106920283723
TRPM7,-0.3891061994516193
TNFRSF1B,1.5376295229421815
MYOM1,-0.4370499824166718
KCNA7,0.1899582759833943
TMEM38A,-0.805043530895578
CHRNB1,-0.018118819800047863
CHRNB3,1.1213815892653267
OPRD1,-0.5588346215586427
ATP8A1,0.20699136195167228
TCAP,-0.42406105237979635
CKMT2,2.030525113774552
TRIM72,-0.4354392712782499
LDHAL6A,0.4673466027154111
C8B,-0.5481617981376358
CATSPER4,-0.3407925068394749
EYA1,-0.361796195914893
EYA3,-0.23844634356067304
HSPB7,-0.38887372104774054
CATSPERD,-1.1086823730455444
CATSPERG,0.19311426148681382
CATSPERB,-0.4131016133067695
TMOD4,-0.2590640632219707
ATP9B,-0.21593637699307236
RABAC1,0.08397838017022932
PYGB,0.05100221132553524
PMEL,-0.6998670573812829
CYP2A13,-0.6251428322506651
CACNA2D2,0.21397324759317257
CACNA2D3,0.5332481156705051
CACNA2D1,1.7265211377289416
CACNA2D4,0.1974528737751464
SMPX,-0.21601898464187091
CFTR,-0.09647931248099902
NOX1,-0.7223262054789618
ABCC9,-0.5984007049779042
BTN1A1,-0.20842021473540018
GYS2,0.12252023274408404
NLRP3,-0.3242852050234949
KLHL40,1.549576914271662
XPNPEP2,-0.6348428621310649
RTN4RL2,-0.29528939061630716
ATP8A2,0.5967715445769931
CHRNA1,-0.33550893447166974
CHRNA3,0.18658281244594144
SLC8B1,1.7778132084470442
RAPSN,-0.404767354940779
PRPH2,-0.07671961854077822
ANKRD1,-0.7641356797501377
ANKRD2,-0.4893877910508323
FSHR,-0.9499005620266237
MYOZ2,-0.38366747714036487
MYOZ3,1.8379966425754894
MYOZ1,-0.5235232842783962
SEC14L3,-0.19547373037352203
RIC3,-0.34115098438499386
L3MBTL1,0.0009897292279375924
TPTE,-0.08521587169469459
SLC43A3,1.1485843444801087
TMCO3,-0.5790623447984284
AKAP1,-1.480582596980335
DST,0.6672684105884857
INSIG1,0.1741239580782062
ERLIN2,-0.3363240546126307
SLC4A4,-0.5418840568198776
NDUFV3,-0.60838602804607
PPEF2,-0.5115981192758711
PPEF1,-0.7156762381337366
ESYT2,-0.38485881815747214
DHRS7C,-0.09657231975172068
SLC35F6,-0.26012631643896433
SLC9A1,0.14245353837210803
BRK1,-0.7190806977497086
CLSTN1,3.0486083995909605
POPDC3,-0.20508799699909164
NOMO2,2.5336417218706426
CYB5R3,1.9164312994487542
EGLN1,-1.2663978583104725
ATP6V0A1,1.3467136580387722
CDKAL1,-0.5059044835972172
TCTN3,-0.6190312441578625
ITGB1BP2,-0.5030047400125521
NELL1,1.1868695701999061
TECRL,-0.4211127774321953
SLC20A2,-0.09461315632414902
SLC9A6,-0.08317215979997378
MARCKS,0.909782563578724
PHKA2,-0.86523700919842
HYOU1,0.7038911304521983
SRL,-0.2813241282066283
JAGN1,-0.03550073355540819
RHEBP1,1.084905083210726
CYFIP1,0.08010655808753737
CYFIP2,1.7099791282038028
CMYA5,2.1018216701238237
AC138894.1,0.19756766592559344
LPCAT1,-0.7073615328887859
PIEZO1,-0.5333099439362035
ATP1B1,-0.18631815079848468
SLC39A14,-0.5219493319007291
SUSD1,0.02260235038493832
FABP3,0.770958243204449
DDX6,-0.02008396483513411
DPY19L1,-0.7355026706939459
TMTC3,-0.6144266422875313
NHSL1,-0.4197518588241069
PGM3,0.17652781674754334
DAG1,-0.44598526632535407
STT3B,0.7233902619321589
TRAK1,-0.38450970329934214
CCNB3,-0.7468701591678768
KRT6A,0.7367379546639341
TIMM21,-0.07635647045813122
NDUFA4,-1.6720503227003158
XBP1P1,-0.5089693946573851
KCNK1,0.13793727964135052
TMX3,-0.7699779053474715
PIK3C2B,0.20518370886215503
HTR3E,-0.46276100635833534
FMNL1,-0.32375842761192286
SLC4A8,1.4269694475289536
LIMD2,-0.293311005712949
LTB,-0.16900424792884403
IL21R,-0.055193668846460965
NCKAP1L,0.433131489491328
SASH3,0.43922781539857075
SIDT1,-0.09141262992190241
TSPAN17,-0.5114251890432633
USP20,-0.5387219926489295
FNDC5,-0.3475926294682069
VSIG1,-0.8301629709552477
ARL4C,0.9549705148708131
DNAH1,-0.2913874742162808
PTPRCAP,0.011679029134465726
CST7,0.9850303314230431
LIME1,-0.10165433754281267
ARHGAP45,0.6123656444926926
PRKCQ,0.9617231197064773
TESC,-0.18775220950492272
CD37,0.9824899967832372
ITK,-0.4657655044067139
PCDHB5,0.5002498720768055
SYT12,0.8843209352373981
PCDHA12,-0.1319509804738034
PCDHGA5,-0.5580997614105759
CCR7,0.16559610046123283
KCNA5,0.8637587580505639
TREML2,0.09343965784319289
GPSM3,0.7332852370727467
MAP4K1,0.1923939653314448
IL23A,-0.019069124291060086
PCDHA3,-0.34422443326719776
PBXIP1,1.3452611250077917
ENTPD4,-0.23780632073059016
EHBP1L1,0.9468246162802243
HCLS1,1.8553969575100757
SLC7A6,-0.4423547862039739
IL1R1,0.6742782599292942
LRMP,1.0455728327392095
AP1G2,0.9004819408958025
IL17RB,0.1416830802898738
TMED6,-0.1611565335508295
LYL1,-0.21273728978154025
FCMR,0.6109036418217159
RIN3,0.026957938104445908
ISG20,1.5503621129949796
P2RX1,-0.0521452334878053
P2RX5,0.05492548935276598
KCNK6,-0.12164262490017956
SLC38A10,-0.2856947909314986
MCOLN3,-0.10919943674447916
SSPO,-0.020988103694633217
SLC6A9,-0.3318369020750863
ARHGEF6,-0.35425163965731515
SEMA7A,-0.721624613447878
PAK6,0.48681481186086634
GZMA,1.2012003545784962
SDC4,0.7881288042751132
ASGR1,-0.5126607632241507
IL7,1.7021181888933992
KLRD1,0.018766722948985414
LIMK1,-0.20044038743817377
FCGR3A,0.4637809627845274
SORBS1,-0.2951625873114284
MATN1,-0.36684100483090926
SELL,1.025458591176582
MLC1,0.337074322902558
SHARPIN,-0.45040999072884824
IGHG1,0.1558596738431459
WLS,1.01400606334706
CEACAM6,-0.5552437690272772
CRB1,1.138914980684283
EHF,-0.5259324568209535
ADRA1B,0.32841917974109547
ODAM,-0.325292317098914
EDIL3,1.605940595800399
GSTM1,-0.7009967334437319
TNS4,-0.4372119911334541
PHLDA1,1.1706328426313146
APOH,0.5136706906709797
REG3A,-0.6959092895174456
GSTO1,-0.2958946285980832
NOG,-0.6554176789344136
TCN1,-0.18186628058413667
GPX3,1.111351911345466
CROT,0.8062983186278515
CLCA2,0.7473568335522026
GPRC5A,1.1467989050919354
KRT15,0.2862411789230233
FICD,-0.09359860518529416
S100A2,-0.6791252911187549
SCAF1,0.9897942376779151
PDE10A,-0.5131557479444894
YAP1,0.29255581636237427
SLC17A5,1.174565441987428
OXTR,-0.6567215151581249
PLCG2,0.23306136550583242
AHSG,0.03171027160682904
OR3A2,0.6183952768246378
CD47,1.3726915572605467
PLA2G4F,1.0639763620610294
CFD,1.5277066632304983
CFB,1.116283992382823
DKK1,-0.6101708325207355
MGAT4C,0.03464317364265839
IGDCC4,1.1773906903392157
HAMP,1.5084806877296786
RPE65,-0.1761727306760492
SMAGP,0.058055236812775836
FGA,0.2749921297205455
SH3BP5,0.9415509022443902
HPX,0.07355626910253388
VANGL2,1.2593759095440427
AMELX,-0.592010985057516
CEACAM1,-0.570911026064417
EN2,-0.4507703777332199
CLDN1,-0.37944734280793524
PLEK2,0.223307384401487
HSPB8,1.0383684212282556
OR8D2,1.2461596274703959
IRF6,2.2247546319185236
SCN5A,0.3201041246681648
TTPAL,1.57960657387008
TNFSF15,0.03688297815203512
CDCP1,1.2877306182561723
ANO1,-0.18889848696006883
PRSS3,0.2672657805629048
LGI1,0.30828827374702533
SPATA31A7,1.483676338255993
BTF3P11,-0.04640255580606213
SLC9A8,0.8908026841006468
ERGIC1,0.0014125000202218267
APOC2,1.2494860363959426
APOC3,-0.04639202958458523
APOC1,1.180718546714637
PERP,-0.3787326358437433
PTPN13,0.26822965036683105
CPB1,1.4726642648768684
LXN,-0.170621350648094
ZACN,-0.21588067980666376
NT5M,-0.3772242265565352
CX3CL1,0.7547246165746663
EMP1,-0.40445495904224993
PAX5,0.8206691724769748
BTNL8,-0.009696264258720085
AMIGO2,0.4442382331858312
C2CD4A,2.1225747612607426
PF4V1,1.1722641731565326
SERPING1,0.9814200476629689
PPBP,0.7593873741209355
C2,0.588997949113801
GPR87,-0.39857541667586216
FOXD1,0.5300359887405279
STATH,0.31956269143594224
IL18,0.9857851560286615
KCNJ2,-0.2592270545965766
EREG,-0.7547131187501113
KRT9,0.2562234819834015
ANTXR2,0.14107342741546947
NLRC4,1.447890254625446
SYNJ2,-0.3875751122735479
KRT13,0.3551138505980931
ANXA3,-0.3748529972206345
REG1A,-0.3229691245840115
MC4R,-0.5311109495074193
PTGS1,0.6768557114908859
PNLIP,-0.2666479655632305
SERPINB8,2.583713923278593
OR2T6,0.975916468992313
SERPINB3,-0.42855262666255395
PI3,-0.05839569652092783
SERPINB5,-0.7106093083027166
MST1R,-0.7590865399048927
FAT1,-0.4287096469344169
PDGFA,0.3784746570143157
DLC1,0.5067404716254854
NFKBIZ,-0.04524094730918781
CLCA1,-0.49497924091799383
PROCR,0.21253364848139714
C3orf52,-0.4770776325557505
ETV1,0.00337032942880833
IL1RN,1.3157777336893404
ETV5,0.9637876548766209
SDC3,0.9165787075749372
SLA2,1.210989146403201
NECTIN1,1.4371423803137786
COL26A1,-0.1119349448947341
OCLN,-0.2856811431089987
FERMT1,-0.4806134738226755
PDZRN4,1.0333211798253075
SEMA3A,-0.19456537825150827
SEMA3C,0.12545859418406655
ADH7,-0.8276311472627371
CD58,0.6617327426831616
SERPINA4,-0.7523609816960702
KCNK3,0.5001874328187965
CABLES1,1.3522432378185198
DGKG,2.500825351833577
HSD11B1,1.1017611800694371
KCNJ15,-0.328591766399641
PCDH1,0.018165677213076676
BBS2,-0.3090171308254105
MMP3,1.2109030516247996
AHNAK2,-0.2704413168673592
SCLY,-0.9794563196169279
METTL2B,-0.6251056467553662
VAPB,1.0721613690186145
SC5D,-0.6862696568571711
TRMT44,0.03295997605876175
MAGEA4,-0.5204679996082188
THAP4,2.13262634210049
YDJC,-0.7463491609541377
LBHD1,-1.9462286849519685
CEP70,0.4533656495393985
NLN,-0.8177368999402523
NUDT5,-1.4957276195743185
SBDS,0.2357352929059693
NSUN4,1.344134924822128
NSUN7,0.5161095601431983
POLR3G,-1.3636763853313432
POLR3D,-1.1593727996592056
BAG1,2.466635755473174
MTRF1L,-0.7198945193537782
HIST2H2AA3,-0.3923052940108049
EIF3CL,-1.50316652847846
WDR55,-0.8840364377378247
POLRMT,-0.5753109839781718
HIST1H2AA,-0.9437579324727218
CTU2,-0.4119311756072286
PPAN-P2RY11,-0.8918671351337856
ZCCHC13,-0.442989953386172
MRI1,0.3148002835878447
LARP1B,-1.2638027640331826
FMO1,-0.483839137223404
GNL1,-1.4273038091012096
NOL12,-0.6692510683613399
EXOSC1,-1.3215178933678444
PABPC1L2B,1.5198323531882425
FCF1,-1.1752934540131492
RCL1,-1.6557155913626076
PACSIN3,-0.3776444980987856
BDH1,-0.8298500678756364
MAP3K21,-0.4109348883032969
CASK,0.25840622680925474
BCS1L,3.8268786846808993
PABPC1L,0.918558860253708
NRBP1,-0.7247705206203465
POLDIP2,1.1913251999187613
RIOX2,0.027932850172578946
THNSL1,-0.901467854205334
MAGEB10,-0.8497280961797232
CPNE4,-0.5066116203293041
MT1F,0.20970850745338412
C7orf26,-0.7113526976578226
CDCA7L,-0.9968695043837851
MTFMT,0.09450227881818926
ADAT2,-0.4065522970408539
CENPV,-0.8247733117219579
ZNF346,1.6732705660297613
ZC3HAV1,0.5105831309348843
C12orf4,-0.9916739349446207
UCHL1,1.0142366172567672
LLPH,-0.9901383276679964
SETD1B,-1.1155057384673255
C12orf43,-0.9316540593307862
KLHDC4,-0.6536787293432363
HIST3H2A,-1.1978866589708028
PUSL1,-1.0793039532312616
SFXN4,0.08981216578854774
NAT9,-0.5115960316958988
AARS2,-0.9786472090916093
SLC25A19,-1.1246194941822334
TESK1,-0.0326356285735772
IGF2BP2,0.6736848834156274
KNOP1,-1.1304486137053342
SOGA1,-0.4378590850319811
TENT4B,-0.9388430090166076
ZNRD1,-1.7514557905570618
EPHA10,-0.4813094133225867
GOLGA3,-0.5320078725435538
PABPC5,0.21010545416993484
GATD1,-0.15448175646685042
PDCD2,-1.9173709624003366
FER,0.9588030481949908
AAR2,-0.8908859446987553
ANKRD6,-0.3032656133259899
HIST1H4D,-0.9013338980695599
HIST1H4K,-0.9509080173249476
HBA2,-0.09372735350564086
HIST1H4L,-0.9436071691409286
UBL5,-1.561151397892069
PTGER2,-0.5133239058032499
PRF1,0.4115511724176082
SAMD3,0.12748705815107644
JAML,1.4407505785184214
CXCL13,0.8839024789224589
CLEC2B,1.0744395771395356
PRR16,0.32080532714073745
CD1D,0.8270854542077278
CD1E,0.014766137543742138
JAM2,0.035083619599365824
JAM3,1.5398774241158106
CCL21,0.2658936103554305
GZMK,1.0337689420492249
GPR174,-0.24962432523027364
SH2B3,0.8490779319223368
ALOX5AP,0.8841417878964719
HIST2H4B,-0.48365889728994793
FYB1,1.0295065020227776
CERKL,1.0623598603000741
BIN2,0.5625077945543324
PTPN22,2.321030831758991
LCP2,1.2287051547480827
CPVL,1.8071048504189005
AOAH,1.8568067104292574
KLRK1,0.1360904696100291
PRSS2,-0.13653463135375565
GAPT,0.8659496435731837
NAAA,0.42830020164739124
TMEM131L,-0.2629950480584584
PROM1,-0.23978212772583749
CYLD,0.9874873022401393
ERAP1,0.13466568343821447
CYSLTR1,-0.5688485475258189
AIF1,3.0691532342041694
TRAF3IP3,-0.12941772462302104
RNASEH2B,0.7835154914508728
RIPOR2,0.782797863574889
IRF8,1.9553103372737313
GIMAP4,1.2520279881772112
BTLA,0.6188193059437546
CD72,0.1188839707400363
CST9,-0.08125610300600665
PATL2,0.27167302837140744
TNFSF4,0.09136314535035885
CELF2,-0.19901522125609572
PDE7A,-0.3181447413852601
GPR18,-0.2991409702675676
UBE2NL,0.159912798006046
SLAMF1,-0.12242964579721213
ST6GAL1,-0.20283786834677525
SAMSN1,0.16755927158845227
IQGAP2,-0.4459570374126206
EOMES,-0.1828585337434064
LY86,1.115910275496642
FCGR2C,0.047416703984278046
FCGR2A,0.7822319031166867
HIST1H3G,-0.9745564220926946
HIST1H3I,-0.9774730559220739
CHST11,-0.04978520287980145
DCT,-0.5042799251789204
MAPRE2,-0.29332732876723927
ANKRD44,0.9172502080900452
RUNX3,1.316256508991956
CD3D,2.1129961569474998
CD3G,1.0333212903532036
SP140,1.8387844485657838
GIMAP6,0.7571466850605116
GIMAP1,1.5085164758910228
GIMAP2,0.32727961324490235
CR2,-0.18016696840575647
CD274,2.384197392657635
GPR171,0.05009885662642469
AGFG1,-0.5251241028941481
SH2D1A,-0.009417935366950592
DOCK10,2.173007784298405
DOCK11,-0.03855622152329649
STAT4,1.202671069801062
CD84,0.6159926837070121
PDE3B,-0.22920434188877128
NDUFA2,-1.4033712209177853
SLFN11,0.25978817227319906
CD8A,0.13150492358904908
ADAM28,1.0027885057985597
SP140L,0.21643659007294697
FCGR3B,1.469526478104116
HLA-DQA1,2.00550029744348
SEL1L3,-0.11731502130169758
JCHAIN,-0.22631121573614865
CCR1,1.5166638709190732
KLRB1,0.14168947750351663
MS4A2,0.050159756238936364
ARHGAP25,0.5282703431328342
HPSE,0.9299122379795404
TAFA4,-0.44998036132169933
RNASE6,1.2245237798323778
CX3CR1,0.9724451394524126
CYTIP,1.431470515240779
SCGB2A2,-0.11879366739224646
RASSF5,0.05517283451217727
HBG2,0.1178445358630072
MANEA,2.9989345250823605
RSAD2,2.0333379645067056
LGALS13,1.0561389024836945
FCGR2B,0.5000673495161848
HIST1H2BE,-0.8586713410017066
HIST1H2BH,-1.254558424697893
HIST1H2BI,-1.1079944615552186
HIST1H3B,-0.8852714282798277
ITM2A,0.1169058692981512
HIST1H3F,-0.9695216030172426
BTN3A1,1.5286594913027778
FCER1G,0.49172734270412666
EVI2B,0.5860921724213601
PYHIN1,-0.6207265917501985
HIST2H2BF,-0.8084252975551254
GIMAP5,0.8677732088385176
TRAT1,-0.052340896905743
CD69,0.6326036690089942
BOLA2,-1.4706785814680752
GPR65,2.383090949870151
FOLR2,1.9312924409917158
SYNPO,-0.32741344765762803
RTL8C,0.7758653485736078
TRIO,-0.7323826774875991
WDR1,-0.5680388057198245
CEACAM8,0.13844983864983829
GRB10,-0.05558955604561569
ANGPTL3,0.9121666540165699
CSRP1,-0.2874804233999504
SFXN3,0.30431622260242014
NR1H3,1.4109537415544378
CHST7,-0.06521194776870744
SLC2A14,-0.39884634711835704
ITPRIP,0.09627459053088509
S100A8,0.7927454899694091
RNF24,-0.23163632309911322
HOMER3,0.5429656350047541
ESAM,-0.1627931979985414
PLEKHO2,1.5437962685665305
DKK3,0.08804200468592016
FUT7,-0.5503515696572806
FGB,0.017921016068855627
IFITM2,1.733920580905767
CCL7,0.17946664940838006
PLTP,1.7157354929261537
ANGPT1,0.25496260877963833
ANPEP,0.8073126421721784
RIPOR1,1.3498294018049877
MFNG,1.0317100141332571
ADAM32,-0.5459297133430514
NLRP1,2.3353674206049684
RAB13,0.3387117442640613
QSOX1,1.5485401907209293
LRRC32,2.1487703029346545
STAB1,1.0005726566320885
CHPF2,0.4934993802992403
MMRN2,0.8451931152395773
PECAM1,1.147763018140419
HOXD3,-0.48815097708971145
EMILIN2,1.4934377119246545
FBLIM1,0.2647480266956892
RUSC2,-0.0373249579684501
PAX6,-0.20644966838551443
CD68,1.4243404190730355
SFRP2,-0.14483243545257696
TMEM158,3.29168668098464
SLC22A4,-0.3368978763166339
UPP1,1.3729513127419035
C11orf24,-0.271021775504457
C1R,0.0743793226160783
FSTL3,0.9229692974136517
PRAF2,-0.20625368826310106
SMTN,-0.502263471274116
SH3GL1,0.04901184992902952
ACVRL1,0.4304880885906293
PLSCR3,0.940760478723375
ADGRA3,-0.5951010657563602
NCF2,3.4550869287732664
PXDC1,0.17130593575017047
SMIM3,0.4840221027754388
FZD2,-0.6694483709910184
RGS16,-0.08400978345733269
ELF4,1.4146368426779536
PTPRE,1.1900793067591324
ARHGEF40,1.915080505649876
SELENOP,0.3331357892106488
LHX2,0.00982282685342527
OSBPL3,-0.1872714045725978
LHX9,-0.162154032515647
TMPRSS11B,-0.08204942709010986
TMEM17,0.12217974061105674
RXRG,0.2845312134407964
ADGRL2,-0.20810104422771789
RAB11FIP5,1.559152043515923
PCDH20,-0.6932639099500671
TSPAN11,0.2290493188934278
FAM234A,3.531843195620639
ARHGEF5,-0.27950667991215544
EXT3,-0.39348367137574536
PHACTR2,-0.2345217312070393
CXADR,-0.4261832885741875
LPAR6,0.14587664112142598
CD36,0.7870248172174089
SLC30A1,0.9140454179631428
EHBP1,0.4913469301313607
MB21D2,0.870057781217005
CTDSPL,-0.3296921573525926
EPB41L2,-0.1925564882179735
FAM171A1,-0.24945803092621635
CDH17,0.12363595376779567
IL1RAP,0.08190108816622794
KANK1,0.15495508631369584
CD24,-0.4262579866851762
TSPAN8,-0.237271747387058
KCTD12,0.40084996476389134
SOCS2,-0.4916924226098048
HLA-C,1.8465202056036474
TOX3,2.599828746052629
MPZL2,-0.28556581179203744
FZD8,-0.7022808020462854
TBC1D4,-0.07422191991319446
DUSP6,0.8010900356039712
TIMP4,-0.3285355214816142
FADS3,2.123586347219727
PTGIS,-0.2550999520539636
SIRPA,1.1927500692778477
LPL,0.9220655377753106
TNFSF13B,0.3482969623092673
SVEP1,0.028732960993205055
PSG8,0.04709143061347991
PPP1R1A,1.0593712769604877
ZCCHC24,-0.07650821750314521
NCEH1,-0.20957615632711615
CDH19,-0.29009320801158706
HSPB6,-0.4509088161720841
RCAN2,0.2984083600982453
TBX2,-0.47950425288638976
FABP4,0.3381914277949682
ITIH5,3.874662418757798
DNALI1,-0.41574710690132677
CXCL10,0.7597027155943253
CHRDL1,1.3941432285541868
NMRK2,-0.6963862558870946
LFNG,-0.4326505907845487
ABCA8,-0.14988943082512285
ART3,-0.4393277991920489
GPD1,0.6952730911198769
MYOC,0.14815448185698615
SORBS2,-0.3916394994683302
CLEC3B,1.048918869836159
ST5,-0.21152639698535716
DAAM2,-0.09644880940635855
PDE2A,0.027998410520882512
C1QTNF1,0.13561247093773057
ACKR1,0.7838230921547459
ADH1B,0.1372594332542205
TRHR,-0.7686083033804196
UTS2B,-0.6171805182214215
KRT34,1.4383653480951166
GPRC6A,-0.6221074161504982
IL22,-0.46429273115150665
CCL23,-0.5070228335057264
GPR31,-0.7787215988505702
GHSR,-0.8748002646254326
PROKR1,-0.583925839604588
PROKR2,-0.6495298357962047
BRS3,-0.5914850136311061
PRY,-0.5764739757409199
MC1R,-0.7747066184647827
B3GALT1,-0.46048406845623696
HTR2B,-0.6774346830994439
MCHR1,-0.6880352568544863
APCS,-0.03618515516663357
OR1A1,-0.697574098692841
CRHR2,-0.5984893225237714
GPR4,-0.730390230482889
GNG4,-0.6599088207075752
GNG2,-0.7433294786603416
PSG9,-0.5147817051966912
PSG6,1.7047776571483855
GNRHR,-0.7255461041726456
CD200R1,-0.5808413920788088
PSG3,-0.3023091669804884
NPS,-0.7219194415816348
GPR17,-0.4509200444940006
GHRHR,0.6919055224679915
SAA1,0.12396760671736887
TSHR,-0.7953453916606678
CYSLTR2,-0.6828803887167304
CCKBR,-0.6442327583836025
LGALSL,1.1988695858658673
GNG7,-1.0385668541775972
HRH4,-0.7079137290116801
LTB4R,0.49524026219929146
GNGT2,-0.7476770556803324
TRH,-0.7370846766418917
CCKAR,-0.90863411349215
CHRM3,-0.6374483065155144
GNRH1,-0.8620914841964544
NPFFR2,-0.6000051052678996
PMCH,-0.5790016691221103
LPAR3,-0.7313523784192041
BTNL2,-0.5136843969353344
TACR3,-0.8087427527396954
F2RL1,-0.8975913131702566
MLNR,-0.6400848605129532
PROK1,-0.6284432641637511
PROK2,-0.5897665658791985
ARHGEF25,-0.41471013486225466
EDDM3A,-0.5068475195490746
AGTR2,-0.7221858412527644
MS4A12,-0.1448021822452764
PTGFR,-0.3406520827940529
ZP2,-0.5773149150186736
GHRL,0.48928906158247343
OR6A2,-0.8156253763637445
P2RY2,-0.7101087094446233
OPN4,-0.7077743937727535
HYDIN,2.532769054050684
SLC10A2,-0.5275413450363878
FFAR1,-0.6491342878492656
GP2,-0.644104893698138
P2RY10,-0.41278677115485196
P2RY11,-0.7529006158419506
TACR2,-0.6340170959215872
MRGPRX2,-0.3779455926466315
HCRTR1,-0.7925565262973276
C22orf31,-1.1593128422880372
C8A,-0.6372849921401877
GNB3,-0.9747227876105451
MC5R,-0.8341088346873533
BDKRB1,-0.6398500111810309
KCNJ1,-0.5516756566293703
NMS,-0.6054504726631145
PON1,1.9765125541014954
QRFPR,-0.5570940902796815
IFNA21,-0.4581046565871077
F2RL3,-0.8644361304132474
F2RL2,-0.7638720099748249
LPAR4,-0.7284766123456625
LPAR5,-0.6124189999715839
KISS1,-0.9120366894619101
QRFP,-0.6269946925854633
EDAR,0.8272272594798166
TAC1,-0.43671950910321644
GRPR,-0.8777363526949533
TAC3,-0.5285462198899555
XCR1,-0.7305796702824188
AVPR1B,-0.64123925348829
WNT8B,-0.8935345028576327
OR3A1,-0.9028547793821897
SLC5A4,-0.6312428629626948
GNG8,-0.7836448045659291
UCN,-0.37910340772008017
OR2F1,-0.9676342485907984
CELA3B,-0.2825192533866298
CHRM5,-0.7160736315049379
MCHR2,-0.5836628011246662
SCTR,-0.7239963368837146
FFAR3,-0.6397470440771785
XCL1,0.377993211264135
OR10J1,-1.0653310959809126
PLAAT2,0.4928105287343244
FFAR2,-0.4534921169662704
MMP27,-0.574576428580226
NPSR1,-0.7497221903591669
CHAT,-0.20903895502507902
GNA14,1.7176848801838935
GNGT1,-1.1176456471076543
CALCA,-0.7617502374403743
P2RY1,-0.5806111803479348
C4orf54,1.3894079561433885
XIRP2,2.8978296192766173
SH3BGR,0.05991414184868176
SLC51B,-0.18921804652326824
VIL1,0.1950576278638778
CHP2,-0.5289280892722298
FABP2,1.4168373917318167
ANKS4B,2.4562030453142807
SLC5A9,-0.5532458442344784
NR1H4,-0.38319285348314425
GUCA2B,0.069119728822845
SULT1A2,-0.2206243009933081
HHLA2,0.5350072713610121
CDHR2,-0.5666385585205004
CDHR5,-0.525591243846677
ADAMDEC1,1.2307334634946947
SLC51A,-0.15890205640751215
MT-TP,0.46435320799101665
MEP1A,-0.5237265120105958
MEP1B,-0.547544310021532
SBF2,1.004201208480743
CDC42SE2,-0.2829115162403917
DENND4C,-0.45825503246759003
GDI1,0.6755864570677357
GIGYF1,-0.4309727284130971
SRGAP3,-0.1500189225286196
PCNX4,-0.7694163578847062
TRIP11,-0.38522893966645744
KIF13B,0.9221466413358468
KDM7A,-0.11332890923981
MCM2,0.7767466462301593
AZU1,-0.1628148655381982
RAB8B,1.9284693299531432
SAMD4A,-0.4891058560882058
TTC28,0.27656969216058175
SH3RF3,-0.41057520215684107
HEATR5A,-0.450424728015556
SH3PXD2A,-0.1966747631689078
PCBD1,1.6220223179516464
CEBPE,0.7875616580806095
DDHD1,-0.4215672291585435
CNKSR3,1.5598080472941864
ZBTB21,-0.4439979487349807
PPM1H,-0.25296285088507814
DENND2C,-0.1531883353335961
SCRN1,-0.2230016608707122
PTCD2,-0.2990778148817902
PTCD1,-0.652213604436642
RTKN,-0.1970418880781779
TPD52L1,0.07612783992221223
LYPD4,-0.215644007928362
SERTAD1,-0.35186545220420146
DENND2A,-0.17616924972335127
DENND3,0.21139819119152242
METTL6,-0.45079015850819726
EOGT,1.8961785910411206
TFF1,-0.5308396978452075
C1QTNF9,-0.07027036575009421
DENND4B,-0.6448293411726792
IFFO1,0.9726336090251041
KDM4B,0.8607354938450381
APBB3,-0.3825673100978289
ARHGEF11,-0.1742275636426172
SETD5,0.11596577178199588
FAM193B,-0.6238267076579244
EVL,-0.571359278875239
POLM,-0.8060790355725962
PANK4,-0.6195012065040243
PILRB,-0.7809367010668161
CAMTA2,-0.32164676216294763
MAN2A2,-0.5420829977284283
DENND5B,0.062207714089108024
ZMIZ2,-0.32306665141022983
MAP1S,1.2608672727085017
GSE1,0.06803229583031918
ENGASE,-0.4558293396636324
TAF1C,-1.2670193713484892
TMEM63A,-0.28988108990057354
ANKZF1,1.4102004663502514
TBC1D9B,1.1957569843680327
RUSC1,-0.42765259443670844
MYO9B,-0.07361525326789921
TBC1D13,-0.31933444419700513
CMTR1,0.8362230604910087
CIC,-0.5942279613875847
FBRSL1,-0.289496000213027
AKAP17A,-0.6113948963977344
ATG16L2,0.4576447674159957
DGKD,-0.5252424247482845
DENND1C,-0.20620328708316427
ABCC10,-0.4212901568501931
TJAP1,-0.43174457457294935
TMEM39B,-0.4594221920370262
MAST2,-0.47657549817026185
WIPF2,-0.7107109326116272
TBC1D10B,-0.07669126157713813
RASAL2,-0.5519600600274199
FAM110B,0.0029896722606815944
OSBPL6,0.05284928093363454
PLEKHA7,-0.3060301005086455
NAV1,-0.012636215010541732
RALGPS2,-0.1852822627261124
STARD13,3.5364008642922387
FAM110A,-0.19757407923452888
ANKRD34A,3.783886149918311
DCAF10,-0.6435341111198213
RPTOR,0.48098285480043057
LPIN3,-0.21901268750357844
VPS33B,-0.2803609385767984
MAPKAP1,-0.277795129863379
FAM53C,-0.3673231629588578
OR4C12,-0.8879906018389797
RTP1,-0.9417919255479789
RTP2,-0.8954351185728563
REEP1,-0.37642606204068796
GNAL,-0.963678028788856
ZRANB2,1.348900824841653
SAV1,1.0468954921851974
RAPGEF4,0.4017947756362208
RFTN1,0.11184576356385328
SUSD6,0.9722664548699398
IFT57,-0.5747111301264635
TRIM22,1.8316993872875604
MCUB,-0.5977681191041235
PLEKHA1,1.1356127946839665
DOCK9,-0.2707475067601664
DOCK1,-0.45873794853200933
PHLDB3,-0.5199767227382274
TRIM5,1.933041960135231
NAA20,-1.0965266073073094
CRYBG1,0.1792609153215429
LASP1,1.108802768980565
NECAP2,1.0712609121812953
ACOT9,0.5523491845099873
DAAM1,1.3132155803577918
MDFIC,-0.2933211477669903
MALT1,0.9557607893193851
TMEM243,-0.6013267570093035
CYTH3,-0.3911018531675988
ZDHHC16,-0.379489257562793
IFT27,2.1594542506867023
NT5DC2,-0.9609640062768278
EDEM2,4.164806925419739
ANO6,-0.5021106848754866
WDR41,4.154720905122933
WDR49,-0.8113576697423344
BNIP1,0.7293115305259886
SLC39A7,-0.5930687111455428
DNAJC1,0.9083819480538119
SPAG16,-0.6189403405982686
KRTCAP2,-0.28700815715086736
WDR86,-0.8206418248009902
WDR88,-0.6222566839743708
IFT80,-0.3547823959863244
DDRGK1,-0.6714777031512076
RABGGTA,1.0912016131045204
SLC1A4,0.9306765872464534
CYB561D2,-0.32292182054278185
APOL2,0.39400598239770307
MRPL49,0.10989864095928195
WFS1,-0.21175402720429332
NSDHL,0.1368360526293756
CRELD2,0.9742595179196595
SDF2L1,-0.008652220652640963
TMEM216,-0.5937649657497106
WDR27,-0.25689335860842755
SLC35C2,-0.4059059265437781
AMBRA1,-0.31717142036921886
CEMIP2,-0.18946269381456962
ACOX3,-0.7024752874119701
CDC20B,-0.44613691105271575
EVC2,-0.38849288415498245
DCAF5,-0.6187377981952595
EML6,-0.6338884237464188
WDR61,-2.083910656803362
WDR64,-0.8378458148427069
CORO2B,-0.08185004908507668
BCAS3,0.9983665247271025
VPS45,-0.009372718162113498
TMEM208,-0.027458622951757536
WDR17,0.19369063006695855
STX18,0.44063388345942134
CORO7,-0.5327434180725878
PIGT,1.019533461779044
WDR5B,-0.17778596137052907
APEH,0.3601556041841198
MSTO1,1.25333876641499
ELP2,-1.1758898854081041
TMEM120B,0.04757424037165415
NBEA,2.6762441595345465
TMEM67,-0.36905437691862825
NWD1,-0.371926138387889
CLPTM1L,-0.42865795770108384
WDR97,-0.1816240013119007
DESI1,0.8405502232155537
CCDC22,-0.692257110676697
CFAP57,-0.45072145657495666
PLK3,0.31511199176009524
GPAT3,0.985135426783268
OSBPL5,0.40682438980438645
ERRFI1,-0.14314024339472084
FABP7,1.7819402564232922
CNN2,-0.43026505148383765
ADORA2B,-0.8329780566836865
ZFP36,1.6074393193976915
SLC23A1,-0.35305538594056357
HCAR3,-0.3546597703978874
EGLN3,0.3315292922681691
GAL,0.07617791859508201
FOXC1,-0.34852467964482814
PANX1,-0.598643022055645
CSTA,0.5500731728811803
STEAP1,-0.24893284806494698
RARS2,-0.715482613372072
WWC3,0.13558493510356634
ABHD4,1.1525032399123571
UQCC3,-0.2703644508787741
PHPT1,2.996781500432394
XPO4,-1.059884666057006
PCBP4,-0.13572537103094312
LOC102724985,3.2553880514752027
RHBDF1,1.0725979765641835
EPS8L2,1.050496670460198
DRAM1,1.882513207080241
TMEM11,-1.1491400592963406
ADAP1,1.5263760782433289
TNFSF9,-0.0875170470768062
FAM214B,-0.4308775415956434
IPO11,-0.8553349480545113
LARP6,0.595224946262324
COPG2,0.8201718809049251
ETNK2,-0.3566082003643204
CDC42EP4,0.8632129529108123
UNC45A,-0.8368971779873047
CZIB,-0.9148812186941521
TRAM1L1,-0.3717875876375562
OARD1,-0.6429710951202816
SIGLEC12,-0.467528540861987
LZTFL1,-0.4251078107670856
GATD3A,-1.007419545891755
CLUAP1,0.750553686049919
UFSP1,1.9733701332713567
PLXDC2,-0.06750883745487382
TAF12,-1.328406177243511
ETFDH,-1.0083482117509
KIR3DL2,0.17070738390457668
ELP4,-0.720328011496992
AMZ2,-0.3321845261996575
ASCC1,-0.15515678603229738
VAT1L,-0.4553265567302651
ATP5PD,0.9125844982748265
WASHC3,0.4542643410126867
CD79A,0.06912952373822209
SIGLEC5,-0.33464910186129293
UGGT2,0.13317991444874566
SEPHS1,-1.804997422926705
STX8,-0.3170784614623913
AMIGO3,0.11079729415071245
KIAA1191,3.0476303752702525
CD244,0.4083271880530456
PLPBP,1.6587397206643946
DYM,-0.6702289120455949
SLC16A11,-0.13641478968898402
LIAS,0.35345114163603414
ZUP1,-0.766211226272664
TCAIM,-0.07138237254335349
SCG2,0.6900550017537279
GPM6A,1.014479363849494
RTN4R,-0.25170377379381376
SV2A,3.976469441624709
SV2C,0.3858898924149682
PCDHGC3,-0.26871532437539164
AKAP6,1.2964038601556498
ELAVL4,1.9275479285359576
CRYBA4,-0.38981785093064675
TECTA,-0.2838239137529405
NFASC,2.031491774835715
CHST1,2.491099210774612
SLC18A2,0.44981622378304154
ADGRB3,2.9267027917586304
BCAN,0.9792716436715191
IL17A,-0.7997784855908521
ADGRL1,2.2093204277731453
OLIG2,2.0416829646756542
APBA1,3.3985319288692364
APBA2,2.234014003486269
SLC17A6,0.603405309938995
SSTR2,1.190036943903768
PDE1C,-0.36548620206373605
GJB7,0.33501563075751656
MCF2,0.25669574783843047
TMEM185A,0.13078810928356785
CDH8,0.786664977694267
CCNL2,-0.7955481003142996
SHISAL1,1.0383111616654186
SYT3,3.307573245100994
CPAMD8,0.12286731629389354
CNTN6,0.15697504673398782
ASTN1,2.83742620579314
PCNX2,2.9813872320435455
TRIM3,2.4035054985624718
SEZ6L,2.5877121604782922
PMP2,2.4135403217926816
RFPL2,0.1361454136567763
TIGD5,-0.3474119941909273
ASCL1,1.3036234200753831
BASP1,2.8356261154864644
KCND2,1.950200049020687
CADPS,2.5280482094111423
CTNNA2,1.8292683993143228
VAMP1,3.437286317974161
FUT9,0.05457988467128276
CHGA,1.7460808661830478
MARVELD2,-0.4803657844038739
EXTL1,1.0362264940224641
MAGEL2,1.2806080822754493
SYT13,0.08061003584947343
PHF24,0.23034602426636258
ST8SIA5,0.052574197442127484
CYP2S1,-0.2947117615649287
MAB21L2,0.080576103052876
EPPIN,1.2242443794511304
RIMBP2,1.6931918641675228
CNTNAP2,2.7984760050631055
IL9,2.259407526403626
CDH13,-0.42684539124212445
NEFH,2.073818445021509
RGS6,-0.40320670752868903
DPP6,9.750586348217073
PCP4,1.0157124497041317
NRCAM,2.6848343072392042
ISL1,-0.3097072408432769
DNTT,-0.4881621079364184
SCN3A,0.5861236887929976
STMN4,1.5871492874608881
STMN3,3.3804591704777343
AJAP1,0.34006246255731865
PLPPR4,0.25870925719356574
LSAMP,2.1103763351647733
SPA17,-1.0330958922666722
PLCD1,0.19344296906796898
PAPPA2,-0.3866702525783912
RIMS2,3.0592775637798986
CHGB,3.099917894941793
CNTNAP1,2.1506331366184983
DOK5,0.13401854864798077
POU4F3,-0.5612564445833041
GPC5,1.197100562687763
SLCO1C1,0.3097601905497349
PCDH8,-0.20490118575473268
FSD1,1.7427171985967553
PAMR1,0.5041321652689073
FJX1,-0.5371438109358012
ADAMTS2,-0.39858451328312944
EFS,2.606713693337125
SEZ6,5.6853429773564
TRIM29,-0.6218614334035842
GDF10,-0.5479208349339293
RAMP2,-0.4953990087982303
TPSAB1,1.3822599841859733
SCUBE3,0.838180696288302
SEMA5A,-0.042609496064251566
MT-CYB,-0.4738403214440637
UQCR11,-0.8159143277470979
HEBP1,0.831997269527902
ABCD2,0.9902790837513128
TAS2R19,-0.4889613530159309
TAS2R14,-0.4637128419818688
TAS2R10,-0.4510291439599259
CXCL11,0.9909981504148112
NPB,-0.5318539769611008
TAS2R7,-0.5113719908820433
NPW,-0.47434287273566317
TNFSF18,0.07254019627293144
CCL28,-0.5727801267913257
CCL25,-0.6086042253151218
CCL27,-0.6703031210149077
CHST4,1.4025051024969253
P2RY14,-0.27870671425561455
SLC30A10,1.5976778734636634
P2RY12,-0.6764861929699909
P2RY13,0.5279742485662996
TAS2R8,-0.47903207966226474
SPIN2A,-0.5552126671159177
TAS2R5,-0.48481484096110017
TAS2R1,-0.7020891470264256
SSTR1,-0.5243963170018764
SSTR3,-0.5246654828019549
HAND1,-0.040700376387105545
CXCR2,-0.4526405038731708
CXCR1,-0.621681481300572
TAS2R38,-0.4623367399622644
OR1G1,-0.6717045968772345
C5AR1,0.9630334618271988
TAS2R50,-0.4993274771877241
ADRA2A,2.624517226132387
ADRA2B,-0.41669593987905795
CLEC1B,-0.05259075305634367
CXCR6,0.4001317242420012
JAKMIP2,0.2625242197980932
LEFTY1,-0.7494093980099987
CXCL2,0.722456078255371
PYY,-0.8060040650474983
CCL5,0.7797335147204026
TAS2R20,-0.4741275090614153
INSL5,0.48466060330061433
TREM1,0.36704021208753723
ITIH2,1.818492058085745
S1PR3,-0.4479670288624165
S1PR5,-0.6135505728291035
S1PR4,0.38773999578327106
CFHR2,-0.4472366296645831
TAAR5,-0.7072317605971494
TAAR8,-0.8851720182288513
SEMA6D,0.976246421360436
CHRM4,1.1390679951371059
CRHBP,1.4151742957844369
TAS2R60,-0.4768516429655758
RLN3,-0.6086713574639526
RORB,1.9355371692470158
FPR1,0.3613506143706763
FPR3,0.97419438781361
ADCY4,-0.6673328435896424
ADCY5,-0.7112291287638124
ADCY6,-0.89102577780112
CXCL6,-0.5180803824974629
CXCL9,0.5265782619629885
NPY1R,3.145968741931098
GALR3,-0.44313749869563646
GALR2,-0.46515851000296005
GALR1,-0.47543309076678286
ADORA3,-0.4210786611690678
PRLR,1.977620728307244
KRTAP4-7,0.3313375651188096
GNAZ,2.364369907016106
NPBWR1,0.3552618255755357
GRK4,0.36332352321943867
CCR3,-0.504364416024182
CCR5,0.8580584921053723
CCR6,-0.48834277485084576
CCR8,-0.697778997751897
NPY4R,-0.4807936532024763
BEAN1,0.3765162606789642
C3,0.49116150952174337
C5,0.0640414470139016
TAS2R39,-0.5008233001608167
OR1E2,-0.9763049594941222
OR1E1,-0.9475072032847214
PNOC,-0.4460167374014693
OR7A17,-1.090779731066639
GPSM1,-0.5371361123177495
OR2J2,-1.051245811206666
ADGRE3,0.0564092180783289
ADCYAP1R1,-0.6227085713109025
PI15,-0.27618203362193144
LINC01587,-0.4850192204377865
HTR1D,-0.6968008317249936
UPB1,-0.30826389780352276
GRK7,1.0596478722454235
RXFP4,-0.31511684367699205
GRK1,0.009953455440815136
KCNMB4,-0.05174303708419027
IFNA10,0.6761919715681504
DCHS2,-0.6439904931079162
HCAR2,-0.523111737974711
HCAR1,-0.3219092330781869
APLN,-0.4207017030224459
TRIM49,-0.48232696205517067
MTNR1A,-0.7913917644272868
OR7C1,-1.0862013521422542
OR11A1,-0.9221744191320087
OXGR1,-0.4872175363491366
SUCNR1,-0.4651238026996148
TAS2R30,-0.4654889966045261
TAS2R31,-0.46700693450445435
CORT,-0.4544308336663068
CCL11,0.34311973912563454
CCL16,0.7473524921272594
TAS2R43,-0.4686573710102881
TAS2R42,-0.7976441839006886
TAS2R41,-0.5326722835285345
TAS2R40,-0.4748717063695559
TAS2R46,-0.4623367399622666
PF4,-0.42668007807157476
GPR55,-0.5166834459122032
ATF7,-0.5357279881792663
FBH1,-0.8542456507041704
KDM2B,-0.7793290553734822
FBXL6,1.3130000303424165
FBXL17,-0.4154516404383175
ASTN2,0.2805819652216985
ECT2L,0.15286664703790287
PRAME,-0.7376989440625057
FBXO45,3.8162230612730443
FBXO47,-0.0235316166549427
FBXO42,-0.15387377042166422
XKR8,-0.37472710270863735
FBXO36,0.06609133279197721
CBWD3,0.13273039716742227
PPP4R3B,-0.18909306058714057
PPP1R37,-0.6029978370667267
XPNPEP1,0.4981800977047193
SH3BP1,-0.3931353179024765
SSU72,-0.32489611842157323
C1orf131,-1.0047635168868645
SIKE1,1.0807111870389177
EEF1AKMT3,-0.4902948523840496
SH3YL1,-0.9127715172939999
ATE1,0.05083032033245036
ACAD10,-0.7805951607434642
ARHGAP44,0.3075017723014666
TSEN15,-0.6098870179815297
TCTEX1D2,0.1814501049230006
IL1RL1,-0.17751249100474925
CYP2W1,-0.236392418535037
CYP4F2,0.44988209804819496
CYP4F3,-0.48016730979099814
CYP3A43,-0.7413657446805522
CYP2F1,0.7155284798822931
CYP4F12,-0.6852426110473845
CYP39A1,-0.21121539611302512
TBXAS1,1.6426008000991987
PHEX,-0.15889899651272854
BGLAP,-0.0586510148543816
GC,-0.4905984197540248
CYP4X1,-0.41851038367189136
CYP27C1,-0.17329540976239277
CYP2U1,-0.10944784204573403
CYP2C8,0.16742435362293617
CYP26B1,-0.22395371329839947
CYP4Z1,-0.21417494813093668
CYP8B1,0.6955703786504626
CYP26C1,-0.21037708926612936
CYP2J2,-0.43209585349393
CYP4F11,-0.5767509442390567
CYP4B1,1.1486664400144788
KCTD11,-0.5060284932996942
MCTP2,0.3183647506233281
CYP2B6,0.08391315427011539
CITED1,-0.1621671476065143
CYP20A1,-0.3215522273814735
CYP4F22,-0.3237350082832415
CYP1A2,-0.9014557736598696
CYP24A1,-0.5705345946082575
GCAT,-0.945980435124979
KL,-0.5690314878882154
DEFB4A,-0.013288400897411555
CYP4A22,-0.5369761094088257
CUBN,-0.3812102031463747
CYP4V2,-0.39174550150979415
CYP7B1,-0.31272187349630737
BAAT,-0.7730230184610403
CYP2C18,0.3036343539229493
BCORL1,-0.4426232397582879
DVL2,0.47085283792736626
KLHL10,-0.0987458802905625
KLHL14,0.008433836452512673
ZBTB42,-0.8505564262428099
SUFU,-0.7715754158989668
KIAA1671,-0.2844159104929835
ZBTB46,0.1627161960303664
GPR101,3.962672137616451
DISC1,2.0465717201656672
THSD4,-0.3171410913977425
BMPR1B,1.0773188694841305
OASL,1.4624843139898154
CBFA2T2,-0.7497246331153233
ZNF843,-0.11051913656972578
SIRT5,0.009218384034192931
ING4,-0.9017511139577512
EFHC2,-0.7107608092426466
ING1,-1.0549520188998605
PHF23,-0.5835056389675337
ZNF775,-0.7747913990128289
PHF2,-0.2703493121444045
TET1,0.09000858911164315
DGAT2L6,0.27193223478819173
TMEM239,-0.0003668101095233538
ZBTB22,-0.41243905836973527
ABCB9,-0.45506240811986237
NACC1,0.6840729412431987
PPP2R2C,2.743072560598686
ZBTB45,-0.6707186065129865
ZNF653,0.19602235040249458
CDRT1,-0.7136987037180654
AMZ1,0.9380609685826669
NKX6-1,-0.6137437139873465
VWA7,-0.5792832879430541
MTUS2,-0.6632356992013467
GPR21,-0.4365463439578101
ACSF3,-0.8065303186147093
NOTCH2NLA,0.12900287487833106
TRMT2B,-0.7806086530977885
MAGEA1,-0.3758635943115838
MID2,-0.6158124015067915
GPR137,-0.3734588731945358
FAAP24,1.4653337241481104
TRAF1,0.799627941043408
KIAA0556,-0.5565209314821978
KRT40,-0.5320962549747424
ARHGEF38,-0.30938700259932017
PIGQ,-0.844437780997062
RALGAPA2,-0.05404827634378027
DDI1,-0.13080814590778797
MTMR7,0.076116898689499
FRY,0.387624159898994
NKIRAS2,-0.4204695730232306
TBC1D14,-0.30096002165294156
GLT1D1,2.4341412748270783
STEAP4,0.03400671023614263
GHDC,0.5573565952193795
POPDC2,-0.29212832468312194
CYB561A3,4.372659816346153
ABHD14B,3.024323947727037
CHRNA9,-0.3529003777648912
BRAT1,1.0912284407040276
CAMSAP3,-0.26116241536192697
TKFC,-0.38713251753004024
TMEM219,0.0521382437641512
SDK1,0.47643510828320146
IGSF22,-0.13264944933510686
ROBO2,-0.1371359245671497
DSCAML1,-0.2418984358712054
MACROD2,-0.2968646960999099
SDK2,-0.2684803626228831
VMAC,-0.1986196961774703
CNTN5,0.04512494984742783
CNTN3,0.1461084029652694
CNTN4,0.17696588909705507
DNAI1,0.6122331378422623
CEACAM21,0.04011374244389465
FCRL3,0.16553441288318704
IL13RA2,-0.2684345940953099
TMEM30B,-0.2379319493511368
ORMDL3,-0.3607093279460663
ROBO3,-0.3607818126636701
EPHX3,-0.803321040118412
C9orf43,-1.036045205305915
SPEM2,-0.9688125655766802
TMCO2,-0.9823688365286579
MROH7,-0.945602663301309
SAMD15,-1.017462262206245
TKTL2,-0.48878791546458034
SYCE3,-1.1066864413130837
TPPP2,-1.049615867062682
COX8C,-0.8918997877122546
ZSWIM2,0.744974817850785
ARMC12,-0.9947335104951965
ZPBP2,-0.6155338877203239
CCDC70,-1.1036015698079715
FNDC11,0.016159318066242816
RGSL1,-0.9464187415976039
CCDC96,-0.8497515712181247
ACTL10,-1.0594234835549756
TTC23L,-0.8251058373313603
RBM46,0.4813391394207216
STARD6,-0.8375539750509815
C9orf57,-1.0199807920480368
DMRTB1,-0.9415564121277546
AL163195.3,-1.0466289615079838
PGK2,-0.6394880029066748
SPATA17,-0.8453536070989023
SPATA19,-1.03689879106479
C10orf62,-0.9166036002456603
FAM47B,0.33928722184255766
C20orf144,-1.014707219749382
IQCF5,-1.0654114766812068
CCDC42,-1.1001861741945766
DNAJB8,-0.8887272403402501
TSACC,-0.9736236486906733
ODF3L1,-0.9285197485215996
CCDC38,-1.0356217909356997
SYCP3,-1.093456521359265
SPERT,-0.9735587685310415
RNF148,-1.0466679863557762
PRM1,-1.0601274983011177
SEPT12,-0.9125033439015149
REC114,-1.049762296562685
HMGB4,-1.0309616382379778
RBMXL2,-1.121723015739642
ZMYND12,-0.6881767796137566
DYDC1,-1.0502585076738842
GOLGA6L2,-1.0131422168151474
TRIML1,-0.9031982967340058
TMEM225,-0.8867358946909244
TTLL2,-1.0013394138061702
C14orf39,-0.8225757506042729
PCP2,-0.9068821065454504
DEFB123,-0.8011643361758937
KIRREL3-AS3,-0.42840471218345966
WNT3,-0.8438850478354419
PRKD1,-0.37727222868004595
CCL1,-0.6218685892278139
CEACAM5,-0.566092733093425
DNAH9,-0.5207312029780403
ALX1,-0.3487654453618819
FFAR4,-0.6788075592895945
DDC,-0.46829456230730804
TBX5,-0.8560023004065795
REG1B,-0.5874154239538828
HTR4,-0.771342485215173
GPR1,0.22110216970270813
PSG2,1.6405747120535705
ADGRG2,-0.06848340983354881
FZD9,-0.5034490393531277
FZD5,0.6717886025946945
FZD7,-0.0699187747799239
CGA,-0.4732302432135325
FGF14,1.1572298860762695
ADORA2A,-0.6871501418662201
TPRN,0.13881403621288052
WHRN,2.7091429250123773
PPP1R3A,-0.5900164656219437
CLIC6,-0.46015811884325525
CCDC85C,-0.3051699116547171
AC003688.1,1.1788470336154822
CLDN16,0.04580515986545748
CLDN17,-0.21827736302107267
CLDN14,-0.49131492167818436
CLDN15,0.14068934926259405
CLDN23,0.5065137117462567
CLDN22,0.592846700682045
CLDN18,-0.45118103772012813
CLDN19,0.2830738600293721
CLDN25,0.9559467367316261
CLDN24,0.9559467367316262
CLDN20,0.6594755778299971
CLDN6,-0.27094843415315073
RAPGEF1,-0.3573831134529643
MTMR2,-1.0743036084241722
GPATCH3,-0.3082559476795178
DNAJB12,-0.2850215044948091
FPGS,-1.0451301259015078
VKORC1,-0.7445345172618069
BCL7C,-0.7857935644141287
PLEKHM2,1.4463647165558149
MCAT,-1.2487757022398802
TOLLIP,0.470020781935729
POMGNT1,-0.4930275729021039
ST6GALNAC4,-0.433469939196659
PEX10,1.629981966447717
MUL1,0.2294506660999377
INKA2,-0.719859715144809
CEP128,0.014455987188325031
CDC42BPA,-0.20719042686387418
INKA1,-0.010151516307534194
PAK5,-0.7315429037945309
CHST9,0.054417913481846304
CHST2,-0.027335732356567412
CHST10,0.20434206081008885
CHST13,-0.06109467214491958
CHST12,1.400083423140704
LRP6,0.14524479341303909
CHST14,-0.06272136051679394
CSPG5,1.048730127256148
HS6ST1,-0.14048707189184478
HS6ST2,-0.002242652505600774
HS6ST3,0.2594333690790025
SYTL5,0.6544877686461424
PKP1,0.20960426585866734
MS4A1,0.7420715103802684
RADX,0.13076667281684298
NSG1,4.515801100275373
GP6,-0.004324258912582485
ENPP1,1.0954453082779474
FLRT2,3.3955539366640672
KLK1,1.5747348963695769
SUMF2,-0.3307067696753755
CCM2,0.1959344651129947
C1QL1,-0.3948488237087024
F12,-0.3581112165172175
SLC39A2,-0.5489968969096393
HOXA11,0.12161324019330952
PAX8,-0.826370322493947
LRP2,0.22706322937326837
IGSF1,0.10234612799751551
SOX3,-0.4433680027509433
ARHGAP6,-0.24108329011544835
GRHL2,-0.5956752129243071
WNT5B,-0.6724456526896854
PEG10,1.2164802367590035
APOD,0.560202812440581
CEP170P1,-0.545255743513567
PTPRZ1,-0.17054015944540274
NHS,-0.08445723229600778
ATG4A,-0.11707140010543927
SLC25A14,1.0660898948837678
CPLANE1,-0.16652818029416483
ADGRG6,-0.33821200196402035
AL139011.2,-0.5976939843800563
PPP1R14A,0.24361720968762604
GAS2,0.23303959726914966
CELSR2,2.0882536162387706
GLRB,1.005833902323785
NUP62CL,-0.4836500136652574
PSD3,0.08268284485546504
NME5,-0.7711834255239605
AMMECR1,0.41037914773345413
LIMCH1,-0.24410553165949356
SCNN1B,-0.714766357277526
PLCE1,1.2778651620621277
GLCE,-0.3508619504828175
TOM1L1,0.596749951130696
NAV3,0.05923388552605037
HOXC6,-0.04877926228790924
DLX5,-0.3413619725022343
C1orf198,0.16067661104148814
SPOCK3,3.1745687450533415
VPS26B,0.022480165011025552
SERPINA7,0.30079060454898876
PDGFD,1.3443467288644786
USH1C,2.461766187437955
SLC15A2,-0.2142913877082604
SAA2,-0.014504252142840462
PTGDS,1.0002200365847587
PAX7,0.42965572524092255
PAX2,-0.5921665967169382
ATP6V0A4,-0.2032235337058738
SLC22A2,-0.5037625834244556
FMO3,-0.5713119237353371
MCC,-0.655597940707353
MMP19,-0.39463886508342233
HFE,0.2918327961055509
FGF12,1.2866732564942587
ARSE,-0.5927089513303572
PLA2R1,-0.22818909649497726
ID4,-0.20785497475350082
CPED1,0.17559585465094232
DPT,0.18578620576977267
DKK2,0.26530735022958407
EYA4,-0.7699595577570071
KERA,1.028098724770105
ABCC6,0.36029202842786
KRT33B,1.1020634782041216
LHX1,-0.680574062589834
PTGDR,-0.8680163678960898
GPRASP1,2.1557533241746336
EMID1,-0.2742099025861669
CA1,0.021785841654906067
RASAL1,-0.19109588579966
ADAMTS6,-0.4004466458897728
INSL4,-0.4408835634203451
DMBT1,-0.6602153780365603
VN1R1,-0.41930062640586646
AFM,0.6543111205739872
MAGEB2,0.44912570877633873
SLC22A11,0.13150393867717203
CLCNKB,-0.5404864632467619
CLEC4M,0.2853503820742023
HOXD4,-0.5836271391399481
SCNN1G,-0.5813298817919856
FCN2,-0.3760397114644754
PAX9,-0.6817444426428955
NAA11,1.647593032928828
KRT85,-0.43598192232188965
ADRB1,-0.7803526275584944
CDH16,-0.5624057525383419
POU3F4,-0.2612075599298056
USH2A,0.1738973536052723
SFTPA2,1.4368860550071907
ANKRD34C,0.36827921775303396
CRYAA,-0.6813619831883151
UMOD,-0.7092392248356245
MFGE8,1.489292842154673
CELA2B,0.5225793155118423
ARHGEF17,2.868683980765344
TMEM184B,-0.2657511997956612
CLPSL1,-0.2777632716930206
SOX18,-0.010945228544047756
FARP1,0.010797599506481998
GPX7,0.5794476293296296
RETN,1.9853800614341306
KIRREL1,-0.04632878169401354
MXRA7,0.28923224252434626
ERG,0.3892863966903487
NDUFA4L2,-0.37877181497543383
SPON2,-0.052807352142943756
SHOX2,-0.12810453865125676
ITLN2,0.07297887191006225
EVA1B,1.5669409982680231
FNDC1,0.3757257417457679
TSC22D3,0.01832251566090336
LPP,-0.35126558806941516
C1QB,0.9341436463164183
STBD1,0.4356246078544245
VGLL3,0.08992255406791402
SOX4,0.3993201212643495
ARAP3,-0.013400211810734504
DCBLD1,-0.05498161557659918
SLC16A2,0.09611927310625226
FKBP10,-0.7445047522261468
PLVAP,-0.09205868319344461
UNC5B,1.0329952218309557
RASIP1,-0.17122129973723108
UAP1L1,2.3485280875485994
RARRES2,0.9759724113401677
CDH6,-0.022627548474917585
MYO10,-0.259120873005919
MID1,-0.41166090713230247
FGL1,-0.5393070362617455
SLCO2A1,-0.18015555689946267
RAB34,0.2940066661580427
AOC3,-0.24939177647819077
CCDC102B,-0.5444726655069951
NDST1,0.5646742352205678
BMP3,-0.7808196896624552
HYAL2,0.2061696935557623
CCDC80,0.3835131505597565
ROBO4,-0.4378003960635426
EGFL7,1.6618303999426551
TBC1D1,0.978253138925858
SGCE,0.30366428684643126
ID3,-0.4536197357101049
GJD3,-0.6131787467994196
MSC,-0.5401531203327753
SERPINA6,-0.3680789798921861
VWA1,-0.07158131530385436
GLIPR2,1.5005930101490708
PTPRG,-0.4060889342740393
CSRP2,-0.38571323418426906
ADAMTS9,-0.31756074735459555
C1QA,1.035176113184778
SAA4,-0.6281368461440512
PCDH12,-0.32995631189303964
SVIL,0.9338403045969054
CDR2L,-0.3651901380831148
INHBB,0.7934547119819014
SPESP1,-0.7966778233945913
APOLD1,-0.020666457540746724
CYBRD1,0.013299060280418957
COCH,-0.09475726073464014
LIPG,0.8941655108550465
MYCT1,-0.2638903911699766
GASK1B,0.4901107719011094
NXN,0.24965663865185048
IKBIP,-0.6349258538382371
HEPH,-0.08033223671537056
TINAG,0.19618030864198238
OR8J3,-0.9162706243988663
OR4C15,-1.015811537602907
STK10,0.5155333818237351
TYROBP,1.8044003008815441
ZDHHC12,1.4039225268988458
GMIP,1.5531868707836307
CDA,1.4660677498623618
NPL,1.507900401458075
PRR13,0.7795677114962247
TNFSF13,1.3358824825073548
MGST2,0.0049317397639855156
EDC3,0.6984208211311964
TMEM127,2.0801832229809665
GLMP,1.9268239047869207
HOXB6,0.4359825009049
FTL,1.362256451180452
SDF2,0.9080049433161418
BCL2A1,1.467084683626756
FRAT1,1.8576785854842959
ATXN7,1.6414282641384426
SMAD9,0.2486411449577751
OTUD5,3.890150212324973
NADSYN1,0.5078251315866257
GFI1B,0.9505689801598567
SHISA5,2.223286322764586
STN1,1.532188952416535
N4BP1,3.4497596106480124
MS4A6A,1.0603013550029847
ABR,1.0855407821860474
ARSA,0.8938880468377471
SIDT2,0.993963844352323
MAN1B1,0.6321030510116622
HPS1,1.0716721317819313
VSIR,2.346182174262935
PLBD1,1.100312575485362
TMUB2,1.6385474805004732
ADAMTSL1,1.351305761061587
TADA2A,0.8370104857713297
TNFSF12,1.2342290248184793
TREM2,2.161605865039583
TXNIP,0.5671043220491337
PPDPF,2.714674341429199
ADAP2,1.5800153604697835
NAGLU,1.7722028455413532
BTD,1.0117941759031706
MFSD10,0.5097175141547484
IFI6,2.502110724372984
HS1BP3,2.049048419105311
ACP5,1.7266472509463804
BMT2,2.6918539350049877
LOC100653049,0.6652766342989651
CYBB,2.0912623493605316
IFI27,2.3383018462678193
RNPEPL1,0.5686734054400722
CCDC92,0.7047703729211795
C11orf68,0.9571697798162987
TRPV2,1.2757195730515953
FAM131C,4.830533506619867
KRTAP1-5,3.5732398095844804
CTSF,3.0825383335773093
TRPM4,2.046758763751724
SECTM1,1.9694322132365205
MAFB,1.6660473428655291
PRKAB2,0.6023033774021727
BST2,2.5975408870832695
LGMN,3.3606018696527777
LAMTOR1,3.490732991671337
SRGN,1.3817170118075106
GMFG,1.0664562464618776
WBP1L,2.9380015576434264
SLPI,1.3920957312128597
KRTAP11-1,1.4140232137544009
PLAAT4,1.7674041431505456
STX10,0.4709605503202747
KRTAP15-1,2.5498976375461906
MICU1,1.5722270998509345
CALCOCO1,0.4507279491803608
ZFP41,3.1793029972109137
ZDHHC24,1.9718921914284262
ANO10,2.696898805234807
CPNE2,0.444437588972401
MAN2B2,1.9251003520286425
S100A13,1.1771176345850394
LYZ,1.9393060041566248
TTYH3,2.067152139751315
IFI35,2.2856097416971304
OAS1,1.4395291727595683
MAGED2,0.9092410042794528
CCDC69,2.2266647432378224
TMEM115,0.6228087503105084
GNPTG,1.6649755113216413
FLYWCH2,2.4200856392862233
DLX2,0.5516231590552936
FAM102A,1.6192141557616322
APH1B,1.0559202544815809
FAM207A,2.894644521585985
BSCL2,1.386051450067641
ABCG1,0.7074037832024025
AC113554.2,1.723928860577359
RETSAT,0.8589289120055582
SIL1,0.9978384976938801
TOR4A,2.5535283945363894
INAVA,1.1182190026596233
PYCARD,1.1196858021382952
LRP10,2.228027466264675
ULK1,3.1303188937490884
MCOLN1,2.2157509055569613
SULT1B1,-0.28350302464715993
CHSY3,-0.2467714420120403
SBF1,-0.7808694572714062
NDST2,-0.09358809356454788
NDST4,-0.18610505641301908
SULT1E1,-0.4216691971224671
SULT1C3,0.15788476674655114
NFATC4,0.9754967630644696
SULT1C4,0.7197511204881045
CHST6,0.09111263443975809
HS3ST3B1,0.06135917341154068
VSNL1,2.2666105014656477
CHST5,-0.14613600596372575
SULT6B1,0.21753423349327886
SCRG1,1.6589300598568197
DIP2C,-0.34856665280871985
SULT1A1,-0.450229196196791
BPNT1,-0.262009162077564
HS3ST6,0.10477490514055075
HS3ST4,0.13736278983189773
HS3ST1,0.058715524480746066
HS3ST3A1,0.030453741872061017
SULT2A1,0.18266289694039997
IFNAR2,1.48637649048464
ZBTB32,-0.6753753727602133
GAL3ST1,-0.13795049128136302
ADAM19,0.06705709381178679
GAL3ST3,0.266197184034108
GAL3ST4,0.2906857614738499
GCNT1,-0.27316375361166306
CFAP74,-0.3462327500453838
REG4,-0.4077480352841512
CLRN3,-0.4457844461723944
TMEM125,-0.1974772516943924
ZG16,0.8178866836564637
ADTRP,-0.5982072189530977
ATAT1,-0.10756069072073543
GSTM2,-0.07255547710214914
SLC28A3,-0.49173494907633986
PCDH11X,-0.3237718471721057
MUC1,-0.5500907665321022
MUC7,-0.41558486189721033
MUC19,-0.3194033917245117
MUC17,-0.563885276540285
MUC16,-0.5479228106414976
MUC15,-0.44474734164655855
MUC13,-0.45352793042788464
MUC12,-0.40707040524768856
LECT2,-0.5753138886731357
GPR15,-0.5433838837296068
CDH10,0.030339629155727445
KYAT1,-0.49859094037580154
GJA5,-0.44379753597435323
SLC17A4,-0.4392921184421536
F9,0.14476303655258058
TEX13B,-0.3382198231074047
TM4SF4,-0.5216916878035972
SLC45A2,-0.49081488108157645
TRIM15,0.2470342076235424
USP29,-0.25414750626141897
LBP,0.08444237709564774
B3GNT3,-0.6050563911357886
IQCA1,-0.3894421287376441
EPS8L3,-0.630681935116003
PROZ,-0.44033916572350873
GJD2,-0.614571093560704
NHLH2,-0.047090350799096
CA5A,-0.7818578488176701
ASCL3,-0.3837106306595695
MUCL1,-0.3538931127858043
MUC3A,-0.3676560733256568
MUC3B,-0.2402091799963809
WDR78,-0.5039962832603332
NECTIN4,0.7307441490837365
CDY1,-0.8904227972578871
CIDEC,0.1955038548873992
PFKFB1,-0.8187810306703404
MMP8,-0.5973759441152353
DEFB126,-0.08912522576641935
KRT37,-0.550820605390152
IL21,-0.39672392119170574
CNGB3,-0.4256981168861457
GP5,0.2994409347595925
MASP2,-0.6952525922232633
PAX4,0.003795726614199407
PCDHGA9,0.4952393273320655
PKNOX2,0.21515519765858973
YY2,-0.99194497644185
SLC10A1,-0.6507684488880922
IL19,-0.03630993403645588
NEUROD4,-0.4266639420230124
LENEP,-0.3800930811864815
IL1RAPL1,0.12555359947834058
DCPS,-1.530444009768204
GCNT3,-0.6006546052124481
HAVCR1,-0.30706943117846486
MUC20,-0.5141867997326287
MUC21,-0.39070069016340536
C6orf15,0.38235035366538384
CELA3A,1.2506853005815475
OR1A2,-0.9538502497441788
FOXK1,1.4543085655102297
TRIM31,-0.761376239959505
SPRR1A,-0.6044412575366845
PLAC1,-0.4956222283977639
IL22RA1,-0.41463700782974383
MUC5B,-0.565136864097445
PROX1,0.015001517763178679
TMPRSS5,-0.2908468355835866
ARMC4,-0.9734736187862181
SIGLEC6,-0.44276450616316637
GALNT10,0.08394880525762621
ALG9,-0.741228347197851
B3GNT7,-0.3259677440150804
DNAJC18,-0.15825977725995188
ST3GAL3,-0.04592977259402747
GLB1L2,-0.07529415204977567
CD226,0.12831877862964475
CDC42SE1,0.06489480367507645
CRTAM,0.29832553577664433
CSF3R,0.5425391179458562
MS4A4A,1.6224504900777603
MAF,0.9897025871790506
LILRB3,1.3677119156121766
LILRB2,0.9686875285483844
LILRB1,1.2612859863424608
CCL22,1.3386524214274744
GZMB,0.9733631132734283
GZMH,0.33299482135701347
SIRPB1,4.506149488278645
TNFRSF10C,-0.46858426638930156
CLEC5A,0.9200573297434247
IGSF6,0.7797538931661195
IL3RA,0.6393201122251368
PRAM1,2.187942176113335
LSP1,0.22277288348782495
MPO,0.38059854267872373
IRF9,1.6652573014641066
LILRA6,0.8078163367195046
CFP,0.6567937218520802
FCGR1A,0.16191078046856378
GNLY,0.8542847861421131
HLA-DRB5,2.4824510949192122
CD300C,-0.2031334033106198
CD300A,1.0821228194318602
CLEC10A,0.9476300006306949
CD300LF,0.7214518371196253
SH3BP2,-0.14675593242358498
APOBR,0.523242952639967
TNFSF8,-0.40981692239999834
SLAMF8,1.5525100304994717
SLAMF7,0.2702986392293319
ALOX15,-0.42255119956343257
IL18RAP,0.3031502920122699
LILRB4,0.46424688788687335
PDCD1LG2,4.473363416166664
AIM2,0.9016283366804738
LILRA2,0.7066983486341379
CLEC4A,0.8426338715681999
CMKLR1,0.7749937138487789
PLA2G7,1.477832423296564
CTSW,0.035821317707461754
FCER2,-0.08451642347073716
CSF2RB,2.8424232465879875
FCN1,0.9018743243886481
LAIR1,1.2451288562569383
ARHGAP9,1.1952061458533447
CLEC7A,2.7141773170480628
NFE2,-0.5156362210961265
HLA-DQB2,2.360167909194774
CTLA4,-0.11119347939036983
SLCO2B1,1.3309690059817079
MYO1F,1.8291909886757964
CD8B,0.46241539062289
HLA-DOB,2.397862075386051
ADGRE1,0.8940408265965805
ADGRE2,1.3542673031678738
RGS1,1.3329020516724013
S100A12,0.1434456176881587
DPEP2,0.4439036394229658
TFEC,0.9992713890834544
CIITA,1.5061047260106482
BEST1,0.4452995659520775
NCF1,2.153832206483265
TNFAIP8L2,1.5348781304343282
ICOS,-0.06743858482567153
RIN2,1.6984107646263267
CLEC4E,0.4163934319844882
C1QC,0.9843722113957912
DOK2,0.5563319042757713
IL18R1,0.29607714706563865
ABHD6,-0.21585189501665739
PARS2,1.462134492652835
ABHD12,-0.17746695774100724
DHTKD1,-0.7422859714568262
ARL2BP,-0.5000501143718433
MALSU1,0.5722176564196501
SPG21,-0.5862434712170119
ABHD8,-0.393580897606103
EPHX2,-0.4223328130895386
ABHD5,-0.19660701579175308
INPP5K,-0.3234793963706202
SERHL2,-0.33570952168179324
ZADH2,-0.8786455955281495
ABHD12B,0.08613215639806943
NFS1,-1.0297823366539527
ANKRD52,0.6621980683962243
HIBADH,-0.5933687257426674
LDAH,-0.9117409022009987
CHCHD4,2.0027871151855385
RTN4IP1,-1.0371602653412482
ENOSF1,-0.9271042566371158
CISD3,-0.16503340933792357
IMMP1L,4.886390482407596
UQCC1,-0.8306925809510177
EPDR1,2.6403710628521417
EPHX4,-0.37957758890287296
NDUFAF7,1.283445873713549
OXSM,-1.209763896864279
HACL1,-0.944075073657838
ABHD16B,-0.26255784253977804
ABHD16A,-0.1272300450421712
PDSS2,-0.9553119905976465
TRIM68,2.3622636708182143
BPHL,-0.17113380993673397
NIPSNAP1,0.5985216018614956
GON7,-0.6090024977533421
CCNB1IP1,-1.121563860703695
HDHD2,-0.7781718959988118
MGLL,0.36713493736551656
C20orf194,0.2905532772393312
MAGEF1,-0.7337303365769359
HSD17B8,-0.540124052749125
MCEE,4.137481259127748
EFCAB7,-0.1576699531341725
ARMCX5,1.4196794241253512
OSGEPL1,-0.9593432828435233
ANK3,1.123028433749181
COQ5,-0.5769093358901334
COQ7,0.8629557781743289
COQ3,-1.388058834245779
OR8J1,-0.9288043659637507
OR10K2,-0.9197302055857001
OR8K1,-0.9262484012313926
OR5B17,-0.9756719920003296
OR6C3,-0.917000990238988
OR6C1,-0.9569950464601367
OR5T3,-0.9520506193660615
OR4X1,-0.9825993692086168
GSC,-0.5817281117956143
IL12RB2,0.1502952936185841
ZYG11B,-0.310106256023047
DPRX,-0.3712456651321435
FAM129A,1.9967879876418602
CTBP2,-0.7898821147184653
PRRX2,-0.3813460742558296
NOBOX,-0.899601378531525
HESX1,-0.2425568789605331
VENTX,0.4047018672481361
MNX1,-0.40075735075780555
DLX3,-0.5227941099666525
ANHX,-1.1167618016951972
ISX,-0.41765089317163245
TLE2,-0.22393774668551777
SCAF4,0.1057628635707623
IL12A,-0.07129956314712312
DMBX1,-0.47114359776448594
UNCX,-0.42445672815280067
ALX4,-0.7720297141130329
PELO,0.4283604801525178
RAX2,-0.5292520854391324
CDC42EP2,-0.0935957139726245
DRGX,-0.7474390123077784
OTP,0.1283372554154676
COX7B,-0.7713020127315966
MT-CO2,-0.19933688359700064
NDUFB2,-1.1880732904974396
NDUFB11,-0.8466325139003148
NDUFB7,1.6923033384434034
NDUFA11,2.123184705605198
COX6A1,1.4382265808360981
COX6B2,-0.9257410621387175
COX7B2,-0.08525793109280962
SURF1,-0.4593259285294482
COX14,-0.5210207813774048
COX16,-0.24533603707404997
MRPS36,-0.6879410014980487
NDUFA3,-0.4937743091376849
NDUFA1,-1.4830884800969628
IDH3G,-0.5148582964381052
CCDC151,-0.7355873259182111
COLEC11,-0.24374610143002895
CBWD1,-0.6949845171974574
SYT16,0.5492483950528582
WDYHV1,-0.5144611078286162
PLGRKT,0.7961214572671342
MCUR1,-0.9276563119829655
CCDC120,-0.5588056379632924
DIABLO,0.30609757365770796
TICAM2,1.1069632636530586
LHX8,-0.26301065645223304
IRX5,1.5806595643911954
IRX4,-0.5455008088733976
BANK1,3.8307506744394493
IRX3,-0.25224593450854543
TCF15,-0.47487566619058647
HHIP,0.4520351913337913
TNFSF11,0.481695082533421
PPP1R1B,-0.06932743952276699
SOX17,-0.6686959104866823
ZIC2,-0.2703029916788404
B3GLCT,-0.4241875822101478
FOXJ1,0.27923073323286024
HES5,0.060941736708186436
SESN3,0.024782557842708823
RGMB,-0.35502190856013144
RGMA,-0.34563682058874096
STRIP2,-0.12384673893216411
PPFIA4,0.6221437528270171
TWIST2,0.1279279977389991
SULF2,0.17103014917616705
VWCE,1.1988109562772205
PRSS12,0.2168509909238272
NRTN,-0.22484106540516915
GDF7,-0.6021778563111766
SIX1,-0.7827580359804497
KIRREL3,1.5392412692424082
CDON,-0.40907276476176974
FIG4,3.7924825966862437
C1orf56,0.09160851721145456
LY75,0.2922892321113722
NXPH2,0.3985803274569485
SHISA9,0.19095224275751826
WNT3A,-0.6910087721063771
MESP1,-0.753454223897319
HJV,-0.29810939553236054
ACVR2B,-0.706886921528197
DLL1,-0.5703205935502285
SATB2,1.1475153105315297
BMPER,-0.2513168095776519
SPTSSB,-0.5549434934133305
GREM1,-0.23340511530864472
APCDD1,0.299970591527099
INHBE,-0.7682901386005824
BMP8A,-0.4072921405704732
BMP8B,-0.5358759758971077
GLB1L3,0.020948653196354746
PCYT1B,-0.5567366098639227
FREM1,0.8725838421284108
NPTX2,0.9652961339595059
TMEM71,1.209375154184707
TSHZ1,-0.6056043544670764
PAX1,-0.5475912413109032
IMPG1,-0.381486130348476
SIX6,1.1493937139037504
MEOX1,-0.502173091883528
THSD7A,-0.2790400189874675
SLC35D3,0.14847265755627756
S100B,1.3284222856214307
GDF6,-0.6112330900275655
ZFP42,-0.8724908130825328
PCP4L1,-0.8430658613966706
WNT2B,-0.6493223089875323
CRIM1,-0.2192984749934258
FXYD5,1.722883094586457
DELE1,-0.5104912148665688
BOC,-0.06616537749454002
NKX2-5,0.2511259797600794
WNT8A,-0.7139138944676261
BMP6,-0.6110733450060962
BARHL1,-0.6252938294475744
ZKSCAN5,-0.6159175258727881
SLAIN1,2.3341514511733563
AMH,0.9296901231253044
CYGB,-0.508685002388924
PRSS35,-0.42000963021848453
DLX6,-0.5397839294496728
DLX1,-0.2508244828355814
SH2D5,-0.2482189759785766
LMX1A,-0.21411505781567822
HENMT1,-0.5189753333705583
IL17RD,0.19025188262950807
SOST,-0.5946760703288992
SOSTDC1,-0.13297484925162434
HEY2,-0.6283454910090153
FOXG1,0.5318816511005813
PIFO,0.12259995107667648
LATS2,0.19516739780601905
FIBIN,0.0352666696175798
GLI2,2.1662822178094374
DGKE,-0.5830321623974345
C1QTNF4,3.660266851991756
VAV3,-0.06326874022175365
MBOAT4,-0.06868349265344352
SPART,1.2530694486335674
LRP12,1.0559477331191731
ARRDC3,1.7966163526381824
AL591806.3,1.8210625829729534
SNX7,-0.23844989804823316
SHB,-0.40238407280919003
AZGP1,2.46056306911399
ONECUT1,0.07003445411601363
DNAJB4,-0.026014825672893215
ST3GAL1,1.5498888625012974
SLC25A24,0.45408660120713273
TAGAP,1.92194340212341
KRT3,-0.8080019606894588
OLR1,0.03999813865511004
NHLRC3,-0.5751346736465792
F11R,-0.25617971651259996
KDSR,1.3631875006397336
ERLEC1,0.09993122558469947
LYZL2,-0.44913199025310296
TBC1D12,-0.06195708257947831
GRAMD2B,-0.11926380229959692
DSPP,-0.7096164501608736
BLOC1S1,1.3945528604619988
COMMD6,1.0511497041276332
MT-ATP8,-0.2669735939766459
SELENOW,-0.47259487219791385
MPC1,-0.7880237162429891
NDUFA10,-0.8311268704526312
DMAC1,0.08568518098683453
HIGD2A,-0.11680530331386371
AL133352.1,-0.3011079813873338
NUDT2,-0.6014619578915905
MAGEA2B,0.40467530114172695
TOMM7,-0.9770568652689678
TOMM5,-1.4666321645725418
MRPL20,-1.433717438696893
TRIAP1,-1.976633103700186
PNPLA4,-0.8635171302595553
ARV1,0.32163920897954246
GNAS,0.6664376767116912
AAMDC,-0.4594341997418293
ANAPC16,-0.99724755551971
SPAG7,2.3471263054467957
GRHPR,-1.2297450208561724
ECI1,-1.1904711023551227
SMIM7,-0.799287845080285
C15orf48,1.1914199617938037
BAG4,-0.49698509615096775
LETM2,1.2273565532060424
PLPPR2,-0.30459070264416493
TMEM54,-0.07251318647013198
PLPP5,-0.2038220762325501
ZNF518B,-0.6586863495638613
ZNF521,-0.2521629969717611
FAM170A,-1.1099082152281274
VSX2,-0.14978405330296454
SEMA4D,1.2819822768230051
POU2AF1,0.03792624502880454
CCND3,-0.7841655311131365
CLEC2D,-0.10046940506084559
CD1B,0.069157237694216
VPREB3,-0.0803855864952005
NKG7,1.0240756974407368
GZMM,0.33452805209246755
ZNF831,0.3986500252751936
APOBEC3G,0.7591143530974134
APOL6,0.4199610812949707
APOL3,1.3650867686722445
APOL1,1.3381568161722683
IFI44,1.8882129059009725
SYTL1,0.4160826340628846
CHI3L2,0.16064809479454462
NFATC2,0.07663293134597338
G0S2,0.050702918845650535
IRF7,2.2078265004362883
CD96,1.2887119006445553
TMC8,0.02187934993310492
SCML4,-0.04273184283639141
ARHGAP30,0.4082759960308368
CPPED1,0.5702111427458288
ZNF276,-0.37743137463278975
APBB1IP,1.987105614634999
AKNA,0.21490989782345357
SKAP1,-0.506717591576548
HELB,-0.36826978496114016
ZBP1,0.8684384088489029
MZB1,0.08691851846627693
MICB,1.6568343899018623
LAX1,0.11903893065445101
GIMAP7,1.431571685243818
IDO1,1.6796939193921854
TMEM156,0.3990509394368821
NLRC5,1.4942221993766076
MOB3A,-0.28426487032796927
ZNF862,-0.6429305501948781
CCDC88C,-0.0821661905749384
TLR6,-0.16989350788275445
BATF,-0.10588113231061268
PREX1,0.9951307100452145
BTN3A2,1.6520393611962854
UNC13D,3.9373502989157334
SIT1,0.0006122708367451966
CCL17,-0.14828797884584874
RGS19,0.7733361676104132
OXNAD1,-0.666317338099531
UBASH3A,-0.35162861413611135
RASA3,1.222235746930395
IL27RA,0.025109419014201866
PVRIG,0.08858411598562309
C4A,0.2856920632964445
PIK3AP1,0.7411537011081346
AHSP,-0.38108008093502843
PGLYRP1,-0.5755339696705164
HVCN1,2.3363899143525235
GYPA,-0.36001047849001905
LPA,-0.44448314281413437
CCL3,1.3672564823604978
VSIG4,1.0392311837575738
LAMP3,1.6104181462877214
TM6SF1,0.7637082789593328
CHAMP1,-0.45565305799464945
PADI4,1.252954155888756
CIDEB,-0.2695172649168522
CRLF2,-0.384320817685944
NAALADL2,-0.05088303750146759
FCAR,0.20728726766552286
IL5,0.1541542243548209
C1S,0.618744469294
HLA-DQA2,9.432427668623726
AC018755.2,0.3836524310008146
MPEG1,1.7027806389925055
IL1R2,0.46981371799146115
MPL,-0.1997359229196839
FCER1A,-0.2650799267351872
SNAP91,2.298401039262637
CHN2,0.22809547295311897
NFE2L3,0.024427409084595668
GSTA3,-0.5121792306242295
PTPRN2,2.2284784080844546
BACH2,-0.3812610823685367
FAM30A,0.231178461934364
MAN1C1,0.9468718154311683
BATF2,0.2048646812557289
BEND5,-0.2165584550320332
SALL2,2.75588156546396
NDP,-0.468355505098116
JDP2,-0.09415594140036647
HNF4G,-0.5492568338968766
NR1D1,-0.27791500343228936
PPL,-0.7382707017475858
PIK3C2G,-0.5818501758442802
KCNMB1,1.7019361063929892
GREM2,-0.22427296984548908
CCN5,0.17702743238445298
OTOGL,-0.036082770769207025
CGB5,-0.3981803711733665
CGB7,-0.26453420389687843
CGB3,-0.12771921830841473
PDE1A,0.4986112607687597
GPHA2,-0.4458397555334407
IGFBPL1,0.5946923020287306
PTPRR,-0.2358391598669799
TCFL5,-0.9206430490779832
TXNDC17,-0.81676673977062
ZDHHC11,-0.48798985303913917
SLC27A2,0.56369929076642
RUBCN,-0.06733356937093081
ACVR1C,-0.610540874999126
GDF11,-0.711202531636697
ERVV-1,0.258635578958359
CAMSAP1,-0.8545335407451325
NPHP1,-0.5161521575986766
BARX2,-0.5773163688219535
MAB21L1,0.3314774534292178
GJB6,-0.2526309124722931
TOB2,-0.5170686064330888
CRISPLD1,-0.07320739199315969
LEFTY2,-0.45735126899323575
ARID1B,-0.6543173743994091
HEYL,-0.5614686912690146
FOXE1,-0.7483729799766465
MTMR11,0.19852754287746496
ZNF8,-0.5730578595219961
DHH,0.2630693971509378
INHBC,-0.5901279462821314
ZSCAN4,-0.12868207072442983
PNPLA2,0.6365365975139082
MSTN,-0.7098261892998933
TBX6,-0.7938619703702604
CPXM2,0.894220483263514
VCPIP1,1.7254584344538462
EXPH5,0.019742998957853454
MCM3AP,-0.8336680934523818
GDF3,-0.578172711431291
GDF2,-0.7318731891411617
GDF1,-0.3063927745041685
EYA2,-0.6456472928816379
CSH2,0.5056818339711296
CSH1,0.24708801253408416
BMP15,-0.7105133540852232
RCOR2,-0.5138967052698199
BCAS4,-0.17001857156019537
RERE,-0.9158056513387917
DNTTIP1,-0.7304073816841522
PHF12,-0.5570745800255856
ELMSAN1,-0.7339364963395026
MTA2,-0.412048667591377
MTA3,-0.7341783799973505
MIER3,-0.44562249440176827
MIER2,-0.6145027071596068
ZNF827,-0.42977775106559696
GATAD2B,-0.7293427328899476
LRATD2,-0.41716787395515265
PARP16,-0.17192625982952012
RPS6KA2,0.8771083428554766
OLIG1,2.662434345621612
AGGF1,0.21831218886338236
TSTD2,-0.47117586180141147
SOCS6,-0.45321757236874066
TRIM35,-0.11657018175622247
TGFBRAP1,-0.2462158771705057
PIAS4,0.8765512864491355
TDGF1,-0.670729592556253
VPS13D,-0.42612261967798987
ZSCAN10,0.20811009937062103
NUAK2,-0.18703243699866018
GLMN,-1.5438546890329286
MEX3B,-0.43911628341352343
MAP3K13,-0.09519163663264882
SKOR2,0.11701347650925911
EPC1,-0.911444185095295
MSANTD3,-0.26674044457708923
THRSP,-0.24352922600662386
PKNOX1,-0.7244654105468837
GPALPP1,-0.7762671429541455
SALL4,-0.6501940619651929
IL23R,0.1254902289593313
ELOVL5,-0.26578196570277285
CWF19L2,-0.616202157117087
GTDC1,-0.11839448646420846
METTL4,-0.8892695546310914
NKX3-2,-0.357430973826089
DNMT3L,-0.903207540665172
MYZAP,-0.6466504585410933
STIM2,-0.1811536641864939
E2F5,-1.4299460274947424
EID2,-0.31503806969247483
GREB1,4.054056752997437
PARD3B,-0.2542365790946555
IL24,0.2921499981845675
CBFA2T3,1.171973858844699
BCL9,-1.013535980393769
STK11IP,1.1092791615972388
TENM3,-0.4453803230228916
KDM6B,0.3213866923967231
GOPC,-0.014889783968155035
RASA4,-0.23636864252895967
TIAF1,-0.24234454980476966
WDR35,-0.16690945517427855
TCTA,-0.26745787978873176
C11orf54,-0.6041885738958596
NELFCD,-0.3283283524878956
PYGO1,-0.679059914061945
PYGO2,-0.9772114972035103
TGIF2,1.0180508623348812
ZNF652,-0.711793311825877
USB1,-0.3226601898959156
HEMGN,-0.21000997062440424
STK35,-0.12992915044410674
ZBED5,-0.6425197121094052
CRYAB,0.9907387866683476
CFC1,-0.5363328231290455
ALDOC,-0.4235572765467566
DCP1A,-0.7113505052333066
RAB3B,1.3153076583211425
TBX20,-1.0123905732033318
ZMYM5,-0.5508651189145832
FAM169A,-0.49524142400199356
PUS7L,-1.0826579909587652
DLG5,0.7521520613879075
PLEKHO1,-0.34487865407685686
PCYOX1,-0.7149213738992725
ZBTB8A,2.9296327642880984
TBX19,-0.6269240524748497
VGLL4,-0.08089018707382345
SOX7,-0.5258531177330064
POU6F2,0.6253651092105174
CSPP1,-0.806279370418419
LSR,-0.2768111146939176
KMT2C,-1.0840684620147765
IPPK,-0.5068589101165153
ZKSCAN1,-0.9077189735737903
RFXAP,-0.09688334187170362
HOXA13,-0.40417354964908797
BTG3,0.4098482373893388
HOXB8,-0.7374744186046451
RPS6KA5,0.8692151259926398
CLIC3,-0.3049897108422942
BARX1,-0.5691136179940312
HAND2,-0.621008543775948
RNF165,-0.42716631150512313
TNS3,1.683997641338188
TFAP2B,-0.0733770340182534
LOC102724428,-0.2542865777959813
PEX6,0.4135829350006329
TAB3,1.8278110268619658
ZMYM1,-0.9770491020804859
DIPK2A,0.017176891627533167
SLC39A5,-0.3634205248951907
HERPUD1,1.2998126300512878
CWH43,-0.45497275883105626
ZCCHC12,0.07707629251289437
KCNQ5,0.41131409389076407
SLC39A9,-0.47227155216332256
ZDHHC3,-0.2864208201648865
VPS18,0.8683132470393061
IRF2BP1,2.3356913729579722
UNC5D,-0.20942834339462144
POLR2J2,-1.0222095449680997
FHL5,-0.3556226472791379
CTDSP1,-0.5306679224593852
MAST4,0.20509889853815344
GMEB1,-0.47845200925541714
VEPH1,0.35875904723526997
NEK11,-0.3784809789975102
UBXN1,1.4018531206702742
BTBD2,-0.7813453570444614
PPP2R2D,-0.4103077646479109
MCF2L,0.18531906519284794
BEX3,-0.29840251771320025
RGCC,-0.14219420198901805
MTMR1,-0.6013932407537195
GFER,2.9429077164023294
MYOCD,-0.3442313856269461
SEMA6A,-0.28744888840889354
TPGS2,0.9406554170636545
SH2D2A,0.7438125682735068
C22orf46,1.259937291351527
FAM161B,-0.41692126858181217
RNPC3,-0.9205311356854539
FAM83G,-0.06186794087757786
GRIPAP1,-0.5819078728044922
C1orf116,-0.4855386153001856
ARSJ,-0.07493885228871493
DPP10,5.137000110975942
CCDC25,-0.6748175131143443
HSD17B3,-0.6167764835751851
TRIM62,0.19325770365649209
TCEAL6,1.558049093593247
MKS1,-0.6012276068243735
CORO2A,-0.8063972111010326
PBDC1,-0.8372706854809392
COMMD10,0.19764079954760602
LDLRAD4,0.06663824210004018
PTMS,1.2412471639276788
PREX2,2.749067170840752
TAF3,-0.9357601059173295
ZCCHC14,-0.31277283285575946
MMP13,-0.15958961406154407
IQSEC2,0.42852731785979953
ZDHHC4,-0.5268978276356243
EBI3,1.270148881483993
ST6GALNAC2,-0.03393958625240288
IL37,-0.46839143595900307
RNASE12,-0.5520072104973853
DHRS3,1.3472773296582228
POU5F1B,-1.0849004449376238
UBL4A,0.43528480670875297
DYNLRB2,-0.6331580581142977
GAS2L1,-0.16701619118798522
RSPH3,-0.5726493766826037
TNFRSF19,-0.4685955156863005
TEKT4,-0.6934926198994977
R3HDML,-0.37029283011508707
TRANK1,0.44657309099595127
C15orf39,-0.3693736178905455
KIAA1522,-0.44354279048985606
BCL9L,-0.7574934335600846
APMAP,-0.4234905812715604
CFDP1,-0.8453017949784987
IL36RN,-0.5369503740315104
IP6K3,1.443741130283373
NOX4,-0.30589781173782515
MN1,0.5182930036358007
TTC9,0.4189668967736754
KDM5C,-0.35388779714493906
HOXA10,-0.68390835692088
PPP1R12C,-0.39095363479579365
PDZRN3,-0.09872275282924022
SLC9A3R2,0.5061032343298499
TBC1D10A,0.0629207036114597
SLX1B,-0.7595226342537561
SLX4IP,-0.10874310645519189
EME2,-0.30625071848951957
XRCC1,-0.36168232971730013
ZNF500,-0.9565537183080449
SLX1A,-0.6172552966901956
CARS2,-0.9555675011737764
CCDC130,-0.47535543281454745
FANCE,-1.1317599729560759
FANCB,-0.826773378954174
FANCM,0.10246005739124385
APBA3,4.211134934711072
GEN1,0.24501267818169362
ZNF202,-0.9206766454448434
DCLRE1B,-1.1972807441042583
FAAP20,-0.6335440385549512
ZNF692,-0.9314098261556193
ATG4B,0.6912593180551309
METTL21A,-0.6277369828301728
WDR73,-0.895985769253946
PCSK9,0.9197745373575679
MECR,-1.1424996819324744
NRARP,-0.23637787836048763
AP1M2,1.6100123455365343
KIAA0319,0.17266080274547174
DNAJC6,0.006001995147780582
LDLRAP1,0.622735397815429
AP1S3,3.4509803051903587
SYT8,0.15110272992843823
SYT9,0.35465751055034755
SLC2A8,-0.3618602465498409
SYT2,0.5622492267714391
TBC1D8B,0.05582791925151027
FASTKD5,1.6857218512058778
SYT11,2.037127812407443
PACSIN1,0.9809134128410281
FCHO1,0.2959820595590164
SNX18,-0.20095631943432185
SGIP1,0.8598159666234232
COQ10B,0.6398270566454365
MCF2L2,0.7140028313975882
REPS2,1.2802642818440555
SPATA1,-0.26117927739134605
TGM3,-0.6080472014138868
KLK12,-0.09338440603587322
KLK13,-0.6355458473155607
KLK11,-0.31696454668198804
LRFN3,-0.25188573520044333
IL36A,-0.6776706924189907
SLC16A10,0.11337571748946627
DIPK1A,-0.08332822872690693
UMODL1,-0.23544216771064902
KLK5,-0.15167422490637292
FAT2,-0.516641049054564
PRSS27,-0.39253014464740466
TYSND1,0.3117287829987323
SLC7A2,0.9253966069442935
SEMA4F,0.17550808434939658
HPR,-0.22408004578337365
PRSS57,0.6063791537321174
SERPINB13,-0.5576085500058685
SPRR3,-0.5695430990520306
AC011473.4,0.796125801452129
SPRR2D,-0.6494552003806432
IMPG2,-0.09619267280758151
KRT78,-0.5571593208584755
HTRA4,4.448425609978485
TMPRSS11A,-0.6327984325943402
TMPRSS11E,-0.5715416097864627
TMPRSS11F,-0.44521091860671247
SLC39A3,-0.042512617751721625
DSG3,-0.6955514155293719
GLTP,0.10120402000887925
GALNT11,-0.39792173985363016
CAPN14,-0.6384462017155501
RHCG,-0.6669824057571384
A2ML1,-0.7493332966340215
DHFR2,-0.5646256790661457
GRHL3,-0.5924351308946343
GALNT12,-0.577841594968144
GJB2,-0.5345866104694189
CNTNAP3B,-0.4170428011519497
SPINK5,-0.23927614415507528
FAM241B,-0.19446185852093886
ADGRF1,-0.31426053276537375
TMPRSS4,-0.3007082647765633
CRNN,1.0816767443799944
GBP6,0.11730185625986383
TMEM51,1.8002206256739706
FAM129B,1.495047556123786
GPAT4,-0.6248871458990725
NBEAL1,0.2375770631577059
SLC12A7,0.740908911469764
SLC12A6,0.500147356197268
SLC6A8,2.398715307009004
ATP6AP1,-0.4906971025961456
FLCN,1.5745624438473753
AP4B1,-0.15890214674836137
CASP5,-0.021188064042483308
FAF2,0.4747384644338823
USP50,-0.2004829159386726
WASHC2C,0.05437462504201678
PACS1,0.8821826895924018
SEMA4G,-0.39398200044288617
SMR3B,0.2206481116305144
PRRG2,-0.39113150107764055
ACE2,-0.42088048686644197
DUSP21,0.18189749025218538
BNIPL,0.0540993759954227
IAPP,0.26368006688558865
OR2H2,-0.7599522492216105
CLCA4,-0.33791657411056164
SIM2,-0.5745353921473071
GJB5,-0.6681194935580289
CRISP1,-0.5449376109859287
DCSTAMP,-0.014937225252842455
FUT2,-0.6059191811502188
GSTA1,-0.5305880181230596
SIX2,-0.5408819651888612
FGFBP1,-0.5268540527114104
KLK4,0.30533017446416916
RFX3,-0.4679241149482204
SEMA4A,2.262000089035697
TMEM40,-0.7575232152559945
LCN15,-0.5828412894696022
STH,3.031753311214526
NUDT7,-0.6288126270495557
SERPIND1,0.28755629088179063
SCEL,-0.44031768472302013
TTC22,-0.5670375373002695
KEL,-0.6627054397121986
DKK4,-0.5366107834660911
RNF39,-0.2258820438498461
PRSS8,-0.49280350963365804
PADI3,-0.11391904426828657
ENDOU,-0.6974965070051288
KRT35,1.4140148375756916
GPR35,-0.8812417860634403
CLCN5,0.01729256970663289
PRSS55,-0.8122033155234121
STX2,2.6342108425035375
IL36G,-0.39818144455186033
ECE2,-0.4359916280795571
KRT33A,-0.7967690033244912
KRTDAP,-0.46582033003692824
SPINK7,0.37722632978200604
SERPINI2,0.5071293173417146
ZCCHC4,0.9164525743968206
SPAG11B,1.4751607543119796
KRT24,-0.3856374559969759
TBXT,1.3483987721323725
DLK2,-0.1760436157711373
NOX3,-0.1576233702420753
SERPINB10,-0.06393082200857488
TMPRSS13,1.6993021482007022
ALOX12,-0.623110313034343
SPINK6,0.8684262195344912
WSCD2,-0.35297893924285284
CNTNAP4,4.46843957884441
ELF5,-0.571818521354156
TMPRSS2,-0.40220458661471636
LUZP2,0.43917361959749796
ADAM20,-0.368921314267499
KRT32,-0.6280353816873101
KLK14,-0.4716395802579811
UPK1B,1.7325906416459738
VSIG10L,-0.6951698448046636
FCN3,-0.3157905140791811
PRSS42P,-0.15458698090113687
OPRPN,-0.5349059997657449
FIBCD1,0.20890419377666136
SPRR2B,-0.5391440693229932
ZNF750,-0.7894497401540933
SERPINA10,0.6951406541643156
CNTNAP3,0.4269849881611676
VGLL1,-0.5407865634289215
C10orf99,-0.5462142734518148
CELA1,0.6124340082840272
IGFL1,-0.20698495542607778
SERPINA5,1.9591691913516434
ALOX15B,-0.5723076867649214
PRSS45P,-0.21708779678685494
KLK15,-0.2314951075025967
PRSS48,-0.06982645829072627
PRSS38,-0.6610723693737756
TMPRSS9,-0.5075412650407171
TMPRSS12,-0.5987635250068658
TPSD1,-0.4962966551147278
PRR14L,-0.2724812450154572
TMEM212,-0.2530033701384463
TECPR2,2.0387818197775003
RLN2,-0.7800737491882904
GPR32,-0.7354329678618936
RXFP1,-0.8233279111651016
GPR25,-0.8238537192752938
ADM2,-0.7152482191677804
RAMP1,-0.38532679538598624
PTH2R,-0.4930976720910227
RXFP2,-0.7588769968494508
GPBAR1,-0.700986561565081
MC3R,-0.7223099747118962
PTENP1,-0.7315706969994924
SLC22A3,1.6868724076754364
GPR176,-0.6464988182306468
GPR83,-0.6420488861193252
GPR84,-0.725414920515461
TAAR6,-0.7146321174552317
TAAR1,-0.7692142190216166
GLP2R,-0.40459867958806894
GIPR,-0.8338902040937879
GPR45,-0.6828984519255943
CALCB,-0.6304471028448976
DHRSX,-0.1311170604799142
PNPO,-0.5458541128179313
SLC29A4,0.40775362149527367
FCSK,0.2601110101718023
ABHD15,0.1729024152639281
TRPT1,3.860167199968712
SCRN2,0.06363242320601804
MARC2,-0.07245185057075462
MXD4,-0.30585766406306564
DCXR,-0.931531523983443
P4HTM,-0.08839015410511089
ZBED3,0.42476959140741044
DCAKD,-0.5181696086483449
NSMCE1,-0.5643644981337305
OCEL1,-0.26086655607181536
C8orf82,4.754564730172217
RAD21L1,-1.2161876607899196
DRICH1,-0.8943165687522535
IZUMO1,-0.983061520402545
FAM71D,-0.9925043055990473
SPATA46,-0.985389268529649
ENTHD1,-0.9491833794688879
TEX29,-1.0169826292238984
KRT25,-0.7386542940154247
MCMDC2,-1.1096302883149742
C12orf40,-0.9356117416367346
CCDC158,-1.041475796853006
SAXO1,-0.8040713077138829
KCTD19,-0.9529816763263135
FAM24A,-1.1047008066140813
CAPN11,-0.9913807973441293
AL035460.1,-1.059385109256859
TBC1D21,-0.7510408204250958
TEX44,-1.0143521255258927
TSPYL6,-0.7876890485982038
STAG3,-0.9263111457342814
FAM47A,-1.0414644311426693
IQCF6,-1.0840867143395538
TEX19,-0.9037607219533973
TERB1,-0.809859752235416
SYCE1,-0.8975476574819032
RNF151,-0.9403785255730869
CT47B1,-1.1508528949201182
CCDC36,-0.8810293866096619
CCDC27,-1.5131148128374512
PLAC8L1,-0.633541238190276
C11orf94,-1.0743718855670545
LCA5L,-0.9695725953361862
IQCF2,-1.0188394532365643
TCP10L,-1.0110742775619337
SCP2D1,-0.8226249727606691
ANKRD60,-0.5861730177368001
DCAF4L2,-0.8597492702984146
BPY2B,-0.986906030766769
REC8,-0.5025392618800613
FAM228A,-1.1351233443483835
SPATA3,-0.8562820202246402
PRIMPOL,-0.9149568269347635
CCDC15,1.3321458265604993
FAM161A,-0.21147391918720485
FRA10AC1,-0.33776814569655395
CCDC66,-0.3401519517730533
TMEM116,-0.6925053181444604
ABRAXAS1,-0.608875661319642
SCRN3,-0.4503089972079269
ALG10B,-0.5249245935503032
DIS3L,-0.7574026286410671
FAM149B1,-0.8449364091869583
TBCK,-0.5612491906019057
ZCCHC9,-1.44967467184085
COA5,-0.23733243737595752
DUS4L,-1.0680144160592189
CNPY4,-0.33718486767137185
ARHGEF18,-0.20407623835931854
SNX5,-1.1694541788911208
TRIM56,1.2958004872333564
MYEF2,1.8564339111946784
FAM117A,-0.07227917568790136
BTN2A2,0.3799261010478812
SLC36A3,-0.5829432445254953
ZDHHC14,-0.2880215579633173
TGM7,-1.1380934499268804
TMEM104,-0.4661888574004393
ZDHHC18,-0.5597458360427007
PIGC,-0.4927714265726939
MAFIP,-0.3654998844581306
PMFBP1,-0.518793611627451
SLC38A11,-0.21033860075927607
SLC36A1,-0.22979762860003483
ODF3,-1.1425762974846758
SLC38A4,-0.4118654248671065
SLC38A9,0.0602606718257795
SLC38A8,-0.26969585050112477
ODF3L2,-1.047830704469968
ODF4,-1.1078187689564516
HSDL1,-0.4272151158336574
ICMT,-1.0404711582759267
AQP4,0.19015138088120687
ZDHHC9,-0.46026366127630786
CCDC114,-0.876345445158293
C16orf92,-0.7227140025018133
GDPD4,1.1119376305162272
REEP6,3.660001174870936
RAP1GDS1,-1.0257274403561871
DCDC2,0.25502443370968253
SPDYE4,-1.008613066424711
GDPGP1,0.35259532474381255
TRIM49C,-1.3709009174450462
MCM8,-0.6164837915468216
MRPS17,-1.4766852190779673
ZBTB9,-0.07609190211213711
SUMO1P1,-0.4193204836460233
MIPOL1,-0.40781022757186536
INCA1,-0.4469378986376379
MASTL,-0.24378820365949583
BCL7A,-0.37238174956801173
GAS8,-0.7794719631766103
PRELID1,-1.2161153751117753
CCNJL,0.005652014035286422
CDX4,-0.9254129496873902
CCNJ,-1.00087955645742
CT45A1,-0.4344117043118002
TMEM97,-0.7634393990404069
ESCO1,-0.7291000111424264
SLC47A1,-0.5751225725537491
SLC38A5,-0.2782587478784245
SLC38A3,0.5667812032537327
SLC7A8,0.1343909766431315
SLC7A3,-0.025706570612118795
SLC3A1,-0.6036547017188595
ELOVL2,0.016295095385849813
SLC36A2,-0.24995224947055503
ATP5F1EP2,-0.36390183149720084
CLTRN,-0.5344930211534985
ELOVL3,-0.5226247313060287
SLC7A10,-0.34905935580178526
EXOG,-0.10430832693206922
TNFSF14,1.5162064876948123
ADAT1,-0.21612365234754863
AK9,-0.7748872792002783
RIPPLY2,-0.16833197055887436
TUBB7P,-0.5774733373747065
HYI,-0.3407998992077422
HDHD3,-0.3253469889495977
CRELD1,0.006137929791567881
GSTM4,-0.11977878205865831
C4BPA,-0.5949802653966934
TMEM222,-0.7209121372716806
IDUA,-0.3421076213176435
TRIM45,-0.470563179624375
AVPI1,1.41086284125779
ECHDC2,-0.6411185820409012
MROH2A,-0.1097661575066646
ERICH6,-1.0071296019392966
HSF5,-0.8796444036623028
PROCA1,-0.6541148098928674
FAM71A,-1.0342941346830552
TXNDC2,-0.9690543534320379
ROPN1B,-1.0525340208422909
TENT5D,-1.0649160146603944
SLC9C2,-0.8658052097438858
C5orf47,-0.8974570882882048
PPP1R36,-0.9984565185297153
SLCO6A1,-0.9802912775834334
TMCO5A,-1.0089666063919691
FANCD2OS,-1.029830500244149
EXD1,-1.0206617875263688
ATXN3L,0.06103806551533372
CHODL,-1.0797184476928383
TEKT5,-0.9908173446648901
C16orf78,-0.9940751279674777
CCDC54,-0.9922833653498341
CNGA4,-0.6968025356239289
IQCF3,0.3308550622825866
DMRT1,-1.090258569015611
UBL4B,-0.15091755192930073
CFAP97D1,-1.0251933515949379
MAGEC1,-0.7708403817747732
SLC6A16,-0.9455045291274219
SPATA32,-0.9971988372939745
AKNAD1,-0.8354062000603323
LYZL1,-0.27060665871328166
NUTM1,-0.870637507305173
NUP210L,-0.865753111709274
BPIFA3,-0.9538280295435063
BOD1L2,-0.9858149777098644
BANF2,-0.9690122007302057
CALR3,-0.9848614898975925
POM121L12,-1.0262521582303867
C1orf100,-0.9933174121833407
TEX36,-1.0325864929022717
CCDC168,-1.1386040101090054
MGAT4D,-0.8656927561101543
TMEM31,-0.9944330082144047
H1FNT,-1.0605418464009402
HORMAD2,-1.1545685396119905
CATSPERE,-1.1597836136111068
PLAAT1,-0.9833762648011821
FAM9B,-0.6219751464764428
SRRM5,-0.9857657418498093
SMKR1,-1.0367942921122681
C3orf22,-1.0044523639459644
CMTM2,-0.6888160612769959
SPATA4,-0.868034762624176
ERICH5,-0.35256234532605174
IGHV4-34,-0.32780075352303545
IGLV2-8,-0.3534372169309207
IGKV5-2,-0.3344788334321673
IGHG4,-0.3427718848283797
IGHV3-11,-0.32780075352303406
IGHV3-13,-0.32780075352303406
IGHG3,-0.3649459418285469
IGKV1D-39,-0.3170672204954965
IGKV1-33,-0.33450607122976506
IGKV3-11,-0.3315030273919276
IGKV3-15,-0.3328929469409204
IGHV3-7,-0.32780075352303406
IGHV2-70,-0.32780075352303406
IGHG2,-0.4636091030480319
IGKV1-5,0.3280641089646138
IGLV3-21,-0.3701372154258322
IGLV1-47,-0.3534372169309206
IGLV1-40,-0.3534372169309206
ELMO1,-0.49944592989368053
IGKV1-12,-0.34680182552324657
IGLV1-44,-0.3534372169309206
IGKV1-16,-0.3390959311566266
IGKV1-17,-0.33297423295357725
IGLV3-25,-0.3588356269831399
IGLC3,-0.1326505763295973
IGLV6-57,-0.354422756582144
IGLV3-27,-0.3534372169309207
VPREB1,-0.1595740423270855
IGKV1D-33,-0.3170672204954965
IGLV7-43,-0.3534372169309207
IGLV1-51,-0.35343721693092073
IGHV1-2,-0.32772248133921433
IGKV1-39,-0.3329368131842885
IGHV4-39,-0.32780075352303406
IGKV3-20,-0.35561968925950277
IGKV2D-40,-0.3486788411839623
IGKV2-30,-0.32989012552322294
IGKV4-1,-0.34784576372868214
IGHV3-48,-0.32949987047421014
IGLC6,-0.24707820810920686
IGLC7,-0.13265057632959726
IGLC1,-0.2808045897636806
IGLC2,-0.11538927231652522
IGHV2-5,-0.32780075352303406
IGLV3-19,-0.34917236027153753
IGKV3D-20,-0.33613925132723066
IGHA2,-0.5113975456783031
C4B_2,-0.3838635590920019
IGHV1-46,-0.32780075352303406
IGHV4-59,-0.32780075352303406
IGKV2D-28,-0.36139171651902974
IGHV3-23,-0.3379748614368598
IGLV2-23,-0.3534372169309206
DAPP1,0.9333675220575548
IGLV2-11,-0.3534372169309206
IGLV3-1,-0.3534372169309207
BLNK,0.23852128210253284
FCAMR,-0.41510195642170705
IGKV2D-30,-0.33158502899272163
IGHV3-33,-0.32780075352303406
IGLV2-14,-0.36003041154984705
IGHV3-30,-0.32780075352303406
IGKV1D-16,-0.2973105128113051
IGKV2-28,-0.2217836605168554
IGKV1D-12,-0.3391271427365761
IGHV1-69,-0.32780075352303406
IGHD,-0.36036964024074497
IGHE,-0.37359609425869594
IGHV3-53,-0.32780075352303406
IGHM,-0.3810996337883431
ERICH3,-0.8328656362789775
CFAP299,-1.0310069203514483
FAM81B,-0.9940131552545441
LRRC46,-1.0198509504253193
DNAAF1,-0.9524045161448117
RGS22,-0.7455792586013775
ZBBX,-0.8638496536341522
CFAP300,0.5542733992441078
C1orf87,-0.32667519840214765
LRRC73,-0.7848932946937098
DRC1,-0.7032688844981146
SPAG8,-0.4703930318026271
CASC1,-0.6839575931296706
IQCD,-0.8587614657404994
LRRC71,-1.0603610079123422
C1orf194,-0.9439685912011033
CCDC173,-1.0501254071486852
SPACA9,-0.762326567069368
TMEM213,-0.710178129095522
DMRT2,-0.02739524961554541
TMEM174,-0.645070112826041
SLC4A9,-0.07618502585233253
SLC12A1,-0.38707140013877145
TMEM207,-0.880201151293121
ATP6V0D2,-0.45132672571832033
TMEM72,-0.8599254918051593
GRAMD1C,-0.35363094849465443
ALG11,-0.3677112831130432
TMEM61,-0.7101781290955371
TMEM52B,-0.38418261165238626
SLC7A13,-0.5121582142581346
ATP6V1G3,-0.39553072741569767
ENTPD2,0.3298965648293008
ANXA10,0.2985329870934745
ACSL6,-0.6951995413104979
SCNN1D,-0.5282694682798156
TDRP,-0.1602149546728377
ITPK1,-0.08333562930364466
KLHL35,-0.5078019640705118
C7orf69,-0.36022399397480637
SLC24A1,0.16515291785561984
SLC25A42,-0.6443972000929479
MLANA,-0.6220309987002147
MTG1,-0.1896535437574736
DPF3,-0.49648156123061093
GPR143,-0.3983417072731189
POU6F1,-0.2168510919542449
FAM107A,0.6715025625596548
TMEM154,6.801262058913747
DPEP1,-0.7122613400480217
MMP24,-0.5036802514165812
GLRA3,-0.0666305195008442
C14orf119,-0.7128877495193626
UBXN11,1.1742975669420768
CTAG1A,1.568779929300505
MORN3,-0.7376710392024656
MRPL41,1.284102120670792
CHCHD1,-1.0384409754029096
RAMAC,1.4046246183089868
LAMTOR2,-0.9291193773110167
EMC4,-1.1255295478209073
BEND7,-0.48909185415466877
DECR2,-0.5002703114865086
SFT2D1,-0.051387571046811534
PDZD11,-0.45566887816409496
PBX4,-0.535528356931596
ARID3C,-0.8252524901253698
OCA2,-0.09416969227387655
AIFM2,-0.6738373508167462
HPSE2,-0.2857505846600304
GPX5,-0.6266371738032158
CBARP,-0.3484699462017588
TLE6,-0.3896707958153985
GARNL3,-0.3775954728740573
S100A5,-0.5009798604584759
TMEM151B,0.28807776103103244
CNTF,1.2028558070657902
HOXB13,-0.7783449175978026
FOXI1,-0.3998284606003315
NCAM2,0.2921678934874469
ANGPT4,1.023355989954408
IL9R,0.17774328901834854
PDE11A,-0.4117289468888985
SAMD4B,-0.5019843985041966
CFHR4,-0.3819649352448866
OR10H1,-1.0677076055665464
FCRLB,-0.05675390452323754
NXPE4,-0.5381503608049248
SNTG1,0.4487529089157867
AQP8,-0.4778146453089585
GPA33,-0.5159425888880492
PRAMEF12,-0.4768676519766633
KCNV2,-0.5284832802400936
RGL4,-0.3866212079768025
HHIPL2,-0.3434374047435583
PRR34,-0.7134627635696189
ADPRH,-0.2812525731810119
CHIA,1.6095323275431235
LALBA,-0.607818591543916
C9,0.820427968910711
ACSS3,-0.6161008744130257
ADAM21,-0.5315495007693745
PEAK1,0.8206241783244931
BPY2,-0.4651862479716328
RTP5,-0.811487421602491
AMOT,0.09788605934993067
C1orf105,-0.615281772556105
DEFA1B,3.5435564578587044
AKR1D1,-0.08460534067856772
KCNK10,-0.09238465917034856
TEX13A,1.551664982803245
RLBP1,2.236859122648668
SLCO1A2,1.7649045535102768
GPR135,-0.46005033050769417
EDA2R,0.991076966253005
GPR62,2.8718074002783514
OTOF,-0.2434439807183924
GPR3,-0.3241089199144286
PDZD7,0.2066150686530877
OR2F2,-0.831175377389136
POGLUT1,-0.71981525404997
EN1,-0.31616427999595625
COX10,-0.753772186006629
SLC6A14,-0.655217434993582
ART5,-0.8627022302550859
RAB39B,0.2252455149783448
ARSK,-0.24716922009991718
HERC2P2,-0.5387219926489443
DNAJB13,0.29991916273974023
FAM92A,-0.5455465850875811
RHCE,-0.34438880160939384
STAB2,-0.33319828019593156
NIPAL3,-0.19278520460388202
RAB3IP,-0.3241714879116321
CEP104,-0.4440334173836875
PIH1D1,-1.3479729112382497
KIF24,-0.044096781150214204
LEMD2,-0.5556385183155472
C2CD3,-0.813174615535717
FKRP,1.0876598574896486
LIPH,-0.4647449277594661
CEP89,-0.40604576143336735
AJUBA,0.8730294751367857
CEP78,1.6666835135813831
DPPA3,-0.6069323740811056
SPRYD7,-0.4234885278066896
B9D1,-0.40802663227724767
TCTN1,-0.49656076134946997
SASS6,1.337650391517906
SDCCAG8,1.784305799464856
NPHP4,-0.6929387892790089
CEP162,0.2394652060041059
IQCN,-0.32875566121763794
CEP41,2.180328262624521
ALG14,-0.6515814139507435
CEP152,1.002577683335856
PIP4P1,-0.06274679385344757
H3F3C,-0.23051647721266505
AK3,-0.22858852927365214
C17orf49,-0.7379974218373926
ARHGEF10L,0.8275853014680062
FEZ2,0.009524297701938045
MICOS13,2.1777909682058962
HIST2H2AA4,-0.7143419971834851
AGPAT2,-0.409909821893469
TIMM17B,-0.7222221299346492
OAZ2,-0.7580782617709863
C20orf27,-0.981799712038601
LNX2,2.2535670200223885
ASMTL,-0.6389119833482005
TBPL2,-1.1330360378197146
DGKZ,0.3532361633352632
TSR3,-1.1698174145278144
C11orf49,-0.1168996531337666
TSPYL4,0.43047179086018367
IL11RA,-0.1392249028844368
HES7,-0.48828168525009696
TRIM54,-0.7527637546716464
TMEM8B,0.13838921979172206
CCDC136,-0.6810145044076735
GSTA4,-0.313274386606126
REXO1,-0.4500866849734943
DMAP1,-1.1888018415296635
FADD,-0.07517481095456287
KIAA1958,-0.29355416786724553
CNTROB,0.6268284329113933
KXD1,-0.5171346868300019
SSC5D,-0.4226783496133592
MAGEA11,-0.44328076600684413
MSANTD4,-0.9918225413194723
CDK11B,1.1656589614939445
NMNAT3,-0.27257272847926795
SPOCD1,-0.13074407516335634
KANK2,-0.4834605702722529
PIH1D2,-0.757544810832273
LDOC1,-0.4859502554680696
NECAB1,1.5844318946227693
RNASE4,-0.2656678892069076
KCTD10,-0.19707353961542623
TCEANC2,-0.5793456101367765
AGTRAP,-0.2082597913417292
BHLHB9,-0.36906675799439215
ZNF526,-0.5752811914475252
KCTD7,-0.6593030036789086
ELOA3,-0.9964924627929718
PNMA5,-0.24175827465404337
HIGD1C,-0.7148613241500313
NDRG2,-0.08313224029874185
RPH3AL,0.5408706277782397
ADH1A,-0.7332796991526843
SETBP1,-0.5436865842847896
CHCHD7,0.5430362136136005
RGN,-0.36654516456759245
NAPRT,-0.609709739966128
TMEM106C,-0.4261728690693151
DUSP19,-0.40214288662649716
MEI1,0.04331275831881375
CPNE5,-0.43618324022143734
ZYG11A,0.5376401595188999
GATB,-0.8081418562488091
MRPL14,-1.194568813065099
FUNDC2,-0.14339449605473825
PET100,0.07386707661795157
INMT,-0.17780052171554936
ABCB7,-0.04828290590058545
CIDEA,-0.3457478987681877
TOMM6,-0.6645030333130266
COX20,-0.5696776206373081
MAGT1,-0.2230594072204716
CISD2,-0.7088184904110466
BCAP29,-0.5389030424675779
BFAR,-0.559795274397257
TM7SF3,-0.2552323048925045
CSNK1G1,1.6565374018366572
MOB2,-0.1238889845746355
YEATS2,-1.0166704102874866
AC129492.3,1.4149080174331508
DUOXA2,0.15130504713950974
ABCA12,-0.5349469986854818
ABCA13,-0.3084825400596996
DUOX2,-0.32689799534925595
NOXA1,2.8087794607409466
MMP16,-0.15302842147326412
DIP2A,-0.9211025642330475
CCDC144A,0.3438923034968724
BTBD18,-0.8726342742860185
FAM189A1,0.6443126000549093
PCDHGA10,0.07848390680836026
SPTLC3,-0.3259152845925295
CXorf21,0.015951267658168053
TM7SF2,-0.4117629159419273
IRF2BP2,3.832668922911467
APOM,1.4406592110269292
PTPN3,0.9079375886620383
B4GAT1,-0.15029940131948913
DNAJC12,1.7206696922115792
MPND,3.8249819108297007
RMDN3,0.34582866100419074
TIGIT,0.4394251635332011
SIRPG,1.3755748996064059
KIRREL2,1.229277934844307
SLFN12,0.9983685597651437
SLAMF6,3.661228726102152
KLRC3,0.5521796275188188
OSTCP1,-0.5370674267215583
GIMAP1-GIMAP5,0.3254598922369825
LNPK,-0.8342137208107204
VMA21,-0.2772151881449565
ARSF,-0.3416225633973661
TMUB1,0.09667496223020179
TNFRSF25,-0.28548628228994033
TMEM42,-0.6821571229319625
PDXP,-0.708755431933045
CLBA1,0.22759215952667308
CDKL5,-0.23602836449084888
HOXA4,-0.4590172899053734
KIF25,-0.14121445076647227
CTXN3,-0.4262980140880271
AFF2,-0.15634696043125562
TRPM6,0.08669631259104923
RSC1A1,-0.38775047225864256
MS4A13,-0.3257779596644713
CRYGA,-0.5121626377829892
DLEC1,-0.37435007014192323
MPZ,0.03586406357659413
RNF122,-0.5624930094501913
SQLE,-1.4953717068063268
L2HGDH,-0.503890437726742
GGTLC2,-0.5999929166361416
PYROXD2,-0.7134828481024909
LIPC,0.3052141599214844
AMACR,-0.8146956996816024
ALDH5A1,3.4243903611004702
ADHFE1,-0.8144468106279046
CEL,0.6007988486001811
GATM,1.4420230908169915
MT1G,1.65672088128382
PAOX,-0.45355209068574615
ITIH3,-0.5625070426142221
GDPD2,1.7178201321130293
EPB41L4B,-0.7605616340081044
SLC35G1,-0.5192324134393406
HAL,-0.3143858828713116
KMO,0.8131200468216846
FTCD,-0.6498125590544565
OGDHL,-0.6469323512935184
SUOX,0.587525635544423
ZBTB7C,0.1399185071733
AADAC,-0.5788831501972399
ABCC2,0.1666533636035721
PECR,0.7394869556140805
CRABP1,-0.28663511943000836
PRAP1,1.377257879934764
ELP6,-0.5200439919571652
ELP5,-1.0728809775773438
UROC1,-0.33409766343417385
AMT,-0.7890976176356985
KDM1B,-0.6197946914437534
UGT2B15,-0.36416486908122064
IL4I1,-0.4290555256809272
ADH4,-0.7634967729742606
C21orf62,-0.3693347483326438
ODF2L,-0.3981826469238882
CRYM,0.8971123844420273
CCDC116,-1.0798825616459553
ZDHHC19,-0.8452358453058688
IZUMO4,-1.0956158600405044
MROH8,-0.9585350261793366
TEPP,-0.967804339719634
CTAG1B,2.176870101511129
C2CD6,-0.8756312712430184
HORMAD1,-1.0812727913058022
USHBP1,-0.6777717591473641
IGSF11,-0.6569724678786273
C10orf53,-0.9300489796990139
DSCR8,-0.8471492851257242
PFN4,-0.7798963599375915
GLB1L,-0.9464380277237555
RNF113B,-0.8877391104436675
TMEM202,-1.0539435637700607
OOEP,-1.0056170093505155
SPATA31E1,-1.2215301206645741
GOLGA6L9,-0.6281426766370244
C8orf74,-1.2792747034261451
STPG3,-1.026761304333664
C17orf64,-1.1015624260502916
VCX3A,-0.4298989677596611
KCNA10,-0.812579047498949
MEGF10,1.8042643208009026
RASA4B,0.26916749734212164
TSPOAP1,0.776682146088397
GYG2,-0.34240559825777395
TEX45,-0.7083185644935017
TSPAN12,-0.0245977451098327
NLGN4X,0.08689465566168314
RAB3C,1.702337777314357
UNC13C,4.425669000286025
GULP1,-0.07693019800986768
CCDC40,-0.4738068662232242
CFAP53,-1.0255271868967444
SPAG17,-0.8825219423749773
RSPH9,-0.7071390463691308
DAW1,-0.95270897352169
TEKT1,-0.8663262131145655
RSPH1,-0.18345302128017052
TEKT2,-0.7838537628336324
CFAP100,-0.4994077019013798
TEX26,-0.9730609996692728
DRC7,-1.0344904719263375
CCDC39,-0.45989013334287343
CFAP43,-0.40345472926920306
LRGUK,0.8893112491076697
TMEM95,-1.10422207815553
C20orf85,-0.723112558845937
CFAP52,-0.4039125016436308
EFHB,-0.7330360592653602
KCNIP4,2.763412317927274
ZNF462,-0.6239367424064656
TGDS,-0.9664188721602598
ZNF280C,-0.6595838337184616
YPEL2,0.12781539580144313
C1orf52,-0.43569401030606963
UIMC1,-0.6756071906009828
TANC1,0.8848235266744368
EDRF1,-0.23390483343607646
PFKFB3,-0.509691678666467
LINGO2,-0.11764180421488325
SCAI,-0.4416399431027466
HILPDA,-0.43669281410705807
ZCCHC2,1.988298324171272
PCGF6,-1.0131518123082712
ANKRD37,-0.3354103966211534
TMEFF1,0.010823660346200244
AHDC1,-0.23270512173091465
BCL10,1.7659726720803033
CCDC112,0.021779284500377003
LURAP1,-0.014685217213431684
TESMIN,-0.09993571663356293
PM20D2,2.2502016065956956
REEP4,-0.8408850393751178
MAP7D3,0.9612035424828861
FSD2,-0.3915929153695434
TEX9,0.22582255276841656
CFAP97,2.0443887443223283
USP17L30,0.25393188639835906
USP17L2,0.2442952154335474
USP18,1.4966268901884847
USP17L28,0.2539318863983573
USP17L29,0.33172731376813697
USP41,0.25078034143795
USP17L27,0.2539318863983573
USP43,1.6939195073960853
USP30,-0.022787661267190805
USP35,0.02585512410357237
USP53,-0.14885351837846778
USP51,-0.5935146896495327
USP40,-0.010311822426659612
CCDC110,-1.0778704345269934
TBX22,-1.1331062766658462
EQTN,-0.9049019884009
CT62,-0.9726578074573425
MYCBPAP,-1.0181836435615603
PDCL2,-1.0953784513215756
C7orf31,-0.7973344372642452
ZNF165,-0.5407579390712985
C6orf201,-0.9852464882981165
NUPR2,-0.6015069970735134
GKAP1,-0.748871903037154
DEPTOR,0.1416727173169115
SPACA3,-1.0188948376654732
MEIOC,-1.05951875084502
LRRC3B,-0.055815832882606824
OSCP1,-0.6891013634901014
CAPZA3,-1.0012452318963925
PPP1R1C,-0.742366984246219
FAM220A,0.780857654232477
NT5C1B,-0.9206036523676683
OR2C3,-1.446874253644247
MS4A6E,-1.049439699508336
C2orf73,-1.1029902004812595
FBXO39,-1.08567999963467
ABCD4,-0.4181862045587129
FAM234B,0.4500397138669688
DLEU1,-1.0690618026860197
RFPL1,1.2571690829943338
ACSL5,0.023014986041704173
ABCA7,0.9156030482517296
ABCC11,-0.3564305267115388
ABCB5,-0.2579014153538525
HSPB2,-0.518392905791774
ABCB4,1.2120905522122019
MMACHC,0.5692546450645505
ABCC12,1.2183520265921792
ABCA10,-0.2693981848457638
ABCG5,-0.4296185861761353
ABCG8,-0.4028091860203689
ABCA6,-0.33284104293531397
ABCA9,-0.21371145222739418
MRPL44,-0.41287859708166635
CCDC43,1.022242650463918
ZBTB8OS,-0.9355470823551579
ELOA3D,-0.8591423856
TOP1MT,-0.9422051763488289
ELOA3B,-0.8591423856
RUBCNL,0.12027903045734535
PNMA2,2.7565668551412963
RALGPS1,0.36546014453587855
SHROOM2,3.7420627451269106
NPAS2,-0.02646749859727932
FXYD4,0.3351697447521333
KCNU1,-0.4864479440651351
SLC9C1,-0.36744594952987786
HCN3,0.3603261953462925
SLC9B1,-0.7969920332562559
KCNG2,1.4268886637466727
SLC9A4,0.22879308329917744
SLC9A7,0.6656070311238498
SLC5A10,-0.6143137304430919
KCNK18,0.17209067999761993
KCNK17,0.3767508600633486
KCNQ4,-0.28865912635003266
KCNK15,-0.022079180818603994
NALCN,0.40305426554545126
PNMA8B,-0.41427783637449794
SLC4A11,0.4105285914367842
KCNG1,0.06577373793576038
SCN11A,0.11541781290029392
KCNG3,0.6005000237788817
KCNG4,0.39432780990981287
SCN9A,0.5779119356836644
KCNK4,0.49459652821944555
KCNK7,-0.40906742855159983
KCNK2,0.13875109238514138
KCND1,0.4523187185201882
KCNJ16,-0.2822810093026915
AMY2B,-0.20401464521917073
P2RY8,-0.23380763932763396
SCN1A,0.2116956335621041
PRPF39,0.18493791672665097
SLC25A22,0.6493424786486824
CTSV,2.4981092263454165
HCN1,1.4006418961732936
SYAP1,-0.44715141956358045
AKAP14,-0.4564173244921151
SARM1,0.40677319888592717
LYPD6,-0.20895638736461214
LGR6,0.14996468282473846
PPP1R3C,-0.30829989878730524
SCN4B,0.416102135370067
RAI2,0.5028635132153938
SLC35F1,-0.12831267209377592
SCN1B,0.14152716238909618
STXBP5L,3.070188962120629
ANOS1,-0.05029774345230752
KCNE3,0.15036435156737485
PSD2,2.0596158962945936
LRRC6,-0.7305857774696668
NACAD,3.9410187521628117
TMTC1,-0.07311773685112534
KCNN3,0.1281860435174478
TSPAN7,3.4922640049988565
SCN7A,0.23220514673975984
SEMA3G,-0.07688927877346947
PCDH9,0.02363100218738659
C2orf40,3.6375191291619675
HIPK4,0.4720569149699267
SLC6A6,-0.24789422688034696
SLC28A1,-0.48967010867921607
MBOAT7,-0.5563400676352646
AC004691.2,-0.06886390438321026
LRRIQ4,1.0347420252886272
TSPAN13,-0.04710467440954281
ADGRG1,-0.25889839238136947
TMEM9,-0.44107468866067173
FLVCR1,-0.3222749844548323
ANKRD42,-1.053957058027362
MAP4,1.1415864743177353
ANKLE2,0.06593084822244208
SH3D19,-0.6535324881015177
PIP,-0.40177218845912754
EMC10,-0.2560509194344681
KCNMB3,-0.04122203189886598
MAPK4,-0.3689208075149596
DHCR24,-0.7872247430250431
ABHD11,-0.3471776447729471
DTX2,-0.5388021135219927
DHRS4,-0.5844534482528029
DOK6,-0.42714518136067414
VAC14,-0.5381158752856487
ACAD8,-0.9115900652331177
BOLA1,-0.2116919704847767
GUSBP1,-0.5368596899748431
GRINA,-0.17893687719923954
TIMM29,2.6461109368646554
HPS6,0.4725610259984973
VPS9D1,-0.42628490064425617
SLC12A9,-0.6268970284517683
MRAP,-0.3387247100471948
MEGF8,2.2714558687854094
PRR5,-0.4921430475053234
ZNF580,-0.10342992947475965
TRIM74,-0.1308461439554939
LMF2,-0.6285411559311731
IP6K1,-0.6268517901152432
KCTD13,-0.2514484287530818
DUSP8,-0.3298044080137699
NHEJ1,-0.9275855272108805
ZSWIM7,-0.9697640305622067
SURF2,-0.5421715558872118
KRTAP17-1,0.7243380904419172
TMEM229B,1.9085566878587237
RHBDL3,1.712300642296146
MUCL3,2.0357950363167587
MTHFSD,1.5329203629321428
MSMB,0.7986212342339284
DUPD1,-0.32185263666228797
ANKRD22,-0.057162382589380965
HMCN1,21.217972899436514
PLSCR2,-0.12536778610160645
CAPN8,1.1717817135894244
TBX4,-0.3432017790764444
SLC10A7,2.010886670540903
ATOH1,-0.29273903487074643
EFCAB11,-0.2676745334449662
GALNT18,0.13422626683722894
ZNF850,2.295366696570672
SBSPON,0.029413885648288382
SEL1L2,1.5487874735222882
ZNF469,0.7601322773335741
ZNF578,1.6385617463044897
ORAI1,-0.005841950376007564
CNGA1,-0.15814300163398717
ACER2,-0.3042540532299795
ARMCX3,-0.2821028673287616
SPHKAP,-0.4996969487213786
RELT,-0.17038689809199045
PDZK1,-0.1742649803032376
CH25H,1.2771389370686503
AKR1C3,-0.35484067537708097
PLPP4,-0.14483884388788013
IER5L,-0.09742349450689748
SOWAHC,-0.4815754537387617
ASAH2,-0.16074591209801298
AIF1L,-0.04307590891932407
TRAC,3.200592191050784
MBTPS1,-0.5166223672032687
TRBC1,3.444645402045948
SGPP2,-0.3202606400088877
DGKH,-0.3853802459651208
DGKI,2.36128172542836
KCNE4,0.05121961424461822
CXCL14,3.199462743043486
ANGPTL1,1.1306325995275406
ACADL,-0.775832276915803
PCOLCE2,5.359592096499043
MRGPRF,-0.12764534534810695
C1QTNF3,0.43143814533240704
SLC39A12,-0.40050823001054164
SLC2A6,-0.5754653416131099
ZDHHC6,-1.1062133279213737
TMEM138,0.009516389194536389
H6PD,-0.7689218366074929
GALM,-0.7968978220750532
C1GALT1C1,1.9210008268986962
G6PD,-0.3693029863628124
ZNF655,-0.8112317835580986
UBL7,1.1466159626149373
FTO,1.463401758870725
SWI5,2.067256006340102
CUEDC1,2.0600408511119883
CHID1,-0.07603623968578355
DEXI,-0.4999662897602666
YIF1B,-0.27563895818030887
MIF4GD,0.1709654811191077
C1orf50,-0.5195291675211205
VAMP5,0.49938169381719677
NRM,-0.595110631611305
VPS11,0.793169812972877
TMEM205,-0.22828901754242317
THTPA,-0.3230090197205019
PKIA,0.028057805519042158
HDHD5,-1.108667604866711
ACOT13,-1.3727339823885265
DXO,0.1813621010359374
APOBEC3D,-0.27648744276170417
METTL3,-0.20793501304361775
SEPT8,0.21091520617998294
IL31RA,-0.37508412257401197
MRPL38,-0.09365942117136979
SESTD1,0.29501227178083
RBM24,1.4093908669367667
RBM20,0.15871948834252336
BSDC1,-0.08622515464134389
ZBED6,-0.07302368638384583
C9orf72,10.088258230179175
CPEB1,0.24136823852832373
CPEB2,0.21616149027642814
C21orf91,0.40962180487062066
C11orf98,2.3708749303662953
FAM184A,-0.11183382102121249
GAN,-0.6215003066729283
GBP5,0.5357307672378852
METAP1D,-0.26994174152003764
NEURL1B,0.31473746030890143
TACC2,-0.2098231840194343
USP6,-0.6638970237500704
C14orf28,0.14373403038516358
FDXACB1,-0.3124617018021841
RBMXL3,2.8249575638361697
SEMG2,-0.21740313147491327
DAZ3,1.2364220565494934
DAZ1,-0.11775458512841332
DAZ4,-0.3152817906895357
RBM44,-0.25683985833882184
KHDRBS3,0.8768817426665759
WFDC3,-0.5076334653997318
EPHA6,-0.7074066507925902
OPN5,-1.163879005143166
CCDC185,-0.9345587095255972
SPDYA,-0.5565644698063849
GAB4,-0.8941546541293591
GALNTL5,-1.054172311249004
TPD52L3,-0.8638635651463071
C4orf45,-1.0463278751270426
DAZ2,-0.2873490497823533
RBMY1J,-0.26632050122492706
RBM11,-0.11622657025972626
RBMY1E,-0.9701723444319049
ACCSL,-0.6080001013379996
ARMH1,1.939150037211603
CNDP1,2.566767867434297
ETNPPL,-0.2636451253314984
DDAH1,0.6271280198020378
SEC14L4,-0.09643609972363215
HSD17B14,0.866605282715543
BBOX1,1.0239708301943322
KYAT3,-1.030368627885877
GOT1L1,-0.9924574154916772
GADL1,-0.27750545655184794
FAHD1,-0.8879542833592463
ACCS,-0.6018904077722583
CARNS1,3.404223880440461
IDNK,0.2926922437949103
PHYKPL,-0.1628827794759656
BEX4,2.20011974483349
GPT2,-0.83907886662711
CDH20,-0.05471988373765557
FRK,-0.329415677811784
CDH23,-0.32850989609525205
CTNNA3,-0.5100478432585809
PCDH10,-0.03767238242251408
MFAP3,-0.46741545770079973
ANKRD26,0.24190494129996337
TULP4,-0.5494040066703001
DLL3,-0.24929558803109148
PIGL,-0.858505686471979
GLYCAM1,1.0254585911766156
FAM98B,-0.9983166771059965
CRYBA2,-0.28986754654269936
ASIC4,-0.47775120705649793
ZC2HC1B,-1.0838491318323904
FRMPD1,0.015361095870356209
EFR3B,-0.4866054775088284
TSPAN16,-1.056678748307904
ONECUT2,1.7022005379433938
CADM4,2.5606793003862647
CNBD2,-1.0514995947603591
SUN5,-0.9495522053228379
MATN4,-0.2865569533246355
MOGAT3,-0.46198959273194057
DEFB129,-0.7434661195633289
LRRC72,-0.5330757482557341
APOBEC2,1.7157650611363862
AFF3,1.1134164887543985
OXCT2,-0.8297600358300801
PDE3A,-0.3869817734105386
ADAM22,-0.1526122752635877
ZMYND15,-1.0766696689573927
NPAS1,-0.5453854117945116
PDE6A,-0.6738376498081226
POU3F1,-0.431625399665691
FAM166A,-1.0506713544494732
RDH16,-0.6820872359580342
PRH1,-0.6091759592300874
FNTB,-0.014411599326663138
SMIM23,-1.2175945118316616
ADAM7,-0.43576355582016124
PRM3,-1.1048047158722003
SLFNL1,-0.9405709970919525
FAM83E,-0.6123162024082738
KIAA1211L,-0.506494331009071
USP19,0.5099216501768183
CABP4,-0.04902355942930343
NRROS,-0.20333754231589812
ARL14,1.654955914451191
PIP5KL1,0.22083639954180995
RRAGB,1.02443095729989
CPQ,0.7791766146936125
HNMT,1.4273576961210517
SFTPD,-0.2775194422042074
SIGLEC14,2.9868549865659437
TCHH,-0.21876448433044843
ATP11A,0.34895794030327154
GRAMD4,-0.17312202314006764
IFT22,0.31314177500081825
IFT20,-0.08025635771127172
UBXN10,4.397245175126209
TTC30A,0.06699090511748293
TTC30B,-0.0006750737783339405
WDR60,0.051897347502394095
WDR66,-0.6334059898601595
WDR53,-0.1984994393906977
TRIM59,-0.6065935801250402
IFT43,0.1527911595833134
KIF3B,2.5372346259406746
IFT52,0.2748209629793771
SNX33,1.5625903275705575
TRAF3IP1,3.9469008147774316
TCTE3,0.3783959383877083
TTC8,-0.4401412874375144
BBS7,-0.5812835246710857
AL136295.3,-0.569609680766461
DCAF8L1,-0.35620496742832813
IFT46,0.34645676033110556
TTC26,0.9432695046231182
PLXNA2,-0.15011592059356724
WDR91,-0.07237195753309063
IFT122,-0.6830500285883928
IFT81,0.027203202705918045
IFT172,-0.26744422782429333
TCTEX1D1,0.5159136974039134
C12orf54,-1.1887232435755979
C9orf50,-1.0734959021712542
TEX47,-1.0246078834879948
GOLGA6A,-1.0117661743531223
LRRC74A,-0.9989297419458913
MBD3L1,-1.131145004030356
GGN,-0.8806363155959808
ADIG,-1.0331162187388778
CDRT15L2,-1.1284066201597498
FAM181A,-1.1592882162910363
FAM170B,-0.9662874451267189
GCNA,-0.679830600432798
CXorf38,-0.18744695131745545
CFAP70,-0.4894750139709408
FAM160A2,0.6965850254879886
PKD2L2,-0.07348684020780609
PKD2L1,-0.24416680283239192
CCDC148,-0.5073387776697704
WDR63,-0.8351483997098131
IQCK,-0.5789183119498073
EEF2KMT,-0.4194626255992336
TTC12,0.117233917156589
CASP14,-0.28721063906335087
SAYSD1,-0.6489492675627635
NKX2-2,0.966596913185298
BBOF1,3.23763423046939
IFIT5,2.3035621196553815
NEK3,1.9156084846154742
CCDC121,-0.6535603546277646
BCKDHB,-1.0670515434062673
TTC6,-0.3189972209221494
KIF9,0.2897676683879783
KIF7,-0.2010044444089909
IFIT1B,-0.6190418193843013
EFHC1,-0.6132443399093559
TBC1D32,-0.3242068540010606
BBS12,-0.769036706379923
TTC36,-0.06061338658197056
CCDC181,-0.09195823835525675
DNAAF4,-0.5259015396814056
CDKL3,-0.36635964088509937
CCDC146,-0.6433322716751844
MOK,-0.4117026377678834
CFAP69,0.778437915543939
FANK1,-0.8167318459379075
BBS5,-0.16514437601430365
HCFC2,2.2515744059538014
BBS9,-0.34847240835157167
BBS1,-0.28976186738725457
BBIP1,-0.4982568152488572
TTC21A,-0.8621651524280394
NR2C1,-1.0511104147892372
TKTL1,-0.871724856811303
DOC2B,-0.2844933974579572
APOA4,0.6920980374950716
APOF,-0.3171741432689279
LCN1,0.41317855420983624
LY6G6F,-0.6237543769270636
SLC17A9,-0.2276449712283244
GCSH,-1.6777827952384103
P2RX3,-0.5656253746632195
FOXRED1,0.4209379581739505
PFKFB4,-0.573138335882864
FGF21,1.0021008630865649
TMEM217,-0.4091058503438001
TNFAIP8L1,-0.40910585034377195
CINP,-0.6030586071837355
FAM200A,0.07771932271390415
ZNF789,-0.6659539001571121
BANP,-0.4691385954104433
ZNF718,-0.2894878075149673
PNMT,-0.37046406554836314
ZNF394,-0.25845586709204593
PSKH2,0.4951232628754793
GSX1,-0.21385492290254254
SIM1,-0.2830353710097651
TGIF2LX,-0.06331548348655743
IRX6,-0.18053524345349145
EVX2,-0.29212567407364004
NKX6-2,3.0881933930737544
TPRX1,-0.34310120997067306
DBX2,-0.0471207377273176
GSX2,0.018004891143768714
DUXA,-0.37418432769256754
LEUTX,-0.5736851281182987
RELL2,-0.2916738235319257
APOBEC3B,0.2752758415218052
TTLL4,-0.0018639060955914202
TPH1,-0.42247592461977274
TMEM177,-0.9047632461617591
TMEM171,-0.4618714770804879
ZBTB8B,0.07270662949216943
ATRIP,-1.0568090962752097
CCDC138,-0.39329232932166663
CCDC18,-0.03184955283507842
PLCXD1,-0.41456766807972406
DPPA2,-0.5825954424158489
FAM111B,-0.6963694165821263
SREK1IP1,-0.5922338849141776
MGME1,-0.7961507362378133
TEX30,-1.759568734749487
ANKRD36,0.48062104822189444
PELI2,5.4479417326790625
LMO3,2.1118192555634923
TOX,-0.4202691555982921
SPZ1,-0.8669787320149989
EPYC,0.23912765086142598
GLCCI1,-0.12960153969973773
PAPPA-AS1,-1.0391327550016989
SPANXN3,-0.475573387804753
FOXO6,-0.7085945473609669
FAM76A,-0.38541997423828983
CCN6,-0.24599324526888927
GUCY1A2,3.447906410443215
TLR10,-0.04972968170842352
AL355315.1,-0.27912086976546496
TUSC1,0.11602922027451903
SPINK14,1.0738098491631423
FSTL5,0.8161482131908596
SLCO5A1,0.22013366711405705
SPINK9,0.9235562908816368
WFIKKN2,0.5668006095341943
SPOCK2,1.9257849802353753
KRTAP10-6,3.8843798798167732
LRRD1,-0.530789180824129
HOXD12,-0.6839548870702421
ZGLP1,-0.009733145099356544
MAGEA8,-0.15509534026843283
FOXN1,-0.49765700736564983
ATG4C,-0.12080060922393812
MAP1LC3C,2.529091575515268
ATG10,1.0173724655753025
GSTA2,-0.42232892850792086
TUBAL3,-0.5158217149833194
LRRC14,-0.7998121904840535
SYNE3,2.540606987619592
FYCO1,1.4101540854019656
TECPR1,0.5795681290815138
ATG4D,0.0161375464447244
VPS16,-0.2876892707752209
BOD1,-1.0353458778925873
C1orf220,-1.3352972769351434
ERI1,-0.9477428051576783
FUNDC1,0.9141246117980737
SLC25A43,-0.1179664240326589
MORC4,1.143823934138691
TMEM164,0.10668290212022535
THUMPD2,-1.3054123823168753
N6AMT1,-0.44607496128957175
METTL2A,-0.6482018497317847
NDUFAF5,-0.668381234673215
TGS1,-1.4096609369731428
RPAIN,-0.3426220107366021
CDH22,-0.013680398360603347
PCDHGB3,-0.3918195965648039
PCDHGB7,-0.3229819779046689
PCDHGC5,-0.2763312892130623
NRXN2,0.5681589488604769
DCHS1,-0.22860147421689023
PCDHGA8,-0.4485242399642873
PCDHGA3,-0.21777424166173742
PCDHGA1,-0.4341688899943035
PCDHGA6,-0.3280640894552231
CDHR1,-0.42256177512681614
PCDH15,-0.27309304521569716
FABP6,-0.30558503269699977
PCDHGA2,-0.3237200902323935
CELSR1,-0.3458745593875603
PCDHGA11,-0.31971467645941076
PTPRH,-0.46363060397835576
GPR42,-0.5550389160359812
GPR75,-0.22723073956525752
GPR78,0.0920380894451168
GPR141,0.025263475322544224
GPR88,0.10356281288034014
MRGPRX4,-0.7907914939796619
MRGPRX1,-0.755668801305707
MRGPRX3,-0.8420046692112884
MAS1L,-0.5475513066109093
MRGPRD,-1.0467902464427201
GPR39,0.02916690063293733
LHX5,-0.7679231534909496
TPSG1,-0.1965884679499699
FERD3L,-0.2280842782049864
TRIM46,-0.11108501215118637
CUX2,-0.18380656702418705
ARHGAP33,0.6200524277282552
SLITRK3,2.1751806191085143
IFNW1,-0.5005559532738459
HOXB2,-0.6062804475919158
FAM153A,-0.06831597139403368
ATOH7,-0.36535914451890444
HOXD11,-0.5130699565668264
MYCL,-0.2592761975842397
MYT1L,2.868532260842859
FOXB2,-0.8428703840090278
NR4A3,-0.382622171881235
EBF2,0.013629629961907166
HOXD1,1.9947367435546757
GYPE,-0.19500180692754454
VSTM2L,-0.4165766602509996
TBX1,-0.7590514032145724
PIEZO2,-0.252429656656544
ACOT11,-0.03973723005201102
HOXC5,-0.6620094762352184
ASIC1,2.152133606384095
KCNK9,0.5447817345994648
SCMH1,-0.7539204459991646
PHACTR4,-0.4985650475090921
CAPRIN2,-0.6215841654320425
BRD8,0.02832144761274879
JADE1,0.4394971507837114
PTPN9,0.41442457070017213
HMGXB3,-0.24292010340500433
DIS3L2,-1.040559507068917
HECTD4,-0.8497250682557392
MICAL3,0.966979918678845
PHC1,-0.4779692774542398
PRRC2B,-0.7409201907091132
RETREG3,-0.49671840962634006
SLC30A8,-0.36112484169608355
PARD6G,2.6627426348743257
MAGI3,0.6408656328030123
ANKRD45,-0.394329744161506
LRRC9,-0.021327955460754267
CCNO,-0.4418951948504113
ZNF215,-0.08638996619182578
ZSCAN5A,-0.5311903782002289
ZNF628,0.6205645062076591
GLIS3,-0.1312687450323035
TJP3,-0.4173244459139021
SLC22A12,-0.5348623532237243
LRRC52,-0.6106609208976491
SGSM1,0.4902196127049048
PPP1R42,-0.0896095431237689
ZSCAN31,0.3739147135118926
PPCS,-0.909474770203424
TGM5,-0.328729567966487
SOX15,-0.6880356735703066
CLEC17A,0.1927700757894952
PSORS1C2,0.7934630793986327
STOML3,-0.18340064170111642
SCGB1A1,-0.27552192952024024
KRT81,-0.5764225116433042
CRTC1,0.6120404227932772
KRTAP2-2,0.2973259344714104
PADI1,-0.5424672679363255
ORM1,0.7462127131292671
FAM20C,-0.029969806959255878
PRG4,1.3719801379461078
GHR,-0.2147693582253477
MT1M,0.3350621096674243
CFHR3,-0.23547876125196676
CFHR1,0.04333753695940424
F13B,-0.4302400039293036
C1RL,0.016509651467799886
A1BG,-0.4439286369854821
C8G,0.3218188405785999
CLMP,-0.3268475270349241
MRC1,1.451687723000931
SMIM1,-0.1105170314458992
MBL2,1.2016856943097505
LEAP2,-0.24315067411230507
EPSTI1,0.4827457169323956
SSC4D,0.09610082903360494
CFHR5,-0.5459172637129481
SCARA5,0.6439381014535394
LOXL3,-0.18189972067559612
PGM2L1,-0.2992527679985958
DUSP22,-0.3346838837877704
NADK2,-0.24312910937994892
GK,0.5569940098907169
IMPAD1,-0.8122633753123562
SMYD3,-0.7779474324856863
ACPP,-0.43978037052453073
ADAT3,-0.5213157233389794
ADAL,-0.35357342089843313
NUDT4,-0.607609736211101
AS3MT,-0.6985499912560227
SRXN1,-0.5287166933499603
NANP,-0.5576844180718681
TIGAR,0.27232893619359744
RBM48,-0.6239930848438983
NT5C,0.5686451481122153
PRTFDC1,-0.6279869160489241
ZHX1,0.5029298230994126
TRNT1,-0.8023468766376933
LHPP,-0.45239104215766174
NT5C1A,-0.4201583250588315
UPP2,-0.34546765697365317
ULBP2,-0.5682330472962576
NT5C3B,-0.43753910812164315
DUSP2,0.6535504449279471
PTPRT,-0.1458463266293768
PLIN4,0.024108553702201843
ANGPTL5,0.8837806448984933
PRSS21,0.24210442293441184
AL645922.1,0.05043602432620953
SRD5A1,-0.553855819866496
LIPE,-0.47792395479582706
RGS10,0.7811006469752553
PXDNL,2.291297186044651
DUOX1,1.0246188568394234
PHF21B,-0.4572336478238703
OAF,0.8919640003565674
CLDN4,-0.4809425399545651
GDPD1,0.39249829618518456
OR5P3,-0.9158222003818544
TAS1R2,-0.37438134154637587
OR5P2,-0.9192059614349186
VN1R2,-0.9914617183176743
MEIOB,-0.9947464748152478
OOSP2,-0.7856051301072877
TP53TG3,-0.6125395384361083
MAGEB6,-0.9583666799986074
MDH1B,-0.8485935351358282
DERL3,2.8682641090267262
RTP4,1.7537758551170275
DERL2,1.2221825781481825
TYW1B,-0.7810461023195521
MOCS1,0.0823678363384214
MCPH1,-0.7297407447064402
YBEY,-0.36419524764293437
LCLAT1,-0.7570665799018776
MBOAT2,-0.3570062034150991
TYW3,-0.839711463001748
CNNM1,-0.18230397694920364
CNNM4,-0.574961252664461
TMEM237,-0.7267898307252922
POLR3H,-1.0964493138711127
POLR3GL,-0.9131345919854174
LOC101060521,-0.8321360422392501
DTNBP1,-0.2158856500204006
IL17B,-0.4155944605885208
ROM1,-0.10365222476093894
PODXL2,0.09932753304392336
DOT1L,-1.0049723398442003
PCBD2,0.019511771788109495
LMLN,-0.5689791539880684
FAM9A,-0.22854326350301515
SCML1,-0.4974764926939848
MTERF1,-0.957821639009625
SETD6,-1.0483849683549675
RILPL1,0.14399186388001006
GOLGA8A,-0.768607370760882
CHD7,-1.0748044794021274
MTRF1,-0.9216303907404176
NCBP3,-0.7389235911089738
COMMD1,0.10626068575301911
ATP6V1E2,-0.48870769788657914
TMEM199,0.7462427091577476
CCDC115,-0.3040118087136719
TP53TG1,-0.09860315544201224
COTL1,-0.06197296160983786
BLVRA,-0.3199079381160805
NME6,-0.8793006590890481
TMEM167A,0.5008725285975905
KIAA2013,-0.26494727606949064
URGCP,-0.10943015488116475
CBX6,-0.8558712200393273
STOML1,0.10915912018881475
ADCK2,-0.5157292280239526
CERS6,0.7670574106536634
UGT2B4,-0.5064662870583693
OTUB2,0.16693097866180537
THSD1,-0.4503065819524551
KIAA0513,0.9787356439403846
HACD4,1.3441491001099277
ADAMTS4,-0.35973914995272255
ADAMTS3,1.0571894530859882
ADAMTS8,-0.3782112292694436
SEMA5B,-0.3696800029041805
NOD2,1.5193091509686778
PADI2,0.9573915504023424
RGS18,3.5239835543939413
ADAMTS13,-0.09561556021513366
ADAMTS14,-0.09290582572396247
ADAMTS17,-0.4264975800232626
ADAMTS16,-0.3514919867710233
ADAMTS18,-0.41302090183408496
THSD7B,-0.5061818334959555
LRRC25,3.6828664169889263
ADAMTS15,-0.46441432640866376
ADAMTS19,-0.37857422820723147
HEXIM2,-0.6697156369856638
DOK3,-0.1579398408308128
DPY19L3,-0.8378960778453377
SMUG1,-0.45771129446775666
ALKBH4,-0.5042457923082269
NUDCD3,0.48957678162267515
RFT1,-0.6388656019452239
SLC37A4,-0.6535138640045065
THG1L,-0.45684222445979034
ANGPTL8,-0.38811065698017944
ST14,0.5949658254453641
SLC40A1,2.7371291643021647
FAM174B,0.6236183094831783
MGAT4A,0.054496847148252155
GALNT6,-0.5188239003277878
FAM168A,0.45560560325053673
SMCO4,0.316560634632291
PNLDC1,-0.5626283535524846
MSRA,-0.21429583535122448
SLC46A3,2.182513693762187
LAMTOR4,0.11608343928271297
NLRX1,1.3719188855203495
CDH24,-0.16391434615955058
CDH12,0.09669714608856367
CDH9,0.17941457436516547
FREM2,-0.14911728341737993
PET117,-0.5320361318945014
UQCC2,-0.5552774465150362
FGGY,0.4095350920573575
SHPK,0.2668405533874118
GK5,0.03809102518157441
XYLB,-0.41958365150364935
MIXL1,-0.8054304154139051
ZNF74,-0.566207338273987
PLEKHH3,-0.2151756027760521
FAM110D,-0.1998328037414972
SNX25,1.859251695848079
MAMSTR,-0.4608868827365641
HRK,-0.1641901898044576
TMEM102,-0.10626809404586028
THAP11,-1.0662047164274777
ONECUT3,-0.43210478654798484
ZFHX4,0.1120526803558085
FAM185A,-0.6543543518754033
PRDX6,-0.3828172579378975
MACC1,-0.3522400150434195
SFRP5,-0.44355838769768563
DNAJC17,0.737006407760038
ZNF169,-0.204846840471336
SLC26A1,-0.6592001620830579
TCL1B,-0.5482153804600202
HSD3B1,-0.6010036273325567
FOXE3,-0.5983545483599052
NENF,-0.13082780610836744
LIM2,-0.13249632307457448
MAGEC2,-0.7060688639062488
GTF2A1L,-0.5504287374450676
AMBN,1.1071538307846371
UPK3A,-0.6655518367760307
ISL2,0.2914598942795276
VAX2,-0.10331089961420552
VAX1,-0.44053842737483867
RGS11,-0.03683366890027407
SAGE1,-0.8313435752407569
HLA-DRB4,3.179111952327833
VWA5A,0.086162306377839
SAMD9L,1.4503422594371145
TRIM34,0.9364922106592192
SAMD9,1.479681135358511
SFT2D2,-0.30848975141156215
SIAE,0.11969003539389451
LILRA5,1.3533590725686189
HLA-G,1.5227527617510297
NINJ2,0.829522126539275
TNMD,-0.3076886862223581
HOXD8,3.0962913200231528
HOXC9,-0.3025142596297107
BCDIN3D,-0.30317254653921244
PSMG3,-0.6785732429984824
HOXC12,-0.08413302019973629
HMX2,-0.07089810899324737
RAVER2,-0.07492425531013565
WNT9B,-0.7077175658411389
KRT36,-0.5871095036447768
LHX6,-0.04593994661613982
CASS4,-0.33958663320571125
CAPN6,-0.3285712616512066
IRX2,-0.33852927375333514
BARHL2,-0.5052786625250657
HOXB4,-0.44193902262913687
HMX3,0.2327744847099479
SMR3A,-0.5326756620609625
WASH3P,0.2404870439768209
HDX,-1.150744059561222
ARGFX,-0.7646345674073958
SLITRK4,0.0003932988658903048
SCNM1,-0.7934140288751405
UNC93B1,-0.07209180365293989
TLR5,0.2709168547853195
SELENON,-0.04334382321507234
CYBC1,0.6846912881263043
CTC1,0.16458014157593584
ERO1B,-0.6169328147245899
FKBP11,-0.2554721912798957
TNIK,-0.6831403843843252
MAGEH1,1.4959308545683303
GGCX,-0.2765130495880474
PFDN6,-1.0552461527827965
MLXIP,-0.5471333906094203
CNPY1,-0.4507703777331909
NKAPL,-0.8272370367755083
HBD,-0.216734866894916
IPMK,-0.005668897383868166
PLCXD2,0.9847951506090511
PI4K2A,1.4641429957221515
C2orf70,-0.9272674903100234
ARHGAP28,-0.5652265838032071
PIP4K2B,-0.16664097221888835
AC007192.1,1.1380348111874652
INPP5A,-0.2397761325065045
SPEM1,-0.9216592085131712
DGAT1,-0.34333706404887243
DGAT2,0.2989429114308554
SPACA7,-1.0343162096415799
PLCXD3,0.43035235845866104
EFCAB3,-0.1522358857621745
PLCD4,0.11249562407495106
PLCD3,0.16852833838580275
RGS17,0.5358471226144291
DGKK,0.1680355426535317
WFDC11,-1.2001229876108621
CCDC172,-0.9729659508395238
UBAC2,0.8585035761391658
SELENOO,-0.40650510111935434
EDEM1,2.0364375869237006
NUBPL,-0.7302862192976363
SVIP,4.438173817186378
NUB1,1.9958332217320525
HSCB,0.6153187354356755
USP38,0.710831828734965
ZFAND2B,2.5032459301530623
AC018523.2,0.05427609101711444
UBXN2A,1.9416628984746245
UBXN8,2.7345151666846443
TMEM62,0.11001769755276852
ANKRD54,-0.30080059051797436
OSBPL1A,3.9932391753303356
PPP1R27,-0.47929774239258277
ANKRD29,-0.15389345817109523
ANKRD61,-0.2877183851026115
ANKRD65,-0.20384856284648467
ANKDD1B,-0.3897991632701326
KNDC1,-0.5154457338631878
RAPGEF5,0.28768389542806627
SH2D3C,-0.23402132532798547
RAP1GAP,-0.2980807106262612
RAPGEFL1,0.1593355842250502
RASGEF1C,-0.057907417501563384
RASGEF1B,-0.04235650181445302
RASGEF1A,0.4716819328351342
SPIRE1,-0.37954303422918906
SPIRE2,-0.39774975829876286
DGCR6L,-0.3902955737414985
ZC4H2,-0.44814556612868806
SYTL4,0.8816690806889242
RAD17,-1.5221819623974262
ZXDA,0.2080694997913541
TUFT1,-0.6291487069542916
NCKAP5L,-0.6087817284070937
TCP11L1,-0.34690504716221426
ZNF720,-0.25284584578990965
PANK1,-0.5199026342048937
ZSCAN32,-0.35237219898679967
ZBTB26,-0.5833759173796078
ZNF75A,-0.35398964832443236
ZNF75D,-0.6178262943939017
DDIT4L,-0.3298304138297325
NT5DC1,-0.45114857536383585
SNTB1,-0.0813081446884204
PKN3,-2.083324157975929e-05
ZNF786,0.5537496565621612
ZBTB39,-0.44690748416352116
ZNF740,-0.44706935092113875
DTNB,0.8846627340114834
VIPAS39,-0.32967790246174566
C17orf82,0.5257382231307131
DOK4,-0.28756732202421637
RTN2,1.5492073965466717
ALKBH7,1.4290278425968805
ZNF777,-0.3692322854241781
MCRIP1,0.4079229527808191
METRN,-0.2765106375262809
MOSPD3,-0.7117167041376116
SAMD1,-0.38906554057554443
PHOSPHO2,-0.38591808065584626
AAGAB,0.5862676417066273
CCDC32,0.23198391577175856
KLC3,2.890892801822849
NOVA1,1.7062483356874039
TRIM58,-0.1505817338597735
KIF4B,3.9202126558642125
HLA-DRB3,3.002816746829264
WDCP,-0.2795644439788273
PRICKLE1,2.8511852478327397
TMEM35A,3.796903190404897
LAMP5,3.618905907112715
HAPLN1,-0.21502540651802882
MAPRE3,0.8647222483718922
KIF26A,3.7832631923506943
ST8SIA3,3.95436788548622
OLFM1,8.648251642729019
FAM171B,1.5310268134409455
ZNF365,0.8857607253562163
GRB7,-0.48777218629695196
RUNDC3B,0.7350866761582975
C4orf19,-0.13803455268994982
PRR15L,-0.30158672705617723
ICA1,-0.02262522340987354
CLDN7,-0.48544639404947126
ANXA9,-0.3160770524882197
TFCP2L1,-0.8311071142695029
CAPN9,-0.4268203331816296
AGR2,0.35340410700160957
MLPH,-0.05220239218707965
PLCL1,0.4402435393871421
PIP4P2,0.09602509646140144
ANGEL1,-0.6141112497409695
PDE12,1.4356714278628215
CYB5R2,-0.7982425706500225
INPP4B,0.22997043302458256
AC138969.1,0.7899681941269968
PLEKHA4,-0.5286100454593866
PIK3R6,-0.40820336655920286
XKR4,1.658895303502517
SPRED2,0.9890582831312172
ARL14EP,-0.6434971047641304
GPS2,-0.7821259489164839
PER2,-0.5441045318909888
ARHGAP22,0.16540797651330602
MAFG,1.2316089105583743
ERG28,-0.5712958903065655
HPGD,0.5083421443743434
ADO,0.3015745937873861
C15orf40,-0.3050772453340241
ALS2,1.622353572559043
DIO2,1.0762003129449327
SLC2A11,-0.48106039214521795
BSX,-0.059340204864416955
SMCO1,-0.7477711578516109
PDCL,-0.9643419518719303
HNF1B,-0.25281154626843044
ARMCX1,0.42140756022597325
AC023509.3,0.32159114823746004
NPAS4,0.06277416796001864
ULK2,0.6968544363760832
MBD5,-0.7422875513514577
MAMLD1,-0.4032441629147458
RAPGEF2,5.013960964367786
MAML2,-0.427688139208093
GFRA1,-0.07733568224344976
PSENEN,-0.14732107296007999
MAPKAPK2,-0.6668746330548343
C2orf49,2.405579626341377
SPATA2,-0.27608708608099225
NKX1-1,-0.58809920258387
LBX2,-0.6116719591122575
NANOGNB,-0.40499543149739803
KANK4,0.03534961963414788
TSPAN1,-0.30888373841214917
CCNY,-0.4328978509250585
KLHDC9,2.952142792146628
DNAH2,-0.6658510337087027
CCNI2,-0.261654350869802
C9orf116,-0.24168662388376416
CABLES2,-0.5022123143246158
ZNF620,-0.5394810443094833
ZNF552,-0.4477873614703215
ZNF724,-0.6868503413337492
GRB14,1.9184369535071184
KIF16B,2.0298436680232523
RADIL,-0.6443406655587065
MTSS1,0.06053240061379003
MARVELD3,-0.3263287489285743
PTPRB,-0.20969374220821946
SYNGR3,3.0136364411948158
PAIP2,-0.44251203219028784
TRIM16,2.865010335234857
TRIM16L,0.41138915905553236
FRMPD4,2.5540221419596527
TRIM47,-0.14798252085952723
TRIM65,0.03931001332769467
FSD1L,0.11478848343507014
NUDT9P1,-0.4726756179414341
TMEM120A,0.21481971750023246
ENKUR,2.5407400347559417
LONRF2,0.07269541561190211
RFPL4AL1,0.6187162821277091
RFPL4A,-0.015909839188614286
FAM71B,-1.1284606584332864
PTCHD1,0.031240203957264564
H1FOO,-1.0484112002846362
SMIM21,-1.2092564411827553
FAM122C,0.0024813570789171215
OR8D1,-0.707795110773553
DEUP1,-0.9019776347850408
ANKRD31,-1.3326198227165704
LIPJ,-0.7672830485275839
AK8,-1.1568021713419496
CNBD1,-1.056323748266529
DISP3,-0.6736358924602364
SERTAD4,-0.2121718250291937
C7orf61,-0.9808238344069831
MRPL53,-0.6268028710450468
RFX8,-0.042105528045067266
RFX6,-0.12765599959773002
CYCSP5,1.7271543690284752
PRKAG2,-0.6595723700126612
PARP15,0.39985545521340116
CMC4,-0.31658134914904607
MRPL52,-0.7692150501378957
RETREG1,3.0046853863276937
PELI3,4.474710265109259
C19orf18,1.575837971800699
OR6B3,-0.8603179061090439
SPRED1,-0.6815447017013779
KLK9,0.5859155648227562
FAM122A,-0.044989859933675824
MSL3,0.5825045235561006
SPRR4,0.3169257423194344
MSLN,-0.36618599497514315
SH3RF2,-0.05756800861860355
TET3,-0.010208129128749657
TPMT,-0.27194245457168925
PCIF1,-0.25731168291603673
TRIR,-0.593907861346861
ITGB1BP1,0.22508660989642443
RUFY3,-0.2646409952471274
TARP,1.575837971800699
GPAM,-0.3051179478587989
GSDMB,-0.37027282867356737
ORMDL1,-0.43701509087031387
C3orf62,-0.4158701239684159
DTD2,-0.5164609799219412
ZSCAN1,-0.6000452244385014
LOC102724023,0.3203394380522312
FOXS1,-0.5316642291338821
ZC2HC1A,-0.020311270209333945
SH2D1B,0.2973831528226534
DENND6B,-0.07982530458556436
DHX58,1.717144593611679
ZNF385B,1.0862057526311568
ZNF322P1,-0.6279222122899581
CATIP,0.5528271818024747
GUCD1,-0.044981749716888994
ENKD1,-0.3747322719368814
C14orf93,-0.22066482071993804
KIR2DL3,1.3536827679017527
PRICKLE2,0.5717784926299109
C19orf33,0.27059190862627736
RD3,0.2504166524730136
HAVCR2,1.1905486057380346
ARHGAP24,0.2484382044001927
MRPS6,3.4446841293543495
KIAA1841,1.5546256027030345
NKIRAS1,1.0950694937869303
MTURN,0.8214473872789764
IL20RB,0.01079164297060327
HOXC4,-0.6066329269718574
MRPL10,-0.7383286605761449
DNAJC30,-0.14418066072963223
PLA1A,0.14118894462047776
DCUN1D2,-0.48392104855084866
AIFM3,-0.73817964243045
GRASP,0.5544502511280085
ZNF486,0.7813659534446422
CIART,-0.20456058490473533
BCL2L10,-0.1355965084666592
BCL2L13,-0.12563141253060855
NTMT1,-0.9447474631357958
AP4M1,-0.2789273137418657
PLXNB1,-0.40242048747479886
CCDC149,0.2379474503397572
BLOC1S5,2.6647088178732727
FAM3A,-0.07640025686876208
SMIM11B,0.8257647704675333
SMIM11A,4.458771772379653
C6orf118,-0.4769555519199418
RNASE11,0.5999258780853352
TEX2,-0.5079341544359436
ZSCAN18,-0.21182610395431473
LRIT2,-0.4968309471681404
WDR45,3.1873265789050977
TBC1D20,0.04491488773417641
TBC1D26,-0.17105423970851077
ANKS6,-0.24425095840100824
METTL25,-0.16551948943347736
CXXC4,-0.1753672193895984
FSIP1,-0.09098107875650789
GSTO2,-0.5569294600457315
VASH2,3.9825709625674843
ZNF839,-0.4905100433015611
APOBEC3H,0.30775355719073666
RIMS4,0.8143618740295078
LIMD1,0.8263750179106983
TSPY2,0.11591632237655082
C4orf46,-0.7063922614219488
TMEM255A,-0.01328378952910702
NCR1,0.20890237413422094
RNF183,0.053566286188951026
EEPD1,-0.37781318546365567
SYCP2L,0.5198341048280527
ZXDC,-0.6073971483997361
TMEM175,1.5431160884757007
FGFBP2,0.10305381357176169
SYT6,0.9233873484143853
DIXDC1,-0.11017887051157664
TASP1,-0.8980772060577626
MESD,-0.12572724162741894
SCHIP1,1.6113447357776127
TCP11L2,-0.2247433381373437
HDGFL2,-0.4145823959847911
ALKBH8,-0.8401814243950108
TIGD1,0.682224211048745
DNAJB7,-0.30670457072198387
OR4D6,-0.878335482216389
TTC23,-0.42066111496960384
RTL8A,2.7668474215827428
VCY,-0.9067571592694358
C3orf33,0.652638160061253
C3orf36,-0.5539880533593077
CES3,-0.42382251128947385
EBF4,0.21514297246687464
CDPF1,0.6764322665484183
CTRB1,0.09484286096774647
FAM3B,-0.493494182097047
OCIAD2,0.825176431412621
ATPAF2,-0.830365951058508
KCNAB3,3.0920036872879617
PPP1R32,-0.8879556480016939
HMCES,-0.8270484988457978
ATG13,2.3244083890657823
FRMD8,-0.029703880829983337
NMNAT2,0.8575698781613189
NMNAT1,-0.5397528426574681
GPR61,0.07231712200435364
C9orf78,-0.7645246748545489
EFHD2,0.5722047331522379
PCDHA7,0.0677976336664777
TTLL7,0.17140901721495633
PCDHGA12,-0.10995856329634236
ANXA8,-0.15942609910753067
MEST,0.509717106586391
ZDHHC23,-0.24306028762799103
COQ6,-0.7270999895077748
ZFYVE1,3.1662843461235735
SUSD3,0.24232943619624964
PITRM1,2.9397279826543294
CCDC60,0.001683204763154657
PRSS33,-0.08473326510742704
TMEM183A,0.040694322207630536
PDZD4,-0.19176285558427805
STON1,-0.3362887176954079
PDZD9,-0.7544527526143328
GPANK1,-0.5574091179568563
TMCC2,2.723668199760695
MARS2,-0.953775704198768
CCDC144NL,1.5758379718006992
PHYHD1,1.0102693980980746
CFAP58,-1.1359881841070043
LOC403312,1.5758379718006992
USP6NL,-0.2634976337433359
PASD1,-0.21871802211674074
SCG5,2.3147696926446533
DDX43,-0.7494503556005313
GADD45GIP1,-0.9560643670182406
SERF1B,0.11868335519629358
CHCHD6,4.589989534513422
FAM151A,-0.3152720531388661
FAM133B,0.09059963990269786
PPP1R17,0.17513016741677256
PNMA8A,2.0343785905356353
PTTG2,-0.4702982485965461
SPIC,-0.01645906589121107
FITM1,-0.10265822073540998
SRARP,0.2901942841493672
C1orf115,0.536708184830611
C12orf65,-0.49160829451114224
ACBD6,-0.21083927063938984
ACBD4,-0.17181345984070612
EVA1A,-0.004816253479679475
AKAP4,-0.48339109404112096
DFFB,1.317111139327241
VCY1B,1.5758379718006992
KIFC3,0.7978609428087368
SLC41A3,-0.20322575659519043
CD300LB,1.3807459409246996
STARD10,0.8491891362652699
CRADD,-0.25839168471907376
PRR15,0.44707024443175764
FAM53A,1.5758379718006992
CELF4,4.1575340887357015
CCDC190,-0.009652539425762848
PACRG,0.4410100087939472
MTERF4,-0.24994321254244412
PRSS1,-0.24384638327745004
TSLP,0.1701167583898811
THAP3,-0.21163314035719105
CARD18,-0.3116508510982177
RP9,-0.07710758475319247
DNAH14,-0.36375827518939247
GNPTAB,-0.1859951246324672
IL26,0.8033968944258849
FAM50A,0.06620624302201442
FMNL2,0.18485414832647204
FMNL3,0.09242106030898216
KCNE5,-0.07649188438391263
PPFIBP2,0.42919302870592124
CCL26,-0.10583357201564207
SEPT9,-0.29350712217246444
SEPT5,0.02052446972153804
SEPT1,0.278386847466219
DPCD,-0.2335596680988278
CDK5R2,3.31518009108985
GIMAP8,2.2351132904850948
CXorf56,0.35603491663554865
MOB3C,-0.33758425521540053
C18orf21,-0.9478354507551676
MT-ND3,-0.3719038746394902
GPR107,-0.09930527180682927
RITA1,-0.8879549125787697
ATL3,-0.5596577549909113
UGT1A10,-0.39521972881557577
CSAG1,0.8603247390039442
ZNF2,-0.8776158033059672
ARID3B,-0.6468591701127226
PURG,0.1643285738593648
CCDC28B,-0.46570022137888445
FAAH2,-0.3702670234172597
SNX21,-0.3294372807481874
MAGED1,0.2079754851506724
RSPH10B2,-0.36665118922218964
CLEC12A,0.23438612248887775
LANCL2,-0.612193006029891
SERAC1,0.8231722522952449
PLAAT5,-0.9364700028729885
C19orf12,0.9444423634216176
ERMN,3.133953286860934
LSMEM1,0.0855508328420316
LSMEM2,-0.2571926679053766
ST6GALNAC6,-0.14665885969894646
CAMKMT,-0.21146693510880535
WARS2,-0.8709794485557826
KLHL32,4.400537360521901
DGLUCY,-0.19031167714403707
JHY,-0.7212975372984277
TEPSIN,-0.4589597553778843
C11orf45,-0.04197123874144646
ARNT2,3.4006170860527383
CRIP2,-0.2822487153351893
CAPNS2,-0.12989676135973358
NBPF3,0.11621760111078537
NUDT16L1,0.5042414729781959
PDE6H,-0.2684343751018161
BEND2,-0.2629425714255448
INIP,-0.7328014379265135
QPCTL,3.38441004972961
NAA80,0.4201081442843516
ZNF641,-0.07557105508723122
PLA2G4C,0.4136232024022165
PLA2G4D,0.06677634790944208
CHRFAM7A,0.9765595121737065
ROPN1L,-1.0066697149818435
NEO1,-0.11856282952142676
RBPJL,-0.68374563572093
CAVIN4,-0.1338399879991802
CORIN,0.14430494269396885
PROSER2,-0.014550896362113656
MRRF,-0.8706723725395086
MPV17L,0.3399298611404775
BSND,-0.16564469799647222
TTLL6,2.0693546353758645
TCEANC,-0.2696910412187529
YPEL3,-0.2563219060320387
C11orf53,0.6331832777158134
C11orf52,0.8266983691452326
CLDN3,-0.32217248865256276
C6orf203,-0.6354426585805468
TRDMT1,-0.6966962314367283
NEIL1,-0.4588336849414181
NLRP2,0.015465686013307514
FILIP1,0.40644088741993384
ARL6IP6,-0.7688719136077429
CRACR2B,-0.3679459118146771
ZGRF1,0.6731832740958936
PRKRIP1,-0.3051005857971558
MCU,-0.2993708661804787
ADD2,-0.2701191914294484
EPB41L4A,0.1355988867191264
LURAP1L,0.41636241900399856
C7orf50,-0.9795420353119528
NXPE1,-0.13605047759764302
NXPE3,3.2929407916240514
METTL8,-1.0561769784527804
ERVFRD-1,0.3242895314399357
QPCT,1.0225146895264992
SMTNL2,-0.3037719117803032
MKNK1,-0.2904525225144582
OLFM3,1.4251132462170804
CAPSL,-0.16830070313056755
CHURC1,0.12455267754256732
MAP9,0.10450901736272765
PRXL2A,-0.1767195765478942
FDX2,-0.6179689469537969
KIAA0825,0.15119240147399313
EP400P1,-0.3281194525682663
KCTD18,0.20399897254283567
ZNF449,0.11193746926353278
L3MBTL4,-0.3301128758812951
SERTM1,1.5758379718006992
SERF1A,-0.06432137100854485
AFAP1L2,2.435911684898864
IGSF10,0.19081488067495603
CCDC107,-0.1675830892558674
C11orf71,-0.7355118970172254
SPATS2,-0.3351245644979102
TCEAL2,2.5267477706106223
CHRNA7,2.2540560288649933
IFNA8,2.756546506887344
IFNA2,1.4093476174405857
SLC48A1,0.15057270196427197
OR2A42,-0.8372228847990779
C1orf174,-1.0875436237870073
LRP1B,3.336800892722434
RAB3D,0.9986873595939282
ARMC7,-0.3552939750502051
PLEKHG2,0.7957234646689069
LIN7B,0.5076284115923255
TAFA1,1.0002523027638888
NEGR1,0.7648569588247842
DBNL,-0.15159301370682185
PKIB,-0.4645728737946345
SYT7,1.404882831921104
FAT3,-0.20654084121916572
SYT10,1.099833590315446
LRRTM3,0.2966954810993467
NLGN4Y,0.1319708264884448
ARPP21,-0.021445882331878344
KIAA1549L,0.1304930258748777
ZNF804A,0.38093068380876544
CBLN4,0.15306153169566963
CADM2,1.1716266372522433
NLGN2,0.1723518082869973
CNTNAP5,1.4011607261416728
BAALC,0.6865001324835657
SHANK3,-0.23679076804913862
ANKRD13B,1.477457965525355
NOL4,3.238871680800131
SLITRK5,1.0825785807061623
SLITRK1,2.419978130968584
SOX14,-0.4185010061545838
KCNK12,0.7492770160952057
RIMS3,1.3342897032595629
ADGRL3,0.85417311129535
FAM131B,3.583958619769267
SYTL2,0.5056188391167963
SYT4,3.8733050136982774
CSRNP3,1.4070624164664927
NXPH1,0.6592920302824298
PCDH19,-0.3652175617669697
SDCBP2,-0.4401130443923448
SYTL3,1.2205215716087894
PCLO,3.3419532337956204
SNTG2,-0.2858378083272521
NSG2,3.331106366410715
GPR173,0.09974507480210718
KIAA0408,-0.14263603747061201
FAM155A,0.8938921033314828
KLHL4,0.6689966108402622
KCTD16,4.273125392464339
SCN3B,2.73645151657251
ST18,0.638266141651236
TENM4,0.5217341468462029
OPALIN,2.8017570186997016
LRRC49,-0.4756883404206255
XYLT2,-0.28860569424415183
INSL6,-0.5931355652296486
ACAD9,-0.7878055575110692
CCDC65,-0.649583011629616
C19orf48,0.7467718870180075
NR2C2AP,-0.5327847463173775
PPP1R35,-0.34560833551905057
ARSG,-0.4458608953404568
MORN2,-0.796524392837603
TEX43,-1.0263892834978117
TBC1D28,-0.7531244539870213
SPATA18,-0.9884888145400819
TMEM232,-0.6757306547985827
TMC1,-0.48897495767375276
ARMC3,-0.7972805727789483
NLRP13,0.6869096333785706
NLRP9,0.5041638907047609
NLRP8,0.6861958215892302
STARD5,0.08847393920040947
FRAT2,-0.43521826463684676
AMER1,-0.859539088601159
CIP2A,-0.17544922234454088
NOSTRIN,0.1884620109519017
AMER3,0.5368941815443758
CGNL1,0.44641574959227087
DVL1P1,-0.30299298846069717
MTFR1L,-0.325075294952202
AGR3,2.2176077187786962
CTTNBP2NL,-0.37113178038249517
TMOD1,-0.4880479651867244
SYNC,0.05922433090520043
CCDC88A,0.5479479198361272
GLIS2,2.812897172799787
TCHP,-0.7208354955012413
KIAA1328,-0.30605035823618876
PLEKHM3,-0.06879254253807138
NAP1L3,3.310568902104577
C1GALT1,0.7370210922429071
NAV2,-0.1731293005984397
KRT23,-0.38943279789950935
NCKAP5,-0.49033386662253314
SCAPER,-0.4656926152668273
SYNE1,-0.331172277337666
WNT16,-0.7115472608545687
AMER2,1.658804893951569
TMEM179B,-0.38819612019743244
PQLC3,-0.5859300419132873
TMEM107,-0.43257328863209105
TM4SF18,1.1006164285304691
FUCA2,-0.309180108573562
MTRR,-0.16723391650459926
PIGM,-0.3231541740288687
GRPEL2,0.16975080205656545
STARD9,0.6798169694717309
ARMC10,-1.0250437515796755
CBR3,-0.35916787972459385
VKORC1L1,1.3327793830464993
MREG,-0.5197856913757019
C16orf96,-0.8616276116217975
NETO2,-0.8961460659429474
GAS2L3,-0.36616326935026733
STK19B,1.1175784735756313
C12orf45,-1.2154148365073094
AL669918.1,-0.09490104419690341
C17orf75,-1.3759505634266807
ELOVL6,-1.0544626741899286
LTO1,0.8198367754043362
NOA1,-1.0105446648307996
COQ2,-1.162035591943587
CLCC1,-0.7502259769594154
C5orf51,0.46510096432146436
COQ8A,1.6412154309614122
QRSL1,-0.9994254889157416
TRUB2,-0.5084853690930186
MT-ND6,-0.37455017629313936
PIGH,-0.6989278069391752
LYRM2,1.0698699572407664
CPT2,-0.9602217226928386
LYPLAL1,-0.10894060898817201
THNSL2,-0.8186596912159655
ZCRB1,-1.0010184947099474
PCCA,-0.35747051532622276
AC034102.2,0.14149266475470643
NUDT3,-0.3605817385816082
LIPF,-0.1582131375302607
DHDH,-0.35872459287107855
SLC5A12,-0.4004557493687269
TMEM92,-0.6343442960181527
HES2,-0.6072136878852292
SLC6A19,-0.4131487008165457
SLC23A3,-0.39266109355293866
EPPK1,1.4884819903581272
ZNF511,-0.5902750627726467
AARSD1,0.1977630369739612
PPP1R14B,-0.8250817048463057
TMEM141,0.1539783021425718
MCRIP2,3.3280969898108217
TIMM22,-0.6875296852840572
MIEN1,3.105249365809806
COQ4,-0.8540765235611477
SLC35A4,-0.5050738910180175
CAND2,0.7399535650696732
SLC25A39,-0.6175957191129232
NPPC,1.4975291089549712
UNC5CL,-0.17471482126197616
MEAK7,-0.029903019399811784
RFFL,-0.04240444821892541
NRK,0.5524672216610178
GSDMD,2.191510072244688
UNC5A,-0.08945240079203473
CASP12,1.5425350815297687
TICAM1,1.7253165689816667
ANKDD1A,0.14360271550727463
PCSK6,-0.08155271234007705
BICC1,-0.4169304789559152
CYB5D2,0.17880524714099466
KLHL36,0.48945617485458925
PCDHB15,-0.3145791153439031
ZNF398,4.010439077903002
KLHL23,-0.7919795915932752
STRBP,0.6781034757164742
ZBTB34,-0.012967098687444974
FAM117B,0.09522598100304033
C16orf87,-0.7194064362732708
NKX2-4,-0.42304614921776035
C2orf69,-0.7987888459628508
TAF5L,-0.933965303632249
FAM217B,2.9137078986580986
RGS12,-0.1602504812507637
ABHD14A-ACY1,1.8667985509595697
PDP2,-0.6607063297119954
ZFP57,-0.501251751742905
RANBP17,-0.6302041401823997
MRPL54,-0.556630957249486
TRAPPC3L,0.12799833930924293
MCEMP1,0.0858235016331503
TPCN2,-0.2676178962842754
BCL2L14,-0.5453803131919879
STXBP5,0.9094115079192951
LGI3,2.0956333485894043
KCNAB2,0.782345803508837
SASH1,-0.09415000875977275
ARHGEF9,0.9537758234415712
MEX3D,-0.4513341795790806
UBASH3B,1.539228036789778
DOCK3,0.2534384493892096
RASAL3,-0.2559660780502362
TSGA10IP,-0.5542820507211772
SOBP,0.45660641806356866
CCDC187,-0.5280616361255298
PCDHB14,-0.2101650191831645
NUDT18,-0.25323719247625787
BAHD1,-0.2990298448747602
GGACT,0.09404295594627374
COA1,-0.6127045281544204
RASSF10,0.0018552412959313806
GGT6,-0.11923716426817879
OPLAH,-0.3184280530976401
GGT7,-0.2858021834897686
NLRP12,0.3152969342301262
NLRP4,3.544561054908869
NOD1,0.15779717993940454
PYDC2,1.9038911497573974
PTGES3L-AARSD1,0.6016302277015523
FRG1BP,-0.6774237765361194
STAC2,-0.04423764162977256
CPNE9,0.9911117337975569
AGBL3,-0.46024133058295624
ATXN1L,2.1071761974851095
KCNE2,-0.15261138483596878
GTPBP10,-0.814765213189358
DNAJC24,-0.5986118980961715
ZCCHC7,-0.3963600271410137
RNF169,-0.3941892298904915
OR4D2,-0.9063338232823728
ABRA,-0.22649835540435345
ZP1,-0.8563875125064212
POF1B,-0.6857189622362799
AC011462.1,-0.8665991004505182
USP17L11,0.36223273949886997
USP17L5,0.4182681240371542
USP17L22,0.36223273949886997
USP17L20,0.36223273949886997
USP17L21,0.36223273949886997
USP17L17,0.36223273949886997
USP17L15,0.36223273949886997
USP17L12,0.36223273949886997
USP17L10,0.36223273949886997
USP17L19,0.36223273949886997
USP17L18,0.36223273949886997
ESPN,-0.6101657410313911
FHDC1,-0.0838161347630892
FMN1,-0.4081030848321871
FMN2,0.7821123561990909
LSS,-0.6224021119313282
FHOD3,2.430888264802365
ZDHHC5,1.0779202907346601
ARHGAP42,0.12071043229879735
PXK,-0.10410717223819782
WHAMM,-0.4400019203639313
GRID2IP,0.039993148105482774
PACS2,-0.44762792893517317
WIPF3,-0.3810411047620133
RAB11FIP1,-0.14898289293795428
ZIK1,-0.8320008482790794
ZNF800,-0.5117037895315469
ZNF736,1.2593613432804562
AMIGO1,0.5890602196534089
TEN1,0.045996007118403674
MSL3P1,-0.57723552334681
ASPHD1,0.6654671619196828
PNMA3,1.2823277362759309
DPYSL5,0.08355274380549915
SEZ6L2,0.63539694944446
DEF8,-0.4984492284563751
AMDHD1,-0.2788833888290386
AMDHD2,-0.0409465164244094
LGALS7,-0.5211706277125704
PLXNA4,-0.005791684529973665
AC011455.3,-0.5248496654834874
CSGALNACT1,0.06150500927882833
CD109,1.0392185984881759
ST3GAL5,0.25472624418133283
FADS1,1.1274112230057898
OTUD6A,0.14118052828421918
PRUNE2,0.014658016917605425
NCBP2AS2,-0.34270703501702476
LCE3B,1.0918969228809667
VSTM4,0.4755357864617164
ANKRD30B,-0.3026369854420643
EMP2,-0.01765607553261949
MT-RNR2,0.6561149026415808
GALNT14,-0.32419687368672423
C8orf4,0.22543262131359174
TTC9B,-0.12106304623942576
ZNF784,-0.2852955892151619
TMEM108,0.054373302325620154
MDGA1,0.235162100206666
PANK2,0.8107608544368939
PLEKHA5,-0.4541591609811072
TBC1D25,-0.0034958488017305537
DUSP15,-0.55489059653234
NOTUM,-0.6636133155627676
SSUH2,-0.48112679735907615
IGDCC3,-0.12547089248419574
SUSD5,-0.32162276856937705
FMR1NB,-0.47208845301528185
LRRC45,-0.5728760258848109
DNLZ,-0.45353022728040593
OTULIN,4.575588596932276
NEXN,-0.17560103821021786
LRRC24,0.41657307981760716
TMSB4X,-0.49584100713007606
OVGP1,-0.18637535910424463
NYNRIN,0.7920429887084957
KAZALD1,0.8863570244468992
SLC41A2,-0.4247643432069474
SLC16A4,0.2493516004749725
GSTM3,-0.2440570784261002
LDLRAD1,-0.3101967461912906
MS4A3,-0.18679797011581667
SPAG4,-0.886850413504112
TCF21,-0.10955247651210999
LMBR1L,-0.34797739751187595
ORC1,-0.36767623697296997
CKS1BP7,-1.9874567198958861
KLHL13,-0.4144757224801947
SIRT4,-0.7691979996709045
DCUN1D3,-0.279601142912768
BTBD9,0.6481239940764871
LRRC58,-0.4075806149972219
MRGPRG,-0.7269364527412172
ATP23,-0.25036410512662516
CCDC167,-0.42989937306497267
CMC1,-0.48674328500160097
ZSCAN9,-0.64375920403011
GJC3,-0.26356933285977796
GJA9,-0.5185414040337053
GJD4,0.1573750096864054
CNST,-0.22775825669652155
FN3K,-0.33585197516567894
GJA8,-0.6283147966057937
KREMEN2,-0.43612828352910105
BFSP2,-0.5276066104767945
CLEC14A,0.38057915941668174
ZP3,-0.6444073180284265
CCDC3,0.027103933494246158
PHF20,-0.7312547609901524
DLL4,-0.4768843427971387
IL1RL2,-0.11677152935930835
KRT12,-0.29637977672426125
FCRL1,0.2582113901804631
CEACAM19,-0.5022822763355669
ARRDC2,-0.36229388527475276
PRSS56,0.18187847852101696
SNX14,-0.5646051069355512
PMS2P5,-1.3620906815798837
OR4D1,-0.9769705004323966
ZNF397,-0.47534363551862474
KDM4C,-0.9384226708936253
KDM4D,-0.3896302211021318
FAM13A,0.35249565970772373
JMJD7,-0.9521886114280966
RFPL4B,1.767512884313095
GPATCH2,-0.5776004633610796
AGAP4,-0.9140904468514396
ZMAT1,0.7383882422312942
CBX2,-0.4185455529779442
RASSF6,-0.11965521122216487
ETV2,-0.33164407545586055
ZBED8,-0.3855858133095236
LRMDA,0.024124668874253623
DNAH17,-0.3322519009802577
GPR22,0.43614251245564517
CHRNA10,-0.276524687837363
AMELY,-0.21860714591696725
CSMD1,0.9687294358963369
LY6H,0.6291947326110945
ST6GALNAC5,0.7905031494943418
CALY,1.5617525947441595
ARPIN,0.059789329851083164
NATD1,-0.993367697526413
FSBP,2.8061515040379565
AP5B1,0.3931006044084494
TEFM,-1.1620684004243658
MIGA2,0.10346286831181675
PALM2,-0.6367023855682505
ENOX1,-0.06376640059671249
NUDT14,0.05357897516136292
PNPLA1,-0.6721310885413561
TP53RK,0.40951930832866307
TMEM203,-0.20678857579567184
DPP9,2.847340961787685
EBPL,-1.0026418263210428
DHDDS,-0.45123177617527177
C9orf64,-0.3429312978674594
ANKRD40,-0.5866544280207812
MLXIPL,-0.7537788039482901
TMC4,0.42429940781817976
SCGB1D4,-0.31249811975506747
NPNT,-0.2544565343007799
PNLIPRP1,0.018828400898269693
TMC2,-0.49735317840385257
ARHGAP27,0.8160242857564034
TMC3,-0.4236690166313949
FAM53B,-0.4739203053681923
TMC7,0.3372597598943242
TMC5,-0.49164938177192885
ZBTB25,2.4681626720537384
TMEM38B,-0.9649504182532715
CFAP206,-0.49544640814982366
OCIAD1,1.4782698942060037
TECTB,-0.5433801082520652
RTL3,-0.36031537289614773
TMEM200A,0.4064427681871619
CA14,-0.5004966091285935
OPN3,-0.48307429227102655
SGF29,-0.7173656550496919
MAGEA6,-0.6735441352864341
SDR39U1,-0.40219721748156834
AL162231.3,-0.7592188764820998
MFSD4B,-0.06188645333336207
B3GALNT2,-0.047617170692474196
SCFD2,-0.3469041556678891
EEF2K,-0.41097555640860783
BHLHA15,0.11838749369065549
CLEC3A,2.0396832945653047
PGAM5,-0.9323584049149335
EPM2A,0.7482098307032247
FOXR2,-1.2204326731552204
TRIML2,-0.27835718403377613
AKAP7,-0.37970659486732616
AKAP2,-0.10158523533464768
CNGA2,0.014912590874816752
LOC653513,-0.284409574545104
EIF4E1B,-0.4662490426322182
PDE4A,1.4259088831401312
PALM2-AKAP2,-0.01778732915567154
CCDC61,0.23650006237366425
WDR92,-0.2889416603280312
PDE4DIP,-0.5594001500372946
ZG16B,1.6341364359079953
SLC2A5,0.8298169669969447
CRYBG3,-0.6268266785329125
MAATS1,-0.7853607306685346
C2orf88,-0.4560455270232999
SSX2,-0.5802886798221927
AMY1C,-0.4578057895593613
AMY1B,-0.5657308604743176
FAM49A,0.4939963711133381
TUSC3,0.08478884462382744
LDHD,-0.7876806593642306
ARRDC5,-0.4573297700938848
CAVIN2,-0.32494699989683146
PIK3IP1,1.06947752217438
TP53INP1,2.4961078556753313
FAM91A1,-0.1530082331456629
GRHL1,-0.546791712003811
MAB21L4,-0.6803235167844116
GALNTL6,-0.8035991968846126
GALNT3,-0.6766923021350977
GALNT16,-0.5331990811471634
GALNT13,-0.40424313960858943
RIBC2,-0.5917369621527848
HEATR5B,-0.3035343036745664
GTF2IRD2,0.018946157554671866
GET4,0.9658197511089518
TRIM43,-0.08393349740707386
HUS1B,-0.8640974452310524
AGBL2,-0.05612483209822958
FAM57B,-0.12118916644753647
RGPD6,-0.42057119212165706
FYB2,0.7138257051419129
MMP15,-0.47336183540044924
TRAF3IP2,1.5237789547548461
AFMID,-0.12185540079198859
NUDT12,-0.3873748256173311
CLCN6,1.7660557904883718
WDFY1,1.419684020952513
C11orf74,-0.7137521659703192
LMF1,-0.36759543485733437
NRSN2,0.326549790153854
RGS20,-0.09032240335901755
TUSC2,-0.3596413282223617
TMEM185B,-0.6373206912642244
TMEM79,0.09439623858552636
TMEM128,-0.17499101349665344
TMEM69,-0.9349462535872403
BORCS7,-0.2972514568739514
ABRACL,-0.6368893631728368
SLC35G2,0.00580009045077607
C3orf14,-0.5420308961079561
CLN8,0.012997211319826486
THAP10,0.044121757405105946
SMYD2,-0.6927688246178609
CENPS-CORT,-0.674432593286236
ZFP62,-0.9224312603450354
PPP1R26,-0.07092018482602491
POLN,-0.7280253851007213
PEX12,1.5642614409813027
NACC2,1.7757957668502353
PRDM7,-1.5372262920445148
DBNDD2,-0.2505803711309946
ST6GALNAC1,0.32681385224513665
SCRT1,-0.5411806902541973
C6orf47,-0.5518818472603179
CSMD3,0.31578973520118625
MMRN1,1.0192574784516149
FRMD3,0.06292542962094382
FOXD4,-0.5283514196038104
NLRP14,0.5668358188160617
RHEX,-0.4072221878415128
FOXD4L4,-0.7525709424996538
FOXD4L5,-0.5913772072245495
FOXD4L1,-0.6909631938524463
FOXD4L3,-0.5657828622108271
HBQ1,-0.6955181255690599
RHD,-0.5595225323609446
CFAP45,-0.6743057717947706
RSPH4A,-0.1645488384542936
CFAP126,0.4202412915492872
C7orf57,-0.4467816042095993
VMO1,0.821857982086601
PPIL6,-0.6633870439078906
TPPP3,1.9723381588768365
CFAP157,0.0982631069105288
CCDC153,-0.42350110080355113
MORN4,0.34809892517399116
CABCOCO1,-0.6290223043366223
CCDC170,-0.31973953720657367
NME9,-0.44017827126914566
RAD52,-0.8812081285646789
IGHV3-9,-0.30357763084166733
CLSTN2,0.6611511297423451
AC105001.2,-0.5252396327476742
ZNF396,-0.9980100194730956
LRRC43,-1.0073998764968155
PGBD1,-0.2870443578345826
ZBED9,-0.22542588310770587
PROSER3,-0.5525795753121865
ZNF174,-0.3734795688396061
ZSCAN30,-0.15558035938757014
TXLNB,1.0804951676874128
KRTAP5-9,0.11735066469947986
C1QL3,1.3609955586601306
GPR158,1.8813036926050832
NRSN1,1.2447851122757734
TMEM151A,1.547337201936212
CREG2,1.538405805214516
HEPACAM,1.4587932619467996
PLD4,2.1168064534925204
QSOX2,0.34115743387497294
PNPLA3,1.4043817607461786
PNPLA5,-0.27972571270358365
DRAM2,0.19279305931335897
PAFAH2,-0.7408878368936374
AWAT2,-0.14878172432708847
LPCAT4,-0.36332978354186996
LPCAT2,-0.42872023293801226
LPCAT3,-0.5784103539740484
NECAB2,-0.2423408194182854
HSD17B13,-0.5189668758880582
APOA5,1.0643439554653606
GBP7,0.34707819970905807
SLC25A47,-0.35962057230752664
SERPINA11,-0.0966907296711557
PGLYRP2,-0.5236367815832387
SLC13A5,-0.15791092874504553
OIT3,-0.2773520879473653
RTP3,-0.37480978267749226
PLGLB2,-0.19166696283453857
EXOC6B,0.2863342703611764
ACOT12,-0.465273123209809
SLC27A5,-0.7171649677153913
CLCN4,0.1457690224782176
CLIC2,0.02377138635987057
TP53I11,-0.5222642731777593
SERINC2,-0.05717551847794798
PHACTR3,0.823043948923882
AADACL4,-0.07210365905710275
C1orf122,1.1931316353222403
RTL9,0.3288763573217831
WSCD1,0.796022698494037
ACOT2,-0.5405384489730584
PSG5,-0.21297139493695716
SHISA7,2.4870245365294106
CBLN2,2.037426448229146
AADACL3,0.12648757277322922
TCAF2,1.253528393476776
TMEM39A,-0.280870313849363
TSBP1,-0.5086922603907229
PRAMEF10,-0.4370086339783358
AKR1C4,0.7091774501724014
EXD2,-0.32567128445343424
KRTAP4-9,1.4917481506897976
GSDMC,1.5128300739028833
KRTAP1-4,1.2873092394214407
LCE1F,1.0647375076140733
KRTAP4-1,0.7267164715698665
KRTAP9-1,1.3052067048527973
KRTAP4-3,0.9455172474969362
KRTAP4-6,0.6259367168710622
TMEM190,-0.019913017058899692
NKD1,0.5817570428037477
KRTAP5-8,1.3708515818625016
LCE2A,1.1861241627037193
VWC2,1.70299810656591
KRTAP4-8,0.5054492418969523
KRT74,-0.18220022555019003
KRTAP9-9,0.797514454593989
UPK3B,-0.050138079205059236
KHDC3L,-0.4657357022026077
AC002310.5,0.17452007118934093
NTF4,-0.18368789961018844
NKAIN2,1.9276854168289503
PLK5,-0.3637330638005458
PLXNB3,-0.06286407238908236
TENM1,-0.5132491728176554
ANKRD66,-0.26356668992942656
MRPL55,-0.6518300156484187
RPP21,-1.1064246294995104
ABI3,1.6899506320099098
NOMO3,0.31086564987590204
SLC52A2,-0.39721318863001365
ADPRHL2,-0.5674377382424277
B3GAT2,-0.12840565461621561
KLRC2,0.3226817374736023
TTC38,-0.22952701335450826
CLEC4G,-0.23001283342815512
MROH5,0.5323172136719657
TMEM176B,3.4740882568643445
REG3G,-0.6637579937954043
MMD2,2.1873143792771277
ETV7,-0.2510688720733579
ADAM33,0.16781029756078478
TMEM86B,-0.7238840730403415
TMPPE,0.10007619089772099
TMEM140,2.940719453238668
SLC43A1,-0.5752478489344054
TMEM144,3.968369562607611
PAQR8,1.4282494458782737
BCAS1,2.854831861828985
PLEKHH1,1.0554467823360403
PAQR6,3.3470853306167614
ANP32C,-0.6953251608751015
ZNF781,-0.3578751354880027
ZNF695,-0.3912632739642271
SLC50A1,-0.1633898561014315
PHTF1,-0.6084577027103452
DUSP16,-0.4607160477111216
IDS,0.053406130754866436
AC067968.1,-0.5551497250844413
GSC2,-0.9052942312493626
CRYBA1,-0.3838260355970878
IL17C,-0.217876677205632
ZNF81,-0.6900443928667624
MRPL45,-0.7007044586411955
NFXL1,-0.8432019350103872
SPIDR,-1.0474241695807225
BEST2,-0.16037404801823604
NPVF,4.0365038042700805
DUSP9,0.482158194355034
PCDHA10,-0.18579855432555423
TIGD4,0.23279580221359497
PLEKHF1,0.5113364734114171
DHRS13,-0.4776948576695635
CCDC89,-0.8605395129188471
TPTE2,-0.395312212665406
OR52I1,-0.9180378402127646
RNF180,-0.09584285376114329
SOWAHA,0.7976320793829315
ZSWIM5,-0.02570098763520486
ABHD17C,-0.20666283383743778
FAM110C,-0.4402022842192725
SMYD1,-0.7749344714237341
SOWAHD,2.361281725428356
FAM111A,-0.29817505155222945
PLEKHA8,-0.29768887499195545
C5orf34,-0.8403265662357194
PAQR4,-0.0002943960117000821
CHRNA5,-0.680577737539003
NCR3LG1,2.30008382171513
PARP14,1.8292269269085935
IL15RA,2.2010049565756344
IFI44L,2.085482231651572
POTEF,-0.10289654698552335
FCGR1B,0.8583599492387339
SLC25A16,0.3893827501871962
CCL8,1.4872675044896566
KLRG2,0.17758995605435918
GXYLT2,0.4914046612067961
TMEM246,2.124889238311905
FAM210A,-0.061260614997924415
AL645941.2,6.83721033090087
GBP3,0.6612448235035514
GBP4,0.727131749297229
TMEM201,-0.32659651563822223
TRBV12-3,5.413585663312707
TYW5,-0.4556132375227643
SERPINB6,-0.3425148198627925
OTULINL,0.789666679449215
PTPRS,2.1259210533398236
COMMD7,-0.13524119888807284
COMMD5,-0.04744182567143126
MRFAP1,-0.6503566309752975
WBP2NL,-0.783534570118109
SIMC1,0.24345444817523332
FER1L6,1.5315910324244393
PCDHA9,-0.11297151356671464
LONP2,-0.8273817028100905
MLYCD,-0.932457140928609
PCDHA2,-0.2528634372442439
PCDHGB5,-0.29042866123691496
CA5B,-0.21710629618317331
STK36,0.14783331777932077
TIGD7,-0.00857926290429858
CT55,-0.023088387671655487
SYNM,1.4994710167949838
FGD2,2.431994776193201
FAM167B,0.05356628618892209
ZXDB,5.082193023437798
RIMKLB,-0.21638674319092943
ZFHX3,-0.3526402024877296
ZFHX2,-0.4930037330227458
PSMG4,-0.21429572869218932
GSTT1,-0.525880805921341
RNU11,-0.604137991374726
RNU12-2P,-0.6258460791342487
LSM10,-1.0412520253272008
SNRNP48,-0.8442159513920934
SYNPO2,3.342826728239359
FRAS1,-0.32286207998727084
SYNDIG1,0.4284924114322217
SLC35F3,0.5312170027398755
MTFP1,-0.4592903982581646
C19orf25,-0.7211464505923455
INSYN1,-0.11278202196457757
COPS9,-0.44574206049385035
BORCS6,-0.3442720684243202
LIN9,-0.3081062457262204
LIN37,-0.4400418745241087
ZFP30,-0.7525831549117106
KLRC4,0.3502440702303188
LIN52,-0.4195321725065081
MRVI1,0.0008762972309169108
HSP90AA4P,-0.511195019239793
SLC14A1,0.01067551205760616
BCL2L12,-0.8914579206826211
SLC35F5,-0.08031009036118958
PAFAH1B2,-0.3488861190225524
PLEKHA2,-0.14338680251998281
LACC1,-0.5007443309744646
NOXRED1,-0.5945414552586245
PRDM15,-0.8308374000541617
SLC25A17,-1.1578128861350114
CDADC1,-0.33141701726098555
RAD9B,-1.1013975344097922
CCDC34,-0.20647989566888958
RHNO1,1.3151229813946685
FAM222B,2.2320589686362236
MSRB3,0.33727091435486517
GLYCTK,-0.7973604174295357
FNDC4,0.14121317841566508
EIF4EBP2,1.642694607752234
TCP10L2,-0.7551729682650401
SIPA1L3,-0.45375281535185696
SPEF1,-0.5842480916901064
OTOR,-0.2531672844033219
CFAP46,0.15136613158484447
TRA,1.4981139794905687
TBC1D2B,-0.4452309945235548
OLIG3,0.12495010588628365
PEAR1,0.537365670484427
HSFX1,0.0009244786989301445
FAM78A,-0.023168495961667975
SHISAL2A,0.37953723292353486
NFAM1,0.15021992749319107
CARD11,-0.07803236134684624
SHC4,1.95562329650857
CLNK,-0.2773716130487175
KIR3DL3,0.7099614599817352
PRRT2,0.0017088005680912174
ZNF853,0.8249951454998162
PTPN20,-0.31442715474979926
DUSP18,-0.42983235379906
GPR75-ASB3,-0.26225432560171785
LGSN,-0.5879812423954408
DMRTA1,-0.5618051065962689
TMEM233,0.5536739142781176
MFSD6,-0.1345028159965351
SLC41A1,-0.4211870351451672
PRDM6,-1.0062228011226264
IFITM10,0.5893595376133742
AC068533.4,-0.844026443448304
LSM14B,3.059794516878172
SH3D21,-0.4155748031285468
OTUD7B,-0.2667116834123164
TNFAIP1,-0.41243479101017205
C2orf68,-0.2390519007677941
KCTD1,-0.37493119219094934
RBMY1F,-0.19549172659080774
SHROOM3,0.16362830849266136
RBM45,2.4616149077946536
GOLGA8F,-0.6596333025818987
FAM120C,-0.020352361966813972
EIF2D,-0.8341415706496208
KIF21A,-0.17642639074343902
DEPDC7,0.28448592146918605
ISY1-RAB43,-0.7888730718738578
HNRNPLL,0.5968718469514585
MYO15B,-0.40965530841899916
MED12L,-0.5749175820668367
SFR1,-0.27991081167064547
TNKS1BP1,0.763421268576933
GOLGA8EP,0.7052877085184132
ZNHIT3,-0.7114939155363045
MAGEE2,0.4791582098006794
LENG9,1.0810181567404007
PSTPIP2,0.4203102194983521
SNX12,-0.3004109851534965
SPATA5,0.13038834976068256
RPL9P7,1.8014478813966788
ARHGEF19,0.3027656615867329
SCGB2B2,1.5342264294888148
ABLIM3,0.1129726624850136
STARD8,0.2520653823538497
ZDHHC8,0.0207428600827673
SRGAP1,0.23021588753056407
PLEKHG5,0.4267414343904361
NGEF,0.0769793378511153
ABLIM2,-0.22628056575931366
FGD3,0.6991897962597502
IQGAP3,1.1632271781808163
ARHGAP40,1.2083300159937613
ARHGAP31,0.3053932779849168
ARHGAP36,0.4107312537431611
ARHGAP39,0.4014487636608364
RBM41,-0.5517484052327821
ARHGEF35,0.5173996202137963
ARHGAP8,0.32010259195923413
ARHGAP4,0.4830395041185304
ARHGEF37,0.8676493149891864
ZDHHC22,0.08530476108258643
ARHGAP23,0.8264583880573234
ARHGAP20,1.2548672456621657
ELMO3,-0.4158423112246164
PPP1R12B,-0.13728158125585416
SYDE2,0.9508283820035054
ARHGAP11B,0.5635994367871582
ARHGEF26,0.08908156141500616
TBC1D3F,1.2533885170132877
FARP2,-0.3892139347667424
AKIP1,-0.7154810572500652
CDC42BPG,2.9397411077227873
FGF10,0.5289298598578429
SNX31,-0.009520308876309747
HPS4,0.6448765511498309
NOXO1,0.6876611887112251
EFNA4,1.8667798723756324
INTU,-0.16372251202091373
DNAJC5,0.31591735941864324
FOCAD,-0.31724100281444817
PFN3,-0.06964442850311513
SLC16A5,-0.2889268401995421
KIAA1217,-0.1405252087834067
PKIG,0.15778963309642366
TVP23C,1.6858857624706918
KBTBD4,-0.04574022252789978
ZNF28,-0.1182990447824878
LOC81691,-0.6923801173234774
DCAF8,-0.8849140838780071
AKR1B15,1.8453984652372124
GSTT2B,1.7898091823898663
KATNAL2,2.610250122153641
AC026464.4,3.177396231263969
ZNF778,2.5705069042445885
RHBDD1,1.741158162533227
FAM104A,3.1369234021302894
TMEM129,1.939753225327192
AKR1E2,2.1472136600031533
UBQLNL,-0.1498778890678452
AKR1C1,1.1368042759944594
AKR1C2,1.2845858098850973
AC010132.3,1.351707421961706
CPLX3,0.657573159778224
CPLX4,2.197804949725985
PARP10,2.855800722971247
USP9Y,1.717558681786837
ABCB11,-0.23154349548731265
GRIP2,1.1914494265075584
EVI5L,-0.15161278115601903
C3orf67,-1.013128957975182
C5orf52,-1.1628010069934684
STRIP1,-0.2331071728366154
VCX,-0.860331147104339
PAGE2,-0.6558386787173643
WEE2,0.8782204695782789
ANKK1,2.1577450937968816
FPGT-TNNI3K,2.370294913454805
ADGRA1,0.8497689670577402
MYLK4,-0.4010611828893361
AC005833.1,0.1014805297356989
MEIS3P1,-0.5129997150824223
AC004080.3,-0.8526022299196735
CCM2L,1.3098484850649643
CLCNKA,-0.48613101074414794
MKX,-0.3688200532996795
POTEI,-0.44677763329519554
KATNAL1,-0.367024325901513
PPT2,-0.29781499698805386
CCDC88B,-0.6009522620257957
ZCWPW2,-0.9234290986795489
CENPBD1,-0.06191829897174322
KRBA1,-0.5698742607378111
NKX2-6,-0.3271035424172392
TMEM196,0.11104137631735121
C1orf21,-0.07808851558595975
FAM151B,-0.6628758497502262
EMX2,-0.02247914224645951
PEX11A,-0.5534859256076005
NKX2-3,-0.7012005537378821
EIF1AD,-0.3270215334173774
KRTAP3-3,0.03386583248240466
SLC26A3,-0.12989900079468936
EIF4EBP3,-0.25369086880526637
SDR9C7,-0.37148182921778466
GDPD3,0.2959565536269305
PYURF,-0.44579709120873584
NEK10,-0.41197093158436937
HLA-F-AS1,-0.46612082897838114
SMIM14,0.11381864764311811
TMEM19,-0.03742131918511885
ALPK1,0.11820250815206157
KCNH6,-0.07400624821901336
PUS3,-1.3399016541504918
NSUN5P2,-0.5577498149812925
SLC25A26,-0.733727490389357
RAB11FIP4,-0.49415737099618784
CCDC7,-0.8296617346431033
LRRC31,0.6950934891919257
LGALS7B,-0.3524344895601539
CDK5RAP3,-0.3620631711979746
SPATC1,-0.518757297079603
ANKRD24,-0.28780450494140847
TCP11X2,0.3944912150263455
PNCK,-0.5415293950105785
PRAMEF5,-0.11331178227943865
PRAMEF4,0.519604150412001
PRAMEF15,-0.11331178227944605
NHLRC1,-0.18711311621779442
ZP4,-0.5683821084941246
LRRC23,-0.43482690253004036
RDH11,-0.940910048817249
PPM1J,-0.6649131096954635
SPATA9,-1.2357354346277694
PRAMEF1,-0.4618849860888582
PRAMEF2,1.5315910324244397
FAM71F2,0.7242544040006192
MYORG,-0.45265363784287993
UGT3A2,-0.5969690235918073
ST3GAL4,-0.1505179562316902
TONSL,1.3263398687251988
PXYLP1,-0.012419756260311478
TPST2,0.45505668774730745
DISP1,0.03282833783169237
FUT11,0.07227808471386726
DISP2,0.354805336291422
DNAJC15,-0.800554416185422
TOMM20L,3.331069643591614
MTIF3,-0.6465511323381457
THEM6,-0.7144214421782724
MTG2,-0.3203910872841832
AC139530.2,-0.5365153467190715
MRPS21,-0.7476935807996867
ALDH1L2,-0.715795274908265
SLC30A2,2.215220030451428
TRARG1,-0.40945070889855606
SLC27A6,-0.4325265300082299
SLC27A3,-0.34913256869248405
CPT1C,-0.480942005001495
PNLIPRP3,-0.37785447970691766
SLC35E2B,-0.6865974796712498
SETDB2,-0.9260524581984365
AFTPH,0.08410587493645898
SAPCD1,-0.21453913572902625
TSEN54,0.7934922576711891
C11orf80,-0.3731273009467782
KMT5C,-0.8885555780688561
STRA8,-0.1613352633264111
HES6,-0.1642893228671354
HIST2H3PS2,-0.3133261374803117
ZSCAN23,-0.5479808937076974
SH2D4A,-0.3083915013490663
CCDC71,0.008909581255972143
RDH10,-0.48431828807160554
LINC00908,-0.5523073543551685
TMEM159,3.7380697975708674
GPR34,1.7587603570768489
RRNAD1,-0.8964840255571608
WDR13,-0.44411444817985785
ZNHIT2,-0.8759890623436226
GPC2,1.666797930779071
SSBP4,-0.5417609736339141
UGT2A3,-0.49861768445968685
UGT1A8,-0.3985991065438484
UGT1A9,-0.430182510555399
UGT1A5,-0.2658542058310879
UGT1A4,-0.4269563395897727
UGT1A7,-0.27985983253288615
UGT1A1,-0.512586306848483
UGT1A6,-0.4463699243139997
UGT1A3,-0.4707839028093042
UGT2B17,-0.3179292245637551
UGT2B10,-0.48916738506079166
MGAT5B,-0.25661404017023154
RGS8,0.008382456077122893
XYLT1,0.015658500512617315
UGT2B28,-0.4912533074514236
VXN,1.4818559104882938
ACP7,0.42012838074668163
TTYH2,1.1679776982744698
PTRHD1,-0.36109465033367266
RNASEH2C,-0.07921969040702474
PDRG1,-0.37726234445828416
CECR2,-0.6744825958832307
GUCA1C,-0.06660212603291418
CKMT1A,-0.07814933854073741
CKMT1B,-0.5052356814251326
TRPV3,0.024694588377749512
PHKA1,-0.33893716571669164
EFHD1,2.264930670104666
ASIC3,-0.05230497296036532
IQCG,-0.34167565245490544
IQCE,1.9686014778842513
UNC79,4.3638523057311565
MYH3,1.835535741685548
FGF11,1.3849675058206474
ARL6,0.19646272695646413
TRPM5,-0.0314653557474907
C11orf65,-0.18199164354994588
OCM,0.4557562727667505
TRNAU1AP,0.7530341820546711
LIPK,-0.47107624984767876
NDRG3,3.2369035167592
PDE5A,-0.14128701471758412
CTIF,0.13452676299085403
FLACC1,0.04700360748138336
LOC102724652,-0.36434068164028466
FAM86C1,-0.26377744268498504
C10orf82,-0.44376120043579076
SLC35E3,-0.7066306610095047
KCNH7,0.49686856585019906
SLC22A15,0.392452571160339
C4orf3,-0.062132147231373745
SNPH,2.6153718837772315
STXBP4,0.040193389135075655
PPP1R3F,-0.009447136460614772
PPP1R3E,-0.2808718522990281
PPP1R3B,-0.29135220907774867
NAPSB,3.941555972880669
C1orf210,-0.5244722083492684
MAP6,1.9554516300311615
GSDMA,0.5982153791124235
PJVK,0.6025824496695292
EBLN2,-0.454679163985633
FAM83C,-0.12139516109978833
EVPLL,-0.22337523446352542
TMEM56,-0.1958086913754759
C1orf68,-0.3874413051084497
TMEM223,-0.04936853135388999
TSPAN14,0.17880794931201902
NAT14,-0.2672404094464396
SLC15A4,0.010699117300451574
GPR89A,-0.531759942769476
STUM,0.02650446857440973
TSPAN2,-0.04387202228705202
TSPAN32,0.15876535308907688
TSPAN33,-0.1638215951265606
POMT1,-0.229698294539808
DHRS9,-0.055369740332645
CXCL17,0.11070555722636832
TMEM91,0.3131867337826648
KLRC1,0.5154773507031022
IFNA6,1.9780644405433307
C6orf136,5.561026535614322
C1orf226,0.2643210388820409
FOXN4,-0.20383869436837182
MAP3K15,0.803510472518677
DBF4B,2.057001901121126
DCLK3,1.482359086734465
CSN1S1,1.169369132564021
PMF1-BGLAP,-0.6615392711025824
LRP5L,-0.08282334650749815
DCAF15,-0.41717901362069615
SIPA1L2,-0.24231700091650074
HPS3,-0.20804933069884624
KIZ,-0.14292178589030824
RPP25L,-0.387343481111045
CLUL1,0.022409531551593972
FAM72D,1.214726790857066
FBLN7,0.2840739280472716
SPATA33,-1.1637451934793526
FTMT,-0.8928568945254824
MROH2B,-1.0341006033990239
ANKEF1,-0.34851922605906854
GTSF1L,-1.0199437124611561
ZNF559-ZNF177,3.9669005219454254
SLFN5,2.2583572679576918
MBNL3,-0.044745938729027865
FAM210B,-0.18129065009792258
FAM104B,-0.7073636292244048
CRISP3,-0.36947949171784367
LRG1,-0.21549346975554665
LRRC75B,-0.2569580798629389
RETNLB,-0.47478028771942365
MEX3A,-0.4686682547994726
PHGR1,-0.5712450092457378
ANXA13,-0.6141561981638738
TM4SF20,-0.25585600255000296
FRMD5,0.34524423320248554
TMEM87B,-0.4802827955280109
NKX6-3,0.5982194415243773
CCDC68,-0.1411376638804082
TRIM73,-0.01805399277678804
PHETA1,0.0455197612287088
RCCD1,-0.17280044396927804
MYRIP,0.7430441358370126
SNAP47,0.36852492220365785
SHISA6,0.1731241849231768
KRT86,-0.17172031549279157
SAMD7,-0.5406578877112896
CCDC24,-0.4080402120518733
ANO3,0.4810435893757704
BEST4,-0.44331586008902485
ANO5,-0.1256067805393741
ANO7,-0.6317315739748633
SLC26A7,-0.0004628890291178928
ANO8,-0.28702321425629945
ANO9,-0.27993851003689774
ANO4,0.1752078131297379
ANO2,-0.023996088947966582
BEST3,-0.2170629147757664
TTC39A,-0.061015140610149475
FAM131A,1.6760317917509886
TTLL3,-0.5160171628225657
MBLAC2,0.005223677502422591
PLEKHM1,-0.19128419469172991
FLYWCH1,-0.24964733752461388
BAIAP3,2.8807922795683987
TMEM106A,0.10243281812747426
SLC26A9,0.06329663241779365
TENT5C,-0.09054073432427352
H2BFS,-0.8564195534854189
HIST3H2BB,-1.1596446804732028
GID4,-0.6528516952488964
HIST1H2AL,-0.8401776953954835
EID2B,-0.08349174954414829
DPPA4,-0.6599266038909197
RIMBP3,0.20334369413860728
FOXR1,-0.5100856988235726
PLEKHG4B,-0.16515464088936718
DPH7,-0.5666863478571132
BICRA,-0.5382669781393853
BCL7B,-0.6590480620675994
SERPINB9,0.9784584884652601
SCX,-0.8601060435359772
ZNF639,-0.5469529667154305
PWWP2B,-0.6496306822405512
ZNF594,-0.6524195166555222
HDGFL1,-1.557567583155046
ZCWPW1,-0.8185562626016286
JADE3,-0.7050692759536553
RAP1GAP2,-0.058130739897564544
ZNF418,0.4395340666275749
ZNF550,-0.3805138328117435
YY1AP1,-0.00523734062433648
AC005324.4,-0.25146904355775196
METTL23,-0.6265189719317228
ARL11,1.8686134202618425
SAP25,-0.5256048197621693
DNAJC28,-0.41996399543914087
DNAJC22,0.13538156762210157
EIF5AL1,-0.8402074918628232
DNAJC25-GNG10,-0.11567343514462101
HSD17B7P2,-0.7408876852472172
IMMP2L,12.205828841700379
TXNRD3,-0.4881017656651895
ALKBH2,-0.5948663415510442
CNOT6L,-0.369563597801916
AATK,0.15228442442103474
OSGIN1,-0.11636697788462348
CCDC117,-0.09294954513704935
STARD3NL,-0.24187405766340025
SELENOK,2.3297172075261696
SLCO4A1,-0.38077213819879097
RNF207,0.3146085634549103
CSRNP1,0.015519186582136899
GPR37,3.3737349118576385
ZFAND2A,2.0038986502587517
LIFR,-0.10988421686556293
TCTEX1D4,0.5008259247344796
YPEL4,0.24817470003572734
TRMT9B,-0.3900314618142209
MGAM2,-0.8829398569922672
MRM1,-0.5542833967263711
CORO6,-0.7692693778673619
FRMPD2,0.8392045376879763
KAZN,-0.07748260129339232
OPTC,1.8932214139955617
LRIG3,-0.1925151577810058
THAP2,0.019355421381844814
PTPDC1,-0.1864458461161648
NRG3,0.22453414484713274
NRG4,-0.40437568258178996
KIR2DL5A,1.5156435972741689
KLB,-0.372152779971466
OVCA2,-0.4307840587682729
TMEM220,0.5051690758379813
LILRA4,1.116400273732802
LILRA1,1.150194319191709
THEMIS,0.5481755446190173
FRS2,0.33224055517886286
SPRY4,-0.07358094390279625
KIR2DL1,0.45574997615768054
TREML1,0.7678992862941468
GAB3,0.026083160883823907
KIR3DL1,0.5075080853090688
MID1IP1,2.925812391691344
GAREM1,-0.18083339484335673
WWC2,0.05952108982288202
OSGIN2,-0.33311140925411536
AMOTL1,-0.25096488454848276
OR2W3,-0.9875670082352594
GALP,4.278130828306802
GPR151,0.27908308301594426
OR14J1,-1.1795805193205104
FAM167A,-0.07177673858357274
L3HYPDH,-0.47036733932940417
PPP1R21,-0.4906568846936302
RELL1,-0.3337231629733037
SWT1,-0.36132068670892437
KRT82,0.02477294866496408
GPR142,0.2286402932902059
GPR82,-0.10120374937271281
GPR139,-0.7180436284059566
MT-ND4L,-0.2536014636001
LY6G5C,-0.36739506080941237
AGMO,-0.44869833100716516
IFNK,0.3456340393680852
IFNE,0.2317321243154359
IFNL1,0.5183840747967667
IFNL2,0.30007947251053785
IFNL3,0.43261112300884835
IL17D,0.25957709042256827
IL20,4.016446450186483
SFTA3,-0.1245671682139631
SFTPA1,0.8784128524928546
CCL18,1.6392996357754792
PTRH1,-0.33480869182553374
ATPAF1,-0.5304423974980811
EEF1AKMT1,-0.163871476954193
AC135178.2,-0.2670285429432234
OGFOD3,0.028149753413912664
MANBAL,-0.0037965353843930367
C1orf43,-0.6622510890521467
FAM118B,-0.4176097222230305
CCRL2,1.0668350138230263
VNN1,-0.08356370296657588
MILR1,0.6946376417181834
EGFLAM,0.12126821522509422
ENOX2,-0.4455310724006503
ST7L,-0.3251503847838018
CA3,-0.31129419308346057
SYBU,2.3724545296781003
PPP1R9A,0.0653357344690078
SLC24A5,0.4321991399302639
XK,0.06785040725346905
N4BP2L1,0.09505186514233699
CHADL,1.6978423502025306
ANKRD55,-0.5992990934740596
FMO5,0.030397387303837262
KCNJ12,0.11558854620626542
RCC1L,-0.6154100574379564
USP32P2,-0.09446325488392085
AL360181.3,0.3491416792639254
TXNDC8,-0.6374010386157105
C10orf67,-1.1500621992334918
TAS1R1,-0.6962992338594793
SDHAF1,-0.46132335219861215
SNHG32,-0.6679126201418213
CDNF,-0.0028439625549067033
TMEM247,-1.0066140478419245
C18orf63,3.933199502489743
SNX32,-0.16487251045386175
KLHL26,0.46046753586274525
FAM156B,-0.646762535101185
FAM156A,-0.5502981325660166
CCDC196,-0.2990495011637416
SNX20,0.04985481135362658
FAM81A,3.3253649104191942
GAS2L2,-0.5611832256288527
PRPF40B,-0.9099325051275544
LYSMD1,-0.5305386873888711
JRK,0.42603328554953973
EXOC3L1,0.5707009478302083
FAM13C,-0.06223171679431501
CEP57L1,-0.3472911486451237
LSP1P3,-1.022152699015862
CEP95,-0.5274579512565856
AARD,0.7321984579957846
HABP4,-0.4115055350289588
C2orf80,0.7968194881625718
PRND,3.4521808049459786
GTSF1,-0.646572364427238
DEFB119,-0.7173813384399556
AXDND1,-1.0414911464192669
KLHL15,-0.6286762275942707
LENG8,-0.7723013899268729
PSORS1C1,-0.945246446361564
CCDC179,-0.6540681343916462
DMRTA2,-0.5642047224503492
SNORC,0.8804297083478535
TFF3,0.5808541642835635
ZNF852,-0.3895854932764626
ADGRG4,0.8959567552482653
WNT7A,-0.9618208725520618
RPRML,2.146799103780125
GXYLT1,-0.17226542578044046
LYPD1,0.25921082950545404
ANKRD9,-0.19331718359580785
NEURL2,-0.22323588098071712
MICALL2,3.1080751809403075
RRAGD,1.8623793316441764
NDRG4,5.7586549180870925
ELMOD1,0.924569585827629
PABPN1L,-0.4653060531925833
CELF6,-0.0314975476251515
CD101,1.122913394694261
BCL2L2-PABPN1,-0.2638136997370733
AP002990.1,-0.5972421559164269
LIN28B,-0.6305496514110517
RTL4,-0.3547732962576213
AC245033.1,-0.6185493346783151
KIR2DS2,0.049651713847409906
GPR89B,-0.27358379209915373
LRRC28,-0.2685685918978247
H3F3AP6,0.060708736612276236
SFXN2,-0.06411570679729449
AP002373.1,-0.21146787103726342
SBNO1,-0.5165978591282832
FCRL5,-0.10291611424839049
SMIM20,-0.15883936970811302
SH3PXD2B,0.10609002672280311
AL355916.3,1.2806708390677672
MAPK15,-0.19528781676860157
CBSL,-0.5869055950596812
HAS3,-0.34258276061017146
SCML2,-0.8151988601408777
ACKR4,-0.0062068578807224495
MT1E,0.11072971058987863
HACD1,-0.171392610012138
KIF26B,0.021589415801316802
SBK2,-0.8248859930353479
SLC12A8,-0.1009260437114842
SPDYC,-0.9779323643636642
CSNK2A3,-0.5784019522130942
MSS51,-0.8323388551460321
GANC,-0.23087177706607795
ZSWIM8,-0.5375921369650616
KLHL29,-0.20203791237465935
SLC25A30,-0.21006207766013832
KCTD21,0.5622834244740001
IGLL3P,1.8011785139871055
PARP9,1.5516608365773785
BPIFB1,-0.23783322504936077
KIAA1324,0.044446503075966974
SCGB2A1,-0.34829425249876766
PDE6B,-0.29364561712741005
SDE2,-0.549018180873104
C3orf38,-0.2962673857573573
PPP1R15B,-0.11287744001195765
KIAA1586,-0.03879863227689699
DNAJC25,-0.6010023062427631
RNF43,-0.48134715080823204
VHLL,0.04567050865260821
LRRC10,-0.10869068157752511
FAHD2B,-0.6386796138833251
CILP2,-0.5386190968805074
PCDHB7,-0.16369362584841657
PCDHAC1,-0.3156400869854081
GPR63,-0.4983428927293525
HARBI1,-0.5233748900626473
ALKBH3,-0.47197885784530685
NFE4,-0.6013227305891811
FRMD7,1.7658017647585167
LSM11,-0.9439098433398047
TADA1,-0.5981243229149781
SUPT3H,-0.5966620803852027
USP17L1,3.385398648295028
MEDAG,0.45936171048402763
RIPOR3,0.47530801073640855
TBX18,-0.38343044509835494
EIF4E3,0.40599129155752955
RNASEK,0.23183739335190728
VILL,0.12896493707295023
FAM3D,-0.14860930332242306
NUDT22,5.118967468889326
CNFN,-0.48899629852876586
GRAMD1A,-0.24191989130304037
HSP90AA5P,-0.3948387562442169
LZIC,0.1615459412724406
MTBP,-0.3678075103517146
ZSCAN25,-0.43926362465809277
XRRA1,-0.7839117249754015
PARP6,-0.3204797373190265
DTX1,-0.3950748001988024
SPRY3,-0.13061532339885054
KRTAP2-4,0.7906734106888443
C17orf50,-0.5237489162395689
CCDC125,-0.3683022141003418
SNRPD2P1,0.006177716098894417
HSP90AB3P,-0.5036370200109409
HSP90AB4P,-0.23183745167989273
H2BFWT,-0.6087473374461794
NR2E3,-0.09632682823160016
ZNF589,-0.6117799985032801
LOC100996709,-0.7160486876233396
F8A1,0.0526733274432997
P3H4,-0.04586550769578879
AC093155.3,0.0114858272900128
VCX2,-0.7340940967048278
FRMD1,-0.5018708809011952
CA8,0.33500620059468195
PKD1L3,-0.18122405681925557
TMEM88,-0.5428638076283602
CLVS1,1.0721346674494425
HEXD,0.3823612388033769
SLC27A1,-0.5872709861373613
KIAA0355,0.2481994857155052
ZHX3,-0.13791125087532055
TNNI3K,-0.30581292967652446
HMGB3P1,1.3251363085376613
OR8U1,-0.918037840212767
GLDN,1.4016721606873668
UNC80,1.3384306553627758
OR2L13,-0.9957191385519006
ZPLD1,-0.13722498143867173
SSX5,-0.0037235202687358037
SSX1,-0.7928777561677924
SSX2B,-0.7324990861807665
EID3,-0.6197033373216118
MAGEB3,-0.9699867787315395
C19orf84,-0.9203636459371186
MAGEB16,-0.6303887863708207
MAGEA9B,-0.3737033488985598
DNAH11,-0.5395168386044871
LRRC38,-0.3871479150113506
OCM2,-0.03706358028260146
CALHM6,0.6460584162403246
ARPC4-TTLL3,-0.06874766882621715
TOR1AIP2,1.0170146048585524
KIAA1211,-0.2690838115357099
STYXL1,-0.6830263197007883
CPM,0.24903510979035498
SLC17A8,0.3915124553453896
BAIAP2L2,-0.24334304386701033
C11orf86,-0.5540706381121054
MS4A7,-0.36474851716529394
LRRC66,-0.6061826768038316
MT4,1.0402595418072327
LCN6,0.330984476299574
LCN12,-0.34634454780171503
LCN9,0.44618346568219064
LCN8,0.08397733728975013
WFDC10A,0.06375675606511802
LCN10,0.8275125296992096
SERHL,1.0047232192457953
ZFYVE28,0.28465052006484876
RAET1G,1.4041659218255458
KLRC4-KLRK1,0.32198439378419497
RAET1L,1.4178924887034503
MICA,0.4081494419434174
KIAA0391,-0.4835624217451533
THEM4,-0.4371796979653044
RCAN3,-0.24961974999795594
TRABD2A,-0.03271939762380705
PIGZ,-0.4036871370848918
RIPPLY1,-0.3180838389914004
CCDC183,0.5071464021509976
SLC22A17,0.6791298428375996
IGSF21,-0.38647357504255975
PLEKHG1,-0.07389147246015502
FAM45A,-0.20379329507452712
OR52N4,-0.9089920803524284
OR1L8,-0.9127356920849559
OR52N5,-0.918037840212767
OR52N2,-0.918037840212767
TIGD3,0.244181097241887
ENPP6,-0.24097694323223257
CMPK2,0.06116064288905919
GNPDA2,-0.5541127534245301
OR52N1,-0.9325207016187846
CCDC82,-0.8154578458796372
UNC93A,-0.5162356170305942
SBSN,-0.6253615927508973
KRT79,-0.4157386921415847
NKPD1,-0.5703246315770529
FCRLA,0.113169469783142
PPIAL4A,-0.49782023146463594
CCDC97,-0.13571258975947698
PPIAL4C,0.26052852693730816
PPIAL4G,0.26052852693727685
KRTAP6-3,0.4079395503261627
KRT80,-0.3273522326363901
C9orf106,-0.4919960611181808
SLC25A18,-0.46597648901266886
CSKMT,0.07106615863665237
RHOXF2,-0.17211887240985818
CDY2A,-1.062111217993299
CDYL2,-0.40215149082051593
CDY2B,-0.7450537079043263
ECHDC3,-0.5219745021466679
AC008982.1,-1.0593763138337091
CDY1B,-0.7778720159129087
SOHLH1,-0.7451257513676492
SEMA3B,-0.19702206733052288
FAM160B1,0.7630429031465698
OR5F1,-0.8500193551345235
IRGM,0.9053792680747813
HGSNAT,0.45202125398156384
CALHM1,0.23036390406063523
TTYH1,0.026482156557651265
FAM171A2,0.1156874805600218
GRAPL,-0.1630796362479071
NDFIP2,-0.2360923037088042
PPARGC1B,1.9238813788447886
SH2B2,0.0721707204813672
PTPA,-0.7304160019139437
TGM6,0.5706510384333127
CEACAM3,-0.35985383576486335
ARHGEF28,2.8066995749420873
SPRR2A,-0.575650926177824
ARL17B,1.4941683323487558
ARL17A,-0.08553669202343532
ACBD7,0.3716513479805651
STAP2,1.402771285441503
C1QL4,2.2212086250018612
ZNF658B,-0.1278518245156919
SRCIN1,1.4801278269685039
ANKRD18A,-0.12080507255910812
MTHFD2L,-0.9668813473761544
B4GALNT2,0.11179721941193504
POFUT1,-0.5741685830308941
LRRC18,-0.4044139687332361
ISLR2,-0.15502224023658526
ZBTB12,-0.7840766975104311
RPS6KL1,-0.02374022961865807
STKLD1,-0.6328851036001368
SPATA25,-1.012168746372725
PLEKHG4,-0.34641772740156496
KLHDC1,3.646097269718065
BLOC1S4,0.35025667376437986
EFCAB9,0.38807062269908327
C12orf57,0.8214300622623139
CAPN12,-0.5986538883314948
SPATA21,0.05279271061319056
SYCP2,-0.6556390039420017
MYOM3,-0.18092751948233957
ADPRHL1,-0.036589391252014616
KLHL31,0.4950914503707625
LMOD3,-0.2335904214588507
LMOD2,-0.1271314536402302
CCDC150,-0.6491989580652605
AZIN2,0.2444969723270596
MPV17L2,0.5301955906229328
POTED,-0.644219629958038
PDE6C,-0.2718667176698025
VASH1,0.6687001061113605
WDFY4,2.8997940787940775
KIAA1549,0.20761270109530922
LGALS9C,0.3520429295688961
LGALS9B,0.053856363114924165
LGALS12,0.05232459278224816
PTGFRN,0.41717195019060893
C1orf159,1.1094848077669994
TMEM182,-0.2785127056036516
MFSD4A,0.5336350831813774
LGALS16,0.522896309480364
MT1H,-0.11389316366892645
B3GALT2,0.08066485010199693
MIA,-0.37461550752081313
PNLIPRP2,-0.5141533844335221
KLHL8,-0.29394588641169783
MGST1,-0.4408081353272896
CEACAM7,-0.3085187769228048
SLC22A18AS,-0.36469733771839496
APOBEC3A,1.300758593801996
CCL4,-0.04811542161521358
RTL10,0.27333075009517865
GGNBP1,-0.9293825877294597
GKN2,0.5850575042829284
EPGN,-0.27982580887741937
ASIC5,-0.17407921430563295
L3MBTL2,-0.9301158020238157
KRT72,-0.48403304071859554
RBFOX3,-0.6898185537837405
IPCEF1,0.12005975817059618
ESPNL,-0.5423804542075643
NUDT8,-0.4901704699791216
THAP6,-0.32565839958848886
RAB11FIP3,-0.11171151910739069
AGAP7P,-0.08918340769636056
FCHSD1,0.3491616331938056
PLEKHA3,3.6936420394296827
CFAP47,0.10821793080898404
SMCR8,5.28233065138765
TLNRD1,-0.006809108701563135
DDX11L8,0.061157166792488483
METRNL,1.1721867933686394
LYNX1,-0.23172525606689823
CERCAM,-0.29215658005170536
TEX101,-0.41839441218525864
MT1HL1,0.9780240920881672
LARGE2,-0.5657669364142615
PSCA,-0.7262418086451208
LYPD2,-0.30203179447913175
KRT28,-0.3131701820770447
KRT39,-0.37411228105309097
KRT71,-0.2855794087256925
KRT73,2.108513335725474
KRT84,-0.34700594875578944
KRT26,-0.3473848587484274
KCNK13,0.36862572066142885
KCNT2,0.5815158285948084
SLCO3A1,-0.19560423721205197
SLC22A10,-0.4318141458264101
SLC22A25,-0.18298364997978528
SLCO1B3,-0.31904499389495955
SLC16A14,0.12917803063671834
LRRC26,-0.34623921403841357
VSTM2A,1.6266104207551402
PQLC1,0.6598292637128251
WASHC1,5.747931196660924
LOXL4,2.9611230654695953
GPAT2,0.1871179534026349
AGPAT4,0.006084756073273491
HAGHL,-0.3711100000242144
LRRC29,-0.17639867192506037
LRRC69,-0.22751965569139923
LRRC20,0.03774597467154705
LRRC30,-0.10053579050481848
HYAL4,-0.7724306212202908
A4GNT,-0.40576201467963086
GALNT9,-0.3667707354131951
RBM14-RBM4,-0.36184470434492894
DBNDD1,-0.040524010329159366
ENTPD5,-0.5759508455151239
SEMA6B,-0.2611988835979555
CRB3,-0.3347788788701335
GIPC2,0.20936155563393472
GIPC3,0.4310311960086342
PKHD1,-0.28786788386518675
ATAD3C,0.013189163610767642
CERS1,0.010242570349672733
HHATL,-0.2885600637436004
AHRR,0.3654720689296433
ANKRD36BP1,-0.1483060787547736
BCL2L15,0.06318383518191194
SLC2A7,-0.5945752303292338
ALG1L,-0.7127490963901556
PIGY,-0.7732008558295341
PIGX,-0.5991246739656755
SLC36A4,-0.17591109280302858
PCTP,-0.3013746522719592
TBC1D3,-0.11630120698204435
DHRS7,-0.06847418918386473
ENPP5,-0.1294566579587609
ENPP3,-0.6612455247790849
ELOVL4,-0.17002286916764675
TXNRD2,-0.9792694454953379
CLDN8,0.03960202679978182
ARSD,-0.23416674831063197
NIPAL2,-0.4212923234252263
VTCN1,-0.3833117891080646
PLEKHS1,-0.7027018585724492
CST1,1.176376162080409
CST4,1.0014607878528732
PFKFB2,-0.5937137264807607
DYRK3,0.06389312895880213
ZNF18,-0.45035904253212655
GZF1,-0.20918096903442318
SLC25A38,-0.6358777418166786
PHLPP2,-0.4144007616154219
FAM43A,-0.33091203455506746
C9orf153,-1.0866739707138127
TMEM254,-0.00038365246952557267
CCNQ,2.6194386368032085
IGFN1,-0.3650351943681105
CELA2A,0.43940594503621383
SERPINE3,0.2100164870792954
BORCS5,-0.4077134782410174
TMEM65,-0.3215282831868252
BEND3,1.6922463250855342
ZNF496,-0.6203673603044265
ARSH,-0.2502554815562758
ZNF391,0.5102522806305789
RSPO4,-0.26426521009605025
CATSPERZ,-0.30171418964929997
ZNF366,0.619663402914174
CES5A,-0.6520513963414254
GLIS1,-0.29293353705927555
PDILT,-0.46913081558345876
ZNF319,0.23015046786724275
CLEC2A,0.5267341512589929
SLC37A3,0.6937383960267477
WNT9A,-0.6749360617652583
SRRM4,0.5541744445179485
DCAF12L1,-0.7186535036179803
PCDHB12,-0.08866019247563743
C2orf78,-1.00294434819699
POTEC,-0.718145915550593
KIFC2,0.0965488786694532
USP42,-0.5539002851103519
CRIPAK,-0.5338988618959309
ADA2,0.4649417780852465
KIAA1257,-1.031949528015375
C12orf56,-1.1239830416625787
CCDC177,3.1908032058235007
FUZ,-0.18555415373617015
NRBP2,-0.1313953986817949
C8orf44-SGK3,-0.1633170768756192
NME2P1,0.49422473525161653
GOLGA7B,-0.13365706783578732
TAPT1,-0.36791924424839906
FOXRED2,-0.6597366996196227
SLC25A25,-0.26751697832929044
LVRN,0.6742159167884239
ERAP2,0.4480227328281904
TRHDE,2.920773567083875
TEX261,-0.2481479145983134
SLC52A1,-0.45690897161169647
RDH13,-0.5339423722560156
MIEF2,2.377757810609837
PI16,0.02272954323918846
MSH5-SAPCD1,-0.87824374312085
GSTA5,-0.43023583856416053
NHLRC4,-0.07492400780401474
CMIP,-0.6722959174901493
SH3TC1,0.3170026422270729
C8orf76,-0.26539619107863055
SPNS2,-0.1809939739628927
PROM2,0.07916422494965515
OR11G2,-0.918037840212766
DCST1,-0.9442526191393102
FAR2,-0.2741098505037047
MANEAL,-0.6993242771349719
ZDBF2,0.13429165783037925
CCDC102A,-0.24954431004632108
FAM199X,0.009949234212552489
SLC39A13,0.17210615267571874
AC006538.2,-0.6853158838934557
GLIPR1L2,-0.3778085627146308
GLIPR1L1,-0.5434770190096551
PDZD8,-0.48679357267861273
TNRC6C,-0.4045328132939808
TC2N,-0.26965844469408023
TUBE1,-0.8556808436092508
RPP14,-0.8007221608484691
CSDC2,-0.10770608181576062
TMSB4Y,-0.35651807631634636
PHLDB1,0.022742203425115872
RGS9BP,-0.3873784895065491
PCDHB3,0.01509170141239997
ACOT1,-0.6707978566212012
RNF214,0.24838053254838205
LCMT2,3.0145362639412197
GAREM2,-0.2856221796051097
PRRT4,0.7703705504361075
RTL1,0.7250105909813341
LEKR1,-0.42457135907288024
SOGA3,-0.030323923923186544
SCUBE2,-0.16299985607109685
FAM149A,0.5818468349997936
CRLF1,2.7286362686041863
LINGO4,-0.5341737459194876
TBC1D24,0.2388543528059202
EMC3,3.438668019450786
ZNF177,-0.32837039978742766
RTBDN,-0.2023641601949316
BPIFB2,0.0032881970251823537
BPIFB4,0.5837745096914659
IZUMO1R,0.6425132093457153
C2CD2,0.45126835534174786
NYAP1,1.0412629309601422
NYAP2,-0.07394964417095395
RCSD1,0.06255381754311151
REP15,-0.6192737625276554
AC093525.2,0.024962897575204004
TBC1D8,1.851446120180383
MTX3,-0.03241815165379983
OR9Q2,-0.9180378402127659
RSPO2,0.8753284539778918
RTL6,0.30100929444557506
CHAC1,-0.04054710238480957
TEDC1,0.11418575748236719
TNFSF12-TNFSF13,0.1588196229271409
SEMA4B,-0.07816980776379354
SLCO4C1,-0.36958640582579527
AC011604.2,-0.4314874915151082
ELOVL7,-0.5608534459861798
CERS4,-0.5715699471620652
CERS5,-0.5131993699214525
CERS3,-0.6079754099297824
SRD5A3,-0.5908416842595331
RIIAD1,-0.9982938003902305
PURB,1.759543984539576
CHIC1,1.1703209797818475
LRRC61,-0.37583833395781907
PKHD1L1,-0.22152416651072193
SLC49A3,-0.32320970164637425
CHRDL2,-0.09532567957317523
PPP1R14C,-0.12565011044685215
NXPH4,3.833719247352743
GSTCD,-0.6147551665123852
C12orf60,-0.6667769370292381
WFIKKN1,0.3702842978374002
DACT2,-0.09628364427063107
RHBDL2,-0.5019829075189325
CCBE1,0.0877843906610862
MMP23A,-0.34655558823403515
POGLUT3,-0.31631810389922355
POGLUT2,0.15922301376922438
DCAF4,-0.7781845537834802
KAT14,-0.6932997158144294
OR5R1,-0.8722473304737932
RNF222,-1.009434448188233
ZNF608,-0.27502917728027
EEF1AKMT2,-0.8820530440239155
FAM133A,-0.7274131658120548
ANKLE1,-0.36787243026083694
NAIF1,-0.5633731235892457
NEXMIF,-0.7776390551480721
SNX22,0.07463149755450782
NXNL1,-0.5447326846115865
MYOM2,0.011104084526467547
HSP90AB2P,0.7251493815589355
SIRPD,-0.3158507382862837
ANXA8L1,-0.12807028005983737
MMS22L,-0.6552272214104237
CDAN1,-0.5517226184509474
H2AFB2,-0.9553983454959236
C15orf41,-0.7342088179691014
C18orf54,-0.8516610259339786
GOLGA8J,1.5315910324244397
NDUFAF6,-0.6797368994217728
MT-ND1,-0.26082023877386473
GOLGA8G,-0.6503566309753456
CCDC58,-0.5055258886828696
DNAJC14,-0.3694427042980939
GOLGA8B,-0.8576462297189101
C8orf44,-0.9159418601525376
SPRR2E,-0.5389678923484824
MAB21L3,-0.42204807824868673
CT45A10,0.4790380147328304
SLC24A4,1.346695827817476
CCDC191,0.85683306968288
PITPNC1,0.15533572000837761
RSPO3,0.01026844757186447
RAPH1,0.06015758536329772
DEDD2,-0.110492896556499
TMEM176A,3.3973754098410143
COQ10A,-0.5980092835332711
TERC,-0.19804513131550167
BOLA2B,-0.8893406955112289
TSPY3,-0.49619740860166606
HFM1,-0.6915517451521331
DCAF4L1,-1.149896414700791
ESX1,-0.37374198436756784
DND1,-0.7770542147713672
KIAA1210,-0.6764264080076853
WFDC6,-1.0924669569268803
AC012184.2,-0.6339846847310416
TMIGD3,1.124702973028768
TSGA13,-1.2091608975331423
SPATS2L,0.340698593668781
DHRS12,-0.399230295520093
NDUFAF8,-0.1425397212949259
SPRYD4,0.5568977228727341
SUGCT,0.19845482258027702
HSFY1,0.17986637470289352
MBD6,-0.31553295550708094
EPOP,-0.7708656653823736
MBD3L2,-0.6450312615044015
ZRANB3,-0.5741117664200939
ALL1,-0.7300811514890572
ZFR2,0.18775309484410582
FAM135A,0.9020859091560868
SNX29,0.271263919011438
NUDT13,-0.47667557781342806
TBRG1,-0.25422379413267127
SYN2,1.2760846620412516
ZBTB49,-0.011122862560105464
FIGN,-0.3992620998829097
NEURL4,1.845954038167795
NHSL2,-0.35938408029543617
RPP25,-0.6127711955160077
STX19,1.5772163325893938
NUDT19,-0.35978576168327164
RILPL2,0.9295970613151263
STARD4,-0.17709718670621108
PHRF1,-0.5313485540879388
EPR1,1.1073726067090757
ZNF137P,0.34778711798923745
STPG2,-0.049690786509987164
OFCC1,-0.48476507047688633
ZFYVE19,1.4921733567525481
TTC24,-0.4919336895597688
AL139300.1,-0.675302044485621
IL17F,0.06678573574774178
FAM118A,-0.1782996270743801
PWWP3A,-0.5330518477388849
DEPDC4,0.8032138903640961
SCIN,-0.07683322401482393
MAMDC2,1.091930959652411
FAM126A,-0.18290357760501882
FAM216B,0.3659060391516675
CES4A,-0.21035327479829277
DTHD1,-0.6207265917501905
FRMD4A,0.1350301210685879
FAM221B,0.6700359210419701
DOK7,-0.5016209513458321
CFAP161,-1.1213093823093412
KCTD4,-0.5094064669010929
RBIS,3.2155643250983026
CD5L,1.9896026079762228
LRAT,-0.2642813424863233
FAM83A,-0.502488827229535
NXPE2,-0.3349506951568032
SLC26A11,0.44720995886116094
KRTAP3-2,0.1807609429573999
LCE1C,1.0132900268577836
PRELID3A,-0.4421911535371698
C22orf39,0.6287317523134657
CLYBL,-0.7706623401628631
CTBP1-DT,0.40159116097723413
NEU4,0.09786681654537527
C12orf49,-0.15522831860177125
LINC00663,1.1750390418729666
LINC01547,0.14224111413109478
DAND5,-0.4135617920829031
VIT,0.1863014897219961
ERI2,-0.3121558511534761
EVC,-0.2906051751586193
MAGEA12,-0.5242743555351979
SLC16A6,0.45850729859898903
EDDM3B,-0.41515294489312554
SLC7A6OS,-0.33823528711498807
SLC35B4,-0.5730884639523933
SPATC1L,-0.38612971753704034
PANX2,-0.6209881209860376
G6PC2,-0.35561173360202897
DZANK1,0.860807255926101
ACP6,-0.4896775930663932
ALKBH6,-0.10464258881739247
TIGD6,2.869405123106828
TTC25,-0.7616995347499871
ELMOD3,-0.5282070196279695
EXO5,-0.6297648759712464
C11orf1,-0.10565225838412555
PEX26,-0.5927428881199639
TMEM101,-0.5822055645654325
PLGLB1,-0.522403334170038
MRO,-0.3535333093471276
SLC19A3,-0.49067692030637317
PAQR5,0.9765136201221268
OSCAR,0.5208428806763562
CHCHD5,6.412881220214754
SLC25A51,-0.4250123766150494
MEF2B,-0.044940224981862315
GPR160,0.48039278730409213
IFI27L2,1.5684912862837472
CARD19,0.4829526661113453
ZAN,-0.8419064402401141
FAM107B,-0.16619435213470077
SMIM12,-0.41096119239905404
KLRF1,0.18321020236696778
PRELID2,-1.6402927786790122
C19orf44,-0.3265890216278257
HYAL3,-0.10875474380568576
GPR146,-0.5201162907700038
MTHFS,-0.5489401557835162
DPH6,-0.39461486817161423
MON1B,0.03523685769589417
BCO2,-0.47732622893090587
TMEM245,0.9644122636166631
TMEM242,-0.2147430166347195
CDKN2AIPNL,-0.233132007913485
SH3BGRL2,-0.31152696483431414
PRR36,7.46269873329224
SNX11,-0.021940194483122996
TMTC4,0.44596076784840083
PART1,-0.8419064402401141
TMEM187,-0.9103869802994816
TCEAL3,0.8837733422482459
DACH2,0.8204202174933566
TMCO6,0.5555967418783505
CARMIL1,0.23649324515184772
CGAS,-0.16908853407034627
GPR108,-0.061403236703892555
MPZL3,2.1319212842850703
OSBPL7,-0.06613379300586791
RUNDC1,-0.142515550430059
DTX4,2.249291916215039
TBC1D19,-0.12185918287317787
KRT222,-0.6459074140290112
TMEM266,0.4698675919279376
C8orf48,-1.118625792105596
NBPF7,-0.6459074140290113
CCDC74A,-0.22134968270659422
METTL27,-0.671320114481623
METTL21C,-0.30352020587688294
NBPF15,-0.12978712386520538
SNX15,0.23264759740350985
CCDC74B,-0.7576720804170604
NBPF1,0.04535851262220763
SERGEF,-0.9799387592672887
SLC2A13,-0.1736149520002197
MCCD1,0.08622007492422273
SLC47A2,-0.3656056231927154
ANKRD36C,-0.18412686179099125
IPP,-0.23431696296284693
RABL2B,0.26616651024657967
LRRC27,-1.2059430988330486
GATC,-0.047546708837546046
LILRB5,1.2054837205347937
CLEC4D,0.7974621940504356
CLEC4C,0.08540858331887018
FLVCR2,1.1922684917273045
CLEC6A,0.304454566175033
EFCAB5,-0.990672546480988
OR5V1,-0.5646703462935948
SPATA31D1,-0.4546840269239916
RIBC1,-0.17980836450644588
KIAA0040,0.5784629937018877
IL20RA,-0.15569938192649443
SLC25A29,-1.0409511912396083
HSD11B1L,-0.5515426764869404
GPR19,0.24683822975256758
FRMPD3,0.07496346925637357
FAM241A,0.7802676524602306
C4orf33,0.32507587435412333
SRD5A2,-0.7555432660179919
TRMT10B,-0.9323869161742215
TMEM64,-0.287333730878401
NKD2,1.6738196182713558
ANKRD36B,-0.2525708167613151
ASMT,-0.4553522147268018
ZNF438,-0.048752672291130505
LRRC63,-0.2753744469084548
LIX1L,0.03537215178388783
TBC1D3C,-0.22889035643297248
TAMM41,-0.31396356182800467
SPRED3,-0.6931586770635367
CRYBB2,-0.3883454518266423
STPG1,-0.898097566407679
RSPH10B,-0.7535789773603478
SPATA6L,-0.55826192429075
ERICH2,-0.1755983538804578
VWA3B,-0.8957615601883777
PBOV1,-0.525455394336757
ACAP3,1.9653483303403636
PTGR2,-0.5945491969989565
UGT2A1,-0.6697773208216545
BCO1,-0.36356297643761387
APOC4,1.5782623472621364
ADH1C,-0.7101806827874823
RDH12,-0.3792605811925107
MICU3,-0.09037680584212296
PKD1L1,0.08686439204511916
KANSL1L,3.8578661689675053
MCOLN2,0.09617202933426007
KREMEN1,-0.5593559866678958
SORCS1,0.3576813964544153
SORCS2,0.10186987162250717
C19orf73,0.6594898131245794
STMP1,-0.7394812695204099
ZNF746,-0.1585649021874551
OR52B2,-0.9399926862554632
OR52B6,-0.8891982552388482
OR9I1,-0.9199929744813499
OR10T2,-0.8678539985688002
OR5D18,-0.918037840212767
OR5D16,-0.918037840212767
OR6P1,-0.9180378402127659
OR6B1,-0.740756649098696
OR6B2,-0.9365134614221112
OR13F1,-0.918037840212767
OR51Q1,-0.7677596428275593
OR10K1,-0.9002296306148164
OR10G4,-0.931312602410617
OR4C11,-0.9039141410565673
OR4C13,-0.9180378402127659
OR1Q1,-0.9417638756677521
OR1C1,-0.9348468561347226
OR11H12,-0.9197893805105465
OR8D4,-0.9486675763401969
OR2K2,-0.9013383683365073
OR5AN1,-0.9248589327573691
OR6S1,-0.918037840212767
OR5D14,-0.9111511017710453
OR13A1,-0.918037840212767
OR51B5,-0.9180378402127646
OR51B4,-0.9295055596092288
OR51B6,-0.9885932716153373
OR1I1,-0.9431409486537187
OR10V1,-0.918037840212766
OR4D10,-0.9256776361565695
OR4D11,-0.9180378402127659
OR1L4,-0.918037840212767
OR1L6,-0.918037840212767
OR1L1,-0.9180378402127669
OR1L3,-0.9564127610015151
OR2J3,-0.9466881135461819
OR2AK2,-0.9714455448166819
OR2AE1,-0.6258436596627037
OR9Q1,-0.8995764988570034
OR51A2,-0.3934579518982494
OR51A4,-0.9287875384413447
OR4F6,-0.7339015365912138
OR4F5,-0.7676933374111123
OR6Y1,-0.9620271614415011
OR52A5,-0.8618073086261249
OR1S2,-0.9416919290224637
OR4F21,-0.7403460500875901
OR10W1,-0.9180378402127669
OR1M1,-0.875368098136885
OR8B2,-0.9404637060752024
OR8B3,-0.918037840212766
OR8B4,-0.9180378402127667
OR8B8,-0.938938862701668
OR52M1,-0.9180378402127667
OR6K2,-0.959779689004435
OR2AT4,-0.913011342672066
OR4F4,-0.918037840212767
OR13C4,-0.9646733871323339
OR13C5,-0.918037840212767
OR13C2,-0.9180378402127669
OR13C8,-0.9224140281732975
OR5A2,-0.9762069871998115
OR5A1,-0.9548936388649716
OR4E2,-0.9364634656690447
OR4K5,-0.8939598284982655
OR4K1,-0.918037840212767
OR4K2,-0.9104989293426506
OR51V1,-0.9521625026912013
OR4F15,-0.918037840212767
OR4F17,-0.9180378402127667
OR4C46,-0.9180378402127667
OR8S1,-0.9948713751944919
OR10P1,-0.8443081035689328
OR1N2,-0.918037840212767
OR1N1,-0.918037840212767
OR8A1,-0.918037840212767
OR52L1,-0.9008733412864426
OR2Z1,-0.9180378402127667
OR2D2,-0.9696272367936277
OR2D3,-0.918037840212767
OR5B21,-0.918037840212767
OR5AC2,-0.9063538585128694
OR5B3,-0.9429330119254
OR5B2,-0.9681735035805336
OR2AG2,-0.9180378402127659
OR2AG1,-0.94006273335879
OR51G2,-0.9184030279383177
OR5T1,-0.967945622355792
OR5T2,-0.9681735035805336
OR2A12,-0.9180378402127659
OR2A14,-0.918037840212767
OR10G7,-0.936369535739855
OR10G3,-0.9423951595000037
OR10G9,-0.9338159167981354
OR10G8,-0.9473941767004933
OR4D9,-0.9101671865523074
OR4D5,-0.918037840212767
OR14I1,-0.8767534960815283
OR10Q1,-0.918037840212767
OR10AG1,-0.9780467769700146
OR2G3,-0.9180378402127672
OR2G2,-0.9243257064586905
OR2G6,-0.9654685291068628
OR2A25,-0.974333704363537
OR5C1,-0.918037840212767
OR9G4,-0.9397409649353577
OR9G1,-0.8842933552852289
OR5H15,-0.9169893700237155
OR5H14,-0.918037840212767
OR51T1,-0.9428556908656847
OR5B12,-0.918037840212767
OR10R2,-0.918037840212767
OR51F2,-0.9340902485965586
OR52J3,-0.8675958383195956
OR8B12,-0.918037840212767
OR2T8,-0.909436546849495
OR2T4,-0.9180378402127671
OR2T5,-0.918037840212767
OR2T2,-0.8931621231518814
OR2T3,-0.9099067502136399
OR2T1,-0.9082308480364292
OR11L1,-0.9180378402127669
OR5AS1,-0.918037840212767
OR6V1,-0.918037840212767
OR1J4,-0.9983173610029586
OR51E1,-0.9220939855890962
OR52H1,-0.9167479505203395
OR10A3,-0.9868984232445439
OR10A2,-0.918037840212767
OR10A5,-0.9381984443104212
OR10A4,-0.9275351316079554
OR10A7,-0.918037840212767
OR51M1,-0.918037840212767
OR10S1,-0.918037840212767
OR52K1,-0.9271580640599697
OR52K2,-0.9306263889430126
OR2V1,-0.918037840212767
OR7A10,-1.0508359399716822
OR2AP1,-0.9182151101690658
OR2A1,-0.9664946758156656
OR2A2,-0.9147528931666611
OR2A5,-0.918037840212767
OR2A4,-0.9892324169353368
OR2A7,-0.9769553710213452
OR2T34,-0.6482914053291186
OR2T33,-0.918037840212767
OR6K3,-0.9141437378506421
OR6K6,-0.918037840212767
OR7D2,-0.3853561848666797
OR51D1,-0.9180378402127669
OR5W2,-0.9228064640422953
OR6C65,-0.9265265750606277
OR6C68,-0.9182151101690668
OR9A2,-0.918037840212767
OR9A4,-0.918037840212767
OR4A47,-0.9157294341222613
OR13C3,-0.9199929744813501
OR13C9,-0.9192789490365887
OR10AD1,-0.9278933575947056
OR2V2,-0.7308505384719367
OR52E8,-0.9556642629895282
OR2Y1,-0.9134968153992041
OR1J2,-0.965373877490784
OR1J1,-0.9324302886549862
OR1D5,-0.7373312774012643
OR8K5,-0.8374650826215724
OR6X1,-0.8678503147495165
OR2T29,-0.918037840212767
OR5H1,-0.9786075277336033
OR5H2,-0.9681735035805333
OR6C75,-0.9094239980364903
OR6C74,-0.8877479880481165
OR6C76,-0.8958869907440574
OR6C70,-0.9457651510304705
OR4N2,-0.9606558388400461
OR51I1,-0.918037840212767
OR51I2,-0.918037840212767
OR52I2,-0.918037840212767
OR2T27,-0.918037840212767
OR52W1,-0.871746265222936
OR5AP2,-0.918037840212767
OR1K1,-0.9104947915814781
OR2T10,-0.9219229184893994
OR2T12,-0.9131297192965054
OR2M5,-0.918037840212767
OR2M4,-0.9684547217119494
OR2M7,-0.9347663937094581
OR2M3,-0.918037840212767
OR2M2,-0.918037840212767
OR7G2,-0.9838451936219146
OR7G3,-0.8887996336456482
OR7G1,-0.9351838858710294
OR6M1,-0.9686340850326904
OR51A7,-0.918037840212767
OR4M1,-0.918037840212767
OR4S1,-0.9878388521868668
OR4S2,-1.0051432603738801
OR11H1,-0.9136678869761923
OR11H6,-0.9147737515671581
OR11H4,-0.8665948019604449
OR56A3,-0.9393340286668218
OR8I2,-0.9143614926334691
OR56B4,-0.918037840212767
OR56B1,-0.918037840212767
OR2B3,-0.9213814999326472
OR2B6,0.19368343400813245
OR13H1,-0.918037840212766
OR2L5,-0.918037840212766
OR2L2,-0.938479135630549
OR2L3,-0.918037840212767
OR5AK2,-0.918037840212767
OR7D4,-0.8309458392052826
OR5J2,-0.9166314545695621
OR14C36,-0.918037840212767
FAM186A,-1.225395937846535
OR4L1,-0.918037840212767
OR14A16,-0.9115881124663184
OR2S2,-0.8444758036199547
OR4N4,-0.9291792240126654
OR4N5,-0.9112736175911692
OR8H1,-0.918037840212767
OR8H3,-0.9266446054977256
OR5K4,-0.9022259094647019
OR5K1,-0.918037840212767
OR5K2,-0.918037840212767
OR8H2,-0.9459090327421288
OR10H4,-1.0154970908745913
OR10H5,-0.9743454684116887
OR4C6,-0.9362913077690628
OR4C3,-0.918037840212767
OR10Z1,-0.9752461988605143
OR52D1,-0.9480145095678458
OR4Q3,-0.9132678381607383
OR9K2,-0.925280899008546
OR5AU1,-0.9243015612357611
OR13J1,-0.918037840212767
OR5M10,-0.918037840212767
OR5M11,-0.918037840212767
OR5L2,-0.918037840212767
OR6N1,-0.9392160339809466
OR6N2,-0.918037840212767
OR13D1,-0.918037840212767
OR4K15,-0.9202408169679712
OR4K14,-0.918037840212766
OR4K17,-0.9291497453018818
OR4K13,-0.918037840212767
OR4A16,-0.840456975617472
OR4A15,-0.8926046672371342
OR51S1,-0.9180378402127662
OR4B1,-0.918037840212767
OR52E6,-0.918037840212767
OR52E4,-0.9097113882539338
OR52E2,-0.9320652049531519
OR4P4,-0.9272276770628659
OR6T1,-0.8643299823340046
OR56A4,-0.9797444273864009
OR56A1,-0.9242645411144712
OR2B11,-1.0013118045570244
OR5M8,-0.924155483768122
OR5M9,-0.918037840212767
OR6F1,-0.8665948019604451
OR5M3,-0.9311042215069798
OR5M1,-0.9390346346403684
OR6Q1,-0.918037840212767
OR6C2,-0.9240489569998294
OR6C6,-0.9282619371949761
OR6C4,-0.9219126060894315
OR5K3,-0.9252048421916956
OR13G1,-0.918037840212767
OR51L1,-0.8905471528793103
OR10J5,-1.0134578380224684
OR10J3,-0.9861230450419944
OR4A5,-0.926127785805899
USP49,-0.6378960606193054
ZNF561,-0.921809232677846
NEK5,-0.5048103508661577
ASCL4,-0.5632304119824857
ZKSCAN2,-0.8427057080246194
TMCO4,0.8588197682853034
AC040162.1,-0.3381418417296006
SAMD13,-0.8195890258881897
MAGEA3,-0.24840888177426598
TMEM161B,1.3623518710838591
JAKMIP1,1.3596279066269477
TRIM51,0.17978584421173177
AC023055.1,-0.24391260396425735
CPA5,0.7876739771124712
DNAH6,-0.34413731717714097
HSPB9,-0.30234778417451524
C16orf74,-0.23512273393943645
LINC00482,-0.3677288619989859
DIPK1B,0.7645028139434358
TMEM250,0.9786999587371982
DIPK1C,0.7909601886858811
KLHL30,0.11308459289178369
SMIM8,-0.9444771248981954
CLEC12B,0.16694231491842548
CLEC9A,0.3889813860536778
KCNT1,0.5100735893373461
PRR5L,0.36867597663944685
TMEM178B,0.23991089371693286
LEXM,-0.0507480300400953
YJEFN3,-0.13539464097177709
PMS2P1,-1.324104803257385
FCGBP,-0.1612949860206355
HES4,-0.5165076627568774
DHRS4L2,-0.47771772654399136
RNF135,2.802017318330577
SDR16C5,1.213425427282719
SLC45A3,-0.725180567914244
PRSS46P,-0.34996390524869586
STEAP2,-0.7800645643973253
DNASE2B,-0.19853246457278592
TRB,1.5001806207173662
THEM5,-0.25831979091192975
ACOT6,-0.49188579987847186
XKRX,1.1797334427321067
RTKN2,-0.15025652659006544
USP27X,0.09082080831310725
HMGCLL1,-0.786267839654304
FAM78B,-0.20178849603340984
IER3IP1,-0.2950696227931738
BEX5,-1.0618817236260583
PACRGL,-0.734505754260608
TCEAL5,1.382267106840641
TSPYL5,0.0888534927848694
TCEAL7,1.3248024621162813
ARMCX2,0.04413777515217876
AC005520.1,-0.44160728819702677
TMEM163,-0.315790514079194
PXT1,0.47091186822164005
MCTP1,1.4260532645267374
TP53AIP1,-0.5576457390031683
CD207,-0.1930639228813115
PRSS16,0.11723897986714517
NICN1,-0.0892777803044995
VWA2,0.14172243416609936
DEFB121,-0.6886936505896669
ISM2,1.7644898630487127
RNASE13,-0.28889142479228697
ANKH,3.2972999003986447
CPXM1,0.8921105167864546
PLBD2,-0.27645671910123926
RGS21,0.8524848132451338
GNRHR2,0.33058847992814894
AC073610.2,1.7152061772226608
ARL9,1.678179069613454
OTUD7A,0.2415868085112965
PLCL2,0.32570910984548745
BMERB1,3.983702888279325
RIC8B,-0.5769040545690318
D2HGDH,-0.5173293756503002
C21orf58,-0.25735712983276726
PHOSPHO1,-0.021594806730492574
CHTF8,-0.6286343691009595
RTEL1-TNFRSF6B,-0.6416361464762648
EYS,-0.02696505949460952
HAPLN3,0.2658362028910741
SMIM10,1.53159103242444
GRAMD2A,-0.16677068192076522
OR51H1,-0.8541565829019889
OR4F3,-0.683675203457776
LHFPL3,6.7937500093732615
CLIP2,0.16950941376377376
PRR7,-0.3304994343821518
CA13,0.09326745227990053
AFG1L,-0.5686376767524345
NOL4L,0.17163573950438976
PITHD1,-0.3937453946026733
MAP3K7CL,0.6927333810015228
AC100868.1,-0.34099476467474255
EPPIN-WFDC6,0.34517446610936897
BSPRY,-0.24080935331932565
C9orf139,-0.24118779877273758
WFDC13,-0.2366178520364295
ZDHHC2,-0.15307909700326378
HSH2D,0.2916261764925843
BHLHE22,0.45985559428279377
SHD,0.6096677212262662
SFXN5,-0.13785216549442067
SLC22A24,-0.1709357666245647
TIGD2,0.03044814041043156
PRXL2C,-0.23006617507607444
CPNE8,-0.16634665802826984
TMEM18,-0.22534180084764435
ZNF280B,-0.1193888446005032
FSIP2,-0.4890251976970515
SPANXA1,-0.6877607507023361
PGA5,0.020879180476738316
AMY1A,-0.39931588107407767
AMY2A,-0.3530859685531662
LOC284412,-1.293241486194114
MESP2,-0.38041573196214223
PSTK,-0.05269342219680287
PPDPFL,0.05611029539529213
PRXL2B,-0.0898336718141364
TSPY8,1.53159103242444
IAH1,0.7392655157447652
TMEM170B,2.9914096440960134
IGKV2-40,-0.6473129301507957
TRPC4,-0.07360397423404122
FAM219A,0.1011102918744527
DNAH10,-0.6741267556052701
ARL8A,0.22438058371847963
YIPF7,0.3308693765375346
NKAIN1,1.0592213533924684
SYCE2,-0.9300060312965333
TMEM132E,0.3384866546843859
RBFA,-0.30115165268868593
TMEM132B,1.2428741282665081
SNX24,2.8510768991727886
KLHDC8B,0.5467489954159122
KLHDC7B,0.06787096661153097
KLHDC7A,0.686259654177299
KBTBD12,1.183727675746795
DCAF12L2,-0.789343563409252
SDHAF4,0.033252921294487044
FKBP7,1.811459961821326
FBXO16,-0.5305741681182587
SPRYD3,0.041819237927805446
SLITRK2,0.343780783552813
HIST1H4G,3.8069923782249897
H2AFB1,-1.1499913495880105
H2BFM,-0.7764909029613936
TNFRSF18,1.7613281920542798
CCL24,0.1130532388992742
FBN3,0.5068208447691473
WFDC12,2.3711124522583873
KBTBD11,1.48388356891165
LYPD6B,0.08962937795213415
PALD1,-0.09888275106416412
SLC5A11,-0.33836215328647407
SLC52A3,-0.7353910873740943
AC010542.3,-0.7379882125243727
AKR7L,-0.09013934281655694
ZNF618,-0.4352546253801404
POTEB,-0.5141609117499067
PERM1,0.24276875468362286
XIRP1,0.14029319680289257
TP53I13,-0.610386148537047
BLOC1S3,0.45805256204103606
MIOX,-0.5463660309427784
TSNARE1,0.8432238981832848
TMCC3,-0.049598218255187565
STX16-NPEPL1,1.4126646485933176
NDNF,0.2091386922126941
SLC10A4,-0.14323591878212585
MFSD9,-0.20801654102030023
SLC46A2,-0.6851801994789499
SLC18B1,0.6187076052612454
SFT2D3,-0.09464799935632973
LEMD1,-1.0290794867180357
SLC45A4,-0.5284143618629974
GSG1L,0.3150579791542426
C12orf66,-0.07274181507440808
LINC00598,-0.060612738691551815
IDO2,-0.27709248308615564
ANKMY1,0.10870698019627131
ARL15,-0.175166487420422
C16orf54,0.7483377903950479
AC005324.3,-0.3510323999604471
TRIM64B,0.7685342992698072
GAS8-AS1,-0.5864359821409894
TRBV2,-0.6493579441342354
PCDHB10,-0.02647200800229213
PKD1L2,-1.1779254809313224
F8A3,-0.19363753386099708
C10orf90,0.07496464763332518
ST8SIA1,0.01221653045533151
RBMY1B,-0.9062583548101164
HELT,-0.562375005019738
TCF24,-0.6116016858963994
TCF23,-0.2469271670023126
ASCL5,-0.492487309003738
PTF1A,-0.4338289399437031
MMAA,0.5561773893419998
ACOXL,-0.7655748844021631
TTC39C,-0.36627672291749913
PABPC4L,0.008217275671339197
RNF152,-0.24599939015980404
AC037459.1,0.48272475049568064
AL365205.1,0.7003408912057257
RNF157,5.2477094442488745
ATOH8,-0.510780884893953
TMEM145,1.4688259269383737
PRRG1,0.13473972241635226
KDF1,-0.26875346130479677
CMTM1,0.574169013018938
MIGA1,-0.4383670595714913
CIPC,0.09307253970174509
ZNF320,-0.18834852675717834
SPACA6,0.9639037379668863
WNK4,-0.3518926088318521
ICA1L,0.015062425853316809
MS4A14,-0.24345957982068467
CCDC103,-0.8073520515021658
DPY19L2,-1.0101627481362263
TSPY10,0.8232004673476306
ANP32D,-0.6940260303848235
ZNF385D,0.3638293275041261
CD160,0.5799257518962819
MARCH8,0.1837909241952671
RUFY4,1.0854967020169917
OR1F2P,-0.4790320796622766
SLC37A2,0.4646482896592197
SLC16A9,-0.159966391649699
NKAIN4,0.5999046553387517
BRINP3,2.251718239220809
WDR31,-0.5970558518423039
MEIG1,-0.8162814651212429
MFSD2A,-0.610025577749809
SLC6A18,-0.3191239086518696
MARC1,-0.5119245337948058
MAP1LC3B2,2.333562738384668
C2CD2L,-0.22125509216389957
PCNX3,-0.3169451222737311
GPR157,0.05636490781239541
HSFY2,-0.48665131744277634
SH3TC2,0.3224558059010607
SSX4B,0.08780087369322609
SYCE1L,-0.5434508430430821
NIPSNAP3B,0.14868401464949751
NUDT16,-0.5604442288581937
ILDR1,-0.14081855506609572
ZDHHC20,-0.3704698004658136
LDLRAD3,0.09809235152988924
TCERG1L,-0.49396750838650716
MINDY1,0.019793849765844373
LRRN4CL,2.120405094033867
RSPO1,0.10492348565872538
UGT3A1,-0.11325223679848971
CMBL,-0.40184810308110813
IGSF9,0.7531521929921641
MYBPHL,-0.093902051734099
FRMD4B,0.20327511707423881
SLC5A3,0.0648357757771514
LMTK3,-0.1443278810222824
HES3,-0.5331717005895639
WT1-AS,1.3101284469844807
GSTT4,-0.1808612578887227
MT1A,0.210742065208198
ATXN7L2,-0.5063263097947757
KNCN,-0.4627282722074917
TAL2,-0.3444003612697447
METTL7B,-1.011389887450157
FSCN2,-0.3677260201543618
IGF2-AS,-0.7434811733071349
FIGLA,-0.4991747776576405
PAIP2B,-0.3619275160209283
TRIM7,-0.7458111314929091
TMEM99,0.06661699717774272
ARSI,-0.29653408805370113
TREX2,-0.5528785877366234
ZNF185,-0.0038028864969260764
NCCRP1,0.0256395344341435
PLEKHH2,0.16490762806455658
SEMA3E,0.00042552674354935616
PIH1D3,-0.7735008083481676
NCOA7,0.6381717111322333
TLDC2,0.22268565485527572
CT45A6,0.8667690011093035
CT45A5,0.8667690011093035
ADGRG7,0.23527117795849653
GTF2H2C_2,-0.36448564921665544
CSMD2,-0.08194888852126274
KCNA6,0.3685266989361902
LGI4,0.2244427099170997
AC026786.1,-0.9597256200925679
C17orf77,0.04933197706611848
RNASE10,-0.5704825438348206
BFSP1,0.24817421276351337
ELMOD2,0.02271383227932728
AC012309.1,-0.5028857503480816
SCGB3A1,-0.3502146232988461
CCDC17,-0.190750868958381
C22orf15,-0.4295527553943881
SNTN,-0.32700145227284416
GPR85,0.555140793104108
RFESD,-0.8176092752111498
KCNRG,0.27146879115532363
INSC,-1.3598819491961056
MMP23B,-0.27478293645492907
ASTL,-0.600147038865119
UCMA,-0.0745490703367695
OST4,0.08161516715098135
KRTAP1-3,-0.21063718945680993
PRDM11,0.045419419356045744
CDH26,-0.731497092377037
PRAC1,-0.7219484699088656
RPS10P5,-0.32876039122652667
RPL17-C18orf32,-0.565650336998089
RPLP0P6,1.7896773198102283
UMAD1,0.5674369807195069
CATSPER2,-0.2867696036119682
SEMA3D,0.029006468115606296
FAM163A,-0.16560819435607724
ZBED2,-0.4916275746194021
PPP4R4,-0.053240766574871846
SETSIP,-0.501578494306451
EBF3,0.02141488004004233
IL22RA2,0.3544509603238129
EPB41L4A-AS1,-0.42579505996843364
LRRC37A3,0.5051979300320303
LRRC37A,0.5010266097321225
AMTN,-0.15282566335241507
DOP1B,0.2745406341435374
MAP7D2,-0.02246982822805646
ZNF385C,-0.6310610534636966
FCRL4,0.03318712732472147
BLID,0.132676323710563
B4GALNT3,0.2064160064521921
FNDC9,-0.09844997489697291
MTRNR2L1,-0.5031641448392471
SPTY2D1,-0.5040552039312195
ZNF626,-0.05568131713885067
FAM83F,-0.12312596865345048
SLC9B2,-0.05289048226781753
ARMH4,-0.2588211873420776
TEX28,0.13086722937313694
UPK3BL1,-0.6324624345430058
KRTAP13-1,-0.02487964688160953
LHFPL1,-0.7269388560628159
CCDC157,-1.3666897824981137
NPIPB5,-0.1623499249385337
SLC35G3,-1.2447176034578515
LHFPL5,-0.7230562448696438
TMEM86A,0.23390425001737072
C14orf180,0.8909846707957091
SERP2,0.2834175800319702
CCDC159,2.073014489952821
RD3L,-0.07353526862930389
TSPAN18,-0.3219406050437247
SPACA5,0.2046222019808129
SYT15,1.682235107040207
ZNF705G,-0.48762627922525675
KIF6,0.45243243031377894
KIF12,0.2523362853524434
CLVS2,0.9440447633436311
FAM219B,-0.18049597258942796
LY6G5B,0.12046626342049771
KIAA0754,0.17133581063287986
LOC102724334,0.05727954878912522
OR5H6,-0.9074884167839998
BSPH1,0.6071744937449255
WNK2,-0.34120638746368526
C2CD4C,2.523757663405148
IGLON5,2.354861360956892
PRRT1,0.9639583770460981
PRRG4,-0.15473436390154607
STEAP1B,3.2352216197009
KCNJ13,-0.012852306679974834
SHE,0.21943463964689408
RFLNB,-0.25224425603694156
CCSAP,3.2404897692294896
ZBED6CL,0.23862816616649818
ITPRIPL1,3.808058907054425
C14orf177,-0.8157375565607934
UPK3BL2,-0.050807085638264624
TMEM178A,0.0633056011146431
RGS7BP,0.6093042275335248
OTOL1,0.7636458421583168
C1QTNF9B,0.8004470602883448
TIMD4,4.064428542233905
SCGB3A2,-0.45879729219967513
BAHCC1,-0.30816306662370313
CDR1,0.14407154982179327
ANGPTL6,0.06445011916415778
PRSS36,-0.4438369033467208
SMIM5,-0.008845227906892749
ZAR1,1.621459207154002
C1orf53,-1.295522022832346
ISM1,-0.11287524290056762
C1orf54,1.310306137804034
KRT8P12,0.4046753011417097
MAGED4,1.154313218698299
CEP295NL,-0.3689213142675142
GPR149,-1.170774703927159
ARFGEF3,-0.2849131409391659
GPR148,-0.6050770921203281
AL662899.3,0.12046626342052293
NBPF22P,0.6139511594789955
ACP4,-0.17079092693921785
ADGRD1,0.5698533282496809
SPDYE1,-1.697322435409833
M1AP,-0.288031240213542
AC005670.2,1.8565412086269864
CDIP1,3.2148120469011237
GPR180,2.7780922153584804
C2orf76,0.4207907309811286
SVOPL,-0.42498227055496446
DCST2,-0.8883621901697831
IL1F10,-0.28267811387840824
PSAPL1,0.058182616877781645
IQSEC3,0.17145134058421346
CD99L2,2.9264825190913353
NAIP,0.21110337697433748
MROH9,-0.3870882493843524
STON1-GTF2A1L,-0.4930382206962089
CHURC1-FNTB,-0.2984720237030475
RPL36A-HNRNPH2,1.53159103242444
ACTL9,-0.17794620713046277
AC012254.2,-0.7253848412594278
DHRS11,-0.15371511019356948
ARMH3,-0.041706799916940866
POLR2J3,-0.4010444639866752
SPEF2,-0.46802848419324655
COTL1P1,1.1573303545992817
AC004754.1,-1.2659152668496383
ENO4,-1.522973518142526
CRAMP1,-0.6704559152862293
SH2D3A,-0.11954997814262842
CTAGE9,-1.052979055678837
AMN1,0.005056352317311167
ENHO,0.006217417887224471
C9orf66,-0.5537521416833573
TMEM181,1.8161442443362565
NIPAL1,0.5395489014388697
NSMCE3,-0.41926063004667774
AC020909.1,-1.5504840758103673
TMEM218,-0.6361062462615558
CSNK1G2-AS1,1.0137103943500245
C2orf81,0.36383958392269816
FAM43B,0.4901297428308187
CTAG2,-0.8415116007219203
C19orf47,-0.06804147398956586
USH1G,-0.3113708776864751
ATP5MF-PTCD1,-0.20731727707443298
CCDC198,-0.6083560154063706
SOCS4,-0.49168232361449293
ST6GAL2,0.6582382161842403
TMED7-TICAM2,0.9535189453192835
CARD16,1.6178039441477254
SLFN13,0.2775928189184608
C11orf21,0.45328937122973273
KY,-0.002984716696173998
RENBP,0.6288193998863887
POTEG,0.14183562140582207
MFRP,-0.01055157450319633
AC020915.1,0.045393830099590436
SH2D4B,-0.30245725365852805
AL049634.2,0.5628887186273316
MLIP,-0.04735107620468838
MTERF2,-1.0104524590814867
MEGF11,0.09646594912289028
FGD5,1.5509444361294868
BORCS8,-0.010198534664490843
ZNF90,1.53159103242444
PI4KAP1,-0.7399851127974909
CACHD1,0.10814192307221943
TMEM189,-0.4865656094712186
MFSD3,0.12901943322413922
SLC26A5,-0.5985091220318549
FAM124A,-0.11721424238598159
IL18BP,0.34846541127487357
PHF13,-0.3339189360045396
ODAPH,3.9195382893355197
FOXD4L6,-0.0225684744082531
SFTA2,-0.2796123706502781
CBWD2,-0.24406362340917065
GAGE12B,-0.015024057736646576
GMCL2,-0.4748643557093634
PROX2,-0.07991745774247819
BTNL9,0.1307077291753438
FAM153CP,-0.2891230361921408
LOC100288778,-0.2891230361921343
CAPN10,-0.5598489209896019
AC138696.1,-0.031195288599284866
ITPRID1,-0.5713397419551915
GAGE12G,0.3068529890061132
LKAAEAR1,-0.6162863492924856
HSP90B3P,0.9787950346544266
TNFRSF6B,0.5526092919594374
DTWD2,-0.21079112616468185
TUBA4B,-0.16783489011863725
CCL3L1,0.023532899603473982
GPR155,0.8009052927207164
CCDC78,1.4036931780920132
RPP38-DT,-0.224667274705834
RHBDD2,0.37820542071135055
CST5,-0.13481233610956156
C12orf73,0.22592707908397142
TMSB4XP1,-0.49026031434553125
FKBP1C,-0.14904586678442236
SSX4,0.4019561677430141
EGFL8,0.7705606433848486
SMIM4,0.11084857581972697
CENPC,-1.0665581089799587
AQP11,0.06233187421865324
NKAIN3,-0.19053685180649707
AL691442.1,-0.21527925256821429
PRTG,0.10365774617476128
CORO7-PAM16,-0.16639057334645133
ENAM,0.3305247814260041
TBX15,-0.23376596705084637
BPY2C,0.28192438669260705
LOC727751,0.18943884694176608
INSM2,0.44563429675091487
TMEM200B,0.34006246255732364
SH3BP5L,-0.4387854494154615
CROCCP2,-0.9141135786549812
OR14K1,-0.8789260473114275
OR2L8,-0.8722473304737931
OR52B4,-0.8164264839775696
OR1B1,-0.8722473304737933
OR5D13,-0.8722473304737933
OR2W5,-0.8722473304737933
OR5AR1,-0.8553778845939822
OR4E1,-0.8722473304737932
OR4K3,-0.8722473304737943
OR2I1P,-0.8722473304737932
OR2T35,-0.9069396207113954
OR4C45,-0.8722473304737943
AC135068.1,-0.942601799070558
OR14A2,-0.8839629004209363
OR51J1,-0.8722473304737943
OR4A4P,-0.8722473304737932
OR4C16,-0.8722473304737943
OR8G2P,-0.8722473304737943
OR1F12,-0.8722473304737932
OR51G1,-0.8722473304737933
OR4C5,-0.8836484871370347
OR10G6,-0.8722473304737942
OR10G2,-0.8553778845939821
OR8K3,-0.8553778845939821
OR2AJ1,-0.8722473304737933
OR4Q2,-0.8722473304737932
OR11H2,-0.8722473304737933
OR6J1,-0.8722473304737943
OR4X2,-0.8553778845939821
OR3A4P,-0.8722473304737933
OR51B2,-0.951185845957035
OR8G5,-0.8722473304737943
OR8G1,-0.8722473304737932
OR52R1,-0.8722473304737932
OR10D3,-1.073344836389878
OR5L1,-0.8722473304737933
OR8U9,-1.017326532880337
OR8U8,-0.8722473304737933
OR51F1,-0.8722473304737933
OR2J1,-0.8672923676276373
OR2T11,-0.8722473304737933
OR52E5,-0.8722473304737932
LOC107987545,-1.075102071440178
OR2T7,-0.8722473304737932
OR56A5,-0.8722473304737933
OR4M2,-0.8722473304737943
OR4F29,-0.8722473304737943
OR1S1,-0.8722473304737943
OR10X1,-1.017326532880337
OR11H7,-0.8722473304737943
OR10A6,-0.8722473304737943
OR4A8,-0.8722473304737943
AP5S1,-0.2910968128861855
C2orf72,-1.0742937953311977
RPL21P97,-1.2096326450952426
UBTD2,-0.1479232759090724
ST20,0.12258221318747797
DAPL1,-0.2226722598933513
DACT3,-0.17731696730830304
FAM74A4,0.9290726443228269
FBXO48,0.03225213293492637
SDR42E1,-0.6558532677226223
KIR3DS1,0.035769479225962304
SPRR2G,0.03727610081857873
IL36B,-0.3643354191824694
LYPD5,0.47022748302506745
ADGRF3,0.4772137378617481
CRB2,0.14960859557444345
GLYATL2,0.17950999366615905
GLYATL3,-0.4121697026578824
KRTAP6-1,0.13893989847053684
RNF187,-0.29684983761638195
ZNF727,1.5315910324244397
PRR12,0.4251681497327804
SELENOV,-0.9264376386523422
ZNF488,-0.31393502658175865
NTN5,1.1497607912684524
CCDC71L,0.546620184525611
SLC43A2,0.10829565949603344
PINLYP,-0.23817295691150608
ASPDH,-0.02160151725880188
SLITRK6,0.5621040364264738
LRRC75A,0.42500928014542966
ELFN1,0.6583231369804294
LRRC37A2,-0.7430212422190426
LRRN4,-0.2757923313292301
UBALD2,0.47486418483266724
TREML4,1.490752231908118
SIGLEC15,0.26462504539254117
LINC00305,-0.47325934790002994
PXMP4,-0.4674198653082151
C8orf37,0.21779370166406892
SPDYE3,-1.5833452172520601
ST8SIA6,1.2873676117312582
ZNF729,-0.9440324727230548
ANKRD53,-0.6108613560203375
SNHG29,-0.22880402055013835
TFAP2E,1.1364037141528476
CITED4,0.07978376093107493
VSIG10,-0.7875885271919894
APOL4,0.3435296471748715
LINC01600,-0.2688481454584332
USP26,-0.12403134122281179
PRR9,0.196725037836398
ZNF728,-0.16973286161139467
SLC44A3,0.20047717816740748
TMEM198,-0.7429227767670545
ACTR3C,0.44571768421159286
MIDN,0.08735621478313903
WFDC9,-0.29092385093669887
PABPC1L2A,-0.29544793919566226
LY6K,0.7812456785524848
TXLNGY,-0.6410352782846347
SNAI3,-0.9039508681354909
FRA10F,-2.118650719041743
FABP9,0.3358068265218899
SLC25A27,-0.5375196834169638
COX19,4.215303495267878
GASK1A,-0.32256812585764283
TBC1D3G,-0.2725508230105591
OTUD1,0.10935987451229094
DMRTC2,0.5379095563045487
TTC7B,-0.12697107889745307
OTOG,0.6086339447124661
GCNT7,-0.4047270453499511
PCDHGA4,-0.023632728507551173
GRAMD1B,-0.724769300638151
PAGE3,-0.3710302342024685
XAGE1B,-1.0177646718578977
PAGE2B,-0.9939641257168317
GAGE5,0.2924243142845207
TANGO6,-0.5509152339764304
GAGE6,-0.12914669689988686
MICALCL,1.032571962443354
SFMBT2,-0.29100131337216867
SAMD10,-0.4469536204694299
SAMD5,-0.3868716455203359
BORCS8-MEF2B,0.4328240555390241
BRICD5,-0.0969456816070405
CLHC1,-0.1900669163739494
CAPN13,-0.4096162874602211
GRXCR1,0.24012556289397097
C5orf63,-0.5209358342199593
TRP-AGG2-6,-0.07853699058642274
MORF4,-0.6783080999153771
C5orf64,-0.8647960492124883
ANXA2P2,-0.4672763605072749
AL121594.3,0.8650683570874316
RNF215,-0.030106414264317146
CCDC9B,0.3004400254837096
RTTN,0.47605487857974504
C2orf50,-0.40898844436049325
GSTT2,-0.3963666901125435
FAXC,0.6540636183991533
SP9,-0.7789032634971043
GPR162,5.420598664991551
ANKRD18B,0.12268959423263172
ANKRD20A2,0.3108141704747845
ANKRD33,2.498006748451702
ANKRD34B,0.2858449777729
POTEJ,-0.5548626365812672
POTEH,0.09923376547247637
PIANP,3.499155028292436
CAMK2N2,2.395684169529212
CLEC18C,0.7437989272864107
CLEC18B,0.2618384469202612
ZDHHC21,-0.15666922582526124
PPM1M,-0.2438728559680858
LLCFC1,-0.9761648942907993
CD164L2,1.2483426104476492
KCTD8,0.9034921512672589
SLC7A14,0.9141636342508687
FABP12,-0.6622720195993114
TMEM119,0.7827693385107771
MRGPRE,0.3325029875272391
USP17L7,0.21162483449171796
LRRC36,-0.7515825009010083
C14orf132,4.27829097757154
POU5F2,-0.7316109533790315
SAMD11,1.0608421458810295
CASTOR3,-0.7483737363532011
AC078927.1,0.28765985428664725
PAQR9,1.4524494069373923
CCDC184,1.7467160451450132
AGBL4,1.2339736732861841
AGBL1,0.9351883865626825
CSTL1,-0.0498148920986811
OTOA,-0.8071116316585039
CST11,-0.30494230972055525
SPINK13,0.665416744381631
CFAP65,0.2806856602603806
CLDND2,0.4930449848009852
SPDYE2B,-1.58334521725206
AC002996.1,1.3177844001332768
RBM43,1.5284238750990904
TSPY4,1.3960587140353702
LOC102723996,-0.06743858482566163
STIMATE,0.07138805810551468
ADGRD2,0.3627241502718046
ADGRF2,0.4304967368889887
ADGRF4,0.07510164773158959
ADGRG3,0.4007953409525252
ZNF713,-1.1399906402059596
LINC01018,-0.1079492665745182
HYAL1,-0.28466397586924225
C12orf76,0.3050907329962996
TANGO2,-0.13281673339458902
C16orf91,0.002140911065615275
LCTL,-0.4041291862701025
LRRC34,0.10702273139217913
MBLAC1,2.0790360301544353
AL117348.2,-0.19769454217111576
GFRAL,0.9150072503168915
ZNF716,-0.4751927471701816
TSPAN10,-0.33312322286286145
WDSUB1,2.107891723552238
SAMD12,-0.1331763819779409
C17orf67,1.9407425562637801
CARD6,0.15368967249629525
CARD17,0.3189086845381683
NLRP5,0.0741014263044731
NLRP7,0.5916443892179851
NLRP11,0.9085295094424428
NLRP10,0.524360058945795
ARMC2,0.06835766296166586
LRRC70,0.43553599718871017
DPPA5,-1.1122906556476073
HEPN1,1.9969477564259883
CCDC73,-0.0889417052457445
CXorf58,-0.19764657054603568
CCDC84,-0.44515901644158307
CFC1B,-0.5444134001977496
ADAM1A,0.03444263247830994
IGHV4-31,1.639313062264891
RAP1BL,-0.8065899608350392
SLC25A53,-0.575750590112238
ZDHHC11B,-0.34679025563417765
SPIN3,-0.5351636239166265
FAM135B,-0.44505413297978724
LINC02210-CRHR1,0.25845664336702745
PCSK1N,1.6123594522951719
TMEM89,-1.1159317743511492
GPIHBP1,3.979288972168158
ARL13A,0.6071257653523059
C12orf75,-0.09602158519997761
C10orf71,-0.193962879988793
SHLD1,-1.0308203415710908
DSEL,0.008205185951753994
SLC35G5,-0.39214583296700606
ERFE,0.07010163964921103
C1QTNF8,0.7564653521237434
C5orf56,0.8749984091817178
C5orf38,0.11335167871018569
SMIM13,-0.6479719587445754
KCTD14,-0.49794388241903764
FDCSP,4.081506299665319
BPIFA2,-0.2911045609199231
INTS6L,-0.3750923059675151
ECSCR,-0.1567348094769545
BPIFB3,0.26008164214431606
BPIFB6,0.4471757953313313
FUT10,-0.2895166060934031
TMEM45B,-0.5522360063890475
FBLL1,-0.5299816077089842
TMEM268,0.021177024682829098
FAM120AOS,-0.07277731894900662
LOC101930123,-0.39116511044402175
ANXA2R,0.9137110149061063
TMEM68,-0.6578469268030049
TP53TG3C,6.1399578519813
SETD9,-0.23484502068435278
PAQR7,1.9421714924392712
C5orf30,-0.8378072614372337
SKIDA1,-0.11372676386263489
XXYLT1,-0.027650198336720593
RNF212,0.0017435673263484729
MOB3B,-0.2338044308381019
SLC10A3,-0.1442646392850757
KIAA0895,0.9713608440848309
CLDN12,1.697923857731359
BIVM,0.11003252970152536
SLC35E2A,-0.5103112591623372
ZFP91-CNTF,-0.10052041836813028
SPIN4,0.6463600545185593
NEIL2,0.005148313860544265
IGIP,1.8895679440675799
TMEM241,-0.5373675000327857
LRTOMT,-0.531131259528784
FAM102B,-0.22875508546122839
XKR6,1.523951304526715
MIR1915HG,0.7025744336106474
EXOC3-AS1,-0.14172656514374132
LRRC37A11P,-0.6244273592067847
SPANXD,-0.41416540079666764
SPANXC,-0.5767213937967667
KIAA1147,0.6148023861028379
GCOM1,-0.4042855080865453
OBP2B,0.9124662655273954
SMLR1,-0.01793257847094374
GOLT1A,-0.13977665774217327
CT45A2,1.698063813901495
PEX11G,-0.831749284901719
MIR22HG,0.913601993435102
ZC3H12C,0.13831401173543637
KRTCAP3,-0.49197744312209873
C5orf49,-0.44352870419502416
CDHR3,0.238355021944849
TTLL9,-0.46277932434031854
HSFX2,0.21670379717795632
LINC00526,-0.9808036533157574
RDM1,-0.5388958483320527
PTCHD3,-0.7504001094153486
BTBD16,-0.7598826497347413
CARMIL2,0.4024578720567096
S100Z,0.08227895261887266
LOC107987205,-0.4579259257304143
ZNF229,0.7491800947791489
SLC35E4,-0.3355274387508061
RFLNA,1.1238458163271745
POTEKP,-0.19709932474737843
HHLA3,1.296107151648459
TDRD15,1.3864829203343891
CCDC122,-0.5405150533715046
ATP5MGL,0.059229489284632106
SLC25A52,-0.42160561433898397
PCARE,0.46221815109796016
KIF25-AS1,0.18076094295740786
RTL8B,5.122972625524007
TMSB4XP6,-0.6571310725069363
TMSB4XP2,-0.18861818145331474
PGLYRP3,-0.41291152888913923
TCHHL1,-0.10812521810338241
S100A7L2,-0.5169377309174331
SPINDOC,-0.5791283898245128
LINC01194,-0.26329648790144605
C19orf67,-1.0711402416759992
CHKB-CPT1B,-0.5498938909812785
PCDHGB2,0.07962278551894214
PCDHGB6,-0.06995711889282417
PCDHGC4,-0.1056593666127618
PCDHGA7,0.22961557623936238
ANKFN1,-0.4145586854812679
AC099329.3,-0.38795995561974383
CCDC197,-0.9937535502679865
CBWD6,0.8765374464084593
CBWD5,0.14108374599431678
SERPINB8P1,-0.15909318813741194
RIMKLA,0.9934822200776553
LOC554223,0.12154994815345674
C2orf48,-0.7554063482747871
KLHL30-AS1,-0.15654326146028694
TMEM143,-0.18923300806676624
GBGT1,0.2077049634392539
CES1P1,-1.34575659235708
BEND6,-0.754210499386796
SPDYE2,-0.9072474074400677
TTC34,-0.28464470055400976
CCT6P1,0.17293614305273258
AC068775.1,-0.5197077754381888
OPN1MW3,0.4801726393742567
PRR5-ARHGAP8,0.801299765569103
OPN1LW,-0.6212621442365027
ASPHD2,-0.7780874608395908
SYT14,-0.11129703375810475
CCDC85A,0.32018332357328466
IFFO2,0.7199690356122127
TAS1R3,0.027439895177945862
OPN1MW,0.06179327953047661
IL1RAPL2,-0.27807370315873803
PRLHR,0.2804290541455553
HBBP1,-0.8551764102142059
NT5C1B-RDH14,-0.2863912070550129
SYNDIG1L,1.540346351028454
LOXHD1,-0.20541137909648913
PLIN5,0.01207531790944608
LIPM,0.4816444812496708
GAGE2C,-0.7068959875257733
AC108488.2,-0.2519849003314893
NBPF11,-0.30672595134850456
LOC105379861,-0.2748908517182016
RIPPLY3,-0.8345190502893787
LOC149950,0.0023909345701546595
POM121L4P,0.3485469984014339
WTIP,0.3760227628964452
HYKK,-0.37979573436735325
AFAP1L1,-0.33978234794186696
TM4SF19,-0.11874563372103551
IGFL3,0.17366763365561397
TMEM35B,-0.7224911241351797
KLRA1P,0.24042908498845403
RPS26P11,-0.6582733397273324
OTOP3,0.48871819040967823
OTOP1,-0.15340144318505766
OTOP2,-0.6388554720475772
ZNF697,3.031654746257013
TRIM39-RPP21,0.1905004149231644
ANKUB1,0.4080380482463417
METTL22,-0.2637057929554021
HSP90AA2P,4.299727617499957
AD000671.2,-0.39321149841236175
CLRN2,0.28583729521163165
CYYR1,-0.19622079840789955
HRCT1,-0.23483563559567155
SHF,-0.0423374314934876
B4GALNT4,-0.0597716875420212
CCDC174,-0.0827004035196321
ZNF181,7.548858509605791
ZNF880,-0.7141199686283347
MCIDAS,-0.8261448862692389
KLHL1,0.6691070838075603
KLHL34,0.262528979302621
KLHL33,-0.28463184234827105
PHOSPHO2-KLHL23,-0.3590833990546726
FUOM,0.4049156862861447
TMEM63C,1.3266046327291816
IFNLR1,0.36214759259939155
PCDHB2,0.18083817543110547
PCDHA11,0.10478851638715794
HIVEP3,2.6149983181899827
PRIMA1,-0.38289593358588087
KLHL17,0.7032699277112702
KRBA2,0.8876703448054195
KRTAP27-1,0.9467867470770889
KRTAP23-1,0.43002697468246404
KRTAP24-1,0.9467867470770889
KRTAP29-1,1.02932400170637
KRTAP25-1,0.9467867470770889
NUDT17,-0.216481882243726
PRRT3,-0.15780025782349894
TMED8,0.6350433863104454
HAPLN4,-0.43170249204314876
FAM129C,0.522033208182437
IL34,3.243592431531761
NAT8L,-0.1607556037859752
APOPT1,-0.48408606229971357
CUZD1,0.011235425733605666
RNF175,0.46096285050771557
TSPEAR,0.22444270991711865
TENM2,-0.5467162201894835
ACOT4,-0.4937716321059019
SLCO1B7,-0.2557953738602042
AC022335.1,-0.40700986213374574
BVES,-0.5341235792646835
SEPT14,0.6371588228316681
LOC155060,1.4312040466375555
FAM92B,-0.41477642105779644
LRATD1,-0.22432175717744154
ZNF888,-1.1120085218621973
RHPN1-AS1,-0.6607180412922105
PRR19,-0.8913364729041864
ZNF69,-0.856888939595615
ZNRF2P1,0.14747641346591622
IL31,-0.34777359873316405
NPIPB13,0.027037041170155728
TTLL13P,-0.1300498277780901
TTLL8,-0.1300498277780579
FAM200B,0.8221526723406164
XIST,-0.9224287898945397
VN1R4,-0.6891142992577364
TPSB2,0.36369087218562735
HEATR4,-0.6575936443339662
ANKAR,0.08570061738945726
IL17RE,-0.12642454263789654
SPNS3,-0.44461191432002434
IYD,-0.1226286607898236
NEDD8-MDP1,4.175603799770002
MS4A15,-0.1076955624247039
C5AR2,-0.5033510727895799
AC004223.3,-2.1573274097978157
SERPINA2,-0.6707276696356559
SENP8,-0.4762147507376293
TMEM139,0.5032494006802655
FAM86B2,-0.5356004942689219
LILRA3,0.774546453380857
PCDHA5,-0.03194453381804479
LIPT2,-0.9376661704448143
KIR2DL2,0.9256932573587426
AC092647.5,-0.8018595901873665
TAFA2,1.4074978749437173
TUG1,-0.22624374326942953
NAPEPLD,2.053332507950046
TTLL11,0.2202994775749064
FRRS1,1.684864727854315
DEFB4B,0.34958229013089
C17orf97,-0.6266306065431516
C16orf95,-1.0215227518803758
CGREF1,-0.8885659500949499
PIRT,-0.8121562289791654
RBP7,-0.29798788893409456
MAGEA9,-1.5952935477219166
RBBP9,-0.3611414197336692
LIX1,0.14113531996292733
CARMIL3,-0.4036554653944118
SHISA3,0.1954674381551756
SCIMP,0.10690266539194086
URB1-AS1,0.04166471979176166
ESYT3,-0.21421517952180438
SLC46A1,-0.237186352864286
ARL14EPL,-0.6283902071709091
PRAG1,0.6541560357429685
AGAP5,-0.25068179964846843
NPIPB2,-0.2260837666343151
C11orf96,1.3004067794836558
WDR72,-0.13419199529553155
BECN2,0.9426184162932201
FAM90A26,-0.5835735600176688
POTEA,-0.9097333039303585
PCDHB6,0.40179841922078324
PCDHB1,0.13067774421186715
PCDHA1,0.07929429880239953
NAMPTP1,-0.10125850498053086
PANX3,-0.3411590047260278
LIMS3,-0.1673080031318635
LIMS4,1.9923542086962678
SERPINA9,0.10607790897404315
MALAT1,2.1522651468483285
SPRR2F,-0.5452428779049097
NIPAL4,-0.10702079242365597
LCE6A,-0.44211757972546734
CCDC160,0.2152440316748484
SLC29A3,0.5884561295320968
HTR3D,0.7415360038694451
LYRM9,-0.08839015410504138
RNF112,1.316861922563071
GLRA4,1.1783162528117845
DEFB136,0.2126600499378295
DEFB105A,0.008066008028742971
DEFB105B,0.003991628910442853
DEFB110,0.095865202902717
DEFB108B,-0.11695098535283717
DEFB118,-0.29449156128460846
DEFB103B,0.7006903011378048
DEFB103A,0.6304076404510556
DEFB130B,0.07331672755115032
PRB2,-0.7759204997388508
CCL4L1,-0.08360246910137022
MAGEB17,0.4339762665547909
TSTD1,0.6386668013786156
TOPAZ1,-0.8138673621355387
DUX1,-0.12491638724173318
TRIM6-TRIM34,0.37268860738722676
TRIM6,5.791495267335479
C9orf131,-0.8376385749795422
DNASE1L1,0.46058630897999675
KBTBD3,-0.20097104092898543
TRIL,1.6876162277631905
ASXL3,0.4690312332531788
CHCHD2P9,7.508124598367761
BHLHE23,-0.31061565015526693
TMEM98,0.0050057167583242804
FAM182B,-0.689425923971732
IFITM5,-0.052644760162493615
C5orf46,0.29299359094282734
CCL3L3,0.010560257275211845
MOSMO,-0.10585952425262703
C1QTNF6,0.684745815503818
LAIR2,0.428875683173577
DEFB131A,0.5670522680794401
IGL,0.03719511809705486
BTN2A3P,1.605684506904518
ZNF761,0.23998262726691036
TRIM61,-0.10383139739009058
TRIM60,0.6647059633879796
EZHIP,1.1065564389127605
ZNF772,0.05488553571417762
C6orf226,0.07256111757671159
FAM25A,-0.8048722175474046
SHISA2,0.17661385084774314
CDRT15,-0.27044935170175244
IGSF5,-0.06340153653306069
AQP10,0.03511005244368061
ERAS,0.6914453304947944
TAS2R45,0.0026598294674415983
NLRC3,4.825357766421653
KIR2DS4,2.205144911683237
SLC16A12,1.3805862070687842
DDTL,-0.38762579533904756
GAGE12I,-0.2876545006903461
PRH2,-0.5226634387282352
C2orf27A,0.08423973096432882
C2orf27B,0.394559985944688
GAGE12E,0.3068529890061132
GAGE12F,0.3068529890061132
TLCD2,-0.4854897973400115
PEBP4,-0.47430037252986074
MYEOV,-0.09539888893168884
GCM2,-0.381034313600282
C1QTNF7,0.441462136074078
CBLN3,1.2895702336491457
C1QL2,1.1399948069668093
ETFBKMT,-0.537916472322491
RHOXF1,0.2815697237108041
NAT16,0.39328563647630915
PGA4,0.07032885149970304
C1QTNF12,1.0505599322579804
PRR23B,0.5829358280583508
HHLA1,-0.8439371111605406
SCUBE1,-0.21812533935931744
PTX4,-0.005553990223732131
PRR23D1,-0.9636611044937811
ADAMTS10,-0.4615928265281058
ITIH6,0.06466199075232995
FNIP2,1.02210157114018
PTCHD4,-0.01894600474987045
VWC2L,0.13934848294211477
ODF3B,-0.6201036594475805
PLPP7,-0.569419559027816
CRYGS,-0.2312193245007509
PRAMEF8,-0.40487568141136016
DEFB104A,1.0965249894899245
C12orf50,-0.5873551680936644
STPG4,-0.5872211980224512
CEP112,3.329881439046306
RINL,-0.14261485507146188
C3orf18,-0.39206206272593286
GPR152,-0.4866937430615474
SLC16A13,-0.36993754106871085
RP1L1,0.4985778495038148
RN7SK,-1.501297962079947
SNRPEP2,-1.3110138477744788
HNRNPA3P1,1.1750378459796447
DYDC2,-0.8884017279397175
CCDC81,-0.4960866370920291
OCSTAMP,-0.01493722525281647
LINC00636,0.6221172595940015
RPL6P1,-0.5432630312417331
BIVM-ERCC5,1.53159103242444
HHIPL1,0.5828947205236864
ANKRD20A1,-0.8097414702328183
FAM98C,-0.020832814156770074
AC004832.3,-0.24357521562052895
HSPA7,-0.12812105847433006
DAOA,-0.30405693377522486
ERVV-2,0.2023212405224047
ERVMER34-1,2.703667734097419
FAM89A,1.2705879298084244
TNFAIP8L3,0.6935664239727662
SLC45A1,2.8013105261707487
NBPF10,0.28817605098151955
FGFBP3,-0.2252129734801375
BAGE,-0.5802886798221766
TMEM155,0.27874395368324906
DEFB125,-0.13584026351350267
PCDHB13,-0.014631700334799179
PCDHB8,0.009953362034362149
TMTC2,-0.8700312159217746
NAA60,-0.6329270534608216
SATL1,-0.2389178322135109
IGFL2,0.17366763365561397
SLC6A17,1.3021142528776561
SPANXB1,-0.5288059776407172
SPANXA2,-0.6206804811106287
IZUMO3,0.506198075190223
NEMP2,-0.294301724033375
MFSD6L,-0.9711402121114732
TMEM240,1.046350651122839
PAGE5,-0.9421724231667175
TMEM253,-0.2419157210426005
TMEM252,-0.1858116164315802
MEI4,-1.0497622965626574
CCDC126,0.21233328690850092
MAGEB18,-0.645586223157937
F8A2,0.48439922451012496
AC091167.3,-1.0298529632563178
VN1R5,1.8164713894305362
LOC401052,1.1380816314961506
ZNF763,1.4767167863779886
AC008575.1,-0.5643585575078934
SLC35F4,-0.473725061707567
KIAA0087,-0.6320348083721509
TAFA5,-0.4858576128146288
CKLF-CMTM1,-0.006282065961240014
SLAMF9,1.3460447199260668
C9orf152,-0.7740155763903578
TSPAN19,-0.21952454945282174
HNRNPA1P70,-0.6170131701152797
REXO1L1P,-0.11230634064781606
CYB561D1,3.5492406537872734
CFAP77,1.3255098369703109
PLAC9,0.6269917578654677
CCDC154,-1.4561111677418448
C6orf132,-0.29453229928624824
SLC22A20P,1.4448052693009161
AC011448.1,1.6978616254901735
SLC15A5,0.9056550667283323
RIOX1,-0.536230306873818
KCTD9P2,0.8365685420001475
LOC147791,0.5051454882711658
DCANP1,-0.016111307626224976
GLIDR,2.0631558241675414
LOC148413,-0.6710730793537398
ZNF479,1.3027442906828326
LINC01588,-0.832159851880773
FAM27E3,0.8217230099093804
POM121L8P,2.1074276192985937
NWD2,0.6550836832510587
FAM204A,-0.5565814953962651
RMDN2,1.0507119893948333
HMSD,0.6436932112012546
CLECL1,0.9733728799954976
GCSAM,0.2489311586614334
C6orf58,1.0180111833889147
TMEM150C,0.4825664488213748
PLEKHG7,1.4415105663854535
MICOS10-NBL1,5.188004473780125
LOC107987235,1.7898424558584243
KIR2DS3,1.8044003008814962
GAGE7,-1.0177646718579012
ATXN7L3B,-0.24585933515028136
GDI2P1,0.22347056231916942
WFDC10B,4.816586569973296
P2RX5-TAX1BP3,0.21919138536928673
C2orf83,0.3322003676430409
DRAXIN,-0.7951026153523599
BTBD8,-0.41620271354132055
FAM24B,-0.0951158953143492
AC008764.1,-1.4152729896763785
CCDC169-SOHLH2,-1.2347268289614413
A3GALT2,0.207704963439265
GLT6D1,0.20770496343926498
PRCD,1.6259357631847722
SSX7,-0.6588576440308829
PATE1,-0.26998073336845657
RTL5,1.143753351954951
APCDD1L,-0.22264754404843992
PRNT,-1.044567919802094
HEATR9,0.4482190992909678
CD300LG,0.5793248106710103
CEACAM16,-0.47637364757467554
AP000295.1,0.4917544107786242
GOLGA2P10,2.0372638056158294
PRR18,1.4083666645945931
THAP9,-0.5902382200892207
ZNF799,-0.48851112094194155
DCDC2B,-0.5340212297117383
NPIPB3,0.23666019095970817
KHDC1L,-1.0693432321122813
CYS1,0.2107783940356698
PNMA6A,1.6354984415785794
NOTO,0.03501010113894032
PCDHA8,0.02237630616101797
FLJ44635,1.53159103242444
C19orf38,0.5036064070463687
AC092143.1,0.2973692872488368
USP17L25,0.3329512706807636
SPRN,1.7396136572661844
PGBD5,2.519067242866789
POLR2J4,-1.5396058915720434
ATPSCKMT,-0.4406340490961915
FAM72B,-0.28700895627607986
PCDHA13,0.07618532120962135
GTF2IRD2B,-0.673499578158926
SMCO2,2.694808943954887
POTEB2,0.2559902386273164
XAGE2,-0.6248566633289924
ANKRD20A4,0.9366843114005353
ANKRD63,0.9577795926364352
NBPF20,1.53159103242444
TMEM170A,-0.03172346678946898
PALM3,0.23301523671601812
AC068775.2,0.18657614920534657
KLRF2,0.13516203694811854
EFCAB10,-1.0624973578950658
EFCAB12,-0.9357327821087331
C15orf61,1.351488702200336
TMEM52,-0.49547418265849635
IGHV1OR15-9,0.68777941859293
ARPC3P1,0.4607897930229214
STOX1,1.407490393117336
RAB1C,-0.42104844141951075
MAGED4B,0.7230971365318264
USP17L23,0.21919759244123502
WASH2P,-0.7176780044196225
FAM20A,-0.09524245812101612
AGAP11,-0.17919297906015855
DIRC3,0.328149697411215
TBC1D3B,0.6878157736107552
AGAP9,0.6878157736107551
SCGB1C1,0.6427689379087593
TMEM270,-0.0025882601034246957
LDLRAD2,0.17994204969982336
SLFN12L,0.33400187081670063
STOX2,-0.6517352244060775
DEFB114,-0.29215876618381253
DEFB132,0.8476739245279514
ZNF286B,-0.1799454153379462
SHISA4,-1.2632987784091758
MT1B,1.596984127432663
MT1DP,2.1638854730388757
CCDC26,1.4537968276855981
BMS1P1,0.5186067986803616
SNHG11,0.5605362835368444
MGC39584,0.5854756305455936
SLC25A45,-0.6834007875316929
GK3P,2.7501845983123103
MMEL1,-0.5471166942693416
GPHB5,-0.8598421076253796
PGBD2,0.03027999659779688
RPL9P8,1.8014478813966788
BTBD19,-0.2521066683321157
CDC42EP5,-0.20273170207956714
UBALD1,-0.7151526455369906
SHROOM1,0.40184592537947245
C17orf58,-1.5396058915720432
RFTN2,-0.455839836697515
LY6G6E,-0.0455389419692179
USP17L26,0.25397683614145145
USP17L24,0.2539768361414515
TINCR,-0.42840471218345283
FAM218A,-0.42840471218345283
RUSC1-AS1,-0.6975858290411544
TMIGD2,1.6411536115297167
NXNL2,-0.47602371043709274
TDH,-0.9459804351249737
GPR119,-0.3733410191731801
MKRN4P,-0.27648744276173726
ZNF738,-0.9478901124414506
LINC00846,-0.30585766406304543
IRAK1BP1,3.716338444220248
TATDN3,-0.24655518251114528
PADI6,-0.4818325491562055
PWWP3B,2.575596340239019
AC003002.1,0.5343993763421662
MINAR1,-0.2771556268028267
WDPCP,-0.07130027733148062
ZNF705D,-0.515538236079397
NIPA1,1.1811569167967746
TESPA1,-0.13638126226953826
RRP7BP,-1.6630223572907916
TMEM136,-0.30513240354813836
MROH1,-0.23552939565853093
MEG3,-0.4052328483725455
TMEM37,0.6721740871036139
TRAPPC2B,0.09443953811436098
UBE2Q2L,0.12109443416909488
AWAT1,-0.5725761341643063
BTBD11,2.2973452780527057
AC004997.1,2.3257839371644646
CD177,-0.40431986672737025
SPINK8,0.49915306780965063
ATP6AP1L,0.8134800336743165
MAGIX,-0.5950645979039455
HMCN2,-0.912048408918344
KIR3DX1,-0.4479946087370708
RIMBP3C,0.8658778573815544
AC010422.3,0.6324743278451833
FAM166B,-0.39281053713211966
MSANTD1,1.0721613690186018
FAM229B,-0.5161521575986794
FOXO3B,-0.20603559464073734
AC005837.2,-0.6609109428219023
NRN1L,5.599946676178174
DEFB127,1.2433422206040528
LOC100653061,-0.6668200123103306
HMGB1P1,-0.20833525397324026
AC104831.1,1.4241513994930213
ERMARD,-0.6968235820123809
LAYN,0.18693361129347613
SVOP,-0.6728570714851441
CCDC142,0.35855340756444287
CCDC30,-0.8122478135778985
TRABD2B,-0.11285419056412106
FAM45BP,-0.20379329507451394
PPP1R3G,0.15363567050852045
GREB1L,-0.6323414685788648
NT5DC4,-0.7716549165913029
TMEM255B,0.8108182953252953
DEFB115,5.862104670538744
TEDDM1,-0.29449156128456816
PMS2P3,-0.5497147245223101
HOTAIR,-1.5501622028214828
RPL4P5,0.6258779814433384
C9orf135,-0.13911232622700553
UGT2A2,1.4845201413050295
FAM9C,-0.575985144452923
CDCP2,1.2877306182561596
PLPPR5,1.4705366444551167
SHROOM4,-0.23770654368954738
CCDC171,-0.5549739555463357
LYSMD4,0.16802273196099565
TDGF1P3,-0.7068869215282432
SYCN,0.4425390582252919
SCARF2,0.1046600742530547
GPRIN3,0.45006471567441436
AQP12B,0.07572619324478744
AQP12A,0.015716707038912522
C1orf127,-0.92348542738674
GAGE4,-1.0177646718579012
THEGL,-1.1040838322591466
AC099850.2,-1.0117239506176428
C8orf86,-1.1258807445355994
DCDC1,2.136152178801691
IGHV3OR15-7,-0.4059705965686664
ZNF846,-0.04338387322410328
ZNF525,-0.3098273632623115
SUPT20HL1,-0.3714476636399925
PRAMEF17,-0.32496703522312276
RPL35P5,-0.1396432202542641
ZNF804B,-0.47009403938692507
ZNF732,0.36735678572024155
ZNF737,0.3673567857202416
ZNF705A,-0.7130281803255174
ZNF658,-0.7130281803255174
FLJ38668,-0.7961746905053475
TMEM234,-0.4145366142606995
LOC729603,-0.14722927080312984
NBPF9,1.53159103242444
TMEM235,1.2894471089670196
ABO,-0.5141128311470842
TMEM74,-0.454800529448815
C2orf66,0.37201996695845435
PI4KAP2,-0.6175222072164733
SERINC5,0.22395262819531547
MS4A18,0.6914364206897502
TMEM132D,0.5056689764350112
DNAJB3,0.006296851489396333
LOC153684,-0.3586267157648804
TCL6,-0.7081299752237029
GOLGA8DP,-0.8596481141331508
CYTL1,-0.10622080118324312
VWDE,-0.43794455518892605
LYPD8,0.5380280450799402
CCL4L2,0.7498160230572369
LINC00656,0.21591898983292945
FAM178B,-0.6920345605939621
TRDC,0.15206023400507954
FRRS1L,0.23460425815479233
KRTAP10-4,0.14236460332358042
LIPN,0.2551602787597491
CASTOR1,-0.5100539887220775
CASTOR2,-0.049229229537084106
NUTM2F,-0.36882960378664253
PRR22,-1.780195320950985
GOLGA8R,0.22599852737051362
GOLGA8H,1.5315910324244397
PRKY,-0.02357685989179278
WG,-0.503449039353121
CTAGE8,-0.5424754882631073
CLEC4F,-0.17762874366669526
MAP6D1,0.06757455403179266
GAGE2B,-0.3125057840845801
SMIM24,1.5315910324244397
OPN1MW2,0.667918768778171
RBBP8NL,-0.4156198551312136
PIPSL,-0.2315435855550109
DEFB124,-0.36589137038584796
LRRC3C,-0.8606036288483165
LRRC53,-0.4939535223290401
PATE3,-0.8363509858554262
MT1P3,1.5667870098176695
RNASEK-C17orf49,-0.46388470300270573
CCDC140,2.194666829550101
GUCY2EP,-0.7263730048253834
SVBP,1.2040376254837892
RNF121,-0.047755539939083304
C11orf40,0.2198628300607704
AP000350.4,-0.4248212279627769
C15orf65,-0.6927438912833875
KAAG1,0.40774575293791676
VWA5B2,1.7200429777784076
DCAF8L2,-0.9688380572457767
ALKAL1,-0.2537652642262055
LINC01465,-0.10833150829463797
AC068896.1,-1.2172744765030517
PPP1R2C,3.2810070736137593
AC090527.2,-0.6592069931377406
AC110275.1,0.7476276942072207
WNK3,-0.14297083183819448
HIGD2B,0.7332852370727468
TMEM179,0.3516299812126643
CCDC141,1.6774297498090007
SRGAP2C,0.4995923813549077
FAM180A,-0.8502370209786589
EGOT,1.0006132055026529
AC048338.1,1.5130207843256385
LINC00265,0.04962143696546208
ZFP92,2.5429262131402517
CALHM5,0.28136550163450197
PRSS3P2,-0.25076659349933267
MINDY4,-0.12104247255940943
SPACA5B,-0.6652322502123392
TMIGD1,-0.49871239507380166
CYP4F8,-0.3026922730358775
C4orf47,-0.8497515712181232
ZNF205-AS1,-0.40729602575268986
LOC142937,-0.3677288619989859
EEF1E1-BLOC1S5,-0.5313307133433657
AL110118.2,0.16302622399695382
CCSER1,0.9111088202157708
AC026464.3,-0.18140508703666938
AC026464.1,-0.20557198561410905
TRN-GTT2-1,0.8546495301117756
BHMG1,-1.1264776404848156
CLLU1,1.7143349827675887
HPF1,1.1906161612536266
PDPK2P,-1.0246744864337012
NUTM2B,-0.17762874366669523
NUTM2A,1.53159103242444
CGB1,-0.28165328456605065
EEF1A1P5,0.5718267829506766
INAFM1,-0.11526087026216336
ZC3H12B,-0.6497199424102391
TMEM150B,1.6075669203570824
TMIE,-0.654797525450371
STRC,-0.748351722984982
CYB5D1,-0.19796460069491054
KIR2DS1,1.3175520413178576
CLEC19A,-0.4033736127039882
IGKV3D-7,0.049294110513136036
CORD1,1.0238776434172914
TBC1D3H,1.6769027126898106
RP9P,0.3917641024985234
CT45A3,0.20004790946611223
SPANXN4,1.1380816314961506
TPRG1,-0.10500591244101355
LOC613037,-0.38518523782999897
DEFB106B,-0.4216362776972908
C1orf74,0.41983217145665547
EEF1B2P5,-0.1326099498258004
PQLC2L,1.3813722666604376
SPRR2C,0.24894070265906984
BHLHA9,1.7539992674159817
C15orf54,0.5718461924944422
CLEC2L,-0.6482725424795082
MT1L,0.5295895679596461
ARPIN-AP3S2,0.4608286367771699
PPIAL4D,1.2734712116987237
TBC1D27P,0.2616057138911856
VNN3,-0.2593226943284886
PLET1,0.5380280450799401
PRSS41,0.5380280450799401
MDGA2,0.781245678552485
ZNF182,-0.023738867322690416
FAM163B,-0.5395809148859715
CDRT4,-0.21037321901713563
ZNF630,0.12163300474627528
REXO1L6P,0.4580018169807971
CRIP3,-0.6149175051763434
GLTPD2,-0.8184013632464539
C10orf120,-0.9904064065091129
C4orf48,1.3103115887177732
NPIPB9,-0.4036476305196805
ARMCX6,-0.18939065558964194
RBMY2FP,-0.733050842424644
CT83,1.53159103242444
LYZL6,1.8232804209989295
AL359922.1,1.3729513127418997
C2orf15,1.0609497429523875
SIGLEC16,1.4685394405926453
ILDR2,0.13390748020852233
HSBP1L1,-0.65697433786397
ARMCX4,-0.6352918255275959
TIFAB,0.3780316563603163
C11orf42,-0.8492904111969434
TRIM77,1.5315910324244397
XKRY2,0.09651970937323422
RNU1-4,-0.8105545517444415
RNU2-1,-0.8105545517444414
ZNF275,-0.13504593193875197
BAGE3,1.0006132055026409
CXorf40B,-0.6614439441285035
LOC344382,-0.7017441902668762
DEFB104B,0.2997767991545972
AP001458.2,-1.8990829947801364
FCRL6,0.08320509721066002
SNAP23P1,0.2948161414409604
IGSF23,0.032904647192816286
CTXN1,-0.0942800785669713
LINC00312,0.9358628904892872
SHOC1,0.3011547025795305
ST13P4,0.5821308470595511
PLD5,0.5578537338367041
GOLGA6L10,1.5315910324244397
TMEM114,-0.9198529433701818
CRYGB,-0.19818045069554263
AL589666.1,3.9331995024897433
BEND4,0.4786672607436175
FAM184B,0.15759194767134518
NBPF8,0.371225797342047
C20orf197,1.000613205502641
RPSAP58,-0.9553430572051551
SMIM17,-0.06926082116269958
PCDHB4,0.28635174986744066
CFAP54,0.5404263509748963
CR1L,-0.4842023922685375
NBPF14,0.3461714298778576
NBPF12,0.7244799483008566
GAGE12C,0.3068529890061132
TMEM121,0.16310600825388738
C20orf203,0.0669447090002468
KIR2DS5,0.9560479087092568
CEMP1,0.0840032191043581
HDL3,0.541026609743768
TMEM44,-0.3457919818497075
LINC00242,2.2392850994737112
TMEM169,0.7765622060062218
C4orf51,1.5315910324244397
GBA3,-0.30929804418581114
POTEM,1.5315910324244397
ZHX1-C8orf76,1.5315910324244397
TMEM183B,1.5315910324244397
KCNJ18,1.53159103242444
PLEKHD1,1.5315910324244397
ZNF730,1.53159103242444
ZNF735,1.5315910324244397
ALG1L2,1.5315910324244397
ZNF717,0.1350780838068742
ZNF865,-0.6589579662064164
ASAH2B,0.22366966142324904
C16orf47,1.5315910324244397
MROH6,0.2722443663295646
TRIQK,-0.03612750855750097
GPR179,1.53159103242444
HNRNPCL3,0.5401908322783989
C8orf34,1.221790110025382
TRIM49B,1.5315910324244397
IGKV2D-29,0.3370291677925133
IQCJ,1.53159103242444
HSPE1-MOB4,1.5315910324244397
NEURL3,0.32316972378108905
FAM72A,2.067573648140686
RPS10-NUDT3,1.2274061837885513
POTEB3,1.53159103242444
C20orf96,0.26629907161600025
CTAGE15,1.5315910324244397
SUPT20HL2,1.5315910324244397
ELFN2,0.6813576383549138
GUCY1B2,2.9445879775465067
SMCO3,0.28128878257038703
ZC3H12D,-0.10674698381253128
ATRNL1,-0.07577340069118753
ATG9B,0.4861991900096087
GEMIN8P4,0.8266150365683519
OTOS,-0.5079573705544006
LINC00518,-0.5381158752856803
LPAL2,-1.188559594554278
TVP23A,0.4931156090993387
CRYGN,-0.8190769900009109
C17orf102,-0.8150179475843563
FAM160A1,-0.10091490443319502
CT47A11,-0.9882454446202612
TMEM132C,-0.34212196595924554
CC2D2B,-0.7595578307734381
VWA5B1,0.15808681983172135
CFAP61,-0.9931596664198397
DIRC1,1.5163348511080168
MYMK,-0.3619715159349291
NPM2,-0.45135849584425913
TCIM,0.6661918269488856
PRY2,0.06533263305455309
GABARAPL3,0.8403881863874759
CYP4Z2P,1.322187786084134
CRSP5,-0.68947995783652
ZNF891,-0.9207681273122763
ADM5,-0.06298556270977171
AC138811.2,0.14222278938226635
C3orf80,1.4251132462170655
CD163L1,0.2886980264905919
XKR9,1.1797334427321067
PIN1P1,8.350776314450654
PAGE4,-0.7623407392837293
CEACAM4,-0.17698055248203123
AC008770.3,-0.19679600655241936
TMEM121B,0.6766828859280467
FAM74A1,-0.934778881138271
FMO6P,-0.7327226036827048
KIR3DP1,0.049651713847415506
TAC4,-0.7809267513856925
C1orf189,-1.4544328920797902
DLX6-AS1,-0.08771315052664673
C16orf89,-0.6572404939171645
SPATA31A3,0.07501674518465308
UCN3,0.8382319062062191
FAM222A,1.6770706028038596
KRTAP9-7,4.599737328200272
SIAH3,-0.6006354467375024
EXOC3L2,-0.19515438010491934
C12orf74,2.09724792719999
TRNAG1,-1.3888173459207904
PPP1R2B,3.1469292765682177
C9orf163,2.520745135383778
MRNIP,5.90731254803005
TRPC2,-0.8303881455132524
C2orf74,-0.36581224640268856
FAM217A,-0.5796610641922921
CDHR4,-0.22860147421687482
ANKRD33B,0.06513065950969188
DDX12P,-1.4332881879901058
PRR29,-0.13572537103095259
PPIAL4E,0.2605285269373081
INTS4P2,-0.030789544038219804
GPR137C,0.5121526832037702
ST20-MTHFS,1.5329203629322108
WASH6P,0.28882478885219326
CARF,2.1118192555635216
VCX3B,1.2610583446868044
GGT3P,-0.43148222520774254
ERV3-1,0.08481404343820252
VSTM1,0.026265106002901925
EIF3FP3,-1.6238155792402147
RPL13AP17,-0.014889783968157462
MRRFP1,-0.8706723725395598
C16orf46,-0.7959569160198084
FREM3,-0.015427714164655739
SLFN14,-0.3682697849611715
ARHGEF33,1.9335059584748115
AFG3L1P,-0.27288050650924833
SSX6P,-0.5802886798221766
ETV3L,-0.10841710405001209
ITPRIPL2,0.9910570493462959
PRSS40A,3.7989766974807484
AC013269.1,3.7989766974807484
NAP1L6,-0.5829840733540289
IFI27L1,2.5021107243729808
LINC00588,-0.3677288619989859
C6orf222,0.1990384947504477
STAG3L1,-0.21812397786337628
VWA3A,-0.3707281535049918
ASB16-AS1,-0.8985220432559402
TMEM236,-1.1392188634105074
XKR3,-0.8785170010611656
GAGE2E,-0.015024057736646577
ZNF702P,-0.5320962549747397
NPIPA7,0.4174812508293296
EEF1DP3,-0.0624869253607793
NCF1B,1.128386399888504
LY75-CD302,-0.7333090836205858
XG,0.6924087900994363
CXorf40A,1.4261402911106533
RNASE8,-0.19711395010237165
GOLGA2P11,-0.6632356992013689
C12orf42,-0.400761227482789
OC90,-0.6035588884446978
C2CD4D,-0.22125509216388708
C2CD4B,2.523757663405111
UBE2L1,-0.21108699872226208
PDXDC2P,0.2950799354889242
AC135050.2,1.3327793830464967
C8orf58,1.112486409285227
SMIM2,4.3011414837184425
JAKMIP3,0.5870083689042108
MUSTN1,2.349433325606691
MAMDC4,0.3628334556696048
NAT8B,-0.2805548728067505
PABPC1P1,0.8370104857712983
C1orf158,-0.8913585312888054
ERICH6B,1.1663407636390661
DUX5,-1.9498974236037532
TMEM117,1.4196550648022233
SEBOX,-0.6726978519652197
MAGEA5,-0.7708403817747407
AC011479.1,0.2864335405293493
PRR23D2,-0.9636611044937583
XKRY,0.09651970937323424
ZNF767P,-0.6752378917151498
ALKAL2,0.45897353066782703
PRR23A,0.5829358280582558
ANKRD26P1,0.14707354728544925
CLPSL2,6.079555050774318
C9orf85,-1.0642568231359886
CD200R1L,1.2145493935646265
H2AFB3,-0.13641478968897935
SLC10A6,1.5260177747209112
OR4F16,-0.9155570503681887
KRTAP3-4P,0.1702000239687399
C8orf88,-0.6351307032018734
NPIPB15,-0.08432586455032563
RFPL3S,-1.0150455496269537
CYTOR,0.31156364867013947
C22orf34,-0.01056515891963981
IZUMO2,0.506198075190223
LYG1,0.4047018672481388
SEC14L6,0.27431967593771306
RPL23AP32,0.9831673416153238
MIR4435-2HG,0.31156364867013947
GLOD5,1.0238776434172914
TMEM26,-0.26301065645224303
RAD51AP2,-2.086320651500122
AC010422.6,-0.43253101366536373
PLEKHA8P1,-0.29768887499198055
MGC34796,-0.6175222072164732
CD300LD,-0.5308396978452165
SLC10A5,0.16659622166914928
BAGE4,5.862104670538744
FAM181B,-1.1592882162910452
TPT1P8,-0.8979747565077499
