,z
UBE2Q1,-0.3685600628317047
RNF14,0.0657439904565786
UBE2Q2,-0.6249719102947766
TMCO1,0.09564411129177446
UBAC1,0.4137351628066682
RAB4A,-0.2332313085649659
ZNF706,3.288182936052202
MIB2,-0.2581572952749796
RNF114,-0.4391687300797506
RNF115,-0.5096337203447007
RNF111,-0.6835838586289702
EEF1AKNMT,-0.586698194653303
UNKL,-0.4774513220598622
MMAB,-0.7378526611381077
UBE4A,-0.8378181239664997
DDX41,-0.12894272872796986
ATMIN,-1.095557716485474
TSG101,-0.5426218455260772
FBXW11,-0.7251052553564491
UBE2D4,-0.7418876902910905
RPS27A,-1.0705079140804166
UBE2D2,-0.9777871790555249
ATP6V1H,-0.2517648654351289
UBE2D1,0.668966569892707
MFSD11,-0.7118356106003931
CCT3,-0.6426254080489495
LNX1,-1.0544935125282924
MRFAP1L1,-0.09743088592510478
GTF2B,-0.738692116195985
FBXL13,-0.5353262307465502
FBXL12,0.038014195363818976
FBXL15,0.010638602576460755
FBXL14,-0.5445983449358235
FBXL16,-0.49579845416732143
FBXL19,-0.704482837169751
FBXL18,-0.41712793820271676
CCDC51,-0.6975894817485851
PPP1R11,0.4307280501654827
AKTIP,0.1518084324760747
RNF41,-0.663673914961635
ANAPC1,-0.9048679607673992
ANAPC2,0.7507772379829988
ANAPC5,-1.0652198992362654
ANAPC4,-1.0123644913063332
ANAPC7,-0.6713326745894755
ZNRF1,-0.5060943877618709
LRR1,-0.9344479676946306
ZNRF2,-0.6578412026186475
FBXO30,-0.4568032724273911
FBXO5,-1.08765691905378
FBXO32,-0.7242874997197152
EMC7,2.6038303412823156
KLHL25,-0.26605252113396755
KLHL21,-0.4852802551408943
KLHL20,-0.6394569247047548
KLHL22,-0.10262417392722763
MKRN1,-0.46924339604060367
SPSB2,0.10464874489055462
SPSB1,-0.39723722076470547
TRIM50,-0.3208028509719197
SPSB4,-0.2899078507613378
ARF1,1.4491881809297136
CDC34,-0.06703559262788016
AREL1,-0.4889522002519819
LONRF1,-0.7960567800803068
CIAO2B,-0.2748489847457103
RNF25,-0.8273755406800527
UBE2V1,-0.725333975844242
UBE2V2,-1.031317257908701
RNF26,0.44255383624954836
PSMD8,0.080846813088416
LMO7,-0.5417930498601169
MGRN1,1.1172953809180914
DHX8,1.6884743785015996
SPCS1,0.23374923137786896
ITCH,-0.41495504690716045
PSMD4,-0.2786024277026388
FLAD1,-0.22651026229050497
CBLL2,-1.0931194045431185
ARIH2,-0.15828389217526645
TRIP12,-0.6643741176457448
MEX3C,-0.7653645958967917
E2F6,-0.7244091134391947
SNW1,-1.1210106269746076
PRCC,-0.44889923620735883
C3AR1,1.4650812431616271
BTRC,-0.7025422907743567
TRIM11,-0.3631416941892046
HUWE1,-0.47879240126300504
UFC1,-0.2383148672694504
LRRC41,-0.1536092988154954
USP25,-0.5670304440063363
MOAP1,1.041864258359523
ASB2,-0.22874100536691988
ASB1,-0.5984388742566198
ASB6,-0.5773492924902516
ASB7,-0.7557400225775754
ASB4,-0.9415172525058494
ASB5,-0.7423963405141522
ASB8,-0.7973887308514918
ASB9,-0.6913398698156605
PIP4K2C,-0.3640232574450738
ZMPSTE24,0.13562378897567534
MRPL34,-0.3052107887396431
UBE2R2,-0.6278860850963583
IMPA1,-0.08229183526402734
RNF19B,0.055972295053297594
RNF19A,-0.5861262071176615
RFX5,-0.45480001385944385
TRAIP,-0.9697287170728941
UBA52,-1.0346285616402797
KAT7,-0.7371921776133578
EXOSC7,-0.7483281617651804
ADAR,-0.026707601121469655
STK24,-0.7159601938619549
GPR161,1.6997937339493592
UBE2E1,-0.592598947062259
UBE2E3,-0.7682765207838818
UBE2E2,-0.6719137313799661
DLGAP3,-0.6731858877351774
JTB,0.21958969568663642
TRIM9,-0.7252180571476741
FBXL20,-0.5292619572710003
TRIM4,-0.43749073298017616
FBXW12,-0.6319523959689652
PI4KB,1.3682559249466297
RNPEP,5.042034925335631
ELOB,-0.5425017478321896
FBXW8,-0.5525383671809643
SKP2,-0.905930688999392
ZBTB16,-0.6855181169628729
SKP1,-0.48913034349834417
DEDD,0.6409811556248662
WDR26,-0.5668431813859092
FBXW9,-0.5068213432735533
FBXO21,2.8347034034538896
FBXO27,-0.5190016149915742
HNRNPAB,-0.5706166361671284
DDX19B,-0.43789056705692675
FBXO28,-0.6087687355322803
FBXW4,0.6004735111036629
FBXW5,-0.3360614016136181
FBXW7,-0.5650639783728828
KLHL11,-0.3817095625020531
KLHL12,-0.29908724817001325
LRSAM1,-0.252130796819807
SH3RF1,-0.023596478933112962
CSTB,0.23183502124186342
GNB1,0.543905793431349
UBE2D3,-0.931577437397787
TRIM69,-0.5212340251067997
JOSD1,-0.4403794605856356
TRIM63,-0.8481794031634677
PIP5K1A,-0.4849533670351024
KEAP1,-0.25704300055294976
ATP6V0C,0.6918159176120624
ERCC3,-0.7471238037351576
RNF34,0.2911152886643719
TOR1A,5.554959067157656
TOR1B,4.885408592688077
RLIM,-0.4342909965257599
TMEM248,1.266893399646419
MFSD5,1.1900647600902514
PSME3,-0.7349256572892006
KBTBD13,-0.4648427340407778
DDX23,-0.7287221977287192
ERP44,1.6364218781975974
ILF2,-0.6596148178143753
ASB10,-0.6716370602016041
UBE2J1,-0.556829990855996
UBE2J2,-0.5675248135708605
WWP1,-0.17259841733264772
BTBD1,-0.5052988156707157
FBXO10,-0.4527063106581647
FBXO17,-0.579239374322042
FBXO15,-0.5674512499028344
ASB13,-0.7109177836473953
CAPRIN1,1.6241678815117098
PPP1R7,-0.25947854159876854
CERS2,2.783421054539227
ASB17,-0.8980448641251946
EIF4ENIF1,-0.9602706308066125
CUL5,-0.7776940185671952
CUL7,1.6715501775628632
CUL1,2.5514401181973336
CUL2,-0.900269731739648
CUL3,-0.8327259879594743
TRIM27,-0.35389149984103774
TRIM21,-0.2506793968514108
IRF2BPL,-0.3368628173008988
RNF138,-0.5866786470251151
TOR1AIP1,0.15626802611706642
DZIP3,-0.6267814705318205
RBBP6,-0.8823603401315547
RNF182,-0.7944397617691054
RBX1,-0.9236636912741474
RNF217,-0.413456202974866
RNF213,0.09464836403899736
SLBP,-0.8858742830465409
SMURF1,-0.5884847270178829
UBE2F-SCLY,-0.3835896380557399
SMURF2,-0.8236642182874734
CDC16,-0.9026590353017951
UBAP2L,-0.4104401679507957
RNF130,0.08909607689646422
B4GALT1,4.1177402681656075
B4GALT3,2.0192958352999915
PJA2,-0.26313907062091313
RIC8A,1.485970534168939
HERC1,-0.8659207675036847
HERC3,-0.9943914743889606
HERC2,-0.7395413958194328
HERC5,-0.6783600546979881
HERC4,-0.7340255387734627
HERC6,-0.40569698211456356
MRPL9,-0.6060290003353329
UBE2I,-0.7696748583937806
UBE2H,0.9406928495069261
UBE2K,-0.8903114847390403
UBE2M,-0.35608171389083343
UBE2O,-0.7658814254573503
UBE2N,-1.0454277949913249
UBE2A,-0.7033642510250296
UBE2C,-0.9518943048167522
UBE2B,-0.8349359036713827
UBE2F,-0.6181490899171354
UBA5,-0.11263119560070624
RBCK1,0.3273880239496847
UBE2S,-0.7443530072338246
UBE2U,-1.0158599479001396
UBE2T,-1.033932607051281
UBE2W,1.9233926779834856
DPF2,-0.07680964483061535
UBA1,-0.1625476627881037
FBXO2,-0.4071468409805703
FBXO4,-0.4788330082929761
FBXO6,2.6324056089908217
FBXO7,-0.3799419846668454
FBXO9,-0.1667993219133887
HACE1,-0.49176521482806784
SRPRB,-0.0774549458541518
ASB11,-0.6701732383823806
FHL3,-0.22628783545423
FBXO44,-0.5487296947083783
FBXO41,-0.5164026768903515
FBXO40,-1.0295670654533093
NDUFA8,-0.5080528073811097
DET1,-0.6475064611731121
TP53,-1.2022508332018935
MAEA,0.17622855425000808
TRIM71,0.05800053202823783
BIRC6,-0.7860270636133487
PEX19,0.4746706018711573
MAP2K1,-0.5096273049817835
ADPGK,4.7157884137158845
ANGEL2,-1.2291851699718357
RCHY1,-0.7412182437794874
LYPD3,-0.05612699373791297
NSF,-0.42045277937703895
APEX1,-0.6213437186647826
UBE2Z,-0.25327212829852425
MAD2L1BP,-0.5862568430991473
POGK,-0.7309261021001134
PPP1CA,-0.011422513001126918
MYLIP,-0.25469228391860727
M6PR,3.0785790038022935
HECTD2,-0.5306353036100988
HECTD3,0.8560049479303395
ASB12,-0.6575228541139944
HECTD1,-0.9909180730523769
ASB14,-0.652994377718849
ASB15,-0.9611155614781134
ASB16,-0.7075939368656226
UBE2QL1,0.7158768686300204
ASB18,-0.5004246147047214
DHX16,-0.5462682864891888
AC022826.2,-0.6959285747593413
STUB1,0.09794808794589313
ANAPC11,-0.7457403685359559
ANAPC10,-1.0524034777639495
ANAPC13,-0.5697319325846116
CSNK1D,1.2538815634940588
UBR4,0.760539613340899
WSB1,-0.5619950718551032
SCAMP3,0.6538912140027066
CHTOP,-0.9674410495855252
KLHL5,-0.3490398737724023
KLHL2,-0.5645789484354864
KLHL3,-0.35683215250604916
UBR2,-0.36558169790247796
UBR1,-0.8628607456335615
FBXO22,-0.5923906969195216
KLHL9,-0.3639957828253502
FBXL8,-0.28716960312356204
SOCS1,-0.4579666565634979
SOCS3,-0.481435511778528
FBXL3,-0.5333718470733683
FZR1,-0.6993252103821811
FBXL5,-0.43521431532608634
FBXL4,-0.7297688912417111
FBXL7,-0.2078468293541206
SUPT4H1,-0.4035809682569628
TMEM189-UBE2V1,-0.6366661109134174
UBB,-0.9689534391093213
UBC,-0.28951121556117093
RNF6,-0.5582636020818402
RNF7,-1.0820855005073582
RNF4,-0.8641693486277243
TRIM39,-0.7648975943054288
TRIM32,-0.6049817198996535
TRIM37,-0.8749954346221263
TRIM36,-0.9131532505169331
UBE2L6,-0.2062115626141889
UBE2L3,-0.7882089429242444
KBTBD7,-0.29905801621379496
KBTBD6,-0.5705754120876044
UBE3B,-0.2514032212303816
UBE3C,-0.7429926945821389
UBE3A,-0.8615154260973963
CCNF,-0.8876362646771112
UBE3D,-0.450158241138205
KBTBD8,-0.49002658257337955
NGRN,-0.54634491438521
HTR2C,-0.20053281812349635
PCBP1,-0.5172937424742847
RNF220,0.07082876436549991
ECPAS,-0.09323573236441705
ARPC5,-0.020267377854960012
TRIM41,-0.9884282643828343
TAF7,-0.9762835890197445
SLC25A44,0.49475167979119805
CDC27,-0.8577013798953573
CDC26,-0.9708181374867121
CDC23,-0.7498555511957697
CDC20,-0.9684838575090553
KLHL42,-0.33705805689411183
KLHL41,-0.7538479494126193
HECW2,-0.5583511639622931
RNF126,-0.27688388220355403
BTBD6,-0.47164792892737323
RNF123,0.8136004868681908
DTX3L,-0.3216529826822177
COP1,-0.6911178395306952
NEDD4,-0.6981435096790954
PFDN2,-0.7031177613558337
SIAH1,-0.6189868861135183
SIAH2,-0.7432384715585459
TCEAL1,0.23162498774918017
RNF144B,-0.42359165033508217
PSMB4,-0.33385362840299915
KCTD6,-0.3817502879809714
HAX1,-0.08566134395314563
VHL,-0.6209581655332439
UBOX5,0.04058163060122272
LTN1,-0.8337186095306988
UBE2G2,-0.6031836013465764
UBE2G1,-0.674077501760399
PJA1,-0.7525359831502957
UFL1,-0.21864577655842365
RFXANK,-0.07391210453941048
RRAGA,0.010876905438835375
TRAF7,-0.4672108518303453
USP11,0.5923136340799329
C1QTNF2,2.0781431116032127
NEDD4L,-0.6954600643580252
SCFD1,-0.4915535636537976
RNF11,-0.4051619847317663
UBL3,-0.03891894340082611
HSPA4,-0.5850341346622809
SUMO1,-0.8770874929234235
HSPA9,-0.5755939755730548
SEC23IP,0.01618765532071853
ANKIB1,-1.4003949974494339
COMMD8,-0.3303918673264182
C6orf120,0.00202579627561988
CDC73,-0.7404438479167444
PIK3CA,-1.105130175494603
RMND5A,-0.8352742547049045
PRKAG1,-0.22075572706585334
FAM114A2,-0.6383241001344224
ABCD3,-0.4866827992360393
HBS1L,-0.6931389123392172
RAB9A,0.07316799531502742
WRB,0.22037913653998092
NIPSNAP2,-0.07178169525855965
SP3,-0.7889320445679823
AP5M1,-0.23877036160188744
TMEM9B,0.8111668089953027
DHX29,-0.863831059472789
TMEM184C,3.3485379955667094
GPI,-0.3529436498091524
SNAP23,1.3767970532729126
PTER,2.9766124907193876
ARHGAP12,-0.04917320666359682
TCF12,-0.8042650242423144
CTCF,-1.26405426831004
ATP6V1D,-0.12114939888887617
RPS6KC1,0.6719904436239132
ATP6V1A,2.717237635318794
ALDH3A2,1.065031508832437
PUM2,-0.643102383614754
ISCA1,-0.5373453057346604
SPTSSA,-0.052253147846435546
ARNTL,1.731109191264262
RWDD2A,-0.002089504882990699
BUB3,-0.9898860675765627
XPO7,-0.5919644007148095
RWDD2B,-0.5915287092926848
APOO,-0.5825342957067204
CETN3,-0.8017013568386199
CTNNB1,-0.9992702673002436
JAK2,0.8847558400626439
TMED10,2.455904073762889
KIF1BP,-0.2456928335653227
TSPYL1,-0.09636071528156533
ZNF226,-1.0291933446264874
CHUK,-0.8000895302087201
INSIG2,-0.06412375864201476
CSGALNACT2,0.9468503659141514
SLC39A6,-0.3206160375461148
PREPL,1.8300001753775306
RPS6KA3,-0.5463480313068837
CSNK1A1,-0.8880450970890447
C5orf15,2.1412085254718316
GFM2,-0.6366017129016702
ATAD1,-0.890367581594836
SLC35B3,1.1978180167269235
TTC37,-0.7047476227699615
MINDY3,-0.676335362165149
MINDY2,-0.06407632855791234
EMC2,-0.3716142870059703
MINPP1,0.11079957429039958
FBXO38,-0.6391066163104804
ECHDC1,0.4167102782426701
SOAT1,1.154818044314529
SMAD4,-0.7689874803891921
RAP1B,-0.5061079490546686
RAP1A,-0.49036547895674215
AP1AR,-0.10842205786138713
DCTN4,1.6350562287947468
LRIF1,-0.6990782154736951
NCOA4,2.1613392499272592
CCNDBP1,0.10681698832127234
CRYZL1,0.12137066269026807
ALAS1,1.6565654651057289
CRBN,-0.2602117273433203
TM9SF3,2.043844727744051
TM9SF2,1.4479258296478534
TOGARAM1,-0.19436323741784972
AUH,0.13100913289682953
TMEM59,2.137655165603432
CIAO2A,-0.3561556273894003
TCEA1P2,-0.6922387875700416
PRKAR1A,-0.31482320995580804
SAR1B,-0.08473996662170932
SCAF8,-1.0888787496557817
CAPZA2,-0.3419258237116619
PEX7,-0.38203409307747416
PRRC1,0.7995221937224773
SUCLA2,-0.30953411352725757
ATP6V1E1,0.14087679022761052
TBCA,-0.48288709528176166
MORC3,-0.572229281449349
ACTR10,0.023875877590199716
CPEB4,-0.14879808079851095
TMEM251,2.2789540734297336
CAT,1.2429325689661748
EI24,-0.06703704435754
RAB2A,-0.2594889176253849
C10orf88,-0.11432200293813331
EPS8,-0.2032678048266504
EPS15,-0.5141611991672932
TOB1,3.9888360127931053
PRMT2,0.3261147419473236
CLIP1,1.2706318250257775
HNF1A,-0.788004392872381
ETNK1,-0.3346505048031308
ATP6V1B2,1.2750303391604414
CDC37L1,-0.3925144369668657
ARIH1,-0.6910978982599091
CD46,1.446618513484475
HIKESHI,-0.4497225836185933
FPGT,-0.14915948648195823
LPIN2,-0.15142963464523937
CGRRF1,0.33827696463723295
RAB21,-0.04084387230784662
LACTB2,-0.4610993839463709
DMXL1,-0.8609717557075057
NCK1,0.9755602223648171
EXOC5,-0.4649987583030954
MBD4,-1.0424305472196085
PPP3CB,-0.46922028725401843
SPG11,-0.29218764246344714
BZW1,-0.5100092523238541
MPC2,-0.23794292414351997
MARCH5,-0.38723209602034525
MARCH7,-0.8111465535982549
RCBTB1,-0.23927552782509226
SLC25A12,-0.5322409326248166
ADSS,-0.4318042919301322
B3GNT2,0.3409452815240799
NFE2L2,-0.3325626156457248
DYNLT3,0.5546445646611609
TTC5,-0.636451769099659
RARS,-0.6616473527437514
GMCL1,-0.42126029854908825
ZNF263,-0.6127622913121588
MTMR6,-0.12711193726982284
TSNAX,-0.35100313147522294
UTP14C,-0.8504995916580885
SEC24A,1.4708281377973607
TERF2IP,0.4352459410034936
SIGLEC10,-0.47723375260681933
SIGLEC11,-0.7389653960331102
SH3BGRL,0.2922709829759631
HTATIP2,0.33045763499573744
SYPL1,-0.15431020081175537
OSBPL11,-0.2788643589176107
SCARB2,2.6792899165465855
MRPL42,-0.945130018566798
RNF103,-0.06675946294913007
APC,-1.0447415767763872
UQCRFS1,-0.11395355035125818
YIPF5,1.415839765114774
YIPF6,0.010583010894696234
SNX2,-0.1837797396564914
SNX1,0.3909359573045541
ARFIP1,-0.0893870800665119
COPS2,-1.0134300966010807
SERINC1,1.1764286936049053
COPS4,-0.6533553799987034
ALG5,0.9881103035508381
MED7,-0.7681715004092238
BLCAP,1.0037074889996604
SUB1,-0.7267207547514087
RAB11A,-0.36100497230614503
DERL1,0.06880075169418343
C11orf58,1.682353311964312
MAP1LC3B,1.3447491462264733
OGA,2.7929578414375733
TCF7L2,-0.8649132840547998
TCF7L1,-0.532474064894726
DLD,-0.40252519914243146
DNAJB9,1.189683550530703
C12orf29,-0.857071326377128
RFK,-0.16692730154915014
HAT1,-0.8770803843697428
C18orf32,0.22624026485501877
KDM3B,-0.23820286274870459
RALB,1.7293762755843969
MMUT,-0.44716407154179166
TMEM126B,-0.7461766115889611
CCDC47,0.02466006215732886
ZNF236,-1.5084028816948716
AIDA,-0.23323058638504077
STXBP3,-0.6755453927199306
PRKAR2B,2.5737894727159625
AL136295.5,-0.27601350762529203
FECH,0.020358288593715412
BET1,-0.27295261639316293
TMEM14B,-0.26640663980606716
TMEM14A,0.006071918866483746
PSEN2,0.5091813467518264
PSEN1,1.8793603197841176
DNAJB6,-0.5640172670313052
ETF1,-0.3784909964862221
NDFIP1,0.43566928213255973
CHPT1,0.1588057290043805
TRAPPC11,-0.7882929893923819
TRAPPC13,-0.35207893183855626
RAB14,-0.13042862329144125
THAP1,-0.6444405167864883
HNRNPA1,-0.8947536307407042
RAB6A,-0.2681182047507057
RTCA,-0.6614090205603337
ACOX1,0.12252639627052445
STX7,0.011334239589203314
SHOC2,-0.638913564363715
SGPP1,1.536605184590219
RNF141,-0.7651553348755691
ATP6V1G1,0.13604232182780357
TBCEL,-0.8122180475744935
GRSF1,-0.7535550732275568
CAB39,-0.7862393561523432
PRKN,-0.48804424991922807
NFYB,-0.7657509283011826
MEGF9,0.49341760207414714
RNF38,-0.8058783654642466
SMARCA2,-1.1905286027163575
RNF31,-0.008672882267628334
IMPACT,-0.4791089996590414
NPTN,1.6676906833318474
GABARAPL2,-0.4596293510012305
DDHD2,6.42201672194293
MTX2,-0.8061452435639591
FEM1B,-0.6810910038884954
ARL6IP5,0.5831965395639256
PCMTD2,-0.9752920792158484
COPA,1.465560572142804
MAT2B,-0.1281235944646943
MFSD1,1.8674109395656504
MOGAT2,-0.2338841758470775
GLRX,0.49732284940009946
VTN,-0.14500472069202025
CTNNA1,1.6376234167731112
VAMP3,1.3031927024146759
VAMP4,-0.2653558991184047
VAMP7,1.0972691580035179
WDR47,3.8457920521907463
ROCK1,-0.6069466114811006
CUL4A,-1.108260434661413
DCAF6,-0.6038269786980288
WBP4,-0.2718627593684184
PCCB,0.4030708977888906
NDUFB5,-0.21975627013478585
FAM3C,0.38011931007230887
NARS,-0.23063235469103796
SLC30A5,-0.13658647848231367
TOPORS,-0.9474179209918241
TENT5A,0.7620596237199827
CUL9,1.0548422285210963
CLINT1,-0.21570663547475466
PPP3R1,-0.6810692523307524
KLHDC10,-1.0544904010569194
SEC62,-0.19602314980379354
ANKRD46,-0.5761834496961685
ZNF200,-1.0641054661793758
CLCN3,2.3222508501898456
IDH1,1.6984365024696928
SH3GLB1,0.1014783774461935
TRIM23,-0.7828664879807186
USP21,-0.9489967390543383
GHITM,0.374098339495082
PTPN11,-0.6983970971151192
JKAMP,-0.05415956711242031
PGGT1B,-0.4258932239590132
CCDC28A,0.48717030789189475
KIN,-0.6994831171349623
KPNA1,-0.5258149808083277
COPB1,-0.07321114934747398
RNF216,0.5906121190198949
MED21,-0.8661922238735066
KAT2B,-0.6121601044433999
IARS2,-0.18433390592041815
PPM1B,-0.9681231350673906
PPM1A,-0.9137860226922149
CLDND1,-0.11428476034185206
VPS37A,-0.772819400604826
PNPLA7,-0.2842053279407608
ARMC1,-0.6924019795326166
UNC50,1.2806271292606017
GSPT2,-0.2822137920249718
GSPT1,-0.6617830659918051
BECN1,-0.24044895641672706
RNF144A,-0.6155995546193591
MAN2A1,2.039252564323127
UBA6,-0.26972915265065817
UBA7,1.9725198209884298
ATG12,-0.43695385298384576
UBA3,-0.626489283792076
RWDD3,0.21177747674364342
MRPS27,-0.6194098253973366
UEVLD,2.0895611924906476
VPS26C,3.1609336368280183
PHF7,-1.0367968508163372
BAG2,-0.8745505562764768
FBXO3,2.722979256199076
RHOT1,-0.542656823183634
FBXO8,-0.36461703703622184
BCAS2,-0.8797129776735629
CAPN7,-0.5702353143869343
OPTN,0.10050045583377311
SNX13,1.5541269370214232
SEC23A,-0.42694093552386003
ADIPOR1,0.49509233112062206
SNX19,0.0420579549925412
ERC2,1.9870572345272177
BNIP2,-0.18808213613959676
DPM1,-0.44013512646950065
NDUFA6,-0.2919181937626731
NDUFA5,-0.3203314982655719
FBXO43,-0.9307130573908478
PRDX3,-0.13086437317368188
RABIF,-0.14231285466246238
RWDD4,-1.038800479982064
GALC,4.041759070872159
ATXN10,-0.8023255587056124
ESR2,-0.8461450427090003
EFCAB14,0.36855936378745385
NRBF2,-0.44658027758535573
GOLT1B,0.4727158980802155
MRPS35,-0.6934448189720781
ISOC1,-0.010831259671557564
RWDD1,-1.099660905232352
EIF2AK4,-0.6737007477638408
HIBCH,-0.04881231501828083
DTD1,-0.3231846489988653
NECAP1,-0.034095796371316316
BPGM,-0.22069425299101814
UFM1,-0.38917308078219426
BIRC2,-0.4264851964714556
MOSPD1,0.18870561980152462
MDH1,-0.1627396033314516
MAP2K4,-0.5277628330880165
PEX13,-0.33969238850725303
LPGAT1,1.6016300642131698
MICU2,-0.21012859937569084
RNF170,1.8892217623928818
ECT2,-0.6699062699215208
STAM2,-0.288745222156377
SCAMP1,-0.3267601290453525
TMEM192,0.2773039072706285
SYNJ1,-0.3427019678523292
GLT8D1,0.5471068528874856
ATP5MC3,-0.395108533500686
CNIH1,-0.35756570625959433
ANXA4,1.6814538524653955
ANXA7,0.10402151837049527
NUMB,1.1317581417922813
HLTF,-0.7014150022545966
TAGLN,0.34284900163410953
PPP1CB,-0.4443788143498616
RNFT1,-0.463860687449418
C1D,2.7096715705116297
HADHB,0.06299635633544402
NDUFS4,-0.4826581168703042
PICALM,1.096111413515663
TM2D1,-0.08229864083074838
TMOD3,1.6158982770489663
WASHC5,-0.49123677596331666
LYPLA1,-0.12081087289756919
SEC24B,-0.5923138320776759
SRP9,-0.6091000619133615
OAT,0.24622255919148142
KIFAP3,0.2933452821052307
LEF1,-1.1454036093354591
CANX,0.6989024705952422
NDUFAB1,-0.6872654159346627
ZNF140,-0.9890882675601168
MRPL3,-0.7787635231700765
MMADHC,-0.6039121007137594
LIG4,-0.4606226139248035
GOLGA7,0.26440487413160096
NNT,1.8239239409701156
SOD1,-0.27732958147999204
SEC63,-0.13947418713236365
SARAF,0.7351304651507476
GARS,-0.5650688261928828
TRMT1L,-1.0590727750518443
TDP2,-0.4047747328666546
SCOC,-0.6055250579584097
ACYP2,0.8792389155991197
PPP2CA,-0.9120948225214865
ACSL3,-0.011032133749346312
WDR59,-0.1476990156345798
ASF1A,-1.1355495419439738
RNF8,-0.3980624242097969
CCNH,-0.8804664761554779
ZNF217,-0.7812842802985089
VDR,-0.4395065496169555
METAP1,-0.44333896629416814
TRAK2,-0.4964173309830566
PCMT1,-0.46758084462841376
SLC25A32,-0.682647932563498
PNMA1,-0.16015197980686247
NMD3,-0.6402108214396506
FAM177A1,0.3133289357154102
DCTN6,-0.030068656326933473
CMAS,-0.00329377434314506
LANCL1,-0.03239933148263563
SLC35A1,-0.3181294398196259
SLC35A3,0.09270252995629462
UBXN4,-0.10328372968300184
PRELID3B,-0.3911117265801729
ORC4,-0.7718995521652667
C5orf22,-0.29874118557348006
TTC1,-0.4839729909705854
RCN2,-0.36835701641191965
DCUN1D1,-0.616061664574535
SLC26A2,0.9313256140154333
DYNC1LI1,-0.31354660048692023
POLR2B,-1.0369317691815518
TRIP4,-0.3646811054623838
POLR2K,-0.934675602457085
STRN3,-0.7009857529843545
HADH,-0.0016932955508082632
SLC25A46,-0.4873938776931147
TNFAIP3,-0.05297169285533071
FAM8A1,0.19853319183147522
AP3B1,-0.45342389604676564
RBM22,-0.9229058991607615
SNCA,-0.46706277454854844
ACTR6,-0.8879805503480878
STAMBP,-0.3779255514821802
APOOL,-0.7894538932939813
SDCBP,0.9833872933670382
ATP5PF,-0.32462447971998076
CCNG2,-0.48027694680134586
ATP5PO,-0.25089025941012827
PCDHB11,1.4469650455225886
NCOR1,-0.7558758086397753
LMBR1,0.22004874593264115
TMED7,1.3882320924763576
TBC1D9,0.1488023327458274
ACSL4,-0.28168585261352647
TMED2,0.18037262301839574
ARPP19,-0.4768906653312571
MRPS30,-0.5766865192028122
MAPK1,0.27340397789299875
MAPK6,-0.8252492714397511
SACM1L,-0.40506183243303695
TMEM30A,1.138765230211122
MAPK9,-0.38182857278096427
REEP5,0.6358032985596215
ARMT1,-0.3739666535943394
RBL2,-0.9647458204485725
PAQR3,-0.8394236755116401
RDX,1.7789645403315284
SERINC3,3.55554835747897
COPS5,-0.9523881202740478
CRNKL1,-1.0231256890044682
DEGS1,2.3520060084783556
YTHDC2,-1.0237030823138757
VPS26A,-0.12233323032113488
SPAST,-0.8842364690898
ITFG1,2.2372455720142974
MORF4L1,-0.5451391018593077
PRKACB,-0.09125708075578658
PGRMC1,0.051770062565823165
DECR1,1.0289721081250784
TMEM230,0.5206442769386601
ARFGAP3,1.279225367625014
CLPX,1.5744721019334504
LRBA,0.03268361921484421
ACVR1,-0.23812813502056102
CD59,0.5315226519915738
CTDSP2,0.7418962424949509
NRIP1,-0.6337164337524589
DERA,0.028762766415604452
CAND1,-0.8269108241694438
UBQLN2,-0.5454664198807054
BLZF1,-0.6040501224775977
HIGD1A,-0.04710698278393801
GCLC,0.03669762411216586
NR3C2,0.10168293438249776
NR3C1,-0.7236461884924824
SRI,0.3275302131721545
CRYZ,0.43472160243138036
GTF2H1,-0.752766948165804
USP12P1,-0.6285958838369259
TMX4,0.25478981833432385
AKR1B1,-0.4926946699918381
TMX1,1.3249944062314514
DACH1,-1.130763625351276
CDV3,-0.4437140911971502
COX7A2L,-0.3443190461025825
SEC22B,1.8144284373883546
DAZAP2,0.10754319765627446
ESR1,-1.2019852596289986
TAB2,-0.5144708456839159
CD164,1.511612447446071
RIOK3,0.2880836514395103
TARBP1,0.10701278390189711
ACTL6A,-1.2128327987399767
SDHB,0.09722553521121502
GDNF,-1.2626873716293412
SDHD,-0.18474160125726102
RNF10,-0.08828886209896257
DBN1,0.3268545244122077
ACTG1,-0.5126030991056768
BLOC1S2,-0.32554573106889445
COMMD2,-0.7440354588338739
CAPZB,1.9543996299937576
ELAVL1,-0.6188421294581171
RC3H2,-0.6838040655935212
ARL13B,-0.47706692278593643
GFM1,-0.29933428582458443
ITGAV,1.4934955688952405
SMAD5,-0.5153682736617411
AP3M1,3.8937516851051095
SMAD2,0.7235256319476145
MIB1,-0.9634207784376481
XIAP,-0.4322712958294878
AMMECR1L,-0.07993884314531707
RBM12,-1.0629346867096323
RIOK1,-1.4297891097667903
CMTR2,-0.30214539412000996
MOB1B,-0.4477522508557935
EEA1,-0.3953477840708044
SELENOF,1.2195994552150293
ITGB1,-0.1677349506519785
THUMPD1,-0.7734466190642626
BMI1,-0.607395644421409
BRMS1L,0.17668794478532868
THAP5,-0.6738729490246264
FAR1,-0.3573097884844974
WDR77,-1.03204891322854
SLC12A2,-0.18144781521905395
SH3BP4,-0.4280492403248949
SLC2A9,-0.5480026052570179
YTHDF3,-0.6505455472602178
MED4,-0.6632108966565206
VEZF1,-0.535604492780073
CCDC6,2.4357776005389473
DHX40,-0.7958925020286383
HMGN4,-0.35380036433547424
OSTM1,2.3721759483100895
RPS6KB1,-0.9167403672744052
RANBP6,-0.7907095956547457
CLIC4,0.2733241534059544
SMNDC1,-1.0062692960666988
USP8,-0.7662961479034223
MTERF3,-1.0413216490645865
AP3S1,0.3602801660387751
IQGAP1,1.0484799023642302
ZBTB2,-1.1798741607020935
PAPOLA,-0.7280728712317392
DPH3,-0.5723656443463814
PPIL4,-0.7705799613536921
TMEM263,0.9720984565714811
TRIM25,-0.33600955486814776
PRMT5,-0.6946169299732126
DNAJA2,-0.58016385285627
GSKIP,0.28304371579284654
SEPT6,-0.5826464297561152
TWSG1,-0.04932090913897016
USP46,0.28830802354831675
UBLCP1,-0.3708275131783101
UBA2,-0.9002790512360145
SMIM15,-0.8374549257949798
MYO1E,1.97771909668386
PHF10,0.6881974843772868
BTBD10,-0.7589782226252177
ZNF532,0.28934581680198646
GMFB,-0.5737034480547648
APLP2,1.4832593133634218
VPS4B,-0.5778902047478981
MAP4K3,-0.6339205232774049
BIRC3,-0.43095499235195117
AEBP2,-1.2573247451171554
ABCC4,-0.1500575466095208
TMEM167B,0.9699432358686287
VEZT,-0.509285888599464
TM2D2,1.7295679508808777
ZFAND1,-0.2434641547334197
GSN,0.398944498049944
SLC39A10,-0.23713601561105396
ZNF146,-1.0214459061959678
GOLGA5,0.3161840064071922
URI1,-0.9713460830775831
OTUD6B,-0.655886614220347
PCGF2,-1.351971538914851
ADAM9,1.5890798367214527
NIPSNAP3A,-0.5495528230149452
ANKRD50,0.31376562084568216
METAP2,-1.010220062510611
THAP12,-0.8674691178724916
TOP2B,-0.8686220532695255
ARPC2,-0.2141343416620687
ARPC4,1.7216378730209276
TAF9,-1.0261152364529902
AGPS,1.5072068170570907
RAD23B,-0.8461961332934353
HNRNPR,-0.9769291745707105
TCEAL8,-0.2587525530978569
AKR1B10,0.6544623454357653
ZBTB41,-1.2915356791690888
TATDN1,-0.3064401152088966
LRP11,0.995797940839847
DPY19L4,-0.5213861419613798
HOOK3,0.3299579311488741
LRRC57,-1.2245108525332093
USP14,-0.7953752659628012
SSBP2,-0.8436334249939217
RASA1,-0.493893693140799
SEC22C,0.9291985736093953
GORAB,-0.8846260275646362
BCL2L1,1.3064301650067487
MOV10,-0.6542906092166091
GLRX5,-0.570568419648674
PSMF1,-0.5794501549308501
MARCH6,-0.619025112506683
ZFAND3,1.1395110978121925
MARCH3,-0.2796006562622976
MARCH2,1.6025749853057667
SUPT5H,1.1705469431031148
HSP90AB1,0.936716053436253
FLII,0.39811845972323556
PTP4A2,-0.47217169176825696
RELA,-0.3958791314878342
SETDB1,-0.5926103227851892
DYSF,0.266756428842596
RAB5B,0.08145284357380167
R3HDM4,1.372558684646452
TRIM26,-0.3497703887743822
UTP14A,-0.9255537804865843
SEC24C,1.6799162570057058
CHFR,4.736024213753737
MDM2,-0.46555355044034097
SHMT2,-0.3659879373475578
GMPR,-0.0047359707090372785
RNF181,-0.19263458089626417
PPP2R5B,0.2703977304909467
TERF1,-0.2931449207771195
STRADB,-1.0001289551357697
ZNF592,0.40088100242856617
SLC25A37,-0.16469352861244002
PINK1,0.9934823610881099
SEC16A,1.8394198094445116
EIF5B,-0.808965153962703
NPRL3,0.4012131633869354
XPO1,-1.0537141802307295
UBAP1,-0.3250746714789311
UBTD1,0.976481361099441
PPP6C,-0.10895289681175296
UBXN6,3.5460104413890017
CCDC90B,-0.6023955717124833
CNPPD1,1.0106659299940088
RBM38,0.29981287264688145
NR1H2,2.925388730718041
MAPK1IP1L,-0.5275045695595264
NXF1,-0.4621233234195779
SGTA,-0.08224357562183113
COL4A5,1.0422536532374451
TP53INP2,1.5731995159818193
GRB2,0.2213338921602667
PSMD11,-0.43572721847897156
RRP12,-0.7056189858755461
SRRD,-0.925819966899836
RBM28,-0.7562532717659166
ACADVL,3.288037943057997
KDM1A,-0.6860696334091547
BAG6,2.2049252556858168
RAD23A,-0.05543899957986272
MKNK2,0.5108016096227225
TLE1,-0.4141466504251589
FOXO3,-0.7305903367514746
SLC4A1,-0.43409596186268257
RNASE3,-0.581147428767311
MEOX2,-0.6478309714886592
STRN4,0.6753222713008065
MLF2,0.29603826010695494
SRPRA,0.029172117945765127
NOC2L,-0.340902342845242
ALAS2,-0.059311147676954834
EPB42,-0.7304704957596807
ENO1,-0.056782683669650356
AMFR,-0.14759387096825366
CS,2.4155751879645484
RMND5B,0.3158305470785856
TARDBP,-0.6427799797330185
EIF2AK2,-0.017450780636563884
ARPC5L,-0.32902504446117403
RNF149,-0.16161927726896932
ZBTB14,-1.12788154201147
HSP90AA1,-1.042949319220822
ZMIZ1,-0.3827596017225685
KCTD2,3.96070639896692
EEF1A1,-0.5395825203737438
CHORDC1,1.485496707820817
PSMD2,1.2957014886874314
MAP2K3,0.07069051280004714
DCAF12,-1.012260828041712
PON3,-0.39856200408413617
EED,-0.9678464870556487
SCAP,2.40845943774752
RNF32,-0.9381631377781611
TAL1,-0.6947381445752162
WRN,-0.9157335379533219
DNPEP,1.7372437919506774
CANT1,0.6259805394962698
PSME4,-0.8534425458433914
ASCC2,0.23828952137202228
RNFT2,-0.3860532366465261
ACTR1A,-0.15049435595177152
TULP3,-0.53086163516183
MAGI1,2.5985042931836695
ZDHHC17,-0.8654393319947264
GOLPH3,-0.3045077365965819
RNF13,1.327539965705848
HOMER2,1.5721877183492075
IL6ST,-0.012243439766838298
MOCS2,-0.5282232074362004
P4HA1,1.9718271708054749
SRSF11,-1.0206373535534925
PDCD10,-0.24076235163548404
DYNLL1,-0.5472071601958044
LEMD3,-0.6510130967127093
GAPVD1,-0.5233954391357234
ZFYVE16,-0.7493483026344493
FAM114A1,0.9983637093950382
YAF2,-0.6602543186349178
ARHGEF12,-0.1985453405815347
ITPRID2,-0.21404153582256974
PIK3C2A,-0.562604006988612
OSBPL9,0.08662204111647802
SNN,0.3860001623822087
PTEN,-0.5092695195423597
CDKN1B,-0.7415155050817948
MYO18A,-0.4644832108549106
PUM1,-0.665615947979046
CRIPT,-0.7646559990799603
CCNT2,-0.9588152072502604
WDR44,-0.6771983143821941
CSDE1,-0.5755420461261691
WSB2,-0.44655878389120435
JAK1,0.5358872656111737
SPRTN,-0.7293796835105074
ZEB2,-0.04288177207656182
DSTN,2.2042386450230627
CAMSAP2,0.023745408015113746
PSMD14,-0.32947935452100974
PSMD10,-0.3615783109057718
CBL,-0.4634412855904515
PSMD12,-0.19222915372997149
FBXO34,-0.3544748432626317
WDFY3,-0.4073805760471109
FBXO33,-0.026024953380099393
ANKRA2,-0.48414637261119864
ATXN1,-0.6040692530075121
RALBP1,-0.6470016722816603
PRNP,1.523220341676929
TNFRSF10B,3.9039274312880408
ATP6AP2,1.8514427551804415
KCMF1,-0.2518793428209292
MARF1,-0.5682735653766738
PYROXD1,-0.3075271813385955
ARL8B,2.1319555562227546
ANKRD28,-0.8030139538108609
AP2M1,0.004025000892932446
SPTLC1,-0.26587951180219926
HEBP2,0.00367256293267178
CPEB3,-0.3319101951004301
HS2ST1,2.5391557539788647
LMBRD1,1.0725843522192824
CAPZA1,-0.4162952514495931
RAB33B,-0.6214007987462798
INSL3,-1.120065559824892
ZFYVE9,0.37356216103956524
AP1G1,1.4449422457377354
MMD,-0.06744733253484034
ATP11B,-0.7745967947516714
RBM7,-0.6034648321899143
LAPTM4A,2.2055703221539082
PSMD5,-0.5296463304197017
PSMD7,-0.27383523332145193
PSMD6,-0.13437838866548213
PSMD1,1.7565521875807504
PSMD3,0.07463282112098418
QKI,-0.3526472831341415
ATP13A3,-0.5553913000993848
DYNC1I2,-0.18285618888100447
RYBP,-0.6319206383322625
EFR3A,-0.25143856215240623
PSMC6,-0.6684774743519278
APPBP2,-0.37761494082364316
RTN4,0.3198745983670204
HGS,1.1481144519210102
RTN3,3.725852082690073
RRN3,-0.4650816670662504
MCFD2,0.4289295280506184
NCK2,-0.7164380412597087
SLU7,-0.9474817649859889
OSER1,-0.03860869662925339
TMEM41B,0.1792667433754439
MARCH4,-0.7221309628649284
TMEM131,2.129387432505296
MARCH1,-0.38943149042942493
IKBKG,1.879112103316253
IKBKE,-0.1198821181978554
USP24,-0.9436321864893786
MARCH9,0.2479263555896712
CCSER2,-0.375421392118632
GNG10,-0.7547335176258337
SRCAP,2.4960282983835
TSC22D1,-0.49268603461561694
KHNYN,1.6833801368723849
PAFAH1B1,-0.19769264859955424
CNEP1R1,0.1433551741261674
PTTG1IP,3.382819276242168
ZC3H11A,-0.8721183157781571
APP,0.12251475165846304
RABGAP1L,-0.7266467081316561
EID1,0.44499986734217667
TMEM47,0.1765516745146416
PLAGL1,0.3116137565981846
UQCRC2,-0.30764396181266396
SNX3,0.028245314238295724
COPS8,-0.5848218253899735
ADNP,-0.8078367396977236
CYB5R1,1.0906982980545148
FUBP3,-0.6033612733613292
NMRK1,0.19797776803153114
STAM,-0.30083036124209517
AP2B1,-0.29585952073529126
YPEL5,0.4429356962132719
NEK7,-0.5137803444829113
USP7,-0.8983305585770011
KMT2E,-1.0784611763015648
PLA2G12A,0.554921089992534
ZBTB11,-0.9793638306698881
UHRF1BP1L,-0.6029725013767878
GALNT1,0.2646037172835946
BCAR3,-0.26050252913120103
FZD6,-0.5405127158404055
TRIM8,0.09428410783839088
PFN2,-0.2732223016755239
CREM,-0.5382195013076477
RSL24D1,-0.8341188038937217
VPS51,2.8963806137297516
CREBBP,-1.0276788269228951
HDAC3,-0.6756876392308058
HDAC2,-1.0790126479115536
HDAC4,-0.8675439527709914
ANKRD13A,-0.7178359348008683
ELOC,-0.7944999384464465
MLF1,-0.8189896300725501
TPM1,-0.182860143632833
RAB18,-0.3652094047049266
CCPG1,0.19061071957118528
RANBP9,-0.7252542255028284
FANCL,-0.3148674544820926
LSM14A,-0.33247405067547425
RANBP2,-1.1062828600258234
PLPP1,0.6024864832144751
ACVR2A,-0.6447011579929295
UGDH,1.3381950963318625
SSX2IP,-0.03616892862956061
ACADSB,-0.035547328197481166
REEP3,-0.22419856760984944
RSRC2,-0.8893933670131687
STX4,2.3830098100236636
RNF145,-0.6224665910982672
ATP5PB,-0.47107215552254833
USP2,-1.014783516734823
KIAA0232,-0.00969009721927283
WTAP,-0.8200905426704527
ERCC6,-0.903082034470099
MYO6,-0.18177712809212143
RPRD1A,-0.6284541261009298
MCL1,3.8651386360349003
NR1D2,-0.5956525248607447
YWHAZ,0.5462344165194573
SERTAD2,-0.26720240651565946
SUN1,-0.2142444857981375
RB1,-0.9442266350197916
PHKB,-0.19678946287072327
MED13,-0.9825024931084401
GDE1,0.19910241756419197
MED17,-0.8371905296209209
FEM1C,-0.7232755928698292
AMD1,-0.4380667027493086
CDC42EP3,-0.037486443675631545
VCL,-0.1446704502847302
AP2A1,-0.17296868741833746
FYN,0.07966237768412748
AGTPBP1,-0.6106910629243902
PHYH,0.29986184736752264
ABI1,-0.4453386995946142
AZIN1,-0.16697381910257153
GGA3,2.882421639800348
ATP6V1C1,2.00320346474592
WWP2,0.6268610910130006
SLC30A9,-0.10685896446119415
ATP2C1,-0.13894677671029235
KIF2A,0.6950715084156854
MYCBP2,3.0944382918356617
CALM1,-0.6421454332055656
GADD45A,1.6105957868887024
CCDC91,-0.08700325625253415
MAP3K5,-0.7262882070805577
CYP51A1,0.06334923655617333
AZI2,-0.1744118729752837
AUP1,0.8719871065984979
TNIP1,2.1389257763435894
PNPLA8,-0.33156937919389035
FNDC3A,1.9667093837571448
USP33,-0.43223432433432185
MAN1A1,2.017112420792199
SMPDL3A,2.523183243585873
CNN3,0.01789911889895971
AKT1,-0.14022228619219654
PTPN12,-0.1920061773726819
KPNA4,-0.8313382769268338
BMPR2,-0.13304237223693485
PNRC1,0.14541067784249875
YME1L1,-0.5248507557778148
HIF1A,-0.48524177982220235
YOD1,-0.4364913362725772
FOXJ3,-0.47512088481631026
MATR3,-0.7680624467307746
ARHGAP5,-0.30658167984592566
SEPT7,-0.1499159248608578
ACADM,2.0465432387756883
SUCO,-0.3676136448990385
FNBP1L,-0.1301915604494483
AP2S1,0.13105817508663564
EGR3,-0.5386302402723302
JUN,1.022863212845543
SECISBP2L,-0.5808866902282516
PLEKHB2,2.5563623668509354
USP15,-0.7159078323963388
RNF139,-0.41356870119071776
PDCD6IP,-0.4901586293373578
EPN1,-0.06858235242560685
EPN3,-0.3827267903211069
EPN2,0.08838249886987345
TIPARP,0.692408110163644
THOC7,-0.6939380734880636
CAAP1,-0.8598618382811513
ERBIN,-0.9245730704426964
TPRG1L,1.1813405629206732
CTBS,1.9980255488918588
PPP2R5E,-0.9627363800446805
PPP2R5C,-0.9363889532691876
EIF1AX,-0.6145584619836514
GNG12,-0.7494839445131706
CHMP3,0.3595345927920912
CHMP5,-0.3785000284498917
SNX16,-0.4483966880890185
SERP1,0.14538439264246442
PGBD3,-1.085518431033002
STAT1,1.004956713129383
HPLH1,2.0602618834156323
PSMA5,-0.4030312503847019
FTH1,2.9766059661028685
MORF4L2,-0.7046102285193719
BNIP3L,0.4161205534921229
RABGEF1,0.015006886287720258
USP5,-0.28968313500387954
RAB1A,-0.18268025770844845
TOMM70,-0.6702337665152153
EPRS,1.7007799670218298
EZH2,-0.844203507204127
TBL1XR1,-0.7889473575971097
TDG,-1.1380363635466604
C1orf162,0.3242077513061623
PHIP,-0.9239190188734876
STX12,0.23953282742340404
CSNK2B,-0.30671864159023243
CREG1,2.4606430257203105
JARID2,-0.8628458601345912
BMPR1A,-0.4720092967314054
PSMD13,-0.07450980524598615
RB1CC1,-0.5512437125373871
ANKRD12,-0.990218514909001
EIF1B,-0.20405658046269748
NAP1L1,-0.6852004047056375
CALCOCO2,1.602123343229592
BNIP3,0.022906259836305426
ATG5,-0.5200063976241522
ZNF350,-0.9513797533432717
ANXA1,-0.404650998816496
DCP2,-0.9009792005595362
PIGK,1.9156299430788646
TP53BP2,-0.229585228305959
GABARAPL1,2.3262837262930245
DUSP11,-0.7196232158737738
TAX1BP1,-0.2152978956129597
TSPAN3,0.5814665402165209
HBP1,1.843725125031111
TOM1L2,3.5746740304482496
LAMTOR3,-0.2810370030387396
TM2D3,-0.1280120989100933
ZRANB1,-0.9320371328818994
CRY1,-0.7941638222978687
ZFAND6,-1.2787209964451174
CREBL2,1.4345622153838302
LEPROT,3.1246729818992174
CDK2AP1,-0.021946882028702618
MBIP,-0.6483745937265472
STK17B,-0.5857925090004389
RSBN1,-0.5699726009225362
MFAP3L,-0.7429602156454438
KRAS,-0.9957753321318387
SEPT10,-0.29997564215757283
ISCU,0.0926342576736862
SOCS5,-0.5922508598136131
DDX3X,-0.736400733155225
ENPP4,2.4958503376835974
CSNK1G3,1.85668558985116
VAPA,-0.39037659829038424
TSPAN5,0.1703822036449367
ABHD3,0.20848815474084748
CSNK2A2,-1.0636303592351448
TWF1,-0.23013244217912174
PCGF5,0.5418400493514786
EIF4G3,-0.6086030347089788
PPP2CB,-0.558803022566686
C6orf62,-0.7348321238839569
MARCH11,-0.9812478137280286
MARCH10,-1.0797214842454315
ACSL1,1.2461801465586142
DNM3,-0.5619607965998222
ARID4A,-0.7837537927175202
CD2AP,-0.456916729863641
NCKAP1,-0.35714695079148806
PIM3,-0.34646031542413
CHD1,-0.8125205450062001
POLI,0.04290741763364954
SRP19,-0.6147858198476833
PTS,-0.2962036717832843
TXNL1,-0.4743931783600898
RAB7A,0.07276056250697832
PIKFYVE,-0.8197325439284364
ARPC3,-0.2388600998398911
DCUN1D4,-0.05819564848219344
EIF4E,-0.9174209444003272
PEX3,-0.1561991003187772
LEPROTL1,0.31682295365526775
TAF1,-0.5817238544953065
SLC25A48,-0.6815589074088534
GCH1,0.02190488591756499
ITM2B,1.633929570820331
RNF125,-0.5261893505599662
ACTR3,-0.6373830152913386
BTBD3,-0.5732072652726472
AASDHPPT,-0.2357439267625854
ARMC8,-0.40108694250409094
GNAI1,-0.8804050122231286
TNPO2,-0.12400272754392724
TMED5,-0.044809196516167146
TBK1,1.2536912815194667
SYVN1,0.432780227607472
NFKB1,-0.5895927292180938
MAPK8,-0.6594355414995797
SNRNP70,1.6823751828086542
RAP2C,0.21286695262524438
ASH1L,-0.8723611946948665
GGA1,2.3229285467780643
GGA2,0.05378865151376938
TCEAL4,-0.18583723095330448
TRPS1,-0.7104803102792765
ADH5,0.8392149235222076
PAIP1,0.14795095420631033
STAMBPL1,-0.6344871028274343
KCTD3,-0.8013621568085912
CD55,2.119567927826369
RIPK1,1.5887516430787523
ELF2,-0.056641392226918934
HIST1H2AC,-0.798179379758606
YWHAQ,-0.6917888553343914
UBQLN4,-0.5546948422615275
CCDC127,0.4105988321756588
TANK,-0.6137087792501781
PGRMC2,0.18901511771279775
TRAF6,-0.5544283823664069
PDIA3,0.1404312989732764
GTF2H4,-0.34278112731430793
TNF,-0.6570892141208834
TVP23B,-0.2016631553436472
NDEL1,-0.5485661839585355
USPL1,-1.1105362218663817
MXI1,-0.03569933300552392
RNF168,-0.6015218568751397
TXNDC11,3.660320397257074
PTPRC,-0.23553043122501233
G3BP2,-0.535328769580092
RYK,0.15076468582604863
SUMO4,-0.8882766914393702
TYK2,2.2015243612677806
NCBP2,-0.9997673095365288
NPC2,2.919415500142789
ZSWIM6,-0.24822782327183585
WDR7,-0.4996446658948135
SLC38A6,3.1453669081704736
C2CD5,-0.6730637894156657
FXR1,-0.7293319703101451
PIK3C3,-0.8311295953042862
FAM172A,-0.10461565295114067
TRAPPC8,-1.0733110010159947
GTF2F2,-0.8085192426461958
LITAF,0.6376832617704389
SPPL2A,1.1872976049485173
HSD17B12,0.9110450008559033
HSD17B11,0.1943843839348923
PNISR,-0.4955552237492951
HSP90B1,0.3964961892749099
TPK1,-0.23101564711538647
GPR137B,1.2905286782833674
BAZ2B,-0.8622576008830974
IFIT1,-0.2443396585754123
UFSP2,-0.2325920529191813
BRIP1,-0.3761092230177986
XPOT,-0.50141351563238
GRN,3.0133005550731653
PLXNC1,2.469132924401872
MTCH1,4.30881793541219
PPP2R5A,-0.576498788378209
SLC38A1,2.319780839361893
IGF2R,1.4293560038070403
LHFPL2,0.896117092132962
NCOA1,-0.2812126523719514
TNFSF10,-0.1482348576441135
SMC3,-1.069885643309121
NR2F1,-0.349294473087507
SMC4,-1.2909600351457535
NR2F2,-0.027013673409383418
AP3D1,0.4939887852207342
SETX,-0.742609411556544
PRADC1,-0.39831587200447344
ZNF83,0.7576660562025143
RAB11FIP2,0.12449677199480708
ZNF638,-0.6967303618737872
MAPRE1,-0.6703644115563742
FGL2,1.5495033659815565
AP1S2,2.127086232198937
FMR1,-1.0268007838978053
SGMS1,0.23136705867259888
GYG1,0.25394716671028605
DPYD,1.031249239662956
PSMC2,-0.2967248433039879
FOLH1,-0.5919611990621498
DMXL2,0.013723104244123747
EXOC1,-0.7484780498230933
MTUS1,-0.41285625386844776
RAB29,0.3442346569288246
ANKFY1,-0.43936959983839485
HEXB,4.160787279878434
OSBPL8,-0.2067710532472754
ACBD3,0.002078169051107565
ATP6V0E1,1.773016619066545
VRK2,0.2399311699859883
CMTM6,0.028561406276121432
TRIM13,-0.8546733641809686
FRYL,-0.8413027645896751
PKP4,-0.6369780626503415
NAALAD2,-0.17293925448105318
RBM47,3.1510972957625274
GINM1,0.9854725077689199
NABP1,-0.045163706589589424
SCGB1D1,1.3382403481903715
RAB5A,-0.2794326482663376
RGS2,-0.12616961399928747
REV3L,-0.5958906951785083
EDEM3,1.2635807989916885
SERPINI1,0.23225316708742955
CEP350,-0.9141186370443999
GATAD1,-0.281275087430728
CYB5R4,0.19781475479123928
SNX6,-0.11266325189223468
IL10RB,1.875248621649454
SNX4,-0.28389882036125397
MTDH,-0.31450007602959357
GCA,-0.2024783819933029
NLRP2B,-0.6661810708832034
MANSC1,0.07932783963082049
HACD2,-0.1776034984929987
HDGFL3,0.26669700777307553
DOP1A,-0.7750629195698602
MEF2A,-0.8282941432144828
KDM3A,-0.8172945593003769
SSB,-0.9067113846443284
APIP,-0.7333797187920648
TMEM135,0.3077617098936734
CNBP,-0.683044291304302
CBX7,0.8936995380575713
TMEM165,2.850467101388115
COL4A3BP,0.027491946285503683
ALCAM,0.5170552929342709
LYST,-0.12295971523526156
PPP1R12A,-0.9990041536322816
MTMR10,-0.9930685674652671
TET2,-0.3929948786162318
LAMP2,1.499917411964037
LAMP1,4.259732483208103
BBX,-0.5478574877401765
LRRFIP1,-0.4374949091971999
STX3,0.11390484854334924
ARHGEF10,0.998556685585629
VMP1,0.08121168800910782
PTK2,-0.6445555854024893
PHF11,0.06493245642697038
USP1,-1.1939996599262699
SF3B2,-0.8032417455183144
PLPP3,0.5074280509355935
AP3S2,0.42334988955474356
CEBPB,-0.1449299882661186
ASAH1,2.9147917326370094
DNAJC13,1.3368576211646632
VIPR1,0.2331978487022504
SNAPIN,1.2846891076844136
ST3GAL6,0.7784083501003938
ACD,3.0737546851805093
NBR1,1.583473155911621
EAPP,-0.12913729714885677
SEC11A,0.17362085836996813
PRCP,3.093864839705983
CHST15,1.5811811807775307
SSR1,1.6359355246927285
VTI1B,-0.07236266951827856
PTCH2,-0.7799559721881323
PTCH1,0.6969123433069123
ADD3,-0.41114945963034616
SLC9A9,0.23370523396917503
TXNDC9,-0.5198513386678837
N4BP2L2,-0.47847741054381915
GGPS1,-0.7505129837043388
NAALADL1,0.31598294995931275
CALM2,-0.7409615797747886
SPOPL,-0.7399381898388449
CLN5,1.3919785986260635
RNF133,-1.1160656687393717
DCX,-1.0692234488236212
MBNL1,-0.4526107825003024
MFSD14B,1.1590550959985209
LUC7L3,-0.680646333712728
TMEM260,-0.7341690335903841
CTSK,1.6691106261838633
CTSC,1.8464385987845724
CLCN7,3.3742919090413577
RESF1,-0.886747847109846
DICER1,-0.9279564488188592
USP32,-0.680775934603107
CTSS,1.1090880893608834
OGFRL1,-0.11697152935179429
LIMA1,-0.09432441411391873
COPB2,-0.1603580139863478
MED28,-0.8025466916899885
SKAP2,0.7266481252125626
DOCK4,0.09688327618047733
DOCK5,-0.5064364089596238
SLC31A2,0.6490398194930156
IFNGR1,0.10880825645055638
TRAM1,0.2097737867192683
GSAP,-0.07215789917772421
TFRC,-0.19705458077197713
DNAJB14,-0.6849162395387004
B4GALT4,1.5958300276393553
TFR2,-0.33710498779083126
PARP4,0.24107797256349348
LMNB1,-0.8467446201591418
MED13L,-0.8523228331125104
ZNF148,-0.9528954312081305
PHF3,-0.8982939874928889
NAMPT,1.5289257417762194
NSMAF,-0.5927456780129015
CD9,0.6341201832846131
SNX10,2.836871810682956
RAB22A,-0.06731981513380365
ERN1,-0.6564997218760137
KIDINS220,-0.5917840910656906
LGALS9,2.7620184708557134
LGALS8,2.190446692205994
FAIM,-1.2034452492089058
TMEM87A,-0.2128249114191353
SGK3,-0.8579995255805066
CDS2,0.7029723981579176
IL15,1.5492823912895584
PDE4B,-0.4656185545538016
MFN1,2.100916057465823
GNS,8.465213105732628
MAP4K5,-1.0949374640016931
EIF5,-0.6094330216167023
MOSPD2,-0.35921250763302814
OXR1,-0.1820665960613124
KRCC1,-0.42782060966593466
RBMS1,0.7055042948965283
LTA4H,3.985982930030143
EBAG9,-0.5974215690013671
PLEKHF2,-0.869433804487824
UVRAG,0.20174140153161582
SMARCA5,-1.1891874353960004
DPP8,-0.24552017890124378
ATG3,-0.0037508276093899512
GBE1,0.9872743504992203
FNDC3B,1.7752983373580653
TUT7,-0.6644369730601435
SLC44A1,1.078868875179932
ANXA5,3.157379981734593
CEP63,-0.6328947264880882
CLEC11A,0.9747643193575616
PIGP,0.20308724369289144
PCNP,-0.5682109264417002
TMBIM4,0.6912975621042602
TMBIM1,4.470157127537577
CASP4,0.08799885126865528
CASP1,0.7811766241575364
CPNE3,-0.05307238475799234
PIBF1,-1.1129571842747934
WASHC4,1.616981492076594
CHMP2B,-0.3474855947431473
LY96,0.35425674550131775
RO60,-1.0386339000277949
SPINT2,0.6386485145973032
PPT1,3.291505510078899
RBPJ,-0.3514071843157003
PDE8A,-0.5213143837371785
ERMP1,-0.025296367304603603
GOLGA4,-0.6485532724337132
UBR5,2.8049873966182193
SAP18,-0.669573906523523
LYN,0.6565754781395085
FNTA,-0.09964507462691394
SPAG9,-0.6308003780530572
OSTF1,0.38362016740707006
TLR1,1.1396361988763184
TLR4,1.6012472022502513
RNF5,0.3184228793199156
MACF1,-0.49011032046499564
HLA-E,0.5369418126679388
GLUL,0.34710474239501843
SLC25A36,-0.9967657488847641
KLHDC2,-0.14185382312432088
PDHX,-0.7745336138032953
LRRK2,-0.6086237576369004
SCAF11,-0.7239352323599988
ZBTB38,-0.5166230473284391
SPATA13,-0.6953863547232899
TTC3,-0.12031880174210355
NCOA3,-0.9826970277313236
STAG2,-0.9501381207431968
RHOQ,-0.40397399018082597
PMEPA1,-0.7634552972572897
ABRAXAS2,-0.6230702690994362
RECQL,-0.7685428865813887
DENND5A,0.03113501798520401
ADIPOR2,0.39801766009295747
PXMP2,1.9415775647972775
PEX2,-0.20032550579256556
PLSCR1,1.2946921062766186
TMEM50B,0.37156205517005325
TMEM50A,3.7030837700994383
TSPAN31,3.0094180297445376
IPO7,-0.8145750909106534
ACTR2,-0.6866694190790344
CIR1,-0.5898826078141929
BTN3A3,1.1398959053311442
SMCHD1,-0.9989967462654047
LAP3,1.3606361112990746
POT1,-0.7711920995767392
CCNG1,1.712972775971033
CD302,2.191647371364695
NES,-0.30214386732000564
FNIP1,-0.37271650861781747
NAGK,2.3006811744955087
SCPEP1,2.2860411428839966
ARTN,-0.7089661390997719
SLC35A5,0.2181866535091084
LRRC8D,-1.0526667006608543
SEL1L,0.2329833525447808
FERMT2,-0.0054978658861195686
SOS2,-0.7704173645067552
KAT6A,-0.6459084191308979
GLB1,3.8817501513725117
STAT5A,1.7090129007290389
SQOR,0.8484072656366995
ETFRF1,-0.10593045200764083
TBC1D15,-0.432768536216773
SLC33A1,-0.09906131466956346
ADAM10,1.3904558165005148
CD63,3.7711936419417724
P2RX4,3.7026470256175217
PAPSS1,3.355862671312662
VPS13B,-0.5770081329966616
TMEM106B,-0.11632176059283286
RAD21,-1.080189119402372
ACAP2,-0.6893831863415049
EVI2A,0.13212194711385472
INPP1,0.6179232952168432
RNF167,1.043699130544761
TXNDC15,0.5875848615318482
ATF6,0.09411078981649343
REM1,-0.5091099741678442
NYX,-1.0354395189189154
JPH2,-0.8321282263919828
MXRA8,0.5132746607720865
DUSP28,-0.7951799756199014
SAMD14,1.6312996795292396
GLP1R,-0.6848790546138559
GPRIN1,-0.9585744608902563
NPR1,-0.1902185947879393
ARHGEF15,-0.6240965150069548
OPN1SW,-0.9711479457673984
SP1,-1.0933432036326747
CRTAC1,-0.6479486910954534
MUC6,0.48465810105557433
CYP3A4,-0.23437845064954996
RAB40C,-0.22097205327044234
RAB40B,-0.6855156748619523
RAB40A,-0.8133261712900135
F7,-0.9513306977191796
RHBDD3,0.8068354515584417
ERCC2,-0.7328517571735235
ZSCAN12,-0.6344012621661479
RASGRP2,-0.2740127497989461
GPR12,-0.9474911572583202
ELAVL3,-0.6269780132361169
LRIT1,-1.074855253479772
RAB6B,-0.07518842535174826
RAB6C,-0.33300882743675614
APOA1,-0.6069879092016331
SOX10,-0.9573691852951276
CETN1,-1.0895093543653604
GRAP2,-0.9606398583067606
JAK3,1.067453773631126
RASEF,-0.7150802222596561
GRM4,-0.8319734706217318
TBC1D29P,-0.7948901103839652
KCNIP3,-0.1783959996569604
GRM2,-0.7976601705332612
PDLIM4,0.14528831306433687
CACNA1H,-0.5495670945653399
PDLIM7,2.3599777808388898
PDLIM1,-0.19938248556894228
HOXB5,-0.70549960701595
PPARG,0.018955902856852346
IRGC,-0.6945264754026184
CNTFR,-0.6192514489545914
DSE,3.9097281881162576
SPAM1,2.033630610205354
TACR1,-0.8228135067965074
CABP5,-1.192851228258206
SPDEF,-0.1264312570495124
CABP2,-0.4955884164855833
INS,-0.7817565648601137
SLC22A7,-0.2180602535777884
PDE6G,0.8555289907284394
PRDM8,1.0331531276152137
PRDM9,-1.2115805555928987
MYH11,-0.5575096377553483
CACNA1C,-0.35838607637194264
RHOC,0.09661605040990408
RHOB,1.3678104478266704
CACNA1G,-0.8397369775534671
COL2A1,0.29253993028457687
HIC1,2.2275714299991747
ASPN,-0.2683248299032403
MUC5AC,-0.0776171557275322
BUD23,-0.6009781610761402
ADGRB1,-0.478910845886502
ART1,-0.5739642094774541
ARVCF,1.5785650463298828
SULT1A4,2.4826159177206457
CALB1,-0.5239195122525413
OPRM1,-0.7590226014507879
LTK,-0.3768580205231767
HCRT,-0.6576468330417301
EDA,1.637080271178637
ALK,-0.6944942994506869
GSTM5,-0.8740347554685919
NTN3,-0.34834335013581325
TAS2R3,-0.7466008438260617
ADARB1,-0.38314218380755144
SSTR5,-0.6139458567828213
GLS2,3.3893796988464153
CDC42,-0.951041117653055
TOM1,3.6734276297406994
ZNF205,-0.6389610035277503
NGFR,-0.4609750300295211
C3CER1,-1.0127478247549166
ERAL1,-0.33037504201920204
GJB4,-1.0819222344730066
ACTL7B,-0.9760545473404072
ACTL7A,-1.005823672054863
KLF2,0.0907539416693341
PGPEP1,4.725228198496358
GFAP,-1.086693948423285
KLF8,-0.9554618350918014
NANOS3,-0.5379714276759596
NCR2,-0.9067999132945856
SP5,-1.209908305158534
CRYBB1,-0.6787199387833625
TRIP10,0.11234033267001783
RAB20,0.19070100557835495
RAB24,-0.2505780682860993
ATP4B,-0.6540480065082247
RAB28,-0.8895314328268031
CA7,-0.9412780340018677
MAP3K10,-0.9619101505254204
RND1,-0.3785755647717049
FUT5,0.031453758007214824
RND3,-0.3585015560338732
CHRNE,-0.3664776265253909
TGM1,-0.5092841401886734
LIF,-0.24204102750972376
TGM4,-0.5230847769886311
RAB44,-0.8560202811978036
TRIM17,-0.25097178873450116
SFTPC,-0.5887870251892497
SPTB,-0.6731190984467805
RAN,-0.6790708879918567
DHRS2,-0.275896744215626
ADRA2C,-0.5259754087455923
SLC12A3,-0.47076677423569663
STRA6,-0.41250229341045663
LDB3,-0.6857291314080294
KLK2,-0.7102819509328001
NRG1,-0.3612480853403649
SNAI1,-0.5578638722297367
LRRC4C,-0.5441235654139513
LRRC4B,-0.9357030561240701
GH1,1.4334232605491388
AVPR2,-0.41856507451007524
RFX1,1.997634132126364
CSF2,-0.5542150915565034
RHOD,-0.8704418406141068
ARHGEF7,-0.6593916975846384
FOXP3,-0.7323500859899161
NGF,-0.5190770421351844
COLQ,1.1852500750767667
CNTN2,-0.9575509989094364
LTBP4,0.9003673262719375
LAMB4,-0.17608115203452332
MARCO,0.07194530151085217
CFAP410,3.1453448350237307
CYP2D6,0.15291322794387546
RHAG,-0.7255959291733157
INF2,2.779654303393577
LRRTM4,-1.1367278638299343
LRRTM1,-0.4590440068480442
PRKG2,-1.2800676723749949
CLDN5,0.2842845011679817
PLXDC1,0.5007388761610001
MAP4K2,-0.18433675903183677
CCDC9,-0.38888730109258496
AFP,-0.6132013597138836
TUBB2B,-0.5714072890190467
MGP,2.0577768357937885
ATP6V0A2,-0.07906431467186997
ZNF114,-1.0736656115866487
PROC,-0.42521357802573156
GUCA1B,-0.6135168481805858
ACTA2,-0.4560023531456968
PDGFRA,-0.5601970679659865
ZNF335,0.6660534638271925
APOBEC1,-0.5784099174579879
CHAD,-0.885217994524002
ZNF234,-1.1583660925160932
HAAO,-0.1484283675033263
NHLH1,-0.6409950698767535
FLT4,2.414069245237522
CACNB4,-0.8920679262179337
KIF19,0.06577395824127967
ATP2A1,-0.9062181045907645
MYH2,-0.9649970620293977
S1PR2,-0.1312367468273921
TPM2,-0.1267701945001675
TBX10,-0.5338727370130744
MB,-0.8459862898006252
PRELP,-0.08925277006568065
RAB15,-0.4879089292314577
HNF1A-AS1,-0.25264169654319935
HAO2,-0.6267527507052263
FGD1,-0.32718282213705313
NTSR2,0.3308580135425045
AGAP1,-0.5409009787533335
AGAP2,-0.7636641300975866
AGAP3,0.1257293693614574
LINC01565,-1.0379138000347772
COL17A1,-0.21994744772948432
SLC22A18,3.241419202191981
OMD,0.9304201302450401
HOXA6,-0.3244898743854289
OMP,-0.29548078041933773
HOXA3,2.5494930796822115
TUB,-0.9197621203200352
TGFB3,-0.4179192409511873
LIMS2,2.5082392318018516
SLC5A5,2.4613918251120834
ECE1,3.1750215264465718
RABL6,-0.5112553629305627
OPRL1,-0.5613406457562383
SCARA3,0.8037487331279605
RND2,-0.8205932013266061
C11orf16,-0.9517518758184701
YWHAH,-0.5318491104692832
OGN,0.06667057154422798
YWHAB,-0.7557142784596611
YWHAE,-0.7688837198492027
RAC2,-0.4017801618178174
RNASE1,-0.6665236483888404
CROCC,-0.03946451854391012
PRKCG,-0.9343643890327363
TANC2,-0.6730540808979366
CES1,2.3975549745264284
ARR3,-0.7650754757741483
CDK20,0.09980097906702562
GCGR,1.9047659066406928
CYTH4,0.2573025207287631
SLC16A8,0.10750146253498487
ZNF157,-1.0650301130369593
NRL,-0.5878599176386908
TLX2,2.2861894701992247
MMP2,0.16341771668846639
FGFRL1,-0.5795324576795707
SLC6A7,0.6431060981148825
CKM,-0.7943344543032411
SYMPK,0.529689840775755
CD34,2.5705103674599528
BGN,0.5367944920390031
GPER1,-0.44285091459390163
MYL7,-0.838407358457151
MYL4,-0.9667509827992957
MYL2,-0.7237124514972165
AXL,0.22545831680311892
KIF2B,-0.9293804026177576
DCN,0.04860138579798773
COL11A2,-0.45324005245472976
CACNA1B,1.4037292554006577
CNTD2,-1.099606466641833
ACSM5,-0.02017082826201922
THRA,-0.6064607969105404
GP9,-0.8108659042362556
FMOD,-0.27486903541234936
TRPV4,-0.2927456587631457
EVX1,1.6196361061739157
LRRC3,-1.0959465629149123
PGAP3,4.562104498497991
FGFR4,-0.19788968453064423
MORN1,-0.5279043104872789
ADCY1,-0.7691266221415833
PLD2,1.9484239956505385
ZNF516,0.006440226161757608
RUNX2,-0.7426490238781658
IHH,-0.7480875239656871
RAB42P1,-0.738640758359447
KCNIP1,-1.0555634405717067
PPIAP10,-0.2850211024860109
RRP8,-0.4127819291708507
GNAO1,-0.8531260947782643
CRX,-0.9460655333296578
DOCK6,1.3166511102003418
NTSR1,-0.8596756109474387
SLC5A8,-0.14079835685920924
SEPT4,-0.8445771431240429
ICOSLG,-0.4098443687177542
SLC9A3,1.0136055221022169
PPM1L,-0.7789096237822739
MALL,-0.09182772351073047
NPPA,-0.6980818071839282
EPHB3,1.6404218906743602
PLCB2,1.8084641374015988
EPHB4,1.77460086992251
LARGE1,1.3101337932365438
VGF,-0.5904694385400365
DDO,0.1830121313518632
PAX3,-0.9803443835523326
BTNL3,-0.4147808334209907
KCNQ1,-0.21382667810511108
DVL1,-0.2525376591955118
CDC14B,-0.7313147081403264
AGFG2,-0.22807703743634497
AVIL,0.4229957519169005
HMX1,-0.5657023030573801
OXA1L,-0.15221362048254214
ILK,0.719064103966055
MYO1A,-0.9224924056188406
ADIRF,0.19351298290723656
ZNF536,-1.3231123191764071
CHRNB2,-0.700093660417814
CASR,-0.6934286913038585
COMP,0.18135811735716084
FOXD3,-0.8150603342681927
SLC26A10,3.378177311909799
GHRH,-0.8307953563153208
WNT2,-0.7454261440744269
SLC30A3,-1.061784260308764
IL13,-0.8679439131486463
LRRN2,-1.0228515042424426
ADRB3,-0.7974412338236613
CACFD1,-0.41728816148932735
ZNF407,-0.6490632792628982
MYO16,-0.7506600255323452
PDE4C,-0.8902991100874381
ASAP3,1.24668671633924
LGI2,-0.6508170692489972
BIRC7,-0.6066330653762172
MMP14,0.31197193686586616
LOXL2,3.0407406746816883
MAP2K2,0.06037610505195995
NOCT,-0.6713310146216327
MAP2K5,-0.5501442788852674
TEAD2,-0.5945620372360643
RAB3IL1,-0.45978269962830015
MT-CO3,-0.4984720371274738
AMHR2,-0.8475174043541068
AMBP,-0.5843323330059924
GDF5,-0.8785272324859323
ECEL1,-0.25009609696553187
SMARCB1,-0.5641516683354301
STAC3,-0.7376593027708968
OSR2,-0.017329694390638608
RHOBTB2,-0.3730813746423248
RHOBTB1,-0.23348842595801034
INO80D,-1.1542630480561662
LOC105369243,0.57462974884676
ALPP,1.3188913805066769
MOG,-0.5713538696353805
DRD2,-0.8849586312592408
ABCC8,1.380095474291818
COL6A1,1.4498417639510695
HTR1E,-1.019661325438645
ALPI,1.5268830693789197
BCL3,2.1839170294323846
ALPL,0.6615356774241247
KCNE1,-0.6402721665502484
LUM,0.05109936505140686
CDX2,-0.8692427867336942
MC2R,1.276947645779519
EPX,-0.5656776138691706
BOK,-0.33621849785740043
CACNA1A,-0.6708468601258691
KITLG,-0.41211803920795365
RREB1,1.6579541362470143
MMP11,1.9459832681137033
RXFP3,-0.9489947529893907
MICAL1,2.473710383684164
PDE7B,-0.604047178248929
EDN3,-0.6304600746204874
EDN2,-0.509593572225826
ZNF444,0.7131786717679998
ZNF362,-0.608289110682365
CCIN,-0.7745242790844046
CAB39L,-0.3083031901638494
TREH,2.1812397305666598
ISLR,0.3362988994344608
GSK3A,-0.9056715367656946
HUNK,-1.000198362605343
ULBP1,-0.88755873309739
MYO15A,-1.1396967175523152
CSF1,-0.041993564163553695
ABCD1,-0.22294724260956097
TNXB,-0.11405123449062723
PIK3R5,-0.9773305911573845
PIK3R2,-0.6107200147595027
NR5A1,-0.7393867360424738
SLC14A2,-0.3068018421996401
RHOV,-0.5281144629565352
RHOU,-0.613191328592024
RHOJ,-0.3538631990286081
CMA1,-0.30559074736756037
RHOH,-0.7647652376404995
FGF7,-0.12723949208749058
PTCRA,-0.5128370138156518
RHOA,-0.3731509877573169
RHOG,0.2940755538576424
RHOF,-0.10603843443429611
VCP,-0.4870128827643862
PLSCR4,-0.29171904309384866
SGCA,-0.5187525874413594
LRRC19,-0.6046161116107156
LRRC17,0.1099111020656704
HOXD13,-0.870240036372745
PDZD3,-0.8925986648436118
MATK,-0.4376018196102848
CLDN11,0.44329850685561467
EFCC1,-1.0700563049095786
IKZF4,-0.7800810917929683
ABL2,-0.6476458180582123
KIAA1614,0.1365120237646538
PCDHA4,-0.8029611612159255
TNN,-0.7679992315680169
GRAP,-0.33637574284838057
CACNB2,-0.8431671533437755
CACNB1,-0.5447063636095955
OBP2A,-0.46193719791170146
TEF,2.0251955905336954
GP1BB,-0.5701944399270313
FGF18,-0.6620766984572026
PDGFRB,-0.226837051126404
PDCD1,-0.5032297395801744
TBXA2R,-0.5946511756990673
RAB40AL,-0.8150126596022118
SMIM6,2.6967057587530774
SYDE1,0.957120258334431
FEV,-0.8609017983431292
ACHE,-0.19570313488343172
PRB3,-0.9739846037531641
TNFRSF13B,3.1455252895227006
CCL19,-0.42519303932531183
ZNF528,-1.274828539523772
IGFALS,-0.8727477624512049
IFNA4,-1.1766097553922001
PRKACG,-1.45818545629764
PTH1R,-0.3225859993510717
LGR5,-1.1747223350037987
JUNB,-0.23089839603838713
GNAT1,-0.8723578124265366
GNAT3,-0.9420968147640526
P2RX2,-0.30780481546403404
P2RX6,-0.7265300578140435
AOC1,-0.7423225393673081
GLI1,-0.9249306986458654
SMCP,-1.2672945859080886
HSD11B2,-0.07711257581232839
PDGFB,-0.7143869939164134
ERVW-1,-0.30999153119064604
TNR,-0.849041098681532
PDIA2,-0.3281667852244262
EFNA2,-0.7514208909874516
GGT2,-0.18179273845967903
SULT1A3,2.719882414335591
LRRC55,-1.5965479257283448
RTEL1,0.14900953565858222
SHANK1,-0.8940350488001713
PTPRU,-0.27166380517961947
POU2F2,-0.31422265343249384
COL14A1,0.5586194831422584
GNA15,-0.6166030326750378
GLYAT,-0.40430986646550254
ACTL6B,-1.1217839725224583
ZBTB47,-0.039621346384206675
CARTPT,-0.6386315674289891
SIGLEC7,-0.27099180119725047
MYO7A,-0.7798258463587429
WNT11,-0.6870906243785654
REM2,-0.3298460695295911
STX1B,-0.28721391656516976
MYO1H,-0.4630247516005759
NF1,-1.0410331813241525
IQSEC1,3.7957334275466352
IKZF3,-1.0101207681743158
ZNF143,-0.8007040872033168
NANOG,-0.9802095698247293
ZNF354C,-1.143829449496486
ANK1,-0.3537996299574919
ZNF221,-0.977447137563402
ANKRD30A,0.2830161191430883
CYSRT1,-0.45083415517861336
PRDM14,-1.3947151255771573
RAB12,-0.2638377329126099
KRTAP1-1,-0.6363742437530137
ERP27,1.1081333735905758
ZNF300,-0.9993834241258499
SGSM2,2.6784142519751617
EFCAB13,-0.882733793063578
CAMK4,-0.9603931095137419
LRWD1,-0.42371872244840153
ZNF605,-1.096127643182704
ZBTB18,-1.0076059862559594
MAZ,-0.25004860014173586
ZNF844,-1.6353336817648116
CALML6,-0.5104113286348911
TINF2,0.07291611604648504
ZNF776,-1.7298875227520496
LRRC10B,-1.8158124796196364
SYNGR2,3.174541954609867
SEC14L2,0.0296884977398077
CMTM3,0.3244013045956418
RAB4B,1.2122268683210178
TIMP1,2.569274742441462
MAN2B1,3.683486403771122
ZFYVE27,0.14893237824015335
CENPX,-0.3731798813099603
PPP2R1A,-0.5155552335230814
LAPTM5,0.5200261237404686
ARAF,0.4088341217776699
POLD4,3.1181986592552273
IFITM3,0.6344943780924132
SYNPR,-0.8495412126727447
CMTM8,-0.15442263910937762
PLIN3,0.7755648175221083
CDK2AP2,0.8733922541225682
LTBR,3.8344907694299475
INPP5D,-0.02542751735439194
OGDH,0.3788265165395121
COMMD9,0.2814103911595545
SNX8,0.03357500358359854
SCAMP4,0.7792166753364572
PSME1,2.4887929080575693
STAT3,1.3849229320146381
SYNE4,0.16453296799245393
VOPP1,0.8252458419743558
EIF3G,0.2320653693681636
TOR3A,7.351586590925871
SLC34A2,-0.4873413252305349
MARVELD1,-0.13418757227789258
COX8A,0.07003838555206483
PSD4,0.8516474984064589
VIPR2,-0.4458495547364906
PLLP,-0.3703975763733019
PNPLA6,0.7962590468850066
CTSH,2.828243104495483
HLA-DPB1,0.4210393112617337
HPCAL1,0.45297914527410305
SCAMP2,2.7393702728282685
HSPB1,-0.02187298854718233
CTSA,3.0485167126292123
FPR2,-0.28808771328659155
PRMT1,-0.7251364164216341
CREB3L4,0.11704633242462047
IFI30,2.4367580863031137
ESRRA,0.2692933564806022
CTSD,3.723866565839533
APRT,1.893026460702529
GM2A,2.2045962376826527
GUK1,0.11399744885706875
SMARCD2,-0.46698489782990815
YIF1A,2.30368259948525
SERPINB1,1.7694126590849475
SLC15A3,2.3002880548495925
PARVB,0.4259512095240051
RBM42,0.4001081031026304
SYPL2,-0.242238916470988
ORMDL2,0.22564332953890545
LST1,0.5526766046944278
ARPC1B,2.885123004818836
EIF4G1,-0.4716971797025877
SLC2A4,2.244725900522608
TAGLN2,0.41021310078416323
TNIP2,1.2284262062279498
C9orf16,0.7158656817753574
ADGRG5,0.8520422876286303
TIRAP,-0.4731913504305092
UQCRC1,0.025999052704369755
OS9,2.551991615408834
SZRD1,0.30715036868871093
MRPL23,2.0632947235014956
ALG3,0.2820867808874163
HLA-A,1.7390756264436986
NFKBIA,-0.49147141695546726
HLA-F,0.44372376534225955
G6PC3,0.962650970079851
SLC7A1,-0.005738698009957246
RRAS,0.7247161252631245
ITGB2,1.1288250661314216
RNASEH1P1,3.596043528603449
MYADM,0.030339672103996396
EDNRA,-0.3066908946985806
MPG,2.2073858119472054
MAPKAPK3,0.141612499267558
CD81,3.0783139682408267
DUS1L,0.22523567256325458
HMOX1,1.7331085283665795
CYB561,0.8267885607427
TREX1,1.1418342852715182
SLC35B1,0.4480834096146797
TMEM173,1.2704736725771728
PCDHAC2,0.39732326912215415
FATE1,-0.6182302218772828
SYP,0.06657930643925845
HLA-DQB1,0.24637585832548886
ZYX,0.5252773288734368
CMTM5,-0.5431243124134759
TAPBPL,0.8344011318322148
TGFB1,1.2234268464226947
MRPL12,-0.2564036532369068
TFEB,1.113445812873559
SGSH,8.354405822032245
MAL2,-0.40958666262196414
HID1,-1.0687095709131136
SDF4,2.536182627086112
TK1,-0.61823856991729
BLVRB,1.2801660859084387
CYHR1,1.2653570806238688
CAPG,1.1435296125786858
RPS6KA1,2.5634011752090267
SBNO2,0.6200036497967637
ATOX1,3.526691201635371
TNFRSF1A,2.1616565731339157
ADGRE5,0.9384273614480746
WARS,0.18390146479199465
TCIRG1,3.0656751939032616
PFN1,0.1878321367062903
CD14,1.5965838293777626
SCO2,0.5079584552517216
FLOT2,0.6003298604136283
ELOVL1,1.063816958688199
SLC22A9,1.1107074208998602
WDR83OS,0.45079909552962794
CD74,1.56307231517954
TMC6,0.7310081823387488
MYH9,0.9638737503550998
ASNA1,0.23669666085059568
TMEM134,1.423019611457803
PSMB10,0.2914008701252419
LRPAP1,4.04768048591227
LMAN2,1.4049462784956865
ALDOA,0.34366599408749615
STXBP2,3.181947353132614
TMED9,4.173622716405953
PLP2,0.428798385785393
RNASET2,3.188790822766789
UCP2,0.6235107869549721
SNX17,0.7098148474023758
STAT6,1.7478739328610458
ATP6V1F,0.4255088511896935
ARF3,0.6943857914883137
SERF2,0.33311860952689243
TOMM22,-0.41364557817415304
TRADD,2.54244217556566
CDC37,-0.26163644411048165
NECTIN2,0.9797255807499616
CFLAR,-0.07490102437439561
POLD2,-0.3846554327300059
CIB1,0.48143730216994435
SAP30BP,-0.2878438917049235
ETHE1,0.6691699223342686
ICAM1,0.8957894652495063
ERCC1,0.031185193638582333
S100A4,1.6045985680653063
NFKB2,0.08280572395915492
BSG,0.4006793898705254
SH3GLB2,3.482701267938604
DUSP3,2.4612295993951077
ASL,4.196998759352015
MVP,3.202178340901536
DPAGT1,0.30690181890093093
CLIC1,0.45987393256050946
RAB1B,0.2300020019981724
COMT,1.1639189379819528
GNB2,0.022243091460109443
TMEM147,0.12163875292043538
GALE,0.8495465531039491
TPD52L2,1.3776054110426357
EIF6,0.03587830468021117
CST3,2.265640946342587
NFKBIE,-0.1457413957009782
TSPO,1.2697236727851775
ATP6V0D1,1.9913537999550734
SSR2,3.3665238478448205
ATP6V0B,0.6206279084781445
CORO1B,2.1101061506177086
TRAFD1,0.3886163868723444
RALY,2.429349889417155
LTBP2,1.691961865874331
SLC22A16,-0.11005258099605265
MRPL58,-0.5739453390740923
PREB,0.11334329661082271
TAPBP,3.071646719592965
BANF1,-0.34849120954118934
EMP3,2.455719395677403
PSMB8,0.3782112835257759
HLA-DPA1,0.2555860958197964
PSMB5,-0.4522638909019444
FAM89B,1.0801467911933644
PPIB,3.258551153067627
ZBED1,0.8222742939792379
CLPP,1.838279321085199
AURKAIP1,0.23171183788412494
BAX,-0.05587821673713248
SLCO1B1,0.1265917685858137
GPR52,-0.9673257552329936
DDOST,1.9665505963376342
GALNT2,2.949487425582636
OTUB1,0.018559702842584378
GNPDA1,1.310212184335619
HLA-DRA,0.08304832207534138
INPPL1,1.7860954834763454
PLOD3,2.7120785058192793
SLC9A3R1,0.046084407001033965
TMED3,0.824744822573449
GSTP1,0.07077443861953128
SSNA1,0.13159751883374643
PEA15,1.5315738193513244
APEX2,-0.13385012843379776
ARHGDIB,0.3889138176016543
SH3BGRL3,2.4301240710409013
CMTM7,-0.06153824406466763
AP1B1,1.5491308117206657
DPP3,0.5448854449583731
GAA,3.9782667022312
DPP7,1.3812667843465627
ZNHIT1,-0.008274724955007902
HLA-DRB1,0.2211250301508978
TRAF4,-0.3447435103006879
COPE,0.503303063323659
CD44,0.2377647715070654
PDIA4,3.1473688747151964
PSME2,-0.05372554528988553
CD40,-0.034760998996995154
COA3,-0.11083325691360346
MOGAT1,3.1033533265408666
CYBA,0.7772266024341046
IL32,0.3324728357954839
ARHGDIA,1.6831228718104596
CYTH1,-0.008984071309115715
TMBIM6,2.2321355754099743
LMNA,3.0808067796320375
MSN,1.1372043257053068
SQSTM1,-0.01622473736475445
TAX1BP3,1.70184917301818
ATP4A,-0.650516183101242
VAMP8,1.4969097012033634
SLC16A3,0.8806338958794881
CYC1,-0.02590921696419408
GPX1,2.3910421148872225
OAZ1,0.980222126200064
TYMP,0.5160302815838708
CMTM4,-0.2559067282116635
UNC119,0.029402700925523106
GORASP2,-0.3248158403567727
WBP2,2.7390547553986013
AHCY,-0.08816431463487098
HLA-DMB,0.3676229166080999
FUCA1,4.154706845168564
HLA-DMA,1.9158846210949625
METTL26,0.1509627376568749
SORD,2.497400978998837
HNF4A,0.4582176570713807
PHACTR1,-0.45646224291414567
RPE,-0.6237667179545636
MVB12B,-0.22564530174645495
CHMP4A,-0.06146440498355834
CHMP4B,0.00954123619503207
CHMP4C,-0.530876583046607
PLCG1,-0.5380007118199646
CHMP2A,0.4120720793206311
CHMP7,1.7079743832954437
CHMP6,1.168204085824731
VPS25,-0.4708589533486405
VPS28,0.4084259733453773
VPS37D,-0.8252765480893226
VPS37C,-0.6127709844566278
VPS37B,0.2692609760432726
ADGRB2,0.05251672494251812
METTL15,-0.9019403015751473
SNF8,-0.28278811494156886
MVB12A,0.9007833410449015
SLC25A41,-0.37662090182555985
VPS36,-1.575556639561456
ITM2C,0.930790818360237
VPS4A,0.23292220023978838
RNF17,-1.1244545000912365
TSSK1B,-1.092111723768595
GALK2,-0.7196350888017273
SSX3,-1.5303130737668096
OR5I1,-0.7531309442825289
FAM205A,-1.0754677328560294
FAM186B,-0.9887250138514451
REXO5,-1.082169463737679
RLN1,-0.833019262853325
MYL1,-0.8814721272565598
ADGRV1,0.18986088328239045
MS4A5,-1.0355073101512189
SOHLH2,-0.49850636122086706
PPP3R2,-0.8622595099745802
SOX30,-0.789364559690761
FNDC8,-1.0252492460716525
AKAP3,-1.0324088130878566
OR12D3,-1.2386441961112693
GAGE1,-0.9181493462336026
CTAGE1,-1.1656264242133207
FSTL4,1.4502100005554415
TIAM2,-1.1530040982423055
MOV10L1,-0.9986468969666776
ADGB,-1.2561888663606084
THEG,-1.0889013906526999
RBMY1A1,-0.7315734969926139
P2RY4,-1.1075952410883065
PLCZ1,-0.6059297926994941
BRDT,-0.9854240268862611
C20orf173,-0.6050963376783641
IFNA17,-0.6058967124679461
IFNA16,-0.985706785217466
ELSPBP1,-0.9545349729504902
DAZL,-1.0716718629667437
TDRD9,-0.7725979748291639
AQP5,-0.5671784738497826
FMO4,-0.9090738828375502
SYNGR4,-0.8149785944989072
SPAG6,-1.2918251879248432
TERB2,-1.1491254495203613
TDRD1,-1.113822510423495
C4orf17,-0.6991099933403474
TDRD7,0.018139913985018363
BOLL,-0.6583730234583172
TDRD5,-1.1637588955715583
TAS2R13,0.6758501412199587
SLC26A4,2.448595697476392
CCDC155,-0.808180463824574
ADAMTS20,-0.3372300712582899
ABHD1,-0.6784165842301604
ADAM2,-0.5957254847668221
CYLC1,-1.2017572674738646
RFX4,-1.3166476775751206
KIF5A,-1.1396818634833064
NPY5R,-1.0692581649011998
CCDC87,-0.9401502292602912
CYLC2,-1.291509678094558
C2orf16,-0.9300007200890582
DDX4,-1.1243759929430135
CCDC83,-0.5434988425186738
SPO11,-1.024547190835
PIWIL2,-1.0663121105623834
DKKL1,-0.15522400383398083
APOBEC4,-1.4590976784587415
LDHC,-0.4242262744442128
SLC22A14,-1.0398053207615734
YBX2,-1.1340609608939327
C16orf71,-0.969592554877684
CCDC63,-0.8626647884739629
SPATA12,-1.1373053204901982
ACRBP,-1.1280161863085243
SLC7A4,-0.6949873312381377
MAEL,-0.9110338841701003
SLC25A31,-0.9197498701982317
ACSBG2,-0.16040116645349056
TDRD12,-1.332670777387095
OR2W1,-1.1149077244417904
TDRD10,-0.9985859343896256
PAGE1,-1.2190686276039229
SHCBP1L,-1.1208656116946827
OR2H1,-1.0639327880933496
YPEL1,-0.5893347932944937
TULP2,-1.1930856858165273
NME8,-0.01813204138365664
TEKT3,-0.7552309193430154
TBATA,-0.9251810655383994
NMBR,-0.9064680785657951
PRSS37,-0.35863135049111916
HSF2BP,-1.3022233811193402
RPGRIP1,-1.376378022576578
GRM6,-1.183491996407454
CAGE1,-1.1068028188711503
CABS1,-0.5543619863803227
NCAN,-0.29223219833653324
PRSS54,-0.7485602269231106
ODF1,-1.0628400869545453
SMC1B,-1.0618565967224476
SPATA16,-1.077285480164502
DNAJC5B,-0.8517599031497503
OR52A1,-0.9729127341949714
ZC2HC1C,-0.9545036994563798
TCTE1,-0.7357132998132365
DNAJC5G,-0.2853415237704522
TAS2R9,-0.7932461085944275
CNGA3,-1.2287853278136658
NPHS2,-0.3218929534994806
GOLGA6B,-1.0940917384506517
TRIM48,-1.1931611759635523
TMPRSS15,-0.3591867681514825
SLC26A8,-0.2902058014114238
ALLC,-0.4414592990725324
SPACA4,0.27260679303344604
SPACA1,-0.43123142202596243
TNP1,-1.1678894701581823
IQUB,-1.1810963007838595
STK31,-1.1446990924790736
ADAM30,-0.7025956885657647
FBXO25,-0.652552985806751
FETUB,-0.5477912306964349
PRR30,-1.1782212591043395
AGTR1,-0.8896542474378407
EFCAB6,-0.8504067649191006
TFDP3,-1.1023785738306053
AGBL5,-0.6881508616335134
MAGEB4,-1.2100004565218438
PIWIL1,-1.516167367134844
TEX15,-1.504456383488943
TEX14,-1.2362855895808613
GAPDHS,-0.44029777841077744
HTN1,0.2610207400382083
TEX11,-0.5767458065916283
CCT8L2,-1.0730530792717965
TEX12,-1.3289192345414704
ACR,-0.7167122829961654
RFPL3,-1.2377825507436984
SMN1,-0.568943037559085
ADCY10,-1.090138635431707
CBX4,-0.3855706758289575
CD1A,-0.8120324443128846
CNTD1,-1.1528097335208758
BTG4,-1.1198428874122788
CCDC105,-0.9891401253794403
NR6A1,2.6836355564413217
RRH,-1.1311364459991717
CCDC62,-0.9866772954444885
HYPM,-1.2195802175716697
SPATA22,-0.7815984149279792
TTC29,-1.1994656315254106
CIB4,-0.862357630475336
ADAM29,-0.6830089049396494
PSMA8,-1.1311971329577168
CRYGC,-0.5500664487382402
FAM209B,-1.1050520164012572
FAM209A,-1.310326890425051
TSKS,-0.9100598685368839
FSCB,-0.872781522387805
MSH4,-1.0573715963799777
KRTAP5-2,1.3490096567015686
LYZL4,-0.3265249150660661
CABYR,-1.1720858985414608
RBL1,-0.8518207234662888
ZPBP,-1.2458569509160005
C10orf95,-0.8819420318947891
TSPY1,-1.0011224495754931
SYCP1,-1.035839923309619
TDRKH,-1.2496840260671964
TAAR2,-1.0348035752325695
WDR93,-0.9113159977543511
TAS2R4,-0.8112753792342694
OR7A5,-1.1798150849147906
CRISP2,-0.8884566905548624
GDF9,-0.9607961081535589
PRM2,-0.848442541342184
CPNE1,-0.8011227340149385
IFNA14,-1.058273278395317
PDHA2,-0.4615125453988462
MORC1,-0.5604146989770877
BIRC8,-0.9697769235972095
TEX33,-1.0280932136284224
PZP,-0.9616188285603285
LDHAL6B,1.4056593473361665
IL12B,-0.7975647695417613
TEX35,-0.6763210008835178
TGIF2LY,-0.46897078137009296
CLGN,-0.12378887696901111
WDR87,-0.8151967130062845
ACRV1,-1.131750963059239
SSMEM1,-0.47252181374273894
MAGEB1,-1.0698754761805918
SLC5A7,-0.35619606161888123
ADAM18,-0.930244808786924
CLPB,-0.28873054824316235
ARID4B,-0.941334929965122
CCDC169,-1.0694588026406628
ANKRD7,-1.1758681621201799
C20orf141,-0.8952503950900292
TDRD3,-0.8463535961832976
UBQLN3,-0.7716769276228742
OLAH,-0.5299190285697939
COLEC10,0.06721713508200741
POM121L2,-1.1105614864560442
TEX55,-1.0458451709507306
GALNT8,-0.5807981558112869
AURKC,-1.207101757803294
FAM71F1,-1.1634877230347975
LRRIQ3,-1.4132168798433997
TAS2R16,-0.9234726904876638
OR2C1,-0.9543978063517888
CCT6B,-0.677653698410111
TTLL10,0.18686648550282806
CDC5L,-1.0586207677936665
CPXCR1,-1.1009665112895564
PGLYRP4,-0.9015842880965189
PRPS1L1,-1.0185354137706961
ROPN1,-0.9055181038843325
ASZ1,-0.7574582164678538
MNS1,-1.2573491221814246
ELOA2,-1.2334143082629683
TDRD6,-1.200849117332876
LUZP4,-1.1118993089205587
POU4F2,-1.3154141150665595
TP53TG5,1.3220182345366736
TCP11,-1.0110162912196587
TCP10,-0.8028183634212128
OR7E24,-1.2980189126107207
MMP25,-0.46870147680008495
PAPOLB,-0.8815147896369386
C22orf23,-0.8859557019203611
TAF7L,-1.398009573915776
MAJIN,-1.1537979582497424
OAZ3,-0.9520919671897606
ACKR2,-1.0643162688462506
C3orf20,-0.6911496452877492
TSGA10,-1.3426180380820498
C1orf94,-0.9683807542062358
ZNF541,-0.9191684017603137
SUN3,-0.5966844878832307
FSCN3,-0.9453391013356889
HTR1F,-0.7377236920724024
RSPH6A,-1.0531666601750758
SPATA6,-0.9154551258113284
MMP26,-0.747610774273236
C2orf42,-1.3107460802590332
MZT2A,-0.13320597328896122
SAC3D1,-0.36056210755935275
RPL12,-0.4195618232788051
NELFB,0.2891639729251638
SRSF9,-0.5388612882101317
NDUFB4,-0.35884613598103887
SIVA1,-0.5104545307415482
NDUFB1,-0.1890775378440292
S100A9,-0.38472733520504787
ANP32B,4.713988165156123
MZT2B,-0.5770129068644879
ATP5IF1,-0.1493012488002888
UQCRB,0.06593424912826623
EIF3H,-0.670034886207321
GPS1,0.08266077198210924
NOSIP,-0.2183535501391797
EIF3L,-0.4739730442086734
CEP135,-0.7987985463294992
PARK7,-0.40798515233830795
EIF3D,-0.5327879116277352
EIF3E,-0.44583144075475917
COMMD4,-0.017659273084299994
FAM173A,2.5641449819122184
PLK1,-1.054534219563844
EIF3I,-0.33693810705177074
NDUFA13,-0.037775657913636684
NECAB3,0.7565372119270426
MRPL37,-0.5288013829083215
LDHB,-0.26657290973698816
CENPJ,-0.6245921018465164
IPO4,-0.6075293595010457
MRPS7,-0.7136566180236069
IDH2,0.22068609587433483
SLC25A6,1.9460092225589036
SCAND1,0.21497111042974007
NME7,-0.09914834154637407
RPL11,-0.47870452447203776
PHGDH,-0.044680667109064834
TEX264,2.992055788914488
RPS16,-0.4496102718614096
UQCRQ,-0.23315094531048025
RPL19,-0.3689836851406182
C19orf53,-0.1968361077053535
ATIC,-0.4192416128739542
SNRPD3,-0.84488134677764
SNRPD2,-0.9050170079351676
PTMA,-0.6202444644401829
EEF1G,-0.3600088079586861
EEF1D,0.4184248396758873
RBBP7,-1.032315015037654
ERI3,-0.10427703667831575
CEP290,-0.8693430720661187
SNRNP25,-0.61483347058276
POP7,-0.5876357912407001
MRPL46,-0.6264119826581075
CEP72,-0.5890884395348319
TUBB4B,-0.43097453704497185
PSMC5,-0.3860631255822309
NTHL1,-0.4786008097080793
MEA1,0.08844065595885597
TLE5,1.3347145887223493
HMGN2,-0.5756111430757249
RPL8,-0.3539388181896675
MRPL22,-0.5975044766277348
MBD1,-0.7775236108421971
RPL4,-0.5884500473422212
RPL3,-0.15499635435061673
SLAIN2,-0.346711106035797
NHP2,-0.681594745820887
DCTN3,-0.06369946030710408
COX6B1,-0.22373280045601213
TIMM8B,-0.5533229104673044
CHCHD2,-0.4906892924554601
PMM1,0.535637955313936
REX1BD,0.7484878019891252
ECHS1,0.02749508455199884
TUBA1C,-0.5104223806631101
HAUS4,-0.015436669223380724
MRPL17,-0.5438248234525913
MZT1,-1.1159467861231587
CCT7,1.2121779848154675
CCT4,-0.5311510745203629
PRKACA,0.5146946099032126
TIMM13,-0.5624849207991612
SRP14,-0.5074929265773834
BABAM1,0.3242088463651907
UQCRH,-0.2949676686450991
ATP5F1D,0.25712874563038435
NINL,-0.4693052584352669
COX6C,-0.5076339470412716
PEBP1,0.037768384109672835
NUDT1,-0.308673278767605
UXT,-0.4679742950698923
DDT,0.13846031651556437
ECSIT,-0.04051255839064217
RTRAF,-0.7960525847032407
C1orf35,-0.301490009814198
TUBGCP3,-0.4384016490571168
TUBB2A,-0.6979368008334847
NDUFV1,1.7999192537090565
COX7C,-0.3745123125699297
GTF3A,-0.5180584016864702
ANAPC15,-0.44543674460190996
POLR2F,-0.717515087257575
GPX4,0.33162394645758164
HAUS8,-0.6633964456685602
COX17,-0.2543614426714605
LCMT1,-0.24706569832926567
CUTA,0.39397066214990206
RPLP1,-0.15587890509506133
RPLP0,-0.4879136508072856
TMEM161A,1.305919854981043
RPS7,-0.6539764775119826
C12orf10,0.025705187054428286
RPS3,-0.28827506630926814
DYRK4,-0.6157750409288084
PGAM4,1.5264596664915082
RPL36AL,-0.6352240226055473
HARS,-0.3741764998410193
HINT1,-0.3452341616078561
ATP5F1E,-0.3233119235517569
RPS8,-0.5803731487801627
FAU,-0.30225502941001064
SNRPA,1.773698392504891
NFU1,-0.24885111483681113
TMED1,1.9146921827862373
NEDD1,-0.596211282079761
CDT1,-0.8108529265488829
SS18L2,-0.8590455412836128
TBC1D7,-0.14893287683920262
RPL13A,2.2320218939843848
R3HCC1,0.40548691874892145
DPM3,0.4427781109227273
HRAS,-0.5979032482807752
LRIG1,-0.700363801723405
ETFB,0.38791111128573097
RNASE7,-0.9495231766708161
RPS5,-0.5225148044172375
ARL6IP4,0.45996009805290977
PTPRA,0.3353294279979977
RPS28,-0.5378706628399795
COX4I1,0.025120356872159893
RPL35,-0.4877613981508997
LOC400927-CSNK1E,-0.3556734523241983
SMDT1,-0.15611203754038994
FAM162A,0.7163040905394675
NAA38,-0.19936305056674627
RPSA,-0.449166999338158
WDR54,0.2521130347162192
TACC3,-0.667357103143174
PGLS,3.1002596652039527
RPS15,2.627133903478845
FARSA,-0.335273543040033
RPL10A,-0.5488573855662723
DGUOK,-0.5091457756210371
CDK5RAP2,-0.48819974289070434
TUBGCP2,0.09374497468345178
WDR18,-0.3653988655130438
TUBGCP4,-0.4889141674671786
TUBGCP5,-0.6075053776589289
TUBGCP6,0.26385126024343136
FBL,-0.7524272452004884
CEP131,-0.07798697243665571
COX5A,-0.4774497953772901
RPL23A,-0.5549027512960579
TXNDC12,1.7056424605155716
SF3B5,-0.4387116032898671
PRDX2,1.8641113908331082
BAD,0.33237558918039484
PFDN5,-0.15675183138364707
CAMLG,0.30422446345869847
CD320,0.33880066562596556
SLC2A4RG,1.14151895267619
RPL29,-0.240353323176783
PLEKHJ1,0.9618206119617908
RPL27,-0.6600704535713752
NUDC,-0.4594688281842054
NOP53,-0.056059091230653474
RPL22,-0.30219490543088673
MYL6B,-0.036555394954519656
MRPS34,-0.3076881571683792
EIF3F,-0.38631607988916916
YWHAG,-0.7507542671315693
ATP5MC2,-0.22931375545383234
EDF1,0.17449678926329976
NDUFC1,-0.3284564001090656
NDUFC2,-0.20711553892019957
LSM7,-0.5656497370017833
TRAPPC6A,0.5205655547001122
LGALS3BP,0.7234262876605342
TMEM160,-0.18873493510594969
OLA1,-0.2753656754870732
TMA7,-0.6253831933991194
TUBA4A,0.4305164090007291
EEF1B2,-0.43267186950755143
SNRPF,-0.9619212389008548
SNRPG,-0.8642647995115716
RPL36,-0.3939951187093114
RUVBL2,-0.7834880715601794
FIBP,0.47562875363736984
RBMX,-1.117202546494947
TUBG1,-0.7069455055216836
HAUS6,-1.0219422206425457
TUBG2,-0.4476558446427353
PHB,-0.46357221592819414
BOLA3,-0.7396611756425774
CKAP5,-0.8882499058124764
HIST1H4C,-1.1448534046222092
ATP5MF,2.680921464028759
ALMS1,-0.9701470407655548
MRPL57,-0.6036830404585536
PTBP3,1.2448690394979722
OFD1,-0.4203573944330298
MRPL13,-0.8561666172340766
USP34,-0.41886137182122607
TRAPPC5,-0.15227644654695155
ATP5ME,-0.24111838832166688
PRR11,-0.6770709460410174
RPL9,-0.5524782762011405
CHD8,1.3230759801247491
TUBA1A,-0.19808886422161326
ZNF160,-1.2513529176713831
HAUS2,-0.7326890017210658
ATP8B1,-0.5852483040000995
ATP5MPL,-0.3883955139938683
ZNF611,-0.7171619171960959
IQCF1,-0.42836903037415247
RPS15A,-0.4637936310435039
RPS2,-0.5750521379790211
ATP5MG,0.21898580232231668
OGFOD2,1.5293715561868717
TMEM206,-0.6306648124794938
RPS27,-0.5317387168015539
RPS20,-0.5832138236323398
GAPDH,0.8460946181677306
APLNR,-0.40341715243197646
MYC,-0.26770668872379494
PODNL1,-0.4610467079967717
SRPK2,-0.9265388951471596
NDE1,-0.24483950410739566
DCLRE1C,-0.39331358974963404
GTF2H3,-0.9047126499552246
RPS29,-0.35624771052619103
RPL38,-0.5530655858874638
DNPH1,0.05102315999142084
RPL32,-0.4631538531240133
NPY2R,-0.9011863007906313
CHMP1B,0.19339844345921137
HSPA2,-0.47929257388608887
HSPA6,-0.3305306538909608
HSPA5,2.4910535008003474
GNA13,0.8631461562870364
HSPA8,0.21708029078384006
IST1,-0.13655499624057743
ZFAND5,-0.10397639179240364
MAFF,0.05513425177256338
SNRNP200,-0.3382758663843617
BHLHE40,-0.49365576261746663
CNOT8,-0.6669883542416549
MTMR3,-0.15660968298119765
WDR5,-1.0036252142342847
ARFGEF1,-0.6611443401112227
PSMC1,-0.0950262806308948
MAX,0.953085298174666
MITD1,-1.0110236821877863
RASSF7,2.620352381398868
GRID2,1.6182480376369857
IKZF5,-0.8472753461779775
BTG2,0.08536643445622516
EDC4,0.5621638631908861
CC2D1B,-0.6592087127648907
ETS1,-0.4964170511405173
CHIC2,2.704708907895115
NEK2,-0.9153431632375455
WDR48,-0.7866399598718916
RNF103-CHMP3,0.013257518099810095
VTA1,-0.9115733607477301
TNPO3,-0.68537838515561
SEC13,0.005387998193282716
CNOT10,-1.0726988221942675
SENP2,-0.32110228900189564
EIF4B,-0.5044772673083261
USP54,-0.552805373689404
PPP1R2,5.3217787451728435
SSRP1,-0.759619107922999
FLOT1,0.7748989941751622
TOX4,-0.29970068194191585
TRPC4AP,2.0253719760234348
AL136295.1,0.06298275755321385
ABHD17B,-0.36285806863634706
ATF3,-0.2590570087886704
CCL14,-0.6021448114864435
RFC3,-0.9165011485294234
MAPK14,-0.6802591658052854
EIF1,-0.21403837085125754
BROX,-0.41074455849686464
CHMP1A,0.6614175269274033
KNSTRN,-1.0204230039534854
TMEM63B,0.3685385131403699
PICK1,-0.21543533788093508
GRID1,0.05692626282051973
PPP1R15A,0.23639262267959246
GABPA,-0.7955623195290243
RNF146,2.387954448248123
ADPRM,1.5580960288107288
CLTC,-0.07165409244246632
HSPA1A,-0.6312693245524872
MAP7,-0.3452716561378758
ELOF1,-0.17686225055423083
EIF2S3,-0.43315200779158064
HSPA1L,-0.4113673653315775
PTPN23,0.55290519370698
PGD,2.570463803464941
WASF2,-0.2457798227703975
HADHA,0.18097678111313698
NRAS,0.6135750120887116
SELENOT,0.3339609895917795
ETS2,-0.2841271489646822
KLF4,-0.25778101887065247
KLF3,-0.4614581550553007
ATP6V1B1,-0.05364422397395005
STON2,0.2301381452611176
SLC25A15,-0.6655945769882888
SUCLG1,0.01152485973665151
LMAN1,1.246309709325296
C6orf89,-0.8635618229458351
TFG,-0.44763219326995257
PRUNE1,-0.6659947587699105
TGIF1,-0.3113184310987597
PMM2,0.18813487569352544
HIST1H4I,-0.789389888340856
FKBP2,1.118564120303326
TWNK,-0.717278544440762
HKDC1,1.2155425893043363
PPP4C,0.15634193663291704
LARP1,-0.6810476847913929
WDR3,-1.0834853212572182
TUBB4A,-0.6289307136174401
AKAP8,-0.17498640261701887
BAK1,0.2692466850497347
ACTA1,-0.6671473693152533
ATP2A2,-0.26249603753440076
ATP2A3,-0.008194769662553253
NOP2,-0.9076854993266146
PUM3,-1.03715742195755
WDR43,-1.1696106816985237
XPO5,-0.5091693013432426
CCT2,-0.8688849887998413
CCT5,-0.7503233630754012
AHSA1,-0.7290137136924371
PAM16,-0.38183256296634976
TIMM10,-0.42423020673134393
CNGB1,-1.1864890064100566
PTBP1,-0.5063878686467257
UCK2,-0.5732003857516761
BLM,-0.848025927596248
GDI2,-0.4064499715660962
SFI1,2.2998689680664746
DNAJC2,-1.1374025984421876
PPTC7,-0.6175168595227541
MYBBP1A,-0.6622091085455928
GFPT1,1.391601105484015
GFPT2,0.2576728243469741
EIF4A1,-0.45659432963900787
EIF4A2,-0.8053123002904117
NUTF2,-0.1934109503564421
PKLR,-0.36123448814955894
ATG101,-0.09684587806108001
PRDX5,-0.16317504818466444
FAM86B1,-0.3732427969150071
SAR1A,-0.1096162166046347
ALG12,1.3506445008639552
NOL6,-0.7599912401209564
UPRT,-0.5584583247435917
UBIAD1,0.4635203418450238
AK2,-0.48940242370602166
ATP1A4,-0.28365458104977154
ATP1A2,-0.5839833649459708
ATP1A1,-0.10369144912273554
MARS,-0.5083018116227512
SARS2,-0.03308000791720501
EEF1A2,0.028481185899625942
MCRS1,-0.2812181889989963
LARS2,-0.4207469177304353
ACOD1,-0.39339590754429804
RDH8,-0.5471199954023841
ATP13A1,0.457783517586128
DDX18,-0.9715242395578908
PSMC4,-0.02434589066033539
NOLC1,-0.9122772894458159
E2F4,1.1199605019796104
CALU,0.6557906735194368
FUT4,0.6794207479141322
SLC1A5,0.0396771732461801
EEF2,-0.22911130678897376
BZW2,-0.7241495506457492
MAT1A,-0.6571232921652883
PES1,-0.4059800946104183
PYCR1,-0.10717507189311419
GNL3,-0.8266928342834851
GNL2,-0.9164657890997461
TUBA3C,-0.7085451854664365
TUBA3E,-0.22913621778228424
EIF3B,1.8798155782663983
CNPY2,4.848856804936066
MRPL36,0.0886214096220133
EIF2B5,-0.4078395826677597
IMPA2,0.6665425766038159
SNU13,-0.7918099546238837
ATP5MC1,0.31928299836643276
ACTB,0.742171615388243
ALG8,-0.3208630157772344
ALG2,0.6271717202153123
ZNF593,-0.4167155010820868
BCKDK,0.5697667904098322
BTF3L4,-0.7571477495503662
RUVBL1,-0.9479092440343688
B3GNTL1,1.4962524009623148
FTSJ3,-0.6650294363601951
DDX55,-0.8165023445478392
RAB43,-0.2038998438156724
RRBP1,1.0987228685740316
PKM,1.674783854704634
TPT1,-0.34545348524968306
CSK,0.015243952823981884
BOP1,-0.5158930992990164
MTHFD1,-0.23029919235575377
COMTD1,-0.3747999734747918
COX18,-0.7165148532774228
TMEM214,1.0947104864562511
HDAC1,-0.9460002042013168
SLC35C1,0.9120499456346728
PUS1,-0.7396441240802069
PUS7,-0.9767408471797258
RRS1,-0.7232503774910469
CARS,-0.1365182145267469
GMPPA,1.1490004066841581
GMPPB,1.5629865606942837
GCN1,-0.5809607153544116
ENO2,3.5960115720354358
ENO3,-0.21540352723312936
SND1,4.326169966548922
DUT,-0.7017733631717776
RXYLT1,0.966282938248764
NAT10,-0.8171922862777401
DLST,2.722038318120663
TCP1,-0.6791119338998097
PRDX4,0.6431146205139762
PRKAA2,-0.823515677268569
SLC5A6,-0.13362064890744318
SLC25A21,-0.37882981305309393
BID,-0.08295347435471295
PFKP,0.1923466618377809
HSPD1,1.3038289341594373
PFKM,-0.1259729053564864
PFKL,2.3383531920713434
MTX1,0.6960912691821796
GNB4,-0.8220627418720687
NANS,0.513943033819433
EIF5A,2.1195107105820905
CCT6A,-0.6620235170101175
MAT2A,-0.24231376109189712
ATP10A,0.4371575565404553
ATP10D,0.41002869750775245
OSTC,0.14058670879728796
RER1,2.715406848283675
MGAT5,2.153103997241295
MLX,0.009723249347736523
DDX21,-0.8670382095362681
DDX27,-0.7823436962716118
ABCC1,0.12459284750491587
ITPA,-0.21814912024039415
TARS,-0.685172868304922
ATP6V1C2,-0.25516733203793746
TIMM44,-0.1908768128764648
TOMM40,-0.34797113779437233
ACTG2,-0.4885614994193514
MLEC,0.6794145344413117
TACO1,-0.4215431141291339
POLR3E,-1.016492679098438
ATP2C2,-0.5125740337062843
TXNDC5,3.235197486660365
TAGLN3,-0.6692051574653377
IARS,-0.5279143673010289
SLC25A5,1.7672787410431603
SLC25A4,-0.10483996426761402
SHMT1,0.04048885301975093
NME4,0.505188673289273
DNAJA3,-0.7232015444320081
RMRP,-0.3759680098891537
NME2,-0.147545899021522
NME3,0.5467508720407918
KPNA6,-0.45520495677718015
KPNA5,-0.529895536692491
RUNX1,-0.6256568536200349
FKBP1A,-0.09140874209240593
SHC1,1.9021464310500904
RRP9,-0.5921026365762461
PPRC1,-0.5731932392782163
NOP14,-0.810889016092661
TNFRSF12A,0.3302266627868317
PITPNB,-0.5744885817293502
PPM1G,-0.6271814250800197
ABCF3,0.7489257664720681
ABCF2,-0.31864413691496274
PODXL,0.4754745497192599
YARS,-0.2601940916497635
B4GALT2,1.1638188909905238
CHEK2,-1.08225085690641
B4GALT7,2.86440157277448
CLUH,0.4173489726947846
UMPS,-0.7702058479195387
TUBB8,5.154565694197803
TUBB6,0.2877899626674333
TUBB3,-0.3156365026698696
MRPL4,-0.22845123353620106
SLC3A2,2.3948792312126357
MOGS,2.3413034702825577
ZPR1,-0.4127478628450072
CDC14A,-0.7177300563476949
MYDGF,2.5131383535605805
HMOX2,0.2937441189769408
ACTC1,-0.552189651174441
CTDP1,0.1678103281125416
UTP4,-0.599851204887732
DNAAF5,-0.7709567865939053
CTPS1,-0.6759003523911232
FOSL1,-0.2949867893380513
PSMA7,-0.9376712333949541
DPM2,0.6783888344668123
UGGT1,4.886674953828075
HMGCS1,0.31287784604213237
HMGCS2,-0.14367883261054448
ACACA,0.4573090852005372
ACACB,0.08489195791847183
RABEPK,-0.5107996255995987
SRMS,-0.2787999614519279
PUDP,-0.009873927989842822
GMEB2,0.40593715453918017
EBNA1BP2,-0.8251492051927681
UCHL3,-0.7241309502903842
TSTA3,0.2080559394697356
WDR12,-0.9501536153156644
PPIF,-0.2709432343581101
SLC35D1,1.129175079380661
PPID,-0.42475475670510837
PPIA,-0.23096946968315732
ATP11C,-0.09389619251474311
MDH2,-0.023504798442496016
MPDU1,0.7297648794856468
NIP7,-0.8893143211689709
DAD1,0.21371078854247783
DPH2,-0.5623614756443917
EIF4E2,-0.35103090310394985
HOOK2,0.08481846782284098
COPG1,0.03401284425818105
ACY3,-0.5214208750234737
GTPBP4,-1.179496621754072
NOC3L,-1.0166378948424513
SEC61A1,0.2632985858779467
CKAP4,0.7022313615217504
DOLK,0.5112907185963605
NME1-NME2,0.05416769254832864
LYPLA2,1.062604536609524
DHX15,-0.9779473010341128
S100A11,0.4973845342619651
UGP2,0.20606390617710488
ATP2B4,-0.6136747765004156
CIAPIN1,-0.5077274358523891
GOT2,0.5159958965622005
PFAS,-0.12595747014435182
RAB5IF,0.154871871801043
P4HB,2.3531142547521053
HOOK1,0.1985916350598482
MRPS2,-0.37208274497361793
COG5,-0.48220423525174416
LSG1,-0.8208521278608482
ATP2B1,-0.7115521536857055
DOHH,-0.4375536752821776
PA2G4,-0.7046001348147233
FDPS,0.07413879152667917
CCDC86,-0.7015206671944971
ATP8B3,-0.6711924340487403
ATP8B2,0.5220733697342376
SUMO3,-0.8256793457233337
KDELR2,1.745502248927616
ATP5F1C,-0.4829770536820064
HSP90B2P,-0.22909184771041743
TUBA1B,-0.2886638794984874
TMEM186,-0.6894963064599599
SLC35A2,1.5144725489119137
NPEPPS,0.008783802633826332
TOP2A,-0.8384960948993263
GNPNAT1,0.9105123597542931
IL4R,0.192845253598515
BRIX1,-1.055407027596451
PGM5,0.2127990855063512
ATP8B4,0.6642354958088924
PGM1,0.5432186481160965
PGM2,0.174660904586797
PAK1IP1,-0.9846878249107222
JMJD6,-0.39764328607944144
STT3A,0.6108229484259603
ACO2,0.23534391589302256
FAM57A,0.42052645840572944
SEC23B,-0.23586966398439957
MPI,0.44730546783974184
POMT2,1.776991338148722
TUBA8,-0.19384472296341898
NOM1,-1.5446272578157456
ATP5F1B,1.5736216714393576
OGFOD1,-0.15494988088985978
TRMT6,-0.7198070868759016
GPN2,-0.011239176132066597
ALDH18A1,-0.08145814107622178
NIFK,-0.9487814223902449
HDLBP,0.5265085056328828
SEC11C,0.396438869910388
ATP12A,-0.6036256431475812
ARFGEF2,-0.13477197104127733
ADK,-0.055514429977169745
METTL1,-0.498012948957103
PPAN,-0.5600882230193334
MRTO4,-0.8018176665290716
BYSL,-0.8034390604478407
KCTD5,-0.11198134602700091
RRM2,-0.6260340116261954
SEC31A,0.3959853924349676
IDH3A,0.09399902444297281
PAPSS2,5.174159801005407
TATDN2,0.07044499103707405
PDIA5,3.78948134626877
CFL1,-0.09097402545795179
TMX2,0.24146314818760575
SNRPB,-0.7692156884767198
LRRC59,-0.13529645868380336
DNM1L,-0.4487113851775235
STK19,1.4733027771048042
MGST3,0.3204583165383985
NISCH,2.7909254581992298
CCS,3.5720253844485312
NELFE,-0.024097924983709544
PPIL2,0.7080256708317794
PGAP2,-0.13192590354819927
RARA,-0.34418159231519824
EP300,-1.1303587180534451
SNHG28,-1.1669735571761475
FANCA,2.0557192672603866
TBC1D22A,0.4430477662471096
CSNK1E,-0.42621529942402103
CNPY3,4.975952167507873
CD151,3.077568649104271
TRIM28,-0.5903790816382214
SLC25A1,0.2752525155892972
PCYT2,0.7121730695353848
RANGAP1,-0.5065714721605449
TWF2,1.1853531177685703
NUCB1,3.5728157175858524
PTPN18,2.7504402047188825
PLD3,2.766913716015441
KAT5,-0.543209112980184
MLST8,-0.10645578888547233
FKBP1B,2.266686596641374
HSD3B2,0.5239906195271331
TRIP6,-0.13667304543378475
FBF1,-1.1040504987127748
ZNF395,6.696981121264751
FAHD2A,0.4767542270167555
CPT1A,0.362937303569306
PDXK,1.3995284511027097
UROS,1.2205485235160982
ACAA1,2.376332174864014
UROD,2.7721642590218325
TST,0.3388626206561628
CHKB,3.065710844665181
XRCC6,-0.6497943029452494
SREBF2,2.8616121536973242
HEPHL1,-0.6626357890888903
DDR2,0.33313002289483873
ALAD,0.5764090536307365
GPAA1,0.6108169784595434
IRGQ,-0.04211652119467095
DALRD3,0.6783016010514477
MPST,3.695479816808243
ERP29,3.241191834629922
SAMM50,0.016191644112673584
POLR2E,-0.2666270855065504
KAT6B,-0.8739118882622694
POLR2I,-0.6908768067086584
IRF3,1.8713289722387814
TECR,0.3293706309148245
GALK1,0.7027956530750255
LRRC15,-0.1262377395075483
MSRB2,1.4369089456582669
DDA1,0.7003354547683536
ABHD17A,2.6972255323009477
HDAC5,0.5385190884886849
PI4KA,2.942448185633743
NAGA,3.946890257390191
NIT1,0.543598366924642
POLG,-0.017716132775289654
RBKS,0.0717192625115007
ACADS,0.8139133985721019
ARF5,0.3289569488317007
AKR7A2,2.414907055365551
CUEDC2,0.5098468108216674
DNAJB2,1.1667318323504159
ATP5F1A,2.1933050298752805
CBY1,-0.34657027020623093
MAPK3,1.0278089539427173
DSG4,-0.9588246489287457
GALT,2.3284488708326996
GNB5,-0.6961848264389235
TXN2,-0.05348607421858034
STK25,0.2287023904598605
SLC27A4,0.33989597233627405
UCKL1,0.3100037508616493
ZSCAN26,-0.9389982841105129
SPSB3,1.2691683598605972
VSIG8,-0.3138268326754837
RETREG2,2.664416812076154
GSTK1,0.723302567652863
PPIE,-0.6542577415743636
PRKD2,0.3551596980019231
RBSN,-0.7599903566220535
COX5B,-0.2713025453276798
PPP6R2,1.3406261198553884
AACS,0.6040521954616149
OVOL3,0.5356379553139551
PIN1,-0.44379242530126733
AANAT,-0.48440211076328876
GCHFR,1.1128897763160737
NDUFS1,-0.16203082152614792
HAGH,0.6110032758471936
TCF25,3.6860122974044995
IMPDH2,-0.22608305631754708
HMGCL,0.7283640665651276
ILVBL,3.5071580646154867
POTEE,-1.0142651354518966
PIGA,-0.11993182455593578
ALDH3B1,1.5072000080725256
TTLL1,-0.10131564829791655
ISYNA1,0.7857650221473661
CRYL1,0.8993215343187412
QRICH1,-1.1098919216511187
NDUFS8,-0.022136585454201513
SGSM3,0.8001121389025003
DUSP14,-1.0074958186575032
E2F3,-0.9700778072625849
CABIN1,2.8791227655458633
PEMT,0.01564407771422566
HEMK1,0.48017429895322916
OTC,-0.2831562481660076
PMVK,0.12795192215047904
SUN2,0.6067944620585601
NDUFS3,-0.3643362774584432
ACTR1B,1.906813246211804
NDUFS7,0.027938069375374595
SDHA,1.9172689683377755
ATP6V0E2,1.240705472241659
ASS1,0.3780733325448579
DUOXA1,0.9847856809753578
AGA,1.5446018733368427
RAD51B,-0.2419678218593999
SUMO2,-0.7630853823058695
MAN2C1,3.2875469808047213
IFNG,-0.409762729160842
PTGR1,0.6442176777685306
BCAT1,0.45321052855586896
ABLIM1,-0.27070547540126155
TMEM184A,-0.30342662963459754
CYP3A5,0.005795959180704894
CNDP2,3.289970476761481
ORM2,-0.5209512497713543
PARP12,2.6283860507764314
EIF2S1,-0.9975406192647869
SERPINE2,0.13502478598949802
APOE,2.9888626776199336
TTR,-0.4075485483369305
PEPD,1.912265010693846
PAICS,-0.5323239755398789
GDF15,3.4326040082630502
UAP1,0.28984289074612357
NMRAL1,0.4013183296231654
ALDH8A1,-0.01072014219545218
VEGFA,-0.2762159819045532
PPARA,-0.38629463094600763
SULT4A1,2.874552353810139
GLYATL1,0.19250159266863653
KRT17,-0.49388281827102953
SELENBP1,0.0504993754922327
SLC22A6,-0.15472082377509497
GPX2,-0.15319033654562317
GIT1,0.6735256669752301
GIT2,3.7279378870704427
SORT1,0.19110675780208827
FLNC,-0.1381942587327185
SLC22A8,-0.10665897835481641
SESN2,0.14197505402565858
RET,0.34427148774526295
SLC2A10,0.7500049734403483
FH,0.1160194488425316
VSIG2,0.14994738379665562
HTRA2,-0.18635732716622178
MDK,1.0941836224019703
SCLT1,-0.4408046786724682
ASPG,0.8280857058049784
ASPA,0.25363240258424574
ACAT1,0.11850056698241679
GGH,-0.23268472793786157
KIF21B,-0.5522376672121784
MVD,2.7015778296257116
F2,-0.7162412644150916
CNTN1,-0.4261748458097337
TRIOBP,3.9548817292584553
PIPOX,-0.08838894011708659
GSTZ1,0.31894879688395134
SLC17A3,-0.6575798323200871
TINAGL1,-0.48582853621102995
MT2A,0.0904841293723516
UGT2B7,2.940192125949102
G6PC,0.2588103457475514
EGFR,-1.028556421345781
BHMT2,0.061996700001731325
ABAT,0.3140837555835856
BIN3,1.263183830303311
AQP3,-0.15428640439129515
AASS,-0.18405547653779725
DPYS,-0.20223885199585653
ACAA2,0.2505903123849394
GCDH,0.29387032798222146
SLC25A2,1.1258642365309286
RPGRIP1L,-0.6237985843272978
PSMC3,-0.25011045738749366
ALDH3B2,0.28473182015509624
NANOS2,-0.4971706578496183
CD48,-0.18928897415130236
FBN1,1.2485796965129523
STS,3.7243227910856316
HGD,-0.18577541141717774
CRAT,3.036246744893857
CFH,-0.2383462162931624
CFI,-0.12399976631397067
GJB1,-0.19201542765598723
FUT3,0.08465058849981813
CAMK2N1,0.9242172299539458
PCK2,2.7395275351332105
PCK1,0.10680315329296733
NQO2,0.1431481025379384
AGXT2,0.22650097564452154
CYP3A7,-0.1748532893560079
PYCR3,-0.20150612725077827
PYCR2,-0.14632852124092147
SLC25A13,-0.23301370972821384
EHHADH,-0.30335835137837713
KLF5,-0.5603251964221333
FGFR3,-0.4897180440687308
LAD1,-0.25150513484691817
IFITM1,0.2207079617081806
CENPK,-1.0504127827135628
ASNSD1,-1.0239534023180352
TNFRSF21,-0.18007151040833125
PALM,0.6653872938984634
SSH3,2.5417676137188083
HOGA1,0.142027082489004
WDTC1,1.7126815331216272
ALDH1L1,0.32936817967324983
SLC2A2,-0.20143392559020495
SPINK1,-0.211801627016765
VLDLR,-0.0782588334227265
NANOS1,-0.8467494439594438
SPTAN1,0.15036971977332922
PROS1,2.22052539839026
LAMC1,3.2062069246866933
ATP7B,-0.3525847987240543
MYCN,0.17914768315332522
MT1X,0.7112354214111666
NBL1,0.8440120471988859
PALMD,-0.03199797095434831
NUPR1,0.5347159311753397
IGFBP3,0.21345807656219967
AGMAT,0.2578054509569797
ADSSL1,-0.12319095079291144
CA10,-0.64404690177567
SDSL,0.14396730994639204
MTHFD2,-0.6268701554393061
EPHX1,0.8654087698012488
TMSB10,0.3354696310462148
PPA2,0.4982380941862466
PPA1,-0.2523406891286495
FABP1,-0.4783238118366991
QPRT,0.020927683812751428
USF1,-0.03422255230319165
ETFA,1.6623862656688786
MTOR,-0.8162599501688588
CLU,1.4215094289013235
RACK1,-0.5837518211477554
KNG1,-0.2349371925336836
ALDH2,0.11919393047194224
CDK1,-1.1661677682597444
CDK2,-0.8933727519000606
CDK3,-0.4907617740229101
NAGPA,5.648970701087527
LCN2,-0.331421675204896
PHB2,-0.41247510694771944
USP4,0.38520974641189626
PRDX1,-0.29297594597042403
DDX11,-0.28939874373024066
PM20D1,-0.16789873600311137
STIP1,-0.5283007218095143
CDC42EP1,0.9278746044650072
TNFRSF11A,0.13597871165034803
ACMSD,0.10896490536627858
LATS1,-0.9652513729340895
CCNB2,-1.1517484092496284
DDX24,-0.871817346011849
ARHGAP32,-0.3305269015610656
C4BPB,0.14737851462891247
TUFM,-0.08680605076553032
CKB,-0.20557792032201655
TPBG,0.06595764336772614
TPI1,0.19922091579108175
PAH,-0.36222544372734405
FURIN,0.4746664255854766
CALM3,-0.4009848307004458
ACSM1,0.5888657722471358
ACSM3,0.7359449327809374
PRODH,-0.2420426781721377
ACSM4,1.298746759498488
ACSM6,1.2639263245246748
FGFR2,-0.7152035539953694
ASRGL1,-0.06888545911281073
ERBB2,1.4333911936424477
ERBB3,-0.6378886315974166
CTSB,2.504940207404782
ACSM2A,0.5785397168774189
ACSM2B,0.845219567135036
SLC25A20,0.6650105855822959
RPL18,-0.3757675768670252
GMPS,1.5250881099329592
CPB2,-0.49626190872628567
KPNA2,-1.006942733417915
FBP1,0.3109924409477197
ENAH,-0.08754266524844305
PDZK1IP1,-0.295234729573517
NDRG1,-0.35726349522366146
ITGB4,-0.2235624036080692
HSPH1,-0.5042261587796999
NONO,-0.31713383320619265
GLDC,0.1477778875646139
XDH,-0.9888131576824168
ECH1,0.19612675771056104
SCNN1A,2.243691865593714
ANXA11,1.1777473150911786
GBP2,1.4999005373183614
ACSF2,0.7784757171022466
PTPN1,-0.40389622980168655
LCT,2.0631152377765742
ANG,-0.03179340545521158
EIF4EBP1,0.06692694926615539
BCR,-0.10654678518726708
ADI1,0.775712016465048
BHMT,-0.4529863560343548
ZER1,4.856844005775725
FHL2,0.07495830358405596
KRT6B,-0.8045632611558945
LY6E,1.0556054758897928
EFNA1,-0.12249168897737979
SRR,0.19771072405466372
PRKAA1,-0.4659865205117515
ALDH7A1,0.09661326688931768
LGALS3,0.46882665330691364
ALDH4A1,2.144389910893705
FSCN1,0.49332717481991595
LGALS4,-0.6452712551627078
PLXNA3,0.4469876313899092
AGXT,-0.7256029794358625
ASNS,0.20372356867379526
RARRES1,0.28651535886261853
PLG,-0.6646194585524238
S100P,-0.46735060210426826
MPRIP,0.802587615789051
INSR,-0.5998733515532653
ALDH1A2,1.5209389307088679
KYNU,2.8149978186010163
CBS,-0.14569127418645209
TFAP2C,-0.4036421318297753
RPL17,-0.4185342573232576
ACY1,0.5506386715516599
AADAT,0.7457577935860173
SIGIRR,1.1789294931329497
SERPINA1,1.2208188011778698
SUCLG2,5.472955076014186
IDH3B,-0.07133925680268889
HPN,-0.2055220409736318
ALDOB,-0.354928889558702
HPGDS,-0.28826824949058183
HPD,-0.24202228297795106
PSAT1,-0.0027409003591805058
PDK2,1.073001590095248
PDK4,-0.4316363701975397
ABCC3,2.3222165966359576
GSR,1.2584035464275016
DARS,-0.30531678288545583
DOLPP1,0.9977339347358133
AFG3L2,-0.1590329878956748
DMGDH,0.03735952361184863
PLIN1,-0.4153511416056135
NHLRC2,-0.7767067527643495
WWC1,-0.07157199964653359
KHK,0.3971626797197978
CAPN1,2.4718190449000543
PIR,0.12997542352289762
IREB2,-0.08087324016183343
DDX3Y,-0.5418502078771767
VWA8,0.5918746951403222
BAMBI,-0.5922333118055739
POLR2D,-0.740632685156446
CYREN,-0.09061514584740268
CSPG4,0.6383894022586771
TERF2,-0.28476748280886854
STC2,-0.0995736230422129
SLC7A9,-0.21280208155672084
SLC7A7,1.9992687096046307
SLC7A5,-0.02343701211730339
AKR1A1,2.9786867082511574
AOPEP,0.9347342117966034
NAGS,0.818340778641554
NEBL,-0.6928716765065608
TMPRSS11D,-0.6777820192526851
SIRT3,0.5947872734138717
EFEMP2,2.5926776307137267
SGTB,-0.11890465627497608
ACO1,2.045430796972083
HOPX,-0.4844249807646416
TNFAIP8,-0.21361343516956108
SDC1,0.2842214257856796
ARG2,-0.373637950908682
ECI2,0.1805032112374812
GGT1,-0.05223402793350898
AIFM1,-0.40776485963967174
IL17RC,4.84798925061246
GAD1,-0.5940065935297725
GAD2,-0.9451483908721051
BAIAP2L1,-0.43454854152358374
TES,1.8138075056866103
TSKU,0.5130965074316245
MTHFR,1.743820162157524
SLC13A1,0.2660945648676883
SLC13A3,0.024417059038507587
PBLD,0.059541188842129944
FES,4.790252655201399
SERPINF2,-0.2707020921725258
ADM,-0.11260267018074885
STAU1,-0.6694538611400054
RGS14,0.2876899677816414
PSPH,-0.11897415330647501
STEAP3,0.25024331520951726
TBC1D16,0.6471753635548385
KARS,-0.40559079296579503
SLC7A11,0.1352024129084911
ELF3,0.45780794897030613
TXN,0.522258725030104
SERPINA3,-0.24958291673673658
CRABP2,-0.09992956067190513
PTPRF,-0.3273785467439793
CDR2,-0.6642654788761958
NDN,0.07113151010771995
MLH1,-0.6846546134370617
GMPR2,0.2634938912579595
PLS1,-0.3131498499505433
TDO2,-0.4135191982540226
PDIA6,3.3181457978058364
GPC1,3.9999337658847116
ALDH6A1,0.0034352609835189315
ALDH1B1,0.5067923423592193
MTAP,-0.6609680060283699
DAZAP1,-0.7662517411912011
AARS,0.23690484845958337
LOC101060399,-0.8751266968373599
CREB3L1,-0.07485696637797964
ATF5,0.08121681812412242
ATF4,-0.2752339585909357
FOLR1,-0.2273967748361102
LINC00671,-0.5657888386879669
KRTAP12-2,-0.4392006065769346
ADAMTSL4,-0.4707279866807251
FHIT,-0.4464840761138495
SRC,0.06531657392278739
AMPD3,-0.2695202909159552
AMPD1,-0.6362600372793539
MGMT,0.8493125541892558
AMPD2,2.485084657985975
DNMT3A,-0.8840149744077972
REL,2.572456144935503
FDXR,0.577633017701112
SMARCA4,-0.850322506452795
HINT2,0.25310652000782313
HINT3,-1.034964315473045
RARB,-1.2075923128064567
ERBB4,-0.992392235689783
FOXM1,-1.3297315444703448
DNMT1,-1.0855999069038424
THRB,-0.7666832668760926
APTX,-0.6602832795679671
DNMT3B,-1.1088780299792482
ENTPD3,-0.2839635235959582
RPS23,2.7390537681672016
ENTPD1,-0.0426531639529089
WWOX,-0.7490362184169213
RABL2A,-0.41009086652919663
ENTPD8,0.29679137432684016
SH3GL2,1.5079533936267475
AK1,0.45625266708789797
AK7,-0.37075941186393685
AK5,-0.3608578879135368
AK4,-0.005406855199716434
PTPRD,-0.9260322837752261
HSPE1,-0.33383639070165255
SFRP1,-0.3992133506125666
ARHGAP19,-0.8863047799771359
SPX,-0.8045898483217918
CTRC,0.4106932128503806
SPINT3,-0.7118553230123983
NTNG2,-1.1481519048340336
MPP3,0.5392176137405799
SLC12A5,-0.7753562427601959
SCN4A,2.10872457860782
PRKRA,-0.838303181666931
THPO,-0.7344248886042138
HTR6,-1.0505825036438508
GPR27,-0.8179544451126354
DBH,-0.18661799326635567
RNF186,-0.837662656043174
CSHL1,-0.5020135551240792
HGFAC,-0.6294588570388737
TSHB,-1.2416356161454831
TNNT2,-0.9971459887805287
SLC11A1,-0.05024734876612082
PRLH,-0.6389291642165635
GGTLC1,0.030037902425838273
OXT,-0.6898380373621297
LBX1,-0.7653642917761709
PSG4,-0.7781939870807815
FGF1,-0.3228450395865747
A1CF,-0.4944676209839573
MYH15,-0.9367715400628348
GABRR1,-0.9472105874346798
SCN10A,-0.9185864955597816
STXBP6,-0.032241478898361646
SEMG1,-0.7227387809225779
FZD4,-0.330174221379402
LGALS14,-0.8543177910261256
RHBG,-0.6345749244769812
CDKL2,-1.012817554920934
CST8,-1.0253261217319523
GML,-0.5692367304830575
OR51E2,-0.9094086941976534
CHRNA6,-0.8901631810112732
MAS1,-0.8778007823103418
GPR37L1,-0.658663396766128
IFNA7,-1.1115628664199175
RALYL,-1.2758325620074675
ABCA4,-0.5543035202860532
KCNC1,-0.9958999101987855
PITX3,-0.4432518145081801
PARM1,-0.7498662864028335
GCNT4,0.01973318976366936
PGC,-0.8448514897540205
TM4SF5,-0.48282413551565245
DEFA5,-0.4019627561143168
PROP1,-0.7578518025719113
TG,-0.49583329408713206
KCNJ10,-1.11930083206822
UCP1,-1.058101320830646
PHOX2B,-1.0927213301469993
ZNF709,-1.2614802709940292
FOXQ1,-0.4909284242459897
UBD,-0.5049489184703294
PPP5D1,-1.6477783029368194
CAMK1G,-0.8188040290812438
BRPF3,-1.1455061876500054
CAMK1,-0.46343524781918277
ARF6,-0.43629207589917746
TAF9B,-1.1513435697838235
RCVRN,-1.0109161651434933
ILKAP,-1.0321815295225676
INSRR,-0.8653084298929185
TTC13,-0.5049683487390476
LRRC56,-0.4957464315036078
ZNF708,-1.1521002983781672
ZNF66,-1.0105157398278461
ZNF791,-0.9784695849648615
ZNF77,-0.9766515077301198
ZNF383,-1.1436843357159456
ZNF382,-1.0748072481195194
ZNF354B,-1.0624306631238698
ZNF700,-0.8460947931396112
MAP3K7,-0.9842563390143093
ZNF264,-0.8852606342945544
ZNF782,-1.168275762607299
ZNF267,-0.7470926822079278
ZNF587B,-0.8071146844686656
ZFP69,-1.0298490912050031
ZNF471,-1.1116662924262382
ZNF470,-1.0945413169655727
ZNF184,-1.1781135909078804
ZNF268,-1.2036261745751602
CTTNBP2,-1.2213818880681298
ZNF667,-1.0971398608837675
ZNF45,-1.100245193937546
ZNF44,-1.1104012176266835
ZNF404,-1.1119889300035088
ZNF680,-1.0925482306566707
ZNF681,-1.4495255852894338
CENPCP1,-0.6873853721676677
LRRC2,-1.2076600683897143
MYSM1,-1.562474402099133
ZNF764,-1.1135859679404312
ZNF284,-1.0097250203113561
ZNF677,-1.1601368595140844
ZNF675,-1.03775522033523
ZNF674,-0.9597001471067197
ZNF440,-1.0169584343785951
CLK4,-0.9010867951777374
ZNF442,-0.9707111752483808
ZNF841,-1.1276136527211924
ZNF845,-1.1955361227516534
ZNF679,-1.1562359990049402
ZNF273,-1.1571793736259142
TTC14,-1.0385451883112
ZNF569,-1.0603425476894228
ZNF568,-1.1307112518458529
ZNF567,-1.2269749221417743
HDAC10,-0.939604624595578
ZNF565,-1.1690049388938393
ZNF37A,-1.1078621157293633
ZNF563,-1.122648103016163
ZNF562,-1.2107863193632067
ZNF560,-1.160105727835566
ZNF699,-1.022591356583419
ZNF214,-1.009222939713512
ZNF195,-1.172014006535711
ZNF283,-1.1377957498940832
ZNF57,-0.975311684334837
ZFP90,-1.0197039573095639
RBAK,-0.8570643736539668
ZNF599,-1.1478612860700652
ZNF606,-1.1165697169233115
ZNF607,-1.1235006277267388
ZNF454,-1.108797742414794
USP47,-0.9519391378717302
ZNF585A,-1.1666493490014012
ANKS3,-0.6494612879770255
ZNF669,-1.0356620055013943
ZNF347,-1.1239567776302737
ZNF765,-0.8667161061835003
ZNF875,-1.1123526614756727
ZNF510,-1.0058033556269586
ZNF766,-1.146207573028444
ZNF517,-0.8636047748944566
ZNF514,-0.7294087886784235
ZFP28,-1.1210993875392927
EGR1,-0.6731305984840575
ZNF227,-1.0553876005985932
ZNF25,-1.1565668573641965
ZNF823,-0.9430084466024605
ZNF583,-1.1537169063095936
ZNF584,-0.8655518995394785
ZNF587,-1.2364423578668182
RBM12B,-1.2445577527605813
ZNF879,-1.184965525986579
ZNF829,-1.0894931027274812
ZNF610,-1.2097871774975897
ZNF613,-1.1484468320233967
ZNF564,-1.0672316550072007
ZNF614,-1.159112166929731
ZNF616,-1.1327238210373514
ZNF619,-1.1634462805425656
ZNF426,-0.9981594886745243
TTC32,0.29780259710868434
ZNF425,-1.1751922106358734
ZNF420,-1.1240785358565015
GUCA1A,-1.003410417292346
ZNF429,-1.140705277011112
ZNF337,-0.13242969288703985
MAP3K1,-0.597742409566338
ZNF23,-0.447469981150487
ZNF331,-0.5873404669941209
ZNF235,-0.990672197373474
ZNF233,-0.7254728377883767
ZNF34,-0.8787951779603722
ZNF30,-0.9821076343618529
ZNF836,-1.1080709984019141
ZNF175,-0.9802016831014507
MGAM,2.5972195177840587
ZNF354A,-1.0140534233636782
ZNF534,-1.1099194659985063
ZNF530,-1.1653513643624986
ZNF571,-1.1760040173351485
ZNF624,-1.1959438939674676
ZNF627,-0.9555359997402114
ZNF621,-1.0485541605755144
ZNF749,-1.207055922578844
ZNF623,-1.0398812567347968
ZNF436,-0.8942963592399971
ZNF431,-0.9689305631660322
ZNF433,-1.2240775124360654
ZNF432,-0.9877408530463991
ZNF92,-0.9918219663714575
BRWD1,-1.087143063254352
ZNF439,-1.2097609746512374
ZFP1,-1.2308896781682999
ZIM3,-1.1526417172063725
GABPB1,-0.9300708290358585
ZNF324,-0.3957706810523366
TSSK4,-1.2127659090237173
WDR20,-0.04635735606990768
ZNF473,-0.8907872628037831
ZNF689,-0.8771579693425733
ZNF527,-1.1273917920705907
ZNF480,-1.1689310359053968
ZNF529,-1.207150993157251
ZNF155,-1.1814333893993538
ZNF484,-1.1956352309049552
ZNF665,-1.0923678948527487
ZFP37,-0.948255787383201
ZNF33B,-1.002806357331026
ZNF33A,-1.1249748193680946
ZNF132,-1.1985086670791394
ZNF133,-0.840707677319455
ZNF311,-1.1316326221376007
ZNF317,-0.7357354020633364
ZNF251,-1.1203690163666022
ZNF250,-1.0859306145572944
ZNF253,-1.3360070815815153
ZNF254,-1.2838905396937856
ZNF257,-0.8887625144014578
ZNF256,-1.1596862028953332
ZNF493,-1.3099732700758782
ZNF492,-1.2318934029667283
ZNF490,-1.1713814495686952
ZNF813,-1.1293167901560934
ZNF780B,-1.1635977819804109
ZNF17,-1.1332739512708094
ZNF12,-1.0749171375609998
ZNF814,-1.2027741002638261
ZNF7,-1.0530037014765063
ZNF14,-1.22123262459973
ZNF726,-1.0994825745862034
ZNF684,-0.955902602926406
ZNF557,-0.8937624592910004
ZNF554,-1.14830060638627
ZNF555,-1.1597544990392719
ZNF649,-1.155330117696261
ZNF416,-1.0141479134058087
ZNF662,-1.149280856194306
ZNF792,-1.1060821156091387
ZNF93,-1.2404339939181295
ORC2,-1.2261530805104657
ZNF324B,-1.0553223340643532
ZNF208,-1.264381070630495
MCM9,-0.5320736905300494
ZNF461,-1.1291740999440534
ZNF154,-1.2124140752606634
RHPN2,-1.4596911018244632
ZNF714,-0.9024168672593232
ZNF98,-1.1226687370563495
RHOBTB3,-0.4698252107485701
ZNF860,-1.1121042486978594
ZNF99,-1.1601000470294323
ZNF468,-1.0785435499134564
ZNF790,-0.9144940435424777
ZNF91,-0.6101930309044555
ZNF543,-1.1586927670290788
ZNF793,-1.1767352495279138
ZNF460,-1.1869128074504027
ZNF506,-1.196286948624311
ZNF549,-1.1289854170123748
ZNF548,-1.013073971996633
PPWD1,-1.1224062707370925
ZFP14,-0.9770634176186933
USP28,-0.90461750613577
TBPL1,-1.166241021595175
TBP,-1.213181604638273
GP1BA,-1.0538521640371643
ACTRT3,-1.193555428796761
ZNF559,-0.9668489079370874
TTBK2,-0.7319592921133067
PGA3,-0.16026776220620795
EPC2,-1.1348789018252645
KANK3,-0.3799311530696818
ZNF878,-0.2895112155611753
NID2,0.5895579477657936
CPE,0.14414060457608444
P4HA2,0.8976486548293
CPZ,1.0781096794118468
MFAP4,0.3167571165729146
GPR183,-0.07231119347760696
WWTR1,3.888802610825949
THY1,0.2998957314776348
TACSTD2,-0.6430160877637864
GATA6,-0.5822418543929143
COL15A1,0.3566932513859393
MFAP5,0.13620942389042318
COLEC12,1.1637344544910788
ANGPTL2,0.40186113319322075
EMCN,0.5314050274432451
ITGA1,-0.03641342953095178
ITGA5,2.382452716023975
COL3A1,0.5202172551223714
SERPINE1,0.16741056636106663
ALPK2,-0.8088714620619515
COL4A2,1.0509138540042235
VEGFC,0.2536258307432346
CHST3,1.2382100199518888
ZEB1,-0.23086395195096884
ZNF423,-0.11228173342895717
GPX8,2.992798347357117
VWF,0.33431619423513675
MYH10,-0.45662877810434344
DLK1,-0.04289007427789455
HTRA1,0.3203630852435084
TLL2,-0.6087368987146565
PTX3,0.204541195522732
SPARC,0.437310479920195
TFPI,1.659505132808503
PARVA,0.7693581971249713
LAMA1,-0.10498312627046492
LAMA2,-0.03885751001871759
LAMA4,0.13104437097385307
MCAM,0.2166729558149644
LEPR,-0.15111910688074062
ADGRL4,0.7919258230883286
NREP,-0.27046946864548654
MXRA5,0.07550988434615591
MTCL1,-0.633815668348473
CXXC1,1.3613765207559596
MME,0.31143380098165635
CTHRC1,0.7412839633968998
CALCRL,0.16747882313741086
SPARCL1,0.22812714334295975
AFAP1,0.6245111921784441
TWIST1,0.231288826372093
TM4SF1,-0.03398237071936331
SULF1,3.261712426916052
LMCD1,-0.06659706370599314
SLIT3,-0.680171072036763
DEFA1A3,1.8034834796135346
JAG1,-0.3350471793291799
PDZD2,-0.1674232836670027
SPON1,-0.06472426596448945
ITGB5,1.5283476370604943
LTBP3,0.30342467366018505
LTBP1,0.38747773763348226
FBN2,0.6389979610848218
CA12,-0.1007333550692317
IL33,0.495625342800747
SOS1,-0.9763908117520436
NRP1,1.794573280545721
NELL2,-0.06278160557592595
BNC2,0.003008590896577079
CILP,-0.062186922902040774
ANK2,-0.45581463796201943
COL11A1,0.2985440948973192
DAB2,1.6736372553578407
FBLN1,0.04978080381751256
FBLN5,0.4614327660594573
EHD2,1.0355537803725245
ADAMTS5,0.3343657940076441
ADAMTS1,0.3930898149188389
GNG11,-0.26229260621051215
FOXF1,-0.4130620221711217
FOXF2,-0.8898517030440859
PLXND1,2.9299881591192247
CDH5,-0.17480423541053752
CRISPLD2,0.5724621434729916
SNAI2,-0.27669966495487064
FN1,-0.3181276475421654
VIM,-0.00018079312762426307
KCNH8,-0.0025129882970922122
CAVIN3,1.0280222038676592
CAVIN1,0.28908364513610935
LAMB1,1.8244601955739839
ADAMTSL3,0.10394860366280166
COPZ2,0.2542452732643374
LCE1A,0.11647505822341866
ANXA6,1.2738724648873139
NID1,0.6471235504120039
ANGPT2,-0.21800169803192365
ITGBL1,0.21007584835649165
TMEM45A,0.2761969715104945
IGF2,-0.34640831392601806
DPYSL3,0.3926490033929016
PRSS23,1.0549476413586234
IGFBP2,4.861073877102371
IGFBP6,0.536241239428309
IGFBP7,2.330919864330814
IGFBP4,3.778914844428544
IGFBP5,-0.0429904829148953
COL16A1,0.44134143310063256
GJA1,2.669718243069582
CD93,0.24019819361330416
PCDH17,-0.4339559623696223
GAS1,0.06514497104518142
PCDH18,-0.1401909725412899
ANKRD13D,0.37774269116184916
FILIP1L,0.16160927473971767
PDGFRL,0.2053257300482656
SPRY1,-0.4522072882033108
TRPC1,-0.034560061386405064
NUAK1,3.5765636789767217
HAS2,0.2454100488589283
COL5A2,0.65800260213378
COL5A3,0.9919477369582884
SUSD4,6.070305732312496
TRAM2,1.379393684090655
HOXA9,-0.8261650999077443
TGFB2,-0.5880332586679655
PTK7,-0.07977188212975322
JCAD,0.6854462791079048
PITX1,-0.5644903716588715
CD248,0.6125344485819553
LOXL1,0.715831587757673
RGL1,0.646448463446076
MATN3,-0.23714849053932174
MATN2,0.3807125283807627
HEG1,0.6912420567317643
SKIL,-0.664418933420098
THBD,0.4234242791473963
CALD1,0.14164545484053995
DCBLD2,1.2153825257766668
AKAP12,0.010052860863258588
NOTCH2,0.3584614884629015
ACKR3,-0.5334425777347136
COL5A1,0.6429697920077684
TGFBI,1.1417265894617799
MMP1,0.16448842662689908
CHN1,-0.5031994082556834
CAV2,0.29597213355332674
CAV1,0.013883033135131935
EML1,-0.03476115546967247
SRPX2,0.7549330212594548
PLK2,-0.43957141175794295
POSTN,0.3772921609138717
RORA,-0.582588691594921
DZIP1,-0.34309655469122396
RAI14,0.054358616505225936
F2R,0.008911761070896114
GUCY1B1,-0.4326627759163956
PRRX1,-0.09407330187696071
HSPG2,2.571890146051328
FBLN2,0.5045087236604087
CD200,-0.22257504208333392
PDPN,0.07971560344899227
MAP1B,-0.1783787440996182
FRZB,-0.1680146042258473
TSHZ3,0.7729623228774336
ZNF581,-0.5127222146738787
KPRP,-0.7401465407739469
LAMC3,-0.03202412158015091
FRMD6,0.1656259930213968
NNMT,0.39536768297816927
TIE1,2.49466684010586
COL12A1,0.5990965041952998
COL4A1,1.1200526338913865
LHFPL6,0.46550276006685193
AMOTL2,-0.4059456898533902
FST,-0.41782514892536915
OLFM4,1.9863018267433499
SNED1,0.42350940339959503
DACT1,0.2438977528731175
A2M,2.4585313364874293
ENPEP,1.4067916317927953
KDR,-0.2893548413947366
P3H2,0.09541324998977946
LGALS1,0.9218261747019585
GSDME,0.5670686723112571
SFRP4,0.32974928024743433
KCNJ8,-0.18605978466809295
PALLD,0.3774637056478537
COL13A1,0.16274379175914377
COL1A2,0.4336342876266566
COL1A1,0.5733906598423001
PPIC,1.8020282703249177
CDH11,0.3894992844674895
AOX1,0.7633619477492939
CEMIP,0.5087216180012047
ANTXR1,-0.9344861755470977
PLAUR,2.6457061221673417
GJA4,0.38457056818278834
ECM2,-0.3809401103504996
ECM1,0.47598191007820506
AEBP1,0.6871545152090756
RBMS3,-0.14924801331874285
LOX,0.04870562913974099
FAP,0.39330963633777605
RGS4,3.6219230357332335
RGS5,0.41071501051789755
GLT8D2,0.4162122815682482
TPST1,1.3635443237505753
COL18A1,2.361825959480448
ENPP2,1.4053450814241777
EPCAM,-0.48731118417874814
PLXNA1,0.9103245130398914
OLFML2A,1.0955486001794894
COL6A3,0.4429700027656926
COL6A2,2.3332935026766743
TIMP3,1.459199645013316
TIMP2,3.2239597806353224
MSR1,0.21478535504756377
MRC2,0.8093652562046383
ITSN1,-0.4991461044284328
DSC3,-0.4373544693804354
FSTL1,0.5457879928385725
MICAL2,0.5803236944142018
ARHGAP29,2.5690622023101075
E2F1,-0.8387306377728441
MSX1,-0.6700979447493555
BMP1,0.8191232453438012
KRTAP10-3,-0.532901048092886
TFPI2,-0.2820276413402734
SRPX,0.1396383729400446
EGFL6,-0.15982703017987937
FAT4,0.12512939609093507
KDELR3,0.2907103232941742
PXDN,0.10131760090859519
HOXC8,-1.0261727273336068
OLFML1,0.5720910536700717
OLFML3,0.3571669068538446
PTN,-0.019781388263004247
LYG2,0.3381316016605024
THBS4,-0.047244373796866135
CCN4,-0.05588119860503122
THBS2,0.2575193062711265
THBS1,0.07966247134648301
PILRA,2.3886450254636444
GUCY1A1,-0.27079604128275647
PCOLCE,3.0914773084631157
TGFB1I1,0.27334236088591163
TLL1,-0.017008164249621364
EFEMP1,0.03617579205520399
STC1,2.8866588862362006
OLFML2B,1.047859386227231
ETV6,-0.14420500811052156
SDC2,0.5778987187936184
TNFAIP6,-0.06070780878832074
RBPMS,-0.25354516578499753
ADGRA2,5.023273969915798
SPOCK1,0.4390579804730401
WNT5A,-0.4732583224220134
GPC6,2.287485301921828
EPHA7,-0.8506973025741182
GPNMB,0.5298208977332463
STOM,0.009426467062260463
FZD1,-0.46253270762498155
SGCD,3.065092631283498
SGCB,2.771684213775235
SERPINF1,0.3524820800154438
VCAM1,-0.31405898854115216
ABI3BP,1.3591929507135427
TCEAL9,2.585431078394638
EMILIN1,2.6651202154744023
CCN2,0.053567701738550876
VCAN,0.32615874971420283
ADAM12,0.09828163676858198
NOTCH3,0.015480500383765574
LAMA5,2.6638519090231414
RAB31,0.7914010746953576
PLOD2,0.33775153081395154
GLI3,-0.577196232046464
OSMR,1.9458800954178306
COL8A2,0.8100432050667626
COL8A1,-0.08561112706069694
ADGRF5,0.511846311563138
PLAU,0.096172882217409
PLAT,0.11984882192998657
GPC3,0.3108778303049017
TNC,0.13634088252792168
SERPINH1,0.9937532418112703
TMEM25,5.599138244791756
PCDH7,-0.1661464321986761
PTPRM,2.206890349313613
PTPRK,1.3535607153523328
ESM1,0.41608915996101137
CYP11B2,2.7678698741011094
STK11,1.5484277024873343
STK16,0.5269946868222329
DLGAP5,-0.7734734843274397
ZNF701,-1.0079769193574264
PIK3CG,-0.96531746730952
ZNF585B,-1.2925221146740629
IRAK2,-0.48796645601080746
IRAK3,-0.49578571023357754
IRAK4,-0.7184373186857047
ZNF43,-1.50093989067949
ZNF41,-0.7851716068739493
CSF1R,-0.013024458171666782
ZNF682,-1.0675055923277175
CAMK2G,2.003626543262651
CAMK2A,-0.6843051164980314
CAMK2B,-0.6037155416538786
STK4,-0.3683347214484222
LMNTD1,-1.4498869359408644
ZNF676,-1.3882016412031413
ZNF672,-0.15761059032574887
ZNF671,-0.5059520650457047
CCND1,-0.32523861994441816
ZNF678,-1.6212776045358388
ZNF774,-1.1196970473617422
STK38L,-0.7943336201130196
ZNF771,-0.28780345046423583
ZNF197,-1.4985252833270593
CALHM2,1.2655152557946165
CYP11A1,2.5571560411953143
ZNF519,-0.8797652470371038
ZNF224,-0.7366554790704655
BLK,-0.7272799252046707
ZNF491,-0.5137489681333057
KCNH2,-0.7101385803414455
CACNA1D,1.8334109084527113
CDC123,-0.9455223766229682
ZFP69B,-1.285559747067048
CDC7,-1.05022764488163
ZNF573,-1.208923902968108
PLAAT3,0.7553340722729627
ZNF85,-1.2333061864620918
ZNF84,-2.265748960436927
ACTBL2,-0.6332685142902157
ZNF688,0.9478786170609216
ZNF497,-0.833128883128882
ZNF19,-1.4499288979227292
MLKL,-0.22693282233950773
ZNF16,-1.1661531985019427
ZNF10,-0.8066400884737756
CDK18,-0.6768685114794226
CDK10,2.719079504268401
CDK17,-0.8354496161283714
CDK14,-0.6904782152090505
CDK15,-0.567419147158025
ZNF304,-1.6153189482534573
ZNF302,-0.4266891228498989
E4F1,0.6746385373269856
TTBK1,-1.1609571205373588
ST6GALNAC3,0.9109091991156705
CYB5A,0.1896917218759414
CYB5B,-0.04866984200279713
ZNF544,-0.7533140279976155
ZNF547,-1.3113381609066515
ZNF546,-1.7626320226937642
ZNF540,-0.9662819604654477
PPP3CA,-0.49143203136627384
PPP3CC,-0.1694944687753805
PSKH1,0.3172864582770534
CDO1,-0.2717904385852326
GCM1,-0.4033174524956571
SLC25A11,0.28353457188259884
ZNF333,-0.8744724275953144
SRF,-0.631499920449261
FGR,-0.4305847382785742
ZNF266,-0.5447775965502617
PIP4K2A,-0.45267868002215966
NMT2,-0.5466441629190015
RSKR,-0.6417079027839104
ZFP82,-1.5348713957379856
ZNF670,-1.1234641305917816
HSD3B7,-0.0865443909948181
PAK4,-0.12768129833553216
PKN1,1.1341115423417003
PAK2,1.246616874947379
IL10RA,-0.007736932606108436
ZNF696,-0.924392662619504
ZNF596,-0.9134836609931091
TRIB1,-0.46590157061157417
TRIB2,-0.7668830974576538
TRIB3,-0.7092061808810828
NEK6,-0.6774618722386682
ZNF600,-0.9819940556243897
AC006486.1,-0.8336556486156839
STK26,-0.751129043469812
ITPKB,0.14056129660651315
PRKG1,-1.0239167467357224
ZNF768,0.3164443299914161
PPP1R9B,0.08491740441112759
ZNF180,-1.2467552731441922
ENG,2.6402819273449376
NAXD,0.5606471276040387
ZNF189,-1.403306439778172
PDIK1L,-0.6161534418213326
ZNF26,-1.4387486420791773
TK2,2.7144843977401947
ZNF121,-1.5665553936305818
STK32C,-0.6240932339808705
STK32B,-0.5524937969741108
STK32A,-0.555318543578844
CALML3,-0.8871484440407977
PPP5C,-0.2971313078135294
CALML5,-0.6504716673132338
CALML4,-0.40050050565807904
ZNF501,-1.640532493978379
ZNF117,-0.955295842775782
ZNF502,-0.1974350112292705
ZNF112,-1.3123782756287488
ZNF239,-1.4508365375997765
HDAC9,-0.9303614763916417
PRKAR2A,-0.7846590458843881
PGAM2,-0.05342734580847151
OXSR1,-0.6185528087166087
FLT3,-0.7574657573776777
MYH1,-0.7518050938507598
CYP1B1,0.20455050497630717
CDKL4,-0.3514829641636998
RPS6KB2,0.03680086134809719
ZNF343,-0.8089442109747433
ZNF430,-1.2923623663091315
ZNF345,-1.4305711224890887
ACOX2,0.5147944852760077
CDK5,-0.3201292345246571
RAD51,-0.7905271735850503
GDPD5,1.225320444411296
CDK9,-0.366908427530487
ZNF441,-1.5366746642062838
PTK6,-0.6269187915065934
PRKX,-0.40178904656427394
ZNF721,-1.3604599670498934
CEBPA,0.16915752769318518
ZNF3,-1.1527652051738844
MZF1,2.51885381237828
ADCK1,0.2139452199842743
AURKA,-1.091313399813916
AURKB,-1.0660504035171714
PRKCA,-0.7892705538467468
NINJ1,3.3059668342208486
PRKCB,1.9920532753493292
ABHD14A,0.5566067995578446
AP2A2,2.006959326086711
NIM1K,-0.8094785152852777
CTNS,3.4575978815632458
BCL6,-0.5935392632983189
CYP11B1,-0.052818567229088884
MYL6,-0.3762141223992968
PKDCC,2.378939229935354
MYL3,-0.6637404725309292
MYL9,0.3076597422503716
MAP3K8,-0.27331801312413795
FAM153B,-0.9378236337825717
DEAF1,-0.03635128317434667
ZNF773,-1.1700898435529312
ZNF570,-1.154184266928933
ZNF572,-1.853473719883587
ZNF577,-1.121438361267076
VRK1,-1.4243209927735205
VRK3,-0.4771656214344687
CREB5,-0.5558235859610472
CREB1,-1.0479732653839113
PNKD,-0.4504762200371282
ZNF334,-0.9625915605938126
PIP5K1C,1.9361120680041928
ZNF79,-1.4516472372581664
MYO5C,-0.5217052588966139
MYO5B,-0.616793537300199
MYO5A,-0.04435752232015047
DDI2,-0.8142310358273591
RRAS2,-0.5911214401937134
ZSCAN2,-0.9707873277616406
SMARCD3,0.24227491144333854
PPM1F,0.6429698170559959
PPM1E,-0.8564058596892061
PPM1K,-0.7402383964355099
EGR4,-0.7523775052179885
CHEK1,-1.0651499006405427
STK40,-0.7887123635889689
ZNF582,-1.0205669219844975
PTPN7,-0.22883074198718192
PTPN6,-0.30539792728511733
ZNF615,-1.087588600655891
MOCOS,-1.0956837488873834
CAMKK2,-0.012835441051413217
CAMKK1,-0.5840141437322082
STK33,-0.5796192187347838
STK38,-0.997507494520414
CDK4,0.9500693934265673
LCK,-0.6380359174340205
SYN1,-0.2687141457713606
RPS6,-0.7176182030129363
ZNF35,-0.5009635131629155
PTAFR,0.05639425902424784
HCK,-0.4444460067597414
ZFP3,-0.8768056697313762
BMP2K,-0.5797860382457076
CD86,1.197551173258138
CDK6,-0.874027266507983
MARK2,-0.149870811450726
ZNF107,-1.6128078367512808
ZNF100,-1.1451966561498537
ZNF248,-0.8962622301996351
TSSK3,-1.1516093839010226
ACSS2,4.8367996141541605
ACSS1,0.7891059183761702
ZNF329,-1.0273641671035945
ZNF660,-1.0816588655535861
SGK1,-0.01706809854091481
IL16,-0.4159686900354708
FIS1,0.39977602497558845
PLN,-0.3138780600819263
PEG3,-0.3353146398380691
CAMK1D,0.744561211728668
SPATA20,2.7407282469306895
MAP2K7,-0.4190682486967105
MAP2K6,-0.5469996157703739
HPCAL4,-0.7147844294099329
MELK,-1.0938559028173485
GAK,1.7294737643742721
NRGN,-0.22323636687014903
PPP2R5D,-0.2906917794801594
STK39,-0.5785573363662145
SAMHD1,0.11016357609634991
ATF6B,0.18155477739623416
EFCAB2,-0.6625905395083898
ART4,0.5526592835651267
AKT2,-0.6197808112904426
AKT3,-0.5022241706640571
ZNF70,1.3428364457831479
ZNF71,-1.3040020874004428
ZNF141,-0.49572454018519857
GRK3,-0.7728966334693352
ZFP2,-1.5710106952269887
EDN1,-0.5942108495129294
ZNF664,-1.3411970477438577
ZSCAN22,-0.9439516691415691
RNASE2,2.3650141299045804
TAFA3,0.9751099426983951
KCNN2,-1.4273283686749747
BRSK2,-0.7949639658444891
ZNF443,-1.431137966230113
GSK3B,-0.839382799646775
ZKSCAN7,-1.1327924267185707
ZKSCAN8,-0.7557350568451037
ZNF211,-0.6112486196798415
ZNF219,0.1304712507100342
DCLK2,-0.9123505751980003
CHD3,1.8696316109603075
PPME1,-0.3082802931220164
PIK3R4,-0.32640818371797314
PIK3R3,-0.8202621555363732
ZNF287,-1.1861005470346708
ZNF285,-0.4634352478191845
PRKCE,-0.8751608000688544
ZNF566,-0.9666426726196191
CDKL1,-0.42263349720034904
SIK1,-0.42711011616180716
SBK1,-0.23088195657032717
PBK,-1.2067311931217122
EPHA4,-0.7967064599141271
EPHA1,-0.4863472400557181
TMCC1,-0.7356602566772023
MAPK10,-0.8065162732372434
MAPK11,-0.4686385702379248
MAPK12,-0.6661751435367593
MAPK13,-0.7434911494493455
ABL1,0.7549290813583701
CCDC106,0.38324641272773496
ZNF625,-1.3193172281952958
MAPK7,1.9052073012424788
PHF19,-0.6271867282151421
CGB2,-1.0365466841112891
VAMP2,2.7162608450149826
FADS2,2.6583146403633076
CSNK1A1L,-0.8633746749128247
ZNF485,-1.7176085237003775
ZNF134,-1.485687538450565
ZNF135,-1.4578905301470584
ZNF136,-1.074391574088419
MKI67,-0.938666422116334
RPS19,-0.4637014444792331
ARL2,0.23612902281662007
RIPK4,-0.7242174116862532
TSSK2,-1.1769282848504794
TXK,-0.8733047484905497
AKAP5,-1.0793954589860182
KRBOX4,-0.9934817174484155
ZNF419,-0.7511075391463855
ZNF551,-1.6103389531172618
ZNF417,-1.440365013192548
ZNF415,-1.2296032321345243
ZNF558,0.10377481370818285
ULK3,-0.20905598040314394
PIM2,-0.6069265943973919
LONP1,2.070115761356066
AAK1,-0.7189614441422478
PDPK1,-0.5326130219044769
CREB3L2,0.028760888021801212
CREB3L3,-0.2882271011806144
ZNF286A,-1.278728695400713
RPL37,-0.4099162163597303
NCBP1,-0.9605123383500392
MFAP1,-0.947607826119333
PDCD11,-0.6122026456665994
SMG5,0.30091398600756025
SMG7,-0.634587643999202
SMG6,-0.24483738212429823
SMG1,-1.2289452292433285
RPF2,-0.8738015153619082
SMG9,-0.038330193936979014
SMG8,1.6472113857053063
NOB1,-0.7201328528149759
PPP2R2A,-0.8086423222697422
IFRD2,-0.867299937886026
EIF5A2,1.0039611310623724
YBX3,-0.3855368755924034
RPS27L,-0.15075133358266044
POLR1B,-0.8407068754873411
POLR1C,-0.8795287417247529
RNPS1,-0.8428011334454675
RPL7A,-0.834226030458766
GMDS,0.5256372264816599
PPARD,-0.49229574319841013
PYM1,-0.6334555875568962
SERBP1,-0.9406730625117464
EIF4A3,-0.918172386979833
RAI1,-0.3832260816296845
MUS81,-0.1241567710230837
NEDD8,-0.5986279089688639
RPS4Y1,-0.6160162198372499
SPCS2,0.13009594645375908
TIMM9,-0.6647535943562973
SRPK1,-1.0166402273345414
TAF1D,-1.0187899281908248
SPCS3,0.41528202199852327
EIF2S2,-0.7263515988521918
MCTS1,-0.7138716786784144
SEC61G,-0.11938029917370056
SEC61B,0.07155547395820323
EXOC2,-0.35057282696538034
TRMT112,-0.37990888388809924
EIF3J,-1.0044212918542805
EIF3K,-0.21092012447866818
EIF3M,-1.0267084582550319
EIF3A,-0.6688260848844672
EIF3C,-0.6591520345792653
EEFSEC,0.1252727301597113
EFL1,-0.7424934670595662
RPL37A,-0.6321058067712663
RPL27A,-0.4421156825945307
EXOSC8,-1.17652140977743
WIF1,-0.9486450150200042
ARFGAP2,0.5986713579763566
EXOSC2,-0.8699801426121879
EXOSC4,-0.4395670723710354
EXOSC5,-0.7771325892422998
GTF2E1,-0.48988135040579883
DDX56,-0.4897189328151875
PLCH1,-0.1930633902358643
DHPS,0.3495493564198867
CNOT11,0.323004421285451
ZNF24,-0.9965711360982833
EIF4H,-0.1681218324685952
COX7A2,-0.307351982465069
RPL7L1,-0.7482405640257264
RPLP2,-0.3225739478913574
TEX10,-0.9762920654412683
RPL41,-0.1546338801281735
UPF2,-1.2067355447324957
C1QBP,1.4220793576928343
SRP72,-0.84300386773698
RANBP1,-1.0721963222646007
LETMD1,1.3957622601458564
RPS4X,-0.7122592009821717
RTCB,-0.2516796419808765
COASY,1.5732002398511693
RPS3A,-0.6360712379606325
RPL10L,-0.3409731925153381
ERCC4,-1.038926560037738
ERCC5,-0.6079732387951287
RPS4Y2,-0.4474476069200366
MRPS11,-0.5193454869897247
NOP56,-0.8582940073066936
MDM4,-1.0635817903585547
NDUFS5,-0.2691946935278172
LSM8,-0.8974330214246523
LSM5,-0.739070680584519
LSM6,-0.7269004982977638
LSM1,-0.23278147879439617
CASC3,0.01880810566019494
HIST1H3D,-1.0495723575751947
DPH1,0.5815683614113007
DPH5,-0.8554234633003253
SSR3,0.07121454957683407
SSR4,0.5692769427622895
SEC61A2,0.09199408261522764
NACA2,-0.9821658493453788
LAS1L,-0.5038358102741272
RPL14,-0.5035026519674801
RPL15,2.010613094240428
RPL23,-0.5251333362961824
RPL39L,-0.7737438301940026
HIST3H3,-0.9217494888187564
NOP10,-0.4975966602546091
ROMO1,-0.16675411376900695
HSPA4L,-0.3718113622946246
BCCIP,2.5629874105523758
RSL1D1,-0.7812831652579327
RPL18A,-0.5478071511796645
ARRB1,0.8417067290815481
RPS9,-0.5426222815825995
RBM8A,-0.9281855364660736
PNO1,-0.7885080951667564
RPS26,-0.31474193264238387
RPS24,-0.6572522229992055
RPS25,-0.5440292475682266
RPS21,1.4708789888935248
MAST3,0.4451155580175731
SRP68,-0.5514670169485258
MAGOHB,-1.1896387578582521
DNAJC3,3.0360763700001607
RDH14,1.6369634156458555
RPL28,0.1551344856597951
RPL26,-0.6307386801615007
RPL21,-0.2909127215517658
SECISBP2,-0.9124502380283955
TRMT61B,-0.14899367530852714
RPL22L1,-0.4820836311106486
HIF1AN,-0.6952792226183583
EIF1AY,-0.8207335615521401
OAS2,-0.2247465028605232
MAGOH,-1.084930559185522
MRPS9,-0.7988675505535271
NKRF,-1.1202238363663815
UPF1,-0.2115213836841032
RPL6,-0.6229048089474291
RPL7,-0.738358527004621
RPL5,-0.43634844427527036
PABPC4,-0.5196683166775699
EXOSC10,-0.7847880292282866
NACA,-0.5099964223612382
ISCA2,-0.17065073264463784
POLR2G,-0.7013082093392146
POLR2L,-0.529877014672102
RPL35A,-0.6097145001230133
NPM1,-0.6663415573790377
PABPC1,-0.6034845010215848
PABPC3,-0.6889215520771882
NSA2,-0.82043321579165
HIST1H1E,-0.8562332841557273
EXOSC9,-1.1942291927809152
PSMB1,-0.7375209570486256
RPS13,-0.6662459402353152
MRPS12,-0.5562725378672667
RPS11,-0.5290239238832957
RPS10,-0.1964721460432984
RPS17,-0.6694521650920835
RPS14,-0.6003704339378935
RPS18,-0.6347325256994355
IGBP1,-0.44257819326747966
RPL3L,-0.61153309043954
SRP54,-0.48850260198831746
SNRPN,-0.7806582275138189
RTF1,-0.17681924398777885
SNRPE,-1.0310845385764755
RPL26L1,-0.7438341596279848
RPL39,-0.6212598345684618
RPL34,-0.5174813592034887
RPL30,-0.6391112333412595
RPL31,-0.48939044526223147
UPF3B,-1.148199026748914
UPF3A,-0.30718811255188905
DKC1,-0.8560573172189433
COPRS,-1.3889328636123661
SMARCC2,-0.18353855693148263
HIST1H4B,-0.9375788081481631
SMARCC1,-0.9544415038418328
HIST1H4E,-0.6682662201377225
HIST1H4J,-0.9805835940349859
GLRX2,-0.5277797002396881
DCTPP1,-0.6877089080921545
SCO1,-0.2423843376030334
LYRM4,-0.8073382194172836
PRPF4,-0.5614918254445832
EARS2,-0.07797852366696789
PRPF31,-1.0247047181910844
CBFB,-0.7160801935876889
MRPL51,-0.6132669190545743
NDUFA12,-0.4668366486674988
DPY30,-0.7747653976754669
SCCPDH,0.2347872807703969
USP39,-0.8046785224254368
HYLS1,-1.0014220517793342
SNAPC5,-0.6020858007358805
PTRH2,-0.2806008935859778
MTCH2,-0.5849581541798085
H2AFX,-0.5880092949870729
H2AFZ,-1.0776733561007392
POP5,-0.48073043039928964
MRPL24,-0.2984304746823747
ADCYAP1,-1.2110059242060875
PTPMT1,-0.44358563575065596
GTF3C6,-0.5665355115978205
SLC25A33,-0.833639793417575
EFTUD2,-0.6628332948360411
PSMG1,-0.8343743251482063
HIST4H4,-0.8378336058291098
NAXE,0.21800502521071655
HIST2H3A,-0.7952143353120004
HIST1H2BC,-0.8260957353830479
CMSS1,-1.1673907064337583
RBFOX2,-0.5191717453170764
VBP1,-0.9149182862672285
ARRB2,-0.18552657552128038
NDUFAF3,-0.04345975944880123
NDUFAF2,-0.6230938068523297
ADSL,-0.845746842903425
HYPK,-0.5670619733235385
MICOS10,-0.46952807483386483
CFAP36,-0.6508610949057382
GEMIN5,-0.8582206431790927
PSMB6,-0.3268591212848525
WIZ,-0.06588544819352943
CRTAP,2.06890179166303
ARL3,-0.2264285810304712
HIST1H2AJ,-0.9456875273292059
HIST1H2AD,-0.9772299130344925
TXNL4A,-0.639854795187811
HIST2H4A,-0.5665348190004599
TRMT10C,-0.7605130616671333
TIMM50,-0.4814776006359333
COA6,-0.592334019382701
HIST1H3C,-0.8506572655929929
FAM216A,-0.6961734700779767
HIST1H3E,-0.8523043952954016
HIST1H3J,-1.2077527614133499
HIST2H2AC,-0.9839967453022538
KTI12,-0.29339287472978004
EWSR1,-0.6940305796555738
EPG5,-0.9993167624172085
LINS1,-1.494526349230306
KDM2A,-0.27818855789576347
CEP295,-0.702582378816946
AKAP9,-0.6463032550286044
ZSCAN16,-1.5262645008305966
DSTYK,-0.7990300276863295
RC3H1,-1.1374409248871018
ZNF451,-0.2724494387322369
AHSA2P,-0.3169212086692421
RSBN1L,-0.829409680562741
TTC39B,-1.120170435845056
CEP85L,-0.8569743425818637
NPHP3,-0.5815741889573193
SLC4A7,-0.38884887571529597
ZNF816-ZNF321P,-1.47515795925578
AKAP10,-0.6593914091306365
NCOA2,-0.9752891573593238
SMC6,-0.7743872843924863
ERICH1,-0.5905610779740601
ALG13,1.1022059909121085
SREK1,-0.6737458539153232
ABCA5,-0.44832656740879034
PBRM1,-1.1712382062126903
RBM6,-0.2375310910392215
RBM5,-0.3391975483372336
RAB2B,-0.5656290461024283
ARL16,-0.7864699643187186
DDX17,-0.7189932759134953
CDK13,-1.0973765904933461
CNOT2,-0.9198838796182176
N4BP2,-1.0720954586015856
MIS18BP1,-1.4130594804074639
SEPSECS,-0.11654295385521551
HMBOX1,-0.8442140813754873
PNN,-0.8300522289849828
FAM126B,-0.9583606776476142
IKBKB,1.4341811544314775
TNRC6B,-0.8248642965837023
PCF11,-1.146886080875659
SMIM29,0.264719390815359
NPIPB4,-0.3653756055582805
CEP192,-0.7667295425319675
BAZ1A,-0.8624721650993226
SSH2,-0.12106400995050029
MANBA,4.330508375071974
SLTM,-0.9604547673780435
NFATC3,-0.7266382479090543
CCAR1,-0.8622791743959909
SHPRH,-0.7565525889241411
CEP97,-0.8235863419056219
MPHOSPH8,-0.9333329451145488
ARID2,-0.9828145790905879
HSPBAP1,-0.6501542575727642
LCORL,-1.3420202386591211
RCOR3,-0.4897438863875282
RASGRP1,-0.6369685075861767
ATXN7L1,-0.5096934444368432
SNRPA1,-0.9838599114416453
USF3,-0.3382853595351547
TRAPPC10,-0.6826309916519971
U2SURP,-1.1518382719972617
ZNF808,-1.0839051441104663
ZNF805,-1.182535540667094
UHRF2,-0.6805485079507727
TAOK3,-0.5837730676396664
MYO9A,-0.09481931673755314
USP3,-0.3674300744547552
FAM13B,-0.5320510353527136
FAM192A,-0.3963261168258143
ARAP2,-0.7252530167923006
RALGAPB,-0.8069085083246922
ATG16L1,-0.6406426916951444
MFSD8,-0.10865739398223301
RUFY2,-0.9441796848632267
KRIT1,-0.8592041728538812
FBXO11,-0.8969021591258702
PRPF4B,-1.0885808508679047
ATF7IP,-0.6137611132032843
RAPGEF6,-0.5796605913161226
S100PBP,-0.9534892424337228
SLC30A7,-0.28320594890555145
EML4,-0.7127065686166397
DMTF1,-1.1560912187062928
ANKRD49,-1.014750062162206
SETD2,-0.9491807387645328
USP37,-0.9643238818736727
SYK,-0.4221790134622403
TTC17,0.1149209210183463
ZBTB20,-0.43385929716579863
TASOR2,-1.16312455498336
MED23,-0.9940195623779392
RICTOR,-0.8537096922857309
USP48,-0.8765144382386139
JMJD1C,-0.8728292526151291
RBM39,-1.0325099640555064
CDK11A,-0.2769045143442807
TENT2,-1.0966080875511819
ZNF586,-0.6722497971262043
REV1,-1.0281314600563207
EHMT1,-0.8156902223841526
PHTF2,-0.7968646802714338
MARK3,-0.6980334005489508
ZNF101,-1.1454733853706351
NAA16,-1.1353860351194478
NEMF,-0.8018933857602392
FAM214A,-0.8291167067609566
CFAP44,-0.47784295583570713
SON,-0.7198775269936585
NIPBL,-1.1420429168488635
HNRNPA2B1,-0.7084364831744314
RSRP1,-0.5499817296595914
PIGB,0.8680179251440023
WDR33,-1.0724936977043593
KMT2D,-0.8368421359086802
PKN2,-0.9273652477397588
TIA1,-0.7605337844581453
ZNF292,-1.1927104430775342
SP100,-0.42556643756835666
PI4K2B,-0.6305306637621679
TRMT13,-1.03824205958326
ITSN2,-0.6411038358883469
CAPN3,2.4148828145186574
PHC3,-1.1591608931544657
CREBRF,-0.7522433469503651
ATG2B,-0.6814442602632715
FAM76B,-1.0498598398378314
L3MBTL3,-0.7917845505738929
XRN1,-0.5215239762846963
NRDC,-0.33279334825065626
TRIM33,-0.882064216113825
LUC7L,-0.12435103063847142
ABHD18,-1.0887959513847265
LRRK1,-0.8595956182668752
CHD9,-0.6745590984391874
ZFC3H1,-0.812179282718852
ANKRD27,-0.8778776356636704
KIAA1109,-0.5639660732127261
KDM5A,-1.028108693958582
AGO4,-0.7196214611078137
AGO2,-0.9644937748853459
FNBP4,-0.3355533278678154
BCOR,-0.8486866320071323
GPBP1L1,-0.5051133600626886
ZNF138,-1.4200627658612723
LPXN,-0.25772193161465756
MPPE1,1.3984506309067601
VPS13C,-0.6142812196782865
VCPKMT,-0.632054977424882
DENND1B,-0.8137844017489405
RASA2,-0.8494044115684675
ZNF707,-1.1454651674692382
BPTF,-1.0343451206072256
STX1A,-0.45272080748412913
MRPS10,-0.7375024196099158
CENPB,0.3997405472894181
ZNF747,-1.436109340443095
MRPS24,-0.4338255531851013
MDFI,-0.5143390088133768
MRPS33,-0.623482867032026
MRPS31,-0.7251578660812903
DCAF1,-0.8283699173871958
ZNF783,0.6743078917314339
PTCD3,-1.108609486559112
ZNF579,-0.6618328011540472
DAPK2,-0.39558019896966523
ZNF316,-1.5488074098435214
SIRT1,-1.0784824748895323
ZMYM6,0.10202163561166495
ZNF445,-0.8192765743379337
MRPS5,-0.6153745269397553
MRPS18C,-0.742537256348907
HIST2H2AB,-0.9076921908418043
MRPS26,-0.4147782919105807
LLGL2,0.23937170163355
KRTAP10-7,-0.5003509657942234
KRTAP10-5,-0.5778816103896147
MRPS25,-0.7678474467684054
MRPS22,-0.67676002388575
MRPS23,-0.7762466213774393
MRPS28,-0.7178941549612895
HOXA5,-0.18734665833735814
NKTR,-0.8937740248706305
DHX57,-0.9079358946569488
TOR2A,0.4753808761527734
NIPA2,-0.18728480396086694
S100A10,0.4306263182712333
SMAP1,-0.46299184152718553
TPD52,-0.1934227720296955
COMMD3,-0.03760356200204299
DRAP1,0.48027691060650274
VDAC1,2.535611651425787
PARL,-0.5631221582407354
GNG5,-0.8031427049188062
PTGES3,-0.5798555618795117
NUP54,-1.3529671407724833
ARPC1A,-0.08648891451262412
POLB,-0.46920739383293386
FAM49B,0.36646983597067107
CLTA,-0.1363968172520116
SUMF1,6.6399799543101565
PSMG2,-0.7946669772935089
TMEM70,-0.6426774395264829
FDFT1,0.3051943973380608
NUDT9,0.0342039760991531
CLNS1A,-0.45714234945430765
MRPL15,-0.6223846159445021
MRPL18,-0.8591285732441893
TPRKB,-0.6870390756400014
ITGAE,-0.2935292066657589
PTDSS1,0.00587478294530199
ZNF207,-0.8421121721719069
NDUFAF4,-0.9668957682973032
NDUFV2,-0.2809103724882321
PSMA3,-0.6143907183902053
LAPTM4B,-0.606211324855538
EMC6,-0.36863406498660306
ENY2,-0.9554627284614412
RAB10,-0.3509823699836121
NDUFA7,-0.24187637714014315
NT5C3A,-0.43118499832939217
CKS2,-1.0104524282825929
JPT1,-0.7505915220754662
MAIP1,-0.6605380761233134
CMC2,-0.881267381712095
NT5DC3,-0.3737885973228927
MRPS16,-0.6239745410166305
UTP3,-0.8775979608081892
GTF2A2,-0.7798671802842512
TMEM258,3.0383347264606946
WDR82P1,1.4181566149113447
CIT,-0.8918678205717945
CACYBP,-0.8692124905577033
CNIH4,0.33322526287044796
TRMT5,-0.7646594402516698
DYNLRB1,0.8903971069582058
CNOT7,-1.2871126898290284
RMDN1,-0.08316508908138608
LSM4,-0.679146855902721
COA4,-0.47853250006787573
INTS8,-0.854307528477347
ORC5,-0.826337437576862
LSM3,-0.6224354288116989
UQCR10,-0.20471714639602834
LAMTOR5,-0.4272644742961506
EEF1E1,-0.9056181592438237
ZNF704,-0.8895527228162777
IMPDH1,0.10008937278547071
DCP1B,-0.8589906536279293
SF3B3,-0.8626628176075616
SAP30,-0.7570654794397512
ZNF260,-1.1266241954793685
ZNF414,-0.4871493063791826
SIN3A,-0.8169966186658832
SUDS3,-0.8658976398771037
INGX,-0.8108684176630505
TRIM67,-0.5491002494498284
ZNRF3,-0.8533543903128521
SAP30L,-0.8274501850361031
HIVEP1,-0.5543319943384912
ZC3H10,-0.9643211269710191
FAM168B,-0.31253069283680396
PRR20D,-1.4567393685768328
TEX37,-1.0125030797838794
JUND,-0.06439747079643907
ZC3H4,-0.8258425561291542
HELZ,-0.6610850448181728
MKRN3,-0.22264351672628535
MKRN2,-0.9308955057335395
ZMAT5,-0.10322401351197445
LOC105370298,-0.825698518341683
ZRSR2P1,-0.3665904527969879
DAB1,-0.4961602749252168
MLLT6,0.005660454003405594
OXER1,-0.8746348261236786
RBPMS2,-0.9258013929568544
DDX39B,-0.40132743730939624
RBM27,-0.6838441791734508
U2AF1,-0.6715311402266427
PRR3,-1.0645252990088874
KRTAP6-2,-0.03118423896898149
TENT5B,0.8320554172370889
OTX2,-0.8910000513762941
ZC3H15,-1.0072422457043984
TRMT1,0.07144201393037435
ZC3H18,-0.31257912290366197
MSX2,-0.8692665500436658
RBM4B,-0.4966234713506187
ZC3H7A,-0.5716348630394865
TOE1,-0.7953382494363742
NCS1,-0.23033749764719774
PPP1R10,-0.09570749970026007
NUP42,-1.5328295847587472
C10orf55,-0.3812227179737555
FOXH1,-0.9306545056855038
ZRSR2,0.09843881777147089
CPSF4L,0.13355632026081107
PRR20E,-0.992169726197729
PLA2G10,-0.13807538186694487
ARID5A,-0.1595904278679417
C19orf54,-0.017023115532701416
ZC3H3,0.4880482070326422
PRR20C,-0.2861991392501042
NFYA,-0.9567924499973951
PIAS2,-1.152858045319671
ZC3H6,-0.4110448356384691
RBM26,-0.8481117834941652
ZGPAT,0.30542326196740466
PRR20A,-0.8256985183416831
FOSB,-0.4313381271619029
POU2F1,-0.6624274506788848
IDI2,-0.7480371307275341
TRIM14,-0.2245146729395648
UBE2DNL,-0.21525875000065606
PRPF6,-0.051717020103428095
SUZ12,-1.0968054543673365
TSPAN15,0.08570760928934885
OSBPL2,0.7126656430472943
SYNCRIP,-0.743005738162727
XAF1,-0.12258302132642493
DNAJA1,-0.6448406621790405
PARP11,3.46901380321324
RNF2,-0.7358545768327552
FBXW10,-0.4822646199943852
YTHDF1,-0.24984625375164612
KANSL2,-1.0948322002918554
NFIL3,-0.0515317608199756
TMEM123,0.07782144543831782
GID8,-0.32000179065510453
CDKN1A,1.6055227681192765
SART3,-0.8723552889457682
CLP1,-0.6515821032367128
POLE3,-0.852266759057632
RTF2,-0.17191368712473182
FBXL21P,-0.3502227005401533
FBXL22,-0.4145048357942043
NUDCD2,-1.103754866667421
GRPEL1,-0.5633104312201663
TRIM55,-0.9101902828785965
PLP1,-0.31772396090546634
TRIM52,0.5390846050635245
FBXW2,-0.24817327034742098
HNRNPC,-0.7130162085701317
ADRM1,0.2547473263382729
WBP11,-0.8520386324314342
AIMP1,-0.7928070927980467
WAPL,-0.5754392282681002
COMMD3-BMI1,-0.41691798562346316
TLK2,-0.7695779179168206
TBCC,-0.08888351074860004
HNRNPF,-0.7404738357249505
FAM32A,0.07646402222919002
TOMM20,-0.07740807774528692
LAGE3,-0.25691579055525854
DTX3,0.27339531521755883
LACRT,1.3846575772220084
MOB1A,-0.22574385906858657
CPLX1,-0.5371189774204844
RNF166,-0.09149239760829689
TM9SF4,2.9545466751606257
CSTF1,-0.9815725743339248
USO1,-0.415951951303735
HIPK1,-1.0060110377402451
SSH1,0.34231962902419244
REXO2,-0.5410883008777537
KPNA3,-0.9294394289862711
KDELR1,0.8219709888245107
VPS72,-0.5135133667362208
UGCG,0.44440994092563635
TIPRL,-0.2641297823248457
RAB7B,-0.5827480633589186
NUP153,-1.1787346911797623
GABRD,-0.8154008736703752
AGO3,-0.9247580487152216
DYNC1LI2,0.027670931459246043
TNPO1,-0.674189225430928
PRPF40A,-0.9602190266926709
PDCD6,-0.31965872654091704
IGHA1,-0.6255934200608698
MTF2,-1.2911154604694457
ZNRD2,-0.27461983341748136
USP13,-0.6249396482043936
ATN1,-0.3769564819565698
FOLR3,0.08017510401546073
ZCCHC10,-1.1605778168745413
AGK,0.537720400485111
UCHL5,-0.524089021148882
ANP32E,-0.7709506439439703
SRSF10,-0.618738256723668
ANP32A,-0.781730133774506
VDAC2,0.013707469925434649
C8orf33,-0.8205654646074374
RBM15,-0.7353006324865392
KHDC4,-0.9401092825071096
TAF1B,-0.9375464620521735
MRPL50,-0.42307988593789864
ZC3H14,-0.8845989285808623
DHX9,-0.8078632073081004
DIMT1,-0.7875627696249667
OSGEP,-0.3438432851761518
NUP98,-1.1005284857630928
NDUFB3,-0.3435734754246741
NUP93,-0.6096644470093443
TAF1A,-0.955492750140154
HSF2,-1.220382595931336
IFRD1,-0.48414895403695873
MED12,1.7540757284917137
CEP83,-0.9480156512289445
HNRNPDL,-1.0998231497524251
DDX46,-0.8242761578822926
DBF4,-1.193727837203691
PYDC1,-0.7899306927731878
SNRNP27,-0.42115640744235516
TSN,-1.0412016097704997
HMGN5,-0.7458106156587457
PDS5A,-0.8530005355722541
GTF3C3,-1.1463037374403928
KRR1,-1.0671944050720084
TNNT1,-0.8671130356074054
CHCHD3,-0.9875579215432752
CCT8,-0.656479942889839
BMS1,-0.7429239706333659
FARSB,-0.6664044141696049
IPO8,-0.7148152032903197
CETN2,-0.13339003453611648
TTK,-1.0294629424081874
HMMR,-1.1092432708142028
CCDC59,-1.1952099908704599
PAXIP1,-0.8506842768204759
FAM136A,-0.8041588679201943
FAM120A,0.030534061897970508
RPAP3,-0.7679985655228274
GART,-0.7593433248700957
ARL5A,-0.7660301428935423
MCCC2,-0.02770358778237727
NUFIP1,-0.6433363676178936
ZC3H8,-0.85541145847277
SNRPB2,2.005206295275015
DNAJC9,-0.8681272007585112
TOP1,-0.875051959540762
RRP15,-0.9260633918868183
NUP133,-1.0499324471044462
KIF23,-0.9604401149962403
PRKDC,-1.013613183170315
UNG,-0.9359324217532542
PRKCSH,0.4344378939614497
MTIF2,-0.6304695704866872
AKAP11,-0.22549577830390902
DCTN1,1.8130924158273807
DCTN5,-0.21602864455441437
PHAX,-0.7562655953479663
SMC2,-1.3607487906907607
GRWD1,-0.5478199816806844
ARF4,-0.17436883459588018
SOAT2,-0.06831351150778432
RBM17,-0.8503604915806215
TFB1M,-0.30494090845008753
CEP44,-0.7473847861896223
HACD3,-0.1935791650544071
RGPD3,-1.5724418321689713
NOL8,-1.1746624043974574
NOL7,-1.044946061230005
MOB4,-0.7577723856400035
RIOK2,-1.0277656543261227
CEP170,-0.9016760071185405
LTV1,-0.9264122040822107
GEMIN2,-1.1794691158123476
TBCE,-0.7753048691928156
GEMIN6,-0.7501118535470486
UBFD1,6.47199433383365
ATAD2B,-1.0110566010628323
LUC7L2,-0.8477327932230947
CDC40,-0.9878598462844479
ZWINT,-0.9299548011886998
HMGB2,-1.1675438724076688
HMGB1,-1.1384045593561094
TPP2,-0.7160981113741265
CPSF6,-0.9235848468752148
CTNNAL1,-0.784838675794398
PRC1,-0.9382647036293204
ERH,-0.8136508402534233
FRG1,-1.3006022038193534
CCNA2,-1.1176267249675849
PMPCB,-0.31649541216778604
DDX10,-0.9812842007199314
CDK12,-1.002436676942675
SINHCAF,-0.7861600062132985
NARS2,-0.6058361893648264
FIP1L1,-0.9797859722062506
HEATR1,-0.862341890575283
KPNB1,-0.9633661590704334
R3HDM1,-1.066456635740265
MRS2,-0.770970179058309
FXN,-0.4095213810260496
SEM1,-0.5963682259641586
WASF1,-0.4640334419707173
YRDC,-0.5033932675419285
FAF1,-0.4216162241695862
RABGGTB,-0.5858890112278663
ADNP2,-1.1898904477991472
WDR75,-1.1408242115392042
WDR74,-0.5856713192244023
AHCTF1,-1.2340835571676403
RAD18,-1.0293309858731596
LRRC40,-1.2461268995946324
NUDT21,-0.6691823569199074
TMEM126A,-0.591744023551554
LBR,-0.8583441523638304
DDX39A,-0.6247703873321915
MKLN1,-0.709493918678275
MKKS,2.9649175230435287
NOL11,-0.7403685547763599
MRPL35,-0.6925691625757313
MRPL32,-0.8277026161187712
MRPL33,0.09469382749429087
MRPL30,-0.7388807232818976
SLC19A1,-0.821231332280763
MRPL39,-0.6235440367049351
TBL3,-0.09103361465290796
THOC3,-1.0028405783069785
THOC2,-1.055169314466693
THOC1,-1.0426006731784168
THOC6,-0.4332628904237094
STIL,-0.8903427893640804
MRPL40,-0.5307777252439168
MRPL47,-0.8540465184691928
TIAL1,-1.1829905707161987
FKBP3,-0.7224633228069738
HNRNPH1,-0.8591859071434561
ABCE1,0.7019550346077088
SYF2,-0.6668192880743901
FUBP1,-0.3631972798326154
YTHDF2,-0.9009510175728311
DDX47,-0.5913965065385948
ZNF598,-0.11615487710315019
DHX36,-0.7558902793548398
DHX37,-0.8143843500424616
CCDC124,-0.2426677425182836
DDX52,-1.1104009587783041
CFAP20,-0.9760500728686388
DDX50,-0.7891981826934071
DDX54,-0.38381344481579516
MPHOSPH6,-1.0962908495709245
SDAD1,-0.7496372227029124
SF3A3,-1.0052547707786845
ZNF277,-0.6933688735113356
COA7,-1.1859111862913905
TXNRD1,-0.10594847870765434
MRE11,-1.0506684023877313
ALYREF,-0.6141592130448571
CHAC2,-0.6558093023032824
DLAT,-0.09079145462295787
PWP2,-0.7134151255307488
NUDT15,-1.4366451890568537
NASP,-0.9849444294040908
YARS2,-0.6889454949021512
DENR,-0.9165671813885592
RALA,-0.5208676091006333
MDN1,0.6338714499620409
RFC5,-1.0085426029602642
RFC4,-0.7666224863063671
TCERG1,-0.8788830483393555
EIF2B1,-0.6355872454165461
FABP5P1,-0.6957829084028998
GMNN,-0.7757749413400976
HMGN3,-0.7877397064148818
CBX3,-0.9815630366564592
MPLKIP,-0.5372808992875785
INTS13,-0.8637337016885872
INTS12,-0.5095060304283239
FASTKD2,-1.088530512450952
FASTKD3,-0.08667737842194065
SHLD2,-0.714267695868138
RRP1B,-0.7456049724660289
UTP11,-1.0368378741068236
UTP15,-0.822207990681201
TTC27,-1.0291875119483707
HNRNPM,-0.7284737854201735
HNRNPA3,-0.9141270389656491
HNRNPA0,-0.9280727944843623
MRPS18B,-0.38368976404999233
FIGNL1,-0.4517368326943742
DEK,-1.0338847444695622
CCZ1,-0.32542059970468934
API5,-0.8867196539959938
UTP18,-1.1064017056931392
RSRC1,-1.402460486754043
MTREX,-0.9836165802032589
HNRNPH2,-0.5044479927822864
AATF,-0.9940608136380535
PHF14,-0.7545737780933938
KTN1,-0.5018962988988803
LYSMD2,-0.24014153210264205
MSH2,-0.740251142439948
MRPS15,-0.6931587955654492
NUP37,-1.0003453438060568
CEBPG,-0.7436870669279442
NOP58,-1.0211883206413515
TIPIN,-1.2189416834941817
NCL,-0.956865131359767
KRI1,-0.5432977638139855
SUPT16H,-1.021583949147291
PDSS1,-0.7586711783674087
SEH1L,-1.0049636024397897
DDX20,-0.7532650136415743
SLC16A1,-0.22825453593488143
MEAF6,-0.10567643198362332
TWISTNB,-1.054096369888019
IMMT,-0.3520178853254844
PHKG2,0.11286198622424677
TIMM23B,-0.8492208007578178
PMAIP1,-0.3338646933141501
CRLF3,-0.7583815305925683
ZFR,-0.9995587054964897
CDKN2AIP,-1.027831467214579
ERGIC2,4.325342567200064
POLR3F,-0.7880505437208672
NGDN,-0.4760708030164915
CWC27,-1.272926799936124
RPIA,-0.4565683733039719
CWC22,-0.9162595230809515
KIF2C,-0.784519640377989
SUGT1,-1.0576929539780586
MAP3K2,-0.6226864015000381
TFB2M,-0.63915575524082
CPSF3,-1.1232947626469052
BCLAF1,-1.0341230940668618
MFSD14A,0.06307695837153969
PRPSAP1,-0.34792501809993925
PRMT3,-1.1242908481923255
HMGCR,-0.23260590445411092
MTPAP,-0.7471801238829996
BRD1,-0.8847700567213341
KIF5B,1.0668080318187319
ARCN1,-0.11081367055082102
ZNF131,-1.2637428280605638
UTRN,1.0274388166525759
LYAR,-0.9803958030274131
NUCKS1,-0.9460877721026404
MRPL21,-0.6863186480110821
PNRC2,-1.1390329695366468
METTL5,-0.885378206027695
ICE1,-0.6437252789277143
NOP16,-0.7557291304263934
XRCC2,-0.5778547240173803
XRCC5,-0.9000905303556094
SRSF4,-0.7117204892375805
SRSF7,-1.0615192918596323
SDHAF3,-0.8551103491897288
SRSF1,-0.9829161906659253
SRSF3,-1.0039378313947491
SRSF2,-0.8977870215229399
USP45,-0.9414063881811028
RIDA,-0.03776408546147403
RBM34,-0.8109156938244076
NXT1,-1.0006908060022615
SURF6,-0.828018358938068
FAM98A,-0.5248524745095126
CISD1,-0.4803929596364651
TRMT11,-0.5499221472134906
DNTTIP2,-1.090678569637568
MRPL1,-0.6833492129843306
PTPN2,-0.7825256702504645
PWP1,-0.830431109948439
LARP4,-0.6328169585835943
GINS3,-1.02189139640589
NAA15,-0.9682787446372743
TSFM,-0.22229868792171403
RPP38,-0.2806103371237389
MIS18A,-1.1617143342473721
LARP7,-0.6687400450272447
VDAC1P5,-0.14865495056444317
GCFC2,-1.2758693215994967
PSMA2,-0.922592959625386
PSMA6,-0.667752277077094
PSMA4,-0.902768824028348
DUS3L,-1.040566736154181
ZC3HAV1L,-0.5902993074632186
MSH6,-1.1612773107378866
NUP50,-1.1773400862697483
SPNS1,2.0325383217566158
PPIG,-1.2209578775930046
SET,-0.6537031328297067
TMPO,-0.40395318494157645
AIMP2,-0.8426531391401243
CYCS,-0.47092836419150497
TRA2B,-0.9954723651648547
ANKRD17,-0.7659950058780179
ABCF1,-0.5066301294648221
TIMM17A,-0.4789074573832638
ZCCHC8,-0.9940368317747268
TMF1,-0.6750196027558744
PCNA,-0.9218395860542756
ZNHIT6,0.3474391179744077
MTR,-0.39819929356491596
SPATA5L1,-0.692958219693973
MCM6,-0.5976449657239794
KCNN4,-0.6426303565231452
GCLM,-0.06977173476637576
NIF3L1,-0.9267805066445707
PPP6R1,0.37785382840178683
KIAA1143,-1.274199927845537
DUSP12,-0.5996421065549626
CEP19,-0.029026898501426823
PPP1CC,-0.029330047162781304
PDCD5,-0.6863935584961155
NAA50,-0.6050425622400575
RPA3,-0.6875916687863725
NUP160,-1.2363987046413258
PPIP5K1,0.6522163466779088
ILF3,-0.611778070224392
LRPPRC,-0.8766084258251715
NTRK1,-0.994971434271179
PTP4A1,-0.2099913698866456
THOC5,-0.9106081036741338
PTBP2,-1.0152174571866144
NDUFB6,-0.5117187974174798
PRRC2C,-0.9288449459030944
ISG15,-0.04471471092610545
CEBPZ,-1.197565331934095
PMS1,-0.785915621256853
H2AFV,-0.8602073850043647
PPIP5K2,-0.7670703008461602
DDX5,-0.8870729478159187
CTR9,-0.8183990649366272
DDX1,-0.7865932345233756
KATNA1,-1.0729002391723317
NDC80,-1.022659141505601
ELP1,-1.0281024884204166
ESF1,-0.948751647043228
FEN1,-0.5698021345769917
ST13,-0.630756728586821
MAPKAPK5,-1.517052878080159
ZC3H7B,-0.6168811684806979
KBTBD2,-1.0453531113159535
HAUS3,-0.9762090709971387
HDDC2,-0.5556895427704373
TXLNG,-0.4314874260014809
PDHB,-0.24946841728881664
UBXN7,-0.7638467164496593
MRPL16,-0.46867024154663683
MRPL19,-0.5656298127168619
CCNC,-0.6870861356821698
SART1,0.05211903568653913
MRPL48,-0.7293755036447173
ATP5MD,-0.39598358233882086
IPO5,-0.6649268655353918
GLOD4,-0.3202512180838099
NUP155,-1.147958289719941
ASCC3,-0.7389159743392468
HPRT1,3.5966622839838625
SFPQ,-0.9940082221506866
HNRNPH3,-1.0212965835564374
CWF19L1,-0.8380554503084219
HNRNPU,-0.9530827936569286
ZNF622,-0.37739257727743986
HNRNPK,-0.6840345129644886
GPN3,-0.9255159023116868
COPS3,-1.0576393057335138
DESI2,-0.6837677405434506
HNRNPD,-0.5176466450151604
MRM2,-0.6532552602009186
PFDN4,-1.1299129328087552
KHDRBS1,-0.9916307096355231
CCNB1,-1.2813188870823466
ARL6IP1,-0.5325887836882717
CC2D2A,-0.27508850107852173
MNAT1,-1.0790272708183188
HNRNPUL1,-0.27154274202134804
VPS35,-0.5061650490273544
NAE1,-0.5645239028373029
CSE1L,-0.8741052036594306
QSER1,-0.9381825119732571
MAK16,-1.0819965255372987
UTP6,-1.0661244383975574
C1orf109,-1.2248825115326065
DCAF13,-0.7498191209877781
DHX30,-0.36718189657232103
RIPK2,-0.38643555449068445
RRM1,1.9273641573314786
EXOSC3,-1.054823156596777
RNGTT,-0.8775784377651505
PRPS1,-0.5848642460638782
TSR1,-0.958702662866047
PRPF18,-0.9866173978034202
UBQLN1,-0.8362998612361487
LSM12,-0.7396406483993958
ZZZ3,-1.0028324986038992
TRMT10A,-0.4236180235137353
ENOPH1,-0.5630586364260981
TFAM,-1.1570222122576395
CLASP2,-0.5099301065169913
ORC3,-1.215784161516046
ESD,-0.21733614234942739
SSBP1,-0.633796666407392
MPHOSPH10,-0.7307697359217786
PLAA,-0.41673558470300814
HSPA13,1.1810693500378557
HSPA14,-0.880507153907208
SNRPC,-0.813998085702208
G3BP1,-1.0041053224621381
EMG1,-0.07304511404938395
SLIRP,-0.7867142716038985
SLC4A1AP,-1.1438268577592106
TUT4,-1.0886481888524755
AGL,0.11888690557356424
ZCCHC17,-0.7793502635815392
ZC3H13,-0.9217865169972578
GCC2,-0.21632168155668166
CAMKV,-0.9688449695145863
GTF2F1,-0.07146399585893307
TTI1,-0.7770920314478531
DDX42,-0.5139939864050642
CEP76,-0.2829212456662922
STARD7,-0.9254840919733145
ELAVL2,-1.0244087597731273
FOXJ2,-0.4449352791810738
SENP6,-1.025684037115313
SENP3,-0.20776013504961682
BICRAL,-0.7496146335623761
SNIP1,-0.9871502695012981
PPP1R8,-1.0298878145772585
KIAA0586,-0.6636953748668396
TAF11,-0.8740306037781503
NDUFAF1,-0.4873919181774252
NCOA5,-0.3768770203159477
PLRG1,-0.8084082456586397
C17orf80,0.00289358539823033
TAF5,-1.0880445132579428
CPOX,-0.4875257930643274
RGPD8,-1.1810940360680973
CPSF4,2.4619984281665315
CPSF2,-1.2622688932760011
CLK2,3.1847278508697596
EXOC7,1.004153964098717
OGT,-0.034186594149212775
PPFIA1,-0.6577242368069789
NUP35,-1.1984530407219813
ALKBH1,-0.7995021336422741
PRPF3,-1.0417323500187283
DYNLT1,-0.006066137420552739
MTMR4,-0.12756783276446768
TPR,-0.9909944215108705
CSTF2T,-0.7942444387556941
ALG6,-0.1732766710076871
NUP85,-0.9578511048587166
LRRC42,-0.21111791178739647
GLE1,-1.103163593873158
NEK4,-0.5941414084570567
MRTFB,-0.694030387081122
NKAPD1,-0.8686326044107653
IBTK,-0.7872671445269255
DROSHA,-0.7352216880901342
ZNF22,-1.1931820098530026
ARGLU1,-0.05016337752260875
CCDC8,-0.37363078826307533
COX11,0.38509179622436795
VPS54,-0.42997240080243243
EIF2B4,-0.4194102724588343
CBX1,-0.45217546441168016
RNF113A,-0.3414733936713238
TIMMDC1,-0.41763599318338207
IFI16,-0.47947029874883695
NUP107,-1.1341556564829656
DDX19A,-1.0659595760296743
RAD50,-0.7560902570318864
PATJ,-0.23661008440546116
DNAJC16,0.022905657285621647
NEMP1,-1.3532367618531262
ZFX,-0.5307487231393433
EML5,-0.39910701019606004
PRMT9,-0.7608036305908688
COIL,-1.1259874047860963
SETD3,-1.452445261420572
RNF219,-1.134144054529625
SARNP,-1.257367368898825
TASOR,-0.9690215327213073
SRSF5,-0.6551563875722523
SRSF6,-0.723802474907765
SRSF8,-0.4315206368227198
RBM33,-0.31987975303748795
SMARCAD1,-1.2235938909334385
PARP2,-0.9145452191290578
ATG14,0.14684466665469734
CCP110,-0.9048844865118206
SHQ1,-1.0843421954172743
NVL,-0.8752416742603405
YY1,-1.2231523987692274
BAG5,-0.9468475789259619
TSEN2,-1.1745022843290143
OBSL1,-0.4401717553261271
RALGAPA1,-0.3092324409737284
AGPAT5,-0.20484996791881788
ASAP2,-0.3863600863594015
DCLRE1A,-0.4579733868692585
THUMPD3,-0.8947150233792637
KRT20,-0.8972458491421017
PGF,-0.3302166837371792
SNRNP40,-0.7124283649022216
SRRM1,-0.9315080755307955
SRRM2,0.10224067384605229
PARN,-0.6583008255222086
WRAP73,-0.14413563431901447
LRRC37B,-1.6807214206368064
DDIT3,0.0974253496491679
KRT27,-0.8246021207652511
SNAPC1,-0.7548902302866318
UBR7,-0.38804458605559944
TDP1,-1.0990605429856946
RASSF8,0.11171958823586518
UBAP2,-0.8235437931944654
SIRT7,-0.06929625628635762
RAB3GAP1,-0.7227088655569985
IFT74,-0.9755587434112665
KIAA1107,-0.47405352614319857
TAF4,-0.9485244788451762
TLK1,-0.44330795056576505
PCID2,-0.8359905245667478
RBM25,-1.0203578887719549
NUP205,-0.9306670789711917
BTBD7,0.1877731861275801
PAXBP1,-1.1588321791534713
POLDIP3,-0.9133395239425899
GGCT,-0.650839150755604
HIST1H1C,-0.6276817242419142
SMARCE1,-1.198429518533213
YAE1,-0.6467322267259761
AQR,-1.002067303495068
ZNF410,-1.126650058240565
TMEM168,-0.3807240264646122
SPATA7,-1.040723490538264
CD38,-0.26723383059299183
ELANE,2.1559729904346217
NTAN1,2.6930729098242137
CD33,0.0033604058014738993
MLLT1,-0.4084058753168021
B2M,0.08448010014345075
SELPLG,0.31725113704584845
SLC39A11,4.491673095866559
IL12RB1,0.19044935913499583
PRB4,-1.1334743090326322
GRK2,-0.6380198878422129
TNFRSF8,-0.676378271985031
PRTN3,2.3694597612079855
TNFRSF9,-0.2806400503441428
CD28,-0.6352022159116317
CXCR5,-0.4548899749785878
CLCN1,-0.4709525573857185
CD27,-0.28430717285894264
LY9,-0.24253763027983924
MUC4,-0.037965192222601536
FASLG,-0.08157977745051641
GYPC,0.42749141066465307
GATA2,1.792807802073635
GATA1,-0.7307646120133772
CD6,2.053226241646595
TLR3,-0.12957716609431452
CD79B,1.5334013787632037
TLR9,-0.0733138024553421
CD3E,-0.42807665351725205
CD1C,-0.23932602350277052
ITGA4,-0.265995280675695
SAAL1,-0.9237116074099034
DNM1,-0.1148697490256655
DAXX,-0.5176096148262219
TNNT3,-0.7122709490977532
TCTN2,0.23412680482928896
MEFV,-0.5488002219475819
CARD9,-0.9490244550132245
MADCAM1,-0.7910459442677884
TNFRSF4,-0.09670099500103944
NPFFR1,-0.6580698838844865
SPI1,0.023373965394092817
ITGAX,0.14171807045780854
CR1,-0.6304870943395349
IRF5,0.08648915558934722
VAV1,-0.38817159345111746
CD276,0.32792833366335306
ITGAL,-0.05035189313240729
ITGAM,-0.07159871686719216
CD80,-0.9025865716976852
PTGDR2,-0.6907169557266167
KRT76,-0.9732080879210016
NCF4,0.30359329424907283
GABRR2,-0.9414330641938488
EIF2B2,0.22162834041961085
EIF2B3,-0.6588078163620492
LAG3,0.04295419844578432
CD4,-0.3023714510539572
CD5,-0.46243363143668786
CCR2,-0.5635499159028315
CD7,2.8778215680924752
ZNF835,-1.013019956248142
CD2,-0.1317617410468021
PSTPIP1,0.04165448367523704
ARHGEF1,0.03681050418047981
IKZF1,-0.6200576622235179
NCAM1,-0.7498284852889201
PCDHA6,-1.0537491914901866
INS-IGF2,-0.9737433992244662
ITGA2B,-0.2694739209296159
CD82,0.5494739740439116
ICAM3,0.6170772919627763
ICAM2,0.23275594417315412
FLT3LG,3.2326946410497603
PLA2G2D,-0.45557537051067065
WAS,-0.1522391582132997
TNFRSF13C,-0.8844843744415405
NEUROD2,0.9363583988293773
IL2RG,-0.1128624086710537
IRF4,-0.6001773002741504
SLC17A1,-0.7554482411719273
IL3,-0.8609098989240165
IGLL1,2.839189305808353
CD52,-0.04518697794703695
CD53,0.10900763109394306
PLEK,1.4983159509514408
TARBP2,-0.0836028672267688
CHIT1,3.467949682959952
OPHN1,-0.8598812183548996
GATA3,-0.671732921189961
CXCR3,-0.4096006118278673
KLF1,-0.8120069036181994
CD22,-0.3111315773580231
MYBPC3,-0.5336363577891641
APOL5,-0.8881037775800769
DPP4,-0.02206348833188982
NCR3,-0.3735648489820209
ACAP1,0.2141348246324193
EBF1,-0.5055577819040561
SCD5,0.6264476468195684
TCL1A,-0.36611682029828885
SELE,-0.18953615833398074
EZR,0.06416769325401331
FUT6,-0.2657660336336444
SIGLEC8,-0.5880898695369249
CD19,-0.2754845265181651
SIGLEC1,0.11280648704253193
ICK,-0.08526977975764005
HIPK3,-0.79198097371351
BTAF1,-0.8221760883468563
LMBRD2,-0.31586000316203405
XPC,-0.12107595899642376
XPA,0.045528364479188003
MON2,-0.9055689369602065
TNKS2,-0.5622352000371503
ARHGAP15,-0.5925678726796648
CTBP1,-0.3267480596214849
PDS5B,-1.2492572662669281
DENND4A,-0.569405055754455
EDARADD,-0.4869193715419608
SENP7,-0.9290664988129548
NUFIP2,-0.7664763313650566
CFAP298,-0.7391693589782563
TTC33,-0.7987185432311094
WDR37,0.004913692352313303
GIGYF2,-0.8315695973747735
SMAD6,-0.2001404795287283
SMAD7,-0.4958123908642522
SMAD3,-0.6940095012184345
NEDD9,-0.4754475301510377
NCOA6,0.03435264986635168
GDAP2,-0.5238859893540712
DDB2,-0.0667562693973822
BRWD3,-0.8047828161485269
SUPT7L,-1.0691643386065162
RNF20,-0.8457676919769546
TAF2,-1.1955794566342641
ELMO2,2.3513932488129683
SRBD1,-0.9582592332165032
KIAA2026,-1.010946309283035
BBS10,-0.0887945321558055
CNOT6,-1.3091509677668351
FAM189B,0.28717252895548906
EXOC4,-0.546297729300195
LCE4A,0.10901258474350717
PPP2R3C,-0.842609388384247
ESRP2,-0.40248896023856173
ESRP1,-0.8574047362281584
MTMR9,-0.3720144728094571
DYRK1A,-0.8335471442914548
HMG20A,-1.0397205207415996
RFX7,-0.817039284233055
MSL2,-1.2463755783949166
KMT2A,-0.792138834625783
CSRNP2,1.3452783528335874
GNAI3,-0.9813039829073225
TOPBP1,-0.9923027999000303
GALNT15,0.566247998145486
CLK1,0.12904062277472655
ZNF507,-1.2129565842186365
TNKS,-0.8009068420877037
ANKRD13C,-0.8862847105402364
RELCH,-1.0400158186360742
CCL15,-0.8739229436884697
GPBP1,-1.1485869322575655
FANCF,-0.7966060817858813
DIDO1,-0.035926274964327785
GPCPD1,-0.12149373203708855
LYSMD3,-0.56453179251336
TGFBR1,0.00024523697878126396
KRTAP5-3,-0.8688126325668585
PML,-0.03518447433733554
TAOK1,-0.9318027151424848
NSMCE2,-0.16277658492808397
SUGP1,0.07322255148697174
EXOC8,-0.6769230174337696
RABGAP1,-0.2161592528087341
LIMS1,-0.22397788447246006
GTF2A1,-0.08164409260144784
AXIN2,-1.0792878570718702
AXIN1,-0.04852813025319814
KDM4A,-0.9159059439825581
GIN1,-0.8605148262769233
ZBTB1,-0.724310239986177
INTS6,-0.6962455139001185
RUFY1,-0.31527882314400696
NR4A1,-0.40140115472004295
CHD1L,-0.3837140187720961
CUL4B,-0.8950098226155021
ZNF654,-1.0150529761696665
SLF2,-1.2661318225747222
SLF1,-0.7858844577614432
KMT5B,-0.8867236363349631
PPP4R2,-0.7699096417607082
TBC1D23,-0.7626951771258914
DCK,-0.9628279919767108
POC1B,-0.7920089908001362
CCDC93,-0.6237622606384735
RPGR,-0.45732110963380285
NR2C2,-0.9606851764730278
GPATCH8,-0.4522953304302487
HECA,-0.1349691400096075
SETD7,-0.962100067914565
GPATCH1,-0.7875548843218986
NIN,-0.6020492043020953
RNF185,-0.31197242501312666
UBE4B,-0.37781202169753664
HHAT,-0.10820237619912497
EMSY,-0.9410258327256397
MAML1,-0.46224051502697877
CARD8,-0.7301873238425011
TPX2,-1.0628509945245384
PARP1,-0.8172429872914572
PHF20L1,-1.0753598339645425
FAN1,0.27311904125799186
GNAQ,-0.43772520499487144
IFNAR1,2.6526035565470027
ARHGEF3,-0.06718000303214844
VPS41,-0.32394324980534994
SS18L1,-0.20890459095990815
ZNF106,-0.671065743493305
THRAP3,-0.6155815581537342
WAC,-0.8201786084389974
ATRX,-0.9018000533981887
EIF2AK3,0.44304738971291097
BOD1L1,-0.9443725797299483
STX16,-0.20517155865388
ASAP1,-0.417195037486622
DIP2B,0.4492845598412948
USP9X,-0.39213727312093394
RING1,2.89489960850019
CGGBP1,-0.6123006363957633
UBN2,-1.0603851737019392
PRDM2,-0.40105677256402356
PPP6R3,-0.9199920343932259
GOSR1,-0.46275902733608426
SHTN1,-0.05462228101881839
TFCP2,-0.6980427314754811
LNPEP,1.6741851068248268
TTC9C,-0.8962157660502492
CDYL,-0.6729781733590383
ANKMY2,-0.11814284487278397
UBR3,-0.5758746344176849
PCGF3,-0.2728412796228258
ZNF280D,-1.1204862564727098
KATNBL1,-0.7717002005385782
RASSF3,0.020227797602911424
INO80,-0.5546168518586783
ASXL2,-0.5160750696940752
ABHD13,-0.401284094170153
NPC1,0.7073960945232262
RAB3GAP2,-0.8330339797284828
RNF44,-0.09768505281376076
DCUN1D5,-1.563270553054023
TRIM44,0.34090891485573915
ITPR1,-0.5706425048171018
TRIM40,-1.0421604768016428
PEX1,-0.8161896040650655
LRIG2,-0.847517613156502
PRDM10,-0.8057183916494551
RBM23,-0.4437780815577775
FAM120B,-0.7836284541153146
GON4L,-0.1214354336413293
NCOR2,-0.12783943198412162
TBC1D5,-0.03724500424899282
LCOR,-0.7096878801448039
DDB1,-0.6164543344987587
VPS39,2.839458946089222
PIAS1,-0.9857736952347604
RCOR1,-0.7826827220353522
HIVEP2,-0.8582885693743746
MIS12,-1.1546460233109506
BTN2A1,0.6707364393712654
AVL9,-0.30887250500201147
CMPK1,-0.3141713263919087
TRAF5,-0.1308602192807454
CLASP1,-0.7596307860169539
GTF2H2,-0.6133225211898692
GTF2H5,-0.7006755888995996
FOXN2,-1.5434709456769529
ACTN3,-0.748663958888621
TTC21B,-0.5297171605730364
VPS50,-0.5098707233288952
DTWD1,-0.5448875995210942
NACA4P,-0.008598287424257318
USP17L9P,1.2326419328914955
TXLNA,-0.8745654905659755
CTNNBIP1,0.5679978079146123
PKMYT1,-0.9151811525088488
JPH4,0.3533788748671641
VIRMA,-1.0002874114991045
RBM15B,0.17042348634880333
PCGF1,-0.3842241153628131
PTGER3,-0.8391547235686654
PPHLN1,-0.6875413167212081
TCOF1,0.09122041780386553
YTHDC1,-0.9746736242199425
ACIN1,-0.17041771529435046
SAFB,-0.5207571802659297
ERMAP,-0.3908956953655326
BRD4,0.04125255238090985
OSBPL10,0.29574679983915225
SETD1A,-0.32717827506145647
TRA2A,-0.679923552735537
NKAP,-0.7688600412211437
LGR4,-0.6974405911600486
SRSF12,-0.6637802913988857
NCSTN,3.1364566633200868
GTF3C5,-0.7328654187562791
VANGL1,0.11242050702708292
DHX35,-0.2575851089736225
DDX51,-0.5187416446428048
U2AF2,-0.5369377880654423
ZSWIM9,-1.3413375146784288
TRPM8,-0.6459893306847614
SF3A1,-0.5936956630393385
SF3A2,0.14542880669990116
TSPYL2,-1.0237002147679923
CARNMT1,-1.0804292295191875
CCDC137,-0.7750704361652103
PSIP1,-0.5578896371340325
SRRT,-0.5126670451529488
SAFB2,-0.4074172502836715
BUD31,-0.3350069232732241
CLK3,-0.3229849233178738
SPOUT1,-0.5595391524861387
RBM14,0.23546550644525022
EPB41L3,2.193017049644568
FERMT3,-0.2858034920971608
NUMA1,2.023288660952216
MEPCE,-0.2480352943394728
APOBEC3F,0.07060110192419611
SMU1,-0.6599501678625613
LEO1,-1.0296387116160484
XAB2,-0.04473620328803739
HP1BP3,-0.7902390661981346
SPG7,0.9454041821219527
SF3B6,-0.972835633808851
RBMXL1,-0.4049610576667081
WDR83,-0.778044553266484
ZNF816,-0.8393810996878791
UBN1,-0.20510101778677436
ANKRD11,0.1404122737832648
FBRS,0.5380327471528128
BRPF1,-0.4682694228422194
NFKBIL1,5.465152935143397
ZCCHC3,-1.0306055575192148
VASN,0.005639125877433001
MCM7,0.5853769373924804
MCM4,-0.9855739257334687
PRPF38B,-1.0588585343372872
DCAF7,-0.494649632784808
WDR70,-0.6660795771124142
HTR3B,-1.0390806914309032
PCSK2,-0.8323680192547407
JPH3,-0.9061758728228319
TAT,-0.1719279686819373
ITPKA,-0.44449727605501765
MPP2,-0.8989840089360037
LLGL1,-0.5858123954388806
OR12D2,-1.1084248361698998
SLC28A2,-0.7688846442047823
CYP46A1,-0.22580476381921272
PIK3CD,-0.4198567162426927
SV2B,-0.6030730676571193
TSPO2,-0.5888249032105485
DOC2A,-0.3389216681217022
PIK3R1,-0.7219932993835263
CAMK2D,-0.7924769498724881
KCNF1,-0.9531945842583288
COX6A2,-0.8312202826904135
MYL12A,-0.46840224906210676
HCN2,-0.5677292401161648
NPY,-0.949183039307069
CYP26A1,-0.4215294438948243
KLC2,-0.3013978446480121
LRP8,-0.5440837093727434
RASGRP3,-0.632307803747366
RASGRP4,-0.7041299562870909
NOVA2,-0.4731977716219544
CELF3,-0.6179176293202756
C22orf24,-0.7885995813479156
GABBR1,0.03737586934657144
GABBR2,-0.8343060689176772
MYBPH,-0.8578648875308643
GAP43,-0.787111309125329
KCNMA1,-0.41570100265372073
GRM8,-0.8892757736251131
TTN,-0.8687677117271917
DIO3,-0.7109420897637511
GRM5,-0.8498474254152141
GRM7,-1.0408751692823974
KCNIP2,-1.0247512140345416
GRM3,-0.8925888680799773
IL5RA,-0.6176975829244488
GUCY2D,-1.0266280442981344
GUCY2F,-1.024872636550619
HTR3A,-0.5625959141881005
KCNQ3,-0.8099865331363401
ZNRF4,-0.9269359749526034
S100G,-0.9630552947331741
SLC18A3,-0.1372988591747595
EFCAB1,-1.0806480680983768
FOXC2,-0.5962868081688991
MYH7B,-0.8438876360552925
PDYN,-0.9614666153003074
FGF8,-0.9301757227760133
APPL1,-0.1286852354004484
PTGER1,-0.47383498282227926
SPTA1,-0.7605272541523226
SLC4A3,-0.6318842726811421
ITPR3,-0.259985136884442
GPRC5D,-1.084680960838105
UTF1,-0.3668609256861799
FGF3,-0.2283615226458347
BSN,-0.8470102588543431
RSPH14,-1.0678227146234605
MOBP,-0.7106175507309903
RIMS1,-0.7001458864950076
CALB2,1.8524052463024612
LTA,-0.7490819240561319
FGF23,-0.5982206974119846
PRKAR1B,-0.3847008686120346
PRDM12,-0.3697937943736355
FAIM2,0.2919041247715178
GPR156,1.1737871222980414
PDLIM5,3.8653603785062582
SLC17A7,-0.770256591467431
EMX1,-0.8807530706524701
ATP1A3,-0.49118804861317655
KCNC4,-0.5754857237082179
CTTN,0.03682507978347953
KCNC2,-0.3465543556464536
BEGAIN,-0.12358518305840516
SHBG,-0.44647902579469306
PPFIA2,-0.8549650415274014
MYOD1,-1.0130212307898174
DYNC1I1,-0.40116519604075745
GNAI2,-0.7642887869876555
CLIP3,0.5127433824021709
GRIN3B,0.02872591848437042
SLIT1,-0.23478258263172233
YES1,-0.7990920525941798
HOMER1,-0.8366320765255777
NOS1AP,-0.7517888206251933
NUMBL,-0.021620726523873632
KISS1R,-0.6789200188593998
SLC24A2,-0.9213856626676958
GKN1,0.8958208608497823
CRYBB3,0.7660532774779871
PHOX2A,-0.9383345272779104
PLA2G4A,1.4076159705037286
EFNB2,-0.3791209173976972
PPFIA3,0.3269524845597051
SOX21,-0.9682947275436369
EXOC3,0.23622903035073106
GLRA2,-0.6663450852610799
GLRA1,-0.8036614257334819
CA4,-0.5565399399457336
NEFL,-0.8534290997827568
SLC1A7,-0.6983075644832057
SLC1A1,0.20983413787736716
SLC1A2,-0.8349644380655998
SLC1A3,0.32512302290447015
TRIM10,-0.43463153367732643
EFNB3,-0.5139971619395025
PTK2B,-0.17263726567320853
TNNI3,-0.8954029423520282
TNNC2,-0.993584439915589
CLSTN3,0.563322242067244
B3GNT4,-0.1020433923885444
GRIN3A,-1.1711296630784667
ADAMTS7,0.16711014448976277
RNF208,-0.08618688839092574
CDH2,-0.2681037584362929
EPHA5,-0.994060827331444
SNAP25,-0.5702041388164817
LPO,-0.14740563105409152
SIPA1L1,-0.2810728794108129
RPH3A,-0.9270003264669763
PDE8B,-0.7630201057805477
RAB27A,0.14548136681477386
SYT1,-0.5489067982945721
NRXN3,-0.6349066974928194
SYT5,-0.5470276633135209
NRXN1,-0.9105241541719041
RHBDL1,-0.4795060911108336
KIF17,-0.9087165515201607
GNG3,-1.010558714936649
NETO1,-0.12657502775651483
TRPM2,-0.5348567217114683
HMHB1,-0.8894404417540066
FUS,-0.742213999448201
TBR1,-0.9140972359922571
HCN4,-0.7796980384822865
ADAMTSL2,-0.1973358806359281
MMP17,0.22895030999820326
TULP1,-0.6491750420752644
CLDN9,2.0622361228163206
NKX2-8,-0.8833444745267677
REST,-0.8828308564027767
SLC8A2,-0.7737713375004285
DMTN,0.13869889515081993
WNT1,1.2821935580694248
MAPK8IP1,0.005716098099073862
NEFM,-0.3441757946889902
SST,-0.8670338063074673
MYBPC2,-0.7351735315166685
MYBPC1,-0.614156592530527
KRT75,-1.19594728331613
MYO3A,-1.2959684347064557
EFNB1,-0.09963214076288344
NODAL,-1.063414456858219
STXBP1,3.113313144611736
TRPC5,-0.4863753435101094
GABRA5,-0.9482130923962362
GABRA1,-0.8689468842694456
MYH7,-0.8780979237324726
MYH8,-0.8612917316968687
ADORA1,-0.9434949505539835
GRIA3,-0.12680072239625353
FOXB1,-0.790280870875808
FGD4,-0.6332225204792035
NLGN3,-0.3526018819998715
FRS3,-0.4197275473437355
DUSP4,3.7229514943566917
TAOK2,0.7604876497263803
NDOR1,-0.17298729602569818
ARNT,-0.120682176751486
IRS4,-0.7242972222910589
GRIK1,-0.9038163982279369
GRIK5,-0.4340179547778711
GRIK3,-1.0591474829669913
GRIK4,-0.6481391708179939
IRS1,-0.520931100435528
CADM3,-0.3769268664705455
CRHR1,-0.6944051431106313
SLC4A10,0.10234537393460764
SLC5A2,1.8120625121466278
SORBS3,1.624781721814583
SOX1,-0.7073642174130143
DIPK2B,-0.7257299034224789
ALX3,-0.3645998863852051
ARHGDIG,-0.5231435263501658
SCN2A,-0.8288997703940888
TNNI1,-0.9720178382985819
OGFR,2.8289855396159687
ST3GAL2,1.1283412139869362
DAB2IP,-0.4823410266358028
SYNGAP1,-0.2707778258309145
SLC1A6,-0.5553279019160076
TBKBP1,0.7938327496855855
ALPG,-0.5113262891296089
MAGEA10,-1.2227330384408244
ASGR2,-0.011919338895335177
CACNG8,-0.8501867042430814
SLC6A4,0.8267935697543018
CACNG2,-0.8333325848352359
CACNG3,-0.9791164729834061
CACNG4,-0.7277796098983053
CACNG5,-0.8387157670789108
CACNG7,-0.5407506213651131
SLC6A3,2.6110024509475056
SLC6A2,-0.8787736095162936
SLC6A1,-0.7094490825007631
HSF4,2.552847847405429
KRT31,-0.5102324422698583
GPR153,0.026901946718903922
MYL5,-0.20750547978070297
B3GAT1,0.43618531938026694
CACNA1I,-0.6917584661463639
CACNA1E,-0.9358786494435596
CACNA1F,-1.073685583203186
DLGAP2,-0.7679675423755905
DLGAP1,-0.7820189747944352
MAGI2,-0.8090980206203406
DLGAP4,-0.331689637969226
TRPV5,-0.5049551092558461
CACNA1S,-0.71627734167361
TRPV1,-0.5329841850191217
PRMT8,-1.0527643221525727
ZFPM1,-0.34186727325377864
SHC3,2.6153427734321406
TJP1,-0.5794906781547725
OPCML,-0.7512972504838449
ADCY8,-0.6515268581134415
GRM1,-0.9617622495845133
PRSS22,-0.36503890476309736
KCNV1,-0.9188702711726513
GRIA2,-0.848448498939928
GRIA1,-0.6641596814294244
GRIA4,-0.7839256244761587
PLCB4,-0.506220035859511
CRH,-0.7487800895585265
SHC2,-0.015355249985280683
SLC9A2,-0.8400569866516788
TIAM1,-0.8448946907830276
GGT5,3.8929829104018956
GNRH2,-0.5662137968163274
TRPM1,-0.559369442233482
TRPM3,-1.1368218059764879
EPHB2,-0.233624005804199
PLCB1,-0.7277806613214152
EPHB1,-0.786040794056932
IGSF9B,2.139369437682499
DDN,-0.47021112718872343
PTPN5,-0.4843705458918703
RBFOX1,-0.6305212074732858
PEX5L,-0.7684009344018314
FGF6,-0.7832763167908189
PSD,0.5435901950864265
NPTXR,-0.5028119065312671
HAPLN2,-0.9013443729451561
SYN3,-0.513101567099383
FGF20,-0.16364928145406046
DPF1,-0.3597402738006471
MYO1G,-0.4468225933822593
MYO1D,-0.4404853651931891
MYO1B,0.03559561906375251
CEND1,-0.8107199410776403
SIX3,-0.6721140256702213
CRYGD,-0.2677741802588418
SH3GL3,-0.9624957795771046
KCNA1,-0.8383595752052062
CAPN5,0.14440058827967986
ICAM5,-0.24455357913682438
SLC6A13,-0.38357724713270797
SLC6A12,-0.9525767465511474
SLC6A11,-0.6122862299994896
DSG1,-0.6894869600694807
MTSS2,0.10224642686313588
EFNA5,-0.9341933285190095
EFNA3,-0.3398471868892941
GABRB1,-0.9969107753309444
GABRB2,-0.856502551564381
GABRB3,-0.85134744133035
OSBP2,-0.2814228923854795
KCNJ3,-0.890491199545376
LRP3,0.8682638255003404
NEUROD6,-1.0649851360043405
KCNJ6,-0.6359081135170865
KCNJ5,-0.6592791099670842
KCNJ4,-0.731593713362486
KCNJ9,-1.0790283870845219
DSCR4,-0.7400224332140828
HS3ST2,0.9953400865235049
SSTR4,-0.9063153216730283
GPRIN2,-0.028326818935193978
MYLPF,-0.7764711828238313
PAEP,1.16924520154695
SPTBN5,-0.7929031476154568
SPTBN4,-0.6836467502722063
SPTBN2,-0.39797309759050625
SPTBN1,-0.350997695001327
TFAP2A,2.664623328212471
MT3,-0.661524099372165
TFAP2D,-0.9570047298720837
DMWD,0.024333050108204236
PPY,-0.8219046860298912
NRG2,-0.4180241977943855
POU3F3,-0.43641392036087767
POU3F2,-0.9830358286360584
TP53BP1,-0.6241499169677409
MPPED1,-0.6232144779502943
DRD4,-0.5931692312562663
DRD5,0.640572490590382
DRD3,-0.7881918809515763
DRD1,-0.8805640637758452
TPPP,-0.5136165798889037
NOL3,0.11018557166942287
MAPT,-0.4529090969884091
HTR1A,-0.8110952717545556
HTR1B,-0.840323000167761
FXYD2,-0.04251888646233041
LRFN2,-1.0050587252913945
LRFN1,-0.7340040470945656
CCK,-0.8165576079305976
HBZ,-0.9849093575654297
APLP1,-0.42260876045702117
UTS2R,-0.6069090490725858
ATP2B3,-0.7220504519504085
PHYHIP,0.8521120617203739
RYR1,-0.6665579996631488
RYR3,-0.05576086254239534
RYR2,-0.6625536252332088
NTRK2,-0.8221166940789757
NTRK3,-0.5492066202903235
SLC34A1,-0.43440468139745286
SLC34A3,-0.013273751120759803
PYGM,-0.03175817496073648
HTR7,-0.8450822032374713
IGHMBP2,2.499307257893803
KCNN1,-1.109270604223688
GPR20,-0.6977339373370073
BRINP2,-1.0024953094947313
GPR6,-1.0442741807169307
GFRA4,1.881266860815671
GFRA3,-0.8746716379695384
MPIG6B,-0.04816692161089185
HTR5A,-0.7989820055665394
AIPL1,-0.8444923624755644
HR,-0.3672458654033028
DES,-0.5579173568743148
TMEM59L,-0.34160912629302836
DPEP3,-0.6213762331849942
EPHB6,-0.24483649192993875
SLMAP,-0.7821231565436881
HTR2A,-0.911711517496566
PCBP3,-0.4242061983865491
NEUROG3,-0.5935636149358853
SCT,-0.7772494995703538
NEUROG1,-0.9341023528959903
GFRA2,-0.3304935095784357
MYL10,-0.6679038081768817
LMX1B,-0.7278990685393595
NPHS1,-0.7409842068573731
ITPR2,-0.6834466039074315
EVPL,-0.13515500808028252
FGF5,-0.49698902838562303
FGF13,-0.37655587129788115
AMPH,-0.41145250103743136
BCAT2,-0.06069212626606877
ABCG4,-0.7479759340149803
SNCG,0.8354974119477367
INA,-0.7078189310033586
SNCB,-0.26268864183757984
EPHA8,-0.5061153210888066
SLC32A1,-0.047788962513694674
SORCS3,-0.49415417105776877
EPHA3,-0.47553207074903847
EPHA2,-0.5022937009684101
CYP2E1,0.012014091473546809
GBX2,-0.7866726658692273
GBX1,-0.9699949145598623
CACNB3,0.18151405633127957
REEP2,0.3001101192220462
FGF17,-0.7948641239532401
FGF16,0.3013322030150297
DAGLA,-0.5356760146816498
RAP2A,0.5068199843374727
SLC13A2,-0.08706705996249786
SLC13A4,0.0168591311450331
CHRNA4,-0.7269203509335818
SLC8A1,-0.5799028893846868
UNC13B,-0.13188411589013066
CHRNA2,-0.7804297341015877
POMC,-0.5663210178075764
HIST1H1A,-1.0519914706414364
MAPK8IP2,-0.41882334242323793
MAPK8IP3,3.0342030764486263
PSPN,-0.06163991109647137
MT-ND2,-0.3663860796894685
RASGRF1,-0.949949802818657
RASGRF2,-0.8530996308937193
SYNGR1,0.16637389816795595
PITPNM3,-0.9162887088857238
PLEKHG6,-0.1370288967518468
KALRN,-0.8969161730242465
CLPS,0.1572602454585247
CPLANE2,-1.0829393843225665
RUNDC3A,-0.5791094321612181
ADAM11,-0.5551929893215484
GPR50,-1.0590526710933794
TRPA1,-1.0503715255981994
CPNE7,-0.5613702280450713
CPNE6,-0.6051981849917174
TH,2.3193903629967663
DAPK1,-0.3517449872738536
SIGLEC9,-0.3111689319528885
SNTA1,-0.09142471009845865
TRAF3,-0.2557448281345037
MYL12B,-0.5513874020103036
TMPRSS6,-0.6415999858423398
NR2E1,-1.0936842303080152
RAB3A,-0.34378607585552495
SHANK2,-1.0092460993188326
ACTN2,-0.8315385803257002
ACTN1,-0.0482576966095714
CYP4A11,-0.3114284404099771
ACTN4,-0.15898124266673883
GRIN2B,-1.0099992784449634
GRIN2C,-0.7679506455032873
GRIN2A,-1.0337003004601777
GRIN2D,-0.7498702270194163
PTPRN,-0.4357241935510593
OR2B2,-0.9440931808093567
MYO7B,-0.7168598404841411
SGPL1,0.10531930164370686
EHD1,0.678654590728096
ATXN7L3,-0.2804523717771662
PLA2G6,-0.022871212801894112
PLA2G5,-0.5835638343580322
PLA2G3,-0.15838045137160742
METTL17,-0.3324263898916084
BRCA1,-0.8817458429502774
PRRC2A,0.5332655438046191
FOXA1,-0.8843012826231961
KDM5D,-0.7211546109100441
OSBP,1.7759059555819539
SLC25A35,-0.18380510546381792
SLC25A34,0.03941965285923251
PLA2G1B,-0.2357163776362448
CHKA,-0.16208192354691456
WDR46,-0.4287335506977327
PLA2G12B,0.19884651833508837
CDC25B,-0.20196883685998032
KIAA0100,0.5785200241972855
POLR2A,-0.7587990379453596
PIGO,0.9555986237273885
JMJD7-PLA2G4B,-0.05054875613805558
TNFAIP2,0.22695508146178311
CRLS1,-0.1988714352306226
IL17RA,4.022021803636133
PTDSS2,0.24213677949057508
TOMM40L,-0.28552092640792204
KIF15,-0.8989073855916607
MBOAT1,0.5183212359667475
CDIPT,0.17263530918369124
IFT140,3.4391915759352023
ZBTB17,0.28333201835334754
CTPS2,-0.49505489409201753
CUTC,-0.5790182735809993
DAGLB,0.01088571946496544
PLA2G2A,-0.1623497146782902
PLA2G2C,0.11326826712889422
PLA2G2E,-0.2586837222086629
PLA2G2F,-0.5750975591409518
CAPN15,0.4412254764339062
SLC35D2,0.804194200390856
WDR19,-0.21020482327120488
NBEAL2,1.6409149656113062
WDR89,-0.7133016859458244
ACER3,0.7072625430453532
ARAP1,3.0345161855931138
SELENOI,0.6088380267294755
PEF1,0.054286610715998544
ARFIP2,0.4569981722288379
PIGG,0.7823386646139557
PIGN,0.6386153246261731
MAP7D1,2.9122706600035704
PLB1,0.3174399951865423
PLA2G4B,0.29303693104413725
PLA2G4E,-0.1238894154564724
RCC1,-0.9117005088859997
CEPT1,-0.11676556264978037
ZBTB48,0.5998176016384228
NPIPA1,0.48006334878672374
CRKL,-0.610086986547118
FKBP4,-0.4575388874811794
DUS2,-0.7260919486752409
DIAPH1,-0.3493181572242529
SP2,-0.387357088288165
CTNNBL1,-0.4555572172235896
DDX49,-0.006725885010858181
YBX1,-0.6995923543167067
LTB4R2,-0.8773552844928735
HINFP,-0.3352431403090151
TTC4,-0.8963344186673359
GTF3C2,-0.7861830003779737
GTF3C1,2.103896962610288
TAF1L,-1.212041878235401
XPO6,-0.1847676869745535
MYPN,-0.5309004615473555
MAP1LC3A,-0.17062966037354607
GTF2I,-0.3722177252472743
UCK1,-0.31982978287794495
LIN28A,-1.2673304197630548
NOC4L,-0.4983605481136764
DNAJC8,-0.3997216552910837
MTHFD1L,0.5074523402998323
YJU2,-0.42838988280288254
TTC31,0.042356944101713014
WDR36,-0.8136127245630719
ATXN2,-0.7126540343220994
PIK3CB,-0.4738544114649001
POLK,-0.9702649413099841
DYRK2,-0.8520325642996315
AKAP13,0.010636279307931732
RBM10,-0.22760407989127382
PPM1D,-0.9013736873998532
NOL9,-1.0042663231519493
SUPT6H,1.9775427066001148
SRPK3,-2.480106970947215
GEMIN7,-1.0285865090749957
GEMIN4,-0.5812265287800772
ABT1,-1.0143487593264873
RBM4,-0.6179440907315976
MORC2,-0.6526233544513765
WDR45B,-0.1462312953804675
YLPM1,-0.6950097770760887
CNOT1,-0.9011600358822951
DHRS7B,0.00016055346186288408
KHSRP,-0.8218551241652435
ZNFX1,0.03834700651794442
BRD9,3.3277875394346994
CBR1,0.026698439174844563
PRPF8,-0.48674130568801655
LRRC47,-0.7244935378042041
BRD7,-0.8343891347972956
VPS33A,-0.08882811908703618
SETD4,-0.4720549712363187
CCDC12,-0.32727953161739076
TYRP1,-0.4299765993594386
SMARCAL1,-0.6005039005858233
NMT1,-0.3770859914360153
KIFC1,-0.6595585277390736
ISG20L2,-0.8184673867909593
DNAJA4,-0.4488813350834734
FKBPL,-0.9354997984543556
DBT,-0.04336443386168379
CD2BP2,-0.18985188901390304
DHX38,-0.046483716759417176
DHX33,-0.8248340956522908
EXOSC6,-0.5202254016104086
GUSB,9.165367386378495
KDM5B,-0.9091091164770507
TARS2,-0.09362149983039357
MLLT10,-1.1817778383108897
ACLY,-0.1356844584676965
LARS,-0.40680325635393755
RNASEH2A,-0.5437499588405889
NUBP1,-0.210209887779868
NSD1,-0.9317465970539902
MCM3,-0.7590948118002521
NSD2,-1.1658573895642934
NUDCD1,-0.178587113593088
CIRBP,2.0319047113980435
RFC2,-0.8992580861691283
UTP25,-0.9754753461775312
KIF11,-0.8963688654997763
HNRNPCL1,-0.7452965831886502
NUP62,-0.8037023494087995
DNAJB1,-0.3751999214647602
H1FX,3.3921753145119022
GPATCH11,-1.4193199604055704
SUGP2,0.41811164955839714
RBBP4,0.9076962771362252
KLHL18,0.5588838732729456
MRPS18A,-0.393473131219193
NUDT10,-0.4965650463207327
NUDT11,-0.6966522217668064
CELF1,-0.7254847810836911
IGF2BP3,-0.7078236991268132
ATXN2L,0.3838466949608466
MXD1,-0.04238449855974232
BUD13,-0.9174991054517644
TFIP11,-0.767888917376156
CA2,-0.05689553209467715
POLA1,-0.9017453058598288
PNPT1,-0.31566621190024485
MRPS14,-0.5697603384154782
SMARCA1,-0.6503057462553167
ELAC1,-0.7183664171332529
LARP4B,-0.91984984809598
TPM3,-0.5518416365273568
NDUFS2,-0.04224620204674698
PCMTD1,-0.544382729549889
ATAD3A,-0.25539800757867653
LSM2,-0.7783977024683391
NLE1,-0.7235578032866624
DYNC1H1,-0.0478086392888574
TBC1D22B,-0.1374964676489056
NSUN3,-0.6888105902306495
NSUN5,-0.6767588723026676
NOTCH1,-0.37090511047252966
ADD1,0.6053271471526809
PPIL1,-0.45568524464612276
PPIL3,1.9865911315904037
POLR3C,-0.8400184272886619
FAM50B,-1.0734163161547663
PRMT7,-0.2757829623201043
TOMM34,-0.7746095721333891
CHERP,-0.6913284530092909
TRMO,-0.7356862227437464
SPEN,-0.6419545007345456
HELQ,-0.7264440006774495
JADE2,-0.4262470541872327
USP22,-0.06619699558067524
THADA,-0.7832281114361315
PGK1,-0.17095638033839414
TRRAP,-0.9153717968631017
RPUSD2,-0.5012904365073813
TUBB1,-0.4272330986501407
TESK2,-0.7397405001242736
PRPF19,-0.813595800573703
LRCH1,-0.6183485974691149
MRPL2,-0.27439651566189294
BAG3,-0.34143456468642147
RPUSD3,-0.6315410987365012
DDX31,-0.7103748277697026
DARS2,-0.9303500160809866
CHCHD10,-0.014909924223727892
SF3B4,-0.7023639426922573
CWC15,-0.8505482489385622
HTATSF1,-1.0796880819131487
RAD51D,-0.43759799675739913
RIPK3,-0.2213603213709857
BLMH,-0.7978089622843576
PPIH,-0.8710928492597901
TRMT2A,0.11941450718856411
FKBP8,0.5678180470305373
KANSL1,-1.0695475041038225
DNAJC7,-0.5248656137036231
VARS,-0.34173694837292123
TTF2,-1.0054366114215687
NAP1L4,-0.647616259157318
GBA,4.624555504806972
NBAS,0.3256234377201553
MCM5,1.0749963137012155
PHF5A,-0.6471481996222344
NOMO1,0.551861207800343
DDX28,-0.7052307823686434
PDK3,-0.06161994271040738
NRDE2,-0.6409571118828788
KCNK5,-1.2500211854020014
ABCC5,0.09028358337424236
TRMT61A,-0.18656676459679716
PUF60,-0.577790683410875
TARSL2,-0.1020283014712316
POLR1A,-0.8724513961396507
AHCYL1,-0.04629993108776879
AHCYL2,0.3168052282138449
SNRNP35,-0.7460218872072577
LIG3,-0.7518275014624599
MYB,-0.8835364742621329
PYGL,0.5406725758744237
ATG2A,3.2295826191076085
IP6K2,-0.1059888554029416
HSDL2,-0.07478530092227278
TLR2,0.2526578101105318
ELP3,-0.6997082957200459
NCBP2L,-0.5564599901023373
TPGS1,0.20190076984341215
DQX1,-0.5186941723372092
ATAD3B,-0.3215398062814637
CHD6,-0.8795037472813925
INTS4,0.16703663355732348
CAP1,0.6153376553988603
SKIV2L,1.9171380869590278
RBMX2,-0.8338170441448002
INTS9,-0.3684978688698661
MRPL11,-0.6867664596187693
POLR2C,-0.8067871213695021
STRADA,0.3870228397691599
ERCC6L2,-0.9058239918829655
IPO9,-0.6673647927867317
GPKOW,-0.8988447864148658
CDX1,-0.6821070036934583
BRD2,-0.3637444678386008
WRNIP1,-0.6567827921480597
POLD1,-0.5392507768251772
HIST1H1T,-1.2182776488881484
PHLPP1,-0.2499988022876751
DDX25,-1.1543179819034581
EP400,-0.7483254091544569
PSMB3,-0.34751595740440083
NSUN2,-0.634185627811377
TALDO1,0.3456686931946963
CLEC16A,1.945825733795495
CACTIN,0.668776134680177
DHX32,0.2059659927306545
TSR2,-0.5572536863126624
LDHA,2.290015940229296
PABPN1,-0.3021497877994771
ALDH9A1,0.4983105099301641
XRN2,-0.7511796630771931
DHX34,-0.25568161048693716
DIS3,-0.7438788795867968
PRPF38A,-0.3892133825100923
TAB1,-0.016182893377541835
HIST1H4H,-0.623546135772334
PAWR,-0.398944033296299
GTSE1,-0.6164320272051645
GTF3C4,0.26773899115549193
DNASE1L3,-0.7628620834229186
KCNH5,-1.4507173753783
KCNH1,-0.7498429198856198
ATAD5,-1.1709830447739964
UTP23,-1.1777706157495194
UTP20,-0.9696056750307481
GANAB,3.432167558488528
GDAP1,-0.022872876402156794
ADARB2,-0.7818067675547259
CDC45,-1.00844144640749
CHAF1B,-1.0893056585794643
UBTF,-0.17228477017418523
KIF4A,-0.8454179302613017
CDCA8,-1.0233742516981432
MCM10,-1.0529532290319712
AKAP8L,0.31900990666968265
HDGF,-0.6094311826986117
RECQL5,3.226500798858688
MED6,-0.9095938479336079
ZNF609,0.0718534761794336
ZNF330,-0.47803704785850265
PATL1,-0.8348111232291258
ZMAT3,-0.22889568348535144
MYBL2,-0.8638970509995053
PAPOLG,-0.461760186591566
KMT5A,-0.93495418997241
POLR3B,-0.5731696147200203
OIP5,-1.1158304127418912
SLC25A3,-0.2067898706250291
PRMT6,-0.8329384811025833
PQBP1,-1.2369084080565562
AEN,3.0457743958357004
GINS1,-1.2102844625199158
CEP55,-1.0699620241353562
G2E3,-1.417433393088881
NUP58,-1.3766012540040418
OCRL,-0.25554517804337196
ATAD2,-1.2415168343228162
SPAG5,-0.9205561294759284
PCLAF,-0.9133553373030895
AKIRIN1,-0.15818631754105053
DNAJC10,-0.08468925102749206
MBTPS2,0.01567310227621769
DR1,-0.6589774160137114
EIF4G2,-0.007044075710113988
CHD4,-0.5111457819304509
CDC25C,-1.0670381824966135
CDC25A,-0.9394482518391885
POLR2H,1.6583109455456457
POLR2J,-0.6272618104712981
AGO1,-0.43092261282887634
AVEN,-0.45678960613291897
APAF1,-0.4086456555175598
HELLS,-1.1838465677814807
HIST1H1D,-0.8633897320082967
HIST1H1B,-0.7739302904663333
KIF20B,-0.9226148867646048
OVOL2,-0.6629543441744867
OVOL1,-0.33573998810462913
ESCO2,-1.1945335359704987
PSPC1,-0.7924585472731817
METTL16,-0.18934515834682844
ZMYM4,-0.593158219430746
SRFBP1,-1.5479633987755594
MACROD1,1.0328909493644913
R3HCC1L,-0.2835561141889113
DDX60L,-0.3697252184721693
IL7R,-0.3330212499365089
ODR4,-0.13815783176974872
H3F3B,-0.9068879042135689
H3F3A,-0.9597311791940968
PDAP1,0.01887615406109978
MPP5,-0.7163771697536948
SS18,2.365977214659828
CDK5RAP1,-0.5701136602909515
DHFR,0.13703518518517047
MDC1,-0.8291015652819924
KIF18A,-0.7258913386652176
TRIP13,-0.5503541462631607
LIN7C,-0.5961774425730425
UHMK1,-0.5387458929015012
BARD1,-0.9344132576139448
BAZ1B,-1.0100783185126778
EXO1,-0.7611092868550384
DEPDC1,-1.2229592737966275
ALKBH5,0.6530675179941527
ATM,1.261464538417151
SMPD4,0.1718115097360359
FASN,0.6039975605485769
H1F0,-0.617034225388807
NPAT,-0.6571073454473354
CALR,0.38694557766072096
SKOR1,-0.6615606739683367
LOC107987487,-0.2279625397371884
ELAC2,-0.6961356988343423
PRKCI,-0.872383785060455
SCRIB,-0.41525192854675735
CWC25,-1.0549253469156048
TRUB1,-0.9285477383149646
NUP214,-0.055684011023627536
EMD,-0.07361210414322507
EPB41,-0.8044882509551629
GLYR1,-0.5478389448414871
TOP3A,-0.5283621733317472
TOP3B,-0.04216378140054168
KRT5,-0.6683699316459571
RABEP1,1.6707255338999394
BIRC5,-0.7650840914212907
NKX2-1,-1.240641432169088
PINX1,-0.5648873472830387
DGCR8,0.07610388151374274
LOC107987491,-0.40422539826393855
RPP40,-0.8857135681525052
HLA-B,0.37142662463250475
H2AFY,-0.7021172579090315
NCAPG2,-1.2596770284907532
HAUS1,-1.2904822989039357
TFE3,0.2873338317364253
HIST1H2BB,-0.7290439754436135
HIST1H2BM,-0.7787668012448284
VAV2,-0.40858344473900043
FYTTD1,-0.5347490233356609
TP63,-0.7432499899245993
GNL3L,-0.8637125875267713
NAA25,-1.1336806683691014
LRRC8A,0.006142683656079479
IGFLR1,0.026141214636510885
U2AF1L5,-0.8863480480401931
NPM3,-0.7026911434014811
PARPBP,-1.2092133477512923
RIC1,-0.41765011953320275
PRIM1,-0.640470067397442
PRIM2,-1.1216425449271477
NCAPD2,-0.9943882187188183
HIST2H3D,-0.6471077821734512
HIST2H3C,-0.6445549525803791
EMC1,0.4191103981669638
SMC5,-1.182416737882797
NAA35,-0.9738226651930615
RBM3,-0.061315669661342886
ZMYND11,0.026986091893385657
IVNS1ABP,-0.6477106420983999
C1orf112,-1.128545889842681
URB2,-0.7315186329755029
CENPF,-1.0149415412821217
CENPE,-0.9286695244932581
CENPA,-1.0801749325288261
MPHOSPH9,-0.4973571350804965
DDX59,1.0124874859007122
DDX53,-0.8506360580028527
NSD3,0.09274598230248071
WDHD1,-0.976961336104279
RACGAP1,-0.8944571838467041
CEP250,-0.17666443305725568
UHRF1,-1.1331979041231452
MCMBP,-0.8682399068547854
SMN2,-0.3492383954418115
ILRUN,0.18572783337532614
NLGN1,-0.6691304533884365
CSTF3,-1.372583066240594
CSTF2,-1.0792660345108964
CCNT1,-1.0127461286816686
CREBZF,-1.0340349572594036
BRCA2,-1.1178724240750582
WNK1,-0.6999070428455778
ACOT7,-0.26508921144165354
USP36,-0.489574450724214
RBBP5,-1.0189113495750328
KIF22,-0.8211188365015796
ACSBG1,0.3128679942197469
XRCC4,-0.6633640004349823
DDX60,-0.30141454526563427
LMNB2,-0.7666171422525159
PHF6,-0.3184838955842861
PHF1,0.44390550266097617
RPP30,-1.0694606450783708
KCNA4,-0.7826647200683
KCNA2,-0.22798082780320586
KCNA3,-0.832513272957794
RAD51C,-0.9525896173035315
ERLIN1,3.544111818312122
CTDSPL2,-0.8241626947120636
HMGXB4,-0.9791748195351131
CORO1C,1.832056018608383
DNA2,-1.0709660340488785
KRT14,-0.637649553372371
NFATC2IP,-0.6096142219445642
CASP3,-0.5766434169499765
CASP8,-0.24304854751959024
PLK4,-0.687852188692591
ADAD1,-1.0561838962922525
ADAD2,-1.2336063123771528
GRK5,-0.6494458580498399
CAPN2,3.7142298092398054
COG8,-0.09885372336694608
PCBP2,0.2065091151119678
SMC1A,-1.0084956195016688
ACE,-0.37040422243428694
DNHD1,-0.13719383944270103
HNRNPUL2,-0.7861848719197694
KCTD20,-0.36818044259743227
FKBP5,-0.519264427573493
PPP4R3A,-0.7082228635351611
APBB1,-0.050340126910266125
GABARAP,2.901571017085569
WDR4,-0.8979756185872424
IWS1,-0.8535292605290663
MYD88,0.2819306181572707
HMGN1,-1.1696869546902877
DTL,-0.9665969531935248
MSH3,-0.6123052893784744
HNRNPCL2,-0.7755330468231101
DEPDC1B,-1.0777324458226607
SPDL1,-1.2631499645976128
TAF15,-0.4536977955812953
TNFRSF10D,-0.2819291992744179
CDC6,-0.8566663310776611
KNTC1,-0.9760673044575425
RBM19,-0.6970047244611446
TMEM259,3.631328237600028
CPSF7,-0.34737076617425106
CPSF1,-0.6857504293118336
RNMT,-0.5722103884649041
PMPCA,-0.10124479083648154
MBD2,-0.6733896740421671
PATZ1,-0.6709017201847884
RBBP8,-1.0524526049176788
SLC29A1,0.05212130032197098
CCNE2,-1.0344470317154102
FTSJ1,-0.621629333827901
L1TD1,-0.9106498064010303
ZWILCH,-1.1227616936176135
DTYMK,-0.7326886898942376
PIWIL4,-0.5605676996244677
PIWIL3,-0.9789410955489801
KIF14,-0.9429818945323062
FANCD2,-0.4768524165902623
CBX5,-1.058118423820185
IGF2BP1,-0.6594223323046514
KIF1C,-0.20350081361601827
NFE2L1,0.16693983160609072
CD247,-0.3955361567150584
ABCB1,-0.1680959453834548
DHODH,-0.5643973167167841
NCAPH,-0.900279892739193
NCAPG,-1.043672748767489
TNFRSF14,2.136527849258743
CRK,-0.5848901433490721
POLE2,-1.048976507301898
TFDP1,-0.6060303295996285
RHOT2,1.862697924586684
EHMT2,-0.5501921606901754
NUSAP1,-1.227517547121479
ZBED4,-1.1925068777387535
SHCBP1,-0.9199484354845751
GPD2,-0.14187516237517994
SUV39H2,-1.238655538498893
MAP3K14,-0.24517609135497895
BCL2L2,-0.26092343313690186
TMOD2,-0.8760183649830532
ZNF281,-0.6136116644246647
HEXIM1,-0.22283884298972553
IDE,0.4235722300801594
GUF1,-0.606365386124963
HNRNPL,-0.7012627843268333
MRM3,-0.5556852390910344
STAU2,-0.9979121179672451
FBXO46,0.12145667448976238
RAB35,-0.4159288361768932
HNRNPA1L2,-0.5346603458615812
CFL2,-0.3420836396915893
NFIA,-0.5775719475819746
NELFA,-0.41102628319154555
MEN1,1.8781790202024329
MVK,2.6779304763715723
BUB1B,-0.6900776135728282
SMARCD1,-0.5719576116880465
CD3EAP,-0.8588200333751308
PIDD1,0.3651375621273573
KLC1,4.109095739324636
SOX12,0.9474308755328027
HPDL,0.3765488970983363
FLNA,-0.08027005401910331
LETM1,0.027551278168376468
ENTR1,-0.6070068043292245
POLE,-0.7082259909113422
INTS5,-0.041702822317280466
HIC2,-0.8446100065385345
CKS1B,-1.226139689635541
TM9SF1,1.5978504197396806
PTTG1,-0.9868366736663587
SZT2,3.4781245745027882
TEDC2,-1.1319909369324475
IGSF8,-0.15335274864049828
MED19,-1.0119118125132953
CHAF1A,-0.790499796499022
TRMU,-0.33265728048583454
CDK16,-0.2583311094307984
PDCD2L,-1.1007849036000599
KIF18B,-0.8670842648696071
SFSWAP,0.1911125055086505
TBL1X,-0.384641790949269
TBL1Y,-0.7757504529819081
HEXA,4.7521066499859455
MBD3,-0.10200168674072202
TLN1,0.44524273687016824
SIX4,-1.1836504854952095
HDAC6,-0.5691108270236439
CDKN2A,-0.6425496326839499
TSC22D4,2.608401282090783
PAFAH1B3,-0.22853560679610146
SLC2A1,2.82276158289807
KCNH4,-0.286288613795165
SLC4A2,3.045614958516722
RECQL4,0.5568346293296291
SLC29A2,-0.2153306734542808
CCNE1,-0.9442319589931996
TIMELESS,-0.8272799804672198
GYS1,0.21247157624185292
RAD54L2,-0.5605020017181602
SMYD5,-0.12113017883319248
RAG1,-0.6526698196028395
TELO2,0.36845369408010253
FGFR1OP,1.3953141802419744
GTPBP3,-0.15932880365839142
PIMREG,-1.140039866245415
SLX4,-0.5501633573020285
FANCG,-0.7184021892986111
CLASRP,0.8426669627960552
RALGDS,1.124394250188844
MED22,-0.17964971587296497
PARD3,-0.8979056544694116
HOXA7,-0.7079326911127237
MFSD12,2.2088976002332967
CDK8,1.515976689133668
DSCC1,-1.1482678094869163
MAD2L1,-0.6442805320188534
C19orf24,0.5419635001185118
AQP2,-0.8151006900429121
DRG2,0.22777563919176036
RAD54L,-0.8482444704263625
FASTK,2.230494243092456
CIAO3,4.25738829868398
ZAP70,-0.4638214861253321
DNAJC11,-0.08331641690495083
INTS1,2.8702742167833932
THOP1,0.13160460104976363
ETV4,0.008105265933352306
TYMS,2.3591053832021216
SAE1,-0.8659791994631291
PAGR1,-0.706299625931095
RAD9A,0.7749604686356383
RRP7A,-0.5854483186132929
RANBP10,0.02277092799334601
EML3,2.8686426125349627
CLN6,6.705752666192609
ZNF574,-0.5005769567805202
WDR62,-0.5168287540163155
NUP210,0.12700411344138474
PNKP,2.49728466249355
GPATCH4,-1.1722791550754876
CLSPN,-1.097646269255217
MRPL28,0.06616550247447098
NPTX1,1.2677946092241044
XRCC3,2.238775305939264
USP44,-0.650339467244851
ORC6,-1.3693755930638472
PLCB3,-0.32272726860758755
GPHN,-0.16907728472541467
RHBDF2,0.6403714873463968
POLA2,-0.46723314005247213
CTNND1,-0.3159054789582278
IL1A,-0.5738821789014252
IFNB1,-0.5541188867786228
ERN2,-0.5817978435265302
POU5F1,-0.8506874767519961
LRP5,0.894607253339254
NABP2,-0.4078103677949757
GATAD2A,-0.6871828384893925
SIGMAR1,0.3247265041029875
RPAP1,0.10705324978545677
NUP188,-0.5613982020591773
ATG7,0.2337500531533612
TERT,-0.5235544117952086
KMT2B,3.5050333411316776
PSMC3IP,-0.9681107476800642
PIGR,-0.6631087238378598
WRAP53,-0.26351250139531823
CDKN3,-0.9445539976306836
CTRL,2.5088018134687893
MRGBP,-0.5520643827814171
HBB,-0.3444503543526921
HRNR,3.2484281574044966
ZNF142,-0.33036765048218086
DENND2D,0.25823639896163436
GRK6,0.25124410296449534
NSMF,0.7648172811543363
GOLGA1,2.423632065393854
GOLGA2,-0.1796150641173088
ZNF787,0.6360472409654337
SEPT11,0.4689748779651626
MED15,2.061366335362308
MED16,0.6070797940557141
CSNK1G2,0.1862709939463778
CCDC85B,-0.18342983011292946
PELP1,-0.38500926372249356
SCARB1,0.38576598519343686
HIRIP3,-0.5835321262748538
RASSF9,-0.3876218095871119
STMN1,-0.8378492264792576
PTOV1,0.9458628192845742
DNM2,1.5036003050490316
RSAD1,0.27241525866453414
HAUS5,-0.24641861456488726
ZNF282,1.681608140122261
SIRT6,-0.2600035525669217
TMEM94,3.0742731161076917
PLEC,2.5744160007545873
TAF6,-0.1410606669382052
PEX5,-0.29808723808274173
CTDNEP1,0.7703416050022284
RFWD3,-1.1160080981506393
ARMC6,-0.13483243265159864
JMJD4,1.0205962805564086
GPN1,-0.641430902494236
TCF20,-0.18574389806573122
HMGA1,-0.43205571129162906
FHOD1,0.8663493349888821
RIN1,2.6560016363367303
CARM1,0.0775063257420182
OXCT1,3.7186481272695207
KIF20A,-0.8979920305577316
FOPNL,-0.6101910829257631
HSPBP1,-0.23055925916636388
HJURP,-1.1374657592588513
HCFC1,-0.44914197861172817
PAXX,1.6267282297677774
TTLL12,-0.33752554448150385
TSSC4,0.3368809859472926
MTA1,-0.36643516386135344
NF2,-0.3113119368270372
ANLN,-0.6591982706947569
ARMC9,0.19657779169291514
SSBP3,-0.39195742929195565
NSRP1,-0.8363676268613879
BLOC1S6,-0.08096249906955803
CEP120,-0.7861503072544908
ARHGAP21,-0.7090755301406463
MMGT1,-0.1687777991536486
DOCK7,-1.0150464108363288
CIAO1,-0.6267086893285109
JMY,-0.6921594118849779
RCN1,0.9869940464020756
NEPRO,-1.9220361899246337
EXOC6,-0.1334359035536675
WEE1,-0.9092038503098544
DIAPH2,-0.6128614408722353
NXF2B,-1.5052108206676986
NXF3,-2.123501988181471
SENP1,-1.303408682477441
CUX1,-0.2779388288186949
HOXC13,-0.8244703547151006
NAB1,-0.3041113572904458
OTUD4,-0.7663996894132843
NXF5,-1.4253612283806332
MECP2,-0.7912338126685391
RGPD2,-1.0453790921355979
RGPD1,-0.5800686695450389
RGPD4,-1.3250206971434373
RGPD5,-1.057862170117071
GEMIN8,-0.9856804532729275
PRKD3,-0.5198683098924075
FOXI2,-0.05986871254480343
IFIH1,-0.07474464585063581
NFX1,-0.472774749958273
MAD1L1,2.8756212388360556
SKA1,-0.7232645633573943
SKA2,-1.1117924113874518
CDCA5,-0.7857605200754136
UXS1,1.1116618320107747
QRICH2,-0.3206407402851758
AAAS,-0.05087403102446618
TMEM33,-0.05239959502292153
CDCA2,-1.1229911974301274
CENPO,-0.758202964426182
CENPN,-1.1428693596737631
CENPM,-0.8013963462243876
CENPL,-0.967345154194429
CENPI,-1.0068828448528084
CENPH,-1.0737867411390791
CHM,-0.2752592261927258
PROSER1,-1.0298759493575265
CCL13,-0.25142360909649974
NUP88,-1.2153262660987538
POM121C,-1.32271732709436
CCAR2,-0.26322550165358954
SGO2,-1.1548512131650466
ESPL1,-0.6463191064124575
GTF2E2,-0.4603674501080097
NEK9,-0.7488727075088479
INCENP,-1.1214754853322542
BUB1,-1.1355552098641561
CD70,-0.0804669226680504
HDAC8,-0.3489141523162983
TPM4,0.061813100430908166
RANBP3,-0.21338142920967554
PAF1,-0.5443845532745261
FOXL1,-0.8330001362404
ZW10,-0.6922873104336918
MFN2,0.570780767124446
CDK7,-0.7524333726821891
ITGB3BP,-0.935403081255492
KNL1,-0.9158326835148066
PBX2P1,-0.007563855836554759
PBX1,-0.7126181978147829
NSUN6,-0.2222492286294767
RAPGEF3,-0.3620405893549426
UNK,-0.3457548203780146
NDC1,-1.0416965863734968
HDAC11,-0.2684114293294204
GBF1,0.4852971513506065
KAT2A,0.09670863430276344
B9D2,-0.7365084524022099
POMZP3,-0.6392042102465785
TENT4A,-0.8054156744733946
DSN1,-1.1391849821229467
ZNF318,1.2155255611507245
TMEM209,-0.7323003085332365
ERCC6L,-1.0549964203803337
PPP2R1B,-0.7486150984907171
CENPS,-0.7858485377099859
NADK,2.6553002062388305
HPS5,2.2407147758799097
MSI2,0.3503827496752255
MSI1,-0.6584898792335604
POLR3A,-0.6491748631737208
POGZ,-0.8506380880738154
CENPT,1.212734956349004
CENPU,-0.9873953779373529
CENPP,-0.9297255803774903
NUF2,-1.0634428551393904
QTRT2,-1.2911925058842713
PMF1,-0.4075610097824368
FAM193A,2.126450261214761
SGO1,-0.9525091953030665
SPC25,-0.9282590112616805
SPC24,-0.7586057674873801
PHF21A,-0.0705713720397687
CENPQ,-1.271601113212141
MMS19,-0.1431952271066163
ASXL1,0.24162749897686794
ZBTB33,-0.8407686456901684
ODF2,-0.5671093697951612
NXF2,-1.033801754145411
SIK3,-0.25601227303775187
SFMBT1,-0.6053030324537968
PBX3,-0.4860435267401348
KDM6A,-1.0876662740421272
LIN54,-0.7336218994466608
ELL,-0.378994952903156
SNUPN,-0.7926323425387861
SYNE2,-0.6858993205243928
NXT2,-0.3818926868960153
STAT5B,-0.3938282749083189
HSPA1B,-0.5433465664106116
NUP43,-1.1772796618367947
RCC2,-0.8064830697725296
RANBP3L,-0.9234246079305806
IGF1R,-0.5536941718560686
WIPI2,0.995582358297805
SOX13,0.09446223468140744
CHRAC1,-0.014066388989693571
TP53I3,1.4828102395096354
ZNF428,0.984182899968609
SESN1,0.12900358579365306
DCTN2,-0.19525745738928055
POLL,2.9955687598766154
POLQ,-1.0438876630291927
HIST1H2BO,-0.3758268164415962
TFPT,-0.44868197391967973
AIG1,-0.22840242646080003
NFRKB,-0.03528650301655503
ZFYVE26,-0.25204328125121644
GTF2H2C,0.3534656482391269
SPIN2B,-0.6460759537128148
APOBEC3C,0.29052715297028614
ABCA1,1.7924699499989145
COPS7B,0.00880524859116193
COPS7A,0.7957656980272579
MAPKBP1,0.2282778477787138
WDR76,-0.8329020632061421
LDB2,2.007271002113125
AASDH,0.8648775826023031
CSAD,0.07798832864428949
TMEM43,1.0970707846309058
COPS6,-0.3457571628372975
ORAI3,3.487824353777821
DNAJB5,-0.36365730293737186
GORASP1,0.23077381887687382
MTMR14,0.4591754305364349
PGGHG,1.6870028798566257
OXLD1,0.464101420511545
NAA40,-0.177635806730128
PHLDA3,0.24893015735853855
HIST1H3A,-0.9193773150551037
GOLGB1,-0.006466166318071615
BCL2,-0.5633362295859489
PTPN14,-0.5420713297088148
RRM2B,-0.5761058830738761
PHF8,-0.9947662074133187
MSMO1,0.5577985407835937
H2AFY2,-0.9407362504632105
FOXO1,-0.7712579749121944
HIST2H2BE,-0.832969454944504
BBC3,-0.20156156472246498
INO80E,0.39844093550153714
INO80B,4.698109243001927
INO80C,-0.2898347721293861
RPA4,-1.2162008872059868
ATXN3,-1.8411294592869463
EPM2AIP1,-0.2666407290624406
ZNF512B,0.3478317660481187
PLIN2,0.41051937307785596
OGG1,-0.11436530935694902
CRCP,-0.6679738400638698
POC5,-0.42075582963879204
FAXDC2,0.060671549245097475
CHD2,-1.3231535637340666
HIST1H2BD,-0.7626196118957783
HIST1H2BG,-0.6707536881658953
HIST1H2BA,-0.9310235619355469
AKR7A3,0.33816776567649137
APLF,2.8902858898691153
ACTR8,-0.44323285865628953
ACTR5,-0.43784907408352275
PIAS3,-0.7356294313416247
HIST1H2AG,-0.7483552383992225
NGLY1,1.0093819252451697
DGKA,0.18513649739000887
PLXNB2,2.713577875122641
FGFR1OP2,-0.3628528388927228
HIST1H4F,-1.0046160471125332
HIST1H4A,-0.7703577116482033
ADIPOQ,-0.49460865842631535
ZDHHC13,-0.8064325124048041
ZNF703,0.7561310480061485
ZSWIM4,-1.6969349720723927
SPTLC2,2.754400989630796
MACO1,-0.16810896366184003
TMEM53,5.0660130596356865
MUC2,0.22072299972286352
SP4,-1.219877617543097
SP7,-0.7806624833475618
AKIRIN2,-0.41525175397624875
TMLHE,1.0432770751025822
LMO1,-0.8235049143481191
ITGA2,-0.3718955410332214
ALDH3A1,0.20222078923999842
SWAP70,-0.1950930617198872
APOA2,-0.5025707128162745
PHLDA2,0.5150960093707682
CYP27B1,-0.1678506810608472
AGPAT3,0.4568521841190914
PRSS50,0.07381300008749973
RAG2,-0.604555668694059
RPS6KA4,0.14857739579606993
HLX,0.5125974755518822
NR0B2,-0.6360936094345578
ZNF296,-0.9652860976606928
CD40LG,-0.5723460710988737
TRERF1,-0.22354835224250047
MIOS,-1.1177598864093283
ZSWIM3,-1.1293986201962756
TCEA3,-0.8370199567147352
CHTF18,-0.7081024611672249
PAAF1,0.14264158402717633
BDKRB2,-0.7302936394899494
CLPTM1,2.830840854548087
SPHK2,0.5456611529658244
FIZ1,-0.4415580815354583
ZNF780A,-0.9303535758086311
RHEBL1,-1.0777009016899768
CDCA3,-0.5524171381269591
CDCA7,-1.1352024137265035
MNDA,1.4610719375508743
RSF1,-0.8072391192464218
ZNF687,-0.34946466705556656
THAP8,-0.41882290878458284
DZIP1L,-1.1463932631207874
NQO1,-0.07301002337027496
SIX5,-0.28426088067677696
CLOCK,-0.39343980464151357
MR1,2.870937549337908
HTN3,0.10939328395974104
RELB,2.2863783446573476
ZFP64,-0.6357867947074306
HMG20B,3.887614881450578
ARRDC4,-0.25538913552292647
KLKB1,-0.7759487281605729
COL7A1,0.8698913578619931
ELK4,-0.5879143226982924
RBM18,-0.6623078615965726
FOXP2,-1.078382680042055
FOXP1,-0.7620377552242488
BCL11B,-0.9347829545230771
FOXP4,0.02908085865502738
ZNF597,-1.682696551847378
ZNF595,-0.6024315027474286
GAST,-0.9274696547366977
LHCGR,-0.8933940283279413
CAMTA1,-0.34876751346617896
TNS1,0.41234799568248137
IGF1,-0.40630286152007683
GCG,-0.8199053710048747
IGFBP1,-0.352836976806309
HBE1,-0.42591191115651506
CYP2R1,0.25560067128752023
ABTB2,-0.9464655326146687
CYP27A1,0.06073763030621192
BTC,-0.5948757478381671
MEF2D,-0.10047778723898305
GAS7,-0.14505238262192693
MECOM,-0.5173799065208066
CIB2,-0.26484331415961065
TGFBR2,-0.09275224818768386
MTMR12,0.9318608775904953
SEPHS2,-0.5504670389739484
ZNF48,-1.0116924542113757
STMN2,-0.8934078154571605
FOXL2,1.246374155465832
LRRC39,-1.3793520592246864
NFYC,-0.2074783190704347
PITX2,-0.6299100424291787
CTCFL,-1.2099181984572775
ANGPTL7,0.29847653893027537
GALNS,4.213036663192303
VASP,0.12729176133552705
CYTH2,0.4704893567104153
CALCR,0.18707785901919638
KATNB1,-0.6728766000868275
WIPF1,-0.16913960734670858
B3GAT3,2.840639136848291
MBNL2,3.0183400838636
TRIM24,-1.3210657842407407
CLCN2,-0.23287902867147384
R3HDM2,0.5484163870992498
FLRT1,-0.815534009845002
FLRT3,-0.7731927120762118
KAT8,-0.08392453818426943
TTC16,-0.8776914818610891
DMD,-0.7106442640633257
C16orf72,-0.6812986897261974
DNAJC27,-0.924098766475699
SLC31A1,3.509140246331606
ZNF223,-1.1819591401018
ZFP91,-0.2695181714178092
EGR2,-0.6415491343641773
PPARGC1A,-0.2839484573533752
SUPT20H,-1.0012605992933457
RPUSD4,-1.1414680103268227
ZFAT,-0.8039211959709401
PTPN4,-0.8517164448053588
GINS4,-0.7625708711651799
LRCH4,0.16119926059470022
LRCH2,-0.9156625109392575
LRCH3,-0.7607498770817612
DENND6A,-0.9624624865403935
ZNF385A,1.3734109055189168
PSMA1,-0.8122798428546363
ZSCAN29,-0.5719677585030554
TSSK6,1.553124383923773
PDHA1,0.1432960430368695
LCAT,0.17324070079092316
MSH5,-0.2498960134477911
SRY,-0.8276538922101871
SOX9,-0.4857705142524868
AGPAT1,0.6413901893505561
FOXO4,-0.9089104911190404
PRICKLE4,-1.1923950628304893
LRRC8C,-0.502082768086191
RGS3,0.32352875364037376
PLAG1,-0.9610674629236482
KIR2DL4,-0.5802206458060107
PIGV,1.1744241512428344
NAB2,0.015597047485560138
COQ8B,-0.2493489157337436
MGARP,0.3815961131214953
FXYD1,-0.23421357723306407
ZFAND4,-1.0771767282872018
KLRG1,-0.8563555015305327
ARHGAP26,-0.11883118497789916
PPP1R16A,-0.53258509738474
PPP1R16B,-0.5012133428330183
ZSCAN20,-0.915732509770951
ZSCAN21,-0.9220056589210156
DDIT4,0.13351168612393782
ABHD2,4.978830506828088
NUCB2,0.5872616845744385
BMP7,-0.7137830413549466
BMP4,1.443586749710998
BMP2,-0.6550721363072404
MAF1,0.34283251858276154
NR1I3,-0.010482975155707354
NR1I2,-0.48604115546795956
PACSIN2,0.25680017602056304
CCNI,-0.4394240571504568
CCNK,-0.7353047405721821
RASSF1,-0.3551430077256331
RASSF2,0.010226895293871205
CCHCR1,-0.46852303757504
MNT,3.301026554554522
CRMP1,-0.4900751859463598
SLC49A4,0.4144417475882448
VPS35L,1.794267370515869
PRDM16,-0.7839844224318395
PRDM13,1.2417903145731457
TMEM60,-0.5210438750374619
PRKCZ,-0.46678366579365194
CASKIN2,1.0961634798381767
CASKIN1,-0.9790422234275096
ZNF629,3.308090509887136
RAP2B,0.6870667623052205
ESRRB,-0.7287925671807064
ADA,-0.41981096369961296
TSNAXIP1,-0.7475406382340608
ADH6,0.41198895597165885
BABAM2,0.40975339161815205
RASL12,-0.1609253907253459
HIST1H2AM,-0.7403243540820813
HIST1H2AI,-0.828871671737183
ANKHD1,-0.6159638498999325
HIST1H2AE,-0.7457096447826412
NRIP3,-0.3091342474203446
SWSAP1,0.18257033917608773
HIST1H2AB,-0.7983600847249764
BCL2L11,-0.3542032490297446
ZNF556,-1.2645650751544149
SIN3B,2.585884277747432
NCDN,0.6276440250716355
DENND1A,-0.05982292397479702
REPIN1,-0.6479451910422641
PTH,-0.5581668917996144
RSU1,-0.0908917362650486
GNA12,-0.6005408113582223
GNA11,0.3734252985196611
SDHC,1.3510391718941346
MUSK,-0.8591601868569504
MOCS3,0.917358552433709
LHX3,-1.0030522853665227
PTGER4,-0.4305960137640811
SOX6,-1.346084936368669
ZMYM2,-0.8154696607723533
SLC38A7,3.6798267165145173
LHB,-0.43614479255716504
CXCL12,-0.3964346489513055
ADRA1D,-0.7267178562401975
SIRT2,-0.015033668917793844
HIP1R,2.078376976619616
LTC4S,1.0955125844205051
ZIC4,-1.6247611155969577
ZIC5,-1.262183765612746
ZIC1,-0.9482737881227473
CCL20,-0.6352705945048336
GUCY2C,-1.0316349473999866
HOXB3,-0.4918736925959398
HOXB7,-0.968338522170201
RNF40,-0.06414407795998216
TYRO3,-0.35828674478211264
WDFY2,0.31370573911440497
ASH2L,-0.4296774012348265
ANKRD35,-1.3828627628557217
ANKRD39,-0.7878685215303883
NR2F6,0.4241704148164782
CISH,-0.1529241770314085
ELL2,-0.14446715077766414
INHA,-0.7562326197332542
CTF1,-0.28155046127461814
ZNF80,-1.3860317583629873
LDLR,0.024717897266151537
CYP2C9,-0.5687585725381856
IL2RB,-0.3078678171314504
TPCN1,1.753320612052964
SCARF1,0.032651810414247646
LMO2,-0.4208596281104822
WDR81,0.3079910207997617
ERC1,-0.7895108324532779
CBLL1,-1.1250481353159416
ZMYND8,-0.238840981472345
CASZ1,-0.5310227148269144
HERPUD2,-0.12286113472037319
CDK19,-0.8710955043652528
LPIN1,-0.36774153750081656
KLF7,-0.11868223600255151
KLF6,-0.09082814413929337
KLF9,-0.3771263120431905
KCNAB1,-0.6873150759107314
MMP28,0.08190657104666224
POU1F1,-0.03403718344224985
MAP3K11,2.1718234014991356
MAP3K19,-1.2427391989843517
IDI1,0.6023215758545075
JOSD2,0.337792723822399
SCRT2,-0.09012875434012915
RPUSD1,0.6457444306632426
RARG,-0.3053222958852067
B3GNT9,0.5792882151966829
CACUL1,0.2664181252381786
CDKN2B,-0.5641582638190452
CXCL1,-0.4284614484255544
CDKN2D,-0.7286388730607756
NEB,-0.6954200129356196
PLAGL2,-0.8113786482637632
YIPF4,-0.13293031776869185
CCL2,-0.1283509233350867
NFATC1,-0.5627187304919206
PER3,-0.231282136550948
FOXA3,0.5004808487227825
FOXA2,-0.7499817773937334
EPS8L1,-0.7654972263841303
UBP1,-0.3538808840825323
GTF2IRD1,-1.2099638169189326
EPAS1,-0.19355615029125162
DEPDC5,0.077708361496957
SLC22A5,0.5828493804307816
ELOA,-0.9174638295829639
FLT1,-0.4363538426095825
PODN,0.4887301944892066
S1PR1,-0.5821702853196129
AAMP,-0.05808831396458577
IL6R,0.05660071387249756
ASIC2,-1.1132792888049543
LRRFIP2,-0.008851856910564265
ICE2,-0.9431208725236663
IRS2,-0.19727479641895973
OBSCN,-0.2694526872058411
CEP57,-0.6121446238821604
CYP17A1,2.399980003337855
RGL3,0.6829429065992844
XPR1,-0.3797460917666364
PRKCH,-0.5590935368120596
PRKCD,-0.34079493957243107
SOX11,-1.0681417590679356
HIST1H3H,-1.0403085546683397
NRIP2,-1.1459906484631985
FKBP14,4.168842212152852
FKBP15,0.866881085410568
TBX21,-0.28331678846999914
PPP4R1,-0.6177896213205839
PPP1R3D,-0.1416808622495867
MAP3K3,1.535461784332209
MAP3K6,0.288951524345135
ZNF575,-0.6227205910831463
ZNF576,-0.5416836621354072
KIAA0319L,0.6478212759700994
CTSL,2.4011304584682405
PASK,-0.7962545547368701
OMA1,0.11667361049724471
PCYT1A,0.34086861944127367
HIRA,-0.8168911934659018
CXCL8,-0.6433526283245553
SPEG,0.46249355215231014
FGFR1,-0.2657873810987582
GFOD2,-0.36287407275521977
AHNAK,0.5681948908475384
AFF4,-0.7650524742520491
PDPR,-0.3191381763030749
GUCA2A,-0.5633605590980613
FOS,2.6796124285207403
HOMEZ,-1.2280880655607886
PLPP6,-0.6995794544510034
ST8SIA4,0.5899613804297877
ZBTB4,-0.10333689185199417
PRL,-0.8609492074586315
DMAC2,-0.984291278140237
KRT1,-0.8482257419000326
IL1B,-0.5382097724503061
KRT8,-0.21060532248498617
SIK2,-0.6387211402976015
RABEP2,3.909036598036394
PENK,-0.5685694968048639
ZIM2,-1.5050228071963319
BCL11A,-0.9696533508110686
SALL1,-0.789695302163606
SALL3,-1.152479640147141
CD180,-0.650650048531264
CYP1A1,0.29588300095899805
IL10,-0.4309958411349286
IL11,-0.41929865477762973
WNT4,-0.054203092021430845
IL6,-0.45942442883888196
IL4,-0.5768099895792023
IL2,-0.45238411942194334
STX17,-0.32605421049526984
HIST1H2AK,-0.8241669617364176
RUNX1T1,-0.5797735901338869
ANKRD16,-0.9880515252947496
TXNL4B,-1.2600318307331462
KLF13,-0.5313133299703258
KLF12,-1.0172192141657508
KLF11,-0.8826653915369329
KLF17,-1.3528820373638273
KLF16,-0.9419887587968698
KLF15,-0.7942157498728907
SP6,-1.4371815747352414
NT5C2,-0.27863868853391516
SLC44A2,0.5830562752390138
ANXA2,0.33723001047054985
ZBTB7A,-0.27372605227681757
SLC44A5,1.0739088886034143
ZBTB7B,2.090200059408525
CYP2A6,-0.31037170870812025
UTY,-0.9492756018233277
CDKN2C,-0.7941822708718249
AOC2,1.8819572452004636
MFHAS1,-0.5715896606756395
INPP4A,-0.18956627521965946
PHC2,-0.004460011319317064
RNASEL,-0.5579078659095715
ZNF367,-1.307868189397805
ANKHD1-EIF4EBP3,-0.6204857517064297
BRSK1,-0.6731757714108921
TLR7,-0.2978630774701393
ZNF213,-0.22839534242232096
NFKBIB,-0.3916256046807252
NFKBID,-0.539508405062569
NOX5,-0.06101921337665158
NR5A2,-0.8815693404180943
DLX4,-0.8728542373535252
HIST1H2BF,-0.8506749889472942
FGF9,-0.37989362240876917
HIST1H2BN,-1.1124386743965287
FGF4,-0.8594341631867742
HIST1H2BJ,-0.8874861159369613
MISP,-0.7104710323692497
SLC25A40,-1.0074072669903429
TOX2,-1.4061314186093907
JAZF1,-0.7607368645169899
RAB8A,0.03967831154274752
SGCG,-0.1829012844686332
DUSP5,-0.13782972148761677
LRRC8E,1.0683530449211425
ANKS1B,-0.736169117192241
ANKS1A,-0.5740534748996006
HEY1,-0.06671105301691607
METTL9,0.060240007994072815
ACTRT1,-0.41652100773809336
LEP,-0.5477333370710684
PITPNM1,0.5896668165518133
NKX3-1,-0.6449756246820064
PITPNM2,-0.0728938411970761
TBC1D17,0.6421984058289872
SP8,-1.7462344364937066
ADAM17,-0.13942739983363078
DNASE1,-0.5438158199189008
TLX3,-0.813667319482072
UNC45B,-1.1525584799178736
ZBTB40,0.08884290409757716
ZBTB44,-1.4374345496711736
BRAF,-0.9348727942611765
PCSK1,-0.4898496350550075
PCSK5,0.058741700482607635
HIPK2,-0.7618316197304131
PMP22,1.5800065221292836
ZNF683,-1.2689399304486952
MT-ATP6,-0.02842411057945082
PAPPA,-0.44669779668631265
MIF,0.7609136127167846
AHR,0.00989170816525811
FDX1,0.35836106653809313
KLC4,0.918225483606034
MMP12,-0.3780403618554526
CDKN1C,0.36138068871940654
BAZ2A,-0.379817510211538
EDNRB,-0.48298557809261383
STX11,-0.374173543853692
APOB,-0.5426794149909515
TADA2B,-1.018107809535565
ZNF512,-0.9948983609534209
ZNF513,-0.3121937204149843
HOXC11,-0.7924679678805474
HOXC10,-0.8451489796104561
VEGFB,3.1585512913144274
LHX4,-0.3682237594937864
TCN2,3.474180534295623
ZNF358,1.4581241296613785
AP3M2,1.1265080731605581
COX7A1,0.07118365488406979
CCDC186,-0.9740742595223179
HMBS,0.24044520681945802
HIP1,-0.10760254854129747
DMPK,0.5221920280199108
STYX,-1.1547682167834812
ABTB1,-0.33673737549392846
SPIB,2.2806009234396316
LTF,-0.3445916637523475
AFDN,-0.4186176471672879
TP73,-0.6001405018177312
LMOD1,0.10541579380597678
GPATCH2L,-1.1138299595226002
NUBP2,0.10779912760067718
CCNA1,-1.057551611001981
VPS29,-0.15206196709591752
ESYT1,0.7793756351285966
PGR,-0.5304850059181472
CXCR4,-0.3343724212821424
JAG2,2.6033153643505007
KLF10,-0.2688474799728585
E2F7,-1.151883422595207
CA9,-0.6266246277453372
E2F2,-1.143878788823563
PPP1R13B,-0.07350836937924556
MGAT4B,1.7856672114807854
PPP1R13L,0.036180686416734296
EVA1C,-0.029581545552148297
TNRC6A,-0.8512103471001586
GATA5,-0.5518694190201555
ARHGEF2,0.20179479710377754
CDH15,-0.7194644515186199
MEF2C,-0.972304582746169
ZNF232,-0.5412955434328276
CLCF1,-0.4224319205224548
GH2,-0.4069487114196925
SPRY2,-0.5648376806943843
CSF3,-0.6749137827090635
PLEKHA6,0.6541955577769145
RRAD,-0.27982748513029404
ZNF691,-1.2461563655896348
CEP68,-0.5739071411658623
SLC44A4,-0.13967790705060745
ATP7A,-0.054857356636575934
COPZ1,0.08589177115895136
SUV39H1,-0.8542647135670149
CDC42BPB,0.4894311894171001
SHH,-0.49872342299984224
EPOR,0.1260170294486995
PLA2G15,3.3785487540210735
NR0B1,-0.7682857723288542
ZNF503,0.6129378573546201
PCNT,-0.37608029020906825
INTS11,0.37675317950170906
INTS10,-0.35001338232028545
INTS14,-0.45295629085773054
USF2,1.2235308253669992
FBXO24,-0.931540990400847
SATB1,-0.15102212863640396
STX5,0.13682497202723387
STX6,0.02195421579727135
SLC5A1,-0.2280675746021318
RAVER1,-0.6616037666681945
ZBTB3,-1.4646920090165763
ZBTB6,-0.6257966591648286
ZBTB5,-1.1064804730763385
CYP21A2,2.5464063943335598
ANKRD30BL,-0.886321486685749
CHRM1,-0.5023409168114898
ABI2,-0.6656922704772703
ROCK2,-0.6659054996371927
CYP2C19,-0.04255634539981531
MMP9,-0.16717069749616315
CD209,-0.05620382711157437
CLN3,5.7173830785224995
ENSA,-0.4180640170714088
LRRC4,-0.8917911305489131
AQP7,-0.3808376304298258
ACOT8,0.9000898700569969
ADCY2,-1.232811296692751
KIF27,-0.4755822062362565
ADCY9,-0.6825486475001042
DOCK8,-0.537046260120941
ATRAID,2.7429484105517
MED26,-0.6417815055528645
KANSL3,-0.41319818421458304
MEIS2,-0.6750023129305065
MEIS1,-0.248960890794418
PLEKHB1,-0.7224023272831279
JUP,-0.12746921800856018
PARP8,-0.26400856461042965
MIER1,-0.7059154321541457
BTK,-0.5878242964584525
IL13RA1,1.5391526223346412
HIST1H2AH,-0.9058510438415665
FGF22,0.12700562602263893
TBX3,-0.5142022031295914
ZNF32,-0.5157750919410276
C18orf25,-0.45151816750898044
ZHX2,0.14968197969884803
SUSD2,1.0441071534397144
PUS10,-0.8589635562501228
MT-ND5,-0.3405308188998902
MT-ND4,-0.3565856744767762
ZNF785,-0.961517185432982
FOXD2,-0.5514324813532226
ATRN,2.7528775712689506
ZDHHC7,1.658845630644957
ATL2,-0.7426005290958638
ZNF408,-0.5865422666353393
LENG1,-0.5441657827762343
SNTB2,-0.4233588836066461
MYBL1,-1.2508942106424004
CORO1A,0.304189988538919
SOD2,0.9461496053877195
PRDM4,-1.1663334765884004
PRDM5,-1.3677972785812336
PTHLH,-0.6124690810380212
PDXDC1,0.24821399744249176
SLC22A1,-0.18004173189471567
PDE6D,-0.5044239138145816
SPOP,-0.5546685381578098
GTPBP2,0.19603242951162683
CASP6,-0.322003622459812
TSEN34,-0.5736323851833302
NCAPH2,-0.2049368428025364
CASP2,-0.6062164003647112
CASP9,0.17942619917225114
PURA,-0.3530715322043082
PORCN,1.7218991993012251
QTRT1,-0.4129018593185222
GLG1,3.7975129021655554
LRFN5,-1.036691324502134
RCAN1,0.5465183009688486
ZNF222,-0.659948333263175
ALOX5,0.06080566149686371
COG7,0.08773403576672853
SNAPC3,-0.6256414012563846
SNAPC2,0.21313510980362738
TIMM10B,-0.8595611527710059
SNAPC4,0.28960088383468163
SERPINB2,-0.39148514256180456
TAF13,-0.8014731922920866
KLHDC3,0.5796632288690392
AKT1S1,0.5247802121288143
ZBTB37,-0.8425930958210827
RASL11A,-1.1799342360671514
HIST1H2BL,-0.8886385537035602
KIF3A,-0.751594677683299
IVL,-0.5717852617480581
FNBP1,0.24070718392926055
PCDHB16,0.3020265515263454
MPZL1,2.7995068943177484
HCFC1R1,0.9773019332763819
FGF19,-0.565254626881382
CITED2,2.477474623002154
CGB8,0.0022716159573402278
ELL3,-0.4034902437619684
DTNA,-0.5935423397959667
CNTLN,-0.8826549227393108
ZNF524,0.05389596798854626
GTPBP1,-0.032376850081209836
DCAF11,0.5427076547747989
DCAF17,-0.6662192120858024
DSCAM,-1.1449855577323702
FEZF1,-1.1492952978442332
FEZF2,-1.150962876521921
SLC35E1,0.725923753173854
DAPK3,-0.02194756240516976
EIPR1,-0.5879555840293033
KCNJ11,-0.1701400084163103
ULK4,-1.0288509710865803
KCNJ14,-1.0635364989984293
POU4F1,-1.1251061554630695
RNLS,-0.6342729217377516
PTPRJ,-0.18796498811250575
PGAP1,-0.1739743596261819
ZFY,-1.2429827929705084
ANKRD23,-0.8820746562080052
MANF,2.0886965352849716
IRAK1,-0.05397769360978735
ZFYVE21,0.20318496272949724
GATA4,-0.8063537093744636
CCND2,-0.5656721864197981
SNAP29,-0.06106771353958937
ATF7IP2,-1.4622733905770275
PRR14,3.552694504551087
CSRP3,-0.9528272306782639
RASL10A,-0.7737192800961744
ACVR1B,-0.45369451984624887
PANK3,1.7977108827811823
PDLIM2,1.7486029122356173
SCGN,-0.763165984547612
RPRD2,-0.5786318632866424
TNK1,-0.3039253799068346
TFAP4,3.986909907029605
KRT16,-0.624134131142027
ABCB10,-0.3215658022141866
PRDM1,-0.49982012293575634
HES1,-0.23565828785093573
KRT19,-0.6561564822807774
KRT18,-0.2882837871436635
KLHL24,-0.5466516524909585
CAPNS1,2.5763940126566554
TLE3,-0.13418257064143788
PAG1,-0.3191411412507378
KLHL28,-1.667533824206294
TLE4,-0.6385814229135688
TAF10,0.6401060902316477
HIST1H2BK,-0.8077010144234265
TLR8,2.011845413544042
ZNF212,-0.19379037638740104
RXRA,-0.22860434262560841
RXRB,0.1937610572676458
GLO1,-0.28483753308359033
BCLAF3,1.2611407610368954
NTS,-0.7326131758534388
IGSF3,0.14800330238896584
MITF,-0.15886176397569893
MYOG,-0.9911204161623878
ZNF646,0.01912507676474285
HSD17B1,1.037487198244742
ZNF644,-0.8410549857011387
HSD17B4,0.03804931309681265
SLC37A1,0.22421330066877043
BACE1,0.6814938704868875
KIF13A,-0.42356453702992114
ZNF467,-0.4962311911146492
ZFPM2,-0.31018313194283287
PKP3,-0.2637933702368568
EGF,-0.8127145445536024
SLC25A10,0.2604411724064446
SLC12A4,3.168163295446772
EXT1,1.292786982554769
CNOT3,-0.6367662933002649
ARID1A,0.1423055670135304
ZNF280A,-0.6874410543827885
YIPF1,1.1822407457474697
CNOT4,-0.9190493433268473
TYR,-0.7438055729349268
STAR,-0.13815655007769276
ALG1,0.17003547219134907
ARL4A,-0.5310669245950183
SLC11A2,2.9331107593060284
GCC1,-0.4124438845293323
SMYD4,-1.2766031025528557
IRF1,2.7022563176173025
PCNX1,-0.41033942944942564
CD99,1.374699718369262
MAOB,-0.277167679488652
MAOA,2.7805645455386068
SNX27,-0.5217607091963339
HDAC7,-0.3569370136316393
CASP7,1.741952345176124
ZBTB10,-0.7280751490414649
SNCAIP,-0.1017071640916607
TRAPPC12,1.620064979433634
CNOT9,-1.1249147102535355
ASCL2,-0.5654481575965362
OMG,-1.1936914329198391
KIF1A,-0.6597613044212304
KIF1B,-0.004659814483427202
NEU1,3.7338147405070243
SOX8,-0.7329235326478006
RPRD1B,-0.6023055612901785
SOX5,-1.1492086916792545
SERTAD3,0.09258408583871162
BIK,-0.23229670359560373
RAD54B,-1.042869114840944
CEBPD,0.19553892360939645
PITPNA,5.486668769095258
MED14,-0.9917393305096065
ABCB6,-0.11411239365256469
LMAN2L,1.014429899508566
INTS3,-0.15370743896261096
INTS2,-0.5538252781877304
INTS7,-0.6420836987981176
NOTCH4,0.10180980267713698
PPM1N,-1.4564561166376822
HSF1,-0.5922561452879135
CASP8AP2,-0.966371194385139
ZNF384,0.3058950998132671
LINGO1,-1.0995763119639923
BHLHE41,-0.6466719212589254
GADD45B,0.01058331300869071
CETP,-0.4009202533710972
SLC25A28,0.4932301038941975
MAN1A2,0.11564390582930707
KIT,-0.32290587352346645
MYT1,-0.2517662962906766
ZNF274,-0.8549297179148654
LRTM1,-1.2025952600593623
SDHAF2,1.4012044641001948
GBP1,-0.02230872533255905
CYP19A1,2.4056975139587617
RPAP2,-0.7298105686938657
INSM1,-1.1038612796323781
STRN,-1.1520231098409748
EGLN2,1.1727753823731026
TFDP2,-0.1548605417251309
CADPS2,-0.8905654545056338
CCDC14,-0.45345494544456905
APH1A,0.006721546809594413
STAT2,1.3894951360991055
CD83,-0.073471890606198
CHRNB4,-0.22014488102521176
HBEGF,-0.0833330141423806
MARK1,-0.6626707586739053
FOSL2,1.7028887590301827
CYP7A1,-0.11609621478255405
PWWP2A,-0.8330788501924715
DYRK1B,-0.27437120934329534
NEAT1,1.061609488569006
ISOC2,0.33417452921866875
GNAT2,-1.3778899232108168
ZZEF1,-0.0010625586622656329
PDE4D,-0.8086370805570351
STIM1,0.429394221118284
MAP4K4,-0.45804535496603455
WT1,-0.3400094518044711
LIMK2,-0.40669287183965974
WASL,2.238912563445676
TEAD3,-0.10557253892362026
TEAD1,-0.4307857204438282
TEAD4,-1.0197944048864038
PTPN21,-0.5572197638898224
ESRRG,-1.0165059733890567
HSPB3,-0.8867346737786823
OPRK1,-1.0581540391033346
ZNF710,0.007430885948019579
ZNF711,-0.9238562834214877
DHCR7,0.5027931357301354
CASP10,-0.13391252505819173
BDNF,-0.6485680267843655
ZNF76,-0.07101896227006523
ZNF668,-1.1731917769120415
MSRB1,0.5630678957337834
RSPRY1,0.4320083531282905
HELZ2,-0.38425306852475877
GIPC1,0.5842038089055906
ZKSCAN4,-0.9625626332883651
PDGFC,0.584154856965679
BET1L,0.1557006930236023
TAF8,-0.7185947288654269
DDAH2,3.6421382280574806
RTN4RL1,-0.7727573804264396
DDIAS,-1.0026457193790212
IKZF2,-1.1238953241315737
CGN,-0.8973463214559517
HMGA2,-0.5896648646886596
ID2,1.883296355008234
SREBF1,0.5615443210807841
TADA3,-0.0023697287069599075
ARL4D,-0.16779230474874696
FSHB,-0.5624187452685875
GLI4,-0.7059109217586941
LUZP1,0.08388378394133632
ARMC5,-0.9473751155282818
NFIC,0.26415179318988485
NFIB,-0.022334547860914763
CD163,0.35538635628967985
KDM8,-0.5246309198861769
NFIX,-0.48375272748197407
MCCC1,0.4523034132916168
TMEM80,0.6357230237520298
ZNF830,-0.8843684318512716
FKTN,-0.8160401516344604
TSC1,-0.28186312271474895
PIN4,-0.8663755304788506
RCBTB2,0.13472277564772933
SYNJ2BP,-0.3722857243909638
NUDT6,-0.48797826792635574
TJP2,-0.2875900405018697
ERCC8,-1.0018474739809857
UVSSA,-0.575406824761616
NSMCE4A,-0.7129777463111916
DVL3,-0.24152311427808204
BDH2,1.4753401084104936
ZNF518A,-1.07408437806689
LOC107984056,-0.08612317983277698
GNPAT,0.14358112344672022
DCTD,0.5300714045343476
HSPB11,-0.9246097649246983
PARP3,4.8651619954422385
POLE4,-0.6126323855186245
LIPT1,-0.8588620810469481
CEP164,0.6603322761593357
PPCDC,-0.4230803401692942
SLC38A2,0.19250507199653147
MLLT3,-0.2637360414545591
ARID3A,-0.4133211388070075
MLH3,-0.41440096428551604
LYRM1,0.5718570517171164
ABITRAM,-0.8422609287059177
PMS2,0.8635067165289908
BCHE,0.7961276086866367
ABHD10,-0.7726458037101995
MUTYH,-0.08006546312917724
SPHAR,-0.6974628888638744
HUS1,-0.3066697530688773
POLD3,-0.9850338084587255
PDCD4,-0.0605701763577965
SETMAR,-0.8993043168077505
IFNA1,-0.16407050485140134
DDX58,0.004880291498461212
PCSK7,0.8768966859968774
PCSK4,-0.9982469073895509
METTL18,-1.1028735878882656
NPRL2,0.02882421828463028
MBTD1,-1.2283722434598896
TCF19,-0.7234622052952373
ETAA1,-1.457913342988005
TMEM267,-0.5348004697656925
ZNF341,-1.5955977592169148
BICD2,-0.496022916431456
ITGAD,0.16035418905487545
GOLPH3L,-0.22525707027494926
PELI1,-0.24899024032383393
LMO4,-1.0013284769126443
ABCA2,4.0319299169959635
JRKL,-1.232346780598598
HSD17B2,0.9523396220100476
ITGB8,-0.17518944352276164
MAP3K12,3.7059105603039386
ITLN1,-0.31769595227940683
CBR4,-0.614263518797616
FUT8,0.6610868028296158
CHI3L1,3.728672046209902
MDM1,-1.1808116102305688
WNT10A,-0.47737752683292534
MIPEP,-0.0565155833233477
PTAR1,-0.6158329776148149
FCHSD2,-0.7312627749548806
CASD1,-0.8348531437273831
DPYSL2,1.165933435643304
IRF2,-0.08033863556441775
CIB3,-0.3809084930230229
MTO1,-0.2232427392232553
BPI,-0.3115037117495019
SLC20A1,-0.38276080838226145
BCKDHA,0.5007827910219114
AGER,-0.06626903410072059
CHSY1,1.1542362440337546
MAP3K4,-0.7201644089852401
PRPSAP2,-0.6210519293734467
LRRC1,-0.2960222444506294
PTGS2,-0.5228242949279184
ADCY7,-0.6611004217652823
MYCBP,-0.19366183790756464
MSANTD2,-1.1209460584298354
UNC119B,-0.30636020002827985
AFF1,-0.29818890847592083
UBXN2B,-0.8037071391514294
SPANXN2,-0.7692621990609539
SEC14L1,0.6406041843423823
ADAMTS12,-0.547057031023298
ING3,-1.1143607886336697
DBR1,-1.0590693191406737
MEMO1,-0.49382558490112305
LRRN3,-1.09287348283338
NMI,-0.310035796300911
ANKRD10,-0.705835032454262
TSC22D2,-0.38467687639617015
LRRC8B,-0.9550534196997399
GGNBP2,-1.812051517787357
PARG,-1.0120138978133495
MTM1,-0.7344661888144701
SPAG1,-1.1443423091657914
HHEX,3.5788483075424646
ULBP3,-0.101908860810794
SAMD8,0.5883475376096219
MTFR1,-0.8863093551826899
BTG1,-0.08054401351145007
GABPAP,-0.8551085630772689
ASTE1,-1.4374421517260612
AUTS2,-0.8196248816958513
RMI1,-0.9711563468890078
DNASE2,2.950632355062954
SGCZ,1.0130745486748174
BMF,-0.22936938437390675
SNRK,-0.7133591497871022
FOXN3,0.057119999195740394
RANGRF,-0.3283633662728532
TTI2,-0.745682260736274
URM1,0.40802388235449605
NDUFA9,-0.17673333699614688
MPV17,0.662587735379016
NCAPD3,-1.0059184007261088
CIZ1,0.8139197070041194
EMC8,-0.4107968041864649
ASPM,-1.021143915717068
TBCB,0.1603742226022715
HMGB3,-0.8881041436983382
ZFP36L2,2.033488738157072
CDCA4,-0.8572972778840753
COBLL1,3.434054109983266
TLN2,-0.4531406171245392
TMEM100,-0.5478638433748207
UFD1,-0.5954589417280698
FGG,-0.5086649711411094
PHLDB2,-0.3732511041298359
HSD17B10,1.1732009304754911
CBX8,-1.093268101464295
FANCI,-0.6252627350501826
JPT2,-0.6823664314544045
ENDOG,0.1533706453977966
AICDA,-0.4276345144751595
POLR3K,-0.7866335828974396
NSFL1C,-0.023155697201956916
DNAJC21,0.036302306065101805
PDCL3,-0.8496858863673382
PRKAB1,-0.3826930796286117
GINS2,-0.683495074897065
MARCKSL1,-0.3722748660244421
PTP4A3,0.3263234329905239
ADRB2,-0.5900427746973785
PALB2,-0.9412499599248649
SOX2,-1.1101166070043569
RBMS2,0.23356793515462085
PEX14,0.18851133635464776
NLRP6,-0.1337237636473324
FAM83D,-1.1092905738418775
MTPN,-0.49332749892103434
MPPED2,1.0308126936156194
NDUFS6,-0.4040142622899178
CKAP2,-1.2099330115085711
TMEM109,0.8248016356850699
CENPW,-1.1115891013962
TRMT12,-1.9255900628844789
EVI5,-0.5352960429231594
COG2,-0.24864655626534077
KLHL7,-0.8847698467541157
TROAP,-0.5126920714065082
H2AFJ,-0.890012734926125
NPLOC4,0.7153420135653507
HSPA12B,-0.5239203784762065
HSPA12A,-0.21018337808304632
TBRG4,-0.5983424690375995
AIRE,-0.6028995608885925
BCAP31,0.6017635955553505
STOML2,-0.5335847444498759
PSMB9,-0.1467116107417042
PSMB7,-0.4177612556188711
PSMB2,-0.38475469618250646
ZC3HC1,-0.416019973739909
PLS3,0.5940677296605862
AP5Z1,1.461391331432491
BICD1,-0.5765285418943897
PLPPR3,1.0605057194109755
NDUFB9,-0.32526778742198487
DYNLL2,-0.42312549216283757
SERPINC1,-0.7157339742792768
GADD45G,-0.08928279684684436
CCDC13,-1.0754645374803549
ZNF648,-0.9777461984097634
KIF5C,-0.5019458383297654
GABRG3,-0.617635982657368
GABRG1,-0.7272941810128088
CCDC113,-0.3430161113221176
ZNF124,-1.1062828602097787
GPRASP2,-0.646133275524027
GABRA6,-0.9674635303227581
CPA1,-0.3049881678664608
ING5,-1.0953924299123312
C7orf25,2.6945142266460724
DNAH7,-0.7735612517519107
DNAH5,0.5775481024668384
DNAH8,4.727714056732757
GABRP,-0.49629164541953125
MSGN1,-0.9643044914184276
GABRE,-0.2108788940126058
CNRIP1,0.6677179242721543
DEFB1,-0.8970730365026224
AHI1,-0.6052700714495364
TRPC3,-0.4079507114572482
GABRA4,-0.7760231981083674
GABRA3,-0.6091217452316334
GABRA2,-0.7554564203448629
DYNC2H1,1.040386705569015
GABRG2,-0.9233252666691576
PDCD7,-1.1719217057217235
PFDN1,-0.17595335394816258
DNAH3,-0.703704559579133
COL9A2,-0.07388878764104405
CEP126,-0.7748031568500741
NEUROD1,-1.2236922744197714
NTN1,-0.8347862751268849
ZMAT2,-0.9597648780980453
GABRQ,-0.9148519009114461
C1orf216,0.8123740283700519
NTF3,-0.5808960118709432
TAF6L,0.04010674511494834
NAP1L5,-0.36988791875970917
TGFA,-0.6588544767928436
DNAI2,-0.9833507194973269
DNAL4,-0.16799089460298913
RHPN1,-0.5530040969508312
LZTS1,-0.7932146863830865
MMP7,-0.2957575500065902
PPP1R18,-0.2123842195775144
ZIC3,-1.213089790222537
FOXK2,-0.2880380308562815
DNAAF3,-0.954012633623235
SORL1,-0.09054648342069037
PP2D1,-1.2688477332624217
NCALD,-0.606627337023943
CCZ1B,0.007226941526849998
SPHK1,0.09199620479805348
GFI1,-0.9707714417228936
ACTRT2,-0.9904224858233718
HOXA2,-0.9196451275115887
MON1A,-0.32137729349940986
RMC1,-1.2243858974782496
HIF3A,-1.010643260983677
JPH1,1.6311669362778753
VRTN,-0.9487238807331837
PCDH11Y,-0.48522752800481483
LRRTM2,-1.044730676909391
PPP2R2B,-1.008202775506672
ENC1,0.3319467683706771
ZNF770,-1.6195790046168215
RASL10B,-0.19925096660426275
RIT2,-0.843584591645156
KSR1,-0.6995581660186476
KCNQ2,-0.9112526024575137
RPS6KA6,-1.1483251651464048
DNAJC4,0.15772752851050895
TMEM74B,-0.4502881749902085
ZSWIM1,-1.3575604539892772
TCEA2,1.7926381635100759
ETV3,-0.6678774206051697
ZMYM3,-0.1803062101886211
PDE1B,2.2840363812823012
OR3A3,-0.6534586470046814
LRRC7,0.24128474308462014
SCN8A,-0.7463757760894212
AP3B2,-0.4880783658592758
ROS1,1.1862139929367777
WNT10B,-0.8600512728615788
CDH4,-0.4941690006240234
GDAP1L1,-0.3741888216603516
PRRG3,-0.23286907049329678
PKDREJ,-0.25355681343748304
BMX,-0.8563470297488719
DPYSL4,0.0776200442563505
TEK,-0.2812226775362333
PPP1R14D,-1.0716677301873514
SARDH,-0.576661917565323
OR1D2,-0.7812185371251903
NEURL1,-0.7951649263804625
FANCC,-0.751183762933309
TGFBR3,0.0369098421935163
RIT1,3.9548793879331847
MERTK,-0.12769200257439636
TM6SF2,-0.48660371435214356
NPAP1,-0.7866188346686255
OR10H2,-1.041652743803596
SLC22A13,-0.627874234336256
AGRN,0.7029808151802363
ZMAT4,-1.180954281545404
CNIH2,-0.23928245793365524
CHRM2,-0.8549718630581661
CPLX2,-0.543173792843896
TLX1,-0.5946996053600073
KRT38,-0.9885227884554668
OR10C1,-0.7300741891819291
MAP3K9,-0.8752601242429061
SFTPB,-0.4408136377733984
STYK1,-0.7335596877118516
DCC,-0.8181351834490144
HRH3,-0.7691211547456508
HOXD9,-0.7086355848762693
BRD3,-0.05560203046140499
LRTM2,-1.4636529195832353
ARHGEF4,-0.713797126054686
ACTL8,-0.9859987522662321
SEPT3,-0.34297199738495393
TNRC18,0.1305822026656548
TSHZ2,-1.2429420304892953
ST8SIA2,-0.07555265105846569
ATP6V1G2,-0.6651972123969584
MAGEC3,-1.416221776761397
DNAAF2,-0.978318374624411
CBLN1,-0.9259265442077906
EPB41L5,-0.8706162968205238
CCDC33,-0.6347423716219343
KCNH3,-0.8620244443499834
OR1F1,-0.7452640796070185
HLA-DOA,-0.2973807529751528
HLCS,-0.6257891920090627
CDH18,-0.8286558815813805
NCKIPSD,-0.7059510360532023
MINK1,2.825239019001379
PRICKLE3,-0.5012220762043496
NAP1L2,-1.026244244775716
RGS7,-0.6537497375853648
KCNS1,-1.0497680885744847
CNMD,-1.0377173343077999
CYP2A7,1.1379156330266016
FXYD7,-0.7196947021167903
TTC7A,1.538922924914856
NDST3,3.8335872220268272
SCAMP5,0.6911745620990934
BRINP1,-0.9192982056501481
CALN1,-0.46515371817133316
KCTD17,-0.21234332565302463
ZKSCAN3,-1.2826729625746005
EXD3,0.0910083880392141
DCLK1,-0.6155037539491808
OAS3,0.010435590769043405
BTBD17,0.5786955414915098
BEX1,-0.6161803425728226
CPA2,-0.8157302056284257
LZTS3,1.0330489141299077
PLPPR1,-1.0004986247822703
WFDC8,-0.8247485921886484
KIF3C,3.0855778905434863
OR7C2,-0.6106884889605558
HECW1,-1.150137916419007
CLDN10,-0.758308031085112
CNKSR2,-1.0189830818580985
UNC13A,-0.008888169903815295
KCNB2,-1.0181545342729317
KHDRBS2,-0.8536034781133285
ATCAY,-0.7557699695590416
ZNF483,-1.4998891304551238
IFNA5,-1.138412481463151
NNAT,-0.6109043863871301
OCLM,-0.9239072786963339
MEPE,-0.5764608434254644
FAM155B,-0.3884345935407026
DGKB,-0.5348077823013594
BEX2,-0.9293118462917034
SHOX,-0.7019127499868651
GPC4,1.143172260467257
MYNN,-0.8122656623696884
KLHDC8A,-0.4639592755167619
CCDC189,-1.3451606258532487
SCGB1D2,0.0023163620265350404
SPPL3,0.32288968557825765
SLC2A12,0.565255819663374
SLC18A1,3.630399917902915
HM13,0.5386993140642986
TPRA1,1.5523297592653509
SLC6A15,0.2856508419846013
SLC39A8,0.8449709572851117
SPPL2C,0.5869689266216168
SLC15A1,-0.7429163425793357
CHRND,1.5540213360870343
YIPF3,1.067135974328233
SPPL2B,0.6274681657615865
GOLIM4,1.6399627539147226
SSPN,0.8917424814934422
RAET1E,-0.1837836561914833
MRAP2,-0.12327558680542368
FCHO2,-0.1955695322187312
PARD6B,2.9389301290260477
RAB5C,0.08432296943493336
COG3,-0.09043810347610702
EXTL2,0.7302217164469074
COG6,0.20164848890573178
COG4,0.23334450460155806
NFAT5,-1.1414123724781353
ROBO1,0.11626378174090511
PPFIBP1,-0.48330658741062055
AP4S1,0.45087009571365766
HAUS7,-0.09630808837998364
SURF4,0.5493385471191271
EME1,-0.40359575510932777
GOSR2,0.09026731482598442
SLC39A4,0.4446654101607342
DSG2,-0.15936341337654578
YKT6,0.20769348933202747
GOLM1,0.5216507896361798
POMK,5.091434958261058
TACC1,0.7962583167711974
UST,0.9305542060145451
TRDN,0.425644879690099
C5orf24,-0.33694984916328086
KCNS3,-1.0978436618758851
FCGRT,3.33570461701924
COG1,0.0320351404535505
ACBD5,-0.37960353788814155
AP4E1,-0.3641960981015458
BATF3,-0.4656775890475512
PON2,1.3187362960708364
FUT1,0.20625102721985109
OPA3,-0.3172585547026453
PHYHIPL,-1.082865668298223
TNFRSF17,-0.22391755007634054
PCDHGB1,0.18957255380600802
PCDHGB4,0.09453156083921654
HSD17B6,0.15723963061599183
HAO1,-0.6403662338631857
TIMM23,-0.35018777087155184
VPS8,-0.11150897775132783
NAPG,-0.09854992918092413
METTL14,-1.2785099703200198
ARHGAP17,0.4133254636224408
MX1,-0.039020055843830115
MED11,-0.9311361866413649
DYNC2LI1,-0.15067430931568543
SENP5,-1.1626784176153484
EPS15L1,-0.5476820480250716
OTUD3,0.507438054602195
MX2,-0.048518708923016615
IFT88,-0.7401305989612226
NCLN,0.786377342449994
SUPV3L1,-0.9474324820665129
TBCCD1,-1.86988931568644
RINT1,-1.1203732339583667
YEATS4,-1.1965151354417538
FAM122B,-0.5498065059512104
MED8,-0.44020645518812224
HCCS,1.3026554895780165
MLLT11,-0.11774987593513948
TBC1D31,-1.1537041927055722
COX15,-0.1676222086967721
FASTKD1,-1.060980731258235
TRIT1,-0.9248374061260674
RABL3,-0.5237502092748665
MED10,-0.5408930467447732
SCN2B,-0.8396135723182896
NR4A2,-0.31246611958772236
MFF,-0.10906875799394687
MED18,-0.7822178229250871
INPP5F,0.9292108534253107
INSYN2A,1.6049672105138617
TTC19,-0.45506568992927626
ZBTB24,-1.3368074525948803
MED29,-1.080777633089957
MED20,-1.0647934303321591
MED9,-0.36581713100079477
MED27,-0.7517070649129924
TIMM8A,-0.5562478442563719
FAM174A,0.04803105768667769
MARK4,0.8677815350451937
ATL1,1.2711512053405114
ACTR3B,-0.5058345498209722
GTPBP6,0.3009464201257319
GTPBP8,-0.9408861273415351
COQ9,0.14316262492786838
ACYP1,-0.27740141737140467
TMA16,-0.7023373457141936
NIT2,0.2323520059622241
MED30,-1.4821409076293444
MED31,-0.7267819405972067
EHD4,-0.11651531842180878
EHD3,0.3514374555915802
SACS,-0.377529353608064
PEX11B,0.11298451020893109
KCTD9,-0.7636915958234163
VPS13A,-0.11052805253896449
TXNDC16,0.6677716962442772
MIEF1,-1.0241951561332452
LOC100996763,-0.04402037405134349
LIN7A,-0.575587878829033
ADCK5,-0.4131877151171454
MYPOP,-0.8303838876569403
KRTAP9-4,-0.6458425008099565
KRTAP26-1,-0.03807459562559918
RPS19BP1,-0.38307518620950765
FAM124B,-1.2459105801651342
SEMA4C,-0.1563493907245247
LMNTD2,-0.8934520953523062
LYVE1,-0.04643638572297614
SMOC1,0.23841496656659933
DGCR6,0.5137723040737266
XCL2,-0.7235122200294415
CXCL16,-0.25727305177475684
AQP1,-0.5049146611108429
CNNM3,0.07517038031731484
KRTAP3-1,-0.662258684318403
STAC,-1.5205849575536612
TNIP3,0.5636494521963907
INO80B-WBP1,-1.2929541858137783
NMU,-0.974931032834632
TSPAN4,4.042238044556918
TNS2,0.09753367235833468
KLK8,-0.7074857706746416
CXCL5,-0.5164602188986918
GLRX3,0.16928606031662363
CARHSP1,-0.6161765227127165
ZNF446,-0.014077237002328954
CRY2,-0.04168307305280738
C19orf57,-0.6096812859412979
KRTAP13-3,-0.44793616277805814
KRTAP10-8,-0.568833687097726
LCE3D,-0.3457841935159785
LCE2D,-0.018621592141660852
KRTAP10-1,-0.6252388937750977
SPINK2,-1.1654086985839565
MAP11,0.9860374970037811
DHRS1,2.404378828307354
CRACR2A,0.03279758172891153
DGKQ,1.9876328303091346
FAM221A,-0.9052689350687407
TMEM150A,-0.7361306401861113
DMRT3,-0.7819122717594563
PCED1A,0.3018112773671867
RASD1,-0.8734888770824691
PCED1B,-0.5065195153985267
DOCK2,-0.3714725404815254
LRFN4,-0.11164185844229847
FZD10,-0.8729785080533851
HSBP1,-0.3653269945481498
LCE1D,0.11837426882968534
LCE1E,0.37081564839026276
LCE1B,-0.7169492849310903
SELENOM,0.5832415591291169
ATG9A,1.8932889188783506
KRTAP9-2,0.20492214588957597
KRTAP9-3,-0.09840255468510739
KRTAP4-5,-0.22569500667785972
KRTAP4-4,-0.6483557907852635
FAM71C,-1.1253206559089455
CHRD,-0.5873072540580573
CDK5R1,-0.2315852733204609
ALDH16A1,0.7635433529376737
CLDN2,-0.2456601116996263
LOC100996750,-0.7396160421407767
NPPB,-0.8887696285316301
CCER1,-0.6387764555784324
HOXB9,-0.9222460620222538
GFOD1,0.07238091432073741
MFSD13A,-0.6280068946497389
KRTAP4-11,-0.3905575181286972
KRTAP10-11,-0.8013582788598798
KRTAP10-10,-0.5389054405700702
PID1,-0.2739086939618142
KLHL38,-0.1394734927755203
F10,3.788728116958822
TRIM42,-0.8894605208052759
CRCT1,-0.41565841198998027
ZDHHC1,-0.8884692750381864
TNK2,2.6601047592643416
TCAF1,0.1758232826050266
TNP2,-0.7912996066079709
KRTAP12-4,-0.4451175154473288
TMEFF2,-0.4194296520674911
ADAMTSL5,1.1595278707212617
KRTAP10-9,-0.7827769387008117
NPBWR2,-0.8856169076262286
LCE3E,-0.6335921768995789
PLPP2,0.3001110515509424
PRR35,-0.5186470743389243
FARS2,-0.529693759821918
NPDC1,1.6697076942619966
CTSZ,0.9761479966970851
LCE3A,-0.29988726927401305
RECK,-0.2903135881696183
LCE2B,-0.4606559965970192
OLFM2,1.1102084851877172
FTHL17,-0.6792016333998242
OTX1,-0.4165517362418024
ZNF837,-0.8908568075325048
CHDH,1.7011408622456097
CLEC18A,0.6508386621226182
MXD3,-0.2057131176636036
KRTAP4-12,-0.3103716030958149
KRTAP5-5,-0.23481206270567156
PVR,-0.4057845916436587
SLC22A23,0.04346156140896686
POMGNT2,7.633734220830621
KRT83,-1.156716657835864
CST9L,-1.0738270194417263
LCE3C,0.00754557361852039
NECTIN3,-0.5494434938903144
WDR25,-0.3012351163855839
CST2,-0.11710373417413185
CELF5,-0.616512253841886
KRTAP12-1,-0.36125002691220426
KRTAP5-11,-0.6879237285248959
LONRF3,-1.0066105991298715
KRTAP5-7,-0.12717289780802193
KRTAP2-3,-0.7940588018812518
FAM71E2,-0.8484959906927142
C11orf87,-1.131423445558556
LCE2C,-0.23905027211230376
TRPV6,-0.5000260488141489
ASPSCR1,0.8071116967136291
KRTAP9-8,-0.6101654965050133
PDE9A,-0.3436553845980809
SLC23A2,-0.3820790455934646
NTM,0.0341792926873745
KRTAP4-2,-0.546306933399669
HOXA1,-0.3413666741721789
MELTF,-0.37628477429263385
NEU2,0.5957466384840765
KRTAP5-4,-0.6800288745670388
GNMT,-0.9313955416683485
LOC102724770,-0.8493288853552413
SPATA24,-0.9793014395409836
CA6,-0.10886308779505
GNE,0.10458750831407196
PLEKHN1,-0.8254789292915143
P2RX7,-0.022997764480328902
FAM90A1,-1.0078588133875217
PRPS2,-0.29729687820677486
TYMSOS,-0.8470068964800187
TMEM41A,0.015284591208364395
KCTD15,-0.33751484279739546
LCE5A,-0.27466702472531673
CATSPER1,-0.8811355846147556
THEMIS2,0.4569129895630594
HBA1,-0.08019016097916061
KCNS2,-1.6566644984129195
FA2H,0.7693643129535715
TTPA,-0.979479014206646
C19orf66,0.6768926139086965
TNFAIP8L2-SCNM1,-0.7658934826128438
KRTAP13-4,-0.5248092400541252
PIGS,-0.11136025985030609
ICAM4,-0.34095100034927384
RAMP3,-0.6227397185054012
KRTAP13-2,-0.645629135931807
TMEM231,0.5485871271817211
CTSG,2.1793700604423742
P2RY6,-0.46435033197344294
BCL6B,-0.5533101777270759
NMUR2,-0.5738545886960575
SLC6A20,-0.6493350091408888
C5orf60,-0.5042561203527258
THAP7,0.27647264213204853
KRTAP12-3,0.1822434143174405
RGL2,2.8576586017779886
CERK,0.4894784475122951
SPATS1,-1.0292835458555543
CHRNG,-0.3673434605851084
TBC1D10C,-0.025860048594915638
PCOTH,-0.6143907183901982
RERGL,-0.9011367955013093
ARHGEF16,-0.05352618061319428
ALS2CL,0.1733624713248727
LMTK2,-0.614995860773136
DIRAS1,-0.5940192204427358
DIRAS3,-0.8775435609811966
MAU2,0.06473249359428764
CCDC57,-0.695589149738194
HOXB1,-1.0415525187928016
ZFP36L1,0.04276947576454022
ARL5C,-0.7313584918469159
MYH13,-0.8260164913966299
TSC2,0.5853262976983108
NAT8,3.1460421205362854
SH2B1,2.778056471480241
PQLC2,-0.03157844909454618
BPIFA1,-1.033922654528685
ABCA3,0.3765196705890292
NPC1L1,-0.2537685015781988
ARL10,-0.6597572223234937
C1orf61,-0.7299208069691945
BICDL1,0.07664601069162576
GJB3,-0.7279110385809203
RDH5,-0.05401709229408454
DEFA6,-0.5527900054597268
SLC25A23,-0.8593392434721865
NMUR1,2.2920833236933
RAB23,-0.5207416674142125
RAB25,-0.6603300624109264
RAB26,-0.2550454747307746
LMAN1L,-0.4396150026648265
ASB3,-0.9628915283104432
GNG13,-0.9151845501711604
ARRDC1,0.16676959868284247
RFX2,-0.9248225262727905
YIPF2,1.2900757195265966
WNT7B,-0.6957744657091056
MASP1,-0.9574803403054228
MRTFA,1.1743563285335314
PHKG1,2.514639208168745
MRAS,-0.8277654803501229
GJA3,2.7692643425083823
ITIH1,-0.6333159980103661
DIRAS2,-0.9343797467437527
CRYBG2,1.3211292975403397
RAB19,-0.325994581948305
WDR24,0.13817221319651393
RAB17,-0.42948581345785053
TRIM66,-0.6782782631691104
CNNM2,-0.08872091556369475
LPAR2,2.07892103222421
RCE1,0.2703346435986251
AGRP,-0.635908600220559
MEGF6,3.4863038138135947
RERG,-0.06372152718438381
ARHGAP35,-0.2038121658573338
EML2,1.1195573678917385
PARD6A,-0.6426847048356399
BICDL2,1.1006275577363176
RFNG,3.292834689763519
SMPDL3B,0.8832428509528885
INPP5J,-0.45292426166339
LZTR1,2.5568904593222967
C16orf70,-0.8642262717585932
CC2D1A,0.6901480033694599
ARHGAP1,2.4214732439435953
MAML3,-0.022683071847887083
AC099811.2,-0.49976520248659334
SULT2B1,1.9585739774597728
FAAP100,3.94150248470533
POFUT2,1.8426250083430358
LY6D,-0.41534159367381085
GPR68,2.584936819576926
RAB9B,-0.2175049646749461
WNT6,-0.8470289915740394
ZMYND10,-0.9514534024068916
SPATA2L,1.0178923777506508
FXYD3,-0.542462162881933
MAFK,-0.3420201678937681
S100A11P1,-0.5455883935406057
CHML,-0.4064957018242284
SPAG11A,-0.5969940907528691
GRTP1,-0.3213733803439233
RASD2,-0.7872388590670311
NEUROG2,-0.7859033944225801
RASL11B,-0.7444902085635623
ZNF821,1.8247889992636808
WFDC2,-0.44790461272844556
IVD,0.4990703656988039
TBC1D2,0.4777896328575007
CTRB2,-0.5212980588759785
WDR90,0.2325069961199972
RAB39A,-0.7379763794512023
TFF2,-0.6366790785256171
RAB36,-0.2829757198603753
RAB32,0.3838721547268387
RAB30,-0.69984194611131
RAB38,-0.37126289165869464
ZFPL1,0.7583101221608823
ATP9A,-0.2760214448207624
GPM6B,-0.75891535367066
MYRF,-0.2233937580783883
TSPAN6,0.10722064030769791
RAB27B,0.2429734759474003
KIAA0930,4.2360871211213045
GPRC5B,-0.3476527861881584
WFDC1,0.34214097162235213
DDR1,0.2542228476711724
GPD1L,0.5344228412348185
TRIM2,-0.43271802313894375
DGCR2,0.8108552289680705
SEC14L5,-0.7310198952422294
DNER,1.2793454717658603
EPB41L1,0.3400294875903316
QDPR,-0.011470250818830352
RAB33A,-0.6152088634604204
TBCD,0.7519777981836785
COBL,-0.030529721717712063
RAB37,-0.8963160033253967
BAIAP2,2.3384819270886776
RAB4B-EGLN2,-0.7670223534449399
F3,-0.5729166696400222
PRG2,-0.560684661106893
FN3KRP,-0.41476848140144307
CLMN,-0.42255746382203374
LYRM7,-0.4312647025073382
IQCC,-0.6501037572267577
SEC31B,0.6904198100087175
EXOC3L4,-0.5353244186986977
VSX1,-0.5379196689820922
TBC1D30,-0.10906695840809957
INPP5B,-0.2564612869760702
PIP5K1B,-0.520966874458016
ALDH1A1,0.5358618901309706
KRTAP21-2,-0.600745839284828
KRTAP20-2,-0.600745839284828
KRTAP20-3,-0.5774794169969304
KRTAP20-1,-0.600745839284828
KRTAP22-1,-0.600745839284828
KRTAP19-2,-0.7179161098817864
KRTAP19-3,-0.20768454991112129
KRTAP19-1,-0.4884166887830609
KRTAP19-6,-0.8644309683887759
KRTAP19-7,-0.7327985022186816
KRTAP19-4,-0.6827381880896887
KRTAP19-5,-0.9422268017351473
KRTAP19-8,-0.5774794169969304
KRTAP8-1,0.0294034904230172
FAM162B,-0.7345316954089023
BMP5,-0.8350670654833271
HIGD1B,-0.6468882586206035
COX4I2,-0.6055956890883407
CLEC1A,-0.8480777510627049
CALHM4,-0.8884229489272805
TRAPPC2L,-0.048340164048110285
P4HA3,0.7095936650442553
MFAP2,0.9016484984803123
COL4A4,0.43761925941397345
SPINT4,-0.29730258772832296
DSC2,-0.6063330918233136
INHBA,-0.3672238302317662
RCN3,1.7792359478242514
NAPSA,1.260598664059507
COL19A1,-0.0667162127394001
SEC24D,0.15932365879171964
COL4A3,0.9250147707338415
COL23A1,0.5113399482321102
TRAPPC9,0.6403404220530953
HOXD10,1.9645164499074648
PLEKHG3,0.5249807573682385
CNN1,-0.091470545647664
TRAPPC1,0.09352526503958568
TRAPPC3,-0.00893213395963359
TRAPPC2,-0.21067422596555052
TRAPPC4,-0.2897233017129277
ANGPTL4,0.028761952074014743
TMEM132A,2.5713450481877085
ITGA8,0.4378580106538569
ITGA9,0.4109710946687056
FBXL2,-0.24309036069658166
MMP10,0.11354780141310002
ITGA3,3.2790073718342767
ITGA6,-0.07327988000091605
ITGA7,0.36943583253646983
SLC26A6,0.8788947565896836
ITGA10,0.1823911209925463
ITGA11,0.28932134708786306
LAMB3,-0.13002436885019397
SLC9A5,-0.16484670595546885
A4GALT,1.7154668730958664
TRO,-0.1432466308263901
PLCH2,0.17023631231463898
COL27A1,0.5599428180949257
ITPKC,2.6930054747352274
COL10A1,0.08172263939089938
PRSS53,-0.05134224818611884
AREG,-0.5517915814849581
PTGES,0.22816798109316036
SPINT1,0.21114285022804016
MIA3,-0.12041152844623904
CFAP73,-0.932414744117969
LAMC2,-0.032441233708981616
CEP170B,1.0259811547412314
COL4A6,1.5541179219720724
COL22A1,0.5984839408661246
FLNB,0.3993135966306466
MIA2,0.6824810244395432
SMOX,-0.48521155422790646
COL24A1,0.7740575093257569
COLGALT1,1.965016804000259
KRT4,-0.5783859868155247
PAPLN,0.7451869601004542
SHKBP1,0.9290703357700848
CNKSR1,0.11979383899559022
P3H3,7.080168359927386
FAM160B2,6.010950190858373
COL25A1,2.117609557327798
P3H1,1.2839316364187408
COL9A3,0.14915487831864385
COL9A1,-0.39327500845145275
F5,-0.27909768666984125
MICALL1,0.496088221732766
PKD1,3.232421293281849
COLGALT2,0.0010885154837309704
TRAPPC6B,-0.26163489136413953
COL21A1,0.6751424382340473
NPFF,-0.35904041097853684
SEC22A,-0.17952804422155177
UTS2,-0.4746783840892025
SEC16B,-0.12584734027134048
TSPAN9,2.4214059828619385
PLOD1,2.831796708402254
GAS6,0.6778999191668144
COL28A1,0.7876905974431287
ITGB3,0.5418482882877158
ITGB7,-0.28065209777983796
ITGB6,-0.16874619558046214
CNIH3,-0.25375627212167623
F8,0.18329350072379125
CELSR3,-0.2085207427844313
CPT1B,0.8305889527613037
CHPF,4.285880375245723
FXR2,0.3440070850725547
COL6A5,0.5753451090933118
COL20A1,0.40216749233617904
COL6A6,0.4131480323134443
CLRN1,-0.5521896511743924
MDP1,-0.08926736597552185
DMAC2L,0.011582955363889577
TMEM256,0.01746490975583008
SMIM19,-0.31617848522043257
POLG2,-0.5369819102781347
FMC1,-0.25787462864825195
TMEM14C,-0.3973297148122692
HDDC3,-0.6477239158156979
SELENOH,1.289277950508411
THYN1,0.09544620639959725
NTPCR,0.06250130538056657
SYT17,0.2768399319153943
MRPL43,-0.4122944501298949
NDUFB10,-0.33990016150195324
DNAJC19,-0.4880244588368715
AP1M1,1.6144883636578078
DIAPH3,-0.8157489131863376
CEP85,-1.4602613508802071
TICRR,-1.1711781955778728
WDR34,1.174172655182672
EMC9,0.0547911069500282
DONSON,-1.1982681247178668
RAD51AP1,-1.008797005249642
PSMD9,-0.4069994288176295
PHETA2,-0.41119635299671903
AP1S1,2.569088989975993
SKA3,-1.07940314207776
N4BP3,-0.49967135095574655
HEATR6,-0.07667632820953917
MND1,-1.2047060978948183
E2F8,-0.9256035636371474
PPP2R3B,-0.3631301554232753
PPP2R3A,-0.7282815300133414
TUBA3D,-0.7651916964589572
RPRM,-0.784454344422925
DFFA,-0.41080957421881914
XPNPEP3,-0.21929799866022773
SNX9,0.24834487365067479
C6orf141,-0.5292554941193709
TUBD1,-1.4086629751036919
SAPCD2,-0.9376681336152496
TCF7,-0.6134134630677599
C9orf40,-1.2383902653047996
NEIL3,-1.111832879820403
PSMB11,-0.6679159343412349
WASHC2A,-1.2826118609071155
SIPA1,3.006366111932815
HASPIN,1.9983017973052197
SFXN1,0.03909353542402293
CKAP2L,-1.0211074030729277
MAD2L2,-0.37560665222997486
SYNRG,0.5193588266614076
GNB1L,-0.46927455059398415
ASF1B,-0.8737004653094242
LCA5,-0.9207407336539545
CNTRL,-0.7735398156386272
CAV3,-0.6322545831745843
POC1A,-0.45206361168636444
CCDC77,-0.8527855462081562
PSRC1,-0.8483687386150733
PKP2,-0.5060061239279081
CRTC3,0.004515300975631362
CRTC2,-0.2815507084355857
MIIP,0.8200877047181833
DNAJB11,0.493851776994447
SPICE1,-0.9569000081075034
KIAA0753,1.4643199037985546
C17orf53,-0.7805172438898351
XAGE3,1.6856749419544736
NAA10,-0.26299748782159604
ARNTL2,-0.21740954213527786
MYO19,-0.1169743509258195
GPSM2,-0.6541916340918462
DCAF16,-0.897761772356851
ZMYND19,0.5214768001831172
ARHGEF39,-1.1150443557437593
BORA,-1.230412028008261
SMOC2,-0.18521878753733595
KPTN,0.6843026141096122
AUNIP,-1.2272335682707447
CLTB,0.06452941621224144
TRABD,0.8644855277049637
LZTS2,-0.8728221785421235
CARD10,-0.6602754189405453
MTFR2,-1.0359501944086325
DNMBP,-0.13443541651108837
ESS2,1.2091393690625765
REPS1,-0.04975717301259559
ARHGAP11A,-1.041824132126751
FAM83H,-0.7113812150818521
FAM83B,-0.5437508632013834
ACAD11,0.30914037998103366
RMI2,-0.6330066122054355
SH3KBP1,-0.4764138953161787
CLTCL1,0.14152211288175628
PIF1,-0.14886240546456264
FAM183A,-0.8257551705377487
C9orf24,-0.9432054562933484
C11orf88,-0.9543315293589582
WDR38,-0.4711307975099027
ARFRP1,0.7776178384057759
NPEPL1,4.21342231970598
TGOLN2,2.0830361421621717
SYS1,0.26539537975473787
TUT1,-0.1730883035344191
ENTPD6,3.111247877580881
PTGES2,0.40546519609125814
STARD3,1.451583044864435
HGH1,-0.27490172723854944
ARL5B,-0.7437703325399615
CCDC134,0.6725351298887664
VPS53,0.1471873540830033
VPS52,0.048548772558220626
JMJD8,0.24663952186284618
DUSP7,-0.14942815613758048
NAA30,0.6910162021424253
PEX16,1.6500063994625442
CPTP,1.1988826963171721
VTI1A,0.13328572027048943
GPR132,-0.5143538112298905
OVCH1,-0.004941971974009874
TMPRSS7,-0.004941971974005563
FLG2,-0.18598967382970374
SERPINA12,-0.47936444401079126
KRT77,-0.3531125498856766
IQCB1,-0.7413456228880094
CDSN,-0.7178353831126143
ASPRV1,-0.26094704998166923
ACER1,0.49363229930847485
DCD,-0.4471138748584509
LY6G6C,-0.4142801028649942
RPTN,-0.2537742499104287
S100A7,-0.441559854335539
S100A6,0.6834583972871242
ALOX12B,-0.5168415273432717
S100A3,-0.015638709326806024
SERPINB12,-1.053378640491861
ALOXE3,-1.0134298611008845
DSP,-0.6354324551002617
DMKN,-0.48551216784047135
LELP1,-0.5183579182480264
KLK6,-0.44062736741949027
WFDC5,-0.8130471067302469
SERPINB7,-0.7253824958916517
AADACL2,1.0830523680675477
CABP7,-0.09268293959436837
S100A1,-0.10161028303184899
S100A7A,0.21257355107629217
BPIFC,-0.7730879305089592
KRT10,-0.7227442825087255
POU2F3,-0.6419294717375356
POLR2M,-0.31836068320950606
MTNR1B,-0.7679103982243896
ZNF326,-0.22795228137100956
MAP3K20,-0.9843394704392324
WIPI1,2.5433864948678204
LACTB,-0.4699405482799406
IFNGR2,0.6326931811200724
CYSTM1,0.46170979083934305
RNF128,0.06238368238590953
RNF150,-0.7061027169992354
NUS1,0.29705403429491534
ERO1A,0.77707765151132
SELENOS,0.9170708659109241
RRAGC,0.45973928989093515
C14orf178,-0.7426094115565615
FXYD6,-0.4255568200269194
TLCD1,0.5245532668926336
BRI3BP,-0.025111508013274834
NDUFB8,-0.09556180454357346
ERGIC3,0.9611612299329431
SLC30A6,1.5377521817570523
UPK1A,-0.14020821711663128
METTL7A,0.7553067481202655
ENTPD7,2.2720657264964608
EXTL3,1.0750387062370712
PLD6,0.656474945930266
SPINK4,0.42716141117333584
MAVS,-0.2940622341798861
SLC19A2,1.6939108830917975
SLC39A1,1.2108684944803658
SLC35B2,1.2503523738320603
CD300E,-0.06752057891005514
ACP2,3.767771173554229
NRN1,0.3237190583729736
PIGW,0.05433291830955216
GPRC5C,0.470185052842735
TMED4,8.1611062875945
SLC8A3,0.23753894751382018
CADM1,-0.5056150293691056
CCNYL1,-0.70279316773717
ALG10,1.8318648487446425
FAM187B,-0.4306368417369817
FAM20B,0.07434948823978531
FITM2,3.0181154488218036
HTR3C,1.65927363573886
TMEM8A,1.075195021788472
LPAR1,-0.10505355089129956
MOXD1,1.029764485857452
MT-CO1,-0.3878141275129376
ABCB8,0.5104528758676777
ATP1B4,0.31851319781799065
PIGU,-0.5446031721890799
CASC4,-0.7990175648173699
RMND1,0.10516980345309494
SLC35F2,2.433033677692987
ENDOD1,-0.3521817170140852
URB1,-1.2700273309328949
NOL10,-0.8752420369385877
TBL2,-0.41300540165412536
IBA57,-0.47015781916198135
REXO4,-0.7591597360541624
SLC30A4,-0.6070200754781249
HEATR3,-1.2679992565032678
POLR1E,-0.5968337223263884
CHST8,2.593216499788844
GAMT,0.3584645382596101
TYW1,-0.234556104396758
RRP36,-0.9493065667242496
POLR1D,-0.6650451128075991
WDR6,0.5849644708504094
CTU1,-0.23023538135744734
ENDOV,-0.20069251417829184
UHRF1BP1,-0.7675677366364044
AVPR1A,-0.8650272143838603
KLK10,-0.5298349623652289
TGM2,2.648455620298745
L1CAM,0.20471298048719522
IGKC,-0.22230967641267294
RELN,-0.5230598012646609
SOD3,0.25374142747225625
GYPB,-0.7239148423997153
SERPINB4,-0.0739718841159621
ADAM8,0.316498852804732
CSF2RA,0.057020196557765544
GPLD1,-0.5110170081863253
HABP2,-0.8394882269830478
SPRR1B,-0.9480231552116826
IBSP,0.16212842700501084
FAM189A2,-0.14549334360103286
CPA4,-0.6277278484428557
THBS3,2.9991782880950906
UNC5C,-1.0132054122963723
BMP10,-0.9602543640216815
VEGFD,-0.04811586423820353
PCYOX1L,1.5237479748883294
MRLN,1.2122566320934707
BCAR1,-0.24902675253309747
SLURP1,3.852288315931688
ACAN,-0.49572261081936725
KRT2,-1.1007405397537189
CTNND2,-0.7248221678611833
TEC,-0.834421038646664
AC068234.1,0.19804993683693856
TMEM204,0.6104571015112178
PARVG,0.1836119675420118
DEPP1,0.9077544089713916
KCNB1,-0.8332234807863719
CP,-0.22926584134365427
ITFG2,0.2980326332334968
SEMA3F,-0.09577506191931735
GJC2,-0.37718782025054376
ID1,-0.07240511219177244
IGLL5,-0.08685218121568687
ADAM15,3.872690925846946
F13A1,0.16251381047054111
ALDH1A3,0.19971118245423528
WASF3,0.24216126839030738
DEFA4,-0.5583349209976506
ATP10B,-1.084678586676409
NPAS3,-1.0550584424903977
UPK2,-0.9408929364498444
SLC16A7,0.4729397626515986
B3GNT5,1.5584026245701477
IER5,0.005343069373649492
APBB2,-0.14670984028357495
STK17A,-0.4004133933018578
B3GALT4,2.9055619527049568
B3GALT5,0.24734679084648756
B3GALT6,4.4740720782878345
SGMS2,2.142803519473665
ENPP7,1.1143659658277674
DEGS2,1.2092896489420855
CXCL3,-0.35077949861047925
B3GALNT1,0.995189321813629
SLC2A3,0.3117442451407594
TNFRSF10A,0.47161982625975474
ARHGAP18,0.13831402937777898
TRIM38,0.16987158486636195
GAB2,-0.3805878767813222
NT5E,-0.061086289560447406
IFIT3,0.27315241262481804
IFIT2,-0.09474178601797993
C16orf58,2.6018122986998606
GBA2,0.9665601769414514
B4GALT5,0.8210958726994508
B4GALT6,0.5669528437673258
CCDC50,0.8790542761385279
IER3,0.11958260268475651
GALNT4,1.3834840034251787
GALNT5,1.6170603443167966
ABCG2,0.06862610664030012
IER2,0.20535459002159848
UGT8,3.121367418122562
SMPD1,5.557735241253359
SMPD3,0.46942120426364037
SMPD2,0.5925055584997495
ATP1B3,1.7695420458761526
FGD6,0.3227746976875984
ZBTB43,-0.38559990765581437
IL2RA,-0.2821233962461754
ARID5B,-0.28266357985222706
CCN1,0.07935716650753945
CXXC5,-0.27629018371713016
B4GALNT1,1.0445188672730579
BBS4,-0.789588369747838
ZC3H12A,0.09589390540861213
MYOF,2.5295134213416848
GCNT2,1.3557383941252297
POC1B-GALNT4,0.9103033325026232
GLIPR1,0.18025396915237232
HEPACAM2,0.41126144735981274
RTN1,0.06952645449858381
PTGIR,-0.27953606472895337
BACE2,0.7365990966414925
DUSP10,-0.12224196057919838
MYO3B,-0.6921626652540832
ZDHHC15,-0.9329097973212327
IRX1,-0.7746408101995632
LRRIQ1,-0.7321703665657311
MORN5,-0.82499599787007
TRPC6,-0.4903389006032107
SPECC1L,-0.2043026369728263
MYO18B,-0.9903492509667187
NEK1,-1.000069389238665
INVS,-0.22915561393356756
UACA,-0.4444997945503364
KRT7,-0.2170335474127953
MYH6,-0.8438577062231072
MYH4,-0.733286604648887
MYLK2,-0.99937627904353
MYLK3,-0.8673367053992898
GPR150,-0.7371280761374929
SPECC1,-0.15918372848140125
GPR182,-0.721412625268254
PRKAG3,-0.26929874694410294
PRPH,-0.8863623477483737
ALPK3,-0.5990927449659147
PDLIM3,-0.3455268630949789
KCNK16,-0.530668893266634
DNASE1L2,-0.5159641145890872
IPO13,0.43030504812301906
ASPH,2.8359161978086593
ROGDI,1.235474735179493
JSRP1,0.1156224311281363
MYF5,-0.8362559342516303
MYF6,-0.973863911706477
KCNC3,-0.7622830800067539
MYOT,-0.7197209191299897
BIN1,0.42674141097492874
ATP13A2,0.30510046220934084
ATP13A5,-0.5963261829441756
ATP13A4,-0.7067592593684878
SLC24A3,-0.7010801134041302
SYNPO2L,-0.9074110029191018
CATSPER3,-0.7609209876910024
ATP1B2,-0.5492656128790372
HRC,-0.6986530314082433
LRRCC1,-1.0663756104315727
ORAI2,0.9644872361825549
VNN2,-0.09163309174709922
NXPH3,-0.6209075483740321
ITIH4,1.8212319355640236
DUSP13,-0.6675739251086967
VGLL2,-1.047279695755203
OR10H3,-1.0645226853289789
NEU3,-0.5814028153971842
SEMA6C,-0.4129074579852978
CASQ1,-0.7617062238313421
CASQ2,-0.25350518361435537
TNNI2,-0.7690084893451611
KCND3,-0.9624775662155447
CARD14,-0.9564752333475867
SLN,-0.8128500193769186
UCP3,-0.5684893382796156
CACNG1,-0.7188531144263476
CACNG6,-0.769381964842195
RORC,-0.48151116426519247
AQP6,-0.4350083744879279
CTSE,0.6729086449949163
MYLK,-0.1264845860458524
TRPM7,-0.525156060735332
TNFRSF1B,0.24557505655397774
MYOM1,-0.9488864707866708
KCNA7,-1.1318649325953596
TMEM38A,-0.984095472357006
CHRNB1,0.05510884903646074
CHRNB3,-0.5923947963510722
OPRD1,-0.685305755843033
ATP8A1,-0.20231010523163231
TCAP,-0.4248130534475751
CKMT2,-0.5415400530789534
TRIM72,-1.0548461644687193
LDHAL6A,0.3864182848012254
C8B,-0.6745268824555304
CATSPER4,-1.150678360364352
EYA1,-0.6513134185293554
EYA3,-0.5200727054420161
HSPB7,-0.8819313107928003
CATSPERD,-0.7108348292789798
CATSPERG,-0.5575130932554061
CATSPERB,-1.3187438523767672
TMOD4,-0.8429107254958983
ATP9B,-0.15515155824034269
RABAC1,0.6547606564078704
PYGB,2.1868548554660707
PMEL,2.524590421451256
CYP2A13,0.7356619970678436
CACNA2D2,-0.22017150145897751
CACNA2D3,-0.7416483501319451
CACNA2D1,-0.3480501494346099
CACNA2D4,-0.7711713963367266
SMPX,-0.3595225692260877
CFTR,-0.49549988587846083
NOX1,-0.60936494920463
ABCC9,-0.6224021936548587
BTN1A1,-0.6737221095301125
GYS2,-0.08128265718703614
NLRP3,1.9924502659457657
KLHL40,-0.7306290082850414
XPNPEP2,-0.265640663299209
RTN4RL2,-1.2978913532133671
ATP8A2,-0.5574921908404276
CHRNA1,-0.5197143192224853
CHRNA3,-0.4751140331562236
SLC8B1,1.1649152132702807
RAPSN,-0.138820030624236
PRPH2,-1.0624950952441956
ANKRD1,-0.9010523183914957
ANKRD2,-0.9921498148289413
FSHR,-0.7028854918671187
MYOZ2,-0.954055553720119
MYOZ3,-0.6939700011108265
MYOZ1,-0.9561771170989009
SEC14L3,0.44371770384360004
RIC3,0.2767950181259749
L3MBTL1,-0.4621212748828693
TPTE,-0.7723920629593778
SLC43A3,0.6299436648273716
TMCO3,2.9525860757195153
AKAP1,-0.303641068220631
DST,3.2057584616706953
INSIG1,0.46808747302970033
ERLIN2,0.48544708515199075
SLC4A4,-0.7207167675394578
NDUFV3,-0.07203230127510608
PPEF2,0.13632617750433937
PPEF1,-0.11032595747461008
ESYT2,2.028718951916687
DHRS7C,0.05671084320451114
SLC35F6,1.1703700910080397
SLC9A1,2.4616254309125756
BRK1,-0.39970738617576757
CLSTN1,1.0489879521638203
POPDC3,-0.16994765253213187
NOMO2,0.8037584528839319
CYB5R3,1.3255049438947941
EGLN1,-0.41059097468287586
ATP6V0A1,1.4220862527008509
CDKAL1,-0.11579554422477012
TCTN3,0.7055002422563209
ITGB1BP2,-1.2301272152437923
NELL1,-0.8723722425064901
TECRL,-0.5185826724105462
SLC20A2,0.7295334600724103
SLC9A6,0.24935388999458455
MARCKS,0.3640842032131639
PHKA2,3.3832583560337546
HYOU1,1.001020637366004
SRL,-1.0020528842763121
JAGN1,0.09101938539200043
RHEBP1,-0.37966359961311913
CYFIP1,-0.264670060429481
CYFIP2,0.20639457451301738
CMYA5,-0.7477265195199827
AC138894.1,4.187407703085463
LPCAT1,0.22047164413316672
PIEZO1,1.3890893412951875
ATP1B1,0.56523926670615
SLC39A14,0.35796956880717473
SUSD1,1.393408363897264
FABP3,-0.10023450315998851
DDX6,-0.5688685989652318
DPY19L1,2.968031336924435
TMTC3,0.8421027006375545
NHSL1,-0.20698428741030075
PGM3,0.6869966008947206
DAG1,2.1223070158124995
STT3B,0.5020647189993743
TRAK1,0.3353347615669862
CCNB3,-1.3372140766716676
KRT6A,-0.666802839635685
TIMM21,-0.7604206549243369
NDUFA4,-0.3606462526046482
XBP1P1,-0.042416224280200886
KCNK1,-0.7062804565817158
TMX3,0.27058580271180244
PIK3C2B,-0.5547747199088195
HTR3E,-0.6906325263158545
FMNL1,0.49839255128322185
SLC4A8,0.2600419135171255
LIMD2,0.2462132253918213
LTB,-0.0604667672559229
IL21R,-0.0699685939400734
NCKAP1L,0.14225696305916338
SASH3,-0.1662617098371316
SIDT1,0.2837979497109153
TSPAN17,0.154889538675005
USP20,0.8465038223613881
FNDC5,0.13423377971783004
VSIG1,-0.5659573460181789
ARL4C,-0.1678532280363977
DNAH1,0.0320241704746806
PTPRCAP,0.1789596739736968
CST7,0.07929224259271543
LIME1,4.227234390389006
ARHGAP45,0.3502994878200401
PRKCQ,-0.8693273371269633
TESC,0.07025028289335884
CD37,0.24456793259801865
ITK,-0.8465271715154671
PCDHB5,-0.8169041128617217
SYT12,-0.5205020023656859
PCDHA12,0.7310296211692705
PCDHGA5,-0.1942652163487959
CCR7,-0.4393884504748612
KCNA5,-1.0043639590785913
TREML2,-0.44697248715628535
GPSM3,0.13277978685417482
MAP4K1,-0.18226945347859533
IL23A,-0.1440277139756514
PCDHA3,0.3452476726110955
PBXIP1,2.110576319236216
ENTPD4,0.15851928932335071
EHBP1L1,3.1027337689436636
HCLS1,1.316557523780882
SLC7A6,0.27183822647312045
IL1R1,0.2895939897747505
LRMP,-0.3705796408466053
AP1G2,3.4203186321510994
IL17RB,0.5739964869971318
TMED6,1.42917766432234
LYL1,0.06283602567476823
FCMR,-0.25683621216699626
RIN3,0.9269027376669996
ISG20,-0.10337032814341428
P2RX1,1.1225708979180247
P2RX5,0.4105406111516431
KCNK6,-0.8877943541401174
SLC38A10,3.1580947675343576
MCOLN3,0.6310983860784533
SSPO,-0.3802478733361045
SLC6A9,0.05927752547058314
ARHGEF6,-0.41032706088495224
SEMA7A,-0.4718473461216017
PAK6,-0.7357260830366686
GZMA,-0.3115579232009268
SDC4,2.9851887079208663
ASGR1,-0.2221567701612827
IL7,-0.3841401003628821
KLRD1,-0.3787235404669429
LIMK1,-0.08360397879555402
FCGR3A,-0.10175528427658954
SORBS1,-0.022973460419412426
MATN1,-0.8700741710384682
SELL,-0.1857054655263
MLC1,0.07321278220744346
SHARPIN,0.5882590316785231
IGHG1,-0.5610629724828826
WLS,2.152232871650973
CEACAM6,-0.324998490621829
CRB1,-0.4528660826571343
EHF,-0.7487283220773469
ADRA1B,-0.8273682958901147
ODAM,0.006165166980778046
EDIL3,-0.1980126710418847
GSTM1,0.17104614072634777
TNS4,-0.7944019142962336
PHLDA1,0.17954012007913384
APOH,-0.45727097101381925
REG3A,-0.6918862829060561
GSTO1,0.3980224683694912
NOG,-0.09915327399989177
TCN1,-0.6205092149350449
GPX3,0.5096420122071389
CROT,-0.22270919393014263
CLCA2,-0.5868078844849476
GPRC5A,-0.15785062769424157
KRT15,-0.9434224012375229
FICD,0.9470306119701226
S100A2,-0.40586427327584784
SCAF1,-0.4591076776238592
PDE10A,-0.8624886439853109
YAP1,-0.45147128409337267
SLC17A5,3.7756704569543547
OXTR,-0.5134669689434327
PLCG2,-0.29560934180440757
AHSG,-0.5972923711922561
OR3A2,-0.8042174444531215
CD47,0.10451699338497378
PLA2G4F,-0.29371209744421156
CFD,-0.1274576728964995
CFB,-0.2260479533561611
DKK1,0.08003872435864018
MGAT4C,0.5256736014063538
IGDCC4,-0.4748597568748339
HAMP,-0.13963894559914208
RPE65,-0.5374359107547362
SMAGP,0.10235038855786577
FGA,-0.6436075098724358
SH3BP5,0.3367961044218125
HPX,-0.630187811865156
VANGL2,-0.5264391980475147
AMELX,-0.852628491740991
CEACAM1,-0.5817434603066182
EN2,-0.8313382205203483
CLDN1,-0.7478720756462895
PLEK2,-1.0437202332543791
HSPB8,-0.7699025861888433
OR8D2,-0.4569969248147058
IRF6,-0.14827323407833531
SCN5A,-0.7903845252431851
TTPAL,-0.3724283775661828
TNFSF15,0.006357599353182635
CDCP1,-0.42909429852695186
ANO1,-0.08646731875868005
PRSS3,-0.4791097009139298
LGI1,-0.167446008454747
SPATA31A7,-0.4566789986770957
BTF3P11,0.20859565970675284
SLC9A8,0.17387720412904453
ERGIC1,2.1739335028577558
APOC2,-0.10369208663858615
APOC3,-0.6365497429726935
APOC1,0.1853937861657088
PERP,0.22952498882498693
PTPN13,-0.7944272058202051
CPB1,0.11641201311137146
LXN,0.4196217738130623
ZACN,0.6328187315466005
NT5M,0.22210501113629225
CX3CL1,-0.1715218505359872
EMP1,-0.11437232713510634
PAX5,-0.720356082467685
BTNL8,-0.2989914198375486
AMIGO2,-0.09484987549582688
C2CD4A,-0.539043068382607
PF4V1,-0.6511282966285318
SERPING1,0.17925698562910972
PPBP,-0.601244937136957
C2,0.17405774933020177
GPR87,-0.8133217300142926
FOXD1,-0.46824899820886956
STATH,-0.19975124706083983
IL18,-0.14311282412304105
KCNJ2,-0.47024374084269405
EREG,-0.3540081175937337
KRT9,-0.7855145493284347
ANTXR2,0.7338739888802603
NLRC4,-0.35853327810013513
SYNJ2,-0.07196530555262692
KRT13,-0.610852639507535
ANXA3,0.3951003616866774
REG1A,-0.5888874324477109
MC4R,-0.9295529526128874
PTGS1,0.1579800051696246
PNLIP,2.1715225361137627
SERPINB8,-0.3320976124338288
OR2T6,-0.4974393167092909
SERPINB3,-0.6562636640172529
PI3,-0.33530899550808135
SERPINB5,-0.7538060961998693
MST1R,-0.25676145388966837
FAT1,0.555471420655668
PDGFA,-0.14211177418961712
DLC1,-0.5399410454596899
NFKBIZ,0.09398715923240468
CLCA1,-0.5461293399621465
PROCR,0.5607266413816143
C3orf52,0.9634138834788454
ETV1,-0.9888529130001041
IL1RN,-0.11199228694538291
ETV5,0.0467713356743077
SDC3,1.531413493862951
SLA2,-0.5178161089637832
NECTIN1,-0.8444434440027324
COL26A1,2.313426791916973
OCLN,-0.43059465419903353
FERMT1,-0.5733804225462438
PDZRN4,-0.673442448859767
SEMA3A,-0.09663566603589294
SEMA3C,0.2799269107060288
ADH7,0.1386616929481161
CD58,0.4571334885850291
SERPINA4,-0.8473015661162093
KCNK3,-0.8239119930936967
CABLES1,-0.620547497424916
DGKG,-0.5781267865972091
HSD11B1,0.5038005126559388
KCNJ15,-0.49883305797240085
PCDH1,-0.08000396934656823
BBS2,-0.6587332368612633
MMP3,0.08687875590247893
AHNAK2,0.5756317730376707
SCLY,3.086700339905263
METTL2B,-0.5197979249690624
VAPB,-0.018038074691557604
SC5D,0.7776828571260956
TRMT44,-0.027626901082780868
MAGEA4,-0.7874804642217004
THAP4,0.1792093718190119
YDJC,2.1327937838619095
LBHD1,-0.6459948603389917
CEP70,-1.1088015279719627
NLN,-1.5446136542499862
NUDT5,-1.0479691090602627
SBDS,-0.011964880582765437
NSUN4,-1.07009440664254
NSUN7,-1.174342782361178
POLR3G,-0.9839349860140562
POLR3D,-0.36092251334534065
BAG1,-0.3589959081313284
MTRF1L,-0.33668312982141585
HIST2H2AA3,-0.7423293717258711
EIF3CL,-0.6548241813726977
WDR55,0.9512825477197026
POLRMT,0.36943727689850403
HIST1H2AA,-0.881991775937808
CTU2,-0.45772272969904537
PPAN-P2RY11,-0.8741280844374862
ZCCHC13,-1.2653844626604482
MRI1,-0.19736811860113665
LARP1B,-0.7661053710345034
FMO1,0.12210587573226744
GNL1,4.437434887461742
NOL12,-1.273543829199509
EXOSC1,-0.7291391556791187
PABPC1L2B,-0.6510254853596985
FCF1,-0.44079863374275496
RCL1,-0.6235531193305341
PACSIN3,0.01301866669590496
BDH1,0.5678648907404116
MAP3K21,-1.1365641931686024
CASK,-0.89699236542469
BCS1L,-0.3399399951869533
PABPC1L,0.35048879105729547
NRBP1,1.08489551570341
POLDIP2,-0.2690252495296238
RIOX2,-0.7489994384386485
THNSL1,0.4934042485612924
MAGEB10,-0.3048826417617651
CPNE4,-0.5058982538619451
MT1F,0.731389368697066
C7orf26,3.52966260758099
CDCA7L,-1.1538954809617645
MTFMT,-0.6160839942735497
ADAT2,-1.003833147183626
CENPV,-0.373154115514364
ZNF346,-0.8865680978584756
ZC3HAV1,-0.027709755184912536
C12orf4,-0.016504118415663713
UCHL1,-0.28122775605957095
LLPH,-0.39198645865633075
SETD1B,-0.5662133782111042
C12orf43,-1.1634502773451287
KLHDC4,-0.5048650268364319
HIST3H2A,-0.9636693797172358
PUSL1,-0.2793913933485794
SFXN4,0.3073535435445341
NAT9,0.7888041354289673
AARS2,-0.5548646889460774
SLC25A19,-0.6651377400862388
TESK1,1.3875417502888983
IGF2BP2,-0.5044493397988937
KNOP1,-1.1383470291957394
SOGA1,-0.16416864334333284
TENT4B,-1.0818721122719928
ZNRD1,-0.5941768755073479
EPHA10,-0.6748478884422601
GOLGA3,0.4448203259420075
PABPC5,-0.6679331951419193
GATD1,0.20365744549998024
PDCD2,-0.9220828458031008
FER,-0.5309995869200766
AAR2,-0.25161157692867303
ANKRD6,-0.9024395348347769
HIST1H4D,-0.8286102451870192
HIST1H4K,-0.7457805398610469
HBA2,0.5017096230043863
HIST1H4L,-0.7462152946403003
UBL5,-0.22219402819364678
PTGER2,-0.5537279133651136
PRF1,-0.10185935938132312
SAMD3,-0.8075008251693075
JAML,0.43484805432314333
CXCL13,-0.6021796683913188
CLEC2B,0.012630098748872819
PRR16,0.2509834904003225
CD1D,0.16129722053810155
CD1E,0.25886505947982574
JAM2,0.4661303995521988
JAM3,0.02043291785035933
CCL21,-0.35180514137348035
GZMK,-0.3607557832340788
GPR174,-0.6015066332233118
SH2B3,0.3412895773839397
ALOX5AP,0.2866067032721435
HIST2H4B,-0.8068736608151976
FYB1,-0.20162117840894656
CERKL,0.7024406985454177
BIN2,-0.06969107894521889
PTPN22,-0.3726030376687375
LCP2,-0.18643895153543644
CPVL,0.5169662419817
AOAH,0.5698342783909105
KLRK1,-0.4712424127739646
PRSS2,-0.3701095689282991
GAPT,0.1520624802207956
NAAA,5.661914525613625
TMEM131L,-0.3154468250551236
PROM1,-0.4836375645514772
CYLD,3.404781689350151
ERAP1,1.9579260889770254
CYSLTR1,-0.7900687439825493
AIF1,0.380879790328163
TRAF3IP3,-0.4813346327313901
RNASEH2B,-0.8977379948482324
RIPOR2,-0.25226471069006906
IRF8,-0.17873097350583542
GIMAP4,0.04143447016488642
BTLA,-0.002026102512285132
CD72,0.18995060205093575
CST9,-0.22653056358687815
PATL2,-0.38943572862933945
TNFSF4,0.1586918473689453
CELF2,0.23555464165037032
PDE7A,-0.42001918881566014
GPR18,-0.7029736912874119
UBE2NL,-1.1299295167484187
SLAMF1,2.57178143483388
ST6GAL1,0.4410081093807291
SAMSN1,0.020016429216689682
IQGAP2,-0.08185877288137745
EOMES,-0.8435079869681924
LY86,0.0071506448115484485
FCGR2C,0.6570399817502197
FCGR2A,1.5325711592966305
HIST1H3G,-0.8847496694411051
HIST1H3I,-0.9009846114359708
CHST11,1.1917664645102801
DCT,-0.7364621250102827
MAPRE2,0.2782349377742369
ANKRD44,-1.1755074899979487
RUNX3,-0.17091630639985658
CD3D,-0.3666418908079581
CD3G,-0.5711855529561433
SP140,-0.23453040163974745
GIMAP6,-0.11304456809166917
GIMAP1,-0.34888826024771463
GIMAP2,-0.13828879250292314
CR2,-0.39728189428346833
CD274,-0.06693315906103355
GPR171,-0.4342510141488205
AGFG1,1.6436503492474852
SH2D1A,-0.5107774367568892
DOCK10,-0.29249295458915214
DOCK11,-0.6871754689306013
STAT4,-0.546634653665677
CD84,-0.31307755650664343
PDE3B,-0.3155052513368921
NDUFA2,-0.24390106956517427
SLFN11,-0.006176092076588786
CD8A,-0.23950097539468732
ADAM28,-0.42013515226848375
SP140L,-0.5561570139915979
FCGR3B,1.5000513660901196
HLA-DQA1,0.01689120188580043
SEL1L3,0.09294792697252509
JCHAIN,-0.3802184788975998
CCR1,1.3954146089151849
KLRB1,-0.240125535613172
MS4A2,-0.5629844674030935
ARHGAP25,-0.11015255244688983
HPSE,5.763054413928508
TAFA4,0.5360000781937979
RNASE6,0.23657413494618457
CX3CR1,-0.3724882197720271
CYTIP,-0.22986759420982755
SCGB2A2,5.492000441900898
RASSF5,-0.13652727091978037
HBG2,-0.7176635795626989
MANEA,0.5224534026898459
RSAD2,-0.06682106817788706
LGALS13,-0.13770447710962572
FCGR2B,-0.08665160435205074
HIST1H2BE,-0.6723920186614339
HIST1H2BH,-0.7747952625457991
HIST1H2BI,-0.8262873428477527
HIST1H3B,-0.966605555897186
ITM2A,-0.3111214014047422
HIST1H3F,-0.9105822965261889
BTN3A1,0.03296185035462939
FCER1G,0.4195386327613847
EVI2B,0.15160509070496558
PYHIN1,-0.6566184535412072
HIST2H2BF,-0.8048439109285065
GIMAP5,-0.13176510329295607
TRAT1,-0.5313683501869835
CD69,-0.4525403868832498
BOLA2,-0.7513735779863331
GPR65,-0.461791160881516
FOLR2,0.3761572656224557
SYNPO,0.7732863835983744
RTL8C,1.6958910138634233
TRIO,-0.47239008872267163
WDR1,0.341406728761878
CEACAM8,-0.08465186593897167
GRB10,0.05155731936475813
ANGPTL3,-0.47856703872035533
CSRP1,0.9142754485099862
SFXN3,4.010712938656693
NR1H3,0.18546999361875555
CHST7,2.1191008018502155
SLC2A14,1.7048997445401008
ITPRIP,0.17746397866066535
S100A8,-0.2463218073335348
RNF24,0.7144127893763551
HOMER3,0.6221721407642354
ESAM,0.2648253561880502
PLEKHO2,1.3022981938169975
DKK3,1.148671099517782
FUT7,4.196853748380709
FGB,-0.4457921576460857
IFITM2,0.7288009984264594
CCL7,0.0608862466778748
PLTP,2.7692351035804967
ANGPT1,-0.12815138988072225
ANPEP,0.4785905376944535
RIPOR1,1.331377290361833
MFNG,0.04389862405416405
ADAM32,0.34331652504186544
NLRP1,2.4688334222567065
RAB13,2.403540200914731
QSOX1,2.5646319426837816
LRRC32,0.24863459016036968
STAB1,0.5836014704266882
CHPF2,2.8912695626117872
MMRN2,0.44959390634991064
PECAM1,1.8693608499549312
HOXD3,-0.8421613376435854
EMILIN2,0.6416992599384767
FBLIM1,0.1923712435366264
RUSC2,0.43588316648330505
PAX6,-1.3310648522196167
CD68,2.8522575320728922
SFRP2,-0.39203936520701144
TMEM158,0.3605096775353738
SLC22A4,0.7046634694756544
UPP1,0.4808585923287859
C11orf24,1.1798187351586091
C1R,0.5314025766800571
FSTL3,0.9272316231998382
PRAF2,2.535062433189513
SMTN,0.7044784573123514
SH3GL1,0.3541791909613004
ACVRL1,-0.19372948104456494
PLSCR3,1.035008188449924
ADGRA3,-0.6471173932750307
NCF2,0.12635306033767124
PXDC1,1.0918473522268264
SMIM3,0.16377101080766565
FZD2,-0.017400053212801213
RGS16,-0.016688204550315076
ELF4,0.32958117253836494
PTPRE,0.30588942469541025
ARHGEF40,1.475884011738275
SELENOP,-0.164781397593756
LHX2,-0.9115940205540695
OSBPL3,0.21953397673383235
LHX9,-0.9264129121670962
TMPRSS11B,0.6241907688035425
TMEM17,-0.06198665099684737
RXRG,-0.7270019857412914
ADGRL2,0.030900859989701622
RAB11FIP5,0.2751914846413826
PCDH20,0.1409288276640174
TSPAN11,0.4655765041524464
FAM234A,1.0647512583154222
ARHGEF5,-0.30186292666659115
EXT3,4.705250180086638
PHACTR2,0.15908856280402162
CXADR,-0.49932730473670345
LPAR6,-0.3703142506268511
CD36,1.8209019099568626
SLC30A1,2.1743575918652236
EHBP1,0.8458539433630472
MB21D2,-0.1873534189008063
CTDSPL,0.15047631231759323
EPB41L2,-0.217799027251714
FAM171A1,-0.0755578341098957
CDH17,-0.7678825002889931
IL1RAP,-0.2430226816833571
KANK1,-1.0390614644229796
CD24,-0.5388848241604917
TSPAN8,-0.22203805929333256
KCTD12,1.860931791422826
SOCS2,-0.4922592496608664
HLA-C,0.3573570224713653
TOX3,-1.0193174952831991
MPZL2,-0.5336311969088563
FZD8,-0.7253058611420042
TBC1D4,0.14437069663766264
DUSP6,1.686920806429751
TIMP4,-0.1856467422606636
FADS3,0.9421350981415446
PTGIS,0.06288322635886068
SIRPA,0.7505390976428982
LPL,0.08056186744671702
TNFSF13B,0.4927940788498672
SVEP1,0.02468163707966047
PSG8,2.6336583959330557
PPP1R1A,-0.4361892146290176
ZCCHC24,0.4536707945885464
NCEH1,1.0503666662089883
CDH19,-0.5689449960139927
HSPB6,-0.21722163440634878
RCAN2,0.21843812289885373
TBX2,3.4966057960956354
FABP4,-0.16246075175639357
ITIH5,0.3946310057301739
DNALI1,-0.4770877410584548
CXCL10,-0.4282660130334233
CHRDL1,0.3558159310852663
NMRK2,-0.42209846021654646
LFNG,0.8412608969142479
ABCA8,-0.16441930488741188
ART3,4.679793308145186
GPD1,-0.06099670645797485
MYOC,-0.001905239174733533
SORBS2,-0.43995298373032343
CLEC3B,0.3532468507941777
ST5,0.25689511808082816
DAAM2,-0.10864626756784632
PDE2A,-0.06410234831976779
C1QTNF1,0.9278686409960473
ACKR1,-0.17644045834093436
ADH1B,0.6730862675453708
TRHR,-0.7688189314992856
UTS2B,-0.5994054683344958
KRT34,-0.8650571539622034
GPRC6A,-0.6955757643846465
IL22,-0.631689418466396
CCL23,-0.6568849958490532
GPR31,-0.5519856283418366
GHSR,-0.8550176856831603
PROKR1,-0.6149288158682505
PROKR2,-0.6796712770540119
BRS3,-0.9949572585933896
PRY,-0.8887340670942121
MC1R,-0.026844501177678847
B3GALT1,-0.1334040155358923
HTR2B,-0.7581484231197146
MCHR1,-0.8834818361531248
APCS,-0.7469913756127281
OR1A1,-1.0644535351963025
CRHR2,-0.457920907667348
GPR4,-0.4884456621279208
GNG4,-0.9918811826511328
GNG2,-0.9220168303399964
PSG9,-0.9267125059737137
PSG6,-0.784713400090755
GNRHR,-0.7898714631460111
CD200R1,-1.0321983104133572
PSG3,-0.8134672039289021
NPS,-0.7168397448157072
GPR17,-0.7055166774452776
GHRHR,-0.4302570348387006
SAA1,-0.6519360204692632
TSHR,-0.8960478960367472
CYSLTR2,-0.7575370106312876
CCKBR,-0.9036480924860032
LGALSL,-0.8635834209539294
GNG7,-0.8471278568611247
HRH4,-0.7586759681588299
LTB4R,0.1772331713197968
GNGT2,-0.9112218253579174
TRH,-0.9512022417580964
CCKAR,-0.7847067571882129
CHRM3,-0.4203354905725891
GNRH1,-0.5131207776991485
NPFFR2,-0.6278026957934212
PMCH,-0.7556054426215922
LPAR3,-0.8053838401367864
BTNL2,-1.2760638754581195
TACR3,-0.8668024094612748
F2RL1,-0.5032222792486777
MLNR,-0.6045202916959285
PROK1,-0.6033597531774395
PROK2,-0.5543009533502036
ARHGEF25,-0.5879468724991403
EDDM3A,-0.9638748511975995
AGTR2,-0.8151586428399733
MS4A12,-0.39455059606463727
PTGFR,-0.5743585656645612
ZP2,-0.5488033682488743
GHRL,-0.5628593502837387
OR6A2,-1.0921151121234105
P2RY2,-0.5445483109110066
OPN4,-0.7127969322984754
HYDIN,1.193315004918674
SLC10A2,-0.7148445671777889
FFAR1,-0.34146875722855546
GP2,-0.5414008152313667
P2RY10,-0.5930322652210248
P2RY11,-0.7332497021287997
TACR2,-0.8478028404152526
MRGPRX2,-0.9445525968680177
HCRTR1,-0.7772830817592488
C22orf31,-0.7279414021117112
C8A,-0.6269835672559192
GNB3,-0.9490886007658924
MC5R,-0.8164692448057906
BDKRB1,-0.7080685847947737
KCNJ1,-0.6735061835687657
NMS,-0.6952501735173375
PON1,-0.7944342021556328
QRFPR,-0.634648580524539
IFNA21,0.6124772410946034
F2RL3,-0.7847034361897148
F2RL2,-0.7488313162090319
LPAR4,-0.4994550120823336
LPAR5,-0.7184173734440202
KISS1,-0.6881288133698806
QRFP,-0.59391363121929
EDAR,-0.8518638088458471
TAC1,-0.8284575138728905
GRPR,-0.5940376355500856
TAC3,-0.9401609797541514
XCR1,-0.8869922705998813
AVPR1B,-0.6913079286366166
WNT8B,-0.8970446467324503
OR3A1,-0.6254861442432235
SLC5A4,-0.553628190727251
GNG8,-0.8567975767499125
UCN,0.1520269255097426
OR2F1,-0.480184511408719
CELA3B,-0.044785415065935516
CHRM5,-0.9663323733780682
MCHR2,-0.6446647878895223
SCTR,-0.42532970004629495
FFAR3,-0.6253186145426708
XCL1,-0.6342429560785244
OR10J1,-1.1092828462575313
PLAAT2,-0.47547747672469975
FFAR2,-0.6253830457457917
MMP27,-1.1759098036329474
NPSR1,-0.72539962399497
CHAT,0.07967028338722855
GNA14,-0.43214761917795874
GNGT1,-0.7926705912349437
CALCA,-0.7409973038532565
P2RY1,-0.752430036214424
C4orf54,-1.226834860704182
XIRP2,-1.0859438876971033
SH3BGR,-0.4911389912881343
SLC51B,-0.22463476797798643
VIL1,-0.586773944680521
CHP2,-0.8550441392940049
FABP2,-0.5275097241870114
ANKS4B,-0.8764473852729842
SLC5A9,0.14018953299747652
NR1H4,-0.2701922973391284
GUCA2B,-0.6882838030526689
SULT1A2,2.169296419295654
HHLA2,-0.8821583245981274
CDHR2,-0.26126656248621954
CDHR5,-0.36390661309301237
ADAMDEC1,-0.35648099280455425
SLC51A,0.11130837696161841
MT-TP,-0.4579299068742168
MEP1A,-0.6486556666782199
MEP1B,-0.7100397130617149
SBF2,-0.15640723252550015
CDC42SE2,1.0539446855026808
DENND4C,-0.3453793687658417
GDI1,0.002923004515965127
GIGYF1,-0.8660474405014763
SRGAP3,-0.4825022744265099
PCNX4,-1.2339879228334976
TRIP11,-0.30027970496229217
KIF13B,-0.04251128189599941
KDM7A,-0.7994026531398645
MCM2,-0.5485636806169387
AZU1,0.612746056989058
RAB8B,1.8683046654678095
SAMD4A,-0.4863167009641793
TTC28,0.8741245126758286
SH3RF3,-0.3256253204663312
HEATR5A,-0.6012634818072828
SH3PXD2A,0.4008965910591507
PCBD1,0.1138648525528325
CEBPE,-0.1564187934109057
DDHD1,2.708600483857913
CNKSR3,-0.9119627822169254
ZBTB21,-0.8992022666557381
PPM1H,-0.7317232462647318
DENND2C,-0.3421528372388802
SCRN1,0.01074652070838731
PTCD2,-0.699880059381939
PTCD1,-0.545948064610143
RTKN,-0.5792474069426511
TPD52L1,0.09185802901619931
LYPD4,5.7700235652954195
SERTAD1,-0.13103277707649122
DENND2A,1.288695094318564
DENND3,0.1963500865524132
METTL6,-0.06963684222311683
EOGT,1.8849455960209447
TFF1,-0.4034337701611349
C1QTNF9,1.5227337640784886
DENND4B,0.5843149138255802
IFFO1,1.472976880720426
KDM4B,2.9757425632476604
APBB3,2.332388813125705
ARHGEF11,0.4884089029987734
SETD5,0.08320762575319032
FAM193B,4.00415540289607
EVL,0.5509515574342826
POLM,0.5717100429185824
PANK4,1.0018647130497602
PILRB,1.3450089473348554
CAMTA2,1.451209309642597
MAN2A2,1.746372111621583
DENND5B,-0.24993699799276733
ZMIZ2,0.8714457384251499
MAP1S,0.8623120096918266
GSE1,-0.3494310990455456
ENGASE,3.1885193112269308
TAF1C,2.978158288642029
TMEM63A,2.906409185053679
ANKZF1,1.20624635396539
TBC1D9B,2.9497753356067027
RUSC1,0.05920633996952879
MYO9B,0.4214188238422228
TBC1D13,2.622273871584177
CMTR1,0.6535093156869812
CIC,2.9414587867705237
FBRSL1,1.5252173418464303
AKAP17A,0.13647231942916555
ATG16L2,0.13486734912492496
DGKD,4.0788096305909605
DENND1C,0.19603284546267508
ABCC10,1.549669635075581
TJAP1,0.34645366295761765
TMEM39B,4.508685203578517
MAST2,0.22537747541082384
WIPF2,0.34188086390051453
TBC1D10B,0.9179603463691908
RASAL2,-0.444690952377172
FAM110B,0.8312703517423602
OSBPL6,0.2109508398613803
PLEKHA7,-0.7169971914373047
NAV1,-0.07136214967324514
RALGPS2,-0.861421352265455
STARD13,-0.0868304860672994
FAM110A,-0.5221279057739439
ANKRD34A,-0.42386394589478577
DCAF10,-0.7166499370508796
RPTOR,-0.3113983337376541
LPIN3,-0.054806309390084636
VPS33B,-0.08463616182631094
MAPKAP1,-0.36304177705585816
FAM53C,-0.33829788460754423
OR4C12,-0.6978925888090178
RTP1,-1.0084060231018668
RTP2,-0.9589747600827662
REEP1,-0.44081853461844744
GNAL,-0.6288161842354165
ZRANB2,-0.6147321389422477
SAV1,-0.3240855364921806
RAPGEF4,-0.6987272405941012
RFTN1,0.16073450962344854
SUSD6,0.8272262193415012
IFT57,-0.3588822193862452
TRIM22,1.5436917944108195
MCUB,0.29212413007619487
PLEKHA1,-0.21681136704461623
DOCK9,-0.3989988968885235
DOCK1,-0.2129442778437379
PHLDB3,0.8466554226859232
TRIM5,-0.1911996097131034
NAA20,0.3226346266171596
CRYBG1,0.4691449655851697
LASP1,0.4219900007478365
NECAP2,0.5238299323260417
ACOT9,0.4568227256049391
DAAM1,-0.23811587652127936
MDFIC,0.20235888472100527
MALT1,-0.32209625229148836
TMEM243,0.46278617840470493
CYTH3,-0.21958406828781876
ZDHHC16,-0.1916941211346779
IFT27,0.16160507878173677
NT5DC2,0.47653510907719954
EDEM2,3.3694406319923926
ANO6,0.3943650190481377
WDR41,-0.5308308205464455
WDR49,-0.33654993825753377
BNIP1,0.06040969120329393
SLC39A7,0.5272778905312514
DNAJC1,0.7453949870155948
SPAG16,-0.8584529016486412
KRTCAP2,0.5764293062093658
WDR86,-0.8842277283294914
WDR88,-0.7513000709612795
IFT80,-0.6195444935597716
DDRGK1,0.5255193489607428
RABGGTA,1.0726081054512238
SLC1A4,0.5915336473973715
CYB561D2,1.2596821039844959
APOL2,0.18328594686707364
MRPL49,0.1177034212528835
WFS1,3.235711120598981
NSDHL,0.7750421733463002
CRELD2,1.062514910980842
SDF2L1,1.012398020332218
TMEM216,-0.09546914631385102
WDR27,-0.4113066349997868
SLC35C2,1.8127132743987138
AMBRA1,-0.4309915442293397
CEMIP2,2.0818608791739655
ACOX3,0.7033751226859186
CDC20B,-0.483169894958474
EVC2,-0.14395444935336282
DCAF5,0.7868439595774482
EML6,-0.5052176918357373
WDR61,-0.6720790937014354
WDR64,-0.9068854561307814
CORO2B,-0.7909546360806018
BCAS3,-0.09569247229041841
VPS45,-0.017120551138294655
TMEM208,0.3511642962530147
WDR17,-0.21342887263905777
STX18,0.274707204001452
CORO7,1.0772528672924848
PIGT,1.537993249658095
WDR5B,-0.9044331246955528
APEH,3.958163874020217
MSTO1,1.572357115943138
ELP2,-0.6261379780417778
TMEM120B,2.7000132415454705
NBEA,-0.6336858405159607
TMEM67,-0.11752302746077113
NWD1,-0.23569766853419497
CLPTM1L,1.1034509538114154
WDR97,-0.4645929675031221
DESI1,-0.3094619020720431
CCDC22,0.3258571176459188
CFAP57,-0.7138226276092307
PLK3,-0.015646275696480822
GPAT3,0.06516634966857279
OSBPL5,4.374051634502378
ERRFI1,-0.22926458996446838
FABP7,-0.6784549729997005
CNN2,0.49202146408594366
ADORA2B,-0.852194249396151
ZFP36,0.03748221301274615
SLC23A1,-0.31802931457084144
HCAR3,-0.5952275515637893
EGLN3,-0.36897203699637027
GAL,-0.6412211217423466
FOXC1,-0.7184899963692915
PANX1,0.12014787921777272
CSTA,-0.09848368921975886
STEAP1,0.30447742393726684
RARS2,0.5011963334934667
WWC3,-0.010096905477876032
ABHD4,1.2082955026001503
UQCC3,-0.1749843018886573
PHPT1,0.037100305042344316
XPO4,-0.7947840501946914
PCBP4,1.115476897898292
LOC102724985,-0.6763818061764049
RHBDF1,5.5214005340425505
EPS8L2,0.2510284048534269
DRAM1,2.126876069041458
TMEM11,-0.4987723817092129
ADAP1,0.554510871639181
TNFSF9,1.9451305080588535
FAM214B,0.8946973758236845
IPO11,-0.640366839697333
LARP6,1.774899583282016
COPG2,0.16782764210215784
ETNK2,-0.5610932101080516
CDC42EP4,1.1948876589557083
UNC45A,0.29780960345121843
CZIB,0.011310234412263013
TRAM1L1,0.565008440196862
OARD1,-0.9247435732132054
SIGLEC12,-0.5424401291301876
LZTFL1,-0.7296589491692428
GATD3A,0.20140331781047374
CLUAP1,-0.3681393652982432
UFSP1,-0.9534761162412342
PLXDC2,1.714678233318946
TAF12,-0.6375443004530725
ETFDH,0.03190842568785235
KIR3DL2,-0.036821425335133016
ELP4,-0.919541840374837
AMZ2,1.8200030802611453
ASCC1,-0.7527075639623008
VAT1L,0.0268985054091874
ATP5PD,-0.05797231220566426
WASHC3,0.09009983924185594
CD79A,-0.3007847677882922
SIGLEC5,-0.6760739281894055
UGGT2,4.6884918478595266
SEPHS1,-0.31920173593501144
STX8,0.019937921748035766
AMIGO3,0.29762285531966176
KIAA1191,0.3352574607600632
CD244,-0.2000456152403945
PLPBP,0.5179891075513964
DYM,-0.4956872260268232
SLC16A11,-0.47100091196363775
LIAS,-0.036918731824375974
ZUP1,-0.959687237524495
TCAIM,-1.1063429216182201
SCG2,-0.3583977433877591
GPM6A,-0.5234433436317815
RTN4R,-0.998855527126773
SV2A,0.6177902329069179
SV2C,-1.0178854257999332
PCDHGC3,-0.45942824581426217
AKAP6,-1.1216036986222144
ELAVL4,-0.9082633107306294
CRYBA4,-0.7499224526758388
TECTA,-0.7434143865593723
NFASC,-1.008806513171894
CHST1,3.087337784405268
SLC18A2,0.5401880481332186
ADGRB3,-0.9506728833854906
BCAN,-0.26665649942717545
IL17A,-0.5637530190196219
ADGRL1,0.420459042802969
OLIG2,-1.0328313277204033
APBA1,-0.5433357089313232
APBA2,-0.3287020261874495
SLC17A6,-0.8529899759427998
SSTR2,-0.8577108405301166
PDE1C,-0.9074616335846083
GJB7,1.204578751651526
MCF2,-0.9947007904028828
TMEM185A,-0.5012171463071131
CDH8,-0.9718169029004479
CCNL2,1.0592322310511268
SHISAL1,-0.5562047662966231
SYT3,0.07016757225498976
CPAMD8,-0.8389245128687276
CNTN6,-0.6350108332700656
ASTN1,-0.9802684709891352
PCNX2,1.7493969382266992
TRIM3,0.3534618310438344
SEZ6L,-0.5995870461078155
PMP2,-0.5357230045397179
RFPL2,-0.7884584543445746
TIGD5,-0.20568284416370056
ASCL1,-0.9768038651777986
BASP1,0.1413732645187568
KCND2,-1.3048328986412983
CADPS,-0.27289541601863976
CTNNA2,-0.665498680932575
VAMP1,0.05287901057322637
FUT9,0.33035137005857557
CHGA,-0.5802810209087139
MARVELD2,-0.6711374186989909
EXTL1,0.6294674048347619
MAGEL2,-0.40173711025699
SYT13,-0.8628842057461993
PHF24,-0.9773739668600508
ST8SIA5,0.23442552466585376
CYP2S1,-0.07362385372213208
MAB21L2,-1.0684935958413295
EPPIN,-1.307161738569561
RIMBP2,-0.9932701869162807
CNTNAP2,-0.6498929642580089
IL9,-0.7146833753484124
CDH13,-0.32186674363235535
NEFH,-0.7331580119062935
RGS6,-0.9763525625602794
DPP6,-0.875389817166797
PCP4,-1.3268305636730358
NRCAM,-0.8665113211402125
ISL1,-1.149505403591691
DNTT,-0.4531689601589418
SCN3A,-0.37870290583765553
STMN4,-0.9552917964599051
STMN3,0.11607807860233553
AJAP1,0.4462137720826294
PLPPR4,-0.13361983218258355
LSAMP,-0.959789100225669
SPA17,-1.0484784148243311
PLCD1,0.2712748738647836
PAPPA2,-0.6304499237730495
RIMS2,-0.8350935905686256
CHGB,0.4343267198371283
CNTNAP1,0.26001117311683936
DOK5,-0.29379505239814574
POU4F3,-0.8057535636490519
GPC5,1.3951359312802603
SLCO1C1,-1.067083654110966
PCDH8,-0.8208013756016058
FSD1,-0.4372330092839392
PAMR1,-0.026254962971360856
FJX1,-0.3180089133428924
ADAMTS2,4.257153929854622
EFS,0.6819793052957268
SEZ6,0.7301279452140624
TRIM29,-0.6186020525966074
GDF10,-0.15235723538913434
RAMP2,0.24120144346217454
TPSAB1,0.4897832482752165
SCUBE3,-0.962914941407857
SEMA5A,0.5116250960909572
MT-CYB,-0.015670158885366377
UQCR11,-0.02532346248583169
HEBP1,2.113847170246268
ABCD2,-0.11555214035540537
TAS2R19,-0.4807870699412034
TAS2R14,-0.65503751042563
TAS2R10,-0.6612460077036924
CXCL11,-0.38496003053890204
NPB,-0.4372811164097843
TAS2R7,-0.630713184198485
NPW,-0.7021213124279959
TNFSF18,-0.7962904290461719
CCL28,-0.4480240181530549
CCL25,-0.7257548271980409
CCL27,-0.5485041069004859
CHST4,-0.5341882897770841
P2RY14,-0.6513627156808434
SLC30A10,-0.39996431687459466
P2RY12,-0.05727946567762465
P2RY13,-0.36014047889202616
TAS2R8,-0.6988957286583107
SPIN2A,-0.8769798731310074
TAS2R5,-0.6531013663449243
TAS2R1,-0.9887581075658153
SSTR1,-0.8336789834113486
SSTR3,-0.8202060687803675
HAND1,-1.179748652660359
CXCR2,-0.6290554061280246
CXCR1,-0.6524443968930581
TAS2R38,-0.6503861163261396
OR1G1,-0.9599924166497709
C5AR1,0.017513460799176726
TAS2R50,-0.6972348788497833
ADRA2A,-0.25840919593873213
ADRA2B,-0.67799875333596
CLEC1B,-0.6213933666014398
CXCR6,-0.5491402245324816
JAKMIP2,-1.3233848162851347
LEFTY1,-0.704203668178433
CXCL2,-0.3380355349329019
PYY,-0.856523906235307
CCL5,-0.17467666660194311
TAS2R20,-0.6819242022642309
INSL5,3.062173606720517
TREM1,0.09803513906021502
ITIH2,-0.7600123567325879
S1PR3,-0.6409869156181338
S1PR5,-0.7740256830544782
S1PR4,-0.2020819003783236
CFHR2,-0.6915930040716841
TAAR5,-1.100181653641531
TAAR8,-1.0796605312092333
SEMA6D,-0.5925444972881385
CHRM4,-0.8181128715486552
CRHBP,-0.7433372364658273
TAS2R60,-0.6827689804776609
RLN3,-0.7409689936970056
RORB,-1.292310620931137
FPR1,-0.15212532339461982
FPR3,-0.3463470466483361
ADCY4,-0.46752149719020636
ADCY5,-0.8602872822481031
ADCY6,1.4415089081828125
CXCL6,-0.608896698408311
CXCL9,-0.41426529047574856
NPY1R,-0.6761669245016471
GALR3,-0.7641245277332903
GALR2,-0.6974767976176981
GALR1,-0.698468259550814
ADORA3,-0.5859155279524133
PRLR,-0.3032026461337708
KRTAP4-7,-0.9658417463999596
GNAZ,-0.5352431792591851
NPBWR1,-0.7234463099675278
GRK4,-1.040036613162828
CCR3,-0.8652278559375829
CCR5,-0.4021685843401988
CCR6,-0.7237867265327724
CCR8,-0.8604865535674298
NPY4R,-0.7009038562623267
BEAN1,-0.38055411757332536
C3,-0.2750640282247631
C5,-0.6376508016957648
TAS2R39,-0.6665432680042053
OR1E2,-1.0838462121379773
OR1E1,-0.7611684222738918
PNOC,-0.7476337337839992
OR7A17,-1.0184014766197729
GPSM1,-0.7553124472959297
OR2J2,-1.0629640306051262
ADGRE3,1.1623923853839881
ADCYAP1R1,-0.6245270871654217
PI15,-1.1093318534229608
LINC01587,-0.9306946365131368
HTR1D,-0.9295215095725795
UPB1,-0.3724869457709157
GRK7,-0.7166639868898064
RXFP4,-0.6902616206642082
GRK1,-0.5909280973827373
KCNMB4,-1.0772005163546947
IFNA10,-0.9979631952089582
DCHS2,-0.7430684841852216
HCAR2,-0.6771252295994442
HCAR1,-0.6567127089170937
APLN,-0.7292466586827272
TRIM49,-1.0809319690758767
MTNR1A,0.2449857116337253
OR7C1,-0.5770369285104922
OR11A1,-0.6421420102763771
OXGR1,-0.678636514282913
SUCNR1,-0.6952571268950549
TAS2R30,-0.6791749677488329
TAS2R31,-0.6516310925552149
CORT,-0.7659803381327419
CCL11,-0.48305265598200214
CCL16,-0.6441968386450329
TAS2R43,-0.652066489453944
TAS2R42,-0.9298390738875006
TAS2R41,-0.6885728467051186
TAS2R40,-0.6909553166611472
TAS2R46,-0.6503861163261416
PF4,-0.5533957562758763
GPR55,-0.7130496511889939
ATF7,-0.6188141217900281
FBH1,-0.12756010784305027
KDM2B,-0.6927005649722884
FBXL6,0.20282220302595153
FBXL17,-0.1039931293374642
ASTN2,-0.5547055597702468
ECT2L,-0.6429580602842662
PRAME,-0.8053887943439788
FBXO45,-0.08888852173654033
FBXO47,-0.7785310652041767
FBXO42,-0.13307956102510926
XKR8,1.6781218849112742
FBXO36,-0.10347924547562277
CBWD3,6.29827242579645
PPP4R3B,-0.11207880460204817
PPP1R37,-1.4023312738916482
XPNPEP1,0.4820658718889803
SH3BP1,0.20316220426620274
SSU72,0.33753130879186904
C1orf131,-1.004420325104195
SIKE1,-0.782702229649769
EEF1AKMT3,1.2958401700017081
SH3YL1,-0.032476007305042
ATE1,-0.0356425162850699
ACAD10,0.22782234558663433
ARHGAP44,-0.1906753463153452
TSEN15,-1.1025130945029886
TCTEX1D2,-0.16220650923270286
IL1RL1,-0.8567137171111329
CYP2W1,0.01238795328237548
CYP4F2,-0.14771423582756954
CYP4F3,0.16485338407765657
CYP3A43,0.3703126810554815
CYP2F1,-0.38587336940821243
CYP4F12,-0.16840354512439784
CYP39A1,0.09987848211720793
TBXAS1,0.6673397046835376
PHEX,0.24177725639823852
BGLAP,0.6813841039283299
GC,-0.7227590022066298
CYP4X1,-0.062312349096735546
CYP27C1,0.18645463648982263
CYP2U1,0.2195415824867519
CYP2C8,-0.35491751464887905
CYP26B1,0.9180567829775376
CYP4Z1,0.4781242140013881
CYP8B1,-0.23792875284618234
CYP26C1,0.1724694229215135
CYP2J2,-0.08182691264113245
CYP4F11,-0.050512766743154365
CYP4B1,0.04622389073663212
KCTD11,-0.34846855412131966
MCTP2,-0.770279636242897
CYP2B6,0.22034676325426714
CITED1,-0.5233733292744893
CYP20A1,-0.15037412486421656
CYP4F22,0.10236043598083552
CYP1A2,0.12859134220543952
CYP24A1,-0.2394629532422917
GCAT,0.5048803812542075
KL,3.1160734763765485
DEFB4A,-0.7812735505947065
CYP4A22,-0.5893594030957456
CUBN,-0.10170149201995954
CYP4V2,0.797701763758897
CYP7B1,-0.28855829371142805
BAAT,-0.4756567736000201
CYP2C18,-0.2193421878613602
BCORL1,0.8500670995602209
DVL2,-0.440747709968535
KLHL10,-0.9612378974162678
KLHL14,0.19521652084939495
ZBTB42,-1.0876113107592127
SUFU,-0.568343273313243
KIAA1671,-0.15055234053612526
ZBTB46,-0.08889775628154051
GPR101,0.3075928445884426
DISC1,-0.2988421340310276
THSD4,0.5209943866078235
BMPR1B,0.32665737013713547
OASL,-0.13810837989778113
CBFA2T2,-0.11188875130362744
ZNF843,-1.1655826796680735
SIRT5,-0.3173107629162482
ING4,-0.16154911138072542
EFHC2,-1.137383311299821
ING1,-0.7776002632618944
PHF23,0.1922225203762431
ZNF775,-0.7736463716940737
PHF2,-0.43877704288574426
TET1,-0.6234860370484371
DGAT2L6,0.14299722047261412
TMEM239,-0.7487237308646196
ZBTB22,0.8993892484820055
ABCB9,0.25484152552395206
NACC1,-1.0172041750209808
PPP2R2C,-0.4250567440280254
ZBTB45,-1.1623419727158837
ZNF653,-1.10829712716349
CDRT1,-0.9912353117210426
AMZ1,-0.9091128028246258
NKX6-1,-0.7986562490554443
VWA7,-0.41863854124220934
MTUS2,-1.1063602675305735
GPR21,0.4906373700937894
ACSF3,0.9594897866782454
NOTCH2NLA,0.07791872565918048
TRMT2B,-0.0819523527600873
MAGEA1,0.08558007908363362
MID2,-0.8653162442056384
GPR137,0.9227157350287403
FAAP24,-0.1638716827276854
TRAF1,-0.5036075606508589
KIAA0556,2.7276403227472183
KRT40,-0.5026263153410883
ARHGEF38,-1.0999792490630085
PIGQ,3.560494381630151
RALGAPA2,-1.1935197031953564
DDI1,-1.0979756081797536
MTMR7,-1.0527544268054112
FRY,0.045426705166661654
NKIRAS2,-0.6156295415002411
TBC1D14,-0.27865091194320013
GLT1D1,0.7647083984335189
STEAP4,-0.5837534144184484
GHDC,0.03596044188350961
POPDC2,0.7089531146944819
CYB561A3,0.31452849988471604
ABHD14B,1.0563612942412628
CHRNA9,0.5883261455008715
BRAT1,-0.2078306613331979
CAMSAP3,0.13648503065042591
TKFC,0.5311916257297147
TMEM219,0.5851008282317373
SDK1,-0.24177752233944533
IGSF22,-0.7959484111371218
ROBO2,-0.5300287822977017
DSCAML1,-1.000459946884381
MACROD2,-0.6326573709505495
SDK2,-0.17433709169622677
VMAC,-0.14813347686210096
CNTN5,-0.7696508964671076
CNTN3,-0.6080455312754399
CNTN4,-0.3732517372565958
DNAI1,-0.9888527360679831
CEACAM21,-0.4397594210506922
FCRL3,-0.482956992129893
IL13RA2,0.2361833090132999
TMEM30B,0.3538117350217091
ORMDL3,0.3012069120920806
ROBO3,0.8422064897711976
EPHX3,-0.9162469440545873
C9orf43,-1.1394788553872597
SPEM2,-0.65185597029558
TMCO2,-0.6643047966915567
MROH7,-0.991669770442376
SAMD15,-0.8488069908908785
TKTL2,-0.16882504094235548
SYCE3,-1.2385563666796582
TPPP2,-1.163872528755243
COX8C,-1.3031954697381036
ZSWIM2,-1.242700977206609
ARMC12,-1.0956885413810684
ZPBP2,-0.48598471507371965
CCDC70,-1.1840333671828591
FNDC11,-1.0274754587081254
RGSL1,-1.0807344161393537
CCDC96,-0.9050347751075254
ACTL10,-0.21815399409906255
TTC23L,-0.6191012989113236
RBM46,-1.2809308992818678
STARD6,-1.0931681704034109
C9orf57,-1.2579485722170118
DMRTB1,-0.7206232906970783
AL163195.3,-0.5474250678226416
PGK2,-0.8023411644180135
SPATA17,-0.7883591574735912
SPATA19,-1.1422932990336896
C10orf62,-1.1136017600487826
FAM47B,-1.122519496549614
C20orf144,-1.058203220183589
IQCF5,-1.0802412573044917
CCDC42,-0.6748419181108675
DNAJB8,-0.5502332414485797
TSACC,-0.975600401160691
ODF3L1,-1.205121513180588
CCDC38,-1.045477646155428
SYCP3,-0.6701196490688449
SPERT,-1.3020145678942834
RNF148,-0.818892223056601
PRM1,-0.913751476081275
SEPT12,-1.095461069295478
REC114,-1.1366015697177008
HMGB4,-0.8827087650541072
RBMXL2,-1.0247450205519242
ZMYND12,-1.015159286622709
DYDC1,-0.8504270116134178
GOLGA6L2,-1.073022305576606
TRIML1,-1.061947158951285
TMEM225,-1.0267994501251767
TTLL2,-1.1579615043996763
C14orf39,-1.0254019869301112
PCP2,-0.942673171739017
DEFB123,-1.1292024586366851
KIRREL3-AS3,-0.6143907183902125
WNT3,-0.6048599511986854
PRKD1,0.12056613209824056
CCL1,-0.5800587203117202
CEACAM5,0.026731304659597156
DNAH9,-0.9537223003054607
ALX1,-1.1173182641180828
FFAR4,-0.8417682567767175
DDC,0.035377014276945104
TBX5,-0.7516301478638527
REG1B,-0.6856977933902582
HTR4,-0.773306475043459
GPR1,-0.982944275105185
PSG2,-0.9326481285491738
ADGRG2,0.3897471377647138
FZD9,-0.9086990636127448
FZD5,-0.6739939315452294
FZD7,-0.4432136886582052
CGA,-0.5802153929211418
FGF14,-0.7630784043415965
ADORA2A,-0.7573874600011682
TPRN,-0.17089918838083804
WHRN,-0.7841258048914461
PPP1R3A,-0.46205271769508316
CLIC6,-0.9553693976826777
CCDC85C,0.3092839137270971
AC003688.1,-0.10391598000150574
CLDN16,-0.37637769676960425
CLDN17,-0.42031377773953865
CLDN14,-0.3390344666279035
CLDN15,0.3684109142427505
CLDN23,0.15812980125888237
CLDN22,0.2589130017804858
CLDN18,-0.8687680717715471
CLDN19,-0.11956666852101834
CLDN25,-0.2644295271494834
CLDN24,-0.2644295271494853
CLDN20,-0.14593991604074796
CLDN6,-0.7006708750892827
RAPGEF1,0.4625998230358364
MTMR2,-0.6325975912155947
GPATCH3,0.2220881146006039
DNAJB12,0.2601393387748983
FPGS,0.5290618077825282
VKORC1,2.670221405702245
BCL7C,0.6241803223619634
PLEKHM2,1.5253679667252356
MCAT,-0.105797688652734
TOLLIP,0.683181126837166
POMGNT1,2.1321079351465477
ST6GALNAC4,4.608879075632298
PEX10,0.4650863434791359
MUL1,1.0713714574992939
INKA2,-1.2813355046022612
CEP128,-0.7899351019274482
CDC42BPA,-0.3663976915805398
INKA1,-0.7477650846405339
PAK5,-0.5790766869198466
CHST9,1.0262609542539256
CHST2,1.2347261743870472
CHST10,1.966346861479279
CHST13,1.9050676905694583
CHST12,1.3384424766026903
LRP6,1.0113518007582694
CHST14,1.5422053356257661
CSPG5,0.3270272579242775
HS6ST1,1.9380270901541194
HS6ST2,2.316271964577889
HS6ST3,2.4855519013050054
SYTL5,0.7046634298901528
PKP1,-0.6689880879471575
MS4A1,-0.7520303035795292
RADX,-0.8618725205562969
NSG1,-0.7581250924068175
GP6,0.016691395663733437
ENPP1,3.607715450704625
FLRT2,0.2070790608615879
KLK1,-0.7392599127325753
SUMF2,6.247890466872965
CCM2,-0.29851038872887276
C1QL1,-0.21671084488008335
F12,-0.47066766521479275
SLC39A2,-0.629324403646873
HOXA11,-0.7084843061116449
PAX8,-0.3937222521924255
LRP2,-0.09892082484717316
IGSF1,-0.6065232426140219
SOX3,-0.7376272075737584
ARHGAP6,-0.640332410965392
GRHL2,-0.8429387343490944
WNT5B,-0.4792181876864811
PEG10,-0.2612896285650102
APOD,2.3669575424045277
CEP170P1,0.20377687980863216
PTPRZ1,-0.7309283348943235
NHS,-0.4284931299335832
ATG4A,-0.05624915219827257
SLC25A14,-0.400275550355287
CPLANE1,-1.1632422315017732
ADGRG6,2.2314417998545424
AL139011.2,-0.18447069719663153
PPP1R14A,-0.06574550533454972
GAS2,-0.0012096907597928845
CELSR2,0.07690984248823546
GLRB,-0.7268895332656409
NUP62CL,-1.4059917287217485
PSD3,-0.40629456604420106
NME5,-0.25411719792233206
AMMECR1,-0.6170061401813013
LIMCH1,-0.10216760590511666
SCNN1B,-0.6353670346509784
PLCE1,-0.04793795092021968
GLCE,0.9117527514348832
TOM1L1,-0.242969017375583
NAV3,-0.23004112217092126
HOXC6,0.024677305951451185
DLX5,-0.9169213335882399
C1orf198,-0.8988267358125146
SPOCK3,-0.6047435877712689
VPS26B,-0.023331410125825888
SERPINA7,-0.28150365136589445
PDGFD,0.5803834744006411
USH1C,-0.9502343948195752
SLC15A2,-0.9425592506748223
SAA2,-0.585491399837691
PTGDS,3.1706619512635954
PAX7,-1.0182287508539747
PAX2,-0.6433624270229604
ATP6V0A4,-0.4358756967897299
SLC22A2,0.17607113879119335
FMO3,-0.09474186116461315
MCC,-0.4366228467812378
MMP19,0.107662933136336
HFE,1.918654117604005
FGF12,-0.8788633583268978
ARSE,3.0818025447449124
PLA2R1,-0.2133318149023099
ID4,-0.04716115825426606
CPED1,0.5161618766460366
DPT,0.0033558279041233153
DKK2,1.1401823405612614
EYA4,-0.06749214524076419
KERA,0.06935825519139913
ABCC6,-0.057203480276774576
KRT33B,-1.0442590346881477
LHX1,-0.4034897432727531
PTGDR,-0.18226485995002023
GPRASP1,0.45567691374402153
EMID1,3.236805888277972
CA1,-0.8963908689531526
RASAL1,-0.47285174511173356
ADAMTS6,0.06840963869140385
INSL4,-0.5141121797555419
DMBT1,-0.545539688194687
VN1R1,-0.9714763940952148
AFM,-0.7768672961156244
MAGEB2,-1.3197409052725824
SLC22A11,-0.3216666284053578
CLCNKB,-0.27957617738469936
CLEC4M,-0.9200160901302615
HOXD4,-1.0160944206546725
SCNN1G,-0.7466580530565856
FCN2,-0.4762824102017867
PAX9,-0.7772510132749343
NAA11,-1.0834581589983978
KRT85,-0.9168168917279808
ADRB1,-0.7622707716019984
CDH16,-0.504888294589874
POU3F4,-0.7533396542254106
USH2A,-0.423093192960317
SFTPA2,-0.6270532732901546
ANKRD34C,-1.016179343467593
CRYAA,-0.03397431727325088
UMOD,-0.4359826831438819
MFGE8,1.0781122248691928
CELA2B,-0.31218550751266066
ARHGEF17,1.1229546907451466
TMEM184B,0.45615197430636006
CLPSL1,1.1354084322729887
SOX18,-0.03728776492221007
FARP1,0.44683933462546466
GPX7,0.7207487293396011
RETN,-0.010314196176578137
KIRREL1,-0.16409428085117386
MXRA7,2.193518983660773
ERG,0.040918440254161366
NDUFA4L2,-0.07022392915565076
SPON2,1.5141720090766488
SHOX2,-0.620270663724401
ITLN2,-0.4327105574752689
EVA1B,4.643898913022614
FNDC1,-0.2677706552205547
TSC22D3,0.36564835926536765
LPP,0.030648382911662768
C1QB,0.7669180360201253
STBD1,0.7830086822159131
VGLL3,0.4365521506870899
SOX4,-0.1386132646950944
ARAP3,0.5968368795997049
DCBLD1,-0.23992658297695607
SLC16A2,1.088869393854826
FKBP10,1.2548812759553207
PLVAP,0.2881409733007665
UNC5B,-0.16023383643340433
RASIP1,0.6450723919669015
UAP1L1,4.01783929583599
RARRES2,0.658047464690894
CDH6,-0.6577480594846064
MYO10,-0.4256366296882615
MID1,0.027884684204492815
FGL1,-0.16325526416037717
SLCO2A1,0.6760958088469169
RAB34,1.106904716318074
AOC3,0.2648930847523397
CCDC102B,-1.115943999743772
NDST1,3.8761553779090177
BMP3,-0.8449079912673468
HYAL2,0.4636875211254053
CCDC80,0.4509278285725913
ROBO4,-0.20341596825445635
EGFL7,0.5510136943730208
TBC1D1,-0.22047051883171606
SGCE,0.4723286815211681
ID3,-0.3543375377066973
GJD3,0.0479550774359354
MSC,0.2102874820724946
SERPINA6,0.7514559328040263
VWA1,1.2221002078641452
GLIPR2,0.9700103780311748
PTPRG,0.42623671545502634
CSRP2,0.5101625864690458
ADAMTS9,0.45464856994938224
C1QA,0.1000096246230526
SAA4,-0.7718252277110395
PCDH12,-0.4951253880759921
SVIL,-0.13256735578377285
CDR2L,-0.4998333616282396
INHBB,-0.40557140689868254
SPESP1,-1.0052547735906148
APOLD1,-0.10180019079716708
CYBRD1,2.398660460483446
COCH,8.135282476314769
LIPG,0.5478489146387583
MYCT1,-0.3285576459723476
GASK1B,4.192591908465334
NXN,0.8778176284791547
IKBIP,0.17134105491259852
HEPH,-0.031507861586348544
TINAG,0.43640622880348956
OR8J3,-0.6411199997422723
OR4C15,-0.9557032279383548
STK10,2.1108618607478675
TYROBP,0.30491228608685567
ZDHHC12,0.23715515090326408
GMIP,2.885353051486541
CDA,-0.26758679553574755
NPL,1.7909333287898361
PRR13,0.46095390575198425
TNFSF13,2.9502497690918688
MGST2,0.23540557884590257
EDC3,-0.5323905158583829
TMEM127,4.354786159473484
GLMP,1.5574858256985524
HOXB6,-0.5322719280225705
FTL,0.8359702216467958
SDF2,1.25707397345111
BCL2A1,-0.12030798057652772
FRAT1,0.07566967578388256
ATXN7,-0.2855429660827041
SMAD9,-0.33418480998439787
OTUD5,-0.23048306068702623
NADSYN1,3.007001465387215
GFI1B,-0.2667959240655623
SHISA5,1.1645663969566622
STN1,0.4555977214491034
N4BP1,0.013350040441960958
MS4A6A,0.3863300855434412
ABR,0.7226807509992812
ARSA,3.9773242200265404
SIDT2,1.7702526738552777
MAN1B1,2.8953995988389156
HPS1,4.045557534349611
VSIR,0.6855731414762452
PLBD1,0.9602332798623028
TMUB2,2.0634756737439885
ADAMTSL1,1.8095604171760111
TADA2A,1.6387046970751502
TNFSF12,1.0578780156829737
TREM2,0.43733804072886523
TXNIP,0.25797576503456615
PPDPF,1.2267136582769922
ADAP2,0.649340234020444
NAGLU,7.6277346223610385
BTD,0.9932645873549392
MFSD10,1.5784347987209963
IFI6,0.2208515198904585
HS1BP3,1.106267224970402
ACP5,3.294399042215738
BMT2,0.45982911600959947
LOC100653049,-0.8582240250674537
CYBB,2.1627015531257765
IFI27,0.22034514547850295
RNPEPL1,1.1023992335149275
CCDC92,4.845817796655391
C11orf68,1.4140059371186946
TRPV2,0.7573419691833368
FAM131C,0.7500615845388218
KRTAP1-5,-0.4775596340934986
CTSF,1.342779594014358
TRPM4,4.647648499771715
SECTM1,2.3928367032165987
MAFB,2.1686529476914647
PRKAB2,-0.6334447142743853
BST2,0.8503094218511871
LGMN,2.500463900863472
LAMTOR1,0.32276425897462324
SRGN,0.400239483228814
GMFG,0.1881821373907537
WBP1L,3.686252735517551
SLPI,-0.4950705969757224
KRTAP11-1,-0.5007474125836054
PLAAT4,1.7773837209153203
STX10,1.0053111213578478
KRTAP15-1,0.20494685897723808
MICU1,0.60201071160857
CALCOCO1,3.2692088083874102
ZFP41,-0.017700799075967142
ZDHHC24,1.1418154514560308
ANO10,0.31396435462889094
CPNE2,-0.8420636583520993
MAN2B2,5.015471524133304
S100A13,0.8672760424608442
LYZ,0.20456235549407287
TTYH3,1.7182692471075363
IFI35,3.348535159238298
OAS1,1.940650734248986
MAGED2,1.0755039163569597
CCDC69,0.39626955718252477
TMEM115,2.791082842284138
GNPTG,2.2059422191272096
FLYWCH2,-0.1933363122738425
DLX2,-0.7470202602089007
FAM102A,3.890943083919136
APH1B,-0.06486548352701656
FAM207A,-0.4258800730725272
BSCL2,1.6764661548373796
ABCG1,3.1547599951117453
AC113554.2,0.19141658893947308
RETSAT,0.617978961896456
SIL1,1.462193519550877
TOR4A,1.22315616382831
INAVA,-0.461430078350707
PYCARD,0.3768068836567839
LRP10,2.76369191259598
ULK1,2.3041366882182883
MCOLN1,4.023688582297454
SULT1B1,0.785671852232717
CHSY3,1.9812295991623066
SBF1,0.9246701076276387
NDST2,4.9026176618729895
NDST4,2.8393216227443316
SULT1E1,2.338665280047162
SULT1C3,3.579631027685415
NFATC4,0.4042030066452976
SULT1C4,1.0722710364145747
CHST6,1.8980527891321648
HS3ST3B1,1.7007028958253025
VSNL1,-0.6828700722133915
CHST5,1.412711513164965
SULT6B1,3.1601961762799258
SCRG1,-0.7364840010895305
DIP2C,0.7147980697403046
SULT1A1,5.1524462562057955
BPNT1,0.6183258796539868
HS3ST6,2.4298007782539828
HS3ST4,2.634851278217689
HS3ST1,2.139892378046865
HS3ST3A1,2.059468023709041
SULT2A1,0.28776516113696415
IFNAR2,0.07811939626934764
ZBTB32,-0.4202529190061226
GAL3ST1,1.2059288895882194
ADAM19,-0.1205894819324538
GAL3ST3,1.6992227606454076
GAL3ST4,0.8581514319592024
GCNT1,1.5100667745717742
CFAP74,-1.0182421915957753
REG4,0.14705029887717783
CLRN3,-0.5540395629399919
TMEM125,-0.3965448059793362
ZG16,-0.5448042069941909
ADTRP,-1.0908732470871847
ATAT1,0.259343659350423
GSTM2,0.9847480829540532
SLC28A3,-0.8581746564097598
PCDH11X,-0.8461723035084854
MUC1,0.21299982424648525
MUC7,0.9536887212180216
MUC19,1.6795899201555695
MUC17,1.090674645909734
MUC16,0.7631381268009398
MUC15,1.5482896785838953
MUC13,0.4977601569640397
MUC12,1.4470732590553144
LECT2,-0.9846969009282427
GPR15,-0.8620883212488328
CDH10,-0.9726597105839397
KYAT1,-0.08825481956481027
GJA5,-0.4948724869926519
SLC17A4,-0.9774984650221952
F9,-0.5338425654192098
TEX13B,-0.9321964375734125
TM4SF4,-0.6783595752193491
SLC45A2,-0.6738954997265555
TRIM15,-0.5328732730526733
USP29,-0.7236513444509927
LBP,-0.45798432895140967
B3GNT3,1.0355140123429394
IQCA1,-1.262004433977816
EPS8L3,-0.4542465582363597
PROZ,-0.488647927009974
GJD2,-0.6616538505545888
NHLH2,-0.3177732518612772
CA5A,-0.7919655400600945
ASCL3,-0.8790456909909946
MUCL1,1.2610956481938769
MUC3A,1.6624999046832314
MUC3B,1.8338591900456194
WDR78,-0.9873575045082623
NECTIN4,-0.6433562869873605
CDY1,-1.1648189959902195
CIDEC,-0.8130818813657815
PFKFB1,-0.06446685686807684
MMP8,-0.3411258866983529
DEFB126,-1.5206837125597776
KRT37,-0.9997532775970173
IL21,-0.7759319953636933
CNGB3,-1.2672915428222438
GP5,-0.7551127044659361
MASP2,-0.4950131881953821
PAX4,-0.9148128230386767
PCDHGA9,-0.6623255616209929
PKNOX2,-0.744025580690265
YY2,-1.122965411797889
SLC10A1,-0.9726842925061164
IL19,-0.25811526907134696
NEUROD4,-1.004418863509031
LENEP,-0.7067627124315562
IL1RAPL1,-0.9949598092543924
DCPS,0.43133346126566474
GCNT3,0.17391143454060207
HAVCR1,-1.1072104963739677
MUC20,1.982063052685404
MUC21,1.6601370667860382
C6orf15,-0.5999823974901379
CELA3A,-0.32706502206807236
OR1A2,-1.0696948522140828
FOXK1,-0.007483828630620704
TRIM31,-0.7353654252352456
SPRR1A,-0.6346307382597212
PLAC1,-1.2398250243465565
IL22RA1,-0.12247824980477198
MUC5B,0.7680496924554345
PROX1,-1.093698842527233
TMPRSS5,-0.8035228903971158
ARMC4,-1.0772325573285568
SIGLEC6,-0.9522525418095716
GALNT10,1.7633149122664846
ALG9,0.8600869510968294
B3GNT7,1.0593666180333157
DNAJC18,-0.5020286646996319
ST3GAL3,1.5305364257146759
GLB1L2,7.114662039964521
CD226,-0.5377309479004556
CDC42SE1,0.05787068900788926
CRTAM,-0.5926913829294395
CSF3R,0.17077666107333583
MS4A4A,2.3251862117049025
MAF,-0.23692528747109756
LILRB3,0.7834920082912789
LILRB2,0.1799850225661878
LILRB1,0.41261115279305166
CCL22,-0.22765054973513552
GZMB,-0.27280324329705935
GZMH,-0.2727802573699535
SIRPB1,-0.464631817073901
TNFRSF10C,0.23527114949352068
CLEC5A,0.05835559046281099
IGSF6,-0.0281421284125599
IL3RA,0.20713542277336627
PRAM1,0.07215237992551697
LSP1,0.8197285236614892
MPO,2.5872672338383627
IRF9,0.424315824173463
LILRA6,0.17266445213339385
CFP,0.1134342625728104
FCGR1A,-0.1673346346232219
GNLY,0.11562724777602165
HLA-DRB5,0.30342993511053
CD300C,0.42240235649412566
CD300A,0.05611870801433006
CLEC10A,0.3891593529138746
CD300LF,0.3694699211802155
SH3BP2,0.060701310751627276
APOBR,0.6987524259485712
TNFSF8,-0.38229504643199747
SLAMF8,0.3491232936395915
SLAMF7,0.028152666243124933
ALOX15,-0.615035291367133
IL18RAP,-0.20233752345992082
LILRB4,0.12183117800721195
PDCD1LG2,-0.4398092479902589
AIM2,-0.3863861205692741
LILRA2,0.4380421556565614
CLEC4A,0.32849479121329267
CMKLR1,-0.026558846997987957
PLA2G7,0.543695453155126
CTSW,0.2586609429710291
FCER2,-0.10988533742276496
CSF2RB,0.004172144431789035
FCN1,0.053341945531441726
LAIR1,0.11537560548031213
ARHGAP9,-0.398583486780415
CLEC7A,0.09437362294178292
NFE2,-0.0015437379202669376
HLA-DQB2,0.2324579290813229
CTLA4,-0.4809177086012382
SLCO2B1,0.6085043770845007
MYO1F,0.2569503319482346
CD8B,-0.10182197957424197
HLA-DOB,-0.0909948089453475
ADGRE1,0.4525631570010871
ADGRE2,0.7989456656279642
RGS1,-0.17237875353766915
S100A12,-0.2782814073445364
DPEP2,1.0207225604750036
TFEC,0.39170980909157643
CIITA,-0.536017201159216
BEST1,-0.40255610594266733
NCF1,0.16165035933837096
TNFAIP8L2,-0.0957311915379457
ICOS,-0.40819814668364574
RIN2,2.40424346373451
CLEC4E,-0.37885783589634425
C1QC,0.055069877234779394
DOK2,-0.05660093238629685
IL18R1,-0.12292369599423103
ABHD6,0.2505583274437147
PARS2,-0.7732253941355718
ABHD12,1.2261944677787142
DHTKD1,0.8720076646530317
ARL2BP,-0.1021265328471946
MALSU1,-0.6242583402924389
SPG21,-0.7722207179449888
ABHD8,1.0317997805479842
EPHX2,0.33212128440468125
ABHD5,-0.056401141015005526
INPP5K,-0.38154121095915394
SERHL2,0.6381401109644351
ZADH2,0.2749131126118547
ABHD12B,0.4729580345985525
NFS1,0.30886735179282027
ANKRD52,-0.8650943664728564
HIBADH,0.9386675227340839
LDAH,-0.6381284772670164
CHCHD4,-0.678517777501253
RTN4IP1,-0.2620320264756191
ENOSF1,-0.41968888366024987
CISD3,-0.21396393495019597
IMMP1L,-1.040058269581978
UQCC1,-0.6809958853572862
EPDR1,-0.6074297550748083
EPHX4,-0.03437210603549452
NDUFAF7,-0.4834332660495249
OXSM,-0.03604303207576056
HACL1,-0.24539268228304617
ABHD16B,0.6489494206893383
ABHD16A,0.497658664413187
PDSS2,0.7160601655868413
TRIM68,-0.6513897511610307
BPHL,0.08075301644617766
NIPSNAP1,0.3543311474728619
GON7,-0.3447218183511843
CCNB1IP1,-0.6224256025530963
HDHD2,-0.10878687777616647
MGLL,0.8257382443043956
C20orf194,-0.2345193259089874
MAGEF1,-0.6931393493054705
HSD17B8,3.16832936569582
MCEE,0.4333579108913527
EFCAB7,-0.9733430755312829
ARMCX5,-1.6029324890645726
OSGEPL1,-0.8160689670123106
ANK3,-0.7433791611383828
COQ5,-0.46518035134291313
COQ7,-0.6046842292976984
COQ3,-0.8254906651832075
OR8J1,-0.6875607446376547
OR10K2,-0.6408430426866146
OR8K1,-0.6926482065441185
OR5B17,-0.8367547678487876
OR6C3,-0.6573942775278299
OR6C1,-0.7604157068624419
OR5T3,-0.9102725993388279
OR4X1,-0.6868258318860637
GSC,-0.830950457199093
IL12RB2,0.19386888093810398
ZYG11B,0.8413021776838263
DPRX,-0.28637925469973263
FAM129A,-0.04046509109621762
CTBP2,-0.8680800691751175
PRRX2,-0.33828767853089753
NOBOX,-1.010091005098229
HESX1,-0.8029320158653376
VENTX,-0.08473547474958476
MNX1,-0.6704710709837624
DLX3,-1.0878202602457465
ANHX,-0.7298414159090971
ISX,-0.4594879905353112
TLE2,2.4099063532885894
SCAF4,-0.0385668168679447
IL12A,-0.30314352112470005
DMBX1,-0.9392618478319497
UNCX,-0.8085889723244516
ALX4,-0.6304328714008354
PELO,-1.6879220276778428
RAX2,-0.5314037714516965
CDC42EP2,0.5303928916751064
DRGX,-0.47797638160085254
OTP,-0.9202644545981017
COX7B,-0.44800498433625524
MT-CO2,-0.7696986283115623
NDUFB2,-0.2794234116529987
NDUFB11,-0.13818165799723392
NDUFB7,2.6331574367115578
NDUFA11,-0.20998004388489935
COX6A1,-0.24631658499867123
COX6B2,-0.9562355444991312
COX7B2,-1.1127375702003979
SURF1,0.40526709954026047
COX14,-0.286842754132642
COX16,-0.6790069693281101
MRPS36,-0.595319969837597
NDUFA3,0.02854289378904156
NDUFA1,-0.2544159948962306
IDH3G,0.3184648853267662
CCDC151,-0.9195531975128912
COLEC11,0.20032766935137764
CBWD1,0.07183120190619637
SYT16,-0.5777190368269374
WDYHV1,-0.9066115686659841
PLGRKT,-0.37178359771582714
MCUR1,-0.13907629453313355
CCDC120,-0.8152399161641016
DIABLO,-0.3929182399538431
TICAM2,-0.14081298954397484
LHX8,-1.3374755822284814
IRX5,-0.5714023612278332
IRX4,-0.7198345184673479
BANK1,-0.33889616467106315
IRX3,-0.7163126367424915
TCF15,-0.6762012758707696
HHIP,-0.8089465309046142
TNFSF11,-0.24933870606870293
PPP1R1B,-0.771612232944672
SOX17,-0.7846378009039074
ZIC2,-1.1945180409387997
B3GLCT,4.990000969100069
FOXJ1,-0.6435088613959993
HES5,-1.1369810597776795
SESN3,-0.45667977504870483
RGMB,-0.7906356670986187
RGMA,-0.2588502212376164
STRIP2,-0.707336312276328
PPFIA4,-0.23161533093075964
TWIST2,-0.8523218721845316
SULF2,5.537802201253097
VWCE,-0.169469987614691
PRSS12,-0.5459369217297677
NRTN,-0.007217640551761639
GDF7,-0.7830259039787287
SIX1,-0.6459385546719465
KIRREL3,-0.7669558526088547
CDON,-1.2008109742189732
FIG4,0.39985959429243983
C1orf56,0.2600512611140096
LY75,-0.09822172255420589
NXPH2,-0.2890383701837085
SHISA9,-0.6578599990306779
WNT3A,-0.1672195939275861
MESP1,-0.9899400861558953
HJV,-0.391264817726426
ACVR2B,-0.3351553882548314
DLL1,-0.6508621082950933
SATB2,-1.0405133850171975
BMPER,-0.6245687842284194
SPTSSB,-0.18494771948965957
GREM1,-0.2764276539578006
APCDD1,1.4213115431122854
INHBE,-0.840274295431781
BMP8A,-0.5749092774757771
BMP8B,-0.5375895814652031
GLB1L3,6.8602646019060485
PCYT1B,-0.7175611301208862
FREM1,1.1384526328179774
NPTX2,0.8086865229847021
TMEM71,-0.7544781620531731
TSHZ1,0.08344123232374928
PAX1,-0.9734796776383836
IMPG1,-0.8498233426143755
SIX6,1.4877006295467616
MEOX1,-0.7599325807340412
THSD7A,0.6221202840587936
SLC35D3,0.13203409457251195
S100B,-0.4759373149946334
GDF6,-0.6831314660952408
ZFP42,-1.1754628186498581
PCP4L1,-0.5459378331112358
WNT2B,-0.8130408805559166
CRIM1,0.382505654927205
FXYD5,2.7942421676407867
DELE1,0.3965148828977172
BOC,-0.47467427142980095
NKX2-5,-0.7990432087490907
WNT8A,-0.5932418820892192
BMP6,-0.6060345279423023
BARHL1,-0.5195423574805889
ZKSCAN5,-0.8871706945299249
SLAIN1,-0.9608086390033653
AMH,-0.32648055859071085
CYGB,-0.5470473794666013
PRSS35,0.806764030229491
DLX6,-1.0255050528907868
DLX1,-1.0497349213314686
SH2D5,0.06610449368823892
LMX1A,-1.2239531841548987
HENMT1,-1.1071507945623822
IL17RD,1.873756567260967
SOST,-0.16059059632471265
SOSTDC1,-0.763262687650706
HEY2,-1.2772767054004932
FOXG1,-0.8127736689926387
PIFO,-1.0583988217616729
LATS2,-0.5207859845075504
FIBIN,0.0014928069241021847
GLI2,-0.6716060448101935
DGKE,-0.19020904059239394
C1QTNF4,-0.06383994275010328
VAV3,-0.33553470850855793
MBOAT4,-0.6855249026781891
SPART,-0.20153104134164704
LRP12,0.29333718475448894
ARRDC3,-0.5016794966384527
AL591806.3,-0.23983111963495976
SNX7,0.760992692018989
SHB,0.36167988704992216
AZGP1,-0.41995970399852356
ONECUT1,-0.6792985839461018
DNAJB4,-0.19152247923710225
ST3GAL1,1.3533086408421493
SLC25A24,-0.11225680077949794
TAGAP,-0.31118062264561075
KRT3,-0.4160192628812031
OLR1,-0.008188699568109256
NHLRC3,0.46282645866567645
F11R,-0.6268732619629024
KDSR,1.1568084109038201
ERLEC1,2.300570438185425
LYZL2,3.3237747704115175
TBC1D12,0.16929681850072073
GRAMD2B,0.11867145784046687
DSPP,-0.6414644602015563
BLOC1S1,3.2091485620496383
COMMD6,-0.18172380014225467
MT-ATP8,0.29337558743526965
SELENOW,0.5216258333541095
MPC1,0.6008510818173366
NDUFA10,-0.11538936870451164
DMAC1,-0.3442716512093923
HIGD2A,0.6220032632843475
AL133352.1,-0.13508542755772646
NUDT2,0.020423197043654754
MAGEA2B,-0.4237409909509057
TOMM7,-0.33772916066113123
TOMM5,-0.8013634653513967
MRPL20,-0.6830737488853921
TRIAP1,-0.49801840497606226
PNPLA4,1.205507809558465
ARV1,2.207011512416242
GNAS,-0.1460640839769766
AAMDC,0.23770007383981023
ANAPC16,-1.0475804035561143
SPAG7,0.051245517594151684
GRHPR,0.572973098736095
ECI1,0.23840076802439256
SMIM7,0.02633045934970127
C15orf48,-0.1505778327619459
BAG4,-0.6116465915050785
LETM2,0.6203584215738365
PLPPR2,2.9021813513872043
TMEM54,-0.12336411734749793
PLPP5,1.4064929583895298
ZNF518B,-1.10970810870752
ZNF521,-0.6216772549757894
FAM170A,-1.1727173042586376
VSX2,-0.8156972476130582
SEMA4D,0.20653956275513394
POU2AF1,-0.49667379871092837
CCND3,0.5588161504240575
CLEC2D,0.03660538466405531
CD1B,0.22794682992277154
VPREB3,-0.1617293866335006
NKG7,-0.11406908203438985
GZMM,-0.05377317416371662
ZNF831,-1.1861298110592584
APOBEC3G,-0.035532086287892034
APOL6,0.2413506738388132
APOL3,0.3320512963386861
APOL1,0.15212444083954535
IFI44,0.014220237336579095
SYTL1,0.09046963276168885
CHI3L2,0.4240364171074561
NFATC2,-0.691828912520755
G0S2,-0.003888710714191226
IRF7,0.32309322228926846
CD96,-0.1777042659942484
TMC8,-0.5188117195473602
SCML4,-1.1245605250008641
ARHGAP30,-0.05058941999611073
CPPED1,2.4955609564353356
ZNF276,4.8908509768936685
APBB1IP,-0.26129748116211665
AKNA,-0.23338805919332906
SKAP1,-0.1800087742939955
HELB,-0.8390327804386324
ZBP1,-0.02307432523326023
MZB1,-0.10566880268037518
MICB,0.04246144365863785
LAX1,-0.581807178725567
GIMAP7,-0.24482381943405793
IDO1,0.0061936897724105345
TMEM156,-0.5974496105202982
NLRC5,0.08057205740145086
MOB3A,0.55165814800074
ZNF862,-0.25454914983242355
CCDC88C,-1.4236296252472513
TLR6,-0.583414810849721
BATF,-0.26414793322664626
PREX1,-0.2929299058128944
BTN3A2,0.2889877423359929
UNC13D,0.33082019436792215
SIT1,-0.3454320542556272
CCL17,0.23145420759761542
RGS19,0.33465945407892367
OXNAD1,-1.073367792220448
UBASH3A,-0.5051704420677537
RASA3,-0.21329012522857738
IL27RA,0.11023886677840589
PVRIG,-0.08668761399460077
C4A,-0.022810816589901015
PIK3AP1,-0.13359942328900062
AHSP,-0.694077763651477
PGLYRP1,-0.4975289126754236
HVCN1,-0.3175659035468052
GYPA,-0.7385868991949631
LPA,-0.4720033805648616
CCL3,-0.17403539723240077
VSIG4,0.3008252053169308
LAMP3,-0.026984399923256838
TM6SF1,0.2499798788879154
CHAMP1,-0.18789776460960372
PADI4,-0.02192964463447201
CIDEB,0.3607477118175508
CRLF2,-0.38756491830973666
NAALADL2,0.24228649150013642
FCAR,-0.07945862294501335
IL5,-0.5615841162134496
C1S,0.31296129615219676
HLA-DQA2,0.45764995678281356
AC018755.2,-0.289028770957067
MPEG1,0.3085975454131667
IL1R2,-0.03884442171675265
MPL,-0.2151672083303566
FCER1A,-0.3461681092053073
SNAP91,-0.4271111745443182
CHN2,-0.284903783804984
NFE2L3,-0.4572937738310225
GSTA3,-0.1531457692670862
PTPRN2,-0.2513564823726711
BACH2,-0.7796873853656425
FAM30A,-0.23156354651690078
MAN1C1,0.9124167598140643
BATF2,-0.06408082576565008
BEND5,-0.9905652099473431
SALL2,-0.19197036195111153
NDP,-0.8126248828573613
JDP2,-0.34473005415953567
HNF4G,-0.6377128948839532
NR1D1,-0.3551618496393635
PPL,-0.16045675048460412
PIK3C2G,-0.6488328001518276
KCNMB1,-0.46286556373688587
GREM2,-0.575110376129172
CCN5,-0.08748863786270303
OTOGL,-0.07383394545206859
CGB5,0.4391010429058121
CGB7,-0.6077292618798066
CGB3,-0.401806047112781
PDE1A,-0.13624761098086502
GPHA2,0.611642277781822
IGFBPL1,0.12947966319259038
PTPRR,-0.6456120174965244
TCFL5,-0.9398540505773499
TXNDC17,-0.15170164993851368
ZDHHC11,-0.32897268394360707
SLC27A2,0.27337581656009
RUBCN,0.34387857137004385
ACVR1C,-0.5563529206326131
GDF11,0.42881978311539676
ERVV-1,-0.8778962494417961
CAMSAP1,-0.22934026801098606
NPHP1,-0.7265091072936896
BARX2,-0.5064488472521934
MAB21L1,0.3448630632538661
GJB6,-0.27222114150635834
TOB2,-0.5347583871148908
CRISPLD1,-0.28467812217291616
LEFTY2,-1.0430673843621399
ARID1B,-0.6214016591370293
HEYL,-0.5589769271117387
FOXE1,-0.7210069459388748
MTMR11,0.7275834765332977
ZNF8,-0.9914512714383951
DHH,-0.28000103182177666
INHBC,-0.8353904185822143
ZSCAN4,-1.509751657351245
PNPLA2,2.8739557207796924
MSTN,-0.8751273058817983
TBX6,-0.9735855940171536
CPXM2,-0.5409993815910791
VCPIP1,-0.43896003190190774
EXPH5,-0.9408581849907582
MCM3AP,0.2335889643431316
GDF3,-0.9645471054996129
GDF2,-0.811995218932525
GDF1,-1.0548987625008917
EYA2,-0.2330751056313457
CSH2,-0.702930234997673
CSH1,-0.560778208365246
BMP15,-0.8183681680281527
RCOR2,-0.19053311681690058
BCAS4,-0.267528330416231
RERE,2.9480070268419647
DNTTIP1,-0.2788550789543267
PHF12,-0.42545386088000486
ELMSAN1,-0.07691360563754532
MTA2,-0.3896660434080994
MTA3,-0.6399560899866983
MIER3,-0.6319724480326414
MIER2,0.2436072685706061
ZNF827,-0.33810804907344477
GATAD2B,-0.8437853682311512
LRATD2,-0.13817427906944896
PARP16,3.273128993802867
RPS6KA2,0.24043158021114377
OLIG1,-1.5300538930664687
AGGF1,-0.5554921373929376
TSTD2,-0.039230249977460094
SOCS6,-0.4380058349246933
TRIM35,-0.8152619644768249
TGFBRAP1,0.00364197799096678
PIAS4,-0.25796701504380976
TDGF1,0.6626175457639049
VPS13D,1.594697001178828
ZSCAN10,-0.8998994231010985
NUAK2,-0.7598221302780644
GLMN,-0.8511504486558731
MEX3B,-0.7323944777027089
MAP3K13,0.02230087837742829
SKOR2,-0.3635158492034634
EPC1,-0.7454145060471118
MSANTD3,-0.49547751697765613
THRSP,1.1384290137941435
PKNOX1,-0.8193412321015512
GPALPP1,-1.364085305070539
SALL4,-0.9924304491843425
IL23R,0.39388094621675485
ELOVL5,2.253749705003297
CWF19L2,-0.8959257462258714
GTDC1,-0.9818233799043075
METTL4,-1.3813997210775837
NKX3-2,-0.5512149202206604
DNMT3L,-0.8359955897442136
MYZAP,-0.29632585629139624
STIM2,4.886727312545515
E2F5,-0.9535525407545745
EID2,-0.20977791954634392
GREB1,0.5821047366307592
PARD3B,-0.2818186924324163
IL24,-0.5237628515801858
CBFA2T3,-0.541100810261439
BCL9,-0.7904136105901665
STK11IP,0.2550812181826822
TENM3,2.5190347298117883
KDM6B,0.47246310458452845
GOPC,-0.1936611048206417
RASA4,-0.7643342647960338
TIAF1,0.6484663419909628
WDR35,-0.1864407345321796
TCTA,1.3135192019002235
C11orf54,-0.762144394989409
NELFCD,-0.46185076125044044
PYGO1,-0.7719869036820771
PYGO2,-0.24196784360490617
TGIF2,-0.7970459101124107
ZNF652,-1.2320864214622116
USB1,0.2892694966974832
HEMGN,-1.2336507243608839
STK35,-0.440350744674449
ZBED5,-1.194264115594387
CRYAB,-0.387622558548657
CFC1,-0.8273256325102594
ALDOC,0.26606676845320665
DCP1A,-1.3417295349938296
RAB3B,-0.42412970110567394
TBX20,-0.5983233169380847
ZMYM5,-0.9820039569087701
FAM169A,-0.6128395881441551
PUS7L,-0.8160006347521603
DLG5,-0.4597029983991808
PLEKHO1,-0.10347414996235159
PCYOX1,2.1950095585812757
ZBTB8A,0.23250533835889356
TBX19,-0.5325887018313348
VGLL4,0.9533957101866388
SOX7,-1.261889837786554
POU6F2,-0.9697668971347557
CSPP1,-1.0544599215361163
LSR,0.7346238699448947
KMT2C,-0.8650088635775233
IPPK,-0.015197733109575739
ZKSCAN1,-0.737914385090904
RFXAP,-1.0500449730319918
HOXA13,-0.7293492545112803
BTG3,-0.5157239179681069
HOXB8,-0.9006023548101888
RPS6KA5,-0.6061919314465972
CLIC3,-0.462271213041229
BARX1,-0.7535858011143649
HAND2,-0.6593171621246081
RNF165,-0.7805983950976461
TNS3,0.4534571183231188
TFAP2B,-0.6933212312075078
LOC102724428,-0.5977917243746199
PEX6,1.1246631811497956
TAB3,-0.254385102067745
ZMYM1,-1.1980069736918142
DIPK2A,0.13542243976860602
SLC39A5,0.5025975921578142
HERPUD1,0.44203833074822463
CWH43,-0.6121153328419636
ZCCHC12,-0.9843063897952887
KCNQ5,-1.336970225436821
SLC39A9,3.122531327016797
ZDHHC3,1.378492714479751
VPS18,0.19822909770511643
IRF2BP1,0.3388999940041854
UNC5D,-1.1359984930061973
POLR2J2,-0.3108986003224412
FHL5,-1.3056195676735611
CTDSP1,3.4930003733364274
MAST4,0.0482992064480573
GMEB1,-1.4228945454674582
VEPH1,-0.2777186631258721
NEK11,-0.8342561879318896
UBXN1,0.14333796133046617
BTBD2,0.8206473816465011
PPP2R2D,-1.0146535186608285
MCF2L,-0.3943920169776255
BEX3,0.25818842244846135
RGCC,-0.11075245637546036
MTMR1,-0.9233837238160278
GFER,0.07861046951055112
MYOCD,-1.2205772174297094
SEMA6A,-0.3238160053864895
TPGS2,-0.8723873057409232
SH2D2A,-0.4555433241707451
C22orf46,-0.4126986256005439
FAM161B,0.02714339594508199
RNPC3,-0.9787504219350481
FAM83G,-0.6262862446054454
GRIPAP1,-0.6858006097846742
C1orf116,-0.6414444976460584
ARSJ,5.59223357665835
DPP10,0.15905316448800344
CCDC25,1.7984755349884456
HSD17B3,1.1230421301379985
TRIM62,0.18775817085672702
TCEAL6,1.6837234259194418
MKS1,0.5444724928897561
CORO2A,-0.37268863630540694
PBDC1,-1.0921330201072887
COMMD10,-0.3792687800801461
LDLRAD4,-0.9324330322989791
PTMS,0.4968431257786035
PREX2,-1.5252827133662559
TAF3,-1.0519567999098685
ZCCHC14,-0.1338870981559517
MMP13,0.2321369478105786
IQSEC2,0.22462711683416295
ZDHHC4,0.09413985113268145
EBI3,-0.04735007672749841
ST6GALNAC2,0.7784205242415767
IL37,-1.0331051687926067
RNASE12,4.769536506778892
DHRS3,1.1947873621098115
POU5F1B,-0.8243361429477013
UBL4A,-0.038840286492107516
DYNLRB2,-0.711165190510278
GAS2L1,1.492858765331035
RSPH3,-1.0579582420423885
TNFRSF19,0.17396467868089957
TEKT4,-0.37828711758069883
R3HDML,-0.6717238307188805
TRANK1,0.43102156546268816
C15orf39,0.5465156769988178
KIAA1522,-0.13448181361810055
BCL9L,0.2758376693499226
APMAP,1.6734347636473763
CFDP1,-0.8916248489381967
IL36RN,-0.8942707317749884
IP6K3,-0.2921986025916262
NOX4,-0.11411566460213395
MN1,0.05051654632677681
TTC9,-0.8001742118660018
KDM5C,-0.6688623447705697
HOXA10,-0.758927494600669
PPP1R12C,0.3250394241568038
PDZRN3,-0.5047320066494069
SLC9A3R2,-0.061395135482344945
TBC1D10A,0.12351357056195005
SLX1B,-0.1055152642488634
SLX4IP,0.47009312170283946
EME2,-0.5996008340855431
XRCC1,-0.2110320021338016
ZNF500,0.7778541657288094
SLX1A,-0.035360938856010514
CARS2,0.7056455578692888
CCDC130,0.7915167777805324
FANCE,-0.06311946336972363
FANCB,-0.34229418310437804
FANCM,-0.5837488737380297
APBA3,1.039544816735271
GEN1,-0.6802140399870487
ZNF202,-0.9496355229746691
DCLRE1B,-0.6022005480896003
FAAP20,-0.07003382876140511
ZNF692,0.5140782415438755
ATG4B,2.1949132302869567
METTL21A,-1.337931910927576
WDR73,0.2322398240456426
PCSK9,-0.13460437981712853
MECR,0.1796779758470394
NRARP,-0.9079364408853041
AP1M2,2.0880242237342594
KIAA0319,0.15883186397866117
DNAJC6,1.7187477613919009
LDLRAP1,0.2945405455945429
AP1S3,3.9571690571644473
SYT8,-0.1777517777603789
SYT9,-0.12976290826447592
SLC2A8,0.8153310314622463
SYT2,-0.21281287680802297
TBC1D8B,0.021102074139394526
FASTKD5,-0.16050489009958394
SYT11,-0.31759231664466436
PACSIN1,-0.10227315614775188
FCHO1,-0.18839733587029128
SNX18,-0.25801745870605586
SGIP1,0.10770295790896833
COQ10B,-0.35174345676583013
MCF2L2,-0.7493914166954038
REPS2,0.029605530030402075
SPATA1,0.19368644282574524
TGM3,-0.37250410675089535
KLK12,-0.13867436470990208
KLK13,-0.6903838332701866
KLK11,-0.2715229325957407
LRFN3,0.5268208226267688
IL36A,-0.6570783229137179
SLC16A10,-0.09293965407148916
DIPK1A,1.8961843225872939
UMODL1,0.42469365117171737
KLK5,0.19164751160762916
FAT2,-0.8215360930097071
PRSS27,0.14688658383508973
TYSND1,-0.43954164002099905
SLC7A2,-0.11544585120396277
SEMA4F,-0.06652534305617158
HPR,-0.4094344689686105
PRSS57,-0.08018560116858663
SERPINB13,-0.5581371698867347
SPRR3,-0.5700644659164344
AC011473.4,0.1047544241933787
SPRR2D,-0.2887309130867097
IMPG2,-0.854999319089104
KRT78,-0.9694576141473618
HTRA4,-0.5636498312549606
TMPRSS11A,-0.615076769775109
TMPRSS11E,-0.570704941745596
TMPRSS11F,-0.21770524756543466
SLC39A3,0.9351960195688359
DSG3,-0.5846161352370689
GLTP,0.2771032928148416
GALNT11,2.1721753530836656
CAPN14,-0.6877380740182403
RHCG,-0.13621892211737976
A2ML1,-0.1318289013705398
DHFR2,7.540666025826918
GRHL3,-0.017346152414988204
GALNT12,1.2412937575639884
GJB2,0.24535590363803722
CNTNAP3B,1.7851040862481784
SPINK5,-0.6637031457592651
FAM241B,0.04642601334578123
ADGRF1,0.974508240783976
TMPRSS4,-0.33791923181390676
CRNN,-0.22686915941866087
GBP6,-0.5835778828857819
TMEM51,0.6574190112704273
FAM129B,0.5097932880938679
GPAT4,0.4476338846234312
NBEAL1,-0.9449423863259272
SLC12A7,0.6173685645242701
SLC12A6,-0.03456607363129496
SLC6A8,0.601342011373609
ATP6AP1,0.7094160301016412
FLCN,-0.3136199449923557
AP4B1,0.31688107565780577
CASP5,0.13337733598389273
FAF2,0.11260499215921445
USP50,-0.3368614389159504
WASHC2C,-0.4843837647343807
PACS1,0.8488201462604671
SEMA4G,-0.691729046817214
SMR3B,-0.5380915905148638
PRRG2,5.405882536732842
ACE2,-0.14825538900523572
DUSP21,-1.0560056150805461
BNIPL,-0.5687065626392254
IAPP,-0.6513218334498715
OR2H2,-1.060966973554933
CLCA4,1.391376570348764
SIM2,-0.5905621860354882
GJB5,-0.60281500386023
CRISP1,-0.701323667298055
DCSTAMP,0.7962431673877484
FUT2,0.38547474012274413
GSTA1,-0.18710730382833338
SIX2,-0.8422714248397015
FGFBP1,-0.8147806681463269
KLK4,-0.23091913956204954
RFX3,-0.39826528457093446
SEMA4A,0.13964891601533444
TMEM40,-0.42655246307118133
LCN15,-0.23380875433503426
STH,-0.042681504858354834
NUDT7,1.2653018936757505
SERPIND1,0.1639194769893509
SCEL,-0.46455224588939864
TTC22,-0.08561472535805639
KEL,-0.20905545099916148
DKK4,-0.629609311986734
RNF39,-1.0104247479158015
PRSS8,-0.4019050582703519
PADI3,-1.3034927649775176
ENDOU,0.45663229161313873
KRT35,-0.8951574959951596
GPR35,-0.4019915521734164
CLCN5,0.305619543576684
PRSS55,-0.8359562964133676
STX2,0.10640616142045747
IL36G,-0.8162949988488967
ECE2,2.3163838605802987
KRT33A,-0.5282514077801448
KRTDAP,-0.5585901748802616
SPINK7,0.031157563065391868
SERPINI2,-0.8302655501345927
ZCCHC4,-1.6893480517872774
SPAG11B,-0.34679071040456877
KRT24,-0.45310643840161724
TBXT,-0.8714780899944099
DLK2,-0.055638116345062355
NOX3,0.05929133115467664
SERPINB10,-0.7202921161491205
TMPRSS13,-0.1628110354008924
ALOX12,-0.5867681016198008
SPINK6,-0.44584718211186375
WSCD2,-0.5133930967391181
CNTNAP4,-0.4709890844978133
ELF5,-0.6559920111737985
TMPRSS2,-0.46285680522798744
LUZP2,-1.1589047070851184
ADAM20,-0.5414486723895471
KRT32,-1.0047894607695025
KLK14,0.06560608241241653
UPK1B,-0.49443572539986475
VSIG10L,0.7541200345220144
FCN3,-0.5037244940766397
PRSS42P,-0.16689523241169418
OPRPN,-1.0255880714446577
FIBCD1,-0.47797603861601756
SPRR2B,-0.1315704639386947
ZNF750,0.1900359629503128
SERPINA10,-0.5261215167660895
CNTNAP3,2.4822150260777875
VGLL1,-0.2540791640891804
C10orf99,1.617948761666322
CELA1,0.6230154275548847
IGFL1,0.26318067894317837
SERPINA5,-0.1845097684788889
ALOX15B,-0.14363997850501872
PRSS45P,-0.07958538835358056
KLK15,-0.49863946580678303
PRSS48,-0.033271273821323125
PRSS38,-0.3691589856815064
TMPRSS9,-0.48824682904244254
TMPRSS12,-0.17793712123016173
TPSD1,-0.5138632905341459
PRR14L,-2.1516521182120667
TMEM212,-1.794696263720971
TECPR2,1.0665115476019713
RLN2,-0.6490679926232558
GPR32,-0.8568057023331408
RXFP1,-0.9143700988209
GPR25,-0.8106002511965646
ADM2,-0.16270721049209477
RAMP1,-0.22888449624308074
PTH2R,0.03591962337210938
RXFP2,-0.7960131365677889
GPBAR1,-0.751244538584421
MC3R,-0.8140161328800789
PTENP1,-0.5919324263219597
SLC22A3,0.5065338406941746
GPR176,-0.7142171694538428
GPR83,-0.7424200135900422
GPR84,-0.7563178447150015
TAAR6,-1.198395958849092
TAAR1,-0.7352441401572581
GLP2R,0.0856089530158379
GIPR,-0.14395278710713058
GPR45,-0.7075665804974262
CALCB,-1.0041659520590263
DHRSX,0.13745315870953856
PNPO,0.12254406088576829
SLC29A4,-0.34180386908973953
FCSK,1.9981825131282
ABHD15,0.39135145517286996
TRPT1,0.19553856185755705
SCRN2,-0.0005160410296012706
MARC2,-0.1330460564443593
MXD4,1.8196513858381653
DCXR,-0.01727518586029231
P4HTM,1.2291259542113588
ZBED3,-0.6702691798442001
DCAKD,-0.32650893629025746
NSMCE1,-0.4473727971960359
OCEL1,1.3851964062231363
C8orf82,0.8399299663206292
RAD21L1,-0.9575640381383227
DRICH1,-0.9737451660005776
IZUMO1,-0.8694063120456124
FAM71D,-1.0921746675178443
SPATA46,-1.063859379601177
ENTHD1,-0.0975122325190004
TEX29,-0.6277172400599405
KRT25,-1.2169162813919712
MCMDC2,-0.6491697229093201
C12orf40,-1.0906764131303348
CCDC158,-0.4006396134608758
SAXO1,-0.9479318043510683
KCTD19,-1.1802300323237285
FAM24A,-1.0369681341829837
CAPN11,-0.4877477042042108
AL035460.1,-0.17024117114290194
TBC1D21,-0.8006700083411518
TEX44,-0.4983289765352048
TSPYL6,-0.9896237457165514
STAG3,-0.6883926707834325
FAM47A,-1.1564962331833801
IQCF6,-0.8042107232671186
TEX19,-1.2494012750973977
TERB1,-1.0556130789251423
SYCE1,-0.70635046134238
RNF151,-1.1256013208776514
CT47B1,-1.088456584918522
CCDC36,-0.5918142910193616
CCDC27,-1.139219104586994
PLAC8L1,-0.9351462320312519
C11orf94,-1.1618779997081976
LCA5L,-1.2971134809610805
IQCF2,-1.1048303887435749
TCP10L,-1.0519957932970574
SCP2D1,-0.935495303439077
ANKRD60,-1.338382530181719
DCAF4L2,-0.9671296095523859
BPY2B,0.6399473311057795
REC8,0.3012741646444697
FAM228A,-1.2356580570008455
SPATA3,-1.1926385687763752
PRIMPOL,-0.7763532294339668
CCDC15,-1.5230043492930418
FAM161A,-1.1577596185115075
FRA10AC1,-0.39860403134737954
CCDC66,-0.8688897906042362
TMEM116,0.45983754957964373
ABRAXAS1,-1.3096568361737693
SCRN3,-0.07590461867374083
ALG10B,-0.04782913905262288
DIS3L,-0.636737979501189
FAM149B1,-0.3933020980352736
TBCK,-0.45788416819278244
ZCCHC9,-1.1333291268851753
COA5,0.1668415415006083
DUS4L,-0.955228864091941
CNPY4,0.951057383859943
ARHGEF18,0.4061665521622224
SNX5,-0.13955495996420464
TRIM56,-0.08419356337805008
MYEF2,-1.0663826208085945
FAM117A,-0.38191433871279173
BTN2A2,0.2740338012283269
SLC36A3,0.36882341374251315
ZDHHC14,-0.1596210308483773
TGM7,-1.1695968497973566
TMEM104,1.8013268571355228
ZDHHC18,0.6307227967573463
PIGC,-0.08959608039754277
MAFIP,-0.6093057140049902
PMFBP1,-1.3064202157289626
SLC38A11,1.4854655343644223
SLC36A1,0.6020596307049109
ODF3,-1.1160856665119208
SLC38A4,-0.11387733583971806
SLC38A9,2.853717750964045
SLC38A8,1.6337281798756644
ODF3L2,-1.2197226412175766
ODF4,-0.6356411074645295
HSDL1,0.25496504096023564
ICMT,-0.2607044188338634
AQP4,-0.23069413366737077
ZDHHC9,-0.2464398200261174
CCDC114,-0.8563508204714648
C16orf92,-1.0393326738886735
GDPD4,-0.7612042909120742
REEP6,1.101101609148491
RAP1GDS1,-0.2177536286548436
DCDC2,-0.665963507706004
SPDYE4,-1.1631555816918147
GDPGP1,0.5174485822618237
TRIM49C,-1.226139689635579
MCM8,-0.7635924348463137
MRPS17,-0.7150398809410602
ZBTB9,-1.1950748657872345
SUMO1P1,-1.19544077776951
MIPOL1,-1.0899115121919467
INCA1,-0.7420578853415883
MASTL,-1.4016385360912211
BCL7A,-0.4179714277818311
GAS8,-0.39430508032291356
PRELID1,0.161528167866295
CCNJL,0.4830844678582632
CDX4,-1.0261656079290964
CCNJ,-2.108811570418464
CT45A1,-1.3522698463371416
TMEM97,-0.4698147319797397
ESCO1,-1.569788371364781
SLC47A1,1.4325089942284623
SLC38A5,-0.2067668285871651
SLC38A3,-0.8047506530110904
SLC7A8,-0.04812901277483434
SLC7A3,0.5350892516080799
SLC3A1,2.969927955396485
ELOVL2,-0.20685001904467937
SLC36A2,0.6037936871388537
ATP5F1EP2,0.6089048827330835
CLTRN,0.36047848794082027
ELOVL3,0.4523606177517902
SLC7A10,0.2116997363865378
EXOG,-0.735105209669689
TNFSF14,0.26952569285133127
ADAT1,-0.040786163251749004
AK9,-0.24108635226747102
RIPPLY2,-0.28995408434512304
TUBB7P,-0.7652960748778359
HYI,4.642259095446767
HDHD3,0.5949684346381231
CRELD1,1.9482599410677466
GSTM4,0.34162985440334714
C4BPA,-0.41573526986345555
TMEM222,3.3525976759602263
IDUA,8.08244384645384
TRIM45,-0.01624282303051963
AVPI1,-0.014755803225266909
ECHDC2,1.0716237919181102
MROH2A,-1.4377238367498655
ERICH6,-0.5103905588808407
HSF5,-0.9548175994371824
PROCA1,-1.0945914730919315
FAM71A,-1.066170062744057
TXNDC2,-0.5242935757927261
ROPN1B,-0.367311748129431
TENT5D,-1.2382291997656005
SLC9C2,-0.9037693862748801
C5orf47,-1.2036100541398025
PPP1R36,-0.7542297219102453
SLCO6A1,-0.8337117122793968
TMCO5A,-0.45220343999254037
FANCD2OS,-0.977527183456485
EXD1,-0.533067215613588
ATXN3L,-1.1647729947285077
CHODL,-1.2101255072979757
TEKT5,-0.5076153502823457
C16orf78,-0.5722703368677065
CCDC54,-0.8128491999071098
CNGA4,-1.0266752580161838
IQCF3,-1.1103453689882037
DMRT1,-1.3508751144022244
UBL4B,-1.0873358873081465
CFAP97D1,-1.0309901606494185
MAGEC1,-1.4307743098157473
SLC6A16,-0.9087284838992554
SPATA32,-0.27374326444843544
AKNAD1,-1.1670964001759538
LYZL1,3.606414518476684
NUTM1,-0.8263746187975578
NUP210L,-0.8436738078995781
BPIFA3,-0.8933644913979953
BOD1L2,-1.1747882547713056
BANF2,-1.1324129285438507
CALR3,-0.47159322073259885
POM121L12,-0.30880422472034486
C1orf100,-1.0874395977664526
TEX36,-0.19223059468799394
CCDC168,-0.05565832024992045
MGAT4D,-0.9893430798604623
TMEM31,-1.1089788273164187
H1FNT,-0.46730786144124586
HORMAD2,-0.4690079774586917
CATSPERE,-1.2066020955964052
PLAAT1,-0.49317471444175737
FAM9B,-0.6117749502179198
SRRM5,-0.9189256801092165
SMKR1,-0.9963920079671705
C3orf22,-0.9717148533252128
CMTM2,-1.2004762854561684
SPATA4,-0.9095140119943296
ERICH5,-1.0468777310581232
IGHV4-34,-0.18695211478658952
IGLV2-8,-0.2882732284841831
IGKV5-2,-0.28922875327437175
IGHG4,-0.3142194038432389
IGHV3-11,-0.18695211478658952
IGHV3-13,-0.1869521147865878
IGHG3,-0.3086526181340922
IGKV1D-39,-0.27804029469537006
IGKV1-33,-0.28922875327437175
IGKV3-11,-0.28922875327437175
IGKV3-15,-0.28922875327437175
IGHV3-7,-0.18695211478658952
IGHV2-70,-0.1869521147865878
IGHG2,-0.15224645677891918
IGKV1-5,-0.26467167487827464
IGLV3-21,-0.29736181474328716
IGLV1-47,-0.2882732284841831
IGLV1-40,-0.2882732284841831
ELMO1,-0.3658354725795013
IGKV1-12,-0.2951071466047931
IGLV1-44,-0.2882732284841831
IGKV1-16,-0.28922875327437175
IGKV1-17,-0.28922875327437175
IGLV3-25,-0.30019110995052833
IGLC3,-0.3445676567061238
IGLV6-57,-0.3122078891632388
IGLV3-27,-0.2882732284841831
VPREB1,0.25488661891981607
IGKV1D-33,-0.27804029469537
IGLV7-43,-0.2882732284841831
IGLV1-51,-0.2882732284841831
IGHV1-2,-0.18706878592183931
IGKV1-39,-0.28922875327437175
IGHV4-39,-0.1869521147865878
IGKV3-20,-0.2957580441221879
IGKV2D-40,-0.3203010241436884
IGKV2-30,-0.28922875327437175
IGKV4-1,-0.3188659931017754
IGHV3-48,-0.19167277156872528
IGLC6,-0.3387851178747309
IGLC7,-0.344567656706122
IGLC1,-0.38081927644596364
IGLC2,-0.35704938958896787
IGHV2-5,-0.1869521147865878
IGLV3-19,-0.2910305674900332
IGKV3D-20,-0.28928069065614226
IGHA2,-0.13852430011492264
C4B_2,-0.4692498997223767
IGHV1-46,-0.1869521147865878
IGHV4-59,-0.1869521147865878
IGKV2D-28,-0.3000489082864604
IGHV3-23,-0.19189038160936428
IGLV2-23,-0.2882732284841831
DAPP1,-0.5381038607257255
IGLV2-11,-0.2882732284841831
IGLV3-1,-0.2882732284841831
BLNK,-0.5113975576269095
FCAMR,-0.4575560643012583
IGKV2D-30,-0.28928069065614403
IGHV3-33,-0.18695211478658952
IGLV2-14,-0.2931617445939885
IGHV3-30,-0.18695211478658952
IGKV1D-16,-0.30769593421626384
IGKV2-28,-0.2723799582336478
IGKV1D-12,-0.28922875327437175
IGHV1-69,-0.1869521147865878
IGHD,-0.12956100475752283
IGHE,-0.24614702455917215
IGHV3-53,-0.1869521147865878
IGHM,-0.37844280313833367
ERICH3,-1.1892948846892222
CFAP299,-1.2322304681946037
FAM81B,-1.2234447449481178
LRRC46,-1.0832583178912705
DNAAF1,-1.201931635579875
RGS22,-0.6767012551385043
ZBBX,-0.8074264515067333
CFAP300,-0.9218329189978526
C1orf87,-1.1504767241215914
LRRC73,-0.623257993893832
DRC1,-1.146052092865796
SPAG8,-0.7542458925020152
CASC1,-1.1679963236754962
IQCD,-1.13612959195293
LRRC71,-1.1680358926853296
C1orf194,-1.129406813786227
CCDC173,-1.222853636309536
SPACA9,-0.602965307911137
TMEM213,-0.5114048310606055
DMRT2,-1.425426971867245
TMEM174,0.6010336528696708
SLC4A9,0.8674539797198125
SLC12A1,-0.24439519958673855
TMEM207,0.1109934142163096
ATP6V0D2,-0.26281874402273175
TMEM72,-0.4022004013688225
GRAMD1C,0.8794205984769745
ALG11,0.22768607852305095
TMEM61,-0.5114048310606185
TMEM52B,0.40144235687845775
SLC7A13,0.6178561272396024
ATP6V1G3,0.14602692106030765
ENTPD2,2.0612880486906904
ANXA10,-0.7796549160508551
ACSL6,-0.3607494503532341
SCNN1D,0.03460707616130247
TDRP,-0.26860549286770435
ITPK1,0.5718687289010566
KLHL35,0.12678269403022635
C7orf69,-0.5494038670684354
SLC24A1,-0.7984088984636627
SLC25A42,-0.11542874386898959
MLANA,-0.8884903397913639
MTG1,-0.3210114261578881
DPF3,-1.2528017199090884
GPR143,0.16952809790354614
POU6F1,-0.1747914226309031
FAM107A,-0.28890197100942033
TMEM154,-0.45449014378900804
DPEP1,0.10026246424879397
MMP24,-0.4310733846704012
GLRA3,-0.897990845969458
C14orf119,-0.3234415815362734
UBXN11,4.981746981234394
CTAG1A,-0.6431712735174002
MORN3,-0.32661116182743144
MRPL41,-0.7281388276187808
CHCHD1,-0.5971600434260518
RAMAC,-1.1005635111586625
LAMTOR2,0.13277431518038416
EMC4,-0.27307517409150145
BEND7,-0.49804819222360136
DECR2,0.5728683385467749
SFT2D1,0.3538462929429751
PDZD11,-0.5734983944129413
PBX4,-0.8186036405469514
ARID3C,-0.5900533976833177
OCA2,-0.6265729438749383
AIFM2,3.6325660254967786
HPSE2,4.636767778491201
GPX5,0.010039367393154173
CBARP,0.10775636214984088
TLE6,3.5228712486366685
GARNL3,-0.6611353789632326
S100A5,-0.456042635730851
TMEM151B,-1.077054528040309
CNTF,-0.34511388010395355
HOXB13,-0.8484430950407753
FOXI1,-0.35370172674174055
NCAM2,-1.3251940581234605
ANGPT4,-0.950436513783095
IL9R,-0.017379208433420362
PDE11A,-0.8704580938486983
SAMD4B,-0.0874089037845404
CFHR4,-0.8612943878004194
OR10H1,-0.7833955612757612
FCRLB,-0.6321891026652975
NXPE4,-0.8696975324704301
SNTG1,-0.731988048844815
AQP8,-0.02690818688335106
GPA33,-0.9647523367942403
PRAMEF12,-0.6342051592498898
KCNV2,-1.1699774454193552
RGL4,-0.926012869317678
HHIPL2,-1.3059545438326936
PRR34,-0.6971990040154366
ADPRH,0.28874926524780287
CHIA,4.820929997463947
LALBA,-0.2872532817902801
C9,-0.49477762914310114
ACSS3,0.21767855846856488
ADAM21,-0.0887421444675062
PEAK1,-1.3360302562742297
BPY2,-1.0188447175392779
RTP5,-1.7215544966199212
AMOT,-0.8600748752513885
C1orf105,-1.0459359714788474
DEFA1B,-0.9285814064125788
AKR1D1,2.1671866393325354
KCNK10,-0.8304180278845601
TEX13A,-1.1365418742018394
RLBP1,-0.7608473829228207
SLCO1A2,-0.7006219634464605
GPR135,-0.4319816118990551
EDA2R,-0.43495313589553986
GPR62,-0.7876269666245884
OTOF,-0.6873231965422325
GPR3,-0.7413884386994729
PDZD7,-0.6209432269204727
OR2F2,-1.093368005958332
POGLUT1,2.876636299601847
EN1,-0.15705600849866727
COX10,0.39786281513964616
SLC6A14,-0.35916625188610435
ART5,1.375262655946044
RAB39B,0.9971526573834557
ARSK,5.062874080090554
HERC2P2,0.8465038223613948
DNAJB13,0.06704171553302943
FAM92A,-0.4441041090846547
RHCE,-0.6215370165621581
STAB2,0.006628146794966706
NIPAL3,-0.5492386145784403
RAB3IP,-0.3055016219431005
CEP104,-0.689045297885102
PIH1D1,-0.04548398004532051
KIF24,-0.45619978451389487
LEMD2,-0.3062037416315207
C2CD3,-0.46798810348072556
FKRP,0.5573040353726603
LIPH,4.952312859200281
CEP89,-0.5412493200700095
AJUBA,-0.7565945014875011
CEP78,-0.6746996373441069
DPPA3,-1.2995436974467298
SPRYD7,-0.13360483925695846
B9D1,-0.2104903267239713
TCTN1,4.608830208406797
SASS6,-1.1405707929504676
SDCCAG8,-0.3998803612678224
NPHP4,-0.24575845167061125
CEP162,-0.7618682671069341
IQCN,-0.7335705835129918
CEP41,-0.25840514285926225
ALG14,1.1491877101337433
CEP152,-0.8065963009394164
PIP4P1,0.37861406384803337
H3F3C,-0.91405211761981
AK3,-0.7540934511542298
C17orf49,-0.11321356110801965
ARHGEF10L,0.05699682470712094
FEZ2,-0.3768014344779206
MICOS13,0.23617899136151999
HIST2H2AA4,-0.5335571303840005
AGPAT2,0.6451750759332078
TIMM17B,-0.298465674036166
OAZ2,6.280506082151759
C20orf27,0.29029920797493436
LNX2,-0.5820086752517901
ASMTL,0.6754185462297148
TBPL2,-0.6819018586415782
DGKZ,0.8058164924364377
TSR3,0.043302743776134654
C11orf49,1.494264047835363
TSPYL4,0.3507663463213378
IL11RA,1.3483929021389098
HES7,-0.552789845123525
TRIM54,-0.8664572992242728
TMEM8B,1.1699544264165702
CCDC136,-1.0067482898682165
GSTA4,0.19014155495447677
REXO1,-0.37102016978614344
DMAP1,-0.3587667203713227
FADD,-0.3274702122461155
KIAA1958,-0.3145788425973612
CNTROB,-0.8315041310630424
KXD1,0.0509619463651162
SSC5D,-0.2400480870062855
MAGEA11,-0.37775650556527773
MSANTD4,-0.2809794785776076
CDK11B,-0.6161321793883058
NMNAT3,0.1754674728571565
SPOCD1,0.26695502377568175
KANK2,-0.6081379271436941
PIH1D2,0.018469178133027734
LDOC1,-0.413559961063372
NECAB1,0.08063646102754607
RNASE4,1.0193262630691649
KCTD10,0.037482831658836355
TCEANC2,-0.1073882916904077
AGTRAP,-0.13149810739115228
BHLHB9,-0.9538793873156903
ZNF526,-0.27139840792955067
KCTD7,-0.9807618178249566
ELOA3,-0.6432759961907146
PNMA5,-0.26386571859394203
HIGD1C,0.3897005311733254
NDRG2,-0.0046201487184099
RPH3AL,-0.8572001269276155
ADH1A,0.46231042017456586
SETBP1,-0.5936594098899435
CHCHD7,-0.858517300588589
RGN,0.3588004831709511
NAPRT,1.5382653016587118
TMEM106C,3.115884336636629
DUSP19,-0.4400520094535082
MEI1,0.42529476206040734
CPNE5,-0.09946258168171804
ZYG11A,0.7743680121244368
GATB,-0.023354247713185877
MRPL14,-0.5187364678834873
FUNDC2,-0.6875821105353297
PET100,-0.40036535258958844
INMT,-0.1914571228484037
ABCB7,-0.3040636755362417
CIDEA,-0.3127526310506842
TOMM6,-0.19011520256321318
COX20,-0.6597442608904193
MAGT1,0.6583822954251931
CISD2,0.8371042474116577
BCAP29,2.9335584420125107
BFAR,-0.37280252225942284
TM7SF3,0.1826158465911859
CSNK1G1,-1.3925152730778951
MOB2,-0.2923005095557801
YEATS2,0.26952197392459587
AC129492.3,0.7019803778949051
DUOXA2,1.1286695565864093
ABCA12,-0.0618794588318012
ABCA13,-0.0735433627823663
DUOX2,-0.12240835188819825
NOXA1,-0.0760440965952622
MMP16,-0.6586926442290023
DIP2A,-0.039482457469794265
CCDC144A,-1.129780613944564
BTBD18,-0.8938661484465059
FAM189A1,-0.9202570396300666
PCDHGA10,-1.2288377462362159
SPTLC3,0.06128499179848955
CXorf21,-0.7238647145271627
TM7SF2,0.5497132538572985
IRF2BP2,0.025373568428887616
APOM,-0.2951553367834832
PTPN3,-0.4724214325288152
B4GAT1,1.466611184843545
DNAJC12,0.5060725344537625
MPND,0.4804089760483203
RMDN3,0.1537562318066931
TIGIT,-0.513027615597074
SIRPG,-0.2102560540069502
KIRREL2,2.7341353962918564
SLFN12,-0.02383217436550889
SLAMF6,-0.8469180920322451
KLRC3,-0.45338492613082193
OSTCP1,0.825741958202919
GIMAP1-GIMAP5,0.1085657183784969
LNPK,-0.5601364807391638
VMA21,0.12164594976067862
ARSF,2.717734005599891
TMUB1,1.467119785971717
TNFRSF25,0.06983831475117988
TMEM42,-0.7136917292748507
PDXP,-0.19642691561726017
CLBA1,1.2082303554933504
CDKL5,-0.81154864860423
HOXA4,-0.6415283377265902
KIF25,-0.49908523942492705
CTXN3,0.5320937348185018
AFF2,-0.9132139358132075
TRPM6,-0.26432229333426177
RSC1A1,-0.8341208698509947
MS4A13,2.2117682955942026
CRYGA,-0.5675388948483524
DLEC1,-0.8564197881557553
MPZ,-0.6258918582892746
RNF122,-0.8817535278000542
SQLE,0.2146595808488973
L2HGDH,-0.2964094748681101
GGTLC2,0.4053189262253021
PYROXD2,0.4482877618614339
LIPC,-0.27550816880184137
AMACR,0.8898672375551337
ALDH5A1,0.22153453627978986
ADHFE1,0.8165032071941596
CEL,2.8562778657993126
GATM,0.6584095517345644
MT1G,0.12758692917340073
PAOX,1.1994091224440528
ITIH3,-0.5562002884175539
GDPD2,-0.11897401712763696
EPB41L4B,-0.6407616145097202
SLC35G1,-0.09977738281393443
HAL,-0.4383339314703695
KMO,-0.14153768093656566
FTCD,-0.44669902215340673
OGDHL,0.7027952552714181
SUOX,3.554802311472972
ZBTB7C,-0.3917617747669093
AADAC,0.5120987346482918
ABCC2,2.642753778884119
PECR,-0.13387188455922736
CRABP1,-0.29915070071651056
PRAP1,-0.2292206562444985
ELP6,-0.4244945089427267
ELP5,-0.488816871202921
UROC1,-0.40905048455318577
AMT,0.22057289227166413
KDM1B,-0.33004846569438195
UGT2B15,3.372979122284663
IL4I1,0.3297455090873848
ADH4,0.58837109242027
C21orf62,-0.612862854872219
ODF2L,-0.7269903124083122
CRYM,-0.4294587646191445
CCDC116,-0.6294241219746394
ZDHHC19,-1.1038869102928688
IZUMO4,-1.0295692998699837
MROH8,-1.1381387866875388
TEPP,-0.8020167194267052
CTAG1B,-0.45098448016900483
C2CD6,-1.3641817593024614
HORMAD1,-1.3126805817894978
USHBP1,-0.8400059383785274
IGSF11,-0.8378393620056163
C10orf53,-1.0014007153199
DSCR8,-1.2055872255007904
PFN4,-0.8592304682469747
GLB1L,2.8454530196595456
RNF113B,0.36301965154869054
TMEM202,0.05971544340370554
OOEP,-0.5637721046055523
SPATA31E1,-0.6680685910554515
GOLGA6L9,-0.8559638361789608
C8orf74,-0.2468472018430955
STPG3,-0.9015652109470288
C17orf64,-0.5116795781775023
VCX3A,-0.993509984474871
KCNA10,-0.6949968006128618
MEGF10,0.2432203826641818
RASA4B,-1.2067786090939767
TSPOAP1,0.07769896112493808
GYG2,2.1342851423517284
TEX45,-0.37928558485737784
TSPAN12,-0.2537405799281519
NLGN4X,0.2031407056907121
RAB3C,0.16503829754056576
UNC13C,0.9078363769581062
GULP1,-0.3456377565953948
CCDC40,-0.9913997799123676
CFAP53,-0.894823410713686
SPAG17,-1.152553463146472
RSPH9,-1.2194110993467973
DAW1,-0.9896150952239451
TEKT1,-1.0484234740551233
RSPH1,-0.9437131773614507
TEKT2,-1.0687272427436363
CFAP100,-1.304940686712592
TEX26,-1.215417966464217
DRC7,-1.14346702303779
CCDC39,-1.1528819187875392
CFAP43,-1.2188607860072609
LRGUK,-1.1972021163555464
TMEM95,-0.7742505087695608
C20orf85,-1.2537507317631218
CFAP52,-0.9375943635077972
EFHB,-1.126611453909518
KCNIP4,-0.22064258269464065
ZNF462,-0.6214059810021574
TGDS,-0.6275001277867666
ZNF280C,0.17964666247454272
YPEL2,0.4920061567786866
C1orf52,-0.669694081210789
UIMC1,-0.47143081973856693
TANC1,-0.6404240479587199
EDRF1,-1.1003173215833029
PFKFB3,0.04003705438495479
LINGO2,-0.9873416134644494
SCAI,-0.7052015266626335
HILPDA,-0.16744367975097418
ZCCHC2,-0.26826963129797393
PCGF6,-0.9755488636737945
ANKRD37,-0.6487317262926642
TMEFF1,-0.2941589249310218
AHDC1,1.7561398137612563
BCL10,-0.3343348799185427
CCDC112,-0.3014893385702866
LURAP1,-0.6403269376938286
TESMIN,-1.0511709899563169
PM20D2,-0.8215285405651722
REEP4,1.958912540040573
MAP7D3,-0.23460517190967062
FSD2,-0.7501449322442167
TEX9,-0.9182463724169333
CFAP97,-0.6386282992610326
USP17L30,0.29125658979911095
USP17L2,0.08910999478153381
USP18,-0.23703339606383217
USP17L28,0.2912565897991109
USP17L29,0.5311595036077507
USP41,-0.36695926629852105
USP17L27,0.2912565897991109
USP43,-0.4168535805928226
USP30,1.9319587968608765
USP35,-0.5890539462624284
USP53,-0.6292169187155733
USP51,-0.8057863863562337
USP40,-0.6530386384629469
CCDC110,-1.10358829160685
TBX22,-1.143976475578075
EQTN,-1.1205426502529112
CT62,-1.1890659651844449
MYCBPAP,-1.1185125934176117
PDCL2,-1.014280421787878
C7orf31,-1.0749755248688075
ZNF165,-1.5455432672175573
C6orf201,-1.081737240971358
NUPR2,0.08403037121994932
GKAP1,-1.4026488400817108
DEPTOR,-0.5811065877375577
SPACA3,-0.14528252617217946
MEIOC,-1.2000394709093944
LRRC3B,-1.2911196379936403
OSCP1,-0.5772274017129377
CAPZA3,-0.6532613884780221
PPP1R1C,-0.9637258413683041
FAM220A,1.8834323936890407
NT5C1B,-0.3161424682125585
OR2C3,-1.1355699613273764
MS4A6E,-0.9331749227331043
C2orf73,-0.941089139138385
FBXO39,-1.1734748212161725
ABCD4,-0.042989765952558726
FAM234B,0.869772111017731
DLEU1,-0.9022950389320827
RFPL1,-0.8521240514965192
ACSL5,0.2794843056471525
ABCA7,3.5055990938553263
ABCC11,0.40675001208696715
ABCB5,0.35159001679345353
HSPB2,-0.5723308039802528
ABCB4,0.0905327810766769
MMACHC,-0.2610955277994717
ABCC12,0.2469097914741274
ABCA10,0.4675529070527234
ABCG5,-0.16652123372973465
ABCG8,0.25725746317377823
ABCA6,-0.1461385089593994
ABCA9,0.6646720907993819
MRPL44,-0.2017669716682483
CCDC43,-0.6175760011769031
ZBTB8OS,0.1355245851733386
ELOA3D,-1.1657317386300974
TOP1MT,-1.027785634970377
ELOA3B,-1.1657317386300974
RUBCNL,-0.24745862881392935
PNMA2,-0.5978665963755131
RALGPS1,0.9208287692833541
SHROOM2,-0.9550494380680532
NPAS2,-0.10791024930553814
FXYD4,0.25273648344823096
KCNU1,-1.2260873351033434
SLC9C1,-0.7161421463558946
HCN3,-0.6974810518176213
SLC9B1,-0.6758857644345302
KCNG2,-1.0447581857389832
SLC9A4,-0.1490329022070839
SLC9A7,0.23025230886321613
SLC5A10,0.5266293967103557
KCNK18,-1.3652726403783824
KCNK17,-0.971297559065603
KCNQ4,-0.8682263278930633
KCNK15,-0.9026886487465684
NALCN,-0.4133461043559625
PNMA8B,-0.9139141370018383
SLC4A11,-0.23323080598437562
KCNG1,-0.3347905505679855
SCN11A,-0.5927197533903036
KCNG3,-1.4785876516997551
KCNG4,-0.8675011856067277
SCN9A,-0.4542026202422734
KCNK4,-0.8362605131743799
KCNK7,-0.28210383570225606
KCNK2,-0.6631589249078803
KCND1,0.40047107423604456
KCNJ16,-0.24459012362371196
AMY2B,4.891842062249486
P2RY8,-0.7190474953203074
SCN1A,-0.9260121902822537
PRPF39,-1.312916714179867
SLC25A22,0.20692985623606522
CTSV,0.7521803244591628
HCN1,-0.9567858097402452
SYAP1,0.022415046646951986
AKAP14,-0.9356882930851196
SARM1,-0.3030832864972015
LYPD6,1.9671967867246931
LGR6,-1.236727041335341
PPP1R3C,-0.012964314157761423
SCN4B,-0.6249140240065283
RAI2,-0.4376164003836172
SLC35F1,-0.16452561842827965
SCN1B,-0.4452659826568368
STXBP5L,-0.9154460229427599
ANOS1,0.11726841939723191
KCNE3,-0.2613970105112288
PSD2,-0.3814222983555925
LRRC6,-1.0338332409424704
NACAD,-0.4434152684738438
TMTC1,-1.3427920905403397
KCNN3,-0.7560625658582522
TSPAN7,-0.5880785804319528
SCN7A,-0.8017342180247874
SEMA3G,-0.18726891208755939
PCDH9,-0.16867755640092058
C2orf40,-0.5396131182199059
HIPK4,-0.8551800604142068
SLC6A6,0.18976858120019172
SLC28A1,0.14932406494341727
MBOAT7,1.2044144629189235
AC004691.2,0.12697292377016586
LRRIQ4,-1.3134888910075897
TSPAN13,-0.2650163268881317
ADGRG1,0.24175486800562498
TMEM9,0.8028115623986258
FLVCR1,0.01562844414357822
ANKRD42,-0.7589161185745213
MAP4,0.5805126923623785
ANKLE2,-0.7390863747495284
SH3D19,0.2084309789790298
PIP,-0.3792285037473648
EMC10,1.5063869493866826
KCNMB3,-1.130992904254803
MAPK4,-0.8734417040074696
DHCR24,0.475755052794257
ABHD11,-0.5893594292233116
DTX2,0.6927238342059594
DHRS4,0.5373153838577298
DOK6,-0.4207449640037144
VAC14,-0.31610325005246054
ACAD8,0.25063079860169063
BOLA1,-0.7182910585445968
GUSBP1,-1.4523215409242305
GRINA,1.4708035527240257
TIMM29,1.058589494443045
HPS6,0.7492209522996846
VPS9D1,3.702386658922553
SLC12A9,3.951522159858248
MRAP,0.06767774657115638
MEGF8,1.2451766142436012
PRR5,0.688517219789708
ZNF580,2.9099667842944865
TRIM74,-0.4459039489824804
LMF2,2.961521850684231
IP6K1,0.9022281570189803
KCTD13,0.8631169327123674
DUSP8,-0.03549181551038448
NHEJ1,-0.1705154918721893
ZSWIM7,-0.01803253511229835
SURF2,-0.4098129943143294
KRTAP17-1,-0.7368287224648029
TMEM229B,-0.4655312463003872
RHBDL3,-0.47630174566679184
MUCL3,-0.6072145419420131
MTHFSD,-0.7933587330151118
MSMB,-0.8956052536646673
DUPD1,-0.6319575799227645
ANKRD22,-0.7021818245363969
HMCN1,0.7549919612488114
PLSCR2,-1.0649381497429293
CAPN8,-0.2454575823072911
TBX4,-0.917247314990008
SLC10A7,-0.3722162129071583
ATOH1,-0.7847187364076661
EFCAB11,-0.7277786371335463
GALNT18,5.748013596477021
ZNF850,-1.5749567514492924
SBSPON,1.3671428002419428
SEL1L2,-1.017857844402126
ZNF469,0.8879247141122779
ZNF578,-1.1914004665216014
ORAI1,0.41361684128477216
CNGA1,-0.8519663914079051
ACER2,2.492062383728145
ARMCX3,0.039484593604299505
SPHKAP,-1.3310619978700668
RELT,0.9551937888696259
PDZK1,-0.40166861200532733
CH25H,0.16277403770086887
AKR1C3,1.7153311003706073
PLPP4,0.3568457190567012
IER5L,0.0316101221229038
SOWAHC,-0.21366515302562028
ASAH2,1.9514292323326203
AIF1L,-1.359826058191452
TRAC,1.0686257054020865
MBTPS1,1.0968810228137378
TRBC1,-0.3774487925761686
SGPP2,0.22664340511439696
DGKH,1.7593458782486682
DGKI,-0.4343565706616108
KCNE4,-0.2338918623644142
CXCL14,-0.607946926778836
ANGPTL1,-0.4971378704179733
ACADL,0.5234609140914163
PCOLCE2,0.9716210024153261
MRGPRF,1.7335660980958154
C1QTNF3,0.6700213972106309
SLC39A12,1.966523887614313
SLC2A6,2.1063374909295542
ZDHHC6,2.0173558156055447
TMEM138,0.3756533296225719
H6PD,0.4096179001310942
GALM,3.348971548870386
C1GALT1C1,0.6540057497898787
G6PD,3.110242104366254
ZNF655,-1.1464325801837911
UBL7,0.275460158646262
FTO,0.42965726713226604
SWI5,-0.46089144921789543
CUEDC1,0.43103643071867753
CHID1,2.2638424819485303
DEXI,0.7890855631019683
YIF1B,0.9276018748638791
MIF4GD,0.9727141679546218
C1orf50,-0.4475967396175205
VAMP5,0.8278329194564559
NRM,0.28211917828802513
VPS11,2.66677669167218
TMEM205,0.5808595076278755
THTPA,0.6368059502800077
PKIA,-0.9735306404025666
HDHD5,0.10580226585721825
ACOT13,-0.000518180931316394
DXO,0.4931722294964584
APOBEC3D,-0.6126017200768449
METTL3,-0.019793344550873948
SEPT8,1.1727297763398778
IL31RA,-0.3641012569933049
MRPL38,-0.33609968462354023
SESTD1,-0.4210670477918219
RBM24,-0.7323073665760781
RBM20,-1.4511428943478224
BSDC1,0.9717463028469238
ZBED6,-0.9555035471847334
C9orf72,-0.4587448565399566
CPEB1,-0.500599952707287
CPEB2,0.3356606453838726
C21orf91,-1.330192801158781
C11orf98,0.48741831033753125
FAM184A,-1.3403025481433657
GAN,-0.6454027950611779
GBP5,0.02723316654455881
METAP1D,1.2729896162293304
NEURL1B,-0.34896506235888647
TACC2,-0.5992797776468013
USP6,-1.0174122468869793
C14orf28,-0.609865011618026
FDXACB1,-1.2400947490895406
RBMXL3,0.062024650658113606
SEMG2,-0.6399989659177171
DAZ3,-1.0446252568260237
DAZ1,-1.1015209633892251
DAZ4,-1.2080299081276082
RBM44,-1.2236527152406322
KHDRBS3,-0.6756847561165319
WFDC3,-1.0761987627474279
EPHA6,-0.7102687951067115
OPN5,-1.219674594549036
CCDC185,-1.3095443517741223
SPDYA,-1.2634606179170924
GAB4,-0.3145815006056257
GALNTL5,-0.7754153075650104
TPD52L3,-1.0887636876311018
C4orf45,-0.9982202623230754
DAZ2,-0.8917868157509469
RBMY1J,-0.5487064006622406
RBM11,-1.1690557208391248
RBMY1E,-0.6340702765691304
ACCSL,0.2835992541097775
ARMH1,-0.10110388307742743
CNDP1,-0.43741906646536993
ETNPPL,-0.002173657892596968
DDAH1,0.4599642423396254
SEC14L4,0.8429103443578528
HSD17B14,0.37280498443251897
BBOX1,0.33474054435858663
KYAT3,0.006258934766092287
GOT1L1,-0.1467132482380503
GADL1,-0.08429803007030122
FAHD1,5.006625680986186
ACCS,4.784956557715529
CARNS1,-0.5016787213473455
IDNK,0.34315308688441865
PHYKPL,1.0414681783997288
BEX4,0.7909404980580259
GPT2,0.44141856870506485
CDH20,-1.1266362691492364
FRK,-0.6150888804738451
CDH23,-0.42783955351572206
CTNNA3,-0.9735963855360245
PCDH10,-0.715077824551761
MFAP3,3.8157463487511962
ANKRD26,-0.8845670972661717
TULP4,0.12159339274421416
DLL3,-1.0496618574810552
PIGL,-0.28811463749105864
GLYCAM1,-0.1857054655262678
FAM98B,-0.2580460049347788
CRYBA2,-0.47148839728499353
ASIC4,-0.6834242877812126
ZC2HC1B,-0.9473962086330854
FRMPD1,-0.5345379142389087
EFR3B,-0.995992815887189
TSPAN16,-0.39301178000661635
ONECUT2,-0.8331142353303679
CADM4,-0.4648531111273319
CNBD2,-0.8338248127266478
SUN5,-0.17099115710505064
MATN4,-0.3567347243161337
MOGAT3,0.18591419368122808
DEFB129,-0.00039410025380511975
LRRC72,-0.6448403143712268
APOBEC2,-0.7731965433869923
AFF3,3.7023145033569524
OXCT2,-0.038893622129944905
PDE3A,-0.6990715533308488
ADAM22,-0.8586346223669292
ZMYND15,-1.0816279091582421
NPAS1,-0.277887959779751
PDE6A,-0.9819978798977429
POU3F1,-0.7695660113077036
FAM166A,-0.49531936886400146
RDH16,-0.5154367815665644
PRH1,0.21473998584359605
FNTB,0.05267006120693336
SMIM23,-0.43666842283962054
ADAM7,-0.3602869252881756
PRM3,-0.961484527479149
SLFNL1,-0.8847635587672803
FAM83E,0.35284798423378533
KIAA1211L,-0.44444996737411485
USP19,0.4642284001455334
CABP4,-0.22022675834964592
NRROS,-0.41397854484712276
ARL14,-0.41921932892944824
PIP5KL1,-0.928135960015551
RRAGB,0.22238088687228114
CPQ,2.540088945246879
HNMT,0.5401969035094147
SFTPD,-0.4393658701484137
SIGLEC14,0.03470061173172274
TCHH,-0.3372944387520266
ATP11A,0.9782833614693026
GRAMD4,0.3195875146582221
IFT22,-0.44584349843567206
IFT20,-0.2829057713330029
UBXN10,0.512992346498274
TTC30A,-0.4201803958842055
TTC30B,-0.21653961738178223
WDR60,0.2099207798496265
WDR66,-0.3030216602347676
WDR53,-0.6529687349281317
TRIM59,-1.3691788024180604
IFT43,0.2214091360982066
KIF3B,-0.31273690015057143
IFT52,-0.2816013241937548
SNX33,-0.01197011159306344
TRAF3IP1,-0.526790830578891
TCTE3,0.15717132726389563
TTC8,-0.1424957205750372
BBS7,-0.36336115859677737
AL136295.3,-1.1062314841336527
DCAF8L1,-1.1365778273578986
IFT46,-0.18136211807765631
TTC26,-0.2807797295980573
PLXNA2,0.6267796393275333
WDR91,0.39161341514970316
IFT122,-0.5016593817823007
IFT81,-0.5371091906492225
IFT172,-0.41336175329252534
TCTEX1D1,0.27942414365251683
C12orf54,-1.2201409038857436
C9orf50,-1.107760396915089
TEX47,-1.0785416068812954
GOLGA6A,-1.2783765259965392
LRRC74A,-1.1603494963800285
MBD3L1,-1.088052032670746
GGN,-1.1698222787801298
ADIG,-1.0977687101524813
CDRT15L2,-1.04443775355751
FAM181A,-1.16356974648653
FAM170B,-0.8790871280586375
GCNA,-1.9588422959049105
CXorf38,-0.45857266064237007
CFAP70,-0.6191461086786721
FAM160A2,3.5170413898871966
PKD2L2,1.0367800213650775
PKD2L1,0.7326478852118016
CCDC148,-0.2131094165175348
WDR63,-0.36881176571143093
IQCK,-1.0385368799741095
EEF2KMT,0.24789498356936182
TTC12,-1.041597128067277
CASP14,0.14385019382308029
SAYSD1,1.616060201436633
NKX2-2,-0.8932978065587998
BBOF1,-0.3834897134533621
IFIT5,-0.2315486679167894
NEK3,-0.48987528137846253
CCDC121,-0.8118989045075169
BCKDHB,0.20737907791406995
TTC6,-0.5846364328577394
KIF9,-0.5977636284392507
KIF7,-0.7788384643982356
IFIT1B,-0.39558289699955607
EFHC1,-0.3350021616417289
TBC1D32,1.417191471982796
BBS12,-0.937275627630115
TTC36,-0.8862150006610038
CCDC181,-1.4122376238458578
DNAAF4,-0.7124952054006667
CDKL3,-1.3981128536092515
CCDC146,-0.8599125769206423
MOK,-0.8043858739022525
CFAP69,-0.8632093475907794
FANK1,-1.1407046082896677
BBS5,0.1718642919237006
HCFC2,0.2718432937124429
BBS9,-0.37353190682475595
BBS1,-0.1697025264664743
BBIP1,-1.1763446016401138
TTC21A,-0.8418771243594626
NR2C1,-1.3233245214556335
TKTL1,1.299619031354179
DOC2B,-0.13302057490678923
APOA4,-0.06599492715770827
APOF,-0.5243815525165827
LCN1,-0.4258633234706458
LY6G6F,-0.7122176836538291
SLC17A9,0.8307819423528152
GCSH,-0.5462510512443196
P2RX3,-0.5283355262286348
FOXRED1,-0.35432836884626706
PFKFB4,0.9530195802168989
FGF21,-0.7209557588794028
TMEM217,-0.236751353509469
TNFAIP8L1,-0.2367513535094611
CINP,-0.655701561265635
FAM200A,-0.6311576203977934
ZNF789,-1.3177007641254384
BANP,0.11367978744842643
ZNF718,-0.03002933641575558
PNMT,-0.016927261931972328
ZNF394,-0.35756901347143877
PSKH2,-0.7837927032532884
GSX1,-0.5081105974054457
SIM1,-1.1516438083076612
TGIF2LX,-0.41006550841391715
IRX6,-0.6332267309772563
EVX2,-0.541766396820146
NKX6-2,-0.2445472170776842
TPRX1,-1.1187656316976489
DBX2,-0.8633913417681854
GSX2,-0.8448030951595209
DUXA,-0.44335516627374344
LEUTX,-1.2144771599529756
RELL2,0.5107544120837441
APOBEC3B,-0.7431227389002815
TTLL4,-0.6854189534972204
TPH1,-0.006926250072063962
TMEM177,-0.3581150907358265
TMEM171,-0.4207000410550523
ZBTB8B,0.5359028431184604
ATRIP,-0.11337912602332438
CCDC138,-1.0272119578692354
CCDC18,-0.7673084340148594
PLCXD1,-0.727064377847747
DPPA2,-0.5172348743365863
FAM111B,-1.0967111766337616
SREK1IP1,-0.9789615033211074
MGME1,-1.8487719696594813
TEX30,-1.01047293272695
ANKRD36,-0.6805021828978431
PELI2,-0.05879750511956822
LMO3,-1.3514957692754106
TOX,-0.8659815723382369
SPZ1,-1.2100626208584728
EPYC,-1.0130001708635177
GLCCI1,-0.753801101246238
PAPPA-AS1,-1.0851639491253287
SPANXN3,0.5161136418905463
FOXO6,-1.0329718774563759
FAM76A,-2.120509030503924
CCN6,-0.17654150369694516
GUCY1A2,-0.8745382054959858
TLR10,-0.7224465087696905
AL355315.1,0.5656941896749266
TUSC1,-0.5891835251578513
SPINK14,-0.16641345560727758
FSTL5,-0.5354676883708455
SLCO5A1,-0.7710984776209633
SPINK9,-0.21618495751738775
WFIKKN2,-0.46575515925828465
SPOCK2,-0.23725930094782408
KRTAP10-6,-0.7313380377662169
LRRD1,-1.256351433240418
HOXD12,-0.9793355699716669
ZGLP1,-1.308522360649657
MAGEA8,-1.3490584245391433
FOXN1,-0.7264257213953141
ATG4C,-0.4929808652233671
MAP1LC3C,-0.3339646255050025
ATG10,0.31936798043904424
GSTA2,0.2464017782448733
TUBAL3,0.1432644943134348
LRRC14,0.2135377184547203
SYNE3,-0.29542823459115286
FYCO1,0.2829447445346437
TECPR1,0.6194041622335594
ATG4D,1.081353531510501
VPS16,1.5962204712161288
BOD1,-1.4995732055307085
C1orf220,-0.42911541913495604
ERI1,-1.089008125683592
FUNDC1,-0.6472941785771031
SLC25A43,-0.5664718098895266
MORC4,-0.4869010117081949
TMEM164,-0.8711654338520055
THUMPD2,-1.536077437433129
N6AMT1,-0.087522107739496
METTL2A,-0.7505915493172048
NDUFAF5,-0.37382507477802784
TGS1,-0.6232876315979603
RPAIN,-0.039909739688589796
CDH22,-0.7949732978394424
PCDHGB3,-0.7153281860522943
PCDHGB7,-0.7891574627805634
PCDHGC5,-0.9817300427216804
NRXN2,-0.42404384200565376
DCHS1,0.5507098895076682
PCDHGA8,-0.840847161025453
PCDHGA3,-0.48970056677450113
PCDHGA1,-0.24472656119874933
PCDHGA6,-0.8519212693299871
CDHR1,-0.8000654995347092
PCDH15,-1.091897967831629
FABP6,-0.6915802104504024
PCDHGA2,-0.8610926274294343
CELSR1,-0.06672078100230301
PCDHGA11,-0.5314185200887716
PTPRH,4.504761454787169
GPR42,-0.8836599575128686
GPR75,-0.8314940512732362
GPR78,-0.6840568250769357
GPR141,-0.09438935598405887
GPR88,-1.1343305139009399
MRGPRX4,-0.870837763223246
MRGPRX1,-0.917074858163272
MRGPRX3,-0.9956854448645963
MAS1L,-1.1545579372315247
MRGPRD,-0.9117555458826688
GPR39,-0.25108771257036
LHX5,-0.6532553640381248
TPSG1,-0.34199705314696277
FERD3L,-1.4231034437258059
TRIM46,-0.8727121060665245
CUX2,-1.044681706770748
ARHGAP33,-0.0746394634207753
SLITRK3,-1.40811844914474
IFNW1,-0.7164678510658474
HOXB2,-0.798627641849447
FAM153A,-0.7627841442795316
ATOH7,-0.9410047177333712
HOXD11,-0.6871120430886153
MYCL,-0.7790611046542034
MYT1L,-0.7346788181193278
FOXB2,-1.0042454907583906
NR4A3,-0.23729803663748045
EBF2,-0.8869682019810095
HOXD1,-0.8610580772658635
GYPE,-0.5344473750899055
VSTM2L,-1.078377354515875
TBX1,-0.5850696371845571
PIEZO2,-0.35694322055385264
ACOT11,-0.18171275550782007
HOXC5,-0.8719330186664276
ASIC1,-0.4742362909912403
KCNK9,-1.3875931748636965
SCMH1,0.3608051547989823
PHACTR4,-0.14278819945597462
CAPRIN2,0.8967405540394461
BRD8,-0.8773167656149102
JADE1,0.5149938544590419
PTPN9,-0.03406811410135747
HMGXB3,1.442264777052926
DIS3L2,-0.5095062857710456
HECTD4,0.36052203253966275
MICAL3,0.18807383013577122
PHC1,-0.8023534560067566
PRRC2B,0.26826615523614716
RETREG3,2.6264973058766072
SLC30A8,0.2811691467487837
PARD6G,-0.6753982277058961
MAGI3,-0.946383938643596
ANKRD45,-0.8983169479492048
LRRC9,-1.315079783461562
CCNO,-0.7472004537095536
ZNF215,-1.1280102297992658
ZSCAN5A,-1.29258295276092
ZNF628,-0.25612720267480654
GLIS3,-1.1108685322439782
TJP3,3.024799448952604
SLC22A12,0.5437743554352915
LRRC52,-1.32453107994455
SGSM1,-0.7790097621579287
PPP1R42,-0.9047047798817837
ZSCAN31,1.4176250454145458
PPCS,0.28062817050342687
TGM5,-0.24911432354369406
SOX15,-0.470286446677869
CLEC17A,-0.5792590546267173
PSORS1C2,-0.9123821053250257
STOML3,-0.30191755947922394
SCGB1A1,-0.281244671393061
KRT81,-0.9423215584276045
CRTC1,0.07329053001065787
KRTAP2-2,-0.8304422449931861
PADI1,-0.35898759187678264
ORM1,-0.42943981221407046
FAM20C,0.45417759265167196
PRG4,-0.7286659643382148
GHR,-0.26474744505352193
MT1M,0.3348304107597769
CFHR3,-0.35484835406265997
CFHR1,-0.3601854709764815
F13B,-0.5101696155959848
C1RL,3.0619880818921166
A1BG,-0.6340229802421307
C8G,-0.39907722809238866
CLMP,-0.6452821863727978
MRC1,0.4598333636111351
SMIM1,-0.4341460978928855
MBL2,-0.6233483078658089
LEAP2,-0.4504939180612671
EPSTI1,0.11416064608316695
SSC4D,-0.002025983987823475
CFHR5,-0.6083080587748184
SCARA5,0.045155662712081025
LOXL3,-0.08133625120348736
PGM2L1,0.9129324759037315
DUSP22,-0.07208522397610131
NADK2,-0.11648235677615086
GK,0.412597276060468
IMPAD1,0.7409617749488399
SMYD3,-0.5779831042428923
ACPP,-0.524115144307965
ADAT3,-0.5173133912743255
ADAL,-0.14956313844576674
NUDT4,-0.856115249345796
AS3MT,0.0553992542327459
SRXN1,0.7041845967696074
NANP,0.5749449377116808
TIGAR,-0.012540332957942579
RBM48,-0.8176737906666655
NT5C,0.015960366436474048
PRTFDC1,-0.37874886376969785
ZHX1,-1.1855610483541519
TRNT1,-0.07828062897303671
LHPP,1.3233700671640654
NT5C1A,0.10835298683718583
UPP2,-0.46332240340886605
ULBP2,-0.21191029819312346
NT5C3B,1.290144147202389
DUSP2,-0.10267323063060925
PTPRT,-0.5156011997455523
PLIN4,0.03876094111098882
ANGPTL5,-0.539700662744092
PRSS21,-0.001627389918076521
AL645922.1,-0.6616832139608171
SRD5A1,0.5197029390898114
LIPE,0.22521368261779656
RGS10,0.2863416665584701
PXDNL,-0.8531057178965867
DUOX1,-0.3352065705677997
PHF21B,0.07485798832062913
OAF,3.2329573303411117
CLDN4,-0.5953151984793129
GDPD1,-0.5449230559616302
OR5P3,-0.6527903603478062
TAS1R2,-0.9735282053703371
OR5P2,-0.6493408160106547
VN1R2,-0.9908043903314482
MEIOB,-1.286857509734197
OOSP2,-1.0447056313408005
TP53TG3,1.262541366180075
MAGEB6,-1.0399814078491196
MDH1B,-0.7608412986676018
DERL3,0.0938132571172818
RTP4,0.19748208250080868
DERL2,0.2331484570814831
TYW1B,4.34293526876388
MOCS1,-0.7570882366598438
MCPH1,-0.13698250729947398
YBEY,-0.27280841444204396
LCLAT1,0.17732668308980493
MBOAT2,-0.0330006326006252
TYW3,-0.42872934560755305
CNNM1,0.2758603427626888
CNNM4,-0.6014107645460728
TMEM237,-0.17038748834079695
POLR3H,-0.2599393908921129
POLR3GL,-0.5629655128877834
LOC101060521,-0.2230672046697177
DTNBP1,-0.33253935375827215
IL17B,0.33259448193140684
ROM1,-0.23538191644345594
PODXL2,0.269393336990519
DOT1L,-0.30584658701141904
PCBD2,-0.6207057036438963
LMLN,2.8762875221237616
FAM9A,-0.5858626983126773
SCML1,0.418538557136116
MTERF1,-1.3689556172860131
SETD6,-1.0391365136841326
RILPL1,0.46282810379611694
GOLGA8A,0.9386596753337877
CHD7,-0.8374802685666005
MTRF1,-0.5520509150555413
NCBP3,-0.5550105089555619
COMMD1,-0.2917048120508615
ATP6V1E2,-0.06624678558568303
TMEM199,0.3219191868245392
CCDC115,0.25613732757126173
TP53TG1,2.0359390252308684
COTL1,1.0900664743054076
BLVRA,2.702501682679485
NME6,0.20638637694296677
TMEM167A,-0.23099058238857348
KIAA2013,0.3938363863681796
URGCP,1.7059306923756525
CBX6,-0.1796223424989152
STOML1,0.8753861747416173
ADCK2,0.3424089958216335
CERS6,1.64939080677571
UGT2B4,2.213596107771098
OTUB2,-0.7857228880749879
THSD1,2.0101198379188947
KIAA0513,3.765885830552238
HACD4,0.36971355053145843
ADAMTS4,1.189947437013605
ADAMTS3,1.020314731497352
ADAMTS8,2.080913370525343
SEMA5B,1.102732995798617
NOD2,0.4584749729167466
PADI2,0.6320659365774692
RGS18,-0.3821340949773916
ADAMTS13,2.8792470873904343
ADAMTS14,1.4681369252413827
ADAMTS17,2.0717558064936115
ADAMTS16,1.7946049905901844
ADAMTS18,2.0141414900462458
THSD7B,2.161974214301856
LRRC25,0.41694186748775336
ADAMTS15,1.948972896785311
ADAMTS19,2.010948711667038
HEXIM2,-1.374974536981503
DOK3,0.12580791422458804
DPY19L3,-0.18408173133031092
SMUG1,-0.1697980070187196
ALKBH4,-0.05066588843868512
NUDCD3,-0.24479268822259212
RFT1,-0.05667042403714697
SLC37A4,0.5905601599632649
THG1L,0.10612039350191135
ANGPTL8,-0.9010694684838189
ST14,-0.32505927109558314
SLC40A1,1.1444104115993032
FAM174B,-0.48632214099249277
MGAT4A,0.6586291513419645
GALNT6,0.6927151525105241
FAM168A,0.8327270592773873
SMCO4,0.5231357459213662
PNLDC1,1.7927999160986616
MSRA,0.9536292463339855
SLC46A3,0.8951398036245425
LAMTOR4,0.11418461411529227
NLRX1,1.2426170241056576
CDH24,-1.2694833712351288
CDH12,-1.3090668484415582
CDH9,-1.4684720834868712
FREM2,1.765983654687061
PET117,-1.4711897030737737
UQCC2,-0.24797862539299642
FGGY,-0.4337087147860046
SHPK,0.3675114161671273
GK5,-0.36055523585482263
XYLB,-0.30958178702677386
MIXL1,-0.8195121357235133
ZNF74,-0.9727762523897225
PLEKHH3,0.8661453883716427
FAM110D,-0.2751822399675928
SNX25,-0.08907933794785682
MAMSTR,-1.3582793755578717
HRK,-0.3438840250014083
TMEM102,0.4227872889381113
THAP11,-0.06168066959410104
ONECUT3,-0.49333340332133346
ZFHX4,-0.8318883893460391
FAM185A,0.02895891046855976
PRDX6,0.02294580956039949
MACC1,-0.4537690320016085
SFRP5,-0.5050052815124422
DNAJC17,-0.10739652929826891
ZNF169,-0.9515085875633278
SLC26A1,0.15187643480033977
TCL1B,-0.357429578050075
HSD3B1,1.0742806579641744
FOXE3,-1.1089854397195187
NENF,0.6583532601628526
LIM2,-0.7493458220176473
MAGEC2,-1.216048504185313
GTF2A1L,-0.6051286238556828
AMBN,-0.8511181666626231
UPK3A,-0.6954138902132001
ISL2,-0.8693277809729996
VAX2,-1.0190520731504171
VAX1,-1.0796063321720888
RGS11,-0.357554185574562
SAGE1,-1.061569964307925
HLA-DRB4,0.5346743418317821
VWA5A,0.6842732984708609
SAMD9L,0.1545303656528955
TRIM34,0.148219316630217
SAMD9,0.32736704769006464
SFT2D2,0.8486422121493156
SIAE,5.035957180876192
LILRA5,1.9402102075613676
HLA-G,0.5373754018806636
NINJ2,0.4784274421814486
TNMD,-0.7199986106196778
HOXD8,-0.6706966126962447
HOXC9,-0.7095747384987111
BCDIN3D,-0.5037629691771098
PSMG3,-0.495453678900081
HOXC12,-0.6370143165598987
HMX2,-1.4874862661696615
RAVER2,-0.449142768808621
WNT9B,-0.5051952574867367
KRT36,-1.083409993066828
LHX6,-0.6943346143368513
CASS4,0.5248748745238428
CAPN6,3.407948115267199
IRX2,-0.6284442390186896
BARHL2,-1.167818772220146
HOXB4,-0.8967514304984238
HMX3,-1.188966455517914
SMR3A,-0.3539665974753125
WASH3P,-0.44250134649941253
HDX,-1.5405532332334926
ARGFX,-1.401030202034907
SLITRK4,2.845932021684773
SCNM1,-0.42665303254235465
UNC93B1,1.1335759699109367
TLR5,0.3114859977782687
SELENON,2.142216831212848
CYBC1,3.406717870200608
CTC1,1.1542726673882584
ERO1B,1.214610598761515
FKBP11,0.641158543848921
TNIK,-0.3209183551786798
MAGEH1,-0.3939503391614594
GGCX,1.4427763611280664
PFDN6,-0.4912352188660101
MLXIP,1.0042416450981881
CNPY1,-0.8313382205203395
NKAPL,-1.0814347103922215
HBD,2.3287885058835416
IPMK,-0.29685322687101
PLCXD2,-0.44695642167540794
PI4K2A,0.13872054531061775
C2orf70,-1.0625729447442054
ARHGAP28,-0.8695551382284612
PIP4K2B,-0.3221482061491835
AC007192.1,-0.39746675205375
INPP5A,-0.07438722298240955
SPEM1,-1.2157740074357264
DGAT1,1.4444094628293698
DGAT2,0.4405064138142943
SPACA7,-0.6291629634970868
PLCXD3,-0.31661737492699255
EFCAB3,-0.6061751690962915
PLCD4,-0.33423729341162617
PLCD3,-0.018466482415110164
RGS17,-0.43030015288859386
DGKK,-0.36874004990654297
WFDC11,0.4338788710172981
CCDC172,-0.6289537863590793
UBAC2,0.5796973026852716
SELENOO,1.2108229921625286
EDEM1,0.8937666030945037
NUBPL,-0.15498266155162402
SVIP,1.0403258872276728
NUB1,-0.28541919581122654
HSCB,0.078426297575529
USP38,-0.7251990493807629
ZFAND2B,-0.4048355417449666
AC018523.2,-0.7819008201032479
UBXN2A,-0.892482393474304
UBXN8,-0.3964281599099576
TMEM62,1.072264132559267
ANKRD54,-0.8151232249841465
OSBPL1A,0.2043605412799475
PPP1R27,-1.0732121507885177
ANKRD29,-1.0074653075504325
ANKRD61,-0.7948802141548733
ANKRD65,-0.8166286481211654
ANKDD1B,-0.6730498912945211
KNDC1,-0.06167391493611857
RAPGEF5,0.49442534702448326
SH2D3C,-0.5737660734496757
RAP1GAP,-0.19392104769561988
RAPGEFL1,1.4500904947581774
RASGEF1C,0.22138140395807723
RASGEF1B,-0.38599780703227327
RASGEF1A,-0.6786320165142204
SPIRE1,-0.7282796410266631
SPIRE2,1.7832926715714477
DGCR6L,-0.6313581409641905
ZC4H2,-0.8965101608081508
SYTL4,-0.5480100567235245
RAD17,-0.7862405800829789
ZXDA,-0.8361974412476098
TUFT1,-0.603187869752837
NCKAP5L,1.5356016825864491
TCP11L1,-0.013115580823339579
ZNF720,-1.6009915574547258
PANK1,0.48592812383479994
ZSCAN32,-0.8994382719900992
ZBTB26,-1.7839788760229636
ZNF75A,-1.0174690493881478
ZNF75D,-1.689628497071055
DDIT4L,-0.78054421926403
NT5DC1,-0.9814534326098336
SNTB1,-0.0013492504991562135
PKN3,-0.5009584303105974
ZNF786,-0.7136613328976307
ZBTB39,-0.5742621534776895
ZNF740,-1.0696071142443575
DTNB,-0.9274494752831082
VIPAS39,0.002975366733298847
C17orf82,-0.3282036814823534
DOK4,0.3111543295141086
RTN2,2.176914095186413
ALKBH7,0.7953260265073004
ZNF777,-0.8629538486916742
MCRIP1,1.389190045567287
METRN,1.9361994483143212
MOSPD3,1.2159286958768147
SAMD1,-0.14010243374775253
PHOSPHO2,-0.6978106026407468
AAGAB,0.3055559936371127
CCDC32,0.7065574740376628
KLC3,-0.25017970293814906
NOVA1,-0.7246965675950003
TRIM58,-0.9173684295062677
KIF4B,0.24540149908257455
HLA-DRB3,0.48320239226024025
WDCP,-0.4856187892992783
PRICKLE1,0.065727791544861
TMEM35A,-1.0518814972919408
LAMP5,-0.10758021463571803
HAPLN1,-0.8847930026298728
MAPRE3,3.1934971265647016
KIF26A,1.2874606106204818
ST8SIA3,0.2778044745871951
OLFM1,-0.09818585413984755
FAM171B,0.8149342530846648
ZNF365,-0.32327505139056123
GRB7,-0.2879388366103066
RUNDC3B,0.28628706841963464
C4orf19,-1.2664218159856948
PRR15L,-0.03753787906899886
ICA1,-0.11211325630107256
CLDN7,0.17683150081664778
ANXA9,-0.15486226599233643
TFCP2L1,-0.8859995429997546
CAPN9,-0.6501950312601377
AGR2,-0.4151543517873607
MLPH,0.20960184899715534
PLCL1,-0.21881517979306617
PIP4P2,-0.6897347256751162
ANGEL1,-0.5746013227421575
PDE12,-0.25197024950560465
CYB5R2,0.0899061367797607
INPP4B,-0.5156609728593747
AC138969.1,0.25634914390686014
PLEKHA4,4.35824144061378
PIK3R6,-0.7081746601661486
XKR4,-0.3961699246661671
SPRED2,-0.8765934176872343
ARL14EP,-1.2384701929135487
GPS2,-0.48821991093482914
PER2,-0.5981253819648286
ARHGAP22,-0.643387755720073
MAFG,-0.33259270274692404
ERG28,0.8263624188405158
HPGD,-0.16787257029325886
ADO,-0.5463182395810187
C15orf40,-0.8473891501762739
ALS2,0.24561149270347268
DIO2,-0.04302982189848339
SLC2A11,1.4928175898210048
BSX,-1.5078054669616943
SMCO1,-1.7208765504847376
PDCL,-1.0201910468979623
HNF1B,-1.0894168810457416
ARMCX1,-0.7977935556807626
AC023509.3,-0.4324828479199067
NPAS4,-0.1869041169835995
ULK2,0.639356365532776
MBD5,-1.377425875669525
MAMLD1,-0.9858602518776423
RAPGEF2,-0.4271133490722616
MAML2,-0.6933812424382965
GFRA1,-0.5724408199843184
PSENEN,0.2051414116524927
MAPKAPK2,-0.7276955230463173
C2orf49,-0.4660365721578024
SPATA2,0.1309837074543006
NKX1-1,-0.9834269742253308
LBX2,-1.1861251957072327
NANOGNB,-0.9619956381878303
KANK4,-1.1153603392143612
TSPAN1,-0.03184514045893144
CCNY,-1.085759235857291
KLHDC9,-0.7797635831747378
DNAH2,-0.5631255274545224
CCNI2,-1.509484978415334
C9orf116,-0.4562919711722916
CABLES2,-1.817806679962148
ZNF620,-1.4512661101532072
ZNF552,-1.226920614554451
ZNF724,-0.5856606723593688
GRB14,1.286125727465142
KIF16B,-0.4624132157743347
RADIL,-0.39592185129813895
MTSS1,0.7036861346143145
MARVELD3,-0.4039792926745267
PTPRB,-0.42221707043661466
SYNGR3,-0.14309605139820655
PAIP2,-0.8000606138421402
TRIM16,-0.2884896372402396
TRIM16L,-0.4473758451478248
FRMPD4,-1.017414036252319
TRIM47,0.01722563034123218
TRIM65,-0.9502714018209922
FSD1L,-0.7347214347660582
NUDT9P1,-0.9648981967628136
TMEM120A,3.4914976079293796
ENKUR,-1.0772639383103424
LONRF2,-1.0688404264033666
RFPL4AL1,-0.5942316405395182
RFPL4A,-0.9822525966785018
FAM71B,-0.9886626428345522
PTCHD1,-0.09212045313040798
H1FOO,-0.26862785510516196
SMIM21,-1.0610542317103278
FAM122C,1.6698248667094324
OR8D1,-1.0836509548973752
DEUP1,-0.8969781851675581
ANKRD31,-1.2426860454338164
LIPJ,-0.9381174676349637
AK8,-0.09980711308220289
CNBD1,-1.123901595357296
DISP3,-0.6121374016167717
SERTAD4,-1.010015667294098
C7orf61,-0.8989660622142515
MRPL53,-0.6165994358331168
RFX8,-0.8116987231261146
RFX6,-1.4559541236488491
CYCSP5,-0.4309093040672862
PRKAG2,-0.04365686508822412
PARP15,1.0184907097033218
CMC4,-1.4536063623472124
MRPL52,-0.6776331821778575
RETREG1,-0.15142465027054322
PELI3,-0.7567627519987258
C19orf18,0.12251475165843081
OR6B3,-0.6810450852681389
SPRED1,-0.9340291966118021
KLK9,-0.8708732816888768
FAM122A,1.1969182037278403
MSL3,-0.8715770769167162
SPRR4,-0.3509596205598655
MSLN,-0.3413875804760389
SH3RF2,-1.4301466715476192
TET3,0.4306289514562169
TPMT,0.5294044773721529
PCIF1,0.7157790294911222
TRIR,-0.11897059526120432
ITGB1BP1,-0.7373776403410465
RUFY3,0.023958120843406663
TARP,0.1225147516584308
GPAM,0.3521053093149212
GSDMB,1.3152352562297318
ORMDL1,-0.22962691066188834
C3orf62,-1.1666033210340103
DTD2,-0.8235708303975527
ZSCAN1,-1.0864041770719322
LOC102724023,0.6659074517290358
FOXS1,-0.47327836817072183
ZC2HC1A,-0.20295127884274736
SH2D1B,-0.17974026131202434
DENND6B,-0.9264710257177805
DHX58,0.2052125286928443
ZNF385B,-0.2699311043990934
ZNF322P1,-0.970629816975078
CATIP,-0.4587468670615818
GUCD1,-0.050175368616534585
ENKD1,-0.5133975301179499
C14orf93,-0.2969991807307429
KIR2DL3,-0.38856255753992414
PRICKLE2,-1.0723058491170259
C19orf33,-0.8783883657628839
RD3,-1.1901215047199913
HAVCR2,0.03947662440492673
ARHGAP24,-0.4208504564199051
MRPS6,-0.49653023297460647
KIAA1841,-0.9140758354983776
NKIRAS1,0.23059881468410792
MTURN,0.3470230493118778
IL20RB,-0.006481378195747281
HOXC4,-1.1071508993325683
MRPL10,-0.5307008984166223
DNAJC30,-0.27106552021598607
PLA1A,-0.4154399981393735
DCUN1D2,-0.9858679679036544
AIFM3,1.1973732123201886
GRASP,-0.48789224355665983
ZNF486,-0.7562022137467431
CIART,-0.422196908086541
BCL2L10,-0.36554872599001575
BCL2L13,-0.3553296455164
NTMT1,-0.38514483904418406
AP4M1,0.5624075435057627
PLXNB1,0.3465670065160843
CCDC149,0.25128607405677966
BLOC1S5,0.3961317339363099
FAM3A,3.3643882200211386
SMIM11B,-0.2589420558842946
SMIM11A,-0.40914984808593413
C6orf118,-0.7165553721565949
RNASE11,-0.6083434176695101
TEX2,-0.43949084132774274
ZSCAN18,-0.19578899766277585
LRIT2,-1.3962167163364358
WDR45,1.227591404684965
TBC1D20,0.0789021354878533
TBC1D26,0.0018694729981711664
ANKS6,-1.2793091436015094
METTL25,-0.9633245855053524
CXXC4,-0.7620328865885149
FSIP1,-0.7515737350076184
GSTO2,0.220603256170904
VASH2,-0.21359018333074217
ZNF839,1.9854586039206044
APOBEC3H,-0.8224684056715227
RIMS4,-0.7913342271274995
LIMD1,-0.5520831284992508
TSPY2,-0.46555405247016846
C4orf46,-1.4538467435033269
TMEM255A,1.1438059035348849
NCR1,-0.8268178486456637
RNF183,-0.6796929522022244
EEPD1,-0.16431704700086333
SYCP2L,-0.28794274561113997
ZXDC,0.09074527033649904
TMEM175,3.0635168553407723
FGFBP2,-0.03988675363877457
SYT6,-0.5216969422661618
DIXDC1,-0.4734892655658732
TASP1,1.8963278048251453
MESD,8.091123488060237
SCHIP1,-0.24999737183553497
TCP11L2,-0.7453169866766249
HDGFL2,-0.2646959142605178
ALKBH8,-0.9494798321705681
TIGD1,-1.1289892057405457
DNAJB7,-0.32918716971754985
OR4D6,-0.48122789924051623
TTC23,-0.7444759058520348
RTL8A,0.6905224287885878
VCY,-1.1308552925898627
C3orf33,0.812067239299402
C3orf36,-0.8121233766085937
CES3,6.760641452531117
EBF4,-0.6248494557618176
CDPF1,-0.6774024974610529
CTRB1,0.31980866561317933
FAM3B,0.08840417342710402
OCIAD2,2.820060878282565
ATPAF2,-0.8042453719464051
KCNAB3,-0.38673589469539416
PPP1R32,-0.9011443995052778
HMCES,-0.6020293985999629
ATG13,0.4098130932168489
FRMD8,0.13799212207596528
NMNAT2,-0.1033350160810664
NMNAT1,0.3457273453499657
GPR61,-0.5898412954340085
C9orf78,0.7189884254700546
EFHD2,0.8266182138451694
PCDHA7,-0.8950664616041188
TTLL7,-1.0612534573774468
PCDHGA12,-0.752966214867383
ANXA8,0.15618439949120586
MEST,-0.5676566783051364
ZDHHC23,-0.009083162108759105
COQ6,0.4669651433052174
ZFYVE1,0.4121299691902888
SUSD3,-0.7684472547317065
PITRM1,-0.06149030875451076
CCDC60,-1.116311568025868
PRSS33,-0.24199983244217788
TMEM183A,0.11212293266480741
PDZD4,0.9862234195377853
STON1,0.11203186188726638
PDZD9,-1.1002072716252536
GPANK1,-0.9374215463636549
TMCC2,-0.7330423200193236
MARS2,-0.3034808782506531
CCDC144NL,0.1225147516584308
PHYHD1,0.8898290994773241
CFAP58,-1.4457763786082316
LOC403312,0.1225147516584308
USP6NL,-0.4466485428936292
PASD1,-0.6908709475041996
SCG5,-0.31397645053421736
DDX43,-0.8560878818813021
GADD45GIP1,-0.7853003807848192
SERF1B,-0.8397002129098918
CHCHD6,0.8674841745053693
FAM151A,0.5111216248040455
FAM133B,-1.254370749063791
PPP1R17,-1.1457338353988222
PNMA8A,-0.25317994707781144
PTTG2,-1.1367764904037516
SPIC,-0.3158898046290148
FITM1,-0.05428271380659947
SRARP,0.5158502888797861
C1orf115,-0.21706970267048076
C12orf65,-1.3786480488013175
ACBD6,-0.6528520374326424
ACBD4,1.0115267922623754
EVA1A,-0.5879248980805653
AKAP4,-0.4074203655217039
DFFB,-0.516265667421897
VCY1B,0.1225147516584308
KIFC3,-0.7208975075358449
SLC41A3,1.868649454710386
CD300LB,-0.3984280987774563
STARD10,0.6653379384439881
CRADD,0.22466278046729884
PRR15,-0.6969034965299054
FAM53A,0.12251475165843084
CELF4,-0.34477474882466963
CCDC190,-0.7902146514278041
PACRG,-0.7728932423772371
MTERF4,-0.38836397907568243
PRSS1,-0.8947035388492632
TSLP,-0.09340953844103017
THAP3,1.150660870498808
CARD18,-0.27980902251019396
RP9,0.9971836915416152
DNAH14,0.3494161562511808
GNPTAB,0.6793806295204156
IL26,1.3719823277861394
FAM50A,1.0882271405491244
FMNL2,-0.3069460794445645
FMNL3,-0.2217252139893441
KCNE5,-1.0839387849860898
PPFIBP2,-0.3504418105946247
CCL26,-0.6699516426422799
SEPT9,1.5636208650661447
SEPT5,-0.25101851773977435
SEPT1,-1.0539564126750844
DPCD,-0.7519956344871983
CDK5R2,-0.6028391792046579
GIMAP8,0.5680894225601102
CXorf56,2.6266630221625906
MOB3C,-0.5722942441165345
C18orf21,-0.47361942777881944
MT-ND3,-0.06879511050973504
GPR107,-0.07880746056253046
RITA1,-0.4093636240042348
ATL3,-0.11589574017156573
UGT1A10,4.24808379675207
CSAG1,-0.5975820996173121
ZNF2,-1.264493099519625
ARID3B,-1.0093666884712833
PURG,-1.4738443153809
CCDC28B,-0.685313460101023
FAAH2,0.7748544095122603
SNX21,0.24746213775879924
MAGED1,0.39338421828329273
RSPH10B2,-1.2422117622857356
CLEC12A,0.9917835616984079
LANCL2,-0.9919352077951601
SERAC1,1.3370106293761497
PLAAT5,-0.8321795557862014
C19orf12,0.9291503571469563
ERMN,0.11637672842468304
LSMEM1,-1.087136848502371
LSMEM2,-0.6204492729766214
ST6GALNAC6,1.4136354470308006
CAMKMT,-1.1450180892989252
WARS2,-0.26084961641329185
KLHL32,-0.7666344123799902
DGLUCY,0.8456816183124468
JHY,-0.5419504685816532
TEPSIN,0.3010518646161757
C11orf45,-0.8399223150959645
ARNT2,-0.7439794623868207
CRIP2,0.7674473964453581
CAPNS2,-0.1891033901644244
NBPF3,-0.5429243276284952
NUDT16L1,0.7231170849996525
PDE6H,-0.8912086151822758
BEND2,-0.762242606757985
INIP,-0.7027131375359449
QPCTL,-0.2588872839152082
NAA80,-0.5027209524412108
ZNF641,-0.6042215994150448
PLA2G4C,0.18913657723721997
PLA2G4D,-0.13791028602049954
CHRFAM7A,-0.9818181793114173
ROPN1L,-0.9130673020084925
NEO1,-0.32997324295405217
RBPJL,-0.6955752963035813
CAVIN4,-0.862595073660227
CORIN,0.11796743510893136
PROSER2,-0.5712268205883305
MRRF,0.05142712070548678
MPV17L,-0.10692081503504165
BSND,0.6571399389630195
TTLL6,-1.2243231697257664
TCEANC,-0.8624631760282842
YPEL3,1.010609638506384
C11orf53,-0.5888691565657304
C11orf52,-0.10337024337924261
CLDN3,-0.3962700530825919
C6orf203,-0.5764128354644598
TRDMT1,-1.1006175394697015
NEIL1,1.3808391218121085
NLRP2,0.09310895778746495
FILIP1,-0.0369081152705973
ARL6IP6,-1.4543822007326248
CRACR2B,-0.49475566045045405
ZGRF1,-0.6804115308956382
PRKRIP1,-1.1258175295925665
MCU,0.4177841377458478
ADD2,-0.8788412608304145
EPB41L4A,-0.7242590753839203
LURAP1L,0.42254289762815733
C7orf50,-0.45539841640957157
NXPE1,-0.2049533712931059
NXPE3,1.6241593849667173
METTL8,-0.9184773787864308
ERVFRD-1,-0.5001069446446064
QPCT,0.1032512686946318
SMTNL2,-0.7324482823834733
MKNK1,2.3963391490129644
OLFM3,-0.5763699387078646
CAPSL,-1.0253659018531942
CHURC1,-0.5754924483340245
MAP9,0.43230438095392765
PRXL2A,7.607835848162246
FDX2,-0.16205265303035057
KIAA0825,-0.6522703905759768
EP400P1,-0.6547935877826787
KCTD18,-0.8294570655785609
ZNF449,-0.8467712736734245
L3MBTL4,-1.2648227976101454
SERTM1,0.12251475165843081
SERF1A,-0.9714394927825049
AFAP1L2,0.3600476906756791
IGSF10,-1.0563055041511549
CCDC107,0.906889516881167
C11orf71,-0.1775452703544107
SPATS2,-0.5155269803324674
TCEAL2,-0.6157356305461166
CHRNA7,0.17378971592065348
IFNA8,-0.11603699733999603
IFNA2,-0.3430690087575657
SLC48A1,2.9300450407225935
OR2A42,-0.5741074278978632
C1orf174,-1.7614078532115462
LRP1B,0.38387220865175575
RAB3D,-0.6641298078340236
ARMC7,-0.3007902893264912
PLEKHG2,-0.43168848456426195
LIN7B,1.4932400468864864
TAFA1,0.9145024904834972
NEGR1,-0.7354639620088075
DBNL,0.07886562602219323
PKIB,-0.5427764793360003
SYT7,0.020372539039728466
FAT3,0.06169822623323405
SYT10,-0.7448611468817585
LRRTM3,-1.1851919994472762
NLGN4Y,-0.21748208224140722
ARPP21,-0.6856811632964622
KIAA1549L,-0.9340160834644275
ZNF804A,0.5110094530181434
CBLN4,1.3486193459353304
CADM2,-1.2401502663401274
NLGN2,1.6313114321970665
CNTNAP5,-0.10877274540908399
BAALC,-0.642105864106618
SHANK3,-1.0027141085216693
ANKRD13B,-0.5403880243107623
NOL4,-1.3668504454392927
SLITRK5,-1.1859358724566302
SLITRK1,-0.49665288512267536
SOX14,-0.9870557740095298
KCNK12,-1.2209916227735471
RIMS3,0.2694388024806772
ADGRL3,-0.8985632344516937
FAM131B,0.8035859178120914
SYTL2,-0.32348755706893884
SYT4,0.011629317750620049
CSRNP3,-1.1856095947025445
NXPH1,-1.3524775068385042
PCDH19,-0.8824097506200552
SDCBP2,-0.8938148285322355
SYTL3,-0.5851798730291993
PCLO,-0.7224632616800284
SNTG2,-0.8498912044640425
NSG2,-1.2127433316796403
GPR173,-1.102899983603858
KIAA0408,-1.2243674272962761
FAM155A,-0.8661936075496063
KLHL4,-1.8465786735933167
KCTD16,-1.0005281232958594
SCN3B,0.007933991435943671
ST18,3.2440551854122743
TENM4,-0.5619956593688372
OPALIN,-0.7087513342487499
LRRC49,-0.04839077555988329
XYLT2,4.46186602071571
INSL6,-0.7763447781909986
ACAD9,0.7071464895104109
CCDC65,-0.6056839629635675
C19orf48,-1.0434591096817623
NR2C2AP,-0.48331695378356776
PPP1R35,0.74010793348912
ARSG,6.009419145847279
MORN2,-0.9940987617396466
TEX43,-1.1347591229757306
TBC1D28,-1.0016679784931646
SPATA18,-0.2860488406180229
TMEM232,-1.094340500766255
TMC1,0.381025489000541
ARMC3,-1.2732155720929292
NLRP13,0.3138256117230783
NLRP9,0.32834363127986693
NLRP8,0.31134153878362514
STARD5,-0.35933050373611164
FRAT2,-0.1565025814120192
AMER1,-0.9511341563858773
CIP2A,-1.0034399163453187
NOSTRIN,-0.49291711356885776
AMER3,-1.476949213318737
CGNL1,0.10640189643142048
DVL1P1,-1.2876373004405732
MTFR1L,-0.03180077939554202
AGR3,-0.09726012291750524
CTTNBP2NL,-0.6935140663847096
TMOD1,-0.4268547783661952
SYNC,-0.3833074831218854
CCDC88A,-0.15899644219801473
GLIS2,0.1329020062055736
TCHP,0.23776935031469923
KIAA1328,-0.6079050893137521
PLEKHM3,-1.5738887908718813
NAP1L3,-0.5849545807443218
C1GALT1,1.0343393732643622
NAV2,-0.49728413376247593
KRT23,-0.761796090869728
NCKAP5,-0.5426901817105763
SCAPER,-0.8559244911221408
SYNE1,-0.5898839172183966
WNT16,-0.07928189819424115
AMER2,-1.1423205751548897
TMEM179B,0.7354757117683586
PQLC3,-1.0176077472387326
TMEM107,-0.4972348601566856
TM4SF18,1.3842260515360723
FUCA2,5.029630140038515
MTRR,-0.4035041408126387
PIGM,3.308642117594149
GRPEL2,-0.28037681872877124
STARD9,-0.1916138473401683
ARMC10,-1.0755726265182193
CBR3,0.0819189674759673
VKORC1L1,-0.24680405480581477
MREG,0.5214294720713573
C16orf96,0.7019550346076872
NETO2,-0.7383907783578709
GAS2L3,-0.09769499380642317
STK19B,-0.2683443160548264
C12orf45,-1.2277419517278185
AL669918.1,0.6462825452960456
C17orf75,-0.8624464958571787
ELOVL6,0.7173850717073262
LTO1,-0.8532602489067076
NOA1,-0.6315054937201834
COQ2,0.07660968598434384
CLCC1,0.9033137246138063
C5orf51,1.1892505003674512
COQ8A,-0.5005994417295807
QRSL1,0.33235554764930153
TRUB2,-0.47157682804565926
MT-ND6,-0.31895909215681323
PIGH,0.9141297032088971
LYRM2,-0.31298989886157086
CPT2,0.6007122209130065
LYPLAL1,-0.36440393357593764
THNSL2,1.2512359805356426
ZCRB1,-0.9157925976261817
PCCA,0.8781664374522913
AC034102.2,0.3384988031802539
NUDT3,-0.6705867393162857
LIPF,0.45793133005777553
DHDH,0.695131902520156
SLC5A12,0.06990868899556545
TMEM92,-0.51368815132363
HES2,-0.35810803815364206
SLC6A19,0.025402124487116085
SLC23A3,0.29343011660714774
EPPK1,-0.6197141811610214
ZNF511,0.39614443979403624
AARSD1,0.32492625310592527
PPP1R14B,0.22498716575925515
TMEM141,0.7366943474555997
MCRIP2,0.24324357423506834
TIMM22,0.23588749723426464
MIEN1,-0.004042712717368501
COQ4,0.8607588394891045
SLC35A4,1.2624670720218625
CAND2,-0.7787177580667107
SLC25A39,-0.14349502879416476
NPPC,-1.037055867950931
UNC5CL,-0.6184830190454783
MEAK7,-0.09153277351683102
RFFL,-0.4590545275040134
NRK,1.3017537153142125
GSDMD,2.961853471264524
UNC5A,-0.4159171466317191
CASP12,0.663193312361841
TICAM1,-0.038699766163835594
ANKDD1A,0.4561078781351927
PCSK6,0.3701999946359583
BICC1,-0.8093529824757929
CYB5D2,2.3334689719157424
KLHL36,-1.093152515691068
PCDHB15,-0.6298004840354801
ZNF398,-0.7840672426208888
KLHL23,-0.03760728513965492
STRBP,-0.8080010312158007
ZBTB34,-0.7971688256250856
FAM117B,-0.9298770249941684
C16orf87,-1.664040161824968
NKX2-4,-1.1194579140361296
C2orf69,-0.9769816787140476
TAF5L,-0.9071597349488476
FAM217B,-1.204377071985933
RGS12,-0.05919475267754555
ABHD14A-ACY1,0.7633496473177735
PDP2,0.9123237409755351
ZFP57,-1.241671478779722
RANBP17,0.5514887072174652
MRPL54,-0.5873035789078273
TRAPPC3L,-0.16102167114243082
MCEMP1,0.1747911528504794
TPCN2,0.3842790828157343
BCL2L14,-0.4894252536126841
STXBP5,0.31393794744157
LGI3,0.8981233988567221
KCNAB2,0.19054990937643385
SASH1,0.24761705104016649
ARHGEF9,-0.439347469249709
MEX3D,0.22235845270441948
UBASH3B,-0.6465169077611482
DOCK3,-0.4362907520684266
RASAL3,-0.5141081953893893
TSGA10IP,-1.2419236543712358
SOBP,0.1782865812167856
CCDC187,-1.3132326776453962
PCDHB14,-1.2642251295373736
NUDT18,0.07499723552942103
BAHD1,-0.04436100019857231
GGACT,0.5150888965837604
COA1,-1.3136650787974562
RASSF10,-0.18535466403205336
GGT6,0.7091254562570648
OPLAH,1.2310672058657313
GGT7,1.5817980686054085
NLRP12,-0.3994493202857019
NLRP4,-0.23843896531336034
NOD1,0.959881226627792
PYDC2,0.9584503954048551
PTGES3L-AARSD1,-0.11811992064797802
FRG1BP,-0.45520495677716893
STAC2,-1.1430826123935565
CPNE9,-0.47998149369507076
AGBL3,-0.7461113741789624
ATXN1L,0.21828663478798946
KCNE2,-0.7696306582745742
GTPBP10,-0.7257436699704566
DNAJC24,-0.8976293149938558
ZCCHC7,-0.9775928956336198
RNF169,-0.6982491505014755
OR4D2,-1.1273423873906279
ABRA,-1.1969625625984779
ZP1,0.1536926542702983
POF1B,-0.4370613391893051
AC011462.1,-0.0776638890627529
USP17L11,-0.3639567107666297
USP17L5,-0.34328879140881774
USP17L22,-0.3639567107666298
USP17L20,-0.3639567107666297
USP17L21,-0.3639567107666326
USP17L17,-0.3639567107666326
USP17L15,-0.3639567107666298
USP17L12,-0.3639567107666297
USP17L10,-0.3639567107666298
USP17L19,-0.3639567107666298
USP17L18,-0.3639567107666298
ESPN,-0.2076123274654232
FHDC1,-0.1530766080990001
FMN1,-0.2830075194147799
FMN2,-0.43562674340812
LSS,0.8328254779731282
FHOD3,-0.02227911100232187
ZDHHC5,0.030314673891892716
ARHGAP42,0.5077893914192853
PXK,0.14064437972697943
WHAMM,-0.13032632728651955
GRID2IP,0.2970119004457563
PACS2,0.5189245751605441
WIPF3,0.19516936380089583
RAB11FIP1,-0.1932247001118
ZIK1,-1.644679149924737
ZNF800,-1.1365750631717841
ZNF736,1.592582398659865
AMIGO1,0.045404575230710224
TEN1,-0.14017896251940892
MSL3P1,0.9727996878825106
ASPHD1,-0.5188952885451504
PNMA3,-0.5704096130968543
DPYSL5,1.0023982483099143
SEZ6L2,1.3626994744487828
DEF8,-0.03741359140639511
AMDHD1,-0.42646702858035973
AMDHD2,1.4008088583280571
LGALS7,0.6502258858236518
PLXNA4,0.4528197770885837
AC011455.3,-0.4952578532816848
CSGALNACT1,0.5074037949283272
CD109,2.026461666755817
ST3GAL5,1.5532330394894966
FADS1,0.42884985784136176
OTUD6A,-0.721010887609557
PRUNE2,-0.23412734038515523
NCBP2AS2,-1.591885155906821
LCE3B,0.005996243407556112
VSTM4,0.32263089838208525
ANKRD30B,-1.0987586432789518
EMP2,0.23131745274716412
MT-RNR2,-0.7583374930873774
GALNT14,1.2532585049504734
C8orf4,0.09499922888058053
TTC9B,0.796167086113162
ZNF784,-0.6642940083851718
TMEM108,-0.21270883741616625
MDGA1,-0.0006817518046819738
PANK2,-0.4255410211212172
PLEKHA5,0.6015141933252295
TBC1D25,-0.6232076919555044
DUSP15,-0.8958436461550906
NOTUM,-0.377345514662593
SSUH2,-1.1742390384181405
IGDCC3,-0.4013185900088288
SUSD5,0.013089531155281262
FMR1NB,-1.0071658376067298
LRRC45,-0.8197857146567218
DNLZ,0.15300440006605293
OTULIN,-0.9012815633219154
NEXN,0.6652878524746265
LRRC24,0.6977946589435445
TMSB4X,0.05281081864153807
OVGP1,1.4165448745274962
NYNRIN,0.6697242073003361
KAZALD1,0.3248590985963906
SLC41A2,-0.23213734599871727
SLC16A4,0.45656579329706515
GSTM3,0.7982329457844188
LDLRAD1,-0.1239805116508348
MS4A3,-0.0973370178897067
SPAG4,-0.5353463017913044
TCF21,-0.3970912987539465
LMBR1L,3.6794349793905834
ORC1,-0.7900914235048354
CKS1BP7,-0.9059306889994112
KLHL13,0.05113603410152008
SIRT4,1.0292292248188348
DCUN1D3,-1.0367824257123976
BTBD9,0.0028779677490618316
LRRC58,-1.350937783737014
MRGPRG,-0.27980120085411797
ATP23,-1.0214322795745308
CCDC167,0.5874997511586378
CMC1,-0.8439011279148324
ZSCAN9,-0.7977641420732401
GJC3,0.49622320148500043
GJA9,0.4928379492433232
GJD4,0.43246303128043445
CNST,-0.32979599123304204
FN3K,-0.28690676699173095
GJA8,0.8411179304949644
KREMEN2,0.09302144552596826
BFSP2,-0.5654568071806384
CLEC14A,-0.21728492108430109
ZP3,0.42090094715166465
CCDC3,-0.4466088479667192
PHF20,-0.8212867188534285
DLL4,-0.4367598245829747
IL1RL2,-0.6906155252611951
KRT12,-0.9480094957936176
FCRL1,0.0217992631649704
CEACAM19,-0.3006032030806642
ARRDC2,0.24881603096665889
PRSS56,-0.3705012124174511
SNX14,0.2868952972302991
PMS2P5,-0.9345442872755036
OR4D1,-0.7684659514285893
ZNF397,-0.7778962727318239
KDM4C,-1.1682120420513145
KDM4D,-0.8958181469679072
FAM13A,-0.26302824977218053
JMJD7,-0.8412997894821339
RFPL4B,-0.46244397686678734
GPATCH2,-1.4368503275116495
AGAP4,0.4107651530839362
ZMAT1,-0.5100380674644867
CBX2,-0.9319915644859998
RASSF6,2.2701970951334136
ETV2,-1.150595599136364
ZBED8,-0.28847408312989264
LRMDA,1.35154343962193
DNAH17,-0.5229498223028384
GPR22,-0.6529876837914976
CHRNA10,-0.12380366129819263
AMELY,-0.567459336296822
CSMD1,-1.138943259780107
LY6H,0.9370462243259274
ST6GALNAC5,0.28404855289869513
CALY,-0.9397587804659567
ARPIN,-0.5893601006598639
NATD1,-1.0223344869593212
FSBP,0.3649224519991555
AP5B1,1.1019944697507336
TEFM,-1.01845320618396
MIGA2,-0.7554475312745167
PALM2,0.21866560838155105
ENOX1,-1.1201863553742493
NUDT14,-0.5022650711641929
PNPLA1,-0.49011961442145
TP53RK,-0.49769818105002656
TMEM203,-0.529480401998903
DPP9,1.389644704604791
EBPL,1.0412542690463658
DHDDS,0.4565694301555754
C9orf64,0.5262896407764386
ANKRD40,0.7367886461388891
MLXIPL,-0.1871519798778536
TMC4,-0.4363538426095772
SCGB1D4,3.035341744502476
NPNT,1.0540637999303657
PNLIPRP1,0.0187616328967325
TMC2,-0.2706990964141185
ARHGAP27,0.09709489303839498
TMC3,-0.21168425329732546
FAM53B,1.326378572275297
TMC7,-0.8349128857366507
TMC5,-0.504515796136488
ZBTB25,-0.828137377511614
TMEM38B,3.3942422281891993
CFAP206,-0.6488060802579776
OCIAD1,-0.22802679010219531
TECTB,0.3443087456397132
RTL3,-0.8193063528981758
TMEM200A,-0.511475866842111
CA14,0.15087072396518644
OPN3,1.8145997624617192
SGF29,-0.5100391450759835
MAGEA6,-0.6166358011834894
SDR39U1,0.5138386454272432
AL162231.3,2.0671221857880244
MFSD4B,0.46009775742529013
B3GALNT2,8.173961013337363
SCFD2,0.16380650527130022
EEF2K,-0.5323925484685185
BHLHA15,-0.8332618206169822
CLEC3A,0.10401533019443156
PGAM5,-0.9560523705155781
EPM2A,-0.4861928268693679
FOXR2,-0.6701064135185087
TRIML2,0.7644775947308302
AKAP7,-1.0443471799276898
AKAP2,-0.31028170721321235
CNGA2,-0.6175713548682048
LOC653513,-0.6283685715615038
EIF4E1B,-0.8441704208479326
PDE4A,-0.20507469892793162
PALM2-AKAP2,-0.289872247024436
CCDC61,-0.7459749747970451
WDR92,-0.6483306274232876
PDE4DIP,-0.6956955980995231
ZG16B,-0.4845963341677028
SLC2A5,0.3572211625899714
CRYBG3,-0.1587752074635952
MAATS1,-0.518245231876186
C2orf88,1.2219749468467687
SSX2,-0.9354317702993703
AMY1C,3.5764449030637437
AMY1B,3.722825980868107
FAM49A,0.5321212078442067
TUSC3,0.4053271702752847
LDHD,-0.26500000115283256
ARRDC5,-0.3708209907577359
CAVIN2,1.1621318778569676
PIK3IP1,3.168666876438429
TP53INP1,-0.37751906919779593
FAM91A1,-0.42533377341110246
GRHL1,-0.7778730308113478
MAB21L4,-0.28410929176817445
GALNTL6,2.1666028797798242
GALNT3,-0.1357936512920122
GALNT16,1.8854490048377448
GALNT13,1.646376191474074
RIBC2,-0.6674943887737934
HEATR5B,-0.6119109665684632
GTF2IRD2,-0.6275150715715146
GET4,0.4837667452863957
TRIM43,-0.7286388679030544
HUS1B,-0.23078944125227763
AGBL2,-1.1099900349905951
FAM57B,-0.1296133677892941
RGPD6,-0.1478434705487801
FYB2,-0.6059514447120107
MMP15,0.6320748661083486
TRAF3IP2,1.2671098397256177
AFMID,2.254033248393692
NUDT12,-0.006448491168074204
CLCN6,3.858842586162557
WDFY1,0.09222121075624055
C11orf74,-0.1231187838475158
LMF1,3.8808152541222425
NRSN2,0.8879604223975609
RGS20,-0.20984376542621655
TUSC2,0.04473679247775027
TMEM185B,-1.0516701092123741
TMEM79,-0.07580059869206057
TMEM128,-0.44253942982039307
TMEM69,-0.6132111873192175
BORCS7,-0.34159619387579865
ABRACL,-0.3615516575260457
SLC35G2,1.4897076043487723
C3orf14,-0.7590970497739813
CLN8,1.0240158462957616
THAP10,0.17793690347948898
SMYD2,-1.0570383673304686
CENPS-CORT,0.7451589418000896
ZFP62,-1.1981161515630918
PPP1R26,0.8704580034217723
POLN,0.8654400231980743
PEX12,-0.6612433558192691
NACC2,-0.18804641844091666
PRDM7,-1.0288790008593227
DBNDD2,0.30209007831099344
ST6GALNAC1,1.2894912617694065
SCRT1,-0.5243393097291065
C6orf47,0.3235881455840286
CSMD3,-1.1359363184529594
MMRN1,0.49726904574361797
FRMD3,1.1353393543939354
FOXD4,-0.5581179258290536
NLRP14,0.1678630752060164
RHEX,0.8523391872032955
FOXD4L4,0.5506461418232593
FOXD4L5,0.14669534218671682
FOXD4L1,-0.2681816391200397
FOXD4L3,-0.31625491654498805
HBQ1,-0.4660893577997483
RHD,-0.6039763314775671
CFAP45,-0.8915576393963363
RSPH4A,-0.8749881931373564
CFAP126,-0.9082758150549534
C7orf57,-0.9873454739548151
VMO1,-0.2494654701176778
PPIL6,-0.17950682033021206
TPPP3,-0.32106134440517287
CFAP157,-1.1404832369076343
CCDC153,-0.9998928040731223
MORN4,-0.9842523717333845
CABCOCO1,-0.5644956697098172
CCDC170,-1.2955074949306176
NME9,0.6989059955183321
RAD52,-0.6596063690863017
IGHV3-9,-0.21871117207789878
CLSTN2,-1.3369547616629698
AC105001.2,-1.5434161466455594
ZNF396,-0.9411560764864911
LRRC43,-1.614123920947481
PGBD1,-0.17750175504058688
ZBED9,-1.1865585989615277
PROSER3,-1.1890494368221394
ZNF174,-0.2689285867165709
ZSCAN30,-0.878621034502139
TXLNB,-0.7216428041294911
KRTAP5-9,0.05309301759969514
C1QL3,-0.2724684546616462
GPR158,-0.9549158610337
NRSN1,-0.1714841381010703
TMEM151A,-0.043417569289312584
CREG2,-1.0488004255274384
HEPACAM,-1.047256473894443
PLD4,-0.03884188114667772
QSOX2,0.05017931367571583
PNPLA3,0.5381388015826332
PNPLA5,0.048226447304544014
DRAM2,0.44976653975813613
PAFAH2,0.027469126039594016
AWAT2,0.4225570017142133
LPCAT4,0.8003521149276057
LPCAT2,0.4923119712258033
LPCAT3,1.524499107107126
NECAB2,-0.8668485332142318
HSD17B13,-0.010586981346524296
APOA5,-0.4840202691439271
GBP7,-0.24367111055991644
SLC25A47,-0.45166142299826484
SERPINA11,-0.7631629802034795
PGLYRP2,-0.495824473465313
SLC13A5,-0.7881796774383554
OIT3,-0.4850887237235046
RTP3,-0.6054673121492771
PLGLB2,-0.2811779257593543
EXOC6B,-0.3495442562906823
ACOT12,0.23962016569532438
SLC27A5,-0.014984046274536204
CLCN4,0.3356816302110437
CLIC2,-0.4724707499756636
TP53I11,1.059394900622114
SERINC2,1.016492429131553
PHACTR3,-0.08805226238188536
AADACL4,2.935132477139392
C1orf122,-0.38399701483828963
RTL9,-0.8565615484388435
WSCD1,-0.458159026519327
ACOT2,0.997897485976834
PSG5,-1.0337944183381975
SHISA7,-0.7144451225930468
CBLN2,0.8496390640760909
AADACL3,3.3913073245108
TCAF2,-0.3332398410482701
TMEM39A,0.9786628780702528
TSBP1,-0.6887903688473743
PRAMEF10,-0.9495325373096254
AKR1C4,1.4201134985272903
EXD2,-0.4469265111297073
KRTAP4-9,-0.7176888582520107
GSDMC,-0.256088518761284
KRTAP1-4,-0.6772064661102561
LCE1F,-0.37910268833438265
KRTAP4-1,-0.38078413402236094
KRTAP9-1,-0.6293428806449771
KRTAP4-3,-0.6142745756481586
KRTAP4-6,-0.7777374901427405
TMEM190,-0.9924105910684701
NKD1,-0.8124642887463146
KRTAP5-8,0.6128499915636084
LCE2A,-0.49990789220944204
VWC2,-0.044394234162656046
KRTAP4-8,-0.7235834745066653
KRT74,-1.0014403717536007
KRTAP9-9,-0.6963314157398524
UPK3B,0.011546116886091176
KHDC3L,1.202841769125708
AC002310.5,-0.8480712840842785
NTF4,-0.678389041087683
NKAIN2,-0.9074917626739483
PLK5,-1.837419204658957
PLXNB3,-0.044676208572525924
TENM1,-0.13499441598665232
ANKRD66,-0.686763693595134
MRPL55,-0.17546253915314222
RPP21,-0.3663806708472861
ABI3,-0.5744108628364641
NOMO3,1.2380032189369485
SLC52A2,0.9875884037304676
ADPRHL2,2.4057770533649503
B3GAT2,2.2770074000494747
KLRC2,-0.48472934151248814
TTC38,0.9743167835967008
CLEC4G,1.4268986226571732
MROH5,-0.32272604565509905
TMEM176B,1.2301714236546588
REG3G,-0.45444321977055585
MMD2,-0.1296765261612728
ETV7,0.013384134724664012
ADAM33,2.517348134157274
TMEM86B,-0.42428048292306847
TMPPE,6.4167850674845175
TMEM140,0.4181687252248782
SLC43A1,0.2525220782310505
TMEM144,-0.48393234902451554
PAQR8,-0.9096392488439934
BCAS1,-0.6817868194364513
PLEKHH1,-0.33966242419606457
PAQR6,0.196661725465462
ANP32C,-0.6062916246998246
ZNF781,-1.1057862201101145
ZNF695,-1.9037599665650997
SLC50A1,3.2202293330547787
PHTF1,-0.2724018566621746
DUSP16,-0.1987560562813593
IDS,10.884765294728568
AC067968.1,-0.5564405011307563
GSC2,-0.9946117234396304
CRYBA1,-1.268739882593458
IL17C,0.7801845016303759
ZNF81,-1.4140537543248202
MRPL45,-0.7173917656474542
NFXL1,-1.873271284244648
SPIDR,-0.4671232552936839
BEST2,0.3395445560570898
NPVF,-0.28810538113997386
DUSP9,-0.7303977377536466
PCDHA10,-0.17262249696697082
TIGD4,-1.3269186725614566
PLEKHF1,0.3122696120020431
DHRS13,0.49670776289031454
CCDC89,-0.22526000132862617
TPTE2,-1.2143867418346597
OR52I1,-0.6272480768831089
RNF180,0.6118034185979739
SOWAHA,0.5606986254464652
ZSWIM5,-0.2534798701266645
ABHD17C,-0.7351594074506332
FAM110C,-0.7047660291529592
SMYD1,-1.1360098202336144
SOWAHD,-0.43435657066162064
FAM111A,-0.3783919970534052
PLEKHA8,-0.3113041365252404
C5orf34,-0.28092668575166085
PAQR4,-1.299910669415366
CHRNA5,-0.7830588624625495
NCR3LG1,0.08179058644506106
PARP14,0.7920201010719856
IL15RA,0.3020134403191116
IFI44L,0.07779782433065102
POTEF,-0.5605202341242314
FCGR1B,0.4145333404610071
SLC25A16,0.017034773759390814
CCL8,0.050657631354506176
KLRG2,0.6246533314023165
GXYLT2,1.1767826103185082
TMEM246,3.8022520829092787
FAM210A,-0.9137901958099801
AL645941.2,0.19835710384467145
GBP3,0.35065290106907276
GBP4,0.23843716236090393
TMEM201,0.3548769187575694
TRBV12-3,-0.18692388961572737
TYW5,-0.895694566401618
SERPINB6,0.7881955802435797
OTULINL,0.4454336519527987
PTPRS,0.8086422988907135
COMMD7,-0.0919081513812014
COMMD5,-0.3505051490251913
MRFAP1,-0.6617291842203926
WBP2NL,-0.729423030480179
SIMC1,-0.41563121713560536
FER1L6,-0.28951121556117526
PCDHA9,-0.5123266515419399
LONP2,-0.3286812728273339
MLYCD,0.754931571913688
PCDHA2,0.022552808823456012
PCDHGB5,-0.10201761900850081
CA5B,-0.8589181375983815
STK36,-0.5392971637006994
TIGD7,-0.2966624434091128
CT55,-0.5753735280772075
SYNM,3.092373371446388
FGD2,-0.39950021233878014
FAM167B,-0.679692952202234
ZXDB,-1.0042458214011234
RIMKLB,1.2367691210509761
ZFHX3,-0.17010963585010594
ZFHX2,-1.1374040336720475
PSMG4,-0.4768227121233358
GSTT1,0.251756852767036
RNU11,-0.9172729715506048
RNU12-2P,-0.976382329857607
LSM10,-0.6292247607742101
SNRNP48,-0.9951551816339674
SYNPO2,-0.47447204064148424
FRAS1,0.28750489552503783
SYNDIG1,-1.0048246800665444
SLC35F3,-0.8655059412476228
MTFP1,0.24052953168558955
C19orf25,-0.6813992478876201
INSYN1,-0.5809033628982871
COPS9,-0.7223626863818724
BORCS6,-0.4440156136608917
LIN9,-1.0459988802924622
LIN37,0.8254473042560121
ZFP30,-1.300866791346453
KLRC4,-0.556905571597102
LIN52,-0.8390482547590823
MRVI1,-1.102479512451942
HSP90AA4P,-0.5765298197848372
SLC14A1,-0.44244474567853137
BCL2L12,0.004222877143427391
SLC35F5,-0.4271258074213076
PAFAH1B2,-0.45294928943888224
PLEKHA2,-0.9481880269257
LACC1,-0.8779182676174648
NOXRED1,-0.5306711558358482
PRDM15,-1.063034194260602
SLC25A17,-0.044487009084215795
CDADC1,0.03033083625729748
RAD9B,-1.0478333151785317
CCDC34,-0.7633922692739438
RHNO1,0.9888463905870759
FAM222B,-0.756133301813823
MSRB3,-0.47705220832405354
GLYCTK,-0.4461757072518034
FNDC4,0.27281378790907795
EIF4EBP2,0.19450929201392078
TCP10L2,-1.1294816548408424
SIPA1L3,-0.004383274060427954
SPEF1,-0.5799464420819493
OTOR,-0.07504913765334253
CFAP46,-0.5219581241098064
TRA,-0.3466378129183205
TBC1D2B,0.4389131715337082
OLIG3,-0.6825779336011246
PEAR1,1.022661670234738
HSFX1,-0.3842381353251891
FAM78A,0.016592373759471955
SHISAL2A,-0.701281761204262
NFAM1,-0.8635550785673374
CARD11,-0.4628403684515206
SHC4,-0.7889446212496243
CLNK,-0.7393454968323485
KIR3DL3,-0.5975528315787608
PRRT2,-0.32585028385022374
ZNF853,2.1951378317294257
PTPN20,0.051090519566030265
DUSP18,-0.5063146206488838
GPR75-ASB3,-0.6764104164110906
LGSN,0.2593393227930541
DMRTA1,-0.9947543121861808
TMEM233,-0.017329472368241543
MFSD6,0.17503037327352522
SLC41A1,-0.6634240353735611
PRDM6,-0.9359176775441757
IFITM10,1.004339019762236
AC068533.4,-0.8087458007945473
LSM14B,-0.281997830522673
SH3D21,0.2932914210703306
OTUD7B,-0.6516585297701575
TNFAIP1,-0.7223129459313706
C2orf68,1.6580793498961424
KCTD1,-0.8245967687354937
RBMY1F,-0.255907932634509
SHROOM3,-0.18317818390067356
RBM45,-0.9397048470846805
GOLGA8F,-1.0692028293964506
FAM120C,0.4347573305501789
EIF2D,0.4936720721752463
KIF21A,-0.7818579659100674
DEPDC7,-0.7708486711622298
ISY1-RAB43,-0.9785038995197743
HNRNPLL,-1.390534719987339
MYO15B,4.130101840495497
MED12L,-0.7517700054554304
SFR1,-1.6404114805936953
TNKS1BP1,0.06122975692551824
GOLGA8EP,-1.5276601778462122
ZNHIT3,-1.2975430624146245
MAGEE2,-0.7028117762397054
LENG9,-1.3072103677863884
PSTPIP2,0.881300931816259
SNX12,-0.48098206595602244
SPATA5,-0.03671119282010027
RPL9P7,-0.26867662716582713
ARHGEF19,-0.7308592822110944
SCGB2B2,-1.4267958906275142
ABLIM3,-0.3248253853991468
STARD8,-0.4901742523722348
ZDHHC8,0.9591503799481507
SRGAP1,-0.05124373629271636
PLEKHG5,-0.30865029442262915
NGEF,-0.29951364749511494
ABLIM2,-0.9803820227615914
FGD3,-0.35961700314399564
IQGAP3,-0.5962517856093953
ARHGAP40,-0.3305399440360321
ARHGAP31,-0.32620298261195757
ARHGAP36,-0.2734281974899756
ARHGAP39,-0.4401240417244603
RBM41,-1.4894906826065637
ARHGEF35,-0.5057143572493482
ARHGAP8,-0.397770305250905
ARHGAP4,0.07122553567669046
ARHGEF37,0.1412813612257466
ZDHHC22,-0.8079919554493457
ARHGAP23,-0.47218525347940304
ARHGAP20,0.4727900556143758
ELMO3,0.741001288221342
PPP1R12B,0.5035621565509095
SYDE2,-0.38443390737029853
ARHGAP11B,-0.4032395259478494
ARHGEF26,-0.4364232126109657
TBC1D3F,-0.06502211395440509
FARP2,1.957205976614424
AKIP1,-0.5038270009895826
CDC42BPG,0.09408653783803975
FGF10,-0.17922190051183404
SNX31,-0.57583959032097
HPS4,0.5704630888236883
NOXO1,-0.5598658589703206
EFNA4,0.26740095781312045
INTU,-0.990449740500852
DNAJC5,0.08145491829355084
FOCAD,-0.7302403556276541
PFN3,-0.8829365572304753
SLC16A5,1.6587538680304421
KIAA1217,-0.6911454503567336
PKIG,2.734283242580966
TVP23C,0.6351615982067124
KBTBD4,0.9574090844283577
ZNF28,-0.8647420042054028
LOC81691,-0.3627081303137249
DCAF8,-0.2528686179228167
AKR1B15,0.5884045301700731
GSTT2B,-0.23706207436253132
KATNAL2,-1.5112754716068355
AC026464.4,-0.9800533542733274
ZNF778,-1.1707000018220746
RHBDD1,-0.030224504151943225
FAM104A,-0.20081476941203097
TMEM129,0.8653573872170218
AKR1E2,0.37270068528782
UBQLNL,-0.8681118337806389
AKR1C1,0.6252236746718974
AKR1C2,0.8215518907674856
AC010132.3,-0.7734881421272893
CPLX3,-0.31249549810322746
CPLX4,0.12957585965705967
PARP10,0.5083092338359063
USP9Y,-0.6186518285351841
ABCB11,-0.3537001074413054
GRIP2,-0.22292983010246178
EVI5L,-0.007592899119981636
C3orf67,-1.4013645247915612
C5orf52,-0.01952604082910751
STRIP1,-0.41601304541901307
VCX,-0.5940956089994353
PAGE2,0.5754735243436077
WEE2,-0.4104185779306037
ANKK1,-0.6180339741695918
FPGT-TNNI3K,-0.9109039825344026
ADGRA1,-0.4641009487469769
MYLK4,-0.3999707363311192
AC005833.1,-0.8694373626018447
MEIS3P1,-0.5162883181974506
AC004080.3,-0.5701839837309187
CCM2L,-0.8932021248622155
CLCNKA,-0.2472065944016698
MKX,-0.56277917663
POTEI,-0.09822728645847066
KATNAL1,-1.2549525711310403
PPT2,5.61801588569757
CCDC88B,-0.48368433949609835
ZCWPW2,-0.9858486151464247
CENPBD1,3.3833853140984256
KRBA1,-0.38019255737256036
NKX2-6,-0.38150636412043865
TMEM196,-0.6060314911756018
C1orf21,-0.28085700862648616
FAM151B,-0.6318638760184528
EMX2,-0.6161084471328628
PEX11A,1.0029541040822505
NKX2-3,-1.044786713266706
EIF1AD,-0.5735720404061038
KRTAP3-3,0.12509965996849765
SLC26A3,0.39312537964028516
EIF4EBP3,-0.2960096370602934
SDR9C7,-0.18943583270682823
GDPD3,0.7837571920080528
PYURF,-1.0497483633863285
NEK10,-0.8863597917106448
HLA-F-AS1,-0.5284374732201292
SMIM14,-0.6974410255432406
TMEM19,-1.2024715531916808
ALPK1,-0.7993965295877359
KCNH6,-0.9768612276046177
PUS3,0.03908748638597285
NSUN5P2,0.735657070598338
SLC25A26,-1.0067155667689727
RAB11FIP4,-1.1483240110844275
CCDC7,-1.06454791768237
LRRC31,-0.9328874658448914
LGALS7B,-0.4451065574565782
CDK5RAP3,1.086475577821475
SPATC1,-1.203381351946739
ANKRD24,-0.45872805653005083
TCP11X2,-0.8631623702256054
PNCK,1.459275088885124
PRAMEF5,-0.6575563088675083
PRAMEF4,-0.6557453678664634
PRAMEF15,-0.6575563088674884
NHLRC1,-0.0986858506945601
ZP4,0.9364968361419828
LRRC23,-1.0417051956990524
RDH11,0.880488912164888
PPM1J,-1.3863130249235613
SPATA9,-0.9974261697500405
PRAMEF1,-0.9299779910408541
PRAMEF2,-0.2895112155611753
FAM71F2,-0.39515245064895765
MYORG,7.186526038131582
UGT3A2,3.5992117026540678
ST3GAL4,5.34458745566904
TONSL,-0.5181794945272549
PXYLP1,0.07449039453072866
TPST2,1.659937563480123
DISP1,1.3145645805212853
FUT11,3.195089165566331
DISP2,-0.1069144375739622
DNAJC15,-0.23171834969349284
TOMM20L,-0.3272573672459624
MTIF3,-0.7360417765012272
THEM6,0.760684750448231
MTG2,-0.06467475011535845
AC139530.2,-0.12445864842433157
MRPS21,-0.7730880810394976
ALDH1L2,0.8028980837964353
SLC30A2,1.5530658550627028
TRARG1,-0.1789350153441023
SLC27A6,0.7664989467568002
SLC27A3,3.3658766911954223
CPT1C,0.6188765455628124
PNLIPRP3,0.6433166641991527
SLC35E2B,0.0992617940697369
SETDB2,-1.152120641265598
AFTPH,0.5666920151398621
SAPCD1,0.7748239334880465
TSEN54,-0.04979693173601446
C11orf80,0.6932196142358302
KMT5C,-1.2900545358700817
STRA8,0.7257959297282328
HES6,-0.129044301441312
HIST2H3PS2,-0.03022696247746597
ZSCAN23,-1.1650400557376244
SH2D4A,-0.592116885771778
CCDC71,0.3518727732794966
RDH10,-0.08183815524080983
LINC00908,-0.5231617430816572
TMEM159,0.2379121699959377
GPR34,-0.36355244875649273
RRNAD1,1.259363982904485
WDR13,0.9644782505313947
ZNHIT2,0.23738136351710923
GPC2,2.5954688591247628
SSBP4,-0.012523122029124615
UGT2A3,4.4566040902877075
UGT1A8,4.4097076614100965
UGT1A9,4.075772402893771
UGT1A5,4.4219350773273725
UGT1A4,4.303721746588401
UGT1A7,4.2304904664232765
UGT1A1,3.8804799077766234
UGT1A6,3.3301241059289692
UGT1A3,4.125403267672916
UGT2B17,4.241907160137894
UGT2B10,4.392968130469705
MGAT5B,1.3648204431247057
RGS8,-0.8678410200788117
XYLT1,1.2529714959175913
UGT2B28,3.4464813469247426
VXN,-1.1252983431073666
ACP7,3.5495907585018776
TTYH2,0.03355755549942743
PTRHD1,-1.1900447654914867
RNASEH2C,-0.28034376930304095
PDRG1,-0.6952430682250991
CECR2,-0.7831146132544341
GUCA1C,-0.8612624716909876
CKMT1A,-0.03437243484075951
CKMT1B,5.675544679976949
TRPV3,-0.9840042863050955
PHKA1,-0.09468305420334605
EFHD1,-0.4024388331525597
ASIC3,-0.08313270847816036
IQCG,-0.872110529730627
IQCE,0.7290929527874499
UNC79,-0.47731954969783563
MYH3,-0.7916197185424093
FGF11,-0.9926427900750133
ARL6,-0.7189826209158824
TRPM5,-0.3917603192185635
C11orf65,-0.8228763872458715
OCM,0.38479347292601246
TRNAU1AP,2.5359937513396797
LIPK,0.02132731111847849
NDRG3,0.18013734530570982
PDE5A,0.047286810522607005
CTIF,0.6101756641151901
FLACC1,0.022256004508148224
LOC102724652,-0.5588218668617486
FAM86C1,-0.3983998319755752
C10orf82,-0.5242961728025674
SLC35E3,-0.3595976535808179
KCNH7,-0.7124607183784363
SLC22A15,0.8174587001633943
C4orf3,-0.3432829469661386
SNPH,-0.1795239680432081
STXBP4,-0.16963235016254577
PPP1R3F,0.21935011218862527
PPP1R3E,0.2544645219843366
PPP1R3B,-0.11315494752253455
NAPSB,0.2082703680911909
C1orf210,1.5616403240348755
MAP6,0.6728565067067382
GSDMA,0.23813937152330183
PJVK,1.200926803176985
EBLN2,-0.5033958287692866
FAM83C,0.2735318160267976
EVPLL,-1.2927630572522615
TMEM56,3.0084281724047917
C1orf68,-0.4911839220074458
TMEM223,0.08236995808738069
TSPAN14,1.10533784714602
NAT14,3.451537607996577
SLC15A4,0.09522540649996002
GPR89A,-0.2774079759062032
STUM,-0.37354293087917256
TSPAN2,0.23763444234555423
TSPAN32,0.6440025988102643
TSPAN33,0.5455333890325612
POMT1,3.617560594202984
DHRS9,-0.27536940252376274
CXCL17,-0.817980293110532
TMEM91,-0.1340667804955204
KLRC1,0.4715239564381636
IFNA6,-0.5439937605694063
C6orf136,0.12983330374016322
C1orf226,-0.5157802081328242
FOXN4,0.10788073677603988
MAP3K15,-0.5966813892641437
DBF4B,-0.7475498198802168
DCLK3,-0.7044594339769776
CSN1S1,-0.2662007916421186
PMF1-BGLAP,-0.7903586548765902
LRP5L,2.0093082134305122
DCAF15,0.3013781108353176
SIPA1L2,-0.709693544063306
HPS3,1.1027967847130262
KIZ,-0.7167674996425005
RPP25L,-0.8094281963218661
CLUL1,-1.2352988222969254
FAM72D,-0.5826387159407149
FBLN7,0.31319888594308054
SPATA33,0.4954101720809154
FTMT,-0.3651539802472092
MROH2B,-1.092346637574288
ANKEF1,-1.2503787730078182
GTSF1L,-1.030878551813856
ZNF559-ZNF177,-1.3447660533240686
SLFN5,-0.5395523669219404
MBNL3,-1.2996744607101787
FAM210B,-0.413090194131917
FAM104B,-1.0644957481260873
CRISP3,-0.7434771670655201
LRG1,-0.00048732439483784896
LRRC75B,-0.9278972556055824
RETNLB,1.07862928678576
MEX3A,-0.47661465641619455
PHGR1,-0.7552753599295886
ANXA13,-0.5601029282056657
TM4SF20,-0.5228684352850395
FRMD5,-0.9218098222745515
TMEM87B,-0.10477302975728559
NKX6-3,-0.8514464811314254
CCDC68,-0.30666337163877627
TRIM73,-0.7828419258182826
PHETA1,1.3471822785973904
RCCD1,2.0127999216441945
MYRIP,-0.2706181280201103
SNAP47,-0.1429900051717944
SHISA6,-1.0667867643875
KRT86,-0.9358141458616633
SAMD7,2.0560266175204163
CCDC24,-1.08911921167284
ANO3,0.22730676338794856
BEST4,-0.1408093537586237
ANO5,0.2230984587995952
ANO7,-0.6526364596756636
SLC26A7,1.5359533614378633
ANO8,0.08500001125782058
ANO9,0.04928699651839337
ANO4,0.2659887641815399
ANO2,-0.7609642200390783
BEST3,1.0510751320664748
TTC39A,-0.14980145783251775
FAM131A,1.1368152949004082
TTLL3,1.4728091109920518
MBLAC2,-0.40037037482811483
PLEKHM1,1.3458291693254887
FLYWCH1,0.9322065022518728
BAIAP3,2.9828220820154607
TMEM106A,1.0059350588047293
SLC26A9,1.9874761639249579
TENT5C,-0.5190909504098326
H2BFS,-0.8239440601501534
HIST3H2BB,-0.9052388692994302
GID4,-0.8166037210647021
HIST1H2AL,-0.7700615435189919
EID2B,1.8319205742154443
DPPA4,-0.6111689045777079
RIMBP3,-0.40554519887354473
FOXR1,-0.4752162190586358
PLEKHG4B,0.01284442078041983
DPH7,0.4917335702047403
BICRA,1.2367898615804591
BCL7B,-0.09375710717253449
SERPINB9,-0.09899357622202262
SCX,-0.6805685124863949
ZNF639,-0.15093812911538937
PWWP2B,0.9329600335710243
ZNF594,-1.1236278525639543
HDGFL1,-0.9916062228369052
ZCWPW1,0.1371328151444482
JADE3,-1.035080269546458
RAP1GAP2,2.7940598195797284
ZNF418,-1.4670357800801057
ZNF550,-1.2961108926331004
YY1AP1,1.6619526688404425
AC005324.4,-1.2649288937290766
METTL23,0.9648196117829155
ARL11,-0.564778102231399
SAP25,-0.469752916727656
DNAJC28,-0.4066191318878587
DNAJC22,-0.1308039375436726
EIF5AL1,0.022227115563598836
DNAJC25-GNG10,-0.5949973886462833
HSD17B7P2,0.9219173811923603
IMMP2L,-0.8323073461334857
TXNRD3,0.3113075536365804
ALKBH2,-0.2976937661420887
CNOT6L,-0.2572035524937352
AATK,-0.5197945449316794
OSGIN1,-0.3924355474900816
CCDC117,-1.5341893887364946
STARD3NL,0.7067329514952797
SELENOK,0.24127547815206846
SLCO4A1,-0.11452112552808182
RNF207,-0.8443831529879807
CSRNP1,-0.01795219827171582
GPR37,-0.5148587464697222
ZFAND2A,-0.338781274431086
LIFR,-0.12049775700859969
TCTEX1D4,0.5561176395154873
YPEL4,1.9358689616728613
TRMT9B,-1.2944161190758838
MGAM2,0.16229004804705713
MRM1,0.08481169455498594
CORO6,-0.2624199346653203
FRMPD2,-1.0849352861906032
KAZN,-0.6824199724053277
OPTC,-1.2680103950069699
LRIG3,-0.4541080732389502
THAP2,5.363875335176113
PTPDC1,-0.20284416359847568
NRG3,-0.726410891812969
NRG4,-0.39206960028530496
KIR2DL5A,-0.5937030806470024
KLB,5.551328574749143
OVCA2,-0.9627507696791372
TMEM220,0.03429233776627251
LILRA4,0.16793656599083084
LILRA1,0.3144517468807486
THEMIS,-0.7945458280274954
FRS2,-0.25676336696653357
SPRY4,-0.22037305070707655
KIR2DL1,-0.5181602332214934
TREML1,0.23608470943675905
GAB3,-0.1304714950040265
KIR3DL1,-0.571426054901515
MID1IP1,-0.05118084875205436
GAREM1,-1.1256258720114765
WWC2,-0.7028692841712711
OSGIN2,-1.2950834891742882
AMOTL1,-0.32212036449572845
OR2W3,-0.6826764478826818
GALP,-0.47069271545831876
GPR151,-0.6836203306361445
OR14J1,-1.1065104396212448
FAM167A,0.1298080379256106
L3HYPDH,-0.3265318566179591
PPP1R21,-0.793576899924031
RELL1,0.058341295647584626
SWT1,-1.338498023331601
KRT82,-0.6911364288618866
GPR142,-0.8597638334913767
GPR82,-0.829547014044922
GPR139,-0.6746321385557172
MT-ND4L,-0.03963693815314307
LY6G5C,-0.7509055729542298
AGMO,-0.155992913683333
IFNK,0.9065152834743644
IFNE,5.5406521422539186
IFNL1,0.619933940472218
IFNL2,0.039945743021608644
IFNL3,0.19772838836336723
IL17D,0.11560102840100371
IL20,0.02725846289949089
SFTA3,2.0186623013896647
SFTPA1,-0.3533438339329688
CCL18,0.0694572954509838
PTRH1,-0.21551284909745952
ATPAF1,-0.47759278883224543
EEF1AKMT1,-0.8739791706278417
AC135178.2,0.01117121732845217
OGFOD3,1.2025157316179378
MANBAL,0.4822524101852426
C1orf43,0.16450575096880402
FAM118B,0.30398139773194305
CCRL2,0.33394716252467516
VNN1,0.2619520036516448
MILR1,0.5863381755005529
EGFLAM,-0.4039612607519042
ENOX2,-0.8717701634070864
ST7L,-0.6233301047488067
CA3,-0.57497690333271
SYBU,-0.6878615913134393
PPP1R9A,-0.1253050319400105
SLC24A5,-1.1311542353587547
XK,-0.6075217786551548
N4BP2L1,-0.3191888419241817
CHADL,-1.7322791733506802
ANKRD55,-1.4461409545990878
FMO5,0.4510531710153814
KCNJ12,-0.7319561505801431
RCC1L,-0.5101825637135151
USP32P2,1.3143447746612977
AL360181.3,0.520534498396124
TXNDC8,0.5400117999908244
C10orf67,-1.118853065981656
TAS1R1,-1.309427450062034
SDHAF1,0.5279779785926365
SNHG32,-0.11258217807259607
CDNF,0.4000989150520069
TMEM247,-1.0348330542858433
C18orf63,1.0228632128454807
SNX32,-0.3356583075202305
KLHL26,-1.0604001821817255
FAM156B,-0.2618335369953458
FAM156A,0.2123918001674881
CCDC196,-1.0684852339210664
SNX20,-0.8071959873498803
FAM81A,-1.1223616391473572
GAS2L2,-0.22901601146995504
PRPF40B,-0.5534369837717523
LYSMD1,-1.2072336410182736
JRK,-0.6820079343195684
EXOC3L1,0.10497244644110387
FAM13C,-1.766197635641916
CEP57L1,-0.6746095475411302
LSP1P3,-0.9541679459090463
CEP95,-0.6449403161928075
AARD,-0.8234804800491652
HABP4,0.35555159501281147
C2orf80,-0.4965768713215069
PRND,-0.7846572753458854
GTSF1,-1.574742349297496
DEFB119,-0.641148433288813
AXDND1,-1.1648799743188256
KLHL15,3.8750289374023272
LENG8,-0.7816564964748877
PSORS1C1,-0.057098642179718356
CCDC179,-1.1388898711638633
DMRTA2,-1.4526615925280855
SNORC,0.053798853101126996
TFF3,0.15042462295832243
ZNF852,-1.3859081961362416
ADGRG4,1.779060105568298
WNT7A,-0.5731777193516983
RPRML,0.0010102746506446534
GXYLT1,2.4899991959320955
LYPD1,0.45151057226027697
ANKRD9,-0.667970547924862
NEURL2,-0.7818952070312555
MICALL2,0.6944884044349664
RRAGD,-0.15436653022043262
NDRG4,-0.013271513652013555
ELMOD1,0.8950867740378047
PABPN1L,-0.6202727675195921
CELF6,-0.7449147997269887
CD101,-0.49531631584699054
BCL2L2-PABPN1,-0.30767135497602277
AP002990.1,-0.6262021735273885
LIN28B,-0.8727041021942116
RTL4,-0.8582945788049813
AC245033.1,-0.3882480678484367
KIR2DS2,0.6972178053988503
GPR89B,-0.04357476895917556
LRRC28,-1.376197244253131
H3F3AP6,-0.38371401877208383
SFXN2,-0.6929000390807535
AP002373.1,-0.19484278244557218
SBNO1,-1.5341948822623286
FCRL5,-0.4376736565600276
SMIM20,-0.10887089076743518
SH3PXD2B,-0.1205845350148245
AL355916.3,-0.6443784445669156
MAPK15,-0.32062229234643996
CBSL,-0.390904049087736
HAS3,1.5690213836189537
SCML2,-0.09221917811352634
ACKR4,-0.6563460831860708
MT1E,0.5884073855709508
HACD1,0.8102131017422306
KIF26B,-0.3703599427850851
SBK2,-0.7678459095692745
SLC12A8,1.437931487177312
SPDYC,-1.6107325664321257
CSNK2A3,-0.974006665678967
MSS51,-0.40408410451894355
GANC,6.176515149159591
ZSWIM8,1.5222729707509166
KLHL29,-0.8571561447808042
SLC25A30,0.806942813672766
KCTD21,-0.4238843238448328
IGLL3P,0.2951535887996013
PARP9,0.40560477231595954
BPIFB1,-0.5555657551419197
KIAA1324,-0.0621390646653888
SCGB2A1,-0.1717397591025973
PDE6B,-0.596101930294859
SDE2,0.8863254478756873
C3orf38,-0.68957003367513
PPP1R15B,-0.12130288895735392
KIAA1586,-1.31298021815517
DNAJC25,0.46564355080791475
RNF43,-1.0568443272928334
VHLL,-0.8919025061325664
LRRC10,-1.5280089084756252
FAHD2B,2.1825806313220757
CILP2,0.1739033197779383
PCDHB7,0.64727579303534
PCDHAC1,-0.6381345581302874
GPR63,-0.3412542698786668
HARBI1,0.26844557759477894
ALKBH3,-0.507346217208774
NFE4,-1.2984378575850188
FRMD7,0.6274506956706609
LSM11,-1.0850054523297046
TADA1,-0.7199992509717876
SUPT3H,-0.6601321346147138
USP17L1,0.06876233003805482
MEDAG,-0.8407398815323887
RIPOR3,-0.6986157377491014
TBX18,0.059192569223442355
EIF4E3,-0.4989201141441632
RNASEK,1.2613669521844493
VILL,1.088233684859998
FAM3D,-0.0969770198070289
NUDT22,-0.9049040421354453
CNFN,0.34095289807080276
GRAMD1A,0.7429219693164361
HSP90AA5P,1.9165648258806143
LZIC,-0.5305362162410876
MTBP,-1.1778435853700702
ZSCAN25,-1.0113979670585145
XRRA1,0.21008517502280938
PARP6,1.531708869543837
DTX1,2.321497558741111
SPRY3,-0.6455609047250875
KRTAP2-4,-0.7662443681905398
C17orf50,-0.6189439187323132
CCDC125,-1.0955234765958006
SNRPD2P1,-0.18653406360346253
HSP90AB3P,-0.2865275938820074
HSP90AB4P,-0.6537237847154693
H2BFWT,-1.042829441846338
NR2E3,-1.111266935256576
ZNF589,-0.7921355407379541
LOC100996709,0.5814665402165208
F8A1,-0.2451714762886004
P3H4,7.5662197027461815
AC093155.3,1.4425156711699212
VCX2,-0.531342211645044
FRMD1,-0.4083136943791824
CA8,-0.4785256612479704
PKD1L3,-0.07475144325779318
TMEM88,-1.1160494868371307
CLVS1,0.685133624314811
HEXD,7.180281998839557
SLC27A1,3.755961249809956
KIAA0355,-0.22327433504894145
ZHX3,1.7090665950401651
TNNI3K,-0.9840227355093741
HMGB3P1,-0.24476325943655455
OR8U1,-0.6272480768831089
GLDN,-0.9142568729388703
UNC80,-0.3023576326638265
OR2L13,-0.696872982281206
ZPLD1,0.37769178029344236
SSX5,-1.2588361347458605
SSX1,-1.3705954562570808
SSX2B,-1.149683153940337
EID3,-0.9165510278425375
MAGEB3,-1.1993121744849813
C19orf84,-1.172847335054395
MAGEB16,-0.9055990904245568
MAGEA9B,-1.1358144866811082
DNAH11,-0.14155115231499701
LRRC38,-1.3891407501339428
OCM2,-0.629517453922884
CALHM6,-0.02884795900505138
ARPC4-TTLL3,0.5593090350873523
TOR1AIP2,2.4672634847136075
KIAA1211,0.10988239200381382
STYXL1,-0.7693120140596064
CPM,3.6356955587120234
SLC17A8,-0.21746036690629766
BAIAP2L2,-0.7732980954022542
C11orf86,-0.8816530086115114
MS4A7,0.026403599664295674
LRRC66,-0.727049266627879
MT4,1.3287566755072646
LCN6,0.48160710869052814
LCN12,0.23587590024711957
LCN9,0.8232996613196023
LCN8,0.4665194901217734
WFDC10A,-0.6717069538137621
LCN10,0.6434879417849263
SERHL,2.7022563176172842
ZFYVE28,-0.6501406340761144
RAET1G,-0.3341518152972819
KLRC4-KLRK1,-0.3952067145302801
RAET1L,-0.27668818803658995
MICA,0.9128309153357818
KIAA0391,-0.2968710753602815
THEM4,-0.5618425608351112
RCAN3,-0.8800574084166436
TRABD2A,-0.08451680787808993
PIGZ,1.0448677875716792
RIPPLY1,-0.3127868428017909
CCDC183,-0.6594102492729784
SLC22A17,0.06865595843637108
IGSF21,0.23656813879803618
PLEKHG1,0.17697097231552567
FAM45A,-0.10105863484176149
OR52N4,-0.7053041191273827
OR1L8,-0.6309438370630138
OR52N5,-0.627248076883109
OR52N2,-0.627248076883109
TIGD3,-0.27256386734073906
ENPP6,0.26500653747242836
CMPK2,-0.14089930841613912
GNPDA2,0.13951578037569523
OR52N1,-0.6693743712302059
CCDC82,-1.5714180211184388
UNC93A,-0.10393498902314018
SBSN,-0.6938611432433849
KRT79,-0.7879019064591601
NKPD1,-0.6986644413782621
FCRLA,-0.12279851725805213
PPIAL4A,-0.26782585704797757
CCDC97,-1.208005717595543
PPIAL4C,-0.5328067250489867
PPIAL4G,-0.5328067250489501
KRTAP6-3,-0.5961589452948046
KRT80,-1.052583720069568
C9orf106,-0.7294635785150759
SLC25A18,-0.5629481185932593
CSKMT,-0.7883869740144783
RHOXF2,0.40637828011080496
CDY2A,-1.0184244267432632
CDYL2,-1.9067166696702134
CDY2B,-0.9395046825075539
ECHDC3,-0.2164943400841441
AC008982.1,-0.5460590804796847
CDY1B,-1.27949584101297
SOHLH1,0.5697537231396991
SEMA3B,-0.8746724633614086
FAM160B1,-1.016965043897224
OR5F1,-0.3219010231976315
IRGM,0.07788892931367224
HGSNAT,8.673852930926934
CALHM1,3.8780703839773585
TTYH1,-0.3811501825191967
FAM171A2,6.721200527464325
GRAPL,-0.7480111619848545
NDFIP2,-0.26540006982224057
PPARGC1B,-0.4373630214953597
SH2B2,0.003927705954489907
PTPA,-0.4619933617052883
TGM6,-0.600032872011435
CEACAM3,-0.4040664846320579
ARHGEF28,-0.6024607545681308
SPRR2A,-0.4748978491699025
ARL17B,-0.5589238751895709
ARL17A,-0.9018604543848111
ACBD7,-0.28721519178352184
STAP2,0.3637574870066176
C1QL4,0.3623864548372961
ZNF658B,0.06531657392276433
SRCIN1,0.03273706632023013
ANKRD18A,-1.5214664552725514
MTHFD2L,-0.4890243983068901
B4GALNT2,1.56058172973726
POFUT1,3.049373792051981
LRRC18,-1.5174135313007315
ISLR2,-1.80607896140592
ZBTB12,-1.4034138128378657
RPS6KL1,-0.9972326812113249
STKLD1,-1.0305938377054562
SPATA25,-0.49461767040161325
PLEKHG4,-0.9781308028961364
KLHDC1,-0.6613241610376112
BLOC1S4,0.6647982157358937
EFCAB9,0.08868958307845387
C12orf57,0.5526950491531699
CAPN12,0.00799936036396059
SPATA21,-0.2961221724340091
SYCP2,-0.8806501737246267
MYOM3,-1.2021127754635186
ADPRHL1,-1.043032810510335
KLHL31,-0.3681937155499349
LMOD3,-0.8333548678899316
LMOD2,-0.7617351905569373
CCDC150,-1.1980732537894934
AZIN2,0.7810752565205178
MPV17L2,-0.6656567970836951
POTED,-0.5249043681180244
PDE6C,-0.7153652688285043
VASH1,1.2906547048706565
WDFY4,0.2642947518624196
KIAA1549,-0.17262768969756276
LGALS9C,0.6613134993840795
LGALS9B,0.16211746388942538
LGALS12,0.6097879376137604
PTGFRN,2.2007573029010503
C1orf159,1.079658244458751
TMEM182,-0.4849264831184682
MFSD4A,-0.02529536828889516
LGALS16,1.0014193099358386
MT1H,1.1266475804669587
B3GALT2,1.9158797567055967
MIA,-1.0883179878423017
PNLIPRP2,-0.10264253206273574
KLHL8,0.7171198674743005
MGST1,0.07419932147241787
CEACAM7,-0.6753332155199571
SLC22A18AS,-0.8214069291658761
APOBEC3A,0.431896396267877
CCL4,-0.4466435615865622
RTL10,0.10281857649346898
GGNBP1,-0.6737007477638023
GKN2,-0.1373859947510325
EPGN,1.4501112082333045
ASIC5,-0.19041296617055212
L3MBTL2,-0.9461879722315404
KRT72,-1.039534030430461
RBFOX3,0.999806177080902
IPCEF1,0.03920033166570583
ESPNL,-0.8353063289013642
NUDT8,-0.17965196862584568
THAP6,-0.8444563381633302
RAB11FIP3,0.9149976113103027
AGAP7P,1.1179411563316382
FCHSD1,-0.566030343974147
PLEKHA3,-0.37345007111725387
CFAP47,-0.9937152641117956
SMCR8,-0.19367439676646656
TLNRD1,2.7481003645991335
DDX11L8,2.3390814116632472
METRNL,1.0164442036432562
LYNX1,2.6080886888359323
CERCAM,4.884904614398522
TEX101,0.9507702819749877
MT1HL1,1.0222689304375736
LARGE2,2.03044583810949
PSCA,1.4065677501686358
LYPD2,2.5833343962576354
KRT28,-1.0008434703382416
KRT39,-0.5247570398457307
KRT71,-0.9049431341429569
KRT73,-0.918346074554968
KRT84,-1.1100789031341958
KRT26,-0.6025475353356834
KCNK13,-1.4508724181456374
KCNT2,-0.04388882997969288
SLCO3A1,-0.39424627396565487
SLC22A10,0.3152939062154714
SLC22A25,0.12875071186217676
SLCO1B3,0.6998415301225483
SLC16A14,-0.1274397288958238
LRRC26,-1.494147315805879
VSTM2A,-0.6914160855704199
PQLC1,2.032940156296754
WASHC1,-0.5714136750684187
LOXL4,0.08553281342085123
GPAT2,-0.008335147240680315
AGPAT4,0.4279346732385901
HAGHL,0.5682182681094644
LRRC29,-1.1118021619006973
LRRC69,-0.9902590594584518
LRRC20,-0.6501913875373245
LRRC30,-1.2425386744731146
HYAL4,4.945384998709981
A4GNT,0.4463681975477523
GALNT9,0.6479642586347996
RBM14-RBM4,0.9559867064149142
DBNDD1,0.9391164248460239
ENTPD5,4.423907377369135
SEMA6B,0.8516524839440861
CRB3,-0.020255351263771603
GIPC2,-0.6778769649977766
GIPC3,-0.46440614397608226
PKHD1,0.4074658186784286
ATAD3C,0.05373763626708259
CERS1,0.23641055134723923
HHATL,-0.7662174093631697
AHRR,-0.8565917304394132
ANKRD36BP1,-1.179486595427913
BCL2L15,-0.4776037272509931
SLC2A7,1.8591253791960363
ALG1L,-0.027793033601785297
PIGY,0.24499433547305263
PIGX,0.3046944899337902
SLC36A4,1.2229691717563915
PCTP,0.07030800854444876
TBC1D3,1.0170050156872752
DHRS7,0.9648603876320143
ENPP5,0.8491886674364489
ENPP3,0.4192130135439201
ELOVL4,0.25098452659542275
TXNRD2,3.1167110870609602
CLDN8,-0.746817226018444
ARSD,5.755624302474059
NIPAL2,-1.221647430446977
VTCN1,-1.1524556535447177
PLEKHS1,0.9963680786165455
CST1,-0.03170233644682192
CST4,0.24729596577591556
PFKFB2,0.1367778033184924
DYRK3,-0.3397818622187051
ZNF18,-0.649424499916966
GZF1,-0.39199117489116164
SLC25A38,-0.3115223298898069
PHLPP2,-0.5361594415016068
FAM43A,-0.5745885097623842
C9orf153,-1.251408560000442
TMEM254,1.7095505154852655
CCNQ,-0.5079251216316178
IGFN1,-0.6685156858206255
CELA2A,0.6557567915776014
SERPINE3,-0.6191926308910161
BORCS5,-0.6925260295790558
TMEM65,-0.2311647034654933
BEND3,-0.9189164926040784
ZNF496,-0.5452609506058694
ARSH,5.481036987650766
ZNF391,-0.47750737988005104
RSPO4,-0.45010437768165257
CATSPERZ,0.510868707982049
ZNF366,-1.0773525152909642
CES5A,1.719179987898322
GLIS1,-0.03844417312141333
PDILT,0.3345958113867832
ZNF319,-0.8381179387409253
CLEC2A,2.830652434755914
SLC37A3,0.6586728211287437
WNT9A,-0.6055145888647895
SRRM4,-1.6896127698754542
DCAF12L1,-0.3242644047948931
PCDHB12,-1.1494342705873961
C2orf78,0.523201107420968
POTEC,-0.9030130988708049
KIFC2,0.5340078421048798
USP42,-0.5660443045485705
CRIPAK,0.7494488828857001
ADA2,0.1022406738460359
KIAA1257,-1.1005781643434849
C12orf56,-1.0947526102637084
CCDC177,-0.3628029859692653
FUZ,0.8153906884548255
NRBP2,1.0054626432764548
C8orf44-SGK3,-0.21921782436564693
NME2P1,1.3109936096712507
GOLGA7B,0.11934597970321113
TAPT1,0.10616483910308881
FOXRED2,1.405820750413385
SLC25A25,0.8537094138385528
LVRN,1.0309061935653123
ERAP2,0.9083820584719817
TRHDE,1.379488565417699
TEX261,0.11390503964984644
SLC52A1,0.6082476183407585
RDH13,1.0080966866946852
MIEF2,-0.306073378695704
PI16,-0.09829694716735504
MSH5-SAPCD1,-1.1121540599998399
GSTA5,0.3474789361183956
NHLRC4,0.2412174157708908
CMIP,-0.6315124943556222
SH3TC1,1.8479623311619853
C8orf76,-1.174278280237335
SPNS2,1.1416452944516247
PROM2,-0.5186754101209189
OR11G2,-0.6272480768831089
DCST1,-1.0421413696267552
FAR2,-0.08550239426530319
MANEAL,7.05443980333331
ZDBF2,-1.7490833554460603
CCDC102A,-0.41970167930652
FAM199X,-1.4335395337069403
SLC39A13,1.1425799795196363
AC006538.2,1.0041027507599274
GLIPR1L2,-0.9142066498821547
GLIPR1L1,-0.8091932293373433
PDZD8,0.22894051331423507
TNRC6C,-0.7525069015872919
TC2N,-0.8539313706708788
TUBE1,-0.055462348831467126
RPP14,-0.07414182055596953
CSDC2,0.20524309091216514
TMSB4Y,-0.377061923981018
PHLDB1,-0.016401776150006597
RGS9BP,-0.2972365994916481
PCDHB3,-0.8472284803379028
ACOT1,1.5001320119997597
RNF214,0.4667592252038525
LCMT2,-0.7618538670222321
GAREM2,-0.6035299089096781
PRRT4,-0.7203096093678595
RTL1,-0.7837647545604902
LEKR1,-0.9949714342711976
SOGA3,2.626721256553031
SCUBE2,0.6063661428905931
FAM149A,0.10517489934948045
CRLF1,0.5110685162654206
LINGO4,-0.09242085064031366
TBC1D24,0.6205118686065635
EMC3,0.43661516522787086
ZNF177,-0.29716354242851345
RTBDN,-0.4664242352751336
BPIFB2,0.11977127103463724
BPIFB4,0.3668281401032367
IZUMO1R,-0.7281782845014978
C2CD2,-0.6606524668489601
NYAP1,-1.5794558186887642
NYAP2,-0.2957850357842019
RCSD1,-0.513393239578742
REP15,-0.5923300225863868
AC093525.2,0.5046471153050072
TBC1D8,-0.2279716734724882
MTX3,0.5450355107738531
OR9Q2,-0.6272480768831089
RSPO2,-0.8099771916297442
RTL6,-0.8036323551646102
CHAC1,-0.045964947058975664
TEDC1,0.5651008044310869
TNFSF12-TNFSF13,-0.025721292511775032
SEMA4B,-0.15185744172879528
SLCO4C1,0.15065864728025338
AC011604.2,-0.26380413447351336
ELOVL7,0.30058653393173446
CERS4,0.7722852488048142
CERS5,0.41688171035337834
CERS3,0.15630611442083098
SRD5A3,0.5600128436061486
RIIAD1,-0.689909861183386
PURB,-1.0977668441134185
CHIC1,-1.2261297378425202
LRRC61,-0.11914080636536561
PKHD1L1,0.19481712910533522
SLC49A3,0.6209240978270071
CHRDL2,-0.462757048140117
PPP1R14C,-0.867602928424655
NXPH4,0.21389330457959432
GSTCD,-0.9528666307028724
C12orf60,0.9038542534291114
WFIKKN1,-0.40199495647868344
DACT2,-0.7463890649242894
RHBDL2,-0.20401722205693304
CCBE1,1.3786260786649882
MMP23A,-0.4823228990921531
POGLUT3,2.2300199397112417
POGLUT2,1.201702724078833
DCAF4,-1.1964284971034174
KAT14,-0.22600426477488852
OR5R1,-0.5499208889560611
RNF222,-1.2032196077338106
ZNF608,0.6399853168713452
EEF1AKMT2,-0.8971451658653357
FAM133A,-0.9058496282584068
ANKLE1,-1.0099972625174198
NAIF1,-0.6101857530030188
NEXMIF,-0.8749437765041761
SNX22,-0.32446844040543354
NXNL1,0.6464446651554482
MYOM2,-1.0558932468776743
HSP90AB2P,1.1679609681568524
SIRPD,-1.2720982493679678
ANXA8L1,0.8970182955809284
MMS22L,-1.4085380533498195
CDAN1,-0.4424847687235974
H2AFB2,-1.5570011945141948
C15orf41,-0.7705545182834901
C18orf54,-1.2240798923493443
GOLGA8J,-0.2895112155611808
NDUFAF6,-0.3682703269050676
MT-ND1,-0.11884485298869801
GOLGA8G,-0.5154949774862202
CCDC58,-0.41545462429446933
DNAJC14,0.12704843513583156
GOLGA8B,0.13314092849399595
C8orf44,-0.8682847489835983
SPRR2E,-0.3823661800860864
MAB21L3,-1.3389337630110376
CT45A10,-0.7655205418909012
SLC24A4,1.3702629405563131
CCDC191,-0.787564177197145
PITPNC1,-0.20564627235992447
RSPO3,-0.8913594014699788
RAPH1,0.004040275784958809
DEDD2,-0.6901574554598906
TMEM176A,1.1905753539765103
COQ10A,-0.09844963976302698
TERC,-1.2583036661199591
BOLA2B,-0.6268599764191127
TSPY3,-1.1210397519241764
HFM1,-0.8492560517151158
DCAF4L1,-1.0517334807504948
ESX1,-0.1567302954181241
DND1,-1.3933231901813665
KIAA1210,-1.5943393494498952
WFDC6,-1.0686082326654163
AC012184.2,-0.7551343047381727
TMIGD3,-0.7291178737405708
TSGA13,-0.9305537283672385
SPATS2L,0.030080729397934963
DHRS12,1.0625105894841913
NDUFAF8,-0.36194068977053767
SPRYD4,-0.6870129347521391
SUGCT,-0.5025596072235978
HSFY1,-0.5961346010090216
MBD6,-0.37603178608672805
EPOP,1.99413288689234
MBD3L2,-0.6425615266496565
ZRANB3,-0.595381936621089
ALL1,-0.8134284063990438
ZFR2,-1.500000716637525
FAM135A,-1.3463477093069012
SNX29,-0.10652502368321355
NUDT13,-0.9301737020573585
TBRG1,0.18231570344821924
SYN2,-0.1934133595604686
ZBTB49,-0.994093006443941
FIGN,-0.7059062049822205
NEURL4,0.2804189261019125
NHSL2,-1.0535233058959368
RPP25,-0.1902353867324985
STX19,-0.046304268987727375
NUDT19,-0.20739294170773911
RILPL2,2.734766112251207
STARD4,-0.11703753993860085
PHRF1,0.19865018327699493
EPR1,-0.27909768666981255
ZNF137P,1.957316801430755
STPG2,-0.640773723856329
OFCC1,-1.0744244322363852
ZFYVE19,0.1496963746206332
TTC24,0.318884639436031
AL139300.1,1.0630307969420416
IL17F,1.3188964971635433
FAM118A,-0.07247981539663478
PWWP3A,0.44201876046814437
DEPDC4,-0.9882172224528847
SCIN,-0.18769633900377866
MAMDC2,-0.6410953338012334
FAM126A,-0.1823717691350276
FAM216B,-0.8533599611548132
CES4A,6.360851432026811
DTHD1,-0.6566184535412011
FRMD4A,1.5899512452751237
FAM221B,-0.8725996888904576
DOK7,0.400303679855782
CFAP161,-0.7661614708012685
KCTD4,-0.9949957368474688
RBIS,-1.315836671288226
CD5L,-0.622668892856688
LRAT,0.31400216325727465
FAM83A,-0.44837479643201256
NXPE2,-0.5404510716992722
SLC26A11,4.819107813755033
KRTAP3-2,0.17686818189492054
LCE1C,-0.4646635127622644
PRELID3A,-0.4019930019947607
C22orf39,-0.6808293845499224
CLYBL,1.7414618458769766
CTBP1-DT,0.9589306336682826
NEU4,2.068668134323387
C12orf49,0.4797242186687169
LINC00663,1.2946921062766559
LINC01547,0.22663265341490266
DAND5,-0.5260901728999382
VIT,3.0631852692964596
ERI2,-0.5369594062317178
EVC,-0.8598765137760248
MAGEA12,-0.3786243272935966
SLC16A6,-0.23887347466248757
EDDM3B,-0.8029097325175214
SLC7A6OS,-1.1685063233478759
SLC35B4,0.9268827576292193
SPATC1L,-0.6323488393296265
PANX2,1.0861798416159543
G6PC2,1.4790167983909641
DZANK1,-0.7634663658769404
ACP6,0.9065168303200247
ALKBH6,0.4202023460096211
TIGD6,-0.6437320771979123
TTC25,-0.5853818952936561
ELMOD3,0.49734978219220266
EXO5,-0.278503841457575
C11orf1,-0.6259462937925663
PEX26,-0.2251332851671955
TMEM101,-0.24033570117451855
PLGLB1,-1.122453516488662
MRO,-0.7241201283610241
SLC19A3,-0.8018253709530568
PAQR5,-0.47399679335780764
OSCAR,0.31669571860897666
CHCHD5,1.6620688456542039
SLC25A51,-1.000522089929911
MEF2B,-0.35919739683776336
GPR160,-0.022545600273409728
IFI27L2,0.16393308205199175
CARD19,1.648480480805053
ZAN,0.45821765707136336
FAM107B,0.07918332814716794
SMIM12,0.7111399039488776
KLRF1,-0.5759745014993142
PRELID2,-0.09182814440429087
C19orf44,-1.3831456550376013
HYAL3,7.829443330581839
GPR146,-0.29801367816529517
MTHFS,0.7927152547536394
DPH6,-1.1601273503585434
MON1B,-0.19273396361843093
BCO2,-0.1851854508103741
TMEM245,1.4447910093876632
TMEM242,0.7735473175944968
CDKN2AIPNL,-0.38480745167283437
SH3BGRL2,0.15038675531389284
PRR36,-0.10320076340057145
SNX11,-0.0846087920590821
TMTC4,1.9751740007885474
PART1,0.458217657071369
TMEM187,0.6516568767648186
TCEAL3,0.17763273395651707
DACH2,-0.7614636903614994
TMCO6,-0.4913197523987708
CARMIL1,-0.26670378365507497
CGAS,-1.1581778039157475
GPR108,0.7381936008481781
MPZL3,-0.48741453003463453
OSBPL7,1.14606815483207
RUNDC1,-0.021500850436935535
DTX4,0.09879056446623945
TBC1D19,0.03726840170675025
KRT222,-0.6860696334091928
TMEM266,0.8109846636209385
C8orf48,-0.9250549768117716
NBPF7,-0.6860696334091928
CCDC74A,-0.7071250230640806
METTL27,-0.9631953153503917
METTL21C,-0.016823545775948162
NBPF15,-0.3735632887108426
SNX15,-0.6680945149105886
CCDC74B,-0.5910923343093895
NBPF1,-0.5972752733274069
SERGEF,-0.9006078863201663
SLC2A13,0.39521119628638096
MCCD1,1.9449950707188388
SLC47A2,0.47407446390226743
ANKRD36C,-0.7186078991948118
IPP,0.058361476376844475
RABL2B,-1.3696573420893865
LRRC27,-0.9852347944545153
GATC,-0.36809259414965545
LILRB5,0.31270389329418397
CLEC4D,0.5914890531763298
CLEC4C,-0.7368430769202868
FLVCR2,0.8201732463451904
CLEC6A,-0.510716507792612
EFCAB5,-1.246205357723871
OR5V1,-1.2612044692085844
SPATA31D1,-0.9134939296308776
RIBC1,-0.5986747368186391
KIAA0040,-0.05061839911033168
IL20RA,-0.10514993032392345
SLC25A29,0.09586664351924222
HSD11B1L,0.4523726268072206
GPR19,-1.25525729024464
FRMPD3,0.1076245788630828
FAM241A,0.48876298362842524
C4orf33,-0.6605235385264742
SRD5A2,0.05821587181921987
TRMT10B,-1.521248071613827
TMEM64,-0.5265095766290684
NKD2,-1.0828473660800253
ANKRD36B,-0.8908564886150439
ASMT,-0.8370540434996401
ZNF438,-0.9397713197248146
LRRC63,-1.3810180273404624
LIX1L,0.4359001381594026
TBC1D3C,0.5115664349880042
TAMM41,0.8362898778214449
SPRED3,-1.049692525386182
CRYBB2,0.3397931872378995
STPG1,-1.092580500050794
RSPH10B,-1.1009703130634338
SPATA6L,-1.3321495458129862
ERICH2,-0.893515398563392
VWA3B,-1.1128851420571308
PBOV1,-1.1211822316159796
ACAP3,4.34236529202356
PTGR2,0.6328952831136159
UGT2A1,4.885138735938052
BCO1,-0.2876192930317198
APOC4,-0.6306436221884502
ADH1C,2.3801959050010373
RDH12,0.3650835157629246
MICU3,-0.5644728436957032
PKD1L1,4.396231526151773
KANSL1L,-0.6654767249318649
MCOLN2,0.5156162468934571
KREMEN1,0.6640280858365214
SORCS1,0.9507765791365996
SORCS2,0.7113844174142401
C19orf73,-0.0546853008636296
STMP1,-0.4023004077269241
ZNF746,-0.405582839349942
OR52B2,-0.6962553531230091
OR52B6,-0.627248076883072
OR9I1,-0.6429998640532202
OR10T2,-0.6779029332699431
OR5D18,-0.627248076883109
OR5D16,-0.6272480768831089
OR6P1,-0.627248076883109
OR6B1,-0.7365564731380769
OR6B2,-0.49923277380454795
OR13F1,-0.627248076883109
OR51Q1,-0.7526654523247203
OR10K1,-0.6379152805527704
OR10G4,-0.7078131766581021
OR4C11,-0.6893829137332659
OR4C13,-0.627248076883109
OR1Q1,-0.41294093859219994
OR1C1,-0.7130094839865279
OR11H12,-0.6302900622509093
OR8D4,-0.7205560916159766
OR2K2,-0.25074332856865844
OR5AN1,-0.6299231535060686
OR6S1,-0.6272480768831089
OR5D14,-0.4250613028765139
OR13A1,-0.627248076883109
OR51B5,-0.6272480768831089
OR51B4,-0.4303417682514436
OR51B6,-0.7600145561482474
OR1I1,-0.7517428700926322
OR10V1,-0.6272480768831089
OR4D10,-0.6447124359311636
OR4D11,-0.6272480768831089
OR1L4,-0.6272480768831089
OR1L6,-0.6272480768831089
OR1L1,-0.6272480768831089
OR1L3,-0.7541936157913349
OR2J3,-0.7400162277138636
OR2AK2,-0.7369837218939453
OR2AE1,-0.6802969197863659
OR9Q1,-0.6272480768830718
OR51A2,-0.5863456242058536
OR51A4,-0.7254001482765203
OR4F6,-0.7305223216078687
OR4F5,-0.7807588849143335
OR6Y1,-0.6811073550006732
OR52A5,-0.8983511833045336
OR1S2,-0.7933524242138689
OR4F21,-0.7420335182011959
OR10W1,-0.6272480768831089
OR1M1,-0.7235987401460513
OR8B2,-0.7260100860376412
OR8B3,-0.627248076883109
OR8B4,-0.627248076883109
OR8B8,-0.7990820091681268
OR52M1,-0.627248076883109
OR6K2,-0.47481643327232353
OR2AT4,-0.623509726007526
OR4F4,-0.6272480768831089
OR13C4,-0.7608044292112645
OR13C5,-0.627248076883109
OR13C2,-0.627248076883109
OR13C8,-0.6541183988596112
OR5A2,-0.6303002393840723
OR5A1,-0.7942770701529693
OR4E2,-0.6300420850922073
OR4K5,-0.6222581266322953
OR4K1,-0.627248076883109
OR4K2,-0.6457392596029319
OR51V1,-0.824481358321461
OR4F15,-0.6272480768831089
OR4F17,-0.627248076883109
OR4C46,-0.6272480768831089
OR8S1,-0.709095370508027
OR10P1,-0.7021876900890878
OR1N2,-0.627248076883109
OR1N1,-0.6272480768831089
OR8A1,-0.627248076883109
OR52L1,-0.7488649721955689
OR2Z1,-0.627248076883109
OR2D2,-0.7895089215050543
OR2D3,-0.627248076883109
OR5B21,-0.627248076883109
OR5AC2,-0.6280420455813724
OR5B3,-0.7312345223469164
OR5B2,-0.7701846387445909
OR2AG2,-0.6272480768831089
OR2AG1,-0.7848371164790293
OR51G2,-0.6329486159329503
OR5T1,-0.8374412389480882
OR5T2,-0.7701846387445909
OR2A12,-0.6272480768831089
OR2A14,-0.627248076883109
OR10G7,-0.7089857992380776
OR10G3,-0.712399514503866
OR10G9,-0.7499584769504176
OR10G8,-0.7200140046242852
OR4D9,-0.6298277269677467
OR4D5,-0.627248076883109
OR14I1,-0.7419622516864336
OR10Q1,-0.627248076883109
OR10AG1,-0.60043515530394
OR2G3,-0.6272480768831089
OR2G2,-0.6980973289322316
OR2G6,-0.7673827491502635
OR2A25,-0.7793649519798359
OR5C1,-0.6272480768831089
OR9G4,-0.7022072475129236
OR9G1,-0.7287863788320205
OR5H15,-0.6292603439238373
OR5H14,-0.627248076883109
OR51T1,-0.7310584980070194
OR5B12,-0.6272480768831089
OR10R2,-0.6272480768831089
OR51F2,-0.6733690572291868
OR52J3,-0.7272252710936717
OR8B12,-0.627248076883109
OR2T8,-0.6319107679375418
OR2T4,-0.627248076883109
OR2T5,-0.6272480768831089
OR2T2,-0.6272480768830719
OR2T3,-0.648961849518588
OR2T1,-0.6318656997394196
OR11L1,-0.627248076883109
OR5AS1,-0.627248076883109
OR6V1,-0.627248076883109
OR1J4,-0.8690108770020423
OR51E1,-0.9869506841777176
OR52H1,-0.6405263792041227
OR10A3,-0.7338897373153388
OR10A2,-0.627248076883109
OR10A5,-0.6711479686442466
OR10A4,-0.7240605801204165
OR10A7,-0.627248076883109
OR51M1,-0.627248076883109
OR10S1,-0.627248076883109
OR52K1,-0.7394100067844674
OR52K2,-0.6593427052375931
OR2V1,-0.627248076883109
OR7A10,-1.0373929823092265
OR2AP1,-0.6269171707513428
OR2A1,-0.6489686866677861
OR2A2,-0.6750413263829339
OR2A5,-0.627248076883109
OR2A4,-0.6820366166947595
OR2A7,-0.6266146243104579
OR2T34,-0.651136756942818
OR2T33,-0.627248076883109
OR6K3,-0.6304354508714589
OR6K6,-0.627248076883109
OR7D2,-0.8427570361910678
OR51D1,-0.627248076883109
OR5W2,-0.6246784832223923
OR6C65,-0.3333560343225269
OR6C68,-0.6269171707513429
OR9A2,-0.6272480768831091
OR9A4,-0.627248076883109
OR4A47,-0.6382341163476825
OR13C3,-0.6429998640532203
OR13C9,-0.6344023031369384
OR10AD1,-0.7485605527756919
OR2V2,-0.6500503528862244
OR52E8,-0.5663426621591472
OR2Y1,-0.6324171711604123
OR1J2,-0.9040639776218358
OR1J1,-0.6498068470595529
OR1D5,-0.9484603450267524
OR8K5,-0.8122247970241908
OR6X1,-0.7235987401460513
OR2T29,-0.627248076883109
OR5H1,-0.7943433759759715
OR5H2,-0.7701846387445912
OR6C75,-0.628055939737766
OR6C74,-0.6232248912323228
OR6C76,-0.6967470950432946
OR6C70,-0.7680173342264779
OR4N2,-0.7449466079486404
OR51I1,-0.627248076883109
OR51I2,-0.627248076883109
OR52I2,-0.627248076883109
OR2T27,-0.6272480768831091
OR52W1,-0.5907722294362123
OR5AP2,-0.6272480768831089
OR1K1,-0.6457392596029319
OR2T10,-0.6419431310192576
OR2T12,-0.6302327132008972
OR2M5,-0.6272480768831089
OR2M4,-0.5042848013669342
OR2M7,-0.7417961359917586
OR2M3,-0.627248076883109
OR2M2,-0.627248076883109
OR7G2,-0.850378671204579
OR7G3,-0.7661946200479335
OR7G1,-0.7366260464406404
OR6M1,-0.7663576774543117
OR51A7,-0.627248076883109
OR4M1,-0.627248076883109
OR4S1,-0.9300683123479743
OR4S2,-0.7329314055291886
OR11H1,-0.6318656997394196
OR11H6,-0.8018099048134781
OR11H4,-0.6635943806281349
OR56A3,-0.8279030489341949
OR8I2,-0.6302642993290554
OR56B4,-0.627248076883109
OR56B1,-0.627248076883109
OR2B3,-0.7134039017172902
OR2B6,-0.6832021495963457
OR13H1,-0.627248076883109
OR2L5,-0.6272480768831089
OR2L2,-0.41294093859219994
OR2L3,-0.627248076883109
OR5AK2,-0.627248076883109
OR7D4,-0.9219200957476379
OR5J2,-0.7860825754155742
OR14C36,-0.627248076883109
FAM186A,-1.2443478992460186
OR4L1,-0.627248076883109
OR14A16,-0.6302741382594941
OR2S2,-0.2598578383753902
OR4N4,-0.2676069068594215
OR4N5,-0.6340424848330293
OR8H1,-0.6272480768831089
OR8H3,-0.33834066887201475
OR5K4,-0.6298277269677468
OR5K1,-0.627248076883109
OR5K2,-0.627248076883109
OR8H2,-0.7279753189093422
OR10H4,-0.9329883548245343
OR10H5,-0.8028068280007852
OR4C6,-0.6837540957120685
OR4C3,-0.6272480768831091
OR10Z1,-0.573098355872151
OR52D1,-0.7095260508792989
OR4Q3,-0.6275759495657608
OR9K2,-0.7062843745951565
OR5AU1,-0.7062843745951565
OR13J1,-0.627248076883109
OR5M10,-0.627248076883109
OR5M11,-0.6272480768831089
OR5L2,-0.6272480768831089
OR6N1,-0.7107465452418082
OR6N2,-0.627248076883109
OR13D1,-0.627248076883109
OR4K15,-0.6487240655443895
OR4K14,-0.627248076883109
OR4K17,-0.6906927968368687
OR4K13,-0.6272480768831089
OR4A16,-0.6520921301466689
OR4A15,-0.7419828943062655
OR51S1,-0.627248076883109
OR4B1,-0.627248076883109
OR52E6,-0.627248076883109
OR52E4,-0.6372437862600202
OR52E2,-0.24313944018986713
OR4P4,-0.6334419724532174
OR6T1,-0.8239216285379213
OR56A4,-0.77397907942018
OR56A1,-0.8053293811826743
OR2B11,-0.8103113264682635
OR5M8,-0.29672648695034737
OR5M9,-0.6272480768831091
OR6F1,-0.6635943806281349
OR5M3,-0.7318821884460821
OR5M1,-0.7223391318008633
OR6Q1,-0.627248076883109
OR6C2,-0.2574739474050341
OR6C6,-0.712490999778243
OR6C4,-0.6160387972990989
OR5K3,-0.7039263843859142
OR13G1,-0.6272480768831089
OR51L1,-0.6272480768830719
OR10J5,-0.46079359312000945
OR10J3,-0.855549770335204
OR4A5,-0.6373758082456344
USP49,-0.639676271258196
ZNF561,-1.3118231621554561
NEK5,-0.9561530001465396
ASCL4,-0.44319932374004056
ZKSCAN2,-1.057017110033027
TMCO4,1.355715063268097
AC040162.1,-0.9653177349292332
SAMD13,1.5878343542068096
MAGEA3,0.7724890531246674
TMEM161B,-1.1202063665424447
JAKMIP1,-0.9608637657075353
TRIM51,-1.0016557308571652
AC023055.1,0.1292792882181161
CPA5,0.9359496706329997
DNAH6,-0.14967353448098802
HSPB9,-1.1104648466859612
C16orf74,-0.18105300568715402
LINC00482,-0.2535451657849886
DIPK1B,-0.010103287112253074
TMEM250,-0.09015021821065568
DIPK1C,0.13714480427049205
KLHL30,-0.10925174026873723
SMIM8,-1.2772896003540215
CLEC12B,-0.5957375265984283
CLEC9A,-0.4990042717150513
KCNT1,-1.1944688243728983
PRR5L,-0.9970322927339235
TMEM178B,-0.38843459354071214
LEXM,-0.09425630523259766
YJEFN3,-0.6581781648528787
PMS2P1,-0.026976887989275482
FCGBP,0.6787200166045381
HES4,-0.9698419134674312
DHRS4L2,0.18502194404459973
RNF135,-0.41154090583994707
SDR16C5,0.1361523451253677
SLC45A3,-0.9276728599024302
PRSS46P,-0.16354099950846068
STEAP2,-1.112143217087552
DNASE2B,5.824895918625076
TRB,0.9225785784142649
THEM5,-0.5807062349726348
ACOT6,-0.05227805463933033
XKRX,0.3704797884392897
RTKN2,-0.8114990755098901
USP27X,-0.8680656841666442
HMGCLL1,0.4485685033047761
FAM78B,0.7662551295376747
IER3IP1,4.506756687657317
BEX5,0.08817296271346774
PACRGL,0.008082913374379953
TCEAL5,0.07685056145106275
TSPYL5,-1.0952645195361324
TCEAL7,-0.7565018662620694
ARMCX2,-0.12575822305727988
AC005520.1,1.9301931187584092
TMEM163,-0.5037244940765626
PXT1,-0.9776748580432665
MCTP1,0.5711276751564235
TP53AIP1,-0.7445123252897472
CD207,-0.9421573969857477
PRSS16,1.516105437097511
NICN1,-0.4732434900976237
VWA2,1.1001523938609108
DEFB121,0.7009428103500066
ISM2,-0.6451683083183893
RNASE13,1.8417071372845262
ANKH,0.22236730911489713
CPXM1,0.029625053139653846
PLBD2,2.1603497136373897
RGS21,-0.9282720531070167
GNRHR2,-0.6321536697844881
AC073610.2,-0.8129818823204992
ARL9,-0.860736197510993
OTUD7A,-1.0191530980716486
PLCL2,0.017709311216989654
BMERB1,0.7243665680331391
RIC8B,1.0156541512661033
D2HGDH,1.2884566707609897
C21orf58,-0.8737922384308234
PHOSPHO1,0.15176895926492218
CHTF8,-0.8781798598247755
RTEL1-TNFRSF6B,-0.926539661451196
EYS,0.2712033651169432
HAPLN3,2.2771501493318
SMIM10,-0.2895112155611808
GRAMD2A,0.587647473774435
OR51H1,-0.8217485832230496
OR4F3,-1.0234008109534636
LHFPL3,-0.5814580022145678
CLIP2,0.9694917948409725
PRR7,1.5607567611115019
CA13,-0.4058724432229639
AFG1L,-0.2405446035825212
NOL4L,0.4661924368054926
PITHD1,-0.29201696564959256
MAP3K7CL,-0.4509898604774467
AC100868.1,0.19884651833510913
EPPIN-WFDC6,-0.5502147780827265
BSPRY,-0.2539681179950216
C9orf139,-0.6293983160235254
WFDC13,-0.7003662508320595
ZDHHC2,0.005119589105189775
HSH2D,0.6709426174712712
BHLHE22,-1.278333393826414
SHD,-0.1467939723362545
SFXN5,0.7826972566811303
SLC22A24,0.14300185164937296
TIGD2,-1.0471516340846325
PRXL2C,0.582574576378206
CPNE8,-0.4058109974621957
TMEM18,-0.9500517006579731
ZNF280B,0.12191177319721275
FSIP2,-0.7441096452039293
SPANXA1,-1.1517322308104354
PGA5,-0.5078315001796887
AMY1A,4.157112945298629
AMY2A,5.251492552338413
LOC284412,-1.0801749325288308
MESP2,-0.35872786374574445
PSTK,-0.7223833493063888
PPDPFL,-1.0327885898220344
PRXL2B,0.2598789111399877
TSPY8,-0.2895112155611808
IAH1,-0.5201676164821663
TMEM170B,-1.0784587054752892
IGKV2-40,-0.7456049724659846
TRPC4,-0.3828519238053309
FAM219A,-0.18486692587827688
DNAH10,-0.14481376772621754
ARL8A,-0.49639506359098734
YIPF7,-0.22227656857126088
NKAIN1,-0.8600135267633461
SYCE2,-1.1821818924493641
TMEM132E,3.8344907694299604
RBFA,0.8766433689994272
TMEM132B,-1.0931985152172703
SNX24,-0.43179091784518564
KLHDC8B,0.6169461697953963
KLHDC7B,0.5146574481629507
KLHDC7A,-0.7223166909764609
KBTBD12,0.3064492598462354
DCAF12L2,-0.9445927953213166
SDHAF4,0.04590636709264134
FKBP7,1.0858545138344116
FBXO16,-1.1329864859885892
SPRYD3,-0.012069223819317333
SLITRK2,-0.9116694783328695
HIST1H4G,-0.7907689794488499
H2AFB1,-1.3776645365209241
H2BFM,-0.8300454239868721
TNFRSF18,0.5474260231690129
CCL24,-0.7978857069044858
FBN3,-0.12877346690346428
WFDC12,-0.4838752647784645
KBTBD11,0.28427995344718493
LYPD6B,-0.6990633854963778
PALD1,-0.617437554852661
SLC5A11,0.23543188588477137
SLC52A3,-0.49167761913523483
AC010542.3,-0.5522897236650102
AKR7L,-0.4805341038039498
ZNF618,0.2825103088790396
POTEB,-1.0526577196872775
PERM1,-0.25538170911309444
XIRP1,-1.145897350330122
TP53I13,1.1004222996629955
BLOC1S3,0.7940013809807421
MIOX,3.3105057439169343
TSNARE1,0.2468554032599111
TMCC3,-0.8034876308721933
STX16-NPEPL1,0.2604972863497453
NDNF,0.8400744911424722
SLC10A4,-0.4736705289997917
MFSD9,0.2911819552361393
SLC46A2,2.145922862822992
SLC18B1,0.6433313285208156
SFT2D3,0.29029844697290513
LEMD1,-0.7060316525981647
SLC45A4,0.41356018895790814
GSG1L,-0.5822240806177144
C12orf66,-0.421942762993144
LINC00598,-0.3665779642061361
IDO2,1.8760873846465387
ANKMY1,-0.8245792495192165
ARL15,-0.033749817756836734
C16orf54,-0.8802644647335924
AC005324.3,-0.6896183485289737
TRIM64B,-0.9833405941417358
GAS8-AS1,-0.6381800661600865
TRBV2,-0.6015963166907594
PCDHB10,-0.8648196061541488
PKD1L2,-0.36427173588771583
F8A3,-0.327482056277035
C10orf90,-0.6652418058548397
ST8SIA1,1.968863919896633
RBMY1B,-0.7383705034486716
HELT,-0.6347793991431235
TCF24,-0.9666714949496805
TCF23,-1.5542735762131312
ASCL5,-1.157287464437178
PTF1A,-1.0073797899458243
MMAA,1.9332135806185395
ACOXL,0.2764641485359231
TTC39C,-1.0644997093312645
PABPC4L,-0.8723690090918161
RNF152,-0.7490502519649112
AC037459.1,0.424636128728288
AL365205.1,-0.32178893284224697
RNF157,-0.5158019151378567
ATOH8,0.2808719513603607
TMEM145,-1.0809350326598535
PRRG1,2.168236322656246
KDF1,-0.6377403449591919
CMTM1,-0.937037485900579
MIGA1,-0.6257614981246384
CIPC,-1.1528324095078113
ZNF320,-1.3801121488108723
SPACA6,-0.21904873170019945
WNK4,-0.6419603848232277
ICA1L,0.04125346326802559
MS4A14,-0.2810233639388722
CCDC103,-0.36756374512474893
DPY19L2,-0.9915255780041826
TSPY10,-1.24067120783145
ANP32D,-1.3967399809175722
ZNF385D,-0.77362984825743
CD160,-0.42908372896368807
MARCH8,-0.6279803235455385
RUFY4,-0.8469024268154272
OR1F2P,-0.698895728658315
SLC37A2,1.2860023968300813
SLC16A9,-0.18848912307093701
NKAIN4,-0.1765546779730623
BRINP3,-0.7561499200014593
WDR31,-1.1626931899944004
MEIG1,-1.1606553797364891
MFSD2A,-0.5397492987779465
SLC6A18,1.1263217418445566
MARC1,-0.5007765846823969
MAP1LC3B2,0.6221759597751011
C2CD2L,0.35761982310706675
PCNX3,0.15151584772293591
GPR157,-0.7243496790535955
HSFY2,-1.105319390549233
SH3TC2,-1.0083363736307704
SSX4B,0.561765338185151
SYCE1L,-0.9053490622257637
NIPSNAP3B,-1.7173712797929872
NUDT16,-0.3764813583612707
ILDR1,-0.7507406405750261
ZDHHC20,-0.6061768191650349
LDLRAD3,-0.8684201529471326
TCERG1L,0.15430075749084687
MINDY1,1.353451700576957
LRRN4CL,0.6493589877626104
RSPO1,-0.5218634183184623
UGT3A1,2.9247658282840976
CMBL,0.47713045305206264
IGSF9,-0.3476672953369869
MYBPHL,-0.5970320590670266
FRMD4B,-0.1979444610385127
SLC5A3,0.23754298698498855
LMTK3,-1.1728702254950278
HES3,-1.100132102296614
WT1-AS,-1.1684208793416813
GSTT4,-1.0130212307898065
MT1A,-0.48060693669780324
ATXN7L2,-0.7630508316259349
KNCN,-1.074338160387966
TAL2,-0.887152539956523
METTL7B,-0.3399107548808075
FSCN2,-0.9983229319773509
IGF2-AS,-0.8434533161755204
FIGLA,-1.4969558492909318
PAIP2B,-0.13688967128988055
TRIM7,-0.73222590110562
TMEM99,-0.6729676442906942
ARSI,5.420544414349249
TREX2,0.8011146269327938
ZNF185,-1.2649823267256506
NCCRP1,-0.04617864590748255
PLEKHH2,-1.0243330066295202
SEMA3E,0.2617926310101567
PIH1D3,-0.6390342364853008
NCOA7,-0.1818063467763162
TLDC2,0.3066837974004476
CT45A6,-0.5717869175554839
CT45A5,-0.5717869175554839
ADGRG7,1.7642531217574715
GTF2H2C_2,1.5143484129897693
CSMD2,0.3050920977271034
KCNA6,0.11793477238613877
LGI4,-1.0512108546199654
AC026786.1,-1.2502421866665698
C17orf77,-0.69391667822835
RNASE10,1.3712675568323374
BFSP1,-0.3931356261721175
ELMOD2,-0.22861120888606254
AC012309.1,-1.077975594898213
SCGB3A1,-0.39717950396067214
CCDC17,-0.9236050891224895
C22orf15,-1.145274719896021
SNTN,-0.6116275140208628
GPR85,-0.9750125034578678
RFESD,-0.5866480951171362
KCNRG,-0.8628101424480115
INSC,1.262299830695951
MMP23B,-0.40456263004677884
ASTL,-0.1884502015690097
UCMA,-0.8718148381817195
OST4,0.2693121986508255
KRTAP1-3,-0.5404050800919628
PRDM11,-0.6342623323508038
CDH26,-1.0790493501759464
PRAC1,-0.9368002012922172
RPS10P5,-0.1455907637123209
RPL17-C18orf32,-0.5351490297817425
RPLP0P6,-0.04281444471720651
UMAD1,-0.8937971906146382
CATSPER2,-0.21626978540364725
SEMA3D,0.7205237786007999
FAM163A,0.3392493803658118
ZBED2,-1.3209744710923137
PPP4R4,0.606077486275436
SETSIP,1.6816077622829388
EBF3,-0.43511638887048326
IL22RA2,0.5639256037034746
EPB41L4A-AS1,-0.3987325450510784
LRRC37A3,-0.44820632088907847
LRRC37A,0.22560078689625843
AMTN,-0.3372564192558937
DOP1B,-0.08268971647596701
MAP7D2,-0.022278059326811112
ZNF385C,-1.029409224098297
FCRL4,-0.7933490273050917
BLID,0.7338686307272241
B4GALNT3,1.8462187893656656
FNDC9,-1.2721821816507874
MTRNR2L1,-0.9111991988896744
SPTY2D1,-1.2410990445734718
ZNF626,-0.8153399813024779
FAM83F,-0.5269355499617662
SLC9B2,0.12564902274798645
ARMH4,-0.7147339981058791
TEX28,-0.8790056788859432
UPK3BL1,0.021370799022859432
KRTAP13-1,-0.6578128186909452
LHFPL1,-1.4670722163696734
CCDC157,-1.5418840412193053
NPIPB5,-0.6170293046010459
SLC35G3,-0.9810247426988371
LHFPL5,-0.5025301205684487
TMEM86A,-0.5591116375272771
C14orf180,0.5868841873965834
SERP2,0.8762429680260017
CCDC159,-1.1259874047860647
RD3L,-0.14413563431903945
TSPAN18,1.4343327986946843
SPACA5,1.3658020455691693
SYT15,-0.7091378845220397
ZNF705G,-1.4192402782931846
KIF6,0.19947455103424333
KIF12,-0.04997266265397329
CLVS2,0.3118034683422163
FAM219B,0.17595512757010115
LY6G5B,-1.2509589122592208
KIAA0754,-0.30387827032840586
LOC102724334,-0.8311984229348334
OR5H6,-0.9387788862551855
BSPH1,-0.9583018615222029
WNK2,-0.19690719102176638
C2CD4C,-0.26816546379970946
IGLON5,-0.9423302499531092
PRRT1,0.7347872514957865
PRRG4,0.16638130346052343
STEAP1B,-0.17623657219618477
KCNJ13,-1.214439798261663
SHE,1.008813452930216
RFLNB,0.5440458498493871
CCSAP,-0.2626886418375646
ZBED6CL,0.6534619507757902
ITPRIPL1,-1.1704758803364383
C14orf177,-1.0223398020509946
UPK3BL2,0.6975631502058935
TMEM178A,-1.1419502978627865
RGS7BP,-0.9437224591527026
OTOL1,0.4148495502376313
C1QTNF9B,0.4284191354144062
TIMD4,-0.1648164632929612
SCGB3A2,2.7282815907040274
BAHCC1,1.0846238870442693
CDR1,-0.8783097662138973
ANGPTL6,-0.7857651081824254
PRSS36,-0.0263428469961738
SMIM5,-0.6015555896943309
ZAR1,-1.1931428683571739
C1orf53,-0.690241745209635
ISM1,1.8314219895673338
C1orf54,0.54182575295898
KRT8P12,-0.42374099095087986
MAGED4,-0.7954647498051873
CEP295NL,-0.541448672389538
GPR149,-1.179845805530704
ARFGEF3,-0.775075500380035
GPR148,-0.37895922047376374
AL662899.3,-0.495789000468708
NBPF22P,-1.1986605470566387
ACP4,-0.017661525839916103
ADGRD1,2.0459944233092746
SPDYE1,-1.6563875786695947
M1AP,-1.6134845831520883
AC005670.2,-0.06352486794273189
CDIP1,0.7184536892618232
GPR180,-0.2718813982059593
C2orf76,-0.14112678157992498
SVOPL,-0.21937455811670234
DCST2,-1.0856017585078095
IL1F10,-1.0222136215550308
PSAPL1,2.3350632416559676
IQSEC3,-0.8951157982512091
CD99L2,-0.05987369719864372
NAIP,-0.38296934139088706
MROH9,-1.8978469315163842
STON1-GTF2A1L,1.0319555385016752
CHURC1-FNTB,0.394439828409491
RPL36A-HNRNPH2,-0.2895112155611753
ACTL9,0.003041369991225905
AC012254.2,0.6611758041410979
DHRS11,0.6061943352141355
ARMH3,1.040424086880375
POLR2J3,-0.8303265243179937
SPEF2,-1.01267433978166
COTL1P1,0.06080566149684891
AC004754.1,-0.09103361465289618
ENO4,-0.43404151295414467
CRAMP1,-1.0488056051936745
SH2D3A,-0.511103939610704
CTAGE9,-0.9328311420409208
AMN1,-0.6633754596720342
ENHO,-0.21368147270005008
C9orf66,-0.22408295313059134
TMEM181,-0.47529492373349325
NIPAL1,-0.6430853920077981
NSMCE3,-1.0622753185998703
AC020909.1,-1.0381500611064793
TMEM218,-0.16498209405163394
CSNK1G2-AS1,-0.8870523402782569
C2orf81,0.1138197249524233
FAM43B,0.017951484645849034
CTAG2,-1.007996241420575
C19orf47,-1.0601803802166287
USH1G,-0.43087318457133267
ATP5MF-PTCD1,-1.306413853789059
CCDC198,-0.9034745713929372
SOCS4,-0.7026966945222344
ST6GAL2,1.6481943497361715
TMED7-TICAM2,2.8698918954380295
CARD16,0.17422413381630603
SLFN13,-0.5829506921994887
C11orf21,0.10491179663434806
KY,0.040303989176869455
RENBP,4.449479686893655
POTEG,-0.922265019164714
MFRP,0.13070023196987915
AC020915.1,-1.043002748029656
SH2D4B,-0.8316911884273843
AL049634.2,2.877821568092498
MLIP,-0.7138519225410218
MTERF2,-0.5798880100187225
MEGF11,-0.7893680100351893
FGD5,0.010692144167314867
BORCS8,-0.40788120016257545
ZNF90,-0.28951121556118076
PI4KAP1,2.942448185633747
CACHD1,0.1423635838308264
TMEM189,0.8178136772653468
MFSD3,-0.11059636500478862
SLC26A5,2.161187172755408
FAM124A,-1.684706139623167
IL18BP,-0.01893825409313261
PHF13,-1.0425730466217695
ODAPH,1.6253229091366148
FOXD4L6,-0.6870338330312249
SFTA2,0.022982579468793837
CBWD2,-0.8948221900896146
GAGE12B,-0.8569263421944243
GMCL2,-1.5365612328961826
PROX2,-1.3762729885705733
BTNL9,-0.9514424781200118
FAM153CP,-0.937823633782587
LOC100288778,-0.937823633782593
CAPN10,0.9076925254282756
AC138696.1,-0.4990952000683054
ITPRID1,-0.04855942598851822
GAGE12G,-0.42126029854908087
LKAAEAR1,-0.8246021207652421
HSP90B3P,-0.6570892141208858
TNFRSF6B,1.2016326731351263
DTWD2,4.169752937627657
TUBA4B,0.2356212314933514
CCL3L1,-0.6447505772993823
GPR155,-0.5670825003091551
CCDC78,-0.2525924376461356
RPP38-DT,0.10324642542570016
RHBDD2,0.9616390181553419
CST5,-0.15384132582544865
C12orf73,-0.5961371551110748
TMSB4XP1,0.9038054758486153
FKBP1C,2.9089700720841396
SSX4,1.3219725667946878
EGFL8,1.4554885941237434
SMIM4,-0.47268213614191956
CENPC,-0.7790228976465843
AQP11,-0.5771413765888285
NKAIN3,-0.11765654343926514
AL691442.1,-0.470981191316742
PRTG,0.378311157953861
CORO7-PAM16,0.8623050090504535
ENAM,1.3025036570923332
TBX15,2.3951621772033316
BPY2C,0.20205271480519255
LOC727751,0.16562599302139672
INSM2,-1.087884193783804
TMEM200B,0.44621377208259655
SH3BP5L,-1.0663666375635206
CROCCP2,-0.31566827434504574
OR14K1,-0.5738698477454658
OR2L8,-0.5499208889560611
OR52B4,-0.43394177708898596
OR1B1,-0.5499208889560612
OR5D13,-0.5499208889560612
OR2W5,-0.5499208889560612
OR5AR1,-0.5558488215905825
OR4E1,-0.5499208889560611
OR4K3,-0.5499208889560611
OR2I1P,-0.5499208889560611
OR2T35,-0.8980863472730556
OR4C45,-0.5499208889560611
AC135068.1,-0.722286868860608
OR14A2,-0.5823294232676097
OR51J1,-0.5499208889560612
OR4A4P,-0.5499208889560611
OR4C16,-0.5499208889560611
OR8G2P,-0.5499208889560612
OR1F12,-0.5499208889560612
OR51G1,-0.5499208889560567
OR4C5,-0.6334023069440752
OR10G6,-0.5499208889560612
OR10G2,-0.5558488215905824
OR8K3,-0.5558488215905824
OR2AJ1,-0.5499208889560612
OR4Q2,-0.5499208889560612
OR11H2,-0.5499208889560612
OR6J1,-0.5499208889560612
OR4X2,-0.5558488215905824
OR3A4P,-0.5499208889560612
OR51B2,-0.7362264306781895
OR8G5,-0.5499208889560612
OR8G1,-0.5499208889560612
OR52R1,-0.5499208889560611
OR10D3,-0.7727973480364291
OR5L1,-0.5499208889560611
OR8U9,0.01427351653213713
OR8U8,-0.5499208889560612
OR51F1,-0.5499208889560612
OR2J1,-0.5871330464144229
OR2T11,-0.5499208889560612
OR52E5,-0.5499208889560612
LOC107987545,-0.2657659538890331
OR2T7,-0.5499208889560611
OR56A5,-0.5499208889560612
OR4M2,-0.5499208889560612
OR4F29,-0.5499208889560612
OR1S1,-0.5499208889560612
OR10X1,0.01427351653213713
OR11H7,-0.5499208889560612
OR10A6,-0.5499208889560611
OR4A8,-0.5499208889560612
AP5S1,2.0052574697153873
C2orf72,-0.7390717751189536
RPL21P97,0.03587830468024399
UBTD2,-0.7890033712028658
ST20,-0.23002861905727856
DAPL1,1.3047807169064434
DACT3,-0.8281894880157753
FAM74A4,-0.7626950652734571
FBXO48,-0.6458334728305472
SDR42E1,0.196986296822318
KIR3DS1,-0.42230031085360276
SPRR2G,-0.4032207789442028
IL36B,-1.0496959491520557
LYPD5,2.670243104417219
ADGRF3,1.6306359718639387
CRB2,-1.0784048448433876
GLYATL2,-0.5196697786852272
GLYATL3,0.1756742281879283
KRTAP6-1,-0.7402604703796496
RNF187,0.3744844165333694
ZNF727,-0.2895112155611808
PRR12,0.0760930849193049
SELENOV,-0.0920472406520241
ZNF488,-0.5530219492834029
NTN5,0.16038622118196139
CCDC71L,0.1381208605100682
SLC43A2,0.09985700097975622
PINLYP,2.1838232498580874
ASPDH,1.074182366838866
SLITRK6,-0.8677171495803634
LRRC75A,-1.092873482833422
ELFN1,-1.254421385828028
LRRC37A2,-1.117457977482265
LRRN4,-0.5314046142262117
UBALD2,-0.4318582633024252
TREML4,-0.24970506726710254
SIGLEC15,-1.018611915015969
LINC00305,-0.8823603401315617
PXMP4,-0.15857632050681783
C8orf37,0.6142328514852193
SPDYE3,-1.0670381824965907
ST8SIA6,1.9708619885105918
ZNF729,-1.3277456771669336
ANKRD53,-0.37839763201161974
SNHG29,0.16628094695364645
TFAP2E,-0.19936077324062396
CITED4,0.1368917060867095
VSIG10,-0.9581377951224443
APOL4,-0.32548048028030546
LINC01600,-0.9570047298720723
USP26,-0.5711532403476787
PRR9,-0.8396809174037118
ZNF728,-0.9687304723716548
SLC44A3,0.2167668339483471
TMEM198,-0.2737260522768367
ACTR3C,0.00399623630609265
MIDN,-0.21237124018491957
WFDC9,0.2740180142252377
PABPC1L2A,-0.8231402587125114
LY6K,-0.6369486919925549
TXLNGY,-0.9492756018233452
SNAI3,-1.1860024679946175
FRA10F,-0.946000204201338
FABP9,-0.8191726202096573
SLC25A27,0.18705887785258885
COX19,-0.5168909685935466
GASK1A,4.205703683377231
TBC1D3G,0.3588196921064819
OTUD1,-0.9117491838136365
DMRTC2,1.033229406184707
TTC7B,-0.21059809687343395
OTOG,-0.653154060671158
GCNT7,0.61449674534487
PCDHGA4,-0.6203430748445715
GRAMD1B,-0.5406173035372953
PAGE3,-0.6216849826413507
XAGE1B,-0.41514050507226014
PAGE2B,-0.9181493462335951
GAGE5,-0.3649917912042132
TANGO6,-1.40676080056819
GAGE6,-0.49727202104735385
MICALCL,2.5880884339229326
SFMBT2,-0.19969520747112834
SAMD10,0.32957419104738794
SAMD5,0.4088558398273386
BORCS8-MEF2B,0.49660573026288285
BRICD5,0.3871777289673853
CLHC1,-0.6787276290358415
CAPN13,0.5866264851264801
GRXCR1,-0.1530881487520865
C5orf63,-0.09071948103784873
TRP-AGG2-6,-0.47928561196310027
MORF4,-1.4513377012964994
C5orf64,-0.5880092949870566
ANXA2P2,-0.6781801945035978
AL121594.3,-1.043829227771437
RNF215,-0.19514326262564347
CCDC9B,-0.6692345361844597
RTTN,-0.17406139611225693
C2orf50,0.87700979317926
GSTT2,0.49318183078286715
FAXC,-0.22348451147073511
SP9,-1.352283381597412
GPR162,1.3309868040275572
ANKRD18B,-0.7185010490096752
ANKRD20A2,-0.9475869594060615
ANKRD33,-0.7352781711796009
ANKRD34B,-0.8526329732519098
POTEJ,-1.2779967989458443
POTEH,-0.9495401846644816
PIANP,-1.2014447325727307
CAMK2N2,-0.6911058566131936
CLEC18C,2.2548273530396874
CLEC18B,0.5512833156993068
ZDHHC21,-0.5389176907461906
PPM1M,-0.33991119057848
LLCFC1,0.5998176016384469
CD164L2,1.2721359824486118
KCTD8,-0.48577641422849205
SLC7A14,1.1561772594303852
FABP12,-0.5276877973310317
TMEM119,0.9130661604716063
MRGPRE,-0.8471344219682557
USP17L7,0.2776538115635139
LRRC36,-0.33138443878156554
C14orf132,-0.6966543192205232
POU5F2,-1.182090647670377
SAMD11,-0.20616947517657913
CASTOR3,0.8435382118619603
AC078927.1,1.5291547266996028
PAQR9,-1.2107318511403284
CCDC184,-1.3593744312031386
AGBL4,-1.0147596131321441
AGBL1,-0.760770302787951
CSTL1,-0.7052891232956967
OTOA,-1.0278507467272433
CST11,-0.2953049034540925
SPINK13,-0.407133882011605
CFAP65,-0.25073555437611617
CLDND2,-0.2919883032569897
SPDYE2B,-1.0670381824965904
AC002996.1,0.7899435713732904
RBM43,-1.0114225607522622
TSPY4,-0.713515071535181
LOC102723996,-0.40819814668362
STIMATE,4.606342276037508
ADGRD2,2.1770232440176076
ADGRF2,1.9921582509987477
ADGRF4,1.6925403052051444
ADGRG3,1.6575903082417598
ZNF713,-1.6874667397185996
LINC01018,-1.0786636087440338
HYAL1,7.072691953152506
C12orf76,-1.0347910018625097
TANGO2,0.8851492313545466
C16orf91,-0.36315857481862274
LCTL,6.508615887447233
LRRC34,-0.864354912582314
MBLAC1,-0.9697421140335343
AL117348.2,-0.3833661347557801
GFRAL,1.1265773849125187
ZNF716,-1.0802499137389971
TSPAN10,0.1954401273578846
WDSUB1,-1.123669466865102
SAMD12,-0.6053843847506746
C17orf67,-0.39679805367311966
CARD6,0.12679876898119466
CARD17,-0.025336915397561548
NLRP5,0.49850207781056044
NLRP7,-0.7964032885380267
NLRP11,-0.3414669041554094
NLRP10,-0.2123134823540191
ARMC2,-1.3162585030570948
LRRC70,-0.2876794438014424
DPPA5,-0.7072857485349154
HEPN1,-0.35610407358228735
CCDC73,-0.37845448030554163
CXorf58,-1.0158479249807124
CCDC84,-0.46792739039852055
CFC1B,-0.8282776074096797
ADAM1A,-0.12378887696904058
IGHV4-31,-0.2506793968514071
RAP1BL,-1.2598747370026377
SLC25A53,-0.5591263693575645
ZDHHC11B,-0.4527203364223252
SPIN3,-1.0580467764430748
FAM135B,-1.159005908584641
LINC02210-CRHR1,-0.614750912399065
PCSK1N,2.4320904525683456
TMEM89,-1.0671250420416774
GPIHBP1,-0.03217322346726843
ARL13A,-1.0743555421870572
C12orf75,-0.10596171201146962
C10orf71,-1.0237096560748031
SHLD1,-0.12392676852701921
DSEL,0.6850860193819807
SLC35G5,-0.6054153519463626
ERFE,2.145284444810535
C1QTNF8,0.7067002899024452
C5orf56,1.4227931283283848
C5orf38,0.8558031948810227
SMIM13,-0.7276798999057662
KCTD14,-0.30535951296537167
FDCSP,0.0902154157033291
BPIFA2,0.615789094914199
INTS6L,0.9199639940805457
ECSCR,-0.44102235129420847
BPIFB3,0.1086149514038331
BPIFB6,0.3947988382296546
FUT10,1.495949385918665
TMEM45B,-0.3133926138170619
FBLL1,-1.355533682979819
TMEM268,0.7279993163730356
FAM120AOS,-0.7677166087005589
LOC101930123,0.4234285799409249
ANXA2R,-0.6991108034240684
TMEM68,-0.9593917650695994
TP53TG3C,-0.8451962804059292
SETD9,-1.2240802911337265
PAQR7,-0.20029317091969773
C5orf30,-0.6078794407640661
SKIDA1,-0.7631870723437955
XXYLT1,1.0910473728049004
RNF212,-0.9097432131281606
MOB3B,-1.2131009557179453
SLC10A3,0.47640915209877066
KIAA0895,-0.8644988456166055
CLDN12,2.573329487714218
BIVM,-0.5082199834616735
SLC35E2A,0.12990917031999336
ZFP91-CNTF,-0.8431541158851957
SPIN4,0.0056024644712203515
NEIL2,-0.02485355623639002
IGIP,-0.730850091347462
TMEM241,-0.9279294009744756
LRTOMT,0.09640238922592038
FAM102B,-0.4397547717545494
XKR6,-0.675325183140392
MIR1915HG,-0.6188421294581073
EXOC3-AS1,-0.9619474052367394
LRRC37A11P,0.11676159256036758
SPANXD,-0.45647723329150147
SPANXC,-1.3735996585603678
KIAA1147,0.10127535295239361
GCOM1,-0.127758860635577
OBP2B,0.9610162570937922
SMLR1,-0.31804151602303765
GOLT1A,0.24571938559448417
CT45A2,-0.40382775149238775
PEX11G,0.5970425921129199
MIR22HG,-0.3257102631205188
ZC3H12C,-0.707726256231342
KRTCAP3,-0.466018119511556
C5orf49,-0.9630935402642338
CDHR3,-0.7779969555521212
TTLL9,-0.6112892571020012
HSFX2,-0.6541352209473986
LINC00526,-0.5089648912254093
RDM1,-0.4469006145943448
PTCHD3,-0.6955891497381839
BTBD16,-0.9273525437362844
CARMIL2,-1.3136225417257115
S100Z,0.4184152244946872
LOC107987205,-0.673563530429416
ZNF229,-1.1236197807535167
SLC35E4,-0.07704917056483652
RFLNA,-0.38935782657008683
POTEKP,-0.9263414376481914
HHLA3,0.038263769133768194
TDRD15,-0.054254720271447954
CCDC122,-0.621292042118222
ATP5MGL,1.0259008716188802
SLC25A52,0.4446654101607284
PCARE,-1.2021308886599265
KIF25-AS1,0.17686818189493245
RTL8B,0.028651608150686368
TMSB4XP6,0.20360545872502972
TMSB4XP2,1.6565654651057244
PGLYRP3,-0.6271105665612378
TCHHL1,-0.32869127378535606
S100A7L2,-0.1364850150063008
SPINDOC,-0.9192009146498714
LINC01194,-1.20225083320191
C19orf67,-0.919443337492282
CHKB-CPT1B,-0.1620819235469254
PCDHGB2,-0.8213244814454413
PCDHGB6,-0.846638642671042
PCDHGC4,-0.675662444154167
PCDHGA7,-0.6907621438132809
ANKFN1,-0.9799833025696361
AC099329.3,-0.011100422902267208
CCDC197,0.19606300070789925
CBWD6,-0.8573084896894072
CBWD5,-0.6737839679801849
SERPINB8P1,4.261806917226669
RIMKLA,3.960469876060583
LOC554223,1.413866653070509
C2orf48,-0.4121121430252734
KLHL30-AS1,0.1170463324246074
TMEM143,-0.6692893530460928
GBGT1,2.3413852213629034
CES1P1,-0.8103989269901734
BEND6,-0.6649795278477862
SPDYE2,-1.068148186207585
TTC34,-0.36468407863620667
CCT6P1,0.15634193663289095
AC068775.1,-1.1787589602441528
OPN1MW3,-1.1235181690221872
PRR5-ARHGAP8,-0.424570447166037
OPN1LW,-0.9180837323511201
ASPHD2,1.0979068392531415
SYT14,-0.5938276407377077
CCDC85A,-0.4942745373962304
IFFO2,0.7011579341149038
TAS1R3,-0.878499699511553
OPN1MW,-1.1597602965030096
IL1RAPL2,-1.2185157409517786
PRLHR,-1.2858020042312097
HBBP1,-0.7307646120133771
NT5C1B-RDH14,-0.39807987773835823
SYNDIG1L,0.39857702370307596
LOXHD1,0.05375218513208141
PLIN5,0.46806512751875023
LIPM,0.3128576697837514
GAGE2C,-0.8333818542411299
AC108488.2,0.23598530519724137
NBPF11,-0.6734735283411015
LOC105379861,-1.4054697363072026
RIPPLY3,0.32450078885444245
LOC149950,-0.3316436365576375
POM121L4P,-0.49047823309509464
WTIP,-0.5953409896926312
HYKK,-0.23078049817463006
AFAP1L1,0.30997283091960826
TM4SF19,-0.04793558503724489
IGFL3,0.026141214636551016
TMEM35B,1.233301364249553
KLRA1P,0.6626589890956281
RPS26P11,-0.6626472676524534
OTOP3,-0.5790384754085941
OTOP1,-0.5556158872641278
OTOP2,-0.38290973941909257
ZNF697,-1.1928203476744854
TRIM39-RPP21,-1.0239167467356942
ANKUB1,-0.9095975308791112
METTL22,-0.538683083699939
HSP90AA2P,1.6868785762989538
AD000671.2,-0.31778883741199937
CLRN2,-0.4713927136502004
CYYR1,-0.489089801741886
HRCT1,-0.32129922206076794
SHF,-1.542222078229174
B4GALNT4,1.8331381825579842
CCDC174,-0.9976369919099201
ZNF181,-1.1750772859438348
ZNF880,-1.2608100578484924
MCIDAS,-0.4219240065162232
KLHL1,-0.8086596137084691
KLHL34,-0.9730231245844408
KLHL33,-0.8031154464532956
PHOSPHO2-KLHL23,-0.46380077663773267
FUOM,1.5606713965359036
TMEM63C,3.1269500570245197
IFNLR1,0.3587970908892551
PCDHB2,-0.563624785929614
PCDHA11,-0.8334722236539392
HIVEP3,-0.8016341471701671
PRIMA1,-0.2684620632950893
KLHL17,-0.6460956703752362
KRBA2,0.01420651319464415
KRTAP27-1,-0.36185098438667496
KRTAP23-1,-0.5324488811334476
KRTAP24-1,-0.3621474524520657
KRTAP29-1,-0.34828324491374124
KRTAP25-1,-0.3624394798836319
NUDT17,-0.8680367001738417
PRRT3,-0.1015241741312863
TMED8,1.5745836950731749
HAPLN4,1.2698732231654781
FAM129C,-0.8164242004963274
IL34,-0.6633007600940647
NAT8L,1.292374746176379
APOPT1,-0.49958478268721435
CUZD1,-0.43459635858265605
RNF175,-0.402794520878947
TSPEAR,-1.0512108546199892
TENM2,0.3329155225364251
ACOT4,1.0349204487986263
SLCO1B7,0.5986026770814313
AC022335.1,0.014855873998220607
BVES,-0.14302571202473352
SEPT14,-0.773768742600595
LOC155060,-0.8809973444554681
FAM92B,-0.7859835923386412
LRATD1,-0.7639431351615364
ZNF888,-1.1533750840325745
RHPN1-AS1,-0.988522788455468
PRR19,-1.102296514618066
ZNF69,-1.2285754824396071
ZNRF2P1,-0.8100844595855299
IL31,0.7544979457319709
NPIPB13,-0.8928338153444348
TTLL13P,-0.5845136532320123
TTLL8,-0.5845136532320183
FAM200B,0.2319310384252169
XIST,-1.0040671160623074
VN1R4,3.1606954090739383
TPSB2,3.845853496666752
HEATR4,0.3028178415937964
ANKAR,-0.9921177906864835
IL17RE,0.8772103164653142
SPNS3,-0.6272248744595769
IYD,0.051856579822283096
NEDD8-MDP1,-1.790819099793847
MS4A15,0.2563209639504329
C5AR2,-0.21590509410866773
AC004223.3,0.4506880223572431
SERPINA2,-0.6497943029452977
SENP8,-0.9725934358613707
TMEM139,-1.25710954474914
FAM86B2,-0.8437738420794335
LILRA3,0.6865571138363092
PCDHA5,-0.7171927328433478
LIPT2,-0.8194969130391743
KIR2DL2,-0.4160077073439919
AC092647.5,-0.28509117814996504
TAFA2,-0.6330029441447813
TUG1,-0.9719508646218321
NAPEPLD,-0.6661084509284941
TTLL11,-0.8924544416136204
FRRS1,0.045641826275581936
DEFB4B,-0.5294193111951159
C17orf97,-0.9316648752698711
C16orf95,-1.0606891674002172
CGREF1,-1.047914837204326
PIRT,-0.7832849522803955
RBP7,-0.2867147687932828
MAGEA9,-0.4239728915722612
RBBP9,-1.0738038831887498
LIX1,0.40234162287831354
CARMIL3,-0.25868372220866487
SHISA3,-0.7875006001753274
SCIMP,-0.10903064839001125
URB1-AS1,-0.6222641516111013
ESYT3,1.0150460720845447
SLC46A1,0.4250876698621911
ARL14EPL,-0.5926103227851782
PRAG1,2.6199341558257614
AGAP5,-0.878373490370461
NPIPB2,-0.8783734903704609
C11orf96,-0.2826635798522223
WDR72,-0.161777342737547
BECN2,-0.5173610031133984
FAM90A26,-1.0078588133875408
POTEA,-1.137961893738931
PCDHB6,-0.7173498375613367
PCDHB1,-0.7878260214004194
PCDHA1,-0.9281584817414782
NAMPTP1,2.6324056089907995
PANX3,-0.4575231358747522
LIMS3,-0.7062269965015868
LIMS4,-1.1423295231195356
SERPINA9,-0.3336488265275513
MALAT1,2.575480043773986
SPRR2F,0.055150951698440344
NIPAL4,-0.5939274052842501
LCE6A,-0.5727834164179609
CCDC160,-0.8256793457233509
SLC29A3,1.1454604265516746
HTR3D,-0.9073180033184698
LYRM9,1.2291259542113588
RNF112,-0.4417415475359969
GLRA4,-0.9553315644635973
DEFB136,-0.6543329382040407
DEFB105A,-0.7052985268577038
DEFB105B,-0.7057095250164012
DEFB110,-0.6978392299501633
DEFB108B,-0.7514771543844038
DEFB118,-0.8011236356750899
DEFB103B,-0.602858785366931
DEFB103A,-0.6203421198478472
DEFB130B,-0.7755574448710033
PRB2,-1.26166108893973
CCL4L1,-0.6342887379000092
MAGEB17,0.39833435538185924
TSTD1,0.5340587458339838
TOPAZ1,-1.4352664233417878
DUX1,-1.0950856768623591
TRIM6-TRIM34,-0.7960538295202574
TRIM6,-0.6810742744069557
C9orf131,-1.1745234875372057
DNASE1L1,-1.0945386953954168
KBTBD3,-0.5898254906751542
TRIL,-0.12957716609433942
ASXL3,0.6367828784803269
CHCHD2P9,1.3330468164340348
BHLHE23,-1.214660352659811
TMEM98,-0.350763410904527
FAM182B,-0.910208985324846
IFITM5,-0.10717897767202816
C5orf46,0.5234707194445041
CCL3L3,0.2940198268510597
MOSMO,2.8319240074386083
C1QTNF6,0.03542808340561994
LAIR2,0.8234296251169116
DEFB131A,-0.08224357562186273
IGL,-0.8917058059081939
BTN2A3P,-1.1931611759635625
ZNF761,-0.46689487558295667
TRIM61,-1.1004608694206055
TRIM60,-0.9463815223005089
EZHIP,-0.8839965098476411
ZNF772,-1.0071483095363363
C6orf226,-0.21951978251608445
FAM25A,-0.16524167274724225
SHISA2,-0.605701234020875
CDRT15,0.5839461988772909
IGSF5,-0.8576728496542179
AQP10,-0.5283155032641198
ERAS,-1.7063562383367523
TAS2R45,-0.8086078059245105
NLRC3,0.6706785660368254
KIR2DS4,0.6227529665811082
SLC16A12,0.38030456441652116
DDTL,-1.050077014461165
GAGE12I,-0.7666593111000229
PRH2,0.803913140278403
C2orf27A,-1.4825013620256315
C2orf27B,-0.9574368195927035
GAGE12E,-0.42126029854908087
GAGE12F,-0.4212602985490809
TLCD2,4.229306898336665
PEBP4,3.350845464103324
MYEOV,-1.1382157440926046
GCM2,-0.8472126771203619
C1QTNF7,0.1631860860608027
CBLN3,0.5988479754466934
C1QL2,0.3866388261812892
ETFBKMT,0.8953549347187749
RHOXF1,-0.24482052048767147
NAT16,2.436266068036283
PGA4,0.7190664248035484
C1QTNF12,0.1447025466182157
PRR23B,-0.9083494401465199
HHLA1,-0.7851907528657309
SCUBE1,-0.4827883708617188
PTX4,0.04144195691539002
PRR23D1,-1.0795670161760704
ADAMTS10,2.9288411608412335
ITIH6,-1.2045814745131433
FNIP2,0.09304184328972709
PTCHD4,0.6138516956288239
VWC2L,-0.6801091543976854
ODF3B,-0.9789875231099328
PLPP7,0.10125819433433432
CRYGS,-0.8063743140403515
PRAMEF8,-0.8327259879594615
DEFB104A,0.6216932766742419
C12orf50,-0.8745395933222235
STPG4,-1.2968147798293361
CEP112,0.01011086659675837
RINL,2.481500441070301
C3orf18,1.422318343375952
GPR152,-0.26849427060009534
SLC16A13,-0.19875218872662365
RP1L1,-0.9860296580309347
RN7SK,-0.48598180596096346
SNRPEP2,-0.24803529433952975
HNRNPA3P1,2.0634581821699083
DYDC2,-1.0403526582765068
CCDC81,-1.0531292602573847
OCSTAMP,0.7962431673877226
LINC00636,-0.9133312175599434
RPL6P1,-1.0298156049436777
BIVM-ERCC5,-0.28951121556118076
HHIPL1,1.5554768642954238
ANKRD20A1,-0.562718730491918
FAM98C,2.463951527134971
AC004832.3,-0.6210319328228452
HSPA7,2.7365819774730897
DAOA,-0.7423225393673061
ERVV-2,-0.5200017830073509
ERVMER34-1,-0.7418108071324745
FAM89A,-0.8037071391514771
TNFAIP8L3,0.24756502072264183
SLC45A1,-0.8279689939800889
NBPF10,-0.41754265445712874
FGFBP3,-0.27988504867979663
BAGE,-0.9354317702993834
TMEM155,2.3404741835206355
DEFB125,-0.6989418622914235
PCDHB13,-0.6715743645061779
PCDHB8,-0.5517075661500194
TMTC2,0.04706129350621899
NAA60,2.061819189527044
SATL1,1.7393705820821648
IGFL2,0.026141214636546294
SLC6A17,-0.1923868057084573
SPANXB1,-1.167126989046621
SPANXA2,-1.1798101750104053
IZUMO3,0.6341201832845476
NEMP2,-1.2437778751657746
MFSD6L,-1.032408813087836
TMEM240,-0.6706311738109451
PAGE5,-1.2083809286669287
TMEM253,-0.5808360487084377
TMEM252,-0.8743977077237979
MEI4,-1.1366015697177265
CCDC126,-0.30003034697624575
MAGEB18,-0.5287539484210367
F8A2,0.8267935697542841
AC091167.3,-0.24213930833562805
VN1R5,0.7335661708356562
LOC401052,-1.0166402273345627
ZNF763,-0.9225458454410237
AC008575.1,-1.2046658762327562
SLC35F4,-0.3533279921899292
KIAA0087,0.4683069297566031
TAFA5,1.8067145130097462
CKLF-CMTM1,-0.7862679366220602
SLAMF9,0.7679622320137595
C9orf152,-0.33822665604112373
TSPAN19,1.6500797791312147
HNRNPA1P70,-0.8947536307407068
REXO1L1P,-0.45301698253295664
CYB561D1,-0.5167339413083138
CFAP77,-1.167141333668643
PLAC9,1.1809378602971323
CCDC154,1.2494310285574124
C6orf132,0.3135640626860281
SLC22A20P,-0.03777565791363867
AC011448.1,-0.1557625961474664
SLC15A5,0.9120159856321634
RIOX1,-0.34924278878236614
KCTD9P2,-1.028556421345802
LOC147791,-0.15828389217525696
DCANP1,-0.8146332926539189
GLIDR,-0.7375366335605822
LOC148413,-0.5501196840350746
ZNF479,-1.0506334342048385
LINC01588,-0.6866432369088088
FAM27E3,-0.6421724020352388
POM121L8P,-0.784594391742207
NWD2,-0.9367372863706137
FAM204A,-1.2021677578180614
RMDN2,0.7776614543345637
HMSD,-0.6304910413442473
CLECL1,-0.4298893398119299
GCSAM,-0.42329178313841936
C6orf58,-0.3394480809982267
TMEM150C,-0.8915916718445995
PLEKHG7,-0.6953863547232798
MICOS10-NBL1,-0.06670823912575495
LOC107987235,-0.5244261169593127
KIR2DS3,0.30491228608687115
GAGE7,-0.4151405050722679
ATXN7L3B,-0.6430698279219582
GDI2P1,-0.7191056393608124
WFDC10B,-1.2498714069797274
P2RX5-TAX1BP3,2.4392780326647165
C2orf83,-0.7201527659897249
DRAXIN,-0.8749491353468712
BTBD8,-0.7972315510632116
FAM24B,-0.43759919765049143
AC008764.1,-1.2117964376328463
CCDC169-SOHLH2,-0.3916465464867926
A3GALT2,2.3413852213629207
GLT6D1,2.3413852213629207
PRCD,-0.21956446065487134
SSX7,-0.5658136152377821
PATE1,0.10903304640986218
RTL5,-0.5879628641591566
APCDD1L,2.5062827525437155
PRNT,0.7609376509771666
HEATR9,0.4801742989532249
CD300LG,-0.7218680906125513
CEACAM16,-0.12525085049546866
AP000295.1,-0.1692220964385859
GOLGA2P10,-0.5431243124134625
PRR18,-1.1616436806275614
THAP9,-0.8893213685910624
ZNF799,-1.0306449573229532
DCDC2B,-0.8517628357434465
NPIPB3,-0.4655535504403542
KHDC1L,-0.8304420116714791
CYS1,-0.5751527249431111
PNMA6A,-0.9012803316567637
NOTO,-1.0487845625550432
PCDHA8,-0.6611036000836374
FLJ44635,-0.28951121556118076
C19orf38,-0.5083914268163793
AC092143.1,0.839983477187168
USP17L25,0.5347636833027144
SPRN,-0.2641102073279055
PGBD5,-1.3882991472776691
POLR2J4,-0.5817238544953055
ATPSCKMT,-0.2486465562653476
FAM72B,-1.2460141854317859
PCDHA13,-0.4130498172227741
GTF2IRD2B,-0.9321436662412586
SMCO2,-0.21740954213528507
POTEB2,-0.9528149668332667
XAGE2,-0.7996798924488837
ANKRD20A4,-0.7635493126398828
ANKRD63,-0.7699280055962009
NBPF20,-0.2895112155611808
TMEM170A,-0.6363516901566056
PALM3,0.025041895182209176
AC068775.2,-0.4881626629683046
KLRF2,0.3858461367485947
EFCAB10,-1.0121619862658275
EFCAB12,-0.7080800204037246
C15orf61,-0.7562150718273055
TMEM52,-0.3088363545488326
IGHV1OR15-9,-0.7395413958194273
ARPC3P1,-0.5058345498209839
STOX1,-0.7773534577291981
RAB1C,0.22133389216024604
MAGED4B,4.170987995850041
USP17L23,-0.39915370940400546
WASH2P,0.5538356194725693
FAM20A,-0.08335924359286771
AGAP11,-0.6201142101056176
DIRC3,-0.6445380325330996
TBC1D3B,-0.021872988547218798
AGAP9,-0.021872988547218798
SCGB1C1,2.5710600549729246
TMEM270,-0.34143456468641525
LDLRAD2,2.7096715705115955
SLFN12L,-1.0677416769450978
STOX2,-0.8442008928267688
DEFB114,-0.7573065977885964
DEFB132,-0.9788406196554446
ZNF286B,-0.914854436968636
SHISA4,-0.6583730234583409
MT1B,-0.5192047738610656
MT1DP,-0.654460764886
CCDC26,-0.6532633923886977
BMS1P1,-0.9048766183819156
SNHG11,-1.0262967727042362
MGC39584,-0.31853144378276715
SLC25A45,-0.5289905697189708
GK3P,0.010962491066919166
MMEL1,-0.6302146429321192
GPHB5,0.08753738131449973
PGBD2,-0.6275901776453142
RPL9P8,-0.2686766271658272
BTBD19,0.09111009146825562
CDC42EP5,-1.2430038811735504
UBALD1,-0.16632388058279451
SHROOM1,-1.1427566540674097
C17orf58,-0.5817238544953096
RFTN2,1.623902093002329
LY6G6E,-0.04816692161093901
USP17L26,0.29139863030750385
USP17L24,0.2913986303075039
TINCR,-0.6143907183901982
FAM218A,-0.6143907183902123
RUSC1-AS1,-1.0441433445939419
TMIGD2,-0.6260412016910163
NXNL2,0.7774000665771675
TDH,0.5048803812542175
GPR119,-0.29868484479103724
MKRN4P,-0.6126017200768314
ZNF738,-1.501301830500692
LINC00846,1.8196513858381909
IRAK1BP1,-0.8985333340815691
TATDN3,-0.812898792816802
PADI6,-0.8615206847264836
PWWP3B,-0.19272366472760538
AC003002.1,0.08508410911819404
MINAR1,-0.6391472786091993
WDPCP,-0.6237789251402203
ZNF705D,-0.4720502367883157
NIPA1,-0.8175387826331812
TESPA1,0.28891963360268136
RRP7BP,-0.7717645681372038
TMEM136,1.066909737220305
MROH1,-0.29510981870396574
MEG3,-0.7768980802554132
TMEM37,2.21660694037291
TRAPPC2B,-0.11353544050502881
UBE2Q2L,3.469013803213243
AWAT1,0.05839984979246756
BTBD11,-1.0418064521474593
AC004997.1,-0.5187533136592164
CD177,0.8113220479532788
SPINK8,-0.2737860078087704
ATP6AP1L,3.1033533265408897
MAGIX,-1.249933336145438
HMCN2,-0.9265388951471718
KIR3DX1,1.1491384371673492
RIMBP3C,-0.6038168773822917
AC010422.3,4.530647580124055
FAM166B,1.0971696167225378
MSANTD1,-0.018038074691576974
FAM229B,-0.7265091072936424
FOXO3B,-0.7305903367514668
AC005837.2,-0.4696596750913432
NRN1L,-0.7570764570845415
DEFB127,-0.27905412695439663
LOC100653061,-0.8849007784213935
HMGB1P1,-1.1384045593560712
AC104831.1,0.09747652280741981
ERMARD,-1.263682165747799
LAYN,0.6386591921844664
SVOP,-0.12317221572301791
CCDC142,2.7041090195030453
CCDC30,-0.8184061899582825
TRABD2B,-0.5847659451961046
FAM45BP,-0.10105863484175168
PPP1R3G,-0.20484740428320003
GREB1L,2.0783484951095557
NT5DC4,-0.7327252387821476
TMEM255B,0.19504464120644302
DEFB115,-0.9151536660343653
TEDDM1,-0.6995037794357372
PMS2P3,-0.5350470143380649
HOTAIR,-0.8442035072041117
RPL4P5,-0.25169346205017373
C9orf135,-0.7714635637693987
UGT2A2,4.28743060655309
FAM9C,0.1664671529892024
CDCP2,-0.429094298526913
PLPPR5,-0.06520804363517303
SHROOM4,-0.05593755569126154
CCDC171,1.4278970345850697
LYSMD4,-0.24014153210264613
TDGF1P3,-0.30077574084491515
SYCN,0.775907519326763
SCARF2,-0.3366133763304648
GPRIN3,-0.600051145494506
AQP12B,-0.6867585946210071
AQP12A,-0.7725155962400669
C1orf127,-1.034659865353337
GAGE4,-0.41514050507226785
THEGL,-1.0889013906526837
AC099850.2,-0.038330193937037654
C8orf86,0.47535711676569337
DCDC1,-0.8526605212179015
IGHV3OR15-7,-0.021515219614475275
ZNF846,-1.5501294328087718
ZNF525,-1.1495966795623442
SUPT20HL1,2.5514401181973594
PRAMEF17,-0.44495058220959927
RPL35P5,-0.578119731233212
ZNF804B,1.893224567453653
ZNF732,-0.580467013197887
ZNF737,-0.5804670131978804
ZNF705A,-0.5903790816382383
ZNF658,-0.5903790816382382
FLJ38668,-1.1894292968199511
TMEM234,-0.3242009290263373
LOC729603,-0.7828664879807234
NBPF9,-0.28951121556118076
TMEM235,-0.36341885298387927
ABO,1.135847473258428
TMEM74,1.418549060707059
C2orf66,-0.7578518025719239
PI4KAP2,-0.37761494082363817
SERINC5,-0.7447911752754645
MS4A18,-0.31441583955726077
TMEM132D,-0.881267859677701
DNAJB3,-0.6880217082093588
LOC153684,-0.9869601127567357
TCL6,-0.7397633864793247
GOLGA8DP,-1.0159145906353138
CYTL1,0.9848920358492238
VWDE,2.0697171215429426
LYPD8,-0.5110170081863149
CCL4L2,0.0958069614081645
LINC00656,-0.2895898919774019
FAM178B,-0.3101411793560291
TRDC,-0.8835364742621699
FRRS1L,0.3742714522887502
KRTAP10-4,-0.8148980726326478
LIPN,-0.2126732571179958
CASTOR1,-0.443858213829825
CASTOR2,-0.5413953394068783
NUTM2F,-0.718957033739185
PRR22,-0.30444400274221584
GOLGA8R,0.762059623719967
GOLGA8H,-0.28951121556118076
PRKY,-0.7202621231742338
WG,-0.9086990636127361
CTAGE8,0.6824810244395144
CLEC4F,-0.6040692530075025
MAP6D1,-0.20371580277564383
GAGE2B,-0.8141884891400933
SMIM24,-0.2895112155611808
OPN1MW2,-1.3222058358859763
RBBP8NL,1.8047051858480352
PIPSL,0.1254979914650351
DEFB124,-0.5114377999470394
LRRC3C,0.12607177493265198
LRRC53,-0.21513014663723734
PATE3,-0.7630853823059306
MT1P3,-0.33209761243378433
RNASEK-C17orf49,-0.9173044238740774
CCDC140,-1.290658527857764
GUCY2EP,-1.0248726365506273
SVBP,0.13185759579822395
RNF121,-0.39577632154223114
C11orf40,-0.781756564860117
AP000350.4,0.39442412936020566
C15orf65,-0.23405536981181346
KAAG1,-0.9804577548354646
VWA5B2,-0.3704635215442355
DCAF8L2,-1.1459871931081511
ALKAL1,-0.6063283330889572
LINC01465,-1.1797486526603753
AC068896.1,-0.89383854668913
PPP1R2C,-0.32531949763364987
AC090527.2,1.6452698503223544
AC110275.1,1.0726081054512304
WNK3,0.13704159026097543
HIGD2B,0.13277978685416514
TMEM179,-0.6899625470649133
CCDC141,-0.49823302220628923
SRGAP2C,-0.5980932558393147
FAM180A,-0.94899475298942
EGOT,-1.201985259628972
AC048338.1,2.670913151693312
LINC00265,1.148114451921003
ZFP92,-0.3201292345246402
CALHM5,-0.7140228503365602
PRSS3P2,-1.104050498712763
MINDY4,2.7247138301739247
SPACA5B,2.4007831804173523
TMIGD1,-0.8429781562949077
CYP4F8,-0.18908420623022554
C4orf47,-0.905034775107528
ZNF205-AS1,-1.012364858329507
LOC142937,-0.2535451657849886
EEF1E1-BLOC1S5,0.22909932879145983
AL110118.2,0.05978363281099527
CCSER1,-0.5485661839584995
AC026464.3,0.7749016252593373
AC026464.1,4.44374273427773
TRN-GTT2-1,-1.0000676493680172
BHMG1,-0.5239500949245806
CLLU1,-0.3609422899393021
HPF1,-0.8710127176867024
PDPK2P,-0.9096855639082768
NUTM2B,-0.6040692530075026
NUTM2A,-0.2895112155611808
CGB1,-0.19000057913211976
EEF1A1P5,-0.852032564299639
INAFM1,-0.37149360879527527
ZC3H12B,-1.1076654651348645
TMEM150B,-0.6731757714108701
TMIE,-1.1396967175523027
STRC,1.4810977808501868
CYB5D1,0.9352343088036542
KIR2DS1,-0.36498451161082657
CLEC19A,-0.7638467164496382
IGKV3D-7,-0.22086369770953865
CORD1,-0.5691108270236536
TBC1D3H,0.9833872933670189
RP9P,-0.074466266916166
CT45A3,-0.0002448041481194054
SPANXN4,-1.0166402273345627
TPRG1,-0.7432499899245889
LOC613037,-1.2228190931474374
DEFB106B,-0.12147012825969013
C1orf74,2.5678423535000356
EEF1B2P5,-0.8765144382386622
PQLC2L,-0.6285302358124731
SPRR2C,-0.6249396482043936
BHLHA9,2.3573568984994773
C15orf54,-0.6100869865470989
CLEC2L,1.9512023964583776
MT1L,0.17076388716073776
ARPIN-AP3S2,-0.47806608437601283
PPIAL4D,-0.01706809854093796
TBC1D27P,-0.28292124566635296
VNN3,0.8013849435033794
PLET1,-0.5110170081863149
PRSS41,-0.5110170081863148
MDGA2,-0.6369486919925551
ZNF182,-1.168638952733017
FAM163B,-0.7734734843274395
CDRT4,-0.3391891206386095
ZNF630,-0.22033945868608468
REXO1L6P,0.442322934827116
CRIP3,-0.22628783545419526
GLTPD2,-0.5551044128437292
C10orf120,-1.3091876199359453
C4orf48,-0.08865743899273361
NPIPB9,-0.525019627949856
ARMCX6,-0.10708383575933329
RBMY2FP,-0.8442140813755302
CT83,-0.28951121556118087
LYZL6,-0.08164409260148794
AL359922.1,0.4808585923288067
C2orf15,0.5546445646611644
SIGLEC16,-0.05025294868987952
ILDR2,-0.4955170895296362
HSBP1L1,0.42417041481649304
ARMCX4,0.3069018189009499
TIFAB,-0.9630103668520855
C11orf42,-0.6403365566345013
TRIM77,-0.28951121556118076
XKRY2,-1.0636303592351373
RNU1-4,-1.053403579715012
RNU2-1,-1.053403579715012
ZNF275,-0.6830442913043377
BAGE3,-1.201985259628972
CXorf40B,0.6427899613427239
LOC344382,-0.3857678962765862
DEFB104B,0.49793654837354406
AP001458.2,-0.8582940073067229
FCRL6,-0.5204478776789533
SNAP23P1,-0.7507542671315424
IGSF23,-0.12279851725804983
CTXN1,-0.4710621506619186
LINC00312,-1.477658112851285
SHOC1,-0.3457841935159637
ST13P4,1.5354617843321992
PLD5,0.33902589681888234
GOLGA6L10,-0.2895112155611808
TMEM114,0.6062881921235648
CRYGB,-1.0947268341483731
AL589666.1,1.0228632128454807
BEND4,-0.09920907475219279
FAM184B,-0.35903387257672253
NBPF8,-0.7310948722618459
C20orf197,-1.201985259628972
RPSAP58,-0.44916699933816595
SMIM17,-0.6160616645744993
PCDHB4,-0.8418567427138308
CFAP54,-0.5217623997249262
CR1L,-0.7300353881923535
NBPF14,-0.48028875752765104
NBPF12,-0.36290915648915284
GAGE12C,-0.4212602985490809
TMEM121,-0.3174664970997569
C20orf203,0.055439138697935195
KIR2DS5,-0.2015223518488668
CEMP1,0.5632343615774005
HDL3,0.5367944920390114
TMEM44,-1.041509571704746
LINC00242,-0.500350965794201
TMEM169,-0.8023639912335638
C4orf51,-0.2895112155611808
GBA3,2.4502689605013197
POTEM,-0.28951121556118076
ZHX1-C8orf76,-0.2895112155611808
TMEM183B,-0.28951121556118076
KCNJ18,-0.28951121556118076
PLEKHD1,-0.28951121556118076
ZNF730,-0.2895112155611808
ZNF735,-0.2895112155611808
ALG1L2,-0.2895112155611751
ZNF717,-0.6089586807497881
ZNF865,0.9174873734128937
ASAH2B,0.8354283181333789
C16orf47,-0.2895112155611808
MROH6,-0.21895337029452758
TRIQK,-0.2946366956749837
GPR179,-0.28951121556118076
HNRNPCL3,-0.532756574230393
C8orf34,0.5334626597035393
TRIM49B,-0.28951121556118076
IGKV2D-29,-0.21368971111688584
IQCJ,-0.28951121556118076
HSPE1-MOB4,-0.2895112155611808
NEURL3,-0.2931513808492637
FAM72A,-0.30580690826268786
RPS10-NUDT3,-0.41163938168520986
POTEB3,-0.28951121556118076
C20orf96,-0.6485295626603139
CTAGE15,-0.2895112155611808
SUPT20HL2,-0.28951121556118076
ELFN2,-0.6718182235585067
GUCY1B2,-0.6122520125043032
SMCO3,-0.5543810826016904
ZC3H12D,0.09589390540857037
ATRNL1,1.0441247305441832
ATG9B,-1.049169806583943
GEMIN8P4,-0.4165517362418127
OTOS,-0.7267558149277888
LINC00518,-0.31610325005248857
LPAL2,-0.5268916557129028
TVP23A,0.6914092304248809
CRYGN,-0.9138521497556651
C17orf102,-0.495940674994785
FAM160A1,0.08388710968467061
CT47A11,-1.0125030797838626
TMEM132C,-0.22895293897938052
CC2D2B,-0.9769997023367968
VWA5B1,-1.2319369941695246
CFAP61,-1.2268032624140595
DIRC1,-0.03791055319921655
MYMK,1.0751950217884938
NPM2,-0.7611244528836318
TCIM,-1.2004288412210158
PRY2,-0.8727848898755952
GABARAPL3,2.0035057477795144
CYP4Z2P,2.3262837262930334
CRSP5,-0.9917393305096308
ZNF891,-0.7349256572892113
ADM5,-0.06966289631877368
AC138811.2,0.16938288951464425
C3orf80,-0.576369938707885
CD163L1,-0.3685732707541325
XKR9,0.16590801953451154
PIN1P1,-0.4529090969884091
PAGE4,-1.5106819866509782
CEACAM4,-0.019364260469721277
AC008770.3,-1.3312348780668593
TMEM121B,2.999673430166092
FAM74A1,-0.33385728295621514
FMO6P,-0.9090738828375524
KIR3DP1,0.6972178053988354
TAC4,-1.1785441546947368
C1orf189,0.02949019712010204
DLX6-AS1,-0.5450995823624435
C16orf89,0.583569571632375
SPATA31A3,-0.39587913148781106
UCN3,0.6838430629302691
FAM222A,-0.35294364980907544
KRTAP9-7,0.5853769373924534
SIAH3,-0.42123539532713794
EXOC3L2,-0.46386648976025285
C12orf74,-0.9533769155825721
TRNAG1,-0.6996557491484412
PPP1R2B,-0.3105521497898372
C9orf163,1.2525580120499509
MRNIP,-0.6086237576369404
TRPC2,-0.7704068230462267
C2orf74,-0.5084841259096164
FAM217A,-0.7063630830760471
CDHR4,0.5507098895076608
ANKRD33B,-0.387576285844778
DDX12P,0.5815301168015412
PRR29,1.1154768978983094
PPIAL4E,-0.5328067250489866
INTS4P2,0.18989334157482013
GPR137C,0.6677716962442825
ST20-MTHFS,-0.793358733015136
WASH6P,-0.2374054744564941
CARF,-1.3514957692754026
VCX3B,-0.9293804026177219
GGT3P,0.3285130484080264
ERV3-1,-0.5583511639622931
VSTM1,-0.1909593886783402
EIF3FP3,-0.6091257771274194
RPL13AP17,-0.1936611048206532
MRRFP1,0.05142712070549117
C16orf46,-0.5952907599472103
FREM3,1.6311429887206088
SLFN14,-0.8390327804386262
ARHGEF33,-0.20061656839605138
AFG3L1P,-0.861515426097377
SSX6P,-0.9354317702993834
ETV3L,-0.43598266557885224
ITPRIPL2,-0.4893019706539375
PRSS40A,-0.3234883343832843
AC013269.1,-0.32348833438328434
NAP1L6,-0.9957753321318518
IFI27L1,0.22085151989047722
LINC00588,-0.2535451657849886
C6orf222,0.16918245045917943
STAG3L1,-0.13149810739113935
VWA3A,-0.7766541791796769
ASB16-AS1,-0.41311590222589756
TMEM236,-0.6412242098015617
XKR3,-0.9055181038843383
GAGE2E,-0.8569263421944243
ZNF702P,-0.5026263153410867
NPIPA7,-0.6905566081737459
EEF1DP3,-0.36000880795865453
NCF1B,0.30359329424905757
LY75-CD302,-0.6182302218772561
XG,0.8671584067926684
CXorf40A,0.09048412937236051
RNASE8,0.5010867608731187
GOLGA2P11,-1.1063602675305657
C12orf42,-0.03403718344224984
OC90,-0.13304237223696114
C2CD4D,0.3576198231070905
C2CD4B,-0.26816546379967965
UBE2L1,-0.7457403685359832
PDXDC2P,-0.5839876806290982
AC135050.2,-0.24680405480582548
C8orf58,2.9122706600035704
SMIM2,-0.8919757877579466
JAKMIP3,0.9276443417039596
MUSTN1,-1.1560736431458747
MAMDC4,1.8711287218740644
NAT8B,0.13558246975865948
PABPC1P1,1.638704697075165
C1orf158,0.02433305010822436
ERICH6B,-0.3955361567150812
DUX5,-0.9327566563676485
TMEM117,0.44293569621328444
SEBOX,-0.5593843425378289
MAGEA5,-1.4307743098157688
AC011479.1,0.638648514597321
PRR23D2,-1.0795670161760804
XKRY,-1.0636303592351375
ZNF767P,0.6743078917314702
ALKAL2,-0.6944942994506642
PRR23A,-0.9083494401465316
ANKRD26P1,0.6402118205823845
CLPSL2,-0.5454664198806896
C9orf85,-0.8677144180505074
CD200R1L,-0.13974514598936558
H2AFB3,-0.47100091196365246
SLC10A6,-0.7722546670034053
OR4F16,-0.9827838695554089
KRTAP3-4P,-0.9619101505254576
C8orf88,0.26669700777307087
NPIPB15,-0.19691247655390717
RFPL3S,-1.0358399233096207
CYTOR,0.05926604237275216
C22orf34,-0.4508341551786324
IZUMO2,0.6341201832845522
LYG1,-0.0847354747495928
SEC14L6,-0.3592125076330462
RPL23AP32,-0.035699333005498955
MIR4435-2HG,0.05926604237275216
GLOD5,-0.5691108270236536
TMEM26,-1.3374755822284805
RAD51AP2,-0.7905271735850803
AC010422.6,-0.7104803102792449
PLEKHA8P1,-0.3113041365252138
MGC34796,-0.37761494082363817
CD300LD,-0.4034337701611404
SLC10A5,-0.7565083871920828
BAGE4,-0.9151536660343654
FAM181B,-1.1635697464865424
TPT1P8,-0.3409731925153102
