,z
UBE2Q1,-0.22424442879918646
RNF14,2.1574780629061787
UBE2Q2,-0.3750200968005787
TMCO1,2.3015048338207293
UBAC1,-0.06115416857766402
RAB4A,0.4539676011325033
ZNF706,5.519416960505481
MIB2,-0.40632379304204064
RNF114,-0.3567255724667042
RNF115,-0.31892643575434204
RNF111,1.3340711950382367
EEF1AKNMT,-0.13489156615578385
UNKL,-0.5824443902967947
MMAB,1.4926058798514648
UBE4A,-0.29970260071409227
DDX41,-0.25057372549510204
ATMIN,-0.143626946786593
TSG101,-0.03170323574684869
FBXW11,-0.7717674399188494
UBE2D4,-0.3864972264465037
RPS27A,-1.1256112938348404
UBE2D2,-0.6144415141587884
ATP6V1H,0.755361009544346
UBE2D1,-0.3547880475374727
MFSD11,-0.5465986148991377
CCT3,1.1674746921247217
LNX1,-1.123744149371027
MRFAP1L1,-0.2868527695665965
GTF2B,-0.4910660072823304
FBXL13,-0.6673362238437174
FBXL12,-0.30819672170922946
FBXL15,-0.13791040354593845
FBXL14,-0.577595202639098
FBXL16,-0.9016355573093018
FBXL19,-0.8095184630536956
FBXL18,-0.8938539589697628
CCDC51,-0.10533383969571722
PPP1R11,0.5616074062390347
AKTIP,0.08110919451969478
RNF41,-0.6896611238022115
ANAPC1,-1.0997122360816842
ANAPC2,-0.3398302538601421
ANAPC5,-0.9030366733017945
ANAPC4,-0.8795970451922434
ANAPC7,-0.6998789924047425
ZNRF1,-0.39118279734412065
LRR1,-0.993470297598932
ZNRF2,-0.5808018354275348
FBXO30,-0.6495645654494381
FBXO5,-0.9359728724560266
FBXO32,-0.7244872459341233
EMC7,1.8335056988315175
KLHL25,-0.6428976607120703
KLHL21,-0.36548355988060993
KLHL20,-0.6265898670124709
KLHL22,-0.6285752220012464
MKRN1,-0.02988662343512773
SPSB2,-0.7013242339424851
SPSB1,-0.37627329557051625
TRIM50,-0.6865120939560434
SPSB4,-0.556939275543797
ARF1,0.11497907248083636
CDC34,-0.24552077861835495
AREL1,3.0352822471449357
LONRF1,-0.7446128270811869
CIAO2B,0.08434293398556378
RNF25,-0.8813465979124553
UBE2V1,-0.5114605454539067
UBE2V2,-0.6740520038616175
RNF26,0.17777806204140742
PSMD8,-0.12053863580543556
LMO7,-0.7265089197827832
MGRN1,0.181101546979507
DHX8,1.5287978271414544
SPCS1,1.626157429170865
ITCH,2.5738033133585554
PSMD4,-0.3093035777810791
FLAD1,-0.332493311260948
CBLL2,-1.1824625140548455
ARIH2,-0.5502799027740329
TRIP12,1.2325283665468643
MEX3C,-0.45293985470473946
E2F6,-0.593698206934551
SNW1,-0.848005033768377
PRCC,-0.38907474384956153
C3AR1,0.4834394247137858
BTRC,-0.8451918025348586
TRIM11,-0.9251932343590333
HUWE1,-0.5332440972534859
UFC1,0.3518436302549519
LRRC41,-0.5728402411249006
USP25,1.0110550937148106
MOAP1,-0.004265366464032569
ASB2,-0.7612392747267179
ASB1,-0.5733944485903105
ASB6,-0.7735820812750441
ASB7,-0.8233371438054418
ASB4,-1.2953818517732538
ASB5,-0.8623194182169909
ASB8,-0.8488632509088675
ASB9,-0.7833617880302091
PIP4K2C,-0.6108143868875351
ZMPSTE24,1.1315335115776595
MRPL34,-0.12029690093776252
UBE2R2,-0.439937255405211
IMPA1,-0.14146406117720828
RNF19B,-0.13478801953541394
RNF19A,-0.5329355937324074
RFX5,-0.26868869234141624
TRAIP,-0.8215499412457541
UBA52,-1.0956826699174416
KAT7,-0.9955617672740236
EXOSC7,-0.42151887497302976
ADAR,1.210416303870202
STK24,-0.4407237466097137
GPR161,-0.5639943534294692
UBE2E1,-0.37548273122557474
UBE2E3,-0.36100669753227344
UBE2E2,-0.5229546063571082
DLGAP3,-0.5802519858688201
JTB,0.3617419129350979
TRIM9,-1.155695341431046
FBXL20,-0.6535876494066704
TRIM4,-0.6108167925679665
FBXW12,-0.8154585907232115
PI4KB,0.07228291565172866
RNPEP,2.2079249091667155
ELOB,-0.520999252670181
FBXW8,-0.6136208542100877
SKP2,-1.0442892153724763
ZBTB16,-0.8548159847424158
SKP1,-0.31891756690494105
DEDD,0.12252939938489232
WDR26,1.5920944747980377
FBXW9,-0.5866235834665119
FBXO21,0.05817251526496771
FBXO27,-0.3281479067206878
HNRNPAB,-0.5265590369973673
DDX19B,0.12114035745069385
FBXO28,-0.26723597545207706
FBXW4,-0.06170871542608322
FBXW5,-0.602810028412463
FBXW7,1.321309806804843
KLHL11,-0.6774847368262943
KLHL12,-0.40888593398383555
LRSAM1,-0.6864163754946392
SH3RF1,-0.4061493871689453
CSTB,2.884783073105732
GNB1,-0.2705739861999042
UBE2D3,-0.5687450301310664
TRIM69,-0.5778928007658961
JOSD1,0.4903463321418304
TRIM63,-0.620451338996911
PIP5K1A,-0.7422108542396749
KEAP1,-0.5028475726814196
ATP6V0C,2.150325931011865
ERCC3,-0.4805417089299692
RNF34,-0.5766023728639945
TOR1A,4.146343889538833
TOR1B,3.7086252987183443
RLIM,-0.5109107211050901
TMEM248,3.214710696133609
MFSD5,1.143890027400478
PSME3,-0.6518348896359276
KBTBD13,-0.5448131673168372
DDX23,-0.48996689766946366
ERP44,3.859848961691932
ILF2,-0.3913188889878342
ASB10,-0.7590438020188608
UBE2J1,-0.002998569594337537
UBE2J2,-0.5466725741628012
WWP1,-0.21672104500742842
BTBD1,-0.4850289794006433
FBXO10,-0.6128950847062937
FBXO17,-0.7417493274438146
FBXO15,-0.5888605376829706
ASB13,-0.5678128586632271
CAPRIN1,-0.21510978740660675
PPP1R7,0.04500722017125496
CERS2,1.7535920888009666
ASB17,-1.0477565164061438
EIF4ENIF1,-0.4485222491140503
CUL5,-0.9214997466069599
CUL7,-0.0452196082553848
CUL1,-0.705852649946631
CUL2,-0.7692014629856624
CUL3,-0.7941229422317995
TRIM27,-0.8545556521365605
TRIM21,-0.3217115317621478
IRF2BPL,0.1687588320303966
RNF138,-0.8572648641307087
TOR1AIP1,2.2100914787591375
DZIP3,0.10030498580157418
RBBP6,-0.9435395409249383
RNF182,-0.38205405327884817
RBX1,0.4056734793334643
RNF217,-0.5449051036988304
RNF213,-0.21736738079853457
SLBP,-0.6268370370139323
SMURF1,-0.6702649251654137
UBE2F-SCLY,-0.8481425954040307
SMURF2,-0.5786978700155722
CDC16,-0.7575294539364164
UBAP2L,-0.6264117214383909
RNF130,4.050144301217615
B4GALT1,2.661418912701792
B4GALT3,0.7372767019083506
PJA2,1.4398302838952752
RIC8A,0.12116936205488225
HERC1,-0.7589591106974629
HERC3,-0.5949990359894868
HERC2,-0.4001415224057862
HERC5,-0.5694729625817235
HERC4,2.3631949189508044
HERC6,-0.41099580522707085
MRPL9,-0.39453262982757165
UBE2I,-0.8070765612730144
UBE2H,-0.1259352821525525
UBE2K,-0.6029689859294561
UBE2M,-0.3556630919446441
UBE2O,-0.772479591287353
UBE2N,-0.6799101843999945
UBE2A,-0.3198226338875403
UBE2C,-0.9852995367879125
UBE2B,-0.44348575043161903
UBE2F,-0.5786641075518693
UBA5,-0.20792619215133998
RBCK1,-0.2048151177274255
UBE2S,-0.7568218015032586
UBE2U,-1.1138547405372201
UBE2T,-0.8454079429248247
UBE2W,-0.16119105350732443
DPF2,-0.25402603318953054
UBA1,-0.1674967368841558
FBXO2,-0.6625703512774692
FBXO4,-0.468898131639085
FBXO6,3.0185371680382485
FBXO7,-0.36969089904602126
FBXO9,-0.37862017468913217
HACE1,-0.7222947472975694
SRPRB,0.031377188774367445
ASB11,-0.7879005306518522
FHL3,-0.8889095894745251
FBXO44,-0.6988028119164921
FBXO41,-0.7580528826915169
FBXO40,-1.2166706251390254
NDUFA8,-0.05039859863422729
DET1,-0.5200048187671257
TP53,-0.3325472518025171
MAEA,3.14211726092023
TRIM71,-0.6848901292036683
BIRC6,-0.43659375716734083
PEX19,2.203767481532449
MAP2K1,-0.42563365814623316
ADPGK,1.0061542454353085
ANGEL2,-0.5272876875070819
RCHY1,-0.2310758356963636
LYPD3,-0.37146058036321095
NSF,1.5401895574168656
APEX1,-0.5597272964012063
UBE2Z,-0.5664317296838655
MAD2L1BP,-0.0036118641356578675
POGK,-0.2751575894193698
PPP1CA,2.643685378589615
MYLIP,-0.3550197480304206
M6PR,3.426298710492765
HECTD2,-0.46247134279595736
HECTD3,0.035052830235078464
ASB12,-0.5085971708219564
HECTD1,-0.7165318655363606
ASB14,-0.6574224174212585
ASB15,-1.0534983396101818
ASB16,-0.8390697195935212
UBE2QL1,-0.21573618928078828
ASB18,-0.6633272512113809
DHX16,-0.4817646688137655
AC022826.2,-0.9914245877285924
STUB1,-0.3797119962018251
ANAPC11,-0.36981096031118793
ANAPC10,-0.42705154033565773
ANAPC13,0.4840414857273872
CSNK1D,-0.4944099622356676
UBR4,-0.24276511671587744
WSB1,-0.37767533666462105
SCAMP3,1.9759181409774171
CHTOP,-0.7116411528747396
KLHL5,-0.4584008836938565
KLHL2,-0.21827755869843204
KLHL3,-0.7782518846256893
UBR2,-0.5743506496425349
UBR1,-0.32560193612104876
FBXO22,-0.5261720329230257
KLHL9,-0.4654389538671401
FBXL8,-0.6087229911609073
SOCS1,-0.513019034422947
SOCS3,-0.6579322827546225
FBXL3,-0.5050558733686594
FZR1,-0.17370322497804006
FBXL5,0.10404648442493965
FBXL4,-0.30507159257708777
FBXL7,-0.6929840149076083
SUPT4H1,-0.03348676931639674
TMEM189-UBE2V1,-0.49866760774218927
UBB,-1.0381748729022189
UBC,0.8798820612935823
RNF6,0.09007041169763907
RNF7,-0.8230811322723727
RNF4,-0.4935011508598435
TRIM39,-0.835083743547107
TRIM32,-0.5858958450476346
TRIM37,-0.6577306188773042
TRIM36,-1.196904109676859
UBE2L6,0.7733933861497322
UBE2L3,-0.5682218570677352
KBTBD7,-0.5650022895058167
KBTBD6,-0.577764393030453
UBE3B,-0.3549498442068173
UBE3C,3.400294053051854
UBE3A,-0.5575254935265478
CCNF,-0.9880028250366992
UBE3D,0.32568356049467256
KBTBD8,-0.5138319995566717
NGRN,-0.08666726063102517
HTR2C,-0.761623090215074
PCBP1,-0.37425326506723366
RNF220,-0.680047232139553
ECPAS,-0.2625351665774885
ARPC5,0.0960501378391815
TRIM41,-1.119236623347308
TAF7,-0.3734155329797827
SLC25A44,0.03312869198742187
CDC27,-0.7053771921723678
CDC26,-0.746989280527382
CDC23,-0.7800205368999362
CDC20,-1.0038814943986922
KLHL42,-0.8004846470882824
KLHL41,-0.6953167582227213
HECW2,-0.5203944393756775
RNF126,-0.3431615968058692
BTBD6,-0.6982344980468222
RNF123,-0.11668036042476332
DTX3L,-0.28842750534033407
COP1,-0.2611474614153472
NEDD4,1.6749068031585623
PFDN2,-0.508835768768332
SIAH1,-0.7538027567309998
SIAH2,-0.4449837817292806
TCEAL1,0.16886835550846307
RNF144B,-0.4415572368702675
PSMB4,0.9403432057139013
KCTD6,-0.7981383420480258
HAX1,-0.05114946495531625
VHL,-0.5603967869448109
UBOX5,-0.3381270282873332
LTN1,1.9442729030074857
UBE2G2,-0.4253020737087779
UBE2G1,-0.40195214596423423
PJA1,-0.46847318359054974
UFL1,1.6655436209561174
RFXANK,-0.37390596053367514
RRAGA,1.9327760152678308
TRAF7,-0.5990742679700386
USP11,-0.5119392079008427
C1QTNF2,-0.4920145954685313
NEDD4L,0.6831554876352042
SCFD1,-0.19437158212385905
RNF11,0.06288073423262927
UBL3,0.38267073066555135
HSPA4,1.1791637132450248
SUMO1,-0.6984030155770342
HSPA9,-0.5801777672516212
SEC23IP,-0.13760524842508884
ANKIB1,-0.30971028856227184
COMMD8,0.09559420012134302
C6orf120,2.482627822684169
CDC73,-0.3824457838191352
PIK3CA,-0.11179516046899252
RMND5A,-0.4509764046380007
PRKAG1,0.18837606187736375
FAM114A2,0.15254992109116935
ABCD3,0.05382882455647158
HBS1L,-0.24035729812083165
RAB9A,3.126633469212508
WRB,2.4312527259880454
NIPSNAP2,-0.02040201737102377
SP3,-0.42398975034081865
AP5M1,0.12751653304668864
TMEM9B,0.9264035573966204
DHX29,-0.3933390855944216
TMEM184C,1.4638615613539172
GPI,-0.7664582306509183
SNAP23,0.34974560451350273
PTER,0.18045246239165666
ARHGAP12,0.06674256399688712
TCF12,-0.8488547016613065
CTCF,-1.2358571454809628
ATP6V1D,2.64476188987136
RPS6KC1,0.02943039426516956
ATP6V1A,2.582204657084586
ALDH3A2,1.5740645411641843
PUM2,-0.5379818485559136
ISCA1,0.05309754566685398
SPTSSA,0.7264206257580217
ARNTL,2.3532413568065853
RWDD2A,0.40257037021009967
BUB3,-0.6581344294853172
XPO7,-0.14114887976481194
RWDD2B,-0.38294514707096117
APOO,-0.06349887356745405
CETN3,-0.9284643811177593
CTNNB1,0.22060371494339348
JAK2,0.11859471706119323
TMED10,2.2623762721459832
KIF1BP,-0.15445176787116802
TSPYL1,-0.03920171549898329
ZNF226,-0.38727025277444255
CHUK,-0.2999504791228791
INSIG2,2.527637340754462
CSGALNACT2,0.38428879325254156
SLC39A6,2.460735917154192
PREPL,-0.02812718753069331
RPS6KA3,2.269565754146249
CSNK1A1,-0.5825764048993277
C5orf15,2.9533641279617147
GFM2,-0.43343552995384466
ATAD1,-0.10192872591339118
SLC35B3,0.4109024682363845
TTC37,-0.17610534665055283
MINDY3,0.11953185491944573
MINDY2,0.3028482099654249
EMC2,0.29046322495454735
MINPP1,2.365610146274831
FBXO38,-0.3784291532045507
ECHDC1,0.19895379531640942
SOAT1,2.115610105009531
SMAD4,-0.8334679248497386
RAP1B,-0.18754696922205177
RAP1A,-0.23385692860282836
AP1AR,-0.12740249979349433
DCTN4,-0.05143181394930124
LRIF1,-0.7179677905788728
NCOA4,2.114658861045612
CCNDBP1,-0.1961639296762472
CRYZL1,0.2606161579816991
ALAS1,1.4385709493113568
CRBN,-0.2478065255650758
TM9SF3,2.0902514099782885
TM9SF2,2.8233190955420127
TOGARAM1,2.2283897880795247
AUH,0.43384367152996606
TMEM59,2.581502678478005
CIAO2A,0.09556219707293848
TCEA1P2,-0.43649394325619945
PRKAR1A,0.7371385623103878
SAR1B,0.32929224539194074
SCAF8,-0.5848296541302634
CAPZA2,-0.06119151806399678
PEX7,0.17823885169217496
PRRC1,0.5679832206042972
SUCLA2,-0.1440182791494845
ATP6V1E1,1.5609291998122703
TBCA,-0.08010794365558076
MORC3,-0.5070665061146494
ACTR10,1.381319351806301
CPEB4,-0.06524814442454928
TMEM251,2.0941116545250136
CAT,0.9122685138113906
EI24,0.18448506530823616
RAB2A,1.4010139204009364
C10orf88,-0.5205324033781596
EPS8,0.38162687030859976
EPS15,1.208252244605192
TOB1,0.5133932627615451
PRMT2,3.377108633024754
CLIP1,2.68664104876931
HNF1A,-1.1863527088703558
ETNK1,-0.2187430683281659
ATP6V1B2,3.3686593153005626
CDC37L1,0.1379320208569325
ARIH1,-0.4898271261229364
CD46,2.629413821000436
HIKESHI,-0.03699338397786
FPGT,2.037796968350941
LPIN2,0.17795139555761055
CGRRF1,0.6600776240926017
RAB21,2.4761565433579458
LACTB2,0.40543379799821305
DMXL1,-0.31139328521636656
NCK1,0.43140927029557397
EXOC5,-0.1876980914488524
MBD4,-0.7406972179167625
PPP3CB,-0.235462790221455
SPG11,0.013083527620714035
BZW1,0.12840661347786014
MPC2,0.35866728576226875
MARCH5,-0.19230031463779562
MARCH7,-0.2532351742914245
RCBTB1,0.5232598615645748
SLC25A12,-0.294949290776683
ADSS,-0.0862550221555201
B3GNT2,0.3380600564812766
NFE2L2,1.3593459652405868
DYNLT3,0.6294199701205083
TTC5,-0.3683065541382641
RARS,-0.09330998306278163
GMCL1,0.22127957748118693
ZNF263,-1.1222286592577917
MTMR6,0.088119448991288
TSNAX,1.8702627391190865
UTP14C,-0.10536702091655431
SEC24A,0.21857844900180037
TERF2IP,-0.3634922089075419
SIGLEC10,-0.1803593228371868
SIGLEC11,-0.064694606207167
SH3BGRL,1.4751149165923223
HTATIP2,2.8705595672901536
SYPL1,0.8783496897058831
OSBPL11,0.1227339447242393
SCARB2,3.682797223170864
MRPL42,-0.42109833999121987
RNF103,0.5113995333083252
APC,-0.8732752445974997
UQCRFS1,-0.030924981546324535
YIPF5,1.389432784798703
YIPF6,2.121628185774973
SNX2,1.7327040688468835
SNX1,0.4826499627132841
ARFIP1,0.25936121380748534
COPS2,-1.0854905162702222
SERINC1,1.762859661875355
COPS4,-0.19643446126379052
ALG5,0.5822385041104007
MED7,-0.2787503135580276
BLCAP,0.1916430590049583
SUB1,0.13032155935181916
RAB11A,-0.010832284477459105
DERL1,1.47626311224703
C11orf58,0.07505228154400359
MAP1LC3B,0.1888127632195645
OGA,2.6178883005324782
TCF7L2,-0.9111031523131491
TCF7L1,-1.3626964290436456
DLD,-0.21927504864715908
DNAJB9,1.6751009377410127
C12orf29,-0.37021363385579686
RFK,0.4609873802170486
HAT1,-0.6377484564529085
C18orf32,0.9093318980997137
KDM3B,1.8331570983848606
RALB,0.6653516919988284
MMUT,0.0345132118405991
TMEM126B,-0.12047003045220962
CCDC47,0.15134387559845744
ZNF236,-0.7335061647657706
AIDA,0.3622739475380462
STXBP3,1.520929229790102
PRKAR2B,-0.6894825206871134
AL136295.5,0.8075633845555952
FECH,-0.10834606330937523
BET1,-0.030156771059374973
TMEM14B,0.023172825878737997
TMEM14A,0.30752819984526386
PSEN2,0.8452491151263765
PSEN1,2.4869992391537807
DNAJB6,-0.3206947621648086
ETF1,-0.30407661927243257
NDFIP1,0.9259918575633899
CHPT1,0.2980718650176068
TRAPPC11,-0.3486996171223471
TRAPPC13,-0.11095773171111271
RAB14,2.624098402824404
THAP1,-0.2872851942123772
HNRNPA1,-0.7307369046992699
RAB6A,-0.0935344306596782
RTCA,-0.0883182751918021
ACOX1,1.5979383502940068
STX7,0.2802889922615745
SHOC2,1.8357941543026701
SGPP1,2.4887264548691053
RNF141,-0.6554589145185333
ATP6V1G1,2.9200570528268734
TBCEL,-0.381182066772697
GRSF1,-0.20758967939755887
CAB39,-0.08899503248508708
PRKN,2.056733928346858
NFYB,-0.8307164241989436
MEGF9,2.303873850922595
RNF38,-0.4372925512513364
SMARCA2,-1.0901544778157275
RNF31,-0.3972895525175654
IMPACT,0.1291945150414067
NPTN,2.552501906114617
GABARAPL2,0.16803699137823347
DDHD2,0.7007932488623977
MTX2,-0.37500624498819674
FEM1B,-0.5736914832275641
ARL6IP5,2.6547710609495025
PCMTD2,-0.43520696295263117
COPA,1.0050682670469615
MAT2B,0.14559949005366785
MFSD1,3.3350109706611972
MOGAT2,2.3012769316559676
GLRX,2.263137868693427
VTN,-0.437574613936626
CTNNA1,2.827671560618092
VAMP3,2.301371092867077
VAMP4,-0.06009089936452367
VAMP7,1.0114943982069027
WDR47,0.00717748540454807
ROCK1,2.136417792576508
CUL4A,-0.8371985029027048
DCAF6,0.02254037102069928
WBP4,-0.36445198198622974
PCCB,0.36929111209522625
NDUFB5,1.2604876850468067
FAM3C,0.5282375769047809
NARS,-0.30843627845794835
SLC30A5,0.2721403139734495
TOPORS,-0.5738143468759394
TENT5A,3.215978019422688
CUL9,-0.14672534505687948
CLINT1,-0.06908798124722142
PPP3R1,-0.5818848274436841
KLHDC10,-0.27812497595067265
SEC62,0.34438507645014643
ANKRD46,-0.7627985680911635
ZNF200,-0.5826539129027811
CLCN3,0.10941893703181928
IDH1,1.7319000078912345
SH3GLB1,0.49270398650848896
TRIM23,-0.6968448962459586
USP21,-0.3101948767300377
GHITM,1.5860053939873084
PTPN11,0.9980028898715245
JKAMP,3.1232196250512136
PGGT1B,-0.11661078338413358
CCDC28A,3.436781876493535
KIN,-0.08569659744835419
KPNA1,-0.5152764357923793
COPB1,2.151923049010001
RNF216,-0.28198510142213407
MED21,-0.38663808208152683
KAT2B,-0.8192480409583872
IARS2,-0.2464942347701541
PPM1B,-0.7832948510918658
PPM1A,-0.8539114291829414
CLDND1,0.4490450806056945
VPS37A,0.03975348018967864
PNPLA7,-0.29061994037802125
ARMC1,-0.46149318337774314
UNC50,1.885816122301719
GSPT2,-0.32645655497506426
GSPT1,-0.35934634786240693
BECN1,0.18883011377705122
RNF144A,-0.1912512789883225
MAN2A1,3.563337441402915
UBA6,3.09370263496491
UBA7,1.1278588573154325
ATG12,0.09450812010518826
UBA3,-0.26429288768571274
RWDD3,-0.18426482721430035
MRPS27,-0.5178085137875637
UEVLD,0.5972972866947719
VPS26C,0.6844667462782813
PHF7,-1.3681522254086833
BAG2,-0.3417813017640654
FBXO3,0.2816077366388913
RHOT1,-0.23675324466453276
FBXO8,0.2642291090698371
BCAS2,-0.43298122156938007
CAPN7,-0.24253862960716405
OPTN,1.334289064008184
SNX13,0.1715965950008303
SEC23A,1.7647994283309998
ADIPOR1,1.7841328156633522
SNX19,2.31040203585634
ERC2,1.9820127921522968
BNIP2,1.63415706189097
DPM1,-0.12974867681052124
NDUFA6,-0.0051324362734474225
NDUFA5,0.00997910231142745
FBXO43,-0.5510717067989966
PRDX3,0.9979403506919727
RABIF,0.05119167189143486
RWDD4,-0.6728935083844586
GALC,8.825113838521062
ATXN10,-0.1679715224501612
ESR2,-1.1457726362613687
EFCAB14,3.998563569373181
NRBF2,0.21757682309773393
GOLT1B,2.451442417649583
MRPS35,1.703978200563114
ISOC1,-0.007578223168756018
RWDD1,-0.17510816082947814
EIF2AK4,-0.5307675305327565
HIBCH,-0.10610040307881827
DTD1,-0.2583696097479744
NECAP1,-0.13220851755043728
BPGM,-0.057013212108190686
UFM1,0.30431391450642215
BIRC2,1.563914390725113
MOSPD1,0.4900619685836198
MDH1,1.5554318999897585
MAP2K4,-0.2793681198436226
PEX13,0.06234192058399954
LPGAT1,2.602284208128167
MICU2,0.011061469755917161
RNF170,0.8810623115813336
ECT2,1.2504882253450844
STAM2,-0.14231063406658412
SCAMP1,0.05775831396707996
TMEM192,1.7961508220165892
SYNJ1,-0.36899800487778545
GLT8D1,3.2855235572581134
ATP5MC3,-0.042868652525224635
CNIH1,0.18934068730457607
ANXA4,3.8701282153210195
ANXA7,2.0964855946540233
NUMB,1.6161699173752715
HLTF,-0.5042646912791708
TAGLN,-0.007607074940060067
PPP1CB,-0.4581119200895913
RNFT1,0.07669021509117263
C1D,2.3915850230295415
HADHB,1.8801819940935611
NDUFS4,0.011975956533383087
PICALM,2.49134805042863
TM2D1,2.585227048241108
TMOD3,2.0577156899629814
WASHC5,0.6284734140605536
LYPLA1,0.19217336249973588
SEC24B,0.9626528615170205
SRP9,-0.17977151505912836
OAT,2.345425631787243
KIFAP3,0.8856600341515509
LEF1,-1.250444616434733
CANX,2.849622796831492
NDUFAB1,-0.5054468545370346
ZNF140,-0.7954130656288876
MRPL3,-0.4495874988685548
MMADHC,0.0587818143618403
LIG4,1.3558758306713619
GOLGA7,0.6221303019944783
NNT,0.04616079222012303
SOD1,1.0550615150306082
SEC63,0.2447508138029594
SARAF,1.2477838614716594
GARS,-0.6192339619800489
TRMT1L,-0.4948036427266438
TDP2,1.7976127522515222
SCOC,-0.013893764248960886
ACYP2,0.5704166985277495
PPP2CA,-0.7866051445783856
ACSL3,0.11172462901750116
WDR59,-0.5487684890550047
ASF1A,-0.7127631515285772
RNF8,-0.43632389463429894
CCNH,-0.42142576387427827
ZNF217,-0.5932883357290633
VDR,-0.3749719571547768
METAP1,-1.0388998714093465
TRAK2,0.06068025811001623
PCMT1,0.23011107730990926
SLC25A32,-0.008340413687171243
PNMA1,-0.5830858085188753
NMD3,-0.32413347663076125
FAM177A1,0.8752774501048874
DCTN6,0.058502109306862955
CMAS,0.23424052443263152
LANCL1,2.675829412093678
SLC35A1,1.9459704723460105
SLC35A3,0.6228268163680508
UBXN4,0.06563481879723043
PRELID3B,-0.33416734962411043
ORC4,-0.33933211721336476
C5orf22,-0.19931716095389618
TTC1,1.2073352437634035
RCN2,-0.22392678209753955
DCUN1D1,-0.34549389210361175
SLC26A2,0.2919435337732161
DYNC1LI1,-0.042611642358312
POLR2B,-0.9209537974298089
TRIP4,2.4723493929020726
POLR2K,-0.6478718720997144
STRN3,-0.30341492308161516
HADH,-0.1871543340601489
SLC25A46,0.06080033124787252
TNFAIP3,-0.028716070608711473
FAM8A1,2.4765710784397315
AP3B1,-0.10717148401763879
RBM22,-0.45804064964413393
SNCA,1.8324348476569385
ACTR6,-0.5137562468543729
STAMBP,-0.2101392925206414
APOOL,-0.06607723420160205
SDCBP,2.0264521767715213
ATP5PF,2.247260061662545
CCNG2,1.245058928014718
ATP5PO,-0.08599515055254021
PCDHB11,-0.008242309922119
NCOR1,-0.8709593677183636
LMBR1,0.45618997863385
TMED7,0.28681214291439266
TBC1D9,0.42115258273717593
ACSL4,0.11806926754562433
TMED2,0.2609442444868803
ARPP19,0.20153320702016106
MRPS30,-0.5140705744329547
MAPK1,2.2994445485677546
MAPK6,-0.7194172293469284
SACM1L,1.4173277336995673
TMEM30A,1.5676397515580152
MAPK9,1.3368403288250816
REEP5,2.5222259069975914
ARMT1,-0.00416393235331328
RBL2,0.7410736247284067
PAQR3,-0.2025610473313744
RDX,-0.06753360016611724
SERINC3,2.8470640128793065
COPS5,-0.7990394713086832
CRNKL1,-0.6013619861666143
DEGS1,3.429058319349484
YTHDC2,-0.6547973122595822
VPS26A,2.044614306166171
SPAST,-0.4568850454551598
ITFG1,2.426717766650031
MORF4L1,1.3729651020123677
PRKACB,-1.2010673467532844
PGRMC1,1.4565282182495873
DECR1,1.267044465014157
TMEM230,0.703717217576903
ARFGAP3,1.3674015597129585
CLPX,-0.4448074660934198
LRBA,-0.07976214289603206
ACVR1,1.884734229726731
CD59,2.390649983530123
CTDSP2,2.0624944866371924
NRIP1,-0.238015223801227
DERA,0.4655441768308891
CAND1,-0.6640957771596361
UBQLN2,-0.4847795713508719
BLZF1,-0.323634363806271
HIGD1A,0.30977105519227965
GCLC,0.2938683716526814
NR3C2,-0.3896799638928396
NR3C1,-0.7661198934259857
SRI,0.34627136124351776
CRYZ,0.5384303407606381
GTF2H1,-0.13883328049818444
USP12P1,-0.07190227407013801
TMX4,0.637502461671671
AKR1B1,1.7827942010294797
TMX1,1.7274267123385387
DACH1,-0.33399361773399094
CDV3,-0.023935626139471058
COX7A2L,1.7455829941284886
SEC22B,2.1287180073586596
DAZAP2,1.5621375665624881
ESR1,-0.275867883487451
TAB2,-0.03818844163070816
CD164,2.3113234449438154
RIOK3,0.286956702637505
TARBP1,-0.778180623430139
ACTL6A,-1.11565451408078
SDHB,-0.03407267903105098
GDNF,-1.2162995665601752
SDHD,0.3520396887518392
RNF10,-0.024450125343342236
DBN1,-0.20811070960277395
ACTG1,-0.5982554510986087
BLOC1S2,0.28883919544876907
COMMD2,-0.03496281090757603
CAPZB,1.8695835944766226
ELAVL1,0.2486026487475574
RC3H2,-0.21772180767510108
ARL13B,-0.3882721856682463
GFM1,-0.4293253585826361
ITGAV,0.24085289032146512
SMAD5,-0.5614525417820762
AP3M1,0.06987760589385378
SMAD2,-0.4499315274201583
MIB1,-0.6585873703071525
XIAP,-0.03925819072776078
AMMECR1L,0.1600720630117282
RBM12,-0.5726572654050918
RIOK1,-0.7885491232179616
CMTR2,0.003923175781627242
MOB1B,-0.5234089415087809
EEA1,-0.00858868383482302
SELENOF,1.792206540834497
ITGB1,0.8156755165392194
THUMPD1,-0.5163286185818029
BMI1,-0.5982652357706519
BRMS1L,-0.20926842009758498
THAP5,-0.6158752326990513
FAR1,0.3137522205977796
WDR77,-0.8989182428027425
SLC12A2,-0.3834968400163539
SH3BP4,-0.23038723548956444
SLC2A9,-0.6131995587312611
YTHDF3,-0.16927527401701672
MED4,-0.7771196895803865
VEZF1,-0.6319712152043723
CCDC6,-0.36796711520247083
DHX40,-0.4590763177394607
HMGN4,1.3849152191472673
OSTM1,3.0044816411010147
RPS6KB1,-0.8200818070609578
RANBP6,-0.6587178452062528
CLIC4,0.7476752109342465
SMNDC1,-0.5616710607477309
USP8,2.292293731685081
MTERF3,-0.7131465015164075
AP3S1,0.69853921552637
IQGAP1,1.3811426650330303
ZBTB2,-0.8134338215290767
PAPOLA,-0.36881464869543207
DPH3,0.24736235346581104
PPIL4,-0.30735622848712874
TMEM263,1.1353451086950026
TRIM25,-0.22110388200897982
PRMT5,-0.8443813892404621
DNAJA2,-0.40918987713227134
GSKIP,0.24896175153471556
SEPT6,-0.3016678718383925
TWSG1,0.5850278092311418
USP46,-0.1800233540031628
UBLCP1,-0.27062594075000135
UBA2,-0.8032823340015753
SMIM15,-0.12333121937587112
MYO1E,-0.4837726372063495
PHF10,-0.560720798268519
BTBD10,-0.07602465535391316
ZNF532,-0.8107341350831064
GMFB,0.02492310414387609
APLP2,2.108533794894804
VPS4B,-0.11437552366641844
MAP4K3,-0.4047053526724668
BIRC3,1.6853465994850996
AEBP2,-1.3571114097639763
ABCC4,-0.04163794402207344
TMEM167B,0.7660479433211778
VEZT,-0.5740827300057882
TM2D2,1.5187352784366959
ZFAND1,-0.018510061668946483
GSN,2.005366157402129
SLC39A10,0.9458161947768724
ZNF146,-0.8394524913607301
GOLGA5,1.8099470059651332
URI1,-0.6333449150836851
OTUD6B,2.5388893997855044
PCGF2,-0.7237887502096124
ADAM9,2.7389168927524348
NIPSNAP3A,0.37387637327533835
ANKRD50,-0.5211755226369162
METAP2,-1.094592044503376
THAP12,-0.4661852296746775
TOP2B,-1.0165246966086405
ARPC2,0.08779778462711278
ARPC4,-0.12469003705646457
TAF9,-0.8563627994913494
AGPS,-0.18062173959520195
RAD23B,-0.24594879589820007
HNRNPR,-0.6500067876591111
TCEAL8,0.6604997480023439
AKR1B10,2.7744978034571233
ZBTB41,-0.4192721620685132
TATDN1,2.3966789329267995
LRP11,0.08209064925362751
DPY19L4,0.00910002679578867
HOOK3,1.4243210939527602
LRRC57,-0.6744148339745223
USP14,-0.5230695916504907
SSBP2,-0.6456907034439342
RASA1,1.3834019331027787
SEC22C,0.39228453907301414
GORAB,-0.28572901120591565
BCL2L1,-0.018539878857007613
MOV10,0.59362868947458
GLRX5,-0.09629601575574737
PSMF1,-0.1633678783719431
MARCH6,-0.1850120672960321
ZFAND3,0.9519641763605513
MARCH3,0.35340598410817564
MARCH2,2.5299147225888827
SUPT5H,0.84803871816523
HSP90AB1,-0.8843527861330703
FLII,1.4539313456068215
PTP4A2,0.01066908549068144
RELA,0.8129921948260043
SETDB1,-0.8888232358874103
DYSF,0.17176480788068543
RAB5B,0.07773992499859561
R3HDM4,0.18517911388637198
TRIM26,-0.3972411644315368
UTP14A,-0.688132467079068
SEC24C,-0.09543790221764051
CHFR,0.6488809874125017
MDM2,-0.5524052700802348
SHMT2,-0.5682465304582499
GMPR,-0.27274282539264527
RNF181,-0.008221532887541436
PPP2R5B,-0.23654959868860548
TERF1,-0.785506228470837
STRADB,-0.7135334015144131
ZNF592,-0.36372751070116927
SLC25A37,0.024822850294320208
PINK1,2.407909951554983
SEC16A,-0.375361574377359
EIF5B,-0.5380106011756531
NPRL3,-0.31248948444465524
XPO1,-1.052100945584569
UBAP1,0.5123703031786118
UBTD1,0.39872328984063454
PPP6C,0.23518832433824202
UBXN6,0.5408312002229544
CCDC90B,0.02372212745021995
CNPPD1,0.9109344621021472
RBM38,-0.46373994125273366
NR1H2,2.9641643877104253
MAPK1IP1L,0.18023246877716828
NXF1,-0.8771281716013462
SGTA,-0.35072380753507215
COL4A5,2.7728629953254664
TP53INP2,0.6850473869928448
GRB2,1.3994654655992242
PSMD11,-0.4803237545547737
RRP12,-0.5446269366442412
SRRD,-0.4509471892334076
RBM28,-0.6939829438523583
ACADVL,2.530055872088584
KDM1A,-1.2186130132260546
BAG6,1.3771990974832704
RAD23A,1.6435208221906357
MKNK2,-0.11497232091048734
TLE1,-0.7037315256366198
FOXO3,-0.6926429631034898
SLC4A1,-1.1645300469694984
RNASE3,0.6198167524748984
MEOX2,-0.9661465431242501
STRN4,-0.522907830714722
MLF2,-0.13492205000905116
SRPRA,1.6997986337813589
NOC2L,-0.6267616759905632
ALAS2,-0.348124815408575
EPB42,-1.1630838144359619
ENO1,1.8827677819813249
AMFR,5.772163800387525
CS,-0.06551792070283777
RMND5B,-0.025757110366750196
TARDBP,-0.71259354006305
EIF2AK2,-0.5258822403490868
ARPC5L,-0.24364891587997736
RNF149,0.2811561961652264
ZBTB14,-0.7999460113443794
HSP90AA1,1.751802836640783
ZMIZ1,-0.2062628116094298
KCTD2,0.21281279454767374
EEF1A1,-0.5898085553523803
CHORDC1,-0.2515708539205699
PSMD2,1.975179615771636
MAP2K3,-0.20038843970097636
DCAF12,-0.07736793486056422
PON3,-0.4962552646537204
EED,-0.9441665902605558
SCAP,1.5410937345034441
RNF32,-0.9170805997116546
TAL1,1.0220680190441285
WRN,-0.7947669932204183
DNPEP,1.5860865268245992
CANT1,0.4293400134426743
PSME4,-0.3661631747327286
ASCC2,2.480563841576611
RNFT2,-0.16149791507288314
ACTR1A,-0.37895772906803
TULP3,-0.9239708280620015
MAGI1,-0.18311864403705974
ZDHHC17,1.2699832584469002
GOLPH3,1.2246285861161241
RNF13,2.7472772919433455
HOMER2,2.2784099727729137
IL6ST,2.3449350069361827
MOCS2,0.008878342799391885
P4HA1,1.7669646024158814
SRSF11,-0.6237529545891806
PDCD10,2.4903965356492583
DYNLL1,-0.8487459673146942
LEMD3,-0.0762620702923908
GAPVD1,-0.4234886047445781
ZFYVE16,-0.13903707109456537
FAM114A1,1.0177767302849057
YAF2,-0.5134105866898904
ARHGEF12,-0.8233122648945375
ITPRID2,0.5762522053224692
PIK3C2A,-0.5729471172312505
OSBPL9,0.5875314441571848
SNN,0.4449676804521353
PTEN,-0.9930255991134241
CDKN1B,-0.2586511505991405
MYO18A,-0.49333419565535047
PUM1,-0.7182004368033119
CRIPT,0.3081251334632601
CCNT2,-0.734649601110759
WDR44,-0.15063239399200654
CSDE1,-0.020393514982851267
WSB2,-0.04612924160308425
JAK1,1.7812192138299963
SPRTN,-0.1996769940398582
ZEB2,-0.125294931491607
DSTN,1.8172067137314682
CAMSAP2,-0.5854371304990175
PSMD14,-0.5787262910306159
PSMD10,-0.4468383179251306
CBL,1.5220653462102687
PSMD12,-0.3134281056614992
FBXO34,-0.19972369575066967
WDFY3,-0.058434001693295844
FBXO33,-0.12274252897117925
ANKRA2,-0.5055172799545946
ATXN1,1.0937276965763478
RALBP1,-0.1849195253871163
PRNP,1.2525595550824669
TNFRSF10B,2.772247406579684
ATP6AP2,2.121827604750355
KCMF1,0.6752649980154145
MARF1,-0.2877078260219732
PYROXD1,0.3288754217640011
ARL8B,2.539822373761442
ANKRD28,-0.8676116195354847
AP2M1,0.522618870113356
SPTLC1,0.37110660426683084
HEBP2,0.8766524378586067
CPEB3,-0.27998957550461
HS2ST1,0.2659851358521611
LMBRD1,2.7783541926602897
CAPZA1,0.010541921938383284
RAB33B,-0.0004707853509927613
INSL3,-1.1643808478977795
ZFYVE9,0.5368099118875227
AP1G1,1.6187367320785984
MMD,0.531916341151577
ATP11B,0.07458292913543868
RBM7,-0.18727777495268577
LAPTM4A,3.8048301911726994
PSMD5,-0.2349333120034295
PSMD7,-0.35213019591542527
PSMD6,-0.19721754495425314
PSMD1,2.4966474050159957
PSMD3,-0.3380917028567625
QKI,0.12353667808741296
ATP13A3,2.7978129244384946
DYNC1I2,-0.17664142607904937
RYBP,-0.23029806910926637
EFR3A,0.11709617428900196
PSMC6,-0.5685898185380738
APPBP2,-0.46917281832789637
RTN4,0.5591422253823424
HGS,-0.6258449925695212
RTN3,0.6367707600484948
RRN3,-0.30630339930742695
MCFD2,0.7255668999604952
NCK2,-0.7840001292122688
SLU7,-0.1395043125139053
OSER1,0.20080880188163414
TMEM41B,0.4060921249648264
MARCH4,-0.0072977971560936345
TMEM131,2.29946840648047
MARCH1,0.0189275249820571
IKBKG,1.8679517250731088
IKBKE,-0.3308705586919731
USP24,1.938980743676491
MARCH9,0.96433957338166
CCSER2,0.18773950441270362
GNG10,-0.7906142781854244
SRCAP,-0.7447673993006796
TSC22D1,-0.16339862235649
KHNYN,0.24424321921142567
PAFAH1B1,1.0507539409151616
CNEP1R1,0.5553916798399845
PTTG1IP,3.434601074782723
ZC3H11A,-0.4054101525921104
APP,-0.7161441864857083
RABGAP1L,-0.4777238005638968
EID1,0.26841193203737707
TMEM47,-0.06977282266750348
PLAGL1,0.08292480728060436
UQCRC2,0.039485324564523396
SNX3,2.0947590443075566
COPS8,-0.2015640037416345
ADNP,-0.8291510015596781
CYB5R1,3.4029000922677946
FUBP3,-0.2287533825773214
NMRK1,1.103195475032403
STAM,-0.22854037857826387
AP2B1,0.12810172052663574
YPEL5,2.8112796011129206
NEK7,1.4266065440232287
USP7,-0.8564565552625653
KMT2E,-0.7630576009171857
PLA2G12A,0.1776027444692168
ZBTB11,-0.5662619101095349
UHRF1BP1L,-0.1054241741479498
GALNT1,2.735418947135573
BCAR3,-0.02488050669341047
FZD6,-0.19306211093765385
TRIM8,0.2206990245137166
PFN2,-0.19009182340267833
CREM,-0.20416585675321933
RSL24D1,-0.5255221883074471
VPS51,0.04645964080886399
CREBBP,-1.2685838558913234
HDAC3,-1.0077318423657076
HDAC2,-1.4316668861979056
HDAC4,-0.8126721295185432
ANKRD13A,0.44972780168310084
ELOC,-0.6147761620186841
MLF1,-0.9816204217588644
TPM1,-0.012714146048970733
RAB18,0.05221025331380371
CCPG1,2.7235437400531683
RANBP9,-0.4366243917666777
FANCL,-0.735901823432109
LSM14A,-0.5244429386102675
RANBP2,-0.8778202846694197
PLPP1,3.434048524061623
ACVR2A,-0.6714178304777818
UGDH,0.10855712253771248
SSX2IP,-0.9657910528503167
ACADSB,0.1250108025480532
REEP3,0.7543468361507997
RSRC2,-0.5488440417926271
STX4,0.43324662474627584
RNF145,0.36783230089250224
ATP5PB,-0.11482272969288744
USP2,-0.874655913212191
KIAA0232,-0.026822095839100415
WTAP,-0.2701124925928935
ERCC6,-0.7277005070920305
MYO6,0.033971135296661535
RPRD1A,-0.3881333917775646
MCL1,0.2136424986673855
NR1D2,-0.3075662240830169
YWHAZ,-0.8042532537890329
SERTAD2,0.0013168096729868472
SUN1,0.010629541220093897
RB1,0.2759603637995434
PHKB,0.3848653990337715
MED13,-0.6789518842167142
GDE1,2.0697890095301603
MED17,-0.6435963684799967
FEM1C,-0.5480768715510153
AMD1,-0.035428394452993
CDC42EP3,0.19766025677347693
VCL,-0.16907909854549105
AP2A1,-0.5719514127960719
FYN,1.5079969983535624
AGTPBP1,-0.2753838582810666
PHYH,2.4656593524801176
ABI1,-0.3782642020612896
AZIN1,-0.05710235594714428
GGA3,0.10123454200154305
ATP6V1C1,2.1852172094700695
WWP2,0.002358019132640424
SLC30A9,0.09068050065061856
ATP2C1,0.12474298949903512
KIF2A,-0.7459717845918221
MYCBP2,2.384645184976974
CALM1,0.7359400596205037
GADD45A,0.0969241747848218
CCDC91,0.0027737960735494138
MAP3K5,-0.3382746267314969
CYP51A1,0.12814956770935043
AZI2,2.635021963825998
AUP1,0.2319980746995726
TNIP1,-0.14025324362333808
PNPLA8,0.1747851564286089
FNDC3A,2.3236242809368544
USP33,-0.2841699576208523
MAN1A1,1.6769171993211427
SMPDL3A,3.620018120254911
CNN3,0.31597915815475924
AKT1,0.871947330113
PTPN12,2.623935371163803
KPNA4,-0.5800009863769888
BMPR2,2.4904927882559704
PNRC1,1.6072740524744462
YME1L1,-0.14841857541485792
HIF1A,1.6876627280166605
YOD1,0.30859792004140973
FOXJ3,-0.6691929729024496
MATR3,-0.6412126082682312
ARHGAP5,2.3371177224588315
SEPT7,-0.04153360449378031
ACADM,-0.16918833255673893
SUCO,-0.004052862792173457
FNBP1L,-0.3957578677269087
AP2S1,0.6760481683243563
EGR3,-0.5840949386533227
JUN,1.2202639974831107
SECISBP2L,0.16255064953182283
PLEKHB2,2.9289397096109266
USP15,-0.4124385245097842
RNF139,0.07893066028144832
PDCD6IP,1.391154160290133
EPN1,-0.5056605732698787
EPN3,-0.5849580388520518
EPN2,-0.402349079067162
TIPARP,0.2888822317323281
THOC7,-0.47588269017717866
CAAP1,-0.1787256211547325
ERBIN,1.3120184262674461
TPRG1L,2.3387881393954806
CTBS,3.1802810112121898
PPP2R5E,-0.6189850748907079
PPP2R5C,1.6767553508227435
EIF1AX,-0.20864458778724385
GNG12,-0.9220165490579015
CHMP3,0.7201537614760272
CHMP5,1.4714008366698879
SNX16,0.17210861435713562
SERP1,0.9570590994859256
PGBD3,-0.23525511782282893
STAT1,-0.176023669999234
HPLH1,-0.18527558737174865
PSMA5,1.2345473407260976
FTH1,2.348867487186443
MORF4L2,-0.37912195570338114
BNIP3L,1.8600843964610958
RABGEF1,-0.04483817069262612
USP5,0.11410175184096581
RAB1A,1.536553459483253
TOMM70,-0.2465811076186079
EPRS,-0.40063907915745073
EZH2,-1.3940291987125184
TBL1XR1,-0.5098313018929115
TDG,-0.5817250183409565
C1orf162,0.4640967749721493
PHIP,-0.6201887421737247
STX12,0.4289804836812192
CSNK2B,1.5315981811659132
CREG1,3.49351403309264
JARID2,-0.730659321194438
BMPR1A,-0.4252206665288182
PSMD13,-0.455551578135742
RB1CC1,-0.4897446755908221
ANKRD12,-0.554758077092863
EIF1B,0.09964099196197251
NAP1L1,-0.7708579425778718
CALCOCO2,1.4255177646421657
BNIP3,0.2215837524395138
ATG5,0.009152271934029552
ZNF350,-0.9478975779913251
ANXA1,0.4594221804385963
DCP2,-0.5042641855316308
PIGK,2.5370076595693183
TP53BP2,-0.652650918574892
GABARAPL1,1.2756568249415972
DUSP11,-0.13367932030884006
TAX1BP1,2.5059685497504494
TSPAN3,2.70670710497217
HBP1,0.31648724749604773
TOM1L2,2.362988213785114
LAMTOR3,0.2967253172138326
TM2D3,0.4030796485179695
ZRANB1,-0.9766807797453562
CRY1,-0.463964011509398
ZFAND6,0.09105658672673027
CREBL2,2.5730014120051967
LEPROT,5.000415502294283
CDK2AP1,0.19273650009190865
MBIP,-0.4724174250819028
STK17B,-0.3937434351325395
RSBN1,-0.7390322812303971
MFAP3L,-0.7584691869291859
KRAS,0.5915380606147072
SEPT10,0.47098713981347173
ISCU,0.516034037494476
SOCS5,-0.31133196470921126
DDX3X,-0.5363978412153245
ENPP4,2.813298853673488
CSNK1G3,3.119996825846065
VAPA,0.930323163636951
TSPAN5,0.057710936735126575
ABHD3,0.43379997259849845
CSNK2A2,-1.0391858360319763
TWF1,0.252210900175921
PCGF5,0.6529550518069078
EIF4G3,-0.11214453649640596
PPP2CB,-0.23912557949936578
C6orf62,0.3639722664762739
MARCH11,-0.657174050293096
MARCH10,-0.9935289654567219
ACSL1,0.36156434652331826
DNM3,-0.4817484029258924
ARID4A,-0.7104042181502026
CD2AP,1.8671097228641214
NCKAP1,-0.36691916054936047
PIM3,-0.4722610723302403
CHD1,-0.8601177890686309
POLI,-0.4232877825534085
SRP19,-0.021224035746165597
PTS,0.5496313852609779
TXNL1,0.07523834539670136
RAB7A,0.25847227617515295
PIKFYVE,-0.36873311222103394
ARPC3,0.7447965742041947
DCUN1D4,2.2588829879714227
EIF4E,-0.5726048600933082
PEX3,0.23500654175888655
LEPROTL1,2.6561056086660577
TAF1,0.9632159819071409
SLC25A48,-0.9003433474888825
GCH1,2.0789581226786895
ITM2B,1.8556909457647466
RNF125,-0.7729927225643396
ACTR3,-0.3185569533825122
BTBD3,-0.1628176211901549
AASDHPPT,-0.36652375517013924
ARMC8,-0.4143295403858753
GNAI1,-1.0291389067527472
TNPO2,-0.48072972979806505
TMED5,0.7702917043485201
TBK1,1.635537564298274
SYVN1,0.4271022393561257
NFKB1,1.2463092791276162
MAPK8,1.3715768389788396
SNRNP70,-0.5444611204750985
RAP2C,-0.2809817856540393
ASH1L,-1.2735916255197903
GGA1,-0.10340609960631653
GGA2,0.09355095742745885
TCEAL4,0.3616359999391116
TRPS1,-0.9270448229874739
ADH5,0.1675146348403004
PAIP1,-0.29297286604420786
STAMBPL1,-0.42038957199231525
KCTD3,-0.3398285900996427
CD55,2.339023761940863
RIPK1,1.677718943671857
ELF2,-0.5837381173918481
HIST1H2AC,-0.6670723619918569
YWHAQ,-0.639896379699966
UBQLN4,-0.551809989754055
CCDC127,0.24163349156397881
TANK,1.8516702784808594
PGRMC2,0.491469631241098
TRAF6,-0.2542547794033577
PDIA3,1.5386869417425608
GTF2H4,0.003994229794927176
TNF,0.3340982127893979
TVP23B,0.38101329730165756
NDEL1,1.6506774046728485
USPL1,-0.7210573634312034
MXI1,-0.21915708691772592
RNF168,-0.7243687728551762
TXNDC11,0.5880206835370781
PTPRC,-0.09430291395431593
G3BP2,-0.3044180715073754
RYK,-0.10966474028822248
SUMO4,-0.5905165050771485
TYK2,-0.4792317633565436
NCBP2,-0.6297999825510906
NPC2,8.302497853677139
ZSWIM6,0.3206749263413213
WDR7,2.34340433177197
SLC38A6,4.6845681604989675
C2CD5,-0.5001910593955178
FXR1,-0.4536166072736622
PIK3C3,1.625651701677316
FAM172A,0.09805953179135363
TRAPPC8,0.8454439549984888
GTF2F2,-0.8054601171013479
LITAF,2.6988217053544505
SPPL2A,2.5340209439431765
HSD17B12,1.5295070338100798
HSD17B11,1.5445348504468128
PNISR,-0.7414962079315724
HSP90B1,2.911015763987492
TPK1,-0.051040835264487515
GPR137B,2.795975919733788
BAZ2B,-0.5973406803680094
IFIT1,-0.10611179094016951
UFSP2,0.3465228825316816
BRIP1,0.10875426141447204
XPOT,-0.17339943753531453
GRN,2.9075855411248326
PLXNC1,0.0023118248336104533
MTCH1,3.381110877755003
PPP2R5A,-0.5008106881946791
SLC38A1,1.1183459469926718
IGF2R,2.3969326225534817
LHFPL2,2.953234677830903
NCOA1,-0.323671804764491
TNFSF10,1.3803194160935839
SMC3,-1.0762623234294106
NR2F1,-0.6000665319097674
SMC4,-0.9471591234162381
NR2F2,-0.4350927539065216
AP3D1,0.2981644248440198
SETX,-0.5219311006440142
PRADC1,0.11771470687321772
ZNF83,3.2317991092628455
RAB11FIP2,-0.5031889314233249
ZNF638,-0.8351343063422425
MAPRE1,-0.6138218862131997
FGL2,0.8820362530578643
AP1S2,1.5749325113476258
FMR1,2.203565045953111
SGMS1,3.8708247088357357
GYG1,3.783607157522831
DPYD,1.802710780522534
PSMC2,-0.32270923353726216
FOLH1,-0.5895455220258918
DMXL2,0.005034099411020472
EXOC1,-0.35568927578598897
MTUS1,0.3934338614102036
RAB29,0.8354390371975042
ANKFY1,-0.4709983485393538
HEXB,8.19913442815699
OSBPL8,2.1090732177705935
ACBD3,1.758141215013474
ATP6V0E1,2.5895605055510686
VRK2,-0.5020931835342093
CMTM6,1.0628909744725699
TRIM13,-0.04730429091417244
FRYL,2.044998182351969
PKP4,-0.48887200815327164
NAALAD2,0.3223550487941503
RBM47,1.053869719815404
GINM1,2.654526416409596
NABP1,-0.27356208703237017
SCGB1D1,3.20833812545186
RAB5A,1.547108170628931
RGS2,0.08150446709331953
REV3L,-0.5949554361853228
EDEM3,0.39400108523435756
SERPINI1,0.10725223826801221
CEP350,-0.7079928348820994
GATAD1,-0.16370976301959872
CYB5R4,0.3037833165289477
SNX6,3.0747316200563404
IL10RB,2.649120407135491
SNX4,-0.023594161367847373
MTDH,0.042098404355668494
GCA,0.4498369795326818
NLRP2B,-0.021092000632950542
MANSC1,0.2044679339729369
HACD2,0.3739908692326922
HDGFL3,-0.21283452357794605
DOP1A,-0.38669198312038633
MEF2A,-0.37764078230170467
KDM3A,-0.4133472608857317
SSB,-0.5629161330850329
APIP,-0.1330860496911178
TMEM135,0.6645833195605859
CNBP,-0.3057099629779272
CBX7,-0.12902442352620055
TMEM165,0.9170974366628708
COL4A3BP,0.35082596110057673
ALCAM,2.307942531261073
LYST,-0.0587383691625798
PPP1R12A,-0.6941216153475509
MTMR10,-0.5363804314611794
TET2,0.21423634601121758
LAMP2,4.103804564559085
LAMP1,3.92989208998559
BBX,-0.38008961162710964
LRRFIP1,-0.2162014224750252
STX3,1.6960921005095726
ARHGEF10,0.05322790475751717
VMP1,0.7390223193676967
PTK2,-0.5940637731958022
PHF11,0.08754692486558453
USP1,-0.8246506367246392
SF3B2,-0.7526767091861591
PLPP3,2.7783000897122605
AP3S2,1.0058500736133922
CEBPB,2.0364153204485924
ASAH1,4.0594649532807585
DNAJC13,-0.025525521942736277
VIPR1,-0.4914390164723499
SNAPIN,5.670362564043071
ST3GAL6,1.106795989483425
ACD,3.517437435023891
NBR1,0.15582040555075205
EAPP,0.08966385309880305
SEC11A,2.348244994184827
PRCP,3.1171891692618705
CHST15,0.2583677423977432
SSR1,0.66566931369939
VTI1B,0.6666081777705455
PTCH2,-1.0395786333221322
PTCH1,-0.27338406126484033
ADD3,2.481392184298126
SLC9A9,0.42693453895725003
TXNDC9,-0.15133144217688718
N4BP2L2,-0.48120320205693884
GGPS1,-0.1301344309596819
NAALADL1,-0.23274991352540447
CALM2,1.3999606796621218
SPOPL,-0.3233536649107522
CLN5,3.1704063634316966
RNF133,-1.1214619470019749
DCX,-1.3029577137233985
MBNL1,1.7214955660082858
MFSD14B,1.6281693454539707
LUC7L3,-0.7502917743053238
TMEM260,-0.4270968955403454
CTSK,3.0701077529188003
CTSC,2.3909413732621427
CLCN7,1.8914102134405741
RESF1,-0.3083861626871467
DICER1,-0.9579315908546902
USP32,-0.5577926847947358
CTSS,1.6533870673191282
OGFRL1,0.6960437172064186
LIMA1,-0.24511408877947966
COPB2,2.145690602012955
MED28,-0.3378273561118119
SKAP2,4.030422773147672
DOCK4,2.4832055240019986
DOCK5,-0.1968335796399909
SLC31A2,3.7424864324171434
IFNGR1,2.0656087132554397
TRAM1,2.218645565795814
GSAP,0.3241240740024235
TFRC,1.9664694964786893
DNAJB14,-0.37289184707092776
B4GALT4,3.3407310428649515
TFR2,-0.44843434976179974
PARP4,2.7705246393642153
LMNB1,-0.7878523818078995
MED13L,-0.5289592770538392
ZNF148,-0.6451651013022616
PHF3,-0.6206482459281796
NAMPT,0.17615881878546352
NSMAF,2.3256935958256144
CD9,2.0872291872186057
SNX10,1.1169597956248682
RAB22A,0.4181604791035427
ERN1,-0.9860988995937299
KIDINS220,0.5663224113753875
LGALS9,1.6336462253301798
LGALS8,3.487840694857527
FAIM,0.2846891812993988
TMEM87A,0.826709575173774
SGK3,-0.6833577049441891
CDS2,3.1507518515217368
IL15,0.9321341339171307
PDE4B,-0.22385856065795803
MFN1,0.12721780229310234
GNS,4.360120525819455
MAP4K5,-0.8838926258222545
EIF5,-0.07855573454177095
MOSPD2,1.9193036711512728
OXR1,-0.09366263542996636
KRCC1,0.07795336268243028
RBMS1,3.486395067981804
LTA4H,3.5907195987846636
EBAG9,0.32233580759395775
PLEKHF2,-0.16079865766629767
UVRAG,-0.2876220796716039
SMARCA5,-1.004238756444815
DPP8,-0.12010328726205494
ATG3,3.212880605200144
GBE1,3.1773712346024805
FNDC3B,3.4291126021942326
TUT7,-0.25160044786702707
SLC44A1,0.7439811649833974
ANXA5,3.425399055151774
CEP63,1.6740519177474855
CLEC11A,3.2389632135746456
PIGP,0.795836081371807
PCNP,-0.2126765683643197
TMBIM4,1.731709891257775
TMBIM1,3.2615023370844125
CASP4,1.1963715442854443
CASP1,0.6348211804597931
CPNE3,0.8010529307675981
PIBF1,-0.7099771115736057
WASHC4,-0.03078949223316598
CHMP2B,1.9572799429554408
LY96,1.9359743043957294
RO60,-0.18402576200852194
SPINT2,0.29333886806064147
PPT1,3.7147511920950915
RBPJ,-0.501043915753186
PDE8A,3.1951023715592903
ERMP1,0.17490334358197301
GOLGA4,0.04963382119153562
UBR5,-0.5433823989371884
SAP18,-0.20528590671580482
LYN,-0.05074167841260733
FNTA,-0.09622219905881212
SPAG9,-0.05077613542304606
OSTF1,2.776400526643096
TLR1,1.5082679040148832
TLR4,1.821127881863261
RNF5,0.11481983788128473
MACF1,1.9462226577449466
HLA-E,0.9342842245084088
GLUL,2.327966440846516
SLC25A36,-0.4362820638344404
KLHDC2,0.013361726182232522
PDHX,-1.1234261692245804
LRRK2,-0.48776876349483433
SCAF11,-0.29642024298789016
ZBTB38,-0.027535792375279665
SPATA13,0.045848099630464205
TTC3,-0.21968136560388493
NCOA3,-0.9044067964695619
STAG2,-0.4991296609712529
RHOQ,-0.22686176467032917
PMEPA1,-0.711219766209728
ABRAXAS2,-0.3588346344985337
RECQL,-0.07608593316042633
DENND5A,2.8146725760035407
ADIPOR2,4.107454077197801
PXMP2,1.554738917748206
PEX2,0.37486127029838534
PLSCR1,0.9244460447064718
TMEM50B,0.8962628173285758
TMEM50A,1.5948880389219147
TSPAN31,3.155469535806736
IPO7,-0.614747588913252
ACTR2,-0.544760301990815
CIR1,-0.4398406283103502
BTN3A3,-0.09657751312945663
SMCHD1,-0.4264652538718722
LAP3,1.3399488900491254
POT1,-0.7197968302434983
CCNG1,1.7944200455790844
CD302,2.3145470693349965
NES,-0.20700654490344145
FNIP1,9.339720439297778e-05
NAGK,2.766596186483457
SCPEP1,3.9315174581822987
ARTN,-0.6176698750079653
SLC35A5,2.9601987601019797
LRRC8D,-0.42157124787575523
SEL1L,3.0999581483953373
FERMT2,-0.19200919523633522
SOS2,-0.1512446292827167
KAT6A,-0.8149772676370989
GLB1,7.2795233555716825
STAT5A,-0.6650574588924838
SQOR,2.730089246033226
ETFRF1,1.2180082019951899
TBC1D15,-0.287444933542579
SLC33A1,0.1956495854591616
ADAM10,1.9014923889352364
CD63,2.4494554622344027
P2RX4,3.9585936175869003
PAPSS1,2.758584366913125
VPS13B,-0.32709560096212675
TMEM106B,0.24143612865467454
RAD21,-0.884361952470782
ACAP2,-0.1539753010636696
EVI2A,2.1199508507069544
INPP1,3.740478331524722
RNF167,0.9641882401257363
TXNDC15,2.4216558736188545
ATF6,0.4118002598967117
REM1,-1.016111051209767
NYX,-1.2114741901613126
JPH2,-1.1771360455430204
MXRA8,-0.3967100047039878
DUSP28,-1.2414539107192897
SAMD14,-0.9719802129715384
GLP1R,-1.2610270159565908
GPRIN1,-1.4830139955782893
NPR1,-0.7199943458887289
ARHGEF15,-1.1011717492451785
OPN1SW,-1.3972093925357487
SP1,-1.56026508980811
CRTAC1,-1.2810487942063753
MUC6,-0.2067911271450815
CYP3A4,-0.5773870823416521
RAB40C,-0.8826592598807118
RAB40B,-0.32901352468341816
RAB40A,-0.29275335916865747
F7,-1.2876324327324566
RHBDD3,0.01406236519715421
ERCC2,1.3883899356069185
ZSCAN12,-0.4767739881866002
RASGRP2,1.4303099923678644
GPR12,-1.3492374230688953
ELAVL3,0.7715701282793888
LRIT1,-1.5099674167826187
RAB6B,-0.5629231170116544
RAB6C,-0.054992786325330355
APOA1,-0.4872839154843879
SOX10,-0.8925636537118524
CETN1,-1.5882789185204393
GRAP2,-0.678063556885114
JAK3,1.3931299592449513
RASEF,-0.5733034042982457
GRM4,-1.4444975064547056
TBC1D29P,-0.9588014347327154
KCNIP3,0.43130241451470896
GRM2,-1.33061526998544
PDLIM4,-0.2987052349550269
CACNA1H,-0.9620275444741959
PDLIM7,-0.3436908997497688
PDLIM1,0.025756300023915612
HOXB5,-1.170885852325533
PPARG,2.43298432075327
IRGC,-1.0198776808343553
CNTFR,-1.121656552414213
DSE,2.1994638043252444
SPAM1,-0.7064868670809887
TACR1,-1.130547205244357
CABP5,-1.6125971250452045
SPDEF,-0.6605838735274262
CABP2,-1.1476262499061076
INS,0.1202317622678767
SLC22A7,-0.7491619956628486
PDE6G,-1.3582355750920894
PRDM8,-1.392033453274002
PRDM9,-1.860372743494836
MYH11,-0.8482936940999722
CACNA1C,-1.078777904610985
RHOC,0.7977395886526093
RHOB,-0.4778422004406091
CACNA1G,-1.2523063294597747
COL2A1,-0.595318536475455
HIC1,-0.7342915730098629
ASPN,-0.45752327490081285
MUC5AC,-0.4973457375665518
BUD23,-0.5780115120950982
ADGRB1,-1.314060308482851
ART1,-0.9910533543246576
ARVCF,1.0034801604982904
SULT1A4,0.03978851493718152
CALB1,-1.2867863958638606
OPRM1,-1.1639561310266557
LTK,-0.9186215995509202
HCRT,0.8034539391646712
EDA,-0.6575203718909454
ALK,-0.7452621482199769
GSTM5,-1.2015557854853502
NTN3,-1.283663657203611
TAS2R3,-1.330828485910065
ADARB1,-1.0602737080339333
SSTR5,-1.3926937579363907
GLS2,-0.12469901053126302
CDC42,-0.9910544930097475
TOM1,3.041097133604379
ZNF205,-1.1250872803620298
NGFR,1.6304474795092725
C3CER1,-1.542738244854339
ERAL1,-0.5695037612429948
GJB4,-1.3691540835748388
ACTL7B,-1.522378991616577
ACTL7A,-1.4363339472458565
KLF2,2.591715921125994
PGPEP1,0.8971636747303035
GFAP,1.6116126067084537
KLF8,-0.7178717231886198
NANOS3,-0.6236999145300823
NCR2,-1.3261389588666455
SP5,-1.408549957567757
CRYBB1,-1.144932081683806
TRIP10,-0.34825696280133084
RAB20,0.5261966285733101
RAB24,0.16076756449021598
ATP4B,-1.1668171755352714
RAB28,-0.273151681278709
CA7,-1.0880485059638618
MAP3K10,-1.5184744948905382
RND1,-0.7739753747878096
FUT5,-0.6609634150855447
RND3,-0.3621774047260888
CHRNE,-0.78876154286368
TGM1,-0.5482012358250675
LIF,-0.5760826993137033
TGM4,-1.5833937463732501
RAB44,-0.2187785430273791
TRIM17,-1.3910900440464073
SFTPC,-0.8395749781786357
SPTB,-0.972029827232547
RAN,1.3648395989595015
DHRS2,-0.4456221954148675
ADRA2C,-1.2349596389650055
SLC12A3,-1.030871778552924
STRA6,-0.5608010871980288
LDB3,1.0799248844779585
KLK2,-0.9672820620640418
NRG1,-1.3724120820873458
SNAI1,-0.6186038969952347
LRRC4C,-0.5290636818744705
LRRC4B,-0.9889720653118037
GH1,-0.8658006573530915
AVPR2,-0.9133728725361752
RFX1,-0.7377235064294388
CSF2,-0.6591190965515547
RHOD,1.3624353849641562
ARHGEF7,-1.0306214044243667
FOXP3,-0.7760717231472802
NGF,-0.9110409434531497
COLQ,3.086804606643093
CNTN2,-1.4770852579190876
LTBP4,-0.19015358990842238
LAMB4,-0.2215198211867872
MARCO,0.13454147762752613
CFAP410,-0.3707126436509628
CYP2D6,-0.8527891745387901
RHAG,-1.1383650855358978
INF2,3.5641891294106425
LRRTM4,-1.2526209562848625
LRRTM1,-0.4556375510679131
PRKG2,-1.3359217001096941
CLDN5,-0.2763804659493992
PLXDC1,-0.559506119935376
MAP4K2,0.5428371543172067
CCDC9,-1.041773417533376
AFP,-0.6116570728989943
TUBB2B,-0.610686875962482
MGP,-0.3562655605613451
ATP6V0A2,0.345229029489808
ZNF114,-1.5366382347288288
PROC,-0.761330950328321
GUCA1B,-1.4036777086832863
ACTA2,-0.46898712004081855
PDGFRA,-1.1586326697830556
ZNF335,-0.5369190024042975
APOBEC1,-0.6794000539110352
CHAD,-1.1340591320762188
ZNF234,-1.0357854677767886
HAAO,-0.39641484033437707
NHLH1,-1.5669144039472693
FLT4,-1.0025011222017384
CACNB4,-1.0378317854644032
KIF19,-0.4762028234470388
ATP2A1,-0.7991543663906897
MYH2,-0.8517992357523153
S1PR2,-1.1294575946102674
TPM2,-0.47981594900147234
TBX10,-1.1007989897351118
MB,1.7243680013289395
PRELP,-0.6417078551910309
RAB15,-0.4144165681854572
HNF1A-AS1,-0.07620536705438759
HAO2,-0.7885165203822859
FGD1,-0.14404607001780542
NTSR2,-1.8363569350209867
AGAP1,-0.2322908241610888
AGAP2,-0.8941668479667129
AGAP3,-0.15820811473637325
LINC01565,-1.543448600660799
COL17A1,-0.014544095476858983
SLC22A18,2.7680035801525262
OMD,2.5845475092523875
HOXA6,-1.0594233269790942
OMP,-0.796998761417419
HOXA3,-0.7131677676485865
TUB,-1.1878567926457935
TGFB3,-0.760689690395704
LIMS2,-0.5361774173077007
SLC5A5,-1.0799927680042973
ECE1,0.3232448729766741
RABL6,-0.6606583082916998
OPRL1,-1.355322770391632
SCARA3,0.36897343956039264
RND2,-1.1156072029779913
C11orf16,-1.0077244774606222
YWHAH,-0.7392063649301543
OGN,-0.31254893678988893
YWHAB,0.2633839591861987
YWHAE,0.19776893252372704
RAC2,-0.4240484289707944
RNASE1,-0.024274424293890318
CROCC,-0.7238563172585475
PRKCG,0.580602687892752
TANC2,-0.6508169562398034
CES1,0.16930474176160665
ARR3,-1.328480978306967
CDK20,-0.6105265376630399
GCGR,-1.0990105994224943
CYTH4,1.9268070731911189
SLC16A8,-0.0592282353229287
ZNF157,-0.9527598128923871
NRL,-1.2247273024045078
TLX2,-1.0137052537093745
MMP2,-0.2990339577292431
FGFRL1,-0.6359930655875047
SLC6A7,-0.04630006833448168
CKM,-1.1151873337837803
SYMPK,-0.51974778453021
CD34,-0.6047577676439885
BGN,-0.08155243251079415
GPER1,-0.8633670885532735
MYL7,-1.4082851022713996
MYL4,-0.9870412638455779
MYL2,-1.1247435921011641
AXL,-0.21780933247088793
KIF2B,-0.9884955433078935
DCN,-0.3029434313092113
COL11A2,-0.8279561254394163
CACNA1B,-1.1760592770688023
CNTD2,-1.4561791636083803
ACSM5,-0.39574275319168933
THRA,-1.0549971424378974
GP9,-0.9951501879647925
FMOD,-0.669247526466309
TRPV4,-0.2874964263991361
EVX1,1.0541799289614835
LRRC3,-1.3233834762645895
PGAP3,0.22365848966556093
FGFR4,-0.8660074010636766
MORN1,-0.9501191379778899
ADCY1,-1.5894427378325793
PLD2,-0.0712566388598224
ZNF516,-0.8081529132157551
RUNX2,-1.2402506344064017
IHH,-1.274970367946993
RAB42P1,-0.3602906929198725
KCNIP1,-1.4729584664423705
PPIAP10,-0.8163877247596172
RRP8,-0.856910214769134
GNAO1,-1.7373888996223563
CRX,-1.361750885065635
DOCK6,0.058985839127188106
NTSR1,-1.2661946985123524
SLC5A8,-0.2613129848786111
SEPT4,-1.1590420902760599
ICOSLG,-0.655263976494481
SLC9A3,-1.2694900884038463
PPM1L,-0.9555851979024672
MALL,0.11271975730421346
NPPA,-1.2104303902741675
EPHB3,-0.9424639333903189
PLCB2,-0.8284213098600238
EPHB4,-0.6141789622476792
LARGE1,0.03508204050361794
VGF,-0.9951621290079268
DDO,0.18555524820887395
PAX3,-1.2991693098868393
BTNL3,-1.0021407947962655
KCNQ1,-0.7421940920491678
DVL1,-0.9717704379273524
CDC14B,-0.5875812995898978
AGFG2,-0.8210432990727412
AVIL,-0.5571803392999022
HMX1,-0.9330614168021164
OXA1L,1.382473368367409
ILK,1.2514221479953314
MYO1A,-0.9854532108921044
ADIRF,-0.16277282958195524
ZNF536,-1.3413131134360297
CHRNB2,-1.0984578389221473
CASR,-1.1022011945638923
COMP,-0.16940973348567187
FOXD3,-1.3474405163957617
SLC26A10,-0.836799278046745
GHRH,-1.3919715609857108
WNT2,-1.0092280678111556
SLC30A3,-1.380415681106394
IL13,-1.1738772152706574
LRRN2,-1.303113646080975
ADRB3,-1.1311134387390287
CACFD1,-0.08347822516893585
ZNF407,-0.9162661691265935
MYO16,-1.3713475419730057
PDE4C,-1.2187267438648048
ASAP3,-0.13520636387399212
LGI2,-1.4498380076308732
BIRC7,-1.0854996068233298
MMP14,-0.36190608957032866
LOXL2,-0.28898183703103364
MAP2K2,-0.4620687184403282
NOCT,-0.9820891370916008
MAP2K5,1.9810577540380605
TEAD2,-0.8242568495236269
RAB3IL1,-0.9310875776492445
MT-CO3,-0.256304332834969
AMHR2,-1.328328224813722
AMBP,-1.034445683712126
GDF5,-1.354712592885715
ECEL1,-0.7074983723147537
SMARCB1,-1.0088637261580928
STAC3,-0.3139842460765914
OSR2,-0.8547187072883774
RHOBTB2,-0.7306375771328878
RHOBTB1,-0.5537639091067571
INO80D,-1.036611659902588
LOC105369243,-1.0043531690862197
ALPP,1.8605245956225236
MOG,-0.4977424830479081
DRD2,-1.4053015227583567
ABCC8,-1.2055401682716387
COL6A1,-0.1093911670690026
HTR1E,-1.2772057360761808
ALPI,-0.06020832738223432
BCL3,1.1026864323383427
ALPL,2.3337483013420512
KCNE1,-1.0342904541272695
LUM,-0.18263804952071414
CDX2,-1.23247458661674
MC2R,-1.3066611976635096
EPX,-0.7938400676402066
BOK,-0.5327907584054932
CACNA1A,-1.1905848119223796
KITLG,1.7015998189510049
RREB1,-1.1973925324244852
MMP11,-0.7441350940542147
RXFP3,-1.530895482568212
MICAL1,-0.08706213192611802
PDE7B,-0.9446896176851001
EDN3,-1.1814329840228348
EDN2,-1.0220699174858914
ZNF444,-0.4737086347949754
ZNF362,-1.1682883936140953
CCIN,-1.3312701681630759
CAB39L,-0.39669167537497146
TREH,4.393262586623429
ISLR,-0.1358444502586537
GSK3A,0.28137960788936417
HUNK,-1.5395278280729194
ULBP1,-1.282726496852107
MYO15A,-1.6398959080301108
CSF1,-0.3541303462693405
ABCD1,-0.5391758898282829
TNXB,-0.6455722993913959
PIK3R5,-1.2226050822405738
PIK3R2,-0.7203189357796397
NR5A1,-1.0475461973181328
SLC14A2,-1.0775104404323292
RHOV,-0.8408475323738008
RHOU,-0.7235987386114658
RHOJ,-0.663440682575651
CMA1,-0.2354264910491886
RHOH,-0.801458378553886
FGF7,-0.7468418311519898
PTCRA,-1.0847879442857453
RHOA,0.8435870926532784
RHOG,0.5569425625321169
RHOF,-0.6639506920229232
VCP,0.631561527730977
PLSCR4,-0.41731912287484263
SGCA,-0.9044596710937546
LRRC19,-0.6344247751419413
LRRC17,-0.6697648667998559
HOXD13,-1.1309852541025147
PDZD3,-0.6634404834206359
MATK,-0.8226891474899012
CLDN11,2.6500617041972583
EFCC1,-1.4043764725436194
IKZF4,-1.329642539239995
ABL2,-0.8780748517893675
KIAA1614,-1.3062550661338028
PCDHA4,-1.256489575242025
TNN,-0.5756904975588288
GRAP,-0.4748273664051731
CACNB2,-1.3783902045668683
CACNB1,-0.9806253717835048
OBP2A,-0.7128746934934385
TEF,-0.8368303461797645
GP1BB,-1.39489044668243
FGF18,-1.2486007554345122
PDGFRB,0.5646182449057436
PDCD1,-0.753971622541359
TBXA2R,-1.0691988858157548
RAB40AL,-0.23873539895148085
SMIM6,0.0436593273724832
SYDE1,-0.8536372956712165
FEV,-1.2106190924454334
ACHE,-0.5763322732664583
PRB3,-1.2109620738048623
TNFRSF13B,-0.4588770584435664
CCL19,-0.8149177187899042
ZNF528,-1.0979279145947833
IGFALS,-1.134918542291164
IFNA4,-1.5944778606642234
PRKACG,-1.7670901013375222
PTH1R,-0.8915917539205156
LGR5,-0.9722402556843731
JUNB,-0.22761054496280342
GNAT1,-1.3419615464314087
GNAT3,-1.3389887340267808
P2RX2,-0.7471536619640999
P2RX6,-1.220425607925858
AOC1,-1.1776332427994503
GLI1,-1.1335549752006375
SMCP,-1.9883545564509642
HSD11B2,-0.05067351238953359
PDGFB,-1.0507170981563563
ERVW-1,-0.2811011114535417
TNR,-1.2174489664656054
PDIA2,-0.6140135387314093
EFNA2,-1.183146736105286
GGT2,0.16160133785364653
SULT1A3,0.6296352038146714
LRRC55,-1.3961529049279469
RTEL1,-0.6279272890643025
SHANK1,-1.3733262897510192
PTPRU,0.09486893713881808
POU2F2,-0.8600862420099809
COL14A1,-0.3994196917390661
GNA15,-0.8207160797845936
GLYAT,-0.9420370808393426
ACTL6B,-1.4871976736521408
ZBTB47,-0.5945748359601133
CARTPT,-0.6544518902992738
SIGLEC7,-0.2980931868103826
MYO7A,-0.6345235850007481
WNT11,-1.1734918879182714
REM2,-1.0449086136092298
STX1B,-0.7029374368256783
MYO1H,-1.2633932004663717
NF1,-0.9929989009952965
IQSEC1,0.46862453099592094
IKZF3,-0.8256038709254496
ZNF143,-0.3818609425801841
NANOG,-1.1681113479539684
ZNF354C,-1.0834068843446825
ANK1,-0.9379374458861193
ZNF221,-1.2512758846701768
ANKRD30A,-1.602445410265913
CYSRT1,-0.4902533823539685
PRDM14,-1.44797955035848
RAB12,0.09451775774489736
KRTAP1-1,-0.5894179626744029
ERP27,0.49041053318052635
ZNF300,-1.577619429111853
SGSM2,-0.37881155065926375
EFCAB13,-1.4543496760343015
CAMK4,-1.1574862148357319
LRWD1,-0.9047761758255466
ZNF605,-0.9657851027278098
ZBTB18,-0.7936547389806464
MAZ,-0.839955899397404
ZNF844,-1.1342333844805483
CALML6,-0.964890234718896
TINF2,0.07448386176416809
ZNF776,-2.0962065347200323
LRRC10B,-1.3483930187574706
SYNGR2,1.5410480778941649
SEC14L2,0.7710446945451642
CMTM3,0.5167080617145918
RAB4B,0.49656580633583464
TIMP1,1.9888787174798737
MAN2B1,3.0847369895603207
ZFYVE27,1.6194943849847778
CENPX,-0.5157351724013961
PPP2R1A,-0.8196396689159721
LAPTM5,1.7447994918460936
ARAF,1.9890957417943882
POLD4,2.70455392569546
IFITM3,1.429843759404097
SYNPR,-1.227650442604318
CMTM8,-0.6253457834744904
PLIN3,2.7871127633389126
CDK2AP2,0.6429476696555172
LTBR,0.6906237354276503
INPP5D,-0.46442109748118904
OGDH,0.10464522238858587
COMMD9,2.4126291004194376
SNX8,0.4422319140170802
SCAMP4,0.3520992200855223
PSME1,1.536648735009725
STAT3,2.298341376269984
SYNE4,0.10465379886034153
VOPP1,1.3967945205574404
EIF3G,-0.1019253780082331
TOR3A,1.4581618765920603
SLC34A2,-0.46907269720683165
MARVELD1,-0.5883747683813594
COX8A,0.0823519121497966
PSD4,2.7140352834442147
VIPR2,-1.2578554314282495
PLLP,-0.4074575578960696
PNPLA6,1.2344314207562175
CTSH,3.114864312773719
HLA-DPB1,0.9542418270021953
HPCAL1,0.15156949237741763
SCAMP2,2.506576533767718
HSPB1,0.7389768001863742
CTSA,3.356262277182386
FPR2,-0.7584697638984516
PRMT1,-0.7169190404977926
CREB3L4,0.23029073883307008
IFI30,1.74786014981062
ESRRA,1.7722302276746194
CTSD,3.5406311119685845
APRT,-0.04183783799106963
GM2A,4.018183136515277
GUK1,-0.21571930105218273
SMARCD2,-0.808503230309689
YIF1A,1.2572695256447837
SERPINB1,2.480039100190763
SLC15A3,1.4536744569473201
PARVB,0.20550972748072324
RBM42,-0.31598363755435327
SYPL2,-0.019830762811677317
ORMDL2,1.3997089751772644
LST1,0.9292185934909649
ARPC1B,1.6304682419065937
EIF4G1,1.7398507961693797
SLC2A4,2.0336165575804714
TAGLN2,1.7166560322378106
TNIP2,0.04731837515728131
C9orf16,2.177164205291266
ADGRG5,0.033719392161520076
TIRAP,-0.5006022522775303
UQCRC1,0.5970028353949054
OS9,2.8389267128837825
SZRD1,0.12703267571740412
MRPL23,-0.2596780012879823
ALG3,1.055471744527855
HLA-A,1.9481657742570142
NFKBIA,0.6750131925277228
HLA-F,1.1235232023022588
G6PC3,2.1273414790836522
SLC7A1,-0.04335329801415164
RRAS,1.7282137316572763
ITGB2,1.7475760044076436
RNASEH1P1,2.5627740309871725
MYADM,0.022420516858891668
EDNRA,-0.7537206864119174
MPG,0.31652281651930414
MAPKAPK3,1.3808180314708476
CD81,1.8736359453917992
DUS1L,-0.5209814345995772
HMOX1,1.1632274760250272
CYB561,0.41832754056966975
TREX1,0.8610253661114473
SLC35B1,2.0807881671162898
TMEM173,3.8024628758622177
PCDHAC2,0.20171741336337065
FATE1,-0.7660666100254099
SYP,-0.5551129023406338
HLA-DQB1,1.1315584367940967
ZYX,0.868501313144003
CMTM5,-0.8481041621815751
TAPBPL,1.542398310341451
TGFB1,0.5469840628499492
MRPL12,-0.5473096251557663
TFEB,0.621577582650472
SGSH,3.696108877611069
MAL2,-0.5516172264931851
HID1,-1.0143199563900382
SDF4,2.004348755691643
TK1,0.5451384247404025
BLVRB,2.2130701429511794
CYHR1,0.27340885982281893
CAPG,3.1836775510661726
RPS6KA1,-0.03865795449644126
SBNO2,0.2378936868809432
ATOX1,2.2136272536889927
TNFRSF1A,2.022283182059386
ADGRE5,0.4450025452472899
WARS,1.4659699733609333
TCIRG1,2.3492591210916904
PFN1,-0.09943920396504352
CD14,1.7689577968098225
SCO2,0.3064004570677145
FLOT2,1.314632075466572
ELOVL1,1.535304436117962
SLC22A9,-0.22539012825163793
WDR83OS,2.23159818859693
CD74,1.1199314309185107
TMC6,0.0010101573993279945
MYH9,-0.060545055405761286
ASNA1,1.0397774464662628
TMEM134,3.989252829787612
PSMB10,0.9765988636507628
LRPAP1,2.9896082466737246
LMAN2,2.641773973815325
ALDOA,2.916399089197531
STXBP2,0.5470884836345857
TMED9,0.5419420387131426
PLP2,0.377937787045261
RNASET2,1.9068156148004738
UCP2,1.5949654190828813
SNX17,2.061202232717558
STAT6,1.5347341043393226
ATP6V1F,1.2891477046950757
ARF3,1.2104451303868773
SERF2,3.826352945156735
TOMM22,-0.22855186835080307
TRADD,3.210413287758074
CDC37,-0.45372821908898425
NECTIN2,0.2461989204040764
CFLAR,0.012469270863107522
POLD2,-0.38545489867346727
CIB1,0.6107199188323987
SAP30BP,-0.26742512867761403
ETHE1,3.492524591297546
ICAM1,0.6150090459702814
ERCC1,0.047437629030974295
S100A4,1.3388513450836497
NFKB2,2.0972453163188516
BSG,1.7995022302342265
SH3GLB2,0.2593158889464954
DUSP3,0.13173168252963705
ASL,1.6748474050055944
MVP,2.414718416007842
DPAGT1,1.151386174084177
CLIC1,2.3165420504825907
RAB1B,0.04493736290007691
COMT,2.376175063144152
GNB2,-0.7910494565752919
TMEM147,0.2904118746975651
GALE,2.897090020019601
TPD52L2,1.6851374718407321
EIF6,1.7964066208288894
CST3,3.1546146547387073
NFKBIE,-2.156988255452354e-05
TSPO,3.7377983606910727
ATP6V0D1,2.5444590581887345
SSR2,1.5857073861827988
ATP6V0B,1.733106597507137
CORO1B,1.1262642406175067
TRAFD1,0.0729409027513884
RALY,-0.2111725526173798
LTBP2,2.366552067783639
SLC22A16,-0.20711147102992072
MRPL58,-0.4925834808486699
PREB,1.9555978166512817
TAPBP,1.3962862752772953
BANF1,-0.3376549413482384
EMP3,1.5693889992726864
PSMB8,1.1047182078474311
HLA-DPA1,1.7837603348474524
PSMB5,-0.21602016795893308
FAM89B,0.25109953859395684
PPIB,2.1595704175980712
ZBED1,1.2367789446959117
CLPP,-0.2557947932329819
AURKAIP1,0.12784500576515181
BAX,2.966127894333199
SLCO1B1,-0.7092354133998379
GPR52,-1.3742818497433655
DDOST,3.205789575926918
GALNT2,1.5962690440950191
OTUB1,-0.20445744441882252
GNPDA1,2.2539513965654367
HLA-DRA,1.8140181972731535
INPPL1,-0.24322458389237053
PLOD3,2.631513657652822
SLC9A3R1,-0.11303997764488757
TMED3,2.3173796751201445
GSTP1,1.1426205176538564
SSNA1,-0.3292025151669486
PEA15,1.778833290427082
APEX2,-0.3618424827621224
ARHGDIB,1.6549148390845545
SH3BGRL3,2.0242092603321895
CMTM7,-0.052130924640592956
AP1B1,0.10660153425741842
DPP3,0.2675269218968501
GAA,3.5953638414692795
DPP7,1.4517091323910303
ZNHIT1,0.1556501989605953
HLA-DRB1,1.015809845641952
TRAF4,-0.7303765979219846
COPE,1.0755438277028513
CD44,2.195601884505834
PDIA4,1.727625863978971
PSME2,0.09149030127653777
CD40,-0.18394355126972517
COA3,-0.09434753902712009
MOGAT1,2.168151909558962
CYBA,1.4145684701356558
IL32,0.1727003292703846
ARHGDIA,-0.15775771475682346
CYTH1,2.1966543113283628
TMBIM6,2.976976249299492
LMNA,1.4889390266825602
MSN,1.0601914802213284
SQSTM1,0.8616243954071678
TAX1BP3,1.8939540241674946
ATP4A,-0.7548613397945592
VAMP8,1.1800891362956016
SLC16A3,0.6625732583986778
CYC1,-0.19781053315781205
GPX1,1.673166561425375
OAZ1,2.121781077578225
TYMP,2.4117040669239267
CMTM4,0.014393924120834577
UNC119,-0.20808753004452812
GORASP2,0.10449145569785738
WBP2,0.6938030203492491
AHCY,1.8371778449415996
HLA-DMB,1.0769458679207027
FUCA1,4.481631138714933
HLA-DMA,2.022091469207802
METTL26,-0.31996560167646476
SORD,0.25343249898707176
HNF4A,0.7549064664847289
PHACTR1,-0.19990657666226191
RPE,-0.5884860612365206
MVB12B,0.1943047458372884
CHMP4A,0.1163746726535174
CHMP4B,0.08872108139543544
CHMP4C,-0.3235261838239508
PLCG1,-0.7451080779752439
CHMP2A,2.106076656189861
CHMP7,0.057113980470542926
CHMP6,-0.203435345129787
VPS25,0.056589016906866435
VPS28,0.11012624425195032
VPS37D,-0.05055430210009116
VPS37C,-0.25649526791854804
VPS37B,0.034889511836631956
ADGRB2,-0.9381700634355401
METTL15,-0.9394226070401295
SNF8,-0.224656159296024
MVB12A,0.22189259949685908
SLC25A41,0.1636190625897356
VPS36,0.09300121452210114
ITM2C,3.211705284555982
VPS4A,2.1541939340894127
RNF17,-1.510295864419987
TSSK1B,-1.5404782903899874
GALK2,0.43114332158463414
SSX3,-1.2990789635126134
OR5I1,-1.533145265010328
FAM205A,-1.2629364043760456
FAM186B,-1.3112446055917606
REXO5,-1.0426509748769737
RLN1,-1.1125056844745282
MYL1,-1.0106858432332615
ADGRV1,-1.1346842916140427
MS4A5,-1.4805581010390674
SOHLH2,-1.1532293759289824
PPP3R2,-0.7322911030841599
SOX30,-1.2763155580142518
FNDC8,-1.3002945328007751
AKAP3,-1.4271013946123718
OR12D3,-1.6328909997396361
GAGE1,-1.2657607559338457
CTAGE1,-1.38231385631448
FSTL4,-0.9305328378745262
TIAM2,-1.4175194666875626
MOV10L1,-1.2461963403171072
ADGB,-1.4454240278732142
THEG,-1.3882489888395864
RBMY1A1,-1.8678063111168512
P2RY4,-1.4111762739585598
PLCZ1,-0.7439497854586866
BRDT,-1.2509399882298504
C20orf173,-1.2109938527796664
IFNA17,-1.0121003224442942
IFNA16,-1.501012192010872
ELSPBP1,-1.2816326955299528
DAZL,-1.3251773605795283
TDRD9,-1.2612310032249356
AQP5,-1.0683300927705475
FMO4,-1.1929252366885024
SYNGR4,-1.1235026649600344
SPAG6,-1.5637602761633296
TERB2,-1.2536054909108554
TDRD1,-1.2133039918092958
C4orf17,-1.0003874300522613
TDRD7,0.4498458471158013
BOLL,-1.3130400198285364
TDRD5,-1.284643729053616
TAS2R13,-0.9748244938034123
SLC26A4,0.631264725317032
CCDC155,-0.975935853713675
ADAMTS20,-1.1698614686464686
ABHD1,-0.8856200925001009
ADAM2,-0.7309675416755842
CYLC1,-1.4124234564002902
RFX4,-2.321238909450022
KIF5A,-1.5229008618674176
NPY5R,-1.363726732168808
CCDC87,-1.2216471904984338
CYLC2,-1.7202175156494277
C2orf16,-0.9905912416191953
DDX4,-1.2508429775927006
CCDC83,-0.7389015486644505
SPO11,-0.9065451878936718
PIWIL2,-1.4779160904138688
DKKL1,-1.0166344109826204
APOBEC4,-1.4970804189461353
LDHC,-0.6028445556039865
SLC22A14,-1.1747165464958103
YBX2,-0.9800008950800283
C16orf71,-1.0156264646575803
CCDC63,-1.0313209591761214
SPATA12,-1.1931895489672744
ACRBP,-1.2464517135633641
SLC7A4,-1.1953909977747095
MAEL,-0.975718167362484
SLC25A31,-0.8470711552722292
ACSBG2,-1.1026326892718932
TDRD12,-1.6621516045863611
OR2W1,-1.1379992833763517
TDRD10,-1.3423128682408951
PAGE1,-1.4709152724175296
SHCBP1L,-1.2095875365224882
OR2H1,-1.4817054229770874
YPEL1,-0.8442063448052399
TULP2,-1.4074755617117374
NME8,-0.08171966625476842
TEKT3,-0.8759530193835772
TBATA,-1.3651050984077728
NMBR,-1.2230884943704525
PRSS37,-0.23996162247207548
HSF2BP,-1.5388857445073585
RPGRIP1,-1.2817403436246864
GRM6,-1.5907329510069619
CAGE1,-0.9925019647170373
CABS1,-0.694819592801693
NCAN,-1.0105888895369373
PRSS54,-1.2098900443558986
ODF1,-1.484595940902905
SMC1B,-1.0151646162511083
SPATA16,-1.2258332259128304
DNAJC5B,-0.8447875414088385
OR52A1,-1.5470161632117445
ZC2HC1C,-0.9045128280285333
TCTE1,-1.178014707788152
DNAJC5G,-0.7816434727875354
TAS2R9,-1.309135167153768
CNGA3,-1.17477035261001
NPHS2,-0.24606810098936757
GOLGA6B,-1.217718422353996
TRIM48,-1.508772122520286
TMPRSS15,-0.20283437275683958
SLC26A8,-1.0492679376083591
ALLC,-0.7047069916658533
SPACA4,-0.01470101912871764
SPACA1,-0.9850832088640913
TNP1,-1.238902291956807
IQUB,-1.1728965116587178
STK31,-1.24487853083665
ADAM30,-0.8649652731301004
FBXO25,-0.19795612652104244
FETUB,-0.905077425264465
PRR30,-1.2476180401693797
AGTR1,0.5423269488832027
EFCAB6,-1.3569023001639677
TFDP3,-1.4659598051061755
AGBL5,-0.7099770097292972
MAGEB4,-1.342890151474971
PIWIL1,-1.4096368468441207
TEX15,-1.5528937024980427
TEX14,-1.158378902213173
GAPDHS,-0.732369030754178
HTN1,-0.5793348193335008
TEX11,-1.257418084932681
CCT8L2,-1.0880141204744989
TEX12,-1.3011888530046505
ACR,-1.0533013577495072
RFPL3,-1.5479006162570412
SMN1,-0.7173753710626302
ADCY10,-1.3928735478964454
CBX4,-0.6868050565597963
CD1A,-0.771695110178583
CNTD1,-1.144994249644988
BTG4,-1.5086259255576944
CCDC105,-1.012123146015342
NR6A1,-0.9464428424735122
RRH,-1.5379521824769062
CCDC62,-0.9956874734359505
HYPM,-1.5787613621998675
SPATA22,-1.1792191614045398
TTC29,-1.2655320987785625
CIB4,-1.2034106121856307
ADAM29,-1.2735372761583463
PSMA8,-0.7791515424592884
CRYGC,-1.3822427218921838
FAM209B,-1.267753717914513
FAM209A,-1.0591996755790263
TSKS,-1.162886635621915
FSCB,-1.2731338905420202
MSH4,-1.2561500536604133
KRTAP5-2,-1.2986363753067869
LYZL4,-1.1779661074134187
CABYR,-1.3279661968151812
RBL1,1.5296861249128357
ZPBP,-1.413973604826419
C10orf95,-1.3042742518859158
TSPY1,-1.4813241033194369
SYCP1,-1.5574265937828866
TDRKH,-1.3342273568893355
TAAR2,-1.377275664838838
WDR93,-0.9631295733870573
TAS2R4,-1.4584959140439238
OR7A5,-1.668254413202552
CRISP2,-0.854866484922123
GDF9,-1.1032725926226674
PRM2,-1.207979834902698
CPNE1,-0.9509920792961537
IFNA14,-1.4834517696175709
PDHA2,-0.9705953050308083
MORC1,-0.9756790000639597
BIRC8,-0.8403870265895542
TEX33,-1.333684305487515
PZP,-0.9745303782181196
LDHAL6B,-0.8406810320667186
IL12B,-0.8166707228571457
TEX35,-0.8781895802835792
TGIF2LY,-0.8363213118576638
CLGN,0.05616700291652885
WDR87,-1.2281843393559966
ACRV1,-1.6600937401906244
SSMEM1,-1.1629002105944755
MAGEB1,-1.1862146855435407
SLC5A7,-0.9562873071966931
ADAM18,-1.3380001197787375
CLPB,-0.5210185581569856
ARID4B,-0.8542073180715766
CCDC169,-1.6333337090422488
ANKRD7,-1.2644728898662305
C20orf141,-1.2651446084823244
TDRD3,-0.4623702701576428
UBQLN3,-1.3167577529515468
OLAH,-0.9898925587347469
COLEC10,-0.9727212942927939
POM121L2,-1.7121834187776896
TEX55,-1.184673438056135
GALNT8,-0.31463457215700175
AURKC,-1.6073752903439822
FAM71F1,-1.1241212662084965
LRRIQ3,-1.1693847049124275
TAS2R16,-1.537544601878224
OR2C1,-1.5791467083862512
CCT6B,1.9955289956777806
TTLL10,-1.2749271913745943
CDC5L,-1.0105886142054055
CPXCR1,-1.3246494421461044
PGLYRP4,-1.3276032134642726
PRPS1L1,-1.0946648583281342
ROPN1,-0.9250956589659769
ASZ1,-1.4578139676495498
MNS1,-1.0681416709119271
ELOA2,-1.4062570891788855
TDRD6,-1.1679849973980208
LUZP4,-1.3228122750580222
POU4F2,-1.6356502946055205
TP53TG5,-1.39441057929413
TCP11,-1.1390174259061703
TCP10,-1.633907951710751
OR7E24,-1.564649414808614
MMP25,-0.44259924563237885
PAPOLB,-0.8808934172635996
C22orf23,-0.8371775727911128
TAF7L,-0.9659908055769026
MAJIN,-1.2773142758175267
OAZ3,-0.929404877800583
ACKR2,-1.6586695100261102
C3orf20,-1.2053762991418013
TSGA10,-1.5228249194330117
C1orf94,-0.8681686238924748
ZNF541,-1.321353232867015
SUN3,-0.8211319450769078
FSCN3,-1.5154979639226291
HTR1F,-1.1889075027912361
RSPH6A,-1.3411173439193953
SPATA6,-0.8293757796315594
MMP26,-0.8306863410659514
C2orf42,-0.8459875208469063
MZT2A,-0.08233213619403207
SAC3D1,-0.5909760443393982
RPL12,-0.2202817548308466
NELFB,-0.52615494645756
SRSF9,-0.33866968194576325
NDUFB4,0.09846157182954443
SIVA1,-0.3896815775114894
NDUFB1,0.09532409354820189
S100A9,-0.1028447213572604
ANP32B,-0.1711277775131088
MZT2B,-0.3726938807359197
ATP5IF1,0.2994227242842352
UQCRB,-0.02111917784879398
EIF3H,-0.18040103201454707
GPS1,-0.2614524627451157
NOSIP,-0.28659756307715517
EIF3L,-0.08420285171757812
CEP135,-0.8451020369967771
PARK7,-0.054835204533577805
EIF3D,-0.26042704099376707
EIF3E,-0.39684565575142694
COMMD4,-0.18228941802918233
FAM173A,0.06387060628065026
PLK1,-0.04708858561209249
EIF3I,-0.22730102368798186
NDUFA13,-0.005885038193861334
NECAB3,0.2767964619352062
MRPL37,-0.41453925674118175
LDHB,-0.18559694744649155
CENPJ,-1.0704033792314316
IPO4,-0.5943129694481066
MRPS7,-0.41587395414890466
IDH2,1.774220991036405
SLC25A6,2.5092355758478493
SCAND1,-0.03837927250467341
NME7,-0.49993240675941614
RPL11,1.3282248596525852
PHGDH,-0.12404219167541182
TEX264,0.4102065784307364
RPS16,-0.36206745759480347
UQCRQ,0.039235494239822935
RPL19,1.4785494192726716
C19orf53,-0.20918099695109157
ATIC,-0.6352106429447222
SNRPD3,-0.6011350046686202
SNRPD2,-0.7209746959257488
PTMA,-0.37889216336420267
EEF1G,-0.2393934155483053
EEF1D,0.15550634697569654
RBBP7,-1.2453042438902895
ERI3,-0.18803552146724703
CEP290,-0.701970349818055
SNRNP25,-0.3975019428541325
POP7,-0.6626778021752207
MRPL46,-0.47917869044937556
CEP72,-0.9555286816536552
TUBB4B,-0.6184136886089117
PSMC5,-0.656874262369056
NTHL1,-0.37660596383670925
MEA1,-0.13472474859065459
TLE5,-0.473120309852948
HMGN2,-0.3626356467708072
RPL8,-0.40187244485850804
MRPL22,-0.2773607005404984
MBD1,-0.7551235202392816
RPL4,-0.3769678636818228
RPL3,-0.3983295650024525
SLAIN2,-0.10349220651928517
NHP2,-0.5466990769649491
DCTN3,1.238085413256656
COX6B1,-0.050011082983208666
TIMM8B,-0.1340976083001899
CHCHD2,-0.305162204593859
PMM1,2.243958729203927
REX1BD,0.04863083135538697
ECHS1,0.876966595285355
TUBA1C,-0.4825300234857162
HAUS4,1.3795573586638974
MRPL17,-0.3478758660749917
MZT1,-0.9781061141731237
CCT7,1.3052766463364773
CCT4,1.6001892108498634
PRKACA,-1.526097989005363
TIMM13,-0.5488182082444075
SRP14,0.012597231908514295
BABAM1,-0.18944777156565654
UQCRH,-0.12470927576461158
ATP5F1D,-0.13447952104649263
NINL,-1.0012027433375223
COX6C,-0.12393564493282606
PEBP1,-0.011465139946431583
NUDT1,-0.5563526064155689
UXT,-0.42971806417683955
DDT,0.28077338694497367
ECSIT,-0.5148552241546039
RTRAF,-0.18818853530242372
C1orf35,-0.828598364784498
TUBGCP3,-0.6500735699376989
TUBB2A,-0.7120778393164822
NDUFV1,0.8824796202547969
COX7C,-0.02588002080962297
GTF3A,-0.5724170454004531
ANAPC15,-0.313556663136006
POLR2F,-0.8037758731111669
GPX4,1.5109357527930203
HAUS8,-0.6339946722781218
COX17,0.0503885388526074
LCMT1,-0.08312561884970344
CUTA,0.39425790429002994
RPLP1,-0.017531221952659878
RPLP0,-0.4037767012830119
TMEM161A,-0.0036790687211321954
RPS7,-0.37786442968033207
C12orf10,-0.16345638334950513
RPS3,-0.540749293292162
DYRK4,-0.8585895407312027
PGAM4,0.2059770010992302
RPL36AL,1.5068863144086746
HARS,-0.05823781514346025
HINT1,-0.11475360757141051
ATP5F1E,0.08993785747920498
RPS8,-0.3347441433423788
FAU,-0.17307836178634423
SNRPA,-0.7138715723478942
NFU1,2.2946835560422287
TMED1,2.3117340697371316
NEDD1,-0.6547844369477219
CDT1,-0.9363291574214939
SS18L2,-0.2277964869485492
TBC1D7,-0.4121954216376933
RPL13A,-0.2530455760582876
R3HCC1,0.0110385541932097
DPM3,0.38918843631533423
HRAS,0.6000844165354483
LRIG1,-0.9256901478456309
ETFB,0.198857363207516
RNASE7,-0.6941500231989698
RPS5,-0.16959613608546686
ARL6IP4,-0.035341459229810794
PTPRA,1.2235560482613281
RPS28,-0.3517744752532908
COX4I1,1.2557578397832663
RPL35,-0.42515087036233384
LOC400927-CSNK1E,-0.7120153403051143
SMDT1,1.1676347907749722
FAM162A,0.38490392478383373
NAA38,0.10279271536406527
RPSA,-0.31142696980076523
WDR54,1.0482933936876002
TACC3,-0.907256250181737
PGLS,1.6599620006353781
RPS15,-0.2767501303200152
FARSA,-0.45794434641061016
RPL10A,-0.26264711182736883
DGUOK,-0.3434279160561126
CDK5RAP2,-0.8116970690008503
TUBGCP2,-0.3320987724654776
WDR18,-0.5463014396920026
TUBGCP4,-0.5373840530726374
TUBGCP5,-0.15208689305764855
TUBGCP6,-0.17715293256952752
FBL,-0.8112292473446049
CEP131,-0.47332913223686446
COX5A,-0.20687202729274526
RPL23A,-0.4442465954595401
TXNDC12,3.7471629064809275
SF3B5,-0.32429557871145126
PRDX2,-0.018895152060033085
BAD,2.43906837137314
PFDN5,0.7872282111619728
CAMLG,1.9367583144718177
CD320,0.04282728446348272
SLC2A4RG,0.2614610187982983
RPL29,-0.10391775300978665
PLEKHJ1,0.268582157517288
RPL27,-0.41163948791151883
NUDC,-0.4361095222891342
NOP53,-0.3626350583316102
RPL22,1.8508463773174717
MYL6B,-0.21227418326601735
MRPS34,-0.5055059283828038
EIF3F,1.4694342395222826
YWHAG,-0.6882965454994513
ATP5MC2,-0.11032751362687418
EDF1,0.06248273334078248
NDUFC1,0.2123060597262058
NDUFC2,0.18409552038616747
LSM7,-0.44544079317163676
TRAPPC6A,2.7841070994554054
LGALS3BP,2.4252211094747
TMEM160,-0.28294793878713137
OLA1,-0.2737466138069615
TMA7,-0.0537079526567925
TUBA4A,-0.06882920637017888
EEF1B2,1.6046429356449392
SNRPF,-0.666724408641983
SNRPG,-0.5332274511397171
RPL36,-0.4425754584340483
RUVBL2,-0.8917299375831405
FIBP,0.14135503648666184
RBMX,-0.8472575361282495
TUBG1,-0.7038330217914195
HAUS6,-0.8912436606310034
TUBG2,-0.5268329432633508
PHB,-0.3557618397630991
BOLA3,-0.399316143600423
CKAP5,-0.8377978439489456
HIST1H4C,-1.0921057562985912
ATP5MF,1.4864639437539227
ALMS1,-1.0813522720367394
MRPL57,-0.5074430716249828
PTBP3,-0.64423446080695
OFD1,-0.8675963486120275
MRPL13,-0.5505625228583162
USP34,-0.7895756023131075
TRAPPC5,2.2309268442949413
ATP5ME,-0.04822316039271958
PRR11,-0.999783982460346
RPL9,-0.2615525256541017
CHD8,-0.8676423445046033
TUBA1A,-0.47297226465438164
ZNF160,0.391612744191021
HAUS2,-0.8048227390198693
ATP8B1,-0.2116159034398053
ATP5MPL,1.924747133613549
ZNF611,-1.1235465854401416
IQCF1,-0.7624044848164961
RPS15A,-0.3786830776934587
RPS2,-0.4556875089582198
ATP5MG,0.2490755322192842
OGFOD2,0.38537300537903807
TMEM206,-0.6144191548137256
RPS27,-0.2592565873352383
RPS20,-0.18140428775185974
GAPDH,2.1378341939762606
APLNR,-0.961697168602372
MYC,1.1336241913740348
PODNL1,-1.1775576929269629
SRPK2,-0.6415008681943001
NDE1,-0.654587613269684
DCLRE1C,-0.07613203900160559
GTF2H3,-0.02861748177480733
RPS29,-0.10694317349582093
RPL38,-0.40211557804129494
DNPH1,0.37564954491374103
RPL32,-0.369857138726453
NPY2R,-1.4457050198293562
CHMP1B,0.2703854776297051
HSPA2,-0.308771100523304
HSPA6,-0.4192325013122653
HSPA5,1.9964707135339332
GNA13,-0.8511816194797176
HSPA8,-0.16355981652558252
IST1,2.2114280659996473
ZFAND5,0.3457214453153728
MAFF,-0.05639202787399383
SNRNP200,-0.7189893036061012
BHLHE40,1.0108229856910755
CNOT8,-0.37972949590756994
MTMR3,-0.5794732626336841
WDR5,-1.0542856748586236
ARFGEF1,-0.21294748764740148
PSMC1,-0.15681193504954832
MAX,2.5423555685550068
MITD1,-0.16419189801967907
RASSF7,-0.17493728647263584
GRID2,-0.22601504325642702
IKZF5,-0.863273731870369
BTG2,-0.026653307686089835
EDC4,-0.4946205310343582
CC2D1B,0.36737815773469373
ETS1,-0.5244463023153653
CHIC2,0.30134291557933635
NEK2,-1.0962898566821322
WDR48,-0.45425528760066536
RNF103-CHMP3,0.5564554481206428
VTA1,-0.20824826218708595
TNPO3,-0.42609472913804747
SEC13,1.1502242347456557
CNOT10,-0.7075012488298444
SENP2,-0.04651060049718987
EIF4B,-0.2790691255126644
USP54,-0.4309375648329677
PPP1R2,0.4648297831858307
SSRP1,-0.8837857074251931
FLOT1,0.29168363517510704
TOX4,0.7443173153576123
TRPC4AP,0.5626581452230234
AL136295.1,0.8279601024640687
ABHD17B,0.03387556358694147
ATF3,1.672053484005295
CCL14,-0.3246089045146602
RFC3,-0.898584999413028
MAPK14,-0.8264169315944311
EIF1,0.3327229067637815
BROX,-0.18179009533812432
CHMP1A,0.07705357263146702
KNSTRN,-0.9521943013616659
TMEM63B,0.81061627138543
PICK1,1.6970122522008713
GRID1,0.13705773874670824
PPP1R15A,0.12062814129121743
GABPA,-0.6437939369874472
RNF146,0.1863607157472754
ADPRM,3.9986455482613588
CLTC,0.7927291424028571
HSPA1A,-0.7411020645442907
MAP7,-0.2049761410752265
ELOF1,0.47542545576078227
EIF2S3,-0.2237849682552859
HSPA1L,-0.5708680202670031
PTPN23,-0.1139770565501935
PGD,2.480991769463809
WASF2,-0.314945286691626
HADHA,0.2584702361969031
NRAS,0.7872210955730279
SELENOT,0.5341774811404097
ETS2,2.869493943654343
KLF4,0.15072566835501078
KLF3,-0.07787010431491467
ATP6V1B1,3.13354977182397
STON2,-0.0471350131554831
SLC25A15,-0.8962562507210307
SUCLG1,1.4313050336522866
LMAN1,0.11644510111160988
C6orf89,-0.6766850155996109
TFG,-0.08438652404784527
PRUNE1,0.182921537254627
TGIF1,0.0351108469800809
PMM2,0.27418917573244467
HIST1H4I,-0.9244028728051543
FKBP2,1.6718778723317804
TWNK,-0.6570942302000229
HKDC1,3.115978753472461
PPP4C,-0.029804561067444287
LARP1,-0.6492457212278778
WDR3,-0.8607983789152415
TUBB4A,-0.5810254243620989
AKAP8,-0.1551527246037956
BAK1,2.715405932498694
ACTA1,-0.7850675890700688
ATP2A2,-0.01694030289347574
ATP2A3,-0.18167512057697582
NOP2,-0.9221650740475997
PUM3,-0.8292700685801401
WDR43,-0.6372667371244414
XPO5,3.379517095761124
CCT2,1.1583832807658425
CCT5,1.6695718672307394
AHSA1,-0.4568632234137212
PAM16,-0.5661274715642004
TIMM10,-0.40390842486648443
CNGB1,-1.4047224995331165
PTBP1,-0.6318876985952422
UCK2,-0.37680802272648417
BLM,-1.0311071888138013
GDI2,1.2290581889593346
SFI1,0.8499497684193775
DNAJC2,-0.7063854434610891
PPTC7,-0.22561668703352497
MYBBP1A,-0.8122819917636748
GFPT1,1.76353505363115
GFPT2,2.152132416829997
EIF4A1,0.716875078057942
EIF4A2,-0.49111660328498036
NUTF2,0.11429394337995964
PKLR,1.4285306476795823
ATG101,-0.20501910531908948
PRDX5,0.014407836308186065
FAM86B1,0.5007813337212795
SAR1A,0.2784030412884111
ALG12,1.181916933151615
NOL6,-0.8732699236262091
UPRT,-0.29145513129836353
UBIAD1,0.49783024452909114
AK2,-0.26467712885150285
ATP1A4,-0.3020102292708086
ATP1A2,-0.8020949881937951
ATP1A1,-0.20329804408499969
MARS,2.202017932428108
SARS2,-0.27458220633889474
EEF1A2,-0.45660637582475744
MCRS1,-0.7239810908426082
LARS2,-0.4148658010702778
ACOD1,-0.8066571932876367
RDH8,-0.878561548746717
ATP13A1,1.176024241220309
DDX18,-0.7592283887651
PSMC4,-0.33319579008634603
NOLC1,-0.5465748888888556
E2F4,-1.044231415494753
CALU,2.245609328401993
FUT4,0.7880456354476708
SLC1A5,-0.028238752921473598
EEF2,-0.372307320902593
BZW2,-0.4844756180803299
MAT1A,-1.065939818734587
PES1,-0.5528293181917971
PYCR1,-0.0029640652980347563
GNL3,-0.46513375305626287
GNL2,-0.797273416684498
TUBA3C,-0.5824781191736074
TUBA3E,-0.06355531097492405
EIF3B,-0.5960888947513425
CNPY2,2.877825302358809
MRPL36,-0.751626910831776
EIF2B5,-0.31416495980143955
IMPA2,0.48658866802963835
SNU13,-0.5215282795760928
ATP5MC1,-0.2850723860157815
ACTB,1.2844057525804484
ALG8,-0.04411055311131899
ALG2,1.085065621631636
ZNF593,-0.5201342482712987
BCKDK,0.2898883425458435
BTF3L4,0.02038735159537975
RUVBL1,-1.0045249265265597
B3GNTL1,0.2966645570151407
FTSJ3,-0.726888839231467
DDX55,-0.8028843676661737
RAB43,1.9395777856517544
RRBP1,2.6898892964603847
PKM,2.094117303076354
TPT1,0.13403086557022953
CSK,-0.7582171194441695
BOP1,-0.633643175143166
MTHFD1,-0.48690604239006957
COMTD1,0.4005905449634809
COX18,-0.5512732631253399
TMEM214,2.1221125654315687
HDAC1,-0.3966213144880142
SLC35C1,0.26623971889900755
PUS1,-0.7818196905926417
PUS7,-0.7832601210487191
RRS1,-0.5860313211831221
CARS,0.299567314833304
GMPPA,0.565056446623468
GMPPB,4.248674074509996
GCN1,-0.5583971835462453
ENO2,0.06756728816131088
ENO3,-0.21983808200054886
SND1,0.5003335757665175
DUT,-0.6431045079258219
RXYLT1,-0.0052887428068806655
NAT10,-0.7107076167820192
DLST,1.6313001085565253
TCP1,1.5107218812636227
PRDX4,2.156884515505117
PRKAA2,-0.6844416910149235
SLC5A6,-0.13179107340120588
SLC25A21,-0.4372517869099824
BID,0.5525836757697842
PFKP,1.457287149555467
HSPD1,1.8821228816924263
PFKM,-0.02105514188403555
PFKL,1.67242585436227
MTX1,2.3910924961451077
GNB4,-1.208589685293339
NANS,1.9023682732496943
EIF5A,-0.30878409278535734
CCT6A,1.565524576184485
MAT2A,-0.3439966594545705
ATP10A,-0.4114361671316431
ATP10D,2.174484127058516
OSTC,2.5554218173767844
RER1,1.3082423107725185
MGAT5,1.0445978423778748
MLX,0.2367443090743178
DDX21,-0.6848213803593669
DDX27,-0.6663671839289704
ABCC1,0.13654209324151664
ITPA,-0.0994630539215347
TARS,-0.280935689344012
ATP6V1C2,0.28945657828770666
TIMM44,1.6134230804904937
TOMM40,-0.5961482363864837
ACTG2,-0.7110832232577239
MLEC,1.5805388308017718
TACO1,-0.3742038635945019
POLR3E,-0.7518415124469209
ATP2C2,-0.5163403387806429
TXNDC5,1.8227840074253854
TAGLN3,-1.1508503056889678
IARS,1.6331905079167697
SLC25A5,2.23361483896927
SLC25A4,-0.10855827027337195
SHMT1,-0.30869225138682593
NME4,-0.07701340157055492
DNAJA3,-0.6603194302960775
RMRP,-0.47458644120402566
NME2,1.0982815228041005
NME3,0.38404789653825694
KPNA6,-0.5000311993890472
KPNA5,-0.822406589473917
RUNX1,-0.7544239283072341
FKBP1A,1.5466627400036346
SHC1,1.1170577617070259
RRP9,-0.6473025129874026
PPRC1,-0.8246738650774053
NOP14,-0.6811110888494886
TNFRSF12A,0.31314727325394315
PITPNB,-0.2171954546563562
PPM1G,-0.7145984667288509
ABCF3,0.06111209831143078
ABCF2,-0.4761739694195466
PODXL,0.07373054701855183
YARS,-0.20442492244236296
B4GALT2,1.8606853137351973
CHEK2,-1.0591698069986042
B4GALT7,2.334207042636439
CLUH,-0.31964125984772007
UMPS,-0.6599952474686479
TUBB8,0.6680102141101266
TUBB6,-0.03031676224811639
TUBB3,-0.2568796723017692
MRPL4,-0.571580064546151
SLC3A2,2.9158016057425544
MOGS,2.235262088328667
ZPR1,-0.41889896444109426
CDC14A,-0.8446837163052304
MYDGF,3.1565470153383766
HMOX2,0.09201418648473977
ACTC1,1.0637489641673503
CTDP1,-0.4468446363017363
UTP4,-0.526098452439594
DNAAF5,-0.49846812993148226
CTPS1,-0.6483561477031381
FOSL1,-0.5480850063410854
PSMA7,-0.9839174928917749
DPM2,0.3779351642351814
UGGT1,0.7669685475561975
HMGCS1,2.7611504890507192
HMGCS2,-0.40001444383495255
ACACA,-0.10123429971779208
ACACB,-0.38765250116613764
RABEPK,-0.3574937205945344
SRMS,-0.6036777666450438
PUDP,0.2556849466305855
GMEB2,-0.48441207013731885
EBNA1BP2,-0.5963975817671344
UCHL3,-0.1811615281311321
TSTA3,0.19703022116964813
WDR12,-0.7666270584077483
PPIF,0.0020015002601592845
SLC35D1,0.756395986189896
PPID,1.7660852470195922
PPIA,1.251095590054138
ATP11C,-0.06647806919066508
MDH2,-0.17144458491111736
MPDU1,0.776619364313399
NIP7,-0.7128524370692862
DAD1,2.657435478442281
DPH2,-0.6495193005497517
EIF4E2,-0.3283300060379303
HOOK2,2.148274861065854
COPG1,-0.04573857872329226
ACY3,-0.08324871698560234
GTPBP4,-1.0330405180184672
NOC3L,-0.8469277900073974
SEC61A1,1.5995943365771828
CKAP4,2.4890268280606316
DOLK,0.679590539393501
NME1-NME2,-0.1869404152710452
LYPLA2,0.048366534146748213
DHX15,-1.12179900504775
S100A11,1.3807046054215502
UGP2,0.6352084512512033
ATP2B4,1.0829977739150132
CIAPIN1,-0.2412984814927041
GOT2,3.271312006815883
PFAS,-0.4978147544958423
RAB5IF,0.22100133849654052
P4HB,2.1155167619556217
HOOK1,3.4791931237804534
MRPS2,-0.574757574084855
COG5,1.7881404930155202
LSG1,-0.726841679320271
ATP2B1,1.602910964929877
DOHH,-0.4720848541908442
PA2G4,-0.6725373927331868
FDPS,0.2492901194260945
CCDC86,-0.6153297048693226
ATP8B3,-0.432520549743294
ATP8B2,-0.47156866596526953
SUMO3,0.38637259158167464
KDELR2,2.9240357635668826
ATP5F1C,-0.22694817282662116
HSP90B2P,1.6082707249711679
TUBA1B,-0.45004357282701035
TMEM186,-0.1442657838844608
SLC35A2,1.309117608244986
NPEPPS,0.015435705655096782
TOP2A,-1.0222579500923874
GNPNAT1,0.4027844839323922
IL4R,-0.15730450630364232
BRIX1,-0.7925224529096002
PGM5,2.128178086050548
ATP8B4,0.2501297011549217
PGM1,2.7447322931318237
PGM2,1.272338156813107
PAK1IP1,-0.8020642550905219
JMJD6,-0.565989434430749
STT3A,4.140469723328429
ACO2,2.612839204707254
FAM57A,0.1790171200952702
SEC23B,-0.01581118994307321
MPI,0.6613651645952483
POMT2,0.620065575850825
TUBA8,-0.3388337361668226
NOM1,-0.45228376388060965
ATP5F1B,2.078600013197183
OGFOD1,-0.09238363815744104
TRMT6,-0.6138210401377767
GPN2,0.1442347636926514
ALDH18A1,-0.08633778276656516
NIFK,-0.7914615860559524
HDLBP,1.8626232550767838
SEC11C,0.6528737366435706
ATP12A,-0.83077996755299
ARFGEF2,0.17907113457929275
ADK,-0.04632408371203776
METTL1,-0.47413945981400407
PPAN,-0.7545367942397209
MRTO4,-0.7397650753817914
BYSL,-0.8097601731598881
KCTD5,2.9712990345660453
RRM2,-0.6226837390221909
SEC31A,1.9987149402543616
IDH3A,0.022251616458495316
PAPSS2,3.203247343706473
TATDN2,-0.542723591853734
PDIA5,2.795015900325675
CFL1,-0.03445499742981859
TMX2,0.2182377640441192
SNRPB,-0.6146260817850691
LRRC59,-0.0611085889991587
DNM1L,-0.2438943300730229
STK19,0.5524466151071851
MGST3,2.7413552696128547
NISCH,0.04210615172893072
CCS,4.235871090514828
NELFE,-0.1715340372202547
PPIL2,-0.18335606702983037
PGAP2,0.18515496745355015
RARA,1.3133247958390504
EP300,-0.2703149007093247
SNHG28,-0.36964806421824387
FANCA,-0.09201748922399841
TBC1D22A,0.6493043290630186
CSNK1E,-0.9015632876236409
CNPY3,2.3782915825883117
CD151,1.716363455467379
TRIM28,-1.0569479232296726
SLC25A1,2.73587386222355
PCYT2,2.028078184033651
RANGAP1,0.5148407199416801
TWF2,1.7916805939556333
NUCB1,2.7692754306080185
PTPN18,0.23288083678244345
PLD3,3.3156316027473323
KAT5,-0.9353455823025674
MLST8,-0.36389868293150984
FKBP1B,1.9974065336866347
HSD3B2,-0.3232462870357561
TRIP6,-0.1317473955184107
FBF1,-0.40106838507702713
ZNF395,0.0648091526224047
FAHD2A,0.6561164987504219
CPT1A,0.05117553687040849
PDXK,3.92152125218603
UROS,0.6273548754836346
ACAA1,0.3845066342382885
UROD,0.21347664154485166
TST,0.2787932091627196
CHKB,1.9645406875747584
XRCC6,-0.30925893107954733
SREBF2,3.3687086612704182
HEPHL1,0.44383591992790944
DDR2,0.8394451284182988
ALAD,0.27302111781306354
GPAA1,0.5650306211863222
IRGQ,7.361953788194876
DALRD3,0.6032609677042363
MPST,0.7031184266378887
ERP29,2.9325387107293563
SAMM50,0.047642717350429103
POLR2E,-0.43600113109966676
KAT6B,-0.8767363486180708
POLR2I,-0.8681104266663457
IRF3,-0.10785939379991132
TECR,0.1424076514884781
GALK1,2.7439608813961693
LRRC15,-0.6588945844426789
MSRB2,0.5287275528045775
DDA1,0.14196784051328984
ABHD17A,0.33133628860703485
HDAC5,-0.3158608147817713
PI4KA,-0.25645762932237803
NAGA,3.678371612473475
NIT1,0.8249389950210342
POLG,-0.22538921722124977
RBKS,0.8229131789487109
ACADS,2.4096925412109664
ARF5,0.24673433830161814
AKR7A2,3.673764191158312
CUEDC2,0.11131098865756936
DNAJB2,1.3749920413429249
ATP5F1A,2.3761722040746025
CBY1,-0.33864790099391706
MAPK3,0.5341862936954567
DSG4,-0.3843245930677902
GALT,4.934763789663253
GNB5,-1.0865281222851417
TXN2,0.1234046834486595
STK25,-0.5165973212580038
SLC27A4,0.564489600155585
UCKL1,-0.33999737147961834
ZSCAN26,-0.002981896504284784
SPSB3,-0.20875570423721734
VSIG8,-0.2426472405913281
RETREG2,0.9106852723911517
GSTK1,1.2955609540038893
PPIE,-0.4948452930886288
PRKD2,-0.288577149718377
RBSN,-0.20425706298316718
COX5B,-0.019881045356670627
PPP6R2,-0.1413817193291056
AACS,0.20501613515558012
OVOL3,2.2439587292039014
PIN1,-0.5652692134049369
AANAT,-1.1611695023836512
GCHFR,0.8644524693082865
NDUFS1,-0.08923634776923918
HAGH,0.33874248841353993
TCF25,0.7853566567273949
IMPDH2,-0.35972885531636606
HMGCL,1.9242375137950458
ILVBL,0.43282760838236817
POTEE,-1.0659141153134735
PIGA,0.15462685348394992
ALDH3B1,1.1882961994979726
TTLL1,0.06319026918269725
ISYNA1,0.4003768822120053
CRYL1,1.8965731759439195
QRICH1,-0.7063504112254649
NDUFS8,-0.03387574140427929
SGSM3,2.4216901601933642
DUSP14,-0.22726676492967202
E2F3,-0.7370384580360694
CABIN1,-0.1812271598956225
PEMT,-0.05513523998170847
HEMK1,0.720587980620517
OTC,-0.6485630153876386
PMVK,2.4736005902274174
SUN2,0.07892238474450733
NDUFS3,-0.2653819190537093
ACTR1B,1.4816501042239627
NDUFS7,-0.03058620423936774
SDHA,-0.028774181456554845
ATP6V0E2,0.33836853390680255
ASS1,0.23841076601720082
DUOXA1,-0.1728969191830728
AGA,3.552186008817516
RAD51B,-0.7653443661579258
SUMO2,-0.89556558567897
MAN2C1,2.9703118116594216
IFNG,1.0574497617900802
PTGR1,0.7227546812547945
BCAT1,0.22813776236437033
ABLIM1,-0.500910298684365
TMEM184A,-0.20078124637857764
CYP3A5,-0.3826360052743057
CNDP2,0.5489582931721292
ORM2,-0.6972184563720839
PARP12,0.06152518468145701
EIF2S1,-0.41635395567718686
SERPINE2,0.10462964545334653
APOE,2.0520913703735317
TTR,0.549193038805145
PEPD,1.619668180332778
PAICS,-0.4280752561310259
GDF15,0.058043504320427965
UAP1,2.2745394646133557
NMRAL1,0.2009984043750752
ALDH8A1,-0.17316509574272662
VEGFA,1.1765141615949495
PPARA,1.5011606236696333
SULT4A1,-0.6545391252404824
GLYATL1,-0.15343102983387205
KRT17,-0.6150665371701384
SELENBP1,0.16442975788706732
SLC22A6,-0.3717082307883762
GPX2,-0.3172049342213557
GIT1,-0.587495763952086
GIT2,-0.10798398725114701
SORT1,-0.1066008693549429
FLNC,-0.6040748754166783
SLC22A8,-0.2528925748575668
SESN2,0.21832561652205096
RET,0.5430969646574536
SLC2A10,1.923679571399107
FH,1.2979129807162606
VSIG2,-0.10805656450945784
HTRA2,-0.1231627729262431
MDK,0.6620801375175602
SCLT1,-0.35208146507269206
ASPG,-0.14548479428052938
ASPA,3.0187603437038346
ACAT1,0.07353813108449478
GGH,-0.010988252909859794
KIF21B,-0.5537039284465514
MVD,0.85641400157352
F2,-0.9945387517135096
CNTN1,-0.5460465465121235
TRIOBP,0.6824321822735251
PIPOX,-0.43470063123079317
GSTZ1,0.2118380807744018
SLC17A3,-0.8879540271241783
TINAGL1,-0.6370171243899024
MT2A,2.060653125462234
UGT2B7,-0.1998114547823303
G6PC,1.376230947903386
EGFR,-0.45838742989348585
BHMT2,-0.057420549506619546
ABAT,0.16857762476390695
BIN3,3.5039216704713736
AQP3,-0.2173307890470381
AASS,-0.2662061346342137
DPYS,-0.25141323721833997
ACAA2,0.0807360785603842
GCDH,-0.0670487976039306
SLC25A2,-0.17548608702941443
RPGRIP1L,-0.8351476815609703
PSMC3,-0.4735251443110259
ALDH3B2,-0.028441976713908468
NANOS2,-0.5250132960151648
CD48,0.6519144001676804
FBN1,-0.11737827320366154
STS,3.675254820341778
HGD,-0.45183639815973914
CRAT,2.8571984872823397
CFH,-0.16792783352097032
CFI,1.1699016512422535
GJB1,-0.5273138458900022
FUT3,-0.4068619271613257
CAMK2N1,-0.41755437176822735
PCK2,1.541976538454229
PCK1,-0.4079631839512212
NQO2,0.7887445642401665
AGXT2,0.12874507153427658
CYP3A7,-0.4770558876502236
PYCR3,-0.10682972206340884
PYCR2,-0.19752800832417494
SLC25A13,-0.23181211687739028
EHHADH,-0.22554721799187086
KLF5,1.9519501898605867
FGFR3,-0.9285041488537126
LAD1,-0.47330323709779604
IFITM1,0.0005818414314865618
CENPK,-0.9204186916732819
ASNSD1,-0.4630882608644504
TNFRSF21,0.4005162356769129
PALM,-0.536211955842687
SSH3,-0.3183106614953577
HOGA1,0.3571020309852472
WDTC1,2.0967940558490166
ALDH1L1,-0.5620728195639996
SLC2A2,-0.5159333438573606
SPINK1,-0.13859736311408918
VLDLR,2.7778394835321905
NANOS1,-1.3775437781657052
SPTAN1,-0.7195743844681416
PROS1,2.3965536906264426
LAMC1,1.4315072596296103
ATP7B,-0.007191238653998496
MYCN,0.9647561507049589
MT1X,3.3301283349481783
NBL1,-0.013861364923821545
PALMD,-0.40140129775613703
NUPR1,1.0154315823036377
IGFBP3,0.00043859576264090937
AGMAT,-0.8755017101702895
ADSSL1,-0.07370653051413077
CA10,-1.0560149644163008
SDSL,-0.07608197997952967
MTHFD2,-0.11151869030831468
EPHX1,2.2533624443852167
TMSB10,2.105253952187883
PPA2,0.21337066772094618
PPA1,-0.19405620804097365
FABP1,-0.7114952659915406
QPRT,0.32263517836458766
USF1,-0.13267827180020217
ETFA,2.133354876907608
MTOR,-0.7292774788650168
CLU,2.4964053772564982
RACK1,-0.36298634333864876
KNG1,-1.0964457043229054
ALDH2,0.9706359973058144
CDK1,-1.2891354105045274
CDK2,0.05119048483493544
CDK3,-0.8764808653469394
NAGPA,3.5357281533568594
LCN2,-0.31205381461418635
PHB2,-0.3483132995800689
USP4,1.6386953201168948
PRDX1,1.0543571845324362
DDX11,-0.9499579389217955
PM20D1,-0.5746101546826937
STIP1,-0.35578561080814697
CDC42EP1,-0.01972791524115351
TNFRSF11A,-0.14291551770517147
ACMSD,0.15938077044442606
LATS1,-0.9393428893832506
CCNB2,-1.1264860011945381
DDX24,-0.8126572300870163
ARHGAP32,-0.41921876475630077
C4BPB,-0.8006134491469454
TUFM,1.002659328721758
CKB,-0.1501486877731937
TPBG,-0.16581749404408802
TPI1,0.2602462928663548
PAH,-0.64268139625024
FURIN,2.1379856743382377
CALM3,0.8722597899514607
ACSM1,-0.19829842064847883
ACSM3,0.39006719869400514
PRODH,-0.8555663774681868
ACSM4,0.27002800850478414
ACSM6,0.3771789678212507
FGFR2,-1.154905562913363
ASRGL1,0.2420061961714578
ERBB2,0.8235062398434
ERBB3,-0.809334760237404
CTSB,3.62037673730466
ACSM2A,0.03837768149108977
ACSM2B,0.02978934144473298
SLC25A20,2.4145618084654674
RPL18,-0.24671491697562017
GMPS,-0.6938582730266137
CPB2,-0.73979675973385
KPNA2,-0.9011493022134558
FBP1,1.8546145296900332
ENAH,-0.29157870552765475
PDZK1IP1,-0.2807967225238188
NDRG1,-0.03599957773481637
ITGB4,-0.29650511334080276
HSPH1,-0.48403718059460726
NONO,-0.07325720904207189
GLDC,-0.07434609587913563
XDH,-1.484915915533129
ECH1,1.9409518912614672
SCNN1A,-0.39374987530945793
ANXA11,3.7068824636623323
GBP2,0.8987708535231415
ACSF2,0.5229062031179238
PTPN1,-0.39277356635590677
LCT,2.4904655502973516
ANG,-0.09879541583934105
EIF4EBP1,0.16337284192475215
BCR,1.276690985409819
ADI1,0.8377915914924885
BHMT,-0.701283783926287
ZER1,0.5385793284462818
FHL2,-0.22226401995705625
KRT6B,-0.5845869397893079
LY6E,0.46808963399803016
EFNA1,-0.11832384246643562
SRR,0.18665146640163285
PRKAA1,-0.4598260001124728
ALDH7A1,0.23686499963574378
LGALS3,2.1491740390872733
ALDH4A1,0.11432190823553531
FSCN1,0.0830679027489076
LGALS4,-0.6115519338824397
PLXNA3,-0.02033327530561456
AGXT,-1.2890105487101269
ASNS,-0.12567087101339347
RARRES1,0.9551477476366473
PLG,-0.7684546460495966
S100P,-0.17899134517794696
MPRIP,-0.4541289787397046
INSR,-0.8671493031186055
ALDH1A2,-0.44886111415082713
KYNU,3.4727560693786677
CBS,-0.20802022069382817
TFAP2C,-0.44331532462988504
RPL17,-0.24605316960652127
ACY1,0.14033053056699657
AADAT,0.0747632163445593
SIGIRR,0.3244765324879038
SERPINA1,1.2172073672582266
SUCLG2,0.6049284072657446
IDH3B,-0.329830627408139
HPN,-0.19046782890741118
ALDOB,-0.8347763010364726
HPGDS,-0.4320258717734373
HPD,-0.47958886002737183
PSAT1,-0.0560898471653243
PDK2,0.2808842462520229
PDK4,0.10191488891129011
ABCC3,0.2865359048992367
GSR,0.10540547864605189
DARS,-0.2638200115272465
DOLPP1,0.15275231194582753
AFG3L2,-0.4100346148487531
DMGDH,-0.15456347089202982
PLIN1,-0.47303014159073875
NHLRC2,-0.468420458505216
WWC1,-0.3674819649536032
KHK,1.7900122574906543
CAPN1,2.5468809620116217
PIR,0.8462920508209828
IREB2,-0.3485362332984441
DDX3Y,-0.5861496760484746
VWA8,-0.12170062883677599
BAMBI,-0.37790779864583735
POLR2D,-1.2967949421622793
CYREN,-0.29516706054337827
CSPG4,-0.25447376662760457
TERF2,2.165817876292378
STC2,0.15891956811828684
SLC7A9,-0.7354758692604632
SLC7A7,1.3530606504100764
SLC7A5,2.0434143558889044
AKR1A1,2.0632617657161525
AOPEP,0.29855953810154123
NAGS,0.026477729421946608
NEBL,-0.6353610457198188
TMPRSS11D,-0.8272665743193619
SIRT3,0.017436390265688637
EFEMP2,0.8280145243744309
SGTB,1.9114598475031364
ACO1,2.109002799441583
HOPX,-0.5100181206231436
TNFAIP8,0.007231524149202115
SDC1,1.899049070062575
ARG2,-0.21781830449595327
ECI2,-0.030918691950275624
GGT1,2.1896860477149067
AIFM1,-0.3027661103433598
IL17RC,3.3237086492842667
GAD1,-0.7634428820117932
GAD2,-1.137088723609713
BAIAP2L1,-0.2731974468878097
TES,0.3635855376882659
TSKU,-0.1914910720484007
MTHFR,-0.5461219778862677
SLC13A1,0.05260944941536381
SLC13A3,-0.6420302742503962
PBLD,0.4013780002560945
FES,0.2751353550934838
SERPINF2,-0.4742617762098018
ADM,1.6816545992499228
STAU1,-0.13696929904448396
RGS14,-0.5566106370492102
PSPH,-0.3226819363121791
STEAP3,0.7895384565727374
TBC1D16,-0.5459578962566188
KARS,-0.3825960304644694
SLC7A11,0.21950240086670428
ELF3,2.971533105368166
TXN,3.642610782806303
SERPINA3,0.040787515633739696
CRABP2,-0.4952450696135864
PTPRF,-0.5793849089736958
CDR2,-0.024357922886375033
NDN,-0.15266423696858955
MLH1,1.3888136163780913
GMPR2,0.3352795139850746
PLS1,-0.16371896299527133
TDO2,-0.4440292794168554
PDIA6,1.8291299010137645
GPC1,-0.05007896381657416
ALDH6A1,-0.008935925987214313
ALDH1B1,1.373607861841656
MTAP,-0.3565729476744712
DAZAP1,-0.8540459775732877
AARS,2.177897210469345
LOC101060399,-1.1446175404198584
CREB3L1,-0.08094048967166244
ATF5,-0.000301429782528059
ATF4,-0.0471812054144384
FOLR1,-0.15859208684999188
LINC00671,-0.7777300018661902
KRTAP12-2,-0.7049143017138568
ADAMTSL4,-0.96793689109208
FHIT,-0.22604456290836134
SRC,-0.14488913713031154
AMPD3,0.03417374471627593
AMPD1,-0.793930854428765
MGMT,2.55537328346331
AMPD2,0.09288498951657219
DNMT3A,-0.657343647741637
REL,-0.9793202812737698
FDXR,0.41673988624619596
SMARCA4,-0.9310419512891197
HINT2,0.03552740417477943
HINT3,-0.19977588403110147
RARB,-1.2422533958833548
ERBB4,-1.2084991668509724
FOXM1,-1.591284856046451
DNMT1,-1.0453116725133103
THRB,-0.9033878048391637
APTX,-0.13011092668513893
DNMT3B,-1.1463611911010647
ENTPD3,-0.672567549028312
RPS23,-0.2755644354332697
ENTPD1,0.06298481989978977
WWOX,-0.8025240076476737
RABL2A,0.21977911847896986
ENTPD8,-0.3638687921548247
SH3GL2,-0.6127436680523747
AK1,-0.07038730881019252
AK7,-0.18489325015615932
AK5,-0.5646749705228093
AK4,1.854847592412314
PTPRD,-1.0625264348200216
HSPE1,-0.416025595515846
SFRP1,-0.8075967034032068
ARHGAP19,-0.8965854292453229
SPX,-0.5776615580727043
CTRC,2.7911402426734675
SPINT3,-1.035970832754958
NTNG2,-1.620182257018137
MPP3,-1.5548249270489334
SLC12A5,-1.301461815591455
SCN4A,-0.7937822704448422
PRKRA,0.7590219476972566
THPO,-0.8384762121285989
HTR6,-1.5342746544382815
GPR27,-1.1759884123709634
DBH,-0.8059508689430392
RNF186,-0.7806917587850487
CSHL1,-0.9539384546884653
HGFAC,-0.948210392333146
TSHB,-1.590244936333319
TNNT2,-0.8935757318795208
SLC11A1,-0.37944372585858527
PRLH,-1.3894672109294175
GGTLC1,2.5911469823741506
OXT,-1.2414498187497434
LBX1,-1.4462172529724757
PSG4,-1.1765911100453856
FGF1,-0.8132763915215294
A1CF,-1.0121763930274552
MYH15,-1.40151534565852
GABRR1,-1.23525897305218
SCN10A,-1.301764332034139
STXBP6,-0.45820883618669445
SEMG1,-0.7011429759090173
FZD4,-0.9464225867298715
LGALS14,-1.3319655881643948
RHBG,-0.8729822515583747
CDKL2,-1.247261765575187
CST8,-1.3864844248826433
GML,-1.107353819521893
OR51E2,-1.6397056048474048
CHRNA6,-1.2657688068220299
MAS1,-0.9257172680099526
GPR37L1,-0.8250566651661313
IFNA7,-1.206780246285295
RALYL,-1.1195449133647881
ABCA4,-0.8749683131078101
KCNC1,-1.2768413743612
PITX3,-1.1185729487091576
PARM1,-0.343865651683643
GCNT4,-0.9091490762693885
PGC,-0.970100746617051
TM4SF5,-0.8179163896714777
DEFA5,-0.6380906129289549
PROP1,1.0330735649391012
TG,-0.6024760482463429
KCNJ10,-1.1931438057657546
UCP1,-0.9061196767402259
PHOX2B,-1.456227510610341
ZNF709,-1.4430985170084
FOXQ1,-1.1670669185049658
UBD,-0.41316947637356255
PPP5D1,-1.5583491079292215
CAMK1G,-1.54223300420721
BRPF3,-0.8888419704610792
CAMK1,-0.8640527440543191
ARF6,-0.19421280945694844
TAF9B,-1.0487385129524258
RCVRN,-1.4597261708180225
ILKAP,-1.0223275940875447
INSRR,-1.3771989065431651
TTC13,-0.4203057626482344
LRRC56,-1.485755550012645
ZNF708,-0.9551872095662161
ZNF66,-0.9933433813483392
ZNF791,-1.0723208370181716
ZNF77,-0.999657266357885
ZNF383,-1.0011622224735
ZNF382,-1.0327562469794611
ZNF354B,-1.051970981071788
ZNF700,-0.688876410247586
MAP3K7,-0.9182722644381283
ZNF264,-0.8728476052284637
ZNF782,-1.0616076881585597
ZNF267,-0.7926305639850784
ZNF587B,-1.0168554696501428
ZFP69,-1.0085562884911354
ZNF471,-0.8484507776186802
ZNF470,-0.9918538302619999
ZNF184,-0.9417353564490318
ZNF268,-0.9908779408295454
CTTNBP2,-0.5109989956323376
ZNF667,-0.9775888960408199
ZNF45,-0.7727407837015136
ZNF44,-1.0180301170003137
ZNF404,-1.029159225702688
ZNF680,-0.716733451976078
ZNF681,-1.2390938091743637
CENPCP1,-0.8445171048591006
LRRC2,-0.9820073740378893
MYSM1,-0.8550769800417404
ZNF764,-1.088707342653828
ZNF284,-1.0225342297899425
ZNF677,-1.0429520058471162
ZNF675,-0.8822781854021619
ZNF674,-0.7791271470664656
ZNF440,-1.1363995029908451
CLK4,-0.8495909964155152
ZNF442,-1.0130763919680719
ZNF841,-0.9701646818809943
ZNF845,-1.000802660616617
ZNF679,-1.0321451781882396
ZNF273,-1.0348423109697693
TTC14,-0.4262656238561975
ZNF569,-0.9366891499558793
ZNF568,-1.0119595080877088
ZNF567,-1.0116236213188148
HDAC10,-0.9759193753369625
ZNF565,-0.9909192610022022
ZNF37A,-0.9836293798663193
ZNF563,-0.9332042236309684
ZNF562,-1.0811023225986194
ZNF560,-0.9998811953722456
ZNF699,-1.0342891529532967
ZNF214,-1.1427006218559033
ZNF195,-1.0714109438267185
ZNF283,-1.0409019740895922
ZNF57,-0.9384707203517126
ZFP90,-1.0041359654477067
RBAK,-0.9266016534295634
ZNF599,-1.0410744963204766
ZNF606,-1.1233674629604484
ZNF607,-1.038519607468659
ZNF454,-0.9957097593857794
USP47,-0.554978620668183
ZNF585A,-1.0151525313069267
ANKS3,-1.0301602877025544
ZNF669,-0.9951176591129469
ZNF347,-0.9334603130834483
ZNF765,-1.138210545097037
ZNF875,-0.960042527191687
ZNF510,-0.9225254154899721
ZNF766,-1.0421375002185858
ZNF517,-0.9706690176166467
ZNF514,-0.996107709239407
ZFP28,-0.9645085486603502
EGR1,0.4415223346632027
ZNF227,-1.0649795178331118
ZNF25,-0.8970789726755415
ZNF823,-0.9438437039065485
ZNF583,-1.0258398748342685
ZNF584,-0.8947971801028722
ZNF587,-1.0337548194545498
RBM12B,-1.127870915610488
ZNF879,-1.0462423306969084
ZNF829,-1.0212571869128253
ZNF610,-1.0075400110557708
ZNF613,-1.0216945276985014
ZNF564,-0.9310040421577271
ZNF614,-1.0444290591659386
ZNF616,-1.0489335914749518
ZNF619,-1.0704983174065974
ZNF426,-0.8448369243460014
TTC32,-1.2444376683042624
ZNF425,-1.0381753029287393
ZNF420,-1.0532495630280345
GUCA1A,-1.3776251833234094
ZNF429,-0.964121877077238
ZNF337,-1.0267055314178344
MAP3K1,1.0687136163261428
ZNF23,-0.8669127981926351
ZNF331,-0.8461086661509679
ZNF235,-0.9794645205239076
ZNF233,-0.9904029377834251
ZNF34,-1.1209962708566128
ZNF30,-0.9035443537052656
ZNF836,-0.9907043486515689
ZNF175,-0.8954010817798618
MGAM,1.34806988686778
ZNF354A,-0.8666115243334498
ZNF534,-0.9771670531786298
ZNF530,-1.0121509772793071
ZNF571,-0.9227384225607608
ZNF624,-0.987475010255826
ZNF627,-0.933772748562979
ZNF621,-0.9616235013700065
ZNF749,-1.0029438336260186
ZNF623,-0.6984684493382896
ZNF436,-0.8667992485607994
ZNF431,-0.9743264087251751
ZNF433,-1.070980082045466
ZNF432,-0.9021056653626413
ZNF92,-1.0558165769762828
BRWD1,-0.9946339539701733
ZNF439,-1.1314387994771897
ZFP1,-1.0711085495234913
ZIM3,-1.084711448409377
GABPB1,-0.907021985625941
ZNF324,-0.9576014015310447
TSSK4,-1.0667573490720572
WDR20,-0.32016943422324234
ZNF473,-1.0241180500963234
ZNF689,-0.9661612896036974
ZNF527,-1.0181542405791137
ZNF480,-1.0317162805010978
ZNF529,-1.052271466832853
ZNF155,-1.0162042591926612
ZNF484,-1.033863977614936
ZNF665,-0.9671736918002662
ZFP37,-0.9713087492393336
ZNF33B,-0.9210359688000779
ZNF33A,-0.9810177564010065
ZNF132,-1.1228541235587828
ZNF133,-0.8890010021115231
ZNF311,-0.9901611500010576
ZNF317,-0.8478134920780327
ZNF251,-0.9645196104169469
ZNF250,-0.9570766209216321
ZNF253,-0.9220090445986464
ZNF254,-0.999359567283143
ZNF257,-1.1384204246589205
ZNF256,-0.9774147434721989
ZNF493,-1.0902528792331996
ZNF492,-1.1331750687622648
ZNF490,-1.0599878932172542
ZNF813,-1.0337056896570072
ZNF780B,-1.0146184587491547
ZNF17,-0.9715215179216202
ZNF12,-0.9093391759207448
ZNF814,-1.0247089953579351
ZNF7,-0.9135936268011218
ZNF14,-1.0468838942789755
ZNF726,-0.9817684956435
ZNF684,-0.7382562231944445
ZNF557,-0.8083366717480105
ZNF554,-1.0360058085313757
ZNF555,-1.00007700497619
ZNF649,-0.9763209179431184
ZNF416,-1.0714177207991897
ZNF662,-1.0005092446897348
ZNF792,-1.0539577761603465
ZNF93,-1.086132161512218
ORC2,-1.1379356662325704
ZNF324B,-1.251725646356129
ZNF208,-1.0372508787683545
MCM9,-0.49148218389982373
ZNF461,-0.965069097284926
ZNF154,-1.3460622456942588
RHPN2,-0.7339199273312085
ZNF714,-0.8649078204478426
ZNF98,-0.7609765258533432
RHOBTB3,-0.5756065830606032
ZNF860,-0.9792873107109288
ZNF99,-1.0936633663094686
ZNF468,-0.7181092313656825
ZNF790,-0.8221839793639149
ZNF91,-0.898321661428983
ZNF543,-1.0973036509495044
ZNF793,-0.972452996490045
ZNF460,-1.1180342941486083
ZNF506,-1.078905517558733
ZNF549,-0.9891687923323049
ZNF548,-0.8967432285944689
PPWD1,-0.5554285837132911
ZFP14,-0.3534117399609416
USP28,-0.3944389336616987
TBPL1,-0.6566050954723762
TBP,-1.4054101252500173
GP1BA,-1.2801571567070549
ACTRT3,-1.2463497606421858
ZNF559,-1.0096824862607652
TTBK2,-0.7926844851112518
PGA3,0.16408150977367472
EPC2,-0.531060945443033
KANK3,-1.1940167624026488
ZNF878,0.879882061293566
NID2,-0.06789739701795731
CPE,1.8284815196393283
P4HA2,1.2198882403655014
CPZ,-0.6794574696079317
MFAP4,-0.3585332175198704
GPR183,-0.19995628971921547
WWTR1,3.2906514339777786
THY1,0.8751391003788088
TACSTD2,-0.6357254598346688
GATA6,-0.635749962156341
COL15A1,-0.08048172709086074
MFAP5,-0.13139494673496896
COLEC12,0.15211767413143223
ANGPTL2,-0.3674001432088567
EMCN,-0.3600272811377847
ITGA1,-0.09850936355997918
ITGA5,0.010286896678025854
COL3A1,-0.28884100670420637
SERPINE1,1.3933337286421843
ALPK2,-0.9192638781793221
COL4A2,2.07746750250015
VEGFC,-0.3954765690362643
CHST3,-0.13464571694984975
ZEB1,-0.6822513165308476
ZNF423,-0.8295038061391462
GPX8,0.7435717475016103
VWF,-0.3355163064716748
MYH10,-0.6090981875609532
DLK1,-0.27354014722265474
HTRA1,0.7616729307999005
TLL2,-1.064268811663792
PTX3,0.09862895203692307
SPARC,1.4695897740130666
TFPI,1.7502422388653653
PARVA,-0.0722123287557644
LAMA1,-0.19392606304343743
LAMA2,-0.2879374689275968
LAMA4,-0.4177189729717295
MCAM,-0.2873385556951749
LEPR,0.00873783452951667
ADGRL4,-0.10118315940244496
NREP,-0.44851815403688494
MXRA5,-0.24658344587082143
MTCL1,-0.9098701329889799
CXXC1,1.3547500359500764
MME,1.900436007987363
CTHRC1,0.4127678027955842
CALCRL,-0.7471187678883006
SPARCL1,-0.29991116754931685
AFAP1,-0.18152177867994793
TWIST1,-0.6744814401047536
TM4SF1,0.24221445302202735
SULF1,2.7873468425531773
LMCD1,-0.09899745923053564
SLIT3,-1.4538795147425712
DEFA1A3,2.685994301533396
JAG1,-0.42963516090527043
PDZD2,-0.000989127411443178
SPON1,-0.5875071173052646
ITGB5,1.031909039693445
LTBP3,-0.2879055634519653
LTBP1,-0.08280508449074976
FBN2,0.2035048119574568
CA12,-0.2954838162108572
IL33,-0.1698212170588507
SOS1,0.5367757591432368
NRP1,-0.2010678761596691
NELL2,-0.9131448353528544
BNC2,-0.7725458862700744
CILP,-0.7722397772543459
ANK2,0.6600956748377192
COL11A1,-0.21054627311591798
DAB2,2.1128739544609387
FBLN1,-0.34688000513672734
FBLN5,0.1197993647907178
EHD2,0.016612531154299948
ADAMTS5,-0.5127040132712452
ADAMTS1,-0.31618584150625284
GNG11,0.19563074603856284
FOXF1,-1.0977679266187088
FOXF2,-1.0441093083185289
PLXND1,2.1991270528303146
CDH5,-0.45644217478571786
CRISPLD2,-0.009191819087136037
SNAI2,-0.34560819604580156
FN1,0.2632486315821678
VIM,2.2595832376908533
KCNH8,-0.16065421165201363
CAVIN3,0.2984337571604804
CAVIN1,-0.25098132596628137
LAMB1,0.08094030276568757
ADAMTSL3,-0.95653695816733
COPZ2,-0.17883165413120702
LCE1A,-0.10573221418834657
ANXA6,2.409132964567515
NID1,0.11132280934424374
ANGPT2,-0.3657211058568523
ITGBL1,0.06340521918880736
TMEM45A,0.43579415601634675
IGF2,-0.8212064290359719
DPYSL3,-0.17572378387161247
PRSS23,0.31538250228340386
IGFBP2,2.7946368170749105
IGFBP6,1.5222133569801615
IGFBP7,2.802263341422722
IGFBP4,1.5704177252512312
IGFBP5,-0.4750654144268781
COL16A1,-0.23450215775355882
GJA1,-0.24700286338435112
CD93,0.1452072208760157
PCDH17,-0.709023798555526
GAS1,-0.1650790847779233
PCDH18,-0.6040258758725323
ANKRD13D,0.06551098896042938
FILIP1L,0.1272610699480401
PDGFRL,-0.22980774003624777
SPRY1,-0.5314256950452723
TRPC1,-0.6005187775229615
NUAK1,-0.2834130285171896
HAS2,-0.4334404151000254
COL5A2,-0.0012096714288776366
COL5A3,0.027398263470355497
SUSD4,6.0997138103629505
TRAM2,1.4565794330600927
HOXA9,-0.9190666700940244
TGFB2,-0.7466796452291874
PTK7,-0.7575036335542789
JCAD,-0.46381768291613035
PITX1,-0.49010951657625323
CD248,-0.29789665359699424
LOXL1,1.329514225586677
RGL1,1.2475143232636816
MATN3,-0.2855723344224245
MATN2,0.40932370803574614
HEG1,0.16595816735627802
SKIL,-0.5639900154162532
THBD,0.04001380478912169
CALD1,-0.006229624365968154
DCBLD2,0.5637439045886243
AKAP12,-0.23271849421166846
NOTCH2,2.9488283733605862
ACKR3,-0.793952844767648
COL5A1,-0.2247930169843899
TGFBI,1.8897462136614032
MMP1,-0.0972147301155285
CHN1,-0.30686999102729984
CAV2,0.3091288872919605
CAV1,1.502050899606294
EML1,-0.54129617104392
SRPX2,0.5663268596177087
PLK2,-0.11648870582370824
POSTN,-0.14768358103566176
RORA,-0.8917174349218869
DZIP1,-0.8284368006366251
RAI14,-0.29224956029994287
F2R,-0.4787081878939101
GUCY1B1,-0.484587736982773
PRRX1,-0.5877994216434099
HSPG2,-0.0774995402837092
FBLN2,-0.11787384237103729
CD200,-0.3211025698284223
PDPN,-0.13533126944582094
MAP1B,-0.5359929798413532
FRZB,-0.6713237432226279
TSHZ3,-0.6525361677683499
ZNF581,-0.9039552718858058
KPRP,-0.6469569513335576
LAMC3,-0.03643920298516888
FRMD6,-0.3012946309774404
NNMT,1.413019939517989
TIE1,-0.7144789527025746
COL12A1,0.13671277544190186
COL4A1,2.3010691246184076
LHFPL6,-0.08280624678142989
AMOTL2,-0.31637072916310255
FST,-0.5531942906014746
OLFM4,-0.07189905781171413
SNED1,-0.5398795688618276
DACT1,-0.20978415807906658
A2M,2.3988571043768405
ENPEP,0.0032627702881063004
KDR,-0.9576581718589432
P3H2,0.13677449760662444
LGALS1,1.8800878248303445
GSDME,0.6421540867170782
SFRP4,-0.686895243790678
KCNJ8,-0.5023657485827489
PALLD,0.49604979386605164
COL13A1,-0.17781420127193917
COL1A2,-0.2837928854975759
COL1A1,-0.3074414806969847
PPIC,3.7806628490710015
CDH11,1.3453278339763763
AOX1,-0.31647463588520863
CEMIP,-0.08936554740425864
ANTXR1,-0.8674423090990332
PLAUR,2.357123302705507
GJA4,-0.6713362736194936
ECM2,-0.4521655630532115
ECM1,-0.15775459502247502
AEBP1,-0.21959622643160392
RBMS3,-0.8563884809756299
LOX,1.6378477352490064
FAP,0.0023358154680886358
RGS4,-0.5741403634739198
RGS5,-0.5307001889085784
GLT8D2,-0.1160148992698818
TPST1,0.5018716872316884
COL18A1,-0.037070548373278556
ENPP2,1.711589080210112
EPCAM,-0.4565947430186829
PLXNA1,-0.15320755726124427
OLFML2A,0.10895642396534229
COL6A3,-0.098342375688462
COL6A2,1.0392963798329473
TIMP3,-0.059700727473569075
TIMP2,1.8882352855588915
MSR1,2.0318266339550806
MRC2,1.6036950735829778
ITSN1,-0.7208077496862793
DSC3,-0.016774612860418252
FSTL1,-0.08571843752968417
MICAL2,0.14394457698915886
ARHGAP29,-0.0539757921109717
E2F1,0.4088260563297605
MSX1,-1.0094234573114078
BMP1,1.6452654104261286
KRTAP10-3,-0.6773872657174476
TFPI2,-0.18063722049289407
SRPX,-0.141766191949136
EGFL6,-0.4320156326709827
FAT4,-0.5730234973336188
KDELR3,0.343300864716032
PXDN,-0.43615996149076464
HOXC8,-1.099217825000845
OLFML1,-0.2769538891638988
OLFML3,-0.19167328993067986
PTN,-0.6277602304321985
LYG2,0.23885172436210822
THBS4,-0.22847449812014464
CCN4,-0.4091380996201302
THBS2,-0.22283473181821734
THBS1,-0.3397259334159852
PILRA,0.6671689854147004
GUCY1A1,-0.6465802593666545
PCOLCE,0.027381770902733315
TGFB1I1,-0.48828003227587413
TLL1,-0.4361231116507584
EFEMP1,-0.1567635347312205
STC1,0.17575651482793286
OLFML2B,0.2591146428616723
ETV6,-0.2802193230062955
SDC2,-0.008251171764668828
TNFAIP6,-0.12363806797195763
RBPMS,-0.3365428755771655
ADGRA2,0.08533414849971195
SPOCK1,-0.23960470604431722
WNT5A,-0.7290121128333598
GPC6,0.16631936856808663
EPHA7,-0.8564045013722833
GPNMB,2.2748227821201294
STOM,1.7201280265475096
FZD1,-0.5627497846802306
SGCD,-0.4203901739843213
SGCB,0.853568140607655
SERPINF1,1.634253479335061
VCAM1,-0.3536884444232678
ABI3BP,-0.41357681952153663
TCEAL9,3.371115955196165
EMILIN1,0.04033468111646636
CCN2,1.1757289430821638
VCAN,1.2583294385083224
ADAM12,-0.20977931600349
NOTCH3,-0.349724695946076
LAMA5,0.014407815838083168
RAB31,1.9083511069154668
PLOD2,0.29435455487661283
GLI3,-1.0820499661548395
OSMR,0.10854976769235627
COL8A2,0.11721161930304008
COL8A1,-0.2817986591738246
ADGRF5,-0.3598659905682085
PLAU,1.843746643389536
PLAT,0.025973788452011003
GPC3,-0.4437448398735337
TNC,-0.09087834311278409
SERPINH1,0.8608577375950481
TMEM25,4.607705683799078
PCDH7,-0.5157885208552994
PTPRM,-0.1271919901784046
PTPRK,3.179206931726137
ESM1,0.42758111147436884
CYP11B2,-0.515841596569599
STK11,-0.6553559736841582
STK16,-0.6710003637098834
DLGAP5,-0.8875151650637935
ZNF701,-0.770310320528594
PIK3CG,-1.0471756222823658
ZNF585B,-1.3526151844166348
IRAK2,-0.2846795624730363
IRAK3,-0.23425353414235797
IRAK4,-0.6459690350034596
ZNF43,-1.1889645767975452
ZNF41,-0.22448554301272705
CSF1R,0.5451210453867431
ZNF682,-1.1108092799341407
CAMK2G,-0.6307669142812393
CAMK2A,-1.5053975646162667
CAMK2B,0.8685107322683033
STK4,-0.9282785940154742
LMNTD1,-1.576189819424483
ZNF676,-1.5437340444165895
ZNF672,-0.5852216687093127
ZNF671,-0.7397658381656387
CCND1,0.5727631543852939
ZNF678,-2.107754866148156
ZNF774,0.21900731042030794
STK38L,-0.48732916500962564
ZNF771,-1.3549462851081044
ZNF197,-1.4211580475826338
CALHM2,1.8628714464384133
CYP11A1,2.2325844495786007
ZNF519,-2.0461959489370254
ZNF224,-0.8792883558240016
BLK,-0.9627944436145438
ZNF491,-1.02744713679786
KCNH2,-1.0243587031214323
CACNA1D,-0.7989860320211958
CDC123,-0.40559348340669926
ZFP69B,-1.8103250272995766
CDC7,-1.1431951096564192
ZNF573,-0.9899684003763941
PLAAT3,3.7069603713090364
ZNF85,-1.1257143680039778
ZNF84,-1.0668584560771592
ACTBL2,-0.547715689948369
ZNF688,0.03718935105030663
ZNF497,-1.0923353979978705
ZNF19,-1.53851367842205
MLKL,-0.5375606902231065
ZNF16,-0.7817486505163216
ZNF10,-0.8138808810264377
CDK18,-0.8539500607408147
CDK10,0.06025156110292936
CDK17,-0.8102741076482769
CDK14,-0.805706707928798
CDK15,-0.5487408023391313
ZNF304,-0.7725954942005242
ZNF302,-0.5549744215283853
E4F1,-0.8016601068785402
TTBK1,-0.892315335162866
ST6GALNAC3,0.9114391848725925
CYB5A,0.1519183900072543
CYB5B,-0.1544173976071676
ZNF544,-1.1250619460694669
ZNF547,-1.9812242785457699
ZNF546,-1.0169690846273738
ZNF540,-1.2426368578592595
PPP3CA,-0.2741727125528741
PPP3CC,-0.1654068877275325
PSKH1,-0.17974041058853676
CDO1,-0.4574930011649544
GCM1,-1.0258612547859092
SLC25A11,0.08882615659981258
ZNF333,-0.6525170456837325
SRF,-0.8201674695499598
FGR,-0.5834011932531058
ZNF266,-0.7208207115192745
PIP4K2A,-0.578743806393811
NMT2,-0.11291339840238361
RSKR,-0.8226800137408867
ZFP82,-1.4604591574538683
ZNF670,-1.0192464406486157
HSD3B7,0.09916633957450044
PAK4,-0.40736547984099436
PKN1,0.8324308224059049
PAK2,-0.6212750647988252
IL10RA,-0.04212303892585692
ZNF696,-1.2360980959981462
ZNF596,-1.4205235089647812
TRIB1,-0.48047537091672676
TRIB2,-0.8996196208176223
TRIB3,-0.6267958304823215
NEK6,-0.6330779032318564
ZNF600,-0.7394768529895824
AC006486.1,-0.8448913178300639
STK26,-0.636860657085475
ITPKB,-0.43771442713600045
PRKG1,-1.0208417740170033
ZNF768,-0.7016776130236476
PPP1R9B,-0.7260919309608657
ZNF180,-0.9720031491570865
ENG,2.360743842741479
NAXD,-0.06253675436316236
ZNF189,-0.4338523206343038
PDIK1L,-0.7477971390515994
ZNF26,-2.334228592126173
TK2,2.6086646393666957
ZNF121,-1.252192958193394
STK32C,-0.5960043279077382
STK32B,-0.8441014288795354
STK32A,-0.8206038744286113
CALML3,-0.9881527095238528
PPP5C,-0.44626759077875167
CALML5,-0.9270775613584259
CALML4,-1.0263648547493527
ZNF501,-0.9199604505348098
ZNF117,-0.7629926778636117
ZNF502,-0.5870859679997457
ZNF112,-0.9370127193226135
ZNF239,-1.223890815236406
HDAC9,-0.7789050112868666
PRKAR2A,-0.7287338785739386
PGAM2,-0.3306220602140464
OXSR1,-0.6741817337901833
FLT3,-0.9429071583780293
MYH1,-0.5578379774276673
CYP1B1,0.33691950897052797
CDKL4,-0.7147657927773579
RPS6KB2,-0.3807058942687954
ZNF343,-0.7046660747925483
ZNF430,-0.9569974275296982
ZNF345,-1.1694354103649298
ACOX2,0.06017996739623403
CDK5,-0.3702282485404881
RAD51,-0.8514263349295802
GDPD5,0.07274086402003196
CDK9,-0.6948625793475282
ZNF441,-1.2319907165571107
PTK6,-0.9368218887368219
PRKX,-0.29843104591590347
ZNF721,-1.2781673310845412
CEBPA,-0.4597297870051055
ZNF3,-1.0454148673088706
MZF1,-0.3866387817786586
ADCK1,-0.3799517734386251
AURKA,-1.1471108995380668
AURKB,-1.2246213607162104
PRKCA,0.697643171529443
NINJ1,2.6820434081601934
PRKCB,0.5494189965780234
ABHD14A,0.8554214694293784
AP2A2,0.03369034193284039
NIM1K,-1.0701685091124962
CTNS,3.4130681167823407
BCL6,0.4337736326093891
CYP11B1,-0.27777136000235864
MYL6,-0.11316351753671813
PKDCC,-0.7464256508971863
MYL3,-0.9890528157354768
MYL9,-0.3940754420349853
MAP3K8,-0.28967482073985573
FAM153B,-1.1906832051695369
DEAF1,-0.15153142112520882
ZNF773,-1.3274800856915798
ZNF570,-1.194598931674648
ZNF572,-0.6607156599985076
ZNF577,-0.6565911777596267
VRK1,-0.9471231616366346
VRK3,-0.3127340092701741
CREB5,-0.7176821774987732
CREB1,1.529082476689362
PNKD,0.053878513923021294
ZNF334,-0.8926239610821248
PIP5K1C,-0.2923477707579378
ZNF79,-1.025951060089584
MYO5C,-0.4830881722391135
MYO5B,-0.5126447983429437
MYO5A,-0.4311131735933934
DDI2,-0.650906689033025
RRAS2,-0.33802309833858
ZSCAN2,-1.8492266834150028
SMARCD3,-0.3156787762066075
PPM1F,-0.5032243029664719
PPM1E,-1.00745661397053
PPM1K,-0.9494219755534564
EGR4,-1.3258335765956033
CHEK1,-1.2034000191181469
STK40,-0.8347676104804178
ZNF582,-0.32223638155262807
PTPN7,-0.5446869255916628
PTPN6,-0.4459169771551423
ZNF615,-1.1288047567941908
MOCOS,-1.3364840422627455
CAMKK2,-0.6402994805356432
CAMKK1,-0.6332381554729973
STK33,-0.8405044885183024
STK38,1.789083702408872
CDK4,-0.9183987841738511
LCK,0.5270997323700268
SYN1,-1.0939361676833048
RPS6,-0.3096501909799978
ZNF35,-0.540929237184737
PTAFR,-0.20379120741966167
HCK,-0.5190793300004932
ZFP3,-0.6447945451003854
BMP2K,2.1144407325988204
CD86,-0.2128480391624599
CDK6,-0.7162783702347207
MARK2,-0.5224844354015896
ZNF107,-1.040152781432398
ZNF100,-1.493245336886895
ZNF248,-0.8762285674053454
TSSK3,-1.1299147813385042
ACSS2,0.8421706426554015
ACSS1,0.17254553485946922
ZNF329,0.29405245961805143
ZNF660,-1.0236756722175466
SGK1,1.4858285703076157
IL16,-0.5759927666678835
FIS1,0.29900499036774997
PLN,-0.6255799125980173
PEG3,-0.7555837187256215
CAMK1D,0.5109471420804271
SPATA20,3.336481176082086
MAP2K7,-0.9171082776131624
MAP2K6,-0.5075246160871045
HPCAL4,-1.390629117237548
MELK,-1.2645900935261056
GAK,-0.44697101617921703
NRGN,-0.7578810351485816
PPP2R5D,-0.5308242511644623
STK39,-0.2670800313850339
SAMHD1,0.09552871899254378
ATF6B,-0.055481948603015585
EFCAB2,-1.1400584833599507
ART4,-0.27045149989077927
AKT2,-1.0204074971002108
AKT3,1.237705839703168
ZNF70,-1.0782369051800724
ZNF71,-0.9835663308602692
ZNF141,0.05898425464556115
GRK3,-1.2601899852114145
ZFP2,-1.5592811158938022
EDN1,-0.6844696993497591
ZNF664,-1.219458097183656
ZSCAN22,-1.7159966168385319
RNASE2,0.22720693128072073
TAFA3,0.22466408489616774
KCNN2,-0.9487681654946917
BRSK2,-1.1568458141901783
ZNF443,-0.8660790819213107
GSK3B,1.196024265165357
ZKSCAN7,-0.8180903937591658
ZKSCAN8,-0.8160431283040801
ZNF211,-0.6963343068335902
ZNF219,-0.49423260985244305
DCLK2,-1.2631696331939963
CHD3,-0.6504010227612935
PPME1,-0.005004822278818535
PIK3R4,-0.4178342547385398
PIK3R3,-0.8515728059167385
ZNF287,-1.3534117163914912
ZNF285,-0.864052744054301
PRKCE,0.7040682101911163
ZNF566,-1.0790171775897421
CDKL1,-0.6159671111358338
SIK1,-0.5260245029135175
SBK1,-0.8242784456539576
PBK,-1.1723980700431353
EPHA4,-0.8693507698212293
EPHA1,-0.8621841036564233
TMCC1,-0.0993341735139423
MAPK10,1.0443862896906926
MAPK11,-1.076118908351599
MAPK12,-0.7154315108759036
MAPK13,-0.7862787900741468
ABL1,0.8935969742406527
CCDC106,0.34767283792428594
ZNF625,-1.1858955921289074
MAPK7,-0.5314872437298676
PHF19,-0.8007678949118825
CGB2,-1.1478006034777761
VAMP2,-0.3957200613397201
FADS2,0.5900967947761157
CSNK1A1L,-0.9293000769727269
ZNF485,-1.8118347297677035
ZNF134,-1.072751188610595
ZNF135,-1.0869549689374776
ZNF136,-0.7778461982418533
MKI67,-0.8869356673281299
RPS19,-0.273076427186774
ARL2,0.16788355326164028
RIPK4,-0.8742651348943096
TSSK2,-1.5825391412763592
TXK,-0.9917370986669936
AKAP5,-0.2167861202695558
KRBOX4,-0.607699241251361
ZNF419,-1.1064539178516877
ZNF551,-0.9623765986050514
ZNF417,-1.0454124435408307
ZNF415,-0.7472679295331697
ZNF558,-0.3515969506582314
ULK3,-0.6222821498625514
PIM2,-0.6623455318607703
LONP1,-0.5731941535007681
AAK1,-1.2606790156173862
PDPK1,1.2721372971807807
CREB3L2,0.5563906205680164
CREB3L3,-0.08998853536647042
ZNF286A,-0.2677249813117594
RPL37,-0.25600727043221405
NCBP1,-0.7031829020557798
MFAP1,-0.37075529236558535
PDCD11,-0.7527679043745311
SMG5,-0.31024974510480524
SMG7,-0.5704169502033712
SMG6,-0.4836473541158902
SMG1,1.662709812291547
RPF2,-0.7104984202699666
SMG9,-0.5687660363772783
SMG8,-0.040605853326334644
NOB1,-0.5253837386755765
PPP2R2A,-0.5052506020227039
IFRD2,-0.5858965780028291
EIF5A2,0.09017471735490296
YBX3,-0.19583184383522814
RPS27L,2.243014156533075
POLR1B,-0.9647261101080736
POLR1C,-0.9025795703389011
RNPS1,-0.8200608122487782
RPL7A,-0.4079868995642832
GMDS,0.5747229528757418
PPARD,-0.06323180600647775
PYM1,-0.5680885310970745
SERBP1,-0.5304009958505709
EIF4A3,-0.7042482402656873
RAI1,-0.09644865302565821
MUS81,-0.6655905366729652
NEDD8,-0.3665273508302206
RPS4Y1,-0.3047896742913467
SPCS2,0.4256534450184289
TIMM9,-0.4067849299186063
SRPK1,-1.007239377848824
TAF1D,-0.6815348790914095
SPCS3,0.4414300173220865
EIF2S2,-0.3147184369254304
MCTS1,-0.19616224341945576
SEC61G,0.30032707073254156
SEC61B,0.30795788873269175
EXOC2,-0.4148488139325789
TRMT112,1.596462137952316
EIF3J,-0.5627685106407285
EIF3K,-0.10716449156016633
EIF3M,-0.3308921018355
EIF3A,-0.4727170722587161
EIF3C,-0.41358160355304396
EEFSEC,-0.2676717462241879
EFL1,-0.4645607333571369
RPL37A,-0.3527176762275991
RPL27A,-0.3318216665267294
EXOSC8,-0.8936760563663663
WIF1,-0.6847670603093112
ARFGAP2,-0.05772409005452831
EXOSC2,-0.8702365302247841
EXOSC4,-0.552343588725237
EXOSC5,-0.7904768621814506
GTF2E1,-0.7380791628470039
DDX56,-0.6135140715841718
PLCH1,-0.5782623786795108
DHPS,-0.18926839876777563
CNOT11,-0.12931745432685088
ZNF24,-0.571335555009427
EIF4H,-0.07675564101095407
COX7A2,0.1366497316844289
RPL7L1,-0.500289794031469
RPLP2,-0.19526158494208803
TEX10,-0.8367403399211791
RPL41,0.21504631892314546
UPF2,-0.6812302564966227
C1QBP,-0.6493821953114666
SRP72,-0.3761923602484908
RANBP1,-0.6450399192864046
LETMD1,2.2834317206284562
RPS4X,-0.4677695208960602
RTCB,0.02972093482724308
COASY,-0.3720545474911465
RPS3A,-0.2768607639910129
RPL10L,-0.44261888776996217
ERCC4,-0.9147763543945294
ERCC5,-0.25385643668072433
RPS4Y2,-0.1282745142780658
MRPS11,-0.4153747900388361
NOP56,-0.7683037010947622
MDM4,-0.6177579600037936
NDUFS5,0.08441738733604469
LSM8,-0.4433222214532496
LSM5,-0.5600281124796647
LSM6,-0.5875119756975992
LSM1,-0.21638449650981764
CASC3,-0.5597772801084866
HIST1H3D,-0.9923686109294987
DPH1,6.049677146729479
DPH5,-0.30741879035577446
SSR3,0.12600377783364933
SSR4,0.4717336824840267
SEC61A2,0.4029770918969894
NACA2,-0.8024641255166529
LAS1L,-0.8658237474813973
RPL14,-0.41174131282152043
RPL15,-0.29358856427598473
RPL23,-0.3677864732192727
RPL39L,-0.4777965898804397
HIST3H3,-0.7842006758455602
NOP10,0.0723767439934408
ROMO1,0.1095505089538757
HSPA4L,1.41408985700312
BCCIP,-0.46369807512913774
RSL1D1,-0.5827410809546372
RPL18A,-0.3861846638096404
ARRB1,-0.7996087922585818
RPS9,-0.40165985206756366
RBM8A,-0.41887703945382637
PNO1,-0.6273053454263657
RPS26,-0.3651754120047816
RPS24,-0.2082654720277408
RPS25,-0.29270568817402026
RPS21,4.064874513544748
MAST3,-0.4184435129366683
SRP68,-0.18197360954658207
MAGOHB,-0.8324813949206755
DNAJC3,0.7761614496599041
RDH14,-0.7769126717086091
RPL28,1.7379085023912126
RPL26,-0.3516254712927895
RPL21,-0.15231302787356413
SECISBP2,-0.41369899044258246
TRMT61B,-0.6232580663490257
RPL22L1,-0.2754937007564285
HIF1AN,-0.5728115986110419
EIF1AY,-0.21666060984454275
OAS2,-0.3793529996381401
MAGOH,-0.7206374333975717
MRPS9,-0.6536465955690052
NKRF,-0.8025856521226379
UPF1,-0.7253584442136358
RPL6,-0.3529640892201415
RPL7,-0.4380771509540237
RPL5,-0.45953937887411944
PABPC4,-0.27056496826342724
EXOSC10,-0.5775265639086589
NACA,-0.06369000146631226
ISCA2,0.04560560123111703
POLR2G,-0.7091004274846132
POLR2L,-0.4276318423186193
RPL35A,-0.33548776593659657
NPM1,-0.5137208612847137
PABPC1,-0.5299377625680171
PABPC3,-0.48785499858872355
NSA2,-0.47837498106638726
HIST1H1E,-0.697074691107755
EXOSC9,-0.8459734102902048
PSMB1,-0.4460546343517331
RPS13,-0.4519406870472241
MRPS12,-0.5418316639107299
RPS11,-0.39674611761126255
RPS10,2.657787902286856
RPS17,-0.29357646404024323
RPS14,-0.5239691780011859
RPS18,-0.5427168623522983
IGBP1,0.13126103336026732
RPL3L,-0.9717440495509986
SRP54,1.9428553007690283
SNRPN,-0.531085171476257
RTF1,-0.5376389749248206
SNRPE,-0.7517041144647783
RPL26L1,-0.4649489377623818
RPL39,-0.30436899258453015
RPL34,-0.1522110515693998
RPL30,-0.39193349906386743
RPL31,-0.24186689385684323
UPF3B,-0.719330578773343
UPF3A,-0.46847517684410533
DKC1,-0.7647668592152084
COPRS,-0.599016688670689
SMARCC2,-0.9246559698771908
HIST1H4B,-0.9621467574509598
SMARCC1,-1.1535371829253367
HIST1H4E,-0.8343421668867067
HIST1H4J,-0.9608484049506134
GLRX2,-0.1079757865795897
DCTPP1,-0.5889184742438521
SCO1,0.18370152638973347
LYRM4,-0.4667976651907198
PRPF4,-0.5289987582513477
EARS2,0.08539941415270624
PRPF31,-0.9044549338838326
CBFB,-0.30864784236181997
MRPL51,-0.18703489557928907
NDUFA12,-0.16365514255202182
DPY30,-0.4690466475294053
SCCPDH,0.47369052159036795
USP39,-0.6258085435727297
HYLS1,-1.0373584691445858
SNAPC5,-0.15950048889525587
PTRH2,-0.4181979047193281
MTCH2,-0.07852223986747044
H2AFX,1.4675309360283895
H2AFZ,-0.9091393589121695
POP5,-0.231690219397961
MRPL24,-0.30634100922621776
ADCYAP1,-1.6580805578074853
PTPMT1,2.107536593672947
GTF3C6,0.06418376981136777
SLC25A33,-0.03010990063113368
EFTUD2,-0.540152597192237
PSMG1,-0.5199972019014016
HIST4H4,-0.9012576950210581
NAXE,0.8063592839127074
HIST2H3A,-0.9587208179108314
HIST1H2BC,-0.714386648639412
CMSS1,-0.8287385963461471
RBFOX2,-0.5831023743856388
VBP1,-0.4902206299886945
ARRB2,-0.732760517671463
NDUFAF3,1.5626566400989175
NDUFAF2,-0.3847358317673464
ADSL,-0.49050546021558716
HYPK,-0.19699399518371916
MICOS10,0.10270687609037005
CFAP36,-0.39808999027701863
GEMIN5,-0.416935748462936
PSMB6,-0.18174170919249114
WIZ,-0.8636250732800226
CRTAP,2.072531637432956
ARL3,3.4580401395372937
HIST1H2AJ,-0.9058282716023301
HIST1H2AD,-0.9411066544852744
TXNL4A,-0.4050675948776825
HIST2H4A,-0.6802752609858336
TRMT10C,-0.5150365888926229
TIMM50,-0.4723691224080144
COA6,-0.29703006379064656
HIST1H3C,-0.9685334857864857
FAM216A,-0.7932230396740936
HIST1H3E,-0.6993918237464608
HIST1H3J,-1.1527514930637077
HIST2H2AC,-0.7530144693816484
KTI12,-1.341597787116353
EWSR1,-0.6366073349548774
EPG5,-0.011803730714861802
LINS1,-0.48146089373748757
KDM2A,-0.7921896163969052
CEP295,-0.8380702675595213
AKAP9,-0.6308459497573561
ZSCAN16,-1.0841961905186541
DSTYK,-0.9200614084718907
RC3H1,-0.5642854692170881
ZNF451,-0.401434187234844
AHSA2P,-0.8298357954969047
RSBN1L,-0.5018298241076847
TTC39B,-0.45237194825948085
CEP85L,-0.6696363899878711
NPHP3,-0.12408117525413519
SLC4A7,2.4710048307775154
ZNF816-ZNF321P,-1.323154593334249
AKAP10,-0.6421476093384986
NCOA2,1.1652435740416216
SMC6,1.431549306828368
ERICH1,-1.010232567172467
ALG13,0.21835835005768015
SREK1,-0.6851763585024947
ABCA5,0.0746318929073878
PBRM1,-1.1600432192393866
RBM6,-0.7414241196922354
RBM5,-0.8007792289459559
RAB2B,0.009764940161790855
ARL16,-1.021399414459964
DDX17,-0.7047687969107101
CDK13,-1.2135273620787776
CNOT2,-0.5616083498814768
N4BP2,-0.5886240360071404
MIS18BP1,-1.2333997340124643
SEPSECS,-0.13345721926739884
HMBOX1,-0.9931881099193998
PNN,-0.7576925671566825
FAM126B,-0.01392372890958387
IKBKB,-0.15127000216600078
TNRC6B,-0.7307803176098324
PCF11,-0.7540888919230847
SMIM29,0.1657067237381379
NPIPB4,-0.7477678569420406
CEP192,-0.5937639663048864
BAZ1A,-0.5248468854832499
SSH2,-0.6972307278233789
MANBA,3.7644591797247595
SLTM,-1.3241473318248806
NFATC3,-0.4743469949751404
CCAR1,-0.8387534846283781
SHPRH,-0.7654020796058363
CEP97,-0.7660432989824049
MPHOSPH8,1.4540136392988416
ARID2,-0.7346604551254065
HSPBAP1,-0.37250645836008617
LCORL,-0.39720186814671743
RCOR3,-0.9165321806032259
RASGRP1,1.5378116918938634
ATXN7L1,-0.9766284926105168
SNRPA1,-0.7908974096240249
USF3,-0.27350145020254685
TRAPPC10,0.8802318554668207
U2SURP,-0.8067884126524043
ZNF808,-1.0260757893658463
ZNF805,-1.1617708015578065
UHRF2,-0.2047116353545876
TAOK3,-0.2295192548223895
MYO9A,-0.7757098975363155
USP3,-0.39005408995386126
FAM13B,-0.35820309111372745
FAM192A,0.08243501287614423
ARAP2,-0.18684003443648536
RALGAPB,-0.2095712463963041
ATG16L1,-0.3246892271817656
MFSD8,-0.22742186387887253
RUFY2,-0.21544835505374998
KRIT1,-0.40180923585863093
FBXO11,-0.7094559778390015
PRPF4B,-0.748232753366256
ATF7IP,-0.5172062359692445
RAPGEF6,-0.535869508276792
S100PBP,-0.7063512991119473
SLC30A7,-0.016846474221298216
EML4,-0.29546420119411665
DMTF1,-1.0293286027308168
ANKRD49,-0.5846059781671912
SETD2,-0.8212253509083705
USP37,-0.7167612054977532
SYK,-0.7081241143451482
TTC17,-0.17972800405920988
ZBTB20,1.5221846617224193
TASOR2,-0.5201590663184886
MED23,-0.6616609951330181
RICTOR,-0.5339919429069752
USP48,-0.5595797033319033
JMJD1C,-0.47367134792667476
RBM39,-0.7701528531239841
CDK11A,-0.7142332429363089
TENT2,-0.5960829224790565
ZNF586,-0.2882297025408956
REV1,-0.8034314610502911
EHMT1,-1.1179436325552823
PHTF2,-0.14644163354275344
MARK3,-0.7661492536084558
ZNF101,-1.215086860296772
NAA16,-1.0360500489044193
NEMF,-0.6116977609914062
FAM214A,-0.008073754668948696
CFAP44,-0.5102664393904498
SON,-0.5775262806951552
NIPBL,1.339905615348572
HNRNPA2B1,-0.6481729233742131
RSRP1,-0.24975311755993457
PIGB,2.3157324298644033
WDR33,-0.6788089870880804
KMT2D,-1.309242305833864
PKN2,-0.6983747148862962
TIA1,-0.7543368730765077
ZNF292,-0.9649550375153971
SP100,-0.41849583367917687
PI4K2B,-0.5934725723832582
TRMT13,-0.72807179709142
ITSN2,-0.5411136763552379
CAPN3,-0.17384009507281498
PHC3,-0.47951752883956117
CREBRF,-0.23209400249935203
ATG2B,-0.5489270071222693
FAM76B,-0.8496140407745391
L3MBTL3,0.17530127322123057
XRN1,-0.5729160964106441
NRDC,-0.14226991402201644
TRIM33,-0.7348331650713834
LUC7L,-0.7908478743997949
ABHD18,-0.07989040420589519
LRRK1,-0.7455932230818767
CHD9,-0.7837412755583265
ZFC3H1,-0.495329853498412
ANKRD27,-0.755089065536347
KIAA1109,2.451419336227195
KDM5A,-0.9119741848623074
AGO4,-0.23316438627836142
AGO2,1.9288257559087283
FNBP4,-0.6818456592952715
BCOR,-0.7606215663838618
GPBP1L1,-0.36010557404586113
ZNF138,-1.0818468414960376
LPXN,0.02306863550269446
MPPE1,3.238492120514342
VPS13C,-0.3116769656505505
VCPKMT,2.6133112896641695
DENND1B,0.04695730037546893
RASA2,2.337382868475323
ZNF707,-1.1467221485984727
BPTF,-1.03385577938028
STX1A,-0.8151188105261193
MRPS10,-0.5133357161029007
CENPB,-0.3956700910532328
ZNF747,-0.8415023240583531
MRPS24,-0.33406319747147145
MDFI,-0.7394957863869779
MRPS33,-0.2848417764937092
MRPS31,-0.5677712450255245
DCAF1,-1.0451700201292518
ZNF783,-0.5240247514535971
PTCD3,-0.8285531177001925
ZNF579,-0.7556077468756337
DAPK2,-0.9273022565149072
ZNF316,-0.91070900908408
SIRT1,-1.050948940438138
ZMYM6,-0.27827472260939773
ZNF445,-0.8916496590703524
MRPS5,-0.29118921919593893
MRPS18C,-0.5330220129005586
HIST2H2AB,-0.4753323656755353
MRPS26,-0.34998089868940446
LLGL2,-0.040018211755785064
KRTAP10-7,-0.6824005459614024
KRTAP10-5,-0.9955950999021758
MRPS25,-0.5717458044653679
MRPS22,-0.37506843185829836
MRPS23,-0.46645939356337873
MRPS28,-0.42954938023446754
HOXA5,-0.6812989809366216
NKTR,-0.8596417982343529
DHX57,-0.7767277931445531
TOR2A,0.5113313790785672
NIPA2,0.2068139472356395
S100A10,2.11897468878983
SMAP1,0.042816983770406214
TPD52,0.03247812722853088
COMMD3,0.9419741666665121
DRAP1,-0.16015215550147324
VDAC1,2.556904078259372
PARL,0.1544059145798053
GNG5,0.17521095646071616
PTGES3,-0.35800665465404713
NUP54,-0.757398988588814
ARPC1A,1.0782983066406793
POLB,0.3978205856568639
FAM49B,0.18738264958193265
CLTA,1.115784458351366
SUMF1,10.553916818524552
PSMG2,-0.21313069046154476
TMEM70,-0.0741117707782913
FDFT1,3.070445020115184
NUDT9,2.6527807468929896
CLNS1A,-0.3327606200366339
MRPL15,-0.5258177048038276
MRPL18,-0.3576099714749498
TPRKB,-0.24984904110075973
ITGAE,-0.12192147175871786
PTDSS1,1.8361817000254737
ZNF207,-0.33569245770996237
NDUFAF4,-0.4318633851688038
NDUFV2,0.8688307757336737
PSMA3,1.4673203796500296
LAPTM4B,0.4107969256844806
EMC6,-0.02234505084141298
ENY2,-0.2599457422626564
RAB10,0.009905370345612662
NDUFA7,-0.17989608527103085
NT5C3A,-0.19080867153920997
CKS2,-0.7722575287776362
JPT1,-0.24534338297963004
MAIP1,-0.14642439209767596
CMC2,-0.24376540143436035
NT5DC3,0.9041699415085043
MRPS16,-0.3759793828536852
UTP3,-0.5328572379262402
GTF2A2,-0.2762530318564016
TMEM258,1.7649287046453939
WDR82P1,3.9735762942445025
CIT,-0.9374913534939424
CACYBP,-0.5697676131648273
CNIH4,0.47170641356386744
TRMT5,-0.16231375873398643
DYNLRB1,0.3825485602424909
CNOT7,-0.5259053274208387
RMDN1,0.44530679964209197
LSM4,-0.46852538963091755
COA4,-0.24033925309400034
INTS8,-0.6394185294603068
ORC5,-0.7214704437518024
LSM3,-0.343670910799579
UQCR10,0.1374541322269686
LAMTOR5,1.44625823915979
EEF1E1,-0.5682042122511024
ZNF704,-1.7215542045376753
IMPDH1,-0.2136169974571351
DCP1B,-0.31084692213092
SF3B3,-0.8100634414753176
SAP30,-0.98886156625723
ZNF260,-1.164021251144215
ZNF414,-0.7840138293821719
SIN3A,-1.0745219161353263
SUDS3,-1.2504036010778268
INGX,-1.0522071827349544
TRIM67,-1.2792285391411897
ZNRF3,-0.27082766508124745
SAP30L,-0.5200729529446345
HIVEP1,1.387534981573459
ZC3H10,-0.8983078238081547
FAM168B,-0.15759042750149743
PRR20D,-0.07426075799544392
TEX37,-1.019961476885877
JUND,-0.40468132370172366
ZC3H4,-0.6761211066502627
HELZ,-0.6753848758982199
MKRN3,-0.7700559790486708
MKRN2,-0.20392020394858437
ZMAT5,-0.048294152732696584
LOC105370298,-0.5286260636513651
ZRSR2P1,0.4743886986416265
DAB1,-1.2264163554899055
MLLT6,-0.45861693694238376
OXER1,-1.030379315877119
RBPMS2,-0.5002104327709536
DDX39B,-0.7268227134744039
RBM27,-0.5890663325442027
U2AF1,-0.5539093309836413
PRR3,-1.0398976754818785
KRTAP6-2,0.3155781926197481
TENT5B,-0.10931757777080382
OTX2,-0.9732554598172241
ZC3H15,-0.5554839248080058
TRMT1,-0.5064957370995106
ZC3H18,-0.643815556642857
MSX2,-0.7531718958180937
RBM4B,-0.8228797229659849
ZC3H7A,-0.05005337448147868
TOE1,-0.6468104903693872
NCS1,-0.7539280785825818
PPP1R10,-0.3178679508723097
NUP42,-0.7692175448631342
C10orf55,-0.389113572586386
FOXH1,-1.3863282766062748
ZRSR2,-0.32707843519127683
CPSF4L,-0.637172483976185
PRR20E,-0.353120398858867
PLA2G10,-0.68312260567595
ARID5A,-0.1752923310294708
C19orf54,-0.10422181761718682
ZC3H3,-0.3423455368823267
PRR20C,1.3465426537228464
NFYA,-0.4286783677638477
PIAS2,-0.8210672124583703
ZC3H6,-0.5880786706242447
RBM26,-0.18962503495714658
ZGPAT,-0.3768414005570538
PRR20A,-0.5286260636513652
FOSB,-0.24511668285947266
POU2F1,-0.9768136991263879
IDI2,-0.14037839312297992
TRIM14,-0.1796249714398661
UBE2DNL,2.2014854018848737
PRPF6,-0.37556711923598796
SUZ12,-1.2894002748856905
TSPAN15,0.008475894639956023
OSBPL2,2.836834836547781
SYNCRIP,1.5373753122986156
XAF1,-0.21782211192206685
DNAJA1,-0.39582681075980997
PARP11,-0.1241154547011187
RNF2,-0.9748306636504294
FBXW10,-0.6602791124508749
YTHDF1,-0.11031163925754434
KANSL2,-0.6260139530469776
NFIL3,1.7816622482112223
TMEM123,0.5138612192120888
GID8,0.08147345339441361
CDKN1A,0.69973132650316
SART3,-0.9172823492842066
CLP1,-0.6349718948412382
POLE3,-0.6892295008877597
RTF2,0.15832046371085293
FBXL21P,-0.5503971235546148
FBXL22,-0.4612481968114139
NUDCD2,-0.2565853254640532
GRPEL1,-0.3105918970536538
TRIM55,-0.7823831475918473
PLP1,-0.6110780779627719
TRIM52,-0.5284877451594625
FBXW2,-0.36332183712783483
HNRNPC,-0.4082066588958568
ADRM1,-0.22256784638217644
WBP11,-0.5936548755156384
AIMP1,-0.251238582009972
WAPL,-0.6286529476342676
COMMD3-BMI1,-0.7324371487747923
TLK2,-0.7066155262580783
TBCC,0.3028251474862022
HNRNPF,-0.6573613220651561
FAM32A,0.46497733471596436
TOMM20,-0.22776494968515523
LAGE3,-0.2629543514269271
DTX3,-0.5068697328922324
LACRT,1.0602702879030586
MOB1A,-0.049266363874610676
CPLX1,-0.835864818666676
RNF166,-0.1483929609416431
TM9SF4,2.6313000499580306
CSTF1,-0.8095042737296091
USO1,-0.10060886248733693
HIPK1,-0.6486416522833982
SSH1,-0.1640276372053135
REXO2,-0.770612501883429
KPNA3,-0.6529707666822926
KDELR1,1.4035964489294979
VPS72,-0.7816771724819686
UGCG,4.126427240211935
TIPRL,-0.07219896784745151
RAB7B,-0.8846001489182034
NUP153,-0.768788674440474
GABRD,-1.1497702548648525
AGO3,-0.6640998126916495
DYNC1LI2,-0.249382369696342
TNPO1,-0.17775585852659587
PRPF40A,-0.5864303223855983
PDCD6,-0.0412658832185036
IGHA1,-0.4823344370225382
MTF2,-1.1106779521382344
ZNRD2,-0.4809272715442823
USP13,-0.28249298449073124
ATN1,-0.659527361572572
FOLR3,0.4295077811572111
ZCCHC10,-0.5611098633694133
AGK,0.006351005681888112
UCHL5,-0.6605597766723669
ANP32E,-0.0793680234269155
SRSF10,-0.5495473948593558
ANP32A,-0.4069452550982815
VDAC2,-0.09730132162484054
C8orf33,-0.9285087656904281
RBM15,-0.7962929477897169
KHDC4,-0.738532547020007
TAF1B,-1.0979353615794845
MRPL50,-0.6480512346793648
ZC3H14,-0.44526581887479855
DHX9,-0.842460550465786
DIMT1,-0.5017444998272748
OSGEP,0.03939758855917605
NUP98,-0.6824370183983548
NDUFB3,-0.05170571653816328
NUP93,-0.5595551762148201
TAF1A,-0.987162555484848
HSF2,-0.6943942477867757
IFRD1,-0.19747190910766854
MED12,-0.5337576409823301
CEP83,-0.7473357649893929
HNRNPDL,-0.5224383461054307
DDX46,-0.68903481548283
DBF4,-0.9433957602471301
PYDC1,-0.7368626171410526
SNRNP27,-0.24408177229109893
TSN,-0.46344413576676996
HMGN5,0.695731748802698
PDS5A,-0.6955009668808204
GTF3C3,-0.6366328090056379
KRR1,-0.711418193520658
TNNT1,-0.5773318622637238
CHCHD3,-0.550587740034633
CCT8,2.1825405817776247
BMS1,-0.8628869907170503
FARSB,-0.24764451405278243
IPO8,-0.7794859507295703
CETN2,2.840942875371528
TTK,-1.0383942888309976
HMMR,-0.931861740506863
CCDC59,-0.6467986519938785
PAXIP1,0.6389079196729784
FAM136A,-0.5975378192926168
FAM120A,-0.011676055264283895
RPAP3,-0.6061675494475789
GART,-0.7362155445341884
ARL5A,-0.05361990981190616
MCCC2,-0.29914625541107587
NUFIP1,-0.9350801375176396
ZC3H8,-1.0260709451492338
SNRPB2,-0.47799917262447045
DNAJC9,-0.8671069397489264
TOP1,-0.5275757685722423
RRP15,-0.7436999373373956
NUP133,-0.8183932575405487
KIF23,-0.9183003004926498
PRKDC,-0.8602383180164926
UNG,-0.8210175502233236
PRKCSH,0.7360934891918399
MTIF2,-0.6276512894233488
AKAP11,-0.21520450147683753
DCTN1,-0.36203187252469005
DCTN5,-0.1769785280024572
PHAX,-0.6566249382403765
SMC2,-1.0697667693387347
GRWD1,-0.7507985331817082
ARF4,1.0001409753285944
SOAT2,1.4828842930032087
RBM17,-0.7604123168769032
TFB1M,-0.6141168905957922
CEP44,-0.6734469256097398
HACD3,-0.137401698203084
RGPD3,-0.4559253249156445
NOL8,-0.820969316151706
NOL7,-0.2775129334617501
MOB4,-0.29345941869902464
RIOK2,-0.6159789925325685
CEP170,-0.7330608314449695
LTV1,-0.7435531768639833
GEMIN2,-0.6640021179114933
TBCE,-0.5051897270159835
GEMIN6,-0.6958906456197017
UBFD1,0.18521021486795974
ATAD2B,-0.7631500681847003
LUC7L2,-0.7846239253157143
CDC40,-0.461553362250068
ZWINT,-0.7307780656245519
HMGB2,-0.9111065549230923
HMGB1,-0.9136993812955425
TPP2,-0.1219999038810104
CPSF6,-0.8740805605476254
CTNNAL1,-0.5619393270778957
PRC1,-1.017798635632974
ERH,-0.48856088713986107
FRG1,-0.22513532666945651
CCNA2,-1.0117230675750581
PMPCB,-0.3378537048016381
DDX10,-0.8146438719329598
CDK12,-0.9448987532531884
SINHCAF,-0.08877449214877343
NARS2,-0.6484851487570364
FIP1L1,-0.7218503538423002
HEATR1,-0.7909765084424641
KPNB1,-0.7432267816649114
R3HDM1,-0.6180278308067081
MRS2,-0.3903935665078021
FXN,-0.1993698714493016
SEM1,-0.644663344531214
WASF1,-0.7006153911640168
YRDC,-0.16340010776520741
FAF1,-0.3017372621037937
RABGGTB,-0.2919765945816171
ADNP2,-0.7865889097341483
WDR75,-0.7203433251464445
WDR74,-0.666142990725226
AHCTF1,-0.8477777439860283
RAD18,-0.6515393063158987
LRRC40,-0.7998384643000139
NUDT21,-0.5192647669975023
TMEM126A,-0.13926915510543944
LBR,1.5793095949341827
DDX39A,-0.7964239137163998
MKLN1,2.3955066075449802
MKKS,2.0089101486606817
NOL11,-0.3626940996357293
MRPL35,-0.3522209366957878
MRPL32,-0.2771530524379718
MRPL33,2.128309020483326
MRPL30,-0.7155386717517325
SLC19A1,-0.5069693341300929
MRPL39,-0.6000148283941221
TBL3,-0.5280778646932
THOC3,-0.3909715960382164
THOC2,-0.6335385814082859
THOC1,-0.7265439290305303
THOC6,-0.39924830246560594
STIL,-1.0264498639848418
MRPL40,-0.20216805293317733
MRPL47,-0.6693922585265467
TIAL1,-0.6824781565540491
FKBP3,-0.22939194781201688
HNRNPH1,-0.6753155085408927
ABCE1,1.093195258526845
SYF2,-0.24038495410122832
FUBP1,-0.40152837239401096
YTHDF2,-0.6019644035955222
DDX47,-0.4579372869448953
ZNF598,-0.5159828978996628
DHX36,-0.26451807546073236
DHX37,-0.7770529105834206
CCDC124,-0.4002906403484589
DDX52,-0.7969609672240625
CFAP20,-0.5099416935822183
DDX50,-0.6189690288783233
DDX54,-0.7761967796913865
MPHOSPH6,-0.9220972427124787
SDAD1,-0.6192166567897514
SF3A3,-0.8289491815119301
ZNF277,0.04975926963713084
COA7,-0.6211471064180083
TXNRD1,0.27849913378686936
MRE11,-0.9467585941187712
ALYREF,1.708722948190402
CHAC2,-0.36964618648684106
DLAT,-0.31173420021615733
PWP2,-0.6838561409826083
NUDT15,-0.6969288480857481
NASP,-0.9907633215474082
YARS2,-0.5880920008710964
DENR,-0.4099355545555354
RALA,-0.26595453189980445
MDN1,-0.6071877255885244
RFC5,-0.9916535588280401
RFC4,-0.9255050293935235
TCERG1,-0.9009174433004306
EIF2B1,-0.3694205975693399
FABP5P1,0.07217754540474211
GMNN,-0.921151229028663
HMGN3,-0.1659200353363165
CBX3,-1.0191899310894883
MPLKIP,-0.08850565741825024
INTS13,-0.6713932442440577
INTS12,-0.22274975792470592
FASTKD2,-0.8023022900528312
FASTKD3,-0.47604997082871636
SHLD2,0.0950774286586759
RRP1B,-0.823221077247621
UTP11,-0.6070717683064791
UTP15,-0.7170205914824472
TTC27,-0.594761700649604
HNRNPM,-0.6759032731497382
HNRNPA3,-0.6728670070185367
HNRNPA0,-0.5150202935728834
MRPS18B,-0.34606792128963715
FIGNL1,-0.5322270888244224
DEK,-0.6763349057986779
CCZ1,-0.5300163400157247
API5,-0.23589445677731483
UTP18,-0.7083788673541389
RSRC1,-0.8417550593511022
MTREX,1.6189672347922215
HNRNPH2,-0.3874972130357483
AATF,-0.5864501310502277
PHF14,-0.5486220171723861
KTN1,2.3058554144910017
LYSMD2,0.0009325176150438303
MSH2,1.3471210991607767
MRPS15,-0.4898201929330632
NUP37,-0.7597116023005128
CEBPG,-0.01755897845102669
NOP58,-0.895115356358828
TIPIN,-0.9111260890751777
NCL,-0.7392600605316837
KRI1,-0.70058242077303
SUPT16H,-0.8892471816895327
PDSS1,-0.5072929143842727
SEH1L,-0.6987941424360646
DDX20,-0.9189569685740208
SLC16A1,-0.287972407953822
MEAF6,-0.5205564257385661
TWISTNB,-1.037605797788635
IMMT,-0.25211377922859457
PHKG2,-0.5185553009375994
TIMM23B,-0.36981631360862116
PMAIP1,-0.19378794938622176
CRLF3,-0.4292716290033887
ZFR,-0.5216805526463656
CDKN2AIP,-0.5545297415263375
ERGIC2,0.5232516868742016
POLR3F,-0.595493830703777
NGDN,3.4720017267507624
CWC27,-0.5335034919847597
RPIA,-0.38678060859715746
CWC22,-0.6490952273850316
KIF2C,-0.608760148023315
SUGT1,-0.1532299611483349
MAP3K2,-0.48776210444670626
TFB2M,-0.509251174420905
CPSF3,-0.6874404522384069
BCLAF1,-0.6147688803545085
MFSD14A,0.3412239043944243
PRPSAP1,1.9958001793897242
PRMT3,-0.6487644205464602
HMGCR,1.827063583119588
MTPAP,-0.7220861246799491
BRD1,-0.9143030191128813
KIF5B,-0.382603445704025
ARCN1,-0.12705349542738073
ZNF131,-0.9069439830096736
UTRN,1.8357414098605225
LYAR,-0.8326041553263931
NUCKS1,-0.7453873379828873
MRPL21,-0.4993328407539451
PNRC2,-0.3487039113763544
METTL5,-0.2943482579408694
ICE1,-0.6782749720911803
NOP16,-0.5717013619586205
XRCC2,-1.1744283386898788
XRCC5,-0.5244505893014401
SRSF4,-0.6207359386825401
SRSF7,-0.6786023309665917
SDHAF3,-0.44080699796728967
SRSF1,-0.7312601798934354
SRSF3,-0.6206835677322551
SRSF2,-0.7571292091674858
USP45,-0.4653866544123942
RIDA,-0.21450254665174767
RBM34,-0.48038395857730304
NXT1,-0.648718675990547
SURF6,-0.9172985117210667
FAM98A,-0.0793241909696985
CISD1,-0.1473125876974282
TRMT11,4.0798581882325164
DNTTIP2,-0.5241602577997071
MRPL1,-0.5190065811787874
PTPN2,2.5573184930987334
PWP1,-0.6204723193764734
LARP4,-0.28892686707532844
GINS3,-0.8886324828417513
NAA15,-0.7964622355102924
TSFM,-0.31359872936312994
RPP38,-0.44545408647340357
MIS18A,-1.0260273233737454
LARP7,0.031532343214395755
VDAC1P5,-0.09185905664463156
GCFC2,-0.570872130959693
PSMA2,-0.3756151812822105
PSMA6,-0.32145743919746705
PSMA4,-0.44399392148967426
DUS3L,-0.6213360936078174
ZC3HAV1L,0.43379788677308434
MSH6,-0.8307468968831011
NUP50,-0.7613337455595719
SPNS1,-0.3172880564999855
PPIG,-0.706480765813055
SET,-0.5776610670732356
TMPO,-0.5335489578480772
AIMP2,-0.29335353427817573
CYCS,-0.17391002523621374
TRA2B,-0.6702680987203854
ANKRD17,-0.8090681478420996
ABCF1,-0.4560509471534515
TIMM17A,-0.23256222763707962
ZCCHC8,2.6573314788263427
TMF1,-0.3678071959500583
PCNA,0.9997011922982946
ZNHIT6,-0.6803225581649749
MTR,-0.44545796497016715
SPATA5L1,-0.4218442864231349
MCM6,-0.852327224233915
KCNN4,-0.3362998533549156
GCLM,3.1079001131652384
NIF3L1,-0.5363179134630671
PPP6R1,-0.33055078550156985
KIAA1143,-0.8115339155433758
DUSP12,-0.40765861660385166
CEP19,-0.2606502669243409
PPP1CC,2.8609037568271964
PDCD5,-0.24954484235623675
NAA50,-0.3346310084901302
RPA3,-0.7165904104385584
NUP160,-0.8975285803476551
PPIP5K1,0.7872528773520705
ILF3,-0.9471124398336784
LRPPRC,-0.6892098866745648
NTRK1,0.7582638637878063
PTP4A1,-0.1499696518449358
THOC5,-0.5235206216833522
PTBP2,-0.8183606894442101
NDUFB6,-0.1729087199462632
PRRC2C,-0.6631720707053169
ISG15,0.9023618584778829
CEBPZ,-0.7938817342829811
PMS1,2.014581195436051
H2AFV,1.4249412455188906
PPIP5K2,-0.3344558641917478
DDX5,-0.6483976433747275
CTR9,-0.5215105917763017
DDX1,-0.46119548482605294
KATNA1,-0.5228438645033732
NDC80,-0.937763527614712
ELP1,-0.5615181375752355
ESF1,-0.7773217018253679
FEN1,-0.7494836505565775
ST13,-0.1307719866000607
MAPKAPK5,-0.8277331927341861
ZC3H7B,-1.2011345874476855
KBTBD2,-0.23880740291235705
HAUS3,-0.8556777141984617
HDDC2,-0.20702716461966703
TXLNG,-0.5063665735161904
PDHB,-0.1479786906565493
UBXN7,-0.5922213728904063
MRPL16,-0.45250370923344446
MRPL19,-0.4885075013301355
CCNC,-0.4987056925806287
SART1,-0.5193449094639605
MRPL48,-0.35661432147566885
ATP5MD,-0.2736497965871639
IPO5,1.4026325824473933
GLOD4,0.1598668070020642
NUP155,-0.8885289781305832
ASCC3,-0.39319176267261374
HPRT1,-0.15657821421162138
SFPQ,-0.7290540476161346
HNRNPH3,-0.5505931326500942
CWF19L1,-0.3531807915737755
HNRNPU,-0.764446473373145
ZNF622,-0.40051618071918593
HNRNPK,1.7245885265920669
GPN3,-0.5090491190319604
COPS3,-1.1007090384143172
DESI2,-0.23304615874978526
HNRNPD,1.6240158673769571
MRM2,-0.7768875479414439
PFDN4,-0.4404744373329554
KHDRBS1,-0.666746348624157
CCNB1,-1.006161195263469
ARL6IP1,0.05959525334504603
CC2D2A,-0.5685731227182499
MNAT1,-0.5542029814080005
HNRNPUL1,-0.6072679290118577
VPS35,1.4151612906500757
NAE1,-0.4463690069901792
CSE1L,-0.7503014641986342
QSER1,-0.1773611450860213
MAK16,-0.7700455816822567
UTP6,-0.7274920317630328
C1orf109,-0.868413069411636
DCAF13,-0.6233431362308498
DHX30,1.3597620710360332
RIPK2,-0.24890357229686402
RRM1,-0.6463414496490346
EXOSC3,-0.8832444790846091
RNGTT,2.215231754954109
PRPS1,-0.32745316139320335
TSR1,-0.7583859445515294
PRPF18,-0.5052073264405702
UBQLN1,-0.43318382398950034
LSM12,-0.3359866291275971
ZZZ3,-0.5406933695457374
TRMT10A,0.03780302758620827
ENOPH1,-0.35630953739187354
TFAM,-0.7955423738710942
CLASP2,-0.6426209568794081
ORC3,-0.8259406183021298
ESD,0.43077914814889295
SSBP1,-0.26212805075241796
MPHOSPH10,-0.6948523224073053
PLAA,-0.02833541048615376
HSPA13,0.2395767273411275
HSPA14,-0.5475370638095165
SNRPC,-0.6802147776793834
G3BP1,-0.5182043756959613
EMG1,-0.5298593486759932
SLIRP,-0.525325819118286
SLC4A1AP,-0.532881724235749
TUT4,-0.6893638782227318
AGL,2.5846698705811715
ZCCHC17,-0.3396970295333397
ZC3H13,-0.6611262074268451
GCC2,-0.039707249153343595
CAMKV,-1.6116096478246844
GTF2F1,-0.6677726636603277
TTI1,-0.6236113751050821
DDX42,-0.7930182466270927
CEP76,-0.8578653953391122
STARD7,-0.2621571184900482
ELAVL2,-1.2175656624763662
FOXJ2,-0.8828026992124722
SENP6,-0.5630956646613505
SENP3,-0.489324308427922
BICRAL,-0.4304536887632162
SNIP1,-0.5918655414034786
PPP1R8,-0.4377181257198447
KIAA0586,-1.0605414306225436
TAF11,-0.8422541348510552
NDUFAF1,-0.18919623120738416
NCOA5,4.115547574604161
PLRG1,-0.5168702632534037
C17orf80,0.35314777587384694
TAF5,-1.022814518185888
CPOX,-0.321552967327977
RGPD8,-0.24049830155312188
CPSF4,-0.3945910731314991
CPSF2,-0.6082118896575499
CLK2,-0.7266765719285538
EXOC7,-0.2930227168414793
OGT,-0.4387560338669514
PPFIA1,-0.5826892088967831
NUP35,-0.7080616730647842
ALKBH1,-0.22552265022556078
PRPF3,-0.8229854642064481
DYNLT1,0.2930290252661392
MTMR4,-0.6413567455920579
TPR,-0.9020150385370789
CSTF2T,-0.4978537710446235
ALG6,-0.10797169725803597
NUP85,-0.8755978866980184
LRRC42,0.652970815779978
GLE1,-0.724603571671257
NEK4,-0.2584870141415316
MRTFB,-0.38982247738633724
NKAPD1,-0.4476068293671731
IBTK,-0.2618950147769974
DROSHA,-1.1990668205010375
ZNF22,-0.7217748560745577
ARGLU1,-0.619747777243568
CCDC8,-0.3728481871442663
COX11,-0.015136964567382984
VPS54,0.07015069355071714
EIF2B4,-0.37993333301981647
CBX1,-0.8059235348790895
RNF113A,-0.08968053607569054
TIMMDC1,-0.2212834270299121
IFI16,-0.1332053052862613
NUP107,-0.9242852923014059
DDX19A,-0.4223970988301067
RAD50,-0.469415692409525
PATJ,3.017938469279408
DNAJC16,0.20837308201897836
NEMP1,-0.9270679062162044
ZFX,-0.3190997661164771
EML5,-0.033294453281541965
PRMT9,0.048257882474537266
COIL,-1.005241651418196
SETD3,-0.37034806543421306
RNF219,-0.8317392012590434
SARNP,-0.402869392547879
TASOR,-0.12975457026036605
SRSF5,-0.5336011284063543
SRSF6,-0.4492535631312825
SRSF8,-0.8324524518495454
RBM33,-0.34527038555741435
SMARCAD1,-0.8681551376624211
PARP2,-0.6012585366665083
ATG14,-0.3542726371751966
CCP110,-0.7192874228515779
SHQ1,-0.5838330152192638
NVL,-0.9212208975945883
YY1,-1.1114014137946648
BAG5,-0.8055926445388403
TSEN2,-0.6177380808782963
OBSL1,-0.626115033370486
RALGAPA1,-0.29965704541715943
AGPAT5,0.04601514719199313
ASAP2,-0.2024508368117416
DCLRE1A,-0.5645676813846029
THUMPD3,-0.5134205922455165
KRT20,-0.9725826412827814
PGF,-0.30541877399467376
SNRNP40,-0.5079751352225489
SRRM1,-0.774983744061013
SRRM2,-0.6455515159274474
PARN,-0.5259231404246911
WRAP73,-0.6505493864016012
LRRC37B,-1.3702113467969332
DDIT3,3.9881069639166555
KRT27,-0.7184494619917857
SNAPC1,-0.21300458793852373
UBR7,2.960033782207447
TDP1,-0.2129272875584076
RASSF8,-0.04807591269519711
UBAP2,-0.6067312750076044
SIRT7,-0.5069498245870133
RAB3GAP1,-0.20653823074672728
IFT74,-0.5728853551551131
KIAA1107,-0.6618079692998091
TAF4,-0.7003944415074251
TLK1,-0.45121282451772987
PCID2,-0.5892512191860637
RBM25,-0.6698868678231662
NUP205,1.692408081040225
BTBD7,-0.3167119181587803
PAXBP1,-0.8277269240589301
POLDIP3,-0.594136231334896
GGCT,-0.463094433304191
HIST1H1C,-0.4750557125570319
SMARCE1,-0.9297819825683001
YAE1,-0.3088407281567209
AQR,-0.6822829249872054
ZNF410,-0.3382125605243823
TMEM168,3.0468041315952092
SPATA7,-0.2005407529145651
CD38,-0.16943366033239096
ELANE,-0.02698385645454582
NTAN1,0.9025078380152809
CD33,0.12606597072759515
MLLT1,-0.9963338814969853
B2M,1.752769566250194
SELPLG,1.228077442620601
SLC39A11,7.329822104530587
IL12RB1,-0.28712319206992176
PRB4,-1.4193478406633115
GRK2,1.245410744245577
TNFRSF8,-0.8322582756593228
PRTN3,1.639734153590999
TNFRSF9,-0.09289559613147384
CD28,-0.5888553773949158
CXCR5,-0.9168533386569453
CLCN1,-0.9541859559179408
CD27,-0.33136203429565836
LY9,-0.23373721298255665
MUC4,-0.5040215275399891
FASLG,1.0177018500715007
GYPC,0.13340351201084039
GATA2,-0.8715750484838704
GATA1,-0.9863974030983512
CD6,-0.35011390417185456
TLR3,1.2620356355378382
CD79B,-0.5196122789328582
TLR9,-0.4227581083337346
CD3E,-0.512711861805634
CD1C,-0.4073618191149514
ITGA4,-0.5708154575092947
SAAL1,-0.5895653842673427
DNM1,-0.8606813958854727
DAXX,-0.5582780906479168
TNNT3,-0.9492693712414281
TCTN2,-0.17322599935625232
MEFV,-0.41820309539246714
CARD9,-0.7373140073151115
MADCAM1,-1.3007874352736586
TNFRSF4,-0.3262862700152548
NPFFR1,-1.084934186108355
SPI1,-0.1116447765571906
ITGAX,-0.035513614501412806
CR1,-0.5810962350853491
IRF5,-0.14794129192025457
VAV1,-0.5135969695404589
CD276,0.08578697536678867
ITGAL,-0.2808356651088626
ITGAM,-0.15516332206480535
CD80,-1.1495879633387867
PTGDR2,-0.8993025719277618
KRT76,-1.3613554568207125
NCF4,1.0351193716102407
GABRR2,-1.3178056378597223
EIF2B2,-0.17341052156954134
EIF2B3,-0.3734624351686062
LAG3,-0.0848358900471
CD4,-0.314406327132618
CD5,-0.6639369823388502
CCR2,-0.6207190331543521
CD7,-0.15146204513526543
ZNF835,-1.383088074664228
CD2,-0.3316715046208684
PSTPIP1,-0.3491416658085355
ARHGEF1,-0.49375656105406607
IKZF1,1.0966433445384522
NCAM1,-0.9878794300682284
PCDHA6,-1.5793497420528166
INS-IGF2,-0.4675749348554254
ITGA2B,-0.5082209739031154
CD82,0.9002652736619108
ICAM3,1.483747924850522
ICAM2,-0.05159487062540882
FLT3LG,-0.16129099950458398
PLA2G2D,-0.5632713105335537
WAS,-0.5203182485330227
TNFRSF13C,-0.19661117878068796
NEUROD2,-1.655370248158509
IL2RG,1.339968858019021
IRF4,-0.8220823473992243
SLC17A1,-1.0800360877310786
IL3,-1.1398182302393849
IGLL1,0.005193828561332939
CD52,1.1182016198110893
CD53,1.0137364475148896
PLEK,0.8193089835510383
TARBP2,-0.6829732446658094
CHIT1,4.043538751738069
OPHN1,-1.0089424633826178
GATA3,-0.9285900683679205
CXCR3,-0.7575393075602171
KLF1,-1.2691161793933563
CD22,-0.4595069376092383
MYBPC3,-0.8361601396251801
APOL5,-1.2587183102954114
DPP4,0.154011652538994
NCR3,-0.5299706840527839
ACAP1,-0.445099819515494
EBF1,-0.6553462497237394
SCD5,-0.2969986411490231
TCL1A,-0.5842307064432352
SELE,-0.25375728416936855
EZR,3.0135628283999902
FUT6,-0.9242226469719238
SIGLEC8,-0.8719390401793182
CD19,-0.5939393794411169
SIGLEC1,0.03661980343062736
ICK,-0.03983523364053428
HIPK3,-0.7762711913230805
BTAF1,-0.9237977395080202
LMBRD2,-0.139036147851831
XPC,-0.049533555116083004
XPA,-0.2861180775468171
MON2,-0.5608020838239282
TNKS2,-0.3890258935719158
ARHGAP15,-0.4130098947503834
CTBP1,-0.7191188942771495
PDS5B,-0.7493973105892606
DENND4A,-0.22557857652329008
EDARADD,0.11336016820602578
SENP7,-0.4891160854930725
NUFIP2,-0.5712393538309956
CFAP298,0.5194173040406949
TTC33,-0.2836896959722137
WDR37,1.9994081256727567
GIGYF2,-0.5740065395649366
SMAD6,-0.6313969728783884
SMAD7,-0.3746506814186043
SMAD3,-0.7493953264812698
NEDD9,-0.1314874974749579
NCOA6,-0.6656959595226399
GDAP2,-0.2204705944062019
DDB2,-0.14419316076330535
BRWD3,-0.471924511410156
SUPT7L,-0.38400745711204465
RNF20,2.546889265509208
TAF2,-0.6874696741517483
ELMO2,0.09522045301024465
SRBD1,-0.4582990973858627
KIAA2026,-0.3787524367648277
BBS10,-0.3318949513061083
CNOT6,-1.1906397823638046
FAM189B,0.27499948654521456
EXOC4,-0.47890382481265986
LCE4A,0.2381874991764308
PPP2R3C,-0.21555006041549843
ESRP2,-0.7907361222698644
ESRP1,-0.965888919573063
MTMR9,-0.9009158179648931
DYRK1A,-0.9463204233233049
HMG20A,-1.0324959512714211
RFX7,-0.5929086997580831
MSL2,-0.7227230290098113
KMT2A,-0.992615332757965
CSRNP2,-0.1878434580101965
GNAI3,-0.9646562587892671
TOPBP1,-0.9838880782068765
GALNT15,0.5375961337388816
CLK1,-0.8240982059424142
ZNF507,-1.6168010143462401
TNKS,-0.7464768475891762
ANKRD13C,-0.5474755218592179
RELCH,-0.29753531436840364
CCL15,-0.3390642782323965
GPBP1,-0.6574759775705797
FANCF,-0.629539525407489
DIDO1,-1.041313654719443
GPCPD1,-0.09999488574750552
LYSMD3,0.24575106590411896
TGFBR1,1.9116905870336507
KRTAP5-3,-1.0455724600135923
PML,-0.4801144447885674
TAOK1,-0.8622665353034143
NSMCE2,2.6885822412561393
SUGP1,-0.39654440933407886
EXOC8,-0.6778955848880838
RABGAP1,-0.49887996748049884
LIMS1,0.060027641212041814
GTF2A1,-0.7401959560920764
AXIN2,-0.8522020364131104
AXIN1,-0.3812849950468373
KDM4A,-0.9217064183549719
GIN1,0.09175900941679749
ZBTB1,-0.3800955263107446
INTS6,-0.6337696043643466
RUFY1,0.29439700641541183
NR4A1,-0.3490481818639522
CHD1L,0.10687728570139128
CUL4B,-0.5171509086597692
ZNF654,-0.5417728921482609
SLF2,-0.32093517960837775
SLF1,-0.9431137815105916
KMT5B,-0.6905116500825323
PPP4R2,-0.43995338129336037
TBC1D23,-0.16303682017105137
DCK,-0.8107465925392017
POC1B,-0.26305596313468155
CCDC93,-0.2929139558376615
RPGR,-0.2801655328786282
NR2C2,-0.6374106515902108
GPATCH8,-0.5795350186942857
HECA,-0.2512716115083667
SETD7,-0.3941047743455878
GPATCH1,-0.6230652360482658
NIN,-0.6394154691230335
RNF185,0.5489740067082822
UBE4B,-0.3572547672984432
HHAT,-0.3921155857079057
EMSY,-0.6421740974895608
MAML1,-0.6247889837347662
CARD8,-0.2918635024663245
TPX2,-0.8375426596786485
PARP1,0.23718180161614028
PHF20L1,-0.44164283270039506
FAN1,2.3845558629409447
GNAQ,-0.8740783026117679
IFNAR1,0.4647206059327095
ARHGEF3,0.011026271819605893
VPS41,-0.08383453370412809
SS18L1,-0.5898665539478986
ZNF106,-0.5014546826411683
THRAP3,-0.5849906465645754
WAC,-0.3320852445797394
ATRX,-0.7078606297492304
EIF2AK3,0.4689144029254086
BOD1L1,-0.08355292988409473
STX16,-0.2834971612415451
ASAP1,-0.07802406356849961
DIP2B,3.4852607506793425
USP9X,1.4393882170548806
RING1,-0.4799582071207861
CGGBP1,-0.5762302600427882
UBN2,-0.527049631439018
PRDM2,-0.7946885501014103
PPP6R3,-0.6301285079510737
GOSR1,-0.25368454125018497
SHTN1,0.5135925947982395
TFCP2,-0.5972971044427365
LNPEP,-0.11761907214037849
TTC9C,-0.8271344335685887
CDYL,-0.3179715311675955
ANKMY2,0.13092832553379508
UBR3,-0.16948694657056015
PCGF3,-0.6656033278788225
ZNF280D,-0.6502659259546811
KATNBL1,-0.4403702436978473
RASSF3,-0.076049530319544
INO80,-0.7127840969294849
ASXL2,-0.09671500801657519
ABHD13,0.1489415716458552
NPC1,10.971564704258718
RAB3GAP2,-0.4529704591258987
RNF44,-0.4927789535840555
DCUN1D5,-0.7808232744063666
TRIM44,-0.3373181481065522
ITPR1,0.70773619432017
TRIM40,-0.9184400730893758
PEX1,-0.4150840347901851
LRIG2,-0.6247794052616688
PRDM10,-0.6856236255487408
RBM23,-0.1678255226036698
FAM120B,-0.590333679184133
GON4L,-0.6860528209024275
NCOR2,-0.7530014372349595
TBC1D5,0.0713608092319269
LCOR,-0.3397332182895018
DDB1,-0.6086268900363849
VPS39,0.20869474907776198
PIAS1,-0.6242469204858351
RCOR1,-0.549349668381553
HIVEP2,-0.3942090485853233
MIS12,-0.6335742742217458
BTN2A1,-0.04059177665448792
AVL9,0.3448979898729911
CMPK1,0.19810098962697303
TRAF5,-0.25907711684383244
CLASP1,1.6084712586381782
GTF2H2,-0.6581700033996181
GTF2H5,-0.2669119868500927
FOXN2,-0.7801597457209969
ACTN3,-0.8705286302860578
TTC21B,-0.970456748913393
VPS50,-0.20535761625337262
DTWD1,-0.04895939804631705
NACA4P,1.655670734803033
USP17L9P,1.3804636414282752
TXLNA,-0.7299562127492093
CTNNBIP1,3.0121471369337907
PKMYT1,-1.2290420550673147
JPH4,-0.38751116371023236
VIRMA,-0.606204251560325
RBM15B,-0.29037815493632996
PCGF1,-0.7388707866852448
PTGER3,-1.275490581032214
PPHLN1,-0.29855352224049525
TCOF1,2.113306924193622
YTHDC1,-0.9341635701538238
ACIN1,-0.7104093472924269
SAFB,-0.7608250219750493
ERMAP,-0.36957384617703976
BRD4,-0.6650099672531395
OSBPL10,0.14325716863748386
SETD1A,-0.7138941083500528
TRA2A,-0.6283366395636198
NKAP,-0.5594214494609164
LGR4,2.5353387509476173
SRSF12,-0.47516469742695494
NCSTN,3.4156566309285945
GTF3C5,-0.7301745357314617
VANGL1,-0.37988235489574645
DHX35,-0.6070085580216421
DDX51,-0.8638394687589797
U2AF2,-0.43317722932284275
ZSWIM9,-1.8683146742097103
TRPM8,-0.6032005093670181
SF3A1,-0.5238137316503053
SF3A2,-0.5388828282633403
TSPYL2,-1.2256971606055738
CARNMT1,-0.3815238097135553
CCDC137,-0.7806997118852136
PSIP1,-0.8159424457159475
SRRT,-0.810605661901617
SAFB2,-0.8378207132553234
BUD31,-0.313607787471566
CLK3,-0.7500334464751536
SPOUT1,-0.667987736240951
RBM14,-0.8274974291068612
EPB41L3,0.11951048155212314
FERMT3,-0.06268330247316896
NUMA1,-0.4867848044776488
MEPCE,1.6866168652915932
APOBEC3F,0.10944051314725896
SMU1,-0.3757562373510806
LEO1,-0.6896350890108505
XAB2,-0.5655476244483123
HP1BP3,-0.5197347568164349
SPG7,-0.14065673681426066
SF3B6,-0.23602270152350918
RBMXL1,-0.3965972146596126
WDR83,-0.39112996841206876
ZNF816,-0.916626132645117
UBN1,-0.5211676362884027
ANKRD11,3.04563380597982
FBRS,-0.47687360432071707
BRPF1,-0.9659128277175653
NFKBIL1,0.6170737869668464
ZCCHC3,-0.9948893671047165
VASN,0.3889142987607234
MCM7,-1.0286204511063037
MCM4,-0.9840844879503559
PRPF38B,-0.715520362061946
DCAF7,-0.5121790923334276
WDR70,-0.4652158906986561
HTR3B,-1.460196366075632
PCSK2,-0.9720798917376778
JPH3,-0.9689262509507318
TAT,-0.9338861306652866
ITPKA,-0.601168909655181
MPP2,-1.0669289327622693
LLGL1,-1.0726992954369714
OR12D2,-1.4538665122223178
SLC28A2,-1.061243541664745
CYP46A1,-0.3752082852650483
PIK3CD,-0.734261256886289
SV2B,-0.9089323853371598
TSPO2,-1.075083338413691
DOC2A,-1.1969742531180887
PIK3R1,0.8233668735811378
CAMK2D,-0.7424546724110009
KCNF1,-1.1897163482627866
COX6A2,-1.0727247043617545
MYL12A,-0.12393610405206248
HCN2,-0.9337967375562043
NPY,-1.3082694083534312
CYP26A1,-0.6970618505948929
KLC2,-0.5408195692732282
LRP8,-0.5017948671776609
RASGRP3,-0.7024548592417265
RASGRP4,-0.9727331338258471
NOVA2,-1.1773219404496054
CELF3,-1.2706716333248227
C22orf24,-1.3632361665436705
GABBR1,-0.8794235726100376
GABBR2,-1.394868570749457
MYBPH,-1.2420089654990785
GAP43,-1.0295851216051182
KCNMA1,-0.7542086801485244
GRM8,-1.2802548921896142
TTN,-0.8150123513059702
DIO3,-1.0624535542984637
GRM5,-1.2918888793540322
GRM7,-1.5257869045158456
KCNIP2,-1.370468116899962
GRM3,-1.3652731591298692
IL5RA,-0.9772881146222684
GUCY2D,-1.4182711942580526
GUCY2F,-0.8911726709768123
HTR3A,-1.0928490456641713
KCNQ3,-1.5336030836772496
ZNRF4,-1.1720478601703597
S100G,-1.4477462036548474
SLC18A3,-0.6946026023844515
EFCAB1,-1.4021846243669194
FOXC2,-1.4230831654521379
MYH7B,-0.896845899906661
PDYN,-1.1782983408016043
FGF8,-1.2065186104615568
APPL1,-0.3319355029633274
PTGER1,-1.1066006599312301
SPTA1,-0.7408130612485673
SLC4A3,-1.5425675245620671
ITPR3,-0.4921067073317048
GPRC5D,-1.257253924531408
UTF1,-0.965252060658995
FGF3,-0.8986722627251997
BSN,-1.415803547379638
RSPH14,-1.0074455586916216
MOBP,-0.6141655222994388
RIMS1,-1.1371321365005806
CALB2,1.4925109663281082
LTA,-1.2623115998722656
FGF23,-0.8805163153613055
PRKAR1B,-0.8316919465149977
PRDM12,-1.3006490975230829
FAIM2,-1.0415336816818876
GPR156,-0.40652643309414654
PDLIM5,0.30621245405524794
SLC17A7,-1.10804805573705
EMX1,-1.1375709365967905
ATP1A3,-0.3127591379171541
KCNC4,-0.6218059949449524
CTTN,-0.26636371573365347
KCNC2,-1.0483249568408588
BEGAIN,3.6106745286569693
SHBG,-0.6085345978097585
PPFIA2,-1.3512354392741428
MYOD1,-1.4200281241888473
DYNC1I1,-0.7963162809208897
GNAI2,-0.7634423755213691
CLIP3,-0.3743381533556844
GRIN3B,-0.7344216656051058
SLIT1,-0.9554249249132424
YES1,-0.8997668070891552
HOMER1,-1.03628880309568
NOS1AP,-1.3689455857360529
NUMBL,0.03250312707278019
KISS1R,-1.0436364403161011
SLC24A2,-1.353483035491012
GKN1,-0.2679151443351704
CRYBB3,-1.3366002011988845
PHOX2A,-1.5206184701159442
PLA2G4A,0.1758475362105467
EFNB2,-0.533532721231669
PPFIA3,-1.0022255631273884
SOX21,-1.4193118717561761
EXOC3,-0.2601957337060153
GLRA2,-0.8973904730707132
GLRA1,-1.063754649841453
CA4,-0.72000762058766
NEFL,-0.6088865436532643
SLC1A7,-0.9993270511242348
SLC1A1,-0.4872670543808955
SLC1A2,-1.2481658266088629
SLC1A3,2.1017286959550665
TRIM10,-0.9717268992536915
EFNB3,-0.9189350749492888
PTK2B,-0.3809942961577154
TNNI3,-0.9358284629871925
TNNC2,-0.9217489463423738
CLSTN3,-0.38110127708191
B3GNT4,-0.48984256747353355
GRIN3A,-1.3942335225293123
ADAMTS7,-1.0030735768876626
RNF208,-0.1352013812704035
CDH2,-0.6219026968454938
EPHA5,-1.3866070416985579
SNAP25,-0.9261471328493895
LPO,-0.5830044165773645
SIPA1L1,-0.566383402318697
RPH3A,-0.9297091445559681
PDE8B,-1.0747107016597428
RAB27A,2.269707061417232
SYT1,-0.7424065038810301
NRXN3,-1.0810350416700996
SYT5,-1.2955264376092783
NRXN1,-1.4845035757333618
RHBDL1,-0.9633904456119691
KIF17,-1.2308174823337557
GNG3,-1.5889266850465906
NETO1,-0.30252276373982456
TRPM2,-1.0277124142810885
HMHB1,-1.2553957075847721
FUS,-0.7300973782920421
TBR1,-0.895911439925618
HCN4,-1.0857883593535647
ADAMTSL2,-1.104604708966812
MMP17,-0.2597364043859694
TULP1,-1.4033475344416892
CLDN9,-0.654443134247692
NKX2-8,-1.573992347850879
REST,-0.7678214901840624
SLC8A2,-1.065703889069615
DMTN,-0.6436042676442503
WNT1,-1.2470042507323926
MAPK8IP1,-0.6322293989499843
NEFM,-0.7391469088618139
SST,-1.298069369313293
MYBPC2,-0.863369191944254
MYBPC1,-0.7826466372224541
KRT75,-1.2903913030186842
MYO3A,-1.4303307105564453
EFNB1,-0.5182865172669929
NODAL,-1.1098442599872844
STXBP1,-0.4819788457142987
TRPC5,-0.8865971926990084
GABRA5,-1.1802749606177365
GABRA1,-1.2321835601079094
MYH7,-0.8808329191029619
MYH8,-1.1110674780771848
ADORA1,-1.354307673551675
GRIA3,-0.9644116960306628
FOXB1,-0.9218159801932411
FGD4,0.25972634530879957
NLGN3,-0.7323817350867958
FRS3,-0.7872428241061848
DUSP4,-0.297221004071596
TAOK2,-0.18761627140341178
NDOR1,-0.7787726403208588
ARNT,-0.12028330320085182
IRS4,-1.0731456952428973
GRIK1,-1.0418664607980819
GRIK5,-1.2186738131150714
GRIK3,-1.5270768159441421
GRIK4,-1.191279016645719
IRS1,-0.6347323308897073
CADM3,-1.0210145528893189
CRHR1,-1.2260266055790756
SLC4A10,-0.8270111920827644
SLC5A2,1.788803691960205
SORBS3,-0.4071072059769225
SOX1,-1.395702702670491
DIPK2B,-1.1951030461198917
ALX3,-0.9014258777889528
ARHGDIG,-0.7490071205686268
SCN2A,-1.1720998225424228
TNNI1,-1.0274880020168278
OGFR,0.34138509362985014
ST3GAL2,0.3157148035287349
DAB2IP,-0.04248722360411808
SYNGAP1,-0.16798527334023375
SLC1A6,-1.0592135590854863
TBKBP1,-0.17078774240736078
ALPG,-0.7957607481621503
MAGEA10,-1.404134624598125
ASGR2,-0.5333506702440252
CACNG8,-0.847406767536503
SLC6A4,-1.3025664234357976
CACNG2,-1.2539201661335393
CACNG3,-1.3054188622273568
CACNG4,-1.1524297343122656
CACNG5,-1.2041417926773126
CACNG7,-0.9309787142261118
SLC6A3,-0.5123734710404327
SLC6A2,-1.2824002016217204
SLC6A1,-0.9576204971419545
HSF4,-0.6743979795552274
KRT31,-0.7848758364555113
GPR153,-1.018317219269566
MYL5,-0.4796525883152286
B3GAT1,-0.33879637507022736
CACNA1I,-1.2971849157460316
CACNA1E,-1.479819167355159
CACNA1F,-1.284815570460459
DLGAP2,-1.041647741054463
DLGAP1,-0.8323596457418053
MAGI2,-0.8634750250620362
DLGAP4,-0.6257933430499001
TRPV5,-0.24506122243047357
CACNA1S,-1.0611705409639394
TRPV1,-0.26428770182677963
PRMT8,-1.3598470495893844
ZFPM1,-0.6160425886028913
SHC3,-0.793307750839319
TJP1,-0.5401741127952059
OPCML,-1.282943791983522
ADCY8,-1.256237430450462
GRM1,-1.3893525936927464
PRSS22,-0.6308384961225204
KCNV1,-1.194385305886755
GRIA2,-1.2000542094130904
GRIA1,-0.9071688414931747
GRIA4,-1.144943612086213
PLCB4,-0.7432888997228049
CRH,-0.9263284725201149
SHC2,-0.5261856584373393
SLC9A2,-0.9510092568180587
TIAM1,-0.6314762290261525
GGT5,0.06758076027071341
GNRH2,-1.0742632639683918
TRPM1,-0.3145973461727039
TRPM3,-1.3669227445326229
EPHB2,-0.8041548943613649
PLCB1,-1.128083655015828
EPHB1,-0.9085256631464569
IGSF9B,-0.9833702851107528
DDN,-1.2599436932255539
PTPN5,0.14068934659682117
RBFOX1,-1.363665942071513
PEX5L,-1.2076201978144243
FGF6,-1.1380119463701226
PSD,0.02692665163823977
NPTXR,-1.1548727205962452
HAPLN2,-1.2488697561793434
SYN3,-1.4199727573669383
FGF20,-0.8357873502362727
DPF1,-1.028134844242027
MYO1G,-0.4942425268695758
MYO1D,-0.2771763486475837
MYO1B,-0.09160895788545814
CEND1,-1.151270773331556
SIX3,-1.2487103067142158
CRYGD,-1.0032884142084522
SH3GL3,-1.2673402233791418
KCNA1,-1.3381941657065946
CAPN5,-0.17741669389291415
ICAM5,-0.4247193983554888
SLC6A13,-0.7265625722058547
SLC6A12,-1.1018847505027494
SLC6A11,-1.3291455746259484
DSG1,-0.1917311330678968
MTSS2,-2.1211830694490383
EFNA5,-0.8513693329638192
EFNA3,-0.7505647456721303
GABRB1,-1.2572993565918849
GABRB2,-1.294508459831426
GABRB3,-1.0990037669845474
OSBP2,-0.5849062160458398
KCNJ3,-1.0192343581772851
LRP3,-0.1968330914874369
NEUROD6,-1.3740436727442231
KCNJ6,-1.5104383105912556
KCNJ5,-1.2555928272225365
KCNJ4,-1.402373467850211
KCNJ9,-1.5363477066977846
DSCR4,-1.2362165433205394
HS3ST2,-0.6717881894540774
SSTR4,-1.3001706097253496
GPRIN2,-0.7279084044202228
MYLPF,-1.0427964519908783
PAEP,-0.7509638645998824
SPTBN5,-1.0023023903967616
SPTBN4,-1.0084380021783124
SPTBN2,-0.6423563719908201
SPTBN1,-0.54650375406534
TFAP2A,2.4295350317916538
MT3,-0.8265987518032031
TFAP2D,-0.44764498305395156
DMWD,-0.9499322418180391
PPY,-1.192420593339894
NRG2,-0.9082490539891499
POU3F3,-0.9415215655814178
POU3F2,-1.225325684295055
TP53BP1,-0.9379689592741782
MPPED1,-1.1896803758555676
DRD4,-1.2589972958292603
DRD5,-1.517858895496483
DRD3,-1.1936496338366052
DRD1,-1.171487392849312
TPPP,-1.191595014999758
NOL3,-0.2682026966465042
MAPT,-0.8558200716897383
HTR1A,-1.3314802827916274
HTR1B,-1.257668329765728
FXYD2,1.736849543333557
LRFN2,-1.989242664475683
LRFN1,-0.5512509347542376
CCK,-1.114126268062998
HBZ,-1.3090485759412698
APLP1,-0.7053952216702716
UTS2R,-1.1637664397399177
ATP2B3,-0.6500735766847462
PHYHIP,-0.8278898398747254
RYR1,-0.5485702087478425
RYR3,-0.9035495828755775
RYR2,-0.731916143628974
NTRK2,-1.02169228215655
NTRK3,-1.0187651602725594
SLC34A1,-0.6642234304871714
SLC34A3,-0.49702200397394314
PYGM,0.10337910002324274
HTR7,-1.4318575798895177
IGHMBP2,1.7494443254578942
KCNN1,-1.4420313652435939
GPR20,-1.2060620811986065
BRINP2,-1.5574676467704098
GPR6,-1.811222140925632
GFRA4,-1.172817709715817
GFRA3,-1.2504618758759642
MPIG6B,-0.779526999230331
HTR5A,-1.3243796762514035
AIPL1,-1.2224888691982365
HR,-0.9808516455828105
DES,-0.6179340460161303
TMEM59L,-1.0709029726908432
DPEP3,-0.43203514315036784
EPHB6,-0.5389613302956545
SLMAP,-0.42203061203731945
HTR2A,-1.479473176537399
PCBP3,-1.213926934722333
NEUROG3,-1.2953410906111906
SCT,-1.1883481191498495
NEUROG1,-1.1563652702634473
GFRA2,-1.17900681654707
MYL10,-1.2998571035497308
LMX1B,-1.447374168771258
NPHS1,-0.6968857041789892
ITPR2,-0.6011033517088764
EVPL,-0.6114962537724458
FGF5,-1.0880794549443913
FGF13,-0.6817092637030244
AMPH,-0.7777110354694413
BCAT2,-0.5361133102231309
ABCG4,-1.4609226384932361
SNCG,-0.6381312852579424
INA,-1.0855472075950563
SNCB,-1.054400801989357
EPHA8,-0.7452777377226609
SLC32A1,-0.4155715029286045
SORCS3,-0.5516031849324067
EPHA3,-1.0154434711400828
EPHA2,-0.4811490364183876
CYP2E1,-0.5502799184869765
GBX2,-1.218326026766231
GBX1,-1.52820446574834
CACNB3,-0.6859303660808735
REEP2,-0.7987947432845542
FGF17,-0.9259341337387755
FGF16,-0.6868400935409928
DAGLA,-0.9578151772638323
RAP2A,1.2470163026087435
SLC13A2,-0.02371273907808635
SLC13A4,-0.6448840963542324
CHRNA4,-1.1458271144840058
SLC8A1,-0.7181459792015105
UNC13B,-0.31734446327782717
CHRNA2,-1.1069796831650969
POMC,0.742369065373522
HIST1H1A,-1.1906913979515512
MAPK8IP2,-1.2602018947015479
MAPK8IP3,-0.33237398848243127
PSPN,-0.9483947037742038
MT-ND2,-0.2600557966278479
RASGRF1,-1.2402679208690697
RASGRF2,-0.9571136425639362
SYNGR1,-0.26935826448012146
PITPNM3,-1.0226047276189383
PLEKHG6,-0.750267400024062
KALRN,-1.4403938687490347
CLPS,-0.008058686556315196
CPLANE2,-1.0559843708334273
RUNDC3A,-1.1530093056863941
ADAM11,-1.1240938854996325
GPR50,-1.4456868063202182
TRPA1,-1.3935841697444238
CPNE7,-0.9068599140654532
CPNE6,-1.1587688175073998
TH,-0.6700912372386875
DAPK1,0.031209460866561248
SIGLEC9,-0.3827225913650626
SNTA1,-0.37762297502028025
TRAF3,2.4091489767001484
MYL12B,-0.1502428412815922
TMPRSS6,-1.0760374112542135
NR2E1,-1.325118993170524
RAB3A,-0.7330190176535556
SHANK2,-1.3569217128501514
ACTN2,-1.0636354555697227
ACTN1,-0.28962055304505746
CYP4A11,-0.9241627482943862
ACTN4,-0.48228521859492346
GRIN2B,-1.2517235555731516
GRIN2C,-1.0603922223870592
GRIN2A,-1.368268564951658
GRIN2D,-1.2421695419169958
PTPRN,-1.1999897250578988
OR2B2,-1.468157152796394
MYO7B,-1.2810337842324715
SGPL1,2.64813552884889
EHD1,0.19267868163804555
ATXN7L3,-0.33242996122555285
PLA2G6,1.120109690362403
PLA2G5,-0.7679372025416861
PLA2G3,-0.44666928218046525
METTL17,-0.840666653595432
BRCA1,-0.017249549325854582
PRRC2A,-0.4338904440628921
FOXA1,-0.9921000161489798
KDM5D,-1.021916181521797
OSBP,2.046534241930058
SLC25A35,0.20029219715567764
SLC25A34,1.1888739845060932
PLA2G1B,-0.4175362300574375
CHKA,-0.08575746126847512
WDR46,-0.5471568924564891
PLA2G12B,-0.020294532605603568
CDC25B,-0.6411221958678385
KIAA0100,0.3112294884778962
POLR2A,-0.9564457532967948
PIGO,0.30698110568568787
JMJD7-PLA2G4B,0.025437249187025765
TNFAIP2,0.14127905329791954
CRLS1,0.4391772129194549
IL17RA,0.6155240332807486
PTDSS2,0.1979781954558985
TOMM40L,-0.13197044667282248
KIF15,-0.9661041040265745
MBOAT1,0.5019794966255271
CDIPT,0.10206756874421086
IFT140,-0.15166546743419346
ZBTB17,1.7463801872593887
CTPS2,-0.3675229517504225
CUTC,0.1261660405674067
DAGLB,-0.7697421998467735
PLA2G2A,2.559299892071673
PLA2G2C,0.26599607070431186
PLA2G2E,-0.3594738859425571
PLA2G2F,-0.6024263392453404
CAPN15,-0.45008451382975034
SLC35D2,1.37909532659977
WDR19,0.05895108185393394
NBEAL2,0.09324225214400313
WDR89,-0.45690870330504796
ACER3,1.170424951942185
ARAP1,1.5279652272053617
SELENOI,0.7113837369383026
PEF1,0.03795180044020597
ARFIP2,0.19321237748123085
PIGG,0.5605096662799277
PIGN,0.5745952832617874
MAP7D1,0.022377011065213833
PLB1,0.5298368027533498
PLA2G4B,0.24757793205052397
PLA2G4E,0.10011040464396713
RCC1,-0.8194741663893822
CEPT1,0.2564182144286082
ZBTB48,-0.38677178785568267
NPIPA1,-0.6655822384509466
CRKL,-0.7397716419780983
FKBP4,-0.45909932120814473
DUS2,-0.40217053584771745
DIAPH1,-0.5444832589360642
SP2,-0.5310912388812129
CTNNBL1,-0.4277707140901691
DDX49,-0.4979662983326157
YBX1,-0.4008859288119215
LTB4R2,-1.0536339094183351
HINFP,0.06751044063718142
TTC4,-0.7316896829785254
GTF3C2,-0.710958325535245
GTF3C1,-0.18485702380363842
TAF1L,-1.1835563318849387
XPO6,-0.5211255560035647
MYPN,-0.9632149761029647
MAP1LC3A,0.06937573757722885
GTF2I,-0.405979213258204
UCK1,-0.053487573454183104
LIN28A,-1.1859464019073045
NOC4L,-0.6927973831396154
DNAJC8,-0.07261801224632762
MTHFD1L,0.613208482764358
YJU2,-0.4553272364088763
TTC31,-0.7151166074624219
WDR36,-0.6637395394531058
ATXN2,-0.5995763007456598
PIK3CB,-0.648721291415838
POLK,-1.0929541221985128
DYRK2,-0.8537182068824821
AKAP13,-0.5692615305112319
RBM10,-0.5917851654460616
PPM1D,-0.8886694508594444
NOL9,-0.7428442140764725
SUPT6H,-0.49231164387033366
SRPK3,-0.9075412904148676
GEMIN7,-1.365902539516385
GEMIN4,-0.7468956322233844
ABT1,-0.539578456916878
RBM4,-0.49277018546149065
MORC2,-0.46080645234390777
WDR45B,0.06829227134414288
YLPM1,-0.5734754770024114
CNOT1,-0.6082004136175617
DHRS7B,0.27232121762145123
KHSRP,-1.2090793908095012
ZNFX1,-0.13151939236067312
BRD9,-0.46343303701135075
CBR1,1.9260907991008893
PRPF8,-0.6211038301062178
LRRC47,-0.45966071146116566
BRD7,-0.7474456721329072
VPS33A,-0.1325519009142274
SETD4,-0.6942356003102534
CCDC12,-0.2882076760343562
TYRP1,-0.5365653548600781
SMARCAL1,-0.6684562779326921
NMT1,-0.3205269610116164
KIFC1,-0.8238048022614571
ISG20L2,-0.738481361712841
DNAJA4,-0.723940173719057
FKBPL,-0.7294999798216053
DBT,-0.30567578339299156
CD2BP2,-0.31702817092275565
DHX38,-0.35571324020319417
DHX33,-0.5692802556462465
EXOSC6,-0.3492062737244435
GUSB,3.8693867401247184
KDM5B,-0.8242322743288668
TARS2,-0.28121955466336207
MLLT10,-0.9568459872833762
ACLY,0.12256570138567072
LARS,-0.28477706393717334
RNASEH2A,-0.583173231511417
NUBP1,0.5069010950416709
NSD1,-0.9347044609628369
MCM3,-1.0172299884108424
NSD2,-1.0721354997615593
NUDCD1,4.0322731041174835
CIRBP,-0.3164533372643365
RFC2,-0.7772722950393212
UTP25,-0.7599381916088843
KIF11,-0.9488100203142958
HNRNPCL1,-0.6396560960384994
NUP62,-0.8621296103475463
DNAJB1,1.322491819043844
H1FX,-0.222611050581479
GPATCH11,-0.22999644690720863
SUGP2,-0.8042991445800765
RBBP4,-1.0049908822453772
KLHL18,-0.7850174352702322
MRPS18A,-0.23854524648811035
NUDT10,-0.7083353716283136
NUDT11,-0.46899952358318553
CELF1,-0.20903223211588623
IGF2BP3,-0.409290403572138
ATXN2L,-0.14464690639628908
MXD1,-0.38029349099326604
BUD13,-0.47608943165003254
TFIP11,1.1937646322985007
CA2,0.07545974601586007
POLA1,-0.8484964468828768
PNPT1,-0.5303131774628779
MRPS14,-0.26954975103955037
SMARCA1,-0.7966175282778276
ELAC1,-0.10592617115725596
LARP4B,-0.100605564531111
TPM3,-0.3110277779416645
NDUFS2,1.2803620727269196
PCMTD1,-0.2891519244199139
ATAD3A,-0.5900780420482657
LSM2,-0.5535113741465679
NLE1,-0.7724398391154441
DYNC1H1,-0.6390510976901832
TBC1D22B,0.15991990503932116
NSUN3,-0.4719345803771433
NSUN5,-0.9494237211832655
NOTCH1,-0.826158315398723
ADD1,0.18203322099863306
PPIL1,-0.5332534504865158
PPIL3,6.435268202782053
POLR3C,-0.5250417047657144
FAM50B,0.2174514164462806
PRMT7,-0.35824161888287664
TOMM34,-0.5528421708986284
CHERP,-0.7091582079058821
TRMO,-0.05465928707551136
SPEN,-0.7267572564126176
HELQ,-0.599643944700779
JADE2,-0.5254277453934474
USP22,2.302539565932451
THADA,-0.4280797908798665
PGK1,1.1895616121305317
TRRAP,-0.9944335871429436
RPUSD2,0.19862594791630767
TUBB1,-0.5321771473538633
TESK2,-0.8319932772576196
PRPF19,-0.6472789063101538
LRCH1,-0.7545284020338117
MRPL2,-0.3819685713807426
BAG3,-0.3633680064240002
RPUSD3,-0.6777436802484108
DDX31,-0.5700892969596454
DARS2,-0.6847559408135607
CHCHD10,0.14778488494088
SF3B4,-0.433376644719371
CWC15,-0.5573431788734853
HTATSF1,-0.7039091728737206
RAD51D,-0.9342105972565184
RIPK3,-0.29544548904027085
BLMH,-0.41756388430655145
PPIH,-0.43565214582570205
TRMT2A,-0.4220665845556244
FKBP8,-0.17236098177312895
KANSL1,-0.7905154934688405
DNAJC7,-0.2974597665036439
VARS,-0.4579528616480676
TTF2,-1.0589660482654695
NAP1L4,-0.6913921249155235
GBA,9.209821136339798
NBAS,0.1508651834347645
MCM5,-0.9960158101949493
PHF5A,-0.4671720453422887
NOMO1,0.4002026675454602
DDX28,-0.7082837236303977
PDK3,-0.042721244704777755
NRDE2,-0.7839535959101266
KCNK5,-0.9342601030363421
ABCC5,-0.23333418804565484
TRMT61A,-0.9112084867710224
PUF60,-0.45690364087497504
TARSL2,0.06660949958262169
POLR1A,-0.7635450534342866
AHCYL1,0.031940699891402746
AHCYL2,1.414836234275032
SNRNP35,-0.3795510770767392
LIG3,-0.37515926006835476
MYB,-0.9135471013466351
PYGL,1.159355575577319
ATG2A,0.2597674100368961
IP6K2,-0.23165760057722148
HSDL2,0.08528769231730537
TLR2,1.8961647560892068
ELP3,-0.5048995116045908
NCBP2L,-0.41050042667773895
TPGS1,0.1562889478216917
DQX1,-0.9609679649394378
ATAD3B,-0.098751845181032
CHD6,-1.1500501080626466
INTS4,-0.4848576773465743
CAP1,1.7820480644797654
SKIV2L,-0.22895626138283934
RBMX2,-0.6224906045184727
INTS9,-0.5518998377673884
MRPL11,-0.49955412553719575
POLR2C,-0.9081345908439218
STRADA,-0.43477972992825503
ERCC6L2,-0.9234782814370193
IPO9,1.4838291629999112
GPKOW,-0.9795166126172538
CDX1,-1.3344437800956452
BRD2,-0.7961198468425571
WRNIP1,-0.9052693172834636
POLD1,-0.9875843347199503
HIST1H1T,-1.609370694046441
PHLPP1,-0.39175634881078897
DDX25,-1.2996455001823584
EP400,-0.9736997782954202
PSMB3,0.0004404538521309695
NSUN2,-0.4616349310789149
TALDO1,1.656489566244045
CLEC16A,-0.21522953339839235
CACTIN,-0.4245558276370338
DHX32,-0.6248589426043266
TSR2,-0.955387550431056
LDHA,0.25351790572592453
PABPN1,-0.6797681712334479
ALDH9A1,0.4263727587153749
XRN2,-0.5478084110018925
DHX34,-0.9612462068797649
DIS3,-0.6867808893679879
PRPF38A,-0.46515610945998936
TAB1,-0.3597080992504638
HIST1H4H,-0.5609527624404247
PAWR,-0.31057625720021864
GTSE1,-0.9611600774424728
GTF3C4,4.670219932542873
DNASE1L3,-0.47502700204686066
KCNH5,-1.2993521319470105
KCNH1,-1.1898072655746317
ATAD5,-0.871310819000417
UTP23,-0.856535803000725
UTP20,-0.7893939990767783
GANAB,3.5396950409135424
GDAP1,-0.17166590006888535
ADARB2,-1.0576305205915966
CDC45,-1.0277259468508462
CHAF1B,-1.0506623004555258
UBTF,-0.8509182911695533
KIF4A,-0.9242518794126906
CDCA8,-0.9793786740060458
MCM10,-0.9583273055529444
AKAP8L,-0.5094811466370213
HDGF,-0.5581195834442753
RECQL5,-0.2716833346980991
MED6,-0.5219826161311633
ZNF609,-0.5171976684230075
ZNF330,-0.42756903227828214
PATL1,-0.32166265972169
ZMAT3,0.3769186126534816
MYBL2,-0.929369470499013
PAPOLG,-0.42342789349493576
KMT5A,-1.1368478778598858
POLR3B,-0.45491724580847753
OIP5,-0.9680167513103988
SLC25A3,-0.02899432482436711
PRMT6,-0.9808512983005682
PQBP1,-0.6039022248632192
AEN,-0.5587558622574329
GINS1,-0.9998846221061372
CEP55,-0.9279700838541053
G2E3,-0.5268447100026412
NUP58,-0.7881683224114506
OCRL,-0.3198656471533665
ATAD2,-1.0206772626687979
SPAG5,-0.9000151036981138
PCLAF,-0.7646895624345236
AKIRIN1,-0.19932521286630459
DNAJC10,0.9467216310392789
MBTPS2,0.04512197939118638
DR1,-0.06208024870182425
EIF4G2,0.4781809457780638
CHD4,-1.1390967633883615
CDC25C,-1.0924300804020441
CDC25A,-1.1173336079385252
POLR2H,-0.7676153525046603
POLR2J,-0.6673203194666277
AGO1,-0.5522452386827199
AVEN,0.3048591551707278
APAF1,-0.46290560530925046
HELLS,-1.0012525009928126
HIST1H1D,-0.7206673924350027
HIST1H1B,-0.5862492474597543
KIF20B,-0.09424748834237714
OVOL2,-0.6541252258678613
OVOL1,-0.602692621543304
ESCO2,-0.9541903428439552
PSPC1,-0.5285614366573477
METTL16,-0.3282070100831154
ZMYM4,-0.7713665147484454
SRFBP1,-0.23863387298849026
MACROD1,-0.19701996151746565
R3HCC1L,-0.2786927208815935
DDX60L,-0.6919174117421453
IL7R,-0.5076888432259798
ODR4,-0.16760388389781647
H3F3B,-0.6637063587211768
H3F3A,-0.9847544780689702
PDAP1,-0.3845298276052874
MPP5,-0.551539302455583
SS18,-0.20781119015286348
CDK5RAP1,-0.5984296683469503
DHFR,-0.4556272603190631
MDC1,-0.7148466058498022
KIF18A,-0.8185338003031271
TRIP13,1.8055889012916575
LIN7C,-0.41400649807042683
UHMK1,-0.309199351583931
BARD1,0.6730279270551573
BAZ1B,-1.2390748712440922
EXO1,1.18160003797804
DEPDC1,-0.834338986084349
ALKBH5,2.034622032568844
ATM,-0.8978016525422055
SMPD4,3.9765453146158554
FASN,1.3233481443470079
H1F0,-0.5047390056441288
NPAT,-0.4175005670082058
CALR,1.2353318883779951
SKOR1,-0.5139400342994777
LOC107987487,-0.04430319855800094
ELAC2,-0.2737030340366091
PRKCI,-0.39400807232993085
SCRIB,-0.6524492443477066
CWC25,-0.7685157324969527
TRUB1,-0.38289659120123276
NUP214,1.8869267814136967
EMD,-0.30519926649799156
EPB41,-0.384950150001305
GLYR1,-0.6962018971940448
TOP3A,-0.6411973995420495
TOP3B,3.360858372407038
KRT5,-0.5511220176628032
RABEP1,2.499974556365821
BIRC5,-0.6285016343450963
NKX2-1,-1.4510437812165726
PINX1,-0.5341878034702134
DGCR8,-0.7329148682444871
LOC107987491,0.048396677061494725
RPP40,-0.7685999473106719
HLA-B,1.3948560553742528
H2AFY,-0.2999916535173115
NCAPG2,-0.9749885143123046
HAUS1,-0.8742693136991003
TFE3,0.37446785508432695
HIST1H2BB,-0.45760925883570136
HIST1H2BM,-0.5729429123522823
VAV2,-0.522304477645643
FYTTD1,-0.2170096934603885
TP63,-0.6588898418036466
GNL3L,-0.6670454275587462
NAA25,-0.705465597881278
LRRC8A,0.2410069721397854
IGFLR1,-0.18900828513513862
U2AF1L5,-0.8258717887506415
NPM3,-0.6480174668273695
PARPBP,-1.0311617424491073
RIC1,-0.23269829020646626
PRIM1,-0.8696346752832483
PRIM2,-0.7388027277513061
NCAPD2,-0.9076949079724719
HIST2H3D,-0.8332420308218874
HIST2H3C,-0.9438634126518516
EMC1,0.5248185942057435
SMC5,-0.5787779790875888
NAA35,-0.3197395044431633
RBM3,-0.5154595439187521
ZMYND11,5.691493118766384
IVNS1ABP,-0.2710480432830051
C1orf112,-0.9523178729155514
URB2,-0.7124229214023944
CENPF,-0.9609988734991043
CENPE,-0.9600154118927083
CENPA,-0.9967740354505864
MPHOSPH9,-1.0389866874197558
DDX59,-0.8418438877709943
DDX53,-1.044913977197653
NSD3,-1.0989091469709888
WDHD1,-0.8221110127282373
RACGAP1,-0.9367775366436898
CEP250,-0.6133689907934781
UHRF1,-0.8828019648590814
MCMBP,-0.7224977527490659
SMN2,-0.6130131547114055
ILRUN,0.3747429332279471
NLGN1,-0.7296711345920687
CSTF3,-0.8461032663060718
CSTF2,-0.8447584297245824
CCNT1,-0.7410232754845044
CREBZF,-0.36419622259274426
BRCA2,-0.9928918938434669
WNK1,-0.6783391597522811
ACOT7,-0.15915356396513275
USP36,-0.33950353271400113
RBBP5,-0.7912192606977041
KIF22,-0.9174859909677588
ACSBG1,-0.3870996004861574
XRCC4,2.0205443379458803
DDX60,-0.3062533589239355
LMNB2,-0.7058423816099701
PHF6,-0.7823117447777339
PHF1,-0.6292772331953348
RPP30,-0.5968674123437764
KCNA4,-0.5172523302952401
KCNA2,-0.6504367413096055
KCNA3,-0.8433683077915648
RAD51C,-0.7123557342549116
ERLIN1,0.7542678340358159
CTDSPL2,-0.5407240618448949
HMGXB4,-1.0521530776076462
CORO1C,2.277052646180556
DNA2,-1.1189947773523012
KRT14,-0.4728516037238157
NFATC2IP,-0.9394109908743833
CASP3,2.104643158416503
CASP8,1.677831705247665
PLK4,-1.044164724031487
ADAD1,-1.085043331198479
ADAD2,-1.2493820017841877
GRK5,-0.9398912905725851
CAPN2,2.853430885783493
COG8,-0.04111596194842916
PCBP2,2.8658298472423906
SMC1A,-0.855031785168207
ACE,-0.17604231966657982
DNHD1,-0.6086621388654525
HNRNPUL2,-0.5760512818428253
KCTD20,-0.411330797294034
FKBP5,-0.2955893928639769
PPP4R3A,-0.6591623183634224
APBB1,2.261026679491364
GABARAP,2.1155627880791927
WDR4,-0.40810545679236043
IWS1,-0.7880617425794466
MYD88,0.9183230634270766
HMGN1,-0.4652680824403049
DTL,-0.9173187863702241
MSH3,2.430502711805514
HNRNPCL2,-0.5171980819258263
DEPDC1B,-0.887908817557029
SPDL1,-0.941423431090554
TAF15,-0.42890261231091537
TNFRSF10D,-0.34149620012359305
CDC6,-0.7443002932841365
KNTC1,-0.961937147435237
RBM19,-0.5060621504345232
TMEM259,0.566424273804024
CPSF7,-0.8671536906774421
CPSF1,-0.4991809292369141
RNMT,-0.4511117425046703
PMPCA,-0.7177009799236438
MBD2,-0.49414229096203205
PATZ1,-0.90371178401505
RBBP8,-0.7710752425975825
SLC29A1,0.019724133117193104
CCNE2,-0.7778954897421256
FTSJ1,-0.19216857484158423
L1TD1,-1.2363159413302718
ZWILCH,-0.8528479445074371
DTYMK,-0.7361992194797369
PIWIL4,-0.8878202061109375
PIWIL3,-1.1652946392020016
KIF14,-1.0084620440452843
FANCD2,-0.8799428100386071
CBX5,-1.2983240876093316
IGF2BP1,-0.6478058856514466
KIF1C,-0.6919859918307076
NFE2L1,0.3893600374508672
CD247,-0.5607868938968678
ABCB1,-0.3248737079069885
DHODH,-0.3594787015654625
NCAPH,-0.9066477092494913
NCAPG,-0.9457948720355319
TNFRSF14,1.4938704145621182
CRK,0.9524667546186412
POLE2,-0.8871190537184144
TFDP1,-0.8703690965322147
RHOT2,-0.38926189279160184
EHMT2,-1.1334233642214502
NUSAP1,-0.9638267578884142
ZBED4,-0.7140215265377543
SHCBP1,-1.0000381003190602
GPD2,-0.23595177891331132
SUV39H2,-1.2419431670351053
MAP3K14,0.2278323710096694
BCL2L2,0.30911222916777625
TMOD2,-0.33008126506608154
ZNF281,-0.4243915407022471
HEXIM1,0.07728050087114244
IDE,0.4672846704510858
GUF1,-0.2736363679378895
HNRNPL,-0.7329035645544212
MRM3,-0.7390377287517041
STAU2,-0.47148985321849624
FBXO46,-0.496144823788536
RAB35,0.10723168188545928
HNRNPA1L2,-0.6018654070800883
CFL2,-0.3585086944618528
NFIA,-0.7775001357064906
NELFA,-1.0546313249546395
MEN1,-0.44046470650991065
MVK,-0.18057156777836494
BUB1B,-0.8519640351123642
SMARCD1,-0.9703106752026325
CD3EAP,-1.4602416933814903
PIDD1,-0.5039413832124373
KLC1,-0.03292337662229253
SOX12,-0.5986502621834832
HPDL,1.2624364873281113
FLNA,-0.33069351289240495
LETM1,-0.2659750668512551
ENTR1,-0.3998661181014538
POLE,-0.9891038057718363
INTS5,-0.38104516363359553
HIC2,-0.945638922975787
CKS1B,-0.7657353525276202
TM9SF1,2.1377300242859674
PTTG1,-0.8177651182376233
SZT2,0.08715714597759078
TEDC2,-1.1071076256756491
IGSF8,-0.30659455726269597
MED19,-0.772966123186422
CHAF1A,-1.1257658153633632
TRMU,-0.48128874935575955
CDK16,-0.3938243022498239
PDCD2L,-0.8093589684312668
KIF18B,-0.9320575936113106
SFSWAP,-0.7226079646500005
TBL1X,-0.652852406163637
TBL1Y,-0.7075085325102601
HEXA,9.38266785484528
MBD3,-0.7837795312886615
TLN1,-0.16176107700734157
SIX4,-1.4880216346262414
HDAC6,-0.7535536200475595
CDKN2A,-0.37536309096226983
TSC22D4,-0.02388392164743789
PAFAH1B3,-0.4898154884263439
SLC2A1,-0.34330651257097805
KCNH4,1.1834553513026633
SLC4A2,0.3255030674938674
RECQL4,-0.8046105527091519
SLC29A2,-0.06559771812810873
CCNE1,-0.8016598974094542
TIMELESS,-1.0309780049700272
GYS1,0.04706207358744821
RAD54L2,-0.43495399322937206
SMYD5,-0.6252628798231098
RAG1,-0.6093606978370051
TELO2,-0.5161628464883887
FGFR1OP,-0.7278193831354562
GTPBP3,-0.5791848106011841
PIMREG,-1.1666267356382154
SLX4,-0.6702000048312778
FANCG,-0.7905068533494722
CLASRP,-0.2559612290173569
RALGDS,-0.08312625418107068
MED22,-0.5453667557011522
PARD3,-0.8705361847725726
HOXA7,-0.8500506093670476
MFSD12,0.7779521798291715
CDK8,-0.7519741033899244
DSCC1,-0.9238611311384592
MAD2L1,-0.9250199847185285
C19orf24,-0.29961013752181
AQP2,-1.0319167123096558
DRG2,-0.1261975290944654
RAD54L,-0.9030359477575515
FASTK,1.5802067283310175
CIAO3,0.24903446864309725
ZAP70,-0.7865181582096648
DNAJC11,-0.42849879690161763
INTS1,0.018701437086902632
THOP1,-0.5719796187111512
ETV4,-0.41521329768125126
TYMS,-0.5761781436801073
SAE1,-0.6509807672936907
PAGR1,-0.7935427554076804
RAD9A,-0.20209930524895203
RRP7A,-0.5596937399430484
RANBP10,-0.24672130156404962
EML3,0.282923170493124
CLN6,0.26148282860187005
ZNF574,-1.244158374719482
WDR62,-0.7703060905586568
NUP210,-0.2512203664611429
PNKP,-0.016385382725313265
GPATCH4,-1.1431516696360486
CLSPN,-0.9900969256231047
MRPL28,-0.11875601016699956
NPTX1,-0.5501260037368048
XRCC3,-0.4183067344532449
USP44,-0.24641725728503136
ORC6,-1.0509550967824013
PLCB3,-0.827984212314769
GPHN,-0.33098603891818623
RHBDF2,0.365798291218564
POLA2,-0.7384172038624633
CTNND1,-0.4387217572598004
IL1A,1.8415904651788193
IFNB1,-0.8606044243655412
ERN2,-0.5759125194330637
POU5F1,-0.8941790127725154
LRP5,-0.19044720852083152
NABP2,-0.5716686151366415
GATAD2A,-0.9846694964115394
SIGMAR1,-0.008014393171005822
RPAP1,-0.11679830771521302
NUP188,-0.6197768705169288
ATG7,0.01323239388998169
TERT,-1.111813928149739
KMT2B,-0.45509922899384814
PSMC3IP,-1.075201499834052
PIGR,-0.8352616140469441
WRAP53,-0.5165452907296941
CDKN3,-0.9000988558838156
CTRL,-0.2624107890776581
MRGBP,-0.8952110218855298
HBB,-0.19343428543977764
HRNR,1.124126921293751
ZNF142,-0.8439665028079943
DENND2D,0.38141525397315507
GRK6,-0.8174425703660982
NSMF,0.1572285008353677
GOLGA1,2.3350701738224418
GOLGA2,-0.4699016591101878
ZNF787,0.023507626717553732
SEPT11,-0.26008712279686036
MED15,-0.11607487520245467
MED16,-0.2647542075718005
CSNK1G2,-0.6411664403784711
CCDC85B,-0.7988822723612161
PELP1,-0.7828429191857189
SCARB1,2.2422824351861577
HIRIP3,-0.5455456939607796
RASSF9,-0.28823395928482887
STMN1,-0.7442240041461518
PTOV1,0.041442037212049504
DNM2,1.3803480633946716
RSAD1,-0.05545733336308551
HAUS5,-1.018071833077583
ZNF282,0.048120053289124325
SIRT6,-0.5577057255346095
TMEM94,2.132975434101164
PLEC,-0.2855347816993298
TAF6,-0.7817893347661867
PEX5,0.07307997491398335
CTDNEP1,0.07404647068930127
RFWD3,-0.6526571375893904
ARMC6,-0.5390570943630641
JMJD4,-0.38196187110818447
GPN1,-0.33428701856796383
TCF20,-1.120636106192538
HMGA1,-0.5829521050834274
FHOD1,-0.04980059241585849
RIN1,-0.32057087637187465
CARM1,-0.6210810026931608
OXCT1,0.0440097400321016
KIF20A,-0.8585340650500418
FOPNL,-0.41368685830396945
HSPBP1,-0.4179930957382323
HJURP,-1.0390750968313596
HCFC1,-0.8171889609244293
PAXX,0.1514349665745202
TTLL12,-0.4399759735981017
TSSC4,-0.236639898724634
MTA1,-0.8017312844642668
NF2,-0.41457705992893285
ANLN,-0.7742337627731198
ARMC9,0.08211488138297188
SSBP3,-0.7728257137790046
NSRP1,-0.34444927918787294
BLOC1S6,0.018564159477200148
CEP120,-0.7013954098065562
ARHGAP21,-0.5661398390151101
MMGT1,-0.16852605228487588
DOCK7,-0.35283652179444813
CIAO1,-0.5252195929323836
JMY,-0.5879486803216036
RCN1,1.7334069490324608
NEPRO,-1.9786675932419142
EXOC6,-0.47448013012343476
WEE1,-0.8513980917770047
DIAPH2,-0.17344957394733637
NXF2B,-0.9495191206739847
NXF3,-1.3493626836585735
SENP1,-0.6525337345887507
CUX1,-0.5829085219510955
HOXC13,-0.7868929599973041
NAB1,0.2608692081197114
OTUD4,-0.49753229482926214
NXF5,-0.9512446190985341
MECP2,-1.027368710557597
RGPD2,-0.46734866982945794
RGPD1,-0.29320619534634557
RGPD4,-0.4776881806492907
RGPD5,-0.40905686848025646
GEMIN8,-0.4525239852262769
PRKD3,-0.10395952668647532
FOXI2,0.3357129829319892
IFIH1,-0.20612719409313465
NFX1,-0.37970105850180336
MAD1L1,-0.08829500171808084
SKA1,-0.7601572560445662
SKA2,-0.9005859036985838
CDCA5,-0.9540599631270502
UXS1,-0.15140652312705827
QRICH2,-1.210987209473334
AAAS,-0.09397612739069532
TMEM33,0.17680181797305386
CDCA2,-0.9451470172347654
CENPO,-0.1259313802041843
CENPN,-1.0187981099791368
CENPM,-1.0043482915783515
CENPL,-0.7975168876327952
CENPI,-0.9825332702164209
CENPH,-0.8864235761364985
CHM,-0.11513979709864089
PROSER1,-0.7008911275338211
CCL13,-0.5272327898635973
NUP88,-0.7570521784682642
POM121C,-1.073654239392313
CCAR2,-0.17981392624296152
SGO2,-0.9836113238539652
ESPL1,-0.8972986330808975
GTF2E2,-0.2699165487971257
NEK9,-0.5653534644513718
INCENP,-1.1562450129951685
BUB1,-1.1440513246504005
CD70,-0.3074306154955844
HDAC8,-0.5713537745583029
TPM4,0.2537254923610541
RANBP3,-0.3394861763293515
PAF1,-0.6687423379260844
FOXL1,-1.2976146345675406
ZW10,-0.45139786564538625
MFN2,0.01179466972157838
CDK7,-0.6084392428014409
ITGB3BP,-0.8679753054874096
KNL1,-0.7895832692031604
PBX2P1,-0.6568020456248351
PBX1,-0.8400699569341121
NSUN6,-0.6398100178912759
RAPGEF3,-0.7461724258529003
UNK,0.07938706295038872
NDC1,-0.7155950777394794
HDAC11,-0.9167365903632708
GBF1,-0.004153835788255546
KAT2A,-0.8751933984609863
B9D2,-0.7945908745102268
POMZP3,-0.2793681489238646
TENT4A,-0.9435164473290387
DSN1,-0.9040846170146501
ZNF318,-0.5647987714613779
TMEM209,-0.43094775661322066
ERCC6L,-0.9151887099476025
PPP2R1B,-0.6560703517977626
CENPS,-0.8887907663855612
NADK,0.2953413979565418
HPS5,0.7979408404340744
MSI2,0.25968586958798273
MSI1,-1.28352288101446
POLR3A,-0.5100670077339341
POGZ,-0.9003385918751086
CENPT,-0.6163467851539207
CENPU,-0.9608097855849028
CENPP,-0.9491715157631181
NUF2,-0.949246858117636
QTRT2,-0.8516367771516775
PMF1,-0.6200849790335521
FAM193A,-0.5184828117261132
SGO1,-0.8075321890033675
SPC25,-0.9932548318855601
SPC24,-0.7826543869118571
PHF21A,-0.4964065557820282
CENPQ,-0.846820374585442
MMS19,-0.2750046396190384
ASXL1,-0.8160633836424632
ZBTB33,-0.8433069192177715
ODF2,-0.705531743976564
NXF2,-1.867776646896288
SIK3,-0.1758484851862614
SFMBT1,-0.9473245303711652
PBX3,1.312072224147418
KDM6A,-0.9000033697817702
LIN54,-0.8213335434102643
ELL,-0.6551686164359198
SNUPN,-0.27271668012000017
SYNE2,2.1161487255543427
NXT2,0.053718523886371626
STAT5B,-0.5776234665969288
HSPA1B,-0.21232001461187552
NUP43,-0.654656464914099
RCC2,-0.5760785130520496
RANBP3L,-0.9827711729144207
IGF1R,-1.0375023869857845
WIPI2,0.10217495357716588
SOX13,-0.7950492706351738
CHRAC1,0.012456100032449997
TP53I3,2.7734422380891988
ZNF428,0.35833894060948035
SESN1,0.0983360645464851
DCTN2,1.2988292181652277
POLL,-0.19178639778636827
POLQ,-0.7163377272126075
HIST1H2BO,2.552901240793857
TFPT,-0.661099867507705
AIG1,-0.02228719691205076
NFRKB,-0.634826612721821
ZFYVE26,2.6479066985385367
GTF2H2C,8.141507752283642
SPIN2B,0.3270095340234695
APOBEC3C,-0.18157475231181347
ABCA1,2.2896632144471085
COPS7B,-0.5431250865099234
COPS7A,0.22114074059725175
MAPKBP1,-0.609357443279503
WDR76,-0.878573412836119
LDB2,-0.7616908070384709
AASDH,-0.4536600368551776
CSAD,0.04047632969009224
TMEM43,2.6690071015944654
COPS6,-0.4771025152706572
ORAI3,1.6586562908954712
DNAJB5,-0.32442394464015706
GORASP1,1.4954507438445204
MTMR14,0.11346757137935709
PGGHG,0.3033818809569797
OXLD1,0.32493310616793775
NAA40,-0.42266983264737196
PHLDA3,-0.09343302354531924
HIST1H3A,-0.9169736775159756
GOLGB1,0.1672161265988175
BCL2,-0.7435257980121582
PTPN14,-0.8602380856037461
RRM2B,0.0607251713405334
PHF8,-1.00314703283006
MSMO1,0.672595544387031
H2AFY2,-0.2960934615933858
FOXO1,-0.6021820981860536
HIST2H2BE,-0.8716318467918281
BBC3,-0.48287014775594456
INO80E,-0.5633439712484262
INO80B,0.07618013575765757
INO80C,-0.6085918261853934
RPA4,-0.7229836497815673
ATXN3,-0.5564300216722635
EPM2AIP1,-0.5894688436456491
ZNF512B,-0.5581453240204719
PLIN2,2.6416457571986953
OGG1,-0.5123020644493064
CRCP,-0.647445807018111
POC5,0.8179616249047963
FAXDC2,-0.1794967799093748
CHD2,-1.436604612336774
HIST1H2BD,-0.5945988137301512
HIST1H2BG,-0.7058819588639113
HIST1H2BA,-0.6657482318518522
AKR7A3,0.3682216653856901
APLF,5.601030980365193
ACTR8,-0.5781387948425163
ACTR5,-0.8005271121592636
PIAS3,-0.305466147127457
HIST1H2AG,-0.3505762621459274
NGLY1,0.9505631750027121
DGKA,-0.1844751046154055
PLXNB2,1.9005290133097439
FGFR1OP2,-0.24937612482681012
HIST1H4F,-0.9636202682995262
HIST1H4A,-0.9134158232217443
ADIPOQ,-0.6490352374047292
ZDHHC13,-0.22770037672677584
ZNF703,-0.6423706187367411
ZSWIM4,-1.1704541214123774
SPTLC2,1.0749704480594429
MACO1,-0.43058284433916094
TMEM53,2.272841468328937
MUC2,-0.3048682413794646
SP4,-1.371819257812882
SP7,-0.8413272166326019
AKIRIN2,-0.7120242297202376
TMLHE,1.842524553777192
LMO1,-1.0185469078441545
ITGA2,-0.3634768397214369
ALDH3A1,-0.28582763626210145
SWAP70,2.7624994960276994
APOA2,-0.5934231235590384
PHLDA2,0.3744119272964726
CYP27B1,-0.15963832359296684
AGPAT3,0.26900010847919376
PRSS50,-0.7852341249806956
RAG2,-0.8870529763096718
RPS6KA4,-0.19686468433874055
HLX,-0.08991311421503745
NR0B2,-0.9327035334775889
ZNF296,-1.1858904873597536
CD40LG,-0.9146479594733494
TRERF1,-0.7458171164268209
MIOS,-0.6299030766479549
ZSWIM3,0.43570253884217386
TCEA3,-0.6639878315867672
CHTF18,-0.9771697324666495
PAAF1,-0.3893306175725351
BDKRB2,-1.0432982662105121
CLPTM1,1.7104679646067042
SPHK2,2.760123311138547
FIZ1,-0.6180639089144551
ZNF780A,0.18386370540269584
RHEBL1,-0.24778117991889584
CDCA3,-0.8299215222655333
CDCA7,-1.0415866675310734
MNDA,-0.06334655266214488
RSF1,-0.808533729087631
ZNF687,-0.7894771526571334
THAP8,-0.37933916610125756
DZIP1L,-1.5901116557534216
NQO1,0.6195730735165371
SIX5,-1.0008360882827594
CLOCK,-0.613386759008038
MR1,2.5964337260565618
HTN3,-0.2589709306236623
RELB,-0.1773169064518108
ZFP64,-0.795575500059546
HMG20B,-0.2762787091493598
ARRDC4,-0.2269269742341566
KLKB1,-0.8587849436619415
COL7A1,-0.07696089896395056
ELK4,-0.40173887339038045
RBM18,-0.1564856700664569
FOXP2,-1.1023238963149418
FOXP1,-0.9251333054992881
BCL11B,-0.9290859421344729
FOXP4,-0.30422231128022803
ZNF597,-0.6943078491658844
ZNF595,-0.5126170240555672
GAST,-0.9639425598998087
LHCGR,-1.1614930132182963
CAMTA1,-0.08838566952972718
TNS1,-0.1317665153128573
IGF1,0.6803045608162435
GCG,-0.9598345459400414
IGFBP1,-0.673555587806698
HBE1,-0.6917050424122867
CYP2R1,-0.2436185412545473
ABTB2,-0.9982084153604915
CYP27A1,2.1209625673808223
BTC,-0.4976291319787178
MEF2D,-0.7125423513681847
GAS7,-0.3081491107015076
MECOM,-1.0718714584750788
CIB2,-0.3595916794546889
TGFBR2,-0.14783782779699484
MTMR12,6.969465499186934
SEPHS2,0.4690550758055408
ZNF48,-1.1907345033312156
STMN2,-0.8648834311223864
FOXL2,-1.3632225154232385
LRRC39,-1.4361655754140332
NFYC,0.16861502694055913
PITX2,-1.0278516235561754
CTCFL,-0.8972621078172786
ANGPTL7,-0.497779239765907
GALNS,4.397917871546525
VASP,0.02438973841248415
CYTH2,0.01808059911187635
CALCR,-0.7100696003646341
KATNB1,0.1976684410933323
WIPF1,-0.3090469883703488
B3GAT3,0.4115684001275994
MBNL2,0.4352351186351132
TRIM24,-1.1105019176020363
CLCN2,-0.5523369179384959
R3HDM2,-0.4650942001900388
FLRT1,-1.5163583565734338
FLRT3,-0.6354054810367272
KAT8,-0.8091911411802412
TTC16,-1.1013938886510117
DMD,-0.5725641230858133
C16orf72,-0.6131290000666995
DNAJC27,-0.26235269834928915
SLC31A1,4.1506269901261765
ZNF223,-1.4356290739378077
ZFP91,3.42948889538466
EGR2,1.4387505537234977
PPARGC1A,-0.5202926651431238
SUPT20H,-0.7742984024624372
RPUSD4,-0.8715758352470216
ZFAT,-2.4217188801895486
PTPN4,2.760144132839226
GINS4,-0.9050936053688174
LRCH4,-0.6211504118919473
LRCH2,-0.5067742628436661
LRCH3,-0.8226964038573245
DENND6A,-0.45968199309616026
ZNF385A,-0.24195983997071602
PSMA1,-0.5181089236177129
ZSCAN29,-0.5751570735172898
TSSK6,0.2006339095592846
PDHA1,-0.18117069001343244
LCAT,2.1566899467545153
MSH5,-0.2285912351430457
SRY,-1.010931817159257
SOX9,-0.88243446282378
AGPAT1,1.527474754619864
FOXO4,-1.0121386154348777
PRICKLE4,-0.07122581011953279
LRRC8C,-0.22072708146077286
RGS3,0.5728132875672953
PLAG1,-0.5727823431636369
KIR2DL4,0.04279615101361262
PIGV,0.860697991281848
NAB2,-0.24182781275179044
COQ8B,-0.15985096461905698
MGARP,-0.3487997650433813
FXYD1,-0.3994613518418783
ZFAND4,-0.9780750247240371
KLRG1,-0.861380433429697
ARHGAP26,0.017310827625424095
PPP1R16A,-0.6396053988376257
PPP1R16B,-0.7063379542835125
ZSCAN20,-0.6253896156429014
ZSCAN21,-0.9046762668667961
DDIT4,0.18310154254886504
ABHD2,1.0418174970889336
NUCB2,0.9070212910290564
BMP7,-0.8171920233539761
BMP4,1.1020639171970004
BMP2,0.6559902433583649
MAF1,-0.06771520783809173
NR1I3,-0.6599029749827772
NR1I2,-0.7794246875528793
PACSIN2,0.1717651264107264
CCNI,-0.4561477995806329
CCNK,-0.6918134200686531
RASSF1,-0.11026899993818029
RASSF2,1.8133447990120073
CCHCR1,-0.8539250319337294
MNT,-0.11341898395638277
CRMP1,-0.801242654587231
SLC49A4,1.1635062196249757
VPS35L,0.7106137327337209
PRDM16,-0.737758846899155
PRDM13,-0.853913367485674
TMEM60,0.5639340248732484
PRKCZ,1.7862369897551842
CASKIN2,-0.09791915791781143
CASKIN1,-1.3387036545560285
ZNF629,-0.47511707345802673
RAP2B,-0.2844349707588472
ESRRB,-1.1259557411120271
ADA,-0.23993511565384262
TSNAXIP1,-1.0675709519335284
ADH6,-0.39790340330544627
BABAM2,2.616959399674977
RASL12,-0.8524985474926972
HIST1H2AM,-0.722041298442482
HIST1H2AI,-0.47732537421161697
ANKHD1,-0.46505211879514213
HIST1H2AE,-0.6573350764236212
NRIP3,-1.2084301509282933
SWSAP1,-0.02155441114111028
HIST1H2AB,-0.7063112115113903
BCL2L11,-0.36379002611979167
ZNF556,-0.9833332833416776
SIN3B,-0.6292562763637323
NCDN,-0.10646848432670383
DENND1A,-0.26206149961203695
REPIN1,-0.8596935314062875
PTH,-0.5539846481800053
RSU1,0.2711206757985867
GNA12,-0.7809364366788675
GNA11,-0.8784785089273831
SDHC,1.4775942718210509
MUSK,-1.2807310378415828
MOCS3,-0.14540072906669965
LHX3,-1.3307189713646446
PTGER4,-0.39349361896618046
SOX6,-0.6843446631794703
ZMYM2,-0.7160595463410385
SLC38A7,5.229784533082259
LHB,-0.9435944576359127
CXCL12,-0.8364068362466712
ADRA1D,0.9360234239920727
SIRT2,-0.15096577734919814
HIP1R,-0.4337987103586757
LTC4S,0.3893219858749176
ZIC4,-1.370313148270387
ZIC5,-1.231127313650912
ZIC1,-0.688922478960504
CCL20,-0.6783160856269358
GUCY2C,-1.2801638102948336
HOXB3,-0.9404606288797869
HOXB7,-1.0479189290555981
RNF40,-0.27692614312973807
TYRO3,1.6452293155434858
WDFY2,2.757999071907922
ASH2L,-0.7246050088595983
ANKRD35,0.36868018460693885
ANKRD39,-1.0227971933347326
NR2F6,-0.15399989039008014
CISH,-0.06356602304878783
ELL2,0.1097744859416931
INHA,-1.2626227508899042
CTF1,-0.4061696427185063
ZNF80,-0.9771704310307311
LDLR,2.0402398673221533
CYP2C9,-1.1097082366475381
IL2RB,1.2662080743665667
TPCN1,0.5612859888321096
SCARF1,0.11692632647158839
LMO2,1.1265778980974375
WDR81,0.482967769791476
ERC1,-0.6472099269184932
CBLL1,-0.37084387984341893
ZMYND8,-1.001297008480735
CASZ1,-1.203449653889605
HERPUD2,0.06015569696646825
CDK19,-0.6083477905696405
LPIN1,2.4610600683147914
KLF7,-0.6576937459421942
KLF6,0.037870513417507454
KLF9,0.05565300239600891
KCNAB1,-0.6069263191275794
MMP28,-0.332651423942029
POU1F1,3.1531799493344175
MAP3K11,1.437257250815324
MAP3K19,-1.2402816837938362
IDI1,0.6482396122210388
JOSD2,0.15789302679802544
SCRT2,-1.6198664965895324
RPUSD1,-0.17456269163630733
RARG,-0.49931554218745683
B3GNT9,-0.035971163179186666
CACUL1,0.4865893421185224
CDKN2B,2.0023200054484893
CXCL1,-0.6742707936343171
CDKN2D,-0.9503736303738964
NEB,-0.5056479423942171
PLAGL2,-0.8169238706598778
YIPF4,0.3675992560927259
CCL2,-0.11940896072849189
NFATC1,-0.8130604971138243
PER3,-0.40012657347852704
FOXA3,-0.8364722618909712
FOXA2,-0.885815532284777
EPS8L1,-1.6520162148388886
UBP1,-0.7549064824905666
GTF2IRD1,-0.8360017817821891
EPAS1,-0.3200566836310915
DEPDC5,-0.3313465395253937
SLC22A5,1.6442172223913079
ELOA,-1.008835076273048
FLT1,-0.9257231241191468
PODN,-0.501925862645718
S1PR1,-0.7637336724174945
AAMP,-0.26250875885948427
IL6R,-0.12112014991372136
ASIC2,-1.5892958218169444
LRRFIP2,0.1367492118729648
ICE2,-0.5913198522156231
IRS2,-0.35512373603043823
OBSCN,-0.8497037199660782
CEP57,-0.7578726623657697
CYP17A1,-0.6798074886924048
RGL3,0.054436114353486
XPR1,-0.4640761487897752
PRKCH,2.1736253601131854
PRKCD,2.7274948944510355
SOX11,-1.0988418057673586
HIST1H3H,-0.9446233656524794
NRIP2,-0.9254667893817948
FKBP14,0.838519610927201
FKBP15,0.7892048945364826
TBX21,-0.4920136978137344
PPP4R1,0.06299225176560488
PPP1R3D,-0.21288498042135792
MAP3K3,-0.13605792683895152
MAP3K6,-0.3361823072608037
ZNF575,-0.48948286442545996
ZNF576,-1.0749371351902532
KIAA0319L,2.7164702992130736
CTSL,3.162016556110564
PASK,-0.8635182599192005
OMA1,-0.2297035769899727
PCYT1A,2.616881791613803
HIRA,-0.8749966783466392
CXCL8,-0.8835489799193557
SPEG,-0.6199442964771521
FGFR1,-0.8305897849982626
GFOD2,0.7849002045961391
AHNAK,0.6481423049326183
AFF4,-0.41250092089456797
PDPR,-0.6210291817939324
GUCA2A,-0.8307430873542138
FOS,2.4343887984963652
HOMEZ,-1.2101097970018408
PLPP6,-0.11695271272339534
ST8SIA4,0.2967245818051874
ZBTB4,-0.6021959812812052
PRL,0.4790513666639804
DMAC2,0.3531434373003895
KRT1,-0.6394172537027619
IL1B,0.9355935938558745
KRT8,-0.1641036085840904
SIK2,-0.8444290404965575
RABEP2,3.4887890318940356
PENK,-1.0420792458747774
ZIM2,-1.9399083132297312
BCL11A,-1.1577555488530897
SALL1,-1.2048063860083862
SALL3,-1.1788796504670194
CD180,-0.5107388772872649
CYP1A1,-0.3793735294293101
IL10,-0.6373251848548646
IL11,-0.5904572790845213
WNT4,-0.6304685474478392
IL6,1.4862215103725895
IL4,-0.9166630481183533
IL2,1.2950139232851696
STX17,0.055681169381634095
HIST1H2AK,-0.5824146237251402
RUNX1T1,-1.1062857289092696
ANKRD16,-1.325742791561609
TXNL4B,-1.3421568740602814
KLF13,-0.058038346693597434
KLF12,-1.0666726341970458
KLF11,-0.32927655623451624
KLF17,-1.5257612548219799
KLF16,-0.6843617896352608
KLF15,-0.6915644358512534
SP6,0.04933535952555524
NT5C2,-0.06909838003828592
SLC44A2,1.15193419316706
ANXA2,3.8602617939180255
ZBTB7A,-0.6640631327346002
SLC44A5,1.3235698368174709
ZBTB7B,-0.6609083566604945
CYP2A6,-1.132500353481026
UTY,-1.2903697211431242
CDKN2C,-0.8908931380315674
AOC2,-0.1853475597607664
MFHAS1,-0.280266088245643
INPP4A,-0.11968117396209671
PHC2,0.11573447824420824
RNASEL,-0.3955165623253714
ZNF367,-1.2963565022174897
ANKHD1-EIF4EBP3,-0.5217086915299403
BRSK1,-0.7872288736330545
TLR7,-0.12541110038475925
ZNF213,0.3952175282510237
NFKBIB,-0.529029513366088
NFKBID,-0.7965500419177878
NOX5,-0.6257403374006507
NR5A2,-0.8305908604173121
DLX4,-1.1879487291901658
HIST1H2BF,-0.7046162680162679
FGF9,-0.9376255041861407
HIST1H2BN,-1.026466687176226
FGF4,-0.9497436050058911
HIST1H2BJ,-0.616634063630162
MISP,-0.9860914202008685
SLC25A40,-0.42777590029529067
TOX2,-1.1951393649433204
JAZF1,-0.21719804401095977
RAB8A,1.1185473473886924
SGCG,-0.45934254204943664
DUSP5,-0.16101833025747792
LRRC8E,-0.6731934759942086
ANKS1B,-1.037386268419861
ANKS1A,-0.5722198859746309
HEY1,-0.5034964668541361
METTL9,0.6991085645132993
ACTRT1,-0.824530848371429
LEP,-0.605782143464408
PITPNM1,2.4144313617677597
NKX3-1,-1.0027458891230108
PITPNM2,0.23506768577422035
TBC1D17,0.0886344075112903
SP8,-1.5684549167397164
ADAM17,2.3058621781717443
DNASE1,-0.7590940074562014
TLX3,-0.9077481361489553
UNC45B,-1.287599308887354
ZBTB40,-0.6220605939418199
ZBTB44,-0.9953593613941165
BRAF,-0.6527549811636868
PCSK1,1.7901539094044978
PCSK5,-0.5522642610084004
HIPK2,-0.7127551386552103
PMP22,-0.05557638149071935
ZNF683,-0.6442085035462969
MT-ATP6,0.2736335176118542
PAPPA,-0.5907140802649077
MIF,0.7502593310347524
AHR,2.122891745328458
FDX1,0.023383063770090185
KLC4,-0.3242508833796924
MMP12,-0.4931395973898209
CDKN1C,1.9818027774636908
BAZ2A,-0.9577281097334716
EDNRB,-0.627239885696955
STX11,-0.3011633138042485
APOB,0.35542283781567446
TADA2B,-0.8015359895161853
ZNF512,-0.8673179572524029
ZNF513,-0.5651334051197899
HOXC11,-1.0915634245491797
HOXC10,-0.9204067401964127
VEGFB,0.34432068667635235
LHX4,-0.7273270712842014
TCN2,3.90387691362059
ZNF358,0.5291242306364033
AP3M2,0.04876692654495343
COX7A1,-0.2844337552757855
CCDC186,-0.28602076599226445
HMBS,-0.19915380231231597
HIP1,-0.18014870581723932
DMPK,-0.11678314657325854
STYX,-0.5701292107602984
ABTB1,0.09741370096870243
SPIB,-0.5675856573285082
LTF,-0.042631001512088464
AFDN,-0.5823594121864498
TP73,-0.590710176475931
LMOD1,-0.678443373482209
GPATCH2L,-1.169217543638716
NUBP2,2.7997240867774433
CCNA1,-0.634872386857304
VPS29,0.2642820112033096
ESYT1,3.4933124181575947
PGR,-0.7343228322474729
CXCR4,-0.6493583839989486
JAG2,-0.507925605688609
KLF10,-0.036944197033956815
E2F7,-1.0695637732284922
CA9,-0.6914921202728952
E2F2,-0.8777708011755881
PPP1R13B,-0.5830974085561602
MGAT4B,0.7647638980091032
PPP1R13L,1.6644360677045098
EVA1C,-0.10365749751972095
TNRC6A,-0.6998317926739341
GATA5,-0.6314416052069218
ARHGEF2,-0.5107294319497392
CDH15,-0.8872663980097751
MEF2C,-0.7654658998158675
ZNF232,-0.6667422182341248
CLCF1,-0.2568232380749213
GH2,-0.6146411516094473
SPRY2,-0.38196581974128396
CSF3,-0.8859253051225652
PLEKHA6,-0.43204908978134837
RRAD,-0.33720360736242055
ZNF691,-0.16735572145734767
CEP68,-0.7281584507777432
SLC44A4,-0.3595021474538124
ATP7A,0.3520039318855834
COPZ1,1.629940384689125
SUV39H1,-0.46015959547981516
CDC42BPB,-0.18707711145129266
SHH,-0.9238964721830448
EPOR,-0.50130755783724
PLA2G15,1.5640227123198742
NR0B1,-0.8404734853978596
ZNF503,-0.06282942264727412
PCNT,-0.7848867759190085
INTS11,-0.11495039018658841
INTS10,-0.6822513951878011
INTS14,-0.7285633904837604
USF2,2.2265542860239753
FBXO24,-1.2343284000946029
SATB1,-0.8161949664056259
STX5,-0.0518647395695428
STX6,0.018502563154609044
SLC5A1,-0.5014743463421075
RAVER1,-0.6605941483431749
ZBTB3,-0.9384706711436038
ZBTB6,-0.4675109450319825
ZBTB5,-0.8738452603830487
CYP21A2,-0.4012321164472652
ANKRD30BL,-1.0576670379476323
CHRM1,-0.8991896447965899
ABI2,-0.687287219364108
ROCK2,-0.3434177571240874
CYP2C19,-0.7736305586744501
MMP9,0.5575389166658905
CD209,0.0427335069560318
CLN3,5.211941407075884
ENSA,0.02640380195380384
LRRC4,-0.7621722293045929
AQP7,-0.410670649954167
ACOT8,1.1956051101876852
ADCY2,-1.6128208758952063
KIF27,-0.6368857076129371
ADCY9,-0.9198477766207777
DOCK8,-0.05628266631659818
ATRAID,2.3954976288570773
MED26,-0.7221054061210013
KANSL3,-0.48356620539311373
MEIS2,-0.8502487942926938
MEIS1,-0.8042753547763863
PLEKHB1,-0.019639478558848164
JUP,-0.39346519873332575
PARP8,-0.2350739638468627
MIER1,-0.40212777280980405
BTK,-0.6406521105045226
IL13RA1,2.6412455485887514
HIST1H2AH,-0.7255015738890782
FGF22,-0.6711006691114124
TBX3,-0.8169348695793217
ZNF32,-0.17320055123661954
C18orf25,-0.34659900150021056
ZHX2,-0.41942676269185264
SUSD2,0.5278526468330875
PUS10,0.22263216754796405
MT-ND5,-0.1033422209421577
MT-ND4,-0.22104340005336368
ZNF785,-1.022336623256561
FOXD2,-1.6655688775597377
ATRN,3.0629555040868683
ZDHHC7,3.5506364303623075
ATL2,-0.6589276635059993
ZNF408,-0.7234510058872898
LENG1,-0.28615050968231603
SNTB2,0.10378512039842108
MYBL1,-0.8645826293215283
CORO1A,-0.17665724687817394
SOD2,2.4590007616374043
PRDM4,-1.0285520738678398
PRDM5,-1.4880909642276348
PTHLH,-0.7906778125957498
PDXDC1,0.38773543416539813
SLC22A1,-0.7110332542708926
PDE6D,-0.05087502814559459
SPOP,-0.6986194946927491
GTPBP2,0.10023468715456739
CASP6,0.0299583766050435
TSEN34,0.22761266586011678
NCAPH2,-0.7394698154873945
CASP2,-0.4821014966948233
CASP9,2.1117262753884685
PURA,-0.4480947841654055
PORCN,0.12983174190345437
QTRT1,-0.3957450135520771
GLG1,3.174835359046003
LRFN5,-1.597037132873252
RCAN1,0.3268405427058966
ZNF222,-0.4487560165686614
ALOX5,-0.08718398393168576
COG7,0.09999182701388744
SNAPC3,-0.5444718474542443
SNAPC2,-0.32095709037479975
TIMM10B,0.16578450178471232
SNAPC4,-0.5473355304181917
SERPINB2,-0.24456739339030464
TAF13,-0.22464775078042537
KLHDC3,-0.2360923038097472
AKT1S1,0.6032292457003394
ZBTB37,-0.7862291242841711
RASL11A,-0.8288187090928083
HIST1H2BL,-0.8224694112124078
KIF3A,-0.5642208792037536
IVL,-0.8075101693445642
FNBP1,-0.33313368725645537
PCDHB16,0.22044823426793886
MPZL1,1.8093844185252888
HCFC1R1,0.35693418650481235
FGF19,-0.7143217223005058
CITED2,3.616718758144513
CGB8,0.282321013640715
ELL3,-0.8637803558477523
DTNA,-0.6969874977246698
CNTLN,-1.516610072062707
ZNF524,-0.9344307691789883
GTPBP1,-0.17495711600219951
DCAF11,0.41402868012214106
DCAF17,-0.4656626970442195
DSCAM,-1.429278229572834
FEZF1,-1.475293767274998
FEZF2,-1.4238277362452396
SLC35E1,0.1104534565095179
DAPK3,-0.44337950914014285
EIPR1,-0.36483250807484696
KCNJ11,-0.49780253992384843
ULK4,-1.1947911944256406
KCNJ14,-1.6076173336124715
POU4F1,-1.3627671440589375
RNLS,-0.28390110424754417
PTPRJ,-0.4309850053961907
PGAP1,-0.12252103572871376
ZFY,-1.475329956329184
ANKRD23,-1.3842777996160835
MANF,1.4191925469227122
IRAK1,0.054332266176634315
ZFYVE21,0.5493295949504359
GATA4,-1.232828988791177
CCND2,-0.39465645611327854
SNAP29,-0.1835105452591991
ATF7IP2,-1.56013021808456
PRR14,0.16624825493298792
CSRP3,-1.0947259779491394
RASL10A,-1.1285271507843135
ACVR1B,-0.9699181421489504
PANK3,0.16018874291711002
PDLIM2,0.654391979521759
SCGN,-0.8635942873331786
RPRD2,-0.7975848143698014
TNK1,-1.074161816266039
TFAP4,-0.5897278599207204
KRT16,-0.39489652494174154
ABCB10,-0.17822708867850046
PRDM1,-0.4199437570201027
HES1,-0.5441396187255466
KRT19,-0.654514696340518
KRT18,-0.291826358398576
KLHL24,-0.612501659053504
CAPNS1,0.3824918625691966
TLE3,-0.5859955020890748
PAG1,-0.15401250853431803
KLHL28,-1.0399366859797077
TLE4,-0.6652172649344067
TAF10,2.506766395718153
HIST1H2BK,-0.63036536536132
TLR8,1.7403966634853
ZNF212,-0.3048487760356786
RXRA,-0.47159374113821073
RXRB,-0.4480912988199698
GLO1,-0.1271535309558133
BCLAF3,1.222139211818082
NTS,-0.9405471305235864
IGSF3,-0.3525883496566642
MITF,0.15946683936400494
MYOG,-1.3727934278374714
ZNF646,-0.7011828262829043
HSD17B1,-0.11276521532763344
ZNF644,-0.6298831459630899
HSD17B4,1.279944154893772
SLC37A1,-0.4010743597074994
BACE1,0.3412261317970736
KIF13A,-0.5020239315729896
ZNF467,-1.0557768965701548
ZFPM2,-0.8688793080291956
PKP3,-0.5336979344280592
EGF,0.42669830501875755
SLC25A10,0.19961541717799341
SLC12A4,0.05347765691128374
EXT1,0.3697565556930801
CNOT3,-0.5966451750828569
ARID1A,-0.8160212727995448
ZNF280A,-1.3200549519669609
YIPF1,1.0610155872614593
CNOT4,-0.7568494603407938
TYR,-0.5831770491192677
STAR,0.23251954551287662
ALG1,1.0355208360498815
ARL4A,-0.07428497504772065
SLC11A2,0.8671950013439357
GCC1,-0.16138272635418632
SMYD4,-1.4333974126977054
IRF1,0.09027580976568679
PCNX1,-0.23607862417721592
CD99,2.911711854020764
MAOB,-0.3069885322379817
MAOA,2.6653776747811326
SNX27,-0.20646587054253973
HDAC7,-0.8179769677404599
CASP7,2.273512427751066
ZBTB10,-0.7651658629966667
SNCAIP,-0.7408959919107999
TRAPPC12,0.08286199810007054
CNOT9,-0.757036555066647
ASCL2,-0.7623434438937697
OMG,-1.2564984187618722
KIF1A,-1.0847167492153176
KIF1B,-0.3026196519056768
NEU1,3.7684227216771875
SOX8,-0.7852333494874412
RPRD1B,-0.5275545520267575
SOX5,-1.3536880987636208
SERTAD3,0.2088450446037285
BIK,-0.07671284101784047
RAD54B,-1.1005223038543912
CEBPD,1.200598089124368
PITPNA,0.21956409540754648
MED14,-0.7722976819422813
ABCB6,0.33411755697917345
LMAN2L,1.0050228941530912
INTS3,-0.6598293878944879
INTS2,-0.7908695370476683
INTS7,-0.5136523707976777
NOTCH4,-0.7773232445796812
PPM1N,-2.3252364194005817
HSF1,-0.4662816244336156
CASP8AP2,0.3498258342061957
ZNF384,-0.6328594791837501
LINGO1,-0.9794285993948073
BHLHE41,0.11898403634504284
GADD45B,0.030793391387089135
CETP,2.4890496670825164
SLC25A28,-0.0229094630090549
MAN1A2,0.14862524171864794
KIT,1.09819310239077
MYT1,-0.2765101452447333
ZNF274,-0.4805080255788376
LRTM1,-1.4572168273871065
SDHAF2,0.08138926746534884
GBP1,0.17893769605728424
CYP19A1,2.963158692133536
RPAP2,-0.780417962579558
INSM1,-1.2969128952472528
STRN,-0.7965118824889107
EGLN2,0.9178901541441762
TFDP2,-0.525997042473322
CADPS2,-1.188982900213607
CCDC14,-0.809773011247194
APH1A,0.24748272534762594
STAT2,-0.18311565561171742
CD83,-0.0485193385271195
CHRNB4,-0.7973298864631575
HBEGF,-0.3662273369255525
MARK1,-1.0602752842187972
FOSL2,-0.2127044779105971
CYP7A1,-0.23171646824900627
PWWP2A,-0.7270911193354358
DYRK1B,-0.8269318655722621
NEAT1,-0.007887297228821491
ISOC2,0.07213292021112884
GNAT2,-1.5783920681564174
ZZEF1,-0.4514316263352259
PDE4D,-0.5224105397444321
STIM1,3.672549185872632
MAP4K4,-0.10130081203262145
WT1,-0.9458229024010969
LIMK2,-0.46245458205724643
WASL,-0.36828608450342104
TEAD3,-0.5703440667944503
TEAD1,-0.24611748834779948
TEAD4,-0.6720503615800962
PTPN21,-1.0006390940772067
ESRRG,-0.7411992688311793
HSPB3,-1.0523654216832634
OPRK1,-1.3659341690402107
ZNF710,-0.452801008367764
ZNF711,-0.7265560231710062
DHCR7,3.0229369455934476
CASP10,-0.4731786794338923
BDNF,1.2555131577134604
ZNF76,-0.45750115105552347
ZNF668,0.13016067088550115
MSRB1,3.037890399545801
RSPRY1,-0.1562865216258831
HELZ2,-0.5740633709628665
GIPC1,1.6471738075298104
ZKSCAN4,-0.8329842123237872
PDGFC,2.177783305139871
BET1L,0.2177981925846939
TAF8,-0.9045551119476661
DDAH2,2.430568986605287
RTN4RL1,-0.8961240861907962
DDIAS,-1.130758772265333
IKZF2,-1.2067677512450927
CGN,-0.3547516880022239
HMGA2,-0.8207203124360364
ID2,0.059509712488421136
SREBF1,0.5749768842552329
TADA3,-0.29060139208223645
ARL4D,-0.6743264709635928
FSHB,2.0124511820466635
GLI4,-1.0239332289557752
LUZP1,-0.24684471590220342
ARMC5,-0.9204909196662465
NFIC,-0.23164240745220005
NFIB,-0.6920913263931611
CD163,1.3418822785410185
KDM8,-0.6144640927056975
NFIX,-0.9043575948891838
MCCC1,0.06330462956633078
TMEM80,0.09239910313036775
ZNF830,-0.7665738087716748
FKTN,0.20634818867856902
TSC1,-0.7533483387800498
PIN4,-0.01423494735091156
RCBTB2,1.7529557325605931
SYNJ2BP,-0.17497886073594385
NUDT6,-0.1917950462409093
TJP2,0.02727413504462596
ERCC8,-0.5747470705700108
UVSSA,-0.16572084763691253
NSMCE4A,2.345889759068006
DVL3,-0.9137778217088485
BDH2,3.4367534241394013
ZNF518A,-0.2956082417635995
LOC107984056,-0.07988217548957875
GNPAT,0.03818996093376092
DCTD,1.9888263474641965
HSPB11,-0.49542710044902794
PARP3,0.7958822645544883
POLE4,-0.4363906101894824
LIPT1,0.022721258837318816
CEP164,-0.5098614915157356
PPCDC,-0.6420605219109606
SLC38A2,0.24048403207611468
MLLT3,-0.8248871150825491
ARID3A,-0.778462428980674
MLH3,1.1655378869290662
LYRM1,0.31963734476994016
ABITRAM,-0.07405756856794556
PMS2,4.496228616062973
BCHE,-0.6243395834605525
ABHD10,-0.20856737381646617
MUTYH,-0.6696682598895755
SPHAR,-0.11880646711885891
HUS1,-0.001994281208507016
POLD3,-0.828445059859832
PDCD4,-0.16142640529934985
SETMAR,-1.0315063657155674
IFNA1,-0.3474735842475319
DDX58,-0.20507235907450705
PCSK7,2.214133005838312
PCSK4,-1.099441945773242
METTL18,-0.18779931828001348
NPRL2,-0.8870736719279841
MBTD1,-1.1673148757983673
TCF19,-0.9113848611667789
ETAA1,-0.5525780299434034
TMEM267,0.04106658698632397
ZNF341,-1.0939419490092581
BICD2,-0.5097463803303961
ITGAD,0.13088954502055197
GOLPH3L,-0.13594524185745038
PELI1,-0.05549413953487707
LMO4,-0.6443224630321539
ABCA2,2.1808455853741893
JRKL,-0.28153698420677475
HSD17B2,-0.1390538666158437
ITGB8,-0.21663936277237414
MAP3K12,-0.07188851747050386
ITLN1,-0.3535825259023151
CBR4,-0.49216658959349435
FUT8,0.9808177646495723
CHI3L1,3.24034351084149
MDM1,-0.5764979518437335
WNT10A,-0.8544239107250231
MIPEP,0.013682592611362086
PTAR1,-0.1525119113729224
FCHSD2,-0.3690744456020666
CASD1,0.08682014875692527
DPYSL2,2.459855265867066
IRF2,-0.17681085678465483
CIB3,-0.6684260659746238
MTO1,-0.49526597624224233
BPI,-0.07602790842777137
SLC20A1,2.6231915083643402
BCKDHA,0.19567323235927683
AGER,-0.2809972685859763
CHSY1,0.5794693932494894
MAP3K4,-0.7006094743596898
PRPSAP2,-0.4180653337225427
LRRC1,-0.15933212334006566
PTGS2,-0.5229256720232573
ADCY7,1.0476158618883804
MYCBP,-0.1290198953722564
MSANTD2,-0.7727200648023056
UNC119B,-0.3237334998858949
AFF1,-0.1769038040567533
UBXN2B,0.07610196870557526
SPANXN2,-0.7338909614715048
SEC14L1,0.06500585027331776
ADAMTS12,-1.1409334398842748
ING3,-0.7344354517370433
DBR1,-0.5947043304034888
MEMO1,-0.2789273180109442
LRRN3,-0.8016703460096695
NMI,1.0301636399109744
ANKRD10,-0.5562839390299682
TSC22D2,-0.19121997015271464
LRRC8B,-0.8980272980816137
GGNBP2,0.09472693206596877
PARG,-0.12483364355554676
MTM1,0.11804067449503475
SPAG1,-0.8593421649949123
HHEX,1.2617005954391993
ULBP3,0.4731684509623116
SAMD8,3.337166973935161
MTFR1,-0.28397137145214196
BTG1,1.7339308311558035
GABPAP,-0.7655861238883527
ASTE1,-0.28564029119937245
AUTS2,-0.49903669286137964
RMI1,-0.9260147813559909
DNASE2,4.544632070104905
SGCZ,0.6078220158281822
BMF,-0.06514587400213612
SNRK,-0.47948963454975946
FOXN3,-0.4732760134207076
RANGRF,-0.23500726860705998
TTI2,-0.7090829816785758
URM1,0.15146613148590587
NDUFA9,-0.23529188716884952
MPV17,0.6135740668327392
NCAPD3,-0.9046685257707321
CIZ1,-0.15083057613920933
EMC8,-0.2579553414859165
ASPM,-1.0427974049573316
TBCB,0.03969112122030902
HMGB3,-0.6448207773463458
ZFP36L2,1.9983266887365683
CDCA4,-0.916975844480192
COBLL1,-0.1625003608756171
TLN2,-0.4844764016284253
TMEM100,-0.4079249956127908
UFD1,-0.1296762386641519
FGG,-0.5500562021176402
PHLDB2,-0.5212382803302432
HSD17B10,3.8778298305493126
CBX8,-0.7741032694357934
FANCI,-0.8782365596397198
JPT2,-0.4831104380371229
ENDOG,0.044893260414272836
AICDA,-0.4354852958926487
POLR3K,-0.643344919613422
NSFL1C,0.09948434145167966
DNAJC21,-0.40324472506843323
PDCL3,-0.4245802846161291
PRKAB1,0.040978123152699365
GINS2,-0.7753940374680083
MARCKSL1,-0.14819811211331368
PTP4A3,-0.3383093174212672
ADRB2,0.7413198939504827
PALB2,-0.6729389902377021
SOX2,-1.3350020430965255
RBMS2,0.07085759449832771
PEX14,2.2601348834057475
NLRP6,-0.8702215033547863
FAM83D,-1.113562100953359
MTPN,-0.3287071084826954
MPPED2,3.10448751799039
NDUFS6,-0.18191320594062016
CKAP2,-0.9997947626464163
TMEM109,0.2685251659009712
CENPW,-1.0767923896333604
TRMT12,-0.5021985559215973
EVI5,-0.11497615853655184
COG2,-0.21866741669026352
KLHL7,-0.6652313352121049
TROAP,-1.0204650320393385
H2AFJ,-0.8131061654056385
NPLOC4,0.08086311624848336
HSPA12B,-0.553197360769805
HSPA12A,0.12148639515152679
TBRG4,-0.3493552812680688
AIRE,-0.48134201057901943
BCAP31,0.5783637595709348
STOML2,-0.22341505125792632
PSMB9,0.9073092801389872
PSMB7,-0.17515110263880243
PSMB2,-0.27517130819289
ZC3HC1,-0.052890810486934656
PLS3,0.07317897922585731
AP5Z1,0.20406405531930724
BICD1,-0.4353665686542188
PLPPR3,0.1199224954839374
NDUFB9,-0.04284357868600689
DYNLL2,-0.5141038137133196
SERPINC1,-0.9965737271363254
GADD45G,-0.31422762081540184
CCDC13,-0.4883866259862952
ZNF648,-0.7581278781107426
KIF5C,-0.7819902771973283
GABRG3,-1.058036901872699
GABRG1,-0.8245925754742344
CCDC113,-1.2996142959849541
ZNF124,-1.0332423311331718
GPRASP2,-0.7405639380789067
GABRA6,-0.9177295120508765
CPA1,-0.27410610764674076
ING5,-1.3285832974046348
C7orf25,2.7862253071873613
DNAH7,-1.3702097756833003
DNAH5,-0.7447614918815253
DNAH8,-0.330849821255233
GABRP,-0.7697374427795858
MSGN1,-1.1984233605542658
GABRE,-0.2837083365701551
CNRIP1,0.027991451360341014
DEFB1,-0.5317683722461845
AHI1,-0.5880814576542067
TRPC3,2.465520759598516
GABRA4,-1.1590082225427365
GABRA3,-1.1529145984294435
GABRA2,-1.0350217292411927
DYNC2H1,-0.31007909622808055
GABRG2,-1.2994763191791527
PDCD7,-0.9285103108853932
PFDN1,-0.004724566785726193
DNAH3,-1.517481449215524
COL9A2,-0.27630245776437695
CEP126,-0.5130231551967109
NEUROD1,-1.2775841491276447
NTN1,-1.4098366751844893
ZMAT2,-0.6874915299728751
GABRQ,-1.1120344061348868
C1orf216,-0.40663184908345784
NTF3,2.512135166147252
TAF6L,-0.5764645128650564
NAP1L5,-0.6466101096805178
TGFA,-0.4225012874033527
DNAI2,-1.29714177331898
DNAL4,-0.22360617296598856
RHPN1,-0.8170545636084369
LZTS1,-0.9525250689402941
MMP7,-0.05814769517721376
PPP1R18,-0.08754640589431309
ZIC3,-1.4526769271481703
FOXK2,-0.7805118770269293
DNAAF3,-0.1263512113281764
SORL1,0.10070529064980807
PP2D1,-1.4780428439124118
NCALD,-0.8238633692207419
CCZ1B,0.053544261587811524
SPHK1,2.4617465701387826
GFI1,-0.7655604425856352
ACTRT2,-1.138824727428824
HOXA2,-1.054578726743681
MON1A,-0.6411338054330384
RMC1,7.845781204495597
HIF3A,-1.3594403569745133
JPH1,4.058448055804403
VRTN,-1.4997632254090711
PCDH11Y,-1.286602563845184
LRRTM2,-1.1438935406946313
PPP2R2B,-1.2196442817436268
ENC1,3.8072896463309105
ZNF770,-0.7969941790008264
RASL10B,-0.7660339145764149
RIT2,-0.7382803876716726
KSR1,1.6130489717579373
KCNQ2,-1.2960198154093865
RPS6KA6,-1.2532191845744756
DNAJC4,1.740545776559875
TMEM74B,-0.9538259297419318
ZSWIM1,-1.7759218477797976
TCEA2,-0.45834344454186876
ETV3,-1.058731458785962
ZMYM3,-0.7648404981914685
PDE1B,-1.0618374803293518
OR3A3,-1.2481305133632485
LRRC7,-1.042988518522925
SCN8A,-0.9641646394882261
AP3B2,-1.175374307784737
ROS1,-1.1000418527213507
WNT10B,-1.1887127234584685
CDH4,-1.0574578029705075
GDAP1L1,-0.9939783774564112
PRRG3,-1.172677634239313
PKDREJ,-0.9738805906934777
BMX,-0.9547969160858213
DPYSL4,-0.8764034939909611
TEK,-0.8726272290655511
PPP1R14D,-1.1695825188892852
SARDH,-0.9236990717072495
OR1D2,-1.2939452481418814
NEURL1,-1.1274108121274342
FANCC,-0.7931112965020819
TGFBR3,-0.206975000365861
RIT1,2.201516544051894
MERTK,-0.1863136992341749
TM6SF2,-0.7371501136697498
NPAP1,-1.2548711018984369
OR10H2,-1.6755921017586284
SLC22A13,-1.0536228642090129
AGRN,1.9637498820817052
ZMAT4,-1.2530110416493478
CNIH2,0.3667888927482401
CHRM2,-1.1308767377980482
CPLX2,-0.9832750315445109
TLX1,-1.25855883038751
KRT38,-1.6542646190311323
OR10C1,-1.0268605772906056
MAP3K9,-1.3489244421768962
SFTPB,2.0855579296457423
STYK1,-0.840119639501219
DCC,-1.3076915162832035
HRH3,-1.28879696748122
HOXD9,-1.249812139804195
BRD3,-0.8755478570008941
LRTM2,-1.4496441953976422
ARHGEF4,-1.0682757356390982
ACTL8,-1.2296461961767713
SEPT3,-0.9069080762971582
TNRC18,-0.7862221038486822
TSHZ2,-1.1958982637088664
ST8SIA2,-0.8580180983849937
ATP6V1G2,-0.8790176987191981
MAGEC3,-1.2607465427667877
DNAAF2,-0.7291455374633874
CBLN1,-0.9487416490156048
EPB41L5,-0.7612330478739234
CCDC33,-1.1753847616606854
KCNH3,-1.0080265125418366
OR1F1,-1.083185111276459
HLA-DOA,-0.5816642028861846
HLCS,-0.32552018886365675
CDH18,-1.1171541289096187
NCKIPSD,-1.2606566295585837
MINK1,-0.2692780775384214
PRICKLE3,-0.5284246098554457
NAP1L2,-0.8715066314616021
RGS7,-1.1316148775756965
KCNS1,-1.3733611139584057
CNMD,-1.080392511439378
CYP2A7,-1.206995841826366
FXYD7,-1.2495610492580325
TTC7A,0.3002399145167763
NDST3,-0.045748736793325535
SCAMP5,-0.5233951637806004
BRINP1,-1.020888666761125
CALN1,-0.8707298433882241
KCTD17,-0.3531368279684096
ZKSCAN3,-1.4469425891370453
EXD3,-0.22901610022998498
DCLK1,-1.3043130762865447
OAS3,-0.2408415444879895
BTBD17,-0.7308347299964411
BEX1,-0.8750016309716339
CPA2,-1.090285546487884
LZTS3,0.10541185774179657
PLPPR1,-1.215162246324695
WFDC8,-1.3504484229607692
KIF3C,-0.7081441008855471
OR7C2,-1.299542949405108
HECW1,-1.389199171736917
CLDN10,-0.8594854513365542
CNKSR2,-1.2263925363767383
UNC13A,-0.7864285556886769
KCNB2,-1.446252828444652
KHDRBS2,-1.272898380808012
ATCAY,-1.3056334951519426
ZNF483,-1.4326847440531034
IFNA5,-1.2488840554322127
NNAT,-1.380719720522074
OCLM,-1.8658206614996866
MEPE,-0.7587729440501698
FAM155B,-0.7664196732330549
DGKB,-0.16804877015905292
BEX2,-0.5625314480590681
SHOX,-1.2183269500262301
GPC4,-0.14853361173346538
MYNN,-1.1621543130573015
KLHDC8A,-0.57404488719423
CCDC189,-1.1238786631740816
SCGB1D2,-0.5616856041992251
SPPL3,0.45259178012532525
SLC2A12,0.8603304292343427
SLC18A1,2.9208808910508104
HM13,0.6864602757355224
TPRA1,4.173008553880038
SLC6A15,0.07307133581823796
SLC39A8,0.9876032211695193
SPPL2C,1.154761252722721
SLC15A1,-0.5752625591050029
CHRND,-0.6136275118102752
YIPF3,1.408109406523858
SPPL2B,0.5308829120945597
GOLIM4,0.16074471016592468
SSPN,-0.2897938943137363
RAET1E,0.3813767074338562
MRAP2,0.43472910496845796
FCHO2,-0.21279651016286455
PARD6B,1.654207662831952
RAB5C,-0.05454804453517667
COG3,-0.014822044650411745
EXTL2,0.3117772994886468
COG6,-0.26265832696749525
COG4,0.022605492457923267
NFAT5,-0.43632032430352935
ROBO1,-0.531675023512986
PPFIBP1,0.17571735004011826
AP4S1,-0.08265145611594729
HAUS7,-0.3955509764950836
SURF4,0.48424079390196
EME1,-0.7034905623857416
GOSR2,0.24484984197777207
SLC39A4,0.4418082032420337
DSG2,0.17501459483083623
YKT6,0.22468722542121602
GOLM1,0.48636914932196423
POMK,3.3824822787670157
TACC1,0.11915518913569813
UST,0.5511400972851476
TRDN,0.5942612876551618
C5orf24,-0.7533796291608773
KCNS3,-0.5429884482261472
FCGRT,3.279839689804453
COG1,0.06908402861136609
ACBD5,0.18109017527598062
AP4E1,-0.3453200478084388
BATF3,-0.035109342582362806
PON2,4.278662249154647
FUT1,-0.26964297640862384
OPA3,-0.5937579702355971
PHYHIPL,-0.21419230724663427
TNFRSF17,-0.3560466952182402
PCDHGB1,-0.15888330085983238
PCDHGB4,-0.5474428349281799
HSD17B6,-0.30863638088277534
HAO1,-0.8245751826342161
TIMM23,0.5646997593748485
VPS8,-0.6809571651526012
NAPG,-0.2973217825322873
METTL14,-0.7441973999672528
ARHGAP17,-0.04588286681157862
MX1,-0.2343763349108403
MED11,-0.17772159931676487
DYNC2LI1,0.29816791292143363
SENP5,3.462826385591414
EPS15L1,-0.6304623143341785
OTUD3,-0.43938796715034695
MX2,-0.14422651803423447
IFT88,-0.44329109557434593
NCLN,0.3531941949725567
SUPV3L1,-0.8061246381674692
TBCCD1,-0.9355619404149043
RINT1,-0.6379523222591953
YEATS4,-1.027612832780922
FAM122B,-0.6511156229166754
MED8,0.051870530070251705
HCCS,2.975255175263072
MLLT11,-0.6319940860142363
TBC1D31,-0.8703028062299528
COX15,-0.18948671852153814
FASTKD1,-0.5153100384034937
TRIT1,-0.443841082485006
RABL3,0.3541815112278137
MED10,-0.6215260781669989
SCN2B,-0.5008587377061262
NR4A2,-0.37289101460777235
MFF,0.12399118363978091
MED18,-0.657401917681987
INPP5F,0.03133598103660061
INSYN2A,-0.39000094374472016
TTC19,-0.5249802079598234
ZBTB24,-1.0206787316530057
MED29,-0.4595455783631463
MED20,-0.5179366500855656
MED9,-0.6848703845052987
MED27,-0.5647656459010967
TIMM8A,-0.34940549963489004
FAM174A,1.0312309283020606
MARK4,-0.7739897842424659
ATL1,-0.289215604770801
ACTR3B,-0.4514020271519681
GTPBP6,-0.14467205130071545
GTPBP8,-0.2519991642806373
COQ9,0.21427178837280014
ACYP1,-0.5838892960780142
TMA16,-0.7683052650992672
NIT2,-0.14594925069308434
MED30,-0.6206250267398493
MED31,-0.7380250856612288
EHD4,0.07326608829171538
EHD3,-0.36188832928970593
SACS,-0.4182458378453721
PEX11B,1.1085333571712241
KCTD9,-0.33765406266608744
VPS13A,-0.3639729915562675
TXNDC16,0.6265437012294955
MIEF1,-0.4631035788497162
LOC100996763,-0.5620550375690785
LIN7A,-0.5069623116421195
ADCK5,-0.5997723059694077
MYPOP,-1.0341145727643812
KRTAP9-4,-0.8346643908457151
KRTAP26-1,-0.39088862753049586
RPS19BP1,-0.38813884174064395
FAM124B,-1.204002793631263
SEMA4C,-0.5386771411189367
LMNTD2,-1.4198418286881622
LYVE1,-0.1168588647739664
SMOC1,0.22063242450959514
DGCR6,-0.32879030347098437
XCL2,-0.9333239267091424
CXCL16,-0.4586987722920367
AQP1,-0.5429967413090614
CNNM3,-0.32851875841554695
KRTAP3-1,-1.0087324320885593
STAC,-1.0536539032596959
TNIP3,0.42727876284600674
INO80B-WBP1,-1.0442578765015647
NMU,-1.143957963702509
TSPAN4,2.4498723327178826
TNS2,-0.5759831932299883
KLK8,-0.7697741352791214
CXCL5,-0.7532403415557699
GLRX3,-0.03513251450650359
CARHSP1,-0.4958574405671736
ZNF446,-0.8940007965753297
CRY2,-0.4141031819118519
C19orf57,-1.3950099871883914
KRTAP13-3,-0.45988028286607163
KRTAP10-8,-0.8861584119373407
LCE3D,-0.5339858372206405
LCE2D,-0.3748670899511812
KRTAP10-1,-1.054160247164514
SPINK2,-0.5301385601004562
MAP11,3.390650099542687
DHRS1,0.5706313041617448
CRACR2A,-0.03264462594938491
DGKQ,-0.35647385648437163
FAM221A,0.6516536838147453
TMEM150A,-0.7175338099644895
DMRT3,-0.9852122723955347
PCED1A,-0.3264828004015136
RASD1,-0.760126026250924
PCED1B,-0.22086261789015837
DOCK2,-0.28579676734776294
LRFN4,-0.7384824520043355
FZD10,-0.9504352665491033
HSBP1,2.63862253656188
LCE1D,-0.5262561702511026
LCE1E,0.2649280833420979
LCE1B,0.2453211982035191
SELENOM,0.394756420487625
ATG9A,2.6867576670705238
KRTAP9-2,-0.16847046763226822
KRTAP9-3,-0.7746784107046804
KRTAP4-5,-0.49327425909993855
KRTAP4-4,-0.8622431087380913
FAM71C,-1.1614130367883984
CHRD,-0.9457519358208452
CDK5R1,-0.4169124136790222
ALDH16A1,0.18719238541710673
CLDN2,-0.19306509799450242
LOC100996750,-0.8860810480058541
NPPB,-1.031370123161305
CCER1,-0.9281359796345982
HOXB9,-0.9187385366040511
GFOD1,-0.2057810317824269
MFSD13A,-0.7854927705806862
KRTAP4-11,-0.6454874444755067
KRTAP10-11,-0.7221661340636637
KRTAP10-10,0.2859689354323233
PID1,-0.20191389489520584
KLHL38,-0.854503105828012
F10,1.6695405124366434
TRIM42,-0.7492691319299929
CRCT1,-0.21258573333175232
ZDHHC1,-0.23223427963531865
TNK2,-0.5426914683389605
TCAF1,-0.19594078196606593
TNP2,-1.6620545417295811
KRTAP12-4,-0.502095047795217
TMEFF2,-0.07341557696986727
ADAMTSL5,-0.9545626377304699
KRTAP10-9,-1.1132347514876366
NPBWR2,-1.1413303392801488
LCE3E,-0.7276583942070554
PLPP2,0.7561080620309438
PRR35,-0.5123389414577649
FARS2,-0.32575424123208296
NPDC1,0.0342822886153657
CTSZ,2.8492701900491877
LCE3A,-0.532920957583209
RECK,-0.28927186213425427
LCE2B,-0.5782944793282349
OLFM2,1.3866673669006326
FTHL17,-1.2247539514272239
OTX1,-1.0297752449642017
ZNF837,-1.1474881511343793
CHDH,0.7265892353990424
CLEC18A,0.5107161280207203
MXD3,-0.3770679444356813
KRTAP4-12,-0.559772124226883
KRTAP5-5,-0.7499124989533216
PVR,-0.41952121980882295
SLC22A23,0.4234249190277672
POMGNT2,2.460791135306156
KRT83,-1.191381993482104
CST9L,-0.9657400973025538
LCE3C,-0.4121439729903253
NECTIN3,-0.49609840343594874
WDR25,-0.2495116512966081
CST2,-0.042737364739099795
CELF5,-0.5930577572022928
KRTAP12-1,0.9563873113389478
KRTAP5-11,-0.8857150460124733
LONRF3,-0.9967242338327524
KRTAP5-7,-0.20075633428377035
KRTAP2-3,-0.9320736316427317
FAM71E2,-0.6323753684525605
C11orf87,-1.5255949897032803
LCE2C,-0.48300500238166333
TRPV6,0.030431434233515367
ASPSCR1,2.4911451034087904
KRTAP9-8,-0.752528203870816
PDE9A,-0.7427407391096448
SLC23A2,-0.6867734541109269
NTM,-0.09572222174081908
KRTAP4-2,-0.7645370378842238
HOXA1,1.1227673650508856
MELTF,-0.8625370293544952
NEU2,3.605819990879844
KRTAP5-4,-0.7755859176861182
GNMT,-0.6346637030196092
LOC102724770,-1.1589212775019604
SPATA24,-1.0494664323979714
CA6,-0.3429184020456655
GNE,0.48850708712034974
PLEKHN1,-0.9055560578082769
P2RX7,-0.13466310839762002
FAM90A1,-0.9184663233675497
PRPS2,-0.30663430669305974
TYMSOS,-0.8775234191353896
TMEM41A,-0.07673839769390903
KCTD15,-0.37652953950783513
LCE5A,-0.7988618495243234
CATSPER1,-0.9388228867694538
THEMIS2,1.1563600814000625
HBA1,-0.045143445199444555
KCNS2,-1.0160876257656268
FA2H,0.007094035574868845
TTPA,-1.201899005572703
C19orf66,0.34757628292554077
TNFAIP8L2-SCNM1,-0.9073963197814375
KRTAP13-4,0.7054075766508122
PIGS,0.13476273114906853
ICAM4,0.1513091801625687
RAMP3,-1.1004929878206102
KRTAP13-2,-0.3355081277207296
TMEM231,0.5762003333518216
CTSG,2.4991645556193327
P2RY6,-0.8724027255959631
BCL6B,-0.9385258854161989
NMUR2,-1.0660768996455436
SLC6A20,-1.1002063153571915
C5orf60,-0.571621806653208
THAP7,-0.6148370845673703
KRTAP12-3,-0.8128152352085194
RGL2,-0.027162322271356093
CERK,3.770850839784737
SPATS1,-0.9459511168360693
CHRNG,-0.5602112483680585
TBC1D10C,-1.0104107633197386
PCOTH,1.4673203796500431
RERGL,-0.9259738465322745
ARHGEF16,-0.7578843269561218
ALS2CL,-0.8693767237286353
LMTK2,-0.8221613044761017
DIRAS1,-1.0189054939526034
DIRAS3,-0.3865839629341321
MAU2,-0.7910553705378719
CCDC57,-0.9381991747285631
HOXB1,-1.2809918458567495
ZFP36L1,-0.4999935662255181
ARL5C,-0.43665554775295345
MYH13,-0.9608989959980216
TSC2,-0.034430768631774696
NAT8,4.053359893501204
SH2B1,1.6904041731127923
PQLC2,0.13242798777424167
BPIFA1,-0.895040908069734
ABCA3,0.2740831027937202
NPC1L1,-0.38793013849176133
ARL10,-1.3261399583093116
C1orf61,-1.3876709385456765
BICDL1,-0.7549355717910483
GJB3,-1.2604570180419363
RDH5,-0.3429519433275904
DEFA6,-0.5344667407759517
SLC25A23,-1.2646010195025963
NMUR1,-1.0214651760021638
RAB23,0.23956663147041737
RAB25,-0.5826344338669162
RAB26,-0.20581908697428278
LMAN1L,-0.32074282792138814
ASB3,-0.8722454530372026
GNG13,-1.4338381655779555
ARRDC1,-0.20520667761541567
RFX2,-1.3424786938927538
YIPF2,1.4592792630171447
WNT7B,-0.9362560480015679
MASP1,-0.9725267905977224
MRTFA,-0.18483110358785892
PHKG1,-0.7966400535265826
MRAS,-0.9091134145409834
GJA3,-0.5570358779591348
ITIH1,-0.9184475993324549
DIRAS2,-0.997638585201399
CRYBG2,-0.3723417315192776
RAB19,0.6385472982820223
WDR24,0.013228332398626383
RAB17,-0.32573933173101394
TRIM66,-1.4218130174071657
CNNM2,-0.5922131070149748
LPAR2,-0.9498608998148886
RCE1,-0.7442457148785007
AGRP,-0.9983755853101304
MEGF6,0.29159259721772846
RERG,-0.8270790793606928
ARHGAP35,-0.4662957504814971
EML2,0.30528067880771875
PARD6A,-0.7919978606485836
BICDL2,-0.7545863313359715
RFNG,2.199670529477889
SMPDL3B,3.817859542771224
INPP5J,-0.41716631720476977
LZTR1,1.7593494647897698
C16orf70,-0.2575428269822546
CC2D1A,-0.022932771291688518
ARHGAP1,0.24715020379577238
MAML3,-1.036261993294318
AC099811.2,0.20229528486470016
SULT2B1,-0.5917118982976446
FAAP100,-0.05456258901780067
POFUT2,0.36778780932970356
LY6D,-0.7375648731017688
GPR68,-0.9244812447149664
RAB9B,-0.03445079937471483
WNT6,-1.2851417750975014
ZMYND10,-1.5068584751652159
SPATA2L,-0.1078560968525594
FXYD3,-1.0384121952396657
MAFK,-0.3469104164695764
S100A11P1,-0.5600432455871427
CHML,-0.02940760671422466
SPAG11A,-0.9647061366419171
GRTP1,-0.037697746411657476
RASD2,-0.6221112211069346
NEUROG2,-0.8885085375871115
RASL11B,-1.1059622597968768
ZNF821,-0.30953705747457994
WFDC2,-0.8064615166129421
IVD,-0.055654933324346796
TBC1D2,0.03616345138328873
CTRB2,-0.8875515252374299
WDR90,-0.06261095843286546
RAB39A,-0.05548333977444994
TFF2,-0.8514943216877479
RAB36,-0.6313882889699961
RAB32,3.4975865900365797
RAB30,-0.4330744497325297
RAB38,0.2170700741350445
ZFPL1,0.764322980586438
ATP9A,-0.09029379163295169
GPM6B,-0.6138973967917734
MYRF,0.028870152342275072
TSPAN6,0.16154255375733828
RAB27B,5.098427643556212
KIAA0930,0.9708462536577765
GPRC5B,-0.15991163777789397
WFDC1,-0.9600667996500915
DDR1,-0.1202454403706758
GPD1L,0.46001600116716573
TRIM2,-0.04960663828232438
DGCR2,0.13709845383691346
SEC14L5,-1.6254456103713038
DNER,0.9898199951099071
EPB41L1,-0.7326804910438973
QDPR,0.060838869896411525
RAB33A,-0.21524692461978723
TBCD,-0.23859293733311196
COBL,-0.30945282060914586
RAB37,0.09248229779266838
BAIAP2,-0.6390742420896509
RAB4B-EGLN2,0.13388425084012115
F3,0.7485245284013394
PRG2,-0.3105997882411302
FN3KRP,-0.5505341762841025
CLMN,-0.3440200611715697
LYRM7,-0.19057898344034874
IQCC,-1.1854963667413612
SEC31B,0.04940262840251726
EXOC3L4,0.7419598364197434
VSX1,-1.0634863526413794
TBC1D30,-0.92467196555018
INPP5B,-0.18565294252595088
PIP5K1B,-0.7137846141635543
ALDH1A1,0.2169569643805127
KRTAP21-2,-0.33174869142610963
KRTAP20-2,-0.33174869142610963
KRTAP20-3,-0.2970108382603351
KRTAP20-1,-0.33174869142610963
KRTAP22-1,-0.33174869142610963
KRTAP19-2,-0.7041176443821596
KRTAP19-3,-0.7005969854370556
KRTAP19-1,0.2691548242492762
KRTAP19-6,0.04265769797477929
KRTAP19-7,0.2379357996165875
KRTAP19-4,-0.3384548149715207
KRTAP19-5,-0.6014670978445298
KRTAP19-8,-0.2970108382603351
KRTAP8-1,-0.7403891391563977
FAM162B,-0.8402275091877461
BMP5,-1.0276372119333872
HIGD1B,-1.0546944060511305
COX4I2,-0.36417058129415975
CLEC1A,-0.25739843015380226
CALHM4,-0.7691753295180208
TRAPPC2L,1.3313501266144316
P4HA3,-0.13149063021834803
MFAP2,0.21309104845701507
COL4A4,0.01563049277315697
SPINT4,-0.4959858209571476
DSC2,-0.25499686719877424
INHBA,-0.6432648077166728
RCN3,0.5213590143300952
NAPSA,1.2378074340791498
COL19A1,-0.0614185583284278
SEC24D,0.421940103912445
COL4A3,2.6283888155230204
COL23A1,0.5876572338648949
TRAPPC9,1.9973842251594782
HOXD10,-1.0962589622168897
PLEKHG3,-0.8080317949532777
CNN1,-0.5736937823127481
TRAPPC1,1.5681293924596078
TRAPPC3,1.5745369402317877
TRAPPC2,1.5175898718428118
TRAPPC4,1.9885802457670176
ANGPTL4,-0.2958073239475151
TMEM132A,1.5372042444097502
ITGA8,-0.08273587573652702
ITGA9,-0.2281023758501164
FBXL2,-0.5788967904787052
MMP10,-0.01641219814386014
ITGA3,0.3471992820787363
ITGA6,0.18767537408087417
ITGA7,-0.1621362006607873
SLC26A6,3.0909510545509273
ITGA10,0.21267806497187558
ITGA11,0.11515020728450194
LAMB3,-0.20345740481038244
SLC9A5,-0.19818141631872158
A4GALT,3.5377090427689843
TRO,-0.39954834553964236
PLCH2,-0.6535520702925645
COL27A1,0.2032084982734151
ITPKC,-0.37457537912836814
COL10A1,-0.1030201830331548
PRSS53,-1.0164079545030464
AREG,-0.21435727855690498
PTGES,-0.031691933065380325
SPINT1,-0.12523457024153903
MIA3,0.31227359512883673
CFAP73,-0.838643766065432
LAMC2,-0.30835733834406825
CEP170B,-0.3438344203885975
COL4A6,2.656576869771727
COL22A1,0.43078894371631604
FLNB,-0.27997202960899237
MIA2,1.3711946728173117
SMOX,-0.6976761074218961
COL24A1,0.4930893114543955
COLGALT1,0.6491114201322082
KRT4,-0.8405591104036335
PAPLN,-0.9372443291309104
SHKBP1,0.19329525165688438
CNKSR1,-0.4680860670051196
P3H3,2.499115608165331
FAM160B2,1.2308945135527372
COL25A1,0.6440871167284864
P3H1,2.2980399838483487
COL9A3,0.07172093123248513
COL9A1,-0.7252911357057246
F5,-0.25981203616921
MICALL1,-0.12370304025994718
PKD1,-0.05613371460966384
COLGALT2,-0.3445962387860388
TRAPPC6B,1.9145195344692052
COL21A1,0.12676807353151603
NPFF,-0.8637419600382136
SEC22A,-0.01033529399155896
UTS2,-0.908032635248545
SEC16B,0.4579668005317943
TSPAN9,0.4618760197551308
PLOD1,1.862021257728827
GAS6,0.15406286915216721
COL28A1,0.487558367790278
ITGB3,0.2976561875981176
ITGB7,-0.42136810073352504
ITGB6,-0.2246760593177364
CNIH3,0.27977205812206746
F8,0.09687899604807927
CELSR3,-1.059537275258417
CPT1B,-0.06863177299010055
CHPF,2.6113894434013827
FXR2,-0.36971210558002804
COL6A5,0.5677675577055517
COL20A1,0.14268334312521683
COL6A6,0.4189511937173486
CLRN1,1.063748964167363
MDP1,-0.12757278429987987
DMAC2L,-0.1325690676639764
TMEM256,0.43821537794062126
SMIM19,0.23364759612959296
POLG2,-0.8257733228865722
FMC1,-0.2708720023024776
TMEM14C,0.5032465610666484
HDDC3,-0.08923588731775757
SELENOH,-0.2717133966462896
THYN1,-0.09735966477310827
NTPCR,-0.24103333140534774
SYT17,-0.5510321849159702
MRPL43,-0.23921679706963997
NDUFB10,-0.17744984263103147
DNAJC19,-0.07099942925399699
AP1M1,-0.1519774471484185
DIAPH3,-1.1730209592730412
CEP85,-0.8962186366520354
TICRR,-1.2737354694780052
WDR34,0.5866383898278904
EMC9,-0.2284115447714327
DONSON,-0.8693277071170016
RAD51AP1,-0.8991926252119833
PSMD9,-0.19923797860865017
PHETA2,-0.9093241834333664
AP1S1,0.6211806440037753
SKA3,-1.1025890699269887
N4BP3,-1.1210942578915135
HEATR6,-0.31356194757968125
MND1,-1.0492458155612765
E2F8,-0.9844211403481954
PPP2R3B,-0.644322323527046
PPP2R3A,-0.6766335599872215
TUBA3D,-0.5352222209563542
RPRM,-0.8238165884901932
DFFA,-0.10441333906122324
XPNPEP3,3.243199573875132
SNX9,0.18084167277685692
C6orf141,-0.7807121817169806
TUBD1,-0.9374002020843958
SAPCD2,-1.247607830193076
TCF7,-0.9673596097867427
C9orf40,-0.9130847161177165
NEIL3,-1.1182798210853317
PSMB11,-0.5337752941244654
WASHC2A,-0.5364018738372188
SIPA1,0.0709525618764683
HASPIN,-0.7214561871953373
SFXN1,-0.1790617780858106
CKAP2L,-1.0346145114694192
MAD2L2,-0.5199499417407778
SYNRG,-0.28563067880513027
GNB1L,-0.5193528102905909
ASF1B,-1.113002962262664
LCA5,-0.937588190268192
CNTRL,-0.836606001351887
CAV3,-0.7674154716231573
POC1A,-0.7766343696669572
CCDC77,-1.2180821532920805
PSRC1,-0.7151649240172595
PKP2,-0.5748420165752891
CRTC3,-0.4157892139463828
CRTC2,-0.6437929398846727
MIIP,-0.21560659975343746
DNAJB11,0.31640051277013115
SPICE1,-0.8429500935697704
KIAA0753,-0.8202443027950024
C17orf53,-1.25961711701349
XAGE3,-0.054199091949539334
NAA10,-0.3965379230451196
ARNTL2,0.8067413966017336
MYO19,-0.045742988405844474
GPSM2,-1.1003837424412148
DCAF16,-0.7783649741484769
ZMYND19,0.2354147494721667
ARHGEF39,-1.145666391512549
BORA,-1.0012957040409793
SMOC2,-0.35964969834149396
KPTN,-0.287221882128761
AUNIP,-1.067843868386905
CLTB,1.6984168147307301
TRABD,-0.1513213886957779
LZTS2,-0.8091916753819739
CARD10,-0.6874187725936003
MTFR2,-1.0769027789883412
DNMBP,-0.1851731117842434
ESS2,3.8660377667395154
REPS1,-0.3025433879833652
ARHGAP11A,-1.1986030318520724
FAM83H,-0.8811566642957017
FAM83B,0.021652114667488252
ACAD11,-0.26691215665277573
RMI2,-0.9118119979608158
SH3KBP1,-0.4773345696085657
CLTCL1,-0.09857498231271641
PIF1,-0.5509893268522074
FAM183A,-0.6646204715079836
C9orf24,-0.7069466822562029
C11orf88,-0.9022264013229266
WDR38,-0.5983531202142263
ARFRP1,-0.08973981955470269
NPEPL1,0.8020323737709628
TGOLN2,1.349741774102932
SYS1,0.508237194166954
TUT1,-0.8048599457811537
ENTPD6,0.6935467995930347
PTGES2,0.01105581140039591
STARD3,0.2057333235283906
HGH1,-0.632986905361797
ARL5B,-0.5988898031802187
CCDC134,-0.6205884917254474
VPS53,-0.17768097556863308
VPS52,-0.34299346377061624
JMJD8,-0.19658432945425378
DUSP7,-0.571253947907932
NAA30,0.7269406832012769
PEX16,0.6413229390306311
CPTP,0.5406554955543661
VTI1A,0.11896595523069561
GPR132,-0.8479942461705684
OVCH1,0.06443966148395101
TMPRSS7,0.06443966148395101
FLG2,1.0300371658074814
SERPINA12,0.372457672139461
KRT77,0.3238339010311893
IQCB1,-0.795970898516257
CDSN,-1.0517486066797221
ASPRV1,0.9797649427626604
ACER1,5.133569208010584
DCD,-0.09915590946267479
LY6G6C,0.3272773247008094
RPTN,-0.48216684138379673
S100A7,-0.3773518751549099
S100A6,2.6994806500897557
ALOX12B,-0.5411165482529938
S100A3,-0.4261964680474572
SERPINB12,0.8213897396634138
ALOXE3,-0.45379590725591673
DSP,-0.66605956950652
DMKN,1.3484791329974264
LELP1,-0.7744883914226314
KLK6,-0.4596081291067529
WFDC5,0.9516624535520549
SERPINB7,0.10120164471020748
AADACL2,1.0442135376564292
CABP7,-0.8190303826743872
S100A1,-0.10697046506457547
S100A7A,-0.22266874911505752
BPIFC,1.51657377232689
KRT10,-0.30302276537677814
POU2F3,1.3295655149269017
POLR2M,-0.6062672509127961
MTNR1B,-1.1421420966452644
ZNF326,-0.7742895083850908
MAP3K20,-0.8803657897984626
WIPI1,2.694166184610921
LACTB,0.40850189903564066
IFNGR2,2.3854043922096437
CYSTM1,1.3151827490734642
RNF128,0.05504680857089822
RNF150,-0.4671362028554855
NUS1,0.5950486129458195
ERO1A,1.73506707078156
SELENOS,1.1133213371285777
RRAGC,3.1512417337099428
C14orf178,-0.5219311006439926
FXYD6,-0.5304637314733411
TLCD1,-0.011449132008129501
BRI3BP,-0.04332336599186433
NDUFB8,0.20874590011402075
ERGIC3,2.5122139065402553
SLC30A6,0.3589265013507518
UPK1A,-0.42614393916206655
METTL7A,0.9455944234474526
ENTPD7,1.2882909579056638
EXTL3,0.019132632043411032
PLD6,1.0463943664569153
SPINK4,-0.418477113374947
MAVS,0.06444756442478064
SLC19A2,-0.09512238678601262
SLC39A1,2.563334202342507
SLC35B2,0.2665876306094829
CD300E,0.04613649678170676
ACP2,3.5811056846932545
NRN1,-0.1142573733815383
PIGW,1.0767317044635616
GPRC5C,0.14832489634598808
TMED4,1.2291237551988077
SLC8A3,-0.29216319543465735
CADM1,-0.44575958781094627
CCNYL1,-0.28754609080488236
ALG10,0.4372632900022072
FAM187B,-0.9037614955851991
FAM20B,0.2368674010144812
FITM2,0.02941482940203658
HTR3C,0.13195636547568695
TMEM8A,0.964538161563331
LPAR1,-0.8970486757822286
MOXD1,0.204397866625327
MT-CO1,-0.05022597971161972
ABCB8,0.201944637609942
ATP1B4,-0.36754193398669144
PIGU,-0.5641837670886718
CASC4,-0.0002736121405626534
RMND1,-0.12464450180739736
SLC35F2,0.8809452619176508
ENDOD1,2.203210318898614
URB1,-0.8623506261535917
NOL10,-0.8695767329217017
TBL2,-0.2009259696602806
IBA57,-0.5641625174824929
REXO4,-0.8629553326921249
SLC30A4,0.5166694049203717
HEATR3,-0.7030807319319881
POLR1E,-0.7273853770480545
CHST8,-0.01667319645037374
GAMT,3.376074478248895
TYW1,-0.44424252015215365
RRP36,-0.6224490013264099
POLR1D,-0.35099027157747986
WDR6,-0.6141076548570635
CTU1,-0.7335984700551159
ENDOV,-0.3394050597617075
UHRF1BP1,-0.4956897649032598
AVPR1A,-1.4197654705052376
KLK10,-0.6617159288351051
TGM2,0.35862318081028305
L1CAM,0.6465182870126598
IGKC,-0.37235475312700156
RELN,-0.632679171877353
SOD3,-0.3277875188726185
GYPB,-0.8744715138080524
SERPINB4,-0.575784624965985
ADAM8,0.14633834757049402
CSF2RA,0.13189428979434367
GPLD1,-0.6726191496014295
HABP2,-1.050506525539569
SPRR1B,-0.85918285537026
IBSP,0.7141706204018609
FAM189A2,-0.8965595336406061
CPA4,-0.6103033040186753
THBS3,2.7716986140937414
UNC5C,-0.9689151432870585
BMP10,-1.3150928394855868
VEGFD,-0.29050321592020006
PCYOX1L,0.5871200611633417
MRLN,-1.3805408133267978
BCAR1,-0.5295476178147188
SLURP1,3.7702240063213384
ACAN,-0.8436210197505764
KRT2,-1.283043306848842
CTNND2,-0.9746193142262795
TEC,-1.1045080635969158
AC068234.1,0.29680242624999226
TMEM204,-0.24370725546256847
PARVG,-0.21190436205475224
DEPP1,0.4231384041671791
KCNB1,-1.4108918824644976
CP,-0.12707874855143778
ITFG2,-0.3309754439365414
SEMA3F,-0.4914801668515261
GJC2,-0.8183475372409559
ID1,-0.06947891905242141
IGLL5,-0.0665495880066534
ADAM15,2.7873589337656015
F13A1,1.2971608590475894
ALDH1A3,-0.2708596157572052
WASF3,-0.628103300757985
DEFA4,-0.6900228862840274
ATP10B,-1.1821202368564285
NPAS3,-1.282710643835418
UPK2,-1.2622710620790931
SLC16A7,1.3762714865944132
B3GNT5,2.3940931755094175
IER5,0.1868631236342728
APBB2,-0.21181107591028978
STK17A,-0.13031289543098207
B3GALT4,3.818350417666343
B3GALT5,3.0865664228161105
B3GALT6,1.0162524387005425
SGMS2,5.433135502602727
ENPP7,5.099490085651328
DEGS2,3.884682721744576
CXCL3,-0.6078263245678349
B3GALNT1,2.9550079874698385
SLC2A3,0.35379971647015457
TNFRSF10A,0.44654720808449816
ARHGAP18,1.0148312625149933
TRIM38,0.1611781007655055
GAB2,1.5529204421265494
NT5E,-0.0017784793524744929
IFIT3,0.11555092649327116
IFIT2,-0.11032889900592861
C16orf58,0.4250430086303327
GBA2,4.030570331341299
B4GALT5,0.606876032982028
B4GALT6,2.21236140931064
CCDC50,2.8065500528830167
IER3,0.3116159904922425
GALNT4,0.8470835652266087
GALNT5,0.7164943624970246
ABCG2,-0.2568724250144073
IER2,2.7133647897453783
UGT8,2.9660599625457196
SMPD1,11.126077796865745
SMPD3,5.851205254961391
SMPD2,4.113680123680242
ATP1B3,1.9464961646989578
FGD6,5.205851228269075
ZBTB43,2.3635085481456293
IL2RA,1.5420803962326812
ARID5B,0.18492769873531245
CCN1,0.057915340027664845
CXXC5,-0.097345134058886
B4GALNT1,3.497387345362662
BBS4,-0.5672376875000443
ZC3H12A,0.07819213943122226
MYOF,1.6011014905864722
GCNT2,1.0607938618549526
POC1B-GALNT4,2.6072103660401194
GLIPR1,2.8065090547646796
HEPACAM2,0.7994180267150317
RTN1,0.019970081362243545
PTGIR,-0.6094617400634059
BACE2,0.9333600759080808
DUSP10,-0.33843908136804923
MYO3B,-0.6321559011258441
ZDHHC15,0.25413152677575224
IRX1,-1.1999777838199377
LRRIQ1,-0.6047354311782583
MORN5,-0.5663193350343491
TRPC6,-0.48536076751311813
SPECC1L,-0.45007862266493626
MYO18B,-0.9058023720177254
NEK1,-0.6219650890958542
INVS,-0.625595337132279
UACA,-0.21510911583492806
KRT7,-0.300276661794784
MYH6,-0.9714390310153644
MYH4,-0.7536315782211758
MYLK2,-0.8575003966620341
MYLK3,-1.217822983759456
GPR150,-1.2178413514882822
SPECC1,-0.40160014183880727
GPR182,-1.3557534918125562
PRKAG3,-0.5348702791560909
PRPH,-1.2474058683266072
ALPK3,-1.095146754362398
PDLIM3,-0.4930286116837081
KCNK16,-0.696626394226665
DNASE1L2,-0.4328888331048094
IPO13,0.1992717285997197
ASPH,1.972600719842432
ROGDI,0.9350807743741506
JSRP1,1.2428354906683152
MYF5,-1.0278998474999652
MYF6,-1.0660231032549363
KCNC3,-1.2317136787938783
MYOT,-0.9906475899837719
BIN1,-0.1973753368641591
ATP13A2,0.34353226247357543
ATP13A5,0.16562151905422884
ATP13A4,0.08193360058611614
SLC24A3,-0.5811928800243303
SYNPO2L,-1.2879590170346138
CATSPER3,-1.364473213775514
ATP1B2,-1.1429740308179306
HRC,-1.0015581802889966
LRRCC1,-1.2953735526472896
ORAI2,0.8257795736136566
VNN2,-0.12370143428835462
NXPH3,-1.1307305555151166
ITIH4,1.366547213341252
DUSP13,-0.9797860572473006
VGLL2,0.1426471491724227
OR10H3,-1.1482454422090933
NEU3,2.4278003864782427
SEMA6C,-0.8143823676427084
CASQ1,-1.2015560262534914
CASQ2,-0.6629677202489397
TNNI2,-0.5399818276061089
KCND3,-1.1086468251215924
CARD14,-0.8798255571297193
SLN,-0.984807135058938
UCP3,-0.8151626045647516
CACNG1,-0.7694998688278072
CACNG6,-1.0024455661051466
RORC,1.261231690220274
AQP6,-0.8016973155463443
CTSE,-0.2794528502178498
MYLK,-0.26761736509324
TRPM7,-0.45183586693588307
TNFRSF1B,0.7916139789899023
MYOM1,-1.2038660296690982
KCNA7,-1.1885074220580756
TMEM38A,-0.1652431072146911
CHRNB1,-0.5297463448793662
CHRNB3,-1.1305028149180998
OPRD1,-1.2419311277775096
ATP8A1,4.140361510692658
TCAP,-0.8034408610832944
CKMT2,-0.4509404433752045
TRIM72,-0.9633505630506273
LDHAL6A,-0.01311366008984057
C8B,-0.8240921016603457
CATSPER4,-1.399606494010516
EYA1,-1.1162772512010124
EYA3,-1.1645720412512108
HSPB7,-1.2163517811102815
CATSPERD,-0.7780544463679203
CATSPERG,-1.1873602275789361
CATSPERB,-0.45759434402266147
TMOD4,-0.29963156423975057
ATP9B,0.9262827012605912
RABAC1,0.4546167499704614
PYGB,0.5334655396160068
PMEL,1.3051491101373627
CYP2A13,-0.5616632680460947
CACNA2D2,-0.5454457184878995
CACNA2D3,-0.904650945184349
CACNA2D1,-0.5613008794713512
CACNA2D4,-1.0039198210136104
SMPX,-1.0424201194392626
CFTR,-0.8100160147365351
NOX1,-0.5033562721282345
ABCC9,-0.9827149197338446
BTN1A1,-1.0959138558025385
GYS2,-0.19552369127329575
NLRP3,-1.0348132082493817
KLHL40,-0.7802501923557219
XPNPEP2,-0.12720034183473697
RTN4RL2,-1.6854173737276492
ATP8A2,-0.7973183652903586
CHRNA1,-0.8454965405720204
CHRNA3,-1.1559619370728424
SLC8B1,1.488613211167744
RAPSN,-0.6341125388413648
PRPH2,-1.2314931019629511
ANKRD1,-1.1756886848195467
ANKRD2,-1.2263009983203992
FSHR,-1.1775808207185017
MYOZ2,-1.465030053904053
MYOZ3,-1.6275407982243857
MYOZ1,-1.178123641682244
SEC14L3,0.40962344034005055
RIC3,-0.153961269037909
L3MBTL1,-1.1127721288146446
TPTE,-0.37965486505136814
SLC43A3,0.6811967078572065
TMCO3,4.436868549763486
AKAP1,-0.472354357393449
DST,-0.2386780670002368
INSIG1,2.897865109402645
ERLIN2,1.603263459466927
SLC4A4,-0.9389240034019503
NDUFV3,2.4152064606098063
PPEF2,-0.2918265561327752
PPEF1,-0.4386097256522033
ESYT2,1.4516229021165346
DHRS7C,-0.30056070341244656
SLC35F6,4.742594765072115
SLC9A1,1.9870181009740877
BRK1,-0.3145508226229106
CLSTN1,0.050161406561255006
POPDC3,-0.8675954954820836
NOMO2,1.2575250907128452
CYB5R3,2.8234568054525306
EGLN1,-0.15206277087690137
ATP6V0A1,0.187312420646257
CDKAL1,-0.28822710695222875
TCTN3,1.0232849868269553
ITGB1BP2,-0.9240338383468171
NELL1,-1.4496969478654353
TECRL,-0.4883353544821734
SLC20A2,0.890492883570758
SLC9A6,0.2928515387510694
MARCKS,1.0481570406594565
PHKA2,0.13176347602431931
HYOU1,3.7944884802655476
SRL,-0.8879927350497746
JAGN1,0.4313313280672828
RHEBP1,0.380189597908774
CYFIP1,-0.31680998082733103
CYFIP2,-0.595413529818719
CMYA5,-0.39518560963140825
AC138894.1,6.0585223619957835
LPCAT1,2.246284993151359
PIEZO1,0.5749322431234458
ATP1B1,0.3901344087589093
SLC39A14,1.2313600451645457
SUSD1,2.148989878611546
FABP3,0.09545399543465102
DDX6,-0.08140142750411465
DPY19L1,0.5119742526957175
TMTC3,0.06152420394026677
NHSL1,-0.7232719898029324
PGM3,0.6553900732365457
DAG1,2.1796458562389933
STT3B,0.6609624665443613
TRAK1,0.1117761368037297
CCNB3,-0.6920908456351648
KRT6A,-0.4928373624066158
TIMM21,-0.4780811683201341
NDUFA4,-0.03199361518370938
XBP1P1,0.37029010808944846
KCNK1,-0.7074498420243907
TMX3,0.22646249920361844
PIK3C2B,-0.5705725687161652
HTR3E,-0.3589552652104115
FMNL1,-0.2541381167665526
SLC4A8,-0.5710985149643888
LIMD2,-0.4986405111325313
LTB,-0.17911644225906567
IL21R,-0.3104481038761375
NCKAP1L,1.3928938940120432
SASH3,-0.3037641913178919
SIDT1,0.062412810699779955
TSPAN17,-0.09170127155441794
USP20,-0.09898191574207539
FNDC5,2.1230331285466484
VSIG1,0.340648030050362
ARL4C,-0.29366429937648675
DNAH1,-0.9053576073976497
PTPRCAP,-0.13453109053517162
CST7,1.8755903116677648
LIME1,0.6441758810495682
ARHGAP45,-0.12500360004136163
PRKCQ,1.037185680916474
TESC,-0.3548252623023694
CD37,-0.010051636372595377
ITK,-0.8997638035112582
PCDHB5,-0.19349782479282748
SYT12,-1.0342736797271435
PCDHA12,-0.5585522022321724
PCDHGA5,-0.08068106842560024
CCR7,-0.7506547660246006
KCNA5,-1.3933554315468635
TREML2,0.7417880217045272
GPSM3,-0.10883930542730691
MAP4K1,-0.49153825283902125
IL23A,-0.38100991881779156
PCDHA3,-0.029963311162438607
PBXIP1,2.320049820415479
ENTPD4,3.097209473644682
EHBP1L1,0.7047763949344108
HCLS1,0.8842185793590362
SLC7A6,-0.43149805312916084
IL1R1,0.3888514695057093
LRMP,-0.288302727572099
AP1G2,0.204326652631143
IL17RB,0.3113648625426967
TMED6,1.554183563092282
LYL1,-0.3642397402387817
FCMR,-0.28139049040925695
RIN3,0.29790320542339127
ISG20,-0.18813689281137908
P2RX1,-0.031019562725347942
P2RX5,0.3917831851809868
KCNK6,-1.1956720128922058
SLC38A10,2.383539264359358
MCOLN3,0.003397191543468423
SSPO,-0.5315507255000722
SLC6A9,-0.38523263987511236
ARHGEF6,-0.3914110322410822
SEMA7A,-0.8450382767993978
PAK6,-0.7144753371721513
GZMA,-0.1819041687362967
SDC4,1.4532348672626536
ASGR1,-0.2109906324526581
IL7,-0.4432473051919386
KLRD1,-0.32176387625138725
LIMK1,-0.5531430944298894
FCGR3A,-0.16457066272579485
SORBS1,-0.5099497201220277
MATN1,-1.2359708808019936
SELL,-0.36098762754480873
MLC1,0.3470188575971691
SHARPIN,0.3520122620693279
IGHG1,-0.5401791979301858
WLS,0.5153699387377559
CEACAM6,-0.6095626442621866
CRB1,-0.2518640994445127
EHF,-0.6505474339600165
ADRA1B,-0.8612700948931808
ODAM,-0.32716009142932656
EDIL3,-0.8084361260701785
GSTM1,0.3387930235418775
TNS4,-0.2617232034284741
PHLDA1,3.103130982672568
APOH,-0.5591880344459887
REG3A,-1.0597406299669143
GSTO1,2.0831270518799916
NOG,-0.7230875142729846
TCN1,-0.3024140323228832
GPX3,2.406553775106386
CROT,-0.006264657346528146
CLCA2,-0.4697810780450018
GPRC5A,-0.2080676361059529
KRT15,-0.8912872246652614
FICD,3.033233725024638
S100A2,-0.1452747919225606
SCAF1,-0.3709871720511191
PDE10A,-1.362609062302984
YAP1,-0.17061478143615175
SLC17A5,3.9757664914624318
OXTR,-1.019794225559635
PLCG2,-0.608163639771433
AHSG,-0.6757159886823904
OR3A2,-0.5942520956083778
CD47,2.7460426935872424
PLA2G4F,0.1281041086340051
CFD,1.582742813541649
CFB,2.355549360007206
DKK1,1.4685670588234454
MGAT4C,0.547293556083104
IGDCC4,-0.177269838214881
HAMP,-0.44159185180321037
RPE65,-0.6581507535063781
SMAGP,-0.7877907914871972
FGA,-0.6411384248696456
SH3BP5,1.7095661843542411
HPX,-0.7901947188000321
VANGL2,-0.46506380162225275
AMELX,-0.9020436429089517
CEACAM1,-0.7158867104345222
EN2,-1.0984880053424997
CLDN1,-0.49144989592084387
PLEK2,-0.9476971216189265
HSPB8,-0.4237787690703932
OR8D2,-0.11808807877164057
IRF6,-0.4748557289696836
SCN5A,-0.8232651770066286
TTPAL,-0.1042985754217981
TNFSF15,0.14581178744229248
CDCP1,-0.11076133478265053
ANO1,-0.06636952727670897
PRSS3,-0.3758479659658914
LGI1,-0.4953574185988904
SPATA31A7,-0.09780418334040406
BTF3P11,-0.07174239552060402
SLC9A8,0.0504343238413088
ERGIC1,1.5811145698679112
APOC2,0.02698732523138518
APOC3,-0.780468872009749
APOC1,1.735020279283185
PERP,0.1517609705780435
PTPN13,-0.6392666508329222
CPB1,0.1590219248717182
LXN,1.5652809381035742
ZACN,-0.041429527013596826
NT5M,-0.22462599556281
CX3CL1,-0.5207530163791614
EMP1,0.33829337315722546
PAX5,2.26834533768154
BTNL8,-0.7910745588687076
AMIGO2,-0.1323594593483715
C2CD4A,-0.7657821891844905
PF4V1,-0.4916590332274908
SERPING1,0.7494135720221161
PPBP,-0.7134579443673015
C2,0.002701426916733522
GPR87,-0.570371423641527
FOXD1,-0.7062780724939246
STATH,-0.38497596619815205
IL18,1.5054721310586408
KCNJ2,-0.2007672864057071
EREG,-0.4526965681762159
KRT9,-0.762640281692711
ANTXR2,0.9081228423185785
NLRC4,-0.035543222817995386
SYNJ2,-0.30681141009395485
KRT13,-0.535367562970257
ANXA3,0.804182734213918
REG1A,-0.44735897273301567
MC4R,-1.1277278083949527
PTGS1,0.1341500840702864
PNLIP,3.3393508672343044
SERPINB8,2.4094679590540142
OR2T6,-0.18965101887727276
SERPINB3,-0.34928445118302404
PI3,-0.39760500552442934
SERPINB5,-0.5731847223447686
MST1R,-0.6018884601298435
FAT1,-0.04695034829752321
PDGFA,1.7795975950803828
DLC1,-0.44115609604375433
NFKBIZ,0.06485524773047757
CLCA1,-0.7250778508516267
PROCR,0.46087594281468097
C3orf52,0.09516450436899054
ETV1,-0.9818468588522122
IL1RN,-0.11224064868008544
ETV5,0.09673109513181535
SDC3,0.2079432856786351
SLA2,-0.185221903027905
NECTIN1,-1.154913730600528
COL26A1,1.1232167892878016
OCLN,-0.3250889518068542
FERMT1,-0.5728836316615714
PDZRN4,-0.3687071310802255
SEMA3A,-0.5679485354538688
SEMA3C,0.09747560868134181
ADH7,-0.7205762431782816
CD58,3.478144092817372
SERPINA4,-1.1313499426373015
KCNK3,-1.1987959110149273
CABLES1,-0.26296022308558603
DGKG,-0.15635687108655216
HSD11B1,-0.23983110053834028
KCNJ15,-0.4599936146434268
PCDH1,1.6280480802449384
BBS2,-0.21642683496007406
MMP3,0.02754189170248431
AHNAK2,0.3900669715985446
SCLY,-0.33822593464183137
METTL2B,0.06986766659612818
VAPB,-0.1733849988698277
SC5D,0.4122913328920345
TRMT44,1.6814347928424505
MAGEA4,-0.6433960197177645
THAP4,-0.4747906499654594
YDJC,3.901401606214746
LBHD1,-0.49655033033901075
CEP70,-1.2365550673717167
NLN,-0.6960123708767937
NUDT5,-0.4741993529293714
SBDS,-0.2128294250169757
NSUN4,-0.6490762817453749
NSUN7,-1.3599078013737211
POLR3G,-1.0378707410455201
POLR3D,-0.3726084720798114
BAG1,0.03878474547271101
MTRF1L,-0.38312452855885387
HIST2H2AA3,-0.7463002222466787
EIF3CL,-0.5073177277976023
WDR55,-0.27922593469397294
POLRMT,-0.29304593491282616
HIST1H2AA,-0.6899583704946558
CTU2,-0.7790541337975456
PPAN-P2RY11,-0.9616274924558811
ZCCHC13,-1.2415614596025992
MRI1,0.3196589218636822
LARP1B,-0.58348773566175
FMO1,-0.17375205708546776
GNL1,-0.28732582076752716
NOL12,-1.2722209581656583
EXOSC1,-0.585193445998272
PABPC1L2B,-0.8024805175317488
FCF1,-0.49256714598331963
RCL1,-0.5097045935987562
PACSIN3,-0.26650004288523155
BDH1,0.2640912126892462
MAP3K21,-1.1004056717749087
CASK,-0.7040119001279372
BCS1L,-0.5541634477371851
PABPC1L,-0.11040278942516665
NRBP1,1.023908977828881
POLDIP2,-0.24422220298786873
RIOX2,-0.5228301424510395
THNSL1,-0.30600840816328845
MAGEB10,-0.5033514456105543
CPNE4,-0.3209434752622656
MT1F,1.2880221461194097
C7orf26,-0.32291410805255283
CDCA7L,-0.8417102265075163
MTFMT,-0.6676596891747312
ADAT2,-0.6008292463296375
CENPV,-0.575234775491468
ZNF346,-0.7001340593575368
ZC3HAV1,-0.4331936818803389
C12orf4,3.3212443620975955
UCHL1,-0.15189744891836626
LLPH,-1.6468207904303582
SETD1B,-0.7526434576590643
C12orf43,-0.8599456518525757
KLHDC4,-0.29770268127643695
HIST3H2A,-0.8258195728096644
PUSL1,-0.48672818165954257
SFXN4,-0.15170321159716668
NAT9,-0.03735400019916816
AARS2,-0.6231661531000795
SLC25A19,-0.320010382857118
TESK1,2.337485974285878
IGF2BP2,-0.24409438547990525
KNOP1,-1.3091409069873259
SOGA1,-0.9926367724719264
TENT4B,-0.7412645645769653
ZNRD1,-0.8987273310353306
EPHA10,-0.8425234776682493
GOLGA3,0.1629576622241452
PABPC5,-0.3690008144488613
GATD1,-0.8002830028361881
PDCD2,-0.6111320897795228
FER,-0.09504560830812613
AAR2,-0.46665678026216617
ANKRD6,-0.9461520908396981
HIST1H4D,-0.7184914937622228
HIST1H4K,-0.6147974898273443
HBA2,0.1055431060940424
HIST1H4L,-0.6090504263527291
UBL5,-0.15124574832383017
PTGER2,-0.4863851656465231
PRF1,-0.10943063987296373
SAMD3,0.552356312089771
JAML,0.17987335901005888
CXCL13,-0.7466631852439364
CLEC2B,0.25686932905844423
PRR16,0.059762772026806694
CD1D,1.5240956562276164
CD1E,0.6641282461508794
JAM2,-0.28798676235758347
JAM3,-0.1869086234575238
CCL21,-1.0050734078038053
GZMK,-0.278848802278272
GPR174,-0.3441979542142954
SH2B3,0.21070422365694194
ALOX5AP,1.273629257798774
HIST2H4B,-0.5311386013045549
FYB1,-0.21871658013069617
CERKL,0.869658985675694
BIN2,-0.049088216796722914
PTPN22,-0.2851394950148117
LCP2,-0.3854554037224096
CPVL,2.5415123708138396
AOAH,2.3484461396667045
KLRK1,-0.408387913375345
PRSS2,-0.5895510407938226
GAPT,-0.3678801587415435
NAAA,3.1160998733494836
TMEM131L,-0.3694356326859977
PROM1,2.517459834195215
CYLD,-0.13503747378985803
ERAP1,0.4312144654438079
CYSLTR1,-0.9104926805582033
AIF1,1.7538483227249027
TRAF3IP3,-0.45022381387000177
RNASEH2B,-0.7215012568879888
RIPOR2,-0.3226783914128979
IRF8,-0.10632539970385571
GIMAP4,-0.130773651690724
BTLA,-0.4218454325259821
CD72,-0.30033333187356265
CST9,0.37865244517301555
PATL2,-0.390087160425238
TNFSF4,0.06619724845669833
CELF2,-0.24961462458678108
PDE7A,-0.5759809667540321
GPR18,-1.0481264549097542
UBE2NL,0.6793083328978109
SLAMF1,0.2618100341384885
ST6GAL1,0.3948146084242457
SAMSN1,-0.04680834243285187
IQGAP2,1.9792030185169727
EOMES,-0.6550968138076046
LY86,1.0555300586782228
FCGR2C,0.1255729729118086
FCGR2A,1.432651946641222
HIST1H3G,-0.6835848811902628
HIST1H3I,-0.6722460952273067
CHST11,0.4440927575788538
DCT,-0.7798998690707307
MAPRE2,-0.6536785515808619
ANKRD44,-0.6241605676233654
RUNX3,-0.4314239580081316
CD3D,-0.396002626783365
CD3G,-0.7262595193535695
SP140,-0.5512510744910529
GIMAP6,-0.004659596269322969
GIMAP1,-0.18133099947924947
GIMAP2,0.0867520646357039
CR2,-0.4061968259950617
CD274,0.05929885677841371
GPR171,-0.4241868743473743
AGFG1,-0.036836306311242586
SH2D1A,-0.4840648539472562
DOCK10,2.95071114048784
DOCK11,-0.11260651082224438
STAT4,1.0098990463206334
CD84,-0.14333452905364882
PDE3B,-0.5451839047866529
NDUFA2,-0.00012570490809060117
SLFN11,0.19520170367016818
CD8A,-0.18304174471107015
ADAM28,-0.5161369665734328
SP140L,-0.36938546318184684
FCGR3B,0.08614506418003745
HLA-DQA1,0.11055521586876416
SEL1L3,1.0179898522224307
JCHAIN,-0.3740245318092239
CCR1,0.6190541573812706
KLRB1,-0.1224916180685836
MS4A2,-0.48242732002614935
ARHGAP25,-0.3332627561811159
HPSE,3.6901017654305366
TAFA4,0.15693646058881963
RNASE6,0.13957592429912413
CX3CR1,-0.19219637408256748
CYTIP,-0.29630670455541425
SCGB2A2,1.0084585357209852
RASSF5,0.21012034045090225
HBG2,-0.09983021012947609
MANEA,0.39216571488996566
RSAD2,-0.03582001845738926
LGALS13,-0.002242051614058027
FCGR2B,0.8163109663316029
HIST1H2BE,-0.5010299939505308
HIST1H2BH,-0.523005038760265
HIST1H2BI,-0.7412551236275389
HIST1H3B,-0.7149770232246068
ITM2A,-0.07601449699747034
HIST1H3F,-0.6804234236344422
BTN3A1,-0.15057325605857738
FCER1G,2.155259974061488
EVI2B,0.25828904498910843
PYHIN1,-0.8768655974303335
HIST2H2BF,-0.5029669566811593
GIMAP5,-0.05475049400286075
TRAT1,-0.5850911597752768
CD69,-0.46167310756905094
BOLA2,-0.46821308274226336
GPR65,1.03699265691383
FOLR2,0.5601776649083254
SYNPO,-0.2834544359092954
RTL8C,1.8211589246500834
TRIO,-0.7244485021380064
WDR1,1.8193662440346947
CEACAM8,0.030354440428150237
GRB10,-0.3416054856653668
ANGPTL3,-0.8337474518095376
CSRP1,0.9331805173147403
SFXN3,0.866379928280768
NR1H3,1.598463456466401
CHST7,1.15483107025681
SLC2A14,1.3726912530630646
ITPRIP,0.9139908046276122
S100A8,-0.007168049049315627
RNF24,0.48170946783622903
HOMER3,1.9014836129638424
ESAM,-0.26457935736835037
PLEKHO2,1.289072105070911
DKK3,0.41791523257780916
FUT7,-0.06972133481548838
FGB,-0.7092712873561886
IFITM2,1.3465222118497808
CCL7,-0.284390654535039
PLTP,3.1099045807241046
ANGPT1,-0.60980300902132
ANPEP,0.8123238387664783
RIPOR1,0.27789614746926955
MFNG,-0.1924727171066075
ADAM32,-0.7254414696584727
NLRP1,-0.11293961468792187
RAB13,1.3617274219626956
QSOX1,2.8266968401010173
LRRC32,-0.5611603982393703
STAB1,1.2849386554432807
CHPF2,1.6870739255547582
MMRN2,-0.3545472689240481
PECAM1,1.2651735511339355
HOXD3,-1.0970346410020941
EMILIN2,2.9134704685730086
FBLIM1,-0.4122599093681423
RUSC2,-0.09451794902630291
PAX6,-1.3130746391076813
CD68,3.3797202557907817
SFRP2,-0.6145527325817516
TMEM158,0.17905430622435997
SLC22A4,0.46646602573625423
UPP1,0.7519651182212903
C11orf24,2.7345976735542483
C1R,0.8382740091971457
FSTL3,0.07568153318785459
PRAF2,0.47882650835154705
SMTN,-0.27617211007378867
SH3GL1,-0.3002138841808714
ACVRL1,-0.36481587879538757
PLSCR3,0.2691078791443401
ADGRA3,-0.9128348016034213
NCF2,1.031157000271106
PXDC1,3.124530228321648
SMIM3,0.7454876481203985
FZD2,-0.40015150525217225
RGS16,0.2142974525556937
ELF4,0.38493927984666265
PTPRE,0.9963281269611923
ARHGEF40,0.46717566847180403
SELENOP,0.7496304078212231
LHX2,-1.160400925965169
OSBPL3,-0.08796242635840658
LHX9,-1.3165310063425495
TMPRSS11B,2.0774566556911207
TMEM17,-0.058838975217701456
RXRG,-0.8652805572713493
ADGRL2,-0.24274164180020597
RAB11FIP5,-0.3699536069177393
PCDH20,0.022655799094025434
TSPAN11,1.2985430534773097
FAM234A,1.1631391541137985
ARHGEF5,-0.6321250796586149
EXT3,3.1589033844440504
PHACTR2,0.7068752248446533
CXADR,0.09068370030259584
LPAR6,-0.304292018208477
CD36,0.13378468890162623
SLC30A1,3.7410707917339274
EHBP1,-0.28434308828778915
MB21D2,-0.4808904666192827
CTDSPL,-0.18146313425244545
EPB41L2,-0.2003466892019014
FAM171A1,0.2333116916332796
CDH17,-0.809567284096728
IL1RAP,0.12846245923652405
KANK1,-1.2898417695178537
CD24,-0.012159511554420147
TSPAN8,-0.11629265961909035
KCTD12,1.3977726086993225
SOCS2,-0.3398807602172559
HLA-C,1.329545421327175
TOX3,-0.7710723289505031
MPZL2,-0.6965984800578549
FZD8,-0.7678474452373856
TBC1D4,-0.273853454092951
DUSP6,1.1297393514448926
TIMP4,-0.29650744341950636
FADS3,0.71978590009492
PTGIS,-0.5408609875102481
SIRPA,1.4490587969050461
LPL,-0.16071529609898766
TNFSF13B,0.4378620105040868
SVEP1,-0.5678842473153617
PSG8,1.3225961729502764
PPP1R1A,-0.764084201264906
ZCCHC24,1.1565644780844315
NCEH1,4.884397986597697
CDH19,-0.3103202843907115
HSPB6,-0.9941597507929381
RCAN2,-0.4800065175775138
TBX2,-0.6769286152984331
FABP4,-0.17912476312871572
ITIH5,-0.32424855811480696
DNALI1,-0.9664680853076266
CXCL10,-0.6656680471278125
CHRDL1,-0.5447557349331397
NMRK2,-0.4301347446061601
LFNG,0.44154252573643
ABCA8,-0.21013301905323692
ART3,0.827703284434332
GPD1,-0.24779897811338034
MYOC,0.3660523932500323
SORBS2,-0.5247203875260005
CLEC3B,-0.020407426085257304
ST5,-0.1611160678655158
DAAM2,-1.0027208751956636
PDE2A,-0.8316973433779676
C1QTNF1,-0.39523288363498404
ACKR1,-0.3462606905494876
ADH1B,-0.2928336949906263
TRHR,-1.0962733836454837
UTS2B,-0.9678564582395325
KRT34,-1.3582050471425524
GPRC6A,-1.053907103413072
IL22,-0.9911217183095234
CCL23,-1.0385036484367631
GPR31,-0.9311523697905846
GHSR,-1.364829069802514
PROKR1,-0.9129864693338868
PROKR2,-1.0028445348072146
BRS3,-1.0145707546055713
PRY,-1.2648507257991057
MC1R,-0.2032670073260989
B3GALT1,-0.01866619878993964
HTR2B,-1.0893040945292614
MCHR1,-1.2178687052389015
APCS,-0.9837597121616108
OR1A1,-1.3930851919008866
CRHR2,-1.2357766771914158
GPR4,-0.8684771413020713
GNG4,-1.5457530288161216
GNG2,-1.224817847847647
PSG9,-1.2036586108461373
PSG6,-1.2789045935899235
GNRHR,-1.1646050750738954
CD200R1,-1.443688422652363
PSG3,-0.8731930559204546
NPS,-1.055859706395571
GPR17,-1.1795439559607075
GHRHR,-0.9646411939736521
SAA1,-0.8315687877963994
TSHR,-1.0451207556913802
CYSLTR2,-1.0242912375859545
CCKBR,-1.3648180817736377
LGALSL,-1.1711917228444562
GNG7,-1.4385514907679466
HRH4,-1.067882558900666
LTB4R,-0.5582485339034472
GNGT2,-1.202979965606518
TRH,-1.13852478795092
CCKAR,-1.2337819990037964
CHRM3,-0.5830702682660281
GNRH1,-0.8694648649596325
NPFFR2,-0.9785913859301932
PMCH,-0.9912465173509716
LPAR3,-0.8231961285602896
BTNL2,-1.6725332937344115
TACR3,-1.166090430482044
F2RL1,-0.7442027161952328
MLNR,-1.0558738701709167
PROK1,-0.9595674063493826
PROK2,-0.9094751193060928
ARHGEF25,-0.9738264927820749
EDDM3A,1.5806252456505017
AGTR2,-1.1079248665978647
MS4A12,-0.9414223458144869
PTGFR,-0.9391578225923194
ZP2,-0.9426043178999359
GHRL,-0.7918261477048631
OR6A2,-0.9274104700980993
P2RY2,-0.8253090214703172
OPN4,-0.9582882653813091
HYDIN,-0.9980766786532073
SLC10A2,-0.7570231712536699
FFAR1,-1.0100108572939914
GP2,-1.0063993167648961
P2RY10,-1.041684136299637
P2RY11,-1.0450287028275695
TACR2,-1.1941292569396493
MRGPRX2,-1.0962546033570344
HCRTR1,-1.373280567729467
C22orf31,-1.4131224556118323
C8A,-1.0122905101316515
GNB3,-1.2354555316252003
MC5R,-1.5267856302594012
BDKRB1,-1.1041985537226326
KCNJ1,-0.8376797217998365
NMS,-1.027078918970898
PON1,1.1612924970403617
QRFPR,-0.990394190757859
IFNA21,3.2607071396715
F2RL3,-1.265687735944389
F2RL2,-0.8696518996604965
LPAR4,-0.9154882016589164
LPAR5,-1.0530575035612
KISS1,-1.2454911291411679
QRFP,-0.9623063139094125
EDAR,-0.9669449163716853
TAC1,-1.1097083401455279
GRPR,-1.1862143858139833
TAC3,-1.1749259924128053
XCR1,-1.3040706636041683
AVPR1B,-1.0568965027838622
WNT8B,-1.1022598654665348
OR3A1,-1.1319369131122423
SLC5A4,-0.7272235900969255
GNG8,-1.227588819561378
UCN,-0.878471286243575
OR2F1,-1.2054642566251024
CELA3B,0.11123314650315537
CHRM5,-1.240881487541197
MCHR2,-1.0489895396836846
SCTR,-1.2691620662115932
FFAR3,-0.9863476123881663
XCL1,-0.9747043320491736
OR10J1,-1.6480678013742611
PLAAT2,-0.14293389824072844
FFAR2,-0.8518812027231192
MMP27,-1.31775749855862
NPSR1,-1.0689171403954973
CHAT,-0.6474931797699319
GNA14,-1.041854726095173
GNGT1,-1.2790687523823825
CALCA,-1.1982099541488813
P2RY1,-0.8268468877529385
C4orf54,-0.37192895863956077
XIRP2,-0.8416779091958101
SH3BGR,0.8304090400832834
SLC51B,-0.7050665270859274
VIL1,-0.5911603209689443
CHP2,-1.2140325081886283
FABP2,-0.22549384187212718
ANKS4B,-0.6489111503683163
SLC5A9,0.13388194579584112
NR1H4,-0.4801268747580396
GUCA2B,-1.1157912420625868
SULT1A2,0.16418155469509926
HHLA2,-0.5784214443415044
CDHR2,-0.46051915260261145
CDHR5,-0.35542611509453287
ADAMDEC1,-0.11734675908960741
SLC51A,-0.14149023612153078
MT-TP,-0.4559519041457167
MEP1A,-0.6385547350481029
MEP1B,-1.0295995604317938
SBF2,-0.1512946090053174
CDC42SE2,-0.005699243807704044
DENND4C,-0.36268943985242874
GDI1,2.306921018952981
GIGYF1,-0.8831054841079342
SRGAP3,-0.9510005770794907
PCNX4,-0.0043824913034636055
TRIP11,-0.13954252823392382
KIF13B,2.250685751049035
KDM7A,1.9806058405920461
MCM2,-0.5019212665109787
AZU1,3.0072327340721436
RAB8B,-0.21575633633202979
SAMD4A,0.4509680870639614
TTC28,-0.7147817344978173
SH3RF3,-0.45881906268109196
HEATR5A,3.071069416199216
SH3PXD2A,-0.7444739432606722
PCBD1,2.3436280592831347
CEBPE,-0.1662657504953548
DDHD1,-0.09360591968353957
CNKSR3,-1.1707439482274626
ZBTB21,-0.466919686730732
PPM1H,-0.6741998278576394
DENND2C,-0.7784481241273075
SCRN1,0.4422900457095981
PTCD2,-0.9746917702203838
PTCD1,-1.3287479569484784
RTKN,-0.6075933587582579
TPD52L1,-0.03633383281397087
LYPD4,1.3412706198623254
SERTAD1,-0.15723901303487944
DENND2A,-0.019263348912278412
DENND3,-0.20464838463225393
METTL6,-0.35815070497358387
EOGT,0.9573475948116469
TFF1,-0.7868709911610885
C1QTNF9,-0.0011175583887338741
DENND4B,-0.44964056294742405
IFFO1,0.2908249566989983
KDM4B,-0.32441642342618987
APBB3,2.238029546987274
ARHGEF11,-0.13922893089125934
SETD5,-0.6692268809942828
FAM193B,0.18029350378330758
EVL,-0.30960316349355405
POLM,0.2657565146982632
PANK4,0.09658750417637442
PILRB,-0.6099041266141848
CAMTA2,0.3369539464914131
MAN2A2,0.599035871660262
DENND5B,-0.4021914074225478
ZMIZ2,0.20036667222136068
MAP1S,-0.3144634942620492
GSE1,-0.7524684364294635
ENGASE,-0.35807187828678794
TAF1C,-0.39507169722715335
TMEM63A,0.04902845094794121
ANKZF1,-0.26656609389432767
TBC1D9B,2.693232774629649
RUSC1,-0.2990992384438547
MYO9B,-0.39533446094451574
TBC1D13,0.07443680491579142
CMTR1,-0.12532676258796446
CIC,-0.20177220012453162
FBRSL1,-0.819105288528762
AKAP17A,-0.45609995403914316
ATG16L2,0.13470008985895157
DGKD,0.27260951935693417
DENND1C,-0.3736145478471923
ABCC10,0.9343111300792787
TJAP1,-0.49030351924282145
TMEM39B,-0.1351424511327143
MAST2,-0.39414414871850695
WIPF2,-0.1959509477132348
TBC1D10B,0.10054402795320153
RASAL2,-0.35984477980299956
FAM110B,-0.6445496145118439
OSBPL6,-0.00505559793207805
PLEKHA7,-0.608515632302655
NAV1,-0.7733020362039342
RALGPS2,-0.6728770175188408
STARD13,-0.3365748297762976
FAM110A,-0.7569590604618999
ANKRD34A,-0.5065921672238489
DCAF10,-0.4149122841263785
RPTOR,-0.18073732575888887
LPIN3,-0.5016487025596478
VPS33B,-0.3733002072726923
MAPKAP1,-0.2451214462575277
FAM53C,-0.5521426735418876
OR4C12,-1.151287684026428
RTP1,-1.3112129606176313
RTP2,-1.3292159883002928
REEP1,-1.1933321247858888
GNAL,-0.860281760937726
ZRANB2,-0.8739422440339134
SAV1,0.013688804751413338
RAPGEF4,-0.7066945865411663
RFTN1,0.2492030799904464
SUSD6,1.7070841385234206
IFT57,-0.2540465855511077
TRIM22,0.05878372911556222
MCUB,0.4925576192819799
PLEKHA1,-0.23931318327434672
DOCK9,0.35209172997793137
DOCK1,-0.36030355298951566
PHLDB3,-0.5570349241613516
TRIM5,0.09241083949413857
NAA20,0.2157297236745091
CRYBG1,0.38789877212204427
LASP1,1.4937460751467397
NECAP2,2.0777503793420546
ACOT9,0.5631911029518811
DAAM1,0.25060218441674237
MDFIC,0.8077701941221607
MALT1,0.2665641109759319
TMEM243,0.7085756055120481
CYTH3,-0.16574034647386113
ZDHHC16,0.4092167159405704
IFT27,-0.1429045544380264
NT5DC2,-0.18968847826472474
EDEM2,2.3177032954095482
ANO6,0.2906647159412731
WDR41,-0.04003681150547787
WDR49,-0.013989276594395037
BNIP1,-0.32267162258286886
SLC39A7,0.7777636253399782
DNAJC1,2.306005131690762
SPAG16,-0.3418596689247219
KRTCAP2,0.6425602377471283
WDR86,0.12403954740009523
WDR88,-0.4390205109923328
IFT80,-0.4993111987936699
DDRGK1,0.37250996197143865
RABGGTA,0.532861046845313
SLC1A4,0.281506705877691
CYB561D2,1.737876833988567
APOL2,0.47046772474307846
MRPL49,0.0546754338173335
WFS1,0.6624539180999469
NSDHL,0.4210425920880712
CRELD2,1.0230338293127619
SDF2L1,0.5930155312525919
TMEM216,-0.03946844801637547
WDR27,-0.1627134336881184
SLC35C2,0.6292327422096314
AMBRA1,-0.408113050656458
CEMIP2,1.4711212523685357
ACOX3,0.16787411678982012
CDC20B,-0.2806926523646683
EVC2,0.27532660560996497
DCAF5,-0.2958841678955084
EML6,-0.09478464565321139
WDR61,2.1795588911189596
WDR64,-0.8348541872434081
CORO2B,-0.7130204947172427
BCAS3,-0.031783643293398695
VPS45,-0.21601744971977277
TMEM208,0.5395537667633823
WDR17,0.15703611401326711
STX18,-0.2010232654562517
CORO7,0.08288308653200986
PIGT,1.911835562296337
WDR5B,-0.9008779448330461
APEH,2.0279671060637128
MSTO1,0.4935522018539734
ELP2,-0.6041317189176784
TMEM120B,0.3810682322972177
NBEA,-0.6209797289259694
TMEM67,-0.2772631102916009
NWD1,-0.055576394709023424
CLPTM1L,0.5727874037378183
WDR97,-0.13026420385044188
DESI1,0.24007775600957854
CCDC22,4.08024107671294
CFAP57,-0.2514389082274221
PLK3,-0.3895418536558177
GPAT3,0.24050817265572083
OSBPL5,4.194750271550384
ERRFI1,2.3166415124513073
FABP7,-0.6726377350360835
CNN2,0.017290456657877942
ADORA2B,-0.9073261172488915
ZFP36,0.04106257838100049
SLC23A1,0.31343622605896165
HCAR3,-0.7895097880383984
EGLN3,-0.28174169197604887
GAL,-0.9863285117262149
FOXC1,-0.7211285379248691
PANX1,0.7516847608881849
CSTA,1.5860748350742586
STEAP1,0.6194526839691488
RARS2,0.0025895477838332515
WWC3,-0.03996654360764115
ABHD4,1.6911123156752124
UQCC3,-0.6045194395114387
PHPT1,0.23286616180158723
XPO4,-0.9450148988235911
PCBP4,-0.31290656573061726
LOC102724985,-0.24332439524838118
RHBDF1,0.48672611652850273
EPS8L2,-0.009388381091575866
DRAM1,2.362654881413723
TMEM11,-0.3871481634301983
ADAP1,0.025805604243700257
TNFSF9,0.19246552487021915
FAM214B,0.3227039906500964
IPO11,-0.4355271879700846
LARP6,0.17085325168582843
COPG2,0.018987585442298414
ETNK2,-0.5459595798833146
CDC42EP4,0.44946062781840446
UNC45A,-0.07577780148821701
CZIB,0.6690923894659945
TRAM1L1,-0.10890782020526595
OARD1,-0.4652778044931129
SIGLEC12,-0.29220396517475195
LZTFL1,-0.11235442154840627
GATD3A,0.4576817436444947
CLUAP1,-0.3641956397130123
UFSP1,-0.6573873768859365
PLXDC2,1.2209364191091987
TAF12,-0.31566437635978906
ETFDH,0.32193345586404165
KIR3DL2,-0.17529112873931013
ELP4,-0.6664728098289927
AMZ2,1.2126856220547395
ASCC1,-0.4671564452203519
VAT1L,0.47352578884222396
ATP5PD,-0.045808185169496814
WASHC3,1.6540775541946358
CD79A,-0.4893980487713462
SIGLEC5,0.26227773597000104
UGGT2,0.8800629449910199
SEPHS1,-0.6706856287956597
STX8,0.09342330567661636
AMIGO3,1.3932196712087197
KIAA1191,-0.329726867631625
CD244,-0.17770963270821816
PLPBP,2.1751656219199407
DYM,-0.63627329263758
SLC16A11,0.4851202496066855
LIAS,-0.3825979056376138
ZUP1,-0.22377016499270816
TCAIM,-0.26007959000863257
SCG2,-0.77097410252083
GPM6A,-0.8684518056203451
RTN4R,-0.4825157699616935
SV2A,-0.4544462901292877
SV2C,-1.2648553511347613
PCDHGC3,-0.9615691650801175
AKAP6,-1.1816803477236963
ELAVL4,-0.9208559923922861
CRYBA4,-1.0769684274235103
TECTA,-0.9208707334957968
NFASC,-1.11295237516738
CHST1,-0.2787902773163262
SLC18A2,-0.06847210968512425
ADGRB3,-1.4684929749279514
BCAN,-0.6815358796186451
IL17A,-0.6532943688138468
ADGRL1,-0.9170959475145866
OLIG2,-1.202013500161167
APBA1,-0.9898661847760244
APBA2,-0.6379490096033265
SLC17A6,-1.164726437481618
SSTR2,-1.2881968091788853
PDE1C,-1.3823597677251356
GJB7,-0.6232005077168684
MCF2,-1.2013409395961814
TMEM185A,-0.08008387205004158
CDH8,-1.5037071852045554
CCNL2,-0.42691553436029767
SHISAL1,-0.7457205387695801
SYT3,-0.6428555530629747
CPAMD8,-0.9770601977304595
CNTN6,-1.0133538712963153
ASTN1,-1.3223309614351257
PCNX2,-0.4496663334337815
TRIM3,-0.6683012256773222
SEZ6L,-0.9889799594204122
PMP2,-0.9115453384298189
RFPL2,-1.4446983748534359
TIGD5,-0.14018458785339247
ASCL1,-0.9595826809122078
BASP1,1.5627856901862984
KCND2,-1.0875483572250972
CADPS,-0.9302724777821666
CTNNA2,-0.9249634404074812
VAMP1,0.3785807714492442
FUT9,-0.06622173852104517
CHGA,-0.8519154023656633
MARVELD2,0.36748300597245254
EXTL1,-0.2746090434832157
MAGEL2,-0.7996324315261388
SYT13,-1.256460879955085
PHF24,-1.282619537488246
ST8SIA5,0.06777055501148439
CYP2S1,-0.12477317425083377
MAB21L2,-1.066062586393039
EPPIN,-1.4388301096872413
RIMBP2,-0.8705966368058842
CNTNAP2,-1.0476653151892787
IL9,-0.8533177126580411
CDH13,-0.6349346490050438
NEFH,-0.16793798918174435
RGS6,-1.3168721340942935
DPP6,-1.292989772569478
PCP4,-0.908244427153323
NRCAM,-1.064067169468377
ISL1,-1.0375733350179546
DNTT,-0.4791086684637998
SCN3A,-1.1035142062809087
STMN4,-1.1232364327183264
STMN3,-1.254622197971163
AJAP1,-1.2851013211985545
PLPPR4,-1.0284630788168392
LSAMP,-1.1153714098232488
SPA17,-0.9203911962648561
PLCD1,-0.11938700000749683
PAPPA2,-0.986874191338612
RIMS2,-1.0737731933034067
CHGB,-0.684514960995519
CNTNAP1,-0.4323147235839852
DOK5,-0.7723335170261175
POU4F3,-1.0539750482409227
GPC5,-0.2016810490849221
SLCO1C1,-1.248411765721776
PCDH8,-0.8605866026319293
FSD1,-0.26065885353927254
PAMR1,-0.4813765531885668
FJX1,-0.4744245599786428
ADAMTS2,-0.22407296886430236
EFS,-0.27249175244356755
SEZ6,-1.0246633220875279
TRIM29,-0.7773880393530239
GDF10,-1.0698094821118398
RAMP2,-0.9614840086840474
TPSAB1,0.18596737684112422
SCUBE3,-1.3378438661476861
SEMA5A,-0.5177156551701476
MT-CYB,0.04472276111505461
UQCR11,0.11754920834174654
HEBP1,1.7659855612374102
ABCD2,0.184539365547767
TAS2R19,-0.9052371390278844
TAS2R14,-0.9170538533420133
TAS2R10,-0.9198914468219863
CXCL11,-0.6318870745708906
NPB,-0.9104889360761285
TAS2R7,-0.9081215935000817
NPW,-0.9364487441629538
TNFSF18,-1.0718769887165118
CCL28,-0.6905149212993291
CCL25,-1.1810799526068454
CCL27,-1.1321665140408392
CHST4,-1.1115822042987258
P2RY14,-0.9481213184840749
SLC30A10,-0.32586310174709726
P2RY12,-0.6650494948117757
P2RY13,-0.586177988562096
TAS2R8,-0.88675528434845
SPIN2A,-1.1808189338140092
TAS2R5,-0.9197008499236717
TAS2R1,-1.2323308210898647
SSTR1,-1.0586402825791537
SSTR3,-1.0360452602012231
HAND1,-1.6641586097511785
CXCR2,-0.8361750225315505
CXCR1,-0.905635322162647
TAS2R38,-0.9220425533363006
OR1G1,-1.4887020343738493
C5AR1,1.3204964611579415
TAS2R50,-0.9290640240621033
ADRA2A,-1.1182447032714526
ADRA2B,-0.9616993616002854
CLEC1B,0.2020257350952783
CXCR6,-0.7572153625684279
JAKMIP2,-1.1831647815352386
LEFTY1,-1.0938352589502256
CXCL2,-0.5741696204618183
PYY,-1.3242668687409809
CCL5,-0.33509059365556787
TAS2R20,-0.9198873919519445
INSL5,2.044599503751189
TREM1,0.2296275036383311
ITIH2,-1.1459126751328081
S1PR3,-0.8276815242835317
S1PR5,-1.1136885835578245
S1PR4,-0.8365206853908173
CFHR2,-0.8779876996493207
TAAR5,-1.5023083477577217
TAAR8,-1.56415466766782
SEMA6D,-1.3059213201409796
CHRM4,-1.0976568817232064
CRHBP,-0.9868029845755276
TAS2R60,-0.9233351763375219
RLN3,-1.0515347826117996
RORB,-1.2242661871285667
FPR1,-0.43994603429953194
FPR3,-0.6695970094473659
ADCY4,-1.1674035166763865
ADCY5,-1.0202119301149326
ADCY6,1.0594004271399071
CXCL6,-0.8469539142278036
CXCL9,-0.561452864313043
NPY1R,-0.9485098056527197
GALR3,-0.9979170899586715
GALR2,-1.030705559075941
GALR1,-0.9623385217837473
ADORA3,-0.8816965754430742
PRLR,-0.6148805210346203
KRTAP4-7,-1.4110919020157937
GNAZ,-1.098689541622671
NPBWR1,-1.0191824198979502
GRK4,-1.3055066703668652
CCR3,-1.2169156173169324
CCR5,-0.6453007422233493
CCR6,-1.03121532238559
CCR8,-1.0650033938773973
NPY4R,-0.9086659955795127
BEAN1,-1.2939968968413393
C3,0.6543687694786965
C5,-0.9382450726052955
TAS2R39,-0.9325781843982863
OR1E2,-1.77896824395603
OR1E1,-1.7649299505208194
PNOC,-1.040403395357706
OR7A17,-1.7105034542338926
GPSM1,-0.9160495468693768
OR2J2,-1.5673772008466351
ADGRE3,-0.47419511189228675
ADCYAP1R1,-1.385561081205459
PI15,-1.054118355079533
LINC01587,-1.41098850844337
HTR1D,-1.2526335403547293
UPB1,-0.6182883082505035
GRK7,-1.1443165459296614
RXFP4,-0.9649393486559992
GRK1,-1.2641552339764872
KCNMB4,-1.091431968171819
IFNA10,-1.3625037583144055
DCHS2,-0.9782561262598449
HCAR2,-0.8756513373014262
HCAR1,-0.9187424443158845
APLN,-0.9451234955436048
TRIM49,-1.448104211460225
MTNR1A,-0.3912153994378515
OR7C1,-1.0065936779981683
OR11A1,-1.1381690106983877
OXGR1,-0.9318128975728945
SUCNR1,-0.9396296945284383
TAS2R30,-0.9198427105197635
TAS2R31,-0.9144095738726128
CORT,-0.9681335302784045
CCL11,-0.5020547053686248
CCL16,-0.913899858616387
TAS2R43,-0.9168541653789337
TAS2R42,-0.9624625984201265
TAS2R41,-0.8607808094786054
TAS2R40,-0.9247109576362351
TAS2R46,-0.9220425533363008
PF4,-0.7065350198587798
GPR55,-0.939285253361057
ATF7,-0.6991616765115811
FBH1,-0.3499871589291353
KDM2B,-0.7905413881490968
FBXL6,-0.1530474835683669
FBXL17,-0.34271943502658514
ASTN2,-0.023758001218016005
ECT2L,-0.1477456894829444
PRAME,-1.0587980408595616
FBXO45,3.547176762603802
FBXO47,-0.32393261315487404
FBXO42,-0.5887057400725157
XKR8,4.065197838934508
FBXO36,0.21911382312295755
CBWD3,2.2095280484625097
PPP4R3B,-0.32434605395496724
PPP1R37,-0.8036692688732852
XPNPEP1,5.283854964053954
SH3BP1,-0.24133569401782756
SSU72,-0.233562320563702
C1orf131,-0.6477333020754492
SIKE1,-0.5710232644806853
EEF1AKMT3,4.263439010013228
SH3YL1,2.997569004786169
ATE1,-0.3970208580498189
ACAD10,0.18401312301048958
ARHGAP44,-0.18572961225199952
TSEN15,-0.4633349552621273
TCTEX1D2,-0.41975025921824805
IL1RL1,-0.5284726697273758
CYP2W1,-0.41255442071681436
CYP4F2,-0.6062732663310806
CYP4F3,-0.308849429268616
CYP3A43,-0.8576888655127458
CYP2F1,-0.6504660499698519
CYP4F12,-0.5375231108537298
CYP39A1,0.08449345507065188
TBXAS1,0.2698280429102026
PHEX,3.1772234030422473
BGLAP,0.33957161737951735
GC,-0.6602564089810722
CYP4X1,-0.3170440516842607
CYP27C1,-0.3191619261500707
CYP2U1,-0.2509960618275914
CYP2C8,-0.6714401526386887
CYP26B1,-0.5161721087292046
CYP4Z1,-0.289824018905847
CYP8B1,-0.6143419823924101
CYP26C1,-0.27958204674605436
CYP2J2,-0.32749942009428407
CYP4F11,-0.4462741637578328
CYP4B1,0.06916806873795878
KCTD11,0.004304437531035692
MCTP2,-0.05499706042986887
CYP2B6,-0.5727988701615392
CITED1,-0.6658761514688988
CYP20A1,-0.013855272830946804
CYP4F22,-0.2260358198982387
CYP1A2,-0.5425866652062813
CYP24A1,-0.32820060267877055
GCAT,0.024751964390454257
KL,2.735475562512621
DEFB4A,-0.3736076049095791
CYP4A22,-0.6284367677986019
CUBN,-0.005162918376163749
CYP4V2,-0.12476445075111697
CYP7B1,-0.1787068856219705
BAAT,-0.7505933385704308
CYP2C18,-0.7180657266031216
BCORL1,-0.8918723476824625
DVL2,-0.9044232775967656
KLHL10,-0.5297602366620481
KLHL14,-0.25258277716020267
ZBTB42,-0.8866302860829012
SUFU,-0.7748850539796402
KIAA1671,-0.43643596723390354
ZBTB46,-0.9250103727824196
GPR101,-0.4601060432332896
DISC1,-1.0935177121201498
THSD4,-1.121632596257443
BMPR1B,-0.912680066719354
OASL,-0.20919645009794996
CBFA2T2,-0.6833079957687277
ZNF843,-1.0529006752188017
SIRT5,-0.6661137135724737
ING4,0.044161891978101074
EFHC2,-1.0218514355842752
ING1,-0.6552205464199611
PHF23,0.1491615558911391
ZNF775,-1.2730832415975784
PHF2,-0.8732433554633905
TET1,-1.083686975442737
DGAT2L6,0.5485741756232249
TMEM239,-0.7652267141743903
ZBTB22,3.6871587390232707
ABCB9,-0.4542214684282987
NACC1,-0.8081396675547793
PPP2R2C,-0.5499756440385475
ZBTB45,-0.8218380112470011
ZNF653,-0.7218661312841422
CDRT1,-1.2341788585010058
AMZ1,-0.9738665721702976
NKX6-1,-1.3250491698426294
VWA7,-1.2902254960386341
MTUS2,-1.0191702784653338
GPR21,-0.8471076211100742
ACSF3,-0.11695678700255745
NOTCH2NLA,-0.44355675201721073
TRMT2B,-0.8895195103971039
MAGEA1,0.5143037747226965
MID2,-0.9096896711194828
GPR137,0.25966382039653524
FAAP24,-0.7617418409298522
TRAF1,-0.4816816951176321
KIAA0556,0.1269803217000108
KRT40,-0.2873356484054228
ARHGEF38,-1.0094749198541413
PIGQ,2.6308506963841713
RALGAPA2,-0.7666966130137474
DDI1,-1.0649742561123439
MTMR7,-1.484097756142158
FRY,-0.22383534183905476
NKIRAS2,-0.8348509072627299
TBC1D14,-0.12395904731783126
GLT1D1,0.5909564628456981
STEAP4,0.32085269647713205
GHDC,-0.07033317499030274
POPDC2,-0.8514135297217837
CYB561A3,0.3864639622230684
ABHD14B,0.6208547259495512
CHRNA9,-0.7227786889134239
BRAT1,-0.07463836873262306
CAMSAP3,-0.8150277342107655
TKFC,0.7544341963547612
TMEM219,0.4938940945372022
SDK1,0.27496442487665007
IGSF22,-0.8502136484629519
ROBO2,-0.5110150009894368
DSCAML1,-0.9971488114779318
MACROD2,-0.22917566941106698
SDK2,0.08259323174154413
VMAC,-1.4889983384324055
CNTN5,0.010796595797084021
CNTN3,-1.0463361317286017
CNTN4,-1.5092792117697065
DNAI1,-1.1036580285551498
CEACAM21,-0.4421211846509126
FCRL3,-0.5970957979422369
IL13RA2,-0.2759287793140032
TMEM30B,-0.15584955389360008
ORMDL3,0.6764263362554207
ROBO3,-1.3368010636128305
EPHX3,-0.8486514716281389
C9orf43,-0.9596667787134343
SPEM2,-0.7836009549018447
TMCO2,-0.6733028747618142
MROH7,-1.1123876372110086
SAMD15,-1.073243719787734
TKTL2,-0.5579142659248055
SYCE3,-0.9054575054658272
TPPP2,-1.1950666327220545
COX8C,-1.217916605279646
ZSWIM2,-0.8480757050239381
ARMC12,-1.144292433900746
ZPBP2,-0.9328103342027358
CCDC70,-1.4382083430492596
FNDC11,-1.1223509425955294
RGSL1,-1.3717314948813535
CCDC96,-0.7325646027435182
ACTL10,-0.9116492459404941
TTC23L,-0.9317472612173454
RBM46,-1.221596676326099
STARD6,-0.6785379300660429
C9orf57,-1.1842689862267748
DMRTB1,-1.1695900715109329
AL163195.3,-1.1158688779385941
PGK2,-0.6932351037961508
SPATA17,-0.7489586670605966
SPATA19,-1.2547884931712958
C10orf62,-1.1649356324441984
FAM47B,-1.205504608100993
C20orf144,-1.302981207379225
IQCF5,-1.1664549277642344
CCDC42,-1.1088171083283511
DNAJB8,-0.8876854258999861
TSACC,-1.197410547483461
ODF3L1,-1.1458363667718694
CCDC38,-1.2804929190781096
SYCP3,-0.9403915145093731
SPERT,-1.3659048352015257
RNF148,-0.8314653830761882
PRM1,-1.295096178840353
SEPT12,-1.1426026933476927
REC114,-1.2851249957941142
HMGB4,-1.1745654231739737
RBMXL2,-1.3702381235576078
ZMYND12,-0.8202248586134293
DYDC1,-0.9282794971626445
GOLGA6L2,-1.2099460711161443
TRIML1,-1.4323560201056298
TMEM225,-1.109028785280484
TTLL2,-1.227392271567358
C14orf39,-0.8921990223662185
PCP2,-1.022224376510958
DEFB123,-1.1754447231040004
KIRREL3-AS3,1.4673203796500431
WNT3,-0.7042910717660937
PRKD1,-0.4580527551933102
CCL1,-1.0928685313670914
CEACAM5,-0.6506761268914828
DNAH9,-1.3345326834957933
ALX1,-1.2815206517310507
FFAR4,-1.214426560275114
DDC,1.6097292250100665
TBX5,-1.4035795866527059
REG1B,-1.0786540057977665
HTR4,-1.4371833909661622
GPR1,-1.056034873487708
PSG2,-0.026536933794870744
ADGRG2,-0.5568815932696721
FZD9,-0.9624851889466298
FZD5,-0.7848701176953586
FZD7,-0.8057011641387634
CGA,-0.6762743495853909
FGF14,-1.1247350810426207
ADORA2A,-0.902490133551361
TPRN,-0.3033138708748377
WHRN,-0.6920912166778523
PPP1R3A,-0.38810452280672014
CLIC6,-0.8225336828259889
CCDC85C,-0.3045522265804385
AC003688.1,0.37526123794272287
CLDN16,-0.19563907515818302
CLDN17,-0.039209512426756514
CLDN14,-0.6714259519044385
CLDN15,0.082609133078195
CLDN23,0.36940223764601576
CLDN22,0.46044392452470206
CLDN18,-1.1113618831434287
CLDN19,-0.026294127347268707
CLDN25,0.527215163023893
CLDN24,0.5272151630238929
CLDN20,-0.03835204819110091
CLDN6,-0.7116788268315464
RAPGEF1,-0.018171546085982936
MTMR2,-0.07249978230995685
GPATCH3,-0.40930243810358846
DNAJB12,0.4195460433370057
FPGS,-0.09709837707658266
VKORC1,2.4572112371538224
BCL7C,0.21511436611616744
PLEKHM2,0.49427255708866097
MCAT,-0.3208277559670936
TOLLIP,2.2027822637391696
POMGNT1,0.6985344825477416
ST6GALNAC4,0.5101373038753059
PEX10,0.15027932581062417
MUL1,0.6081103086307992
INKA2,-1.7478681728640062
CEP128,-0.7249665172619918
CDC42BPA,-0.38534781029198195
INKA1,-1.0660763524699441
PAK5,-0.7986302434963222
CHST9,0.3087623200455289
CHST2,0.47367519068194536
CHST10,0.7616321515758976
CHST13,0.3011141506567894
CHST12,0.22075719069868371
LRP6,2.165473765583493
CHST14,0.2760686134184339
CSPG5,-0.3785238112212356
HS6ST1,0.17843056099446591
HS6ST2,0.4544794956056975
HS6ST3,0.2541126391316847
SYTL5,1.2501353252888472
PKP1,-0.5363003653581435
MS4A1,-0.6415316645063206
RADX,0.5887166537320744
NSG1,-0.7023710732838424
GP6,0.5612660056854898
ENPP1,0.9222158091713071
FLRT2,-0.5057944939603758
KLK1,-0.7679386678869159
SUMF2,5.297245550561963
CCM2,-0.4839229924109357
C1QL1,-0.44674778106795965
F12,-0.0904781286303393
SLC39A2,1.3411905447117516
HOXA11,-0.962892411099504
PAX8,-0.9908855979117884
LRP2,-0.47861179123286285
IGSF1,-0.6989877627929245
SOX3,-1.160705424784978
ARHGAP6,-0.8822923777232152
GRHL2,-0.4119645398333728
WNT5B,-0.7687149298047854
PEG10,0.00216531511339509
APOD,2.9723510251221823
CEP170P1,6.264460290982644
PTPRZ1,-0.7667340410989937
NHS,-0.004626228625587543
ATG4A,0.2732534165424203
SLC25A14,-0.05519524365497381
CPLANE1,0.05703167495460952
ADGRG6,0.41800182034646244
AL139011.2,0.32407978130861775
PPP1R14A,-0.0012955383542701728
GAS2,0.0691808883595324
CELSR2,-0.5856673274374128
GLRB,-0.4363405685010623
NUP62CL,-0.40256160577126726
PSD3,0.1649605733992367
NME5,-0.6679222249736549
AMMECR1,-0.07400704284635454
LIMCH1,0.025113478077716207
SCNN1B,-0.7011993772841649
PLCE1,-0.19227306819016407
GLCE,0.4249393051609231
TOM1L1,0.11415055627561393
NAV3,-0.5033810308081582
HOXC6,-0.7803940328840443
DLX5,-0.931969793407784
C1orf198,0.921378525987316
SPOCK3,-0.641872713540515
VPS26B,0.03006188936383548
SERPINA7,-0.7368046488874876
PDGFD,0.12124155017960557
USH1C,-0.8926165817753743
SLC15A2,-0.8488044181676946
SAA2,0.7705556550256083
PTGDS,1.706461386171334
PAX7,-1.4118113551204974
PAX2,-1.2906348705834259
ATP6V0A4,-0.03645003285682788
SLC22A2,-0.5189988529172496
FMO3,-0.6473737048250152
MCC,-0.7094280837467791
MMP19,-0.4213940374552728
HFE,0.2552854578253425
FGF12,-1.4017306785446921
ARSE,3.5431719279756995
PLA2R1,-0.5241739983266616
ID4,1.6312824609832288
CPED1,-0.8161519969204349
DPT,-0.4144904297363733
DKK2,-0.5458776841115108
EYA4,-0.7950591780785907
KERA,-0.2892275528658246
ABCC6,-0.4575180983033634
KRT33B,-1.1972621194086446
LHX1,-0.6886025839613382
PTGDR,-0.874166111621042
GPRASP1,-0.7809109845659762
EMID1,-0.053981582320360696
CA1,-1.1461584230762267
RASAL1,-0.5665138118303226
ADAMTS6,-0.8762121731711493
INSL4,-0.6465202509325267
DMBT1,-0.7889096332741977
VN1R1,-1.557875811183123
AFM,-0.947683434095965
MAGEB2,-1.1929088286300602
SLC22A11,-0.7973240916688634
CLCNKB,-0.9132017413434087
CLEC4M,-0.8170805851605163
HOXD4,-1.0253887347221602
SCNN1G,-1.0181273744226667
FCN2,-0.30161918564651446
PAX9,-1.2280904505334438
NAA11,-1.1931590657126288
KRT85,-1.0686074822039806
ADRB1,-1.384139119108363
CDH16,-0.8337864329200986
POU3F4,-1.1615523065551299
USH2A,-0.5663796235105257
SFTPA2,-0.357133420880653
ANKRD34C,-1.1898178521760192
CRYAA,-0.14528972738703674
UMOD,-0.6321066349258421
MFGE8,0.3180520218951264
CELA2B,-0.8169938349000703
ARHGEF17,-0.1725341724140515
TMEM184B,3.246476238347444
CLPSL1,0.5799606951695493
SOX18,-0.7147713304616646
FARP1,0.25048515331863175
GPX7,0.32163373872006845
RETN,0.24619358910729006
KIRREL1,-0.20163117193710028
MXRA7,0.5268524789744957
ERG,-0.570584192655865
NDUFA4L2,0.07575869600684638
SPON2,-0.017211978443329657
SHOX2,-0.5881693653449866
ITLN2,-0.5240017463613813
EVA1B,0.9126066407523874
FNDC1,-0.07626856124104642
TSC22D3,0.6629184421802087
LPP,-0.05657209872520789
C1QB,1.0515834305439982
STBD1,1.0496311526874935
VGLL3,-0.5189438971248599
SOX4,-0.27537631899948883
ARAP3,-0.5354440075492344
DCBLD1,0.7315560786397367
SLC16A2,-0.7595261896972817
FKBP10,0.36711877408901616
PLVAP,-0.0635479809329761
UNC5B,-0.5969512078806465
RASIP1,-0.3261214127945944
UAP1L1,4.609791664911384
RARRES2,0.1396683916480503
CDH6,-0.9004009202162577
MYO10,2.9745804566634937
MID1,0.43747442088749894
FGL1,-0.6028507436926389
SLCO2A1,-0.6388045583651281
RAB34,1.054925781462861
AOC3,-0.22066711592229385
CCDC102B,-0.19592450470147996
NDST1,2.332425844906304
BMP3,-1.1632649477502066
HYAL2,1.4032051317016623
CCDC80,0.12231829040080253
ROBO4,-0.9672359735424625
EGFL7,0.07988747722487144
TBC1D1,-0.5008598688264366
SGCE,0.7076912861229296
ID3,-0.09660395586504145
GJD3,-0.4823102203941216
MSC,-0.22854869823427865
SERPINA6,-0.418222011602624
VWA1,0.2769518836139859
GLIPR2,4.327001567273447
PTPRG,-0.3668739570891376
CSRP2,-0.07144062069102805
ADAMTS9,-0.8927369510682441
C1QA,0.10053926169301272
SAA4,-1.0738117054679035
PCDH12,-0.5490328858163349
SVIL,-0.19260667518734687
CDR2L,-0.5067869615770849
INHBB,-0.4075293894438586
SPESP1,-0.6261046056328584
APOLD1,0.03061057257497223
CYBRD1,0.7834428239092938
COCH,1.9000892694269935
LIPG,0.11510272883559078
MYCT1,-0.4538595256141939
GASK1B,0.754402409309902
NXN,0.15340209877018623
IKBIP,0.3527540967466648
HEPH,-0.393853098867239
TINAG,-0.3781831426246009
OR8J3,-1.1174378726063536
OR4C15,-1.1524677766634235
STK10,1.8333893660698535
TYROBP,0.9024777943932274
ZDHHC12,0.4233583670054312
GMIP,0.19456709150445828
CDA,0.12124694881819789
NPL,1.8723729037435766
PRR13,2.322278113272112
TNFSF13,2.0518625545352984
MGST2,1.6652660245437105
EDC3,-0.4847218884052494
TMEM127,3.1693212135608286
GLMP,3.8837578491232723
HOXB6,-0.7687553612676982
FTL,2.544734545910796
SDF2,3.226929205328794
BCL2A1,0.05500550724485568
FRAT1,0.31676878769212424
ATXN7,-0.5162658041636206
SMAD9,-0.6775450239996614
OTUD5,0.08833556269303154
NADSYN1,0.46043923704093503
GFI1B,-0.6235541572111163
SHISA5,1.1680631894646751
STN1,0.5728458396946544
N4BP1,0.3381323373093524
MS4A6A,1.3488277923383853
ABR,0.12286460242901807
ARSA,8.703820952393974
SIDT2,2.995641791456986
MAN1B1,2.048902300863114
HPS1,3.0267633618587335
VSIR,0.6187187817789842
PLBD1,3.059684913446165
TMUB2,1.2931377314086523
ADAMTSL1,-0.49649561089241157
TADA2A,2.2662319149482486
TNFSF12,1.0120776633342528
TREM2,0.7050299542310118
TXNIP,2.032121419799147
PPDPF,0.34372825981639143
ADAP2,0.5615635247891173
NAGLU,3.4410376762566144
BTD,3.0938365169992315
MFSD10,0.4124116623720597
IFI6,1.4097535499638079
HS1BP3,1.4837510272366694
ACP5,2.539755894029411
BMT2,1.1934876994434405
LOC100653049,-0.8334525890036104
CYBB,0.14280025315405617
IFI27,0.34152598279693946
RNPEPL1,2.4730601035695954
CCDC92,1.3254303312096218
C11orf68,0.6400509976945828
TRPV2,0.585321600138045
FAM131C,0.2601539041705808
KRTAP1-5,-0.5106835448108752
CTSF,1.524918325887826
TRPM4,0.041555781193703616
SECTM1,0.568903068582205
MAFB,2.3409561654231976
PRKAB2,-0.29772802209028415
BST2,1.3871965629844392
LGMN,3.6783020564519298
LAMTOR1,0.348154336561411
SRGN,1.8911518035957353
GMFG,1.2777425259058472
WBP1L,2.2616988210744298
SLPI,-0.23732307025020286
KRTAP11-1,-0.04598581086771922
PLAAT4,1.108076145057884
STX10,0.2841069357442062
KRTAP15-1,-0.06804047927398037
MICU1,0.5991139233878455
CALCOCO1,1.849800302848533
ZFP41,0.07322027663272318
ZDHHC24,6.557436247173002
ANO10,0.7351422318313738
CPNE2,-0.9457104014470732
MAN2B2,4.546541070232836
S100A13,3.4359288039090554
LYZ,1.722765770619375
TTYH3,0.49677842922223797
IFI35,1.2664925992288567
OAS1,0.17152594480429117
MAGED2,2.199649463999444
CCDC69,0.6741712721246467
TMEM115,0.39375866039654295
GNPTG,1.9828843541846968
FLYWCH2,0.17202482522938944
DLX2,-0.8848392418638946
FAM102A,0.7140694190713516
APH1B,0.06858160919489055
FAM207A,-0.16767381048373953
BSCL2,0.7462927074711291
ABCG1,4.312048574056901
AC113554.2,-0.17299715812261857
RETSAT,2.3981957530648317
SIL1,2.623292025280943
TOR4A,0.6410436508020346
INAVA,-0.43179860831550915
PYCARD,1.6921986334523553
LRP10,2.784188539771314
ULK1,-0.16649454445922002
MCOLN1,6.52148657483955
SULT1B1,-0.39012866908208305
CHSY3,0.39657937775123725
SBF1,0.016234358853154496
NDST2,0.9966760902673781
NDST4,-0.16316828857162985
SULT1E1,-0.15870093238218852
SULT1C3,0.27042819072430085
NFATC4,-0.40704350607976036
SULT1C4,-0.0553921857984307
CHST6,0.4125819314802766
HS3ST3B1,-0.10003746724546246
VSNL1,-1.0879359833827236
CHST5,0.11385544928759998
SULT6B1,-0.022667321917159703
SCRG1,-0.7127181993262303
DIP2C,-0.2760277577800877
SULT1A1,0.36295048295429494
BPNT1,0.6422180815414824
HS3ST6,0.0938419664992418
HS3ST4,0.1606653072737689
HS3ST1,0.06712440370393069
HS3ST3A1,0.02637045181919797
SULT2A1,-0.38038453570729613
IFNAR2,-0.1040426364477187
ZBTB32,-0.6114416850094326
GAL3ST1,3.972021264272852
ADAM19,-0.2034671061092565
GAL3ST3,0.4138491603454069
GAL3ST4,0.5993094984168701
GCNT1,2.4482950936062546
CFAP74,-1.5024651953657844
REG4,-1.3166898579621198
CLRN3,-0.06583699556969143
TMEM125,0.04590682919492576
ZG16,-0.5939685602637387
ADTRP,-1.3533186439636553
ATAT1,-0.25296714528600733
GSTM2,0.30961957689860353
SLC28A3,-1.0504051022725263
PCDH11X,-1.0683129511886844
MUC1,1.713747950898556
MUC7,0.42552624211037804
MUC19,0.4500085521787496
MUC17,0.11991771634430176
MUC16,0.06599412099378231
MUC15,0.39216622540813995
MUC13,0.04484810537865533
MUC12,0.45052697539295644
LECT2,-1.0237959833088148
GPR15,-1.3006715408081242
CDH10,-1.3865243353571453
KYAT1,-0.2198285376134036
GJA5,-0.9425055846080364
SLC17A4,-1.1626367645794395
F9,-0.8392490630985653
TEX13B,-1.3035287262972262
TM4SF4,-0.9752110663330722
SLC45A2,-0.3114026287991254
TRIM15,-0.7941881760942815
USP29,-0.6431631102066888
LBP,-0.5875253772939524
B3GNT3,0.37991923021322505
IQCA1,-1.236960421528586
EPS8L3,-0.7086770439176717
PROZ,-0.8787119604623325
GJD2,-1.395712727787705
NHLH2,-1.5521105184041166
CA5A,-1.0571360278429838
ASCL3,-2.2598129118286674
MUCL1,0.3981744127936654
MUC3A,0.4999400009999796
MUC3B,0.589082151508945
WDR78,-1.7161599469580537
NECTIN4,1.6914660336646412
CDY1,-1.2674790583974986
CIDEC,-0.6817657267478286
PFKFB1,-0.3662364540096023
MMP8,-0.11207643363827934
DEFB126,-1.1421495478462962
KRT37,-1.2347724392528594
IL21,-0.5278968331496874
CNGB3,-1.1989087084616312
GP5,-1.190397755889595
MASP2,-0.9735662135187413
PAX4,-1.160550619656367
PCDHGA9,-0.92517125343143
PKNOX2,-1.405045671256548
YY2,-1.364739183870989
SLC10A1,-1.104613883585479
IL19,-0.23514866110772323
NEUROD4,-1.2129539005330205
LENEP,-1.432852265003774
IL1RAPL1,-1.1794977099896138
DCPS,-0.08706775779696249
GCNT3,0.32803249767340015
HAVCR1,-1.026403289585508
MUC20,0.27220076494912937
MUC21,0.46436319186175135
C6orf15,-0.5746398579855063
CELA3A,-0.8976930029522969
OR1A2,-1.7402633910371796
FOXK1,-0.944214437772136
TRIM31,-1.2094328384325028
SPRR1A,-0.707656208263575
PLAC1,-1.4156806184358641
IL22RA1,-0.41247068709872975
MUC5B,-0.0019745052675102927
PROX1,-0.8145829915422789
TMPRSS5,-1.0275392033975974
ARMC4,-1.5884733418046302
SIGLEC6,-1.4636449528489524
GALNT10,0.6069641600938728
ALG9,1.0220341101522123
B3GNT7,0.49791420724835456
DNAJC18,-0.6602111769977406
ST3GAL3,0.9930843599598853
GLB1L2,2.152191787253722
CD226,-0.6318924972511977
CDC42SE1,0.13801000695501967
CRTAM,-0.33019309000612246
CSF3R,0.014989453517663022
MS4A4A,2.02808194650654
MAF,1.428232756387999
LILRB3,0.4707005624340077
LILRB2,0.2387412904817408
LILRB1,0.3098588718527057
CCL22,-0.34829460103950893
GZMB,-0.21544517903741264
GZMH,-0.35396225501916284
SIRPB1,-0.377931354595407
TNFRSF10C,-0.2109172516394186
CLEC5A,0.33359370685898615
IGSF6,0.09776551587732725
IL3RA,-0.19497711926692537
PRAM1,0.009008853979544868
LSP1,0.47799329984255373
MPO,2.6676483063281284
IRF9,1.5324115003066512
LILRA6,0.34145647620204983
CFP,-0.2859507462415171
FCGR1A,-0.27583018470816106
GNLY,1.772289419765601
HLA-DRB5,0.21122739366912047
CD300C,2.5922668900772226
CD300A,0.1761274709849946
CLEC10A,0.20671768534626533
CD300LF,0.25399282065663864
SH3BP2,-0.02849844321722961
APOBR,0.4063208272156303
TNFSF8,-0.5842023346250349
SLAMF8,0.3826438160371859
SLAMF7,0.020628654900744982
ALOX15,-0.5234841443151724
IL18RAP,-0.31694791422022583
LILRB4,0.3352952041863127
PDCD1LG2,-0.13621153093753663
AIM2,-0.3936126789850268
LILRA2,0.4845920401871718
CLEC4A,0.1331456682973856
CMKLR1,-0.03231874905894599
PLA2G7,0.5914469593614764
CTSW,0.24531616264313447
FCER2,-0.4438728661865229
CSF2RB,-0.06644018395442723
FCN1,0.27548167698684123
LAIR1,0.24751603965875985
ARHGAP9,-0.34219512179015754
CLEC7A,0.0663686992851652
NFE2,0.3276730355793134
HLA-DQB2,-0.031066682171867824
CTLA4,-0.4168568890789212
SLCO2B1,0.5332203945514112
MYO1F,0.23510969726445682
CD8B,-0.36315962923166195
HLA-DOB,-0.31066841941175516
ADGRE1,-0.02455857262049596
ADGRE2,0.257555512429233
RGS1,-0.07043704412653373
S100A12,0.09636940287636177
DPEP2,2.8270109397096745
TFEC,0.37841718510280625
CIITA,-0.6507038946920878
BEST1,-0.2838359582671085
NCF1,0.17591259747260982
TNFAIP8L2,0.3192118586703738
ICOS,-0.49687333383320526
RIN2,2.0777192830961244
CLEC4E,-0.05849563670870275
C1QC,0.1866196037550597
DOK2,-0.04371051469526793
IL18R1,-0.04749040547990613
ABHD6,-0.042957431617469934
PARS2,-0.0093430183703281
ABHD12,0.5939420634371755
DHTKD1,4.051101683281313
ARL2BP,0.6146854315105991
MALSU1,-0.588495447040479
SPG21,-0.37981324131908645
ABHD8,0.01831729931819504
EPHX2,0.11140054252453895
ABHD5,0.4406884946735775
INPP5K,-0.15099297630120628
SERHL2,-0.22689225197821083
ZADH2,0.8844519308241054
ABHD12B,0.10152260160460781
NFS1,-0.15692795245863703
ANKRD52,-0.7188739189122083
HIBADH,0.6823643531323899
LDAH,0.08002301639056504
CHCHD4,-0.5295054612615065
RTN4IP1,-0.25070490053143885
ENOSF1,-0.027224718306343012
CISD3,-0.0409017788028498
IMMP1L,-0.8043608623247274
UQCC1,-0.19981770535195614
EPDR1,0.14470483777978366
EPHX4,0.16138486290056694
NDUFAF7,0.08307590540153188
OXSM,-0.20388135902044605
HACL1,-0.0692808062087662
ABHD16B,0.22609404600917177
ABHD16A,0.3694439401321992
PDSS2,0.40929002824490474
TRIM68,-0.354182155173375
BPHL,0.5232918788386031
NIPSNAP1,0.24165092660640186
GON7,-0.08989239031218356
CCNB1IP1,-0.10353686853889733
HDHD2,0.07308069565762741
MGLL,0.4501577430178079
C20orf194,-0.0696981911596631
MAGEF1,1.5361749412493413
HSD17B8,0.40334370510918033
MCEE,0.4214810095975736
EFCAB7,-1.0703880037133071
ARMCX5,-0.6791072427716732
OSGEPL1,-0.5629449345109623
ANK3,-0.6774720352400798
COQ5,-0.373071104252302
COQ7,-0.12806925094338825
COQ3,-0.42384297494040357
OR8J1,-1.1397921302657668
OR10K2,-1.1313590190358374
OR8K1,-1.1399942234904543
OR5B17,-1.26649696025816
OR6C3,-1.1391708120001343
OR6C1,-1.2472864499212968
OR5T3,-1.3332840590077246
OR4X1,-1.2684017910464933
GSC,-0.8467515554187452
IL12RB2,-0.05799492016320966
ZYG11B,0.7002045165991574
DPRX,-0.3996902188660598
FAM129A,0.16850291441311102
CTBP2,-1.0222708503992526
PRRX2,-0.8176831731996724
NOBOX,-1.508966991184027
HESX1,-0.7046552688845129
VENTX,1.9249540244731869
MNX1,-1.0551718505288932
DLX3,-1.2987778964086967
ANHX,-0.6065146981226508
ISX,-0.6587550212050065
TLE2,-0.6553819675698437
SCAF4,-0.5573674076872694
IL12A,-0.38379664501405686
DMBX1,-0.637127838941894
UNCX,-1.1431575056575252
ALX4,-1.3653266393447714
PELO,-0.44521427035151134
RAX2,-0.5039110862662316
CDC42EP2,-0.16365120348412912
DRGX,-1.0902741248528658
OTP,-1.1381042889378732
COX7B,-0.11332136420184509
MT-CO2,-0.06717178992784377
NDUFB2,0.09633755961451276
NDUFB11,0.027123006529203495
NDUFB7,0.02046811593066675
NDUFA11,-0.25884720506849135
COX6A1,-0.044370341033474314
COX6B2,-1.0386340877514617
COX7B2,-0.8362548655943463
SURF1,0.34078986976809544
COX14,0.13728480893006925
COX16,-0.22344356473116322
MRPS36,-0.4044233609769861
NDUFA3,0.4472386978573564
NDUFA1,1.2955822630881118
IDH3G,0.33764303479740637
CCDC151,0.46501552159317605
COLEC11,-0.5726448995807397
CBWD1,-0.42567431925395777
SYT16,-0.305453412187075
WDYHV1,-0.7343011379669363
PLGRKT,0.3335015456374975
MCUR1,0.5039145289345919
CCDC120,-0.49184339910388053
DIABLO,0.19871542800891387
TICAM2,0.485755632881599
LHX8,-1.2673523030701597
IRX5,-0.08974317134047184
IRX4,-1.1414746636569846
BANK1,-0.33790220155294964
IRX3,-1.004546063486762
TCF15,-1.1533584106471046
HHIP,-1.0049203213854883
TNFSF11,-0.4098564374268322
PPP1R1B,-0.998402721803241
SOX17,-1.1714089714538949
ZIC2,-1.2236650746371167
B3GLCT,0.7924593487086361
FOXJ1,-1.3202591297235788
HES5,-0.7506757393586445
SESN3,-0.8193273821443801
RGMB,-0.5182393271169785
RGMA,-0.6607476609548947
STRIP2,-0.6589057261617092
PPFIA4,-0.8367588150846713
TWIST2,-0.5582462297133292
SULF2,4.413474057422126
VWCE,-0.0922603804008167
PRSS12,0.12589603457931517
NRTN,-0.7827022607538796
GDF7,-0.8824329101609146
SIX1,-0.7346011750215004
KIRREL3,-0.4569795870835582
CDON,-1.1644213892541393
FIG4,0.4129177608174622
C1orf56,-0.4969849828201579
LY75,0.17156043920578648
NXPH2,-0.8073132566598485
SHISA9,-1.1658230136393086
WNT3A,-0.6088194683896828
MESP1,-1.0580397072842989
HJV,0.1303738630896387
ACVR2B,-0.7481978476140395
DLL1,-0.7836710828740431
SATB2,-1.2230089329426341
BMPER,-0.6836190772965937
SPTSSB,-0.40315443381592053
GREM1,-0.4268202464342138
APCDD1,-0.1235722170152657
INHBE,-0.9037844861318568
BMP8A,-0.7386520984305004
BMP8B,-0.7957048009336074
GLB1L3,3.4988051668881277
PCYT1B,-0.06985702707565423
FREM1,-0.7415066736854662
NPTX2,-0.8199076946412528
TMEM71,-0.12293547981884369
TSHZ1,-0.4848087385832163
PAX1,-1.4848756101028595
IMPG1,-0.7598238894638912
SIX6,-1.2056297702854453
MEOX1,-0.776661997179423
THSD7A,-0.7721778743968366
SLC35D3,0.5333944794362968
S100B,1.7576128902331867
GDF6,-0.844260848628185
ZFP42,-1.0982019967717191
PCP4L1,-0.8621528025861017
WNT2B,-1.134806182313147
CRIM1,-0.20923600620394214
FXYD5,0.525935789104273
DELE1,0.3052694102511431
BOC,-0.18039374723303925
NKX2-5,-1.187790310309063
WNT8A,-0.8747512925695592
BMP6,-0.5418927354485001
BARHL1,-0.5970420894766548
ZKSCAN5,-0.947046966137847
SLAIN1,-1.2607972868823463
AMH,-0.4470970694567811
CYGB,-0.22339822572681417
PRSS35,0.2076996046132244
DLX6,-1.275976074893231
DLX1,-0.9931998072199001
SH2D5,0.0109484012468011
LMX1A,-1.17065435928085
HENMT1,-0.5344928643829877
IL17RD,0.5001571179397994
SOST,0.0033288535307792124
SOSTDC1,-0.4829491348017585
HEY2,-0.7060852128848267
FOXG1,-1.2187923135474203
PIFO,-1.0662037877400998
LATS2,-0.7104707785764568
FIBIN,-0.1874792070700506
GLI2,-1.1921818863754765
DGKE,0.08548596303435692
C1QTNF4,0.05713446784046599
VAV3,1.4943298458152086
MBOAT4,0.3222862561465644
SPART,0.8147604643498088
LRP12,0.3447357783566654
ARRDC3,0.13378798916022666
AL591806.3,-0.13700702107382748
SNX7,3.869192327966252
SHB,2.803622138337987
AZGP1,-0.27665928939893275
ONECUT1,-0.8796277519490854
DNAJB4,1.2139473770512699
ST3GAL1,2.7577334023328754
SLC25A24,0.6540139145185304
TAGAP,-0.3232871146021088
KRT3,-0.7123467976381561
OLR1,0.3218877604363793
NHLRC3,0.18712935920688295
F11R,0.11060905085215325
KDSR,0.773628212339024
ERLEC1,2.945800951290411
LYZL2,1.439846122086589
TBC1D12,0.38985322682864443
GRAMD2B,0.6927904400850095
DSPP,-0.9719979518672572
BLOC1S1,0.539508470212544
COMMD6,0.23152582053418472
MT-ATP8,-0.32662797873247734
SELENOW,0.5970671779277267
MPC1,0.5516107872006978
NDUFA10,0.2526614411232475
DMAC1,-0.2153782623224358
HIGD2A,0.2956569811993542
AL133352.1,-0.03944753524327918
NUDT2,0.08850804744489557
MAGEA2B,-1.041874042567289
TOMM7,0.13735195566269326
TOMM5,-0.47638727456736923
MRPL20,-0.4323295349027347
TRIAP1,-0.19475928680209223
PNPLA4,0.9009321991066589
ARV1,0.7359363690140555
GNAS,-0.7304242036079664
AAMDC,0.893056147204968
ANAPC16,-0.4544658485755815
SPAG7,-0.09887503449227439
GRHPR,0.4430349595731502
ECI1,0.21867573781635063
SMIM7,0.5568394772011065
C15orf48,0.1896279627770974
BAG4,-0.5483615245872404
LETM2,-0.1365620563938882
PLPPR2,2.2334384430671435
TMEM54,-0.11088744530283672
PLPP5,0.707751838620273
ZNF518B,-1.1816992361501772
ZNF521,-0.8836866340077731
FAM170A,-1.158838494258348
VSX2,-0.9033954538838801
SEMA4D,-0.08103390314023329
POU2AF1,-0.5495706954164539
CCND3,0.14469430569953082
CLEC2D,0.22845906228999605
CD1B,0.3098087545460096
VPREB3,-0.8045051965940088
NKG7,-0.10008760002411965
GZMM,-0.16450208353539728
ZNF831,-0.6606761079593598
APOBEC3G,-0.1586990260121409
APOL6,-0.009717857599091667
APOL3,0.1422213244412579
APOL1,0.31258300266157446
IFI44,-0.020475422913663405
SYTL1,0.042925793239692506
CHI3L2,3.3538029109250966
NFATC2,2.3334015661181575
G0S2,0.18545684433503634
IRF7,-0.08816826991258073
CD96,-0.1216370119088587
TMC8,-0.11066055368575742
SCML4,-0.6829474509977128
ARHGAP30,0.3051086202380052
CPPED1,3.9751344113623257
ZNF276,0.1283686032584021
APBB1IP,-0.12351320490326802
AKNA,0.1312487750647877
SKAP1,-0.6575366196814141
HELB,-0.5221940919357927
ZBP1,-0.3521863543704909
MZB1,0.20699050565083424
MICB,0.049398833053533035
LAX1,-0.6631916115708245
GIMAP7,-0.16399286151227088
IDO1,-0.07781190418200287
TMEM156,-0.12429333185224228
NLRC5,-0.19651961958030206
MOB3A,0.10533089209874408
ZNF862,-0.6110924368827663
CCDC88C,-0.2258484901006735
TLR6,-0.5618127391304968
BATF,2.9168545977262377
PREX1,-0.392989291723753
BTN3A2,0.14265386392329363
UNC13D,0.5170762556780779
SIT1,-0.6648051018323802
CCL17,-0.05622071612814199
RGS19,0.08789754772281944
OXNAD1,-0.466723106077734
UBASH3A,-0.5146504007323148
RASA3,-0.1220130747302101
IL27RA,-0.10215757313976688
PVRIG,0.010931594613253924
C4A,-0.09563948933078836
PIK3AP1,-0.22976232696419954
AHSP,-0.9041844571985437
PGLYRP1,-0.8997446804450859
HVCN1,-0.34741979292862096
GYPA,-0.7415813235691979
LPA,-0.6580024387281946
CCL3,0.007089283838729096
VSIG4,0.33805579233403993
LAMP3,-0.07281782802910607
TM6SF1,0.9576166477069326
CHAMP1,-0.21047775946996408
PADI4,0.06464879337889166
CIDEB,0.23207889861846592
CRLF2,-0.8759358880673969
NAALADL2,0.530922729608013
FCAR,-0.11582375217524483
IL5,-0.5714638269835758
C1S,0.12369425885145971
HLA-DQA2,0.5020977619741094
AC018755.2,-0.23191322732572375
MPEG1,0.4066037415500724
IL1R2,-0.2042136409232032
MPL,-0.4354761684077547
FCER1A,-0.24457892628775765
SNAP91,-0.8024891692431706
CHN2,3.3059513881611275
NFE2L3,0.198523885356422
GSTA3,-0.3296280765869857
PTPRN2,-0.8845511654034858
BACH2,-0.46555148855918055
FAM30A,-0.46443908634777575
MAN1C1,0.2642235017844011
BATF2,-0.06179734329300793
BEND5,-0.6557129163793206
SALL2,-1.002877282222794
NDP,-0.7991008527433705
JDP2,0.29518254733241045
HNF4G,-0.6478256444292789
NR1D1,0.38752933382576693
PPL,-0.39611830806751447
PIK3C2G,-0.7474013165915573
KCNMB1,-0.6478324935827146
GREM2,-0.7613162993563471
CCN5,-0.331073025846564
OTOGL,-0.5343841467676983
CGB5,0.5486939707792939
CGB7,-0.9773215226722222
CGB3,-0.13034568619588877
PDE1A,-0.5636317973027294
GPHA2,0.37011124385179867
IGFBPL1,-0.07162136883878675
PTPRR,-0.9365676991830786
TCFL5,-0.1030423074691606
TXNDC17,-0.09334604389287567
ZDHHC11,-0.4234380705751681
SLC27A2,1.6894940678827974
RUBCN,-0.3936027117632273
ACVR1C,-0.54232071469202
GDF11,-0.7218821012789813
ERVV-1,-1.377508157048195
CAMSAP1,-0.5610666115274014
NPHP1,-0.7612710027238692
BARX2,-0.8155235771656032
MAB21L1,-0.5211654269924653
GJB6,-0.6392047532846347
TOB2,-0.5899997326815645
CRISPLD1,-0.16221410045223048
LEFTY2,-1.0544423046527147
ARID1B,-0.6872885064785407
HEYL,-1.2273496853730521
FOXE1,-1.239042032470369
MTMR11,0.29835415657405506
ZNF8,-0.7862391775578362
DHH,-0.6775855941053442
INHBC,-0.9995002190793247
ZSCAN4,-0.6776777283052294
PNPLA2,0.14294134140405867
MSTN,-0.9273314946832646
TBX6,-1.3521286542760862
CPXM2,-0.45288344996049473
VCPIP1,-0.3785335547290015
EXPH5,-0.6495535564702508
MCM3AP,-0.383169982350576
GDF3,-1.1602234391839323
GDF2,-1.0047144249529742
GDF1,-0.5655179702564912
EYA2,-0.8892313445055335
CSH2,-0.9050119484575346
CSH1,-0.702684151074018
BMP15,-0.9565144488048403
RCOR2,-1.1769298305769917
BCAS4,0.09041371982191543
RERE,-0.30496744991433794
DNTTIP1,-0.7330103023916225
PHF12,-0.8540470991473746
ELMSAN1,-1.1078256596346423
MTA2,-1.0788717561336973
MTA3,-1.039409609138759
MIER3,-0.8736354005768079
MIER2,-0.5295010982154916
ZNF827,-1.0139133243599254
GATAD2B,-1.0851636813365249
LRATD2,1.49432036164207
PARP16,-0.08325834619009147
RPS6KA2,-0.6352021888538062
OLIG1,-0.2504048570521849
AGGF1,-0.4607927312954305
TSTD2,-0.6782632168643806
SOCS6,-0.4167990671057351
TRIM35,-0.9520784655694207
TGFBRAP1,-0.2089531111877458
PIAS4,-0.4486458296091141
TDGF1,0.8319797329273836
VPS13D,-0.2204629254994717
ZSCAN10,-1.2704863844701646
NUAK2,-0.511663581822458
GLMN,-0.5185175969263582
MEX3B,-0.05553523160291476
MAP3K13,-0.3295511646597761
SKOR2,-1.0226195039784192
EPC1,-0.9875651822436924
MSANTD3,0.7059696742500678
THRSP,-0.22614940622439356
PKNOX1,-0.9636445678569125
GPALPP1,-0.6015883096130058
SALL4,-1.0890690651038726
IL23R,0.040010120299567825
ELOVL5,0.5098301989903644
CWF19L2,-0.36917677965860834
GTDC1,0.7428944744891884
METTL4,-0.7496976299845615
NKX3-2,-1.3818746760754552
DNMT3L,-0.9472008013004636
MYZAP,-0.1978253497840376
STIM2,6.879725501676677
E2F5,-0.7315065561197569
EID2,3.3703874129075726
GREB1,-0.4661528045791384
PARD3B,-1.2400835062326678
IL24,-0.06415771176423507
CBFA2T3,-0.589889716664218
BCL9,-1.5081897450495125
STK11IP,0.19728251488062307
TENM3,0.7468522289075455
KDM6B,-0.5457480916137104
GOPC,-0.45292362516567625
RASA4,0.3275628630507318
TIAF1,-0.30209014145775226
WDR35,-0.5486647630717163
TCTA,3.766610247677826
C11orf54,0.6593425436464272
NELFCD,-0.5362948776693169
PYGO1,-1.2486912701847916
PYGO2,-0.8592136442999542
TGIF2,-0.9650669253563162
ZNF652,-0.7251466440520775
USB1,0.08055405828085489
HEMGN,-0.7637310369299296
STK35,-0.5461080946729278
ZBED5,-0.9161503983551995
CRYAB,-0.27606551832394965
CFC1,-0.8375271885582777
ALDOC,0.23951401078671264
DCP1A,-0.4645592894007951
RAB3B,-0.2948729459908776
TBX20,-0.9188295821699978
ZMYM5,-0.3298011576996519
FAM169A,2.48812561649761
PUS7L,-0.47238546454396446
DLG5,2.2514902649980737
PLEKHO1,-0.12752968926384015
PCYOX1,0.8752780410824025
ZBTB8A,-1.098101691501547
TBX19,-0.6552018798827635
VGLL4,0.21203680117075846
SOX7,-0.8299047289135453
POU6F2,-1.4120332581719075
CSPP1,-1.1541448583510001
LSR,0.16689582372904363
KMT2C,-0.5817935745659539
IPPK,0.011082285535831144
ZKSCAN1,-0.5828068808287377
RFXAP,-0.4973133324029954
HOXA13,-1.0364129450347446
BTG3,3.2373197945081587
HOXB8,-1.1234410056391029
RPS6KA5,-0.6460776594804477
CLIC3,-0.2799594194149474
BARX1,-1.2398256726387284
HAND2,-1.283705597732267
RNF165,-0.15477801924297938
TNS3,3.559262959178111
TFAP2B,-0.5902721094591987
LOC102724428,-1.205110229655191
PEX6,0.7449506895553776
TAB3,0.19796921588648628
ZMYM1,-0.7006234553010477
DIPK2A,-0.04636964145294333
SLC39A5,0.7115532006728735
HERPUD1,3.1436155128781884
CWH43,-0.47012296182790647
ZCCHC12,0.04978329708206749
KCNQ5,-0.8848356312458937
SLC39A9,0.7733003702962822
ZDHHC3,0.6535564688320338
VPS18,-0.22835278767183867
IRF2BP1,-0.2072781555114588
UNC5D,-0.8578218086366509
POLR2J2,-0.6070051785377892
FHL5,-1.0796191723691095
CTDSP1,0.3286605740807113
MAST4,-0.5192583780851928
GMEB1,-0.5457638057483892
VEPH1,0.9856796576544928
NEK11,-1.2678815839249515
UBXN1,-0.04046037567107024
BTBD2,-0.00055603195946609
PPP2R2D,-0.6492816353953742
MCF2L,-0.5604482409500262
BEX3,4.120684618740013
RGCC,0.21359982997805158
MTMR1,-0.4058222564944228
GFER,-0.11555761234109406
MYOCD,-1.1382603943945695
SEMA6A,-0.5668829104545411
TPGS2,-0.4581295288340909
SH2D2A,-0.4776153203314325
C22orf46,-0.8297891755441527
FAM161B,-1.0940557289167023
RNPC3,-0.6011457846478061
FAM83G,-0.5266761354320947
GRIPAP1,-0.7549020149116389
C1orf116,-0.770560928851982
ARSJ,5.41714677146106
DPP10,-0.797012298454191
CCDC25,-0.30411394895398103
HSD17B3,-0.10099349674809237
TRIM62,-1.0566847913816217
TCEAL6,2.125960078800784
MKS1,-0.44572268220748984
CORO2A,-0.5603996264133781
PBDC1,-0.44526418497516207
COMMD10,0.3972637078209986
LDLRAD4,-0.45887718453634857
PTMS,-0.07619168743492208
PREX2,-1.1901162074219653
TAF3,-0.8241120800862969
ZCCHC14,-0.45528589910952844
MMP13,-0.11719511476880853
IQSEC2,1.4357096220496717
ZDHHC4,2.7975332121539074
EBI3,-0.17901509515129305
ST6GALNAC2,-0.18512644206315823
IL37,0.6303982572815569
RNASE12,0.512791450053914
DHRS3,2.3147082648582957
POU5F1B,-2.2680596727027997
UBL4A,0.18784072651810296
DYNLRB2,-0.5932143280965292
GAS2L1,0.5058978243274114
RSPH3,-0.9135817709358454
TNFRSF19,0.126457191904136
TEKT4,-0.804476157418309
R3HDML,0.4539475950582085
TRANK1,0.008463948770724107
C15orf39,-0.12545029080307504
KIAA1522,-0.37674305522763923
BCL9L,-0.3001792998937652
APMAP,3.9719698998488893
CFDP1,-0.9761764687729981
IL36RN,-0.632261636842283
IP6K3,0.32559876284296174
NOX4,0.05439976223346484
MN1,-0.5943389204936906
TTC9,-0.3896551916808529
KDM5C,-0.8020674959237314
HOXA10,-0.9082684934944695
PPP1R12C,-0.8418323391231198
PDZRN3,-0.28920986173701374
SLC9A3R2,2.0574118699088895
TBC1D10A,-0.04685280133394446
SLX1B,-0.45624471919647236
SLX4IP,0.4821690416546226
EME2,-0.8811530427030717
XRCC1,-0.011993078753421687
ZNF500,-0.7876759343767545
SLX1A,-0.4606276770268891
CARS2,0.19366868548768656
CCDC130,-0.1491171708935624
FANCE,-0.5797056039845704
FANCB,-0.33159640758996656
FANCM,-0.7769011078416959
APBA3,-0.13860523233395797
GEN1,-0.9031385996690182
ZNF202,-1.1279659393154273
DCLRE1B,-0.6213447336729613
FAAP20,-0.6898551993097986
ZNF692,-0.6070227205007787
ATG4B,0.04351682030852236
METTL21A,0.23865661534150417
WDR73,-0.5989984035949106
PCSK9,0.9123891850462926
MECR,0.060311642851020926
NRARP,-0.7517674123742559
AP1M2,0.0927622835929914
KIAA0319,-0.30016894628891516
DNAJC6,-0.295319510791637
LDLRAP1,-0.19676552956105156
AP1S3,1.0566046540793947
SYT8,-0.39767862564823336
SYT9,-0.2991443849687359
SLC2A8,0.5702649655854949
SYT2,-0.43211069481995945
TBC1D8B,0.3809484527467023
FASTKD5,0.6343505338385295
SYT11,-0.593704263406718
PACSIN1,-0.43388443938775595
FCHO1,-0.44403060973800806
SNX18,-0.1809182963596724
SGIP1,-0.19505441131136728
COQ10B,0.21857874365629273
MCF2L2,-0.5119051092774437
REPS2,-0.14219227652340222
SPATA1,-0.6235243383465748
TGM3,-0.5936052882482988
KLK12,0.03606631184061208
KLK13,-0.8437725902242591
KLK11,-0.3224470484772773
LRFN3,-0.2727037975541122
IL36A,-0.9899889477069043
SLC16A10,0.0971103301261388
DIPK1A,1.132688967820456
UMODL1,-0.020190673432053236
KLK5,3.0996824522886977
FAT2,-0.7547931324012854
PRSS27,0.4953791448870247
TYSND1,-0.09357569628577013
SLC7A2,-0.37214935763761026
SEMA4F,-0.5300805158982242
HPR,-0.4507283285455443
PRSS57,-0.07784039057517174
SERPINB13,-0.49072733060385226
SPRR3,-0.4799750256376523
AC011473.4,0.28516619799864873
SPRR2D,-0.529224395481
IMPG2,-0.6978502348418425
KRT78,-0.8297276475282732
HTRA4,-0.2519540330271881
TMPRSS11A,-0.17952861537361356
TMPRSS11E,-0.41817152903486615
TMPRSS11F,0.149657283109038
SLC39A3,3.0135811851342016
DSG3,-0.8884032945457403
GLTP,0.505434846553813
GALNT11,0.31391391480187397
CAPN14,-0.5845446523024365
RHCG,-0.021891829598227053
A2ML1,0.5819857907224254
DHFR2,1.48112666352508
GRHL3,0.18058355667924103
GALNT12,0.5214788767814355
GJB2,0.0036056784422033045
CNTNAP3B,5.065644633080395
SPINK5,-0.3445381337286018
FAM241B,1.395285398663268
ADGRF1,-0.6521490998853946
TMPRSS4,-0.460485260032803
CRNN,-0.2189905745098707
GBP6,-0.3905896889318378
TMEM51,3.9673085072944687
FAM129B,0.3323698784198716
GPAT4,0.4983326433536259
NBEAL1,-0.1543133652341295
SLC12A7,-0.022248797271680935
SLC12A6,-0.1949477158465741
SLC6A8,0.3092209139413353
ATP6AP1,1.6877271868282409
FLCN,0.047659593469272524
AP4B1,-0.02098652769757447
CASP5,0.08453992802455727
FAF2,2.0086829097790866
USP50,0.16459162182700532
WASHC2C,0.6315669969870399
PACS1,-0.007829135464384242
SEMA4G,-0.6006994635504128
SMR3B,-0.9591211978637685
PRRG2,0.10997307761311603
ACE2,-0.1688053124842552
DUSP21,-1.3047799071523158
BNIPL,-0.15395683394780252
IAPP,-0.5896289481348788
OR2H2,-1.3887776806626293
CLCA4,-0.12374722308104942
SIM2,-0.9357429854074872
GJB5,-0.7834347788336554
CRISP1,2.993123911063331
DCSTAMP,0.4998350824783883
FUT2,0.15747851122134351
GSTA1,-0.43063848175632535
SIX2,-1.2527661614528915
FGFBP1,-0.8631310285032907
KLK4,-0.1632991942882101
RFX3,-1.3129674345233682
SEMA4A,-0.44501488252234733
TMEM40,-0.6927122256432255
LCN15,0.218816127702393
STH,-0.8957135883715128
NUDT7,0.2660006004004818
SERPIND1,-0.6203098661544783
SCEL,-0.36360098487952786
TTC22,-0.6057766785516977
KEL,-0.1901937436709377
DKK4,-0.912990336207905
RNF39,-1.0137030404367282
PRSS8,-0.650437365540796
PADI3,-1.3439401769938397
ENDOU,0.4403334042134271
KRT35,-1.0804767271205882
GPR35,-1.0364535518073585
CLCN5,-0.42336444468643236
PRSS55,-0.6655823391076338
STX2,-0.42597759372726324
IL36G,-0.5565779081823679
ECE2,-0.8172807354671163
KRT33A,-0.7614522938699932
KRTDAP,0.9458722012772669
SPINK7,0.16498604519487667
SERPINI2,-0.5464776247897437
ZCCHC4,-1.8632219942672552
SPAG11B,2.420995798824687
KRT24,-0.13980510262061704
TBXT,-1.0641692273235959
DLK2,-0.06964430733569628
NOX3,-0.3977025575917102
SERPINB10,-0.599881658825518
TMPRSS13,0.21823034001046715
ALOX12,-0.7968777906509454
SPINK6,0.14681490887802373
WSCD2,-1.2116166304680696
CNTNAP4,-1.0168724729662137
ELF5,-0.35268420754055907
TMPRSS2,-0.6733961220416614
LUZP2,-1.7047306064124248
ADAM20,-0.7912036536746516
KRT32,-1.0676254759086883
KLK14,0.29913049120246576
UPK1B,-0.7141911222210009
VSIG10L,0.9776105144539358
FCN3,0.059668931497502686
PRSS42P,0.2450161232978559
OPRPN,-1.2368458426433573
FIBCD1,0.812925963485799
SPRR2B,-0.575371078579688
ZNF750,0.07052761265220879
SERPINA10,-0.655966335671589
CNTNAP3,0.786082170089627
VGLL1,-0.8471960531305672
C10orf99,2.1092852714658887
CELA1,0.7402041954142273
IGFL1,0.5589754463698672
SERPINA5,-0.33992201418030377
ALOX15B,-0.18860143030956728
PRSS45P,0.1838987759943277
KLK15,-0.6145740919588638
PRSS48,0.41875309677957545
PRSS38,-0.25332245985532154
TMPRSS9,-0.22761725461066537
TMPRSS12,-0.5050269748852542
TPSD1,-0.9220592582892683
PRR14L,-0.45126860543363023
TMEM212,-1.2116071414453153
TECPR2,-0.03321044251771627
RLN2,-0.9012072477365303
GPR32,-1.3090125205357501
RXFP1,-1.0863387502729525
GPR25,-1.4903716281872692
ADM2,-0.9022135876331058
RAMP1,-1.06710526127611
PTH2R,-1.0920888005108653
RXFP2,-1.4016830260742026
GPBAR1,-1.0455875911017787
MC3R,-1.3260638592065228
PTENP1,-1.1332767893108924
SLC22A3,0.4801577421153783
GPR176,-1.028372447716653
GPR83,-1.1067290778172054
GPR84,-0.9853974120235348
TAAR6,-1.3772637074325411
TAAR1,-1.1670014218306877
GLP2R,-1.3428863864497935
GIPR,-1.341451354936756
GPR45,-1.3896235718433578
CALCB,-1.1744920247244615
DHRSX,0.13954941204653698
PNPO,0.9693590068207661
SLC29A4,-0.1568599188640897
FCSK,2.821818961331102
ABHD15,0.5251727020118336
TRPT1,0.8217630866956359
SCRN2,1.1198210798230472
MARC2,0.3609979104198266
MXD4,2.160410425841004
DCXR,0.05366832143520728
P4HTM,0.5211439933938685
ZBED3,-0.14640209383250247
DCAKD,0.22839230538898392
NSMCE1,0.11553699725379661
OCEL1,0.9649891934272276
C8orf82,-0.21428697491873372
RAD21L1,-1.3365403502872522
DRICH1,-0.9261216534321389
IZUMO1,-0.07664999114958417
FAM71D,-1.2233726300763477
SPATA46,-1.2585916621326476
ENTHD1,-0.7346470011708283
TEX29,-0.9349654653632598
KRT25,-1.1863209159031507
MCMDC2,-1.2844441145841177
C12orf40,-1.175674977524018
CCDC158,-0.8486405918136741
SAXO1,-0.9947659361137547
KCTD19,-1.2910544333801457
FAM24A,-1.2582446561540528
CAPN11,-1.198493154041251
AL035460.1,-1.1695703161799704
TBC1D21,-0.956932461027455
TEX44,-1.1542346336372344
TSPYL6,-1.1266571731160173
STAG3,-0.7303148239890189
FAM47A,-1.351050491728456
IQCF6,-1.277276407157141
TEX19,-1.56390715709423
TERB1,-1.3347285136335656
SYCE1,-1.1995838486681212
RNF151,-1.2394008692775238
CT47B1,-1.1866525561495986
CCDC36,-1.1269167190740188
CCDC27,-0.7412808409182671
PLAC8L1,-1.3245066889541826
C11orf94,-1.4153581013630232
LCA5L,-1.1710628103974363
IQCF2,-1.2324858618174588
TCP10L,-0.6061266172215856
SCP2D1,-1.2597003457234766
ANKRD60,-1.6518937854645703
DCAF4L2,-1.0202887013810986
BPY2B,-1.0414835678563208
REC8,-0.01921289572490625
FAM228A,-1.2190950121268767
SPATA3,-1.2723541765776316
PRIMPOL,-0.5627933971724998
CCDC15,-0.9249317825440005
FAM161A,-0.668934165874131
FRA10AC1,-0.41775461696029487
CCDC66,-0.7469105897766729
TMEM116,-0.3825930579422087
ABRAXAS1,-0.7583771123989016
SCRN3,0.08734882127840814
ALG10B,0.5937399112479912
DIS3L,-0.46619015293561916
FAM149B1,-0.7869799402868415
TBCK,-0.20759966773482372
ZCCHC9,-0.48475491694697753
COA5,-0.22230017245967215
DUS4L,-0.540276471146764
CNPY4,-1.1368159707829395
ARHGEF18,-0.1072213149216183
SNX5,1.5492934944967136
TRIM56,-0.4904302549725826
MYEF2,-0.9673691604884691
FAM117A,-0.16733740754283757
BTN2A2,-0.03450220663624821
SLC36A3,0.1695378378301302
ZDHHC14,0.29250935003579687
TGM7,-1.337904079957363
TMEM104,1.1638348928680673
ZDHHC18,0.3284054495911265
PIGC,0.42979718589377347
MAFIP,-1.0691833347353896
PMFBP1,-1.2670012078199988
SLC38A11,1.478762734021953
SLC36A1,0.8786301112812477
ODF3,-1.423956043315691
SLC38A4,-0.5766433034963004
SLC38A9,1.130603988326627
SLC38A8,1.8915120339921516
ODF3L2,-1.1574570796412627
ODF4,-0.903921219102701
HSDL1,0.19048042866369874
ICMT,-0.010209534050072846
AQP4,2.555010284959587
ZDHHC9,0.7903219927694838
CCDC114,-1.3856421643303618
C16orf92,-1.3615619045047458
GDPD4,-0.8092775858185705
REEP6,0.012271299253440796
RAP1GDS1,0.18379148771190953
DCDC2,-0.0697092524165857
SPDYE4,-1.4752931111340015
GDPGP1,1.2456006231397332
TRIM49C,-0.7657353525276392
MCM8,-0.8828044006638449
MRPS17,-0.5189909238343077
ZBTB9,-0.897965349569885
SUMO1P1,-0.9620402524801565
MIPOL1,-1.4183174859179548
INCA1,-0.5354561474706837
MASTL,-0.8842578676640563
BCL7A,-0.8297996417887917
GAS8,-0.875823029393996
PRELID1,-0.015526761069741764
CCNJL,0.1379939170594681
CDX4,-1.3724554557503659
CCNJ,-0.9068544384544581
CT45A1,-1.3852042106581208
TMEM97,0.1424063549400443
ESCO1,-0.7736094762713207
SLC47A1,-0.17020069336420127
SLC38A5,0.1976730676847554
SLC38A3,-0.6942961699380488
SLC7A8,-0.13391959750271606
SLC7A3,-0.26072169394666955
SLC3A1,2.129206963999456
ELOVL2,-0.07489839265607781
SLC36A2,0.3718588131037179
ATP5F1EP2,1.6667856739276818
CLTRN,-0.025870302374270068
ELOVL3,0.40057474748671246
SLC7A10,-0.5615949432832527
EXOG,-0.11453169855638712
TNFSF14,0.016828130606972438
ADAT1,-0.6313745892855782
AK9,0.036755249733205826
RIPPLY2,-1.2457665769907507
TUBB7P,0.23637331531023434
HYI,0.9186173333562773
HDHD3,0.25576538079470307
CRELD1,0.7463226694503828
GSTM4,0.10762405504772223
C4BPA,-0.48587508946509084
TMEM222,0.18532157181122733
IDUA,3.849675652151375
TRIM45,-0.42724755108213397
AVPI1,-0.32021426982565626
ECHDC2,0.2116864802436533
MROH2A,0.11463935053492628
ERICH6,-1.0786055934252887
HSF5,-1.0307819146368544
PROCA1,-0.8034317236246126
FAM71A,-1.189174855265059
TXNDC2,-0.39999713572667267
ROPN1B,-0.7567751583456248
TENT5D,-0.9342569304735995
SLC9C2,-0.5310865824018997
C5orf47,-1.1928380758391441
PPP1R36,-0.6764501344572464
SLCO6A1,-0.7874410023323563
TMCO5A,-0.9300549739843457
FANCD2OS,-1.2427696302204687
EXD1,-1.175629246644935
ATXN3L,-1.3129509899763905
CHODL,-1.2465845371793787
TEKT5,-0.9805514876093503
C16orf78,-1.1300174887141041
CCDC54,-0.7795784981258057
CNGA4,-1.3751960222388766
IQCF3,-1.2086934274990713
DMRT1,-1.3544238842921585
UBL4B,-1.2250659289025054
CFAP97D1,-1.0324899472630096
MAGEC1,-1.251135239720998
SLC6A16,-1.149590200809246
SPATA32,-1.08790872628974
AKNAD1,-1.2961658870496682
LYZL1,1.5956446493648564
NUTM1,-1.3506821563913165
NUP210L,-1.0773897947925026
BPIFA3,-0.9484254365640407
BOD1L2,-1.130660502239876
BANF2,-1.1556285661318473
CALR3,-0.8110279996046386
POM121L12,-1.1813153628091997
C1orf100,-1.2421408772059908
TEX36,-1.0881006925539898
CCDC168,-1.174055573176124
MGAT4D,-1.0724529260509665
TMEM31,-0.7921771308923119
H1FNT,-1.0334438351520527
HORMAD2,-1.2163029724003638
CATSPERE,-1.2317131924574278
PLAAT1,-1.170190365814115
FAM9B,-0.9163680597897674
SRRM5,-1.214580026600016
SMKR1,-1.2365419261283015
C3orf22,-1.2600110869739507
CMTM2,-1.0440750149695086
SPATA4,-0.8533116488043917
ERICH5,-0.2021402565778035
IGHV4-34,-0.3236821849205986
IGLV2-8,-0.31105129718132546
IGKV5-2,-0.31135512464208426
IGHG4,-0.3350849908754618
IGHV3-11,-0.3236821849206
IGHV3-13,-0.32368218492059864
IGHG3,-0.3520793824799313
IGKV1D-39,-0.2812622257748257
IGKV1-33,-0.3113551246420843
IGKV3-11,-0.3113551246420843
IGKV3-15,-0.3113551246420829
IGHV3-7,-0.3236821849205985
IGHV2-70,-0.32368218492059714
IGHG2,-0.3310105691768044
IGKV1-5,-0.3354463702126762
IGLV3-21,-0.3147709891608345
IGLV1-47,-0.31105129718132535
IGLV1-40,-0.31105129718132546
ELMO1,-0.3292479672019989
IGKV1-12,-0.3147331370959133
IGLV1-44,-0.31105129718132546
IGKV1-16,-0.31135512464208426
IGKV1-17,-0.3113551246420843
IGLV3-25,-0.31283185810186015
IGLC3,-0.30774760718867866
IGLV6-57,-0.32773545867259113
IGLV3-27,-0.31105129718132535
VPREB1,-0.3776027446950168
IGKV1D-33,-0.2812622257748257
IGLV7-43,-0.31105129718132546
IGLV1-51,-0.3110512971813254
IGHV1-2,-0.323714173520244
IGKV1-39,-0.3113551246420843
IGHV4-39,-0.3236821849205986
IGKV3-20,-0.304087576359694
IGKV2D-40,-0.317178014144792
IGKV2-30,-0.3113551246420829
IGKV4-1,-0.31374113047751795
IGHV3-48,-0.32752331828870984
IGLC6,-0.3040639310165178
IGLC7,-0.3077476071886786
IGLC1,-0.3359951487085622
IGLC2,-0.3193572418625239
IGHV2-5,-0.32368218492059864
IGLV3-19,-0.31207322296079565
IGKV3D-20,-0.3115134836666202
IGHA2,-0.6321973137382655
C4B_2,-0.3473141391086387
IGHV1-46,-0.3236821849205986
IGHV4-59,-0.32368218492059864
IGKV2D-28,-0.2989212698163531
IGHV3-23,-0.3273071411500175
IGLV2-23,-0.3110512971813254
DAPP1,-0.5695475776609381
IGLV2-11,-0.31105129718132546
IGLV3-1,-0.3110512971813254
BLNK,-0.18905094280869975
FCAMR,-0.4725432932100556
IGKV2D-30,-0.3115134836666202
IGHV3-33,-0.3236821849205986
IGLV2-14,-0.3140258166568875
IGHV3-30,-0.32368218492059864
IGKV1D-16,-0.30316450298537656
IGKV2-28,-0.2527690942198415
IGKV1D-12,-0.3113551246420829
IGHV1-69,-0.3236821849205985
IGHD,-0.309280537394569
IGHE,-0.12530822071617814
IGHV3-53,-0.3236821849205986
IGHM,-0.4136870767549496
ERICH3,-1.240362549283251
CFAP299,-1.170235858841218
FAM81B,-1.2836831703012903
LRRC46,-1.1060813555267754
DNAAF1,-1.4094532152206838
RGS22,-0.9186204221940542
ZBBX,-1.1254150529703009
CFAP300,-0.744598964904789
C1orf87,-0.5814448646678998
LRRC73,-0.295308319340299
DRC1,-1.2431182546858952
SPAG8,-1.1032118244465074
CASC1,-1.172977323400407
IQCD,-1.0734825605260914
LRRC71,-1.2329146439087149
C1orf194,-1.01368038210906
CCDC173,-1.249398515023581
SPACA9,-1.1824689746842454
TMEM213,-0.02642723602506238
DMRT2,-0.8176744406239767
TMEM174,0.2625655333206766
SLC4A9,-0.15437670862821398
SLC12A1,-0.583807843556908
TMEM207,0.33841719504300494
ATP6V0D2,0.13196698077094185
TMEM72,-0.8426204278413805
GRAMD1C,0.08928058189104622
ALG11,4.158414313142186
TMEM61,-0.026427236025060127
TMEM52B,0.273718071232392
SLC7A13,0.16713955402026193
ATP6V1G3,0.32168812072009867
ENTPD2,-0.9025293549176292
ANXA10,-1.0560170760324021
ACSL6,-0.7872308630157755
SCNN1D,-0.7114068319671182
TDRP,-1.0468045811093007
ITPK1,-0.10304499799622469
KLHL35,-1.0633193455269063
C7orf69,-1.285129984781277
SLC24A1,-0.7361926279519737
SLC25A42,-0.4593063445978322
MLANA,-1.249070300883812
MTG1,-0.6337287644673746
DPF3,-1.1643623627005286
GPR143,-1.0419312362229087
POU6F1,-0.7267670592725994
FAM107A,-0.7014050544932251
TMEM154,-0.3666349096917932
DPEP1,-0.3544934981819015
MMP24,-0.9441150464790891
GLRA3,-1.1227295320622612
C14orf119,0.09925291572666238
UBXN11,0.2849939023292173
CTAG1A,-0.7482157693207703
MORN3,-0.8679864166600607
MRPL41,-0.35570655722655037
CHCHD1,-0.1978550593316308
RAMAC,-0.15070607330047703
LAMTOR2,2.177367366890227
EMC4,0.20083573437732646
BEND7,-1.533787457572182
DECR2,0.10118442194710885
SFT2D1,1.6475888510707517
PDZD11,0.020216793452570114
PBX4,-1.1229618889808874
ARID3C,-0.5945889446003565
OCA2,-1.115597546268828
AIFM2,1.140261248284246
HPSE2,0.5330219435844034
GPX5,2.3630907699754884
CBARP,-1.0118938617267732
TLE6,-0.5216092656453931
GARNL3,-1.5238640438545714
S100A5,-1.4221932716710364
TMEM151B,-1.4192746791621471
CNTF,-0.41288976383157516
HOXB13,-1.326017020312325
FOXI1,2.7346466790188235
NCAM2,-1.1458375416865159
ANGPT4,-1.2791056688594427
IL9R,-0.3910280075178171
PDE11A,-1.423192234861456
SAMD4B,-0.891677700315146
CFHR4,-1.0738160938854917
OR10H1,-1.2742998541500954
FCRLB,-0.929290736456133
NXPE4,-1.0968213493795769
SNTG1,-0.9141933950887734
AQP8,0.058862847779759454
GPA33,-1.3660173493481182
PRAMEF12,-0.8429005040717478
KCNV2,-1.5472097930080595
RGL4,-1.3464974484139307
HHIPL2,-1.415089297517041
PRR34,-0.9460311493061595
ADPRH,-0.645995506093406
CHIA,4.430071758558632
LALBA,2.227225281923061
C9,-0.7026669854376113
ACSS3,-0.3792317619851358
ADAM21,-0.598925272093294
PEAK1,-0.6518117129284938
BPY2,-0.9978991981728734
RTP5,-1.5577356386174388
AMOT,-0.7021682476164799
C1orf105,-1.444673718642303
DEFA1B,-0.11915386459610866
AKR1D1,-0.5487662725311773
KCNK10,-1.3320290189902693
TEX13A,-0.3547239203450865
RLBP1,-0.6489378324455799
SLCO1A2,-1.0671082320928105
GPR135,-1.077188553216897
EDA2R,0.1572802206928296
GPR62,-1.4561027860564202
OTOF,-1.1610912254511427
GPR3,-1.3894490798384957
PDZD7,-1.5614634614716982
OR2F2,-1.3582419440876419
POGLUT1,1.695519258192891
EN1,-0.5214348810563363
COX10,0.19387355205860127
SLC6A14,-0.6055757002014418
ART5,0.4653213294792622
RAB39B,0.031149624152750185
ARSK,5.983606676275646
HERC2P2,-0.1414085920700178
DNAJB13,0.18469524864083542
FAM92A,0.6026692452452487
RHCE,-0.9488142127751706
STAB2,-0.7145458589745975
NIPAL3,-1.1983781818622232
RAB3IP,-0.5227716842547816
CEP104,-0.6615318891384018
PIH1D1,-0.37936398000937993
KIF24,-0.7061540513370073
LEMD2,-0.4117701017256834
C2CD3,-0.7233280786853924
FKRP,0.425404019492472
LIPH,1.208433357899541
CEP89,-0.7401893179354422
AJUBA,-0.7871439145320526
CEP78,-0.9224915421385728
DPPA3,-0.9832234294431452
SPRYD7,-0.5387032996142469
B9D1,-0.5258297314971268
TCTN1,0.6375007245315254
SASS6,-0.7177250986110582
SDCCAG8,-0.6660198145525603
NPHP4,-0.7616776216002734
CEP162,-0.6287166384846032
IQCN,-0.24375336803322017
CEP41,-0.5971625361880388
ALG14,3.7339884680649287
CEP152,-0.9849633557132466
PIP4P1,0.5760926975155821
H3F3C,-0.6405017978477598
AK3,-0.7213492389802353
C17orf49,-0.3910311789795346
ARHGEF10L,-0.6451429962837992
FEZ2,0.02083515485191315
MICOS13,0.02998989093035142
HIST2H2AA4,-0.603081088542024
AGPAT2,0.17425138774786872
TIMM17B,-0.08757342721475551
OAZ2,1.721247270722048
C20orf27,-0.2359089884096302
LNX2,-0.540802795522792
ASMTL,0.3582015581291683
TBPL2,-0.6114988536266609
DGKZ,-0.19998922472875347
TSR3,-0.34708827721302443
C11orf49,-0.10363322540595565
TSPYL4,-0.6425462257764387
IL11RA,0.11579970252665939
HES7,-1.341944803175815
TRIM54,-1.0350840384089501
TMEM8B,0.18717233720837578
CCDC136,-1.1405466303857843
GSTA4,-0.06794790864434223
REXO1,-0.22581974146552583
DMAP1,-0.6660962535502212
FADD,2.4181734857795596
KIAA1958,-0.9634362912369189
CNTROB,-0.7709316282066778
KXD1,-0.3350023592701221
SSC5D,1.4467334213159975
MAGEA11,3.4284804998007554
MSANTD4,-1.4640113859373505
CDK11B,-0.9086192879546162
NMNAT3,-0.33563179285999845
SPOCD1,0.8742936957962709
KANK2,-0.7458263493503798
PIH1D2,-0.8210327871622984
LDOC1,-0.7585389485880824
NECAB1,-0.7770470975511964
RNASE4,2.6269064861682976
KCTD10,-0.17354321060094846
TCEANC2,-0.8445030556732145
AGTRAP,-0.21180616726432686
BHLHB9,-0.6918290438029555
ZNF526,-0.7328050801113469
KCTD7,-1.2175817765632144
ELOA3,-1.0821981207954485
PNMA5,-0.33762619435358604
HIGD1C,0.3294614173286473
NDRG2,0.05375239794651846
RPH3AL,0.8388210890133199
ADH1A,-0.7152712750804734
SETBP1,-0.7026207062013864
CHCHD7,-0.3078585024603155
RGN,0.5130310927421657
NAPRT,-0.07151129382071299
TMEM106C,-0.36075878264465056
DUSP19,-0.7578648183681276
MEI1,-0.2191417984434025
CPNE5,-0.08611880443582906
ZYG11A,-0.7825864943559945
GATB,-0.15028693336790783
MRPL14,-0.2703887028660173
FUNDC2,0.8903710990649244
PET100,-0.012696613290922571
INMT,-0.3657837495484222
ABCB7,-0.0594186872431855
CIDEA,-0.4262655361132529
TOMM6,0.38573486824202796
COX20,0.13898703153331673
MAGT1,0.45027411790463956
CISD2,0.8424613809490881
BCAP29,0.9591277968767191
BFAR,0.13338701047823626
TM7SF3,0.4120236964139018
CSNK1G1,-0.6924647158886774
MOB2,-0.4373351456204362
YEATS2,-0.7307839266801026
AC129492.3,1.2722830109089869
DUOXA2,0.5989192719420311
ABCA12,0.048427312625905605
ABCA13,-0.20035708397715768
DUOX2,-0.27355595617957795
NOXA1,-0.49811514943012464
MMP16,-0.9974624136912397
DIP2A,-0.6856590776145208
CCDC144A,-1.9209176240569605
BTBD18,-0.7603212802959451
FAM189A1,-1.960769737578266
PCDHGA10,-1.119664466130197
SPTLC3,0.1090949244974868
CXorf21,-0.8655380814074006
TM7SF2,2.7882636602784676
IRF2BP2,-0.08185762887237223
APOM,-0.5145667275410557
PTPN3,-0.6851059528095492
B4GAT1,1.7294975462895144
DNAJC12,0.05311485135653827
MPND,-0.2611711399636313
RMDN3,0.41247478761553985
TIGIT,-0.47637717985724864
SIRPG,-0.24676100823958924
KIRREL2,0.5284603882920637
SLFN12,0.1045825675110676
SLAMF6,-0.4156325069873297
KLRC3,-0.034307863312251406
OSTCP1,-0.4744451850095607
GIMAP1-GIMAP5,-1.1026558919511495
LNPK,-0.39361927286754916
VMA21,0.8056252661539796
ARSF,5.307992471385068
TMUB1,0.8725334459483327
TNFRSF25,-0.5048963116112681
TMEM42,-0.1762341539830884
PDXP,-0.08504777806514524
CLBA1,-1.5946904851517285
CDKL5,-0.8932386717232315
HOXA4,-0.9684901458487559
KIF25,-1.1611219042501626
CTXN3,-0.2179640249401325
AFF2,-0.7151512098299968
TRPM6,-0.6368133007698942
RSC1A1,-0.9281192593171859
MS4A13,0.3871607703673584
CRYGA,-0.872837625252089
DLEC1,-1.5638820766397572
MPZ,-1.1034927980374658
RNF122,-0.7140744700946905
SQLE,2.9844998066925736
L2HGDH,0.8855112863227738
GGTLC2,-0.444078801297943
PYROXD2,0.7026668317972136
LIPC,-0.447840235087633
AMACR,0.023754357031920206
ALDH5A1,0.06800574501837209
ADHFE1,0.04039612893488975
CEL,-0.00996491425931863
GATM,0.5673922273307224
MT1G,1.0135593840763841
PAOX,1.2908791775034747
ITIH3,-0.6253581174290207
GDPD2,0.06270497275220395
EPB41L4B,-0.2954740248478882
SLC35G1,0.4395441207452716
HAL,-0.39283089164618806
KMO,-0.35055058246833226
FTCD,-0.5969402518191047
OGDHL,0.07403279852485435
SUOX,0.5230386133118161
ZBTB7C,-0.7938014732884987
AADAC,-0.37773374110392094
ABCC2,-0.3549313540692189
PECR,-0.20677319592583762
CRABP1,0.048617163132981735
PRAP1,-0.06639585541242404
ELP6,-0.7539459362088087
ELP5,-0.40675073221346086
UROC1,-0.6454090256731423
AMT,-0.08724871014982884
KDM1B,-0.5661679900333114
UGT2B15,-0.17108308651896412
IL4I1,-0.010867045833227233
ADH4,-0.4805509562125528
C21orf62,-0.19938708687105527
ODF2L,-1.2944213870157713
CRYM,-0.14340691365059502
CCDC116,-0.5934202087280749
ZDHHC19,-0.34752515257949723
IZUMO4,-1.202382613181095
MROH8,-0.9404225994749508
TEPP,-0.9933325018327207
CTAG1B,-0.5478223481995733
C2CD6,-1.1991516967049634
HORMAD1,-1.1813281051053468
USHBP1,-0.82607068507529
IGSF11,-0.05307235411522644
C10orf53,-1.239684427057096
DSCR8,-1.26574278556779
PFN4,-0.8584999483836863
GLB1L,2.447748768190032
RNF113B,-1.2517181273323956
TMEM202,-0.9949480961011554
OOEP,-1.222080328062819
SPATA31E1,-1.198937052075014
GOLGA6L9,-1.36256967361412
C8orf74,-1.4314272232159913
STPG3,-1.3637862519216397
C17orf64,-1.1911029236472874
VCX3A,-0.9272861986483216
KCNA10,-1.1026648261616347
MEGF10,-0.12107447432998338
RASA4B,-0.4491350638823541
TSPOAP1,-0.7273703905136274
GYG2,0.969978816154491
TEX45,-1.10154257977759
TSPAN12,-0.6938960174234986
NLGN4X,-0.10191129653296255
RAB3C,-0.16640966269883017
UNC13C,-0.7650072978170682
GULP1,-0.0523129854905731
CCDC40,-0.6276612431432148
CFAP53,-0.8518737116475008
SPAG17,-1.2188941661082044
RSPH9,-1.146056058048149
DAW1,-0.8421259772463533
TEKT1,-1.3480996822818168
RSPH1,-0.7553359267582465
TEKT2,-1.4154479204370203
CFAP100,-1.4353327215971494
TEX26,-1.2200516329759952
DRC7,-1.2226031597024454
CCDC39,-1.2322576280979318
CFAP43,-1.3083055893645432
LRGUK,-1.289808572209368
TMEM95,-1.2105922788456038
C20orf85,-0.8985280262692734
CFAP52,-0.6891458164179742
EFHB,-1.2008529555709402
KCNIP4,-0.8793194185366617
ZNF462,-1.8330546392394924
TGDS,0.1637549890245257
ZNF280C,-1.004125540594725
YPEL2,0.27741198322469796
C1orf52,0.19754301946209368
UIMC1,-0.7667227672848057
TANC1,-1.165501833901077
EDRF1,-0.7461612585948372
PFKFB3,0.08965259981634435
LINGO2,-1.3082371972189788
SCAI,-0.7522021573908996
HILPDA,0.24012636551067335
ZCCHC2,-0.22263255531104428
PCGF6,-0.9488651576828391
ANKRD37,-0.6339773897111892
TMEFF1,0.43403815968481
AHDC1,-0.6107174532780714
BCL10,0.07702983131280167
CCDC112,-0.8567798058711011
LURAP1,-0.3510599398127246
TESMIN,-0.7018261940999521
PM20D2,-0.9453123159554241
REEP4,0.38330132462410577
MAP7D3,-0.9810059032043594
FSD2,-0.7920868301372767
TEX9,-0.5962661812430569
CFAP97,-0.5467627235595616
USP17L30,-0.28938133700193064
USP17L2,-0.09468156680999101
USP18,-0.19190115956411558
USP17L28,-0.28938133700193064
USP17L29,0.11892043619626841
USP41,-0.11064196854189298
USP17L27,-0.28938133700193064
USP43,-0.29287395029749513
USP30,0.02434310008713366
USP35,-0.21843753004364896
USP53,-0.3932942764999971
USP51,-0.4883246585027865
USP40,-0.05669557386697042
CCDC110,-1.1566642542269543
TBX22,-0.7606791415745002
EQTN,-1.3189268813685353
CT62,-1.2679388243255902
MYCBPAP,-1.1542923235779856
PDCL2,-0.9635116944228913
C7orf31,-1.017505144364784
ZNF165,-1.4481290774112214
C6orf201,-1.2344152816008276
NUPR2,0.2891174052915318
GKAP1,-1.1052622188446148
DEPTOR,0.023228552394750482
SPACA3,-0.9258117901894727
MEIOC,-1.3201089309877818
LRRC3B,-1.0441361026937164
OSCP1,-0.4460136936284337
CAPZA3,-1.0155506146113076
PPP1R1C,-1.0596242685820745
FAM220A,0.7392122002152463
NT5C1B,-0.8619621474646104
OR2C3,-1.5583832016965966
MS4A6E,-1.0946285054438754
C2orf73,-0.8953044210267351
FBXO39,-1.2216946449395776
ABCD4,-0.005026844421346784
FAM234B,0.9462155305754288
DLEU1,-1.0994547491372706
RFPL1,-1.4515059554620509
ACSL5,0.020758191567578015
ABCA7,2.716957536336887
ABCC11,0.19739305761186735
ABCB5,0.22061597191202256
HSPB2,0.203838789235817
ABCB4,-0.1761411405344066
MMACHC,-0.6868019569726831
ABCC12,-0.2686173651749793
ABCA10,0.23673747535378617
ABCG5,-0.09997825305434034
ABCG8,0.19214543683770793
ABCA6,-0.05320832498149551
ABCA9,0.30590515116330286
MRPL44,-0.474742309224202
CCDC43,-0.9777620306245352
ZBTB8OS,0.6606055936719523
ELOA3D,-1.1695923147126812
TOP1MT,-0.9994152533651977
ELOA3B,-1.1695923147126814
RUBCNL,-0.1541964221308491
PNMA2,-0.9856437662079169
RALGPS1,-0.5097327019921625
SHROOM2,-1.0215840060544488
NPAS2,-0.43090867681257805
FXYD4,-0.6606974965901381
KCNU1,-1.5417259379647703
SLC9C1,-0.12784344704496992
HCN3,-0.6409619396542507
SLC9B1,-0.46657150999381536
KCNG2,-1.300856205131418
SLC9A4,0.605649574071939
SLC9A7,0.3696206687773331
SLC5A10,0.2576618215334821
KCNK18,-1.0515610560620627
KCNK17,-0.9263276842299691
KCNQ4,-1.148405989998452
KCNK15,-1.3669156820000445
NALCN,-0.577967289766728
PNMA8B,-1.9393966355245544
SLC4A11,-0.5817616231791725
KCNG1,-0.7399385862398284
SCN11A,-1.0962059306774474
KCNG3,-1.1639110662673713
KCNG4,-1.1498628053939617
SCN9A,-0.840640504186078
KCNK4,-1.1176168238177346
KCNK7,-1.0567821960178057
KCNK2,-1.0664241061811242
KCND1,-0.8862906230491309
KCNJ16,-1.4511465059673572
AMY2B,3.9358540217581224
P2RY8,-0.5279061329232594
SCN1A,-1.0733538058818515
PRPF39,-0.37211007756487785
SLC25A22,-0.06497599808606097
CTSV,0.6960828015902002
HCN1,-0.9827881030234336
SYAP1,-0.20615800796928668
AKAP14,-1.2342673541158806
SARM1,1.186092551223289
LYPD6,1.1279853155630712
LGR6,-1.5929306783711001
PPP1R3C,-0.1185013228597378
SCN4B,-0.896465897323801
RAI2,-0.4017997378912597
SLC35F1,-0.49411831452771576
SCN1B,2.614808952416311
STXBP5L,-1.2360283110561394
ANOS1,-0.13677401987006085
KCNE3,-0.45267805099953984
PSD2,-1.085799062186939
LRRC6,-1.1117500396255422
NACAD,-0.8290796454105942
TMTC1,-0.4889613621791579
KCNN3,-0.9374537662214079
TSPAN7,-0.7416598802844675
SCN7A,-0.48778393363982275
SEMA3G,-0.241179979880858
PCDH9,-0.42405329040387996
C2orf40,-1.1503027661886556
HIPK4,-0.9859206715170772
SLC6A6,-0.337480759159856
SLC28A1,-0.578069983674149
MBOAT7,1.9607499473034058
AC004691.2,0.1982856499288956
LRRIQ4,-0.746495209731463
TSPAN13,0.2655617410737218
ADGRG1,-0.10351381527843626
TMEM9,0.20705652496735286
FLVCR1,0.03852147720786989
ANKRD42,-0.4916419289476398
MAP4,0.07259400243869232
ANKLE2,-0.18028238268714827
SH3D19,0.15643900696466592
PIP,-0.21349549856582742
EMC10,1.3209778213315695
KCNMB3,-1.6139544103642895
MAPK4,-1.3453567398776358
DHCR24,2.9254256058781505
ABHD11,-0.006097117001847231
DTX2,-0.43264286320620626
DHRS4,3.4484372171646385
DOK6,-1.0636080290172203
VAC14,-0.1550203936680873
ACAD8,-0.03121361655918354
BOLA1,-0.11967977023831042
GUSBP1,-1.638405770718844
GRINA,0.9040547286596425
TIMM29,0.5138724807991062
HPS6,0.8506157508727792
VPS9D1,2.844769226307509
SLC12A9,0.24961488689925654
MRAP,-0.4286500269406662
MEGF8,0.9069757373129848
PRR5,-0.16920794414845816
ZNF580,-0.04004765812980621
TRIM74,-0.9479618354478494
LMF2,2.0957801665984146
IP6K1,-0.18323189864398556
KCTD13,-0.2800196738294754
DUSP8,-0.5557074874302901
NHEJ1,-0.5376293407747789
ZSWIM7,0.05393015159137858
SURF2,-0.20501316567430175
KRTAP17-1,-1.0829938758829232
TMEM229B,-0.7645268541090487
RHBDL3,-0.6857683066654793
MUCL3,-0.607098004494566
MTHFSD,-0.517208492325212
MSMB,-0.25720552388540185
DUPD1,-0.5706750544157304
ANKRD22,-0.7350438551926943
HMCN1,-0.5392583300416148
PLSCR2,-1.857205509874661
CAPN8,-0.49257645375249304
TBX4,-0.9463921295139003
SLC10A7,-0.26805250633479194
ATOH1,-1.311483360932745
EFCAB11,-1.2228124614271065
GALNT18,1.1097438364823444
ZNF850,-0.38139926734713586
SBSPON,-0.4731449528919872
SEL1L2,-0.5310035946639393
ZNF469,-1.5477293332070032
ZNF578,-1.2500900008331994
ORAI1,2.3504065796436486
CNGA1,-0.8611376594152685
ACER2,5.58783377794149
ARMCX3,0.8704597618519436
SPHKAP,-0.45203766115283245
RELT,0.4762604534118662
PDZK1,-0.010485811790846266
CH25H,-0.19534271157257777
AKR1C3,0.47261332709415116
PLPP4,0.29427000463324915
IER5L,1.3456956418959232
SOWAHC,-0.13002888615173522
ASAH2,5.808819236793116
AIF1L,-0.00373642926655315
TRAC,0.01330799726981999
MBTPS1,0.8385927590314862
TRBC1,-0.003519181871935252
SGPP2,2.109470095252587
DGKH,0.6384360267745601
DGKI,-0.07691710736197117
KCNE4,-0.8876064155076939
CXCL14,-0.7024176843136183
ANGPTL1,-0.11084897170005062
ACADL,-0.07576113656101266
PCOLCE2,-0.185565905489422
MRGPRF,-0.7649197824262431
C1QTNF3,-0.8493558120151543
SLC39A12,0.893788010107971
SLC2A6,2.0865866199155274
ZDHHC6,0.11776768864962311
TMEM138,-0.08009631138471619
H6PD,3.6524842300910176
GALM,5.553476725853193
C1GALT1C1,0.6257967632577115
G6PD,1.0451611448599278
ZNF655,-0.3838106069336453
UBL7,-0.10419786178897177
FTO,0.2595849143684747
SWI5,-0.20468978871662516
CUEDC1,0.7419070788828938
CHID1,2.9262781976105634
DEXI,1.017206193615348
YIF1B,0.6336916654019547
MIF4GD,4.382030254616063
C1orf50,0.002140326204441525
VAMP5,1.6794962101002657
NRM,-0.2071091774895898
VPS11,0.49969300874204153
TMEM205,0.3046517974310799
THTPA,0.9578953321707322
PKIA,-0.2502181840123508
HDHD5,-0.2429778301589111
ACOT13,0.23109304788342575
DXO,-0.33766509504356995
APOBEC3D,-0.6506116931742685
METTL3,-0.621183668814599
SEPT8,-0.04163130968151826
IL31RA,0.7608920688834294
MRPL38,-0.14303629648797112
SESTD1,-0.28064512565472005
RBM24,-0.6422905540108546
RBM20,-1.0147139052600411
BSDC1,0.368989252689448
ZBED6,-0.5737094651574098
C9orf72,-0.34952382633877616
CPEB1,-1.1088984628839782
CPEB2,-1.296808525509917
C21orf91,0.3576418293872196
C11orf98,1.0375693483235942
FAM184A,-1.032532572041775
GAN,-0.8247506842438007
GBP5,-0.16188036308772988
METAP1D,0.5056405013589311
NEURL1B,0.6899715442185985
TACC2,-0.3252334410789785
USP6,-0.6941272994043137
C14orf28,-1.0221973242100086
FDXACB1,0.06393326033233122
RBMXL3,-0.26675865054852027
SEMG2,-0.8317734080188497
DAZ3,-1.2164480606701873
DAZ1,-1.0339971086933835
DAZ4,-1.4209190967566865
RBM44,-1.6853700335383537
KHDRBS3,-0.9636376449928165
WFDC3,-1.226868904956053
EPHA6,-0.8719344733572372
OPN5,-1.919063425424556
CCDC185,-1.0601263202443598
SPDYA,-1.5805659197269384
GAB4,-1.453896742568799
GALNTL5,-0.8298407152847408
TPD52L3,-1.1071132036739897
C4orf45,-1.2703942527311525
DAZ2,-1.2161284760484827
RBMY1J,-1.6324268839313327
RBM11,0.6120906983416582
RBMY1E,-1.1687469965926538
ACCSL,0.49556480650808876
ARMH1,-0.458268481132113
CNDP1,-0.41508167073445074
ETNPPL,-0.6304693754919569
DDAH1,0.24119024988823753
SEC14L4,0.466734216008286
HSD17B14,0.1051880143605877
BBOX1,0.5278655835229877
KYAT3,0.5836727289526943
GOT1L1,-0.5490893593397163
GADL1,0.442525121342313
FAHD1,0.4657189382801499
ACCS,1.2872901566284298
CARNS1,-0.182274993468478
IDNK,0.7138014272888328
PHYKPL,-0.18476464769175413
BEX4,0.8188921948356112
GPT2,-0.14374358316261812
CDH20,-1.3725224791409947
FRK,-0.4191876778054341
CDH23,-0.7158451639982709
CTNNA3,-0.4348925796613699
PCDH10,-0.6679225938735535
MFAP3,0.3041923006626112
ANKRD26,-0.8808181435108828
TULP4,-0.5798646665946423
DLL3,-1.3410804769932616
PIGL,-0.6292208176954429
GLYCAM1,-0.3609876275447775
FAM98B,-0.26548411239922837
CRYBA2,-1.2160272772965204
ASIC4,-1.4021059638525732
ZC2HC1B,-1.067968734676666
FRMPD1,-1.2665990745538027
EFR3B,-1.3301404030747856
TSPAN16,-0.8590824375465282
ONECUT2,-1.0152577620524925
CADM4,-0.9360016663554936
CNBD2,-1.4740907317993557
SUN5,-0.6800191958508665
MATN4,-1.3829281053385913
MOGAT3,-0.14193090310342343
DEFB129,-0.9487553687381349
LRRC72,-1.5639033383500578
APOBEC2,-1.197910938431153
AFF3,-0.916392390025714
OXCT2,-0.6709917086871278
PDE3A,-0.782994504749538
ADAM22,-0.9912862463154238
ZMYND15,-1.1968509315349274
NPAS1,-1.1107404437724941
PDE6A,-1.2425262142751472
POU3F1,-1.3008999784462019
FAM166A,0.7602670640681432
RDH16,-0.7297100612833631
PRH1,-0.3918956430722024
FNTB,0.07674588875335538
SMIM23,-1.3275994746029025
ADAM7,-0.7553351472598897
PRM3,-1.292037856452765
SLFNL1,-1.3882282777191761
FAM83E,0.16391832807712745
KIAA1211L,-1.3061590367398392
USP19,1.9873910967820618
CABP4,0.31650055805323757
NRROS,-0.4834222310064673
ARL14,-0.33228950238695815
PIP5KL1,-1.2089398174325194
RRAGB,0.44094313627614046
CPQ,2.9874754111492625
HNMT,1.719600964602084
SFTPD,-0.7662948447054361
SIGLEC14,0.15659703343833858
TCHH,-0.3369236178301214
ATP11A,0.09576515117277676
GRAMD4,0.2826455968790316
IFT22,-0.8051089318151374
IFT20,-0.6784025021275851
UBXN10,-0.29445615275854453
TTC30A,-0.5324981202283016
TTC30B,-0.42947342254453486
WDR60,-0.3395433963113383
WDR66,-0.981603125274226
WDR53,-0.2960494694266287
TRIM59,-0.637182086122643
IFT43,0.29882242930663716
KIF3B,-0.3837401212207544
IFT52,-0.3889443285514116
SNX33,-0.03332209741892331
TRAF3IP1,-0.6240912720849486
TCTE3,-0.7810658368401938
TTC8,-0.926986217344249
BBS7,-0.5431595763772591
AL136295.3,-0.2959389113242224
DCAF8L1,-0.08100805581598211
IFT46,-0.8879477715018215
TTC26,-0.8415505078708151
PLXNA2,-0.03589858301398474
WDR91,3.1579346819083702
IFT122,-0.43163095011509084
IFT81,-0.8597772546672198
IFT172,-0.8415582901544341
TCTEX1D1,-0.6959486943744885
C12orf54,-1.240127211966565
C9orf50,-1.285119176578923
TEX47,-1.2084828622014832
GOLGA6A,-1.2029139455653772
LRRC74A,-0.972691998261334
MBD3L1,-1.3461474738053376
GGN,-1.1128997606343671
ADIG,-1.448845850044327
CDRT15L2,-1.192094805830057
FAM181A,-1.3184624717370959
FAM170B,-1.1501272651296
GCNA,-0.994168911452441
CXorf38,0.5817245920865569
CFAP70,-1.079661544265687
FAM160A2,0.11837469993794165
PKD2L2,0.6271313335340087
PKD2L1,-0.4828268726485035
CCDC148,0.26717882129608933
WDR63,-1.0967187405018937
IQCK,-1.0042629522018671
EEF2KMT,4.275034374692356
TTC12,-1.306052340809691
CASP14,0.02225402354876596
SAYSD1,-0.2028718506783236
NKX2-2,-1.0637432406189695
BBOF1,-0.9203420588817827
IFIT5,-0.2693526125331543
NEK3,-0.5803593506117819
CCDC121,-0.9074924681997334
BCKDHB,0.39372057260204407
TTC6,-1.371211663367631
KIF9,-0.776414990779969
KIF7,-0.9417460808942223
IFIT1B,-1.2890512600263981
EFHC1,-0.5311552247591802
TBC1D32,-0.713989914685911
BBS12,-0.2544750409877627
TTC36,-1.1368443501162908
CCDC181,-1.5530198673339937
DNAAF4,-0.7448205078297196
CDKL3,-0.188752175585761
CCDC146,-0.3600767460495462
MOK,-0.9416535915293279
CFAP69,-0.9601186319038174
FANK1,-1.2201078872786437
BBS5,-0.39977773752716533
HCFC2,-0.32677275274669854
BBS9,-0.6782395698100454
BBS1,-0.4186402466754799
BBIP1,0.21976567951522138
TTC21A,-1.031804821540989
NR2C1,-0.9440759163863747
TKTL1,0.08956283957820504
DOC2B,-1.1311609184244302
APOA4,-0.44739388007745845
APOF,-0.7228022988972742
LCN1,-1.02298080470822
LY6G6F,-1.3554580999134538
SLC17A9,0.5699997270913697
GCSH,-0.20805769301661625
P2RX3,-0.9564843515356015
FOXRED1,-0.00888282650433554
PFKFB4,0.21318894855863418
FGF21,-0.9146528592606411
TMEM217,-0.5178325005595817
TNFAIP8L1,-0.5178325005595865
CINP,-0.6856149944160614
FAM200A,-1.0395123433253086
ZNF789,-1.0313884400834985
BANP,0.058214049412393484
ZNF718,0.019318287826779277
PNMT,-0.7218586939475045
ZNF394,-0.4854352960293049
PSKH2,-1.026676676516762
GSX1,-1.1430539147540022
SIM1,-1.1260367451902313
TGIF2LX,-1.4102902620634468
IRX6,-0.9180043975263196
EVX2,-1.0186197172117144
NKX6-2,-1.1267120829010473
TPRX1,-0.65343645343069
DBX2,-0.7109284810803503
GSX2,-0.9209516356931895
DUXA,-0.4205863485291303
LEUTX,-1.0137812598595177
RELL2,-0.2160078259789955
APOBEC3B,-0.41830109030406565
TTLL4,-0.02523759343328251
TPH1,0.03856537366121986
TMEM177,-0.6440815470359355
TMEM171,0.25598291574882404
ZBTB8B,-1.0664264884683576
ATRIP,-0.7957803871403187
CCDC138,-1.083452328627993
CCDC18,-0.6791138777315245
PLCXD1,-1.1070407455601725
DPPA2,-0.34981188648355505
FAM111B,-1.226202575695644
SREK1IP1,-0.5808284560794329
MGME1,-0.5369817830531244
TEX30,-0.9062068362852435
ANKRD36,-1.2498002754570943
PELI2,-0.07673415294386995
LMO3,-1.217297672299186
TOX,-0.7602630789730024
SPZ1,-1.0208827950829908
EPYC,-1.256097018805735
GLCCI1,-0.6281545892873464
PAPPA-AS1,-1.0388057300088158
SPANXN3,-0.4871821603577453
FOXO6,-1.59344453753397
FAM76A,-1.9119504758630634
CCN6,1.219243514556105
GUCY1A2,-0.9732495146658642
TLR10,-0.7565968311045863
AL355315.1,-0.29941324749398496
TUSC1,0.4899717427080265
SPINK14,-0.07463272528806146
FSTL5,-0.31971871529359575
SLCO5A1,-0.5908285039809943
SPINK9,0.1922713124412047
WFIKKN2,-0.3239666035125439
SPOCK2,-0.516681112272321
KRTAP10-6,-0.9788745495795533
LRRD1,-1.1990102830396672
HOXD12,-1.3433957415122892
ZGLP1,-0.9523462560467858
MAGEA8,-0.5255240648936371
FOXN1,-1.213325008409764
ATG4C,-0.4129604829035918
MAP1LC3C,-0.4813595156017004
ATG10,-0.06876589843859131
GSTA2,-0.27045976795104953
TUBAL3,-0.06711164972099541
LRRC14,-0.7354758883379664
SYNE3,0.089921978273633
FYCO1,0.04806119276009561
TECPR1,0.11574178193643594
ATG4D,-0.1619918063678609
VPS16,-0.03654304077033856
BOD1,-0.6645948121981573
C1orf220,0.8266217591829574
ERI1,-0.5868690386926853
FUNDC1,0.09467177727271608
SLC25A43,0.2581672332490397
MORC4,0.05495053291522214
TMEM164,-0.9122622523828262
THUMPD2,-0.6245411716263546
N6AMT1,-0.03219840021885722
METTL2A,0.35706574038361294
NDUFAF5,-0.4167470667551253
TGS1,-0.580711177359416
RPAIN,-0.31888619148296954
CDH22,-1.0868842231335814
PCDHGB3,-0.6209725070920559
PCDHGB7,-0.6217202723831861
PCDHGC5,-0.750203277560925
NRXN2,-1.0052426909277512
DCHS1,-0.607809555688015
PCDHGA8,-0.9182029136390335
PCDHGA3,-0.9142491404974746
PCDHGA1,-0.43098611735957687
PCDHGA6,-0.5766759874751968
CDHR1,-0.3289816031019391
PCDH15,-0.7565788014173925
FABP6,-0.6849531352195862
PCDHGA2,-0.5881717665318139
CELSR1,-0.7579724920408092
PCDHGA11,-0.40909622202666057
PTPRH,-0.3657932029978244
GPR42,-1.470685437452235
GPR75,-1.3607999368169783
GPR78,-1.2206376040810574
GPR141,-0.15950194358866684
GPR88,-1.3415341410353625
MRGPRX4,-1.2926668391784781
MRGPRX1,-1.333166448717164
MRGPRX3,-1.4192385792216746
MAS1L,-1.1005872158027548
MRGPRD,-1.403810343648758
GPR39,-0.7358819313210412
LHX5,-1.2203124304263986
TPSG1,-0.6949346715296675
FERD3L,-1.063901191183854
TRIM46,-1.3980937076086228
CUX2,-1.2402455491875233
ARHGAP33,-0.4938719652793434
SLITRK3,-1.1922477570062178
IFNW1,-0.9691856964667779
HOXB2,-0.8596849948777362
FAM153A,-1.416954835769341
ATOH7,-1.1251259560718712
HOXD11,-1.3426931987883006
MYCL,-0.47624798648500377
MYT1L,-1.4872843100298996
FOXB2,-1.8669079926444532
NR4A3,-0.3278683124126796
EBF2,-0.793199560793944
HOXD1,-1.2735354710647129
GYPE,-1.4488545957300116
VSTM2L,-0.5453210026985986
TBX1,-1.4400970397095065
PIEZO2,-0.9726112571305319
ACOT11,-0.13753818277589472
HOXC5,-1.1147753211831621
ASIC1,-1.3105746811759729
KCNK9,-1.0914388928265195
SCMH1,-0.4274987297289399
PHACTR4,-0.22409290146580488
CAPRIN2,-0.09151760115498889
BRD8,-0.8426241632911322
JADE1,-1.034213347910129
PTPN9,-0.6446599844033758
HMGXB3,0.17584146485057003
DIS3L2,-0.6395144952353234
HECTD4,-0.34579509049727297
MICAL3,-0.5146516995615298
PHC1,0.5091823897378842
PRRC2B,0.4012267942241277
RETREG3,1.5595060864925332
SLC30A8,1.7365240589358695
PARD6G,-0.4630242233736915
MAGI3,-0.724283771567632
ANKRD45,-0.9270034356473498
LRRC9,-1.515693204329704
CCNO,-1.3712550258370466
ZNF215,-0.754728641624514
ZSCAN5A,-1.2328199829086628
ZNF628,-0.1977910527915627
GLIS3,-0.8615978764663376
TJP3,-0.2784684020138363
SLC22A12,0.39618184708800197
LRRC52,-1.4077599656236568
SGSM1,-0.3578856676527927
PPP1R42,-0.7185561163955276
ZSCAN31,-0.4600909768934777
PPCS,1.9389617649769921
TGM5,-0.7364175248645566
SOX15,-1.0039725593942321
CLEC17A,-0.4933280211679062
PSORS1C2,-1.15874982608388
STOML3,-0.10510612095121433
SCGB1A1,-0.9861272444622634
KRT81,-1.0152289313245189
CRTC1,1.6875471378382587
KRTAP2-2,-1.0854253182265003
PADI1,-0.7632718590168005
ORM1,-0.4357704448805432
FAM20C,0.28072901312582693
PRG4,-0.7398212820934811
GHR,-0.41190274049672404
MT1M,1.208796063003337
CFHR3,-0.5556688716039394
CFHR1,-0.45513257490612524
F13B,-0.8627224073672192
C1RL,1.376776079402068
A1BG,-0.6299150729931408
C8G,-0.847949532565062
CLMP,-0.3216293136134977
MRC1,0.7482116906533374
SMIM1,0.014546061372450321
MBL2,-0.7272569318114228
LEAP2,-0.7749270879394081
EPSTI1,-0.04264790237072184
SSC4D,-0.5830294566410474
CFHR5,-0.8908373535984274
SCARA5,1.03080276933525
LOXL3,0.7115097386703513
PGM2L1,0.9984015919982849
DUSP22,-0.18242734955516074
NADK2,-0.5031470792063298
GK,3.406620605374971
IMPAD1,0.4615016620282068
SMYD3,-0.27822935854946523
ACPP,-0.36087635899045584
ADAT3,-0.20704775586695182
ADAL,0.08476731382209769
NUDT4,-0.50121092724386
AS3MT,-0.32209513452431104
SRXN1,1.1977252428702594
NANP,6.004904396376367
TIGAR,0.4212604319505836
RBM48,-0.4269439282959871
NT5C,-0.315457699443504
PRTFDC1,0.1927713196197483
ZHX1,0.16084880785582237
TRNT1,-0.18116373839182437
LHPP,0.3225912569210888
NT5C1A,-0.16140489403472869
UPP2,0.004087775995355211
ULBP2,-0.017791466589132023
NT5C3B,-0.31057237077247085
DUSP2,-0.5372114166474644
PTPRT,-1.5849261794086156
PLIN4,0.070779244904969
ANGPTL5,-0.5630331545022611
PRSS21,0.11110492281650652
AL645922.1,-0.5736927153470877
SRD5A1,0.11328279249391716
LIPE,-0.04992467792785715
RGS10,3.380356731652661
PXDNL,-0.16323736098528496
DUOX1,-0.45202010001790627
PHF21B,-1.206838856784504
OAF,1.1310888195160484
CLDN4,-0.3379299893746838
GDPD1,-0.3599999379436943
OR5P3,-1.1453971674060426
TAS1R2,-1.5171031338338512
OR5P2,-1.0660089085215727
VN1R2,-1.1872265266386526
MEIOB,-1.3175402981291728
OOSP2,-1.2053737627005001
TP53TG3,-0.46372285031380317
MAGEB6,-0.9695642249102902
MDH1B,-0.8336367217915183
DERL3,1.4270433041303179
RTP4,-0.0065700267819339
DERL2,0.4972406129940299
TYW1B,1.4232015970094798
MOCS1,-1.2946764642361006
MCPH1,-0.2942290662294891
YBEY,-0.28947831996404344
LCLAT1,0.031226698600434245
MBOAT2,0.1554536404982548
TYW3,-0.44056517958031527
CNNM1,-0.34795061199753313
CNNM4,-0.8962834442825923
TMEM237,-0.12004525188487165
POLR3H,-0.4459040576759259
POLR3GL,-0.6383685040344542
LOC101060521,-0.00539635016082364
DTNBP1,-0.4622449427748727
IL17B,-0.896901081530656
ROM1,-0.6601922488585347
PODXL2,0.13133788771173296
DOT1L,-1.010775818837332
PCBD2,0.13952633357858837
LMLN,2.897401492717264
FAM9A,-0.796774730759776
SCML1,1.565236886519723
MTERF1,-0.6709649935248463
SETD6,-1.079352215023926
RILPL1,0.10889131557625759
GOLGA8A,-0.4445421587575104
CHD7,-0.7979610963919692
MTRF1,-0.06087861893671925
NCBP3,-0.2602195955411946
COMMD1,3.3204525187241583
ATP6V1E2,0.6322973971253802
TMEM199,0.3965119725119609
CCDC115,0.7887403113587798
TP53TG1,2.5205414842129295
COTL1,0.5761244399282113
BLVRA,3.07244897541114
NME6,-0.1486573072822186
TMEM167A,0.3957155669606835
KIAA2013,1.0519471222030075
URGCP,-0.11881769423346673
CBX6,-0.5825236196281559
STOML1,0.32404818267629204
ADCK2,0.11654285275158098
CERS6,0.6428578935575167
UGT2B4,-0.2581890764249136
OTUB2,-0.14078207170289103
THSD1,-0.8847564072455452
KIAA0513,0.7461680377044021
HACD4,0.7602764936598734
ADAMTS4,-0.0025164453899409935
ADAMTS3,-0.8287403278570877
ADAMTS8,-0.6260513974612262
SEMA5B,-0.4528133918554716
NOD2,0.12983722123731273
PADI2,-0.711560054253447
RGS18,-0.4959034996522581
ADAMTS13,-0.04934095703271837
ADAMTS14,-0.6658265555750826
ADAMTS17,-1.0424253533347814
ADAMTS16,-0.948122634347149
ADAMTS18,-0.9313272176247065
THSD7B,-0.9057333834194601
LRRC25,0.49796863613661557
ADAMTS15,-1.0128894797610999
ADAMTS19,-0.9087690809325822
HEXIM2,-0.9487537671578464
DOK3,-0.10188717434115492
DPY19L3,-0.1872587988907397
SMUG1,0.4537225406364673
ALKBH4,-0.6176560944650767
NUDCD3,-0.49691642820743803
RFT1,0.5647978161218563
SLC37A4,0.397081172479148
THG1L,-0.24545420035303978
ANGPTL8,-0.9854083880223589
ST14,-0.33677519477608125
SLC40A1,0.6473945236725418
FAM174B,-0.7861001399792609
MGAT4A,0.28131238557839056
GALNT6,0.30798588748607614
FAM168A,0.033451980390692346
SMCO4,4.900903693861037
PNLDC1,0.7387513319252477
MSRA,0.9271810824851278
SLC46A3,3.1112934147355493
LAMTOR4,1.0246404927334651
NLRX1,3.089684968892822
CDH24,-0.7504806016339468
CDH12,-0.8031211493223284
CDH9,-0.9215558761028791
FREM2,1.077880765868668
PET117,-1.1683488078225832
UQCC2,-0.3023480569147786
FGGY,0.6657938935560936
SHPK,2.7758592235814716
GK5,0.44961342748288585
XYLB,0.33928245356052567
MIXL1,-1.2040065266741296
ZNF74,-0.8466285890824209
PLEKHH3,-0.46719518838074836
FAM110D,-1.2573439272748286
SNX25,0.10123858776659858
MAMSTR,-1.9634491179775468
HRK,-0.8908631945507359
TMEM102,0.28592993547340034
THAP11,-0.3258891126136487
ONECUT3,-1.1621461561974595
ZFHX4,-0.8349768012998947
FAM185A,-0.9009715199534256
PRDX6,-0.47287144459776725
MACC1,0.1461532278888414
SFRP5,-1.1309637738833729
DNAJC17,0.03698939993351216
ZNF169,-1.0565645062178854
SLC26A1,-0.11536760824502404
TCL1B,-0.9484117072858235
HSD3B1,-0.11648749475742577
FOXE3,-1.6304425219880792
NENF,-0.6900018874875584
LIM2,-1.0371980181099631
MAGEC2,-0.35221546451986324
GTF2A1L,-1.3707145449835212
AMBN,-1.3712548365386705
UPK3A,-1.10019524597235
ISL2,-1.1658861866224561
VAX2,-1.4359190032922988
VAX1,-1.3141571216003791
RGS11,-1.1157586662694763
SAGE1,-0.9832741356970743
HLA-DRB4,0.34060581497379044
VWA5A,2.630044200485905
SAMD9L,0.013548735447441316
TRIM34,-0.17238206790268853
SAMD9,0.31515063770229607
SFT2D2,1.6451679933248273
SIAE,3.065326782023287
LILRA5,1.2520663068400983
HLA-G,0.5158850994198989
NINJ2,0.6102631483638776
TNMD,-1.0039962935530442
HOXD8,-1.0983173154298982
HOXC9,-0.9281232859292893
BCDIN3D,0.3431992845358997
PSMG3,-0.4454629534993911
HOXC12,-1.2452982941954363
HMX2,-1.157519349544607
RAVER2,-0.6027149276524971
WNT9B,-0.7707058599638748
KRT36,-1.2349120553104942
LHX6,-1.2191560621411028
CASS4,-0.7362323137183592
CAPN6,2.0026055766496094
IRX2,-1.0673631357040578
BARHL2,-0.6662083725752633
HOXB4,-0.9223605219857051
HMX3,-1.6728628739432347
SMR3A,-0.8992041361732983
WASH3P,1.0040570632659083
HDX,-1.3945738989325807
ARGFX,-1.040472864727737
SLITRK4,0.7555395210412517
SCNM1,-0.4744730233392781
UNC93B1,3.5365240726021407
TLR5,-0.04380584577829344
SELENON,1.069989553287953
CYBC1,0.6820847984165364
CTC1,0.15703466463778143
ERO1B,0.7000114271515969
FKBP11,0.6028175105960308
TNIK,-0.28619789588320155
MAGEH1,-0.022606439936703113
GGCX,1.0718232765257094
PFDN6,-0.5063946675201418
MLXIP,0.055282357571569817
CNPY1,-1.0984880053424897
NKAPL,-1.2080209671845474
HBD,-0.0329038547221714
IPMK,-0.35956532740754377
PLCXD2,-0.7673282488644135
PI4K2A,0.2653458102866478
C2orf70,-1.1710184941738564
ARHGAP28,-0.8529724797604346
PIP4K2B,-0.6494617924484035
AC007192.1,-0.43270544442116776
INPP5A,3.2256394177239542
SPEM1,-1.270808742984439
DGAT1,0.36748673867443465
DGAT2,0.03217468407500623
SPACA7,-1.1061450697140507
PLCXD3,-0.15815397531887954
EFCAB3,-1.3367652757536888
PLCD4,-0.45307508170536326
PLCD3,-0.28249992215186137
RGS17,-0.7285493079134878
DGKK,-0.1897728534167049
WFDC11,-0.9945294613823736
CCDC172,-0.9499163088484319
UBAC2,2.9399071618581036
SELENOO,0.11986064689443526
EDEM1,0.7255830824892244
NUBPL,-0.22154337929297127
SVIP,2.386869933878616
NUB1,-0.16587414794277475
HSCB,-0.12870000404582954
USP38,-0.33685457608188824
ZFAND2B,-0.07506620331248763
AC018523.2,-0.21362104306661261
UBXN2A,0.25833041209533253
UBXN8,0.21448277389320136
TMEM62,1.2659657836165932
ANKRD54,-1.158260199017625
OSBPL1A,0.6254215857173397
PPP1R27,-1.0498592992372981
ANKRD29,-1.0822066454100325
ANKRD61,-1.1366246614817817
ANKRD65,-0.7515385193623003
ANKDD1B,-0.9830204299396103
KNDC1,-0.1445903622751834
RAPGEF5,-0.8220567573839829
SH2D3C,-0.40615709832154107
RAP1GAP,2.6170187224212054
RAPGEFL1,0.13817820395350217
RASGEF1C,-0.31672662139638247
RASGEF1B,-0.8589608972653882
RASGEF1A,-0.47206374377231547
SPIRE1,-0.35074668775632967
SPIRE2,0.235885515403459
DGCR6L,-1.0456756588763916
ZC4H2,-0.870451093519561
SYTL4,-0.027321217714779987
RAD17,-0.8022286082716277
ZXDA,-1.2030735323053194
TUFT1,-0.11694377799576941
NCKAP5L,-0.4989611304064879
TCP11L1,0.28115188430776944
ZNF720,-2.007321360869771
PANK1,-0.11272110456412351
ZSCAN32,-0.3779122734268156
ZBTB26,-1.2878324986281295
ZNF75A,-1.4000215802449067
ZNF75D,-0.7241072701734707
DDIT4L,-0.6203153360576963
NT5DC1,0.29697647306616415
SNTB1,7.58332474088532
PKN3,-0.7716755774228863
ZNF786,-1.043295032088249
ZBTB39,-0.8834750315959201
ZNF740,-2.3190916214689454
DTNB,-0.847052458134178
VIPAS39,0.5230936043270848
C17orf82,-0.6904591325113277
DOK4,-0.5796800994247449
RTN2,0.5255979522977541
ALKBH7,-0.05669619079292578
ZNF777,-0.6952033560365275
MCRIP1,-0.21749703925986383
METRN,4.238702994094895
MOSPD3,3.2803606030607013
SAMD1,-0.05944861747421235
PHOSPHO2,0.6085025042844994
AAGAB,0.7378792555392355
CCDC32,0.30476951336074803
KLC3,-0.32464541945600245
NOVA1,-1.372785055257683
TRIM58,-1.1049806881161826
KIF4B,-0.03932063930751921
HLA-DRB3,0.21883269794169036
WDCP,-0.6531974642410302
PRICKLE1,-0.15726971114725366
TMEM35A,-1.25695200750142
LAMP5,0.5663489945367325
HAPLN1,-0.8319790802334935
MAPRE3,-0.2789631430900549
KIF26A,-0.15596966433265427
ST8SIA3,0.36499229029545344
OLFM1,-0.8466598184127222
FAM171B,-1.0739386210016506
ZNF365,-0.7485885450886869
GRB7,-0.6068329384210283
RUNDC3B,-0.2923094275428365
C4orf19,-0.6739370769294067
PRR15L,-0.7434172642264611
ICA1,0.017408228049454782
CLDN7,0.4331350208348124
ANXA9,-0.3911805781614975
TFCP2L1,-1.1738903679268924
CAPN9,-0.9225024778171068
AGR2,-0.5388280599095906
MLPH,-0.38299303469875984
PLCL1,-0.45923463345877985
PIP4P2,-0.28669992207174183
ANGEL1,0.5174581358192931
PDE12,0.25220216328350215
CYB5R2,-0.08916527036045015
INPP4B,-0.2841842601268694
AC138969.1,-0.9422621330482022
PLEKHA4,-0.41986596671206156
PIK3R6,-0.5485757497001218
XKR4,-0.9654617552182524
SPRED2,-0.28449676987069294
ARL14EP,-1.1630761060693717
GPS2,-0.32506024417144774
PER2,-0.35058772384537185
ARHGAP22,-0.7008768848955625
MAFG,0.461111138835337
ERG28,0.6169715970333937
HPGD,-0.09997517081429681
ADO,-0.2828963023225036
C15orf40,0.8647396965863912
ALS2,-0.020647585850090893
DIO2,-0.47298207447923596
SLC2A11,1.6582327596783684
BSX,-1.0273938321057803
SMCO1,-1.0891309626012513
PDCL,-0.5910667573804679
HNF1B,-1.1001423739668066
ARMCX1,0.23797751958912775
AC023509.3,0.24596434994412864
NPAS4,-0.5435042627160697
ULK2,-0.5072987650507615
MBD5,-0.6545730978026135
MAMLD1,-0.7465046830756936
RAPGEF2,-0.1855051518093471
MAML2,-0.376659272928594
GFRA1,-0.5195126478792591
PSENEN,0.8329160283361711
MAPKAPK2,-0.2673856074486708
C2orf49,-0.5769150113522301
SPATA2,0.5596922111420063
NKX1-1,-0.4399662604092367
LBX2,-0.7394000523398953
NANOGNB,-0.3215203526419165
KANK4,-0.03571168073547577
TSPAN1,-0.3653382992632543
CCNY,-0.5263683297420705
KLHDC9,2.0114899949830005
DNAH2,-1.3039592803209707
CCNI2,-1.6377844758049287
C9orf116,-1.1524261628333643
CABLES2,-1.7892129571953554
ZNF620,-1.0113335931082152
ZNF552,-1.7299645520664644
ZNF724,-1.3424775948983618
GRB14,-0.24106363978245468
KIF16B,-0.3390978228958287
RADIL,0.737264643336583
MTSS1,0.12277723083271483
MARVELD3,-0.12163908322844619
PTPRB,-0.7978698841046292
SYNGR3,-1.1279935531741367
PAIP2,-0.1036933633129624
TRIM16,0.5220172968854783
TRIM16L,-0.10709509264228713
FRMPD4,-1.1693219491512576
TRIM47,0.35730666427234764
TRIM65,-1.113780284531776
FSD1L,-1.379888061416625
NUDT9P1,-1.1255767532735124
TMEM120A,1.2930375032094923
ENKUR,-0.8706537931150071
LONRF2,-1.0301095335857702
RFPL4AL1,0.16774216378106652
RFPL4A,-0.7093223145745279
FAM71B,-1.2285009954059194
PTCHD1,-0.539972498461446
H1FOO,-1.2687449908343567
SMIM21,-1.4246992646225547
FAM122C,0.16275347884615599
OR8D1,-1.5254456912123935
DEUP1,-1.329341860184881
ANKRD31,-1.3377291853761106
LIPJ,-1.145369812671734
AK8,-0.5858334748509457
CNBD1,-1.2622565501089558
DISP3,-0.5124791788581534
SERTAD4,-0.9501741687506313
C7orf61,-1.2592769813573927
MRPL53,-0.2265874920365101
RFX8,-0.8948015436912968
RFX6,-1.195423642739454
CYCSP5,0.36371223096738853
PRKAG2,-0.07118914610683623
PARP15,-0.24224708542861534
CMC4,-0.313972840243454
MRPL52,-0.6838543716067206
RETREG1,0.051526387642876134
PELI3,0.013641780168058396
C19orf18,-0.7161441864857041
OR6B3,-1.354801971578276
SPRED1,-0.30802380945335023
KLK9,-0.49837177033493807
FAM122A,-0.7042829831035331
MSL3,-0.48143664000544933
SPRR4,1.3729015678260534
MSLN,-0.31006447015740596
SH3RF2,-0.5056352603931599
TET3,0.44767241815584036
TPMT,-0.2063239080570539
PCIF1,-0.3050065387733715
TRIR,-0.47602940679076944
ITGB1BP1,0.1403542754536114
RUFY3,-0.14955914026982223
TARP,-0.716144186485704
GPAM,0.18124139593383695
GSDMB,-0.7431608571433457
ORMDL1,0.7186758682361803
C3orf62,-1.1122884138732612
DTD2,0.14903487458196327
ZSCAN1,-1.1385451056485913
LOC102724023,-0.4157914797456621
FOXS1,-0.524363606743662
ZC2HC1A,-1.2060668101850764
SH2D1B,-0.4386583244013309
DENND6B,0.20876451740051613
DHX58,-0.06574273749401245
ZNF385B,-1.0424606834173331
ZNF322P1,-2.3707340170918174
CATIP,-1.7359466466189308
GUCD1,0.10444260362931874
ENKD1,-0.8069545258230024
C14orf93,-0.8796752744999926
KIR2DL3,0.2677257017641123
PRICKLE2,-0.5426382502038464
C19orf33,-1.1063582566533832
RD3,-0.7098486625315884
HAVCR2,0.11165708437417057
ARHGAP24,-0.5019254577318043
MRPS6,-0.18652602486498945
KIAA1841,-0.8155373780820382
NKIRAS1,-0.184565487729687
MTURN,-0.02672016619970802
IL20RB,0.7664877728856193
HOXC4,-1.0773352485717953
MRPL10,-0.5200889742665131
DNAJC30,-0.17579780687372173
PLA1A,-0.21255917833597776
DCUN1D2,-1.287320437718605
AIFM3,0.06830944543313838
GRASP,-0.07585936239366561
ZNF486,-1.0343485250988527
CIART,-0.29128548375199825
BCL2L10,-0.22785006206466663
BCL2L13,-0.14937596739845727
NTMT1,-0.3998895991039367
AP4M1,0.1779979118109495
PLXNB1,-0.3064407556189932
CCDC149,1.5639878707002117
BLOC1S5,0.7076010119154797
FAM3A,-0.36841420198067193
SMIM11B,0.19966661427437882
SMIM11A,-0.23835666706148065
C6orf118,-1.3189048978288676
RNASE11,-0.6579544639692199
TEX2,-0.11236087029425394
ZSCAN18,-1.1577352328063637
LRIT2,-1.4389237259671548
WDR45,0.27562285369142825
TBC1D20,-0.1454268358612937
TBC1D26,-0.8271340019348219
ANKS6,-0.877417372261104
METTL25,-1.196889739637169
CXXC4,-2.4678446541101686
FSIP1,-1.4838332390811688
GSTO2,0.10528617488511205
VASH2,1.7438132527168708
ZNF839,0.17792692823319484
APOBEC3H,-0.757605913979378
RIMS4,-0.7352219562923307
LIMD1,-0.24027654980407953
TSPY2,-0.5032067141056121
C4orf46,-1.1720902112399745
TMEM255A,0.11082852019774422
NCR1,-0.17802446575851552
RNF183,-0.4433814069575047
EEPD1,1.570082668329729
SYCP2L,-0.8773292352706955
ZXDC,-0.790265323528086
TMEM175,1.421211438332592
FGFBP2,0.40516369982661204
SYT6,-0.6446566780373161
DIXDC1,-0.11221514667412771
TASP1,0.29807265418557677
MESD,5.79636200642545
SCHIP1,-0.6630414861639798
TCP11L2,-1.079365052438584
HDGFL2,-0.4023362827529392
ALKBH8,-0.3325529638336323
TIGD1,-0.7235468991241314
DNAJB7,-0.2967247629118188
OR4D6,-1.2074582621434586
TTC23,-0.7265401525497522
RTL8A,-0.25711400311086763
VCY,-1.1732205795241313
C3orf33,1.0136542233162065
C3orf36,-1.4737625902750833
CES3,0.22634738850662772
EBF4,-0.8012074903916386
CDPF1,-0.5283490330730285
CTRB1,0.5395996860684928
FAM3B,-0.21488094427616297
OCIAD2,0.42332549473460784
ATPAF2,-0.3414435774663425
KCNAB3,-0.5529250314370272
PPP1R32,-1.0499949592017168
HMCES,-0.7802299993983486
ATG13,-0.026355132505286778
FRMD8,-0.16890250744056232
NMNAT2,-0.7953497682403842
NMNAT1,-0.4622091047491597
GPR61,-1.0374275815923784
C9orf78,5.40265881717361
EFHD2,0.3729918503545268
PCDHA7,-0.1949582367722961
TTLL7,-0.8444368271024121
PCDHGA12,-0.4549978205079181
ANXA8,1.10065274139714
MEST,0.4142524760366781
ZDHHC23,0.12891878082632616
COQ6,0.2242791106412849
ZFYVE1,0.22274585584377316
SUSD3,0.5392271967698471
PITRM1,-0.260129420812119
CCDC60,-1.3537210141759684
PRSS33,0.030421602265318908
TMEM183A,-0.27649067735793303
PDZD4,-0.41946744320634755
STON1,-0.5581682464585638
PDZD9,-1.3671738561808837
GPANK1,-0.8411772773792929
TMCC2,-1.1132277340828058
MARS2,2.5532729997542662
CCDC144NL,-0.716144186485704
PHYHD1,0.9453970849148191
CFAP58,-1.7252665754531995
LOC403312,-0.716144186485704
USP6NL,-0.32711297983915544
PASD1,-0.9765298996604082
SCG5,-0.5208752132181074
DDX43,-0.81560765716692
GADD45GIP1,-0.5569159471254472
SERF1B,0.9224665574320877
CHCHD6,-0.08239238695607168
FAM151A,0.415370475962685
FAM133B,-0.7834652824162625
PPP1R17,-1.2980441450006395
PNMA8A,-1.5476822126229064
PTTG2,-0.4573337783436373
SPIC,-0.7099156068211532
FITM1,-0.47626117116310535
SRARP,-0.6686363518744397
C1orf115,1.0411153254523278
C12orf65,-0.5863131541718976
ACBD6,0.2663967720842916
ACBD4,0.20903592881332156
EVA1A,-0.2962077257228019
AKAP4,-1.7998621200278906
DFFB,-0.8391799207486234
VCY1B,-0.7161441864857041
KIFC3,-0.5765647600571029
SLC41A3,0.7471278621351586
CD300LB,0.2348020229414533
STARD10,0.46711583826911063
CRADD,3.3006596263636467
PRR15,-0.4755593152308593
FAM53A,-0.7161441864857041
CELF4,-0.6676390970794911
CCDC190,-0.6688997453704078
PACRG,-1.0547435186707574
MTERF4,0.09703260508380057
PRSS1,0.02796130566744046
TSLP,0.11404867391412149
THAP3,-1.1390942303727738
CARD18,1.1284767556785953
RP9,-0.017241409913389395
DNAH14,-0.5001823814220363
GNPTAB,0.20525493563623995
IL26,-0.1849732567773352
FAM50A,-0.05920754010363618
FMNL2,0.3382751559375856
FMNL3,-0.2607295841006856
KCNE5,-0.616378753360966
PPFIBP2,-1.2167171089620599
CCL26,-0.8121137698043218
SEPT9,-0.20563604069269587
SEPT5,-0.6880649776648707
SEPT1,-0.35580923231967543
DPCD,-0.4595757878893921
CDK5R2,-1.226717523051928
GIMAP8,0.31482169250464165
CXorf56,-0.08642204919846846
MOB3C,0.36903727788350577
C18orf21,-0.3868413399583626
MT-ND3,-0.1404995785289327
GPR107,1.0197609234475196
RITA1,-0.1394722106444515
ATL3,0.111701960752511
UGT1A10,0.15073173473166884
CSAG1,-1.3184613386367812
ZNF2,-1.4840679215121426
ARID3B,-0.842360003821291
PURG,-1.465361944300894
CCDC28B,-0.8489858738548393
FAAH2,-0.2657355952253387
SNX21,-0.49087997726453797
MAGED1,-0.37234260449405
RSPH10B2,-1.296180516590047
CLEC12A,0.28190421210223104
LANCL2,-0.27055950345394025
SERAC1,2.069629948144122
PLAAT5,-0.9561662322039308
C19orf12,0.3368384239064102
ERMN,0.2765331591001757
LSMEM1,-0.8341680623591675
LSMEM2,-0.834089413975573
ST6GALNAC6,1.3901136191051893
CAMKMT,0.523091507166355
WARS2,-0.3529980413218005
KLHL32,-1.2169729446587725
DGLUCY,0.9142283914828205
JHY,-0.4688233853096125
TEPSIN,-0.5058370187220763
C11orf45,-1.225908788390327
ARNT2,-0.9236261679197716
CRIP2,0.7467898601299079
CAPNS2,-0.685641780567784
NBPF3,-0.6869804720107007
NUDT16L1,-0.7090710623415253
PDE6H,-1.232721987345041
BEND2,-0.48675029853041013
INIP,-0.8725335361258658
QPCTL,0.0244971603622925
NAA80,-0.6765238188969428
ZNF641,-0.41365638629053175
PLA2G4C,0.6450284030690655
PLA2G4D,0.3638146693828474
CHRFAM7A,-1.2483265773829542
ROPN1L,-0.8683837868400869
NEO1,-0.8838649463936686
RBPJL,-1.2781637377534014
CAVIN4,0.4486635072800705
CORIN,-0.29051818549863767
PROSER2,-0.0709989304484787
MRRF,0.5106895756437864
MPV17L,-0.38181242685493255
BSND,-0.08704027067147385
TTLL6,-1.152012125635533
TCEANC,-0.7866068517605231
YPEL3,0.4576837024618823
C11orf53,-1.127036816946208
C11orf52,-0.36724165942692544
CLDN3,0.1376937344963378
C6orf203,-0.3327776634285713
TRDMT1,-0.5639790438611263
NEIL1,1.1490050008803998
NLRP2,1.2950312327649935
FILIP1,1.6152421838046178
ARL6IP6,-0.28982526360043065
CRACR2B,-1.0056197713648942
ZGRF1,-0.8824013589753805
PRKRIP1,0.6987708062954684
MCU,5.389975388449065
ADD2,-0.0306564827737097
EPB41L4A,-0.1416269289842972
LURAP1L,-0.01878698933369671
C7orf50,-0.5933974461170937
NXPE1,-0.7880560113247274
NXPE3,-0.5628368997512876
METTL8,-0.6440863710571668
ERVFRD-1,-0.9854475943238625
QPCT,1.397356425849446
SMTNL2,-0.7814434959524307
MKNK1,1.9979740324007411
OLFM3,-0.15491823985236117
CAPSL,-1.0102654249199035
CHURC1,-0.4802870076531337
MAP9,0.5196594186351416
PRXL2A,1.218970529969893
FDX2,-0.43701244429591357
KIAA0825,-0.969721873805509
EP400P1,-0.5754622752550652
KCTD18,-0.7144232710366616
ZNF449,-0.7541754327602025
L3MBTL4,-0.3583105555123149
SERTM1,-0.716144186485704
SERF1A,0.6280390361909749
AFAP1L2,0.510582114624708
IGSF10,-1.0363954953129393
CCDC107,-0.1734453399306385
C11orf71,0.06887862489752446
SPATS2,-0.989224365477876
TCEAL2,-0.35767570948917
CHRNA7,0.03672092986267483
IFNA8,-0.4048575325382354
IFNA2,-0.4605692905893255
SLC48A1,1.7655000594662926
OR2A42,-1.4325764484338723
C1orf174,-0.7679156128584604
LRP1B,0.22456958033227684
RAB3D,-0.30796448363953155
ARMC7,-0.5141390529905304
PLEKHG2,-0.7509793049998701
LIN7B,-0.3455318297917541
TAFA1,0.002743892285687216
NEGR1,-0.5553181900111824
DBNL,0.5097126672369956
PKIB,-0.4166290090294796
SYT7,-0.5560036615269061
FAT3,-0.6896078314035677
SYT10,-0.9330749544771879
LRRTM3,-1.12106750754443
NLGN4Y,-0.5599330459072035
ARPP21,-1.138689866925409
KIAA1549L,-1.122245271733036
ZNF804A,-0.4866572568934197
CBLN4,-0.4948888767937271
CADM2,-1.2633725802213085
NLGN2,0.08632752905200561
CNTNAP5,-1.126935340767199
BAALC,-0.5657592637110554
SHANK3,-0.45683654465910295
ANKRD13B,-0.8235682709186177
NOL4,-0.7988621840615121
SLITRK5,-1.340867181235593
SLITRK1,-1.2589150173457424
SOX14,-0.7786883434207069
KCNK12,-1.0681198591913943
RIMS3,-0.6139570862016894
ADGRL3,-1.2255918670056256
FAM131B,-0.6486911844646606
SYTL2,0.32232702426873505
SYT4,-0.6767732820834879
CSRNP3,-0.7086551886876336
NXPH1,-1.61577662000119
PCDH19,-0.7485421663355112
SDCBP2,-0.5690688287098521
SYTL3,1.1836265155104375
PCLO,-1.1797651540032728
SNTG2,-0.20583877786326304
NSG2,-0.7596402840968733
GPR173,-1.0966887905154223
KIAA0408,0.30833287091599926
FAM155A,-1.7113560852400729
KLHL4,-1.0759322004756149
KCTD16,-1.3031976764794513
SCN3B,-0.6305879087135967
ST18,-0.01481714227312005
TENM4,-0.7292914077245146
OPALIN,-0.8674251456911103
LRRC49,-1.004054456991781
XYLT2,1.0311606643660158
INSL6,-0.5368525086351055
ACAD9,0.00744503632179894
CCDC65,-0.6041657843178615
C19orf48,-0.8550815835734507
NR2C2AP,-0.9935033022994603
PPP1R35,1.296328865361406
ARSG,5.994009839851894
MORN2,-1.2203482231073364
TEX43,-1.2547493318945728
TBC1D28,-0.9048140694018261
SPATA18,-0.6062364498723732
TMEM232,-0.8204686236963518
TMC1,-0.7779621827448958
ARMC3,-1.5021452423744637
NLRP13,1.0425719959925501
NLRP9,0.6771918032065634
NLRP8,-0.2930958747814339
STARD5,0.41839759623531714
FRAT2,-0.12372787952244207
AMER1,-0.5931742273947221
CIP2A,-1.0558900896983232
NOSTRIN,-0.38372581205076606
AMER3,-1.3850135276294844
CGNL1,-0.849320224534492
DVL1P1,-1.4218702524678353
MTFR1L,1.0542318395574883
AGR3,0.5519206227751166
CTTNBP2NL,-0.9362331661675514
TMOD1,-0.3356839517308825
SYNC,-0.5198139298934891
CCDC88A,-0.2141891296204849
GLIS2,-0.7091267640761311
TCHP,-0.8906402142713727
KIAA1328,-0.08378212095838782
PLEKHM3,-0.4553608169957626
NAP1L3,-0.8958124799951585
C1GALT1,0.5183781765825671
NAV2,-0.262705667354474
KRT23,-0.7715869209651658
NCKAP5,-0.12967769586368197
SCAPER,-0.6908797474022211
SYNE1,-0.4326396196511478
WNT16,-0.21656289195969158
AMER2,-1.35116086574491
TMEM179B,0.8526192022797167
PQLC3,0.19439814688453816
TMEM107,0.11412351491102381
TM4SF18,0.6489991604199723
FUCA2,4.341528963713839
MTRR,-0.22587973411023052
PIGM,0.3952360351705765
GRPEL2,-0.21064819598473591
STARD9,-0.04558131872884444
ARMC10,-0.4701053038100189
CBR3,0.21047261217899052
VKORC1L1,0.17856852583303118
MREG,0.5462043154896413
C16orf96,1.0931952585268567
NETO2,-0.18934531855018713
GAS2L3,-0.5416574719963125
STK19B,0.2523505957922018
C12orf45,-0.7168853852028071
AL669918.1,0.35132999566474965
C17orf75,-0.31119465385041584
ELOVL6,0.3530269110250587
LTO1,0.6170081609685931
NOA1,-0.25143610270420697
COQ2,0.21536602770770952
CLCC1,0.4413494329326755
C5orf51,-0.5244430726270212
COQ8A,0.20010882406485506
QRSL1,0.5575444944769405
TRUB2,0.036353988344993565
MT-ND6,-0.21790084262338383
PIGH,0.8073513567958657
LYRM2,0.2567128028170235
CPT2,1.71214864785388
LYPLAL1,0.0036556583163207244
THNSL2,0.29970575079777567
ZCRB1,-0.17738611299131132
PCCA,0.2147750382439832
AC034102.2,2.1813186892095904
NUDT3,-0.24307742432594553
LIPF,-0.06167214927822511
DHDH,1.3566659495174467
SLC5A12,0.02903058847464669
TMEM92,-0.6537151332399257
HES2,-1.4356259572444474
SLC6A19,-0.1427936270638168
SLC23A3,-0.06489876679024571
EPPK1,-0.548200256542839
ZNF511,-0.8599340926321682
AARSD1,-0.5083598427260521
PPP1R14B,0.020691657575811765
TMEM141,1.0997895340686459
MCRIP2,-0.3854738462851141
TIMM22,-0.06655717847743363
MIEN1,-0.09281946874820916
COQ4,0.4194045026699132
SLC35A4,0.789808582324822
CAND2,-0.32182293748068175
SLC25A39,-0.274092828022603
NPPC,-0.5143374796761134
UNC5CL,-0.001128772121315157
MEAK7,1.8831488007995443
RFFL,0.11860075714076064
NRK,0.6824307402441252
GSDMD,0.5084367527344311
UNC5A,-0.15994708588557308
CASP12,0.7924861632360747
TICAM1,0.3119593077330219
ANKDD1A,0.8656985880489089
PCSK6,-0.32356693427088656
BICC1,-0.9548962902977229
CYB5D2,1.5531761701498683
KLHL36,-0.8872116836548141
PCDHB15,0.5348524065493079
ZNF398,-0.8026832266454206
KLHL23,-0.10207832499183649
STRBP,-1.488813148004092
ZBTB34,-0.7889793104034141
FAM117B,-0.5333063300301668
C16orf87,-0.9088882314276029
NKX2-4,-1.7802620090025123
C2orf69,-0.4202562493286802
TAF5L,-0.6138629596716806
FAM217B,0.3705773704480554
RGS12,-0.698651067024631
ABHD14A-ACY1,-0.3531715217947702
PDP2,0.13921130301390838
ZFP57,-1.5073186825257472
RANBP17,-0.195955496629322
MRPL54,-0.4241992148437999
TRAPPC3L,0.6922791111366499
MCEMP1,0.13468398737236165
TPCN2,0.515640063833992
BCL2L14,-0.46711860633939994
STXBP5,-0.20353525924634963
LGI3,-0.6662153636730056
KCNAB2,-0.39415564600271635
SASH1,0.337537942188037
ARHGEF9,-0.5778348373086467
MEX3D,-0.31240883121136176
UBASH3B,-0.2990860637928951
DOCK3,-0.1591011603396124
RASAL3,-0.3187917354180163
TSGA10IP,-0.9821020769835602
SOBP,-0.7997999078877326
CCDC187,-0.7355961893202019
PCDHB14,-0.7164033575247677
NUDT18,-0.2682578998112417
BAHD1,-0.41983001240471923
GGACT,-0.5828691995547026
COA1,-0.7845123431161153
RASSF10,0.17009009895599103
GGT6,0.18565624588897
OPLAH,0.8177220220898433
GGT7,0.4067612178800246
NLRP12,-0.32198044920912466
NLRP4,0.39211183437752667
NOD1,0.016708111232995124
PYDC2,0.56949850596459
PTGES3L-AARSD1,-0.5010138112827194
FRG1BP,-0.5000311993890836
STAC2,-0.4058925664494714
CPNE9,-0.9961973776818247
AGBL3,-1.2018620471003016
ATXN1L,0.06531914124620258
KCNE2,-0.1964853392756331
GTPBP10,-0.6493638644396246
DNAJC24,-0.47660350935053813
ZCCHC7,-0.37406310793242653
RNF169,-0.6067755128982026
OR4D2,-1.5669403028886904
ABRA,-0.08375100719455796
ZP1,0.4753978440643251
POF1B,-0.44170812772838447
AC011462.1,1.4373492984692173
USP17L11,-0.24476124194828278
USP17L5,-0.27065814481538447
USP17L22,-0.2447612419482828
USP17L20,-0.2447612419482828
USP17L21,-0.2447612419482828
USP17L17,-0.2447612419482828
USP17L15,-0.24476124194828278
USP17L12,-0.2447612419482828
USP17L10,-0.24476124194828278
USP17L19,-0.2447612419482828
USP17L18,-0.24476124194828278
ESPN,-0.9659804664489282
FHDC1,-0.20088160708124744
FMN1,-0.33105415183925524
FMN2,-0.6121414701376372
LSS,0.4523564942046029
FHOD3,-0.64758282261784
ZDHHC5,0.6924924831074597
ARHGAP42,0.3433068891863027
PXK,0.5834686813080402
WHAMM,-0.41228069847978155
GRID2IP,-0.1609598043951745
PACS2,0.3431571012225942
WIPF3,-0.13054187109553897
RAB11FIP1,0.10586108673106254
ZIK1,-0.8772614031912269
ZNF800,-1.189880631421557
ZNF736,-0.3386270832177889
AMIGO1,0.697690971958991
TEN1,-0.34384714180082976
MSL3P1,-0.5857855611988917
ASPHD1,-1.1124055307745677
PNMA3,-0.9083018489765784
DPYSL5,-0.17304967447845898
SEZ6L2,0.2786638069208636
DEF8,-0.1024124983614181
AMDHD1,0.0220217358996185
AMDHD2,7.173322865319468
LGALS7,-0.20269595739892324
PLXNA4,-0.03168634745355582
AC011455.3,-0.5900635444099761
CSGALNACT1,0.530711404992792
CD109,0.6132244057621531
ST3GAL5,5.16663182581739
FADS1,2.965888478736607
OTUD6A,-0.8942600315164118
PRUNE2,-0.46793287196546846
NCBP2AS2,-0.3831665503303131
LCE3B,-0.6091922524543549
VSTM4,-0.9104797432785966
ANKRD30B,-1.0009306275933652
EMP2,-0.041639688246261554
MT-RNR2,-0.5069976384289846
GALNT14,0.3016406827191198
C8orf4,0.08013349008841304
TTC9B,0.43595721781845337
ZNF784,-0.6158673860479474
TMEM108,1.0871818921576797
MDGA1,-1.4854503494511475
PANK2,-0.34469563007991383
PLEKHA5,-0.49269563758140256
TBC1D25,-0.46819337326733823
DUSP15,-0.978736398922659
NOTUM,-0.9136476365126064
SSUH2,-1.4666967815037926
IGDCC3,-0.8759586064706862
SUSD5,-0.1477350107990478
FMR1NB,-0.73792794244446
LRRC45,-0.6658650743379859
DNLZ,-0.6068786415884692
OTULIN,-0.2975586711202571
NEXN,-0.3011046669862732
LRRC24,1.0475667125034032
TMSB4X,0.5652955665911773
OVGP1,5.734525239318095
NYNRIN,-0.09670306378728645
KAZALD1,-0.47025904112021977
SLC41A2,1.1885041523543383
SLC16A4,0.7712691604956313
GSTM3,0.6471304131736982
LDLRAD1,0.3184107259534385
MS4A3,0.3068942108012775
SPAG4,-0.7310919639952607
TCF21,-0.9585474044923805
LMBR1L,0.24016147550927822
ORC1,-1.6946780334563902
CKS1BP7,-1.0442892153724932
KLHL13,-0.9060046406251699
SIRT4,0.22171136206483674
DCUN1D3,-0.4280527483129179
BTBD9,-0.4441022100587459
LRRC58,-0.9854819055053752
MRGPRG,-1.2798250494057055
ATP23,-0.6172556135382293
CCDC167,0.48392458019952067
CMC1,-0.25553123286109264
ZSCAN9,-1.3525079941247928
GJC3,-1.1325161545807199
GJA9,-1.143603530762052
GJD4,-1.170157409818542
CNST,0.03872637699956808
FN3K,-1.2460648417811988
GJA8,-1.4487202864543223
KREMEN2,-0.7254082482904498
BFSP2,-1.4787870066853073
CLEC14A,-0.36471595206456503
ZP3,0.636505692977745
CCDC3,-0.8757331409258337
PHF20,-0.6179377522924926
DLL4,-0.5511360877966575
IL1RL2,-0.48129624737439614
KRT12,-0.9657325852988596
FCRL1,-0.30573481178262535
CEACAM19,-0.8759289907116539
ARRDC2,-0.7104805616285417
PRSS56,0.27927265972410426
SNX14,0.9203828236257771
PMS2P5,1.6558780292938795
OR4D1,-1.3090410898414846
ZNF397,-0.007187222362294366
KDM4C,-0.7434212053218467
KDM4D,-0.2880873598449339
FAM13A,0.2703963413323906
JMJD7,-0.07788677354059048
RFPL4B,-1.2908428818039985
GPATCH2,-0.3722182955439175
AGAP4,-0.2658407754352046
ZMAT1,-0.5142809011200035
CBX2,-0.9940842394202116
RASSF6,1.1146830049896046
ETV2,-0.18277291482588948
ZBED8,-0.6069330889066594
LRMDA,0.665638569131035
DNAH17,-1.8762423286026095
GPR22,-1.3153618152298998
CHRNA10,-1.089112612352234
AMELY,-1.5662620600522852
CSMD1,-0.19182170272204097
LY6H,-0.05997990162512458
ST6GALNAC5,0.03910285037630661
CALY,-0.9067149503211589
ARPIN,-0.8699817185238887
NATD1,-0.17141673320576667
FSBP,-0.6853317442312982
AP5B1,-0.4969076821410132
TEFM,-0.17759581889876316
MIGA2,0.37118862951145204
PALM2,0.3514018795466805
ENOX1,-0.8528402151297315
NUDT14,-0.3130809862674878
PNPLA1,0.13780557425473033
TP53RK,-0.24559976966962171
TMEM203,-0.100628490517674
DPP9,0.16711432136720236
EBPL,0.20376219236951607
DHDDS,4.351811007026185
C9orf64,0.5242671879045991
ANKRD40,1.1790821391133188
MLXIPL,0.13381567054904583
TMC4,-0.9257231241191299
SCGB1D4,3.4417873722460985
NPNT,-0.14566767673150222
PNLIPRP1,0.07442387214662965
TMC2,-0.5582989032472585
ARHGAP27,-0.4655424007309114
TMC3,-0.6255358013843606
FAM53B,0.21217516743665324
TMC7,-0.789853677940294
TMC5,-0.5746125951033548
ZBTB25,-0.241249432909153
TMEM38B,0.51085728088126
CFAP206,-0.545934791316399
OCIAD1,0.17017796316619588
TECTB,0.224605739932789
RTL3,-0.5957508838403479
TMEM200A,-0.2595295572991368
CA14,0.08444225465331207
OPN3,0.6448316199247894
SGF29,-0.8092961854448916
MAGEA6,-0.6441222601693088
SDR39U1,0.08722787305135288
AL162231.3,1.494678554670714
MFSD4B,-0.11253032737398226
B3GALNT2,3.1984363763768853
SCFD2,-0.31008232524922474
EEF2K,-0.1330630621650711
BHLHA15,-0.35895129178622154
CLEC3A,0.7784476543163453
PGAM5,-0.5043705287571443
EPM2A,-0.7911462342183699
FOXR2,-0.9220571806041973
TRIML2,-0.3810153281502701
AKAP7,-1.1883582771068182
AKAP2,-0.41301321154020026
CNGA2,-0.811152522739583
LOC653513,-0.2541465195280532
EIF4E1B,-0.37992000078030225
PDE4A,-0.8921473291316753
PALM2-AKAP2,-0.7444325598297976
CCDC61,-1.0183706845669411
WDR92,-0.07828366811853785
PDE4DIP,-0.16160048791750833
ZG16B,0.7435373531628213
SLC2A5,0.06513492481534529
CRYBG3,-0.49210865489791206
MAATS1,-0.9182888858034675
C2orf88,-0.7657642573208733
SSX2,-1.2029819044973755
AMY1C,3.2516781458801627
AMY1B,3.0258566625708156
FAM49A,0.621743753043453
TUSC3,0.31234608062769864
LDHD,0.028657242761354767
ARRDC5,-0.2869315110077249
CAVIN2,0.28710351250394345
PIK3IP1,0.5280409466168163
TP53INP1,0.07102337539042945
FAM91A1,-0.05573843151936959
GRHL1,-0.7150231398390726
MAB21L4,-0.3916477653886108
GALNTL6,0.5240611366655724
GALNT3,0.19349291226201534
GALNT16,0.3073570610806117
GALNT13,0.47730127915144355
RIBC2,-0.7451398907118882
HEATR5B,-0.5650470740972149
GTF2IRD2,-0.6240219455169335
GET4,0.5016827367695735
TRIM43,-0.6553478139729892
HUS1B,-0.6141294425824019
AGBL2,-0.8112082195487699
FAM57B,-0.8758976193644252
RGPD6,0.15718075218268615
FYB2,0.3826990952404276
MMP15,0.09102502072402704
TRAF3IP2,0.7211788233632577
AFMID,0.0988017480881202
NUDT12,-0.18485576425712016
CLCN6,0.21786679835193834
WDFY1,0.04995539483237954
C11orf74,-0.4424811270024842
LMF1,3.5952385160184415
NRSN2,-0.19585967437263688
RGS20,-0.6553409708290281
TUSC2,0.3669472170257769
TMEM185B,-0.5427524042916633
TMEM79,-0.494268976119996
TMEM128,0.6010507226027074
TMEM69,-0.21747785188812108
BORCS7,1.9253747142063393
ABRACL,-0.25161291211197984
SLC35G2,-0.04621055685529426
C3orf14,-0.8821145254572851
CLN8,1.37632090883307
THAP10,-1.1922386212720744
SMYD2,-0.7102412233120106
CENPS-CORT,-0.8277600628049939
ZFP62,-0.8686528753315266
PPP1R26,-0.14139638988094058
POLN,-0.2750744641792455
PEX12,-0.18298279614979615
NACC2,0.29117909386036267
PRDM7,-1.7449118573444595
DBNDD2,0.5413815043984912
ST6GALNAC1,1.0513345849940248
SCRT1,-1.0538014985917716
C6orf47,-1.0642878570412713
CSMD3,-1.741582150473001
MMRN1,0.184483680544677
FRMD3,-0.27255734960010136
FOXD4,-1.0232342929980882
NLRP14,-0.5183312265335894
RHEX,2.0411021952410273
FOXD4L4,-1.5248906390448012
FOXD4L5,-1.7838121287958681
FOXD4L1,-1.4313959651408175
FOXD4L3,-0.6225702345643714
HBQ1,-0.9966925948808499
RHD,-1.3178889215434615
CFAP45,-1.1692138368764349
RSPH4A,-1.1605259345816394
CFAP126,-1.1386827663591164
C7orf57,-1.0212710897117212
VMO1,0.8184015698902247
PPIL6,0.046985796210346376
TPPP3,-0.1625056612190449
CFAP157,-1.2203659562506837
CCDC153,-0.1983181738487043
MORN4,-0.6554426945040946
CABCOCO1,0.5321252392244757
CCDC170,-1.1348561719884243
NME9,0.5566920865594188
RAD52,-0.6247834718023398
IGHV3-9,-0.3318774872118547
CLSTN2,-1.917483198309971
AC105001.2,-1.1303878198654542
ZNF396,-1.2008179633967226
LRRC43,-1.6143320076523855
PGBD1,-0.6694477838177653
ZBED9,-1.314044192967444
PROSER3,-1.4210727908608545
ZNF174,-0.6954939912799123
ZSCAN30,-0.9911649057436418
TXLNB,-0.8790055093874606
KRTAP5-9,-0.05144556892087084
C1QL3,-0.8016362595247403
GPR158,-1.2948427977835104
NRSN1,-1.2722850227105884
TMEM151A,-1.2519601410984444
CREG2,-1.1059227783582493
HEPACAM,-0.9941248725799551
PLD4,1.1116324838790068
QSOX2,1.063895959384795
PNPLA3,0.0700747662352583
PNPLA5,-0.1042648480380421
DRAM2,1.4922293713229648
PAFAH2,0.1813299779386402
AWAT2,0.2335278176489599
LPCAT4,0.8657280094246761
LPCAT2,0.9825927932878751
LPCAT3,0.7017422228056226
NECAB2,-0.7470633265323082
HSD17B13,-0.4090227188101294
APOA5,-0.5998045425056685
GBP7,-0.9728316088213129
SLC25A47,-0.896470862385045
SERPINA11,-0.4509829179334927
PGLYRP2,-0.7024734905113048
SLC13A5,-0.8880743204838534
OIT3,-0.6242051154488865
RTP3,-0.9505070852041948
PLGLB2,-0.6068347853934525
EXOC6B,-0.7266533133539425
ACOT12,-0.4550090611747516
SLC27A5,-0.45412234953957203
CLCN4,0.015489986363873874
CLIC2,-0.004547852060807468
TP53I11,-0.25858767484645706
SERINC2,1.4354562841755358
PHACTR3,1.7221875034539964
AADACL4,0.3656473886894542
C1orf122,-0.33392672756535374
RTL9,-1.7870952667434465
WSCD1,-1.2551753931283332
ACOT2,0.6023663302356052
PSG5,-1.5006985224384521
SHISA7,-1.5426244835215004
CBLN2,0.29020736566311756
AADACL3,-0.5127989739527627
TCAF2,-0.4422831417110342
TMEM39A,1.0164695864543258
TSBP1,-1.3747423646960935
PRAMEF10,-1.32082306224039
AKR1C4,-0.30926103513725994
EXD2,-0.04985355392256984
KRTAP4-9,-0.9859806976684206
GSDMC,-0.36963128376943344
KRTAP1-4,-1.0523658565630145
LCE1F,-0.806525886814991
KRTAP4-1,-1.0139324253471893
KRTAP9-1,-1.0330941251981787
KRTAP4-3,-1.0071879342048162
KRTAP4-6,-1.084328736883827
TMEM190,-1.095520448908932
NKD1,-0.6604108137338268
KRTAP5-8,0.5382027161780518
LCE2A,-0.7834060963905773
VWC2,0.16102094233608757
KRTAP4-8,-1.0178866664175334
KRT74,-0.9909002343849759
KRTAP9-9,-1.00379804860002
UPK3B,-0.23751602927236742
KHDC3L,-1.3024999909095856
AC002310.5,-0.6006286758948173
NTF4,-0.5937540531527807
NKAIN2,-1.0721000318081055
PLK5,-1.65330213003472
PLXNB3,-0.4429637974559023
TENM1,0.1558195917075808
ANKRD66,-0.40418110541968905
MRPL55,-0.5369849633357895
RPP21,-0.018407653609221423
ABI3,-0.02836103491676369
NOMO3,1.8561299044301862
SLC52A2,-0.3191623599365847
ADPRHL2,2.461652081928715
B3GAT2,0.5262769893114633
KLRC2,-0.29661318601337056
TTC38,4.099286166902539
CLEC4G,4.437486482631632
MROH5,-0.70962052876129
TMEM176B,0.8854150647783002
REG3G,-1.1688344054598476
MMD2,0.6787983655516714
ETV7,-0.433752384379102
ADAM33,0.5539098487910105
TMEM86B,-0.4991222779855076
TMPPE,3.992862203177167
TMEM140,1.9326017976594114
SLC43A1,-0.2498908841894062
TMEM144,-0.030191077697035024
PAQR8,-0.43031234312244815
BCAS1,-0.603607477086619
PLEKHH1,-0.48763023475627376
PAQR6,-0.14068221933751168
ANP32C,-0.9953907005481468
ZNF781,-0.8802312362418379
ZNF695,-2.896568761573844
SLC50A1,2.699008977295824
PHTF1,0.3601935308395047
DUSP16,-0.6888857202196198
IDS,4.823226205085694
AC067968.1,-1.015188828112069
GSC2,-1.312565385398586
CRYBA1,-0.30884022254855853
IL17C,0.024091173001564704
ZNF81,-1.6903943660881249
MRPL45,-0.7436497595586669
NFXL1,0.0647373081742823
SPIDR,-1.1666044240797613
BEST2,0.4659107427612006
NPVF,-1.0457340169472207
DUSP9,-0.718546243990152
PCDHA10,-0.14125206745900815
TIGD4,-0.9324298517970362
PLEKHF1,0.7015011260046935
DHRS13,-0.06740987234059416
CCDC89,-0.6089188187540086
TPTE2,-0.4713938342923099
OR52I1,-1.1245837481116088
RNF180,0.5935866594839189
SOWAHA,-0.27260238610315884
ZSWIM5,-1.007498467422637
ABHD17C,-0.04696526929759451
FAM110C,-0.3111690236755107
SMYD1,-1.5504526241074343
SOWAHD,-0.07691710736196233
FAM111A,-0.5566572516676314
PLEKHA8,0.3752828999699015
C5orf34,-0.6308674201742415
PAQR4,-0.9657639911161895
CHRNA5,-0.8504545349106987
NCR3LG1,0.3504427222921979
PARP14,0.015281869827558945
IL15RA,0.18960954617544123
IFI44L,-0.04930194939266212
POTEF,0.4231260113768045
FCGR1B,0.6237875283644866
SLC25A16,0.256893980979297
CCL8,-0.13283304082462305
KLRG2,-0.23195620993846833
GXYLT2,0.7894362786504686
TMEM246,1.5234951012758113
FAM210A,0.7685592700118546
AL645941.2,1.008376810943387
GBP3,0.2520364438225159
GBP4,-0.0643627905651777
TMEM201,0.7786118719356089
TRBV12-3,0.0873321425092159
TYW5,-0.5259005417671246
SERPINB6,0.9318633434194693
OTULINL,0.7581958654707147
PTPRS,0.4831476026573287
COMMD7,1.2847161582873634
COMMD5,0.5098704534112349
MRFAP1,-0.0684476920173804
WBP2NL,-1.1775105820390181
SIMC1,-0.389256516645464
FER1L6,0.8798820612935658
PCDHA9,-0.1410766523249314
LONP2,-0.024988881546911715
MLYCD,0.19960148345111126
PCDHA2,-0.08428241095976005
PCDHGB5,-0.43263379837514715
CA5B,-0.39582912230789846
STK36,-1.109943163087254
TIGD7,-0.7846120495817569
CT55,-0.8692581140640323
SYNM,0.07870805085874286
FGD2,-0.3505386812703232
FAM167B,-0.44338140695752487
ZXDB,-0.6215677678961777
RIMKLB,0.16150286711065334
ZFHX3,-0.4508020791839838
ZFHX2,-0.4016075184790649
PSMG4,-0.43531728075221054
GSTT1,0.16834510411648948
RNU11,-1.0565234273941706
RNU12-2P,-1.0826375483067492
LSM10,0.1865371615729352
SNRNP48,-1.0529135984237992
SYNPO2,-0.7935757862404326
FRAS1,-0.7778710420108508
SYNDIG1,-0.6377464014453464
SLC35F3,-0.26638152838922463
MTFP1,0.07761828649801263
C19orf25,-0.23808665877935667
INSYN1,1.8194279039957744
COPS9,-0.6343025197667529
BORCS6,-0.21138556764657906
LIN9,-0.7352760083477784
LIN37,-0.34593246351650875
ZFP30,-1.2987949726138666
KLRC4,-0.23181823723135575
LIN52,-1.631557785361086
MRVI1,-0.20722555655791905
HSP90AA4P,-0.7684201992012263
SLC14A1,-0.30146433766771896
BCL2L12,0.41800381713132756
SLC35F5,0.33658112927698597
PAFAH1B2,0.11543328096135566
PLEKHA2,-0.6599217583247683
LACC1,0.332157235032354
NOXRED1,-0.4310545367954037
PRDM15,-1.4367045592724972
SLC25A17,0.01520555274243817
CDADC1,-0.5017645087828
RAD9B,-1.3372372342995538
CCDC34,-1.2640858280047071
RHNO1,-1.3793820128670142
FAM222B,-1.349162144914029
MSRB3,0.8447520217210954
GLYCTK,-0.22140620453938198
FNDC4,-0.43372833935083127
EIF4EBP2,0.35463671501094296
TCP10L2,-1.7335865144183142
SIPA1L3,0.12784569400267806
SPEF1,-0.9923461889040608
OTOR,-0.2654102645877711
CFAP46,-1.073962250670607
TRA,0.268398061413396
TBC1D2B,-0.23390821687498714
OLIG3,-1.1168797611746892
PEAR1,0.539069776511655
HSFX1,-1.2904592761397318
FAM78A,-0.3721428179934925
SHISAL2A,-1.1383696640780008
NFAM1,0.2654675106774266
CARD11,0.08337362667047085
SHC4,-0.20996582220964044
CLNK,-0.012770447779380419
KIR3DL3,-0.1767721450886948
PRRT2,4.106130336202706
ZNF853,-1.0827215364492098
PTPN20,-0.5504881954310091
DUSP18,-0.5071472090826322
GPR75-ASB3,-0.7176806309690947
LGSN,-0.07205535529721628
DMRTA1,-0.7888940809493321
TMEM233,0.13951568924948343
MFSD6,0.7336359761850719
SLC41A1,0.7665109088342582
PRDM6,-2.874719502441893
IFITM10,-0.42207429009578296
AC068533.4,0.06559257587183016
LSM14B,-0.40819662487579245
SH3D21,-0.6189029747608911
OTUD7B,-0.3047076362559929
TNFAIP1,-0.09988944998978194
C2orf68,-0.20226249160822696
KCTD1,-0.23645440048200708
RBMY1F,-1.230346808224662
SHROOM3,0.2219964047726144
RBM45,-0.3637994280957196
GOLGA8F,-0.3232859681813243
FAM120C,0.0987744270191823
EIF2D,5.179689277031962
KIF21A,-0.608307415707423
DEPDC7,-0.7539154775167398
ISY1-RAB43,-0.4841829601873055
HNRNPLL,-0.2244945803521602
MYO15B,0.012294605999013442
MED12L,-0.863562678338023
SFR1,-0.43006702680090475
TNKS1BP1,-0.43240734236290845
GOLGA8EP,-0.4531430373309257
ZNHIT3,-0.6321081501020529
MAGEE2,-0.2843546846115543
LENG9,-0.5955224214516223
PSTPIP2,0.0028066184781350926
SNX12,0.17321662636896124
SPATA5,-0.2900782591550777
RPL9P7,1.875388590494934
ARHGEF19,-0.7047922591005823
SCGB2B2,-1.5457712972045983
ABLIM3,-0.02018876524324151
STARD8,-0.19840483784123744
ZDHHC8,2.595751726003675
SRGAP1,-0.5589384630363894
PLEKHG5,0.23232844110661807
NGEF,-0.6151507670843729
ABLIM2,-0.6188992395965731
FGD3,0.43619900285416563
IQGAP3,-0.45114422153330214
ARHGAP40,-0.4320644932964104
ARHGAP31,-0.5082421174520212
ARHGAP36,-0.20259243064157617
ARHGAP39,-0.515431278014919
RBM41,-0.9606153013057723
ARHGEF35,-0.3162032623284421
ARHGAP8,-0.5810975450073691
ARHGAP4,-0.2476601035189353
ARHGEF37,-0.15988268022942193
ZDHHC22,1.440779288904749
ARHGAP23,-0.45082781180854076
ARHGAP20,-0.15756029923390188
ELMO3,0.10298981565125888
PPP1R12B,-0.746715012235133
SYDE2,-0.5217529626518368
ARHGAP11B,-0.7371474411035558
ARHGEF26,-0.6635569601817499
TBC1D3F,-0.1479094136388369
FARP2,-0.580011287418337
AKIP1,-0.34667516814244836
CDC42BPG,-0.3757121723034362
FGF10,-0.8502135931243535
SNX31,0.21217556275384417
HPS4,0.5768985603657323
NOXO1,0.09192748085384575
EFNA4,-0.2911090538410133
INTU,-0.144646966186917
DNAJC5,-0.15834611049847372
FOCAD,-0.8177833318794282
PFN3,-0.934434049960687
SLC16A5,2.437089585729798
KIAA1217,-1.4676512212631962
PKIG,0.4214119083167612
TVP23C,0.2551713220325989
KBTBD4,0.01911342914781611
ZNF28,-0.9295050411081759
LOC81691,0.08688106395281286
DCAF8,-0.03162824007952081
AKR1B15,1.2773172135970934
GSTT2B,0.19712592315458796
KATNAL2,-1.6909903370272115
AC026464.4,-0.9658599512109205
ZNF778,-0.9929257554771518
RHBDD1,-0.286001466694707
FAM104A,-0.3361450505973693
TMEM129,1.1332760823049837
AKR1E2,0.9794476875072102
UBQLNL,-0.997378536117918
AKR1C1,0.45779155703529373
AKR1C2,0.5580666010175527
AC010132.3,-0.3354620866913243
CPLX3,-0.8053858276901315
CPLX4,-0.6498730393192217
PARP10,-0.3050904025157998
USP9Y,-0.49236434590959877
ABCB11,-0.582904756304526
GRIP2,-0.18106489588545793
EVI5L,-0.26935938194584086
C3orf67,-1.4436774305332611
C5orf52,-1.0297245384699922
STRIP1,-0.4295023907945613
VCX,-0.46340236669677587
PAGE2,0.6280871259198185
WEE2,-0.6343863284609148
ANKK1,-0.6955467409356358
FPGT-TNNI3K,-0.559125139063654
ADGRA1,-1.6628523961324793
MYLK4,-1.0341353877944777
AC005833.1,-0.9633365018378005
MEIS3P1,-1.1526199842087792
AC004080.3,-0.07681920018282666
CCM2L,-0.687546666252959
CLCNKA,-0.5291531802680092
MKX,-1.1723688073557652
POTEI,-0.008157903965642282
KATNAL1,-0.7893576630952855
PPT2,2.4205752540329395
CCDC88B,-0.942378909486705
ZCWPW2,-1.1710317986909402
CENPBD1,3.329079191982287
KRBA1,0.6977830430771289
NKX2-6,-1.1410576395429124
TMEM196,0.6563585662369165
C1orf21,-0.28500039034190205
FAM151B,-0.591812669034408
EMX2,-1.3744958068657442
PEX11A,0.7754647315680917
NKX2-3,-1.3579706590325875
EIF1AD,-0.67329559436239
KRTAP3-3,-0.6553349989769707
SLC26A3,0.06143244099881593
EIF4EBP3,-0.7904848499587773
SDR9C7,0.05510136190131981
GDPD3,-0.16730163819329777
PYURF,0.7908217858366058
NEK10,-1.3173245533019633
HLA-F-AS1,-0.6566387496416842
SMIM14,-0.08616299932874265
TMEM19,-1.0524319565264406
ALPK1,-0.897140596795789
KCNH6,-1.2867973490177673
PUS3,-0.41588878474307095
NSUN5P2,-1.6734728982618148
SLC25A26,0.005332962038586188
RAB11FIP4,-1.2314835651339224
CCDC7,-1.3712217213463178
LRRC31,-1.2655797359678123
LGALS7B,0.02557403562991603
CDK5RAP3,0.08770937650398643
SPATC1,-1.2425323562987984
ANKRD24,-0.6337773614502522
TCP11X2,-0.9380261643280045
PNCK,-0.45102889759757486
PRAMEF5,-0.7343280615707142
PRAMEF4,-1.1541868710932668
PRAMEF15,-0.7343280615706872
NHLRC1,-0.052214093171365286
ZP4,0.9004846351228206
LRRC23,-1.8584900766794588
RDH11,2.67009332696606
PPM1J,-1.4536562028679432
SPATA9,-1.3613827372731417
PRAMEF1,-1.2071585047569986
PRAMEF2,0.8798820612935657
FAM71F2,0.5170497329073819
MYORG,3.8148330123920657
UGT3A2,0.6064192254321352
ST3GAL4,0.9178913581547943
TONSL,-0.9350467320935747
PXYLP1,1.125655101282429
TPST2,3.743757283419453
DISP1,1.2318514470064796
FUT11,2.062798784856559
DISP2,-0.6129199954652319
DNAJC15,0.0455213830367846
TOMM20L,0.4870489580514337
MTIF3,-0.5103706103808132
THEM6,-0.060295740510891385
MTG2,-0.4964743687373123
AC139530.2,0.038515465725153346
MRPS21,-0.2587126400104387
ALDH1L2,0.07239091355664344
SLC30A2,2.9864759949523885
TRARG1,-0.2126298304376675
SLC27A6,0.12531611301753312
SLC27A3,0.6051826036152586
CPT1C,0.15776070385839386
PNLIPRP3,1.467381411272153
SLC35E2B,-1.1309016844386717
SETDB2,-1.3538171897715165
AFTPH,0.39072726526643575
SAPCD1,-1.5042067642047203
TSEN54,-0.9022545155363144
C11orf80,-0.14836511698820556
KMT5C,-0.9780110361352711
STRA8,-0.6588812440246673
HES6,-0.9724705696174251
HIST2H3PS2,1.5279388526611988
ZSCAN23,-0.8080335988594891
SH2D4A,-0.3621323574609106
CCDC71,-1.5342121540371814
RDH10,-0.053286814212212444
LINC00908,0.2653585091708055
TMEM159,0.4603466901658597
GPR34,-0.25956654574534155
RRNAD1,-0.21094570341044824
WDR13,1.152432850898545
ZNHIT2,-0.48327336397376053
GPC2,0.3476838704616528
SSBP4,0.2258100585743555
UGT2A3,0.09600850657200524
UGT1A8,0.26551032950911296
UGT1A9,0.05442756812306324
UGT1A5,0.3364185505563106
UGT1A4,0.15809865596409284
UGT1A7,0.2224373085910483
UGT1A1,-0.03280069131420149
UGT1A6,-0.18416719922909341
UGT1A3,0.051550208329373834
UGT2B17,0.11826374567730584
UGT2B10,0.07427752742562119
MGAT5B,0.4940881215889668
RGS8,-1.4816479703237708
XYLT1,0.4070499183076934
UGT2B28,0.005733224841753695
VXN,-1.4203642481911656
ACP7,5.905051452301684
TTYH2,0.6552535232092218
PTRHD1,-0.5961139550684442
RNASEH2C,0.13404105503433816
PDRG1,-0.39184449431161056
CECR2,-1.4757094813208544
GUCA1C,-1.3481885880730236
CKMT1A,1.8240284946255403
CKMT1B,4.9737057470873705
TRPV3,-0.6552356833052148
PHKA1,-0.7590237835986567
EFHD1,-0.7138143836044785
ASIC3,-0.7250093907031249
IQCG,-0.6086571142507228
IQCE,-0.41966834850470924
UNC79,-0.8725234070826515
MYH3,-0.39052772418575005
FGF11,-0.9548162510889412
ARL6,-0.7159904326645983
TRPM5,-0.1404734476535176
C11orf65,-0.496206498744252
OCM,-0.10451186433002024
TRNAU1AP,5.557017018475512
LIPK,0.753779008773999
NDRG3,-0.43497292940046317
PDE5A,-0.7293269254105578
CTIF,0.5010087486430223
FLACC1,-0.6867848922251663
LOC102724652,0.2548734362838907
FAM86C1,0.7182134494518343
C10orf82,0.10551368074057192
SLC35E3,0.673445496503239
KCNH7,-0.9292292490668853
SLC22A15,0.45893741484566797
C4orf3,0.33741575994182116
SNPH,-0.7838460908370516
STXBP4,-0.09624648182395035
PPP1R3F,-0.7936509922197255
PPP1R3E,-0.44842871394138983
PPP1R3B,0.5429435836129292
NAPSB,-0.49901230313443745
C1orf210,1.785817434286009
MAP6,-0.7490558601193398
GSDMA,-0.5614540909103
PJVK,-0.14218593205718424
EBLN2,-1.0347860185675157
FAM83C,2.2997356143356993
EVPLL,-1.4342428319913114
TMEM56,0.30950670129622243
C1orf68,-0.8956776066904889
TMEM223,-0.047960629149225366
TSPAN14,1.8151097465799595
NAT14,1.7285286298859897
SLC15A4,0.3307242036454886
GPR89A,-0.44392927496910345
STUM,-1.1496908913299957
TSPAN2,0.7316692210681714
TSPAN32,0.5464737784383363
TSPAN33,0.31236643310122
POMT1,0.9562074739557304
DHRS9,-0.388664470711839
CXCL17,-0.924099378755408
TMEM91,-0.5364704998618861
KLRC1,0.21962973250816611
IFNA6,-0.6989931038091267
C6orf136,0.10965806963081134
C1orf226,-1.3256049314475138
FOXN4,-0.16366391671506125
MAP3K15,-0.9394829221407713
DBF4B,-0.8788202614935744
DCLK3,-1.8688091976302688
CSN1S1,-0.7019632703385257
PMF1-BGLAP,-0.6682422855916386
LRP5L,0.4324275127782286
DCAF15,-0.8605498171855267
SIPA1L2,-0.6304627490501122
HPS3,3.531498115780319
KIZ,-0.9466995262008782
RPP25L,0.3532120376294823
CLUL1,-1.914985285683576
FAM72D,0.49642388065316256
FBLN7,-0.21808937641376744
SPATA33,-0.6252494830071447
FTMT,-0.6998532171426912
MROH2B,-1.2064056908550613
ANKEF1,-0.886758361470879
GTSF1L,-1.1106238463889824
ZNF559-ZNF177,-0.7926421961152056
SLFN5,-0.32641453737628434
MBNL3,-0.33438129072300005
FAM210B,-0.769656417033483
FAM104B,-0.3949053247677141
CRISP3,-0.19062038057427128
LRG1,-0.16764800148054004
LRRC75B,-0.9673849938054568
RETNLB,0.5982196382542778
MEX3A,2.270763116985994
PHGR1,-1.2564603391662819
ANXA13,-1.1903418978218847
TM4SF20,-0.2950647561830586
FRMD5,-0.5663250116604703
TMEM87B,0.6212599551513004
NKX6-3,-0.4032425554871814
CCDC68,-0.04148136541244206
TRIM73,-1.2703195045564857
PHETA1,-0.5859592162455446
RCCD1,-0.293035117812146
MYRIP,0.4549102822075753
SNAP47,-0.19363864491916072
SHISA6,-1.127704262030471
KRT86,-1.151125088817748
SAMD7,-0.001759213992076031
CCDC24,-1.0866583093919915
ANO3,-0.8625381707585619
BEST4,0.532302988188254
ANO5,-0.40512766863644806
ANO7,-1.209478563354373
SLC26A7,0.4772842360944983
ANO8,-0.668765515374942
ANO9,-0.8004337949941801
ANO4,-0.610943312400728
ANO2,-0.6946392921836063
BEST3,0.5161435404622194
TTC39A,-1.2795359855680903
FAM131A,-0.6235772206353517
TTLL3,0.36996641143510367
MBLAC2,-0.4612564626918557
PLEKHM1,0.8462662438931552
FLYWCH1,0.6856401680763806
BAIAP3,-0.7463904262979248
TMEM106A,0.4819525122765736
SLC26A9,0.6143402623718872
TENT5C,0.05388654734782608
H2BFS,-0.635648566261186
HIST3H2BB,-0.6140225374939358
GID4,0.02098282096096458
HIST1H2AL,-0.6045343407578927
EID2B,6.687860565047731
DPPA4,-0.6351392777157182
RIMBP3,-0.9026290551867041
FOXR1,-0.6479334443624284
PLEKHG4B,-1.2931302113093608
DPH7,0.6650527702618229
BICRA,-0.6032873312128159
BCL7B,0.01769186482061134
SERPINB9,0.003230732270118685
SCX,-1.41679009998251
ZNF639,-1.0013013649867772
PWWP2B,-1.15383709485735
ZNF594,-1.0338109922429437
HDGFL1,-1.534611648632912
ZCWPW1,-0.707244946454235
JADE3,0.3860494131101526
RAP1GAP2,-0.0354620559759487
ZNF418,-1.1633169263817278
ZNF550,-1.190806702182609
YY1AP1,-0.7649560000155562
AC005324.4,-1.7684892452696552
METTL23,1.05865439110753
ARL11,-0.27154776613351134
SAP25,-0.8998679191934751
DNAJC28,-0.19181484112074318
DNAJC22,-0.1519352757259484
EIF5AL1,0.7767707882350077
DNAJC25-GNG10,-0.6389976848283198
HSD17B7P2,0.33438095212844215
IMMP2L,-0.10944443542586058
TXNRD3,0.49764244008293745
ALKBH2,0.28987130245324155
CNOT6L,-0.14889388884944363
AATK,-0.2767722036971243
OSGIN1,-0.5175979581940925
CCDC117,-1.05560931478259
STARD3NL,4.192409134589948
SELENOK,0.7230984903159596
SLCO4A1,-0.3227377429093532
RNF207,-1.332588153625887
CSRNP1,-0.0895334677999489
GPR37,-0.4005385552038311
ZFAND2A,-0.050662188956931836
LIFR,-0.09216461148355888
TCTEX1D4,0.6367788407821753
YPEL4,-0.05378656847964516
TRMT9B,-1.2038704177631676
MGAM2,0.8104742845739846
MRM1,-0.5296783110010149
CORO6,0.08712279780506811
FRMPD2,-0.34252524645235627
KAZN,1.5427660847249693
OPTC,-1.5492499671851834
LRIG3,0.016998269088607625
THAP2,2.4569196981530146
PTPDC1,-0.4995484722271447
NRG3,-0.7368723058034395
NRG4,-0.5318714956335312
KIR2DL5A,0.18496991938825968
KLB,2.729356765663802
OVCA2,-0.38598112612433116
TMEM220,0.3369555847709894
LILRA4,0.4320698807468278
LILRA1,0.3123916845519579
THEMIS,-0.37765680725116185
FRS2,-0.2646232440011329
SPRY4,-0.10887210826904183
KIR2DL1,-0.059158606885965984
TREML1,0.0063444086017194305
GAB3,0.5185177051898503
KIR3DL1,0.15732526213347556
MID1IP1,1.1042420721042498
GAREM1,0.8327552423450464
WWC2,-0.76996037639511
OSGIN2,-1.0956287910864622
AMOTL1,-0.507513725592704
OR2W3,-1.3614110239491184
GALP,-1.0327692836165931
GPR151,-1.1553202984035202
OR14J1,-1.641229066592692
FAM167A,-0.17743074794977684
L3HYPDH,-0.20842500475291098
PPP1R21,-0.32171377335136375
RELL1,0.08298136363955996
SWT1,-0.3077703291407286
KRT82,-0.4304195556765208
GPR142,-0.9228933439074246
GPR82,-1.3940658613557262
GPR139,-1.0007049816453204
MT-ND4L,-0.07392890019757158
LY6G5C,-1.224745336658513
AGMO,-0.5362783266641368
IFNK,0.20630144607662906
IFNE,0.985541513779966
IFNL1,-0.005165139173555229
IFNL2,0.13721019347506463
IFNL3,0.28055938700421434
IL17D,0.35520817249246167
IL20,0.2124106377260504
SFTA3,1.1566236412389395
SFTPA1,0.14718761726368568
CCL18,0.2905849693579959
PTRH1,-0.03182070158849229
ATPAF1,-0.14455527170944266
EEF1AKMT1,-0.65600783206929
AC135178.2,-0.48621769379479873
OGFOD3,1.368950984426689
MANBAL,1.435762966931446
C1orf43,1.0320080725472822
FAM118B,0.5486320159752361
CCRL2,0.13025300000339787
VNN1,0.36865701058104966
MILR1,0.6410711426900142
EGFLAM,-0.6620616629686259
ENOX2,-0.23119533950276228
ST7L,-1.2946346717539439
CA3,-0.4221441355420443
SYBU,-0.06212681198770622
PPP1R9A,-0.7271860425091339
SLC24A5,-1.5225554179187424
XK,0.10400629939192597
N4BP2L1,0.008746972686192431
CHADL,-1.9247171710643622
ANKRD55,-1.3501486044869149
FMO5,-0.032181905286549885
KCNJ12,-0.6648559940722014
RCC1L,0.9486882482343109
USP32P2,-0.4799200896169423
AL360181.3,-0.8339122328305748
TXNDC8,0.6262786161646543
C10orf67,-1.194873559148422
TAS1R1,-1.6744079376726697
SDHAF1,-0.5902778550735017
SNHG32,0.38397793728253377
CDNF,-0.004448510789669064
TMEM247,-1.234108962729174
C18orf63,1.2202639974831475
SNX32,0.5495249230956323
KLHL26,-0.9629814578612408
FAM156B,1.20493311865667
FAM156A,1.905277364374411
CCDC196,-1.1915787909024715
SNX20,1.454370239005716
FAM81A,-1.1541911567832501
GAS2L2,-0.7342028270685161
PRPF40B,-0.5790280531361209
LYSMD1,-0.3888884987968813
JRK,0.3300989619879011
EXOC3L1,0.5791007007946748
FAM13C,-1.6659054742483874
CEP57L1,-0.7576746946141674
LSP1P3,0.44163327232245153
CEP95,-0.9843921728169908
AARD,-1.2909999758508477
HABP4,-0.01540223490760738
C2orf80,-0.4716814069378312
PRND,-1.082697972909985
GTSF1,-1.5309621821359052
DEFB119,-0.9434244315082729
AXDND1,-1.3458417542896708
KLHL15,1.2409068507581056
LENG8,-0.40700433156425553
PSORS1C1,-1.3253693016888266
CCDC179,-1.1997981574712
DMRTA2,-1.4460509643063144
SNORC,2.18738455560044
TFF3,-0.22964899194095745
ZNF852,-1.103249166027447
ADGRG4,-1.9285805624508
WNT7A,-1.0664242030608015
RPRML,-1.3545299867954137
GXYLT1,3.179995145130993
LYPD1,0.02305890777474023
ANKRD9,-0.8607909240387076
NEURL2,-0.8384387621163885
MICALL2,0.03841812256424666
RRAGD,0.581101060632439
NDRG4,-0.28811697219416305
ELMOD1,-0.5019812849807629
PABPN1L,0.3329107931858068
CELF6,-0.9029501026810145
CD101,-0.5463564805928302
BCL2L2-PABPN1,0.43589225212493016
AP002990.1,-1.0789506490741827
LIN28B,-0.8549565446530428
RTL4,-0.6191273460700213
AC245033.1,2.4798108056720967
KIR2DS2,0.43332687198229053
GPR89B,0.029769088524177756
LRRC28,-0.9033294339436759
H3F3AP6,0.10687728570140712
SFXN2,-0.7412698290500191
AP002373.1,-0.9755276367534926
SBNO1,-0.5527551144447196
FCRL5,-0.7444486714353926
SMIM20,0.037492959653974096
SH3PXD2B,-0.19112999147786314
AL355916.3,-0.555751310118518
MAPK15,-0.9913631959425836
CBSL,-0.4007596947848183
HAS3,0.7681767126391134
SCML2,-1.0034624308395674
ACKR4,-0.0014082306776775095
MT1E,3.8434119170200747
HACD1,0.3988015449831423
KIF26B,-0.7106869554530453
SBK2,-1.2951238799825489
SLC12A8,-0.08360876292504965
SPDYC,-1.5147678748963234
CSNK2A3,-0.2581941066043017
MSS51,-0.35865368724367913
GANC,4.206276351982074
ZSWIM8,0.10773989514791242
KLHL29,-1.0108021923396644
SLC25A30,0.06415076058549946
KCTD21,-0.8760455971226272
IGLL3P,0.5416714672681434
PARP9,-0.05049895507613037
BPIFB1,-0.06530914974330544
KIAA1324,-0.6232079841404333
SCGB2A1,-0.3923440309488155
PDE6B,-0.7976902318058358
SDE2,-0.5838160895856854
C3orf38,-0.49617256555929307
PPP1R15B,-0.44891868706626625
KIAA1586,-0.2733151455754927
DNAJC25,0.10271807812898207
RNF43,-0.7001275232993007
VHLL,0.648129868343016
LRRC10,-0.9762530862330716
FAHD2B,0.5067248014260396
CILP2,-0.21557869193853582
PCDHB7,0.6661220767914178
PCDHAC1,-0.17054146042540916
GPR63,-1.209407828990043
HARBI1,-0.2831801186750751
ALKBH3,0.3778123616621022
NFE4,-1.1349713631898044
FRMD7,-0.5838858189323936
LSM11,-0.9160911885853713
TADA1,-0.4733783328611669
SUPT3H,-0.407499936260921
USP17L1,-0.9381945192517549
MEDAG,-1.0427839063480253
RIPOR3,-0.5235377366669794
TBX18,-1.2446495457115039
EIF4E3,0.8560706083207054
RNASEK,2.492697025789039
VILL,0.2612158870159101
FAM3D,-0.7177271115113172
NUDT22,-0.9619725628447321
CNFN,0.2205696965566551
GRAMD1A,-0.044173740260177015
HSP90AA5P,-0.8868838479316202
LZIC,-0.248901525750282
MTBP,-0.8048905643293217
ZSCAN25,-1.2333578680300514
XRRA1,-0.8544746621699011
PARP6,0.07089216707775241
DTX1,-0.3016682241063631
SPRY3,-0.14822546212631474
KRTAP2-4,-0.9569994149551801
C17orf50,-1.0639495536586305
CCDC125,-1.3224453437897643
SNRPD2P1,0.3391657090682969
HSP90AB3P,-0.9480830910230846
HSP90AB4P,-0.6937646349617446
H2BFWT,-0.5320107460779289
NR2E3,-0.9201437119766482
ZNF589,-1.1222201536889786
LOC100996709,2.706707104972162
F8A1,-1.1556788582401831
P3H4,2.4673138914971635
AC093155.3,0.09004523840895193
VCX2,-1.5288248457917473
FRMD1,-0.3874642253897721
CA8,-0.5270367810283946
PKD1L3,-0.7392846593974334
TMEM88,-1.5407286821878636
CLVS1,0.013053046267847779
HEXD,5.970073860575855
SLC27A1,1.0813613485065452
KIAA0355,-0.25864630156127066
ZHX3,1.0044905189407485
TNNI3K,-0.3362715343263453
HMGB3P1,-0.30306458796110286
OR8U1,-1.124583748111609
GLDN,-1.1666645789098655
UNC80,-1.2890630570440473
OR2L13,-1.0055145807166401
ZPLD1,0.48731420405628206
SSX5,-1.1069173526822493
SSX1,-1.6048439875463636
SSX2B,-1.047035819045585
EID3,-0.3920636807217143
MAGEB3,-1.013268145222753
C19orf84,-0.8677938145707103
MAGEB16,-0.21249339841732878
MAGEA9B,-0.5944136425305595
DNAH11,-1.2440642550855956
LRRC38,-1.641707484676499
OCM2,-1.1055088265107245
CALHM6,0.18352098717617574
ARPC4-TTLL3,-0.242963958634817
TOR1AIP2,0.5721307134941033
KIAA1211,1.834172288046171
STYXL1,0.19987577928576664
CPM,0.7318725241370211
SLC17A8,-0.6727621247096722
BAIAP2L2,-0.7618834858584015
C11orf86,-0.9594880489488451
MS4A7,-0.2790940952354598
LRRC66,-1.1032590112871108
MT4,2.0633341226390143
LCN6,0.5118680072749315
LCN12,-0.3356480003041365
LCN9,0.6772698337941203
LCN8,0.19566120584104443
WFDC10A,-1.1374240816305312
LCN10,-0.10293625601577108
SERHL,0.0902758097656917
ZFYVE28,-0.09898957420471434
RAET1G,0.10304319843207342
KLRC4-KLRK1,-0.0688464050837098
RAET1L,0.14010110481451749
MICA,1.0134689966026138
KIAA0391,0.007443741046929654
THEM4,-0.46928053744697795
RCAN3,-0.5509749016556578
TRABD2A,-0.7216369722400744
PIGZ,0.4050794605548092
RIPPLY1,-0.9970635072027779
CCDC183,-0.5563729567773779
SLC22A17,-0.0032102669240373347
IGSF21,-0.03602169930211899
PLEKHG1,-1.0439429109714327
FAM45A,1.3382793104867798
OR52N4,-1.2299822490120746
OR1L8,-1.130253242410964
OR52N5,-1.1245837481116088
OR52N2,-1.124583748111609
TIGD3,-0.9930190616930611
ENPP6,0.34634074261562975
CMPK2,-0.31167704614791647
GNPDA2,0.7523788484930706
OR52N1,-1.1875941224729072
CCDC82,-0.6780282453810398
UNC93A,1.7081508071365825
SBSN,-0.8667453248116634
KRT79,0.20425011696848372
NKPD1,1.1541018248624506
FCRLA,-0.6162141209644513
PPIAL4A,-0.05010794308474733
CCDC97,-0.2548738652260287
PPIAL4C,-1.0821632306369988
PPIAL4G,-1.0821632306370017
KRTAP6-3,-0.42430520015059586
KRT80,-0.9260335513994183
C9orf106,0.7333534942744314
SLC25A18,-0.359301646912311
CSKMT,-0.6360173838296388
RHOXF2,3.729700988991089
CDY2A,-0.9946004553734423
CDYL2,-1.8987820624254486
CDY2B,-0.44029386606155935
ECHDC3,0.445159916383377
AC008982.1,-0.6125121297014796
CDY1B,-0.6262635179451448
SOHLH1,-1.0886715451713174
SEMA3B,-0.799975690762856
FAM160B1,-0.5905634458129658
OR5F1,2.3602260314559076
IRGM,0.6509869258058114
HGSNAT,6.4663153152160815
CALHM1,-0.35968067989854013
TTYH1,-1.6733188717326926
FAM171A2,0.31502627174646974
GRAPL,-0.4991685594293227
NDFIP2,0.89813118103429
PPARGC1B,0.12604378860911158
SH2B2,-0.054314484269309654
PTPA,0.08151645981046318
TGM6,-0.930216063480999
CEACAM3,-0.6157949907453202
ARHGEF28,-0.4070395260985774
SPRR2A,-0.2242708290394514
ARL17B,-0.42217099599008084
ARL17A,0.29589018196280714
ACBD7,0.501172854919044
STAP2,-0.1659306305029761
C1QL4,-0.5257444031456276
ZNF658B,-0.14488913713031468
SRCIN1,-0.7845436988594433
ANKRD18A,-1.6316087975828188
MTHFD2L,-0.8162468243276497
B4GALNT2,-0.04294264704971934
POFUT1,1.9937516964779443
LRRC18,-1.7238040138457167
ISLR2,-1.5426300145131988
ZBTB12,-0.8756726000255661
RPS6KL1,-0.42563194660117126
STKLD1,-1.3763704693190395
SPATA25,-1.384080857783787
PLEKHG4,-1.5185443268286756
KLHDC1,-0.5199617584170185
BLOC1S4,0.4382476580358056
EFCAB9,-1.0257095656111093
C12orf57,0.34687970132607027
CAPN12,-0.8969868650616055
SPATA21,-1.1618564013239958
SYCP2,-0.5493711337797689
MYOM3,-0.6826245150449409
ADPRHL1,-0.9866813786394935
KLHL31,-0.8148087781149892
LMOD3,-1.0823027552134377
LMOD2,-1.1043768525566677
CCDC150,-1.618994797283129
AZIN2,-0.26877244714952264
MPV17L2,-0.6606464516963564
POTED,-1.277938771685722
PDE6C,-1.2273710299175629
VASH1,0.25401661393309216
WDFY4,-0.008712144463790239
KIAA1549,0.38712388502261036
LGALS9C,0.7508791794686299
LGALS9B,0.6263718311682618
LGALS12,0.4680988769089131
PTGFRN,1.5246163546786045
C1orf159,0.6576835634817494
TMEM182,0.0305863213295087
MFSD4A,0.4683436015592076
LGALS16,1.4920185321097468
MT1H,3.5407009049100724
B3GALT2,1.0262350664217512
MIA,-0.6426119507389308
PNLIPRP2,1.6633120629275302
KLHL8,-0.5231862534548674
MGST1,0.11400396095307072
CEACAM7,-0.5289856559769682
SLC22A18AS,-1.2788393386736348
APOBEC3A,-0.025832760201720477
CCL4,-0.1345140020895473
RTL10,0.05642475334154534
GGNBP1,-0.5307675305327746
GKN2,-0.1916546539621278
EPGN,1.398451133032573
ASIC5,-0.5195686372116682
L3MBTL2,-0.8413123810469886
KRT72,-0.8446742564591359
RBFOX3,2.5393207555670454
IPCEF1,0.0849184183239469
ESPNL,-1.2886544276109364
NUDT8,0.07507499817144589
THAP6,-0.5952748667248658
RAB11FIP3,0.14060885850486154
AGAP7P,-0.5809330794831667
FCHSD1,-0.7948216286879377
PLEKHA3,0.19711334704757716
CFAP47,-1.1107869799052958
SMCR8,-0.2343412541854768
TLNRD1,1.7604403107445499
DDX11L8,0.975183323571925
METRNL,0.47088474920127704
LYNX1,0.6087792290871957
CERCAM,1.7216365608428665
TEX101,1.090400854473824
MT1HL1,2.4381428946930317
LARGE2,1.5301998019909429
PSCA,1.038418678852943
LYPD2,1.7499026945354241
KRT28,-0.976066313905309
KRT39,-0.8141907191484371
KRT71,-0.8633053038834527
KRT73,-0.7195902959308799
KRT84,-1.2550114784188782
KRT26,-0.9382315836595174
KCNK13,-1.3647627399835247
KCNT2,-0.5505801119752061
SLCO3A1,-0.1793252122882352
SLC22A10,-0.08621852538685451
SLC22A25,-0.49462733840245476
SLCO1B3,-0.5985575322066917
SLC16A14,-0.11670714459482914
LRRC26,-1.5725773308562314
VSTM2A,-0.4565245594226711
PQLC1,1.6360260362758123
WASHC1,-0.6837988013295464
LOXL4,-0.03313443881498918
GPAT2,1.0542401607140215
AGPAT4,0.16185707313640313
HAGHL,0.9650301979248609
LRRC29,-0.11765227157408344
LRRC69,-1.0956698427942644
LRRC20,-0.19186055683637276
LRRC30,-1.1840096633965949
HYAL4,0.5510007022011515
A4GNT,-0.6175596465139086
GALNT9,0.6476751328988402
RBM14-RBM4,0.8266226823583782
DBNDD1,0.30169554882194677
ENTPD5,0.6199547214660377
SEMA6B,0.0475823155960553
CRB3,0.34778554482116186
GIPC2,-0.48708721785902315
GIPC3,-0.3079650928360166
PKHD1,-0.5596691899395398
ATAD3C,0.27466749520139916
CERS1,-0.05837021229739416
HHATL,-0.37919660299045643
AHRR,0.33839856962904064
ANKRD36BP1,-0.7212225559772525
BCL2L15,-0.11917674544050263
SLC2A7,1.4349179797798641
ALG1L,2.385381995565567
PIGY,0.5573879051397264
PIGX,0.4131366288353864
SLC36A4,0.4969005435970361
PCTP,1.0984394250636
TBC1D3,0.11432056778536559
DHRS7,0.2540784687697128
ENPP5,0.8221993433824629
ENPP3,-0.2518824248917649
ELOVL4,0.6786971939735158
TXNRD2,0.9751268170440326
CLDN8,-0.6411155864427396
ARSD,5.387086666821756
NIPAL2,-1.177044886027326
VTCN1,-0.3898284326107105
PLEKHS1,-0.498851464011054
CST1,1.0504289818972765
CST4,0.6056244291761729
PFKFB2,-0.20331058848993958
DYRK3,-1.079805883908495
ZNF18,-1.0368172352834037
GZF1,-0.11007470668158124
SLC25A38,0.03756564726927518
PHLPP2,-0.5576762905615941
FAM43A,0.3180405519260664
C9orf153,-1.4338798328514926
TMEM254,-0.08018859945783284
CCNQ,-0.18111677953422933
IGFN1,-0.3682883263148355
CELA2A,0.5767964971832643
SERPINE3,-0.030454803198443316
BORCS5,1.297232452459051
TMEM65,1.0279933749853194
BEND3,-0.4736164923474315
ZNF496,-2.037014846744617
ARSH,6.239271854008442
ZNF391,-0.4971655120912414
RSPO4,-0.5948856120171915
CATSPERZ,-0.08981087353031929
ZNF366,-0.7314923734146135
CES5A,0.48669823151762476
GLIS1,-0.9334200747655799
PDILT,0.5216202471639937
ZNF319,0.06839390704981153
CLEC2A,3.1973481554231453
SLC37A3,0.7680989969056291
WNT9A,-0.8505468334218597
SRRM4,-1.2797176772206111
DCAF12L1,-0.8077880408552796
PCDHB12,-0.047129038397293016
C2orf78,-0.9732306387733214
POTEC,-0.4007283484281089
KIFC2,-0.5945851405902812
USP42,3.18935296495622
CRIPAK,-0.6443435687442208
ADA2,-0.6455515159274567
KIAA1257,-1.1296580018635118
C12orf56,-1.2529394182033928
CCDC177,-1.1014130808838973
FUZ,0.05070992212780844
NRBP2,-0.31688775223383076
C8orf44-SGK3,2.135303398417916
NME2P1,5.028516915308429
GOLGA7B,0.4817709226109029
TAPT1,0.543497748750824
FOXRED2,0.6185405328317156
SLC25A25,0.05675785087246671
LVRN,0.5248503551392945
ERAP2,0.6845158164967869
TRHDE,0.5767109872682004
TEX261,-0.29602967043549716
SLC52A1,-0.4694084165575641
RDH13,0.11355213403565777
MIEF2,-0.6214723235330016
PI16,1.0355015365248366
MSH5-SAPCD1,-0.07762270191882585
GSTA5,0.14293739625095195
NHLRC4,1.4930809509936296
CMIP,-0.737883682421415
SH3TC1,1.872489833758962
C8orf76,3.3756345047021172
SPNS2,2.114879554349354
PROM2,-0.37685686622223336
OR11G2,-1.1245837481116088
DCST1,-1.3319079530011597
FAR2,0.10362553987510893
MANEAL,1.7996952284232404
ZDBF2,-0.4811668709452767
CCDC102A,-0.6359907595848213
FAM199X,-0.7725261193381696
SLC39A13,1.9179046182505564
AC006538.2,3.687281033895422
GLIPR1L2,0.18466845424216727
GLIPR1L1,0.6359562812498254
PDZD8,0.11613528219348948
TNRC6C,-0.4623892951210296
TC2N,-0.2465500639464118
TUBE1,0.2616626787512063
RPP14,0.2728283288943341
CSDC2,-0.7826376068923686
TMSB4Y,-0.6124690884429559
PHLDB1,-0.42393853068281356
RGS9BP,-1.535617853016084
PCDHB3,-0.08643427544260114
ACOT1,0.4433367858899325
RNF214,0.22346401022536977
LCMT2,-0.5109847611911318
GAREM2,0.09791880240455215
PRRT4,0.8863968707526964
RTL1,0.2578172285423478
LEKR1,0.7582638637877528
SOGA3,-0.3968382140523023
SCUBE2,-0.001244784872420386
FAM149A,0.7524923792520118
CRLF1,-0.7453072241612013
LINGO4,-1.4609560472132845
TBC1D24,-0.3437789413055283
EMC3,0.7860764728963241
ZNF177,-1.1896258009680838
RTBDN,-0.8645632301401697
BPIFB2,0.5528832148279105
BPIFB4,1.0111964712281702
IZUMO1R,-0.8544709666574567
C2CD2,0.2234147084627888
NYAP1,-0.7336994025356213
NYAP2,-0.35743661288560924
RCSD1,-0.026672075232397473
REP15,-0.06781814576418296
AC093525.2,-0.13404165252136738
TBC1D8,-0.39700086980409627
MTX3,0.613927798194042
OR9Q2,-1.124583748111609
RSPO2,-0.5236230701107083
RTL6,0.5744343166416536
CHAC1,1.288677477644519
TEDC1,0.11915002874377809
TNFSF12-TNFSF13,1.080156230341195
SEMA4B,-0.17594185801089587
SLCO4C1,-0.18690950188775568
AC011604.2,-0.48126890585964566
ELOVL7,0.08827403969048755
CERS4,0.45978732420017066
CERS5,0.5947733074260011
CERS3,0.39015871529224116
SRD5A3,-0.3055419526270705
RIIAD1,-0.8013851927151222
PURB,-0.7967458340981953
CHIC1,-0.4260041698056641
LRRC61,-1.4927106486005306
PKHD1L1,-0.4440056202251361
SLC49A3,0.3733430749389733
CHRDL2,-0.3689906620367866
PPP1R14C,-0.15203257859025932
NXPH4,-0.6444035312329643
GSTCD,-0.8554209331693247
C12orf60,0.6157907092726989
WFIKKN1,-0.9008356247014878
DACT2,-0.8011068646316957
RHBDL2,1.2360956553976672
CCBE1,-0.2756723103050128
MMP23A,-0.3699911301388222
POGLUT3,1.4102080517060605
POGLUT2,0.15016717401949167
DCAF4,-0.5996544868920373
KAT14,0.025662101710627553
OR5R1,-1.1445744589049371
RNF222,-1.0130220319269532
ZNF608,-0.6711293703507866
EEF1AKMT2,-0.35547344036913636
FAM133A,-1.2994741648756514
ANKLE1,-0.5409048991732541
NAIF1,-0.2832052844314782
NEXMIF,-0.047577373731162
SNX22,-0.21103116381803264
NXNL1,0.8464692824049839
MYOM2,-0.029835989260659997
HSP90AB2P,0.10640641389304098
SIRPD,-1.6102044685229877
ANXA8L1,2.0431992526285354
MMS22L,-0.8651982184391108
CDAN1,-0.8523046873889375
H2AFB2,-0.6938441543451122
C15orf41,-0.6597753719843614
C18orf54,0.06068976580159847
GOLGA8J,0.8798820612935658
NDUFAF6,0.0094243810065215
MT-ND1,0.21030896661114284
GOLGA8G,-0.06844769201742419
CCDC58,-0.09475036051785776
DNAJC14,0.22803641560685195
GOLGA8B,-0.5562220487665814
C8orf44,-0.8168955172239817
SPRR2E,-0.530081038599044
MAB21L3,0.07964265603320397
CT45A10,0.7983295020355347
SLC24A4,0.4114999626983806
CCDC191,-0.36788689955398285
PITPNC1,0.44100660007732895
RSPO3,-0.48523412938731164
RAPH1,1.874569358263126
DEDD2,0.3415174331566367
TMEM176A,2.9299499939085827
COQ10A,-0.4591432211213949
TERC,-1.274183378012232
BOLA2B,-0.4050725962936558
TSPY3,-1.1927769755116537
HFM1,-1.173700851823655
DCAF4L1,-1.1595368779851152
ESX1,0.4527668014072371
DND1,-1.4026186623542356
KIAA1210,-1.4443619571558326
WFDC6,-1.2371340797619068
AC012184.2,-0.8281003414940433
TMIGD3,-0.6058085789592016
TSGA13,-0.9041965529753776
SPATS2L,-0.3198627577213065
DHRS12,-0.08661966739207075
NDUFAF8,-0.14333703285074245
SPRYD4,-0.6440344133235644
SUGCT,-0.6148908004472735
HSFY1,-0.7173976198446205
MBD6,-1.3490479917783962
EPOP,-1.3723629206501018
MBD3L2,-1.5797790732477714
ZRANB3,-0.97091489271494
ALL1,-1.470432221014546
ZFR2,-2.452162843501544
FAM135A,-0.3778233479858707
SNX29,-0.8812912842828577
NUDT13,-0.36154020842544704
TBRG1,-0.43756288819233746
SYN2,-0.8523212826251491
ZBTB49,-0.35452546407098673
FIGN,-0.06994020670630817
NEURL4,3.8032033131336327
NHSL2,-0.7756248577553639
RPP25,-0.46545983395063784
STX19,-0.3220450096281976
NUDT19,4.530773186102091
RILPL2,7.430005899758268
STARD4,4.17173357345784
PHRF1,-0.5687102961359368
EPR1,-0.2598120361692215
ZNF137P,1.4173061464082675
STPG2,-0.36359317840048666
OFCC1,0.519163715924982
ZFYVE19,-0.09573408881488275
TTC24,-0.7319882813478448
AL139300.1,-0.08013851303078043
IL17F,0.7936502481160901
FAM118A,-0.2991155113398388
PWWP3A,-0.24707400582494002
DEPDC4,-1.2854379462861751
SCIN,-0.22076747047280115
MAMDC2,-0.3399614935532198
FAM126A,0.08186228368817
FAM216B,-1.093985820971723
CES4A,0.9055445422534157
DTHD1,-0.8768655974303359
FRMD4A,-0.5808987827500586
FAM221B,-1.1238309511470115
DOK7,-0.4423054591328938
CFAP161,-1.1881902306932597
KCTD4,-0.8657907519934223
RBIS,-0.34558666196970317
CD5L,-0.49861533149474285
LRAT,-0.11376444831153706
FAM83A,-0.37358831892459127
NXPE2,-0.3637927196266694
SLC26A11,0.9382421363264878
KRTAP3-2,0.5280984448786262
LCE1C,-0.6646012480057508
PRELID3A,-0.9039459539120406
C22orf39,-0.17888795121013942
CLYBL,0.34811703906682384
CTBP1-DT,1.1280979947037668
NEU4,5.1570718046385755
C12orf49,1.0386682545117734
LINC00663,0.9244460447064675
LINC01547,0.1048783698659282
DAND5,-1.5970631587700024
VIT,1.0526338908868507
ERI2,-0.8504093770609307
EVC,-0.7386495017636593
MAGEA12,-0.6682123308566389
SLC16A6,-0.7832625271037993
EDDM3B,-0.4249387231115278
SLC7A6OS,-0.6442520302749823
SLC35B4,0.49737534161744756
SPATC1L,-0.655929645060706
PANX2,0.5578797307945587
G6PC2,5.2786830239803395
DZANK1,-0.5043806565208001
ACP6,1.464164873428483
ALKBH6,0.9627263865920896
TIGD6,-0.7645566551564561
TTC25,-1.6464831512742637
ELMOD3,0.422342323740406
EXO5,-0.16076677425234823
C11orf1,-0.14190162055666758
PEX26,0.2509457602359823
TMEM101,0.042685827539751225
PLGLB1,-0.5797205291231717
MRO,0.16156798167642658
SLC19A3,-0.6619973078548538
PAQR5,-1.0233992896653232
OSCAR,0.05484598414757254
CHCHD5,1.3434655514726663
SLC25A51,-0.6668371359898154
MEF2B,-0.5767580526805526
GPR160,0.34986354495284416
IFI27L2,0.7963079296658219
CARD19,1.6389626823800012
ZAN,0.7549064664847425
FAM107B,1.248935016474074
SMIM12,2.5482157554519214
KLRF1,-0.14766742621200593
PRELID2,-0.15555103037394988
C19orf44,-0.9291573201810672
HYAL3,2.462950033639086
GPR146,-0.4475632224804844
MTHFS,-0.1708913693991747
DPH6,0.4237934164776454
MON1B,-0.5411340296425847
BCO2,-0.0681647906431749
TMEM245,0.36561635456654923
TMEM242,0.784463977358243
CDKN2AIPNL,-0.5399970787725555
SH3BGRL2,-0.7778098230391708
PRR36,-1.001088423277503
SNX11,0.3377264632483337
TMTC4,0.36729694949969305
PART1,0.7549064664847426
TMEM187,0.7845517551366458
TCEAL3,0.2349163080472169
DACH2,-1.285088314955073
TMCO6,0.6272194589564939
CARMIL1,-0.3958616490392579
CGAS,0.34070236835112366
GPR108,1.067945120455359
MPZL3,0.32875468843592737
OSBPL7,0.17181464689733986
RUNDC1,-0.30276066872365903
DTX4,-0.10208600341965052
TBC1D19,-0.3135150249131152
KRT222,-1.2186130132260464
TMEM266,0.09465825185495662
C8orf48,-1.393112311881681
NBPF7,-1.2186130132260464
CCDC74A,-1.0676164834102846
METTL27,-0.5481756586615883
METTL21C,0.9410510321845584
NBPF15,-0.19334673381906547
SNX15,-0.02148458206559407
CCDC74B,-0.949412101052244
NBPF1,-0.474350962126408
SERGEF,-1.4844427283220623
SLC2A13,0.012719704060027119
MCCD1,-0.12250033955577756
SLC47A2,0.3167608873012631
ANKRD36C,-0.5981458724888515
IPP,0.2804882159694377
RABL2B,-0.43148709037909766
LRRC27,-1.1386012900817766
GATC,-0.0829890669131219
LILRB5,0.6572572161167539
CLEC4D,-0.1013123791323842
CLEC4C,-0.13739229348196447
FLVCR2,0.9606130917330065
CLEC6A,-0.15053640866391202
EFCAB5,-1.3417361268799006
OR5V1,-1.6773105545114209
SPATA31D1,-0.7418907918363087
RIBC1,-0.2286203208592848
KIAA0040,0.2909874996306336
IL20RA,0.36967307075095734
SLC25A29,-0.5232360495910512
HSD11B1L,0.6383988971229869
GPR19,-2.2103882046101484
FRMPD3,-0.5143587680886247
FAM241A,-0.2608845243825381
C4orf33,0.06164225812071671
SRD5A2,-0.6680189536549662
TRMT10B,-0.8290468419681127
TMEM64,0.21121750720098886
NKD2,-0.8819027334668639
ANKRD36B,-0.7854367883277922
ASMT,-0.8014972862096987
ZNF438,-0.6378838213901672
LRRC63,-1.7125531133544514
LIX1L,-0.7159837103689713
TBC1D3C,-0.0296189714827722
TAMM41,0.6390384992234518
SPRED3,-0.10558871532635952
CRYBB2,-0.5756638571901144
STPG1,-0.7318753806178525
RSPH10B,-0.649473630778353
SPATA6L,-1.1608853592535733
ERICH2,-0.38356428100477247
VWA3B,-1.1897218066666206
PBOV1,-1.2900441381552503
ACAP3,0.38363602004908975
PTGR2,0.2944739084123823
UGT2A1,0.30002969336123847
BCO1,-0.3157974686596702
APOC4,-0.5266481286106359
ADH1C,-0.26722213330589295
RDH12,-0.03366142027772316
MICU3,0.3603246534909757
PKD1L1,0.4917603412888159
KANSL1L,-0.35421428329022897
MCOLN2,-0.5776531427701385
KREMEN1,-0.1031243701534123
SORCS1,0.7582553938869269
SORCS2,0.7859416173569944
C19orf73,-1.4233399351593554
STMP1,0.4724179246273276
ZNF746,-0.455139956009158
OR52B2,-1.177932441920829
OR52B6,-1.1245837481116312
OR9I1,-1.1359484879145385
OR10T2,-1.154786889593817
OR5D18,-1.124583748111609
OR5D16,-1.124583748111609
OR6P1,-1.1245837481116088
OR6B1,-1.268733925922528
OR6B2,-1.1822890313614594
OR13F1,-1.124583748111609
OR51Q1,-1.2696003157099733
OR10K1,-1.1325344768260597
OR10G4,-1.2113610560907135
OR4C11,-1.152434353854546
OR4C13,-1.124583748111609
OR1Q1,-1.2546768089007168
OR1C1,-1.199104164676523
OR11H12,-1.0334305292640826
OR8D4,-1.1648349426623195
OR2K2,0.7929358304094459
OR5AN1,-1.14007348650281
OR6S1,-1.124583748111609
OR5D14,-1.1492205924894734
OR13A1,-1.124583748111609
OR51B5,-1.124583748111609
OR51B4,-1.053447533015632
OR51B6,-1.243628562823571
OR1I1,-1.2283973499130871
OR10V1,-1.124583748111609
OR4D10,-1.1311557247988904
OR4D11,-1.124583748111609
OR1L4,-1.124583748111609
OR1L6,-1.124583748111609
OR1L1,-1.124583748111609
OR1L3,-1.2453885490527392
OR2J3,-1.303813439924445
OR2AK2,-1.0848905134640132
OR2AE1,-0.8366676581128454
OR9Q1,-1.1245837481116312
OR51A2,-1.1042083319774545
OR51A4,-1.217140497794425
OR4F6,-1.25415528679809
OR4F5,-1.3063267887315295
OR6Y1,-1.3494668002045467
OR52A5,-1.413969443069427
OR1S2,-1.3063228306242778
OR4F21,-1.263586203750184
OR10W1,-1.124583748111609
OR1M1,-1.019570900277214
OR8B2,-1.1880216310967993
OR8B3,-1.1245837481116088
OR8B4,-1.124583748111609
OR8B8,-1.2954959050647517
OR52M1,-1.1245837481116088
OR6K2,-1.30019795851046
OR2AT4,-1.1293377064081984
OR4F4,-1.124583748111609
OR13C4,-1.2559750508132494
OR13C5,-1.124583748111609
OR13C2,-1.124583748111609
OR13C8,-1.162616524677681
OR5A2,-1.3124520182591126
OR5A1,-1.2396781694747232
OR4E2,-1.114159688795681
OR4K5,-1.1321448200902855
OR4K1,-1.124583748111609
OR4K2,-1.1431450770822968
OR51V1,-1.3151023501350534
OR4F15,-1.124583748111609
OR4F17,-1.124583748111609
OR4C46,-1.124583748111609
OR8S1,-1.4020336882574238
OR10P1,-1.2052277004569052
OR1N2,-1.124583748111609
OR1N1,-1.124583748111609
OR8A1,-1.124583748111609
OR52L1,-1.2313669163422665
OR2Z1,-1.124583748111609
OR2D2,-1.2840322639329136
OR2D3,-1.124583748111609
OR5B21,-1.124583748111609
OR5AC2,-1.1249690866379012
OR5B3,-1.2132635869939978
OR5B2,-1.1739869732619972
OR2AG2,-1.1245837481116088
OR2AG1,-1.2774335883718806
OR51G2,-1.129294119163784
OR5T1,-1.2382522942536813
OR5T2,-1.1739869732619972
OR2A12,-1.124583748111609
OR2A14,-1.124583748111609
OR10G7,-1.2060935111182525
OR10G3,-1.167355274990126
OR10G9,-1.2944747602415398
OR10G8,-1.1831131507708799
OR4D9,-1.1136450857824964
OR4D5,-1.1245837481116088
OR14I1,-1.1936385160393437
OR10Q1,-1.124583748111609
OR10AG1,-1.1516354893701655
OR2G3,-1.1245837481116088
OR2G2,-1.2059942173250915
OR2G6,-1.2845672294147297
OR2A25,-1.203795610775082
OR5C1,-1.124583748111609
OR9G4,-1.206945240070407
OR9G1,-1.0680585108098062
OR5H15,-1.1279641627429826
OR5H14,-1.124583748111609
OR51T1,-1.213391287083828
OR5B12,-1.124583748111609
OR10R2,-1.1245837481116088
OR51F2,-1.2110888221257652
OR52J3,-1.2218738601553418
OR8B12,-1.1245837481116088
OR2T8,-1.1299069987686516
OR2T4,-1.124583748111609
OR2T5,-1.124583748111609
OR2T2,-1.1245837481116312
OR2T3,-1.1473153759199657
OR2T1,-1.1295568906879425
OR11L1,-1.124583748111609
OR5AS1,-1.1245837481116088
OR6V1,-1.124583748111609
OR1J4,-1.3351657500496346
OR51E1,-1.3916034283429135
OR52H1,-1.1070758065646955
OR10A3,-1.1462164784454965
OR10A2,-1.1245837481116088
OR10A5,-1.1616706173634204
OR10A4,-1.2376558752150495
OR10A7,-1.124583748111609
OR51M1,-1.124583748111609
OR10S1,-1.1245837481116088
OR52K1,-1.2053572096750937
OR52K2,-1.000650390051546
OR2V1,-1.124583748111609
OR7A10,-1.9244506224957056
OR2AP1,-1.1244614132877593
OR2A1,-1.3330153374180933
OR2A2,-0.9828574762266102
OR2A5,-1.124583748111609
OR2A4,-1.33583313921586
OR2A7,-1.3118699830963303
OR2T34,-1.1234500500156088
OR2T33,-1.1245837481116092
OR6K3,-1.127266965435644
OR6K6,-1.124583748111609
OR7D2,-1.529484429079903
OR51D1,-1.124583748111609
OR5W2,-1.132399789207637
OR6C65,-1.1480826972775169
OR6C68,-1.1244614132877593
OR9A2,-1.1245837481116092
OR9A4,-1.124583748111609
OR4A47,-1.132770185239691
OR13C3,-1.1359484879145385
OR13C9,-1.1417298562529965
OR10AD1,-1.148667014461081
OR2V2,-1.1224139369492347
OR52E8,-1.1244218620380406
OR2Y1,-1.1302213543105026
OR1J2,-0.9911781913344085
OR1J1,-1.1463746006026345
OR1D5,-1.5192831968529268
OR8K5,-1.1290617001108725
OR6X1,-1.019570900277214
OR2T29,-1.1245837481116088
OR5H1,-1.2514244688182299
OR5H2,-1.1739869732619947
OR6C75,-1.1247786162376416
OR6C74,-1.139962357091753
OR6C76,-1.1768877951654328
OR6C70,-1.0273819191712275
OR4N2,-1.2091001249468527
OR51I1,-1.1245837481116088
OR51I2,-1.124583748111609
OR52I2,-1.124583748111609
OR2T27,-1.1245837481116092
OR52W1,-1.0129040769717643
OR5AP2,-1.124583748111609
OR1K1,-1.1431450770822968
OR2T10,-1.1518022312848253
OR2T12,-1.1281628096961125
OR2M5,-1.1245837481116088
OR2M4,-1.3136490919790829
OR2M7,-1.2268178974858348
OR2M3,-1.124583748111609
OR2M2,-1.124583748111609
OR7G2,-1.3567923077911987
OR7G3,-1.0520752549531758
OR7G1,-1.219923294587346
OR6M1,-1.1721628641866773
OR51A7,-1.124583748111609
OR4M1,-1.124583748111609
OR4S1,-1.402530460236915
OR4S2,-0.9227784769882104
OR11H1,-1.1295568906879425
OR11H6,-1.2991029894761892
OR11H4,-1.1055688744644154
OR56A3,-1.3280593443629385
OR8I2,-1.1274941509497682
OR56B4,-1.124583748111609
OR56B1,-1.1245837481116088
OR2B3,-1.2108540413443354
OR2B6,-1.3452517873053207
OR13H1,-1.124583748111609
OR2L5,-1.124583748111609
OR2L2,-1.254676808900717
OR2L3,-1.1245837481116088
OR5AK2,-1.1245837481116088
OR7D4,-1.4034031067674313
OR5J2,-1.2545558946661477
OR14C36,-1.124583748111609
FAM186A,-1.2401433021487265
OR4L1,-1.1245837481116088
OR14A16,-1.12791226019685
OR2S2,-0.03945443168729544
OR4N4,-1.1494460425572883
OR4N5,-1.1252671289721852
OR8H1,-1.1245837481116088
OR8H3,-1.1479819696111528
OR5K4,-1.1136450857824964
OR5K1,-1.124583748111609
OR5K2,-1.1245837481116088
OR8H2,-1.1603515805348072
OR10H4,-1.1768921494280786
OR10H5,-1.2970816257808593
OR4C6,-1.210172363760629
OR4C3,-1.124583748111609
OR10Z1,-1.0659590296189345
OR52D1,-1.1847973206887081
OR4Q3,-1.124830389951642
OR9K2,-1.2104495250059106
OR5AU1,-1.2104495250059109
OR13J1,-1.1245837481116088
OR5M10,-1.124583748111609
OR5M11,-1.1245837481116088
OR5L2,-1.1245837481116088
OR6N1,-1.1778171993271713
OR6N2,-1.124583748111609
OR13D1,-1.124583748111609
OR4K15,-1.1467537763335218
OR4K14,-1.124583748111609
OR4K17,-1.190263016178602
OR4K13,-1.124583748111609
OR4A16,-1.1939652330607566
OR4A15,-1.2077535940781061
OR51S1,-1.124583748111609
OR4B1,-1.124583748111609
OR52E6,-1.1245837481116088
OR52E4,-1.1305327376782748
OR52E2,-1.1337902162946383
OR4P4,-1.1601087514255235
OR6T1,-0.9963045828117294
OR56A4,-1.306708747054888
OR56A1,-1.3761958508520922
OR2B11,-1.2990754510523457
OR5M8,-1.1423460331361557
OR5M9,-1.1245837481116088
OR6F1,-1.1055688744644154
OR5M3,-1.2099316448667712
OR5M1,-1.219228042898983
OR6Q1,-1.124583748111609
OR6C2,-1.0711588652143063
OR6C6,-1.1969241778961854
OR6C4,-1.1206349485818334
OR5K3,-1.1609336322674895
OR13G1,-1.124583748111609
OR51L1,-1.1245837481116312
OR10J5,-1.221151531697505
OR10J3,-1.3068645151951175
OR4A5,-1.1416755753014303
USP49,-1.0925708644509438
ZNF561,-1.709486135671507
NEK5,-1.0288762006304701
ASCL4,-1.4094422092184495
ZKSCAN2,-0.7401712842735683
TMCO4,1.5163713482146854
AC040162.1,0.07740429504724079
SAMD13,-0.2771298417715692
MAGEA3,-0.04578426176332875
TMEM161B,-0.8954657673354492
JAKMIP1,-1.792623628619302
TRIM51,-0.30416342919849754
AC023055.1,-1.4646973971446244
CPA5,1.1310159073442423
DNAH6,-1.05220407484338
HSPB9,-1.609225261343839
C16orf74,1.072617982015212
LINC00482,-0.33654287557716356
DIPK1B,-0.6084708723378743
TMEM250,-0.01978310930794508
DIPK1C,-0.6248480043792412
KLHL30,-0.7634757719937212
SMIM8,-0.8696535996081223
CLEC12B,-0.7112920813326206
CLEC9A,-0.5552202943039769
KCNT1,-1.102063283423208
PRR5L,-0.6148152117806431
TMEM178B,-0.7664196732329788
LEXM,0.6427546854389937
YJEFN3,0.42622219034095127
PMS2P1,3.2615617097882996
FCGBP,0.9101507133800135
HES4,-1.165738627415309
DHRS4L2,0.006603659073865569
RNF135,0.36405570566955897
SDR16C5,-0.058948171051370686
SLC45A3,-0.2603668820366643
PRSS46P,0.19893031912919448
STEAP2,-0.22035105414710995
DNASE2B,3.8191673658029655
TRB,1.4455231073752262
THEM5,0.7179228848649278
ACOT6,-0.2547546777335085
XKRX,1.5371179254116925
RTKN2,-0.9034320564169531
USP27X,0.24328355046597683
HMGCLL1,0.494542513784793
FAM78B,-0.005998876250240576
IER3IP1,0.551426075953614
BEX5,-0.6637445672103603
PACRGL,-0.927579149341273
TCEAL5,0.5579402320133846
TSPYL5,-0.8282641831802571
TCEAL7,-0.059027775003724754
ARMCX2,1.9506580132298965
AC005520.1,1.838997927343781
TMEM163,0.059668931497507606
PXT1,-0.662319716616825
MCTP1,1.2634673658354618
TP53AIP1,-1.0230718780701593
CD207,-1.084508499775899
PRSS16,2.721641644511025
NICN1,-0.6951043381412302
VWA2,-0.4786266106726072
DEFB121,1.1060493870675014
ISM2,-1.0350372439405606
RNASE13,1.0768849337106303
ANKH,0.038045563859012005
CPXM1,-0.6815945894355077
PLBD2,3.9913191880293755
RGS21,-1.6484610783690892
GNRHR2,-1.3261954261193636
AC073610.2,-1.5584567349779035
ARL9,-1.74262321589975
OTUD7A,-0.6789512091515579
PLCL2,-0.42506827071784103
BMERB1,-0.29980997491515216
RIC8B,0.7047615288209643
D2HGDH,0.24379167055706238
C21orf58,-0.23817426178935092
PHOSPHO1,-0.1784074001375234
CHTF8,-0.3273753356462068
RTEL1-TNFRSF6B,-0.9186417938480577
EYS,-0.16704483626348185
HAPLN3,2.408743514000769
SMIM10,0.8798820612935658
GRAMD2A,-0.09763610398684816
OR51H1,-1.461242440522855
OR4F3,-1.6510117068824064
LHFPL3,-0.99791887853676
CLIP2,-0.5603965371949261
PRR7,2.435507689078173
CA13,-0.4085748508237689
AFG1L,0.013132705853744223
NOL4L,-1.05320377542722
PITHD1,0.005209126231589879
MAP3K7CL,-0.7830577733591606
AC100868.1,-0.02029453260557365
EPPIN-WFDC6,-0.031437920813916595
BSPRY,-0.5947979354316906
C9orf139,-0.5078451524484884
WFDC13,0.29675609719338086
ZDHHC2,1.5174354596022237
HSH2D,-0.319737605592844
BHLHE22,-0.6276422592139415
SHD,-0.17798070692317916
SFXN5,4.056382462464044
SLC22A24,-0.2849681749553316
TIGD2,0.27713198691108126
PRXL2C,4.569909359876906
CPNE8,2.089989757932229
TMEM18,0.8247850145179306
ZNF280B,-0.7070045709518818
FSIP2,-1.396703508189605
SPANXA1,-1.6820989392668246
PGA5,1.0165000250060237
AMY1A,3.3814313377122875
AMY2A,3.8426841123047515
LOC284412,-0.996774035450586
MESP2,-0.6431550272827067
PSTK,0.047558522904636996
PPDPFL,-1.2092759181161632
PRXL2B,0.15769181696009257
TSPY8,0.8798820612935657
IAH1,0.24160334619197962
TMEM170B,-1.6133171518635048
IGKV2-40,-0.8232210772476517
TRPC4,-0.33223908316937617
FAM219A,-0.7891042990432686
DNAH10,-1.3708002151717902
ARL8A,0.07811043874621057
YIPF7,-0.08050238768168956
NKAIN1,-1.4684653260094125
SYCE2,-1.2057548889550231
TMEM132E,0.6906237354276351
RBFA,-0.15731323300895023
TMEM132B,-1.2066663037240308
SNX24,-0.8411194273703508
KLHDC8B,0.32145490646433084
KLHDC7B,0.5585755689092254
KLHDC7A,0.28512643735017434
KBTBD12,-0.29903067349841
DCAF12L2,-0.4737134163268456
SDHAF4,0.061359532999395665
FKBP7,-0.10524712783070764
FBXO16,-1.091261976758756
SPRYD3,0.788782855456187
SLITRK2,-1.4876183920861148
HIST1H4G,-0.4169943653897466
H2AFB1,-0.7283321823054185
H2BFM,-0.5310559148276581
TNFRSF18,0.19806565760195813
CCL24,-1.0605142551231406
FBN3,0.07296030164764179
WFDC12,-0.5882728197394144
KBTBD11,-0.004364314017569129
LYPD6B,-0.7491862698545121
PALD1,-0.612399445139021
SLC5A11,-0.5177558252265574
SLC52A3,0.07058584122307938
AC010542.3,-0.2577901672684187
AKR7L,0.27616216597956283
ZNF618,-0.8240055305821788
POTEB,-0.8891725951479349
PERM1,1.816502991855578
XIRP1,-0.8627114293187802
TP53I13,0.9841291539115493
BLOC1S3,1.0560061123666804
MIOX,0.9119183078686429
TSNARE1,-0.05602230077128543
TMCC3,-0.26993751816837247
STX16-NPEPL1,-0.2663415953687548
NDNF,-0.4649369981121928
SLC10A4,-0.779865487032763
MFSD9,0.22895900584903822
SLC46A2,1.6689304966747602
SLC18B1,0.32539667170301967
SFT2D3,0.11120868643754112
LEMD1,-1.0381715364153226
SLC45A4,-1.1803956501890644
GSG1L,-0.8538956537168017
C12orf66,0.2569871168056188
LINC00598,-0.22326233827384045
IDO2,-0.8391233907010116
ANKMY1,0.03340512375676166
ARL15,-0.31574075244068406
C16orf54,-0.8826678781315703
AC005324.3,-1.360233501214676
TRIM64B,-1.3078231513532879
GAS8-AS1,-1.5456920872304072
TRBV2,-0.8188228500638695
PCDHB10,-0.18762126869417686
PKD1L2,-0.7416533623066169
F8A3,-0.9039220421183858
C10orf90,-0.44276576968204595
ST8SIA1,3.7768539224977573
RBMY1B,-1.5209096061188423
HELT,-0.9006783668646687
TCF24,-1.5822304525502986
TCF23,-1.8333427548290746
ASCL5,-1.2362106235248165
PTF1A,-0.6825586658701788
MMAA,0.32522653302009197
ACOXL,0.08461431009643466
TTC39C,-0.09433036515470573
PABPC4L,-0.6360189472033672
RNF152,-0.47951419980340115
AC037459.1,-0.3465122714817931
AL365205.1,-0.2825369615283897
RNF157,-0.9378341887472598
ATOH8,-0.11025921216018073
TMEM145,-1.3322821908710638
PRRG1,0.08657200318507448
KDF1,-0.7876768322200708
CMTM1,-1.0285909943614682
MIGA1,1.4378151608992455
CIPC,-0.20049994310690666
ZNF320,-1.043325644100913
SPACA6,-0.27960298996968486
WNK4,-0.5414136770363378
ICA1L,1.3997096844620602
MS4A14,-0.23963356689207382
CCDC103,-0.4463456069011235
DPY19L2,-1.0692071869909248
TSPY10,-0.9682486303764088
ANP32D,-0.7824013116551487
ZNF385D,-0.9977519397370911
CD160,-0.023879291603294914
MARCH8,0.8297405536974324
RUFY4,0.9644424089707898
OR1F2P,-0.827004136531024
SLC37A2,1.1521659131537152
SLC16A9,0.2690784634205403
NKAIN4,-0.7851268338028535
BRINP3,-1.1783471788747273
WDR31,-0.6364315856489987
MEIG1,-1.0283477950198434
MFSD2A,-0.47895324340565376
SLC6A18,-0.7613020418877766
MARC1,-0.36448911717942684
MAP1LC3B2,0.6216541225312444
C2CD2L,-0.10510495482330434
PCNX3,-0.11959236697025807
GPR157,-1.5077211017337353
HSFY2,-1.0274046015974767
SH3TC2,-1.4124212557955451
SSX4B,-0.09318146702180853
SYCE1L,-1.4825399688660093
NIPSNAP3B,-1.1255869260680074
NUDT16,-0.384945903268687
ILDR1,0.7304112621106662
ZDHHC20,0.6636694408403429
LDLRAD3,1.4110816558794455
TCERG1L,0.017503873087450238
MINDY1,3.760232477754144
LRRN4CL,0.49242349383309114
RSPO1,-0.23940934062490457
UGT3A1,0.5170556641697648
CMBL,1.3106854614668477
IGSF9,-0.2757895975963098
MYBPHL,0.4094152458485091
FRMD4B,0.032591001094606664
SLC5A3,0.21779083774371355
LMTK3,-0.7107137925240893
HES3,-1.3472823741172508
WT1-AS,-1.3634317392477968
GSTT4,-1.4200281241888577
MT1A,1.6018766620118292
ATXN7L2,-0.5607753275518624
KNCN,-0.871348157749631
TAL2,-0.7471901157320776
METTL7B,-0.24465392651627973
FSCN2,-1.2022591390977284
IGF2-AS,-1.3397801381110785
FIGLA,-1.8025194576887853
PAIP2B,-0.3567883672905714
TRIM7,-0.6572226651890026
TMEM99,-0.6488615207881732
ARSI,6.429155839306997
TREX2,-0.15754668496347335
ZNF185,-0.37857631581380013
NCCRP1,-0.21653448758087698
PLEKHH2,-1.2338988741022356
SEMA3E,-0.11445940460368527
PIH1D3,-0.5198412851676598
NCOA7,-0.06456776602720593
TLDC2,2.068191606647887
CT45A6,1.0408088959249486
CT45A5,1.040808895924946
ADGRG7,-1.0628377600144545
GTF2H2C_2,8.544239541730828
CSMD2,0.14224496634782738
KCNA6,-0.28456350080762194
LGI4,-0.9843054665062464
AC026786.1,-1.176123626631345
C17orf77,-0.3570440059374922
RNASE10,0.5838791393120056
BFSP1,-1.5706089704434703
ELMOD2,-0.2820455751833037
AC012309.1,-1.0533585764883824
SCGB3A1,-0.5567796400070055
CCDC17,-1.1217630971611041
C22orf15,-0.6540315015927958
SNTN,-0.6254722976506455
GPR85,-1.1025241091410336
RFESD,-1.1194046178658366
KCNRG,-1.2736265075939985
INSC,1.4178762192286436
MMP23B,-0.2469311452212058
ASTL,-0.7088570656855351
UCMA,-1.1279927337891145
OST4,2.0789635109003637
KRTAP1-3,-1.810394643505403
PRDM11,-1.4275498528260822
CDH26,-1.2810894077657702
PRAC1,-0.5233146306311133
RPS10P5,-0.9405418459900885
RPL17-C18orf32,-0.04881425857690936
RPLP0P6,0.2357565969808782
UMAD1,0.67972875623055
CATSPER2,-1.5875599516031467
SEMA3D,0.2931384604780598
FAM163A,-1.1422456462962394
ZBED2,-1.7694564362493035
PPP4R4,0.677527256489976
SETSIP,1.8113690290446862
EBF3,-0.7549792699113658
IL22RA2,-0.004113188277415727
EPB41L4A-AS1,0.12827176088847697
LRRC37A3,-0.6417735280464323
LRRC37A,-0.0927859947751875
AMTN,0.15566320720383484
DOP1B,0.5308912386959045
MAP7D2,-0.4786471001967988
ZNF385C,-0.6455553856280902
FCRL4,-0.5322718331884947
BLID,-0.7594500954049062
B4GALNT3,2.537843694063315
FNDC9,-0.3324602977461501
MTRNR2L1,0.26124959145126214
SPTY2D1,0.8253564844549839
ZNF626,-0.6272947034690757
FAM83F,0.6771581826289217
SLC9B2,1.0531936547607574
ARMH4,0.09396613978453394
TEX28,0.06160462482117157
UPK3BL1,-0.5786791028064967
KRTAP13-1,-1.3050660696090595
LHFPL1,-1.5571855261371332
CCDC157,-0.2037888857827478
NPIPB5,-1.3662848600097772
SLC35G3,-0.8205074635198714
LHFPL5,-1.0050993857370483
TMEM86A,0.7408556027202237
C14orf180,-0.3805978593539621
SERP2,0.6054546661190605
CCDC159,-1.0052416514181859
RD3L,-0.650549386401606
TSPAN18,0.8640926561053759
SPACA5,-0.4877128257075926
SYT15,-0.8677144661320558
ZNF705G,-1.3946924474283489
KIF6,-0.012796557943682037
KIF12,-0.3534156507098214
CLVS2,-0.2850137516940824
FAM219B,1.439401251807127
LY6G5B,-0.3328755532528194
KIAA0754,1.6510561323426525
LOC102724334,-0.6727509799348516
OR5H6,-1.4501216891929238
BSPH1,-0.7339238895396782
WNK2,-0.2385079081327765
C2CD4C,-0.8522400693416803
IGLON5,-0.9845356963772675
PRRT1,-0.07842234308053779
PRRG4,-0.19828656418124785
STEAP1B,-0.3534496301406403
KCNJ13,-1.0443712961809182
SHE,-0.003963807460103899
RFLNB,-0.08746452623842162
CCSAP,-1.0544008019893818
ZBED6CL,-0.6928137111257593
ITPRIPL1,0.03619713392659367
C14orf177,-0.8776560061110478
UPK3BL2,-0.30408135092681454
TMEM178A,-1.0444529668727802
RGS7BP,-1.333768608322959
OTOL1,-0.5069673189183599
C1QTNF9B,-0.35355349431886046
TIMD4,-0.23187188733915864
SCGB3A2,-0.04074187483512023
BAHCC1,-0.6292372078017751
CDR1,-1.232669670441093
ANGPTL6,-0.37647793083650954
PRSS36,-0.4449564812982762
SMIM5,1.4316449762134322
ZAR1,-1.0055288847826858
C1orf53,-0.40760972148445374
ISM1,-0.7055462664392537
C1orf54,0.7012976284578307
KRT8P12,-1.0418740425672892
MAGED4,-0.2088727460066144
CEP295NL,-0.7912036536746345
GPR149,-1.529882398253035
ARFGEF3,-0.8107320205108132
GPR148,-1.161627465532599
AL662899.3,-0.33287555325279344
NBPF22P,-1.0403592316527792
ACP4,0.8772627986493109
ADGRD1,-1.1649603287724402
SPDYE1,-0.8564859590317276
M1AP,-1.4028123673998474
AC005670.2,-0.2729648954160477
CDIP1,0.09834722986633473
GPR180,0.2840103642479134
C2orf76,1.6408008842930868
SVOPL,-0.14364804331360867
DCST2,-1.6598685185727056
IL1F10,-0.23352498814564218
PSAPL1,2.3703290934347665
IQSEC3,-1.2666397350646865
CD99L2,2.486841445127211
NAIP,0.593363384089093
MROH9,-0.6386552635821965
STON1-GTF2A1L,-0.6502541532206824
CHURC1-FNTB,0.032184228344667616
RPL36A-HNRNPH2,0.8798820612935656
ACTL9,0.08319016641398841
AC012254.2,1.0996710190231467
DHRS11,0.38424445236818633
ARMH3,-0.43683750972336005
POLR2J3,0.43032325963079565
SPEF2,-1.0623029553210686
COTL1P1,-0.08718398393167824
AC004754.1,-0.5280778646932167
ENO4,0.13499586114605905
CRAMP1,-0.2598469641494496
SH2D3A,-0.703129572752301
CTAGE9,-0.7248602615462932
AMN1,0.39670983397668236
ENHO,-0.7220193752377112
C9orf66,-0.3972838915121597
TMEM181,-1.041680438619565
NIPAL1,-1.25876035926681
NSMCE3,0.17220825466857018
AC020909.1,-1.3610035588095302
TMEM218,-0.6611751376188448
CSNK1G2-AS1,-1.2115820467990708
C2orf81,-0.3361979578975032
FAM43B,0.9263315890563251
CTAG2,-0.0662472972446362
C19orf47,-0.6423244654190015
USH1G,-0.8877008660644715
ATP5MF-PTCD1,-0.27343264121026417
CCDC198,-1.1376837003981608
SOCS4,-0.7377887240639649
ST6GAL2,1.280159483473163
TMED7-TICAM2,0.9016611580836839
CARD16,0.3578070380356466
SLFN13,-0.7167247555077374
C11orf21,0.23787180931067434
KY,0.8892909921263299
RENBP,5.968289714073911
POTEG,-0.7486566145009006
MFRP,-0.16672289829127837
AC020915.1,-1.424902579771634
SH2D4B,-0.49850316994346566
AL049634.2,-0.17680389387126583
MLIP,-0.5398559256339184
MTERF2,1.1071231405148192
MEGF11,1.2439661255748604
FGD5,2.2328261977926736
BORCS8,-0.46084532985635435
ZNF90,0.8798820612935659
PI4KAP1,-0.2564576293223505
CACHD1,-0.1887794200364286
TMEM189,1.4412154810443698
MFSD3,1.391043475299306
SLC26A5,0.4949169505074612
FAM124A,-1.3344590897130157
IL18BP,-0.2175968415432231
PHF13,-1.0536053882761627
ODAPH,1.7560047119146234
FOXD4L6,-0.8958661598337101
SFTA2,-0.1855980133500092
CBWD2,-0.5438932009443301
GAGE12B,-0.1634007095740061
GMCL2,-0.7737786926579965
PROX2,0.18877345668805093
BTNL9,-1.41266930378331
FAM153CP,-1.1906832051695875
LOC100288778,-1.1906832051695684
CAPN10,-0.35875761477048607
AC138696.1,-0.42909543093441754
ITPRID1,0.7559685185552893
GAGE12G,0.18614925967663898
LKAAEAR1,-0.7184494619918005
HSP90B3P,0.33409821278940754
TNFRSF6B,0.3472743734853493
DTWD2,0.6978400126359273
TUBA4B,0.7869133137023189
CCL3L1,-0.9476314832207103
GPR155,0.19925239801900907
CCDC78,-0.06608282629168963
RPP38-DT,1.2852152130533179
RHBDD2,0.8685759050192888
CST5,-0.15804107340170997
C12orf73,0.7110591851516109
TMSB4XP1,0.6654513359170012
FKBP1C,0.8919977620122606
SSX4,0.46451175067583056
EGFL8,0.46896862179803517
SMIM4,-0.16688963991291753
CENPC,-1.1069808153952183
AQP11,0.1532434030435674
NKAIN3,-1.252801341555641
AL691442.1,-0.8859235173777974
PRTG,0.3574621928521991
CORO7-PAM16,0.7626133804352759
ENAM,0.4585480168945055
TBX15,-0.34473247272652335
BPY2C,-0.597689704093211
LOC727751,-0.3012946309774098
INSM2,-1.0263777186609069
TMEM200B,-1.2851013211985427
SH3BP5L,-0.7990153943492941
CROCCP2,-1.1624614350112183
OR14K1,-1.1527253273060147
OR2L8,-1.144574458904937
OR52B4,-0.9161906632235794
OR1B1,-1.1445744589049371
OR5D13,-1.144574458904937
OR2W5,-1.1445744589049371
OR5AR1,-1.192933958770892
OR4E1,-1.144574458904937
OR4K3,-1.1445744589049371
OR2I1P,-1.144574458904937
OR2T35,-1.3960588579368736
OR4C45,-1.1445744589049371
AC135068.1,-1.2548364265259706
OR14A2,-1.1623121833775358
OR51J1,-1.144574458904937
OR4A4P,-1.144574458904937
OR4C16,-1.144574458904937
OR8G2P,-1.144574458904937
OR1F12,-1.144574458904937
OR51G1,-1.144574458904937
OR4C5,-1.1811365442589095
OR10G6,-1.144574458904937
OR10G2,-1.192933958770892
OR8K3,-1.192933958770892
OR2AJ1,-1.144574458904937
OR4Q2,-1.1445744589049371
OR11H2,-1.1445744589049371
OR6J1,-1.144574458904937
OR4X2,-1.192933958770892
OR3A4P,-1.144574458904937
OR51B2,-1.2349124628923238
OR8G5,-1.1445744589049371
OR8G1,-1.144574458904937
OR52R1,-1.144574458904937
OR10D3,-1.2306726803663188
OR5L1,-1.144574458904937
OR8U9,-0.5699340488131064
OR8U8,-1.144574458904937
OR51F1,-1.1445744589049371
OR2J1,-1.1697843689596616
OR2T11,-1.1445744589049371
OR52E5,-1.144574458904937
LOC107987545,-0.8732927065557143
OR2T7,-1.144574458904937
OR56A5,-1.1445744589049371
OR4M2,-1.144574458904937
OR4F29,-1.1445744589049371
OR1S1,-1.1445744589049371
OR10X1,-0.5699340488131064
OR11H7,-1.144574458904937
OR10A6,-1.1445744589049371
OR4A8,-1.1445744589049371
AP5S1,-0.1317548843961918
C2orf72,1.462176380935318
RPL21P97,1.796406620828937
UBTD2,0.2074562908914543
ST20,-0.5782488586014438
DAPL1,1.9555514988942364
DACT3,-0.11531687164470603
FAM74A4,-1.0051610116657566
FBXO48,-0.5835919180390824
SDR42E1,0.09470439041548007
KIR3DS1,0.9201081231865016
SPRR2G,-0.5922809533789755
IL36B,0.015237091354787671
LYPD5,1.726268692594286
ADGRF3,-1.4300456118577263
CRB2,-0.8080727719353227
GLYATL2,-0.5951393096268125
GLYATL3,-0.15678778208521763
KRTAP6-1,0.11567301655525596
RNF187,0.05792176245937876
ZNF727,0.8798820612935659
PRR12,0.42815384832249115
SELENOV,-0.1151725149140425
ZNF488,-0.6942393154232817
NTN5,-0.8705882151627324
CCDC71L,0.38378503869815206
SLC43A2,0.26656833609308667
PINLYP,0.7209743066325619
ASPDH,0.33510088281342265
SLITRK6,-0.9046389274858398
LRRC75A,-0.8016703460096749
ELFN1,-0.6097908476014353
LRRC37A2,-1.1097217453797161
LRRN4,-1.216139449143155
UBALD2,0.8522285038975931
TREML4,-0.1536210170968604
SIGLEC15,-0.9183786110950697
LINC00305,-0.943539540924936
PXMP4,1.1688424042828314
C8orf37,1.9045977336167257
SPDYE3,-1.0924300804020572
ST8SIA6,1.3483093563027744
ZNF729,-1.1878722654834957
ANKRD53,-1.2280950876405188
SNHG29,-0.7170550714824304
TFAP2E,0.7273466844264312
CITED4,1.2680863669216567
VSIG10,-0.8195919206314602
APOL4,-0.4639806032998737
LINC01600,-0.4476449830539821
USP26,-0.46985137576460295
PRR9,-0.4139036201259845
ZNF728,-0.8053222981499206
SLC44A3,0.218616763238769
TMEM198,-0.6640631327346275
ACTR3C,-0.6698437312023192
MIDN,-0.3555010555134664
WFDC9,0.5188335288961919
PABPC1L2A,-1.015557993030083
LY6K,-0.2555470805719536
TXLNGY,-1.290369721143143
SNAI3,-1.3515341822456204
FRA10F,-0.39662131448802374
FABP9,-1.0892946352981683
SLC25A27,0.2115022819541755
COX19,-0.30309194230039366
GASK1A,0.8663191196361211
TBC1D3G,-0.45527883771420447
OTUD1,0.2734053779396662
DMRTC2,2.4848049808518216
TTC7B,-0.86279630591151
OTOG,-0.3472686484066396
GCNT7,-0.18944820722631198
PCDHGA4,-1.0844511800564007
GRAMD1B,0.28785342236782047
PAGE3,0.24278630667290438
XAGE1B,-0.9872583970852206
PAGE2B,-1.2657607559338253
GAGE5,-0.3564458128542078
TANGO6,-0.10503583341120726
GAGE6,-0.12438193833995158
MICALCL,1.0834130772459636
SFMBT2,0.34523259786543903
SAMD10,3.3705815597562134
SAMD5,3.4214567143615984
BORCS8-MEF2B,-0.6048686652063177
BRICD5,-0.33757698808371334
CLHC1,0.7105433731954581
CAPN13,-0.42517034668517195
GRXCR1,0.902025593148603
C5orf63,0.28050296618595205
TRP-AGG2-6,-0.43508165044530484
MORF4,0.11633756720392457
C5orf64,1.467530936028362
ANXA2P2,1.8710976120704061
AL121594.3,-1.7005325199759949
RNF215,0.8225048239291876
CCDC9B,-0.09415428654539103
RTTN,-1.3611784517303773
C2orf50,0.7484169851119545
GSTT2,-0.02534880659908139
FAXC,-0.8277535346963556
SP9,-1.678781831663268
GPR162,-0.9071499533995451
ANKRD18B,-0.7222077510183146
ANKRD20A2,-0.5563261512840795
ANKRD33,-0.5147535687707281
ANKRD34B,-0.8062483654050382
POTEJ,-0.9009505087846597
POTEH,-0.5688358746859441
PIANP,-1.8274550364464444
CAMK2N2,-1.2835787258992655
CLEC18C,2.1797669569477907
CLEC18B,1.1795504071967577
ZDHHC21,0.13621399853544827
PPM1M,-0.01818806224255288
LLCFC1,-0.3463098133430666
CD164L2,1.237189794767804
KCTD8,-0.4201746799467557
SLC7A14,-0.2529322873607159
FABP12,-1.000378963305359
TMEM119,-0.613690846408734
MRGPRE,-1.2231398469076298
USP17L7,0.26413321956111285
LRRC36,-1.1244927319508244
C14orf132,-0.5675749653295891
POU5F2,-1.1127740819451881
SAMD11,1.341549591804966
CASTOR3,0.7656555149230435
AC078927.1,1.4217418194662534
PAQR9,-0.18638615647911236
CCDC184,-0.6397915200347305
AGBL4,-0.7232290068531799
AGBL1,-0.7021424517153811
CSTL1,0.6168679347459667
OTOA,-1.419105845561479
CST11,0.370564260288732
SPINK13,0.012378645562829178
CFAP65,0.33689653502145595
CLDND2,-0.6292653620441147
SPDYE2B,-1.0924300804020572
AC002996.1,0.4784174295025955
RBM43,-0.2672198422238703
TSPY4,-0.8123552133427837
LOC102723996,-0.4968733338331959
STIMATE,7.534832360073168
ADGRD2,-1.4645163443679599
ADGRF2,-1.3269425218565942
ADGRF4,-0.8313992292797936
ADGRG3,-0.962295893429874
ZNF713,-1.4238726944485798
LINC01018,-1.351087372891688
HYAL1,2.194481888690459
C12orf76,-0.1839395233167155
TANGO2,0.002255186313780919
C16orf91,1.7024393111603588
LCTL,4.153808119755173
LRRC34,-0.794929856678228
MBLAC1,-1.2639767102403083
AL117348.2,-0.3051245902648868
GFRAL,-1.3884753490827573
ZNF716,-0.8075404635017531
TSPAN10,0.2052403206234485
WDSUB1,0.2262087749433153
SAMD12,0.4397616805604787
C17orf67,-0.934829430590768
CARD6,0.46082918760056424
CARD17,0.659984160395899
NLRP5,-0.5342492013461837
NLRP7,-0.018305858920429907
NLRP11,0.3766248706501561
NLRP10,0.25524491294171153
ARMC2,-0.8629290073252338
LRRC70,-0.9324668573505791
DPPA5,-1.1382627927226625
HEPN1,-0.9901341473997578
CCDC73,-2.159932949200095
CXorf58,-1.107147177485088
CCDC84,-0.7351393590240286
CFC1B,-1.6500492408406022
ADAM1A,0.056167002916501826
IGHV4-31,-0.32171153176213835
RAP1BL,-1.0716238068990782
SLC25A53,-0.4618271449545833
ZDHHC11B,1.0747598283008126
SPIN3,-0.7650247666726941
FAM135B,-0.6565404550759981
LINC02210-CRHR1,-1.335364798347007
PCSK1N,-0.13706688182284057
TMEM89,-1.2823810542715688
GPIHBP1,-0.012638856364628777
ARL13A,0.061272033925329976
C12orf75,-0.5061389253762342
C10orf71,-0.8398159840434273
SHLD1,-0.828759462188254
DSEL,-0.16835954619971408
SLC35G5,-0.02150163694688335
ERFE,1.559028948901885
C1QTNF8,-0.42870808163418267
C5orf56,-0.1624082966158605
C5orf38,-0.923873768547188
SMIM13,-0.6243328266104353
KCTD14,0.05264922257605631
FDCSP,-0.08822729227967974
BPIFA2,0.6790100009768133
INTS6L,-0.23520327382555636
ECSCR,-1.01023995549402
BPIFB3,0.7158707940490718
BPIFB6,0.9635855972008706
FUT10,0.5724568853142012
TMEM45B,-0.511582441724946
FBLL1,1.2517345941339555
TMEM268,1.511861132874058
FAM120AOS,-0.5758700306099486
LOC101930123,-0.39393748723707595
ANXA2R,-0.04570660030844347
TMEM68,-0.19200032303140396
TP53TG3C,-0.3046862866234493
SETD9,-0.21451561589234677
PAQR7,0.20582043170491604
C5orf30,-0.9132284211364393
SKIDA1,-0.28109381146602946
XXYLT1,1.621070091899232
RNF212,-0.2820465232035468
MOB3B,-0.8303594557699531
SLC10A3,-0.3603388145708604
KIAA0895,-0.716635753844134
CLDN12,1.9002475877006462
BIVM,0.48356343428586784
SLC35E2A,1.3746061215801466
ZFP91-CNTF,-0.46547095887885886
SPIN4,-0.5922004827265683
NEIL2,0.6478214483827472
IGIP,-0.7805419647067594
TMEM241,-1.0769689954010413
LRTOMT,0.8509600057110452
FAM102B,-0.26232255111582287
XKR6,0.283749020731415
MIR1915HG,0.24860264874752488
EXOC3-AS1,-0.1014000629403196
LRRC37A11P,-0.34864491602395875
SPANXD,-0.7685826368782676
SPANXC,-1.418386027899942
KIAA1147,0.39811553066960204
GCOM1,0.3797828114221556
OBP2B,1.7924112206782492
SMLR1,-0.36112556655446876
GOLT1A,0.5182799295080127
CT45A2,-0.5006121673287347
PEX11G,0.7094276365166166
MIR22HG,1.864198042468154
ZC3H12C,-0.0505476014482325
KRTCAP3,-0.5866587990650343
C5orf49,-1.0820496340215
CDHR3,-1.1045402459756268
TTLL9,-0.22188900438606712
HSFX2,-0.3796425222427319
LINC00526,-1.0656649063598682
RDM1,-1.208641134775661
PTCHD3,-0.9381991747285668
BTBD16,-0.23967285385331247
CARMIL2,-0.8076797504917067
S100Z,0.4608902749432596
LOC107987205,0.057096593036095857
ZNF229,-0.3948543237016779
SLC35E4,0.6510949601132083
RFLNA,-0.08404839755862319
POTEKP,-0.5451213736146682
HHLA3,0.8161665335218532
TDRD15,-1.0031940600758378
CCDC122,-0.9234862045965601
ATP5MGL,1.8102291744549208
SLC25A52,0.4418082032420337
PCARE,-0.41009364229856504
KIF25-AS1,0.5280984448786223
RTL8B,0.5999587472711175
TMSB4XP6,-0.138190940678243
TMSB4XP2,1.4385709493113357
PGLYRP3,2.45355702371697
TCHHL1,0.5101384460937086
S100A7L2,-0.37512529181277227
SPINDOC,-0.7425217487223673
LINC01194,-0.33254725180255545
C19orf67,-1.1283911383366254
CHKB-CPT1B,-0.08575746126846728
PCDHGB2,-0.24657421371810048
PCDHGB6,-0.5042982535306868
PCDHGC4,-0.006781419469082195
PCDHGA7,-0.1140738242976586
ANKFN1,-1.0599978296538934
AC099329.3,0.6771830971965545
CCDC197,-0.708894308460074
CBWD6,-0.23181410916272602
CBWD5,-0.4187222375905843
SERPINB8P1,2.4899816742048664
RIMKLA,0.7849491263576889
LOC554223,1.443974686332204
C2orf48,-0.7733820123796792
KLHL30-AS1,0.23029073883304474
TMEM143,0.7245531178243121
GBGT1,1.9297415084431846
CES1P1,-0.5348523042544793
BEND6,-0.547601366699467
SPDYE2,-1.0912999990533419
TTC34,-0.46263104132752203
CCT6P1,-0.029804561067430853
AC068775.1,-0.9424374980333845
OPN1MW3,-0.9316998120778629
PRR5-ARHGAP8,-0.429394236093222
OPN1LW,-1.162465693520252
ASPHD2,0.5388074727558436
SYT14,-0.15863553740525316
CCDC85A,-0.05902379321686347
IFFO2,-0.7465496327979454
TAS1R3,-1.6521777314183774
OPN1MW,-1.5605164940042264
IL1RAPL2,-0.08104517771419337
PRLHR,0.04861237617945479
HBBP1,-0.9863974030983566
NT5C1B-RDH14,-0.3200039325852518
SYNDIG1L,0.09316961794449057
LOXHD1,1.691820907555049
PLIN5,0.8026761850560434
LIPM,0.04019745797606529
GAGE2C,-0.7230946442749852
AC108488.2,-0.9729813806992414
NBPF11,0.794558281265674
LOC105379861,-0.9268395845973703
RIPPLY3,0.0661486134960778
LOC149950,0.3978320570980884
POM121L4P,-0.5038999640830092
WTIP,-0.49351132081274696
HYKK,-0.6058004767957863
AFAP1L1,-1.0596351408629843
TM4SF19,-0.020948463566756583
IGFL3,-0.18900828513511608
TMEM35B,1.1300808857029094
KLRA1P,3.9071764765187416
RPS26P11,-1.281858324350745
OTOP3,-0.9735680463291115
OTOP1,-0.8729136552067983
OTOP2,-0.6940161298961223
ZNF697,-0.41915375571755537
TRIM39-RPP21,-0.821261427768462
ANKUB1,-0.6754529356546856
METTL22,1.1660500605570994
HSP90AA2P,1.0337213795587714
AD000671.2,-0.32924356216765965
CLRN2,-0.09286794823819905
CYYR1,-0.932107147989459
HRCT1,-0.5243941377822479
SHF,-1.714611247680813
B4GALNT4,1.8427323160643594
CCDC174,2.010220322431287
ZNF181,-0.27240316459741004
ZNF880,-0.7089918366719121
MCIDAS,-0.6679140302534712
KLHL1,-0.9630108660582799
KLHL34,-0.0025100826988070334
KLHL33,0.0629519166962779
PHOSPHO2-KLHL23,0.5904145331753119
FUOM,2.778307034242475
TMEM63C,-0.9622263658590899
IFNLR1,0.014220845731373928
PCDHB2,0.018664491812519897
PCDHA11,-0.2092666346318218
HIVEP3,-0.8075848275228303
PRIMA1,-1.194111873511899
KLHL17,-0.6671291348290912
KRBA2,-0.17220501251865286
KRTAP27-1,-0.37938220223731267
KRTAP23-1,-0.5033448572600477
KRTAP24-1,-0.3793822022373126
KRTAP29-1,-0.3450443232066496
KRTAP25-1,-0.37938220223731267
NUDT17,-0.7646219279554879
PRRT3,-0.5783885632465245
TMED8,0.1584249236360857
HAPLN4,-0.14739640934994205
FAM129C,-0.8409331239370001
IL34,-0.5002864462640941
NAT8L,1.2233888019346202
APOPT1,0.3579578574993178
CUZD1,-0.6254077326415206
RNF175,-0.1911548056451602
TSPEAR,-0.9843054665062284
TENM2,-0.024791372437746463
ACOT4,0.8740987046266728
SLCO1B7,-0.13398779128548044
AC022335.1,-0.38673581087261905
BVES,-0.2250082452676115
SEPT14,-0.5522782936748821
LOC155060,-0.7828652278136756
FAM92B,-0.8179871391530892
LRATD1,-0.6776988781808565
ZNF888,-1.133482767373626
RHPN1-AS1,-1.6542646190311068
PRR19,-1.3078673715823412
ZNF69,-1.2295577651807792
ZNRF2P1,-0.5540354604901345
IL31,-0.2649805473763489
NPIPB13,-1.0802760876885376
TTLL13P,-0.8757768871723021
TTLL8,-0.8757768871722891
FAM200B,1.5207838584085354
XIST,0.27089211877027825
VN1R4,-0.7594670422284249
TPSB2,3.2482658627714
HEATR4,-1.0283672752118402
ANKAR,-1.2321855947628244
IL17RE,-0.6256997459145601
SPNS3,0.49813342804830096
IYD,-1.113183519934153
NEDD8-MDP1,-1.2391430433561315
MS4A15,-0.7570499664663431
C5AR2,-0.6615594939330927
AC004223.3,-0.9687454228155543
SERPINA2,-0.30925893107959335
SENP8,0.2157381431124162
TMEM139,-0.035323446208371086
FAM86B2,1.35696965733076
LILRA3,0.17483992583740693
PCDHA5,-0.11998580747357136
LIPT2,-0.5569788837569852
KIR2DL2,0.3485782851724081
AC092647.5,-0.5275051898335463
TAFA2,-0.9031415965418844
TUG1,-1.198838032206681
NAPEPLD,1.8748295821866263
TTLL11,-0.9537695404879922
FRRS1,-0.25904351432630673
DEFB4B,0.47659162558971235
C17orf97,-0.9384808942411063
C16orf95,-0.9979543781950699
CGREF1,-0.7520471217411197
PIRT,-1.0746767531405652
RBP7,-0.5045218067273993
MAGEA9,0.0460710168355325
RBBP9,0.9449435575548277
LIX1,1.1857990037299573
CARMIL3,-0.35947388594253143
SHISA3,-1.1876724250742743
SCIMP,-0.43888810170471226
URB1-AS1,-0.18740548689155484
ESYT3,0.9122434229024693
SLC46A1,0.00024349024787514078
ARL14EPL,-0.8888232358874395
PRAG1,2.7380378168447725
AGAP5,0.22906655072509213
NPIPB2,0.22906655072512133
C11orf96,0.18492769873531245
WDR72,0.749059260076075
BECN2,-0.2573162554156498
FAM90A26,-0.9184663233675536
POTEA,-1.1862336463641956
PCDHB6,-0.2687212706119529
PCDHB1,-0.30599406927053396
PCDHA1,-0.1976843562366505
NAMPTP1,3.0185371680382587
PANX3,-0.5883832481283361
LIMS3,-0.39392443415398415
LIMS4,-0.48383299964641335
SERPINA9,1.1412441796253034
MALAT1,1.9760133207660104
SPRR2F,-0.5503203809832025
NIPAL4,0.4546134110987409
LCE6A,-0.6389582947650827
CCDC160,0.38637259158168324
SLC29A3,2.2439910032875185
HTR3D,-0.8829392522202948
LYRM9,0.5211439933938555
RNF112,-0.4596127673825976
GLRA4,-0.5411176527658753
DEFB136,1.2197486715460393
DEFB105A,0.7828567447774916
DEFB105B,0.7733736642973194
DEFB110,0.9529876523689134
DEFB108B,0.6668999533479371
DEFB118,0.4166576627837158
DEFB103B,0.5176810260104667
DEFB103A,1.2817431451702117
DEFB130B,0.7888348739738285
PRB2,-1.0887517367817503
CCL4L1,-0.9482737478921001
MAGEB17,1.5211923013064472
TSTD1,-0.2264678220180735
TOPAZ1,-1.0417289583791831
DUX1,0.16010667542663973
TRIM6-TRIM34,-0.9153348222833899
TRIM6,-0.6088845766074465
C9orf131,-0.46078012912079375
DNASE1L1,0.6216909101783219
KBTBD3,0.20827480998072959
TRIL,1.2620356355377993
ASXL3,-0.80540631368528
CHCHD2P9,-0.5931596176861198
BHLHE23,-1.2920543357120369
TMEM98,0.4686079399334941
FAM182B,-1.4856494735005759
IFITM5,0.6745632428200705
C5orf46,2.2305585952987665
CCL3L3,0.24473856419704626
MOSMO,1.1361002360087415
C1QTNF6,-0.7993996966621469
LAIR2,-0.82819974308033
DEFB131A,-0.35072380753506965
IGL,-0.5590926333242379
BTN2A3P,-1.5087721225203066
ZNF761,-0.33949378539591146
TRIM61,-1.4829668930841227
TRIM60,-1.5505577412166354
EZHIP,-0.9975256167376445
ZNF772,-0.39728252566658756
C6orf226,0.18266181121363745
FAM25A,-0.6239130582598249
SHISA2,2.144285153368431
CDRT15,-0.1475022010269657
IGSF5,0.03245298442243821
AQP10,0.5736428591429423
ERAS,0.13711442082633205
TAS2R45,-1.208693978162811
NLRC3,1.7043081129448647
KIR2DS4,1.5761666839361206
SLC16A12,0.16221423873338275
DDTL,-0.6732477093390071
GAGE12I,-0.3366685393199033
PRH2,0.4539616198701954
C2orf27A,-1.352397205536366
C2orf27B,0.4331473740016934
GAGE12E,0.18614925967663898
GAGE12F,0.18614925967663895
TLCD2,1.4233571207727354
PEBP4,1.5756359652317387
MYEOV,-0.14192553341889305
GCM2,-1.1866761389938985
C1QTNF7,-0.8811841187807157
CBLN3,-0.3860876613905632
C1QL2,-0.9331206391131089
ETFBKMT,1.0347379768012006
RHOXF1,-0.5832853605363191
NAT16,1.9529106261595988
PGA4,0.8296817028240464
C1QTNF12,-0.9184600970686365
PRR23B,-0.43968389129370994
HHLA1,-1.6168391973381653
SCUBE1,-0.6294451607615159
PTX4,-1.5418035136602966
PRR23D1,-1.0787371365962277
ADAMTS10,0.49361175317606676
ITIH6,0.05919193882030044
FNIP2,1.3972468255695278
PTCHD4,0.39305386183818286
VWC2L,-0.29055556802811694
ODF3B,-1.1311438896221988
PLPP7,0.8519359875309417
CRYGS,-1.311910751866457
PRAMEF8,-0.7941229422317866
DEFB104A,0.8851850719317791
C12orf50,-1.1445096331838482
STPG4,-1.4036388245495233
CEP112,-0.872178208548164
RINL,1.0319086527763064
C3orf18,0.3702721213363702
GPR152,1.1911014572985592
SLC16A13,0.7208112860717856
RP1L1,-0.27450969691170435
RN7SK,0.4716074690053042
SNRPEP2,1.6866168652915965
HNRNPA3P1,2.452563174118072
DYDC2,-1.4069888405272863
CCDC81,-1.181609220702018
OCSTAMP,0.4998350824783842
LINC00636,-1.0220842741058085
RPL6P1,1.7580577337652608
BIVM-ERCC5,0.8798820612935657
HHIPL1,0.23065354244904224
ANKRD20A1,-0.8130604971138313
FAM98C,-0.22146202415063013
AC004832.3,1.2366302599634456
HSPA7,-0.10149255513392019
DAOA,-1.1776332427994354
ERVV-2,-0.7324230262651215
ERVMER34-1,-1.3729787535084161
FAM89A,0.07610196870558708
TNFAIP8L3,0.9556286668297188
SLC45A1,0.11996060247326833
NBPF10,0.33810836911170783
FGFBP3,-0.6637909971365991
BAGE,-1.2029819044973922
TMEM155,0.3610369221382367
DEFB125,-0.20669151321516963
PCDHB13,-0.13636831047101472
PCDHB8,-0.022748206201712556
TMTC2,-1.1984604439360478
NAA60,1.7639126196606791
SATL1,1.8257041642543452
IGFL2,-0.18900828513511608
SLC6A17,-0.9474019933914608
SPANXB1,-1.213040559626504
SPANXA2,-1.4206220208225584
IZUMO3,2.087229187218606
NEMP2,-0.432493245361314
MFSD6L,-1.4271013946123496
TMEM240,-1.2317136787938876
PAGE5,-1.327174689683494
TMEM253,-0.9724243587342408
TMEM252,-0.8136510186484321
MEI4,-1.285124995794106
CCDC126,-1.158194399319046
MAGEB18,-0.2242740700857349
F8A2,-1.3025664234357905
AC091167.3,-0.730624701590308
VN1R5,0.27084712243399034
LOC401052,-1.007239377848842
ZNF763,-0.7049279985576479
AC008575.1,-0.6462437801815711
SLC35F4,0.1222795256662767
KIAA0087,4.099510748323981
TAFA5,-0.636670171988748
CKLF-CMTM1,-0.3811868373535034
SLAMF9,-0.19644972832086063
C9orf152,-0.15089011822801215
TSPAN19,1.315217994170552
HNRNPA1P70,-0.7307369046992525
REXO1L1P,-0.22753484675945304
CYB561D1,-0.49626317397584113
CFAP77,-1.1333258432239834
PLAC9,-0.48082475274301206
CCDC154,-0.8929885069280235
C6orf132,-0.5909490997322622
SLC22A20P,-0.005885038193861335
AC011448.1,-0.175426214920095
SLC15A5,2.4904483206990538
RIOX1,0.8807071612455561
KCTD9P2,-0.458387429893493
LOC147791,-0.5502799027740773
DCANP1,-0.7361907093632131
GLIDR,-0.8907275792528158
LOC148413,-0.7383741465939333
ZNF479,-0.8892873040991349
LINC01588,-0.7699045511951061
FAM27E3,-1.0055482909204387
POM121L8P,-0.9653676707696331
NWD2,-0.8307659517644221
FAM204A,-0.02812586490917258
RMDN2,-0.0619783337503343
HMSD,-0.14494126481752434
CLECL1,-0.15162372320911546
GCSAM,-0.046135453870414275
C6orf58,-0.813057612874429
TMEM150C,-0.40625256666675025
PLEKHG7,0.04584809963047218
MICOS10-NBL1,0.054938654054843127
LOC107987235,-0.7630586857216971
KIR2DS3,0.9024777943932357
GAGE7,-0.9872583970851895
ATXN7L3B,0.6578713460115544
GDI2P1,-0.8587959949249434
WFDC10B,-1.5669030386240335
P2RX5-TAX1BP3,3.3232876528681845
C2orf83,-1.4477606273393326
DRAXIN,-1.4796887348917938
BTBD8,-0.4660137367500249
FAM24B,0.6137989686549631
AC008764.1,-1.0239707926072361
CCDC169-SOHLH2,-1.2903898902863664
A3GALT2,1.9297415084431973
GLT6D1,1.9297415084431975
PRCD,-0.5391471956121194
SSX7,-0.48345455929418335
PATE1,-1.0131014692438949
RTL5,-1.1770345884139217
APCDD1L,-0.17766789506066008
PRNT,-1.411418592207141
HEATR9,0.7205879806205099
CD300LG,-0.8082662927419443
CEACAM16,-0.8723403515386657
AP000295.1,-0.34526043327641515
GOLGA2P10,-0.8481041621816003
PRR18,-1.380691232132501
THAP9,-1.3530753593046172
ZNF799,-0.8606872932698879
DCDC2B,-1.2654783244712478
NPIPB3,-0.552405270080178
KHDC1L,-1.3566778238093873
CYS1,0.39206339233645127
PNMA6A,-1.4982037566139659
NOTO,-1.140648687599727
PCDHA8,-0.03728935000481
FLJ44635,0.8798820612935657
C19orf38,0.1328569223856794
AC092143.1,1.101524441952295
USP17L25,0.12416042819740916
SPRN,-0.8439521655345548
PGBD5,-0.9445057311995235
POLR2J4,0.9632159819071493
ATPSCKMT,-0.21866741669022152
FAM72B,-1.0742128096371366
PCDHA13,0.39466940822108304
GTF2IRD2B,-0.8172399853528508
SMCO2,0.8067413966017489
POTEB2,-1.084090089419401
XAGE2,-0.9615179300352789
ANKRD20A4,-0.8376398424822662
ANKRD63,-0.8954196027679273
NBPF20,0.8798820612935657
TMEM170A,-0.38219420792719083
PALM3,-0.5162872013190147
AC068775.2,-0.429695027510302
KLRF2,0.626815009723122
EFCAB10,-0.9268798544130277
EFCAB12,-1.0089772908214882
C15orf61,-0.9219557663888014
TMEM52,-0.0929740342703711
IGHV1OR15-9,-0.4001415224057641
ARPC3P1,-0.45140202715201416
STOX1,0.021363018915895114
RAB1C,1.399465465599203
MAGED4B,-0.11139845658962012
USP17L23,0.19177142314383566
WASH2P,-0.450326935412683
FAM20A,0.06384797972289137
AGAP11,-0.2808201243880132
DIRC3,-0.5964226995300503
TBC1D3B,0.738976800186464
AGAP9,0.738976800186464
SCGB1C1,1.3268701476925537
TMEM270,-0.3633680064240156
LDLRAD2,2.3915850230295184
SLFN12L,-1.161010128883142
STOX2,-1.01496942229116
DEFB114,0.07525690180324034
DEFB132,-1.2163742718354271
ZNF286B,-1.0026255910848068
SHISA4,-1.313040019828549
MT1B,1.4141741167572481
MT1DP,-1.033195294400162
CCDC26,-0.8060771659840033
BMS1P1,-1.0595611364539257
SNHG11,-1.0755540275846085
MGC39584,0.5039607199969656
SLC25A45,-0.4526813401067883
GK3P,2.266768849086354
MMEL1,-1.03670429321912
GPHB5,0.7166850692913649
PGBD2,0.8162512906619996
RPL9P8,1.8753885904949334
BTBD19,0.5770240272714156
CDC42EP5,-0.7112868182676253
UBALD1,0.9386251516639074
SHROOM1,-1.0827976870936777
C17orf58,0.9632159819071494
RFTN2,-0.11380630222368283
LY6G6E,-0.7795269992303073
USP17L26,-0.28913860887228254
USP17L24,-0.28913860887228254
TINCR,1.4673203796500427
FAM218A,1.4673203796500427
RUSC1-AS1,0.38888758001965085
TMIGD2,-0.7298764347985605
NXNL2,1.126606392069267
TDH,0.02475196439039738
GPR119,-0.8859224726363097
MKRN4P,-0.6506116931742996
ZNF738,-1.5008217922200908
LINC00846,2.160410425840982
IRAK1BP1,-0.6067999643089019
TATDN3,0.3682940639703758
PADI6,-1.1593042353992211
PWWP3B,-0.5175307404638279
AC003002.1,0.7366525005717901
MINAR1,0.1716559621657329
WDPCP,-1.2001744152075589
ZNF705D,-0.4658534366152398
NIPA1,-0.12700238177731338
TESPA1,-0.4760280665720679
RRP7BP,-0.9359321462672108
TMEM136,0.449427926437527
MROH1,2.5411063279626434
MEG3,-1.209194435564812
TMEM37,1.6586494521607862
TRAPPC2B,1.008928656862901
UBE2Q2L,-0.12411545470111122
AWAT1,0.7069424083491094
BTBD11,-1.049765021896491
AC004997.1,-0.1639135365058844
CD177,0.6302241740748915
SPINK8,-0.2551263711428216
ATP6AP1L,1.548288051390733
MAGIX,-0.8470007327310711
HMCN2,-0.641500868194297
KIR3DX1,0.04119198440434424
RIMBP3C,-0.6359491427193705
AC010422.3,4.053586118893288
FAM166B,-0.875513528906253
MSANTD1,-0.17338499886984532
FAM229B,-0.7612710027238986
FOXO3B,-0.6926429631034601
AC005837.2,2.7558260338927454
NRN1L,-0.8976942383495471
DEFB127,-0.2567307077510961
LOC100653061,-0.8055849794961544
HMGB1P1,-0.9136993812955478
AC104831.1,-0.2871735978659975
ERMARD,-0.8559945308963478
LAYN,0.5193988235668118
SVOP,-0.5676342540919072
CCDC142,-0.3569836170987587
CCDC30,-0.8374483290613401
TRABD2B,-0.5313636509957891
FAM45BP,1.3382793104868087
PPP1R3G,0.880104135101212
GREB1L,-0.22150986833204975
NT5DC4,-0.4085612670441792
TMEM255B,-0.4144944378187476
DEFB115,0.6435738583535556
TEDDM1,0.41665766278369276
PMS2P3,0.6545065055545312
HOTAIR,-1.3940291987125157
RPL4P5,-0.5835625917017184
C9orf135,0.4720648915714801
UGT2A2,2.160683923273781
FAM9C,0.034458538966071324
CDCP2,-0.11076133478260543
PLPPR5,0.8243952226263622
SHROOM4,0.07755109932546847
CCDC171,-0.27334439059982846
LYSMD4,0.0009325176150635161
TDGF1P3,-0.5696136222345172
SYCN,1.3285104191624135
SCARF2,0.2947645301838682
GPRIN3,-0.1975733637010122
AQP12B,0.7490896026427275
AQP12A,0.30806041478900237
C1orf127,0.4125960749782031
GAGE4,-0.9872583970851895
THEGL,-1.3882489888395895
AC099850.2,-0.5687660363772251
C8orf86,-0.1475029114130812
DCDC1,-1.1006083540392015
IGHV3OR15-7,-1.2153488072944905
ZNF846,-1.245846141241553
ZNF525,-1.1311789202989484
SUPT20HL1,-0.705852649946628
PRAMEF17,-0.19570375292895137
RPL35P5,-0.6870176899724769
ZNF804B,-0.45352081961270335
ZNF732,-0.34946119690667016
ZNF737,-0.34946119690667016
ZNF705A,-1.0569479232296637
ZNF658,-1.0569479232296637
FLJ38668,-1.5184503682953434
TMEM234,-0.3988984554052138
LOC729603,-0.696844896245949
NBPF9,0.8798820612935658
TMEM235,-1.598284082104406
ABO,0.8998668078106413
TMEM74,-0.5598061002382725
C2orf66,1.0330735649391432
PI4KAP2,-0.4691728183278869
SERINC5,-0.4548075639205355
MS4A18,0.8154712981271346
TMEM132D,0.615826954165892
DNAJB3,-0.314224977912713
LOC153684,-1.3915567257923869
TCL6,-0.5724199243681163
GOLGA8DP,-1.481342711338213
CYTL1,-0.13770118080656388
VWDE,2.3771234079789805
LYPD8,-0.6726191496014244
CCL4L2,1.2886867223600325
LINC00656,-0.6780181448228187
FAM178B,-0.5500524254220224
TRDC,-0.9135471013466658
FRRS1L,-0.37195238389429847
KRTAP10-4,-0.639667695256602
LIPN,0.18313217050269007
CASTOR1,-0.605156814067766
CASTOR2,-0.26209270301910875
NUTM2F,0.3171167820464572
PRR22,0.5889730332014275
GOLGA8R,3.215978019422697
GOLGA8H,0.8798820612935659
PRKY,-0.013246786260217497
WG,-0.8081828840169373
CTAGE8,1.3711946728173205
CLEC4F,1.093727696576341
MAP6D1,-0.8557716862208123
GAGE2B,-0.29242408000839926
SMIM24,0.8798820612935658
OPN1MW2,-1.848046754113684
RBBP8NL,2.9954989339203872
PIPSL,2.061788638878632
DEFB124,0.447170252884064
LRRC3C,-1.2997806258084552
LRRC53,-0.7060788901729983
PATE3,-0.8955655856789593
MT1P3,2.4094679590540227
RNASEK-C17orf49,-0.5950109060336158
CCDC140,-1.2522941360234785
GUCY2EP,-0.8911726709768366
SVBP,0.35237419000605247
RNF121,0.253379860049707
C11orf40,0.12023176226787992
AP000350.4,1.0753397006720045
C15orf65,2.182283994575827
KAAG1,-0.9752726932291802
VWA5B2,-1.371851183401122
DCAF8L2,-0.7140269672657239
ALKAL1,-1.0476990285749561
LINC01465,-1.6641586097511327
AC068896.1,-0.28655570046366624
PPP1R2C,1.8869306406453281
AC090527.2,0.382935967584179
AC110275.1,0.532861046845333
WNK3,-0.7316520426737521
HIGD2B,-0.1088393054273183
TMEM179,-1.4051413647364221
CCDC141,0.7389593693101756
SRGAP2C,-0.2965680030508596
FAM180A,-1.530895482568236
EGOT,-0.27586788348748414
AC048338.1,0.17175686187411615
LINC00265,-0.6258449925695355
ZFP92,-0.37022824854050984
CALHM5,-0.11428618236713874
PRSS3P2,-0.4010683850770334
MINDY4,-0.21571849633759307
SPACA5B,0.5172235698158038
TMIGD1,-0.7961220369598353
CYP4F8,-0.4829687240161511
C4orf47,-0.7325646027435182
ZNF205-AS1,-0.9106009222067789
LOC142937,-0.33654287557716356
EEF1E1-BLOC1S5,0.8448880382098337
AL110118.2,-0.3309761335122411
CCSER1,1.6506774046728363
AC026464.3,-0.5067616700933416
AC026464.1,1.1557322784098751
TRN-GTT2-1,0.7248053852781449
BHMG1,-1.1634526869543704
CLLU1,-0.6588685039758996
HPF1,1.4420931091670868
PDPK2P,0.6646165079953772
NUTM2B,1.093727696576341
NUTM2A,0.8798820612935657
CGB1,-0.007183243819734721
EEF1A1P5,-0.8537182068824823
INAFM1,-0.5612668948641396
ZC3H12B,-1.3312150715360604
TMEM150B,-0.7872288736331027
TMIE,-1.6398959080301245
STRC,-0.32067682152973237
CYB5D1,0.4370198540968515
KIR2DS1,0.7150663437648659
CLEC19A,-0.5922213728903952
IGKV3D-7,-0.6494675110445899
CORD1,-0.753553620047547
TBC1D3H,2.0264521767714783
RP9P,1.6328313501406797
CT45A3,0.3550115211971618
SPANXN4,-1.007239377848842
TPRG1,-0.6588898418036436
LOC613037,-0.8736028371037979
DEFB106B,-0.21947508490542875
C1orf74,1.7208806576471385
EEF1B2P5,-0.5595797033319064
PQLC2L,-0.9034054014152629
SPRR2C,-0.2824929844907241
BHLHA9,0.5611321035991463
C15orf54,-0.7397716419781538
CLEC2L,1.284331879922691
MT1L,2.5568416223868873
ARPIN-AP3S2,0.1355114076913458
PPIAL4D,1.4858285703076577
TBC1D27P,-0.8578653953390991
VNN3,-0.1388166511329199
PLET1,-0.6726191496014244
PRSS41,-0.6726191496014245
MDGA2,-0.2555470805719627
ZNF182,-0.8569773577698333
FAM163B,-0.887515165063774
CDRT4,-0.3400151363235663
ZNF630,-0.15402649816707575
REXO1L6P,-1.6319484584720696
CRIP3,-0.8889095894745053
GLTPD2,0.5477691484307768
C10orf120,-1.2551517355798998
C4orf48,-0.5819232543478458
NPIPB9,-1.027993042203114
ARMCX6,1.248743029546785
RBMY2FP,-0.9931881099193847
CT83,0.8798820612935658
LYZL6,-0.740195956092095
AL359922.1,0.7519651182213026
C2orf15,0.6294199701205443
SIGLEC16,0.34905718119974677
ILDR2,0.07567385314773174
HSBP1L1,-0.17259280116113135
ARMCX4,1.1513861740841635
TIFAB,-1.0013614537203965
C11orf42,0.9139245462276689
TRIM77,0.8798820612935659
XKRY2,-1.0391858360319137
RNU1-4,-0.8977037652945238
RNU2-1,-0.8977037652945238
ZNF275,-0.3057099629779757
BAGE3,-0.27586788348748414
CXorf40B,1.1030886883148607
LOC344382,-0.7471716525403058
DEFB104B,2.6276317183167612
AP001458.2,-0.768303701094746
FCRL6,-0.6807873065313692
SNAP23P1,-0.6882965454994721
IGSF23,-0.6162141209644098
CTXN1,-0.5291947768206923
LINC00312,-0.8920894618679672
SHOC1,-0.5339858372206698
ST13P4,-0.13605792683892257
PLD5,0.4029816923751514
GOLGA6L10,0.8798820612935658
TMEM114,-0.07808007272096938
CRYGB,-1.06111596534536
AL589666.1,1.2202639974831475
BEND4,-0.11692785025824713
FAM184B,-0.3467035382403642
NBPF8,-0.5208327323953784
C20orf197,-0.27586788348748414
RPSAP58,-0.31142696980078083
SMIM17,-0.34549389210366493
PCDHB4,0.21843046635077837
CFAP54,0.47911748976858193
CR1L,-0.8644641616484827
NBPF14,-0.05267814633553178
NBPF12,0.8241093745391564
GAGE12C,0.18614925967663895
TMEM121,-1.2433824962588822
C20orf203,-0.12743365679207352
KIR2DS5,-0.01576265164793253
CEMP1,1.947113012581638
HDL3,-0.08155243251078426
TMEM44,-0.09719744217271785
LINC00242,-0.6824005459614009
TMEM169,-0.6912845434034464
C4orf51,0.879882061293566
GBA3,2.597713138352065
POTEM,0.8798820612935659
ZHX1-C8orf76,0.8798820612935659
TMEM183B,0.8798820612935658
KCNJ18,0.8798820612935657
PLEKHD1,0.8798820612935659
ZNF730,0.8798820612935659
ZNF735,0.8798820612935659
ALG1L2,0.879882061293566
ZNF717,-0.11969654084195534
ZNF865,-0.9835760305354353
ASAH2B,6.413513672386865
C16orf47,0.8798820612935657
MROH6,0.9059676515338205
TRIQK,0.19255533011411954
GPR179,0.8798820612935659
HNRNPCL3,0.16916319831876186
C8orf34,-0.7268984152329144
TRIM49B,0.879882061293566
IGKV2D-29,1.4618906765117208
IQCJ,0.8798820612935659
HSPE1-MOB4,0.8798820612935659
NEURL3,-0.1252432441408552
FAM72A,2.506481831939328
RPS10-NUDT3,0.22351911083411632
POTEB3,0.8798820612935658
C20orf96,-0.4208667506206655
CTAGE15,0.8798820612935659
SUPT20HL2,0.8798820612935657
ELFN2,0.8588925158536601
GUCY1B2,-0.9287120275172639
SMCO3,0.32597636369506233
ZC3H12D,0.07819213943119938
ATRNL1,1.2074459791626608
ATG9B,-0.08681625112498824
GEMIN8P4,-1.0297752449642228
OTOS,-0.23636141202137523
LINC00518,-0.15502039366807835
LPAL2,-1.1164623971990453
TVP23A,-0.11729589308896808
CRYGN,-1.417436450802038
C17orf102,-0.285335285371972
FAM160A1,1.0409076802016057
CT47A11,-1.0199614768858793
TMEM132C,-0.2557979519173919
CC2D2B,-1.0316967785956737
VWA5B1,-1.650165006891482
CFAP61,-1.678183697350239
DIRC1,-0.8013074046876113
MYMK,0.9645381615633923
NPM2,-1.1331152841333654
TCIM,-0.7205552004984928
PRY2,-1.4227432419526103
GABARAPL3,0.8953571688897535
CYP4Z2P,1.2756568249415754
CRSP5,-0.7722976819422863
ZNF891,-0.6518348896360041
ADM5,-0.7090314924096185
AC138811.2,1.5558808213814896
C3orf80,-0.15491823985238867
CD163L1,-0.6136691409753686
XKR9,1.5371179254116865
PIN1P1,-0.8558200716897453
PAGE4,-1.5687472307698496
CEACAM4,-1.068861595119298
AC008770.3,-1.4899917775230382
TMEM121B,-0.2639043808767186
FAM74A1,-0.1403094684870739
FMO6P,-1.1929252366885184
KIR3DP1,0.43332687198227415
TAC4,-1.3613486326911441
C1orf189,-0.41216870454180893
DLX6-AS1,-0.819390177378066
C16orf89,-0.7833712468665243
SPATA31A3,0.8129921948260045
UCN3,1.3544726319058118
FAM222A,-0.7664582306509459
KRTAP9-7,-1.0286204511062484
SIAH3,-0.3717095508382943
EXOC3L2,-1.062765448487243
C12orf74,-1.0292351709088556
TRNAG1,-1.2390748712441273
PPP1R2B,2.4449226510992905
C9orf163,1.3550480525514657
MRNIP,-0.4877687634948741
TRPC2,-0.3250869195332498
C2orf74,-0.7288554797495823
FAM217A,-0.6482593737914771
CDHR4,-0.6078095556879972
ANKRD33B,0.25051864777418015
DDX12P,-1.1789516856428215
PRR29,-0.3129065657306117
PPIAL4E,-1.0821632306369988
INTS4P2,1.7858394782758145
GPR137C,0.6265437012295008
ST20-MTHFS,-0.5172084923252322
WASH6P,1.2699849829066376
CARF,-1.2172976722992248
VCX3B,-0.9884955433079015
GGT3P,0.2593203045300268
ERV3-1,-0.5203944393756801
VSTM1,-0.39529337799903247
EIF3FP3,0.7954134785448896
RPL13AP17,-0.45292362516565443
MRRFP1,0.2349894757501323
C16orf46,-1.0511337081058196
FREM3,0.3422241508458239
SLFN14,-0.5221940919357904
ARHGEF33,2.6898951568874105
AFG3L1P,-0.5575254935265901
SSX6P,-1.2029819044973924
ETV3L,0.8216604182340521
ITPRIPL2,0.9962752883531512
PRSS40A,-0.0633673421559943
AC013269.1,-0.0633673421559943
NAP1L6,0.591538060614752
IFI27L1,1.409753549963813
LINC00588,-0.33654287557716356
C6orf222,0.7639775916125975
STAG3L1,-0.21180616726431362
VWA3A,-0.8485814869228463
ASB16-AS1,-0.6085345978097828
TMEM236,-1.2369548084669826
XKR3,-0.9250956589659651
GAGE2E,-0.16340070957401012
ZNF702P,-0.2873356484054208
NPIPA7,-1.0638863444938482
EEF1DP3,-0.23939341554828797
NCF1B,0.7553200661953803
LY75-CD302,-0.7660666100254317
XG,2.7187866295219183
CXorf40A,2.060653125462247
RNASE8,-0.03337820526617823
GOLGA2P11,-1.0191702784653274
C12orf42,3.153179949334404
OC90,2.490492788255976
C2CD4D,-0.10510495482328017
C2CD4B,-0.852240069341659
UBE2L1,-0.36981096031119076
PDXDC2P,-0.7250509246305077
AC135050.2,0.021826126482483107
C8orf58,0.022377011065220585
SMIM2,-0.9150752776683929
JAKMIP3,-1.1185708816031756
MUSTN1,-1.2888492122870874
MAMDC4,-0.7911845284372152
NAT8B,-0.02894258139431934
PABPC1P1,2.266231914948259
C1orf158,-0.9499322418180184
ERICH6B,-0.5607868938968623
DUX5,-0.7456109022765209
TMEM117,2.8112796011129397
SEBOX,-0.885815532284777
MAGEA5,-1.2511352397209952
AC011479.1,0.2933388680606723
PRR23D2,-1.078737136596233
XKRY,-1.0391858360319135
ZNF767P,-0.4303113099240764
ALKAL2,-0.7452621482199613
PRR23A,-0.43968389129370067
ANKRD26P1,0.9141656764694922
CLPSL2,-0.4847795713508043
C9orf85,-0.8033216588226237
CD200R1L,0.38371540838982615
H2AFB3,0.48512024960670674
SLC10A6,-0.39905444975457227
OR4F16,-1.3215884774165008
KRTAP3-4P,-1.5184744948905269
C8orf88,-0.20704458396241152
NPIPB15,-0.17814692863912993
RFPL3S,-1.5574265937828717
CYTOR,-0.09926675187971959
C22orf34,-0.44737128924452435
IZUMO2,2.087229187218606
LYG1,1.4697671752949235
SEC14L6,1.919303671151279
RPL23AP32,-0.21915708691773855
MIR4435-2HG,-0.09926675187971959
GLOD5,-0.7535536200475471
TMEM26,-1.2673523030701697
RAD51AP2,-0.8514263349296
AC010422.6,-0.9270448229874719
PLEKHA8P1,0.37528289996987385
MGC34796,-0.4691728183278869
CD300LD,-0.78687099116108
SLC10A5,-0.9479901869235506
BAGE4,0.6435738583535555
FAM181B,-1.3184624717370665
TPT1P8,-0.4426188877699846
