,z
UBE2Q1,-2.0820878151376263
RNF14,-0.07703144310476412
UBE2Q2,-1.4214881616531372
TMCO1,-1.5080051915210275
UBAC1,0.7953537457251766
RAB4A,0.6783062740519504
ZNF706,-0.8725128141920391
MIB2,-1.6937595696461163
RNF114,-1.613860742441863
RNF115,-0.9035130963118251
RNF111,-0.16949815650270125
EEF1AKNMT,-0.7982792337758983
UNKL,-1.4995274113161559
MMAB,-1.908618656867304
UBE4A,-2.066532210307424
DDX41,-1.65982510362802
ATMIN,-0.8338166466417339
TSG101,-1.1338129337658305
FBXW11,-0.9172337785467493
UBE2D4,-0.32945345850165536
RPS27A,-0.2818049483754854
UBE2D2,0.2087871499882836
ATP6V1H,-1.4106415474174478
UBE2D1,-2.305044446663669
MFSD11,-0.9534781934610747
CCT3,4.8352154159753065
LNX1,-0.5488090423766516
MRFAP1L1,-0.45551134138798083
GTF2B,-2.381405116634643
FBXL13,-1.5590019581385297
FBXL12,-1.786723717737138
FBXL15,-2.217843595091861
FBXL14,-1.7089675552481955
FBXL16,-1.786112814234675
FBXL19,-1.9599502726553077
FBXL18,-1.6839723458518696
CCDC51,-1.657642564122918
PPP1R11,-0.9030547962699653
AKTIP,-1.2704214297720142
RNF41,-0.9103226845517468
ANAPC1,-0.903005704329489
ANAPC2,-2.1399192145486436
ANAPC5,-0.7372185726466641
ANAPC4,1.4788621066607188
ANAPC7,1.2106541042658376
ZNRF1,-1.445174695548032
LRR1,-1.1451364717787367
ZNRF2,-1.6972655962173224
FBXO30,-1.8748947796716136
FBXO5,-2.6224834706564897
FBXO32,-1.1628955605825901
EMC7,-1.1654458472487903
KLHL25,-1.5374599548114924
KLHL21,-1.7135689746081
KLHL20,-1.4122898861333402
KLHL22,-1.739644591495781
MKRN1,-1.1024390465692018
SPSB2,-1.526414549641685
SPSB1,-0.822165143699161
TRIM50,-1.2434214803580392
SPSB4,-1.1352453186286922
ARF1,0.08477650378736126
CDC34,-2.5612611160173184
AREL1,0.19339211044879887
LONRF1,-0.43490906128450546
CIAO2B,-0.28877512289367513
RNF25,-0.8862097894656175
UBE2V1,-1.5691361303518268
UBE2V2,-1.31353825825033
RNF26,-0.495810438049707
PSMD8,1.2314373273518155
LMO7,-1.4691077341763155
MGRN1,-1.7339738324546095
DHX8,-0.5856794351743052
SPCS1,-1.6551398847720098
ITCH,-1.6358961579367195
PSMD4,-2.352954774215023
FLAD1,-0.8856296567664776
CBLL2,-1.8274893292112102
ARIH2,-0.4346223901446829
TRIP12,-0.725898561794352
MEX3C,-0.4386622547273518
E2F6,-1.520850712729516
SNW1,-2.099028465225917
PRCC,-0.9988038775033785
C3AR1,0.4124790592738554
BTRC,-1.974672555442325
TRIM11,-0.427838950127133
HUWE1,-1.554053300994698
UFC1,-1.951380736150048
LRRC41,-1.5957977079484813
USP25,-2.3747289062881514
MOAP1,-1.3428556446697697
ASB2,-1.173871174543033
ASB1,-1.4039388096202328
ASB6,-1.6083993229887126
ASB7,-1.5653758655667183
ASB4,-1.459286900477197
ASB5,-1.6455263186842253
ASB8,-1.4381548286365131
ASB9,-0.7748408184988049
PIP4K2C,0.15104859188548092
ZMPSTE24,1.0221693764533883
MRPL34,-0.2980902502577445
UBE2R2,-2.1390672313484815
IMPA1,-1.1711193635011017
RNF19B,-0.9356708687812647
RNF19A,-0.42831369869282315
RFX5,-1.6270099540235565
TRAIP,-1.393675086726704
UBA52,-0.6042507819460801
KAT7,-1.6775421978251355
EXOSC7,-1.3956544537403015
ADAR,-0.17548352691846902
STK24,-0.5789530844621
GPR161,1.7443438961241007
UBE2E1,-1.8631108850549536
UBE2E3,0.3049408883866796
UBE2E2,-2.1460008578861802
DLGAP3,-0.27315334727781737
JTB,-1.8168947282881436
TRIM9,-1.148784937609214
FBXL20,-1.6735980570654232
TRIM4,-0.9253071516905447
FBXW12,-1.815855881305917
PI4KB,-1.1615405187987011
RNPEP,-0.9089383943020292
ELOB,-2.156611360896409
FBXW8,-1.5648031183677487
SKP2,-1.5461759855175512
ZBTB16,1.4414628466347297
SKP1,-2.0423646431389484
DEDD,-0.8362059462581238
WDR26,-0.08941634776231448
FBXW9,-1.4877248373705705
FBXO21,-1.9102860533956687
FBXO27,-1.686208442119072
HNRNPAB,-1.5102885555885648
DDX19B,-0.15807173245856182
FBXO28,-0.6038328021130123
FBXW4,-1.7450525220147868
FBXW5,-1.2720946138379374
FBXW7,-2.0915981461313224
KLHL11,-1.4811874286425564
KLHL12,0.17721196774809045
LRSAM1,-1.2904009610631728
SH3RF1,-1.1359462255611816
CSTB,-1.2589816888300114
GNB1,0.14786504063913866
UBE2D3,-2.5770998351743875
TRIM69,-1.6336258760994855
JOSD1,-1.4388927322326093
TRIM63,-1.3196286670726554
PIP5K1A,-0.533386998682516
KEAP1,-1.1493258031014457
ATP6V0C,-0.445115108147903
ERCC3,-1.305714463995481
RNF34,-0.42243889029637777
TOR1A,-0.41892562137506656
TOR1B,0.035834913556328334
RLIM,-1.2062063648114068
TMEM248,-1.1187247465335992
MFSD5,-0.9055353260787873
PSME3,0.687337312421326
KBTBD13,-1.4815720498179057
DDX23,-1.0957544165497084
ERP44,-0.5227542312611537
ILF2,-2.3456994640773825
ASB10,-1.6051596266002606
UBE2J1,-1.5969612799934945
UBE2J2,-1.8324780229299273
WWP1,-1.1819120806448995
BTBD1,-2.0447542561608487
FBXO10,-1.535240957896032
FBXO17,-1.7032713289508878
FBXO15,-1.452194674930265
ASB13,-1.4088080635234073
CAPRIN1,0.9853960853533587
PPP1R7,-1.6317233831109532
CERS2,1.0799480334113187
ASB17,-2.2739568969304713
EIF4ENIF1,-0.697163776552762
CUL5,-0.5498286283839393
CUL7,-0.27641801071658706
CUL1,-1.6780464625296523
CUL2,-1.0603702506802568
CUL3,0.13895944934141946
TRIM27,-0.45890069685778223
TRIM21,-1.30397622718579
IRF2BPL,-0.9296318435341876
RNF138,-1.3787161597910984
TOR1AIP1,-0.9539285507463293
DZIP3,2.568044034663106
RBBP6,-1.572507941582769
RNF182,-1.046081464958239
RBX1,-3.244555229702428
RNF217,-1.5433526088152765
RNF213,-2.248542336402212
SLBP,-2.8232878048595462
SMURF1,0.00380153163726618
UBE2F-SCLY,-1.2167609319359385
SMURF2,-1.7025805098147406
CDC16,1.0106890388510714
UBAP2L,-0.6958424625865225
RNF130,-1.078370349662601
B4GALT1,-0.7713306514209638
B4GALT3,-0.9044746483860137
PJA2,-0.7884701572463563
RIC8A,0.2968294644693095
HERC1,-0.2665359467380907
HERC3,1.7953103935377384
HERC2,-0.3436546704453065
HERC5,-2.1041551251483934
HERC4,0.3072674762463996
HERC6,-1.8684158389746408
MRPL9,-0.9343658146026795
UBE2I,-1.8632193536466932
UBE2H,-1.658286230504041
UBE2K,-0.31307822099390353
UBE2M,-2.104635433260965
UBE2O,-0.46919703528144946
UBE2N,-0.031238664191147153
UBE2A,-1.6294985751494304
UBE2C,-2.8292499165319382
UBE2B,-0.921953715405198
UBE2F,-1.3160939771158702
UBA5,0.6443657193589376
RBCK1,-2.4399007689146655
UBE2S,-2.2746033591459516
UBE2U,-2.3787461528456624
UBE2T,1.6482018947070398
UBE2W,-0.1892709296426667
DPF2,-1.1673224572823997
UBA1,-0.38010516407911105
FBXO2,-1.7879251215911
FBXO4,-1.5810768437830363
FBXO6,-0.04598233125086764
FBXO7,-2.209350331668435
FBXO9,-1.8449542886364185
HACE1,0.5553746973912826
SRPRB,-1.4540323626471732
ASB11,-1.7074436932947148
FHL3,-0.38527781999089206
FBXO44,-1.7670947875460747
FBXO41,-1.5352829848589395
FBXO40,-0.4770217870676821
NDUFA8,-0.6085255403066779
DET1,-0.9213098199058579
TP53,-1.892750028510908
MAEA,0.8605845727603947
TRIM71,-0.8933802636823281
BIRC6,-0.23206236904036676
PEX19,0.3410422951579527
MAP2K1,2.4254364001702005
ADPGK,1.2847636744077042
ANGEL2,-0.7763673093279072
RCHY1,4.9157078833569745
LYPD3,1.6138675333231638
NSF,-0.3294174962147807
APEX1,-0.6210608785040288
UBE2Z,-2.4631852701218016
MAD2L1BP,-1.4392212407268978
POGK,-1.1336798385286482
PPP1CA,-0.34774185894643517
MYLIP,-1.8661509808373138
M6PR,-0.4431073308453289
HECTD2,-1.4768245510648097
HECTD3,-1.5934911451731955
ASB12,-1.5919847220991623
HECTD1,-1.455948566972442
ASB14,-1.5851044441798827
ASB15,-1.4973469597450384
ASB16,-0.6336278883969602
UBE2QL1,-0.1999796537808947
ASB18,-1.5117521105635703
DHX16,-1.4328694729552118
AC022826.2,-0.6177006984431823
STUB1,-1.2957806229845223
ANAPC11,-1.1699494848058798
ANAPC10,0.39165516663402195
ANAPC13,-0.31753256157072035
CSNK1D,0.5431715768733463
UBR4,-0.9148940777247174
WSB1,0.051409736540030095
SCAMP3,-2.5246999171440563
CHTOP,0.35008289781560803
KLHL5,-1.6401915459105354
KLHL2,-1.2115878744931834
KLHL3,-1.5822115731997208
UBR2,-1.0884636098288856
UBR1,-0.6199960867777426
FBXO22,-1.6342647095139096
KLHL9,-0.3257751795544496
FBXL8,0.232390727309582
SOCS1,-0.3388554157000382
SOCS3,-1.3372367397612532
FBXL3,-1.2244384379823254
FZR1,-1.1069024385085988
FBXL5,-0.004646078766466065
FBXL4,0.9827745295013288
FBXL7,-0.09554116924243244
SUPT4H1,0.39955734932735854
TMEM189-UBE2V1,-0.9625227635453069
UBB,-0.32039419820630516
UBC,2.4025411019582155
RNF6,-0.18897821917723312
RNF7,4.453298495559475
RNF4,-1.5694567067310892
TRIM39,-1.0367063471475253
TRIM32,2.6598271247167986
TRIM37,0.6643452414928996
TRIM36,-0.02861296443544411
UBE2L6,-1.363287555334428
UBE2L3,-1.1404443199744423
KBTBD7,-0.7133930215970741
KBTBD6,-1.42117610411041
UBE3B,-1.4620932520871215
UBE3C,-1.267230035039062
UBE3A,-1.5753541098809936
CCNF,-1.4949980661134834
UBE3D,-1.1936132765095526
KBTBD8,-1.4431663329414457
NGRN,-0.2293344867869068
HTR2C,1.1185614157286616
PCBP1,-1.7468767687389617
RNF220,-0.03085261419200861
ECPAS,-1.4368656994577598
ARPC5,0.4632939775655143
TRIM41,-0.48175547619167186
TAF7,-0.919303040977276
SLC25A44,-0.0937338050767931
CDC27,-1.8524301658770268
CDC26,-1.3417206379604552
CDC23,-0.7088617109846909
CDC20,-1.2490854304609706
KLHL42,-1.5595463855829088
KLHL41,-0.6060812059357532
HECW2,-1.2856609984653835
RNF126,-1.7122504176955076
BTBD6,-1.5434394270622112
RNF123,0.23686527094304027
DTX3L,-1.9516814802286349
COP1,1.3218091113530115
NEDD4,-1.4042383815265287
PFDN2,0.154802057946271
SIAH1,-2.121782016695595
SIAH2,-1.8866308248748156
TCEAL1,0.4341641723612258
RNF144B,-1.5118448327419798
PSMB4,-1.8080953429151152
KCTD6,1.7513315629423696
HAX1,-0.7457390554625595
VHL,3.060200607359101
UBOX5,-0.37326888161601485
LTN1,0.336054279900304
UBE2G2,-2.011420815631944
UBE2G1,-1.415193174867643
PJA1,0.010242073629346716
UFL1,0.4076061221710172
RFXANK,-1.471750766564179
RRAGA,0.5673439223906096
TRAF7,2.183222786540917
USP11,-0.6652688720620159
C1QTNF2,-0.6152301451204418
NEDD4L,-1.2419587449388068
SCFD1,-2.19905902741816
RNF11,-0.916948284420488
UBL3,-1.2476889536357816
HSPA4,1.0339132466214551
SUMO1,-1.1296630558785679
HSPA9,-0.5150587079751425
SEC23IP,-1.4477174516056335
ANKIB1,-0.9925458247881389
COMMD8,0.4408653824762119
C6orf120,0.4534100788308399
CDC73,1.4177102040722014
PIK3CA,-1.6962022658432079
RMND5A,-1.166623409820068
PRKAG1,1.3452288303666506
FAM114A2,0.8475028658287254
ABCD3,-0.2854491215208398
HBS1L,-1.132411645811825
RAB9A,0.38480593461418633
WRB,0.025970195477330794
NIPSNAP2,-0.8716129031815785
SP3,-1.4201870086571409
AP5M1,0.3419080310034756
TMEM9B,1.346183237777067
DHX29,-0.9679378732224577
TMEM184C,1.2580770891642958
GPI,-0.16899956927813636
SNAP23,1.3283225682762185
PTER,-0.6836946671588207
ARHGAP12,0.18858985637731024
TCF12,-0.26567866110118527
CTCF,-0.5695382150543755
ATP6V1D,0.7585765853713723
RPS6KC1,-0.6513088466697239
ATP6V1A,-1.5621649663237474
ALDH3A2,1.2591723416183038
PUM2,-1.262504640567618
ISCA1,0.8684704633602349
SPTSSA,-0.5393606045402521
ARNTL,-1.5041807581625188
RWDD2A,2.0536880060176155
BUB3,-0.3862514033316036
XPO7,-0.6745205113792868
RWDD2B,-0.9441304436160096
APOO,-0.5612142507980268
CETN3,1.1817618641955878
CTNNB1,0.8641091030288968
JAK2,-1.1992087926902069
TMED10,-0.12793143800436602
KIF1BP,-0.5666625358920974
TSPYL1,1.4095259580338626
ZNF226,-0.20685679055648476
CHUK,-1.5837819223840413
INSIG2,-0.890677123834409
CSGALNACT2,-0.09857225704205447
SLC39A6,-0.41891921398761556
PREPL,0.8476760570615783
RPS6KA3,-0.05124859345760614
CSNK1A1,0.3042054528538806
C5orf15,1.3907138981359042
GFM2,0.2831733041348536
ATAD1,-0.9469421622245239
SLC35B3,0.2551812290633836
TTC37,2.903473001764096
MINDY3,-0.8314536598894133
MINDY2,-0.4995725785603911
EMC2,-0.8800970315502947
MINPP1,-0.36354524147213035
FBXO38,0.4775805295669708
ECHDC1,-1.450004930083919
SOAT1,-0.10566499873958661
SMAD4,-1.1042346694651015
RAP1B,2.2739751018560668
RAP1A,-1.3730110022853246
AP1AR,0.7015920008931678
DCTN4,0.18408698627732778
LRIF1,-0.5368775348879267
NCOA4,-0.7730400492365656
CCNDBP1,-0.6227366557719908
CRYZL1,2.031766301450843
ALAS1,-1.0067840555736438
CRBN,2.7335930013659313
TM9SF3,-0.8000423463698433
TM9SF2,-0.7538160419658864
TOGARAM1,1.6448098758643732
AUH,-0.6212300202837772
TMEM59,1.0349244346903232
CIAO2A,-0.1650639356051324
TCEA1P2,-1.4447226836151492
PRKAR1A,1.5672925433038052
SAR1B,0.3787583471689274
SCAF8,-0.9689599327477887
CAPZA2,-0.6777417812863982
PEX7,0.9389123289002373
PRRC1,-1.1743196509791343
SUCLA2,1.0999474594651144
ATP6V1E1,-1.5343909476706377
TBCA,-1.5602680821491286
MORC3,0.06698004169239638
ACTR10,-0.45678768288123783
CPEB4,-1.4035271998233367
TMEM251,-0.7684228694265636
CAT,-0.9871745900192513
EI24,-0.9499517876758877
RAB2A,0.42171726514245933
C10orf88,1.6180582284278808
EPS8,-0.007009084232479214
EPS15,-1.0782195131625285
TOB1,-0.6773945081071042
PRMT2,-1.143012770312337
CLIP1,0.41376933529675125
HNF1A,1.1183248237292245
ETNK1,-1.6474755511142025
ATP6V1B2,0.6137317895747362
CDC37L1,-0.6247647126362434
ARIH1,-1.5299409977503924
CD46,-0.7928368266980828
HIKESHI,-0.32485149828679705
FPGT,1.4106279841184746
LPIN2,0.42142252243562534
CGRRF1,-1.4381631668279955
RAB21,0.530039800332749
LACTB2,-0.543033907560574
DMXL1,0.5534181192648575
NCK1,-0.138448743589223
EXOC5,0.7624180184799136
MBD4,-1.412422110951922
PPP3CB,2.0809068215879156
SPG11,-1.9130679662355634
BZW1,-0.9999824882036684
MPC2,-0.3560103121811734
MARCH5,-0.6674803381930768
MARCH7,1.1727945797133947
RCBTB1,10.90885465606155
SLC25A12,-0.4369497159057026
ADSS,0.49369332648280406
B3GNT2,0.7408628208847616
NFE2L2,-0.5812644112262605
DYNLT3,0.56639915582631
TTC5,0.14305213540826828
RARS,-1.2549423816149632
GMCL1,-0.6433766349951984
ZNF263,-0.36847938823003573
MTMR6,0.7895257641283151
TSNAX,-0.5723367500971146
UTP14C,-0.4502555684057065
SEC24A,-1.7807843630825009
TERF2IP,-1.291189079400433
SIGLEC10,-0.9250132522132666
SIGLEC11,-0.776198446335928
SH3BGRL,-0.41978708626152667
HTATIP2,0.22740962923913582
SYPL1,0.5776315163832091
OSBPL11,-0.562462314658476
SCARB2,-0.30814712280440043
MRPL42,-0.8823896172600207
RNF103,-0.5797697093070433
APC,-1.2407760235824836
UQCRFS1,-1.0711150989035059
YIPF5,1.5284738095324146
YIPF6,-0.8620591323236616
SNX2,-0.6765008903109314
SNX1,0.827544883563875
ARFIP1,-1.0275888118886598
COPS2,-0.8394374423956038
SERINC1,-0.18722658268190542
COPS4,-0.9091630378180897
ALG5,-0.3121207299376215
MED7,-0.6279159311379233
BLCAP,-0.4347419797295887
SUB1,-1.1012213463107694
RAB11A,1.853727777313438
DERL1,-1.726505651228348
C11orf58,0.15242886164490752
MAP1LC3B,0.11512600145834273
OGA,-0.5671730805450315
TCF7L2,-0.741041147652191
TCF7L1,-0.3190431988943257
DLD,-0.9781799925773428
DNAJB9,-0.6330860494591507
C12orf29,1.882600443536573
RFK,-0.6592027968653584
HAT1,-1.7684147377997417
C18orf32,0.6268835771695161
KDM3B,-1.6145679840880074
RALB,1.3440626819037906
MMUT,0.5269855050371509
TMEM126B,0.15561739259598412
CCDC47,-0.4450580985865444
ZNF236,0.34837375803861365
AIDA,0.4544276548023534
STXBP3,1.480351909208244
PRKAR2B,2.8406190001513467
AL136295.5,-1.23043900812856
FECH,0.3800297029722625
BET1,1.1822252188340088
TMEM14B,-0.5491539075937011
TMEM14A,-0.13154948390540241
PSEN2,0.34852723417821313
PSEN1,0.7203902096165212
DNAJB6,-1.7335182609257977
ETF1,-2.221079858311033
NDFIP1,-0.9820013898228207
CHPT1,0.01995000315488431
TRAPPC11,1.2764580834863335
TRAPPC13,2.5137324800266523
RAB14,1.4249600972949685
THAP1,-1.0675456129606804
HNRNPA1,-1.5430254347110877
RAB6A,0.7827315948260819
RTCA,-1.4673241033591058
ACOX1,-1.114292350356037
STX7,-1.2956129350672871
SHOC2,-0.9438590076313373
SGPP1,-0.6577374380741421
RNF141,-0.9957069156490042
ATP6V1G1,0.4893011968925218
TBCEL,-0.04461735765587019
GRSF1,-1.8423877621045217
CAB39,-1.4414325815470712
PRKN,0.9296361073953767
NFYB,-0.26990047854459664
MEGF9,1.5074337320447009
RNF38,0.35745236085621956
SMARCA2,-1.5014844161304979
RNF31,-1.1613033034787077
IMPACT,1.5796614694773385
NPTN,-0.7341990937006148
GABARAPL2,0.16649975943524462
DDHD2,4.554222675000341
MTX2,-0.6392977009496729
FEM1B,0.10752694883953516
ARL6IP5,0.5892332093955824
PCMTD2,0.26927143240617857
COPA,0.5629312950098903
MAT2B,-1.0603631023631979
MFSD1,0.2624257716087426
MOGAT2,-0.1780022018724354
GLRX,-0.6032222601682472
VTN,0.24850065553510198
CTNNA1,0.34890967496260394
VAMP3,1.6330610575818905
VAMP4,2.0112307960367404
VAMP7,-0.1942315037833582
WDR47,1.8170448964661667
ROCK1,0.021178835422453385
CUL4A,-1.2373898166865156
DCAF6,-0.7072621302752612
WBP4,0.1362054108816814
PCCB,-0.9595786801745614
NDUFB5,-0.7967990148425022
FAM3C,0.47958812468068795
NARS,-0.42632544267285233
SLC30A5,0.6751598282623847
TOPORS,17.031432089714198
TENT5A,-0.8388016990960371
CUL9,-0.8678477865348843
CLINT1,-1.985374182918023
PPP3R1,0.027478078164078
KLHDC10,0.9459382565718542
SEC62,-0.13823055291513395
ANKRD46,-0.046601901417301625
ZNF200,-0.7716898202800365
CLCN3,1.4691002694053665
IDH1,-0.3715091004427201
SH3GLB1,-0.8814416087992708
TRIM23,-0.8786244634069058
USP21,-2.004079045678204
GHITM,-0.9153470066821189
PTPN11,-1.349119325046524
JKAMP,0.332768214074234
PGGT1B,0.5352274460948376
CCDC28A,0.3134484284893784
KIN,-0.817898797949225
KPNA1,-0.6565057935971165
COPB1,0.12283348579908196
RNF216,0.20115838841674527
MED21,-0.5669317525931591
KAT2B,0.003239525264471904
IARS2,-1.125485966694708
PPM1B,3.113017279429121
PPM1A,3.8229804078332155
CLDND1,-1.569491153065366
VPS37A,-0.972534294084407
PNPLA7,1.8737007652230175
ARMC1,0.3492938440702159
UNC50,0.046990967709488685
GSPT2,-0.2589465053575239
GSPT1,-1.1755548738654522
BECN1,0.4573422304695814
RNF144A,-0.6037448429607501
MAN2A1,0.26990520118064465
UBA6,-0.44102800296742795
UBA7,-2.7769951439355434
ATG12,-0.47199495296796656
UBA3,0.005137803210162698
RWDD3,1.1087130138110415
MRPS27,-1.1457692622139057
UEVLD,-1.3559468535754526
VPS26C,1.4519517339774446
PHF7,0.23431492937459242
BAG2,-0.037138885933091184
FBXO3,-0.018714476956512613
RHOT1,0.4174574603760444
FBXO8,-1.0204201660953214
BCAS2,-0.2261271208276246
CAPN7,0.10320030323913884
OPTN,10.748284735899068
SNX13,0.06107563379300051
SEC23A,0.7805589986194961
ADIPOR1,-1.2175832303731746
SNX19,-0.6213708150256216
ERC2,-0.3660035644006197
BNIP2,-0.3896993409663561
DPM1,-0.25293392218014304
NDUFA6,-0.3279795456746602
NDUFA5,-0.267717313593087
FBXO43,-0.5580831891564084
PRDX3,-1.0153589791567317
RABIF,0.5719657455269138
RWDD4,1.7652089735870506
GALC,1.1168349133657136
ATXN10,-0.10808122408610074
ESR2,-0.2022465439822636
EFCAB14,1.2014597107983969
NRBF2,-0.5586347778784051
GOLT1B,-1.9095359821354116
MRPS35,0.7611048396611356
ISOC1,-0.6947399941764383
RWDD1,-1.7048530241496207
EIF2AK4,0.23117969629294516
HIBCH,2.134232735491758
DTD1,-0.7538895765163627
NECAP1,-0.6318924235044118
BPGM,1.4527651421680359
UFM1,5.59431793819115
BIRC2,-1.021112891807986
MOSPD1,-0.18364994840231968
MDH1,-1.0222640623428858
MAP2K4,-0.6640717058501744
PEX13,-1.317488649770286
LPGAT1,-0.47888279624055186
MICU2,0.16957761379436942
RNF170,0.5482332112331798
ECT2,-0.04474798741597334
STAM2,-1.017866660703531
SCAMP1,0.7579092699900032
TMEM192,0.041762585003257024
SYNJ1,-1.4586614420439734
GLT8D1,1.6410382250096271
ATP5MC3,-0.6923474933723905
CNIH1,-0.3340664844820352
ANXA4,0.39477199086153764
ANXA7,0.20400061512523449
NUMB,0.7437722794619408
HLTF,0.8791559881165384
TAGLN,0.7993136324705212
PPP1CB,0.46516444756640607
RNFT1,0.10449508307169822
C1D,-0.07560600977136395
HADHB,1.3246195938973988
NDUFS4,-0.11662731609751141
PICALM,-0.319193524034731
TM2D1,0.6734349950190294
TMOD3,0.6813301683708654
WASHC5,0.6127242815921876
LYPLA1,-1.0380866350956646
SEC24B,-1.2425466688758946
SRP9,-0.31074156275813913
OAT,-0.22935531216178948
KIFAP3,2.667609756925548
LEF1,-1.1244421417628356
CANX,-0.34205133276671035
NDUFAB1,-1.1434770971990804
ZNF140,-0.3292313294194163
MRPL3,-1.500291964753257
MMADHC,-1.3884943398435945
LIG4,-1.5355810182122038
GOLGA7,-0.3100381439236035
NNT,0.7095040865286276
SOD1,-1.4937652255949585
SEC63,-0.5001999208495751
SARAF,0.30586581222284853
GARS,-0.9811437975097342
TRMT1L,1.0009810467400846
TDP2,0.3421173886694288
SCOC,0.19061477122558246
ACYP2,0.901724754930399
PPP2CA,0.21837945767768446
ACSL3,1.089797493335114
WDR59,1.1152612610842174
ASF1A,-0.500523302537537
RNF8,0.23524518246568432
CCNH,-1.1257841306793
ZNF217,-0.5190252503269698
VDR,-0.21379820751813963
METAP1,0.6288798142151483
TRAK2,-0.4374235591856308
PCMT1,-0.8683474266339346
SLC25A32,-0.6595958426038728
PNMA1,-0.7583085274522272
NMD3,0.9898079875766108
FAM177A1,-0.49438435245011886
DCTN6,-1.45610316647295
CMAS,-0.8818354420246054
LANCL1,1.204706141756348
SLC35A1,0.4447740011499417
SLC35A3,-0.8617042867463257
UBXN4,-0.6476805559225409
PRELID3B,0.5881132368938465
ORC4,0.48832367085319384
C5orf22,0.11417764344169072
TTC1,1.4209769719951943
RCN2,-0.636875877526906
DCUN1D1,0.02273708198315274
SLC26A2,-0.6576214083200773
DYNC1LI1,-0.17633014134325048
POLR2B,-1.237888169046763
TRIP4,-0.6539854806437067
POLR2K,-0.2262960496899932
STRN3,-0.5023474817523719
HADH,-1.7408973888104737
SLC25A46,-1.1706074480168083
TNFAIP3,-1.4764879961428141
FAM8A1,1.2044804012722725
AP3B1,-1.5081345116465417
RBM22,-0.6270515910942469
SNCA,-0.9487556391146862
ACTR6,0.20705559989187713
STAMBP,1.3823531023826352
APOOL,0.12818656654960706
SDCBP,0.8685165961260347
ATP5PF,2.8715659442370858
CCNG2,-0.3301275798861617
ATP5PO,2.2275935084906777
PCDHB11,1.1306939959404154
NCOR1,-1.3040671246734923
LMBR1,-0.5174612580846031
TMED7,-0.4621999380965667
TBC1D9,0.5838836226263108
ACSL4,0.34278087841091487
TMED2,-0.15805416915168458
ARPP19,-1.959472362426114
MRPS30,-0.80440811617876
MAPK1,1.669241190020707
MAPK6,-1.0890104247785677
SACM1L,1.382147280334277
TMEM30A,-1.2637414509071876
MAPK9,-1.9230807095024818
REEP5,0.7339127258527731
ARMT1,1.0423052642480015
RBL2,-0.9432669599746241
PAQR3,2.668366190779317
RDX,-1.0057295776632977
SERINC3,1.1983076640828467
COPS5,-1.3698030641135772
CRNKL1,0.5009706793778105
DEGS1,-0.27554162306618957
YTHDC2,0.9515306652627178
VPS26A,-0.009904149079748013
SPAST,-0.11309291001485529
ITFG1,-0.5193078163931202
MORF4L1,-0.940131529919465
PRKACB,-0.1309965718835254
PGRMC1,-0.8255565561263456
DECR1,0.2706037267214326
TMEM230,0.11075223336640208
ARFGAP3,0.8446040901185006
CLPX,1.228790871710805
LRBA,3.0249580133622627
ACVR1,-1.0502424886417216
CD59,-0.6443235788477943
CTDSP2,-0.1841750439392535
NRIP1,-0.12259796649395142
DERA,-1.434748263624411
CAND1,-1.5556287880098967
UBQLN2,-0.444151533738522
BLZF1,-0.15698676409071463
HIGD1A,-1.5839308972100257
GCLC,-1.0223074476094731
NR3C2,0.5802906370541072
NR3C1,0.12993211189744955
SRI,-0.21509827451558658
CRYZ,-1.5949558108916706
GTF2H1,-1.9001711197099591
USP12P1,-0.23437136304859876
TMX4,0.8424660264698026
AKR1B1,-0.890006147423883
TMX1,-0.3640739932814244
DACH1,1.491517137776317
CDV3,-1.5024105935242387
COX7A2L,-0.5662865897687119
SEC22B,-1.1517440509062478
DAZAP2,0.11353293405273898
ESR1,-0.5852059166346218
TAB2,-1.6602738242428052
CD164,-0.7066160342457255
RIOK3,-0.7851246619973312
TARBP1,-1.2127949375218372
ACTL6A,-1.3253469479301219
SDHB,-0.6966434302006551
GDNF,-0.05029904784756761
SDHD,-1.757468673735019
RNF10,-1.2311710215074876
DBN1,-0.8310267233062814
ACTG1,-0.0033518702645174816
BLOC1S2,-0.6594029631069855
COMMD2,1.06576476621718
CAPZB,-1.9303041287814349
ELAVL1,-1.6184495183281418
RC3H2,-1.4295495575382728
ARL13B,2.9615549738991858
GFM1,-0.8361164134953605
ITGAV,1.8870798232923869
SMAD5,-1.3527747333927154
AP3M1,1.1509968102194945
SMAD2,-0.1645605334269335
MIB1,-0.07193294467270256
XIAP,-0.7513003369609635
AMMECR1L,-0.9724448091458261
RBM12,3.1416795755087707
RIOK1,-0.7361297734863824
CMTR2,-0.7921050845996552
MOB1B,-0.9566991860826859
EEA1,1.0178869005842652
SELENOF,-0.9271577477106107
ITGB1,2.441980542750706
THUMPD1,-0.4860945783088877
BMI1,0.5821618402089909
BRMS1L,-1.796609929845976
THAP5,-0.17886253265031166
FAR1,0.3420759461943807
WDR77,-0.7165338824100062
SLC12A2,0.7528760330957129
SH3BP4,0.5309032087056067
SLC2A9,1.129472630868868
YTHDF3,-0.22609816588542098
MED4,0.8159163250351057
VEZF1,-0.9301601553125451
CCDC6,-0.3338995740273098
DHX40,1.9003798742650968
HMGN4,2.3837225561708837
OSTM1,-1.0651906456900155
RPS6KB1,-0.5062610421300603
RANBP6,0.36609962963621123
CLIC4,1.3371272993227918
SMNDC1,-0.7008069471233733
USP8,0.03373745525140676
MTERF3,0.49531600799856734
AP3S1,-0.8311203116670828
IQGAP1,-1.3873450415226365
ZBTB2,-1.3690520022700376
PAPOLA,-0.673663786640912
DPH3,0.39643870778590895
PPIL4,-0.8596835452062758
TMEM263,-0.2436873238303685
TRIM25,-0.2827404444080668
PRMT5,-1.563263577025355
DNAJA2,0.8972312387715338
GSKIP,-1.0729519260795786
SEPT6,5.546823847191117
TWSG1,0.7436748862809023
USP46,-1.2490210808589775
UBLCP1,1.377227949766502
UBA2,-0.23011570635955647
SMIM15,-1.1199572789231222
MYO1E,-0.5604776023304422
PHF10,-0.5044950917302863
BTBD10,-0.7968701520419603
ZNF532,-0.8281124895442882
GMFB,-0.9512576526141083
APLP2,-0.23566855747070295
VPS4B,-1.582837241841253
MAP4K3,0.3471708639121202
BIRC3,-1.313720055238384
AEBP2,-1.1471306038993692
ABCC4,0.6662242457801634
TMEM167B,-0.4409396221049563
VEZT,-0.6387828247103308
TM2D2,0.31798023818362803
ZFAND1,0.6931273112392646
GSN,-0.1520932759155891
SLC39A10,2.3413291817796775
ZNF146,-0.5039993880387793
GOLGA5,0.8052911066244262
URI1,-0.9691643907443169
OTUD6B,0.3491683254287402
PCGF2,-0.8803200539388658
ADAM9,12.175803784641404
NIPSNAP3A,1.3669639449827005
ANKRD50,-0.7975340983136092
METAP2,-0.5853078053815551
THAP12,-0.31968118774171145
TOP2B,-0.5784742765782822
ARPC2,-1.6014045147650358
ARPC4,-0.384478342814525
TAF9,-0.01526659913549075
AGPS,1.425614865612541
RAD23B,-1.7836119410096298
HNRNPR,-1.9439249480539045
TCEAL8,-0.4158970808076658
AKR1B10,0.7547470475836476
ZBTB41,-0.6945384026210698
TATDN1,-0.39170100602245267
LRP11,2.685025166449781
DPY19L4,2.0666211322890726
HOOK3,-0.5455174309524035
LRRC57,-0.6855834166920121
USP14,-1.3398610218867721
SSBP2,0.10596314920363918
RASA1,0.4446917645249445
SEC22C,-0.5382930803489318
GORAB,-0.767411335555184
BCL2L1,-0.30362269687101323
MOV10,-0.766555463599026
GLRX5,-1.6961364391446887
PSMF1,-0.7855855497569132
MARCH6,-1.412350649360643
ZFAND3,0.48540666930687176
MARCH3,-0.7367925056531918
MARCH2,-1.2239128690157408
SUPT5H,1.2201269557051837
HSP90AB1,-1.6602244194240725
FLII,-1.0877843624852017
PTP4A2,1.9881849231745985
RELA,-1.261939579931991
SETDB1,-1.6701355893059007
DYSF,1.2714864860898587
RAB5B,0.3648385219473838
R3HDM4,-1.0459764795270983
TRIM26,0.9469621252367305
UTP14A,-1.5787540702407825
SEC24C,-0.5728023364861204
CHFR,0.8019783045737041
MDM2,-2.032787487742489
SHMT2,0.17542425141673146
GMPR,2.196212276058702
RNF181,-1.285295395016446
PPP2R5B,0.9852509500997769
TERF1,0.7090948072754973
STRADB,-0.8830370679702936
ZNF592,-1.5721117062974377
SLC25A37,-0.9833962996320447
PINK1,-1.0952591164033736
SEC16A,0.6734670908942737
EIF5B,-0.07355951210197924
NPRL3,1.3753691866635236
XPO1,-1.4319056081396153
UBAP1,-0.9423510880099165
UBTD1,-0.7681184583350938
PPP6C,-0.9816185128494065
UBXN6,-1.7427002669035019
CCDC90B,1.6162815229299166
CNPPD1,-1.351826627818057
RBM38,-1.6360138977264602
NR1H2,-0.4933139214203356
MAPK1IP1L,-0.9997463307317319
NXF1,0.3019837420814834
SGTA,0.5049654505055439
COL4A5,-0.39579022758737786
TP53INP2,-0.5332888515972452
GRB2,-0.620002840133466
PSMD11,-0.8858013007539944
RRP12,-1.2626266134664417
SRRD,-1.253032670687257
RBM28,-1.1376372436697093
ACADVL,-0.47056353268389933
KDM1A,0.6084247900294436
BAG6,-1.466248954799743
RAD23A,-2.2544148006004487
MKNK2,-1.2674122987673628
TLE1,-0.5861963041926411
FOXO3,-1.6146902085818882
SLC4A1,-0.9851006834610269
RNASE3,2.0415802638442755
MEOX2,1.629692048221946
STRN4,-1.2999114984205744
MLF2,-1.4972668618948386
SRPRA,-1.049882639570273
NOC2L,-1.396660760702315
ALAS2,-0.27666441048584556
EPB42,0.28222387639070434
ENO1,-0.20122023335911474
AMFR,-1.0845130077169052
CS,0.6170533366632147
RMND5B,-0.5435246511083446
TARDBP,-0.7943660740060486
EIF2AK2,-1.4572651430154315
ARPC5L,-0.5598312693683152
RNF149,-0.5256450418593235
ZBTB14,-1.6713411883128844
HSP90AA1,-0.15926444892052252
ZMIZ1,-1.3313901491999924
KCTD2,-0.7352440303159873
EEF1A1,2.099190356032492
CHORDC1,-1.4307360301667396
PSMD2,-1.889536620350749
MAP2K3,-1.293508015510531
DCAF12,-0.6832558518088722
PON3,-0.75834629100198
EED,-1.9672523671866922
SCAP,-1.5691431597142267
RNF32,-1.8401794463458983
TAL1,1.0992800335579125
WRN,-0.027219982000975265
DNPEP,-1.278781597895717
CANT1,-0.5828225994408813
PSME4,-1.6658640047855142
ASCC2,-0.2770209607739308
RNFT2,-0.8109495977606527
ACTR1A,1.0460963114073374
TULP3,1.7503779059059734
MAGI1,-1.5483346119426982
ZDHHC17,-0.7699579204936746
GOLPH3,-0.9973677181483666
RNF13,0.009612563017506357
HOMER2,0.48857169198542144
IL6ST,-1.109677171988045
MOCS2,0.22529411919451375
P4HA1,-0.5303821313138443
SRSF11,1.115111018799102
PDCD10,-0.2127346493378862
DYNLL1,1.2183779735956548
LEMD3,0.40283498246341765
GAPVD1,-0.4867448606330048
ZFYVE16,-0.25683575814712223
FAM114A1,-0.9179758388967469
YAF2,-1.3658429829195964
ARHGEF12,0.2901315565143554
ITPRID2,-0.9331404013648817
PIK3C2A,0.2633863055113703
OSBPL9,-1.40189791302619
SNN,-0.7268518536707876
PTEN,0.024940776401686723
CDKN1B,0.61553710876734
MYO18A,-1.2376781417725369
PUM1,-2.5879419858473316
CRIPT,1.4162520826547873
CCNT2,-0.26718065835187554
WDR44,0.07583317101817655
CSDE1,-0.8784622709486288
WSB2,-1.3477790097772722
JAK1,0.035745428567334904
SPRTN,-0.6786811672707642
ZEB2,0.7516552114884725
DSTN,0.46481982950982265
CAMSAP2,-1.5779568941217252
PSMD14,-1.492195771773766
PSMD10,-1.3331435696816243
CBL,-1.5968757966474691
PSMD12,-1.0444590091086112
FBXO34,-0.9699237448299679
WDFY3,-0.6142871641787748
FBXO33,-1.2021067858204175
ANKRA2,0.5263111973084567
ATXN1,-0.8204115655409043
RALBP1,-0.011804194780621254
PRNP,-0.06610423451970297
TNFRSF10B,0.874501595445887
ATP6AP2,-0.6573174690022607
KCMF1,-0.7064574235408005
MARF1,-1.5541254970557927
PYROXD1,-0.31223667450640813
ARL8B,0.7759037590752209
ANKRD28,0.7445896243253761
AP2M1,-0.5803656302059557
SPTLC1,0.8593970969743154
HEBP2,-0.6381498054363988
CPEB3,-0.9246335700293362
HS2ST1,-0.02892755889186456
LMBRD1,-1.2775453888726989
CAPZA1,-1.013850765003152
RAB33B,1.3736143147085773
INSL3,-0.09857740371934501
ZFYVE9,-0.7112551734290586
AP1G1,-0.1479064508405374
MMD,0.34775234456298665
ATP11B,0.5483684732376249
RBM7,-1.4224214449518464
LAPTM4A,0.4963987203271207
PSMD5,-1.5586039536071035
PSMD7,-1.2007224722917087
PSMD6,-1.0630820859414662
PSMD1,-1.7509866569488912
PSMD3,-1.99259415115281
QKI,0.49927565205634317
ATP13A3,-0.9213115704185734
DYNC1I2,1.9301109560110612
RYBP,-1.5821080968854329
EFR3A,-1.5243142297188759
PSMC6,-1.094827564608449
APPBP2,0.11866073992239251
RTN4,-0.41775057600958004
HGS,-0.6782799804559991
RTN3,0.31514426017064023
RRN3,-0.526079394813657
MCFD2,-0.9453400570101634
NCK2,-0.23403634795336703
SLU7,-0.35485469045418677
OSER1,-1.3126114620374794
TMEM41B,-1.7117813755090638
MARCH4,-0.8810825011358134
TMEM131,-0.3959646675214483
MARCH1,-1.4924082528877218
IKBKG,-0.12097339572428442
IKBKE,-0.8239639143338336
USP24,-0.7926441565506965
MARCH9,-0.7953874621114781
CCSER2,0.2579037042334462
GNG10,1.488952795678243
SRCAP,-0.4011745224340121
TSC22D1,-0.9460940067664134
KHNYN,-1.197608914638127
PAFAH1B1,0.49284368050082633
CNEP1R1,-0.8266197573326751
PTTG1IP,0.48222480102690185
ZC3H11A,-1.0074359862048865
APP,0.08452144619205045
RABGAP1L,-0.9035614078152646
EID1,2.178627115982636
TMEM47,2.671396647302477
PLAGL1,1.0609075467292357
UQCRC2,-1.9669196517083067
SNX3,0.5439687217882954
COPS8,0.5301286035413062
ADNP,-1.0517461880619106
CYB5R1,-1.1907574880404543
FUBP3,0.5736515367472432
NMRK1,1.1458840670202708
STAM,-1.1204699091069419
AP2B1,0.534580939195268
YPEL5,-0.5763702325480907
NEK7,0.5458920177783034
USP7,-2.0400017783084072
KMT2E,-2.10555864704399
PLA2G12A,0.5335179931773344
ZBTB11,-0.22428559847354249
UHRF1BP1L,-0.23643909167249344
GALNT1,-0.5702509492093504
BCAR3,-0.39892522600743546
FZD6,1.3291671254485962
TRIM8,-0.36832795994529877
PFN2,-1.3727049301658814
CREM,0.08333354005687241
RSL24D1,-1.4212008206198077
VPS51,-2.0041783611362503
CREBBP,-1.6471714750909368
HDAC3,-1.3174467620995682
HDAC2,-2.3276899318687168
HDAC4,-1.4697813857617847
ANKRD13A,-1.0174375011552095
ELOC,-0.8233101896973168
MLF1,0.43905669467250197
TPM1,0.9797228464441575
RAB18,0.9325612516336809
CCPG1,0.3117114140672508
RANBP9,-1.5986173710357054
FANCL,-0.3042566545893872
LSM14A,-1.1749475151474513
RANBP2,0.15019059574274876
PLPP1,0.43043268647503835
ACVR2A,0.9928527765399584
UGDH,0.2995240901462615
SSX2IP,1.3308550150301506
ACADSB,1.5062167529902015
REEP3,-0.5791196420217003
RSRC2,-1.786120763775319
STX4,-1.6237082929062443
RNF145,-0.7763686533536865
ATP5PB,-0.8917587135798506
USP2,-0.6008547681916261
KIAA0232,-0.32428999706842815
WTAP,-0.9948593908916532
ERCC6,-1.4681297177075323
MYO6,-0.895530193812325
RPRD1A,1.3434794399648902
MCL1,-0.09952968877531719
NR1D2,-1.5264212692251191
YWHAZ,0.4315855490443471
SERTAD2,0.19052322796307644
SUN1,-1.2700634391624863
RB1,-1.0749975511617544
PHKB,-1.05395408496717
MED13,-1.4384393790714152
GDE1,1.232285290011459
MED17,-1.7634031713669733
FEM1C,0.2671657299281172
AMD1,-0.4295899257793067
CDC42EP3,-0.8679310196305233
VCL,-0.2740430911074083
AP2A1,-1.2945765412465469
FYN,-1.0581141508701726
AGTPBP1,0.7309417359429738
PHYH,-0.5831148759930282
ABI1,-1.7795934957812027
AZIN1,-1.1113724500338482
GGA3,0.5542706169861532
ATP6V1C1,-0.8631178500448381
WWP2,-0.77709244329948
SLC30A9,0.3772604927653237
ATP2C1,0.19749569260460167
KIF2A,-0.1718507552054938
MYCBP2,0.07267780272707261
CALM1,2.553810744046047
GADD45A,-1.4902325455212428
CCDC91,1.269518962737212
MAP3K5,-0.5389975632250269
CYP51A1,1.2408963138846079
AZI2,1.5836307955211848
AUP1,-0.9845402270611346
TNIP1,-0.8126302653822005
PNPLA8,-0.9736342602557602
FNDC3A,-0.03874888692111368
USP33,1.1497117000530372
MAN1A1,-0.702970012770251
SMPDL3A,0.9030438648339022
CNN3,0.22363572116572808
AKT1,-0.8088288015381815
PTPN12,0.6565065545321013
KPNA4,-0.7624587730921881
BMPR2,0.8769435425378235
PNRC1,-0.5215793310826805
YME1L1,2.068358657518342
HIF1A,0.1011367217158368
YOD1,-1.2674711845507893
FOXJ3,-0.5568958097592538
MATR3,-0.1150747319061151
ARHGAP5,1.092377416131439
SEPT7,-1.8567615009566723
ACADM,0.19830563937350718
SUCO,-0.3001552578099704
FNBP1L,-0.7267766190514047
AP2S1,-1.3898950547925155
EGR3,-1.453962842936379
JUN,-0.850080406770843
SECISBP2L,-1.460641998467901
PLEKHB2,-0.4362399094360328
USP15,-1.3211057059145825
RNF139,-1.6642046411174352
PDCD6IP,-1.5722621784896362
EPN1,-0.6552808999398573
EPN3,-0.7326670206730936
EPN2,-0.6994552469229278
TIPARP,-0.44629926610773835
THOC7,-0.6100545271206704
CAAP1,1.1876463940174036
ERBIN,2.875991490432836
TPRG1L,-0.9989348101412152
CTBS,1.4271182276645966
PPP2R5E,0.5720471568475729
PPP2R5C,0.8214648168461759
EIF1AX,-0.17725026049252132
GNG12,1.581616344032916
CHMP3,-1.053218475970399
CHMP5,0.5728920797612468
SNX16,1.0913869050448812
SERP1,1.0645617915054408
PGBD3,0.7392425101217861
STAT1,0.41409195850494235
HPLH1,-0.5397281697069938
PSMA5,-1.4722287050056064
FTH1,-0.6698673093277068
MORF4L2,-0.7977128291482426
BNIP3L,0.006222596297331808
RABGEF1,0.09233155139447702
USP5,-0.6114648616672507
RAB1A,-0.7184909178280322
TOMM70,0.3435445812096053
EPRS,-0.9128331250418004
EZH2,-1.8478730139710255
TBL1XR1,-0.5721925392182262
TDG,-1.9074041838891118
C1orf162,-1.3473088905842785
PHIP,0.13588081454289636
STX12,-0.6826533861480599
CSNK2B,-1.8926870194001277
CREG1,0.7391168599253538
JARID2,-1.7536872864088844
BMPR1A,-0.46252823993688574
PSMD13,-0.18882281140766052
RB1CC1,-0.38115279092898224
ANKRD12,-1.557217710920036
EIF1B,1.4472959492002622
NAP1L1,0.7421956503469999
CALCOCO2,-1.020195721783783
BNIP3,-1.4938890597582197
ATG5,-0.5704773111235565
ZNF350,-1.553265989364321
ANXA1,-0.740110881061078
DCP2,0.06108519643421443
PIGK,1.5026787450354293
TP53BP2,-1.078099402319667
GABARAPL1,-0.001193811477758448
DUSP11,-1.3906581557738833
TAX1BP1,-0.5280626361906475
TSPAN3,-0.5474268316321947
HBP1,-1.4495467022895416
TOM1L2,-0.49118219303767807
LAMTOR3,-1.0807389933161284
TM2D3,-0.12885388477055784
ZRANB1,-0.7359244627434941
CRY1,0.6278372271937573
ZFAND6,-0.16423802403305582
CREBL2,0.7067830300711795
LEPROT,-0.9703958730396
CDK2AP1,-0.05619780291759383
MBIP,-0.5122798881239264
STK17B,-2.2094229997555437
RSBN1,-1.1853385176670679
MFAP3L,0.27920579980318033
KRAS,0.9860818793382375
SEPT10,-0.6200350625249545
ISCU,-0.0013548009226750273
SOCS5,-0.6018348959161512
DDX3X,-1.1339526367719281
ENPP4,0.3049552844910084
CSNK1G3,2.756836103904347
VAPA,-0.7478171315228825
TSPAN5,1.253156175939924
ABHD3,-0.9604353315473954
CSNK2A2,-1.2628059957056572
TWF1,-1.0725486524246535
PCGF5,-0.8464817003963051
EIF4G3,-0.5926529401977628
PPP2CB,1.202398730793636
C6orf62,-0.6923848688786326
MARCH11,-1.7240579158614049
MARCH10,-1.9306269945790302
ACSL1,-0.21095866127637516
DNM3,-0.3236886313718154
ARID4A,1.4732782049040403
CD2AP,0.034615460843060004
NCKAP1,-1.7354975870445886
PIM3,-1.6460857739960177
CHD1,-2.0826998654533613
POLI,3.2061282399394626
SRP19,0.19372145001442118
PTS,-0.5095157724236747
TXNL1,-1.436245152766104
RAB7A,0.7595839901897187
PIKFYVE,1.8666809108657971
ARPC3,4.5486028513055325
DCUN1D4,0.47810342320650084
EIF4E,0.6347729762878632
PEX3,-0.9364084936155986
LEPROTL1,-1.4649682212081734
TAF1,-1.0198219263165316
SLC25A48,-0.8281700462340041
GCH1,-0.6017610927906504
ITM2B,-0.3483319402632202
RNF125,-0.9718741971718323
ACTR3,-1.8678343901945058
BTBD3,1.6379386712997057
AASDHPPT,0.05921898393033033
ARMC8,1.1841640163109843
GNAI1,1.7890203602406014
TNPO2,-1.2263765842835561
TMED5,-1.2639931176677148
TBK1,-0.9979320825023719
SYVN1,-0.0766625179194019
NFKB1,-2.420373443634161
MAPK8,-0.91928002932343
SNRNP70,-0.2879265778922647
RAP2C,0.10222329368122592
ASH1L,-1.2788950897593467
GGA1,-0.9823354221943414
GGA2,-0.8382217067693419
TCEAL4,2.6252371439352724
TRPS1,-0.8618762770213152
ADH5,-1.5307626133837768
PAIP1,-0.9916593449041137
STAMBPL1,-0.13596897655138201
KCTD3,0.03800327710947071
CD55,-0.48072041437715224
RIPK1,-1.4595545799583285
ELF2,-0.5130081547673998
HIST1H2AC,-1.6827799542112583
YWHAQ,0.5168373910305565
UBQLN4,-0.9397488518373236
CCDC127,-0.3167572691331674
TANK,-1.7017501989138608
PGRMC2,0.6312240616002541
TRAF6,-0.500160431211786
PDIA3,-0.4140828375970999
GTF2H4,-1.1864868138865454
TNF,-0.6508790096572264
TVP23B,0.566044012514152
NDEL1,-1.3406460102462674
USPL1,-1.5355078644732016
MXI1,-0.7129383370698309
RNF168,-1.0830364411395992
TXNDC11,-0.19847256022375506
PTPRC,-1.6108922611160976
G3BP2,-1.2010469223274827
RYK,-1.358397936548052
SUMO4,-1.2226215333900152
TYK2,-0.7698570180502078
NCBP2,-2.119202968689649
NPC2,1.37713444506467
ZSWIM6,-0.7240938348142775
WDR7,0.4743953869579496
SLC38A6,1.3439271503742605
C2CD5,-0.7882244410003088
FXR1,0.48942714843264995
PIK3C3,-0.2812623823307307
FAM172A,3.117214402082512
TRAPPC8,-0.8230230788899463
GTF2F2,-1.166361180477762
LITAF,1.7806528890483744
SPPL2A,-0.5900930357252978
HSD17B12,0.9306089873075888
HSD17B11,2.450322031491426
PNISR,-0.43396655015862445
HSP90B1,0.11985345158096491
TPK1,1.1539294299274987
GPR137B,1.3427810101493587
BAZ2B,1.6661762633266552
IFIT1,1.4436767374903203
UFSP2,2.3218900514328786
BRIP1,-0.22465274364572094
XPOT,-0.12162355897917783
GRN,-1.2180485909795664
PLXNC1,-0.8359867992893366
MTCH1,-1.0908100850418931
PPP2R5A,2.7006824365574715
SLC38A1,-1.2716377318208565
IGF2R,-1.3555191351773468
LHFPL2,-0.12268458317843599
NCOA1,-2.2157379444374694
TNFSF10,-1.0072551365110198
SMC3,-0.46270512395596813
NR2F1,0.8671207919208956
SMC4,-1.8549797607969734
NR2F2,0.9950535807683709
AP3D1,0.3903290695798512
SETX,-1.3420380517213737
PRADC1,-1.072726501297391
ZNF83,-0.9607348107731584
RAB11FIP2,0.4191444122516026
ZNF638,-1.551505687435221
MAPRE1,2.2148280968271576
FGL2,-0.304531021383656
AP1S2,-0.47789326686164674
FMR1,-1.8156464646282475
SGMS1,1.94442724574485
GYG1,-0.5902534471266204
DPYD,0.03962694708466463
PSMC2,-1.0905998022298211
FOLH1,0.7754357748634412
DMXL2,-0.3778477838818893
EXOC1,1.7666612025689532
MTUS1,1.5193725520751824
RAB29,1.525946213441438
ANKFY1,-0.2252777267082171
HEXB,-0.21096862877715772
OSBPL8,-0.6111016402364172
ACBD3,-0.9316544232749887
ATP6V0E1,-1.0883789659143988
VRK2,1.1796704940871026
CMTM6,-0.33801399840325946
TRIM13,0.16042047222540223
FRYL,-0.2579079646863154
PKP4,-1.5039757543217418
NAALAD2,-0.45013157470724413
RBM47,-1.1056090841851336
GINM1,1.9598245198387199
NABP1,-1.3353812225593773
SCGB1D1,1.2137378742914888
RAB5A,-0.04293175842036672
RGS2,0.963493900063206
REV3L,-0.6498518186161301
EDEM3,1.2576689383270607
SERPINI1,-0.7768323152255872
CEP350,0.44336238920688353
GATAD1,-1.092884957497011
CYB5R4,0.6064259992162224
SNX6,-0.30208908005329155
IL10RB,-0.9336110098219971
SNX4,-1.312282261659545
MTDH,-0.015701192971289003
GCA,-0.8831347351970855
NLRP2B,-1.1229164209624296
MANSC1,-0.5985780257312023
HACD2,-0.818399890944
HDGFL3,-1.002638055137557
DOP1A,-0.537210466320142
MEF2A,-0.2764651266297186
KDM3A,-0.3573291471854917
SSB,-0.3872268165025884
APIP,-1.4550074410137273
TMEM135,0.43611435730067494
CNBP,-1.1577608603013638
CBX7,0.04644564945604819
TMEM165,0.366539966108138
COL4A3BP,1.3696789726988527
ALCAM,0.6725498349409924
LYST,0.4220794578916911
PPP1R12A,-0.09123123092204434
MTMR10,1.273258744744593
TET2,-1.074554366691117
LAMP2,-0.49719287397401746
LAMP1,1.094658523544618
BBX,-1.503762293001869
LRRFIP1,-1.5879149675104387
STX3,-1.2813707038134154
ARHGEF10,-0.42391583780545977
VMP1,0.0682981432451972
PTK2,1.0231405705151986
PHF11,0.7983268347885125
USP1,-1.4837297230344402
SF3B2,-0.9587112802003183
PLPP3,-0.18698502209969628
AP3S2,-1.0180481264853198
CEBPB,-0.6100528518346107
ASAH1,0.5372343590678057
DNAJC13,-0.6919379060532713
VIPR1,1.367398695564923
SNAPIN,-1.1225630514108373
ST3GAL6,-0.7150553590399612
ACD,0.28068032842546553
NBR1,0.43841798883425437
EAPP,1.7134083107566165
SEC11A,-1.0487697997684025
PRCP,0.3339868469158378
CHST15,-0.2516346553348995
SSR1,-1.5651820199929043
VTI1B,-1.5551040364015558
PTCH2,-0.07652271215171881
PTCH1,1.2371725221718353
ADD3,-0.02331710105686586
SLC9A9,-0.1486860648890412
TXNDC9,-0.9947637581057132
N4BP2L2,-1.310110092498818
GGPS1,2.089570256736039
NAALADL1,-0.6279523322567028
CALM2,2.770219561293296
SPOPL,0.11647434526464072
CLN5,-0.23474631507045673
RNF133,-1.9222427653611442
DCX,0.11911708545498709
MBNL1,-1.435509952146866
MFSD14B,-0.4322835559500647
LUC7L3,0.18197885140879222
TMEM260,0.7856848343963425
CTSK,-0.04403327278557511
CTSC,-0.47878359012478416
CLCN7,-0.10940990414542856
RESF1,-1.5279487700055678
DICER1,-0.5751221104812363
USP32,-1.989945409858009
CTSS,-1.0105332096236652
OGFRL1,-0.04396913464533292
LIMA1,-0.6255233528960431
COPB2,-0.9093692247435697
MED28,-1.2956421893325059
SKAP2,-0.4486210861483769
DOCK4,0.3946956311127101
DOCK5,0.35108513875471536
SLC31A2,-1.2969395059987432
IFNGR1,0.31891073374167356
TRAM1,-1.4020011111874608
GSAP,-1.5199852815932606
TFRC,0.14806406838715985
DNAJB14,-0.4079177924841565
B4GALT4,-0.886857924860656
TFR2,-0.18909866981973716
PARP4,0.8767370743162071
LMNB1,-2.4329939876280946
MED13L,-1.891166040846093
ZNF148,-1.452210867671928
PHF3,-0.14683996562170884
NAMPT,0.6022406328233779
NSMAF,0.09391534538090325
CD9,0.0798696242624924
SNX10,-0.30192529847439414
RAB22A,0.9579314384286725
ERN1,0.9889719267731453
KIDINS220,0.29963609353339193
LGALS9,1.8040976864665954
LGALS8,2.083497748420898
FAIM,1.4826267694503534
TMEM87A,-1.1588661906444309
SGK3,0.17048959465769206
CDS2,1.9377950722606725
IL15,0.0008669633296394218
PDE4B,-0.21282161478801473
MFN1,0.47083643299383776
GNS,-0.34540922386075257
MAP4K5,-1.98013088122512
EIF5,-2.335809439207485
MOSPD2,0.8843387264042079
OXR1,0.7677561028803637
KRCC1,2.529075771669571
RBMS1,0.19583978369548088
LTA4H,-0.5845521198958084
EBAG9,-1.5975000794616439
PLEKHF2,-1.4584008826305936
UVRAG,-1.3120985528868623
SMARCA5,-0.4841174155893398
DPP8,-1.3900956330612377
ATG3,0.0973842801682162
GBE1,-1.7754313048877213
FNDC3B,1.4303195404508302
TUT7,-1.0720478641150577
SLC44A1,0.10256351779930353
ANXA5,0.7845110764638776
CEP63,3.6056276511340823
CLEC11A,1.1928584271095775
PIGP,0.4114183343333733
PCNP,-1.0943373476161875
TMBIM4,-0.8763317070232948
TMBIM1,0.9440314599374839
CASP4,-0.5427499400701765
CASP1,-0.20688474887933284
CPNE3,2.690597563157024
PIBF1,4.351207359721252
WASHC4,0.3011404041348041
CHMP2B,-0.7070157165500418
LY96,0.4137365179690142
RO60,-0.8602324006635619
SPINT2,-1.2808014289668859
PPT1,15.279218255691662
RBPJ,-0.726526528183401
PDE8A,1.9020314684441173
ERMP1,-0.553049673051978
GOLGA4,-1.0327614013890887
UBR5,-0.46026855188050964
SAP18,-1.0594064616467809
LYN,-1.2571222399243507
FNTA,0.729315819330624
SPAG9,0.7895390748053788
OSTF1,-0.9722673843914298
TLR1,-1.2531031648530717
TLR4,0.06403224664399561
RNF5,-0.7280771329583892
MACF1,-1.2241823663823523
HLA-E,-1.0896503010536418
GLUL,-0.6375371061907228
SLC25A36,-1.159946920979777
KLHDC2,0.6972584617122768
PDHX,0.17455856477098305
LRRK2,-0.4847268575212628
SCAF11,-1.2737182359441968
ZBTB38,-1.3493417130347751
SPATA13,-0.7707082434000923
TTC3,1.3996544467266825
NCOA3,-0.2109923774378337
STAG2,-1.2406245427535414
RHOQ,0.6204283702712403
PMEPA1,-2.1269051720993657
ABRAXAS2,-0.3490356985581803
RECQL,0.4283753956270611
DENND5A,0.29641097234689334
ADIPOR2,-0.865285741369213
PXMP2,-0.15189000903272323
PEX2,0.7668854270961469
PLSCR1,-0.254133901331501
TMEM50B,-0.9962221184438224
TMEM50A,0.030106749536085955
TSPAN31,-0.36972401530280197
IPO7,-0.26138777022030585
ACTR2,-1.3744547583638878
CIR1,-0.7979576832711818
BTN3A3,2.606398042866467
SMCHD1,-1.1888041672726157
LAP3,-1.2388562492163029
POT1,1.4768056441157853
CCNG1,0.9092818484198816
CD302,0.7652726667115787
NES,-0.9548424497744967
FNIP1,-0.8621520019425659
NAGK,-0.26428791625157155
SCPEP1,1.0458992292718121
ARTN,-0.9938987383628535
SLC35A5,1.3465496351963628
LRRC8D,-1.0532660236145186
SEL1L,0.16079242470754948
FERMT2,2.2142231546325246
SOS2,-1.6205959055241275
KAT6A,-2.1825928962537335
GLB1,-0.6493046364091134
STAT5A,-0.76778508568825
SQOR,-1.6706961217925855
ETFRF1,-0.45245983131003964
TBC1D15,0.681407171287682
SLC33A1,0.8462067424177055
ADAM10,0.6068353160028624
CD63,0.37294466779943836
P2RX4,-1.107693968715004
PAPSS1,-1.1884917496282015
VPS13B,-1.425624283897399
TMEM106B,0.8779965419112102
RAD21,-3.066798351030803
ACAP2,-0.1087771330341331
EVI2A,-1.2817224507809744
INPP1,0.016737239698823143
RNF167,-0.3330648223484285
TXNDC15,-0.9749836592034257
ATF6,11.070642050847658
REM1,0.8587344126736025
NYX,10.14507636629258
JPH2,1.218934192917312
MXRA8,1.1936811397227607
DUSP28,-0.11050674952980594
SAMD14,0.923563698643771
GLP1R,2.099372609316847
GPRIN1,1.4789956896625598
NPR1,2.4145485473290416
ARHGEF15,-0.06860062131875319
OPN1SW,4.152071998279092
SP1,-0.9153498651013889
CRTAC1,0.8976657456571223
MUC6,-0.7039235622913957
CYP3A4,0.5740704030669083
RAB40C,1.2035420909294785
RAB40B,0.19427963160386016
RAB40A,0.38462822361899396
F7,-0.01606486623506763
RHBDD3,-1.0944213147121868
ERCC2,-0.7324233210317416
ZSCAN12,-0.41286536859182404
RASGRP2,2.367980541472078
GPR12,0.6097434213028616
ELAVL3,0.45652777144611656
LRIT1,0.5201697479457834
RAB6B,1.1600943932660788
RAB6C,1.1700298350052756
APOA1,-1.0596286749189472
SOX10,1.0804996584362936
CETN1,1.0512140796436473
GRAP2,-0.29021188388397867
JAK3,0.0900976365114997
RASEF,-0.021443937284910973
GRM4,0.939841025376457
TBC1D29P,0.08880431842706156
KCNIP3,-0.5161151360242809
GRM2,0.2452929551457386
PDLIM4,-0.1029363847535962
CACNA1H,1.447194581882656
PDLIM7,-0.4520538412272773
PDLIM1,0.2854762277066745
HOXB5,0.011486452666988983
PPARG,0.9412051787264604
IRGC,-0.5012262475813305
CNTFR,0.6059031811441317
DSE,0.6088106420300894
SPAM1,-0.3713972327247738
TACR1,2.3193332089012157
CABP5,4.339885593664084
SPDEF,0.4196855229075173
CABP2,1.3008715255966818
INS,0.7667626049954498
SLC22A7,-0.5062530284619753
PDE6G,14.379196506178975
PRDM8,0.9249847500694646
PRDM9,0.5288122953606411
MYH11,0.9564587934831992
CACNA1C,2.5529707749684016
RHOC,-0.4107141800317704
RHOB,-0.42055011739908654
CACNA1G,1.0491757250707836
COL2A1,-0.050544554853534984
HIC1,0.16713059543577222
ASPN,1.3313639092829186
MUC5AC,1.0265669312756536
BUD23,-0.6948291066341082
ADGRB1,0.031288517304809915
ART1,1.7777625354062947
ARVCF,-0.008968400224464539
SULT1A4,-0.7001994720942769
CALB1,1.1798569612250474
OPRM1,0.8126256361499838
LTK,1.0773161689085793
HCRT,1.0417737556741453
EDA,0.6933607859550053
ALK,-0.3558204060201286
GSTM5,1.6314832367406604
NTN3,0.9955063779199113
TAS2R3,1.2264185111836854
ADARB1,-0.695277683952807
SSTR5,1.5308105628339892
GLS2,-1.0933027043605816
CDC42,-0.0855909062330601
TOM1,-0.33364703458270906
ZNF205,-1.1898879930081494
NGFR,-0.47097933394008096
C3CER1,1.3791799160223999
ERAL1,-1.4315519619094514
GJB4,0.7267637147969092
ACTL7B,-0.42454510606923024
ACTL7A,0.5656260835001399
KLF2,-0.7331731761835734
PGPEP1,-0.5710428713605437
GFAP,1.0516493483171119
KLF8,0.9441647235041134
NANOS3,1.820587276713676
NCR2,1.105264980330463
SP5,-0.30323339466468546
CRYBB1,3.0329828093539013
TRIP10,-0.5513009702038947
RAB20,1.0984056732791523
RAB24,0.8207466943000848
ATP4B,1.0350911783575159
RAB28,7.9362499818778645
CA7,0.8737980561964546
MAP3K10,0.5052534595125661
RND1,1.5694491885022828
FUT5,0.6574976080572908
RND3,1.144167429840875
CHRNE,0.7461895350110822
TGM1,-0.7435522175032031
LIF,1.3205404697285832
TGM4,1.1674703547794718
RAB44,1.1846312578729403
TRIM17,0.774866344395595
SFTPC,-0.3839094010658553
SPTB,-0.31772057784779917
RAN,-1.498412020906574
DHRS2,1.7862618352319677
ADRA2C,0.8942240433769705
SLC12A3,0.15987741268462707
STRA6,2.8799645975847388
LDB3,-0.8654910831951937
KLK2,0.6182512995410445
NRG1,1.8946843670033935
SNAI1,0.6361829281918355
LRRC4C,-0.48254165907037805
LRRC4B,-0.7602436619444973
GH1,1.2451235420333084
AVPR2,0.8895580200330161
RFX1,1.7316092184817304
CSF2,0.15143960984301122
RHOD,5.644453867718265
ARHGEF7,-1.236183706653505
FOXP3,-0.6182877685660171
NGF,1.7831201413816562
COLQ,-0.6182454736593341
CNTN2,1.0655189937363352
LTBP4,-0.07919276357471414
LAMB4,0.19416502439713312
MARCO,-1.0235292547289143
CFAP410,1.6484020461101994
CYP2D6,0.9262279186425847
RHAG,0.9391442630148524
INF2,-0.6781899769118114
LRRTM4,1.5563821354454914
LRRTM1,-0.5329768052906875
PRKG2,2.557119043007981
CLDN5,0.23370674014175155
PLXDC1,0.45079396254940635
MAP4K2,-0.2089459680464511
CCDC9,-0.7107275176171607
AFP,-0.9957442427635492
TUBB2B,-0.7023581317567608
MGP,1.8148590872947363
ATP6V0A2,0.6368932490129845
ZNF114,-0.08902176365605415
PROC,0.22313894376136123
GUCA1B,3.003521834484459
ACTA2,1.3221895978415772
PDGFRA,0.9347200598568425
ZNF335,2.348987396346917
APOBEC1,-0.18553868249395863
CHAD,0.8856718904866636
ZNF234,-1.416881306016459
HAAO,-1.0208945258301012
NHLH1,-0.16717820648896878
FLT4,-0.5284244883582425
CACNB4,1.9519760575223375
KIF19,0.010517989937945865
ATP2A1,1.804135227190757
MYH2,1.1142184166771683
S1PR2,1.8703925243696553
TPM2,-0.15740351529459184
TBX10,0.8951375412759466
MB,-0.45991463182764275
PRELP,1.2768576212663787
RAB15,1.3216643735897848
HNF1A-AS1,0.08609615382792694
HAO2,0.99193491519407
FGD1,-0.7333060035336653
NTSR2,1.4509564385699252
AGAP1,-0.49839277463082016
AGAP2,0.04953111608155423
AGAP3,-0.7538262755112896
LINC01565,1.7587012368165615
COL17A1,-0.47697734841395023
SLC22A18,0.953646280070911
OMD,1.526025538221325
HOXA6,-0.1307353373570619
OMP,1.405355698010231
HOXA3,0.411160821657717
TUB,1.895436519701926
TGFB3,1.5170762466805225
LIMS2,-0.10234492948543233
SLC5A5,0.9682071656196871
ECE1,1.4267913422055396
RABL6,0.38267774787603115
OPRL1,0.7489220086546188
SCARA3,1.1838240815033583
RND2,1.1728561754351996
C11orf16,1.4147643089247717
YWHAH,0.43462008312084754
OGN,1.3463261711071481
YWHAB,1.768419824802943
YWHAE,0.9783908428146747
RAC2,-0.5214275001305994
RNASE1,1.3494596463145825
CROCC,-0.526231779987599
PRKCG,1.470297233077035
TANC2,0.3244441617311638
CES1,0.9073213280338726
ARR3,4.672036183657651
CDK20,1.480274027406304
GCGR,0.11763114908837978
CYTH4,0.32724086395461777
SLC16A8,-0.5780614130929413
ZNF157,0.402915779590399
NRL,4.871214001419373
TLX2,0.3512924249093026
MMP2,0.2306846739998097
FGFRL1,-0.6400790745273287
SLC6A7,0.8759496864202321
CKM,1.2543723187222602
SYMPK,-1.556093408094179
CD34,0.9738044518742164
BGN,0.565547259803716
GPER1,-0.2546306944858852
MYL7,1.0883787839958328
MYL4,0.9285329927033322
MYL2,1.900010924151484
AXL,0.5356931712435317
KIF2B,-1.7077799063040269
DCN,1.3043293462197616
COL11A2,-0.24328526801094455
CACNA1B,2.2136102127881276
CNTD2,-0.07597287271370542
ACSM5,-0.8045059502022783
THRA,-0.44439070849579093
GP9,0.9971443304172084
FMOD,-0.35633031149219563
TRPV4,2.544334755660803
EVX1,0.7736872026546664
LRRC3,1.3665613048019507
PGAP3,0.16973082573132448
FGFR4,-1.0228275716066062
MORN1,-0.3938755928571548
ADCY1,2.356031726156936
PLD2,-0.44767059163155304
ZNF516,-1.030223311838906
RUNX2,0.8977290300402092
IHH,-0.09187864503280149
RAB42P1,-0.06291439379602697
KCNIP1,0.9537209946577465
PPIAP10,-0.3232940494442612
RRP8,0.51240528426983
GNAO1,1.9159663961915894
CRX,9.236461454014943
DOCK6,-0.9164459871626396
NTSR1,0.23456007034487672
SLC5A8,-0.4935152494073631
SEPT4,-0.1388511345382214
ICOSLG,0.04890061576336777
SLC9A3,2.5831909204308907
PPM1L,-0.03580863394605925
MALL,-0.9776891569151783
NPPA,0.46223513227397683
EPHB3,-0.5397271559531839
PLCB2,0.5581605739165393
EPHB4,-0.39771645086890733
LARGE1,-0.6962653961026002
VGF,1.3192929146701022
DDO,-0.4971637260531996
PAX3,1.3744468224562478
BTNL3,1.1547088782122983
KCNQ1,1.7057853788131834
DVL1,0.16712105324049123
CDC14B,0.5022686656295019
AGFG2,0.8451572243442672
AVIL,0.453236582292755
HMX1,10.904056746617576
OXA1L,-0.48959802086372045
ILK,-0.2591838297851352
MYO1A,0.18042480419338955
ADIRF,1.0021199436482882
ZNF536,0.24526696772548554
CHRNB2,0.07846979543466537
CASR,1.2548210940499858
COMP,2.960380106152188
FOXD3,0.5486210655749895
SLC26A10,0.7635179911043678
GHRH,1.9151297579809017
WNT2,0.8357370402525213
SLC30A3,0.54463215509942
IL13,-0.5278891892800689
LRRN2,1.0212525190156196
ADRB3,2.6658070715312014
CACFD1,-0.3777747118157387
ZNF407,0.5031622096312102
MYO16,0.4047634871534606
PDE4C,2.0815573096250217
ASAP3,-0.7754303452947574
LGI2,1.4277873258306206
BIRC7,0.28487086833530506
MMP14,-0.013058796698030341
LOXL2,-0.8745597604106885
MAP2K2,1.42717405519141
NOCT,0.9492527492675822
MAP2K5,-0.6099449045429904
TEAD2,-0.9949917296027356
RAB3IL1,0.7471998979283736
MT-CO3,-0.8907435026553618
AMHR2,-0.2093187711582318
AMBP,-0.5781034398789142
GDF5,0.9472452189761181
ECEL1,1.4553369596929746
SMARCB1,-1.9683338516746138
STAC3,-0.8081889399744975
OSR2,-0.4350686747593667
RHOBTB2,0.5904726452117556
RHOBTB1,0.8788295844701793
INO80D,-0.41388418160659834
LOC105369243,-0.49380315106574496
ALPP,1.1807541835335125
MOG,1.447753119306573
DRD2,1.0863424807480517
ABCC8,0.14820276347880157
COL6A1,0.2728985339112703
HTR1E,1.76415564602552
ALPI,1.2202581542692406
BCL3,-1.7359889554379042
ALPL,-0.6225970461093544
KCNE1,0.7784458293640825
LUM,1.1905664063242072
CDX2,1.059041087912982
MC2R,2.681886068368683
EPX,2.6158563778311326
BOK,0.434266761723588
CACNA1A,2.140812636138455
KITLG,0.9973235608474514
RREB1,1.7335415109722236
MMP11,2.285609716408594
RXFP3,1.701454210762626
MICAL1,-0.6140538137253025
PDE7B,2.2100862735896944
EDN3,3.178374626224532
EDN2,1.851682556671694
ZNF444,0.16532385248199757
ZNF362,1.5990257155488807
CCIN,-0.7526642946319273
CAB39L,-0.35483555558909363
TREH,-0.6244948726373029
ISLR,0.5444252830821236
GSK3A,0.8347384860053559
HUNK,0.5016787664195468
ULBP1,0.3834338777934612
MYO15A,-0.19055883178824715
CSF1,0.13444219998045528
ABCD1,0.4490704881755619
TNXB,1.4543501485757482
PIK3R5,-0.4628260987799207
PIK3R2,-0.6285594073859689
NR5A1,-0.5848805001795255
SLC14A2,1.7856102064680865
RHOV,0.863132984133975
RHOU,0.06854926668117949
RHOJ,1.0427581547015257
CMA1,1.0132155874185635
RHOH,0.4301221936954982
FGF7,0.7776062233719863
PTCRA,0.6700100661156052
RHOA,0.43193291503880327
RHOG,0.20822515648926931
RHOF,1.0742091707039287
VCP,-0.45307796898885616
PLSCR4,2.286195185317455
SGCA,0.39084992457796136
LRRC19,-0.5766550466506699
LRRC17,1.760230446821438
HOXD13,1.2191089101581485
PDZD3,-0.5816742718031906
MATK,-0.8355927332605217
CLDN11,1.3444722709043848
EFCC1,0.4301089274419207
IKZF4,2.2834692424334317
ABL2,-1.0050408062884417
KIAA1614,-0.03761758695806403
PCDHA4,0.19587617977999158
TNN,3.518419908758303
GRAP,-0.15914077133153282
CACNB2,1.310183551460032
CACNB1,2.0630600667461496
OBP2A,-0.6615373522985977
TEF,1.617360311881797
GP1BB,0.28611810666570814
FGF18,0.4247080450499618
PDGFRB,0.4333665127213719
PDCD1,0.3595286472751996
TBXA2R,1.5635552764304024
RAB40AL,0.46374562810650016
SMIM6,0.867722920649957
SYDE1,-0.3863397011101532
FEV,0.14396503074060713
ACHE,0.7223212836676007
PRB3,0.5138648556766384
TNFRSF13B,-0.49918835945480217
CCL19,-0.20537682363184548
ZNF528,-0.37700566236057037
IGFALS,0.22241756483815456
IFNA4,0.301042073960663
PRKACG,-0.13241119264381754
PTH1R,-0.2984311817698369
LGR5,-0.6999897134801685
JUNB,0.9874407790357702
GNAT1,10.15408914051479
GNAT3,1.4347434685358855
P2RX2,1.3860049633244347
P2RX6,-0.052104140337119846
AOC1,0.5895971340597367
GLI1,0.4456082186485715
SMCP,0.43394771673475324
HSD11B2,1.1933009798642842
PDGFB,0.7734360354653
ERVW-1,-0.7805370363626192
TNR,2.4342056132471455
PDIA2,1.651544695568314
EFNA2,0.3763666081864403
GGT2,-0.21072609221766572
SULT1A3,-0.6696325165029118
LRRC55,0.022944984630486154
RTEL1,-0.9760746196229998
SHANK1,0.09045706147880207
PTPRU,0.3210825846106544
POU2F2,-0.5204027410778941
COL14A1,-0.7910104219325619
GNA15,0.39219403539733
GLYAT,0.5019691956472837
ACTL6B,0.03631484695021022
ZBTB47,-0.505287920207207
CARTPT,0.79503351503596
SIGLEC7,0.04001833536723282
MYO7A,3.9706085320393463
WNT11,1.7091190476122833
REM2,1.1629181805412552
STX1B,-1.040105017071417
MYO1H,0.716044043013402
NF1,1.2477290420245155
IQSEC1,-0.8673383971669347
IKZF3,-1.6993353572949814
ZNF143,-1.9488543573337962
NANOG,0.7186729026281979
ZNF354C,1.8921330813818813
ANK1,-0.7762659847857504
ZNF221,-0.11454805063988446
ANKRD30A,-0.14845788414476618
CYSRT1,-0.6570222265433898
PRDM14,-0.20726372899171638
RAB12,1.6125532116582613
KRTAP1-1,-1.0811872569150476
ERP27,-0.7750258492581541
ZNF300,-0.35442764569537516
SGSM2,-1.1233051690839555
EFCAB13,-0.15723823772999726
CAMK4,-0.7557791764677032
LRWD1,-0.25080729448954137
ZNF605,-1.2933917295543864
ZBTB18,-1.8213849361675583
MAZ,-1.014303581801879
ZNF844,-0.6762419833884228
CALML6,0.6013705638775989
TINF2,-0.13969859109699967
ZNF776,-1.0241011646657232
LRRC10B,-0.363028071115008
SYNGR2,0.01770094754796842
SEC14L2,0.15359297058485644
CMTM3,-0.6558598033266964
RAB4B,0.6800098413632003
TIMP1,1.5850799259853128
MAN2B1,-1.2077390759315478
ZFYVE27,0.19883286879328568
CENPX,-2.189418305587229
PPP2R1A,2.3473805193215345
LAPTM5,-1.0695704300138302
ARAF,2.344885032206496
POLD4,-0.4321354259660908
IFITM3,-1.1366811016918033
SYNPR,-0.6289814062927502
CMTM8,-0.43529312758802874
PLIN3,-1.2352796770824244
CDK2AP2,-1.4905369801722654
LTBR,0.24081262604796919
INPP5D,-1.5262267821577384
OGDH,-1.5193477960641253
COMMD9,-0.7060240899251556
SNX8,1.9013651683285422
SCAMP4,-1.0412758307761678
PSME1,-2.2664604102840578
STAT3,0.18005200595796866
SYNE4,-0.681491960103089
VOPP1,0.30724901405953153
EIF3G,3.5981993776872994
TOR3A,-0.38269133890107687
SLC34A2,-0.615121486817476
MARVELD1,-0.3980551077934844
COX8A,-2.084045049077775
PSD4,-1.5046439543209957
VIPR2,0.07671399749140122
PLLP,1.1787063873134387
PNPLA6,1.1124693140694883
CTSH,-0.7832199380983867
HLA-DPB1,-1.2039353720517578
HPCAL1,-0.6258007956526781
SCAMP2,-1.4194958467432301
HSPB1,0.4795185777658508
CTSA,-0.22887093529831193
FPR2,-0.08551987612003646
PRMT1,-1.595985221478183
CREB3L4,-0.9736680859085011
IFI30,-1.003774786457391
ESRRA,-1.2035770095531109
CTSD,0.5222582574799529
APRT,0.359158787565701
GM2A,-0.41200383584247435
GUK1,1.4812929813678049
SMARCD2,-1.8410465186471388
YIF1A,0.3339064618846931
SERPINB1,-0.6038288670873011
SLC15A3,-0.8291773616723513
PARVB,-0.7805333286243793
RBM42,-1.5411536377353101
SYPL2,1.6879317823806017
ORMDL2,-1.6209510355513626
LST1,-1.7589596984990268
ARPC1B,-2.249065632662986
EIF4G1,-1.2180416598547308
SLC2A4,0.22257359666405782
TAGLN2,-1.5184126703647127
TNIP2,-0.8466316714258851
C9orf16,-0.8679006318030119
ADGRG5,1.4200957242000192
TIRAP,-1.2997442165016304
UQCRC1,-1.9171163068384247
OS9,-0.9022404369823438
SZRD1,-0.5389024867847687
MRPL23,-1.531544084968033
ALG3,-1.7582182278277334
HLA-A,-1.9279899925356516
NFKBIA,-2.4465823631055734
HLA-F,0.9357426884854897
G6PC3,-1.2740507062654505
SLC7A1,1.6942132374477525
RRAS,-0.9899946583494711
ITGB2,1.5926056003439053
RNASEH1P1,-0.4366454441733413
MYADM,-1.0497484116622824
EDNRA,0.31481238908897236
MPG,-1.9112753859800444
MAPKAPK3,-1.618378534846047
CD81,3.4953334494799573
DUS1L,-1.0507989153151778
HMOX1,-0.9840844677700301
CYB561,-0.6990967873100741
TREX1,-1.4354722314180859
SLC35B1,-0.8161830420445698
TMEM173,0.1507391685552295
PCDHAC2,-0.5459458682186339
FATE1,-1.9487569653974566
SYP,-0.3424172607422974
HLA-DQB1,-1.0270843988883418
ZYX,-0.7339879828899405
CMTM5,-0.8537071171922866
TAPBPL,-1.415994300806427
TGFB1,0.41289496725494895
MRPL12,-1.827744931449516
TFEB,-1.1873981838659993
SGSH,3.581045392512497
MAL2,-0.8817787226866574
HID1,-0.632378193120122
SDF4,1.0090394478044478
TK1,-1.7554818616694745
BLVRB,-1.570211464651965
CYHR1,-0.9399826148090997
CAPG,-2.0270108105422557
RPS6KA1,-0.6519297176791753
SBNO2,-1.2971723787512237
ATOX1,-1.026290958266122
TNFRSF1A,0.9742874878988804
ADGRE5,-1.4742859000275943
WARS,-1.5471480176205006
TCIRG1,-1.0972023447007313
PFN1,-1.635129219823658
CD14,-1.2012760630182664
SCO2,2.4091858769102172
FLOT2,-0.016995689371257366
ELOVL1,1.551557715840212
SLC22A9,0.9646169933093169
WDR83OS,-2.051381083483535
CD74,-1.2047170503188027
TMC6,0.2730505950441157
MYH9,-0.9747675114186216
ASNA1,-1.9209879087508626
TMEM134,-0.795702308540217
PSMB10,-2.0547063518017787
LRPAP1,-1.1298984336260092
LMAN2,-1.3622903558263095
ALDOA,0.40841087110640384
STXBP2,-1.6992683802818682
TMED9,-1.2153363825267125
PLP2,0.7203318904970571
RNASET2,-1.3556046477496904
UCP2,-1.3998499989915443
SNX17,-1.7460974059614311
STAT6,-0.4366118513051364
ATP6V1F,0.34801156521975873
ARF3,0.15463615227304112
SERF2,-1.1767311997673686
TOMM22,-0.976777896389281
TRADD,-0.48180057181224917
CDC37,0.2645697793101292
NECTIN2,-1.018538211738881
CFLAR,-0.8853606795176946
POLD2,-2.2298185073846244
CIB1,-1.7439986187255536
SAP30BP,-1.5788030363347398
ETHE1,-1.7053578927311412
ICAM1,-1.8353850787005792
ERCC1,-2.298044983176445
S100A4,-0.3269859261650423
NFKB2,-1.8870064302244425
BSG,-1.6231259873328778
SH3GLB2,0.20520616325186614
DUSP3,-0.043689255261797386
ASL,-0.5101600475323342
MVP,-0.8042096825560641
DPAGT1,-1.4331782695624569
CLIC1,0.21274311972108767
RAB1B,0.6021280334324278
COMT,-0.29346205890793337
GNB2,0.17694850559854125
TMEM147,-0.47671865611099246
GALE,0.38720748299676555
TPD52L2,-1.1039447319421585
EIF6,-1.6109686184152323
CST3,1.2268998411254317
NFKBIE,-1.869300094434127
TSPO,-1.0659794588561833
ATP6V0D1,-0.7535582652614665
SSR2,-2.156548259005298
ATP6V0B,-1.421243210941057
CORO1B,-2.052633498395658
TRAFD1,0.31901682327092273
RALY,-2.412135366552839
LTBP2,12.435105858763245
SLC22A16,1.8886241748268486
MRPL58,-1.096100250797536
PREB,-0.6654316009638623
TAPBP,-1.7401539158884758
BANF1,-2.162899183862149
EMP3,-1.0036670304917594
PSMB8,-2.3036252528041605
HLA-DPA1,-1.2198568884227334
PSMB5,-1.865807080492481
FAM89B,-0.14623060136085167
PPIB,-2.086597037271655
ZBED1,0.1825196471506271
CLPP,-2.1523650863732526
AURKAIP1,-1.6222704864583075
BAX,-1.7304136063120614
SLCO1B1,-0.2923533112285991
GPR52,0.8841158434655922
DDOST,0.13514359408482132
GALNT2,-0.7075016257996379
OTUB1,-1.606170109177057
GNPDA1,-1.0083885148076233
HLA-DRA,0.03595375955110522
INPPL1,-0.9484047491497042
PLOD3,-0.9076614652444832
SLC9A3R1,1.0263548310850306
TMED3,-1.0250376441172662
GSTP1,-1.3959845807410867
SSNA1,1.4785820598008927
PEA15,-0.2989228888634823
APEX2,-1.1907139090041798
ARHGDIB,-1.0288999987124998
SH3BGRL3,0.8987860889736305
CMTM7,-0.7803332102944909
AP1B1,0.5924970079668089
DPP3,-1.0622200488762277
GAA,-1.1455070547323136
DPP7,1.1696708263924003
ZNHIT1,-0.28379433851227903
HLA-DRB1,0.2075154751414119
TRAF4,-1.134490188360309
COPE,-0.9805929530975236
CD44,-0.5064280629168731
PDIA4,-0.9828743647871473
PSME2,-2.033738510759707
CD40,-0.6349179469575756
COA3,-1.056001546337856
MOGAT1,-0.3032859091986343
CYBA,-1.3591030857773858
IL32,-1.1437589069676637
ARHGDIA,-0.9250030662241353
CYTH1,-0.0038328885935617
TMBIM6,-0.5898296765553535
LMNA,-2.155400180701712
MSN,-1.3919853996381113
SQSTM1,-1.0957221680131495
TAX1BP3,0.031927269512657695
ATP4A,1.890876875821264
VAMP8,-1.699312540901048
SLC16A3,-0.48826844959406174
CYC1,-1.027540584075876
GPX1,-1.2305197294045882
OAZ1,-2.272124062022945
TYMP,-1.1679812100617504
CMTM4,-0.7361598426542463
UNC119,4.1613097608723155
GORASP2,-0.17677806453550873
WBP2,-1.0198898928293445
AHCY,0.010956859886191444
HLA-DMB,-0.7804566603738559
FUCA1,0.3972894607011113
HLA-DMA,-0.6492907560064438
METTL26,-0.9697421031388246
SORD,-1.4194281447983992
HNF4A,0.6388795574734665
PHACTR1,-0.52010070901704
RPE,-1.026620285417382
MVB12B,-0.9039829887470625
CHMP4A,-1.3881552666104635
CHMP4B,-1.3915996488444535
CHMP4C,-0.9630313436784248
PLCG1,-1.4336376574019252
CHMP2A,-2.132070835074981
CHMP7,-0.9504955358068823
CHMP6,-1.1974551108985352
VPS25,-1.6904681193217037
VPS28,-1.5027879797528725
VPS37D,-0.775866667147023
VPS37C,-0.3737556913156351
VPS37B,0.6906656516254589
ADGRB2,-0.5118988361159419
METTL15,-0.6615711351085646
SNF8,-1.2757603103209418
MVB12A,-1.202789687802959
SLC25A41,-0.8304045464336691
VPS36,-1.099774070186333
ITM2C,-0.5668037596571878
VPS4A,-1.1782064088442605
RNF17,-0.4802938159697922
TSSK1B,-0.9008051844470557
GALK2,-0.8381412626695599
SSX3,-0.9864225702103195
OR5I1,2.0769621991264198
FAM205A,-1.778876586824342
FAM186B,-0.6035362723835016
REXO5,-0.7038203514833998
RLN1,-0.3273689231104937
MYL1,0.6242514821614707
ADGRV1,1.6378609779493771
MS4A5,-0.6198492089869809
SOHLH2,-0.33523904902207163
PPP3R2,-1.3937124204673612
SOX30,-1.9957813257346206
FNDC8,-1.0844081990272125
AKAP3,-1.4969245923061196
OR12D3,0.9532361770088882
GAGE1,-0.4517471539209443
CTAGE1,-1.012524684888926
FSTL4,0.8570430334710315
TIAM2,0.7469579252746926
MOV10L1,-1.770924282806965
ADGB,-1.4616176399706244
THEG,-0.007451407630095288
RBMY1A1,-0.17857987536379882
P2RY4,1.6013648391571444
PLCZ1,-1.2908402832890484
BRDT,-2.068891863263172
C20orf173,-1.8029712629406351
IFNA17,1.1670638153964188
IFNA16,0.28115184706979923
ELSPBP1,0.8578532211227649
DAZL,-1.8386229160534266
TDRD9,-0.28522909755162285
AQP5,-0.8000307188585962
FMO4,1.8038729516837342
SYNGR4,-0.6773461883151236
SPAG6,-0.3462914377541667
TERB2,-1.6637880243055054
TDRD1,-1.129811653515787
C4orf17,-1.821466077281754
TDRD7,-0.22848019434244157
BOLL,-1.4919068110950524
TDRD5,-1.6181074940833438
TAS2R13,-0.11852355121689431
SLC26A4,-0.3230914152311578
CCDC155,-2.089951737049127
ADAMTS20,2.4758257464518785
ABHD1,0.04599753159145627
ADAM2,-1.0556906649298117
CYLC1,0.5859231462560194
RFX4,0.9371341292460202
KIF5A,-1.4904922909600218
NPY5R,-0.23669412592797423
CCDC87,-1.4999566315406674
CYLC2,-0.936199211542369
C2orf16,-1.771172835111352
DDX4,-2.0989662560974502
CCDC83,-1.8445283153847651
SPO11,-1.9760691262050267
PIWIL2,-1.399908869385437
DKKL1,-0.858289583372736
APOBEC4,-0.9158423711694069
LDHC,-1.820424887563379
SLC22A14,0.5152072290500281
YBX2,-1.950407788651578
C16orf71,-1.8371821200577336
CCDC63,-1.3961985282925027
SPATA12,-1.7087737572030244
ACRBP,-1.5430507874342123
SLC7A4,-0.1713663319121401
MAEL,-1.8166752368818444
SLC25A31,-1.8754732475510987
ACSBG2,0.7908372367368363
TDRD12,0.7286986361493828
OR2W1,1.686739576515757
TDRD10,-1.446235788454081
PAGE1,-0.6213230133356378
SHCBP1L,-2.077124207494554
OR2H1,0.8563872689724981
YPEL1,-0.8235488886201652
TULP2,0.8348782485530868
NME8,1.5608919776564694
TEKT3,-1.6005778559695014
TBATA,-1.2805431282760593
NMBR,1.3663702588614999
PRSS37,-0.1004791067522676
HSF2BP,-0.5973619754519336
RPGRIP1,2.897115693981245
GRM6,13.647802145528681
CAGE1,-0.3857877813562811
CABS1,-1.8656577592565218
NCAN,-0.37760814881811816
PRSS54,-0.34695830548950934
ODF1,0.7804085297080511
SMC1B,-0.8256710343162105
SPATA16,-2.0381002389964804
DNAJC5B,-1.5512857928275858
OR52A1,1.1591645127279255
ZC2HC1C,0.737892732855168
TCTE1,-0.7735294800117982
DNAJC5G,-1.7443472413805432
TAS2R9,0.8548215429680882
CNGA3,11.33539881347238
NPHS2,-0.7686373939465805
GOLGA6B,-0.9112186785956531
TRIM48,0.39406045447490706
TMPRSS15,2.1694015431760225
SLC26A8,-1.730492242060355
ALLC,-1.4485450467999592
SPACA4,-1.6309009134006616
SPACA1,-1.9195302390633306
TNP1,0.1989389864647126
IQUB,-1.9228406299943923
STK31,-1.9060520898428839
ADAM30,1.3261648965074881
FBXO25,-1.2174259237881513
FETUB,0.402668248381709
PRR30,-1.73985797695531
AGTR1,0.07105737272602768
EFCAB6,0.10211658704274172
TFDP3,-0.8267916386756226
AGBL5,-1.2926561170473247
MAGEB4,-1.1039537154565016
PIWIL1,-1.0546614005607116
TEX15,-0.6305238730393439
TEX14,-1.6294719328305913
GAPDHS,-0.01649473326383667
HTN1,0.6162439818333219
TEX11,0.26455150798872595
CCT8L2,2.2780209864751138
TEX12,-1.491101580277391
ACR,-0.36029835001399163
RFPL3,-0.437676470344781
SMN1,-1.1168037458523
ADCY10,1.172133948012635
CBX4,-1.2621098024466753
CD1A,-0.13297309956522263
CNTD1,-1.7340689692899582
BTG4,-1.3973626017037275
CCDC105,-1.462900775759619
NR6A1,0.4552801843092444
RRH,1.4688340879766082
CCDC62,-1.9721938997332447
HYPM,0.2676475451690924
SPATA22,0.32102628122898424
TTC29,0.3608428479057484
CIB4,-1.7734984252737598
ADAM29,0.480881304785169
PSMA8,-1.8262411250836972
CRYGC,0.29246553772651085
FAM209B,-1.811461419343951
FAM209A,-1.7135524126012065
TSKS,-1.4268566585215303
FSCB,-1.584262767445767
MSH4,0.02511042151707225
KRTAP5-2,0.14168397850648226
LYZL4,-1.790807127621211
CABYR,-1.371548294439005
RBL1,0.3306668857799255
ZPBP,-1.9279650518511149
C10orf95,0.5526279468103195
TSPY1,0.12893028149135963
SYCP1,-0.16258682503913244
TDRKH,-0.7312557322171676
TAAR2,0.46820664082646735
WDR93,-1.779956878344696
TAS2R4,-0.14533622477799205
OR7A5,0.4491597238092574
CRISP2,-1.6710594152267844
GDF9,0.2804183892353248
PRM2,-0.6266123131952631
CPNE1,1.9033367481689065
IFNA14,0.8946381005000392
PDHA2,-0.2918515501032141
MORC1,-1.4971661312712097
BIRC8,-1.1634895698352452
TEX33,-0.5324313909099151
PZP,0.6946219688684431
LDHAL6B,-0.5368145441860964
IL12B,1.040723012591398
TEX35,-1.6814141186960996
TGIF2LY,-0.9302132803651884
CLGN,-1.1711033944027458
WDR87,-2.0001304603638173
ACRV1,-0.3731892213072926
SSMEM1,-1.6533747666730199
MAGEB1,-1.3710224587251307
SLC5A7,-0.45175743138971997
ADAM18,0.7240147633784005
CLPB,2.287177978886388
ARID4B,-1.5453866930200628
CCDC169,-0.443741350541337
ANKRD7,-2.130334378770633
C20orf141,-1.4672696513596817
TDRD3,1.5256804105588253
UBQLN3,-1.0213297998770494
OLAH,-1.4909980225328854
COLEC10,0.6292986109920574
POM121L2,-0.6547752676920116
TEX55,-1.8238783199163353
GALNT8,0.06855619109283333
AURKC,-0.15729264056433404
FAM71F1,-1.8165402959598194
LRRIQ3,0.22608492897487878
TAS2R16,0.39123909460582174
OR2C1,0.48167144851862276
CCT6B,2.647054177284325
TTLL10,0.6536362751053856
CDC5L,-1.253546926055694
CPXCR1,-1.592809214116738
PGLYRP4,0.3406858942987624
PRPS1L1,-0.5820980012544464
ROPN1,-1.550671738133104
ASZ1,-1.7060600849779939
MNS1,1.264149122272282
ELOA2,-0.44218741576771065
TDRD6,-1.4033243848702275
LUZP4,-1.3381841420910878
POU4F2,3.658258243293088
TP53TG5,0.43306359374682457
TCP11,-1.140556230544109
TCP10,1.6179517098395448
OR7E24,-0.14787132134297962
MMP25,1.2769571724866629
PAPOLB,-0.577917698308657
C22orf23,-0.41767238494853204
TAF7L,-1.9050049787476426
MAJIN,-1.7507504000725367
OAZ3,-2.001695170104224
ACKR2,1.4597915177211542
C3orf20,-1.3125719735037802
TSGA10,-0.8996603665552781
C1orf94,-1.889560245500964
ZNF541,-1.4976304641140108
SUN3,-1.6655049053645137
FSCN3,-0.4677730300725933
HTR1F,1.1202005208162438
RSPH6A,-0.08547324216016292
SPATA6,2.226250602909802
MMP26,0.5275565253374056
C2orf42,-0.9193731745174504
MZT2A,-0.20277039689530463
SAC3D1,-1.5729422252371388
RPL12,-0.8450150113393414
NELFB,-1.3030864698620244
SRSF9,-1.9542326336092786
NDUFB4,-0.2430547471080268
SIVA1,-2.592447331972331
NDUFB1,-0.30775437648077697
S100A9,-1.5737902127184487
ANP32B,-1.8755214413153127
MZT2B,-0.8300977872617735
ATP5IF1,-0.08641646132890159
UQCRB,-0.30937824455751545
EIF3H,-2.0982190305052963
GPS1,-1.736493955251113
NOSIP,0.1265624775054884
EIF3L,-1.6043075019854052
CEP135,1.2931279562775422
PARK7,-1.2803629295258525
EIF3D,-1.3987152806045875
EIF3E,-2.2771933414002974
COMMD4,-1.5599681139216803
FAM173A,-1.6408935860719218
PLK1,2.228057088374993
EIF3I,3.1731343512722865
NDUFA13,-1.18008881797638
NECAB3,-1.1983246930161364
MRPL37,-0.675921719483545
LDHB,-1.9058540247568567
CENPJ,1.7925492515999222
IPO4,-2.40149727863288
MRPS7,-1.257179926220498
IDH2,-1.0268726377279245
SLC25A6,-1.1191868245814995
SCAND1,-1.218326341836857
NME7,1.012720710897026
RPL11,-0.9947697360587721
PHGDH,-0.6400530015071154
TEX264,-1.6330597317572106
RPS16,-0.9615030511470568
UQCRQ,-0.7567924472061204
RPL19,-0.8349818415651774
C19orf53,-0.9398946967220172
ATIC,-1.1866575934794275
SNRPD3,-0.2737137371823884
SNRPD2,-0.19423698263737438
PTMA,-0.3204468404581795
EEF1G,-0.9614312486389126
EEF1D,-2.3286045509401934
RBBP7,-1.6770332947998552
ERI3,-0.5938457175885345
CEP290,10.292255983020972
SNRNP25,-0.5123848018076549
POP7,-0.863307263092083
MRPL46,-0.5175748218951898
CEP72,3.618267189088163
TUBB4B,0.9196437201093868
PSMC5,-2.171041813597297
NTHL1,-1.0677938922450574
MEA1,-2.1158602200642247
TLE5,-1.359522178586053
HMGN2,-0.5783898784442586
RPL8,-0.5329749836377773
MRPL22,-1.0120112983947236
MBD1,4.198739514355309
RPL4,0.6585589546779679
RPL3,1.3887487176521096
SLAIN2,-0.6989294780955243
NHP2,-0.061598187919014204
DCTN3,1.769321318686763
COX6B1,-0.9634021503143698
TIMM8B,-0.7347921891848055
CHCHD2,-0.9311962960277146
PMM1,-1.3981803609935732
REX1BD,-1.8965998226045477
ECHS1,-1.9840532754957676
TUBA1C,1.2915528313265925
HAUS4,2.3935153893446723
MRPL17,-1.0789426703880984
MZT1,-0.3088484962401695
CCT7,1.7613181417671955
CCT4,5.4735279391069795
PRKACA,-0.1270886171872905
TIMM13,-0.11107902215796027
SRP14,-1.8667233387658413
BABAM1,-1.9289333939959246
UQCRH,-0.469896717960331
ATP5F1D,-2.043227018482193
NINL,0.8475431914764375
COX6C,-0.2024368142243996
PEBP1,1.643827424370985
NUDT1,-1.3111605408111555
UXT,-1.2920750530947378
DDT,-2.111796092779482
ECSIT,-1.438197873649632
RTRAF,-1.071160638165097
C1orf35,-0.5565944707411551
TUBGCP3,0.8627883481847929
TUBB2A,0.02967997308871448
NDUFV1,-0.9180454834753581
COX7C,-0.4150026146176928
GTF3A,-1.1142373292916519
ANAPC15,-0.696081379942933
POLR2F,-1.3622952711632117
GPX4,-2.0861276322899243
HAUS8,2.2756153938654093
COX17,-0.4362147676093173
LCMT1,-1.1937516046613388
CUTA,-1.5136872144039208
RPLP1,-2.1616210052127913
RPLP0,-1.6531439788120683
TMEM161A,0.024333585040912667
RPS7,0.0316598305920368
C12orf10,-1.398482214915818
RPS3,-1.1656789483207308
DYRK4,1.8408317777320051
PGAM4,-0.8507182661339132
RPL36AL,-1.9150167456560678
HARS,-0.6086375534419356
HINT1,-1.4064474583425428
ATP5F1E,-1.7685869061076362
RPS8,-1.3425758032404203
FAU,-1.8156869582903366
SNRPA,-1.8770675283256646
NFU1,-0.2375968277328228
TMED1,-1.5751787589540707
NEDD1,1.4680513887814413
CDT1,-2.226960092933059
SS18L2,-0.24482673180434691
TBC1D7,-0.7092161265777405
RPL13A,-0.43155658571248345
R3HCC1,-1.6543222012299021
DPM3,-1.8676459610600098
HRAS,0.0829692822049279
LRIG1,-1.6136079069871367
ETFB,-2.019589287971499
RNASE7,-1.6004896192524487
RPS5,-1.3553058362347514
ARL6IP4,-1.7358112698455996
PTPRA,-0.6246940807191368
RPS28,-0.0784423874932376
COX4I1,-1.473193949909125
RPL35,-1.7479928740033204
LOC400927-CSNK1E,1.3276795348099661
SMDT1,-0.8650611037917196
FAM162A,0.06099203198476093
NAA38,-1.201569945317543
RPSA,0.5826495789847227
WDR54,-0.5983145633402817
TACC3,2.456643633124448
PGLS,-2.034193394789747
RPS15,-1.1606643794820457
FARSA,-1.6400932235280086
RPL10A,-1.2394911018553498
DGUOK,-0.054257853778032446
CDK5RAP2,1.8134491427671455
TUBGCP2,1.6959577116952835
WDR18,-0.5039455355972169
TUBGCP4,0.9508658902053949
TUBGCP5,2.5166274288022397
TUBGCP6,1.8352479015246188
FBL,-0.1990486949393746
CEP131,2.5266902988958844
COX5A,2.3678177202735635
RPL23A,-1.3291696167483074
TXNDC12,-0.046498540178520134
SF3B5,-0.688103233952286
PRDX2,-1.0185506061663332
BAD,-1.9641674352690763
PFDN5,-0.36460112661460053
CAMLG,-1.26519524799827
CD320,-1.3660706047218107
SLC2A4RG,-1.2516931162708937
RPL29,-1.089068145038884
PLEKHJ1,-1.582353881195187
RPL27,-1.0922355221465634
NUDC,1.9998502003171537
NOP53,0.5989418025042489
RPL22,-1.0364484340759454
MYL6B,1.1653968778039439
MRPS34,-1.4418054728535363
EIF3F,-0.8488281039497912
YWHAG,0.9314799279977399
ATP5MC2,-2.050191091271866
EDF1,-1.7928584305662567
NDUFC1,0.010083743828310805
NDUFC2,-0.6593099236366416
LSM7,-1.412556059997424
TRAPPC6A,-0.4978895599310462
LGALS3BP,0.22681438061978015
TMEM160,-2.018536323938261
OLA1,-0.476174597256734
TMA7,-0.5841524617587329
TUBA4A,1.7325880394712336
EEF1B2,-1.545273280539645
SNRPF,-1.347184038428124
SNRPG,-1.517461801536886
RPL36,-2.116208127139677
RUVBL2,-1.899002542112827
FIBP,-1.449644215124594
RBMX,-0.664708175896156
TUBG1,0.8313814216155117
HAUS6,2.143623282396549
TUBG2,1.521923731891958
PHB,-1.9053054434631422
BOLA3,0.021348114064139924
CKAP5,1.0941888534182935
HIST1H4C,-0.26893643495681385
ATP5MF,-1.3696662788667315
ALMS1,2.9502999013353657
MRPL57,-0.23091668318047515
PTBP3,1.2961372185530298
OFD1,3.361864203097032
MRPL13,-0.7247063207196637
USP34,-2.115345470157928
TRAPPC5,0.4114243307262126
ATP5ME,-1.7738611607021078
PRR11,-1.689151266583914
RPL9,-1.6863017328089356
CHD8,-2.0358765960994787
TUBA1A,0.38438364596286767
ZNF160,-0.07076402133575098
HAUS2,1.8015120910938351
ATP8B1,-0.6702417244314217
ATP5MPL,0.22423235970572136
ZNF611,-1.642781561968843
IQCF1,-1.4157826086778926
RPS15A,-1.3196193327727455
RPS2,-1.6371841020618383
ATP5MG,-0.6378969179740452
OGFOD2,-1.3565286331582749
TMEM206,0.37942179606386006
RPS27,-1.9730351646203312
RPS20,0.2032203348353118
GAPDH,0.428551241695962
APLNR,0.6830198669112629
MYC,-0.6882749203560603
PODNL1,-0.40788134065648096
SRPK2,0.7686154649484392
NDE1,1.6722627122956342
DCLRE1C,-1.4765185814100914
GTF2H3,-1.7398015222118255
RPS29,-1.2417850028127098
RPL38,-1.6947676642388212
DNPH1,-1.9196266307110539
RPL32,-1.3995533807752585
NPY2R,2.1219732275967123
CHMP1B,-0.7215170714513962
HSPA2,-0.9334088221251595
HSPA6,-1.2418183215633725
HSPA5,0.6226077037259364
GNA13,2.9264090350980188
HSPA8,-0.5161366943306649
IST1,-1.102808922060377
ZFAND5,-0.29250295352041167
MAFF,-1.6079472210471044
SNRNP200,16.540175039072103
BHLHE40,0.5062126305982254
CNOT8,-1.6191020340877613
MTMR3,-1.6812623102585649
WDR5,-0.9582713083454216
ARFGEF1,-1.0122163684068328
PSMC1,-0.8370301024795864
MAX,-0.885149431272971
MITD1,-0.06325853641294182
RASSF7,-0.9923732463287558
GRID2,1.2386117244316952
IKZF5,-0.6367209045889258
BTG2,-0.31829529219106834
EDC4,-0.7530942558260434
CC2D1B,-0.652509617634656
ETS1,-0.716456370994864
CHIC2,-0.8243537745458673
NEK2,1.3245472472029671
WDR48,-1.7438752933653945
RNF103-CHMP3,-0.5037897738664877
VTA1,-1.4017498017823173
TNPO3,-1.267755099461209
SEC13,-1.2024458489846415
CNOT10,-0.916002360013791
SENP2,1.2392222716045032
EIF4B,-1.5884536133102765
USP54,0.21011983185989472
PPP1R2,-1.63795369560414
SSRP1,-1.1774556826988645
FLOT1,2.270271961558849
TOX4,-0.6079535897937468
TRPC4AP,-0.6847397476239905
AL136295.1,-0.840822728433263
ABHD17B,-0.8545005368118362
ATF3,-0.1673597253769114
CCL14,0.676412204850621
RFC3,-2.202630763942765
MAPK14,-0.3499473689627068
EIF1,-1.7724795124244481
BROX,-0.6878295555742182
CHMP1A,-0.6591113604598442
KNSTRN,-1.1742571826422719
TMEM63B,-0.7980548931108424
PICK1,0.9315463833956198
GRID1,0.07179980232123385
PPP1R15A,-1.5279648060548376
GABPA,-0.012173618228044003
RNF146,1.380869497533621
ADPRM,-0.6517496228390782
CLTC,0.5434750061788509
HSPA1A,-0.19036970009527
MAP7,0.8384318049657905
ELOF1,-0.5190826739701081
EIF2S3,-1.3946102402890383
HSPA1L,-0.7505372754810633
PTPN23,-1.1531980271492612
PGD,-0.2975672255048577
WASF2,-1.5543880076064487
HADHA,-1.3886593394175666
NRAS,1.0746099001025073
SELENOT,-1.8392617429906306
ETS2,-0.3896109524574176
KLF4,0.15387813496921773
KLF3,-1.1096020101219917
ATP6V1B1,0.583979346830941
STON2,-0.22298188969895996
SLC25A15,-1.4398012608995998
SUCLG1,-0.8290226151624535
LMAN1,0.07318747829792122
C6orf89,-0.8706893985730328
TFG,0.17019766703352496
PRUNE1,-0.8548426370147175
TGIF1,0.09377812465720749
PMM2,-1.4973061859093344
HIST1H4I,-0.35619984048245007
FKBP2,-0.7893212617624596
TWNK,-1.0598900278293348
HKDC1,2.5628176102859475
PPP4C,-1.8173132748594827
LARP1,-1.211486370446448
WDR3,-0.01091538256824511
TUBB4A,0.8979737373927749
AKAP8,-0.9135696547579282
BAK1,-1.6056635989820431
ACTA1,-0.48211140602477437
ATP2A2,0.5884958767188594
ATP2A3,1.411412742772347
NOP2,-1.0828044255051699
PUM3,-1.7774130002955892
WDR43,-1.450986798890343
XPO5,0.41594383888316633
CCT2,4.784875770550828
CCT5,5.671837535505154
AHSA1,-0.6996488574244343
PAM16,-1.4715952898202869
TIMM10,-1.1110547874488943
CNGB1,16.417908560375178
PTBP1,-1.8590041609259071
UCK2,-1.1777314731379445
BLM,-0.8101728159026464
GDI2,0.24215984142507033
SFI1,1.714104491439869
DNAJC2,-2.3256928175660594
PPTC7,-0.8372525278300236
MYBBP1A,-1.1903522878977326
GFPT1,-1.5980851716596731
GFPT2,-0.22739532583584085
EIF4A1,0.7751678073631696
EIF4A2,0.38868004849503546
NUTF2,-1.5008897616068857
PKLR,1.338573616522226
ATG101,-1.192348138959079
PRDX5,-1.838124539470052
FAM86B1,-0.6349768477728736
SAR1A,1.3984639471670959
ALG12,-0.7842627068458053
NOL6,-1.2803091797357842
UPRT,-0.7695228790313573
UBIAD1,-0.4609235402877687
AK2,0.8325731059282224
ATP1A4,0.5762222430906988
ATP1A2,0.1292510572308729
ATP1A1,0.5608448951888718
MARS,-0.3765104356923794
SARS2,-0.9253722018147654
EEF1A2,-1.4609446666989985
MCRS1,-0.6699304607348312
LARS2,2.584050288711419
ACOD1,0.08967225566854378
RDH8,2.930071936366448
ATP13A1,-1.0496907471999901
DDX18,-0.5834963936510558
PSMC4,-0.9547531331586094
NOLC1,-1.0468472394388828
E2F4,-0.9828213718340755
CALU,0.5667187405962287
FUT4,0.5931241586725672
SLC1A5,0.3053725560669397
EEF2,-1.315578650460599
BZW2,-0.2891942172407103
MAT1A,2.0538071180560316
PES1,-0.5919404410227207
PYCR1,1.0171831350340004
GNL3,-1.0976031132739943
GNL2,-1.5978054420806314
TUBA3C,-1.0500322655206094
TUBA3E,-0.5576749153929049
EIF3B,-1.8108495432023848
CNPY2,-0.38667785773855057
MRPL36,-1.2657123427835693
EIF2B5,-0.8088293305076986
IMPA2,-1.5086759602708197
SNU13,-0.7507145137016593
ATP5MC1,-1.1196130815006171
ACTB,-0.30462492131007973
ALG8,-0.5556391626960724
ALG2,1.0132677024655163
ZNF593,-1.6079381890337188
BCKDK,-2.4370508304918714
BTF3L4,-0.27671643452974215
RUVBL1,-1.4879995641065464
B3GNTL1,-0.08851031930864355
FTSJ3,-1.0235813234784046
DDX55,-0.4994786513912797
RAB43,0.227590882019576
RRBP1,1.5031489903642619
PKM,0.6183397152812486
TPT1,-2.0242819563128354
CSK,-1.0241726837914507
BOP1,-1.2996748208225533
MTHFD1,-1.4152576089418072
COMTD1,-1.0801475102664433
COX18,-0.4286980741506613
TMEM214,0.876569731982925
HDAC1,-1.5201081379576942
SLC35C1,-0.8016446704898315
PUS1,-1.35322475050138
PUS7,1.4589552756481552
RRS1,-1.993304716410075
CARS,1.9692528001333427
GMPPA,1.6293854687325864
GMPPB,1.5446721275060633
GCN1,-1.48603101470475
ENO2,-0.15612794438607697
ENO3,1.14757931003206
SND1,-0.45913396128260614
DUT,-2.1847900398915487
RXYLT1,-0.8165722674468792
NAT10,-1.2512019181446545
DLST,-0.6080501824989554
TCP1,5.386182341074575
PRDX4,-0.7805878036786045
PRKAA2,-1.5593924228872054
SLC5A6,-1.3826206739674567
SLC25A21,-1.9661052643777477
BID,-0.3480076483242615
PFKP,0.004270624779641428
HSPD1,-1.3996466214726078
PFKM,-0.445011843490019
PFKL,-0.11216924973389995
MTX1,-2.109089420651551
GNB4,3.1620292672478914
NANS,-1.0086074036521833
EIF5A,-0.033334948673572604
CCT6A,-0.36101570463789945
MAT2A,-1.274832802574526
ATP10A,0.8478136916287735
ATP10D,-1.133175316837562
OSTC,-0.39066350780739245
RER1,0.5314202047421513
MGAT5,-0.62289787512376
MLX,-1.1351367040150895
DDX21,-1.139901143049956
DDX27,-0.212758913158493
ABCC1,1.4555400404990357
ITPA,-0.30479625752694756
TARS,-1.7826926447782694
ATP6V1C2,0.05093159396655767
TIMM44,-0.8610345563562107
TOMM40,-1.526888638774569
ACTG2,0.7097750087569507
MLEC,-1.25940239928777
TACO1,-0.3305401056000912
POLR3E,0.23726094112097595
ATP2C2,0.2054003077632338
TXNDC5,0.10920482470363872
TAGLN3,-0.5748082274676797
IARS,-1.368314168558111
SLC25A5,-1.2966374294194334
SLC25A4,0.297071502575122
SHMT1,-1.6258730631425302
NME4,0.3222489146673049
DNAJA3,-0.7566051135615561
RMRP,-1.7482731550836115
NME2,0.5651020033668545
NME3,3.7633448587059934
KPNA6,0.9080487125760845
KPNA5,0.6594226095499518
RUNX1,-0.7136359111894025
FKBP1A,3.0685085288242346
SHC1,-1.4165173113131244
RRP9,-0.7100093575109785
PPRC1,-1.140110102924744
NOP14,-0.4949844312483686
TNFRSF12A,-0.7283049150713681
PITPNB,-0.9461565000779129
PPM1G,2.9644017798077473
ABCF3,-0.45702496345030114
ABCF2,0.4111655026726913
PODXL,-0.39027332975279794
YARS,-0.06299856867641976
B4GALT2,-0.9701679386936601
CHEK2,0.6689802392694502
B4GALT7,-0.4289782285712919
CLUH,-0.623443697652523
UMPS,1.3018449435727548
TUBB8,-1.1519747541340655
TUBB6,-1.2700452049004785
TUBB3,-1.5171696167356095
MRPL4,-1.246598618656648
SLC3A2,1.2666409555403038
MOGS,-0.5892431830801725
ZPR1,-1.0814713384074497
CDC14A,-0.6811356536090994
MYDGF,-1.55581403840653
HMOX2,-1.2477208413898575
ACTC1,0.21122818868032736
CTDP1,-1.08144231702037
UTP4,-0.4055651304686259
DNAAF5,-0.07408989702561003
CTPS1,0.7868739222023508
FOSL1,-0.36249182622676884
PSMA7,-0.41157313357412956
DPM2,-1.0595481671344469
UGGT1,1.3057200586789843
HMGCS1,1.2515697201007436
HMGCS2,0.7071514764194052
ACACA,-0.6226328836780716
ACACB,2.270470146853004
RABEPK,-0.8196179842740122
SRMS,-1.5431969787516047
PUDP,-0.9110860868519793
GMEB2,-0.9317439755361587
EBNA1BP2,-1.0945942252999914
UCHL3,-0.7760369155653108
TSTA3,-0.08513114071652081
WDR12,-0.5139561701676774
PPIF,-1.220137897834721
SLC35D1,-0.5858678155724145
PPID,1.0036572465173044
PPIA,-2.057706977517619
ATP11C,-0.180073588295658
MDH2,-0.7727392170162876
MPDU1,2.313354404338498
NIP7,-1.1786143003510707
DAD1,-1.3397711438689632
DPH2,-1.102245631692304
EIF4E2,-0.5088902415194952
HOOK2,-1.5680482776682765
COPG1,-1.3626714342601038
ACY3,-0.9617498052700518
GTPBP4,0.3142958958832784
NOC3L,-0.565457717100553
SEC61A1,0.18122327266122934
CKAP4,-0.7858017061876682
DOLK,1.999603191795533
NME1-NME2,0.5334938482535572
LYPLA2,-0.4729209302511155
DHX15,-1.3274031312254686
S100A11,-0.7115867605972062
UGP2,-1.2018066317092206
ATP2B4,0.3536734718111731
CIAPIN1,-1.6556978864340235
GOT2,-1.1530615332977696
PFAS,-0.25908458317143973
RAB5IF,-1.3587139915737738
P4HB,-0.830041281060506
HOOK1,-1.375279453035681
MRPS2,0.570698191405972
COG5,0.6006721054974488
LSG1,-0.2838534240475907
ATP2B1,1.164969006888128
DOHH,1.0205914632427193
PA2G4,-1.492151340642456
FDPS,1.0361598737600335
CCDC86,-1.426870609194865
ATP8B3,1.3069828101695387
ATP8B2,0.974579298794953
SUMO3,-1.1293093943014554
KDELR2,0.8101749438227345
ATP5F1C,2.573898363588702
HSP90B2P,-1.354625972623265
TUBA1B,-0.7328029557044481
TMEM186,-0.25427386338586117
SLC35A2,-0.9578645322206789
NPEPPS,0.04898770152375539
TOP2A,-2.1913570360089136
GNPNAT1,1.0414548084249946
IL4R,-1.8324960488232251
BRIX1,-1.7168588699064362
PGM5,-0.6903062233853597
ATP8B4,1.0503425354687803
PGM1,-0.657645712828516
PGM2,-0.7663062989036881
PAK1IP1,-0.4970555498126255
JMJD6,-1.8452774787253838
STT3A,-1.1069159398453734
ACO2,-1.5459270671848528
FAM57A,0.4622981166835171
SEC23B,-0.15853417915559304
MPI,-0.6380359730479578
POMT2,-0.6561061266239054
TUBA8,0.6636135787576116
NOM1,-0.24318573751307637
ATP5F1B,0.5724669797549128
OGFOD1,-1.0684964977263978
TRMT6,-0.8417953323955858
GPN2,-1.1511643628776762
ALDH18A1,1.1754079554513732
NIFK,-1.457181763312772
HDLBP,-0.7161930056192801
SEC11C,-0.5693108360155219
ATP12A,0.3689813588133024
ARFGEF2,-1.2398700977285357
ADK,0.18592115767184392
METTL1,-0.3777549405191539
PPAN,0.322480009631277
MRTO4,-1.5951238308676678
BYSL,-1.4903547298630058
KCTD5,0.7782050683156357
RRM2,-0.4427585109241378
SEC31A,-0.9779081784848548
IDH3A,-0.6444911552194217
PAPSS2,-0.7637997063807688
TATDN2,-0.30758699133053935
PDIA5,0.08772329495837108
CFL1,-1.8740452133138423
TMX2,0.40457501044346666
SNRPB,-2.160011538612157
LRRC59,-1.3601480153719723
DNM1L,-1.2241197809566335
STK19,0.3025044595034585
MGST3,-0.2575682397412884
NISCH,-1.1473525837428673
CCS,-1.008268930945994
NELFE,-2.2935274130920713
PPIL2,0.28213303441369425
PGAP2,-0.5579300347571488
RARA,0.768511672275543
EP300,-1.809620071114404
SNHG28,-0.9504500867948356
FANCA,-1.8903005135529458
TBC1D22A,-0.8983706537790396
CSNK1E,0.6917514330170577
CNPY3,0.5277004824342324
CD151,0.5845427918143207
TRIM28,-1.5532730641202164
SLC25A1,0.14493181724948287
PCYT2,0.9887047105932187
RANGAP1,-1.3553101889156671
TWF2,-1.069045196824362
NUCB1,0.3592964205463465
PTPN18,0.24762726914752906
PLD3,-0.7313373900862461
KAT5,-1.7371360057314718
MLST8,-0.7080155749446079
FKBP1B,0.6474971332563709
HSD3B2,1.0915737718874197
TRIP6,-1.4348088234917495
FBF1,1.1643663712636154
ZNF395,0.28020653649155586
FAHD2A,-0.9868033753016235
CPT1A,-0.20440597304566524
PDXK,-1.0258566223700027
UROS,-1.6322317173925014
ACAA1,0.13473504197760944
UROD,-0.19648942686533613
TST,-1.430425645357501
CHKB,-0.6296131652896864
XRCC6,1.3409051082809478
SREBF2,0.559113531109074
HEPHL1,-0.4190332061656492
DDR2,1.087616663716066
ALAD,-1.0958735342424548
GPAA1,-0.8285581202052497
IRGQ,-0.8077125666810779
DALRD3,-0.9461986913054564
MPST,-0.23989419453304855
ERP29,-2.2323291301905024
SAMM50,1.662310531404812
POLR2E,-2.4309839861037417
KAT6B,-2.2089850514870224
POLR2I,-1.5038359851935008
IRF3,-1.4967101785294328
TECR,1.8353052326006354
GALK1,-1.0853194986338848
LRRC15,-0.09562364972284497
MSRB2,0.6843635297823356
DDA1,1.416983566572082
ABHD17A,0.020566016403926326
HDAC5,-0.7244975163608122
PI4KA,0.15328718324413712
NAGA,-0.5834272368404105
NIT1,-1.3217258080420091
POLG,-0.09221211437579498
RBKS,-1.0269542469192605
ACADS,0.07814690952831344
ARF5,0.27896282264521644
AKR7A2,-1.5782919401593591
CUEDC2,-1.5699406111486276
DNAJB2,-0.3226733127567469
ATP5F1A,1.56290163126771
CBY1,-0.06271579884526635
MAPK3,1.6332669616640925
DSG4,-0.6379799566945659
GALT,-0.7499369655308057
GNB5,2.311178269033343
TXN2,-0.15305224943202603
STK25,-0.5559633759641902
SLC27A4,-0.692726728164166
UCKL1,-1.0125603894051813
ZSCAN26,-0.8899465164772075
SPSB3,0.636660731076587
VSIG8,-0.37034960860512117
RETREG2,-0.9219181946328998
GSTK1,-0.7323314524806516
PPIE,-0.5045713429816258
PRKD2,0.8682266265716825
RBSN,-0.7177552103921522
COX5B,-0.18562706499682594
PPP6R2,-1.2200569955896936
AACS,1.7247327747176153
OVOL3,-1.5456861586575692
PIN1,-1.2851594913055087
AANAT,2.306237439626825
GCHFR,-1.1417006944581105
NDUFS1,-1.5040939970841585
HAGH,0.9103784669456505
TCF25,0.09042490945938558
IMPDH2,-1.2426669444761795
HMGCL,-1.4333767202849694
ILVBL,-0.5387730575534689
POTEE,-0.8292831433664738
PIGA,1.233737411496317
ALDH3B1,-1.3211760783032866
TTLL1,1.389632376160166
ISYNA1,-1.0308255184283872
CRYL1,0.09793381376613017
QRICH1,0.924383749575534
NDUFS8,-1.2348096434941025
SGSM3,-1.5396651968377322
DUSP14,-0.5130726167307201
E2F3,-1.951528853534921
CABIN1,-0.03751431301627866
PEMT,-0.4609358531812912
HEMK1,-1.0809796597246013
OTC,0.09933284347863676
PMVK,0.6511707706405024
SUN2,-1.5809304875432413
NDUFS3,-0.41896888377935154
ACTR1B,-0.7372716059803192
NDUFS7,-1.5928108445838767
SDHA,-0.6545676043643648
ATP6V0E2,-0.9293438165334085
ASS1,-1.347917302234953
DUOXA1,-0.6181108020895343
AGA,-0.2610597185766432
RAD51B,0.3484968400973989
SUMO2,-1.8995307393171217
MAN2C1,-0.5111436998934553
IFNG,0.05863475967572677
PTGR1,-0.7527796659747498
BCAT1,-0.8390749196124568
ABLIM1,-1.2776677918364225
TMEM184A,-0.6189477676450825
CYP3A5,1.063664434410744
CNDP2,-1.0173126524718665
ORM2,-0.9690783629820825
PARP12,-0.9375558403244744
EIF2S1,-1.0799332520243745
SERPINE2,-0.07309736087384112
APOE,0.049804517928644314
TTR,1.296841468436028
PEPD,0.006633912685929903
PAICS,-0.2359015874303342
GDF15,-1.0888652632822986
UAP1,-1.1671854113634388
NMRAL1,1.3989225239754621
ALDH8A1,1.0152263633979846
VEGFA,0.07180279801935528
PPARA,-0.1614475398966544
SULT4A1,-0.8738901064616491
GLYATL1,-0.37267327133381584
KRT17,-0.44196437966348107
SELENBP1,-1.2128234494280075
SLC22A6,0.18474554624559858
GPX2,-0.21580952827067723
GIT1,-0.2231006248011695
GIT2,-1.286922516981744
SORT1,-0.940550415578319
FLNC,-1.3125409256568819
SLC22A8,0.5939258385166759
SESN2,-0.7328790448358787
RET,1.4866541345705206
SLC2A10,0.23179262610321869
FH,-0.7249481260918704
VSIG2,0.8985637668333673
HTRA2,-0.7205545321216572
MDK,0.0018756521565621471
SCLT1,3.6304146122047514
ASPG,-0.25127390820490536
ASPA,-0.4955724492699982
ACAT1,0.4201724172176291
GGH,-0.7286626297061569
KIF21B,0.0326470264553965
MVD,2.009175857162041
F2,0.23979470485316712
CNTN1,0.08324425735325397
TRIOBP,-0.32804573673511134
PIPOX,-0.03442487624241136
GSTZ1,-1.4644416620808731
SLC17A3,1.9401794527365586
TINAGL1,-0.8820271995794682
MT2A,-0.21052903662223132
UGT2B7,-0.8285816900276951
G6PC,-0.2955242094517078
EGFR,-0.6903162650129252
BHMT2,-0.8122359698358945
ABAT,-0.5707074119340313
BIN3,0.9158619040734627
AQP3,-1.442053493669975
AASS,0.7866454901872699
DPYS,-0.8640345666449382
ACAA2,0.45166779286528036
GCDH,-1.5558879469057953
SLC25A2,-0.28697729851770093
RPGRIP1L,3.3931619098779295
PSMC3,-2.124371427165636
ALDH3B2,0.33051346554612027
NANOS2,-0.44295386332686304
CD48,-2.2318501293471598
FBN1,1.3820511640975064
STS,0.4043938730702605
HGD,1.4140290631512447
CRAT,1.4915435521338596
CFH,0.07365893368648571
CFI,0.4840566313801204
GJB1,-0.6115279943318698
FUT3,0.34693316659185336
CAMK2N1,-0.6288746537979525
PCK2,1.2226458937814797
PCK1,-0.534980367180792
NQO2,-1.2062149500459558
AGXT2,-1.0474704815205125
CYP3A7,1.0931815054761884
PYCR3,0.43790911875023336
PYCR2,-0.6602171095919364
SLC25A13,-0.6596173126738185
EHHADH,0.2345648915042263
KLF5,-0.5374532142508913
FGFR3,0.8859894218664434
LAD1,-1.4491070892760616
IFITM1,-0.600700780066295
CENPK,-1.7022033967643306
ASNSD1,0.8408197133099704
TNFRSF21,-0.6943525826126734
PALM,-0.23119824806150688
SSH3,0.1942035260082051
HOGA1,-0.8490176277983986
WDTC1,0.4093611239857848
ALDH1L1,-1.0062750325975403
SLC2A2,0.7698949133981693
SPINK1,0.22324791129975866
VLDLR,-0.8471312702819301
NANOS1,1.1517870284674498
SPTAN1,-0.3459586306443728
PROS1,0.34664470092238775
LAMC1,1.5926142017049052
ATP7B,0.8496610039394887
MYCN,0.051744143156390296
MT1X,-0.8936417739101271
NBL1,0.44673379223831094
PALMD,2.0245399149344987
NUPR1,-0.764107701232573
IGFBP3,0.7415716236583378
AGMAT,-0.14975361803202325
ADSSL1,-0.3865446771289532
CA10,-0.7364180980084064
SDSL,-0.1270879763578099
MTHFD2,-1.3427074242308072
EPHX1,0.5514366129160432
TMSB10,-0.5591616141511299
PPA2,-0.7736398977092253
PPA1,0.33804317825365615
FABP1,-1.1826854319978606
QPRT,0.9490353020925474
USF1,1.4495612498076416
ETFA,0.45491887135511055
MTOR,-1.6126430284944988
CLU,-1.0295963489765283
RACK1,-0.6333115243734869
KNG1,-0.40568404333327845
ALDH2,-0.17486967330667405
CDK1,-0.2509201301078405
CDK2,-1.6692352924970724
CDK3,-0.6355328000386099
NAGPA,3.034424914084161
LCN2,3.087267516519012
PHB2,-0.5160685647833152
USP4,-0.15414989875867924
PRDX1,-0.27800717610446907
DDX11,-1.6647858309764612
PM20D1,-0.10206349482742706
STIP1,0.9956578989327287
CDC42EP1,-0.8570227135364681
TNFRSF11A,-0.7087459921241134
ACMSD,-0.6492400401531161
LATS1,1.6091128391568004
CCNB2,-1.3208003991214554
DDX24,-0.06965728724164354
ARHGAP32,-0.7488131086671272
C4BPB,-1.050595456055777
TUFM,-0.8763094226088126
CKB,-0.4890607411911655
TPBG,0.01420867044852477
TPI1,-1.8188202143722985
PAH,-1.1816831190345052
FURIN,-1.1101317100232675
CALM3,2.2055275510916013
ACSM1,0.33071424497423424
ACSM3,-0.9319745461413117
PRODH,-0.0827384067058967
ACSM4,-0.32026923598301754
ACSM6,-0.30609700331589296
FGFR2,-0.611823648090439
ASRGL1,-0.6569803448801673
ERBB2,-0.319715238591067
ERBB3,0.4428919684965446
CTSB,-0.2216095437262039
ACSM2A,-0.6976546679355866
ACSM2B,-0.6779979645715746
SLC25A20,-0.80077211912766
RPL18,-1.7690929721817557
GMPS,0.9014684775857835
CPB2,-0.6763526965514138
KPNA2,-0.3782417473413811
FBP1,0.32938188487382586
ENAH,-0.32048392298001305
PDZK1IP1,-1.0948919699130826
NDRG1,-1.8392294724406535
ITGB4,1.9299297919593688
HSPH1,0.915213543372043
NONO,-0.5148593686710311
GLDC,-0.7157795260382176
XDH,1.2894608220605854
ECH1,1.6161745412489381
SCNN1A,1.3116776243905524
ANXA11,-1.277001149047526
GBP2,-0.7588362513004675
ACSF2,-0.8938911626140007
PTPN1,-0.6510604968567608
LCT,0.07121695134323142
ANG,0.3637775717784269
EIF4EBP1,-1.3974241776118688
BCR,1.1286133031857037
ADI1,-0.16155616209524848
BHMT,1.5523442054616539
ZER1,1.0302804154665652
FHL2,-0.4102523183023618
KRT6B,-1.4659883004721286
LY6E,0.4975700777030248
EFNA1,-0.5466119196942233
SRR,-1.0223480756839878
PRKAA1,-1.052001532672095
ALDH7A1,-0.6063993126568957
LGALS3,2.0385521315956883
ALDH4A1,-0.7661755318819672
FSCN1,-1.7055380873719874
LGALS4,2.211288958963919
PLXNA3,-0.945339879247371
AGXT,0.5090409528412695
ASNS,-0.6000707400004178
RARRES1,0.8517329497419927
PLG,1.2900089459394992
S100P,-1.3327602410580532
MPRIP,0.8332509356100616
INSR,-0.2974949903364
ALDH1A2,0.45072670660216096
KYNU,-1.5507931501011476
CBS,1.6808476832171022
TFAP2C,1.6023973835951988
RPL17,0.4544519205101432
ACY1,2.1637273045116068
AADAT,-0.2726426519260177
SIGIRR,0.3976827646947255
SERPINA1,-1.7849296411055628
SUCLG2,4.637747543803322
IDH3B,19.02326772138364
HPN,-1.0401491502338516
ALDOB,2.0533816083883476
HPGDS,0.42770320746108176
HPD,-0.24736487291491102
PSAT1,-1.0158280715343246
PDK2,-0.8354569492188891
PDK4,0.1927960882180293
ABCC3,1.2851750174441328
GSR,-1.0946045298284677
DARS,-1.1371076097145478
DOLPP1,0.15814202871006727
AFG3L2,14.229960827900877
DMGDH,-0.9616514127135642
PLIN1,1.1993018112165135
NHLRC2,1.0569583733467631
WWC1,-1.0417542455871784
KHK,-1.1045948567770238
CAPN1,-0.2217787591297307
PIR,-0.992932598845912
IREB2,1.5961965005750396
DDX3Y,-0.25668579972402494
VWA8,1.6662122028568287
BAMBI,1.3931241511146657
POLR2D,0.26237725151827784
CYREN,-1.2032141143827577
CSPG4,0.30081671554360817
TERF2,-1.2474875324654828
STC2,-0.11628796735738374
SLC7A9,0.234884445823891
SLC7A7,-0.7716706018403642
SLC7A5,-1.4340507768550796
AKR1A1,-0.640525866364662
AOPEP,1.236491057278195
NAGS,-0.8239919662426601
NEBL,-1.1236417444184867
TMPRSS11D,1.2953378685363803
SIRT3,0.7347201355622957
EFEMP2,1.1095916765617986
SGTB,0.8481428032797056
ACO1,0.09519645779424901
HOPX,0.5937002729981893
TNFAIP8,-1.4696972143753122
SDC1,-0.5444329324567723
ARG2,0.5646255241121633
ECI2,-0.27218413890243937
GGT1,-0.7803308885774098
AIFM1,0.1798835722444909
IL17RC,-0.1647761912142088
GAD1,-0.5772306551951664
GAD2,1.3039255615641892
BAIAP2L1,-0.7966742600137339
TES,1.8304982109749741
TSKU,0.18636792284455575
MTHFR,0.31832362449430346
SLC13A1,-0.644134909483479
SLC13A3,1.2949193836691435
PBLD,-0.6071194035213147
FES,-0.3818681469696479
SERPINF2,-1.1476678985329078
ADM,-0.4009763969204823
STAU1,1.0096801825803439
RGS14,0.07327187120004854
PSPH,-1.019441193024258
STEAP3,2.3018038819252373
TBC1D16,-0.6667315705375912
KARS,0.16688028750040612
SLC7A11,-1.1406038282411715
ELF3,-0.5238722895393992
TXN,-1.0565323239028095
SERPINA3,-0.19164073906793416
CRABP2,2.6182958257576203
PTPRF,-0.4716079007491436
CDR2,-0.15827307496385748
NDN,-0.16578028454484617
MLH1,0.511570080166323
GMPR2,2.003068084449074
PLS1,-0.8186027580937427
TDO2,0.29452948280841795
PDIA6,-0.6905445010401656
GPC1,-0.46748367749635206
ALDH6A1,-1.4242426207359145
ALDH1B1,-0.7573687890877654
MTAP,-0.6404426366344254
DAZAP1,-0.811393156000741
AARS,-0.93284886572119
LOC101060399,-0.43055167467230043
CREB3L1,-1.1994306145045295
ATF5,0.83433370141263
ATF4,-0.1782284369419527
FOLR1,1.5547329901221068
LINC00671,0.0001366068793341829
KRTAP12-2,-1.13311616567198
ADAMTSL4,0.9972221062902732
FHIT,-0.572611806634665
SRC,-0.3479736888575918
AMPD3,-0.04658546445826208
AMPD1,0.20759664897769994
MGMT,-1.2921182450649977
AMPD2,1.390030029850401
DNMT3A,-1.3899027051558819
REL,-1.943243574419808
FDXR,-0.9155003486807224
SMARCA4,-1.0936652609105189
HINT2,-1.2690038683803848
HINT3,-0.45673585559217944
RARB,3.9749603369031283
ERBB4,0.002353096077909286
FOXM1,-1.3810537074421463
DNMT1,-1.6974880870021996
THRB,0.6294095053002297
APTX,-0.7944633734477972
DNMT3B,-0.8092706929564375
ENTPD3,-0.35557336117763794
RPS23,-0.8277194411044163
ENTPD1,-0.5171256156704409
WWOX,0.6612225086614208
RABL2A,1.0081502983773485
ENTPD8,0.27228349063894575
SH3GL2,-1.021562669690223
AK1,2.2221243960552695
AK7,-0.3546380751933716
AK5,1.173032497000655
AK4,0.6153027429342952
PTPRD,0.02534205910391636
HSPE1,-1.3460899184180608
SFRP1,1.4630900155789892
ARHGAP19,-1.1866299622840148
SPX,1.4999276601166949
CTRC,0.8523209353859564
SPINT3,-0.07202111313473211
NTNG2,2.9691773638387837
MPP3,1.0713841164953182
SLC12A5,0.40127528735629087
SCN4A,0.34825157400512363
PRKRA,1.1123749240496055
THPO,2.1560037019615357
HTR6,1.593241248739312
GPR27,0.820866599682629
DBH,0.9234994718943519
RNF186,-0.3006014783729943
CSHL1,0.05863223299936126
HGFAC,0.01444793235166136
TSHB,0.8077609469292055
TNNT2,0.365890314144263
SLC11A1,1.089017777783533
PRLH,1.46907257920189
GGTLC1,1.4889943630775522
OXT,0.6354293806790903
LBX1,0.0733954781400685
PSG4,-0.6675766944167949
FGF1,1.1360502472730845
A1CF,-0.9513818553001734
MYH15,2.077587721160674
GABRR1,2.8866964430609894
SCN10A,0.7000017081631962
STXBP6,0.36835038184255
SEMG1,0.3424893280651601
FZD4,12.996931256604794
LGALS14,0.7206511696319113
RHBG,-0.6019762086344771
CDKL2,0.281662602097218
CST8,-1.6161709119034464
GML,1.8112831709561628
OR51E2,-0.46336911120667895
CHRNA6,0.951179841217872
MAS1,0.9557822304923931
GPR37L1,-0.12972755123138138
IFNA7,1.7474591535516382
RALYL,-0.7139501502176897
ABCA4,9.01342538164386
KCNC1,1.497723402516973
PITX3,0.9942093763126953
PARM1,-0.5410946798864276
GCNT4,0.33764959254334254
PGC,-0.39004972369581736
TM4SF5,1.3536228858293191
DEFA5,1.2831021365924136
PROP1,-0.0006815040787227265
TG,-0.02683020973098186
KCNJ10,1.31320067787019
UCP1,0.8130907378914622
PHOX2B,1.202516227823008
ZNF709,0.08135917989127713
FOXQ1,-0.14045952008354465
UBD,2.46743031639374
PPP5D1,-0.7312700481885971
CAMK1G,0.20277986983135646
BRPF3,-1.2871709709039785
CAMK1,-1.3259678651735933
ARF6,-1.4432247157522156
TAF9B,0.3312098137701886
RCVRN,3.8723413493177383
ILKAP,-0.8638168088876442
INSRR,0.5172547033828886
TTC13,1.2870997454651896
LRRC56,-0.797331257531744
ZNF708,-1.3799631548041282
ZNF66,-0.9514021257353547
ZNF791,-0.7959042897122024
ZNF77,-1.282101577363708
ZNF383,-1.365148088623087
ZNF382,-1.3718280584849163
ZNF354B,-1.5074232120345266
ZNF700,-1.7717175307862834
MAP3K7,-0.496732069625754
ZNF264,-1.8328179044255248
ZNF782,-1.5021321830241248
ZNF267,-2.2907978405343488
ZNF587B,-0.21048390301160366
ZFP69,-1.3123136275259502
ZNF471,0.18802121847233652
ZNF470,-1.1860022683782965
ZNF184,0.3450681779147742
ZNF268,-0.1520847373467181
CTTNBP2,0.08238042834274102
ZNF667,-1.2875433139725518
ZNF45,-1.8329301869186854
ZNF44,0.11766018692847034
ZNF404,-1.1556938204071288
ZNF680,-0.5145106737176967
ZNF681,-0.8410899856960162
CENPCP1,-0.38922132432181383
LRRC2,-0.8882190344119326
MYSM1,-0.12168655547494474
ZNF764,-1.6981143350854362
ZNF284,-1.3664589798890445
ZNF677,-1.350000269225806
ZNF675,-1.4528223872860697
ZNF674,0.2024306901551465
ZNF440,-1.6053079530338707
CLK4,-1.9365689588358048
ZNF442,-0.49860144069500884
ZNF841,-1.3862430131983265
ZNF845,-1.4054885650280322
ZNF679,-1.3297058216251083
ZNF273,-1.9401002019436957
TTC14,-1.2034552002388197
ZNF569,-1.458466313627474
ZNF568,-1.4217390417513307
ZNF567,-1.5311093561088047
HDAC10,-1.832856669069738
ZNF565,-1.279903116153856
ZNF37A,-1.6123042260799099
ZNF563,-1.4538117944611604
ZNF562,-1.8484391649412673
ZNF560,-1.2104021004637593
ZNF699,-1.4296339600356875
ZNF214,-0.964709603493381
ZNF195,-1.2217138530052758
ZNF283,-1.408573197801491
ZNF57,-1.360430797577389
ZFP90,0.6490361884376047
RBAK,-1.3019735642176782
ZNF599,-1.3755231639889556
ZNF606,-1.5138081100406817
ZNF607,-1.3901439777448266
ZNF454,-1.2875832554201296
USP47,-1.0770266270416906
ZNF585A,-1.4940637583368026
ANKS3,-1.4916628069908697
ZNF669,-0.23055518699406033
ZNF347,-1.39661310099333
ZNF765,-0.4946024703396205
ZNF875,-0.4083219424363935
ZNF510,-1.5847140391418035
ZNF766,-1.4170076093439905
ZNF517,-1.346023342624752
ZNF514,-1.4992469534356536
ZFP28,-0.3915613722444428
EGR1,-0.2300325542340125
ZNF227,-0.5572485705444548
ZNF25,-1.3421684432676688
ZNF823,-1.2950647014187435
ZNF583,-1.2533717423223056
ZNF584,-1.4813011839808974
ZNF587,-1.9446349006348926
RBM12B,-0.3948617463824259
ZNF879,-1.3834381713064998
ZNF829,-1.3527769625256203
ZNF610,-1.281262190671753
ZNF613,0.23297977688163293
ZNF564,-1.8487861518176183
ZNF614,-1.4393777672411077
ZNF616,-1.321039795928261
ZNF619,-1.2547112827103342
ZNF426,-0.8828947243175961
TTC32,2.216381888416718
ZNF425,-1.3760959329362914
ZNF420,0.9004697703878447
GUCA1A,5.545485698035568
ZNF429,-1.3873218882427045
ZNF337,-1.7029922998719578
MAP3K1,-0.878339990265985
ZNF23,0.7554440906326048
ZNF331,-1.2528871352949347
ZNF235,-1.2908484042123347
ZNF233,-1.1989802245444412
ZNF34,-1.5401466908339272
ZNF30,-1.335173057184295
ZNF836,-1.3001156518744292
ZNF175,-1.53958422612472
MGAM,-1.1201211165460565
ZNF354A,-0.4794736705229921
ZNF534,-1.243157427220813
ZNF530,-0.35035317106054537
ZNF571,1.183583610135782
ZNF624,-1.521389838801075
ZNF627,-0.34086072106339693
ZNF621,-1.3849334432607816
ZNF749,-1.2866637062193276
ZNF623,1.1999594874810557
ZNF436,-1.3848742741699192
ZNF431,-1.1437298008452526
ZNF433,-1.3566524907712219
ZNF432,-0.5020379007481838
ZNF92,-0.7339705043262968
BRWD1,-1.0983331417622921
ZNF439,-1.6502697143947331
ZFP1,-1.517718098208681
ZIM3,-0.1967969576152577
GABPB1,-1.3603630950109766
ZNF324,-0.9977688083274848
TSSK4,-0.1887735383887562
WDR20,0.991259901326476
ZNF473,-1.419274269576181
ZNF689,-1.7325349250977489
ZNF527,-1.299619448076662
ZNF480,-0.5189538353175384
ZNF529,-0.16837114909279516
ZNF155,-1.4698282749646687
ZNF484,-0.7552308540939405
ZNF665,-0.9618809779358104
ZFP37,-1.3322077995306876
ZNF33B,-1.3335487180191827
ZNF33A,-0.04211977779497671
ZNF132,0.2993490408234308
ZNF133,-1.5454606737138281
ZNF311,-1.3114163451448078
ZNF317,-1.7460403322882738
ZNF251,-1.4025842035651435
ZNF250,-1.528771610128571
ZNF253,-1.1515871560471096
ZNF254,-0.6029205974777886
ZNF257,-1.2873485527800403
ZNF256,-1.4306404068901324
ZNF493,-1.114402700833386
ZNF492,-1.2731177743377673
ZNF490,-1.665868972971298
ZNF813,-1.3125100033903092
ZNF780B,-1.2353216446001607
ZNF17,-0.5864035946454127
ZNF12,-0.9872742626211414
ZNF814,-0.4547682773616499
ZNF7,-1.5460626183133244
ZNF14,-1.6512965280518883
ZNF726,-1.2636828318682327
ZNF684,-1.3546930851194783
ZNF557,-0.5997889681326013
ZNF554,-1.2506844985764136
ZNF555,-1.381359340110903
ZNF649,-1.378749759865484
ZNF416,-1.3858739440146175
ZNF662,-1.3983164719224455
ZNF792,-1.6798025876237692
ZNF93,-1.4970665753116899
ORC2,-0.41391545521769535
ZNF324B,-0.2333266281942275
ZNF208,0.1507382373660329
MCM9,-0.2310781372078675
ZNF461,-1.4322699443384859
ZNF154,0.04763039865743779
RHPN2,-0.5657641311967804
ZNF714,-1.3122853874494698
ZNF98,-1.2668276054938659
RHOBTB3,-1.0234343166275606
ZNF860,-1.2552114156860303
ZNF99,-0.48798655210046604
ZNF468,-0.31185860397530857
ZNF790,-1.2269232480076087
ZNF91,-1.0071797366353785
ZNF543,-1.3476815301260365
ZNF793,-1.376386182492459
ZNF460,-0.9109760700987548
ZNF506,-1.5003037441600702
ZNF549,-0.7611518420547028
ZNF548,-1.1516575914984146
PPWD1,0.17461184306356872
ZFP14,-0.9389128538453075
USP28,-1.0461732384186841
TBPL1,0.6984938803407963
TBP,-1.0653891306418923
GP1BA,0.7685613615188729
ACTRT3,-1.287881458149342
ZNF559,-1.0044274976062884
TTBK2,1.8745443863006346
PGA3,-0.5555087772258979
EPC2,-0.31634138804669576
KANK3,0.5316315351615963
ZNF878,2.4226157090177787
NID2,0.3993673869492344
CPE,0.5340518648110028
P4HA2,-0.32493567651476024
CPZ,0.09168915167812151
MFAP4,0.33163535164957714
GPR183,-1.2497746006759054
WWTR1,0.2703628871005619
THY1,-0.2731009772345619
TACSTD2,-0.0006611490736259498
GATA6,3.096975531291545
COL15A1,-0.10000689538744961
MFAP5,0.5456263570645777
COLEC12,0.7377703097461309
ANGPTL2,1.4700500415214424
EMCN,3.2151772827692007
ITGA1,1.6356476895193357
ITGA5,-0.07737612498255685
COL3A1,1.0613755015370077
SERPINE1,-0.39822641037125145
ALPK2,-0.17330830881234421
COL4A2,0.10129404144545212
VEGFC,1.8002592811001872
CHST3,-0.6257393991507496
ZEB1,-0.8465799317619949
ZNF423,1.3530157117610673
GPX8,0.18266416598824364
VWF,0.6555219870200583
MYH10,-1.1699576775326024
DLK1,0.7933635342062509
HTRA1,0.03978776574865279
TLL2,-0.502377770646857
PTX3,0.9243924256767325
SPARC,1.1037939400981214
TFPI,0.6883984555811893
PARVA,-0.30200999837637643
LAMA1,0.7434710969921594
LAMA2,0.7488591518877517
LAMA4,0.060173331104137744
MCAM,1.8703387558683002
LEPR,-0.3548412128835502
ADGRL4,1.231541449397527
NREP,-0.16963586250765328
MXRA5,0.4469251619017317
MTCL1,-0.8399242445759086
CXXC1,0.10610478805978668
MME,0.22331961534157804
CTHRC1,1.1204419438316133
CALCRL,2.8530778646908104
SPARCL1,1.2727129772305743
AFAP1,0.7656396417649931
TWIST1,0.2274645091794417
TM4SF1,1.3810245491586097
SULF1,0.42020425772020276
LMCD1,0.3007598039008287
SLIT3,-0.5595288644696463
DEFA1A3,0.11720019421785632
JAG1,1.4352257145189893
PDZD2,0.8545891197060864
SPON1,0.3759495586395185
ITGB5,2.490362665062423
LTBP3,1.4160266354818958
LTBP1,1.3810664556673022
FBN2,1.344515973234723
CA12,-0.5543248297895671
IL33,0.456142198063192
SOS1,-0.7872730416591617
NRP1,0.23205292068309574
NELL2,0.19254983392028666
BNC2,0.17420647243796647
CILP,1.2963592172178882
ANK2,-0.5931409212907591
COL11A1,0.373135475991873
DAB2,0.35607406368614697
FBLN1,0.9272346323817255
FBLN5,1.2670454229024395
EHD2,0.7078667015395522
ADAMTS5,2.4225721912522573
ADAMTS1,2.2287736331827994
GNG11,1.4886923039953548
FOXF1,0.4816417526935731
FOXF2,-0.284831901873452
PLXND1,0.08489446141384478
CDH5,0.5042290032877765
CRISPLD2,1.3757615256970241
SNAI2,0.8548689882046239
FN1,0.0803198315541092
VIM,0.11482043665532118
KCNH8,0.2661994423136803
CAVIN3,-0.3776422914862555
CAVIN1,-0.13359682352010366
LAMB1,0.5568764218404867
ADAMTSL3,2.218448063175794
COPZ2,-0.15239204723972707
LCE1A,-1.0680643898133104
ANXA6,-1.576954682967659
NID1,1.439279313320302
ANGPT2,1.1091295322344863
ITGBL1,3.1635892918686466
TMEM45A,-0.13559973337765505
IGF2,0.8418108116422875
DPYSL3,0.16517858154104037
PRSS23,0.5060023325740729
IGFBP2,0.5962350227606039
IGFBP6,0.8450216378348591
IGFBP7,0.8687777248222304
IGFBP4,2.2160419328740666
IGFBP5,1.5298477331517475
COL16A1,1.1549060980168717
GJA1,1.257041500410512
CD93,0.34195799271099114
PCDH17,0.5089953048729501
GAS1,0.736329839085228
PCDH18,-0.33741926865787053
ANKRD13D,-0.887877478634103
FILIP1L,0.5257667354192559
PDGFRL,-0.332899150461337
SPRY1,-0.6619601794593559
TRPC1,2.640022887684016
NUAK1,0.2879823605056318
HAS2,0.4551346490157696
COL5A2,0.8503641690546689
COL5A3,0.148209021263089
SUSD4,0.6518382188056049
TRAM2,0.6139973842838095
HOXA9,0.2532256686902642
TGFB2,2.372633203826201
PTK7,-0.6577922455934908
JCAD,1.049337416844717
PITX1,-0.027410456870543474
CD248,0.688268133990731
LOXL1,0.6436089934608683
RGL1,-0.2747717771050009
MATN3,0.573288631416263
MATN2,0.25723278758359097
HEG1,1.7310778114846823
SKIL,-1.1073909556350383
THBD,0.4262732104919736
CALD1,0.8301661384504678
DCBLD2,-0.44009537951864164
AKAP12,1.0337764642757352
NOTCH2,2.1238275693248405
ACKR3,1.5549245305110408
COL5A1,0.2366734966508345
TGFBI,-0.1180737288198687
MMP1,-0.3796126449552227
CHN1,1.6206896541949156
CAV2,3.8339164479672414
CAV1,0.42689491752162867
EML1,0.2682594857757663
SRPX2,1.3231122418059686
PLK2,-0.5461767691527082
POSTN,1.5823094946005412
RORA,0.27375072417568297
DZIP1,-0.04043310799697382
RAI14,0.33740783897042753
F2R,1.0010979703810723
GUCY1B1,3.145974264577229
PRRX1,0.795649888307151
HSPG2,2.2377573909605855
FBLN2,1.6297447386163182
CD200,-0.5745493214052284
PDPN,0.8407289094871607
MAP1B,0.08881931256309034
FRZB,2.2158965331353038
TSHZ3,-0.4303846839376251
ZNF581,-1.7722862283401148
KPRP,-1.0417168816492213
LAMC3,-0.2126231283485354
FRMD6,0.3872814287202227
NNMT,0.7740036697475992
TIE1,2.567648044972012
COL12A1,0.9517816292324857
COL4A1,0.18291699021061195
LHFPL6,1.1473083872503413
AMOTL2,-0.3147516583755042
FST,1.0955160614366368
OLFM4,-0.7738549316798207
SNED1,3.0800420744339014
DACT1,0.5675269996836577
A2M,1.2085619582837541
ENPEP,-0.6719733877153165
KDR,0.5834392046548401
P3H2,-0.3808299153716011
LGALS1,0.7709166846055998
GSDME,-0.5158003807672805
SFRP4,1.081832913152953
KCNJ8,0.08989752148556746
PALLD,0.4651848300829939
COL13A1,0.02134123190284918
COL1A2,1.1832419367222895
COL1A1,-0.09093009085700346
PPIC,0.522732216741351
CDH11,0.2601524172457158
AOX1,0.9807053705839209
CEMIP,2.1419502504996526
ANTXR1,-1.366447381729191
PLAUR,-0.6029596083945973
GJA4,0.7935158995924146
ECM2,0.5338380357534714
ECM1,-0.17106512972021434
AEBP1,1.3458858182759394
RBMS3,0.20275793771184578
LOX,1.6547744608675232
FAP,1.3155300659561706
RGS4,1.0339367652656903
RGS5,3.830206814547873
GLT8D2,0.44452289285550983
TPST1,1.4031551275522842
COL18A1,0.11130216967356812
ENPP2,-0.4731324679698608
EPCAM,0.37183522492828075
PLXNA1,0.8258465480195694
OLFML2A,1.517942122181827
COL6A3,0.03997543255956149
COL6A2,0.42688211653388286
TIMP3,13.459656983786306
TIMP2,0.5006712873805728
MSR1,0.15315782385431828
MRC2,-0.35583157688367756
ITSN1,-0.9581891784506301
DSC3,-0.8559223438657855
FSTL1,1.3036967892242568
MICAL2,-0.4381217974206186
ARHGAP29,-0.23007256065116607
E2F1,2.0814798757090855
MSX1,1.3028409098793887
BMP1,0.3722826911479159
KRTAP10-3,-1.35598416909215
TFPI2,0.9725176847921689
SRPX,0.7916520179095168
EGFL6,0.6792018561942764
FAT4,0.7476154249325107
KDELR3,0.2542356979170245
PXDN,14.706712660887142
HOXC8,0.17518077488842662
OLFML1,0.8871904274053377
OLFML3,1.7350287313021806
PTN,1.0796431866460043
LYG2,-0.422064391860131
THBS4,1.1263013708672274
CCN4,0.10856618045478286
THBS2,1.4273645412855456
THBS1,1.410159372698724
PILRA,-0.7333956010554616
GUCY1A1,2.875806491051357
PCOLCE,0.5594266415818561
TGFB1I1,-0.35640215624765553
TLL1,-0.038368332504323366
EFEMP1,10.33712384418001
STC1,-0.25577907959822094
OLFML2B,1.108621045487744
ETV6,0.6856660154246143
SDC2,-0.14133241977671937
TNFAIP6,-0.06169770942748451
RBPMS,0.7094594467583871
ADGRA2,3.4833118925903106
SPOCK1,0.6189895176400217
WNT5A,1.3033349083153558
GPC6,0.5691221711386892
EPHA7,-0.736728971317031
GPNMB,0.18482107302104583
STOM,0.518247036274423
FZD1,0.8591895621141371
SGCD,-0.7339834527218849
SGCB,0.6895728603896629
SERPINF1,2.7280213866525354
VCAM1,-0.816135765613434
ABI3BP,1.1862811753336329
TCEAL9,0.6166905395453813
EMILIN1,-0.4419977302624899
CCN2,1.3381321320085073
VCAN,10.82792734613275
ADAM12,0.026962461195434564
NOTCH3,1.9236793344985588
LAMA5,1.4850399366927591
RAB31,1.1497193703466349
PLOD2,0.17627221017150396
GLI3,0.1648099628356295
OSMR,-0.47516341405869783
COL8A2,0.17067169768677873
COL8A1,-0.22979009509901469
ADGRF5,2.1162776617950634
PLAU,-0.683570421110486
PLAT,1.4611822113053838
GPC3,-0.3246999580699328
TNC,0.8218021014893749
SERPINH1,-0.06546239498898812
TMEM25,1.3452333780111523
PCDH7,-0.4708329740823641
PTPRM,0.5982372385870179
PTPRK,-0.12532062670166835
ESM1,2.017999666973045
CYP11B2,2.2235519714747767
STK11,-1.5802488060718332
STK16,-0.18113161347284576
DLGAP5,-0.9213667695980173
ZNF701,-0.5369271179463674
PIK3CG,0.3575449540431678
ZNF585B,-1.0523309620077899
IRAK2,0.9542508290030898
IRAK3,-1.3308756392710637
IRAK4,-0.24745377213632214
ZNF43,-0.8358195275661972
ZNF41,-1.4186852680513087
CSF1R,-0.4543223931897746
ZNF682,-0.7102498439463588
CAMK2G,2.148608477695741
CAMK2A,1.2032928912929561
CAMK2B,0.6433536806829162
STK4,-1.543510973030849
LMNTD1,-0.566019603192994
ZNF676,-0.5796254909202735
ZNF672,-1.2505103884532787
ZNF671,-0.8131094216228182
CCND1,-0.4094564763069712
ZNF678,-0.5487190861166439
ZNF774,-0.8622666145528315
STK38L,0.6315946181949409
ZNF771,1.5859172633734968
ZNF197,0.05863047253641427
CALHM2,-0.5174664188204452
CYP11A1,2.510444937544145
ZNF519,-0.2206430716697641
ZNF224,-1.4664586058964448
BLK,-1.6406808074869452
ZNF491,0.6093599486170728
KCNH2,1.5752679815586306
CACNA1D,2.345717017151554
CDC123,-1.3330948865798145
ZFP69B,-0.6899013828443298
CDC7,-2.1785527126600113
ZNF573,0.39108858311766537
PLAAT3,0.004640237349717011
ZNF85,-0.7010280460984919
ZNF84,2.211076492902704
ACTBL2,-0.49797622283554926
ZNF688,-1.0842406728598752
ZNF497,0.8046194160891756
ZNF19,-0.8900526070876662
MLKL,-1.381733506599487
ZNF16,0.43487084228872036
ZNF10,0.19041696866774746
CDK18,-0.9087903044755017
CDK10,-0.002890761902184491
CDK17,-1.3747635363911759
CDK14,-0.4393635105232007
CDK15,-0.4550160556099922
ZNF304,1.0194707559055796
ZNF302,1.8278744806794793
E4F1,-0.6807685690120043
TTBK1,-0.716190677167295
ST6GALNAC3,-0.8690016759951271
CYB5A,-1.4638959300273777
CYB5B,-1.79378509691542
ZNF544,-1.078786496472124
ZNF547,-0.6511639544469496
ZNF546,-0.6018947784602355
ZNF540,-0.45714245364010603
PPP3CA,1.0461037332346417
PPP3CC,-0.49875457904778575
PSKH1,-1.3361215074537032
CDO1,-0.3040987171112716
GCM1,1.1611408936387275
SLC25A11,-1.4419100584172804
ZNF333,-0.3722624475637746
SRF,-0.328058216527617
FGR,-1.9261469317006759
ZNF266,-1.2965334125111583
PIP4K2A,-0.4654426931316027
NMT2,0.6762245260461238
RSKR,0.6650559655723244
ZFP82,-1.0688878200167038
ZNF670,1.4993600203338882
HSD3B7,1.5080954522294785
PAK4,-0.26203071076340795
PKN1,-0.9554904273462884
PAK2,-0.06742243035092313
IL10RA,-1.762962273137027
ZNF696,-0.07285543423989539
ZNF596,-0.6882907317740988
TRIB1,-0.8394949183339272
TRIB2,-0.3041180029598655
TRIB3,0.060198857283640994
NEK6,-1.7963789154787795
ZNF600,-1.4282770662957935
AC006486.1,-1.0111510128933583
STK26,-1.6562012186858301
ITPKB,-1.0421470928811838
PRKG1,2.827864091811638
ZNF768,-1.2512753469009086
PPP1R9B,-0.6928451161735123
ZNF180,-0.9340366087408299
ENG,0.8375202313097193
NAXD,-1.3867819991022725
ZNF189,0.8578255878654659
PDIK1L,-0.9660391801581572
ZNF26,-1.053097982949248
TK2,-1.057586937104312
ZNF121,-1.1644364159479028
STK32C,0.59293323610279
STK32B,0.5636955341296606
STK32A,1.1024027835262349
CALML3,0.9016761062677892
PPP5C,-0.40610013054648464
CALML5,0.026867206536014307
CALML4,0.9234769029101941
ZNF501,1.7257027976146593
ZNF117,-1.4077467901992333
ZNF502,-0.624013662116498
ZNF112,-0.5106932806940769
ZNF239,1.405602761898839
HDAC9,3.863035141146962
PRKAR2A,2.9677455236373835
PGAM2,-0.5157904121153198
OXSR1,-1.5078226836368362
FLT3,1.2628822674943334
MYH1,-1.0534276837704017
CYP1B1,11.280329225497441
CDKL4,-0.8099617061152352
RPS6KB2,-0.1178493916525511
ZNF343,-0.3839088894299063
ZNF430,-0.9091043379059016
ZNF345,0.5770412324351517
ACOX2,-0.730435046598036
CDK5,-1.3214405919303467
RAD51,-1.1149874616099982
GDPD5,-0.7115508476046696
CDK9,-0.5070968887447449
ZNF441,-0.2060289705550122
PTK6,-1.2086233413891372
PRKX,-0.4669181978282608
ZNF721,-0.8057675720438411
CEBPA,-1.6315153732711205
ZNF3,1.8356116621586622
MZF1,-0.31800440523264467
ADCK1,-0.12191504696773542
AURKA,-0.31911912249236113
AURKB,-2.3999793752600334
PRKCA,1.7281474052744885
NINJ1,-1.512861167979303
PRKCB,0.1503603736729166
ABHD14A,1.4617390387403748
AP2A2,-0.35361027663950617
NIM1K,-0.15902609011086877
CTNS,-0.7569761393082814
BCL6,-1.3574721355573967
CYP11B1,2.643372533072342
MYL6,-0.5323793319820551
PKDCC,0.7396137243746361
MYL3,0.22990249264862497
MYL9,0.38480433592940755
MAP3K8,-0.032210433367595784
FAM153B,-0.6854263337312495
DEAF1,0.8052613376488073
ZNF773,-0.961765707085471
ZNF570,-0.29178536078186945
ZNF572,0.2218211993171218
ZNF577,-0.7469463117461875
VRK1,-1.9880668758141053
VRK3,0.03227536300717617
CREB5,-0.6299095169556759
CREB1,-0.7952595344762391
PNKD,1.878665963011424
ZNF334,1.7571631390589917
PIP5K1C,0.5994536510967391
ZNF79,-0.7615102185958779
MYO5C,0.9252154095347995
MYO5B,1.8524642407520524
MYO5A,1.1714592516182158
DDI2,1.177810049757258
RRAS2,-0.021964148003578068
ZSCAN2,2.1432365383325553
SMARCD3,-0.9399101004997464
PPM1F,0.6186521049570103
PPM1E,1.875449075373734
PPM1K,0.008377656677853243
EGR4,1.7184770784914911
CHEK1,-1.705176118255285
STK40,0.5882103164009536
ZNF582,-0.4765968133246812
PTPN7,-0.3758942938317556
PTPN6,-1.0683352453119825
ZNF615,-0.48564726647594336
MOCOS,0.22664404325527943
CAMKK2,0.3870982417525982
CAMKK1,-0.061608076388186536
STK33,-0.8013832684959201
STK38,-1.2732207687052486
CDK4,-1.6646422821659232
LCK,-1.2067519557160997
SYN1,-0.5405953972673471
RPS6,-1.2142863865602271
ZNF35,-0.7813650405973314
PTAFR,-1.1905182255781288
HCK,-1.726825045008709
ZFP3,-0.8051944462644389
BMP2K,-0.8462747254040949
CD86,-0.20590410970863537
CDK6,0.7274775309000268
MARK2,-1.5652681633680972
ZNF107,-1.3210988850112322
ZNF100,-0.44122565294185384
ZNF248,-0.8125575677099461
TSSK3,-0.3552600035352318
ACSS2,4.0619931858888485
ACSS1,1.0353476894363076
ZNF329,2.6528533582187683
ZNF660,-0.40363544683028263
SGK1,0.19050349282239856
IL16,-1.243267674148674
FIS1,-0.2922970473477005
PLN,-0.33574102236373315
PEG3,-0.965871296462357
CAMK1D,-1.0401283351773256
SPATA20,0.44514919856802493
MAP2K7,1.5297629884407313
MAP2K6,-1.2769889824298961
HPCAL4,-0.5741944200970434
MELK,-1.4395089264195802
GAK,-1.5863403123905724
NRGN,-0.7307596270796307
PPP2R5D,0.48968267843959273
STK39,0.06921015702795125
SAMHD1,0.8856373912973271
ATF6B,0.7155695769257039
EFCAB2,-0.315478737828348
ART4,-0.7752925645295009
AKT2,-0.29038067697583214
AKT3,-1.0040628578162591
ZNF70,-0.42840575606454917
ZNF71,-0.86630895352521
ZNF141,-0.7852528385673408
GRK3,-0.3535841833152718
ZFP2,-0.590751466949113
EDN1,1.4186225622673276
ZNF664,-0.8104990745067191
ZSCAN22,-0.6286379044559117
RNASE2,-0.2241128615763044
TAFA3,-0.3666226993141202
KCNN2,0.16769306952077578
BRSK2,-0.22248100898288872
ZNF443,-0.22442767448168785
GSK3B,-1.470177561720673
ZKSCAN7,0.4157010388121573
ZKSCAN8,1.140160008105634
ZNF211,-1.40002477903647
ZNF219,-1.0965698024005992
DCLK2,-0.3611228547993281
CHD3,-0.9913248484873307
PPME1,-0.9712547729595243
PIK3R4,-1.2826654660327943
PIK3R3,-1.1537682395460125
ZNF287,0.4050046628070829
ZNF285,-1.3965877161496223
PRKCE,1.2480448375172026
ZNF566,-1.1089982914027872
CDKL1,-0.8864984342296184
SIK1,1.5989816701246207
SBK1,-0.8482394768798331
PBK,-2.4026795335553053
EPHA4,-0.9140365279588571
EPHA1,-1.298015106753652
TMCC1,-1.2212947981624729
MAPK10,1.168289223173363
MAPK11,1.0235654990525618
MAPK12,-0.32274947264686293
MAPK13,-0.9097906109794842
ABL1,1.0180813242337827
CCDC106,-0.7029764733836215
ZNF625,-1.1632398129816441
MAPK7,-1.6267820521748622
PHF19,-0.8111629297371878
CGB2,-0.2820549729158253
VAMP2,0.276461867518907
FADS2,2.180431245354138
CSNK1A1L,0.11025158301319558
ZNF485,-0.7424003538894044
ZNF134,-0.9135975925749503
ZNF135,-0.19815172926620353
ZNF136,0.06547430116069958
MKI67,-1.7031362768346907
RPS19,-1.4541365809461304
ARL2,1.481718017324445
RIPK4,-0.004814981799368441
TSSK2,0.7105557903689441
TXK,-2.025250378531696
AKAP5,-0.25490005733942184
KRBOX4,0.8810427691344895
ZNF419,-1.128913880963651
ZNF551,-0.8693805130028055
ZNF417,2.360081115245454
ZNF415,0.9460432005627802
ZNF558,-0.7080598954293733
ULK3,-0.9757219975395088
PIM2,-1.2466834607570565
LONP1,-0.6918450841356676
AAK1,-0.5478600502874141
PDPK1,-0.4551537688295086
CREB3L2,1.6267827556898196
CREB3L3,0.6706703875593703
ZNF286A,-0.858036837594737
RPL37,-1.6213561500509237
NCBP1,-2.1432169371192886
MFAP1,-0.28128873405907406
PDCD11,-0.9883912288843651
SMG5,-0.32462748984466466
SMG7,-1.5729247016415473
SMG6,-1.3147001056305125
SMG1,-2.4675924822306925
RPF2,-0.3539570702422671
SMG9,-0.7549159437074207
SMG8,-1.3717077934468769
NOB1,-1.1058873189221194
PPP2R2A,0.9232269784846001
IFRD2,-1.659422539340877
EIF5A2,0.5175198849983971
YBX3,-0.2951194647033335
RPS27L,-0.9355983212142397
POLR1B,-1.2291213335268807
POLR1C,-1.4630844444332303
RNPS1,-1.8967440982670825
RPL7A,0.16216181942124772
GMDS,0.6221561025741024
PPARD,0.5572698562589092
PYM1,-1.4463966631360654
SERBP1,-1.2318714761388443
EIF4A3,-1.938082387736781
RAI1,-1.7086277751390992
MUS81,-1.4328887547995408
NEDD8,-2.5256438537533277
RPS4Y1,-1.1437226644479515
SPCS2,-1.547481130751436
TIMM9,-0.38450855012200236
SRPK1,-0.8976907424795981
TAF1D,-1.8975605410690464
SPCS3,-1.741246487217425
EIF2S2,-1.5966578652448198
MCTS1,-0.7774509277281559
SEC61G,-1.4467675119070837
SEC61B,-2.3697029575764406
EXOC2,0.836891147251015
TRMT112,-2.274289486281701
EIF3J,-0.9471466312324568
EIF3K,-1.8958862847465598
EIF3M,-1.8884631376707748
EIF3A,-0.23735237547025784
EIF3C,-0.9356764389880795
EEFSEC,-1.5186468315128232
EFL1,-0.3009659777512955
RPL37A,-0.016833768481847016
RPL27A,-0.5073413781469106
EXOSC8,-1.272508941145148
WIF1,2.45501237835874
ARFGAP2,0.1883800918470389
EXOSC2,-0.8442103385684225
EXOSC4,-1.2161665550115928
EXOSC5,-1.4968553627418946
GTF2E1,-0.6055216774930248
DDX56,-0.9223913780577871
PLCH1,-0.3384881216916627
DHPS,-0.533260105650979
CNOT11,-0.6036969183912494
ZNF24,-0.7751099074251439
EIF4H,-1.417079359538133
COX7A2,-0.5167210468738758
RPL7L1,-0.22738588705787857
RPLP2,-0.9511337772930518
TEX10,-1.1972803415065008
RPL41,-1.952039202452383
UPF2,-1.8952142448369578
C1QBP,1.695540422349938
SRP72,-1.644302652841604
RANBP1,-1.4271716287877747
LETMD1,-1.2312073579283869
RPS4X,-1.4394372859603624
RTCB,-0.16923632659390248
COASY,-0.17137705004837603
RPS3A,0.774110647870701
RPL10L,-0.7753541629668083
ERCC4,-1.3739558280915183
ERCC5,3.2043343478793167
RPS4Y2,-1.359215536291622
MRPS11,-0.549541060398602
NOP56,-0.9471496152848233
MDM4,-1.803134284275434
NDUFS5,-0.7998036018857867
LSM8,0.30495927366690273
LSM5,0.012791495602914356
LSM6,0.6058087703842391
LSM1,-0.5956184648251345
CASC3,-2.0387619049413876
HIST1H3D,0.21513803068191792
DPH1,0.588428636933992
DPH5,-0.11211057944620424
SSR3,-0.47692405460448
SSR4,-1.9866229964111979
SEC61A2,-0.46759736419489567
NACA2,-1.885272844683297
LAS1L,0.6273737408548794
RPL14,-1.1543119126344188
RPL15,-1.1190798760860619
RPL23,-0.4087239627167304
RPL39L,-2.5286382922752972
HIST3H3,-1.3566503399842178
NOP10,-2.220232582813958
ROMO1,-1.1545956507106707
HSPA4L,-0.7354583401981478
BCCIP,-0.948300879611052
RSL1D1,-0.7567081198162121
RPL18A,-2.5370520866641533
ARRB1,-0.3818556276386269
RPS9,-0.8886989212073024
RBM8A,-0.3295317959868329
PNO1,-1.0056979883224197
RPS26,-1.3559272459631737
RPS24,-0.5848948853301528
RPS25,-1.332662726637193
RPS21,-1.4271861176156528
MAST3,0.2976768048524939
SRP68,0.45813726709393965
MAGOHB,-1.7032479134250467
DNAJC3,2.3275416877532407
RDH14,0.9513520000724136
RPL28,-1.3333951705037772
RPL26,-1.3514274317705404
RPL21,-1.88683049255616
SECISBP2,-0.9155752868457819
TRMT61B,0.08554152382364136
RPL22L1,-1.472014841890102
HIF1AN,-1.0236282978391382
EIF1AY,0.8942684894704729
OAS2,-1.9642539992427042
MAGOH,-1.3412360789277769
MRPS9,-0.6726606543842277
NKRF,-0.7500317564725857
UPF1,-1.0251641969580918
RPL6,-1.1759722742915357
RPL7,-0.05661003284432713
RPL5,-0.9884472760848482
PABPC4,-1.2090018448881092
EXOSC10,-0.1940777063701302
NACA,-0.9230499059939334
ISCA2,-1.465034057853674
POLR2G,-0.12751387653360682
POLR2L,-2.0504992255269037
RPL35A,-1.9953036667087318
NPM1,1.1165670183582912
PABPC1,-0.5423289579270322
PABPC3,0.41934327239731695
NSA2,-1.4719088152106163
HIST1H1E,1.1541284410817432
EXOSC9,-2.014720637300098
PSMB1,-0.30245561294430684
RPS13,-1.0019880214881873
MRPS12,-1.5045118479546014
RPS11,-0.6682524357528858
RPS10,-1.4255096925083246
RPS17,-0.2536740953677756
RPS14,-1.2185186091335096
RPS18,-1.28548286167023
IGBP1,-1.5466738734580388
RPL3L,-0.054850363060573455
SRP54,0.8610775731834853
SNRPN,-0.012095432219700655
RTF1,0.48928219150980945
SNRPE,-0.9737831388226271
RPL26L1,2.1506087888628893
RPL39,-1.9532517937039044
RPL34,-1.3279059397651423
RPL30,-0.0870677291877127
RPL31,-1.49333735606525
UPF3B,-1.5642357557001
UPF3A,0.1660154157165831
DKC1,0.6513701625908516
COPRS,0.8273262831737185
SMARCC2,-0.5637755395025796
HIST1H4B,-0.09789721718935336
SMARCC1,-1.9658221733485763
HIST1H4E,-0.6461689219845892
HIST1H4J,-0.38734648496219376
GLRX2,-1.2552850456741578
DCTPP1,-1.4344542330556007
SCO1,2.807041133206622
LYRM4,0.12808716080462496
PRPF4,17.15690114251016
EARS2,-0.8613535503172558
PRPF31,17.096036918906915
CBFB,0.20117766959163522
MRPL51,-0.30992450865594373
NDUFA12,-0.1691117326658412
DPY30,-0.6707570101087352
SCCPDH,-0.864939095435424
USP39,-1.0439601066734787
HYLS1,1.7025836016480853
SNAPC5,-0.3802660117257004
PTRH2,-0.9483341161765559
MTCH2,3.1232868655589323
H2AFX,-1.3562410365508404
H2AFZ,-2.1941792156996986
POP5,0.4458953456960192
MRPL24,-0.8655388228274312
ADCYAP1,0.2699088302084022
PTPMT1,0.006533768625921304
GTF3C6,0.9635102924259986
SLC25A33,-0.994548630354908
EFTUD2,-1.028537273040943
PSMG1,-1.1620903204743027
HIST4H4,-0.20835756592572885
NAXE,-1.796912124222591
HIST2H3A,-0.5416508351740684
HIST1H2BC,-1.3256049769131952
CMSS1,-0.9498843982006537
RBFOX2,-1.1798684786320643
VBP1,0.7424383004794836
ARRB2,-0.7773780066332002
NDUFAF3,-2.244664230489698
NDUFAF2,0.4420820522996787
ADSL,-1.4766145373162318
HYPK,-1.0134362917428519
MICOS10,-0.9114055567591054
CFAP36,2.537481192040248
GEMIN5,0.2241651274864331
PSMB6,-1.0429907131379998
WIZ,-1.0181957505692114
CRTAP,-0.09419525916204487
ARL3,2.114640184433612
HIST1H2AJ,-1.0622766679849376
HIST1H2AD,-1.040731277084242
TXNL4A,-0.4976150793662089
HIST2H4A,-1.2704413610011542
TRMT10C,-0.6585962506929629
TIMM50,-1.3207287413991913
COA6,0.2846934920196661
HIST1H3C,-0.09818357401300266
FAM216A,0.6392009065067996
HIST1H3E,1.0994021065685142
HIST1H3J,-0.14173991848149808
HIST2H2AC,-1.3388519084444719
KTI12,2.5455187224072473
EWSR1,-1.0474954685584248
EPG5,-0.6885114674570804
LINS1,1.5163135718289702
KDM2A,-1.244783572053657
CEP295,1.123624643510577
AKAP9,2.087907598133444
ZSCAN16,-0.8794683307891795
DSTYK,-1.3934601634903587
RC3H1,-0.40279891001072154
ZNF451,0.007702911431739308
AHSA2P,-0.7266446660544933
RSBN1L,-1.2270426533990635
TTC39B,-0.2265767371188359
CEP85L,-0.37593068719892214
NPHP3,1.6518244443429662
SLC4A7,0.9809569426510457
ZNF816-ZNF321P,-1.1036882171352842
AKAP10,-1.3505927864286371
NCOA2,-0.9265058550156373
SMC6,0.7784250079825167
ERICH1,2.4956331804616267
ALG13,-0.27641618524764505
SREK1,0.5893409041425118
ABCA5,0.6562451436992589
PBRM1,-0.8112616981976107
RBM6,-1.5452464283508742
RBM5,-1.2676312461103574
RAB2B,1.0107459857485053
ARL16,1.245992723185797
DDX17,-1.3150313839939123
CDK13,1.8966641181394366
CNOT2,-1.681595337171357
N4BP2,-0.3836784316402404
MIS18BP1,-0.9177227458406915
SEPSECS,-0.870457003691978
HMBOX1,1.0391523200762798
PNN,-1.2948336034228463
FAM126B,0.1450517111586752
IKBKB,-1.661905424247363
TNRC6B,0.43414794084942815
PCF11,0.2213694352477729
SMIM29,0.9724816359945061
NPIPB4,-0.2519488708135723
CEP192,3.9334584804317694
BAZ1A,-2.70880460843214
SSH2,0.2136036872734273
MANBA,-0.07966500084545997
SLTM,-1.0380042143823387
NFATC3,1.8985326055114675
CCAR1,-0.652379775965679
SHPRH,0.10232086672630313
CEP97,2.4191063713882657
MPHOSPH8,-2.000697848349527
ARID2,-1.4815306477269705
HSPBAP1,0.5310901916132077
LCORL,1.8180447393306542
RCOR3,0.13089367965327717
RASGRP1,1.1269014178211416
ATXN7L1,1.4322627748109358
SNRPA1,-1.055498631410735
USF3,-1.013820160525878
TRAPPC10,-0.8501683588380518
U2SURP,0.0555239698924016
ZNF808,-0.9874584806239771
ZNF805,-0.7343804695101137
UHRF2,-1.4361135936251026
TAOK3,-1.582466793676051
MYO9A,0.9345289549859447
USP3,-1.4405163421687892
FAM13B,0.8211936087907626
FAM192A,1.9572572151241427
ARAP2,-1.696277453206442
RALGAPB,0.29531762669551326
ATG16L1,0.18929777261480948
MFSD8,-0.5803910294107862
RUFY2,-0.938087729545097
KRIT1,-0.3166665510041106
FBXO11,-1.7118739129316882
PRPF4B,0.06500433119543146
ATF7IP,-1.3329762748889942
RAPGEF6,-0.8955476040333099
S100PBP,-0.8971499822437763
SLC30A7,-1.087503988847043
EML4,-0.009639621766748369
DMTF1,0.7666196754006857
ANKRD49,-1.596289388215087
SETD2,-0.7790152802282719
USP37,-1.1602666228283451
SYK,-2.2217193008157676
TTC17,1.251011445856186
ZBTB20,-1.196308606143303
TASOR2,0.0025124713163432967
MED23,-1.0086633677750814
RICTOR,-1.8265948750081127
USP48,-1.1160616793079434
JMJD1C,-1.7093427802522152
RBM39,-1.69828129418845
CDK11A,0.5881457983538263
TENT2,0.18986606057165398
ZNF586,-1.1486589360452872
REV1,0.058114156459801766
EHMT1,-1.8857032957185527
PHTF2,-1.1646766598528508
MARK3,0.806353588867901
ZNF101,-1.2948697968478176
NAA16,-0.023534192403478885
NEMF,0.9056403666076502
FAM214A,-1.0458398534726725
CFAP44,-0.6765259390565418
SON,-0.9777689172281161
NIPBL,-0.49903552350809255
HNRNPA2B1,-1.8634490181321015
RSRP1,-1.2543435552443505
PIGB,1.9856278026755454
WDR33,-0.8282018057385753
KMT2D,-0.9301829218695096
PKN2,-1.4365324447621308
TIA1,-0.5016683069051597
ZNF292,-1.6653343901578805
SP100,-1.7085058959939163
PI4K2B,-0.9702811816779388
TRMT13,0.5112963129147082
ITSN2,1.4290141028362722
CAPN3,-1.2664399833167581
PHC3,-1.4129894773466374
CREBRF,-0.8142650084583524
ATG2B,-0.9438793616598891
FAM76B,-1.2422631261367365
L3MBTL3,-0.4793745941699226
XRN1,-1.3394266542085385
NRDC,1.9321388796408347
TRIM33,-1.3176423872928884
LUC7L,-0.7145533464970072
ABHD18,-0.3293629338970441
LRRK1,-0.6910209890533344
CHD9,-0.6711256875122135
ZFC3H1,-1.8579030857017333
ANKRD27,-0.9919015469826798
KIAA1109,0.44244976677357284
KDM5A,-2.162018874816207
AGO4,0.23309665589719725
AGO2,-0.7816390493942866
FNBP4,-1.8928247840898236
BCOR,0.4507844936811112
GPBP1L1,-1.013732734683475
ZNF138,-0.9665457351822019
LPXN,-1.685767713510029
MPPE1,-0.26786156658959076
VPS13C,1.11709167725653
VCPKMT,-0.6954124789516627
DENND1B,1.2333779784394447
RASA2,-1.61538025040966
ZNF707,-0.8269359340649124
BPTF,3.316534814313465
STX1A,0.08654863992431937
MRPS10,-0.0565390669542789
CENPB,-0.7988377199513296
ZNF747,1.272412200849601
MRPS24,-0.5596818046361428
MDFI,-0.4107685923750129
MRPS33,-1.168158111497347
MRPS31,-0.5216313730664941
DCAF1,-0.8878727232000012
ZNF783,-1.003231122655929
PTCD3,0.24126502027202193
ZNF579,0.05754731694041964
DAPK2,-0.5331295554992909
ZNF316,3.215511826864891
SIRT1,2.970070046982419
ZMYM6,1.0529427442996828
ZNF445,-0.5491581772621974
MRPS5,-0.9939881567093751
MRPS18C,-0.3380069890483949
HIST2H2AB,-1.020641212811338
MRPS26,-0.6987084062649019
LLGL2,0.1510570730329481
KRTAP10-7,-1.6343520561207494
KRTAP10-5,-1.0959046868457016
MRPS25,-1.148195093983475
MRPS22,-0.6817011672967559
MRPS23,-0.9511643679088719
MRPS28,-1.144354174518592
HOXA5,-0.3698840358228464
NKTR,-0.9192775868021084
DHX57,-1.039278496763302
TOR2A,-0.2034572680164571
NIPA2,2.3298393993957847
S100A10,-0.4411430796555462
SMAP1,-0.8062919343992737
TPD52,-1.4161895210070723
COMMD3,3.156779556731936
DRAP1,-0.5923987758808565
VDAC1,-1.0768201870707554
PARL,-0.7295614151379318
GNG5,0.8428500494755049
PTGES3,-0.8569547736044595
NUP54,-1.5564858096019099
ARPC1A,-1.5490783016442267
POLB,-1.5431677016485916
FAM49B,-1.0208761546733713
CLTA,-1.2874096603431626
SUMF1,3.997613153399913
PSMG2,-0.7338598439501025
TMEM70,0.32519797094986763
FDFT1,1.2941472348240108
NUDT9,0.5176601389983693
CLNS1A,-1.6040496343371484
MRPL15,-1.4264330974289703
MRPL18,-0.08956372120612269
TPRKB,-0.43968955876617
ITGAE,-1.404758912802856
PTDSS1,-0.9203456483837809
ZNF207,-0.8025467141345174
NDUFAF4,-1.2292778663099941
NDUFV2,-1.120507492044763
PSMA3,-0.5847994319831392
LAPTM4B,-1.3132430339465548
EMC6,-0.7343345040568778
ENY2,-0.6518587363214349
RAB10,1.086904160299738
NDUFA7,-1.2936975107923205
NT5C3A,2.214887733489067
CKS2,-2.2608886784092057
JPT1,-1.8274519341874547
MAIP1,-1.0350007170786981
CMC2,-0.14742122264238533
NT5DC3,1.6733702981711491
MRPS16,-0.8174051287992031
UTP3,-1.3073695296460557
GTF2A2,-0.2500789487085681
TMEM258,-2.1501118393073524
WDR82P1,0.1523010978342994
CIT,0.3262228646411543
CACYBP,-1.4955812589836242
CNIH4,0.030127676520098286
TRMT5,0.08976225623386318
DYNLRB1,1.233045328960681
CNOT7,-1.1641328540905382
RMDN1,-1.3721933139020135
LSM4,-1.6227589866461065
COA4,-0.37622042057657185
INTS8,-1.7877690493480436
ORC5,-0.26674033286287485
LSM3,-0.048104398629881515
UQCR10,-0.3999227871036706
LAMTOR5,-1.2674641543936889
EEF1E1,-1.5502241818952345
ZNF704,1.4981587305255235
IMPDH1,12.45680392481234
DCP1B,-0.815932448925109
SF3B3,-0.32007888332009876
SAP30,-0.791644327524607
ZNF260,0.43583411517079823
ZNF414,-0.2326393062564743
SIN3A,-0.031335268455240955
SUDS3,0.5384462842313966
INGX,-1.3372706051140804
TRIM67,-0.3392946162407454
ZNRF3,0.9316575722294228
SAP30L,-1.0730094844418385
HIVEP1,-1.2004552556556434
ZC3H10,0.21738529689390687
FAM168B,-0.5659623148897079
PRR20D,-0.6215807407066054
TEX37,-0.7121306207955059
JUND,-1.2249293690457501
ZC3H4,-1.0091948416453889
HELZ,0.004217006762827574
MKRN3,-0.23180635016489232
MKRN2,-1.02674469691852
ZMAT5,-0.30132619309676273
LOC105370298,-0.6543436245806328
ZRSR2P1,-0.9238145136521136
DAB1,-0.38990807340969225
MLLT6,0.6410129169187022
OXER1,-0.28253784683461225
RBPMS2,-0.679443333203888
DDX39B,-0.7373247164907055
RBM27,0.00442430628670414
U2AF1,-0.5790708434653727
PRR3,0.07830698646032486
KRTAP6-2,-1.1152682176113864
TENT5B,-0.5847562437341912
OTX2,2.606950986921324
ZC3H15,-0.8447261579816722
TRMT1,-0.39395883748696536
ZC3H18,-0.2220477890677927
MSX2,0.5977219498641148
RBM4B,0.7998600696583612
ZC3H7A,-1.5183982167811712
TOE1,-0.2598953910325454
NCS1,-0.46111103418448807
PPP1R10,-1.2701183035298844
NUP42,-0.6923916524963396
C10orf55,-0.7670018855167493
FOXH1,0.8602483319765313
ZRSR2,-0.7969205311181188
CPSF4L,-0.6686391360626623
PRR20E,-0.8320737546168308
PLA2G10,-1.0584481546268814
ARID5A,-1.6735707917563292
C19orf54,-0.9941274314421191
ZC3H3,0.711085763416518
PRR20C,-0.5629719547719344
NFYA,-0.4550079567945174
PIAS2,-1.578982124931735
ZC3H6,-0.8082194850281332
RBM26,1.8569729555730443
ZGPAT,-0.7563755714765572
PRR20A,-0.6596107947020401
FOSB,0.30591676649009114
POU2F1,1.1620896919943569
IDI2,-0.27606477419595954
TRIM14,-0.9958880263715258
UBE2DNL,-0.7368570924766986
PRPF6,-1.2545990774268012
SUZ12,-0.8459345730146897
TSPAN15,3.9667765295189517
OSBPL2,0.08773883860611392
SYNCRIP,-2.2243517043265544
XAF1,-1.492044131939931
DNAJA1,0.4079358142908792
PARP11,-0.5685681436504206
RNF2,-1.3829645392413579
FBXW10,-1.4270111039829314
YTHDF1,0.30118083752668673
KANSL2,-1.7794437300904444
NFIL3,-0.5461749726879271
TMEM123,-0.25330397887701306
GID8,-0.6672460393297539
CDKN1A,-0.3053853509380738
SART3,-1.3087240134349294
CLP1,-0.10354262702831218
POLE3,-1.544283345869408
RTF2,-0.5737529517521545
FBXL21P,-1.3431710807349715
FBXL22,-1.208310562461511
NUDCD2,2.1129216465736813
GRPEL1,-0.7149764748475006
TRIM55,-0.49385763737340277
PLP1,0.6349097768137729
TRIM52,-1.1095943308922305
FBXW2,-0.9874258768277457
HNRNPC,-1.783570996010317
ADRM1,-1.5102547494541778
WBP11,-1.1171622659978928
AIMP1,-0.27517514541526844
WAPL,-2.123648470748616
COMMD3-BMI1,-1.761752714728177
TLK2,-1.0887164568703156
TBCC,-1.0819818476739544
HNRNPF,0.1225564915681085
FAM32A,-0.9295059836660108
TOMM20,-1.6413603730674928
LAGE3,-0.35219410460226963
DTX3,-1.0728194543732155
LACRT,0.615221341541868
MOB1A,0.5137700784576684
CPLX1,-0.6472555878300688
RNF166,-1.050828747774608
TM9SF4,-0.9180872460046497
CSTF1,-0.004987216605958707
USO1,0.17701776152772628
HIPK1,0.47851145482407936
SSH1,0.4474978581112211
REXO2,-1.916254484714354
KPNA3,0.9987099937259172
KDELR1,-0.2203629116628583
VPS72,-1.1507605552196318
UGCG,-0.2997869153125432
TIPRL,-0.5631923832849289
RAB7B,3.5261581512207214
NUP153,-1.163035199482735
GABRD,0.38102353049007615
AGO3,-1.4105036825478487
DYNC1LI2,-0.7633636134401361
TNPO1,-1.394659168257856
PRPF40A,-0.8014102822772056
PDCD6,0.22027222056748
IGHA1,-0.27445748870511866
MTF2,-1.2829704187742534
ZNRD2,-1.354005582854296
USP13,0.28782001199337925
ATN1,0.4947903100025542
FOLR3,0.4213670587644676
ZCCHC10,-0.13509330289708052
AGK,-0.46421867588415683
UCHL5,-0.8288533723859683
ANP32E,-1.6891393120466045
SRSF10,-0.7123576225988845
ANP32A,-0.763445962781374
VDAC2,-0.7159790406642369
C8orf33,-1.4722476504283784
RBM15,-0.534665323468552
KHDC4,-1.452237484980704
TAF1B,-0.861651179135022
MRPL50,-0.4681674555814469
ZC3H14,1.0298724856763197
DHX9,-2.507606514984602
DIMT1,-1.1958098303758253
OSGEP,-0.18029950211900986
NUP98,-1.2256462182218648
NDUFB3,0.6744245082784613
NUP93,-0.384216118042492
TAF1A,-1.0946313787032853
HSF2,-1.7421120901327716
IFRD1,-1.2521094280335714
MED12,-1.8447790870276368
CEP83,4.086489311285859
HNRNPDL,0.14764737012606952
DDX46,-1.0783669103509497
DBF4,-2.2275016504012473
PYDC1,-0.6237022341195575
SNRNP27,-0.5479680758083454
TSN,-1.8937202055826499
HMGN5,-0.4715450121970065
PDS5A,-1.1587029870821839
GTF3C3,0.7997994775631386
KRR1,0.32642262631562824
TNNT1,0.4137745945520701
CHCHD3,-0.9021775076635853
CCT8,5.845533631526474
BMS1,-0.6146322752468995
FARSB,-0.09832131814078245
IPO8,0.4043389373719562
CETN2,2.2310380363434947
TTK,-0.3161617190772649
HMMR,0.6353231212496249
CCDC59,-0.6630141814129267
PAXIP1,-1.6034610395986797
FAM136A,0.12199780010175339
FAM120A,-0.7275364130041464
RPAP3,2.6741635316954233
GART,0.6207210677025135
ARL5A,1.0522920335311703
MCCC2,-0.1987781860308589
NUFIP1,-0.8077683143111887
ZC3H8,-1.245800342606566
SNRPB2,-1.7869700666588657
DNAJC9,-0.8104097218674701
TOP1,-1.3573476567688925
RRP15,-0.3881278154912261
NUP133,-1.1545103021964076
KIF23,-1.8187900676506081
PRKDC,-2.468992264556837
UNG,-1.1242214262218049
PRKCSH,-2.1528591810063498
MTIF2,-1.0270911196554933
AKAP11,-1.4519728364535045
DCTN1,1.0982927398668016
DCTN5,0.05505554053337774
PHAX,-1.0359860356575996
SMC2,-0.33343181681148715
GRWD1,-0.0035228662224512813
ARF4,1.480004176005393
SOAT2,1.6479112838215328
RBM17,-0.6390055499517965
TFB1M,-0.9444615557976964
CEP44,3.1642279611912363
HACD3,-1.185862932899323
RGPD3,-0.5534670568410848
NOL8,-0.47848072357102256
NOL7,-0.8980609606048854
MOB4,-0.4159156461345431
RIOK2,-0.867835121239349
CEP170,2.02236567698578
LTV1,-0.9478934846701265
GEMIN2,-1.5646335386784953
TBCE,-1.0189106519861946
GEMIN6,-0.18323481206097103
UBFD1,-0.8841936980073347
ATAD2B,-0.8956222283431036
LUC7L2,-0.766002471659372
CDC40,-0.6475614327859118
ZWINT,-1.4021164812099478
HMGB2,-2.329543502352032
HMGB1,-1.177012134402638
TPP2,-1.332654070339076
CPSF6,-1.2119187460367802
CTNNAL1,-0.7162488428389516
PRC1,-1.7455726306840198
ERH,-1.5126451311102742
FRG1,0.33146215020963116
CCNA2,-1.667056604243065
PMPCB,-0.4884082285127552
DDX10,-0.8126261588296142
CDK12,0.06677525568013472
SINHCAF,-1.3258975742384598
NARS2,0.15387576744771062
FIP1L1,-0.19637246547987589
HEATR1,-1.2902521329396461
KPNB1,0.17871333238381024
R3HDM1,-0.6757420597720666
MRS2,0.548210957867074
FXN,-0.9419761668878408
SEM1,-0.8304447301031002
WASF1,-0.524668355923526
YRDC,-1.118010604248849
FAF1,-0.35472890402651136
RABGGTB,-0.40360153805648846
ADNP2,-0.618421571271586
WDR75,-0.7532800970610412
WDR74,-1.3154616552017397
AHCTF1,-0.4870486750059886
RAD18,-1.4418822894718857
LRRC40,0.43637212922591434
NUDT21,-0.8671116645625091
TMEM126A,12.927673529294834
LBR,0.6778479613223057
DDX39A,-0.49652600883104836
MKLN1,-1.5902360546160368
MKKS,13.34626811976564
NOL11,-1.554496506615578
MRPL35,-0.4242289803410145
MRPL32,-0.21195021969142763
MRPL33,-1.3019747981631404
MRPL30,-1.1716823537013654
SLC19A1,1.3496751805774863
MRPL39,0.49267148492083207
TBL3,-1.071594309822168
THOC3,0.817930499041053
THOC2,-0.934657022028221
THOC1,-0.29174597959885507
THOC6,0.15125779836223888
STIL,0.2245400471719439
MRPL40,-1.2085711390876048
MRPL47,0.2572386495721458
TIAL1,-1.087548263297985
FKBP3,-0.4157673311177555
HNRNPH1,-0.7838566815440786
ABCE1,-1.2308879750821569
SYF2,-0.4808682464111955
FUBP1,0.8365873930739421
YTHDF2,-1.277725720534981
DDX47,-0.8952175099422697
ZNF598,1.9413280640922008
DHX36,-1.255348605519474
DHX37,-0.8343699436299389
CCDC124,-1.3432166222194077
DDX52,-0.8590173121947472
CFAP20,2.8217030963632963
DDX50,-0.6516179115750145
DDX54,-0.9411416937945053
MPHOSPH6,0.04572296212219497
SDAD1,-0.7894852240115409
SF3A3,-0.6484113659031853
ZNF277,-0.31231845559579985
COA7,0.1818196892181167
TXNRD1,-1.021629024171107
MRE11,-1.613688127076861
ALYREF,-0.8893947053201428
CHAC2,-0.5692891469290231
DLAT,-0.5218784707705486
PWP2,0.006976294897086087
NUDT15,-1.2720128544704405
NASP,0.820132055775609
YARS2,-0.5404701375736277
DENR,-0.86625509094964
RALA,-1.549482453639165
MDN1,-0.5468683342123054
RFC5,-0.6396284476728128
RFC4,-2.1019775077465392
TCERG1,-1.330483954717242
EIF2B1,2.9920752026358097
FABP5P1,-0.8903531521980169
GMNN,0.09693657900271065
HMGN3,-1.2179448100573107
CBX3,-1.7264045581847798
MPLKIP,-1.166051599351621
INTS13,0.5007681524405886
INTS12,-1.5528239582737844
FASTKD2,-0.9189070193848407
FASTKD3,-0.6424594980679168
SHLD2,0.35425356588788964
RRP1B,-1.0266805543026813
UTP11,-1.1882626003612933
UTP15,-1.3349663548114725
TTC27,1.5774224738179636
HNRNPM,-0.7911662647837215
HNRNPA3,-1.0476470452581899
HNRNPA0,-0.3862475632559094
MRPS18B,-1.355856761370974
FIGNL1,-1.214466379700339
DEK,-2.182504917848393
CCZ1,0.11733006103892171
API5,-1.2393156737143411
UTP18,-1.0210449687414784
RSRC1,-0.8024455937858175
MTREX,-0.9205393642412008
HNRNPH2,-0.512049677656832
AATF,-1.651765271749604
PHF14,-1.3147908741141265
KTN1,-1.0365295949602287
LYSMD2,-0.6753695591031017
MSH2,0.8594557960910632
MRPS15,-0.538767992195514
NUP37,-0.8650518034474427
CEBPG,-0.364603555437301
NOP58,-1.2543135730723503
TIPIN,-1.5118620994546186
NCL,-1.8436111962370891
KRI1,-0.29369393812807426
SUPT16H,-0.2977608702161427
PDSS1,-0.375466353093103
SEH1L,-0.13443471060697584
DDX20,-1.058812325440939
SLC16A1,-0.868968169639171
MEAF6,0.9307653773485152
TWISTNB,-1.0465755737844753
IMMT,-0.9180985853619559
PHKG2,-1.1966828840243497
TIMM23B,0.4816812732641443
PMAIP1,-1.3362378497188816
CRLF3,-1.0342892593640038
ZFR,-1.6653480059379
CDKN2AIP,-0.8844288006420021
ERGIC2,-1.246254908659166
POLR3F,-1.9978068931196937
NGDN,-1.3768513596855216
CWC27,-0.39811777664290837
RPIA,-0.8914541903757024
CWC22,-0.44339136743844926
KIF2C,-1.7564232585600998
SUGT1,0.9483141083056804
MAP3K2,0.7771330447566629
TFB2M,-1.5345214573658745
CPSF3,-1.4829783293875436
BCLAF1,-1.4039714983505522
MFSD14A,-0.8368741197680778
PRPSAP1,1.099434170877593
PRMT3,-0.36515564409989215
HMGCR,2.3012853134001263
MTPAP,-1.6235802480055115
BRD1,-1.0675013426265807
KIF5B,-0.9854315118019622
ARCN1,0.08820451510692662
ZNF131,-1.2002929750082116
UTRN,0.20123165695950815
LYAR,-1.524247440726396
NUCKS1,-1.0265878080083979
MRPL21,-0.24226487117331263
PNRC2,-1.1699654220838414
METTL5,0.19640092361791575
ICE1,-1.5802817401415405
NOP16,-1.150832490037276
XRCC2,-1.3441724319270834
XRCC5,-1.73585140657992
SRSF4,-1.1754486618997697
SRSF7,-1.1410618804720016
SDHAF3,-1.0530749747104196
SRSF1,-2.160318719736362
SRSF3,-0.7257813983749875
SRSF2,0.11347110141550723
USP45,-0.9815439380187906
RIDA,-0.5175711942088094
RBM34,-1.2839307352599991
NXT1,-1.345153279007668
SURF6,-0.8489262435696994
FAM98A,-0.784948722000808
CISD1,-0.3424145528274697
TRMT11,1.9543855647915545
DNTTIP2,-1.4502506174082062
MRPL1,-0.49491847397770095
PTPN2,-0.8701095025549814
PWP1,0.4178780819149962
LARP4,-1.1161417402633524
GINS3,-1.1417785694648008
NAA15,0.714708360813915
TSFM,1.394083952668068
RPP38,-1.3119790499013482
MIS18A,-1.2975055277500003
LARP7,-0.7606846563983466
VDAC1P5,-1.0205722001212354
GCFC2,0.2494769098870743
PSMA2,-1.3857818741863088
PSMA6,-1.4462612297246695
PSMA4,-1.583766171178654
DUS3L,0.2780257416642879
ZC3HAV1L,-0.7719786700771354
MSH6,-2.1498084499845445
NUP50,-1.9454297039250823
SPNS1,-1.559625249544328
PPIG,-0.17016370449152052
SET,-0.7754718993227749
TMPO,-1.0843584549391727
AIMP2,-0.24325357673036085
CYCS,-1.6665619304612538
TRA2B,-1.2770513709696376
ANKRD17,-1.0828916579264876
ABCF1,-0.085208505363564
TIMM17A,0.20008109823883286
ZCCHC8,-0.9456253191031291
TMF1,0.16783327319929303
PCNA,-2.359418275799013
ZNHIT6,0.7086912625663964
MTR,0.3677502777284406
SPATA5L1,-0.28496188263624905
MCM6,-1.8320354002616108
KCNN4,-0.4254841487179842
GCLM,-1.7110296202937567
NIF3L1,0.2579289793722238
PPP6R1,-1.8316305180274675
KIAA1143,0.5901935227285043
DUSP12,-0.8163080285250344
CEP19,-0.808565184011774
PPP1CC,-0.03099305095507561
PDCD5,0.15323761968050775
NAA50,-1.228179215819937
RPA3,-0.8388562966818196
NUP160,-1.3065057888645049
PPIP5K1,-0.3501400454887642
ILF3,1.1697757450492285
LRPPRC,-1.1759255053782287
NTRK1,-1.5822522885666757
PTP4A1,1.7241426339215404
THOC5,-0.22403525513697164
PTBP2,-0.036365711247644296
NDUFB6,-0.45762059029284846
PRRC2C,-1.8564175427249878
ISG15,-1.352185726132339
CEBPZ,-0.75363840388555
PMS1,0.6380311529949898
H2AFV,-1.0458689848423126
PPIP5K2,0.24309519761459214
DDX5,-1.7692840110688612
CTR9,-1.1256448633895357
DDX1,-1.235155515540687
KATNA1,-0.4780810779560971
NDC80,-1.7873430506544623
ELP1,0.5664766148224959
ESF1,0.5953487690541348
FEN1,-2.5039275641121317
ST13,1.0756727793450678
MAPKAPK5,1.0551358945754687
ZC3H7B,-0.033697372587671914
KBTBD2,-1.2361634935443768
HAUS3,2.4360569331089597
HDDC2,-0.4852898443745563
TXLNG,-0.5376422717200834
PDHB,-0.5831846525897064
UBXN7,-0.21475426976412448
MRPL16,-0.6336426028506882
MRPL19,0.38857401583517287
CCNC,0.17290222533134383
SART1,-0.24622040336599338
MRPL48,-0.24983683613838262
ATP5MD,0.4385404213716926
IPO5,-0.43483296087549106
GLOD4,0.4111857856733556
NUP155,0.6793744708848946
ASCC3,-1.0372429878424283
HPRT1,1.387734285324671
SFPQ,-0.9254192545127825
HNRNPH3,-1.467689959071918
CWF19L1,-0.12268212983631226
HNRNPU,-1.3715760733460265
ZNF622,1.1423007453432812
HNRNPK,-0.9851067696746603
GPN3,-0.06538933545035726
COPS3,1.8180648332223905
DESI2,-1.242528811803649
HNRNPD,-1.759685977197412
MRM2,-0.4511740940706517
PFDN4,0.7157244848283602
KHDRBS1,0.2631272850575977
CCNB1,-1.318248834974866
ARL6IP1,1.1190089095582643
CC2D2A,2.9137866551644844
MNAT1,-0.2574318890482587
HNRNPUL1,-1.0010901267558125
VPS35,0.5213079031891467
NAE1,-0.9764668375189726
CSE1L,-1.225326162610997
QSER1,-1.1055919045011964
MAK16,-0.9018393194712214
UTP6,-0.9789977063942119
C1orf109,-0.7375921855930312
DCAF13,-1.6047221063460582
DHX30,-1.4227173200079806
RIPK2,-1.8093120963192413
RRM1,-0.5968396440984869
EXOSC3,-1.1311210845236839
RNGTT,-1.4994512315482071
PRPS1,0.027915609244695192
TSR1,-1.205231323848211
PRPF18,-0.8317952849315842
UBQLN1,-1.125947285062352
LSM12,-1.3450067645504147
ZZZ3,-1.753465524942309
TRMT10A,-0.7135281781383616
ENOPH1,-1.276120976415588
TFAM,-0.5601276401563371
CLASP2,-0.11024196792604705
ORC3,0.356762515924882
ESD,0.0024076881928012705
SSBP1,19.643671481494042
MPHOSPH10,-0.7600776751901261
PLAA,-0.26706120199729316
HSPA13,0.04752423287664446
HSPA14,-1.6398621876858872
SNRPC,-0.5947444322317301
G3BP1,-1.6166797319819164
EMG1,-0.5773006104643371
SLIRP,-0.6706165543722081
SLC4A1AP,-0.9064715009522566
TUT4,-1.049293368757284
AGL,-0.7129545942058911
ZCCHC17,0.14383791906213472
ZC3H13,-0.9867940544329376
GCC2,-0.5838889681989816
CAMKV,0.5265190908143421
GTF2F1,-0.7156691958954076
TTI1,-0.566440722175144
DDX42,-0.9968187078852713
CEP76,1.0872930189079413
STARD7,2.733926694154014
ELAVL2,0.2563320506531494
FOXJ2,-0.5263901247268836
SENP6,0.04222510681139844
SENP3,-1.2448250958112395
BICRAL,-1.4070883090316066
SNIP1,-0.31866902978301775
PPP1R8,-1.6785593969143668
KIAA0586,1.1803259330888956
TAF11,-1.2099372717956554
NDUFAF1,0.047312499903894904
NCOA5,-0.02577438074770013
PLRG1,0.7630890272225394
C17orf80,-0.45769879923144735
TAF5,-1.7007659607056564
CPOX,-0.7964692300889585
RGPD8,-0.8162240610017951
CPSF4,-0.40179984330062396
CPSF2,-0.9544319712558307
CLK2,-1.5347568048750075
EXOC7,2.991975012121083
OGT,2.003502856705828
PPFIA1,-1.4639866352616506
NUP35,-0.7537893717700281
ALKBH1,-0.2759701630000569
PRPF3,-0.4176199031367392
DYNLT1,-1.2965884068920066
MTMR4,0.763877123823673
TPR,-0.5787191469100208
CSTF2T,-0.051493850001535606
ALG6,-0.16100043338208744
NUP85,-1.133626003156324
LRRC42,-1.1316406171267257
GLE1,0.9724297352368091
NEK4,1.0132775814144757
MRTFB,1.3829247657644104
NKAPD1,-1.0480521608973081
IBTK,1.6418375428291498
DROSHA,1.4248666026638184
ZNF22,-1.4285553680875958
ARGLU1,0.9328518806344861
CCDC8,0.7052848089522621
COX11,-0.12152251335800912
VPS54,-1.3773005629857238
EIF2B4,-1.1759301063188259
CBX1,-1.694871169827911
RNF113A,-0.8019798766065396
TIMMDC1,1.3227257496292903
IFI16,0.20853230276976323
NUP107,-0.7935613432325054
DDX19A,-0.6754556650596866
RAD50,-1.2589344019051858
PATJ,-0.4607659724896183
DNAJC16,1.709090238036153
NEMP1,-1.0962984851629753
ZFX,0.5608688171159966
EML5,-0.47021656895273156
PRMT9,0.18156548679243467
COIL,-1.4117246868677376
SETD3,-0.8517265955813934
RNF219,0.13372680743208948
SARNP,-1.429860012384436
TASOR,0.33344818636032536
SRSF5,0.8837243158695187
SRSF6,-1.1238012678559823
SRSF8,-0.9233736283640623
RBM33,-0.8057639977168349
SMARCAD1,-2.1152301727653127
PARP2,-1.6328765261202298
ATG14,-0.6056099157508397
CCP110,3.2337690485727317
SHQ1,-1.1261217864448476
NVL,-1.2727359273036287
YY1,-0.7484166437273562
BAG5,1.2992937256484791
TSEN2,-0.6223725581617828
OBSL1,-1.398579799695163
RALGAPA1,-0.7017437663407033
AGPAT5,-0.8955729299802936
ASAP2,1.69984788441417
DCLRE1A,-0.7814481540250118
THUMPD3,0.23429849721100982
KRT20,0.23994221584068925
PGF,0.1510781983252368
SNRNP40,1.0730972923455642
SRRM1,-1.22665466954284
SRRM2,-0.8156772437116655
PARN,-0.42297389795423235
WRAP73,1.7895648513624876
LRRC37B,1.0000853156250242
DDIT3,-0.09362573022593995
KRT27,-1.253091600052211
SNAPC1,-1.2956025069441692
UBR7,0.33815147936683704
TDP1,-1.6082629450084291
RASSF8,-0.32457038332330346
UBAP2,-0.704396982024871
SIRT7,-2.264801951034764
RAB3GAP1,0.35984649439800903
IFT74,3.846069794964044
KIAA1107,1.6359088209850452
TAF4,0.6263886132234607
TLK1,-0.7902318087473812
PCID2,-0.21798713381651125
RBM25,-0.800476254754177
NUP205,-1.7063010260549616
BTBD7,-1.2058730403296292
PAXBP1,-0.7002839257545072
POLDIP3,-0.558609431556357
GGCT,-0.31825785030785897
HIST1H1C,-1.0535498453696286
SMARCE1,-1.9712808869155463
YAE1,1.3801512322324774
AQR,-1.0024111763499355
ZNF410,-1.0980812420349146
TMEM168,1.2877748924105088
SPATA7,7.4598827022456415
CD38,0.23204206790596005
ELANE,-0.5670074764702332
NTAN1,-0.6272861136570126
CD33,-1.5686457248191048
MLLT1,-0.754502046282001
B2M,-1.2009566345886677
SELPLG,0.31404743262398294
SLC39A11,-0.09361405211449672
IL12RB1,-1.305132509157119
PRB4,0.30831342464553163
GRK2,-0.07990651524182404
TNFRSF8,-0.924993499288336
PRTN3,1.2877526439973914
TNFRSF9,-1.2464571999709253
CD28,-1.633764050464478
CXCR5,-0.3251439427376985
CLCN1,3.367392475730169
CD27,-1.7014016924299171
LY9,-1.4688919421322615
MUC4,-0.47575218845306405
FASLG,-0.520134551606042
GYPC,-1.3450710966988424
GATA2,0.24351901178339252
GATA1,-0.5510590365672239
CD6,-1.141869763583387
TLR3,-0.9403675008915737
CD79B,-1.6425107608518805
TLR9,-1.608916501034945
CD3E,-0.0981082545904812
CD1C,-1.5307638557752445
ITGA4,2.74561713546823
SAAL1,-0.2004013985288196
DNM1,-1.2888655709477665
DAXX,-1.4081981421652634
TNNT3,1.6295659946930077
TCTN2,0.6123995353352307
MEFV,0.27807383540810404
CARD9,-1.3043057032484342
MADCAM1,0.810633673665732
TNFRSF4,-1.140306278224342
NPFFR1,0.6525894751107136
SPI1,-1.0030587255773207
ITGAX,0.5237746911301234
CR1,0.4294508490312804
IRF5,-1.8552258000332869
VAV1,-1.8363909817099549
CD276,-0.6218539060213879
ITGAL,-1.6516718435450983
ITGAM,-0.12534318680327655
CD80,-0.1152467772881838
PTGDR2,-0.31169277829139674
KRT76,0.1793651123219853
NCF4,-1.7619504133940362
GABRR2,1.4887222665130357
EIF2B2,0.9306938242102629
EIF2B3,-0.6726902302546259
LAG3,-1.4739150113622987
CD4,0.2815075281044765
CD5,-1.4505773458798543
CCR2,0.5094843976656579
CD7,-1.6095695445496347
ZNF835,1.4190267350676613
CD2,-2.2139967851842584
PSTPIP1,-1.721844573138512
ARHGEF1,0.7523480997179938
IKZF1,-1.3185247231451303
NCAM1,0.16964795180771874
PCDHA6,0.539513282139316
INS-IGF2,0.06369396956702303
ITGA2B,0.0275177090675681
CD82,-0.7942262884180513
ICAM3,-1.8503568954321847
ICAM2,-0.914516315386292
FLT3LG,-1.5116191071356702
PLA2G2D,-0.33716416861584164
WAS,-1.8037743096732046
TNFRSF13C,-0.9396594173962343
NEUROD2,2.346856897942716
IL2RG,0.9305374411759849
IRF4,-1.7479953770305636
SLC17A1,0.5568580090977701
IL3,0.8954670583439749
IGLL1,0.9868873899106917
CD52,-1.9076862427421015
CD53,2.3059371910880904
PLEK,-1.8865357628229422
TARBP2,-1.5855049134266612
CHIT1,0.31719996506382575
OPHN1,3.280105841274294
GATA3,0.15494076126193446
CXCR3,0.7599006956541446
KLF1,1.460330061846983
CD22,-2.051496059848472
MYBPC3,1.246065684551729
APOL5,0.03905253742803977
DPP4,0.39664811611011125
NCR3,-0.8623462969861218
ACAP1,-1.764930481411081
EBF1,-1.0829432255717024
SCD5,-0.1478796956349718
TCL1A,-1.4319610325194816
SELE,0.3322351035947507
EZR,-1.04118611435418
FUT6,-0.5030638815053268
SIGLEC8,1.2243393191426728
CD19,-1.9955702606112602
SIGLEC1,-1.3718838434771206
ICK,1.9144461610300092
HIPK3,-0.7750771778835317
BTAF1,-0.009514429165068073
LMBRD2,-0.4698080358376649
XPC,-1.5481024027456363
XPA,-1.4726756833378996
MON2,1.646595131408443
TNKS2,-0.9812718985194869
ARHGAP15,-1.5086607789995545
CTBP1,-0.7949419750020349
PDS5B,-2.3117902697715342
DENND4A,-0.408168901945181
EDARADD,-0.23307264932955418
SENP7,-0.9972425564091504
NUFIP2,-1.6129806515603624
CFAP298,-0.6469261071840398
TTC33,1.909002060129422
WDR37,0.22839530749293524
GIGYF2,-0.6308690680349709
SMAD6,2.0276773395801206
SMAD7,-0.5020922329300526
SMAD3,-0.25330583395030176
NEDD9,-0.30948311832039793
NCOA6,-1.3003806298545435
GDAP2,-0.7411508438600471
DDB2,0.8020465723125861
BRWD3,0.7719776412118478
SUPT7L,-0.7422560943678367
RNF20,1.0336221512619461
TAF2,-0.15702668676274287
ELMO2,-1.1068550593433408
SRBD1,1.5471488952740449
KIAA2026,0.3431979967033135
BBS10,10.357232085587444
CNOT6,-0.13754738079524514
FAM189B,-0.9441498461232408
EXOC4,0.23005008209984606
LCE4A,-1.0136379026512856
PPP2R3C,1.9473869230651832
ESRP2,-1.2309269801777238
ESRP1,-1.4437160637646445
MTMR9,-0.15433959344422885
DYRK1A,-0.02921937704847355
HMG20A,-0.2678871358909703
RFX7,-1.1496206349476985
MSL2,-1.1869389080964186
KMT2A,-1.7285340386467527
CSRNP2,-0.04100724925476494
GNAI3,0.7464391053295762
TOPBP1,-1.9242494323433177
GALNT15,-0.6921813415493
CLK1,-0.9147081735527904
ZNF507,1.497182947597092
TNKS,1.3999641883776233
ANKRD13C,1.8239968605342256
RELCH,-0.9278346975683177
CCL15,0.4756190285827555
GPBP1,0.20079682734649087
FANCF,-0.019265496526216983
DIDO1,-1.4845948927217
GPCPD1,-1.0735104829712703
LYSMD3,-0.12171161136148087
TGFBR1,1.12234452026652
KRTAP5-3,-0.5514057026704129
PML,-1.8253991070961213
TAOK1,-1.5922979821161254
NSMCE2,-0.9999976733554656
SUGP1,0.708867445024408
EXOC8,-0.5798058969017481
RABGAP1,-1.2992828040772055
LIMS1,-0.6307077596698518
GTF2A1,-1.47870641792146
AXIN2,0.00902059940741894
AXIN1,-0.3411410286333355
KDM4A,-0.6040689914085792
GIN1,3.109674320942708
ZBTB1,0.11068205190930482
INTS6,0.7277906005186919
RUFY1,0.49551480016621263
NR4A1,0.9222180391458964
CHD1L,-0.9286342822385215
CUL4B,-0.35426865628408427
ZNF654,0.4004145723853623
SLF2,0.5540741373852915
SLF1,-1.2756399553903295
KMT5B,-1.0744675586448011
PPP4R2,-1.0493419841244702
TBC1D23,0.4579282991482612
DCK,0.5791016221331429
POC1B,10.51131124607843
CCDC93,-1.256037050361643
RPGR,9.211054610803693
NR2C2,-0.856580278405474
GPATCH8,-1.7091339062741973
HECA,-1.4633348616028605
SETD7,-1.0155138160344757
GPATCH1,3.7792566885267256
NIN,0.7712399167757917
RNF185,-0.8060678477111924
UBE4B,-0.9974436506075235
HHAT,0.3045727868282542
EMSY,-0.6426099983600364
MAML1,-0.33624396503191467
CARD8,-0.8369785427200412
TPX2,0.24894916632940453
PARP1,-0.6021134751206412
PHF20L1,-1.2774579281868201
FAN1,-0.1786416595437717
GNAQ,0.3323069385845257
IFNAR1,0.291175952490763
ARHGEF3,-1.3263773448731686
VPS41,1.6160870031405803
SS18L1,-1.2375203074735992
ZNF106,-0.5568905890263124
THRAP3,-1.1481086135218699
WAC,-1.5349874538433235
ATRX,-1.3072674824511097
EIF2AK3,-0.30860146956441803
BOD1L1,-1.0930668977811875
STX16,-1.460349942359352
ASAP1,0.021845158494296628
DIP2B,-0.5918898679136534
USP9X,0.04427160948800427
RING1,-0.6182354960246027
CGGBP1,-0.14531531707625553
UBN2,-0.5582338385588398
PRDM2,-0.2282782508424243
PPP6R3,-1.1064573346207873
GOSR1,-0.3236243512295913
SHTN1,0.5543800097714671
TFCP2,3.00181261474834
LNPEP,-1.5684193045195112
TTC9C,2.1781389279931616
CDYL,-1.6078371297252467
ANKMY2,0.7122738690753244
UBR3,-0.7523480840901721
PCGF3,-0.9120198873678012
ZNF280D,1.6368337450217385
KATNBL1,0.581785831021191
RASSF3,-0.5836902835077404
INO80,-1.3430339393761488
ASXL2,-0.8480784288207359
ABHD13,-0.8961797482846057
NPC1,-1.1565127406550375
RAB3GAP2,-0.12981113281287388
RNF44,0.2100556848769353
DCUN1D5,-0.8314300359350553
TRIM44,2.0752808715675073
ITPR1,1.5714646781311132
TRIM40,-0.2570548510290709
PEX1,0.8369210333573959
LRIG2,-0.39099361174231456
PRDM10,-0.6028315535260315
RBM23,-0.9538602137706351
FAM120B,0.5361722802415536
GON4L,-1.1173208743089325
NCOR2,-0.14390663204753124
TBC1D5,-0.8703707134480856
LCOR,-1.176579963785463
DDB1,-2.0936034215360944
VPS39,-1.1250882036940404
PIAS1,-1.415532718438078
RCOR1,-0.7571734931908264
HIVEP2,-1.7431930892143102
MIS12,-1.6737164398200193
BTN2A1,-1.2796592130419908
AVL9,-0.20237301812399328
CMPK1,-0.6888579513559617
TRAF5,-1.1167420985705552
CLASP1,0.5543712011112637
GTF2H2,-1.7552838449155006
GTF2H5,-1.751628957478229
FOXN2,-0.2700823653065087
ACTN3,0.698336386935794
TTC21B,2.0890785326785286
VPS50,0.05183572713915202
DTWD1,3.8093114285893193
NACA4P,-0.1270448596494022
USP17L9P,0.255799868085799
TXLNA,1.0669135192878614
CTNNBIP1,-0.9286365395966392
PKMYT1,-0.877640429317239
JPH4,-0.5366391399275415
VIRMA,0.2968144278619058
RBM15B,-1.2255176287095781
PCGF1,-1.2033922690925185
PTGER3,0.13641980371787452
PPHLN1,-0.9917274999886452
TCOF1,-0.5606155758808481
YTHDC1,-0.8114544087193499
ACIN1,-0.34597739070579564
SAFB,-1.1419825071852834
ERMAP,-0.4356529199817264
BRD4,-1.7138222060796802
OSBPL10,0.5785854994580526
SETD1A,-1.6704954763366806
TRA2A,-0.8850209995671837
NKAP,-0.2765609439327818
LGR4,-1.0002435447079034
SRSF12,-1.1006101074913952
NCSTN,0.35278360602319087
GTF3C5,-0.16104986935845786
VANGL1,-0.5731918933311371
DHX35,-0.5121086552994245
DDX51,-0.36408755309588403
U2AF2,-1.4962115262186466
ZSWIM9,-0.575013143305643
TRPM8,1.8465581485802183
SF3A1,-0.3654729965274702
SF3A2,0.2017556286672948
TSPYL2,-0.9195572397550705
CARNMT1,1.1427557669567374
CCDC137,-0.3669967975060791
PSIP1,-1.2681646661939994
SRRT,-1.4483651229553973
SAFB2,-0.01065847898027886
BUD31,-0.97864307649916
CLK3,-0.269719051846872
SPOUT1,-0.6865085335446466
RBM14,-0.6906599406614304
EPB41L3,-0.14744812214988473
FERMT3,-0.6252652558475881
NUMA1,-0.32173558504879357
MEPCE,-0.5093308796176601
APOBEC3F,-0.7764129955168809
SMU1,0.5089893544751826
LEO1,-1.4256774942701969
XAB2,-0.8809389348419393
HP1BP3,-0.6809684262630775
SPG7,-1.5195301421161596
SF3B6,-0.5110710310731882
RBMXL1,-0.7860579059060221
WDR83,0.995362641742597
ZNF816,1.1088237263877827
UBN1,-1.5917767361869275
ANKRD11,-1.271183748798741
FBRS,-0.10474194947248232
BRPF1,-0.7748368547766812
NFKBIL1,0.1743888976880506
ZCCHC3,-0.5020244315410639
VASN,-1.1326670382574702
MCM7,-2.593669664290546
MCM4,-1.7029427769906211
PRPF38B,-0.6975251050128811
DCAF7,4.816229592069504
WDR70,0.4595877256188134
HTR3B,1.725814633232477
PCSK2,0.30664642633975636
JPH3,0.21966636703103948
TAT,-0.5094299209918077
ITPKA,-0.7337815597965374
MPP2,-0.19381841577333805
LLGL1,1.0572602251262115
OR12D2,0.14421261833672924
SLC28A2,-0.21876292279197582
CYP46A1,1.7087536965590318
PIK3CD,-0.8564569697945473
SV2B,-0.969033459233079
TSPO2,0.6136323416404718
DOC2A,-0.25849857884848576
PIK3R1,-1.165896256842154
CAMK2D,2.0014104151265117
KCNF1,0.4039196557666751
COX6A2,0.6316808229240125
MYL12A,-0.16519105721611074
HCN2,0.8220322237449295
NPY,0.8828493047432132
CYP26A1,1.6292486526352672
KLC2,1.9804372509390509
LRP8,-1.0218799340822304
RASGRP3,2.304547182653342
RASGRP4,2.6528422099903577
NOVA2,-0.18328535364371323
CELF3,0.8149300302643394
C22orf24,1.842184116056185
GABBR1,-1.1487682686156828
GABBR2,-0.7096523602679072
MYBPH,1.195422582361242
GAP43,-0.5276508307046546
KCNMA1,0.3899828022469368
GRM8,0.7912408852967827
TTN,-0.3900778986821123
DIO3,1.6376298705388126
GRM5,0.0732109922316591
GRM7,1.4142052498218072
KCNIP2,1.1590337094706078
GRM3,0.07700436452061794
IL5RA,-0.5457122949498733
GUCY2D,11.744640347869916
GUCY2F,3.184145990948674
HTR3A,0.15971496766520396
KCNQ3,0.5356820503922815
ZNRF4,-1.0693594789351897
S100G,0.23662550581445205
SLC18A3,0.8397034627439219
EFCAB1,-0.5664906022047864
FOXC2,0.4266368276709519
MYH7B,-1.0093690632474264
PDYN,0.4978455758181755
FGF8,-0.14194499552223688
APPL1,-0.42231888923491323
PTGER1,0.864770011639555
SPTA1,-0.6352315957615255
SLC4A3,0.35763252891119557
ITPR3,1.5299765597834956
GPRC5D,0.21871205571828345
UTF1,0.2255389565733367
FGF3,0.1512963890571338
BSN,-0.3226475465756303
RSPH14,-1.2289484038663645
MOBP,1.7383900127031193
RIMS1,2.1188251597433925
CALB2,-0.06709371781273125
LTA,0.10664565843206443
FGF23,0.05398447617110104
PRKAR1B,2.239832921962318
PRDM12,0.028572132323519694
FAIM2,0.07546606941640101
GPR156,0.2386520578457476
PDLIM5,-0.5534794765743358
SLC17A7,1.0331271395081671
EMX1,0.9470092561858295
ATP1A3,0.06284574148963899
KCNC4,-0.41477875818250926
CTTN,-1.0805088750053677
KCNC2,-0.06673821803535321
BEGAIN,-0.8061721281602391
SHBG,1.0209467006746027
PPFIA2,1.5765104339387594
MYOD1,-0.8160577178307689
DYNC1I1,-1.1002299425202415
GNAI2,1.3627882215335836
CLIP3,-0.870825129165303
GRIN3B,0.9710806546570252
SLIT1,-0.22676886436679924
YES1,-2.421847451258929
HOMER1,-0.6130460965386939
NOS1AP,1.4177550200652729
NUMBL,-0.5599415242680904
KISS1R,0.002192723546887602
SLC24A2,2.5509014439253224
GKN1,-0.9569701616542066
CRYBB3,1.0661655127285508
PHOX2A,0.9025948699822236
PLA2G4A,1.1013957372606085
EFNB2,0.3677222427921382
PPFIA3,-0.9066191922305817
SOX21,0.8248252635545603
EXOC3,0.32402673258321996
GLRA2,2.6635532965637494
GLRA1,1.6393370659915278
CA4,1.5438640758926656
NEFL,-0.4163893262316021
SLC1A7,1.6209774283527785
SLC1A1,-1.066436198792031
SLC1A2,-0.5740662440105624
SLC1A3,-0.8895390440809366
TRIM10,-0.1861319035958332
EFNB3,-0.6123481733776043
PTK2B,1.1285581631716288
TNNI3,0.02260279976919291
TNNC2,0.608981462650093
CLSTN3,-0.6578187353874955
B3GNT4,0.3119408184281148
GRIN3A,0.7533295408548556
ADAMTS7,2.2316475043431887
RNF208,-0.7414368567829733
CDH2,1.807226773991706
EPHA5,1.3190746237723752
SNAP25,-0.5049831708944617
LPO,0.2432740043843822
SIPA1L1,-1.068773285927762
RPH3A,0.3171519610152755
PDE8B,2.1081333678387355
RAB27A,0.06515581787354831
SYT1,0.7416669469259627
NRXN3,-0.8851484437209343
SYT5,0.3043843794701859
NRXN1,0.3033175611993961
RHBDL1,-0.18580569044889503
KIF17,2.146324655943187
GNG3,0.9299452753504158
NETO1,-0.27122099223706847
TRPM2,2.2505562697373938
HMHB1,1.7112331915501546
FUS,-0.5855318049169682
TBR1,-0.20193563069844636
HCN4,2.3774191770492474
ADAMTSL2,2.085611707657653
MMP17,-0.3614402785282232
TULP1,5.798343465522619
CLDN9,-0.21341950097456786
NKX2-8,1.3685634311042858
REST,0.150391265622293
SLC8A2,1.9055218718663016
DMTN,-1.3647704376198584
WNT1,1.3842897693006229
MAPK8IP1,-0.9900381725393651
NEFM,-0.8319275304748112
SST,1.1863903573836445
MYBPC2,-0.6063228362151393
MYBPC1,0.24939837111079066
KRT75,-1.3760843408321177
MYO3A,0.7557723707857222
EFNB1,-0.5990652558428702
NODAL,0.32587477407718907
STXBP1,-1.3303042566017504
TRPC5,1.9005008561373202
GABRA5,-0.11785566577088484
GABRA1,0.844540510463401
MYH7,0.47486711599100045
MYH8,-0.6959999321767874
ADORA1,1.0669043999626129
GRIA3,0.14604999137818211
FOXB1,-0.5380836721435684
FGD4,-0.4633687445304505
NLGN3,0.03673714588657353
FRS3,-1.0373701738429755
DUSP4,0.6362012668455355
TAOK2,-0.7814521625108679
NDOR1,0.15482804764999578
ARNT,0.14147194836073437
IRS4,-0.13220569896321163
GRIK1,-0.08641977623695739
GRIK5,0.7818342147034485
GRIK3,1.8210040155020883
GRIK4,0.9984126070992755
IRS1,-0.05398252879541205
CADM3,-0.22115642498608518
CRHR1,0.8170771073715472
SLC4A10,-0.7752716076409247
SLC5A2,0.30305196659130995
SORBS3,0.223912624319056
SOX1,0.11426712060901523
DIPK2B,0.939715019875432
ALX3,1.0219356420635186
ARHGDIG,0.09642946009322968
SCN2A,-0.16967607683164918
TNNI1,2.024000562895802
OGFR,-0.5836803706482667
ST3GAL2,-0.6131878057217144
DAB2IP,-0.9214671749291639
SYNGAP1,0.6446372491407303
SLC1A6,1.051984419804039
TBKBP1,1.2600886372632445
ALPG,2.122784265931806
MAGEA10,0.6884498774668898
ASGR2,-1.1102923480803053
CACNG8,2.1371417271572684
SLC6A4,-0.46828365280271894
CACNG2,1.6559363803611584
CACNG3,1.6486832997758782
CACNG4,1.6153744520891626
CACNG5,1.5009438552120133
CACNG7,1.772312086798777
SLC6A3,-0.778850997019182
SLC6A2,0.283502548610771
SLC6A1,2.660470087328516
HSF4,-0.7138331678246432
KRT31,-1.0470389355009047
GPR153,-0.7765834696250918
MYL5,1.180677790256998
B3GAT1,-0.08667118525852928
CACNA1I,2.188379224361384
CACNA1E,3.6302602829850477
CACNA1F,10.855293042847068
DLGAP2,-0.5449845848037961
DLGAP1,-0.5402695963140409
MAGI2,-1.162766052667648
DLGAP4,-0.7281219729847467
TRPV5,1.926148849334873
CACNA1S,2.226303739130434
TRPV1,1.277038579616394
PRMT8,-0.6004353949180457
ZFPM1,-0.7507833096543085
SHC3,-0.24489604439521723
TJP1,0.24456309696580206
OPCML,-0.06716908251404018
ADCY8,1.9457598421424567
GRM1,1.4520154758309982
PRSS22,-0.022121834229917686
KCNV1,-0.2597334562199586
GRIA2,-0.772468813257839
GRIA1,-0.17134108762585307
GRIA4,1.8126292882436514
PLCB4,1.3496274495667313
CRH,1.051795621309271
SHC2,0.227967961533711
SLC9A2,2.089568424453028
TIAM1,-1.4610398393887996
GGT5,0.0036728437519723774
GNRH2,1.6544888891247198
TRPM1,10.541310102271035
TRPM3,3.9453944914477366
EPHB2,-0.25340113826135796
PLCB1,0.8420610011365177
EPHB1,0.5965181904663778
IGSF9B,0.40796324515719984
DDN,1.1150271376596703
PTPN5,0.2966539509314024
RBFOX1,0.6663605003698081
PEX5L,1.745046220159554
FGF6,1.2465911542090313
PSD,1.042686600019164
NPTXR,-0.33217539857636125
HAPLN2,0.5483491569134566
SYN3,0.9530903164283806
FGF20,0.43442176036438607
DPF1,0.5035779344069922
MYO1G,-0.787260098910554
MYO1D,0.836548268091822
MYO1B,-0.1277620294804465
CEND1,-0.44482781812696137
SIX3,0.46727268581494535
CRYGD,1.4357766374071135
SH3GL3,0.36922474852463716
KCNA1,1.0149842633164998
CAPN5,9.052582668378308
ICAM5,0.4662270778521396
SLC6A13,1.4365697780028723
SLC6A12,1.2454476534827947
SLC6A11,-0.34744091508203373
DSG1,-0.9643488260210525
MTSS2,0.8025733643091063
EFNA5,0.7121571639544075
EFNA3,0.2649488854859862
GABRB1,0.840901468890768
GABRB2,0.30966764698927773
GABRB3,1.370477926116479
OSBP2,-0.29072512514356996
KCNJ3,0.7008696132454532
LRP3,1.094502459333774
NEUROD6,-0.6986430431786101
KCNJ6,0.0519561216661997
KCNJ5,1.295606300657051
KCNJ4,-0.7949003602249284
KCNJ9,1.5260472164294834
DSCR4,0.1696372320975465
HS3ST2,-0.6075585084270752
SSTR4,1.3232735777326585
GPRIN2,-0.327516879531606
MYLPF,0.2641387580246621
PAEP,0.6792299810498219
SPTBN5,1.375932906168195
SPTBN4,0.19949993724120982
SPTBN2,-0.9264013594537308
SPTBN1,-1.0746927024801745
TFAP2A,-0.9050805598273903
MT3,-0.992800977078039
TFAP2D,-0.6796819328380426
DMWD,0.2656147228938119
PPY,0.7702607693442766
NRG2,2.892069798095646
POU3F3,0.2765667683153118
POU3F2,0.830174664638113
TP53BP1,-1.6043605145871098
MPPED1,1.800421085962671
DRD4,1.2076430758432193
DRD5,1.233287474240006
DRD3,1.062895885438819
DRD1,1.2999499962833692
TPPP,0.4247442610012994
NOL3,0.2169673471428463
MAPT,-0.42536617256483744
HTR1A,0.9097137846606418
HTR1B,1.5315678176597718
FXYD2,-0.2255601034783914
LRFN2,0.6827893991109942
LRFN1,-1.0943578506808498
CCK,0.5957141164399101
HBZ,1.8465376506727913
APLP1,-1.1428816513040043
UTS2R,-0.010443004903527488
ATP2B3,1.7145812193779464
PHYHIP,-0.7765295016856901
RYR1,2.1198555746480885
RYR3,2.1246828688933785
RYR2,1.9961294175957913
NTRK2,1.1963626050854983
NTRK3,0.28489481689342916
SLC34A1,-0.5469556258790244
SLC34A3,-0.36897825006071056
PYGM,0.6906515036932661
HTR7,1.1683889571646675
IGHMBP2,0.0738737782480494
KCNN1,0.8260772118132241
GPR20,0.6829581774380099
BRINP2,-0.37867404790721404
GPR6,0.6790833830663521
GFRA4,0.07707687050132314
GFRA3,1.7176430238821876
MPIG6B,-0.05778623349031792
HTR5A,0.6989255351122391
AIPL1,10.430030667309211
HR,-0.641880109124641
DES,-0.3644565811274108
TMEM59L,-0.41836209549475717
DPEP3,-0.31695666614518625
EPHB6,-1.0494859866046955
SLMAP,-0.251207866501925
HTR2A,0.763478946853088
PCBP3,2.0255723712330327
NEUROG3,0.34012306526100344
SCT,1.4389523711364556
NEUROG1,0.8685530988548564
GFRA2,0.3998286726599424
MYL10,1.0154808796586452
LMX1B,0.8047436092919256
NPHS1,-0.3322762086512859
ITPR2,1.3270057177719239
EVPL,-0.2919391148796615
FGF5,0.6873551483303979
FGF13,0.3459538831449908
AMPH,-0.12088863975398882
BCAT2,-1.2680120270736084
ABCG4,1.0444273392607846
SNCG,1.1036757451298802
INA,-0.6025315313532973
SNCB,0.04634716625960614
EPHA8,-0.9134028963849388
SLC32A1,-0.7074951079020871
SORCS3,-0.29957526651619876
EPHA3,0.28264550922405046
EPHA2,2.4620111055297342
CYP2E1,1.0498675320816018
GBX2,0.18835347393927226
GBX1,1.1603301910205566
CACNB3,1.7793711971676403
REEP2,-0.8396921235143643
FGF17,0.6231688888842466
FGF16,0.8396374383200927
DAGLA,-0.4976840945577096
RAP2A,-1.4745434251269887
SLC13A2,-0.5231993221787898
SLC13A4,0.4164896565175377
CHRNA4,1.7563661741967602
SLC8A1,0.9893495729617126
UNC13B,0.3177402693358258
CHRNA2,0.27762653040131324
POMC,0.2261511163405248
HIST1H1A,0.7434175334792698
MAPK8IP2,-0.37423197272018704
MAPK8IP3,0.5001890726287007
PSPN,-0.6440544783833382
MT-ND2,-0.6800829317728077
RASGRF1,2.4417628528188904
RASGRF2,2.507177993788985
SYNGR1,-1.1073097810629067
PITPNM3,3.024161923188265
PLEKHG6,-0.5004280563595788
KALRN,1.0746142383817188
CLPS,-0.12603138610476683
CPLANE2,0.4683643113047643
RUNDC3A,-0.4924861657597476
ADAM11,0.6405137721786631
GPR50,1.0847146978412092
TRPA1,2.2980918038519347
CPNE7,1.8934738980395145
CPNE6,2.748783434415764
TH,1.9927903750329814
DAPK1,0.7129769554539712
SIGLEC9,-0.3449971347888866
SNTA1,-1.3948622322146824
TRAF3,2.1290033930934924
MYL12B,0.01571032181436673
TMPRSS6,0.3029622877337968
NR2E1,2.1087115244240837
RAB3A,0.5706277418715541
SHANK2,-0.3424542337054278
ACTN2,0.6931713435698059
ACTN1,-0.323773410522158
CYP4A11,1.4851466417943808
ACTN4,-0.18751183520792722
GRIN2B,2.176786761144488
GRIN2C,1.515004658651497
GRIN2A,2.9171699130252366
GRIN2D,1.5137193511583067
PTPRN,-0.6744593841424826
OR2B2,1.142042666252871
MYO7B,2.0625239511976856
SGPL1,-1.2643569638886711
EHD1,0.143248967299797
ATXN7L3,-0.6530043285879574
PLA2G6,-0.3803014773497434
PLA2G5,2.4505971017276225
PLA2G3,-0.23968554523138663
METTL17,-0.8481250846315949
BRCA1,-1.8284530082924124
PRRC2A,-1.8630617873459123
FOXA1,-1.195287455921368
KDM5D,-1.1123479945793942
OSBP,-1.4304170965901921
SLC25A35,0.16371726253177643
SLC25A34,0.23690095718602136
PLA2G1B,-0.24431140451775538
CHKA,0.34072112489351775
WDR46,0.04061918970931683
PLA2G12B,-0.4845334681033103
CDC25B,-0.7905228080991152
KIAA0100,0.45257405981133964
POLR2A,-0.7540573054689695
PIGO,-0.45708508415151566
JMJD7-PLA2G4B,-0.5846406065935711
TNFAIP2,1.107647011024312
CRLS1,0.19584388834512617
IL17RA,0.5462142608966113
PTDSS2,-0.8259169540721821
TOMM40L,0.6182968155598747
KIF15,-1.7211108258232444
MBOAT1,0.44891399333488224
CDIPT,1.130261686815164
IFT140,7.289067676794184
ZBTB17,-1.133066133441579
CTPS2,1.1929027843257336
CUTC,-0.6186029610926685
DAGLB,-0.3485373000081001
PLA2G2A,0.22110239191284925
PLA2G2C,-0.3932214087056339
PLA2G2E,-0.5955094462094398
PLA2G2F,0.2014945041020103
CAPN15,-1.8109738608595387
SLC35D2,-0.7191123537376624
WDR19,2.7298574782987304
NBEAL2,-1.145817309434802
WDR89,0.14194227340553994
ACER3,2.5494761838437383
ARAP1,-0.36850955714764627
SELENOI,2.5411678501809565
PEF1,0.9231044971739697
ARFIP2,-1.557974606250405
PIGG,-0.12796685948554745
PIGN,2.7642433294919475
MAP7D1,2.6565972296737255
PLB1,-0.5295744825419331
PLA2G4B,-0.5984176037394733
PLA2G4E,-0.466446360309921
RCC1,-0.11270391486952572
CEPT1,0.03745752613894162
ZBTB48,-0.6140062891008046
NPIPA1,-1.5950097200018427
CRKL,-0.16945751109655155
FKBP4,2.4193165711185873
DUS2,0.08512371337634249
DIAPH1,-0.3512584425516981
SP2,-1.3716900781198593
CTNNBL1,-0.01255904718556939
DDX49,-1.1843654489722788
YBX1,-1.4065371782511096
LTB4R2,-0.052849867818648616
HINFP,1.6526617967165504
TTC4,0.9307406828824385
GTF3C2,-0.684696486961457
GTF3C1,-0.2697685294954032
TAF1L,-0.830246396978379
XPO6,1.1925285812187876
MYPN,-0.7476054641479669
MAP1LC3A,1.0789858926518177
GTF2I,-0.05399772380718254
UCK1,-0.620758457678887
LIN28A,-0.9591275223182204
NOC4L,0.4762799047949296
DNAJC8,-0.3510256754762356
MTHFD1L,-0.3704209250807203
YJU2,-0.3003783963095487
TTC31,1.6946859978908448
WDR36,0.9084766307274759
ATXN2,-1.2879822692829261
PIK3CB,0.4618536826531289
POLK,-1.5863840464315169
DYRK2,0.1262040850338709
AKAP13,-1.6310563103737525
RBM10,-0.3464192724485721
PPM1D,-1.788678202334359
NOL9,-0.24975806254048255
SUPT6H,-2.0221467601148153
SRPK3,0.05617464036289421
GEMIN7,-0.9355012807862166
GEMIN4,-0.9351412010177563
ABT1,-0.4430190028146574
RBM4,-0.5426858957397264
MORC2,0.9954400611716538
WDR45B,-0.9046854819108255
YLPM1,-1.408398348289599
CNOT1,-1.364422064400948
DHRS7B,0.654084801229488
KHSRP,1.2026399849115874
ZNFX1,-1.453294995584419
BRD9,-0.6054026732588866
CBR1,-0.7980631433656676
PRPF8,16.53408272456881
LRRC47,-0.5862063171957339
BRD7,-0.8237086450968009
VPS33A,-0.862942925091229
SETD4,-1.0375067582209798
CCDC12,0.3321908608880301
TYRP1,3.036511527181205
SMARCAL1,-0.6231378435181057
NMT1,-0.3121540309343556
KIFC1,-1.1613348046555447
ISG20L2,0.4040862966407635
DNAJA4,0.5656029748898191
FKBPL,1.5886746843492596
DBT,0.5454867276008455
CD2BP2,-0.5913480541247051
DHX38,-1.0023993845971528
DHX33,-0.21956202079430664
EXOSC6,-1.2057526496371425
GUSB,-0.06896734119521764
KDM5B,-0.3525521419880223
TARS2,-0.038387222590963166
MLLT10,-1.5041313371983127
ACLY,2.228771911935612
LARS,3.094256234055869
RNASEH2A,0.3142109916871914
NUBP1,-1.4116837562390232
NSD1,-1.2286937642228968
MCM3,-2.156147814375235
NSD2,-1.9762796706964307
NUDCD1,-1.4463666365009917
CIRBP,-1.0225431207311655
RFC2,-1.5203306607409248
UTP25,-0.5394845857755711
KIF11,15.515990468070772
HNRNPCL1,-0.5244356077044791
NUP62,-1.1008594235275184
DNAJB1,0.8629715795315822
H1FX,-0.36178616734899327
GPATCH11,-0.7890398007245478
SUGP2,-0.13853906743574942
RBBP4,-1.9806302686282724
KLHL18,2.2619009289473353
MRPS18A,-1.361681471972641
NUDT10,-0.45778729740377117
NUDT11,-0.2756098579603524
CELF1,-0.950457294740548
IGF2BP3,-0.8126787025842374
ATXN2L,-1.26660093993456
MXD1,-1.529142464947859
BUD13,0.29298378637530675
TFIP11,1.8595598325809524
CA2,0.5275325349417155
POLA1,-0.2796545320315304
PNPT1,-1.1209681565875147
MRPS14,-0.9461215882910177
SMARCA1,0.7637821851821373
ELAC1,-0.29706998404283874
LARP4B,0.389365952800732
TPM3,-1.0563331784571295
NDUFS2,-0.9882919007815972
PCMTD1,-0.9940476030895874
ATAD3A,-1.2274767378922848
LSM2,-1.5378262084428849
NLE1,-0.4248053819666934
DYNC1H1,1.0032320294160393
TBC1D22B,-0.9993535620216898
NSUN3,0.408770120971859
NSUN5,-0.04098213299404559
NOTCH1,1.4141778291721803
ADD1,1.1479761582576664
PPIL1,0.6320073031203187
PPIL3,1.0025041325673794
POLR3C,0.9004714630123096
FAM50B,0.30539539959310424
PRMT7,-1.3646354424164524
TOMM34,1.1301829683054283
CHERP,0.43629153633153667
TRMO,-0.8109391173718102
SPEN,-1.2252709543200284
HELQ,-0.2848344002751923
JADE2,-1.308159521628522
USP22,-1.0094532102863645
THADA,-1.1563450566013698
PGK1,0.3312013690321267
TRRAP,-1.4757604384257543
RPUSD2,0.44896294525203595
TUBB1,0.08240851411020686
TESK2,-1.5451676703966728
PRPF19,-0.659202702104036
LRCH1,-0.8259874506822802
MRPL2,1.2288008669689157
BAG3,-1.0990993599981982
RPUSD3,-1.0349844756415019
DDX31,-0.5752829335377877
DARS2,-0.7817626884415636
CHCHD10,1.1463812876697008
SF3B4,-0.42020947785785856
CWC15,0.1464997607592569
HTATSF1,0.9989789898786228
RAD51D,-1.1475374390643662
RIPK3,-0.9316706338291715
BLMH,0.6656870335809881
PPIH,0.04767385786637403
TRMT2A,-1.4735388980196964
FKBP8,-0.6054078891554561
KANSL1,-1.9360155354742936
DNAJC7,2.492518412949602
VARS,-1.168023695200665
TTF2,0.36395928361960106
NAP1L4,0.67891184669345
GBA,-0.30505434734010844
NBAS,2.0830125762267016
MCM5,-2.0512632002225635
PHF5A,0.001076035581616976
NOMO1,-0.37629031791403605
DDX28,-0.49060211845902246
PDK3,-1.3341832657491461
NRDE2,-0.3459560308043422
KCNK5,-0.12198073482949708
ABCC5,2.792446758222453
TRMT61A,-1.0840066339448093
PUF60,-0.7411831050296128
TARSL2,-1.1801449537230246
POLR1A,-1.7926556897378862
AHCYL1,-1.3270265630826823
AHCYL2,-0.9501088529396161
SNRNP35,-0.6421780864863094
LIG3,-1.3294692247080224
MYB,-0.4540949235961513
PYGL,1.2705198777901494
ATG2A,-1.365045702785042
IP6K2,-0.4350921743106338
HSDL2,1.4737649659020073
TLR2,-0.43802631583180784
ELP3,0.93691743190518
NCBP2L,2.9543776041258174
TPGS1,1.593875472416378
DQX1,-0.4212336211633295
ATAD3B,-0.2751992767628925
CHD6,-0.2627109399797329
INTS4,-1.0561143232731458
CAP1,1.3835041341550884
SKIV2L,-1.2807301661796882
RBMX2,-0.7127746902487389
INTS9,-1.1514916398442168
MRPL11,-2.215087814001781
POLR2C,-0.2381863973107293
STRADA,-0.27161225327710725
ERCC6L2,1.7297022691731194
IPO9,0.47261843614900867
GPKOW,-0.31010906021468004
CDX1,-0.06748010076765629
BRD2,0.2605151569720414
WRNIP1,1.6091277472879957
POLD1,-1.6176934545034876
HIST1H1T,0.7069385299294704
PHLPP1,2.264764497084412
DDX25,-1.3600125007620278
EP400,-1.4045428982746089
PSMB3,-1.2751314404097367
NSUN2,0.6283143130867063
TALDO1,-1.6397678976631602
CLEC16A,1.4895075178356498
CACTIN,-0.2350932968878864
DHX32,-0.569029140461599
TSR2,0.22119744897273058
LDHA,-0.6539003851237961
PABPN1,-0.9921459861524041
ALDH9A1,-1.2440284305150544
XRN2,-0.5005426757115253
DHX34,-1.1319242114437558
DIS3,0.4256386991439745
PRPF38A,0.5614487644496752
TAB1,-1.2720865655433478
HIST1H4H,-0.740693965283495
PAWR,0.2838353970443392
GTSE1,-0.17472618833239412
GTF3C4,-1.2472651855730854
DNASE1L3,-0.782948121510364
KCNH5,1.0211259294994117
KCNH1,1.0970243885486284
ATAD5,-1.3711260458870336
UTP23,-0.9089160359053367
UTP20,-1.3470477764271864
GANAB,-0.6225246131040132
GDAP1,-0.9196013223236645
ADARB2,0.11714143858284173
CDC45,-2.1367278667674
CHAF1B,-1.2624797632055762
UBTF,-2.3183414614136835
KIF4A,-1.6403151613462135
CDCA8,-1.8854985723401279
MCM10,-1.048150321702171
AKAP8L,-1.5157252285180616
HDGF,-1.1227223474714625
RECQL5,-0.20894560523643554
MED6,-1.8513680794122287
ZNF609,-0.8383819420897105
ZNF330,-1.012327857879599
PATL1,0.8457228107504655
ZMAT3,2.1573420830184205
MYBL2,-1.82531079126207
PAPOLG,0.523706873304735
KMT5A,-1.7041773885446128
POLR3B,0.19682003050495786
OIP5,-1.5671126477576143
SLC25A3,0.00304328584240086
PRMT6,1.4368453352598676
PQBP1,0.2708787811141224
AEN,-0.9336971907413131
GINS1,-1.517380698774977
CEP55,-1.522443819578247
G2E3,-1.0111883668976587
NUP58,-0.9264512017035822
OCRL,0.36583111628886744
ATAD2,-1.524648758656542
SPAG5,-1.4338826957445698
PCLAF,-1.8522207201039582
AKIRIN1,-0.642096756715316
DNAJC10,0.5890995251077413
MBTPS2,1.444104577477891
DR1,-2.284456477914372
EIF4G2,-0.2449468845335951
CHD4,-1.2713025856324842
CDC25C,-0.7810390588083719
CDC25A,-0.5789989035576442
POLR2H,-1.7198386014566398
POLR2J,-1.7943543779001503
AGO1,-1.1429847956405677
AVEN,-1.5501112219903534
APAF1,-1.2739221870771749
HELLS,-2.08678100145256
HIST1H1D,1.5581196941093847
HIST1H1B,-1.1081147909056466
KIF20B,0.5623734419133869
OVOL2,-1.0025276669157799
OVOL1,-0.9360689567301026
ESCO2,-0.8230209796079091
PSPC1,0.7415647552958204
METTL16,-0.6802626214631663
ZMYM4,-0.5949049189084277
SRFBP1,-0.9761568290862918
MACROD1,-0.7319043236967416
R3HCC1L,2.0585330968937066
DDX60L,-0.5384432624697809
IL7R,-1.6102703459236527
ODR4,2.346879459946525
H3F3B,-0.9583386199237084
H3F3A,-1.689229264304985
PDAP1,-0.6945680219849674
MPP5,0.0172447812418105
SS18,-1.5268385350345157
CDK5RAP1,2.780172270099754
DHFR,-1.4493297931520863
MDC1,-1.8757112711423327
KIF18A,-0.36096276230381763
TRIP13,-1.1521690009773498
LIN7C,-1.1655659247696653
UHMK1,0.3781494619877448
BARD1,-1.596617374816342
BAZ1B,-1.8247409613092636
EXO1,-2.0288927780364325
DEPDC1,-1.2989494748368284
ALKBH5,-0.5278182225893089
ATM,-0.660125489926285
SMPD4,0.47892171868851136
FASN,0.6702693957968904
H1F0,-0.5138123707820876
NPAT,-1.3017552631004352
CALR,-1.1909354192953008
SKOR1,-0.7969882537593652
LOC107987487,0.20485401889699245
ELAC2,-0.5814888035967329
PRKCI,-0.10091532388597893
SCRIB,-0.8615643108479137
CWC25,0.7455409677333669
TRUB1,-1.203842306781307
NUP214,-0.7282599099542663
EMD,-0.9019992525715014
EPB41,-0.004031298163458078
GLYR1,-1.3729862766456489
TOP3A,-0.24958665512357392
TOP3B,-1.5124717194802129
KRT5,-1.671150944609604
RABEP1,-1.0067313937921518
BIRC5,-2.0386944732068746
NKX2-1,0.5253533658006907
PINX1,-1.1879936217586733
DGCR8,0.435944487717934
LOC107987491,0.40417654012266324
RPP40,-0.9170545234052938
HLA-B,-1.8558000682824496
H2AFY,-0.9284318357838683
NCAPG2,-1.8484004088557142
HAUS1,1.3073445422524597
TFE3,-1.0950115820015975
HIST1H2BB,-0.8714360739950744
HIST1H2BM,-1.2883251905400903
VAV2,-0.7552092179508603
FYTTD1,0.853412810327614
TP63,0.6775353825709093
GNL3L,0.3470408457014591
NAA25,0.07581242684784335
LRRC8A,-0.41171187965569
IGFLR1,-0.6665067793245218
U2AF1L5,0.384406217580111
NPM3,-1.276935636246659
PARPBP,-1.363845512782252
RIC1,0.5815466148938666
PRIM1,-0.5864858904856036
PRIM2,-0.1991573913692118
NCAPD2,-0.9213043236087759
HIST2H3D,-1.681414116371577
HIST2H3C,0.15272002522125327
EMC1,1.6505997778610944
SMC5,-0.04362413557722953
NAA35,0.43700336402490586
RBM3,-1.5023861892660098
ZMYND11,0.18904896739502636
IVNS1ABP,1.2758457782320873
C1orf112,-1.593197826180578
URB2,-1.4953631746212637
CENPF,-0.8237234052307657
CENPE,-1.9307976779786649
CENPA,-2.3202515972422932
MPHOSPH9,-0.4936765450530468
DDX59,0.8164665616334026
DDX53,-1.4473486780165004
NSD3,-1.5846381732554573
WDHD1,-0.2634978075711059
RACGAP1,-2.036744081823354
CEP250,2.057004466638976
UHRF1,-0.9465201658669116
MCMBP,-0.9900551073252831
SMN2,-1.109862800824633
ILRUN,-0.9560455991975773
NLGN1,-0.8615371837003217
CSTF3,0.4923858187878058
CSTF2,-0.7621523279144469
CCNT1,-1.4958367007582305
CREBZF,0.9234667010324507
BRCA2,-1.615384527650833
WNK1,-0.29106335233295494
ACOT7,-0.2861477527097794
USP36,-1.5029516573524317
RBBP5,-0.41587149364983594
KIF22,-1.6841848986078007
ACSBG1,0.0005069744933982804
XRCC4,1.1840030086289406
DDX60,-1.2509860162710273
LMNB2,-1.9488062641946473
PHF6,0.9299816183040692
PHF1,-1.615970785408833
RPP30,-0.7186487099948843
KCNA4,-0.025349543455158254
KCNA2,0.9261316760857217
KCNA3,-0.05430925841858819
RAD51C,-0.08206216172300916
ERLIN1,-0.6111224577869995
CTDSPL2,-1.3635063440081967
HMGXB4,-1.5905693424612675
CORO1C,-0.5982342752549175
DNA2,-1.763307890730879
KRT14,-1.496823461189688
NFATC2IP,0.9047783293091586
CASP3,-0.5823341269403334
CASP8,-0.16740814295105283
PLK4,1.0199826575494197
ADAD1,-1.8342853960133327
ADAD2,-1.8131053218788742
GRK5,-0.1432129801457095
CAPN2,-0.8218213088959709
COG8,-0.7758417810903683
PCBP2,-0.26903621884329537
SMC1A,0.11867397425890193
ACE,-0.7032581717161311
DNHD1,-0.5837214460436603
HNRNPUL2,-0.25801803308468657
KCTD20,0.2911425831541694
FKBP5,-1.1541084108270698
PPP4R3A,-0.9456936017542189
APBB1,-0.8142883651109089
GABARAP,-0.17660982537434716
WDR4,-0.7904755391861044
IWS1,-1.3688289413212067
MYD88,-0.6715672827575153
HMGN1,-0.5498847812632385
DTL,-0.6860975268806677
MSH3,-1.0082726472979364
HNRNPCL2,-0.7954386524002097
DEPDC1B,-1.6730764618372242
SPDL1,-1.819588921662162
TAF15,-1.5127868799132018
TNFRSF10D,-0.8945833308284864
CDC6,-2.3028001780157314
KNTC1,1.8383925283761993
RBM19,-0.46839009451048047
TMEM259,-1.2464345894813784
CPSF7,-0.5785492791225643
CPSF1,0.009284223761665747
RNMT,-1.1333431927765893
PMPCA,-0.6745391739108821
MBD2,-1.093166669335746
PATZ1,-0.02119851490396272
RBBP8,-1.1823406233916791
SLC29A1,-0.8326161438976862
CCNE2,-1.448581089326174
FTSJ1,0.3414809198107632
L1TD1,1.9829132920899821
ZWILCH,-2.0489223486291954
DTYMK,-1.8953731203856328
PIWIL4,-0.7851306915463012
PIWIL3,-0.9415700058248747
KIF14,-0.05769284746528538
FANCD2,-1.7028048196686874
CBX5,-0.9291141645600686
IGF2BP1,-1.6041502768075897
KIF1C,-0.623769570018311
NFE2L1,-0.9868579365684301
CD247,-0.7358149843704288
ABCB1,0.6319032724483367
DHODH,-0.5084506155708849
NCAPH,-0.18029168269766044
NCAPG,-2.049565935002646
TNFRSF14,-1.8923411098071174
CRK,0.04560489659157201
POLE2,-1.6691782791172738
TFDP1,-1.7007207965070879
RHOT2,0.02624806473353774
EHMT2,1.0703853022405956
NUSAP1,-1.7661770242229209
ZBED4,-1.075198067140832
SHCBP1,-1.7033293214636904
GPD2,-1.205828719363226
SUV39H2,-1.47326933115043
MAP3K14,-1.3157121801414462
BCL2L2,-0.3491572700357819
TMOD2,-0.6468860015574884
ZNF281,-0.9327531861929705
HEXIM1,-0.9552772615607177
IDE,2.396003595836583
GUF1,-0.9940029256039148
HNRNPL,0.018678625645650662
MRM3,-0.7602507053939075
STAU2,-0.2568838535951945
FBXO46,-1.1875605385676713
RAB35,1.152144950282664
HNRNPA1L2,0.02769689507885008
CFL2,-1.392236361600847
NFIA,-0.1691998667227289
NELFA,-1.0226208041877265
MEN1,-0.3586539290355318
MVK,0.4757515314512075
BUB1B,-1.939743309316181
SMARCD1,-2.4312619109869336
CD3EAP,-0.8620694172874082
PIDD1,-1.4071476164110406
KLC1,2.8723761462864035
SOX12,-0.8412834628878574
HPDL,-0.6985035721668339
FLNA,0.07626989588744099
LETM1,-0.6886732164889652
ENTR1,1.5696803695688988
POLE,-1.2558258940697895
INTS5,0.8168419582013281
HIC2,0.4329101452314005
CKS1B,-0.9282758089077275
TM9SF1,-0.6191390826821647
PTTG1,-1.8408644797202482
SZT2,-0.6602761388633549
TEDC2,-1.5960337552350987
IGSF8,-0.51867055487966
MED19,-0.9376209721556016
CHAF1A,-1.3278270076572736
TRMU,-0.4548948663562395
CDK16,-1.0628112051388678
PDCD2L,-0.9455259610376007
KIF18B,-1.0093731505066275
SFSWAP,-1.1160924248843738
TBL1X,-0.32582511629706495
TBL1Y,-0.7220519546849953
HEXA,-0.32359496298739415
MBD3,-1.1000058312237972
TLN1,-0.9134814607568202
SIX4,0.5921388178905066
HDAC6,-0.5494739945807362
CDKN2A,-0.942691451428263
TSC22D4,-1.3682636907106254
PAFAH1B3,-1.8903568542964306
SLC2A1,0.9537119897706469
KCNH4,0.35266628989149906
SLC4A2,-1.3000604236373496
RECQL4,-1.3501097258970878
SLC29A2,-0.7036639676641738
CCNE1,-1.736925465621536
TIMELESS,-1.6436956160069722
GYS1,-0.23696914097115615
RAD54L2,0.5059324790549293
SMYD5,-1.6813235434590874
RAG1,-1.3476942451618237
TELO2,0.38593387476197905
FGFR1OP,1.3185144123881698
GTPBP3,0.21019372583605203
PIMREG,0.5263868242570462
SLX4,-1.1654333673686335
FANCG,-1.6503080903929888
CLASRP,-1.37951279280532
RALGDS,-1.3248205849231
MED22,-0.6268796905433466
PARD3,0.17215277192641523
HOXA7,0.21596573046170545
MFSD12,-0.31473496287139147
CDK8,-1.9549510702205375
DSCC1,0.6402493356584524
MAD2L1,-1.4135690812426158
C19orf24,-0.7167883017961892
AQP2,0.29269169152030966
DRG2,-1.0502424931428485
RAD54L,-1.6854286853186955
FASTK,-1.0306648040437143
CIAO3,1.169022821309853
ZAP70,-0.4290581669402062
DNAJC11,-0.01999706620694848
INTS1,-0.9645316488464748
THOP1,-1.1702260031129552
ETV4,0.8028195205338081
TYMS,-0.32678912816613587
SAE1,0.18975320866827933
PAGR1,-0.018247415124819564
RAD9A,-1.440182503874023
RRP7A,-0.6753891836567779
RANBP10,-0.568167186188418
EML3,-1.2007126311511958
CLN6,-0.33652824606468884
ZNF574,-0.1436965529630508
WDR62,0.7892413968676008
NUP210,-1.8092061219233737
PNKP,-1.6718515680210935
GPATCH4,0.7006219445349577
CLSPN,-1.6428498867953487
MRPL28,-2.116785575194871
NPTX1,-0.5700410054778778
XRCC3,-0.9244820758983292
USP44,-0.6089943105504336
ORC6,-1.639493260927361
PLCB3,0.8774471618950073
GPHN,-0.6957385656073789
RHBDF2,-0.28586800308977967
POLA2,-0.9084069279737481
CTNND1,-0.1582205725870042
IL1A,-0.0672586165411702
IFNB1,1.7676496021947923
ERN2,0.28941926355351805
POU5F1,0.3784623427101957
LRP5,10.023795967338183
NABP2,-0.9339150956445896
GATAD2A,-1.2256568394073668
SIGMAR1,1.7586606904271997
RPAP1,-0.1523485083611805
NUP188,0.4033746697430804
ATG7,-1.3586229630449398
TERT,0.5572028988026191
KMT2B,-0.5653561411172208
PSMC3IP,-1.4759796669361178
PIGR,0.8019627052392158
WRAP53,-0.9384710912242291
CDKN3,-1.4690671237208874
CTRL,-7.836273137980666e-05
MRGBP,-1.6769717666386303
HBB,-0.4978629632055428
HRNR,-0.7046230767800234
ZNF142,-0.2206715177214187
DENND2D,-1.2921587891629243
GRK6,-0.3521208485522457
NSMF,-1.0322712367591236
GOLGA1,0.6875188947708328
GOLGA2,-1.1148533508650869
ZNF787,-1.5372937901347155
SEPT11,-0.30424246000660726
MED15,-0.25638260274353686
MED16,-1.7111622050546385
CSNK1G2,0.35746722369230916
CCDC85B,-0.8397182587444042
PELP1,-1.1455124447428084
SCARB1,0.6668084691435876
HIRIP3,-0.65156324533425
RASSF9,-0.663358757231123
STMN1,-1.2041944063407928
PTOV1,-1.7086652301191363
DNM2,0.17723427555798693
RSAD1,-1.2407140280975086
HAUS5,2.0019388460921164
ZNF282,-1.2132898064317954
SIRT6,-0.9203557343801662
TMEM94,0.6548623336607925
PLEC,-1.2134415952858584
TAF6,-1.1789578176052995
PEX5,1.0295617667134827
CTDNEP1,-1.4682695860646522
RFWD3,1.4434670374162506
ARMC6,-0.8394605708085996
JMJD4,-1.174018746112724
GPN1,0.7002176122056818
TCF20,-0.2930375551155592
HMGA1,-1.4410278874350224
FHOD1,2.2696992606384274
RIN1,0.4267333110661718
CARM1,-2.1229439059269235
OXCT1,-0.5940230938314423
KIF20A,-1.5427725465131932
FOPNL,2.1287231703912504
HSPBP1,0.49773033218446366
HJURP,-1.7525385331027998
HCFC1,-0.9550803121187187
PAXX,-0.8929227993820803
TTLL12,-0.8399419167933819
TSSC4,0.7328356246423249
MTA1,-0.5894549348637345
NF2,-0.6988994627701574
ANLN,-1.6438573584137086
ARMC9,-0.45408852692984863
SSBP3,-1.0418037581373005
NSRP1,-0.9541910016831557
BLOC1S6,-1.0292583964731252
CEP120,3.3262240956550992
ARHGAP21,0.33548522937077285
MMGT1,-0.2111629319801713
DOCK7,-0.8245383583512007
CIAO1,0.9555504300764972
JMY,-1.1418741319368602
RCN1,0.7868660062029662
NEPRO,-0.6255501939779811
EXOC6,-0.3170958658493147
WEE1,-1.2995877593294751
DIAPH2,-0.0050708866320150255
NXF2B,-1.0771493002083763
NXF3,-0.762133176213728
SENP1,-1.0279883581646339
CUX1,-1.2192937893198597
HOXC13,-0.2420337271649573
NAB1,-0.3751573047815361
OTUD4,-0.5310307213403463
NXF5,-0.6278609372272773
MECP2,-1.019572517252048
RGPD2,-0.6618720260108446
RGPD1,0.5007850783314991
RGPD4,-0.6921108055673675
RGPD5,-0.9426509758507035
GEMIN8,0.7109606977894473
PRKD3,1.302947266691951
FOXI2,-0.6608425432327064
IFIH1,-1.511257718077043
NFX1,0.405917629371552
MAD1L1,0.1682054359249334
SKA1,-1.2682625547128694
SKA2,-1.3854502784155456
CDCA5,-1.6625717415605283
UXS1,1.470831785218988
QRICH2,0.24685663599390556
AAAS,-1.2078312935716835
TMEM33,-1.1572546535414967
CDCA2,-1.3397406406134373
CENPO,-0.30230892279746874
CENPN,-1.7103990266774367
CENPM,-1.7557244491482327
CENPL,-1.264698843238082
CENPI,-1.367093494752672
CENPH,-1.5032092566250523
CHM,9.191697793214535
PROSER1,-1.2171759144270218
CCL13,-1.509622839446256
NUP88,-0.6924795388262484
POM121C,-1.257015731078492
CCAR2,0.9824735446400463
SGO2,-1.3103732329502862
ESPL1,-1.9124512047810183
GTF2E2,-1.5515076044204725
NEK9,-1.3966973474515836
INCENP,-1.3757484169488132
BUB1,-0.32041810445274405
CD70,0.19452603789396694
HDAC8,-0.940433202280366
TPM4,0.3012362185317015
RANBP3,0.060930230866418515
PAF1,0.5846645613538314
FOXL1,-0.8393290496913683
ZW10,-0.994128119258734
MFN2,-0.9253529562822381
CDK7,-1.0390414434715494
ITGB3BP,-0.6007672003864007
KNL1,-1.1280046283837326
PBX2P1,-0.4809650118951752
PBX1,-0.3799145792831168
NSUN6,0.5535624347403313
RAPGEF3,2.657698338853989
UNK,-1.4340038956832462
NDC1,0.12841877040449157
HDAC11,-1.4263605455207438
GBF1,-1.481266227267593
KAT2A,-1.1051352731209567
B9D2,2.1155187065832926
POMZP3,-1.1689694723259931
TENT4A,0.853894519678321
DSN1,-1.4103449625934996
ZNF318,-0.03442874925350662
TMEM209,2.3848658442517054
ERCC6L,-1.4401605361953826
PPP2R1B,0.9937410734744848
CENPS,-1.197940040042351
NADK,0.9654167354784638
HPS5,0.20735364634936898
MSI2,1.729648037292061
MSI1,1.9536970960532127
POLR3A,-0.3113966311256632
POGZ,-1.0215540713558509
CENPT,-1.4607902801605972
CENPU,-2.094856666720365
CENPP,-1.294913449421722
NUF2,-1.5231339058643927
QTRT2,-0.5516240530684656
PMF1,-1.9510302856150592
FAM193A,0.5539585201355137
SGO1,-1.6547105225556256
SPC25,-1.2761394557739492
SPC24,-1.0932341788391577
PHF21A,3.1846879626342557
CENPQ,0.4197956402586441
MMS19,-0.04906263671240583
ASXL1,0.313303023041116
ZBTB33,-0.22720981270339066
ODF2,1.7582318193095223
NXF2,-1.1438601618439008
SIK3,-1.130165307532722
SFMBT1,-0.6533789670209923
PBX3,-1.1343036727964155
KDM6A,0.5627602621750623
LIN54,-1.1791521108667966
ELL,-1.485831397568868
SNUPN,-1.5062554332587919
SYNE2,0.16400229395808977
NXT2,0.6538252924046696
STAT5B,0.36470656345134633
HSPA1B,-1.4908658529776815
NUP43,-0.2823101685393538
RCC2,-0.14380461595883773
RANBP3L,-0.5667191992933829
IGF1R,-0.6403578134926569
WIPI2,2.1356219437386224
SOX13,1.0921789904321413
CHRAC1,-0.7378011715603738
TP53I3,-1.0250646243483754
ZNF428,-1.2756336592933137
SESN1,-1.0580518622109052
DCTN2,1.573408362515526
POLL,-0.4792619542793499
POLQ,-1.4198072206495902
HIST1H2BO,-1.0222673656353312
TFPT,-0.5099633937542892
AIG1,-0.2632776637508525
NFRKB,-1.4526496014030892
ZFYVE26,-1.3778201372201226
GTF2H2C,-0.3854974307828719
SPIN2B,1.0079678144324267
APOBEC3C,-1.3456691696899654
ABCA1,1.0695562227565518
COPS7B,-1.2842078938910464
COPS7A,-1.640902504540993
MAPKBP1,-1.2156364414252396
WDR76,0.47756083673497285
LDB2,0.5801659848377577
AASDH,-0.5492557021092489
CSAD,-1.3540978142929077
TMEM43,-0.9612744147472875
COPS6,-0.8999361335754776
ORAI3,-0.23856171783804103
DNAJB5,-1.2400168713556425
GORASP1,-1.075701800064765
MTMR14,0.22347544206183134
PGGHG,1.0341563388528705
OXLD1,-1.5764161289263863
NAA40,-0.7413880389917451
PHLDA3,-0.8033549947299796
HIST1H3A,0.13605729590916002
GOLGB1,0.8225228486354912
BCL2,-0.582333228296384
PTPN14,-0.21730385817575135
RRM2B,-0.31504138983515767
PHF8,-1.207383229474281
MSMO1,2.444253893930269
H2AFY2,-1.4385158433461118
FOXO1,0.23533089188184317
HIST2H2BE,-1.9342277969394337
BBC3,-0.15638453025932786
INO80E,-1.2216182365191457
INO80B,-1.2300169348127457
INO80C,-0.027207853656709583
RPA4,-0.5551311401682774
ATXN3,-1.361899906592437
EPM2AIP1,0.5632913462402581
ZNF512B,-1.3647415739532103
PLIN2,1.4336198788289716
OGG1,-1.5854017452355376
CRCP,0.743315341381713
POC5,1.9540089520399713
FAXDC2,-0.7802537425834399
CHD2,-1.40997528982833
HIST1H2BD,-1.7065637792128576
HIST1H2BG,-1.232449377451866
HIST1H2BA,-1.60804511904105
AKR7A3,-0.6930223460088231
APLF,-0.09664275929677485
ACTR8,-0.3770416534793883
ACTR5,-1.4059055009769836
PIAS3,-0.9214079290444755
HIST1H2AG,-1.5189754282595902
NGLY1,-0.13916373010570401
DGKA,3.1832015327630043
PLXNB2,-0.896596050858352
FGFR1OP2,-1.2722945069865677
HIST1H4F,-1.399369368981063
HIST1H4A,-0.03247404561500651
ADIPOQ,1.2919555156809182
ZDHHC13,-0.10053572544106824
ZNF703,-0.7005950258519466
ZSWIM4,-0.4341679693034369
SPTLC2,-0.6182987437803887
MACO1,-0.9829590825006754
TMEM53,-0.037584037230130554
MUC2,0.5893949692490245
SP4,1.2336015622120953
SP7,3.4250612735945203
AKIRIN2,-0.4174440061415184
TMLHE,0.16549465923749354
LMO1,0.09128692571045222
ITGA2,1.6651619961351802
ALDH3A1,0.1992106373693402
SWAP70,-1.2972012397462052
APOA2,-1.1643988351181567
PHLDA2,-0.018513050239515924
CYP27B1,1.6707517986947245
AGPAT3,0.4119184964216597
PRSS50,-0.9092000284267299
RAG2,0.9610559661324711
RPS6KA4,-0.3894020251189844
HLX,0.26430172759820714
NR0B2,-0.7544668505881734
ZNF296,-0.48048388233540784
CD40LG,-0.5685892136695406
TRERF1,-0.8432175510430612
MIOS,2.6199250325433043
ZSWIM3,-0.873311676357247
TCEA3,-0.06461889898566534
CHTF18,-1.066513517258757
PAAF1,0.240797126493226
BDKRB2,-0.42947830215857113
CLPTM1,-1.2373005180300196
SPHK2,0.08445199805548899
FIZ1,-0.21322383450879906
ZNF780A,-1.2612202475031673
RHEBL1,-0.2727778612948455
CDCA3,-1.0614370678603746
CDCA7,-1.4141626827951224
MNDA,-0.41617958685880113
RSF1,0.3922455732376321
ZNF687,-1.3460454262663837
THAP8,-0.38679391907289223
DZIP1L,-0.21680720289197727
NQO1,0.097720365857041
SIX5,0.5350546592487968
CLOCK,-0.9861830909169877
MR1,-1.3453687103027092
HTN3,1.4791054329189113
RELB,-1.6785106380455452
ZFP64,-0.30052113034631356
HMG20B,-1.9014079471398901
ARRDC4,-0.07079350069041032
KLKB1,0.7074070824973278
COL7A1,-0.5998465564897327
ELK4,-0.24897740992304448
RBM18,-0.9778603118190936
FOXP2,0.3598314037049734
FOXP1,-0.6955754435324633
BCL11B,-0.76494029583207
FOXP4,2.1268033504101824
ZNF597,-0.4729536605452824
ZNF595,-0.9549922627115371
GAST,0.9184696318919834
LHCGR,3.1338631546142435
CAMTA1,-0.77248291264404
TNS1,0.35825114786329004
IGF1,1.4512993622474342
GCG,1.2834266759561166
IGFBP1,-0.03621202856735001
HBE1,0.7654067243103895
CYP2R1,2.2521863708320056
ABTB2,-0.4693943222217814
CYP27A1,1.6700866130269878
BTC,0.9541012333004119
MEF2D,-1.491075306855032
GAS7,-0.5985938305905855
MECOM,0.7547447894262813
CIB2,-0.5643227179026814
TGFBR2,0.44388808865102664
MTMR12,-0.39282865353839136
SEPHS2,0.12742405634062073
ZNF48,-0.9131867400519351
STMN2,-0.8231844936912212
FOXL2,-1.0945873577840337
LRRC39,1.4095494764922605
NFYC,0.9140549375791739
PITX2,2.0184567270630573
CTCFL,-1.1137104824437343
ANGPTL7,2.9632353177985395
GALNS,-0.38114222406479253
VASP,4.47034047447042
CYTH2,-0.8147894780772738
CALCR,2.3776311321676804
KATNB1,0.8658249599118998
WIPF1,-2.0460046733811548
B3GAT3,-1.126871681400903
MBNL2,-1.0759065005023212
TRIM24,1.9646217009275548
CLCN2,-0.12481297422860138
R3HDM2,0.3325278329857604
FLRT1,0.13022088735488643
FLRT3,-0.5778238621527587
KAT8,-0.7083030003580804
TTC16,1.4228166320107685
DMD,0.6196584042516359
C16orf72,0.07081369506317806
DNAJC27,-0.30589766762580145
SLC31A1,0.2067545131020161
ZNF223,-0.6652029051091426
ZFP91,-1.2754759321209836
EGR2,-0.03861477311936168
PPARGC1A,0.29190880658744656
SUPT20H,-1.4620164354911602
RPUSD4,-0.3059540614701325
ZFAT,-0.3636108706639044
PTPN4,-0.3318151883173143
GINS4,-1.0860190163781247
LRCH4,-0.5985148505717534
LRCH2,-0.34400693365353835
LRCH3,-0.8318598216342891
DENND6A,0.5132878356620907
ZNF385A,-0.0889030156250911
PSMA1,-0.42634025556093474
ZSCAN29,-0.640938469125099
TSSK6,0.03960080742303246
PDHA1,-0.42702621916127714
LCAT,-0.9440059384683285
MSH5,-0.4753489618565691
SRY,2.2059242945835487
SOX9,0.32117884637509
AGPAT1,0.23660142189750258
FOXO4,-0.2546523110336954
PRICKLE4,-0.9296455576330989
LRRC8C,-0.11221566757436827
RGS3,-0.010715638798725164
PLAG1,-1.1706115217680841
KIR2DL4,-0.8563849974741435
PIGV,1.032118772830294
NAB2,-1.4575496732548097
COQ8B,-0.5903158427709752
MGARP,-0.08562023200616728
FXYD1,0.3753278117637266
ZFAND4,-0.5141390944666294
KLRG1,-0.3836533187707794
ARHGAP26,0.9162898899659508
PPP1R16A,-0.6364916855737139
PPP1R16B,-1.1957290451389808
ZSCAN20,-0.769291551142555
ZSCAN21,0.3297527749331849
DDIT4,-1.3973995127190024
ABHD2,0.8398889556332951
NUCB2,-1.3173303615507614
BMP7,0.6746671389748585
BMP4,0.36218714567554866
BMP2,1.0875797886625964
MAF1,-1.4255835743016452
NR1I3,0.5100557697162904
NR1I2,0.523849365856679
PACSIN2,0.7493136724874316
CCNI,-1.2041505256293266
CCNK,2.0372385611664225
RASSF1,0.09824046289013044
RASSF2,0.493130720171675
CCHCR1,-1.5412318480185985
MNT,0.5988514086900648
CRMP1,0.14589825115425892
SLC49A4,3.6880722995005653
VPS35L,-0.187260941384398
PRDM16,-0.5790784200504645
PRDM13,-0.6090586704630848
TMEM60,-0.8682895453414601
PRKCZ,-0.32968742803188894
CASKIN2,0.3992532216220643
CASKIN1,-0.8054061586261626
ZNF629,0.8049950631333145
RAP2B,-1.2105904408667592
ESRRB,1.1609914064950657
ADA,-0.6686041577651396
TSNAXIP1,-0.9697505198302783
ADH6,-0.7256674596193242
BABAM2,0.06873191093058283
RASL12,1.3564956634153025
HIST1H2AM,-1.2769811372150235
HIST1H2AI,-1.1508995277987364
ANKHD1,3.5062039026520373
HIST1H2AE,-0.9732093188154327
NRIP3,-0.5264027503292522
SWSAP1,-0.7017018117780717
HIST1H2AB,-1.0211214145376266
BCL2L11,-1.5209282614485444
ZNF556,1.4747107868460425
SIN3B,-0.6507283769413005
NCDN,0.3387868666504425
DENND1A,0.2515423466159859
REPIN1,-1.144168175475145
PTH,2.2106600645113894
RSU1,-0.6647968275125263
GNA12,0.3212727875355537
GNA11,0.058806288689546085
SDHC,-0.44036549933903474
MUSK,1.4497408890912247
MOCS3,0.06059738636147288
LHX3,0.8820677449524638
PTGER4,0.32706026444529124
SOX6,-0.48300354684590996
ZMYM2,1.2878689988144731
SLC38A7,-0.791161458050879
LHB,0.7917066635336579
CXCL12,0.5109040980321617
ADRA1D,1.40666010037892
SIRT2,-0.9142691605463827
HIP1R,-1.0297134000567782
LTC4S,-0.6563221308939708
ZIC4,1.1430570554717288
ZIC5,0.7624362773863108
ZIC1,1.2706815019770816
CCL20,-0.8250177444850948
GUCY2C,2.830443361806661
HOXB3,0.30335866634570313
HOXB7,0.12181913197639173
RNF40,-1.6466518412560687
TYRO3,-0.14400783247680848
WDFY2,1.7306363887886482
ASH2L,2.043572640921908
ANKRD35,-0.6212679471425802
ANKRD39,0.6789217978650394
NR2F6,-1.056700072876257
CISH,-1.2499998214640669
ELL2,0.035127464450408645
INHA,1.987835249886452
CTF1,0.11249231694720177
ZNF80,0.6431458292194122
LDLR,-0.3006102046095242
CYP2C9,1.972992881689143
IL2RB,-2.0536612549769044
TPCN1,1.7288652746958537
SCARF1,0.5121197510762779
LMO2,0.2601840849769675
WDR81,-0.4862666233426344
ERC1,0.5704120827207532
CBLL1,-0.16692079985800656
ZMYND8,-0.24647886985492168
CASZ1,-0.9284538185777426
HERPUD2,-0.7264356103404609
CDK19,-1.8641345432649274
LPIN1,-0.12441461327814184
KLF7,-0.09970662425708302
KLF6,-0.3625732814356006
KLF9,-1.0410474918378727
KCNAB1,0.5103514071689019
MMP28,-0.43675272848049296
POU1F1,0.7797750885252228
MAP3K11,-0.7815103826210075
MAP3K19,0.1722728548539722
IDI1,-0.7956069493270169
JOSD2,-0.6530160083942647
SCRT2,-0.46133900447299625
RPUSD1,-0.994399348453762
RARG,2.1675725362112677
B3GNT9,-0.5448047551383522
CACUL1,-0.7955868562811385
CDKN2B,-0.24004469381587695
CXCL1,-0.45912808460525556
CDKN2D,-1.290708062034233
NEB,-0.25891280315085063
PLAGL2,-1.569931471703764
YIPF4,0.19143591905154136
CCL2,-0.7082609433071113
NFATC1,-1.4313700580302793
PER3,-0.7768978715374542
FOXA3,-0.6864608895730855
FOXA2,1.2308077062563767
EPS8L1,1.7486080474595576
UBP1,0.18626493218976461
GTF2IRD1,-0.7394231267936989
EPAS1,2.2688970681060225
DEPDC5,-0.7223741887605911
SLC22A5,-0.9496478337941828
ELOA,0.7526790741069161
FLT1,0.39581355143754604
PODN,1.1524083583620244
S1PR1,0.09308441281719285
AAMP,-0.21607317269695842
IL6R,-1.3545378662037042
ASIC2,-0.7495295258517632
LRRFIP2,-0.5915954105244379
ICE2,2.1104376249342787
IRS2,0.20237870726456766
OBSCN,0.115395060926398
CEP57,1.4843572861967091
CYP17A1,1.8036441497576505
RGL3,-0.41684406251802336
XPR1,3.14587728127359
PRKCH,-0.3999207381268425
PRKCD,2.04934272170718
SOX11,1.086136485770941
HIST1H3H,0.4032675955488136
NRIP2,-0.740180317431103
FKBP14,0.4091011153772559
FKBP15,0.9445885366618487
TBX21,-1.668830029836965
PPP4R1,-0.5198640584803544
PPP1R3D,-0.6966051573947389
MAP3K3,-1.5059549934325076
MAP3K6,1.081724147456484
ZNF575,-0.9995627448906604
ZNF576,-0.993696386372301
KIAA0319L,-0.7183029599543808
CTSL,-0.048986270888227205
PASK,-1.3275349420870246
OMA1,0.558854976739758
PCYT1A,9.993258993779284
HIRA,-1.560640077761933
CXCL8,-0.14840322348416962
SPEG,-0.8083337396005593
FGFR1,-0.9017113241593601
GFOD2,0.7964987796498143
AHNAK,-0.250806705106437
AFF4,-0.29626239079322986
PDPR,-0.7651710640321746
GUCA2A,1.2702266218194793
FOS,0.5127331799414191
HOMEZ,-0.6968260334676039
PLPP6,-1.4876159043890864
ST8SIA4,-0.40360015659008597
ZBTB4,0.9719755204694368
PRL,0.8917274386038466
DMAC2,-0.3398721604914433
KRT1,-1.7253426951505912
IL1B,-0.3776796427427059
KRT8,-1.2034037078933157
SIK2,0.9823661623069947
RABEP2,-0.9782869450977543
PENK,0.27366861452520663
ZIM2,1.055884080393452
BCL11A,0.1001913209779774
SALL1,0.37133102866311624
SALL3,-0.32985850178203063
CD180,-1.3067482392144811
CYP1A1,1.3295287694938378
IL10,-0.608487450911882
IL11,1.4120922560636744
WNT4,0.1930235690715924
IL6,0.6478706201033612
IL4,0.16811582666783334
IL2,0.4454730982394897
STX17,-1.3821588889531113
HIST1H2AK,-0.841142428645541
RUNX1T1,-0.43182198397911387
ANKRD16,-1.2268294449436907
TXNL4B,1.788600812644245
KLF13,-0.5022247072312005
KLF12,-0.7153295699108032
KLF11,-0.8137086934430583
KLF17,-1.662088167476668
KLF16,0.22264387265715174
KLF15,1.9293652293246661
SP6,-0.2794722943912206
NT5C2,1.9522350185262425
SLC44A2,0.26258138518264823
ANXA2,1.617222641351245
ZBTB7A,0.3056202325158084
SLC44A5,0.14449230440666627
ZBTB7B,1.4882051157093352
CYP2A6,0.15086455320442263
UTY,0.28128902847964077
CDKN2C,-1.064044467955795
AOC2,1.4094736072836085
MFHAS1,-0.7376958593540293
INPP4A,-0.08420991064845129
PHC2,0.6157924277964526
RNASEL,0.24702265729049755
ZNF367,-0.7344635186033571
ANKHD1-EIF4EBP3,-0.9572702055629017
BRSK1,-0.4131681036073075
TLR7,-0.8645380733740519
ZNF213,-0.6044872215368704
NFKBIB,-2.049106754385204
NFKBID,-0.6316184538413928
NOX5,1.1160664357367922
NR5A2,-0.13500819452915327
DLX4,1.0327251101136181
HIST1H2BF,-1.5327768134159663
FGF9,-0.1701035284221044
HIST1H2BN,-1.5883699568530665
FGF4,1.1278375123123643
HIST1H2BJ,-1.6968828000745986
MISP,0.6672111763639453
SLC25A40,-0.08895997949630184
TOX2,-1.0139990330688484
JAZF1,-0.739292545572013
RAB8A,4.338428232558948
SGCG,-0.9269959499455361
DUSP5,-0.725589569658339
LRRC8E,0.2821908315677807
ANKS1B,0.53629514703483
ANKS1A,0.4863180324047363
HEY1,2.489396621686572
METTL9,-0.7852451250854579
ACTRT1,-0.9296829797624562
LEP,0.28413430278880675
PITPNM1,-1.1664753494849494
NKX3-1,0.984937369936511
PITPNM2,-0.5875401401368977
TBC1D17,-0.6003843055981297
SP8,1.7169129630947713
ADAM17,0.6192663372239573
DNASE1,0.01290829319553425
TLX3,0.17257456897960247
UNC45B,-0.3397365147474578
ZBTB40,1.0620764883014122
ZBTB44,-0.3445152253697702
BRAF,1.7090724196722697
PCSK1,1.3522629657369487
PCSK5,1.9874869949163845
HIPK2,-0.5654369892322283
PMP22,-2.2139588378780357
ZNF683,-1.3924812318197606
MT-ATP6,-0.2599680320356332
PAPPA,0.30786242543075887
MIF,-0.44326605451072565
AHR,0.15362068866675543
FDX1,-0.8692806603866965
KLC4,2.1917324637978686
MMP12,-0.9741948444837188
CDKN1C,1.2582845796911244
BAZ2A,-2.013612138735621
EDNRB,1.6240934308798554
STX11,-0.3080772723933748
APOB,1.6357530269837117
TADA2B,-1.1455483259681813
ZNF512,0.6486353245771237
ZNF513,-0.39121720523440556
HOXC11,-0.11060661310926694
HOXC10,-0.6515318703570029
VEGFB,0.7193387005202325
LHX4,0.09125230843852956
TCN2,0.6253017738781517
ZNF358,-0.2441990353190712
AP3M2,-0.7498970454388101
COX7A1,0.2143754213941598
CCDC186,-1.0207744090791442
HMBS,-0.7318024786475396
HIP1,-0.4994749888394993
DMPK,-0.32850261738001046
STYX,-0.5974094801672538
ABTB1,-0.0017916329996139138
SPIB,-0.648586025412537
LTF,0.9448478393201031
AFDN,-1.1323748110099634
TP73,-0.17241905377014025
LMOD1,-0.651505695936265
GPATCH2L,-0.7922452313317787
NUBP2,-1.8568615181226247
CCNA1,-1.6764677235640293
VPS29,-0.8909814129404732
ESYT1,0.4173553796439844
PGR,0.23356135397369815
CXCR4,-0.14310947483823375
JAG2,0.3687085873563377
KLF10,0.3506770976582486
E2F7,-0.8202011311977705
CA9,1.125623977671348
E2F2,-1.278764733623517
PPP1R13B,-0.9682298666810312
MGAT4B,-0.007689710404736003
PPP1R13L,-0.6519705866006392
EVA1C,-0.2189997312372192
TNRC6A,-0.9018438377820862
GATA5,-0.5970968907953033
ARHGEF2,-0.12012997892477008
CDH15,-0.7531834576567976
MEF2C,-0.19164004752893674
ZNF232,-0.20556386196882392
CLCF1,-0.791512382437818
GH2,0.04998867870762722
SPRY2,-1.436883019310938
CSF3,0.7785646981219823
PLEKHA6,-0.6886307523366176
RRAD,0.3358387028432793
ZNF691,-0.4370793507531749
CEP68,-0.8269035971154551
SLC44A4,-0.44232501657227125
ATP7A,-1.2458605001591716
COPZ1,-0.5880228089963523
SUV39H1,1.6090597966464613
CDC42BPB,0.7068951745342902
SHH,0.29301927481558776
EPOR,-0.5643396340090703
PLA2G15,-0.7255981544489088
NR0B1,-0.12419891355362771
ZNF503,-0.5025425103641923
PCNT,2.3351031175838073
INTS11,-1.405872579983716
INTS10,-1.1650626058868712
INTS14,-1.113721884330545
USF2,0.9746520442222231
FBXO24,-0.28565040900175065
SATB1,-0.2972946201622678
STX5,-0.697835435669899
STX6,-1.5893505252249076
SLC5A1,-0.7020394330316639
RAVER1,-0.9109051668579146
ZBTB3,-0.5789795129837604
ZBTB6,-1.5588991284105218
ZBTB5,0.020014978108524276
CYP21A2,1.6230391013005363
ANKRD30BL,-1.195992758429302
CHRM1,0.3152136538851762
ABI2,-1.3036328218564006
ROCK2,0.9461783561899985
CYP2C19,0.7253784278203878
MMP9,-1.0868394654883695
CD209,-0.4073695427870173
CLN3,-0.0262681077908517
ENSA,-0.9292920732517136
LRRC4,0.1239587237476834
AQP7,0.8670643600442598
ACOT8,-1.0450957327298125
ADCY2,2.8204873217434314
KIF27,-0.06409750782349304
ADCY9,1.6077010340078415
DOCK8,-1.4498582888117657
ATRAID,-1.273987229782399
MED26,-1.1072800276731571
KANSL3,0.2821537579725811
MEIS2,-0.21391946053059743
MEIS1,0.7165462256554638
PLEKHB1,-0.2953650265908784
JUP,1.2361808031885635
PARP8,-1.457663050510421
MIER1,-0.27529062467527216
BTK,-1.8035016096251395
IL13RA1,-0.30781231548574206
HIST1H2AH,-0.9139852982775557
FGF22,0.6956072821260643
TBX3,0.15494969324413674
ZNF32,-0.6540480241140882
C18orf25,-1.2042113878150837
ZHX2,-0.06703157038323741
SUSD2,-0.2793160584626251
PUS10,-0.7438492080944893
MT-ND5,-0.7059826479654485
MT-ND4,0.02488517039913262
ZNF785,-1.1508751943667064
FOXD2,0.12713660904381316
ATRN,-0.6980617589146024
ZDHHC7,-0.8822041800326935
ATL2,1.3236367940143596
ZNF408,-0.3080418610356487
LENG1,-1.076481522290174
SNTB2,-0.957199474854355
MYBL1,-1.3438341594331717
CORO1A,-1.0563209730462837
SOD2,2.30855617170826
PRDM4,-0.7547482356069363
PRDM5,0.8369118869303607
PTHLH,0.19663942477797428
PDXDC1,-0.8636194739139683
SLC22A1,-1.039366492197208
PDE6D,4.004937767502572
SPOP,-1.7992011439883093
GTPBP2,-1.2589444050697776
CASP6,0.0681248290352125
TSEN34,-0.3768117876044577
NCAPH2,-0.5962484074415214
CASP2,-1.0676594923508205
CASP9,-1.1874120311720169
PURA,-1.805382319837749
PORCN,-1.151093971235358
QTRT1,2.252343455618348
GLG1,0.8001287810010567
LRFN5,-0.6345787283505395
RCAN1,0.6620444710555344
ZNF222,-0.4959463867094401
ALOX5,-1.324648336815437
COG7,0.6109158548232007
SNAPC3,-1.2501954946648826
SNAPC2,-0.3464735274037003
TIMM10B,-0.5380448497581408
SNAPC4,-1.2686760026476172
SERPINB2,-0.6072833541523759
TAF13,1.1272607493486733
KLHDC3,-1.4430803606341411
AKT1S1,-1.0348870740136598
ZBTB37,-0.5548463022608746
RASL11A,1.5787964018804295
HIST1H2BL,-0.998431264609021
KIF3A,2.400511985720516
IVL,-0.35459928717537714
FNBP1,0.164751054246883
PCDHB16,0.5282973958751371
MPZL1,-0.1393335007151579
HCFC1R1,-1.0658993330661957
FGF19,0.6758087318149993
CITED2,-0.14393932858343275
CGB8,-0.2329790862250422
ELL3,-1.0366025190359074
DTNA,-0.11660369173184111
CNTLN,0.07202836067964638
ZNF524,-1.0578714238022853
GTPBP1,-0.6019377299183829
DCAF11,-1.2145570912825487
DCAF17,-0.856843224368772
DSCAM,0.9370306249036601
FEZF1,-0.6696274964944827
FEZF2,0.11802509082879031
SLC35E1,-0.8688602572055665
DAPK3,-1.6652317659218814
EIPR1,-0.7013809345046674
KCNJ11,0.6327486660239826
ULK4,-0.9025567739467186
KCNJ14,1.9227524467182249
POU4F1,0.11762311171539072
RNLS,-0.012683756664759608
PTPRJ,0.4480584970064159
PGAP1,0.9893344180571103
ZFY,1.4055044827464782
ANKRD23,-0.8782292144622897
MANF,-0.9834262450741925
IRAK1,-0.7384347500941735
ZFYVE21,2.0031801601526675
GATA4,-0.2904031768507566
CCND2,-0.6570020517302564
SNAP29,-1.3742904576151138
ATF7IP2,-0.2701121011701182
PRR14,-1.0724078522913054
CSRP3,0.7121403605864682
RASL10A,0.7576976038564718
ACVR1B,0.9172871202185451
PANK3,0.2654706438410583
PDLIM2,-0.1609924199517101
SCGN,0.8314908344314317
RPRD2,-1.18675564403593
TNK1,1.5364437754821871
TFAP4,-0.23120267741349632
KRT16,-1.257776556289702
ABCB10,1.6354244700034477
PRDM1,-0.2839245939809277
HES1,0.42558544421716576
KRT19,-0.012073601446455359
KRT18,1.8490191241730376
KLHL24,-1.7895678301462812
CAPNS1,-0.6990305471892567
TLE3,-1.253092568745367
PAG1,-0.7390494854788863
KLHL28,-1.2776573763732408
TLE4,-0.7257310427455543
TAF10,-0.48133194399433493
HIST1H2BK,-1.3709565255530103
TLR8,-0.4670919398126039
ZNF212,-0.43229341873598404
RXRA,-1.118475035515174
RXRB,-1.449453783092491
GLO1,-1.3130656701433268
BCLAF3,1.4488325382732097
NTS,-0.8469236273524714
IGSF3,-0.20870494686290303
MITF,1.8019078808509048
MYOG,1.4454581006254381
ZNF646,1.3176367357605638
HSD17B1,1.0862294176382121
ZNF644,-0.4572737574809704
HSD17B4,1.0451626909099125
SLC37A1,-0.08733922928224463
BACE1,1.5609671172614026
KIF13A,-0.666110011687242
ZNF467,2.3242642965461386
ZFPM2,0.5435119650538841
PKP3,-1.77855189215232
EGF,1.4248403077097886
SLC25A10,1.4329105884274602
SLC12A4,-0.5024408548536814
EXT1,-0.7102539420411861
CNOT3,-1.4447721015352868
ARID1A,-1.697763940512707
ZNF280A,1.5611567411775622
YIPF1,-0.42311355655388155
CNOT4,-1.3686554652676133
TYR,2.1969896549981973
STAR,-0.6068981916853096
ALG1,2.458180956835337
ARL4A,0.6693952315302681
SLC11A2,-0.799690140127146
GCC1,1.2539076009797459
SMYD4,-1.1097370352333331
IRF1,-1.4422354720567296
PCNX1,-0.3855998500742725
CD99,-0.5794334737073356
MAOB,1.1026443473386034
MAOA,0.6821098661501803
SNX27,-1.227147732928953
HDAC7,-0.6882803585731944
CASP7,-0.7062140494780083
ZBTB10,0.9696033774789883
SNCAIP,-0.8822862524212483
TRAPPC12,2.3123139224783826
CNOT9,1.2816731547950995
ASCL2,-0.47085382977704293
OMG,0.007966249084439605
KIF1A,0.2756363457039135
KIF1B,-1.277199192261627
NEU1,-0.6360973895286487
SOX8,0.1625266024988208
RPRD1B,0.07900273243111276
SOX5,0.10141592487109033
SERTAD3,-1.019770560807093
BIK,0.09942311817370698
RAD54B,-1.3361509485618843
CEBPD,-0.2166806423251861
PITPNA,1.2379407136266374
MED14,0.27047792218248773
ABCB6,0.8000864872726732
LMAN2L,1.8489761719655744
INTS3,-0.7421780050960266
INTS2,-1.215919922516923
INTS7,-1.413133347296775
NOTCH4,0.3061130115367277
PPM1N,2.7775693258941936
HSF1,0.013468855292393498
CASP8AP2,-0.711952585819646
ZNF384,0.754747902103593
LINGO1,1.3344211413721199
BHLHE41,-0.8497680387932078
GADD45B,-1.7026278943233877
CETP,-0.4616068754754633
SLC25A28,-0.19032853656628962
MAN1A2,-1.1526635717281024
KIT,0.08477504780230316
MYT1,-1.7232312161660557
ZNF274,-0.887202954310539
LRTM1,3.221175947438417
SDHAF2,-0.5233564624860348
GBP1,-0.9913192563033936
CYP19A1,1.5305605191072469
RPAP2,-0.1994722751488455
INSM1,-0.1327274078208299
STRN,-0.6974712935912912
EGLN2,-0.768944405082504
TFDP2,-1.5996471080717765
CADPS2,2.355288028324732
CCDC14,0.6482691154581922
APH1A,1.229283312531749
STAT2,-1.931235272672251
CD83,-1.5975076062057532
CHRNB4,-0.4328730249886717
HBEGF,0.90436531792542
MARK1,-1.1660401942807783
FOSL2,-0.014316073602791655
CYP7A1,1.4731925039016052
PWWP2A,-1.0863036383050508
DYRK1B,1.401652705838559
NEAT1,-0.9560463524272179
ISOC2,-1.479665376563051
GNAT2,9.276723063693355
ZZEF1,-1.3319027083784862
PDE4D,0.25049367873579087
STIM1,0.319108997449026
MAP4K4,-1.358408919519894
WT1,0.029849219762042672
LIMK2,-1.0359955510652386
WASL,-1.1824830180342765
TEAD3,-1.0757235671489065
TEAD1,-0.13215111936611648
TEAD4,-1.7221014401256673
PTPN21,1.8522924160168044
ESRRG,1.0659309881440246
HSPB3,-0.514777298348618
OPRK1,0.5909181443416975
ZNF710,-1.0134766171963607
ZNF711,0.8085514885236249
DHCR7,-0.07032533500728476
CASP10,-0.32123683305996004
BDNF,2.900250289334152
ZNF76,0.45359895599567923
ZNF668,0.0686673327225407
MSRB1,-1.1357828133349
RSPRY1,1.8414026910104546
HELZ2,-0.2662041539365334
GIPC1,0.21510838053365847
ZKSCAN4,0.7503475932556839
PDGFC,0.7780198677738573
BET1L,-1.1677026516011406
TAF8,-1.0070139704263752
DDAH2,0.7662272083269435
RTN4RL1,-0.7695119971115464
DDIAS,-1.4791431285914673
IKZF2,-0.8825224432596329
CGN,0.2680987512721774
HMGA2,-0.7197554147109078
ID2,0.8027017495073588
SREBF1,-0.07104124815062049
TADA3,-0.8786842337100803
ARL4D,2.344019595827405
FSHB,1.2704333297983803
GLI4,-0.678344340328189
LUZP1,1.4858658182995388
ARMC5,-0.37268743409167115
NFIC,1.3157269727535557
NFIB,0.6687119278567919
CD163,-0.22336928854872143
KDM8,-0.49943801980971486
NFIX,0.8541921836088473
MCCC1,-1.2507521724729385
TMEM80,-0.3813346988716503
ZNF830,-0.47997514611556125
FKTN,-0.41254623889602626
TSC1,1.3909725706866771
PIN4,1.2408194219812991
RCBTB2,1.1162523958581572
SYNJ2BP,-0.6551831560666636
NUDT6,3.0826453278332635
TJP2,-0.22625823477367416
ERCC8,0.15366397895029454
UVSSA,-1.3826229304074729
NSMCE4A,-0.9617385565378467
DVL3,-1.0628054196830838
BDH2,2.0651709218456022
ZNF518A,2.9687664056595766
LOC107984056,-0.9210376690162345
GNPAT,0.9563797716969189
DCTD,0.5210219267020991
HSPB11,1.2268282113909064
PARP3,-0.8220016601991604
POLE4,-1.814576967530215
LIPT1,0.5324445726184476
CEP164,2.6712276083778557
PPCDC,0.3211856924607796
SLC38A2,-1.4263315745399687
MLLT3,0.23728111691562268
ARID3A,-1.0432225603851253
MLH3,0.06786420580310186
LYRM1,-0.8022718520573099
ABITRAM,-0.46295654238030093
PMS2,-1.1761943789839315
BCHE,-0.38028944338485243
ABHD10,1.4909836301737804
MUTYH,-0.0763438802955537
SPHAR,2.1912898071258176
HUS1,-1.393225346030009
POLD3,-1.375061554476152
PDCD4,-0.1959269953314197
SETMAR,-1.3832041095061722
IFNA1,-0.03510859176259155
DDX58,-0.6452530897633789
PCSK7,-1.2672863641103782
PCSK4,0.5119519014071917
METTL18,-0.7565031680564666
NPRL2,2.520024017959682
MBTD1,-1.0143461924046062
TCF19,-1.2633815608125563
ETAA1,2.753072762673269
TMEM267,-0.25527848521480123
ZNF341,-0.7174147382425158
BICD2,-0.12851231179320396
ITGAD,0.6595969424843842
GOLPH3L,1.6207201270008278
PELI1,-0.9599623013167006
LMO4,1.8010517092663187
ABCA2,0.7276724066655668
JRKL,1.439421519397566
HSD17B2,0.4595631050999377
ITGB8,2.6599181261549067
MAP3K12,-0.7432874035267707
ITLN1,-0.23410673625156744
CBR4,1.8432899788919526
FUT8,-1.1081132222996584
CHI3L1,-0.4610089041864757
MDM1,3.4000569439758612
WNT10A,1.5521761513344168
MIPEP,-0.8909344037642977
PTAR1,-0.9530634076795238
FCHSD2,-1.0058165182201362
CASD1,1.555452354481879
DPYSL2,0.17604274849666063
IRF2,-1.8715372877406866
CIB3,0.16131844069232293
MTO1,1.0561144054300273
BPI,-0.7282308841449852
SLC20A1,1.050409284356586
BCKDHA,2.018359362466573
AGER,-0.6722076583414354
CHSY1,0.05180337831641647
MAP3K4,-1.7172278934328844
PRPSAP2,1.822251253097538
LRRC1,0.20935647587592401
PTGS2,0.5482278749204811
ADCY7,1.7011095270148973
MYCBP,-1.2062450572808248
MSANTD2,0.6646550678971088
UNC119B,2.578179331979376
AFF1,-1.3681589965189194
UBXN2B,0.34973048914966726
SPANXN2,-0.6250931288534834
SEC14L1,0.13161972768463032
ADAMTS12,2.367569109126964
ING3,-1.3824179875438065
DBR1,1.6040569650509677
MEMO1,-1.2333857001788038
LRRN3,0.3407887943889657
NMI,-1.3960454791520631
ANKRD10,-1.5521028252866942
TSC22D2,-0.6147859241618946
LRRC8B,0.1554899944142246
GGNBP2,-0.8894230104327683
PARG,2.4432208167560185
MTM1,-1.0442376820664445
SPAG1,1.4242743774656133
HHEX,-1.5417472399227357
ULBP3,-0.8552010794099975
SAMD8,0.34320622191208155
MTFR1,-1.1561097009304193
BTG1,-0.3757278975935684
GABPAP,-1.0816761256779848
ASTE1,-0.11876931697427189
AUTS2,-0.47271606992235293
RMI1,-1.3251731211978925
DNASE2,-0.7809436042948189
SGCZ,-0.6526668896883553
BMF,-0.5375709636902394
SNRK,-1.03594460970076
FOXN3,-1.3511226315131368
RANGRF,-1.012932090379039
TTI2,-0.9066488318010775
URM1,-1.2924837556173712
NDUFA9,0.4395178980695964
MPV17,-1.9706355629191488
NCAPD3,-0.9519226584949555
CIZ1,-1.1686204578765487
EMC8,-0.8623365296914407
ASPM,-1.677003567887364
TBCB,-1.9564092969871871
HMGB3,-0.5824647314361298
ZFP36L2,-0.3871941027806007
CDCA4,0.8530690712535434
COBLL1,-0.5589812281602812
TLN2,-1.0135170957792845
TMEM100,-0.31305199899068825
UFD1,-1.0856927921550783
FGG,-0.8741495539760782
PHLDB2,-0.9047701705296627
HSD17B10,-0.8014648503890637
CBX8,-1.4872336118167657
FANCI,-1.9218221409392215
JPT2,-0.5640475696784605
ENDOG,-0.7553248751857783
AICDA,-1.0013845458254613
POLR3K,-1.2179385594739316
NSFL1C,-1.2214237994273494
DNAJC21,-0.8439644453454648
PDCL3,2.093754656817241
PRKAB1,-1.0694391466771385
GINS2,-1.9124203120363337
MARCKSL1,-0.6450790889603581
PTP4A3,1.8234916855970258
ADRB2,0.41022900756439407
PALB2,-1.0176795515920654
SOX2,0.2075619142434292
RBMS2,-1.1225115063240496
PEX14,-0.3844765111165215
NLRP6,-1.1608063260987842
FAM83D,1.512214403577355
MTPN,0.004131851006307641
MPPED2,1.0666988105785082
NDUFS6,-0.9727412000538145
CKAP2,0.61572953757948
TMEM109,0.039002920367260684
CENPW,-0.9507351921096198
TRMT12,-0.7719584059505257
EVI5,-0.7539971730203856
COG2,-0.7625632395565568
KLHL7,0.32390666637743804
TROAP,-1.4664966937827846
H2AFJ,-0.9316555185206242
NPLOC4,-1.4324962721698493
HSPA12B,-0.2847750825071336
HSPA12A,-0.828981165206922
TBRG4,-1.4016667349989913
AIRE,-0.2182302098755146
BCAP31,-0.6542593973822406
STOML2,1.751207021442073
PSMB9,-2.3120691389149917
PSMB7,-1.3612992011034077
PSMB2,-1.003625544829126
ZC3HC1,-0.801650427206039
PLS3,-0.49970906046582714
AP5Z1,-0.8293877849661531
BICD1,-0.3812821529590229
PLPPR3,-0.5127494887560863
NDUFB9,0.1890635233823514
DYNLL2,1.509658246002018
SERPINC1,-0.5288327144825828
GADD45G,-1.2203917040630492
CCDC13,1.6194731537824403
ZNF648,-1.148468256531085
KIF5C,-0.10982660169332033
GABRG3,0.9420673364339696
GABRG1,-0.46580121723567597
CCDC113,0.19875811573851676
ZNF124,-0.3943560199684145
GPRASP2,-0.8296602706436657
GABRA6,1.5261016855401557
CPA1,0.237765854662074
ING5,-1.2900069902314244
C7orf25,-0.5229922860903192
DNAH7,0.7162509099224104
DNAH5,-0.23137261428757852
DNAH8,-0.6534188342696354
GABRP,0.24492952962511935
MSGN1,-0.5472547633036069
GABRE,0.14383666851852503
CNRIP1,-0.8187689831454726
DEFB1,0.10768070464942255
AHI1,3.018609837549714
TRPC3,2.043739084841917
GABRA4,-0.19766625929292123
GABRA3,-0.08299866403865182
GABRA2,-0.5985996755919765
DYNC2H1,2.1232555611778263
GABRG2,0.7650178746649684
PDCD7,0.6014076126432837
PFDN1,1.8261076307834543
DNAH3,0.46256795218792257
COL9A2,0.6776837973640517
CEP126,-1.0307181701024966
NEUROD1,2.419368506281729
NTN1,1.278501917775742
ZMAT2,1.1839716792295505
GABRQ,1.2836897732410106
C1orf216,-0.9456704497220665
NTF3,1.023547217611474
TAF6L,0.19700481784389864
NAP1L5,-0.6691503065822669
TGFA,0.21751330599652335
DNAI2,-0.47330515367270043
DNAL4,-0.30651542078900956
RHPN1,-0.561701175345871
LZTS1,0.6561280850240633
MMP7,0.28190546932230665
PPP1R18,-1.5945459286728274
ZIC3,-0.16402500729949482
FOXK2,-0.3820406739721204
DNAAF3,0.917893249333016
SORL1,-1.7226214540814913
PP2D1,-0.1633264360240227
NCALD,0.1729476223113562
CCZ1B,1.0083889730426405
SPHK1,0.8516607907361232
GFI1,-1.2731203086444862
ACTRT2,-1.8466370102717988
HOXA2,-0.3644422836981366
MON1A,1.2778200115924814
RMC1,-0.5597516728528227
HIF3A,0.9048243474792774
JPH1,1.8305045841542298
VRTN,1.1713145577120547
PCDH11Y,0.6443930318447563
LRRTM2,0.07547284199143031
PPP2R2B,1.3765792415343907
ENC1,-0.913214740416434
ZNF770,-0.8776813900530273
RASL10B,-0.5466104878081843
RIT2,0.45190876849229167
KSR1,2.307370505910126
KCNQ2,1.2642687913679185
RPS6KA6,-1.0559271511615242
DNAJC4,0.6747850026500243
TMEM74B,-0.15666525018389715
ZSWIM1,0.8073179975174176
TCEA2,0.20700299342839354
ETV3,0.427420835738352
ZMYM3,-0.20761239386205643
PDE1B,2.748080312707883
OR3A3,0.250982254290868
LRRC7,-0.3769172548665255
SCN8A,-0.3028790263198731
AP3B2,-0.11129743238482866
ROS1,0.8027207915749436
WNT10B,0.9006702035860708
CDH4,0.05398119049956296
GDAP1L1,-0.21574104542888342
PRRG3,1.0853126173983665
PKDREJ,1.7041511385976877
BMX,-0.19799094607187695
DPYSL4,-0.0717759659924431
TEK,12.938731919113698
PPP1R14D,-0.35019065802089144
SARDH,2.0847149215411593
OR1D2,1.31475807557072
NEURL1,1.3394421397557883
FANCC,-0.838587674587538
TGFBR3,0.599623356448397
RIT1,0.41470876315386096
MERTK,13.146766832052155
TM6SF2,1.1847483303542152
NPAP1,1.0382199873495503
OR10H2,-0.20720420420932073
SLC22A13,-0.06399470885553504
AGRN,1.793640624929724
ZMAT4,0.7549992001115986
CNIH2,-0.5780281608422265
CHRM2,2.10382941344462
CPLX2,0.9410803558589054
TLX1,0.566934569932864
KRT38,0.5241138812486473
OR10C1,0.559882639990248
MAP3K9,-0.10149211153056173
SFTPB,-0.3338898337089334
STYK1,-1.079080834608456
DCC,1.5377867406485852
HRH3,1.5447614050050826
HOXD9,0.8145754467133345
BRD3,-0.7060165064058008
LRTM2,-0.43867428468846487
ARHGEF4,-0.4273079530224828
ACTL8,1.3400071660547916
SEPT3,-0.8181379049964613
TNRC18,-0.8098871459695479
TSHZ2,-0.4985758547647995
ST8SIA2,0.9647774336836683
ATP6V1G2,-0.9452789035859563
MAGEC3,0.041944447580140896
DNAAF2,-0.9663637655624523
CBLN1,0.16609257475400935
EPB41L5,-0.7485790373730208
CCDC33,-1.1522035737071892
KCNH3,0.671300678219383
OR1F1,0.5221074559098864
HLA-DOA,-0.9069407808889259
HLCS,-0.5545114013952834
CDH18,0.18189057303145428
NCKIPSD,1.4876781532946368
MINK1,-1.6201044910218207
PRICKLE3,0.013741095004288944
NAP1L2,-0.12045643489389818
RGS7,0.605776389412295
KCNS1,0.5427416800318986
CNMD,2.080492678160475
CYP2A7,1.2616673940321026
FXYD7,0.8640289914613302
TTC7A,-0.5079223564974054
NDST3,-0.7053695806790895
SCAMP5,-0.4970052520446556
BRINP1,-0.6963811696161949
CALN1,-0.6199920227120463
KCTD17,0.3509572869539185
ZKSCAN3,0.9599850510488354
EXD3,0.05384385005912975
DCLK1,-0.23385531094442313
OAS3,-1.7360541705143693
BTBD17,-1.0253523098967812
BEX1,-0.924556989545727
CPA2,0.6660281893860884
LZTS3,-0.625625973212948
PLPPR1,0.9054485915537883
WFDC8,0.11094666515166426
KIF3C,0.730643633055541
OR7C2,0.3296258976915126
HECW1,0.9161689480468637
CLDN10,0.2520052197309457
CNKSR2,2.570450055977848
UNC13A,-0.3305888627408077
KCNB2,1.1571877304198441
KHDRBS2,0.13783875570526338
ATCAY,0.5523755358047517
ZNF483,0.5849434718601141
IFNA5,2.4914821495666817
NNAT,0.07359552965945076
OCLM,2.753985989456526
MEPE,1.1224600439610042
FAM155B,-0.5209263760590263
DGKB,3.231863648745187
BEX2,-1.231948608176715
SHOX,0.8883179366335301
GPC4,0.5856650613090634
MYNN,0.03102770457766519
KLHDC8A,-0.11336409205772878
CCDC189,-0.3365998192201812
SCGB1D2,0.21033398719435564
SPPL3,-0.06522191381109699
SLC2A12,-0.7988871092873169
SLC18A1,-0.6912498987672283
HM13,-0.7023669035208018
TPRA1,-0.8937905752559574
SLC6A15,-0.778742718774723
SLC39A8,-0.8448675182843287
SPPL2C,-0.21788864977849837
SLC15A1,1.4894116225517295
CHRND,1.346363591475902
YIPF3,-1.6525177649696627
SPPL2B,-0.4502452657184518
GOLIM4,-0.6933268617836702
SSPN,-0.6215853850390273
RAET1E,-0.6486395122137931
MRAP2,-0.3969894667851611
FCHO2,-0.4299711397435623
PARD6B,-0.7959179195022476
RAB5C,-0.507788820066738
COG3,-0.9492258550765966
EXTL2,-0.9188480636562926
COG6,0.4153289444694755
COG4,-1.5758192681105574
NFAT5,-1.4232444355382754
ROBO1,-0.803914813813516
PPFIBP1,0.3333591511650246
AP4S1,-0.5082358945210277
HAUS7,2.454363581759453
SURF4,-0.7155194049866277
EME1,-1.0579825750334855
GOSR2,1.329414169816043
SLC39A4,1.4149049189550076
DSG2,-0.28628944706604054
YKT6,-1.8949126598662644
GOLM1,0.03775323540822628
POMK,2.8738287094559176
TACC1,0.9824196731543715
UST,0.2844930584173449
TRDN,-0.40834666130442226
C5orf24,1.0077653139216927
KCNS3,0.5747172252097542
FCGRT,-0.30039948327347293
COG1,-0.708117360638647
ACBD5,1.2176302418815752
AP4E1,-1.4781840707356328
BATF3,0.903795591784876
PON2,-0.7252112951552454
FUT1,-0.5910238532557215
OPA3,15.286529593059003
PHYHIPL,4.317566173051041
TNFRSF17,2.634163293981465
PCDHGB1,2.342025515013239
PCDHGB4,2.437363814318682
HSD17B6,1.9979392413807064
HAO1,1.9727654120980986
TIMM23,3.283279710442268
VPS8,-0.6733795086437091
NAPG,-0.9407503047514548
METTL14,-1.0808378709232058
ARHGAP17,1.2882018056541829
MX1,-1.1103157441406555
MED11,-0.8039732208363964
DYNC2LI1,3.2001660583715745
SENP5,0.6651686227169388
EPS15L1,0.16849636469503512
OTUD3,-1.054129197838093
MX2,-1.5136295279269272
IFT88,3.430200096726335
NCLN,-0.4496601332543754
SUPV3L1,-0.5011156910895574
TBCCD1,1.8506672832576614
RINT1,-1.0034812744868065
YEATS4,-0.6477335766332378
FAM122B,1.2818069495735194
MED8,-1.0550779723883354
HCCS,-1.470047444025681
MLLT11,-1.0174274617691081
TBC1D31,0.9798820977978988
COX15,-0.7937417169370719
FASTKD1,-0.43333154346001773
TRIT1,-0.04973184743710984
RABL3,-0.5168675339397694
MED10,4.78687469365221
SCN2B,-1.1195240446940808
NR4A2,-0.46557083071774163
MFF,1.5879520603316264
MED18,-0.8721404857343791
INPP5F,-1.0414981622758228
INSYN2A,-0.7694959214956781
TTC19,-0.08902355468346336
ZBTB24,-1.8048291048366325
MED29,-0.6851631094743871
MED20,-0.5022897206588283
MED9,-0.9918385083891942
MED27,-1.0248116531733948
TIMM8A,-0.7735105947038876
FAM174A,-0.7600194226057011
MARK4,1.0826501875468593
ATL1,-0.17101712956688567
ACTR3B,0.7391177171696518
GTPBP6,-1.3055050276813023
GTPBP8,0.7278741098217472
COQ9,-0.4800665404372131
ACYP1,-0.06199609326105901
TMA16,0.4119797947750433
NIT2,-0.8796817330275918
MED30,2.0657930829337103
MED31,-1.130445330739511
EHD4,-0.6765983085727603
EHD3,-0.6065283555089461
SACS,0.6313436464148113
PEX11B,-0.7521011651560682
KCTD9,0.28336878179422825
VPS13A,0.4720986513218788
TXNDC16,0.20759063185889
MIEF1,-0.016903235478834308
LOC100996763,-1.4870222464039702
LIN7A,0.3504798031167311
ADCK5,-0.23733657731761595
MYPOP,-1.0645851896800909
KRTAP9-4,-0.9916870456842724
KRTAP26-1,-1.0707102246162858
RPS19BP1,-1.5206852748385065
FAM124B,-0.7713245901103233
SEMA4C,0.6092302382082897
LMNTD2,-1.087361762689173
LYVE1,0.4858666854209495
SMOC1,0.5707659003489947
DGCR6,-1.2426399656362936
XCL2,-0.9241182354652303
CXCL16,-0.059552799917625035
AQP1,-0.7406226749014733
CNNM3,2.356262643213209
KRTAP3-1,0.8936383199506006
STAC,0.6633872056855685
TNIP3,0.6487674931492685
INO80B-WBP1,-0.9105069169161266
NMU,-0.7401722479887124
TSPAN4,0.044306157614526845
TNS2,1.092882043703988
KLK8,0.7748368035927332
CXCL5,-0.7324654237641921
GLRX3,-0.5958707520281818
CARHSP1,-1.6630811721501737
ZNF446,0.06808757901231054
CRY2,-1.0213929834786892
C19orf57,-0.03655175668187386
KRTAP13-3,-0.4884649741535599
KRTAP10-8,-1.4264240043279655
LCE3D,0.0383659746640711
LCE2D,-1.0363013501103457
KRTAP10-1,-0.5084638589858453
SPINK2,1.0313564801299642
MAP11,-0.8247691706061896
DHRS1,0.5708273860046247
CRACR2A,-0.22857542270121428
DGKQ,2.592205742647416
FAM221A,-0.931975655943742
TMEM150A,-0.7782055649372841
DMRT3,-0.14159612709078964
PCED1A,-1.2361233664463682
RASD1,-0.7984306174827825
PCED1B,-0.7854238925264801
DOCK2,-2.0970824891278412
LRFN4,-0.757974651958824
FZD10,1.1303403152799507
HSBP1,1.2300249322231254
LCE1D,-0.9309596094725759
LCE1E,-0.9797834636705395
LCE1B,-0.9113059578721039
SELENOM,-0.7605480359917245
ATG9A,-1.8840786766312019
KRTAP9-2,-1.0809740731608328
KRTAP9-3,-0.6049517703669365
KRTAP4-5,-1.0137865564274349
KRTAP4-4,-0.9424333194581289
FAM71C,-2.070691079880917
CHRD,0.11103484871453631
CDK5R1,-1.0104174198804061
ALDH16A1,-0.9836954492948857
CLDN2,-0.5416915535177387
LOC100996750,-0.4881914923620725
NPPB,1.615479811921208
CCER1,-2.0438624797689373
HOXB9,-0.3057930487460114
GFOD1,-0.9550478590119132
MFSD13A,-0.6450018051840325
KRTAP4-11,-0.41279111354585085
KRTAP10-11,-0.6994858088718475
KRTAP10-10,-0.7926403980451365
PID1,0.4342772463189588
KLHL38,-1.2229275948502352
F10,1.80198099822482
TRIM42,-1.3107119121943758
CRCT1,-1.2218295709254015
ZDHHC1,-0.9358701656289959
TNK2,-0.33806015404797457
TCAF1,-0.5753441066732867
TNP2,-1.2442674850727489
KRTAP12-4,-1.0408622207864386
TMEFF2,2.003348813390988
ADAMTSL5,2.390206940753747
KRTAP10-9,-1.2145671175873014
NPBWR2,0.5301328613840934
LCE3E,-1.3018710089665246
PLPP2,-0.6460258465124342
PRR35,0.15962657809515762
FARS2,-0.7137962544807691
NPDC1,1.2193579349993753
CTSZ,-1.3623002398986268
LCE3A,-1.032867333237342
RECK,1.4367915459251461
LCE2B,-1.0320591025344434
OLFM2,-0.42540836768805845
FTHL17,-0.7997618730780749
OTX1,0.11472059151395038
ZNF837,0.9584361152644288
CHDH,-0.5151197069940954
CLEC18A,-0.6510734749869617
MXD3,-1.2805887287388276
KRTAP4-12,-1.050133001233106
KRTAP5-5,-1.0985719056944443
PVR,-1.165739478062804
SLC22A23,-0.8070271911134341
POMGNT2,-0.593022241194598
KRT83,0.7490480458192881
CST9L,-1.8421356376608133
LCE3C,-1.13526459822491
NECTIN3,-1.1280687978007478
WDR25,-0.18335113951497625
CST2,-0.6972446605000036
CELF5,-1.1253711694240158
KRTAP12-1,-0.9590951741123721
KRTAP5-11,-0.99033099729225
LONRF3,-0.7368477849679116
KRTAP5-7,-0.8846321482766798
KRTAP2-3,-1.0378630696098126
FAM71E2,-1.3658748588386909
C11orf87,-0.6005704279284861
LCE2C,0.13888437916705784
TRPV6,3.655599790297431
ASPSCR1,-1.7625682282491517
KRTAP9-8,-0.22370286811610557
PDE9A,1.1310683371245336
SLC23A2,-0.94130847507318
NTM,-0.6538904406340569
KRTAP4-2,-1.1204675182680597
HOXA1,-1.4758989368612654
MELTF,-0.5116044614233946
NEU2,0.8485844187659394
KRTAP5-4,-0.8606417428419654
GNMT,-0.697062859592234
LOC102724770,-0.7663036048480252
SPATA24,1.8594544127765977
CA6,-0.6177221678795635
GNE,1.5347306811916317
PLEKHN1,0.11955329337223182
P2RX7,-0.6065103399437023
FAM90A1,-0.9185382993887022
PRPS2,-1.0369988492672697
TYMSOS,-1.2798552968122494
TMEM41A,-0.2458888888770031
KCTD15,0.9404231178517676
LCE5A,-1.0373059525163653
CATSPER1,1.3355476397802875
THEMIS2,-0.9419204144710228
HBA1,-0.1234988937282837
KCNS2,0.11397747519873372
FA2H,-0.7490425751628386
TTPA,0.6285172690596305
C19orf66,-0.09050146847915166
TNFAIP8L2-SCNM1,-1.0995210936091913
KRTAP13-4,-0.6643862892024177
PIGS,0.4594427838313117
ICAM4,-0.5092609290997263
RAMP3,0.04352493071967027
KRTAP13-2,-0.802733938250014
TMEM231,1.2606386092189221
CTSG,0.5590822297239575
P2RY6,-0.7090814386651009
BCL6B,-0.4113400481228019
NMUR2,-0.4388106779687156
SLC6A20,0.24904859309944125
C5orf60,-1.377137826124769
THAP7,-1.7792098898558295
KRTAP12-3,-1.1782273688688112
RGL2,-1.445152660328515
CERK,3.1496007042679315
SPATS1,-1.9731466026228428
CHRNG,-0.15306060345869624
TBC1D10C,-0.8647523552219385
PCOTH,-0.6208846244465338
RERGL,-0.4183909685697541
ARHGEF16,-1.107281823244607
ALS2CL,-0.06940922130052044
LMTK2,-0.7220471340340449
DIRAS1,1.6081706147079464
DIRAS3,2.1293312034401164
MAU2,-0.7882505678532259
CCDC57,0.15494537178181994
HOXB1,1.8472095599006633
ZFP36L1,-1.1283884268355027
ARL5C,0.008427133707859264
MYH13,0.09639805229630585
TSC2,-1.2344943587232216
NAT8,-1.023960037589931
SH2B1,0.9185621826528204
PQLC2,-0.21218766389152133
BPIFA1,-0.46695164322239846
ABCA3,0.6060776376604565
NPC1L1,0.3734164542147755
ARL10,1.7337422855493818
C1orf61,2.4145542415690775
BICDL1,-0.13095874111595512
GJB3,1.1116831555166857
RDH5,7.867985848583549
DEFA6,-0.40239657184066485
SLC25A23,-1.1901561734324713
NMUR1,0.19264907685926985
RAB23,1.9888885824084075
RAB25,0.15031433549150558
RAB26,0.8470667916776282
LMAN1L,0.38535130665992645
ASB3,-0.24871634394210512
GNG13,0.1588303790650539
ARRDC1,-0.5588094877859551
RFX2,1.0010338652600688
YIPF2,-0.9129028625774699
WNT7B,1.3748182901109647
MASP1,-0.28946993732291143
MRTFA,1.3748926503142342
PHKG1,0.9806669143409629
MRAS,-0.037592489508788025
GJA3,1.6921428842927517
ITIH1,1.1240127011921917
DIRAS2,0.22406046737523463
CRYBG2,-0.7935440296049279
RAB19,1.7367618963854379
WDR24,0.6877771333143972
RAB17,1.3830862888858804
TRIM66,-0.9924457269317006
CNNM2,1.7523759457985135
LPAR2,-0.5647992439654133
RCE1,0.969739972624804
AGRP,1.538833467243595
MEGF6,0.673885879265833
RERG,1.8986943175756092
ARHGAP35,-1.08754754865738
EML2,0.6533145252833596
PARD6A,0.9381092195024245
BICDL2,-0.07449168115517037
RFNG,-0.027218201156188525
SMPDL3B,0.8503010543444185
INPP5J,-0.36927456355039656
LZTR1,-1.8209615735065088
C16orf70,-0.1852347898561472
CC2D1A,0.37866616175425144
ARHGAP1,0.08983431428626082
MAML3,1.502467302995664
AC099811.2,1.6095712828447393
SULT2B1,0.4164107953779891
FAAP100,-0.7387746800470465
POFUT2,2.1551848373171634
LY6D,-0.7015286412109726
GPR68,-0.2584532204273101
RAB9B,0.8709092375432657
WNT6,1.8301870923290884
ZMYND10,-0.4768411869805706
SPATA2L,-0.5484902217495986
FXYD3,-0.6504822469361168
MAFK,-1.032564285071214
S100A11P1,-1.3657345495093056
CHML,1.089148120734153
SPAG11A,-0.33748389971220255
GRTP1,-0.5949155423607698
RASD2,0.5555949984149394
NEUROG2,-0.37831235648633277
RASL11B,1.3189059287798448
ZNF821,-0.4786881139526786
WFDC2,-0.2585536680260721
IVD,-1.0370735575465295
TBC1D2,-0.6908938671462883
CTRB2,1.2678190684063064
WDR90,0.5415041570503824
RAB39A,1.4463290949823457
TFF2,1.7285700182324415
RAB36,0.8376227530881687
RAB32,1.1911349999675476
RAB30,1.5319215572891427
RAB38,1.5611712117450405
ZFPL1,-1.5203331757389416
ATP9A,0.6686300636759043
GPM6B,0.1973081425997522
MYRF,-0.48960925721908083
TSPAN6,-0.6154991232957581
RAB27B,0.8101869952877424
KIAA0930,-0.20112490600828825
GPRC5B,0.47203837561369505
WFDC1,-0.34420870706523227
DDR1,-1.5622276098593122
GPD1L,0.6595470225396795
TRIM2,1.0908235427719581
DGCR2,-0.40854240269266234
SEC14L5,1.3941172875594587
DNER,-0.1820624666831815
EPB41L1,-0.8494804571125768
QDPR,1.34700485730286
RAB33A,1.0633290775658042
TBCD,-0.7981474347580174
COBL,0.757457136781268
RAB37,1.5329632785731486
BAIAP2,-1.4403403391719216
RAB4B-EGLN2,2.2422401863657573
F3,0.9113484698059899
PRG2,0.9261104100667807
FN3KRP,-0.7967416993386242
CLMN,1.7346038437019917
LYRM7,-0.5388493582177687
IQCC,-0.5574861668666609
SEC31B,-1.1128127440046796
EXOC3L4,-0.1940780368101515
VSX1,0.5461339080199192
TBC1D30,-0.7397673109543014
INPP5B,-1.0098754141004236
PIP5K1B,2.0004009926729824
ALDH1A1,-0.13865968528676806
KRTAP21-2,-0.8146297612664108
KRTAP20-2,-0.8146297612664108
KRTAP20-3,-0.8461888399282592
KRTAP20-1,-0.8146297612664108
KRTAP22-1,-0.8146297612664108
KRTAP19-2,-0.5781162036318219
KRTAP19-3,-0.6336601112815123
KRTAP19-1,-0.7248906198711742
KRTAP19-6,-0.7420130204177992
KRTAP19-7,-0.718726858970871
KRTAP19-4,-0.8405168444917528
KRTAP19-5,-0.4550375702002237
KRTAP19-8,-0.846188839928259
KRTAP8-1,-1.086558650202466
FAM162B,0.5805694235842173
BMP5,0.7687200177885035
HIGD1B,-0.026133448314003976
COX4I2,-0.6649051251737383
CLEC1A,0.7811159605060017
CALHM4,-0.382460509012261
TRAPPC2L,-0.5372012533202574
P4HA3,-1.1845691436324155
MFAP2,1.5177427219974782
COL4A4,-0.5280162656950723
SPINT4,-0.533661096420659
DSC2,-1.2391460345476593
INHBA,0.9386227479665418
RCN3,0.6190138187489258
NAPSA,-2.1390565278815723
COL19A1,-0.0634169955714486
SEC24D,0.3630455256930237
COL4A3,0.6141783728181952
COL23A1,-0.5602883942216311
TRAPPC9,-0.03647051939925956
HOXD10,1.5335386402579319
PLEKHG3,-0.16377759573388934
CNN1,-0.058377918410046865
TRAPPC1,-0.4370426902528072
TRAPPC3,-0.3646734888137178
TRAPPC2,-0.009036923160890217
TRAPPC4,0.4254982644028086
ANGPTL4,0.048034929799803984
TMEM132A,-0.15383577129072465
ITGA8,0.041550014022188615
ITGA9,0.4310516114189359
FBXL2,-1.0544940011396062
MMP10,-0.47644054687116816
ITGA3,0.5827871856544052
ITGA6,-0.17503424109043828
ITGA7,1.5358206032176156
SLC26A6,1.4203831198245545
ITGA10,0.8132577843291922
ITGA11,0.14794032973192073
LAMB3,-0.48841746242828304
SLC9A5,-0.4280362290283959
A4GALT,-0.5801558766926569
TRO,0.7012006423812185
PLCH2,2.6052593451613792
COL27A1,0.19220723657572933
ITPKC,-0.26018456969953707
COL10A1,0.2181073233535791
PRSS53,0.5422699886078989
AREG,0.20107610628467504
PTGES,-0.11823857791655612
SPINT1,-1.420773331267806
MIA3,-0.03884073218292918
CFAP73,-0.7861671844918023
LAMC2,-0.8259615626631621
CEP170B,0.13329927312247486
COL4A6,0.03259678675674541
COL22A1,-0.04228203776118485
FLNB,-1.0875916727044235
MIA2,-0.16863040200582885
SMOX,4.411122032805217
COL24A1,0.16158209267096627
COLGALT1,-0.5627365101831341
KRT4,-0.6335026266569737
PAPLN,0.5684075761765182
SHKBP1,-1.2552376155148393
CNKSR1,-0.8674202011419373
P3H3,-0.5553420801035355
FAM160B2,3.9115456017195487
COL25A1,-0.28544434022385223
P3H1,-0.3347125851659011
COL9A3,0.5172188710754585
COL9A1,2.44394207912163
F5,-0.7520968065770537
MICALL1,0.17763279741956323
PKD1,1.156156890967456
COLGALT2,-0.5718965462728008
TRAPPC6B,1.3857055531414677
COL21A1,-0.2392554768380571
NPFF,0.12350320082033649
SEC22A,-1.2637313430125103
UTS2,-0.5815001340667473
SEC16B,-0.6423785009127683
TSPAN9,1.6549369160440683
PLOD1,-0.027633841319359052
GAS6,0.44357672829001826
COL28A1,-0.5345647068394994
ITGB3,-0.11584913086712172
ITGB7,-1.4595237601818265
ITGB6,2.7165995793839417
CNIH3,-0.6404914858419773
F8,-0.7604913918591313
CELSR3,1.0947867993804672
CPT1B,-0.38285659390828713
CHPF,0.27141243898820755
FXR2,-1.4725732584575033
COL6A5,-0.3741901153111238
COL20A1,0.05470270554361297
COL6A6,-0.41445905348961026
CLRN1,-0.014582338761156846
MDP1,-0.611846898389597
DMAC2L,1.2663525961526374
TMEM256,-0.8047652613344088
SMIM19,-0.39616197728877006
POLG2,-0.1346564304586454
FMC1,-0.0036158468688314363
TMEM14C,-0.06387899384482604
HDDC3,0.0121070182073498
SELENOH,0.8536737281182865
THYN1,0.97349499754587
NTPCR,1.3894512478451608
SYT17,-0.6182346608854387
MRPL43,-0.6675372970043308
NDUFB10,-0.16951686341769465
DNAJC19,-0.20589398319687768
AP1M1,-0.11172154931463714
DIAPH3,-0.6070185748163237
CEP85,-1.1098635614750882
TICRR,-1.5199930199343699
WDR34,1.340774984761366
EMC9,-1.5749472738547978
DONSON,-1.6523416896843497
RAD51AP1,-1.824695623663473
PSMD9,-1.7733635408360848
PHETA2,-0.47866390767699474
AP1S1,-1.2430076822095524
SKA3,-1.01374883063436
N4BP3,-0.07149619283658444
HEATR6,1.2226331427360118
MND1,-1.630952187397236
E2F8,-1.3950092233160918
PPP2R3B,2.1033733051642782
PPP2R3A,1.831197820317584
TUBA3D,-0.9173553688956615
RPRM,-0.5662698224076721
DFFA,-0.9061335181342488
XPNPEP3,-0.21134274824829502
SNX9,-0.10587122017599036
C6orf141,1.2516326182776762
TUBD1,1.838180169214802
SAPCD2,-1.047153650940377
TCF7,-1.7830247485540451
C9orf40,-0.18932203418409146
NEIL3,-1.4513115980685647
PSMB11,-1.2349248377453343
WASHC2A,0.38474755139771016
SIPA1,0.15357618039102394
HASPIN,-0.4311832821830975
SFXN1,-0.17343858779623839
CKAP2L,-0.9241277386968492
MAD2L2,-0.7629081094456815
SYNRG,-0.5890495141755736
GNB1L,1.1844619772223
ASF1B,-1.6079281830797696
LCA5,8.369375942345775
CNTRL,1.3194907166926262
CAV3,0.393891401062073
POC1A,0.14887777415423453
CCDC77,0.5979977738748399
PSRC1,-0.8616110501153582
PKP2,-1.228233352228182
CRTC3,0.74855921624225
CRTC2,1.1268209424969915
MIIP,1.2852024813527918
DNAJB11,-0.2778457340629329
SPICE1,0.6231247896152262
KIAA0753,3.259689335938143
C17orf53,-1.2682861134763799
XAGE3,0.23477171995843102
NAA10,0.18633256987099106
ARNTL2,-0.8499813589350482
MYO19,-0.9400942281410518
GPSM2,-0.8602132125674182
DCAF16,-0.9299567518839909
ZMYND19,-1.0191125305702402
ARHGEF39,-1.1634257084513553
BORA,1.5534099649063366
SMOC2,-0.20263984260848533
KPTN,-0.4162063114963408
AUNIP,-1.10582418265394
CLTB,-1.1673985728707172
TRABD,-1.1005104027391803
LZTS2,-0.6872869967545739
CARD10,-0.5922388153797185
MTFR2,-1.2803249897598177
DNMBP,-0.8070808368535026
ESS2,-0.6663213411020819
REPS1,-0.2819012863107676
ARHGAP11A,-1.4621162578932558
FAM83H,-0.7093939120586485
FAM83B,-0.25545461825105276
ACAD11,-0.7936875159920824
RMI2,-1.301750417362217
SH3KBP1,-0.4900071232453629
CLTCL1,-0.16108311874439912
PIF1,-1.2336880789109006
FAM183A,-0.1625779771916828
C9orf24,-0.7233199489871232
C11orf88,-0.17512817384198026
WDR38,0.8594559729870733
ARFRP1,-0.08762377818146327
NPEPL1,-0.6371832588243679
TGOLN2,-0.236442239719918
SYS1,-0.46550507919625445
TUT1,0.004764938869452353
ENTPD6,-0.24427957979523932
PTGES2,-1.4880002296511836
STARD3,-1.306511034888015
HGH1,-0.2975645686532114
ARL5B,1.3718740419214046
CCDC134,1.5205041173820453
VPS53,-1.0614446808089733
VPS52,-0.7668139226355077
JMJD8,-0.8598272058269264
DUSP7,0.3414001988374584
NAA30,-0.45212765483396333
PEX16,-0.689353023491012
CPTP,2.0588255626134653
VTI1A,0.1851449509974951
GPR132,-0.776607239406469
OVCH1,-0.047833774180319796
TMPRSS7,-0.019335108546914104
FLG2,-0.5062806815956835
SERPINA12,2.5642533635652525
KRT77,-0.9043917964895972
IQCB1,4.868495493445526
CDSN,-0.4412020511837157
ASPRV1,-0.3203899414522777
ACER1,2.1858268829645584
DCD,-0.8200035233636779
LY6G6C,-0.5877413068518765
RPTN,-1.2345719401810555
S100A7,-1.3044815949413313
S100A6,-1.4292940589714918
ALOX12B,-0.16851537123001956
S100A3,-0.7896815174640031
SERPINB12,-0.43573620735423435
ALOXE3,0.20120938156499535
DSP,-0.6815409235302025
DMKN,-0.44756857225285646
LELP1,-1.8284025521937004
KLK6,0.9547468924350397
WFDC5,-0.3200890381419131
SERPINB7,-0.8943985967505422
AADACL2,1.903138572096893
CABP7,-0.485806022728891
S100A1,-0.6446589997486825
S100A7A,-0.7606737701597621
BPIFC,-0.29770652735082886
KRT10,-1.5467540088209701
POU2F3,-0.11052904489453472
POLR2M,-0.14656908729095128
MTNR1B,0.4826081401381242
ZNF326,-1.1970726060818004
MAP3K20,-0.9101733241354232
WIPI1,-0.042155420514524276
LACTB,0.07729827613107333
IFNGR2,-0.923764707776593
CYSTM1,-0.3644896679806629
RNF128,-0.8249800795403284
RNF150,-0.9168830533754211
NUS1,1.4797920568786198
ERO1A,-0.6674821520674596
SELENOS,-0.9382776612342419
RRAGC,-0.42554136782793106
C14orf178,-0.9664650368047613
FXYD6,-0.4178745269781374
TLCD1,0.2192087398122121
BRI3BP,1.853803270702078
NDUFB8,-0.6124198796699787
ERGIC3,1.0476530672275552
SLC30A6,-0.46599264322907047
UPK1A,2.1768139904802504
METTL7A,-0.6956925384392803
ENTPD7,-0.7338454896483573
EXTL3,0.4059482360015998
PLD6,-0.8166211954020748
SPINK4,0.6237617907761231
MAVS,-0.16865740411092908
SLC19A2,2.3847823257762997
SLC39A1,-0.6925727704134
SLC35B2,-1.0065346191209874
CD300E,3.579494349440662
ACP2,-1.16234336909102
NRN1,-0.7103879061827592
PIGW,-0.12281672888659374
GPRC5C,1.128994948666674
TMED4,-0.3211953084773644
SLC8A3,2.23722738027475
CADM1,1.772800864180174
CCNYL1,1.9836649406242404
ALG10,-0.032506306923792
FAM187B,-1.5038617448809553
FAM20B,-0.9552421772953488
FITM2,0.331532950433826
HTR3C,-0.7386301040922247
TMEM8A,1.314900031496107
LPAR1,-0.2008845491671099
MOXD1,0.6661731991445249
MT-CO1,-0.7646725006736943
ABCB8,0.5591743811930625
ATP1B4,0.48060213614192193
PIGU,-0.9076907085917192
CASC4,-0.4783771454366749
RMND1,-0.8210306687638321
SLC35F2,2.131001376606276
ENDOD1,-0.6098089118727879
URB1,-0.5462726265249923
NOL10,1.0494572611793542
TBL2,-0.6797631318126279
IBA57,-0.01488535771930565
REXO4,-0.3378514036966446
SLC30A4,-0.6092980554965861
HEATR3,-1.4292688495041508
POLR1E,-1.2962781724907748
CHST8,0.17423815706348908
GAMT,-1.3380067928164319
TYW1,-1.0302040860660395
RRP36,-1.0953230143523485
POLR1D,-1.6632721550225176
WDR6,0.15642400974496892
CTU1,1.1100322524695254
ENDOV,3.590000982401408
UHRF1BP1,-0.5505807369523622
AVPR1A,1.5981149929943737
KLK10,0.8947657262719376
TGM2,1.0277561786500888
L1CAM,-0.7871216906605459
IGKC,1.7717124701977052
RELN,0.6387175428065822
SOD3,0.93838171952302
GYPB,1.4904021799271334
SERPINB4,-0.9954276187149265
ADAM8,-0.8008664179955528
CSF2RA,-1.5219116426214072
GPLD1,-0.5163572699032237
HABP2,0.07497464222393121
SPRR1B,-0.8309366257244893
IBSP,-0.2382095652886426
FAM189A2,-0.47812479067214947
CPA4,-0.5981599426192369
THBS3,2.267470367553432
UNC5C,1.8757498094613005
BMP10,2.630992080863944
VEGFD,1.9173755497546898
PCYOX1L,-0.7028997917345019
MRLN,1.015392688467097
BCAR1,1.3987943683407087
SLURP1,0.2523991694320803
ACAN,1.8720012545899292
KRT2,0.6964377385962394
CTNND2,-0.5622993503432263
TEC,-0.5807757403701493
AC068234.1,4.218601289287552
TMEM204,0.4154990466402676
PARVG,-0.5738324512902583
DEPP1,1.193115393957521
KCNB1,2.1094488226102825
CP,-0.7115296219192142
ITFG2,2.4551271650298885
SEMA3F,-0.22650458976773044
GJC2,0.541842845791826
ID1,-0.24347482871409773
IGLL5,-0.6069994135827501
ADAM15,0.2766676338239915
F13A1,0.13234335290852817
ALDH1A3,0.8427349375167711
WASF3,-1.0425701886211405
DEFA4,0.2801413815759801
ATP10B,1.711856927621852
NPAS3,0.8387386019641038
UPK2,1.795459410971714
SLC16A7,-0.7419759743977057
B3GNT5,-0.6635188659294228
IER5,-0.9356361743272954
APBB2,-0.02211557501421556
STK17A,-1.3888350110790448
B3GALT4,-0.9668652712827863
B3GALT5,-0.46742697702807523
B3GALT6,0.055827277660399494
SGMS2,1.0630493940332248
ENPP7,1.8218344509015403
DEGS2,0.6994147438948082
CXCL3,-0.830489530358705
B3GALNT1,0.9511742498441674
SLC2A3,0.34320472223991383
TNFRSF10A,-1.1589602018882719
ARHGAP18,-0.13485038208428848
TRIM38,-1.0614851109459709
GAB2,-1.8052519930647075
NT5E,2.612568045398198
IFIT3,0.41757019933959394
IFIT2,0.8730401939107937
C16orf58,0.23179610180358884
GBA2,0.4863170982662742
B4GALT5,-0.0032247469024045197
B4GALT6,0.19295482671593014
CCDC50,-0.45864238215452935
IER3,-0.7805740246663272
GALNT4,0.9319966382330063
GALNT5,-0.36487938068122394
ABCG2,1.606650879106575
IER2,0.7881489153732693
UGT8,-0.5289126804829547
SMPD1,0.32801311543235095
SMPD3,-0.49145782233184376
SMPD2,-0.5692547186412485
ATP1B3,-0.6688912492411255
FGD6,-0.6818659766252949
ZBTB43,-1.5720994616635842
IL2RA,-1.8173357167951547
ARID5B,-0.37169568391968744
CCN1,0.662764747813373
CXXC5,-0.6195306166919987
B4GALNT1,-0.5003577289364871
BBS4,8.901163634430501
ZC3H12A,-1.1229622144765057
MYOF,1.1375084128543282
GCNT2,-0.7865177504380226
POC1B-GALNT4,3.938172265491186
GLIPR1,0.6640383747234047
HEPACAM2,-0.271307492796695
RTN1,-1.0210763027544352
PTGIR,0.11809229636336599
BACE2,1.3730346308498413
DUSP10,-0.16723318626095873
MYO3B,-0.555424239375813
ZDHHC15,-0.4160680680428236
IRX1,0.05494972585243681
LRRIQ1,-0.6226445165032862
MORN5,-0.9740384115849834
TRPC6,3.0033748711982264
SPECC1L,0.8660106386431649
MYO18B,0.1515439775217064
NEK1,2.474454762153419
INVS,1.876954772801396
UACA,0.03145063189426027
KRT7,-0.578796308724263
MYH6,0.05195164354757512
MYH4,-0.5434630891335386
MYLK2,-0.9966643722116333
MYLK3,-0.19035873221961006
GPR150,0.787837946788535
SPECC1,1.0032721960467847
GPR182,-0.792781835373366
PRKAG3,1.969819336003248
PRPH,2.934025178762322
ALPK3,0.5935419060997692
PDLIM3,0.25336874414597693
KCNK16,0.7570895056165812
DNASE1L2,0.5332290291500656
IPO13,-0.8658718204457257
ASPH,-0.5421901927539939
ROGDI,-1.1864907010956236
JSRP1,-0.37673207460008795
MYF5,1.232801620422209
MYF6,-0.7805904288339328
KCNC3,1.5000651860080103
MYOT,-0.8096703461770843
BIN1,0.2850591802992987
ATP13A2,0.5642563622412956
ATP13A5,0.09758975827754732
ATP13A4,-0.127950789880402
SLC24A3,1.44290775036835
SYNPO2L,-0.47086610364220854
CATSPER3,0.43282811343432304
ATP1B2,0.18228852344371327
HRC,-0.19493619403320572
LRRCC1,3.317806934323757
ORAI2,1.684679821202622
VNN2,-1.5539840774717066
NXPH3,0.7168040096919646
ITIH4,1.184829909027216
DUSP13,0.5642893680190652
VGLL2,-0.12560059553472946
OR10H3,0.41463560754490586
NEU3,1.0223161845440925
SEMA6C,0.32607402040185357
CASQ1,-0.6162449883424228
CASQ2,1.1410788353440409
TNNI2,-0.42999786281909375
KCND3,0.033328649833774586
CARD14,1.478548415220612
SLN,1.2311083980235256
UCP3,0.7202905740558778
CACNG1,1.6334224192270599
CACNG6,2.4111149919599506
RORC,-0.30151050874157004
AQP6,1.428957628983048
CTSE,0.011296254425554366
MYLK,0.10718226061156598
TRPM7,1.1108607694306845
TNFRSF1B,-1.0254319019359361
MYOM1,-0.8319110005872624
KCNA7,1.1553881197001412
TMEM38A,2.3976649677666746
CHRNB1,-0.08678355536574359
CHRNB3,3.4719892954651823
OPRD1,1.016154081181922
ATP8A1,-0.7304741194439373
TCAP,-0.25993206774303024
CKMT2,-0.20615192730580353
TRIM72,-0.19642213716187262
LDHAL6A,0.6820262416925309
C8B,-0.5982542072654081
CATSPER4,1.7095848476735278
EYA1,0.9800227366033084
EYA3,0.3483460514966253
HSPB7,-0.6118086193606216
CATSPERD,-1.1498048434760537
CATSPERG,2.0059631392863566
CATSPERB,0.66647029360957
TMOD4,-0.47972510627688536
ATP9B,-0.2585640556493886
RABAC1,1.3451262466881315
PYGB,-1.0190936716926093
PMEL,1.8739461176171273
CYP2A13,1.6078869838591294
CACNA2D2,1.8797120734779145
CACNA2D3,2.3547508784363056
CACNA2D1,1.458631067823237
CACNA2D4,8.520077980999387
SMPX,-0.736144011308496
CFTR,0.053379471871508315
NOX1,0.7010942236524526
ABCC9,0.7822341910782419
BTN1A1,0.5314274021568829
GYS2,-1.2247309463006775
NLRP3,-0.06515678416781276
KLHL40,-0.7741130952723039
XPNPEP2,0.8745665742863354
RTN4RL2,-0.48612614987667696
ATP8A2,1.2488318302911317
CHRNA1,1.7509715595055853
CHRNA3,1.9438677113270484
SLC8B1,2.2622833819987314
RAPSN,-0.2119533660506861
PRPH2,8.9503943172161
ANKRD1,-1.1558810836686317
ANKRD2,-0.3757675832192259
FSHR,0.3136863748494819
MYOZ2,0.16080886061462876
MYOZ3,1.084602613367893
MYOZ1,0.39129907601841374
SEC14L3,0.2274374080477087
RIC3,-0.34519673630439907
L3MBTL1,0.5069072461515848
TPTE,-0.7460917329103384
SLC43A3,-1.2433371210584274
TMCO3,0.639728642338485
AKAP1,-1.0723207780768007
DST,1.691975193228726
INSIG1,-0.9565083917759646
ERLIN2,0.8843634722951988
SLC4A4,0.32303844183915426
NDUFV3,-0.6051539366306684
PPEF2,1.6928607363253387
PPEF1,-0.26962343199590777
ESYT2,-0.589782321554414
DHRS7C,1.563906848842898
SLC35F6,-0.6803270028237279
SLC9A1,-1.0068773026644184
BRK1,-1.051505503321769
CLSTN1,0.8342405725132647
POPDC3,-0.6589086712503454
NOMO2,-0.9268827004139341
CYB5R3,0.43954785207646807
EGLN1,-0.48467077108377893
ATP6V0A1,-1.734313827700022
CDKAL1,2.8157104768243264
TCTN3,1.6024881958498671
ITGB1BP2,-0.5181106988222335
NELL1,0.06542862324140382
TECRL,2.12422876465315
SLC20A2,2.0228526651353955
SLC9A6,-0.49412064495642094
MARCKS,-0.9692335287300197
PHKA2,-1.1644614698225577
HYOU1,-1.097169376515034
SRL,-0.6899621799466196
JAGN1,-0.01376935355236337
RHEBP1,0.38191787503111146
CYFIP1,-1.5643255619395158
CYFIP2,-1.671625813319481
CMYA5,0.20764870573170952
AC138894.1,-0.3405164178351299
LPCAT1,0.8722017921318063
PIEZO1,1.2145000140251494
ATP1B1,-1.0588901060110183
SLC39A14,-0.7574676829663759
SUSD1,0.4905447222426012
FABP3,-0.6941012110696678
DDX6,-0.04781690715420185
DPY19L1,0.32862854891255144
TMTC3,2.319992355468752
NHSL1,-0.7223174924782103
PGM3,-0.7330716358324733
DAG1,0.01635403651344391
STT3B,-1.0623798868637353
TRAK1,-0.9939028027579767
CCNB3,-0.8524040280815794
KRT6A,-1.5006029786128636
TIMM21,-0.4753531316049039
NDUFA4,-0.08421381392591422
XBP1P1,-0.3441947727989611
KCNK1,-0.735710128456253
TMX3,-0.807684628465864
PIK3C2B,-0.7812835358196106
HTR3E,-0.08049893680672773
FMNL1,-1.6151614355562223
SLC4A8,-0.628840796419249
LIMD2,-1.3246856390391615
LTB,-2.0132765898496348
IL21R,-1.5274631003357861
NCKAP1L,-1.9924189350491939
SASH3,-2.090192054527033
SIDT1,-0.6026332321743895
TSPAN17,2.9107226485557254
USP20,-1.3011353016386065
FNDC5,-0.5542960693607175
VSIG1,-0.6258242879765676
ARL4C,0.03945917845018882
DNAH1,-0.25713784923347804
PTPRCAP,-1.6767659829174735
CST7,-1.5941718494469737
LIME1,-0.7732812104205671
ARHGAP45,-0.19614688191004692
PRKCQ,0.5041592960777943
TESC,-0.6010344046398726
CD37,0.15414618583536918
ITK,-1.8659424313592445
PCDHB5,0.29710947269342103
SYT12,-0.346584757255133
PCDHA12,-0.46123666518653456
PCDHGA5,-0.7559359665818568
CCR7,-1.0891762333261554
KCNA5,1.626556177022612
TREML2,-0.2481311732130561
GPSM3,-1.042516203404692
MAP4K1,-0.898072378369683
IL23A,-1.1318001110178206
PCDHA3,-0.3925652237494048
PBXIP1,-0.08963248717851788
ENTPD4,-0.3208585256788551
EHBP1L1,0.5459603458542113
HCLS1,-0.8883618113452298
SLC7A6,-0.9930677878780969
IL1R1,0.736361810011858
LRMP,-0.40176771210311024
AP1G2,-0.9194107175066979
IL17RB,-0.7159717662759314
TMED6,-0.6919493844575891
LYL1,-1.5654128646175125
FCMR,-1.74489232409672
RIN3,0.020533794453880226
ISG20,-0.40552284860889093
P2RX1,-0.013153282012051608
P2RX5,-1.1216702723197574
KCNK6,-0.15986401931231864
SLC38A10,0.9732236161813691
MCOLN3,-0.49300975150646226
SSPO,0.6130292261613388
SLC6A9,-0.43444134299694814
ARHGEF6,-1.2016125647350213
SEMA7A,1.0752647862903573
PAK6,-1.072911953249209
GZMA,-0.15669877196520537
SDC4,-0.5010718874935199
ASGR1,-1.3075565603464923
IL7,-0.16362764020155635
KLRD1,-1.4778182170068574
LIMK1,-0.4037368873980822
FCGR3A,-1.5588353435022446
SORBS1,-0.5090809272668423
MATN1,0.9511671222981503
SELL,-1.6542991247636105
MLC1,0.45744881650378805
SHARPIN,-1.3557899937558238
IGHG1,-1.5931327405845854
WLS,0.7412416946611368
CEACAM6,-0.3452839262657402
CRB1,4.45019957253489
EHF,-0.9825378909569625
ADRA1B,-0.04285552055388169
ODAM,-0.5089810125867105
EDIL3,1.292647256171751
GSTM1,0.5067308314635276
TNS4,-0.7226788907567061
PHLDA1,0.9471346917076829
APOH,-1.0773589003761586
REG3A,1.5974664785927377
GSTO1,-1.108488333326015
NOG,0.7645391965925203
TCN1,0.9165035843216205
GPX3,0.13621715778956425
CROT,-1.0302243153257327
CLCA2,1.4467938572000152
GPRC5A,-0.6366205720684232
KRT15,-1.3101017115740727
FICD,0.6497145321956729
S100A2,-1.4103784798816879
SCAF1,-0.699149520571686
PDE10A,2.657574159616904
YAP1,-0.3942407392799155
SLC17A5,0.7745784354047
OXTR,1.5774611159177216
PLCG2,-1.2774060706244292
AHSG,-0.11615456036326934
OR3A2,1.1244419525243095
CD47,-0.2730251853618109
PLA2G4F,-0.9069010681826469
CFD,0.825915756207438
CFB,-0.9141022539876077
DKK1,0.5501196166684889
MGAT4C,1.578044877967621
IGDCC4,-0.6752942340172416
HAMP,-0.575988748075228
RPE65,7.8944225128337875
SMAGP,-0.28640606034661825
FGA,-0.32627510311630553
SH3BP5,-0.1940169979028651
HPX,-0.6002698304400225
VANGL2,2.686778731213223
AMELX,0.4617512928978236
CEACAM1,-1.0006997822592947
EN2,-0.17294432747629537
CLDN1,-0.7997575718198878
PLEK2,-0.3822911976205209
HSPB8,-0.17163848224955272
OR8D2,-0.6775883609786565
IRF6,-1.2962922383028816
SCN5A,0.8305445398536574
TTPAL,-0.6650771201722844
TNFSF15,3.8046009618114813
CDCP1,-0.8460643811516262
ANO1,0.24821446522096927
PRSS3,0.024300398323207826
LGI1,0.10391047521760371
SPATA31A7,-0.7040379974294821
BTF3P11,1.1110270515194043
SLC9A8,-0.7701485138525936
ERGIC1,0.5161881894899568
APOC2,-1.467362795920003
APOC3,-0.20002579175519786
APOC1,-0.8611392597419222
PERP,-1.1665332716520116
PTPN13,0.39675641149852986
CPB1,-0.08095484207728747
LXN,0.8095657869870827
ZACN,1.8355203842542924
NT5M,2.436747902324755
CX3CL1,0.500118535826057
EMP1,-0.9031319148974939
PAX5,-0.7869670749606897
BTNL8,0.7268966058399784
AMIGO2,1.6631028931727767
C2CD4A,0.43033838564875915
PF4V1,-0.8355598788114128
SERPING1,-1.061614234099299
PPBP,-0.6909172604765152
C2,-1.9185115026855577
GPR87,-0.8814533737394445
FOXD1,1.3199409521291943
STATH,0.4245908658563399
IL18,-0.007319548396096538
KCNJ2,-0.6373979244123765
EREG,1.4248290696869534
KRT9,-1.0477560801247474
ANTXR2,-0.6574855842307005
NLRC4,-1.214575163755942
SYNJ2,-0.7843227347420461
KRT13,-1.2643490609921042
ANXA3,0.012751394515795355
REG1A,-0.41543607226105944
MC4R,0.6182785563922298
PTGS1,0.3627766658712289
PNLIP,0.672576408302491
SERPINB8,-1.4196430019156423
OR2T6,-0.748869818398106
SERPINB3,-1.1601991892267995
PI3,-0.4210689983601253
SERPINB5,-1.3339985496430622
MST1R,-1.1359965025265335
FAT1,-0.7563342897839124
PDGFA,0.5107485849650485
DLC1,0.3537504778833118
NFKBIZ,-0.8131773377973831
CLCA1,1.917129701355893
PROCR,1.3429488739960913
C3orf52,-0.6095201745899129
ETV1,1.069691843961781
IL1RN,-1.2628486133143915
ETV5,-0.965841457731414
SDC3,-0.04961549488901163
SLA2,-0.9449385561350296
NECTIN1,-0.5311749732815066
COL26A1,-0.2802017039882988
OCLN,0.27798354860719793
FERMT1,-0.7415234044745481
PDZRN4,-0.8037467869110203
SEMA3A,1.0702969956798094
SEMA3C,0.8118933668314274
ADH7,0.0916967959754211
CD58,-0.25374678187123284
SERPINA4,0.7001948797986481
KCNK3,-0.30427491451268635
CABLES1,-0.776661359989573
DGKG,3.247818796877446
HSD11B1,0.22768968313324028
KCNJ15,-0.8441658679815894
PCDH1,0.045449767250538446
BBS2,7.374495574866044
MMP3,0.5774590024451651
AHNAK2,-0.9867167689981295
SCLY,-1.3378887053135846
METTL2B,-0.5772570999321012
VAPB,0.059532466884782705
SC5D,-0.27914838187725555
TRMT44,-0.14142532564416735
MAGEA4,-0.6319471561890513
THAP4,-0.5413742538993678
YDJC,-0.7297426071096349
LBHD1,-1.802952377593129
CEP70,0.8673736783238248
NLN,-0.0862616379930834
NUDT5,-1.0230605282652656
SBDS,-1.5460234268455835
NSUN4,-0.06576039404088625
NSUN7,0.4514382228047839
POLR3G,0.32024886738690395
POLR3D,0.42624385785567104
BAG1,-1.3994670786251298
MTRF1L,-1.045849212052612
HIST2H2AA3,-1.4690748616282003
EIF3CL,1.1199830407125966
WDR55,0.515670729120186
POLRMT,-0.972824380363647
HIST1H2AA,-0.7562052524189176
CTU2,-0.6149870081813814
PPAN-P2RY11,-0.9769156386820365
ZCCHC13,-1.8044626153539989
MRI1,-0.25625996793539535
LARP1B,1.5995777382956748
FMO1,-0.8050155414458745
GNL1,-1.0977762377660982
NOL12,-0.9643424965000708
EXOSC1,-1.1750517950498602
PABPC1L2B,-0.46995370757105176
FCF1,-0.7924807194731904
RCL1,1.0936855617550285
PACSIN3,0.13492246216143564
BDH1,-0.32187629461920686
MAP3K21,-1.1319317098995307
CASK,-0.42241453758480435
BCS1L,-0.8421810246696227
PABPC1L,0.09163046059856719
NRBP1,-1.5039422754137277
POLDIP2,-0.925520508132644
RIOX2,-1.1077254601695028
THNSL1,0.06924905924338781
MAGEB10,-0.7849027930286495
CPNE4,-0.5815896908854932
MT1F,-0.8056028153338108
C7orf26,-1.07045927617109
CDCA7L,-0.15184847639227753
MTFMT,0.8472998466774666
ADAT2,-0.5844819768047672
CENPV,1.6394324822252653
ZNF346,-0.4744661384657247
ZC3HAV1,0.1775933658793729
C12orf4,1.9561686539650613
UCHL1,-0.0830637997174852
LLPH,-0.7807608859541615
SETD1B,-1.7365297915121574
C12orf43,-0.857728060929814
KLHDC4,-1.1249991842362717
HIST3H2A,-1.028588054973892
PUSL1,-0.007914344213660614
SFXN4,-1.014077982556669
NAT9,-0.8980108522079446
AARS2,-0.5911367689015441
SLC25A19,-0.47303141083897793
TESK1,-1.4349924814760344
IGF2BP2,-1.240246982036183
KNOP1,2.763275931363072
SOGA1,-0.8228632053571712
TENT4B,-1.313326383600696
ZNRD1,-0.7755248717072665
EPHA10,-1.1902881598393444
GOLGA3,-1.4110229538456802
PABPC5,-0.7020423785940566
GATD1,1.0962857457788167
PDCD2,-1.6458417043174387
FER,-0.25255322364301513
AAR2,0.4025777224399391
ANKRD6,-1.0099213637085087
HIST1H4D,0.8884895340001442
HIST1H4K,-0.5687891870198849
HBA2,0.8487428023784409
HIST1H4L,-0.5950639711079101
UBL5,-0.3872215505538639
PTGER2,1.051235728880472
PRF1,-1.8147807116999328
SAMD3,-0.9326894491535354
JAML,-1.2577974716779503
CXCL13,0.3075668772496109
CLEC2B,0.19273113872002154
PRR16,0.9314692906751658
CD1D,-0.7315552973365023
CD1E,-0.9383691482298794
JAM2,0.39551522286035545
JAM3,0.4660974231924513
CCL21,-0.5444063949102005
GZMK,-1.8350425711280267
GPR174,-0.7144189261748941
SH2B3,-1.6595183539929574
ALOX5AP,-1.4104639507353116
HIST2H4B,-0.10659051158862928
FYB1,-1.2826681112525726
CERKL,10.726029715238207
BIN2,-0.29055575441215137
PTPN22,-0.7143874876462837
LCP2,-2.7003156931767367
CPVL,0.4301874183529336
AOAH,-1.6725156373024093
KLRK1,-1.5493701637615633
PRSS2,-0.1654282980919846
GAPT,-0.8684303753337005
NAAA,-0.4539645234224242
TMEM131L,-0.3599274022903747
PROM1,10.02101880803288
CYLD,-1.3609518073726694
ERAP1,-1.040244992478724
CYSLTR1,-0.5375652446129581
AIF1,-0.278913330148948
TRAF3IP3,-1.6701990503996618
RNASEH2B,-0.6662321876462998
RIPOR2,-1.9350590355849522
IRF8,-2.30190065191691
GIMAP4,-1.8885131962660289
BTLA,-1.2430555171227917
CD72,-1.6037351624768859
CST9,-0.5883190102044409
PATL2,-0.8734889613896418
TNFSF4,-0.5645115323479152
CELF2,-1.281192786697256
PDE7A,0.827481407362857
GPR18,-1.3064987052354564
UBE2NL,-0.25310597342852226
SLAMF1,-0.3427663050746683
ST6GAL1,-0.25952820148071815
SAMSN1,-0.766408398055866
IQGAP2,-0.2238382682172005
EOMES,-0.9548712707236106
LY86,-1.4782860331156797
FCGR2C,-0.8013593785870127
FCGR2A,-0.09618386247321849
HIST1H3G,1.5860762270731792
HIST1H3I,1.6152208073268641
CHST11,-0.4235119669183744
DCT,2.5177531713073837
MAPRE2,4.1869886585191365
ANKRD44,-1.5072578346013115
RUNX3,-1.311308899084331
CD3D,-0.5256916275454254
CD3G,-0.718563890999281
SP140,-1.8020002708313714
GIMAP6,-1.503218893183846
GIMAP1,-1.2823912853277746
GIMAP2,-1.1116618227284485
CR2,-1.4466948885130688
CD274,-1.4585834673499094
GPR171,-1.6034110739443457
AGFG1,1.4238285545594866
SH2D1A,-1.7738840044662025
DOCK10,-1.2338748280643725
DOCK11,-1.4016274450546709
STAT4,-1.5925896487928441
CD84,-0.05858770616367761
PDE3B,0.6730882924242754
NDUFA2,-1.4983147713333855
SLFN11,-0.6987917551375644
CD8A,-1.777139106133097
ADAM28,-0.24719848089651933
SP140L,-1.0992564347306089
FCGR3B,-0.524838003694488
HLA-DQA1,-1.1003212421420254
SEL1L3,-0.14675860753145767
JCHAIN,0.3103190412673805
CCR1,0.0697139787627731
KLRB1,-1.5779926124512642
MS4A2,0.26019453847089963
ARHGAP25,-2.1342219343217668
HPSE,-1.2019269957703038
TAFA4,0.6223535133186302
RNASE6,-1.1310150180446987
CX3CR1,0.8566859589097942
CYTIP,-1.647672614906276
SCGB2A2,-0.304991920420051
RASSF5,-0.8459299184973318
HBG2,1.4680770673958876
MANEA,-1.4658586360101153
RSAD2,-0.4152674067135178
LGALS13,-1.0993368674771955
FCGR2B,-2.102577347055749
HIST1H2BE,-0.9021184114378652
HIST1H2BH,-1.0506276030907935
HIST1H2BI,-1.5068322528572278
HIST1H3B,1.37904834571908
ITM2A,-0.8850855331244969
HIST1H3F,1.6007089750295325
BTN3A1,-1.9507376790464066
FCER1G,-1.1325499974679352
EVI2B,-1.1151318196341213
PYHIN1,-0.5496862456163777
HIST2H2BF,-1.537256143457687
GIMAP5,-1.6276824192755002
TRAT1,-1.7800783919485061
CD69,-2.0444703311818704
BOLA2,-1.265053431662081
GPR65,-1.9066470131846356
FOLR2,-0.5304458765593772
SYNPO,-0.677233263838881
RTL8C,2.0747844526646047
TRIO,-0.49211932040687245
WDR1,-0.08100949108999414
CEACAM8,1.3706996131757168
GRB10,0.5801896161207658
ANGPTL3,-0.784373338822705
CSRP1,-1.1229754016583304
SFXN3,-0.6354474981330344
NR1H3,1.1702770281873651
CHST7,-0.013746411325715606
SLC2A14,-0.557131276535842
ITPRIP,-0.7810582449147967
S100A8,-1.0964057535851088
RNF24,-0.5455518870475665
HOMER3,0.6191864416861841
ESAM,0.7884095401991373
PLEKHO2,1.4032124976139795
DKK3,1.6599084922594862
FUT7,-0.542033585806244
FGB,-0.3921094459568452
IFITM2,-0.6104982697304165
CCL7,1.2489830682856577
PLTP,0.607402869458822
ANGPT1,1.455732828318341
ANPEP,-1.1806400372202561
RIPOR1,-0.07157960029262318
MFNG,-0.6543614189273356
ADAM32,1.0938096812044957
NLRP1,-1.5005780017016677
RAB13,1.6015096648630263
QSOX1,0.25852445438284233
LRRC32,0.5326657071934096
STAB1,0.2007720183579744
CHPF2,-0.43974649556372475
MMRN2,0.3077927322999257
PECAM1,0.5854927077311971
HOXD3,1.4666954403371775
EMILIN2,-0.474454048604203
FBLIM1,0.048184860447331085
RUSC2,-0.8265590003332539
PAX6,10.03077342639389
CD68,0.2276875764418284
SFRP2,1.7354237722907941
TMEM158,0.14028381567954448
SLC22A4,-0.7155884648598851
UPP1,-1.3302654647767989
C11orf24,-0.928699162616663
C1R,-0.21325984841876897
FSTL3,-0.13170855718991337
PRAF2,-1.0944032360925957
SMTN,-0.35289594725640694
SH3GL1,-1.1057258062118709
ACVRL1,0.6837244548651966
PLSCR3,1.447127940638127
ADGRA3,0.80623849614314
NCF2,-1.240753876588517
PXDC1,0.8846453113878106
SMIM3,-0.7917480113654521
FZD2,2.203772193949247
RGS16,0.6444837050266812
ELF4,0.3639301131688026
PTPRE,-0.4015487977733794
ARHGEF40,0.0983003259807716
SELENOP,0.8163217457295479
LHX2,1.443886479123999
OSBPL3,-0.9495125666363009
LHX9,1.8868835075764807
TMPRSS11B,2.055848258821278
TMEM17,1.8943508085044938
RXRG,1.4206643721555363
ADGRL2,2.7954622636089503
RAB11FIP5,-0.36112518769737234
PCDH20,0.8420511339394641
TSPAN11,3.2412429312896225
FAM234A,0.5799146626348024
ARHGEF5,-1.1187133080438445
EXT3,0.06699847226812766
PHACTR2,0.7975442172389597
CXADR,-0.7339282394881782
LPAR6,-0.9808537714041964
CD36,1.5060396434165022
SLC30A1,-0.7642569935012052
EHBP1,0.0075736130735854475
MB21D2,1.1434816374376837
CTDSPL,-0.8276906447069113
EPB41L2,3.5333629641477344
FAM171A1,0.07532254359662356
CDH17,0.05875870245214832
IL1RAP,-1.1153140355195492
KANK1,0.33498006738068326
CD24,0.8147167876014464
TSPAN8,-0.5623764903807502
KCTD12,1.379124098590807
SOCS2,-0.21021760548728147
HLA-C,-1.7938825563360947
TOX3,0.3008960932387123
MPZL2,-1.100207703351923
FZD8,1.021113439634418
TBC1D4,-1.4996349384934067
DUSP6,-0.3545774186836262
TIMP4,0.8799661619649566
FADS3,-0.01747208083119864
PTGIS,2.0243245136423034
SIRPA,-0.38515028228716686
LPL,1.2359646251235714
TNFSF13B,-1.475331260473994
SVEP1,2.013371061666645
PSG8,1.0880488474704975
PPP1R1A,-0.6125344868499908
ZCCHC24,0.09942018574189924
NCEH1,-0.15099176062567363
CDH19,0.13927137676589316
HSPB6,0.6200252678541525
RCAN2,-0.6013896302073548
TBX2,0.8437413491201412
FABP4,1.492894740900435
ITIH5,1.9741603444410443
DNALI1,0.9429210544475012
CXCL10,-0.059584542810858634
CHRDL1,0.633970850450713
NMRK2,1.655641933227919
LFNG,0.5742968676152126
ABCA8,0.8858145870650215
ART3,-0.4814731002787595
GPD1,0.08856918046658976
MYOC,10.218166034185632
SORBS2,-0.9455510351484889
CLEC3B,0.5870617077392437
ST5,-0.7376446664481745
DAAM2,0.056518360663211746
PDE2A,2.372057267701085
C1QTNF1,-0.09820292370817542
ACKR1,-0.2586637078677593
ADH1B,0.8564277917280768
TRHR,0.886088501207535
UTS2B,-0.3748794136370057
KRT34,-0.19822178958811631
GPRC6A,-0.09285575650910192
IL22,-0.019416374222009668
CCL23,-0.3568081922282161
GPR31,0.08542310555982063
GHSR,0.7308786310311071
PROKR1,-0.3542314430036217
PROKR2,0.4433657368913297
BRS3,1.5489734098910104
PRY,2.3785624502039133
MC1R,1.6339506632422522
B3GALT1,-0.28048913097388983
HTR2B,1.5590621127510675
MCHR1,4.0964235114703005
APCS,-0.3260404642848532
OR1A1,1.3581021324350937
CRHR2,1.6383533789831584
GPR4,0.3246581436907043
GNG4,1.9418920060868379
GNG2,1.7014949805200166
PSG9,0.3120411123621398
PSG6,-0.44460944800944685
GNRHR,1.1769379326552227
CD200R1,1.3991441541083351
PSG3,2.108516490888836
NPS,0.22283452723499736
GPR17,0.08452526141314581
GHRHR,1.5438673949346953
SAA1,-0.7203533648576133
TSHR,1.43062359543303
CYSLTR2,-0.5188716890143067
CCKBR,0.27963872934434253
LGALSL,1.347126899318281
GNG7,0.2562999740473474
HRH4,1.0004914030005814
LTB4R,0.08202555796070574
GNGT2,1.9097908120157983
TRH,0.8869523510584233
CCKAR,1.1668234838704197
CHRM3,0.05386115433405584
GNRH1,0.5779595226727373
NPFFR2,-0.43900654785725146
PMCH,-0.4382456365481588
LPAR3,-0.12200139544116646
BTNL2,0.9321288307863136
TACR3,1.3260197305194275
F2RL1,-0.8571521342829262
MLNR,0.023556325901341425
PROK1,0.10278472531998975
PROK2,-0.48721021303285755
ARHGEF25,0.9551994516418248
EDDM3A,1.058116599416753
AGTR2,0.660365127218028
MS4A12,-0.13176020553942616
PTGFR,0.17915634280468984
ZP2,0.7291081613689037
GHRL,0.26264505630900914
OR6A2,0.2550707639733662
P2RY2,-0.47487864996471113
OPN4,1.4571753171294122
HYDIN,0.8305887093367358
SLC10A2,-0.15787091013774993
FFAR1,-0.4331132996053553
GP2,1.637941155015978
P2RY10,-1.2565622866028305
P2RY11,0.21065808661464755
TACR2,1.5094495747082957
MRGPRX2,-0.32338404895361267
HCRTR1,1.5548133509233315
C22orf31,-0.9000837302304253
C8A,0.3867609273469137
GNB3,1.3234771755424748
MC5R,1.0668712272179748
BDKRB1,0.3643943586290024
KCNJ1,-0.6728967918800075
NMS,-0.3164666498316979
PON1,0.23628390297478366
QRFPR,0.4914310911043527
IFNA21,2.252731557073297
F2RL3,0.0008736159242876919
F2RL2,-0.6300299451663232
LPAR4,-0.6407040474326378
LPAR5,-0.35961264250595587
KISS1,0.6763866661685192
QRFP,-0.3576096139436044
EDAR,0.7039619513492649
TAC1,0.14795384213385906
GRPR,1.1005774697354935
TAC3,0.7572002306183535
XCR1,0.21895167040770092
AVPR1B,0.6771564016589733
WNT8B,1.3979704081779858
OR3A1,1.835757244962564
SLC5A4,0.9723279050093414
GNG8,1.2918630857233995
UCN,1.0210829853629626
OR2F1,-0.1729534374073691
CELA3B,0.5477792602294034
CHRM5,0.9054622154554886
MCHR2,-0.35461188920551195
SCTR,0.8229817754211959
FFAR3,-0.4081211891154318
XCL1,-0.8316628705409035
OR10J1,-0.24334467735349244
PLAAT2,0.8882874882311967
FFAR2,-0.6873667927615841
MMP27,0.7882016733231341
NPSR1,0.19780087989762435
CHAT,2.0627832348082706
GNA14,0.9814065697619738
GNGT1,1.0250104762750918
CALCA,1.447185481643558
P2RY1,-0.47623818608824336
C4orf54,-0.7333642772817707
XIRP2,-0.6197092868389261
SH3BGR,-0.5112097371992287
SLC51B,-0.3423774588902094
VIL1,-0.05271630322431855
CHP2,-0.9768409979113091
FABP2,0.7203580848451367
ANKS4B,-0.654098746051842
SLC5A9,-0.5968350371179724
NR1H4,1.6914454850843852
GUCA2B,0.24561369454464912
SULT1A2,-0.8509951321002266
HHLA2,-0.4619994334394202
CDHR2,-0.6845859261379781
CDHR5,-0.48024710700491424
ADAMDEC1,-0.9614203641953925
SLC51A,0.1044289689106302
MT-TP,0.7038812189376626
MEP1A,-0.030598800322736767
MEP1B,-0.5513022461550148
SBF2,0.3687705060052968
CDC42SE2,-0.6324656958398512
DENND4C,1.503604517785979
GDI1,-0.8536496822785364
GIGYF1,-1.096502855021418
SRGAP3,0.039721598266103185
PCNX4,1.6221577323413312
TRIP11,-0.7079929650891674
KIF13B,-1.166731291963882
KDM7A,-1.474006215656668
MCM2,-1.818194024361582
AZU1,0.5562579912163511
RAB8B,1.9508548445534295
SAMD4A,-0.6502424127294418
TTC28,0.7346156009170447
SH3RF3,-0.6162699054760773
HEATR5A,-0.907699150575395
SH3PXD2A,-0.8132059052791437
PCBD1,-1.6624745510797352
CEBPE,0.8033625731212973
DDHD1,-0.2233625921303668
CNKSR3,0.28156367901064755
ZBTB21,-1.3552459341465457
PPM1H,-0.790745885223075
DENND2C,-0.08985858923543581
SCRN1,-0.5589492927772824
PTCD2,-0.7213948580072986
PTCD1,-0.9000458003221015
RTKN,-0.9502959930756583
TPD52L1,-1.1835249972163338
LYPD4,-0.45043429281468306
SERTAD1,-1.063010281123731
DENND2A,2.0075134173915226
DENND3,-0.3430696769376324
METTL6,1.2371922775829713
EOGT,1.1347331191819607
TFF1,-1.1157296142551465
C1QTNF9,-0.6312139238930279
DENND4B,-0.28769340980789654
IFFO1,-1.3149333313915006
KDM4B,-1.2714655698905766
APBB3,-0.6219052568796514
ARHGEF11,0.40816017953123324
SETD5,-1.404556433695802
FAM193B,-1.2459151429723676
EVL,0.9771749854528089
POLM,-1.085233839553763
PANK4,-0.1463081157368522
PILRB,-1.1221265656798673
CAMTA2,0.7222070257276065
MAN2A2,-0.8584228087979209
DENND5B,1.010610610686662
ZMIZ2,-0.0030936107436597
MAP1S,-1.5987612410892953
GSE1,-1.4499474242847066
ENGASE,-1.1545448674986847
TAF1C,-1.2532155133794203
TMEM63A,-0.9803095263017724
ANKZF1,-0.9570005467315037
TBC1D9B,-1.0081493653429292
RUSC1,0.29320636844289283
MYO9B,-0.5242390549430087
TBC1D13,-0.7413601665546317
CMTR1,-0.8483858793446252
CIC,-0.34571154847514274
FBRSL1,-0.4267168626410942
AKAP17A,-1.4696818772020295
ATG16L2,-0.6851544702020131
DGKD,3.4848254537511325
DENND1C,-0.12966429400512855
ABCC10,0.6285791883690521
TJAP1,-1.2865306788499895
TMEM39B,0.06577378121220308
MAST2,-0.23396208485500083
WIPF2,-1.6233261669176267
TBC1D10B,-0.6991532995516496
RASAL2,-1.2167688694139542
FAM110B,-0.49513956978796514
OSBPL6,-0.7953916813174668
PLEKHA7,-0.7896792002557166
NAV1,-0.7378657044482495
RALGPS2,-0.9563869473808888
STARD13,-0.2732408426877236
FAM110A,0.31464103286028955
ANKRD34A,-0.4606045387796599
DCAF10,-0.7916334297345194
RPTOR,-1.4113942974490084
LPIN3,0.21939926713249797
VPS33B,-1.0738425292719285
MAPKAP1,-0.8045555450011098
FAM53C,0.30114364339492605
OR4C12,-0.38357273758427235
RTP1,-0.6712175015854004
RTP2,-0.74386413494856
REEP1,-0.15767979104082527
GNAL,-0.6880288702897526
ZRANB2,-1.6581518761021146
SAV1,-0.6228630153618477
RAPGEF4,2.4136729781248234
RFTN1,-0.7987348392755422
SUSD6,-0.2817084790017444
IFT57,3.71585107568634
TRIM22,-1.0730042124389503
MCUB,-1.1959426819088266
PLEKHA1,-0.8769680786570199
DOCK9,-0.8072046032678013
DOCK1,-0.1437916449298982
PHLDB3,-0.5924624484007882
TRIM5,-1.2758472381637118
NAA20,0.2441891387719813
CRYBG1,-1.1986164645214548
LASP1,0.6521267220777247
NECAP2,0.8432394472013802
ACOT9,1.3007494455325017
DAAM1,0.18836194627426825
MDFIC,0.6558110776438323
MALT1,-1.5531237307032504
TMEM243,-0.32408313146478496
CYTH3,-1.0059182970821539
ZDHHC16,-0.9667976943843057
IFT27,1.7683956966051553
NT5DC2,-0.522891288042981
EDEM2,0.3703441273468354
ANO6,0.1142325783835784
WDR41,0.15356293539956029
WDR49,-0.5379682235333577
BNIP1,-0.5976633692359922
SLC39A7,-0.24017234467859405
DNAJC1,0.1464601540474074
SPAG16,2.4635552313271947
KRTCAP2,-0.7393193000140864
WDR86,1.743830300299993
WDR88,1.1764123137962366
IFT80,2.267603261671603
DDRGK1,-0.8492136713230714
RABGGTA,-0.07931618342943313
SLC1A4,-0.9290868101533946
CYB561D2,1.3646067555786032
APOL2,-0.7580387175617515
MRPL49,-0.8521796219654638
WFS1,0.5136217193369623
NSDHL,2.1435779964280495
CRELD2,-0.2401662175528998
SDF2L1,-1.0544953430451232
TMEM216,0.8740317196198628
WDR27,-0.626852445082932
SLC35C2,-0.777808448555383
AMBRA1,-0.9431555396552291
CEMIP2,0.2362179889394177
ACOX3,-0.17289906569118926
CDC20B,1.115132237708807
EVC2,-0.8246487480835074
DCAF5,-0.630872785302438
EML6,1.6525191119441873
WDR61,-0.12032068594946635
WDR64,-1.2557275915499204
CORO2B,0.7657460486364014
BCAS3,-0.7966257371313826
VPS45,-1.0360069321245151
TMEM208,-1.6645918609966146
WDR17,-0.13059278311248604
STX18,1.7940055619449295
CORO7,-1.1238417844482373
PIGT,-1.322772692163772
WDR5B,0.7297532500448218
APEH,-1.7276816713124217
MSTO1,-0.1071526290751229
ELP2,0.5155378881573498
TMEM120B,0.17200938763458654
NBEA,2.4108560017712723
TMEM67,3.117016374285533
NWD1,1.174221577393745
CLPTM1L,-1.0817077314784254
WDR97,-0.5273050702420334
DESI1,-1.2428141678252314
CCDC22,-0.7338061684206665
CFAP57,-0.20065071247725966
PLK3,-0.7740583239563883
GPAT3,-0.02018810855911499
OSBPL5,-0.2625095780465309
ERRFI1,0.7807313377799874
FABP7,1.5177407381006918
CNN2,-0.5581390843469234
ADORA2B,0.6828056312467161
ZFP36,-1.1059018381278833
SLC23A1,-0.40434759677861093
HCAR3,-0.5814093722182965
EGLN3,-0.7646799553791706
GAL,0.4844082031147426
FOXC1,9.988769782808308
PANX1,-1.1797051340808424
CSTA,-0.53378441846999
STEAP1,-0.6167848778579339
RARS2,2.0024027290096025
WWC3,1.9109164335414697
ABHD4,-0.9031662026615819
UQCC3,-0.6432918507665946
PHPT1,-1.280603911761663
XPO4,-1.159680763766198
PCBP4,0.6180615662845652
LOC102724985,0.1661804381272819
RHBDF1,-0.07475977071012688
EPS8L2,-1.0793862636549
DRAM1,0.28098232465807443
TMEM11,-0.8197749989026517
ADAP1,-0.7035663420111608
TNFSF9,-0.5087202064481431
FAM214B,-0.6684889881984443
IPO11,-0.65608766513671
LARP6,1.1528238062250198
COPG2,0.8792415164720515
ETNK2,-0.7815567522992787
CDC42EP4,-1.0025798837143343
UNC45A,2.6719033190318076
CZIB,-1.2189648293942865
TRAM1L1,0.5527831491822273
OARD1,2.06899938747907
SIGLEC12,-1.780278438465475
LZTFL1,9.11725489749022
GATD3A,-0.7866998908714673
CLUAP1,2.8207938784709468
UFSP1,-0.34477221848071377
PLXDC2,-0.16200931777612662
TAF12,-0.8622289933142075
ETFDH,0.09425763432187155
KIR3DL2,-0.6345478449305735
ELP4,11.577963535157862
AMZ2,2.433836960543098
ASCC1,-0.6778330874549645
VAT1L,-0.14803494262059408
ATP5PD,0.14139594154251464
WASHC3,0.8191035291084746
CD79A,-1.943261465579042
SIGLEC5,-0.2648497163731871
UGGT2,0.1742012054895508
SEPHS1,-1.4705580996676886
STX8,-1.262202841331079
AMIGO3,-0.3730116463601029
KIAA1191,1.0241945043459038
CD244,-1.279006371737598
PLPBP,-1.33123910250811
DYM,-0.7914733485815852
SLC16A11,0.4031237061447357
LIAS,0.9085040580351349
ZUP1,-1.046651822519162
TCAIM,0.13731158931435877
SCG2,0.40669836860140746
GPM6A,-0.887175869140553
RTN4R,-0.6705949642193622
SV2A,-0.3674856144860617
SV2C,-0.6236611335648877
PCDHGC3,0.026839270577658277
AKAP6,1.4723895231477964
ELAVL4,0.34451988625627034
CRYBA4,2.101332986648661
TECTA,-0.18285699821013657
NFASC,1.1267189184621296
CHST1,-0.8936084484457317
SLC18A2,-0.5102480633201087
ADGRB3,-0.38205569877930723
BCAN,0.506548914494571
IL17A,0.9799083369343087
ADGRL1,-0.5532226844007773
OLIG2,0.2645339224217765
APBA1,0.7057155375053157
APBA2,-1.0319785742583576
SLC17A6,-0.15717022710636175
SSTR2,0.860492914087809
PDE1C,2.5248107335746637
GJB7,-0.27943553910290864
MCF2,0.7753385180726086
TMEM185A,2.0220085515214423
CDH8,0.1570557997752599
CCNL2,-1.0922306507731259
SHISAL1,-0.38954377615431596
SYT3,-0.5827023795596488
CPAMD8,9.15038568298841
CNTN6,0.28012116318521646
ASTN1,-0.559161005498521
PCNX2,-0.4209111270158758
TRIM3,0.6643348816320632
SEZ6L,0.6153114389660066
PMP2,0.7461055045881491
RFPL2,0.3160194395791451
TIGD5,0.6696790763613292
ASCL1,-0.1741454556153176
BASP1,0.6907053312857732
KCND2,1.1950914624244302
CADPS,2.2329227065379085
CTNNA2,-0.9210658447938228
VAMP1,1.5949570960299109
FUT9,-0.03527713844267106
CHGA,0.6911013004415927
MARVELD2,-0.5734046130189686
EXTL1,-0.38164868510041905
MAGEL2,0.8798333856977166
SYT13,0.7508774481740871
PHF24,2.0936024817896692
ST8SIA5,-0.636953089854965
CYP2S1,1.6014535114030533
MAB21L2,-0.5499007567632787
EPPIN,0.7614104801291077
RIMBP2,1.9507772752304264
CNTNAP2,-0.5043502684742248
IL9,-0.006203103205990343
CDH13,0.1398627933363311
NEFH,-0.690090084631129
RGS6,2.0431301913372697
DPP6,0.5939601641325583
PCP4,0.07366997456768253
NRCAM,-0.3403357250076884
ISL1,3.1219351522832155
DNTT,-0.27680113864214045
SCN3A,1.3250173688383575
STMN4,1.1580403767144183
STMN3,-0.4904904606040978
AJAP1,0.9870775093965246
PLPPR4,-0.6466674149548682
LSAMP,0.08234845601848123
SPA17,-1.1079048193672256
PLCD1,0.528109729923755
PAPPA2,-0.3882766260411878
RIMS2,1.7150047879003834
CHGB,-0.6629311682528878
CNTNAP1,-0.4727511451954945
DOK5,0.19958659083443245
POU4F3,0.412187876992274
GPC5,1.8429823194693133
SLCO1C1,1.0690434458466709
PCDH8,-0.5171425726052572
FSD1,1.4524212055420906
PAMR1,0.5837614823293911
FJX1,0.23160622261794775
ADAMTS2,2.036969417048431
EFS,-0.34740407548354657
SEZ6,-0.3819036599844937
TRIM29,-0.6403305246353307
GDF10,1.1477432459724874
RAMP2,1.1260228646235337
TPSAB1,0.8785144123786016
SCUBE3,0.008303961796106984
SEMA5A,0.12060596539799404
MT-CYB,-0.43251205309622803
UQCR11,-0.9728759656756167
HEBP1,0.5743507698675632
ABCD2,0.7884020751850027
TAS2R19,-0.03108031252287683
TAS2R14,-0.01781970542334754
TAS2R10,-0.028264616904214116
CXCL11,0.10905128499295257
NPB,-0.21234872662397586
TAS2R7,-0.05520850487081893
NPW,-0.04009347032444067
TNFSF18,0.5804101310059695
CCL28,-0.2175025701149523
CCL25,0.7509673944595072
CCL27,0.720172722107947
CHST4,0.4320861680543722
P2RY14,-0.3940778337505012
SLC30A10,0.11864896322890717
P2RY12,-0.29551649368122884
P2RY13,-0.785865138139393
TAS2R8,-0.09295121354152533
SPIN2A,0.9921839379225156
TAS2R5,-0.04269748181618745
TAS2R1,0.3829063598756794
SSTR1,1.4851670405120154
SSTR3,4.1757676376182395
HAND1,0.06972112651155835
CXCR2,0.0814173130583986
CXCR1,0.45246253492260213
TAS2R38,0.023144966425288488
OR1G1,0.6347771977474745
C5AR1,-0.9271871356454009
TAS2R50,-0.06697012051533502
ADRA2A,0.9523706020858804
ADRA2B,0.577738445506895
CLEC1B,-0.5760228587661889
CXCR6,0.28417329630573746
JAKMIP2,0.34651812170932206
LEFTY1,-0.0770936849231638
CXCL2,-0.4666758607945311
PYY,0.5742718187825547
CCL5,-1.1452816721070598
TAS2R20,-0.04686344229744299
INSL5,-0.007210751469260018
TREM1,-0.987716880208787
ITIH2,1.357297679919083
S1PR3,-0.08136670573889772
S1PR5,0.07947790943304114
S1PR4,-0.8988469420065804
CFHR2,-0.7700189725630624
TAAR5,0.4203054497288312
TAAR8,1.010629512047188
SEMA6D,0.2653413065575853
CHRM4,0.6166431103715591
CRHBP,0.494229346757989
TAS2R60,-0.04071833343449009
RLN3,0.3053325451796502
RORB,1.4444996518163407
FPR1,-0.41058158555832724
FPR3,-0.9228721984663868
ADCY4,1.652076329054184
ADCY5,1.916692061045359
ADCY6,1.6510004621105039
CXCL6,-0.37876521479552977
CXCL9,-0.36666950765692147
NPY1R,-0.2426866750676647
GALR3,0.35634072760209995
GALR2,0.4603047870317682
GALR1,-0.04559469960831636
ADORA3,-0.1732091709346531
PRLR,-0.010777015226427737
KRTAP4-7,0.6091597663594139
GNAZ,3.236715728707717
NPBWR1,0.77034191131566
GRK4,0.5323784441030212
CCR3,0.7346701633427077
CCR5,0.025296250840437958
CCR6,0.059746943981710536
CCR8,0.19577483481825347
NPY4R,0.464123198642207
BEAN1,-0.27837397385352186
C3,-0.35549247874251483
C5,-0.8014735504835527
TAS2R39,-0.06568391484243234
OR1E2,-0.031301287648390255
OR1E1,1.660549325459979
PNOC,-0.49676723882759494
OR7A17,0.5418318323948933
GPSM1,-0.21264798569536228
OR2J2,-0.24036995477583617
ADGRE3,1.3897124157926222
ADCYAP1R1,0.6080664338421441
PI15,1.4009688171706656
LINC01587,0.6104875966976571
HTR1D,1.9359792548322579
UPB1,-0.705818002571237
GRK7,3.7604393779501044
RXFP4,-0.17778001996050655
GRK1,11.278488965413038
KCNMB4,0.6547138422789908
IFNA10,1.7928457631583197
DCHS2,1.9725125202746543
HCAR2,-0.0885276512992316
HCAR1,-0.02700831722600835
APLN,-0.012731804337470976
TRIM49,0.6716463062328271
MTNR1A,-0.21901913281540666
OR7C1,-0.3380237561609002
OR11A1,2.014701310503219
OXGR1,-0.1255148385386694
SUCNR1,-0.08968653790435824
TAS2R30,0.0358990234018476
TAS2R31,-0.00031878647931862726
CORT,-0.21991080753587983
CCL11,1.4774082517560712
CCL16,-0.03822165999781684
TAS2R43,-0.041285043639846246
TAS2R42,0.09690874848690179
TAS2R41,-0.11054616190275919
TAS2R40,-0.049767146583179975
TAS2R46,0.008660693176606745
PF4,0.7512051179174105
GPR55,-0.16226724870878095
ATF7,-0.6878926851897684
FBH1,-1.338766683315848
KDM2B,-1.1757175696785422
FBXL6,-1.1650588817776355
FBXL17,-1.106670542598847
ASTN2,0.1153606539911985
ECT2L,-0.9090990410754902
PRAME,0.4866113362989865
FBXO45,-0.5215860997720139
FBXO47,-0.9389959109140631
FBXO42,0.6196214571010156
XKR8,-0.1575714502151351
FBXO36,-0.9723215896765645
CBWD3,-0.26686795992309725
PPP4R3B,-0.5339561296694518
PPP1R37,-0.6633858278967532
XPNPEP1,-0.9827262818304167
SH3BP1,-0.9026892596860875
SSU72,-1.1277208953458489
C1orf131,2.0495827525546715
SIKE1,-1.2348580766885606
EEF1AKMT3,-0.5545854129943053
SH3YL1,0.2965762297228521
ATE1,1.3012087864340953
ACAD10,-0.7372325661844319
ARHGAP44,-0.20109718078366812
TSEN15,-1.066447019528211
TCTEX1D2,1.3563511494470408
IL1RL1,-0.8051869011968028
CYP2W1,1.9504970790285165
CYP4F2,1.1462983586576685
CYP4F3,1.7767642216435022
CYP3A43,1.771921787586321
CYP2F1,1.6764602595900269
CYP4F12,1.5186155325494066
CYP39A1,1.6884745942261683
TBXAS1,1.2236719692383482
PHEX,0.787734524780692
BGLAP,-0.41808591144356133
GC,-1.0754897311941967
CYP4X1,1.9870988649791521
CYP27C1,2.432988867953495
CYP2U1,2.081732785806195
CYP2C8,0.6577864944516447
CYP26B1,1.7953811586325112
CYP4Z1,1.9948314576277257
CYP8B1,1.3473982721014213
CYP26C1,2.1036149955959424
CYP2J2,1.3281598602598983
CYP4F11,1.6078736099495359
CYP4B1,1.5856679344679088
KCTD11,-0.07535448599729108
MCTP2,-0.4525545620658982
CYP2B6,1.4699598744324054
CITED1,2.022670818413084
CYP20A1,1.9578363375668897
CYP4F22,2.5183500098509284
CYP1A2,1.566479018298676
CYP24A1,1.6734223106290482
GCAT,-0.8150076105362679
KL,-0.7082405449151835
DEFB4A,-0.6892465470975808
CYP4A22,2.414673511284545
CUBN,-0.34388118841355997
CYP4V2,7.398219547905258
CYP7B1,1.4186092580959442
BAAT,-0.5414546907637455
CYP2C18,2.4611252852760224
BCORL1,-0.8113077092805713
DVL2,-0.07903586322545143
KLHL10,-0.9270085031413655
KLHL14,-0.9062926695357678
ZBTB42,-0.569282820786543
SUFU,1.3048382586521794
KIAA1671,0.010930692608002158
ZBTB46,0.9230595297312095
GPR101,3.1671776441215544
DISC1,-0.5592953426297101
THSD4,2.2758465618674797
BMPR1B,0.4327758130230768
OASL,-1.973703135141928
CBFA2T2,-1.344386920815504
ZNF843,2.2737336310524427
SIRT5,-0.55613413194624
ING4,-1.3497012578830887
EFHC2,0.7097542500349645
ING1,-1.6318888444604311
PHF23,-1.086326917452206
ZNF775,-0.8941886590519306
PHF2,-1.0694583445213983
TET1,-0.6763330929775949
DGAT2L6,-0.3232439291229869
TMEM239,-0.20458617371092705
ZBTB22,-0.2677373950011117
ABCB9,1.4761193159682913
NACC1,0.30025319358303004
PPP2R2C,1.6181264053789648
ZBTB45,-0.8346878876307059
ZNF653,-0.8849039290431181
CDRT1,0.5904574678424159
AMZ1,-1.2145815584805837
NKX6-1,0.878624165157771
VWA7,1.528722349783968
MTUS2,-1.2876752473435684
GPR21,0.4656798219603158
ACSF3,-0.04217544345873631
NOTCH2NLA,-1.2331868326344537
TRMT2B,-0.01160892005714335
MAGEA1,-0.8236140184975429
MID2,-0.47680610571075244
GPR137,0.7627486509175225
FAAP24,-1.1089115738416226
TRAF1,-1.8585630067168795
KIAA0556,-1.1654566897132794
KRT40,-1.426136892039049
ARHGEF38,1.2632365282381492
PIGQ,0.6985533058134579
RALGAPA2,-0.6541093041775439
DDI1,-2.083580636636483
MTMR7,2.118719393624082
FRY,-0.9767376935519116
NKIRAS2,1.1207739009263944
TBC1D14,-0.865747683945378
GLT1D1,-0.5957883732002234
STEAP4,-0.5646160344178839
GHDC,1.1367447776120128
POPDC2,1.0219859131121873
CYB561A3,-0.22705628366230612
ABHD14B,-0.8806175845160044
CHRNA9,-0.7208360063345906
BRAT1,-0.7835208137186319
CAMSAP3,-0.3914058205070294
TKFC,1.432664583966488
TMEM219,-0.26747446125714214
SDK1,-0.23927660795609607
IGSF22,-0.2438397889794847
ROBO2,-0.822689073015701
DSCAML1,-0.04927878812334109
MACROD2,0.14674417276705518
SDK2,2.0090053241121426
VMAC,-0.07280879426977013
CNTN5,-0.2976622925346634
CNTN3,-0.5185386737506269
CNTN4,-0.3362979398986181
DNAI1,0.3995756668970306
CEACAM21,-0.6675332933009412
FCRL3,-0.8789042091546821
IL13RA2,-1.1006479058306522
TMEM30B,-1.078722965971488
ORMDL3,-0.24089396444844124
ROBO3,-0.6072640331290138
EPHX3,-0.558987263754418
C9orf43,-1.52096619044748
SPEM2,-1.4912881028659113
TMCO2,-1.5745948160410732
MROH7,-1.5007811079272746
SAMD15,-1.578287577209924
TKTL2,-1.5992039038544585
SYCE3,-1.823791152389012
TPPP2,-1.5558383144089516
COX8C,-1.3715536881476915
ZSWIM2,-1.371624716320587
ARMC12,-1.402272248908955
ZPBP2,-1.8793276734197815
CCDC70,0.2227242200759683
FNDC11,-1.9686165864438043
RGSL1,0.12815077557553298
CCDC96,0.7469278770697025
ACTL10,-1.1633678762320439
TTC23L,-0.17961168061064245
RBM46,-1.4907791396573933
STARD6,-1.4476880549751092
C9orf57,-1.7121187712100019
DMRTB1,-1.9235387624123925
AL163195.3,-2.0045573048114353
PGK2,-2.2872252734708294
SPATA17,0.10513869137992876
SPATA19,-1.741050028024382
C10orf62,-2.106788820797866
FAM47B,-1.8628659231010678
C20orf144,-0.13782602071064926
IQCF5,-0.9506906369281647
CCDC42,-1.7265652939794556
DNAJB8,-2.099997895650431
TSACC,-1.7894175929890603
ODF3L1,-1.7450307680221382
CCDC38,-1.9157488009241403
SYCP3,-1.8496534780412628
SPERT,-1.235161152048271
RNF148,-0.47863504838847215
PRM1,-1.1257765420385166
SEPT12,-1.1612085413292812
REC114,-1.9039676353994148
HMGB4,-2.0895379454422587
RBMXL2,-0.2928002524691587
ZMYND12,-1.260478879851695
DYDC1,-1.820821421105544
GOLGA6L2,-1.535227011810129
TRIML1,0.051224255570561636
TMEM225,-1.4621024970312835
TTLL2,-1.8404899437318094
C14orf39,1.9455777675641082
PCP2,-1.2720651396608722
DEFB123,-1.905467094294565
KIRREL3-AS3,-0.6208235925716711
WNT3,1.13354782271552
PRKD1,0.0463697022839064
CCL1,-0.11589048143046038
CEACAM5,-0.5894530311868559
DNAH9,1.5927549977959934
ALX1,-0.013820790847226051
FFAR4,1.7331570818679853
DDC,0.6284023202178859
TBX5,0.2523312619795369
REG1B,0.47436369089455105
HTR4,1.4793943022861589
GPR1,-0.5304066873776102
PSG2,1.2747371590436334
ADGRG2,0.8440093718526669
FZD9,2.110739077944168
FZD5,2.3088317478382687
FZD7,0.6443606595549226
CGA,0.47054916376892447
FGF14,0.785018694999074
ADORA2A,0.6451443341577497
TPRN,-0.49547466909944093
WHRN,2.2078664057814157
PPP1R3A,-0.8981590105937073
CLIC6,0.0251003835576404
CCDC85C,-0.4215482104693894
AC003688.1,-0.06651289089208635
CLDN16,-0.22939658910336086
CLDN17,-0.4965041121149578
CLDN14,-0.38029225882965784
CLDN15,0.7542725541932982
CLDN23,-0.29567453694988305
CLDN22,-0.27474576777972787
CLDN18,0.2358396560652446
CLDN19,-0.2941281310959423
CLDN25,-0.1561903006576357
CLDN24,-0.14326681097616215
CLDN20,-0.1644568084447806
CLDN6,1.3641864108885071
RAPGEF1,-0.9673697817364227
MTMR2,-1.1811258758112817
GPATCH3,-0.22712396305920074
DNAJB12,-0.5483406861897403
FPGS,0.779577064544345
VKORC1,-1.702459158713355
BCL7C,0.060543822853126136
PLEKHM2,-1.0406687348703278
MCAT,-1.263894599188172
TOLLIP,-1.473929416720079
POMGNT1,-0.382206283151882
ST6GALNAC4,-0.9569389290002862
PEX10,-1.3823957399271707
MUL1,2.7017855141133147
INKA2,-0.3079303347862618
CEP128,2.502377917802319
CDC42BPA,-0.9180393732064911
INKA1,-0.5753721408763441
PAK5,-0.15603031939612394
CHST9,2.0951028361382362
CHST2,-0.8608565236998437
CHST10,-0.7414369542852518
CHST13,0.3768640686380588
CHST12,-0.2722006175745958
LRP6,0.1554128300881524
CHST14,0.159344229023383
CSPG5,0.451838982187906
HS6ST1,-0.5961079042703404
HS6ST2,-0.42211263569328844
HS6ST3,-0.38102338798525226
SYTL5,-0.18193127650684832
PKP1,-0.2976126943417403
MS4A1,0.09911673994252956
RADX,1.212391846732853
NSG1,-0.6429597090936394
GP6,-0.6545971246886704
ENPP1,2.0662336474477048
FLRT2,-0.061534136472395654
KLK1,0.2079798297419675
SUMF2,0.11309602048687797
CCM2,-0.7532775990052144
C1QL1,-0.32886926923045656
F12,-0.8102590028294607
SLC39A2,-0.2589909168818595
HOXA11,0.21612430705294425
PAX8,-0.16372694730101592
LRP2,0.5961192565047858
IGSF1,2.325401807692405
SOX3,0.6515683098798537
ARHGAP6,1.8820288530014662
GRHL2,-0.28292092794489887
WNT5B,1.3582571968905017
PEG10,-0.17041999540296218
APOD,1.4021422417342997
CEP170P1,0.7069953462293164
PTPRZ1,0.17449949219756286
NHS,2.6961231330886717
ATG4A,-0.8603684162591357
SLC25A14,-0.3130060048596382
CPLANE1,4.525886946095169
ADGRG6,0.1001023928745546
AL139011.2,-0.6376374564824377
PPP1R14A,-0.5747418853419304
GAS2,-0.6471860105791308
CELSR2,0.14820167136625603
GLRB,-0.3651050507750637
NUP62CL,-0.5617272079177422
PSD3,-0.8208791959438345
NME5,1.6642451683057466
AMMECR1,-1.3260313035073792
LIMCH1,-0.7275978039857208
SCNN1B,1.207034081882866
PLCE1,0.33119117170971457
GLCE,-0.7058686450756476
TOM1L1,-1.0671202445074335
NAV3,0.6904872853846761
HOXC6,0.19059526942326285
DLX5,0.18175207091924414
C1orf198,-0.06751493578442656
SPOCK3,0.5789494744240484
VPS26B,-0.8186209647153941
SERPINA7,-0.9284157635408559
PDGFD,1.0460405647237292
USH1C,0.942066996298544
SLC15A2,0.35003964975254187
SAA2,-0.5170320975711645
PTGDS,-0.8007452084637242
PAX7,1.8071536624215816
PAX2,1.998703411041086
ATP6V0A4,-1.0222323898132595
SLC22A2,-0.6822324672391131
FMO3,1.6123243483456227
MCC,-0.9164741067483096
MMP19,0.47129383467556946
HFE,0.9979409311477978
FGF12,0.39572477868181716
ARSE,1.7682929114023669
PLA2R1,-0.4366842217500746
ID4,0.5900137806338789
CPED1,-0.16168871448796895
DPT,1.351047289425849
DKK2,1.9376500325192545
EYA4,0.7395644338367937
KERA,0.24285791251911532
ABCC6,1.8371682897451198
KRT33B,0.43490644141187235
LHX1,1.710816731580444
PTGDR,0.03533783999135473
GPRASP1,-0.8084987671349224
EMID1,0.8770608702337801
CA1,0.33637405175037677
RASAL1,-0.6091252301103418
ADAMTS6,2.4238058509825837
INSL4,1.3126507995749732
DMBT1,0.8720183209735807
VN1R1,-0.4796095047104426
AFM,-0.38699986028922034
MAGEB2,-0.26482441562999437
SLC22A11,0.5670331786273376
CLCNKB,0.5974398502539503
CLEC4M,-0.7285992527153212
HOXD4,0.015108477856769529
SCNN1G,2.2146349299356753
FCN2,-0.3957841964667712
PAX9,0.373056482808861
NAA11,0.9844576855541229
KRT85,-0.8688630078968617
ADRB1,0.5891470102925789
CDH16,-0.5649745444863616
POU3F4,0.08190656658685506
USH2A,3.889443992418804
SFTPA2,-0.6018833392320436
ANKRD34C,-0.012759085258219425
CRYAA,2.1973755124375085
UMOD,1.1628223078788287
MFGE8,3.6195257001502803
CELA2B,1.7058645100789411
ARHGEF17,-0.2834816983724664
TMEM184B,1.4283929069936114
CLPSL1,2.7985421795403407
SOX18,0.4589488393482616
FARP1,-0.15276672281344653
GPX7,-1.0220073505474891
RETN,-0.6480340274948279
KIRREL1,-0.6218386355644347
MXRA7,0.6721705216985223
ERG,1.2142005852065776
NDUFA4L2,-0.5337412967482332
SPON2,2.2742546157710173
SHOX2,1.3129148455142678
ITLN2,-0.04135784554529185
EVA1B,-0.40279207332301875
FNDC1,0.684872333886557
TSC22D3,0.3531525956677425
LPP,-0.019154737339422814
C1QB,0.26560370432771624
STBD1,-0.6523680611770258
VGLL3,0.3686772752954018
SOX4,0.44837044282572164
ARAP3,1.0744825918471868
DCBLD1,-0.029192963479860556
SLC16A2,-0.06637671835330844
FKBP10,0.1153564692297131
PLVAP,1.0656556073818904
UNC5B,-0.5443128506048573
RASIP1,0.18173666938768188
UAP1L1,-0.5412634205416368
RARRES2,0.1488136362509897
CDH6,2.2093865060014597
MYO10,-1.2573246019584612
MID1,-0.08034917446815901
FGL1,-0.8177284492811037
SLCO2A1,1.954296960431614
RAB34,0.33130411130165455
AOC3,1.2742564962004752
CCDC102B,-1.0006989587225954
NDST1,-0.6278083734339123
BMP3,0.7038447431747159
HYAL2,-0.8375801934972301
CCDC80,0.9109612495748737
ROBO4,1.112961040619042
EGFL7,0.5777478541604172
TBC1D1,-1.012803160582184
SGCE,0.8247423986085726
ID3,-0.3638539707081146
GJD3,-0.36514014522463684
MSC,-0.10417172681599968
SERPINA6,-0.8179278175990515
VWA1,-0.4771937173681767
GLIPR2,0.4864283218402613
PTPRG,0.6817778389150632
CSRP2,0.04381148435097873
ADAMTS9,2.413115561626756
C1QA,-1.071655210953032
SAA4,0.1466439668395173
PCDH12,0.05666608116499596
SVIL,-0.5215055143936607
CDR2L,-0.16229991313506772
INHBB,1.2982044296474913
SPESP1,-1.5080801267444361
APOLD1,0.7769546253784753
CYBRD1,0.10186025815758952
COCH,-0.36336457616177537
LIPG,-0.20186693610474157
MYCT1,-0.0095549213844307
GASK1B,1.246602967363359
NXN,1.6105014379449467
IKBIP,-0.4939743373930103
HEPH,-0.15012359387614368
TINAG,-0.41042906753035163
OR8J3,-0.3355354447356611
OR4C15,-0.43750251493547876
STK10,-0.1736625450660761
TYROBP,-0.7824738337224706
ZDHHC12,-0.7897754388510373
GMIP,-1.075546950545823
CDA,-1.19130888662483
NPL,-0.1888066739257446
PRR13,-1.8140256172321352
TNFSF13,-0.7175061447091223
MGST2,-0.11856618002362695
EDC3,-0.40282899238006
TMEM127,-0.4429923730709459
GLMP,-0.5258851869742323
HOXB6,-0.5599075609115691
FTL,1.0915485448201059
SDF2,-1.2898162493430358
BCL2A1,-1.3722067877296766
FRAT1,1.142028632267934
ATXN7,0.5786628271205624
SMAD9,-0.5044724406567505
OTUD5,-0.37132000835095386
NADSYN1,0.5010153346310382
GFI1B,0.7463541787347845
SHISA5,-1.0227068395316725
STN1,0.5109127528125003
N4BP1,-0.05632342105007577
MS4A6A,0.20058721695114698
ABR,-0.010874436615425991
ARSA,-0.5869668165857599
SIDT2,-0.3536082835395242
MAN1B1,-0.21067893469322305
HPS1,0.4889360467236247
VSIR,-0.06901839506181295
PLBD1,0.26005953403067233
TMUB2,-0.7589395489119142
ADAMTSL1,2.6605325446645454
TADA2A,-1.316055405703617
TNFSF12,-0.8891916249674431
TREM2,-1.073274974465992
TXNIP,1.1699193562076213
PPDPF,-1.2474127512633777
ADAP2,0.32357174927251425
NAGLU,3.9217486028720216
BTD,-1.0712194589926336
MFSD10,-1.7535837172631343
IFI6,-0.49360614770913824
HS1BP3,-0.9533293714966171
ACP5,-1.2417467685992656
BMT2,-0.23344614212436893
LOC100653049,-1.2618161842040772
CYBB,0.2243979934386063
IFI27,0.29689394000364827
RNPEPL1,-0.9613742564807345
CCDC92,3.5134495569947104
C11orf68,0.6299828586403987
TRPV2,1.7699866785377218
FAM131C,-0.2057297475534292
KRTAP1-5,-0.8178942261412472
CTSF,0.19209230305729053
TRPM4,1.895653653192448
SECTM1,-1.6468715809097716
MAFB,0.5648131280189392
PRKAB2,-0.4063685001035014
BST2,-0.761167304274883
LGMN,0.8713653437204623
LAMTOR1,-1.3354844170812574
SRGN,-0.5130393158319436
GMFG,-1.2783466122518177
WBP1L,1.1657186661331507
SLPI,0.06466005718350867
KRTAP11-1,-0.9158443601045331
PLAAT4,-0.8208189205409528
STX10,-0.24081185950443565
KRTAP15-1,-0.9447199193892742
MICU1,-0.9397077524861497
CALCOCO1,0.36387301388523924
ZFP41,-0.597435308742877
ZDHHC24,-0.9200603655304074
ANO10,-0.036968346894194086
CPNE2,0.9118060193752489
MAN2B2,-0.13882026881969203
S100A13,0.3832223665626387
LYZ,-0.2980766108151933
TTYH3,-0.23233747566103474
IFI35,-0.9765930957308931
OAS1,-0.6936188365775918
MAGED2,2.0633945732475354
CCDC69,-0.625106362249613
TMEM115,-1.321551722588208
GNPTG,-0.7992016714003273
FLYWCH2,-0.7861255625971992
DLX2,0.0742105138502593
FAM102A,1.3531755808476156
APH1B,-0.2506729577544856
FAM207A,1.051672376087515
BSCL2,-0.5899801363567198
ABCG1,0.42825090666633203
AC113554.2,0.14677751569844408
RETSAT,0.6106571200487275
SIL1,0.4842555080496082
TOR4A,0.6788723646140473
INAVA,-1.1064938966973312
PYCARD,-1.484110466276777
LRP10,0.6387954939277571
ULK1,-0.8867762602626376
MCOLN1,-0.3581602070498478
SULT1B1,0.31510910688532384
CHSY3,0.5356822811667554
SBF1,0.3272459496327475
NDST2,-0.8585149725322844
NDST4,0.36560958495930973
SULT1E1,-0.4313235675604614
SULT1C3,-0.7006835486381466
NFATC4,-0.6556566877041806
SULT1C4,0.8913503918690573
CHST6,-0.6748876887206983
HS3ST3B1,-0.6618145095383516
VSNL1,-1.1240446407527989
CHST5,-0.5984732153078803
SULT6B1,-0.6136719672904876
SCRG1,-0.5458423954259007
DIP2C,-0.6353125399218691
SULT1A1,-0.36480705468824187
BPNT1,-0.8314381847973253
HS3ST6,-0.5243618836193746
HS3ST4,-0.5719630714676502
HS3ST1,-0.03269506433754295
HS3ST3A1,-0.6555106756853858
SULT2A1,-0.6211758514659429
IFNAR2,-1.23123335697881
ZBTB32,-0.03674107225632076
GAL3ST1,-0.08517953576991032
ADAM19,0.40440640639550585
GAL3ST3,-0.7660159192510841
GAL3ST4,-0.622058792826551
GCNT1,-0.8786481905282388
CFAP74,1.6337323568116007
REG4,-0.4113651832263819
CLRN3,-0.016016352096442494
TMEM125,-0.7814855834827208
ZG16,-0.4377834409839027
ADTRP,-0.27228415736183104
ATAT1,-0.10723059155338478
GSTM2,0.2957160509263665
SLC28A3,-0.45737695023460223
PCDH11X,-0.7506952350249283
MUC1,0.6425528556096084
MUC7,-0.870078160410906
MUC19,-0.6610695403164948
MUC17,1.3244132444803303
MUC16,0.031774713686397345
MUC15,-0.6940876620646532
MUC13,2.0895949246155383
MUC12,-0.5354865223590988
LECT2,-0.26940015751231844
GPR15,0.5901723499271742
CDH10,-0.1770552061930425
KYAT1,1.2413423687039498
GJA5,0.7676730726048936
SLC17A4,0.13484144015192137
F9,0.41214657798816556
TEX13B,1.3959191575743337
TM4SF4,0.8915983746765046
SLC45A2,0.42469651325559704
TRIM15,0.5978562973079983
USP29,0.14740622240052764
LBP,0.28598716900584115
B3GNT3,0.3949689124835539
IQCA1,0.060208168086796035
EPS8L3,-0.48281580478486963
PROZ,0.5018075689254
GJD2,0.7452607237506547
NHLH2,-0.3557142895635447
CA5A,1.4724953671430914
ASCL3,2.080409760688197
MUCL1,-0.5961912661381162
MUC3A,-0.520182116744671
MUC3B,-0.6383776501523847
WDR78,1.482660686121753
NECTIN4,-0.13969182191748095
CDY1,1.8837448747579317
CIDEC,1.2016113605886958
PFKFB1,0.8092015492051069
MMP8,-0.6618428812006234
DEFB126,-0.06844840558143357
KRT37,0.3847748216637368
IL21,0.7848890237430293
CNGB3,9.725698174638948
GP5,-0.45812106984609363
MASP2,-0.13782774979108378
PAX4,0.2898576520605403
PCDHGA9,1.302237175474395
PKNOX2,0.989725337626021
YY2,-0.1806567062364568
SLC10A1,-0.37619886120287505
IL19,-0.7812338557402616
NEUROD4,2.558352265174132
LENEP,0.27628226465358346
IL1RAPL1,0.06820710463342576
DCPS,-1.3286340820814853
GCNT3,-0.665603311130346
HAVCR1,-0.37298672499999663
MUC20,-0.7362285131362096
MUC21,-0.6486112587251902
C6orf15,0.6526787513406747
CELA3A,0.598705733866222
OR1A2,-0.30835548871583385
FOXK1,-0.7134215153069163
TRIM31,0.3325255133887174
SPRR1A,-1.0620089937576789
PLAC1,-0.5941077819706352
IL22RA1,-0.9055327240363426
MUC5B,-0.10118923534188441
PROX1,1.389713654356069
TMPRSS5,1.4854436882707955
ARMC4,0.5572209838493543
SIGLEC6,0.9275123166799564
GALNT10,0.5286003040569714
ALG9,-0.37516216928254803
B3GNT7,-0.45869361235647627
DNAJC18,-0.6761752687686963
ST3GAL3,-0.681498352338318
GLB1L2,-0.7202606879516532
CD226,-0.6059287967662211
CDC42SE1,-1.0534775345890672
CRTAM,-1.4352212870209515
CSF3R,0.35090616271893066
MS4A4A,-0.5382177130149166
MAF,0.507625567803105
LILRB3,0.4459815924538501
LILRB2,-0.28211073589725055
LILRB1,-1.2832821835012422
CCL22,-0.5087463615050627
GZMB,-0.3192552514109482
GZMH,0.4913644217086397
SIRPB1,-0.8949662445966666
TNFRSF10C,0.9644010328242536
CLEC5A,2.638023450104768
IGSF6,-1.1607676061553795
IL3RA,-0.7963429173489206
PRAM1,-0.7541524862202797
LSP1,-1.1481289279384774
MPO,0.3547758448573954
IRF9,-1.3088734809445104
LILRA6,-0.9144971758417962
CFP,1.8098402323238645
FCGR1A,-0.7321712691672763
GNLY,-1.7799653334540249
HLA-DRB5,-1.0970856994873919
CD300C,0.401553176709417
CD300A,-1.4525534916085447
CLEC10A,-1.697450045837336
CD300LF,-0.9398687116642753
SH3BP2,1.7361566130977641
APOBR,-0.9647393667212896
TNFSF8,1.2902478976635132
SLAMF8,-0.8807373432348219
SLAMF7,-1.5885023913392267
ALOX15,0.5585902217969323
IL18RAP,-1.506902737550943
LILRB4,-0.9453233236597395
PDCD1LG2,-1.0645904754225175
AIM2,-0.7284887727529857
LILRA2,-0.7791633414063063
CLEC4A,-0.5501377845693609
CMKLR1,1.524376683643054
PLA2G7,-0.6391017806153931
CTSW,-1.5968036247599944
FCER2,-1.2250412502892822
CSF2RB,-1.3218899733548435
FCN1,1.4854251458046013
LAIR1,1.8487930884671195
ARHGAP9,0.6020961526716279
CLEC7A,-0.9069275789607859
NFE2,-0.006953978923396969
HLA-DQB2,-0.34699050226212036
CTLA4,-1.249408110580256
SLCO2B1,0.3337670046819489
MYO1F,-1.1628458663932717
CD8B,-1.5879218801227006
HLA-DOB,-1.6552167961106854
ADGRE1,-0.38745206817481553
ADGRE2,-0.9838668914422569
RGS1,-1.2514155483016913
S100A12,-0.7421833863354902
DPEP2,-1.254996007192185
TFEC,-1.335844731891873
CIITA,0.6224817508500887
BEST1,9.276735935809972
NCF1,-1.220404916198951
TNFAIP8L2,-1.2921234295016133
ICOS,-1.3228897366402395
RIN2,0.9137214720029132
CLEC4E,-0.22962185374736188
C1QC,-1.624598691666518
DOK2,-1.0205036653705015
IL18R1,-1.5194646557131093
ABHD6,-0.38915060232732185
PARS2,2.564651444019931
ABHD12,-0.1491238286311734
DHTKD1,-0.4394660134267806
ARL2BP,12.140958554011588
MALSU1,2.104501366730374
SPG21,0.7044324617400787
ABHD8,-0.14939494040033177
EPHX2,-0.17515815483087974
ABHD5,-0.7441505790598957
INPP5K,-1.0040661344419723
SERHL2,-0.4082613137380751
ZADH2,-0.5326091273951756
ABHD12B,-0.5958794215608507
NFS1,0.5301828405447117
ANKRD52,-1.1940746677535816
HIBADH,-0.7782389181727206
LDAH,-0.35398288737944394
CHCHD4,-0.606461446057258
RTN4IP1,-0.02430264325221813
ENOSF1,-1.0883656926702103
CISD3,0.5348580492501869
IMMP1L,1.442350065097902
UQCC1,-1.014795367573312
EPDR1,-0.6079870452657578
EPHX4,-0.537542463937842
NDUFAF7,3.278439249573712
OXSM,-0.19005227835439537
HACL1,0.23101480756390427
ABHD16B,-0.5489365228409522
ABHD16A,-0.8460771973188321
PDSS2,1.648234615017281
TRIM68,1.4122208673892687
BPHL,-0.7026979067961967
NIPSNAP1,0.4194207744007832
GON7,0.4470464094126164
CCNB1IP1,-1.496599794875359
HDHD2,1.529666812334548
MGLL,-0.5420190015462201
C20orf194,3.9259430672136184
MAGEF1,-0.6353057959109717
HSD17B8,1.1200579167330638
MCEE,-0.8112451795741747
EFCAB7,1.1773506191743182
ARMCX5,1.2179303344855748
OSGEPL1,0.6203438653584884
ANK3,-0.18209082429520773
COQ5,0.0612997456293824
COQ7,-0.7054987815570054
COQ3,-1.019730118181575
OR8J1,-0.3673718720468561
OR10K2,-0.3320264947271772
OR8K1,-0.36790590124816497
OR5B17,-0.3506886255876581
OR6C3,-0.3497777220072051
OR6C1,-0.07790256319370291
OR5T3,-0.39514971128853627
OR4X1,-0.5834462740261432
GSC,0.375070447358527
IL12RB2,-1.0977543091792665
ZYG11B,-0.8545654699633137
DPRX,1.4638016826664673
FAM129A,-0.16280804463347073
CTBP2,0.04680546503616327
PRRX2,0.6175184149303424
NOBOX,0.45194895846730776
HESX1,0.5716183747462152
VENTX,0.04497552785307856
MNX1,-0.07921713584980583
DLX3,-0.2925936302159436
ANHX,-1.0227519447071012
ISX,1.1574062675278456
TLE2,0.9331008858503157
SCAF4,-1.5058406102333475
IL12A,0.6424638132114213
DMBX1,-0.8787663756825028
UNCX,0.8853563107357834
ALX4,0.320850772983771
PELO,2.1932146074106478
RAX2,3.4638101027472397
CDC42EP2,-0.5114254188784468
DRGX,-0.05668467998959185
OTP,1.231417093862878
COX7B,0.05179542702267354
MT-CO2,-0.3206319840381357
NDUFB2,-1.0461245575522835
NDUFB11,-1.0577725793204513
NDUFB7,-1.2902883174264606
NDUFA11,-0.12191424348785064
COX6A1,-1.9489051222009302
COX6B2,-1.6492599770359568
COX7B2,-0.4548178299781929
SURF1,-1.0324890268040063
COX14,-0.15720061568278512
COX16,0.9239425299136339
MRPS36,-1.2093585640949853
NDUFA3,0.043918065919980674
NDUFA1,-0.9141232524652502
IDH3G,-0.027615835281602816
CCDC151,0.25693059144556296
COLEC11,1.2616459436659906
CBWD1,-0.44413283252017144
SYT16,1.5887573991091508
WDYHV1,0.22876137048564885
PLGRKT,-1.4127999118577215
MCUR1,-0.8113766282387368
CCDC120,1.3351625287168316
DIABLO,-0.8333449634538551
TICAM2,-0.9635297007871283
LHX8,0.8448363680969982
IRX5,0.8364619411594058
IRX4,0.24915566028387087
BANK1,-1.2657625528019059
IRX3,-0.02885440848064577
TCF15,1.438611907205988
HHIP,0.2804188992523176
TNFSF11,-0.224276335430269
PPP1R1B,-0.3919620975649005
SOX17,0.8302043139735905
ZIC2,0.20108298567826846
B3GLCT,2.08758984183745
FOXJ1,1.7466455300774777
HES5,0.2950979763229984
SESN3,-0.528877764830291
RGMB,-0.4282143365006022
RGMA,-0.6309125835258277
STRIP2,-0.377195678921122
PPFIA4,-0.6215256824863278
TWIST2,-0.4101646240406398
SULF2,-0.4569256505648272
VWCE,0.15056247549777463
PRSS12,-0.3644556389657967
NRTN,-0.4804179447038765
GDF7,1.259741144380021
SIX1,0.5067688538317761
KIRREL3,-0.4046876471956976
CDON,-0.37858557170126134
FIG4,-1.0544376022526536
C1orf56,0.9248954413702801
LY75,-1.4846767621522692
NXPH2,1.5533272534937481
SHISA9,-0.0441438387401512
WNT3A,0.8188868163162516
MESP1,-0.2952412159018275
HJV,-0.4466602145851477
ACVR2B,0.03694442061664139
DLL1,3.0164433274630493
SATB2,4.0092750809456374
BMPER,-0.22269009567646977
SPTSSB,0.1260415282693685
GREM1,0.7833835828126002
APCDD1,1.7169660310334713
INHBE,0.5986673127730062
BMP8A,-0.21616214260421984
BMP8B,0.7862615464770866
GLB1L3,-0.6214781097178018
PCYT1B,2.0707246681205973
FREM1,-0.08491274677672556
NPTX2,-0.15233698737226503
TMEM71,-0.8958156180219428
TSHZ1,-0.3707999575969523
PAX1,0.5323960491887534
IMPG1,7.4659756660841285
SIX6,1.9247742277789262
MEOX1,0.049808152467645514
THSD7A,2.12057862877841
SLC35D3,-0.5788759940497868
S100B,-0.28213115231815866
GDF6,1.2548633086967182
ZFP42,-0.5162822056113039
PCP4L1,2.752318312519704
WNT2B,1.8024570290462774
CRIM1,-0.20162213834227893
FXYD5,-1.1538075978070952
DELE1,0.8547096997837171
BOC,-0.23378827144050995
NKX2-5,-0.25463680611583905
WNT8A,1.2747994323838001
BMP6,1.316219215230903
BARHL1,0.47150935896340085
ZKSCAN5,0.3019933809382349
SLAIN1,-0.4073468385484956
AMH,0.27656965195189376
CYGB,-0.2149654333793967
PRSS35,1.2261096411039547
DLX6,0.20775632960044405
DLX1,0.02808576100327352
SH2D5,-0.38860157344856305
LMX1A,0.8209789675364645
HENMT1,-0.6753866319323183
IL17RD,-0.33113599441352687
SOST,0.7506146121201989
SOSTDC1,-0.11576137746411899
HEY2,0.24400288571785905
FOXG1,0.3609085950772691
PIFO,2.021113247386561
LATS2,1.6822648355971352
FIBIN,0.07988043898963723
GLI2,1.0271558391516828
DGKE,3.8883149173899714
C1QTNF4,-0.6618039956102534
VAV3,-1.6538070250471721
MBOAT4,-0.20627089770133697
SPART,0.1871414820114576
LRP12,-0.7762025932649407
ARRDC3,0.13334532523900108
AL591806.3,0.32678621186954365
SNX7,-0.3061907181206693
SHB,-0.6072154261587142
AZGP1,-0.3358718820986484
ONECUT1,-0.7131370454168827
DNAJB4,1.0298543295497757
ST3GAL1,-0.7411080177101096
SLC25A24,-0.5255458461336362
TAGAP,-0.8544904753246355
KRT3,0.23623925342295532
OLR1,0.3955633669421555
NHLRC3,-0.5060191548163124
F11R,1.7613320495068217
KDSR,0.802091610572202
ERLEC1,0.2140215616605286
LYZL2,-0.4407858896674117
TBC1D12,1.3834451498867488
GRAMD2B,-0.689964222924782
DSPP,-0.7478312955327319
BLOC1S1,-0.6728143349176396
COMMD6,-0.807540010575932
MT-ATP8,0.11999601096186871
SELENOW,0.9423425128902759
MPC1,-1.2671602702208205
NDUFA10,-0.7812169621977179
DMAC1,-0.4941286354640308
HIGD2A,-1.1232281077057955
AL133352.1,-1.0896631128702359
NUDT2,-0.9672477512744763
MAGEA2B,-0.4876188350475955
TOMM7,-1.586729382031329
TOMM5,-0.5092743979914851
MRPL20,-1.3692715054264768
TRIAP1,-0.9775286788877152
PNPLA4,2.0904284650625584
ARV1,-0.15758892183975876
GNAS,0.5803678591590152
AAMDC,-0.8321391883119289
ANAPC16,-0.7968559090767177
SPAG7,-0.8379397836873966
GRHPR,0.007144745026946838
ECI1,-1.4283916406470165
SMIM7,0.6563534764853884
C15orf48,-0.33270933823841203
BAG4,-0.5721885858966634
LETM2,-0.1676399477134728
PLPPR2,0.35094157158430633
TMEM54,-0.5295571292090829
PLPP5,-0.48454997484105183
ZNF518B,-0.828827796786513
ZNF521,0.8980269962414366
FAM170A,-1.382834689363613
VSX2,0.591460170309646
SEMA4D,-1.2090114718290554
POU2AF1,-1.7453243847026287
CCND3,-1.2050758371673362
CLEC2D,-0.22602397973423285
CD1B,-0.4286426657346094
VPREB3,-1.2599505056845477
NKG7,-1.845106661365615
GZMM,0.8341179899226728
ZNF831,0.48112926974154135
APOBEC3G,-1.8527389592218393
APOL6,-1.3724991583957604
APOL3,-1.7258812930513725
APOL1,-1.4267202156538312
IFI44,-0.31395888588493004
SYTL1,-0.6252010931456159
CHI3L2,-1.31788534269381
NFATC2,1.4655378257467429
G0S2,0.33315988377618755
IRF7,-1.3716079058004629
CD96,-0.9170165534785636
TMC8,0.021101001776886397
SCML4,-1.0196793093036634
ARHGAP30,-0.7013814706469151
CPPED1,-0.2826534653502259
ZNF276,-0.9387908130803122
APBB1IP,-1.0775031539296855
AKNA,-0.41809575180506714
SKAP1,-0.9747554352718689
HELB,-0.9248159349350964
ZBP1,-1.3307737755853553
MZB1,0.5023881193813157
MICB,0.5925992227348674
LAX1,-1.1656101792279792
GIMAP7,-1.2159220038392204
IDO1,-1.7055539827266857
TMEM156,-0.9952008212464483
NLRC5,-1.5784315078954076
MOB3A,-0.8866827667687406
ZNF862,-0.8327157080789124
CCDC88C,-0.7371164200343924
TLR6,0.7062941575916624
BATF,-0.3862354783812314
PREX1,1.1801925125551609
BTN3A2,-0.90610832470517
UNC13D,-0.3826663311980603
SIT1,-1.6373631316396169
CCL17,-1.0589049052470454
RGS19,1.1267593523669552
OXNAD1,-0.7113057224552688
UBASH3A,-0.6888466117469808
RASA3,-1.1165431455781876
IL27RA,-1.3630432886941648
PVRIG,-1.6709146371525263
C4A,-0.7887164005723457
PIK3AP1,-1.6762460466722144
AHSP,0.37442819655783866
PGLYRP1,0.6566135066962623
HVCN1,-0.4164302510204042
GYPA,1.5958790059670656
LPA,-0.1830009970242579
CCL3,-0.8585703578834654
VSIG4,-0.0526984523081486
LAMP3,-0.8787996693368175
TM6SF1,0.42144593632248345
CHAMP1,-0.9151158943347103
PADI4,-0.7449107226467697
CIDEB,-0.5113465701447802
CRLF2,0.08390373913842854
NAALADL2,-0.8227370510945194
FCAR,-0.5344980644221479
IL5,1.120661734775779
C1S,-0.5943645403416152
HLA-DQA2,-0.5142515382035491
AC018755.2,-0.5246713285240355
MPEG1,-1.249640338716617
IL1R2,-0.7990176505139054
MPL,-0.30122042010996347
FCER1A,-1.4037265746292509
SNAP91,-0.7851723191018618
CHN2,-0.8826307062515374
NFE2L3,0.7601538144639656
GSTA3,0.061446404008798416
PTPRN2,-0.056702287596949626
BACH2,-0.15933713477388292
FAM30A,-0.7382924866056395
MAN1C1,-0.8297906956071206
BATF2,0.9902580660877579
BEND5,-0.50727910850578
SALL2,-0.8638452498268794
NDP,3.7061690887230956
JDP2,-0.512144133970461
HNF4G,1.2212586243290242
NR1D1,-0.7355410459843991
PPL,-1.7259485679738968
PIK3C2G,-0.824501389426006
KCNMB1,0.9217853462526436
GREM2,0.10123992858561841
CCN5,0.9681665797728225
OTOGL,0.206364936823766
CGB5,-0.07683660182137969
CGB7,0.13389310244529207
CGB3,0.31588842448601623
PDE1A,1.2233102805773506
GPHA2,0.7944328295982385
IGFBPL1,1.0748080306823573
PTPRR,1.0469403611107162
TCFL5,0.1110721194382515
TXNDC17,-1.0982137526273579
ZDHHC11,-0.31457902048939057
SLC27A2,2.48968683364486
RUBCN,0.6534661071214986
ACVR1C,-0.42355857194748225
GDF11,1.3458050673353494
ERVV-1,-0.3481157822738145
CAMSAP1,1.3584148180486744
NPHP1,2.533852500273792
BARX2,0.4793284030575958
MAB21L1,1.58793226891554
GJB6,-0.7438705331947165
TOB2,-1.157044120491916
CRISPLD1,0.3256779600926396
LEFTY2,-0.36485259612256876
ARID1B,-1.0962620775866312
HEYL,0.7428446049780569
FOXE1,0.9428917285383536
MTMR11,-0.4643574881068639
ZNF8,-0.7972434251537965
DHH,0.7225528189782255
INHBC,0.6283167302443484
ZSCAN4,0.043163074184449535
PNPLA2,0.7295347734113938
MSTN,0.7384936993681802
TBX6,1.2104476548524794
CPXM2,-0.29446070607822356
VCPIP1,-0.535719586518057
EXPH5,-0.7186398232203839
MCM3AP,-0.32426040651854604
GDF3,0.9182567748094181
GDF2,2.0308073525377695
GDF1,-0.415696774384529
EYA2,0.6798145216506064
CSH2,-0.45301263240845946
CSH1,0.25313532636851094
BMP15,0.6491083492839307
RCOR2,-0.37424447771378855
BCAS4,-0.8163750092984429
RERE,-0.9943906818677362
DNTTIP1,-0.763386785886734
PHF12,-1.335838250539384
ELMSAN1,-1.0011445375257277
MTA2,-1.6606785033322522
MTA3,-1.2793682029342752
MIER3,-1.1014882288355836
MIER2,-1.0760189917312586
ZNF827,1.0282113605075758
GATAD2B,-0.4804400294940302
LRATD2,-0.6723392353545358
PARP16,0.8907074908127227
RPS6KA2,-0.4010664660029481
OLIG1,1.5133091681958244
AGGF1,0.36697323272748483
TSTD2,-0.8048384657351081
SOCS6,-0.3007867707239761
TRIM35,1.0752195871876946
TGFBRAP1,-0.8330090097420259
PIAS4,-0.26000402870185374
TDGF1,-0.5760814534086448
VPS13D,-0.8370304797795359
ZSCAN10,1.0316150507070982
NUAK2,-0.9281926467528067
GLMN,0.7343369804908236
MEX3B,1.6365015234596443
MAP3K13,-0.8840914145112126
SKOR2,-0.7117693630536363
EPC1,-1.4240672134147105
MSANTD3,-0.6759406807782656
THRSP,-0.02983901383143819
PKNOX1,-0.12131207480504515
GPALPP1,-0.605497204505485
SALL4,-0.8847134686338791
IL23R,-0.7181476060785955
ELOVL5,2.353669256875575
CWF19L2,-0.9354588963144723
GTDC1,0.018337107900102182
METTL4,-0.5352070024485439
NKX3-2,0.21869800728537273
DNMT3L,-0.22789272467791005
MYZAP,0.6448020214619021
STIM2,1.9849103460821682
E2F5,-1.4045395734139148
EID2,-0.45255912755505295
GREB1,-0.5330308875332452
PARD3B,-0.525138533300334
IL24,-0.9272002351053619
CBFA2T3,-1.1400622511375107
BCL9,-1.1330391887890872
STK11IP,-0.44874922520521243
TENM3,-0.008493418161272326
KDM6B,-1.8316876162484648
GOPC,-0.9542688601518843
RASA4,-0.5959854705980012
TIAF1,-0.5583176088986509
WDR35,2.591326425446114
TCTA,-1.2918059996480815
C11orf54,-0.6633109193659269
NELFCD,-0.43643278554447623
PYGO1,-0.5419510288191929
PYGO2,-1.0771772537152888
TGIF2,-0.012371242653694514
ZNF652,-1.5602694306103844
USB1,0.040053843199071536
HEMGN,-0.7785169907485305
STK35,-0.4860744067358208
ZBED5,-0.6482895685286633
CRYAB,0.27915351212917733
CFC1,-0.44570743874303403
ALDOC,-0.7554186833172302
DCP1A,-0.353247188990114
RAB3B,1.4864191946710057
TBX20,-0.3599804182360405
ZMYM5,-0.6207677237885628
FAM169A,-0.19446649170559246
PUS7L,-0.3506323132128469
DLG5,-0.9855095910599461
PLEKHO1,2.8800332897818945
PCYOX1,-0.970863890834456
ZBTB8A,-0.81978713904104
TBX19,0.554430072368713
VGLL4,-0.8550998380421732
SOX7,-0.325939100928873
POU6F2,0.9792493289974117
CSPP1,2.1993286702945762
LSR,0.48675818377161423
KMT2C,-0.4447242677382592
IPPK,0.9726410278627992
ZKSCAN1,-0.3056121664728067
RFXAP,-0.7480676028613275
HOXA13,0.49104621146277255
BTG3,-1.6346491495255582
HOXB8,0.39263696878658405
RPS6KA5,-0.058970044602241145
CLIC3,-0.8550184404482948
BARX1,1.1753092447345939
HAND2,0.4975063223614272
RNF165,-0.7415139273429231
TNS3,-0.619722866874691
TFAP2B,-0.48910561224244625
LOC102724428,4.266667576617747
PEX6,-0.17418994324277487
TAB3,-1.0647383786379438
ZMYM1,2.32503442967222
DIPK2A,-0.4163248361653567
SLC39A5,-0.7368110846545479
HERPUD1,-0.30697400664584296
CWH43,-0.10680818378428422
ZCCHC12,-0.4548430343333692
KCNQ5,0.23532237626637678
SLC39A9,-1.0155916736454584
ZDHHC3,-0.4813469463326697
VPS18,-0.9209433913592211
IRF2BP1,-0.7980267196678892
UNC5D,0.33329791779610063
POLR2J2,-1.0244004653444863
FHL5,-0.9273138632624273
CTDSP1,-0.9452907499213972
MAST4,-0.6832709881223575
GMEB1,-1.0176967123744494
VEPH1,-0.6414550456611995
NEK11,1.6363047888027709
UBXN1,-1.2294726378189376
BTBD2,-1.1872544220389596
PPP2R2D,0.6051181532178157
MCF2L,-0.45818846995092644
BEX3,-0.9582726503828674
RGCC,-0.6412955471931698
MTMR1,0.8445682269193273
GFER,-0.9891513205435953
MYOCD,-0.5200866753826885
SEMA6A,-0.3514790169956997
TPGS2,0.41449936951215904
SH2D2A,-1.4253666929958233
C22orf46,0.31615693194953776
FAM161B,1.5798958701485155
RNPC3,-0.5464210655491921
FAM83G,-0.42638572578987416
GRIPAP1,-0.937461682469748
C1orf116,0.20697329243130438
ARSJ,0.37184149065423655
DPP10,0.2206699466311845
CCDC25,2.1384244325887383
HSD17B3,1.5084168855593472
TRIM62,-0.5772243894824263
TCEAL6,0.1350788849388306
MKS1,8.957518763223023
CORO2A,-0.6767696760163511
PBDC1,-0.7769490439915632
COMMD10,0.6946059826142799
LDLRAD4,-0.8524752597717554
PTMS,-1.0423001376769025
PREX2,1.640122745505339
TAF3,-1.3609429874592103
ZCCHC14,-0.9725521638400705
MMP13,0.7459626471183771
IQSEC2,1.0789965586482013
ZDHHC4,-0.8806066123227765
EBI3,-1.2617803303878468
ST6GALNAC2,0.007466497313696488
IL37,-0.26329194985550775
RNASE12,-0.4933465089296009
DHRS3,1.7761251950598524
POU5F1B,-0.26880305843246566
UBL4A,-1.164459614585838
DYNLRB2,0.2738688816704818
GAS2L1,-0.3177261948328209
RSPH3,0.4340813305313112
TNFRSF19,-0.6587188196815819
TEKT4,-1.0062083220031481
R3HDML,-0.6035907682264947
TRANK1,-1.518688106960198
C15orf39,-1.037976618172698
KIAA1522,-0.9560109831290445
BCL9L,-1.0077957027824391
APMAP,-0.6038202081342886
CFDP1,1.100323200695893
IL36RN,-0.8660099303002053
IP6K3,1.192018483503865
NOX4,-0.44457541434341985
MN1,0.9164573583398172
TTC9,-0.4630746120975755
KDM5C,-1.2048023534539747
HOXA10,0.09945254239249239
PPP1R12C,-0.8842415094378144
PDZRN3,-0.40410751060941863
SLC9A3R2,-0.17349685384496397
TBC1D10A,-0.45426710019547717
SLX1B,-0.969037388377518
SLX4IP,-0.871350482443893
EME2,-1.311820638743963
XRCC1,-0.8076628357922867
ZNF500,-0.005737389846281506
SLX1A,-0.954759692839642
CARS2,-0.2868416317855438
CCDC130,-1.1124403867887538
FANCE,-1.3032296908533736
FANCB,0.700434375248948
FANCM,-0.13659389589801227
APBA3,0.33107882234074953
GEN1,-1.2380464348329696
ZNF202,-0.6294601197666366
DCLRE1B,-0.8662812176573543
FAAP20,0.9648678721219485
ZNF692,-1.8631144051948032
ATG4B,-1.311257553813974
METTL21A,-0.633015985339508
WDR73,-0.7173946310980154
PCSK9,-0.8101543502548721
MECR,-0.3321974616783446
NRARP,-0.6594956800203986
AP1M2,-1.3427343816978967
KIAA0319,0.18086966493551307
DNAJC6,-0.40368627989139183
LDLRAP1,0.933335190581741
AP1S3,-0.9234158708673225
SYT8,-0.5941833253353306
SYT9,0.1888726176610778
SLC2A8,-0.26489389620607356
SYT2,-0.18291553574325548
TBC1D8B,0.33341323408358453
FASTKD5,-0.8859600469644784
SYT11,-0.15869868734457943
PACSIN1,-0.35783492748491297
FCHO1,-0.5767060257612014
SNX18,-0.14964321855407134
SGIP1,0.08431601656060807
COQ10B,-0.9961377749451471
MCF2L2,1.96452016608823
REPS2,0.3259756272907538
SPATA1,-0.43744847695019456
TGM3,-0.2965749262664135
KLK12,0.7864142562378849
KLK13,0.782801806369978
KLK11,0.15793300083823644
LRFN3,-0.010312230486322333
IL36A,0.853471424314752
SLC16A10,-0.2523460783843747
DIPK1A,-0.21411909443749702
UMODL1,2.493980109332656
KLK5,1.2977966742842475
FAT2,-0.6376117111402095
PRSS27,-0.24139487917990457
TYSND1,1.0421535656437315
SLC7A2,-0.7830567382690613
SEMA4F,0.3879584925813785
HPR,0.3861666094307201
PRSS57,1.3971331219962229
SERPINB13,-0.028819343530008246
SPRR3,-0.8384367572527417
AC011473.4,1.7221820881634442
SPRR2D,-0.5802255287857963
IMPG2,7.779859920076734
KRT78,-1.0172777736754532
HTRA4,0.04695576526473718
TMPRSS11A,2.603179985022268
TMPRSS11E,1.569712628133065
TMPRSS11F,2.348108201580302
SLC39A3,-0.09774485177157086
DSG3,-0.2735631587349363
GLTP,-0.024402474132416568
GALNT11,-0.34714454899264136
CAPN14,-0.8354042757008535
RHCG,-0.7322378565892453
A2ML1,-0.7782757337096725
DHFR2,0.9499775192288151
GRHL3,-0.9063748492554675
GALNT12,-0.6599862611404295
GJB2,-0.38098832038691516
CNTNAP3B,-0.05799515930996447
SPINK5,-0.17705598967130734
FAM241B,-0.3727676422917331
ADGRF1,2.3427082716608987
TMPRSS4,-0.9893557796941319
CRNN,-0.7912100888055515
GBP6,-0.7362601199761504
TMEM51,0.451002270213379
FAM129B,-0.9490944614738717
GPAT4,0.4291816097460079
NBEAL1,-0.317927407611664
SLC12A7,-0.9063851376212589
SLC12A6,0.88298573035936
SLC6A8,-0.826354336469584
ATP6AP1,-1.149971493016082
FLCN,-0.8573752307765693
AP4B1,-0.8884932488623233
CASP5,-1.231860908607874
FAF2,-1.0514876368720383
USP50,0.5091903426390163
WASHC2C,-0.5486923904003681
PACS1,-0.11445686044888892
SEMA4G,0.8359102769376714
SMR3B,-0.16200921065658283
PRRG2,-0.031185874842585698
ACE2,-0.7596042233171235
DUSP21,1.4638871115271768
BNIPL,1.27263354785645
IAPP,1.0567131208884857
OR2H2,1.1978679967597665
CLCA4,2.3739786531237472
SIM2,-0.8385369547460763
GJB5,-0.898105596465286
CRISP1,-0.2657727515672585
DCSTAMP,0.4904237029186001
FUT2,-1.0156800849773258
GSTA1,0.015496765137745132
SIX2,-0.032206131968496025
FGFBP1,-0.7625228154011098
KLK4,1.1223630731718457
RFX3,1.302940365524416
SEMA4A,3.458214887453547
TMEM40,-1.0339945420070793
LCN15,-0.570940564456403
STH,-0.5636345150200702
NUDT7,1.392514511368744
SERPIND1,-1.2134287029902795
SCEL,-1.0682645704312685
TTC22,2.3414137949537017
KEL,-0.0015104637987503075
DKK4,1.8454926751904652
RNF39,-0.23812305251020857
PRSS8,-1.0300545951750817
PADI3,1.6154499241344926
ENDOU,-0.5100549892755659
KRT35,0.10572800229702248
GPR35,-0.04757722073752875
CLCN5,2.1882993977414125
PRSS55,-0.6924086941081173
STX2,-1.082068394537017
IL36G,-0.8331933548117236
ECE2,0.8920812170525436
KRT33A,-0.3228378312150907
KRTDAP,-0.4149128767566222
SPINK7,0.3653940197979944
SERPINI2,1.6402386355680847
ZCCHC4,2.2896156278257016
SPAG11B,-0.3507621575014932
KRT24,-1.0596854968823566
TBXT,0.09116878139263561
DLK2,-0.19863178675780954
NOX3,-0.31981972787941987
SERPINB10,2.5690743870918666
TMPRSS13,-0.2100761750488458
ALOX12,-0.5635996737189717
SPINK6,1.0461036985128
WSCD2,-0.21126704486694747
CNTNAP4,-0.20070894532966185
ELF5,1.3118137441020938
TMPRSS2,0.27518083057317444
LUZP2,0.7913344600205982
ADAM20,0.5377302970653383
KRT32,0.05924853312361778
KLK14,0.8796693954652693
UPK1B,-0.20812065225732135
VSIG10L,-0.6355093262873146
FCN3,0.15532685364425622
PRSS42P,0.10600076267903297
OPRPN,1.3021817195522194
FIBCD1,0.010733559237681331
SPRR2B,-0.8166994064574126
ZNF750,-0.7641353052166291
SERPINA10,-0.8797807664556216
CNTNAP3,-0.43256663638850024
VGLL1,0.34479162218664616
C10orf99,-0.23217542564388605
CELA1,1.1782741577833162
IGFL1,0.44144647947472526
SERPINA5,-0.6216571242922286
ALOX15B,0.4127603749454047
PRSS45P,0.16975645374064205
KLK15,1.1519778803788405
PRSS48,0.28107940068220444
PRSS38,-0.3322565094484261
TMPRSS9,0.7625633766998392
TMPRSS12,0.05215393808098918
TPSD1,1.472669941938502
PRR14L,-0.6870448371549409
TMEM212,-0.427123931511777
TECPR2,-0.9417302575076403
RLN2,0.7183806997201745
GPR32,0.6096032632833513
RXFP1,0.5822482353526551
GPR25,0.6840425224275432
ADM2,0.7674098674338586
RAMP1,0.7334010928416278
PTH2R,0.7323800458510897
RXFP2,0.01576468543046057
GPBAR1,0.7581625411504249
MC3R,0.6104441443001172
PTENP1,0.8835744994409968
SLC22A3,-0.43962382067783834
GPR176,0.24491339154991693
GPR83,0.7882691410247026
GPR84,0.8093298537308787
TAAR6,0.5106786789271244
TAAR1,0.5646232045232024
GLP2R,0.8440639439984281
GIPR,0.8314488947446922
GPR45,1.65026389316509
CALCB,1.8714649093673157
DHRSX,-0.006704516710203
PNPO,-1.1736388979636816
SLC29A4,-0.47612628828099834
FCSK,-0.37721895498524577
ABHD15,-0.662292428306894
TRPT1,-0.9905696231532343
SCRN2,-0.4958308885605818
MARC2,-0.8355227471335639
MXD4,0.3393991988992909
DCXR,1.2627188636872628
P4HTM,0.28089515751549315
ZBED3,-0.41026028880138143
DCAKD,0.35163315559294805
NSMCE1,-1.1121965692085483
OCEL1,-0.7400426536293007
C8orf82,-0.9111643210209222
RAD21L1,-1.465194949675571
DRICH1,-1.0379368041832513
IZUMO1,-1.5892866997990238
FAM71D,-1.6586357508253886
SPATA46,-1.7889296394567367
ENTHD1,-1.7317434534792397
TEX29,1.0742552623856558
KRT25,-1.4176308030550102
MCMDC2,-1.1391150415397182
C12orf40,-1.302863986111843
CCDC158,-1.5513862878348643
SAXO1,-1.8004594427965526
KCTD19,-0.4513232096883424
FAM24A,-1.4704253590837495
CAPN11,-1.416134853673099
AL035460.1,-1.4147454177320162
TBC1D21,-0.49075953569746206
TEX44,-1.5426081356700492
TSPYL6,-0.40259353912475976
STAG3,-1.1758140173102236
FAM47A,-1.5892296049366532
IQCF6,-0.19686650841721792
TEX19,-1.0790384036442107
TERB1,-1.1348272751496546
SYCE1,-1.6806292580542932
RNF151,-1.7667403133794841
CT47B1,-1.5021842504057503
CCDC36,-1.5031136691577898
CCDC27,-1.0876397468874535
PLAC8L1,-1.3781313979189402
C11orf94,-1.2068683784429675
LCA5L,-0.06254891430264295
IQCF2,-1.9484757277802884
TCP10L,-0.05999666475797565
SCP2D1,-1.8966092278831066
ANKRD60,-0.470091686422364
DCAF4L2,-1.7574937790480727
BPY2B,-0.897719779806351
REC8,-1.005806646600831
FAM228A,-1.7638462403635946
SPATA3,-2.067522215628596
PRIMPOL,0.089646514030848
CCDC15,-0.31196954422119927
FAM161A,2.408514883538973
FRA10AC1,-0.6402064376366412
CCDC66,1.8789249297215003
TMEM116,-0.011151486107012365
ABRAXAS1,-1.0343608791685643
SCRN3,0.8217844006248761
ALG10B,1.7960276734345633
DIS3L,0.30877716247420217
FAM149B1,4.8383817232554245
TBCK,1.2378777485947519
ZCCHC9,-1.202151831603139
COA5,1.9525203516642922
DUS4L,0.07203701113383786
CNPY4,0.7374196399394175
ARHGEF18,11.626846975523977
SNX5,-0.6453926541551166
TRIM56,-0.5111910725141559
MYEF2,-0.6835785566435121
FAM117A,1.7983973125810557
BTN2A2,-1.1970345718165532
SLC36A3,1.5634637803232991
ZDHHC14,-0.26695130997089483
TGM7,-1.1764928955257068
TMEM104,-0.03994578199857308
ZDHHC18,-0.36105727689746897
PIGC,1.795125433679402
MAFIP,0.12028857909695184
PMFBP1,-0.15411097529814288
SLC38A11,0.2975039501058282
SLC36A1,1.1185895249521625
ODF3,0.6250418278108232
SLC38A4,-0.876335838412421
SLC38A9,-0.25636414650021994
SLC38A8,0.10474868400281881
ODF3L2,-1.5470292784015551
ODF4,-1.361360249919806
HSDL1,1.8577676032711803
ICMT,-1.3400428630136836
AQP4,-0.4352662348948142
ZDHHC9,-0.6536356968317977
CCDC114,-0.9853338938035585
C16orf92,-0.9245533072506522
GDPD4,-0.33009068644256206
REEP6,8.258472370525416
RAP1GDS1,0.010175524013493926
DCDC2,0.1689981329985505
SPDYE4,-0.8031627761224288
GDPGP1,-0.42101568297417147
TRIM49C,-0.5932839377349806
MCM8,-0.8123200275215373
MRPS17,-1.431877371580038
ZBTB9,0.20910060174928985
SUMO1P1,-0.8000892175992611
MIPOL1,0.4640578424972342
INCA1,-0.9868962996052649
MASTL,-1.2636355618385666
BCL7A,0.9369286642648691
GAS8,-0.7689459231919364
PRELID1,-1.509946099635721
CCNJL,-0.6520226479132548
CDX4,0.9066261348981389
CCNJ,-0.0009355452542001323
CT45A1,-0.9393655977652393
TMEM97,-0.6656526887928704
ESCO1,0.414802474075682
SLC47A1,-0.05746310975132577
SLC38A5,0.0650207151031144
SLC38A3,3.2997314932956376
SLC7A8,0.47223229001302924
SLC7A3,-0.6917366489447294
SLC3A1,-0.6791086665758916
ELOVL2,2.0180567546598978
SLC36A2,1.3754940136392535
ATP5F1EP2,-0.5226535384517413
CLTRN,-0.8164704075048336
ELOVL3,2.3208531787658555
SLC7A10,-0.5867233423241867
EXOG,-0.46075149966215473
TNFSF14,0.32217089045620506
ADAT1,1.6955134727869061
AK9,0.8000518039349377
RIPPLY2,-0.8223344942894538
TUBB7P,0.22861590383357117
HYI,-0.8024836079539758
HDHD3,-0.7369232073041893
CRELD1,-0.14050373114610232
GSTM4,0.6180135036539249
C4BPA,-0.8457589326221433
TMEM222,0.583399661309758
IDUA,0.7961386227222906
TRIM45,1.3588930096994716
AVPI1,-1.2038096292333147
ECHDC2,-1.1876740416327893
MROH2A,-1.30732915615958
ERICH6,-1.717894212583378
HSF5,-1.6272564868771027
PROCA1,-1.254013989301522
FAM71A,0.00045377340934723025
TXNDC2,-0.8170620919929931
ROPN1B,-1.638437909881587
TENT5D,-1.699539971209325
SLC9C2,1.346833646239503
C5orf47,-1.71281838189753
PPP1R36,-1.4265625356659648
SLCO6A1,-1.7608932464771268
TMCO5A,-1.6640083346660184
FANCD2OS,-1.764101102880367
EXD1,-1.614437211630918
ATXN3L,-0.9322074673951185
CHODL,-1.2358019919646046
TEKT5,-0.1253627925581518
C16orf78,-1.6645518695590606
CCDC54,-1.8060277273448018
CNGA4,0.9666489313114314
IQCF3,-1.8669436234540826
DMRT1,-1.5704692111649328
UBL4B,-0.5661374012011388
CFAP97D1,-0.5723900047205028
MAGEC1,-0.6727175126893105
SLC6A16,-1.4306792720509582
SPATA32,-1.6312773912165854
AKNAD1,-1.277945483281142
LYZL1,-0.10879864994631662
NUTM1,-1.469173470743933
NUP210L,-1.7724513703352036
BPIFA3,-1.6950032744139236
BOD1L2,-0.07235511668353507
BANF2,-1.8245468118741586
CALR3,-1.8507312853644957
POM121L12,-1.5062962880793358
C1orf100,-0.7154774643376998
TEX36,0.12783644562467078
CCDC168,0.5438684545462126
MGAT4D,-1.2011359000492585
TMEM31,-1.3496264992266906
H1FNT,-1.6686753315558103
HORMAD2,-1.4909168490782942
CATSPERE,-1.258327921471683
PLAAT1,-1.4392315132805653
FAM9B,-1.3989151029405251
SRRM5,-1.4843300811999631
SMKR1,-1.23202709039056
C3orf22,-1.446183548513452
CMTM2,-1.657136446149093
SPATA4,-1.7718830277341844
ERICH5,0.4227939708520705
IGHV4-34,-1.1836761620682368
IGLV2-8,-1.262925759917055
IGKV5-2,-1.2144658143447713
IGHG4,-1.1542360496873876
IGHV3-11,-1.188637077010687
IGHV3-13,-1.1896968968105874
IGHG3,-1.2179414326803428
IGKV1D-39,-1.2416187651773913
IGKV1-33,-1.2144658143447713
IGKV3-11,-1.2144658143447717
IGKV3-15,-1.2144658143447715
IGHV3-7,-1.1825712128026016
IGHV2-70,-1.1934338248952416
IGHG2,-1.2260302762356836
IGKV1-5,-1.1675343887235414
IGLV3-21,-1.2674362474488368
IGLV1-47,-1.2629257599170547
IGLV1-40,-1.2629257599170547
ELMO1,-1.059406568749716
IGKV1-12,-1.2103068788599975
IGLV1-44,-1.2629257599170547
IGKV1-16,-1.2144658143447713
IGKV1-17,-1.2144658143447713
IGLV3-25,-1.2772962918360935
IGLC3,-1.3366844291747881
IGLV6-57,-1.187775885175243
IGLV3-27,-1.2629257599170547
VPREB1,-0.9909094082665413
IGKV1D-33,-1.2416187651773916
IGLV7-43,-1.2629257599170547
IGLV1-51,-1.262925759917055
IGHV1-2,-1.1885926922948404
IGKV1-39,-1.2144658143447715
IGHV4-39,-1.1843462890894387
IGKV3-20,-1.2174904269411189
IGKV2D-40,-1.2258569237325165
IGKV2-30,-1.2144658143447713
IGKV4-1,-1.2506858620124819
IGHV3-48,-1.193510552514185
IGLC6,-1.3283959869550668
IGLC7,-1.3366844291747881
IGLC1,-1.332029075137884
IGLC2,-1.3481321784669371
IGHV2-5,-1.188577903222342
IGLV3-19,-1.2174651017451057
IGKV3D-20,-1.2141617291175157
IGHA2,0.05424947974614716
C4B_2,-1.1123947693704745
IGHV1-46,-1.1870791332303756
IGHV4-59,-1.182648004887993
IGKV2D-28,-1.214494893998967
IGHV3-23,-1.1921748311792755
IGLV2-23,-1.2629257599170547
DAPP1,-1.9232192674533457
IGLV2-11,-1.2629257599170547
IGLV3-1,-1.2629257599170545
BLNK,-1.3747622645648696
FCAMR,-1.0356365572061905
IGKV2D-30,-1.214161729117516
IGHV3-33,-1.1872714635853303
IGLV2-14,-1.2664081958726503
IGHV3-30,-1.1827685754842754
IGKV1D-16,-1.154564231165234
IGKV2-28,-1.2189453326641297
IGKV1D-12,-1.2144658143447715
IGHV1-69,-1.1794376842243215
IGHD,-1.1036120179607063
IGHE,-1.2264325098191446
IGHV3-53,-1.1951518802720882
IGHM,-1.3173459359115687
ERICH3,-1.09258066906917
CFAP299,-1.1612388741358177
FAM81B,-1.0197408088918247
LRRC46,-1.0916721064869008
DNAAF1,-0.43161862349467206
RGS22,-1.3674474993752672
ZBBX,-1.2176548637471423
CFAP300,-1.0202093337694802
C1orf87,-0.6311101934749418
LRRC73,-0.8221656996805754
DRC1,-0.667180938235948
SPAG8,0.2746137831824604
CASC1,0.9858802101583335
IQCD,-1.2254616021340015
LRRC71,-1.1644703098993503
C1orf194,-1.1615664558299397
CCDC173,-1.3707904508883695
SPACA9,1.209957523443241
TMEM213,-0.1737425795338016
DMRT2,-0.3714768731306302
TMEM174,-0.5397775941541079
SLC4A9,-0.5794447300512228
SLC12A1,-0.17135281318626994
TMEM207,-0.32322602807886086
ATP6V0D2,0.4833410181298697
TMEM72,0.23499724012763157
GRAMD1C,1.7430327260252927
ALG11,1.7789037542713535
TMEM61,-0.19031679052014092
TMEM52B,-0.6489781915831279
SLC7A13,-0.3055543588566736
ATP6V1G3,-0.7181312175138496
ENTPD2,0.5970085588867717
ANXA10,-0.3737332165131829
ACSL6,1.0944416833422514
SCNN1D,0.6947424393692241
TDRP,0.46345944264797284
ITPK1,-0.3803814213191718
KLHL35,0.1274577447843406
C7orf69,2.1716605305707657
SLC24A1,8.691452798937343
SLC25A42,0.03211998417379256
MLANA,3.5581050708524757
MTG1,-0.1872133385617622
DPF3,0.1270474511572705
GPR143,9.127620955392421
POU6F1,-0.06114870338298138
FAM107A,-0.5507255720313466
TMEM154,-0.6926674499183884
DPEP1,-0.02807166666353968
MMP24,0.880537463217402
GLRA3,0.9372173812954865
C14orf119,0.27890330621024684
UBXN11,-0.41318816706733275
CTAG1A,-0.874903558401136
MORN3,0.016877425076129035
MRPL41,0.6981402870618124
CHCHD1,-0.5144624114550551
RAMAC,-1.0247317747742215
LAMTOR2,-2.0773997476415165
EMC4,-0.3046905433957248
BEND7,-0.8930715198255973
DECR2,1.6211719836730643
SFT2D1,2.733726392133723
PDZD11,-1.211845105826527
PBX4,-0.5346458756739663
ARID3C,-0.6067318886899654
OCA2,3.0770734704662583
AIFM2,-0.4457988145006978
HPSE2,-0.21979720654399815
GPX5,1.891138828503904
CBARP,1.028552174305499
TLE6,0.3007223458235375
GARNL3,-0.02783795819125431
S100A5,1.55581453810912
TMEM151B,1.2148293648885224
CNTF,2.40311242583824
HOXB13,1.44210540481801
FOXI1,-0.43423802389413013
NCAM2,-0.0824212077152511
ANGPT4,0.33834236295297554
IL9R,0.14220529715453092
PDE11A,2.4912073612503867
SAMD4B,1.5646954648177578
CFHR4,-0.9586746569038308
OR10H1,-0.23640725553298597
FCRLB,-1.001601112310087
NXPE4,0.4116139095492358
SNTG1,0.5952879544288112
AQP8,0.3326509114397446
GPA33,-0.2745509298398988
PRAMEF12,0.8569580952924796
KCNV2,9.34433292084208
RGL4,3.427898079788558
HHIPL2,0.5953766655371533
PRR34,0.5975248846612454
ADPRH,-0.2838571427148765
CHIA,-0.18841787820637854
LALBA,0.8229960949793282
C9,-0.8356739666750937
ACSS3,-0.06920638919310122
ADAM21,-0.07969502934264616
PEAK1,2.189968492782299
BPY2,1.3998828765180245
RTP5,-0.9421687813021719
AMOT,0.3202390166108454
C1orf105,1.3775997275793535
DEFA1B,-0.3173074874457838
AKR1D1,-0.8149886263074736
KCNK10,0.5197127076065827
TEX13A,0.47437703889721333
RLBP1,10.0900458707822
SLCO1A2,1.5735699945265156
GPR135,1.0217031748373393
EDA2R,1.2030839710606085
GPR62,-0.570837439191901
OTOF,2.3089511418475115
GPR3,1.9994441669738405
PDZD7,-0.022219869111387062
OR2F2,1.3391439032057484
POGLUT1,-0.7736559206753499
EN1,-0.011583160200340318
COX10,-0.2868993675603057
SLC6A14,-0.5254564779708583
ART5,-0.7116250795323258
RAB39B,-0.03136849893026248
ARSK,0.09781761865387141
HERC2P2,-1.427135261539627
DNAJB13,-0.6695296298999939
FAM92A,0.7052533082120761
RHCE,-0.3074777271441777
STAB2,-0.11514369256967873
NIPAL3,-0.4110913735664749
RAB3IP,3.804200283200063
CEP104,1.0544882344425226
PIH1D1,0.6421088184377216
KIF24,2.44499919552434
LEMD2,-0.7734043748679639
C2CD3,1.4745430796394432
FKRP,-0.5421975873853868
LIPH,1.309215447301573
CEP89,3.6105192572331
AJUBA,1.561032810138486
CEP78,2.4655465364149913
DPPA3,-0.3085344614243388
SPRYD7,1.2141381614238822
B9D1,1.9577235529688306
TCTN1,2.3773528886152335
SASS6,0.10103701074927283
SDCCAG8,9.961407685976084
NPHP4,2.841943793907923
CEP162,3.301825529380481
IQCN,-0.7371760060766323
CEP41,2.9059641356240804
ALG14,-0.49861316673825823
CEP152,1.983576653784684
PIP4P1,-1.0180298659121927
H3F3C,-0.9704073927626097
AK3,-0.5098141953773255
C17orf49,0.7099021475054313
ARHGEF10L,-0.5355683948474939
FEZ2,-0.4727873554115148
MICOS13,-1.3668217473634041
HIST2H2AA4,-1.1386211593548408
AGPAT2,0.643162158667811
TIMM17B,-0.06838480000359642
OAZ2,-1.3551686669200935
C20orf27,-1.0146617978192982
LNX2,0.12526754860261569
ASMTL,0.8003473000171568
TBPL2,1.4226990309808125
DGKZ,2.613914714710534
TSR3,-1.3085302464139357
C11orf49,0.977777567261826
TSPYL4,-0.15516853268452455
IL11RA,-0.8343937210794011
HES7,0.03529203874888428
TRIM54,-1.5083039345273273
TMEM8B,-0.3658334592282786
CCDC136,-1.132415325311529
GSTA4,-0.15537589735297438
REXO1,1.1191593572626488
DMAP1,-1.1628314855319308
FADD,-1.432394200957274
KIAA1958,-0.4917131867668171
CNTROB,-0.3560909734421193
KXD1,-0.6478021811495823
SSC5D,-0.4009966362434417
MAGEA11,-0.9850646654826537
MSANTD4,-0.9500482886492536
CDK11B,-1.1857515005581367
NMNAT3,2.45491477875713
SPOCD1,-0.5380843128144075
KANK2,0.574167285978715
PIH1D2,-0.6518034078578488
LDOC1,-0.47773351825321364
NECAB1,-0.21692463196935607
RNASE4,0.0825382404001828
KCTD10,-1.0177545003034896
TCEANC2,-0.7373807815788006
AGTRAP,0.3039603895289296
BHLHB9,-0.13072241786538488
ZNF526,-1.1491876486714692
KCTD7,1.2877219543946186
ELOA3,-1.0873633948625387
PNMA5,-0.8873743891402354
HIGD1C,0.14194315751060704
NDRG2,-0.6430009315747857
RPH3AL,-0.1797573006094834
ADH1A,1.0441813607193373
SETBP1,-1.0692591657211268
CHCHD7,-0.6558214615527604
RGN,-0.7283137616754022
NAPRT,1.518010618128502
TMEM106C,-1.1482385883818256
DUSP19,0.7669089853234282
MEI1,-0.8590917818483218
CPNE5,-0.33300256022431834
ZYG11A,-0.10104788143023102
GATB,-0.005361541569641707
MRPL14,-0.624705996891096
FUNDC2,-0.41954995551169066
PET100,-0.9514493746857337
INMT,-0.3875197269319243
ABCB7,2.3206397023253085
CIDEA,-0.2067883965653752
TOMM6,-1.1580573536434355
COX20,-0.44523857427768554
MAGT1,-1.1395553880732943
CISD2,-0.03384858778186448
BCAP29,-0.8677632185619916
BFAR,-0.6100833456555885
TM7SF3,-0.05167440304737428
CSNK1G1,-0.11955074104736929
MOB2,-0.6445078572660702
YEATS2,-0.44477107089983403
AC129492.3,0.5269571383043903
DUOXA2,-0.20380501875408202
ABCA12,1.6432995114620195
ABCA13,-0.1515399205097989
DUOX2,-0.12938561515151367
NOXA1,-0.6127121139589895
MMP16,1.6929009287236034
DIP2A,-1.3001643598025168
CCDC144A,3.245620907733067
BTBD18,-0.31157249626990907
FAM189A1,1.1063008361446887
PCDHGA10,1.5718830605514498
SPTLC3,-0.6075376618210167
CXorf21,-0.6133039428003011
TM7SF2,0.9329984681105723
IRF2BP2,-1.0956466049206957
APOM,-0.8424850129357687
PTPN3,0.06312588799811626
B4GAT1,-1.052663999444015
DNAJC12,0.07467200381978854
MPND,0.20185734150764797
RMDN3,-0.7964791494403932
TIGIT,-1.2046284444402369
SIRPG,-1.4539562378374735
KIRREL2,-0.28378795459749206
SLFN12,-0.8625025403010302
SLAMF6,0.7543308565683013
KLRC3,-0.979801486868031
OSTCP1,-0.3096385865925867
GIMAP1-GIMAP5,-1.041444103066729
LNPK,0.4077325107874092
VMA21,-0.5662042995822262
ARSF,1.4727986975592058
TMUB1,-0.21461922639306974
TNFRSF25,0.12253552077573727
TMEM42,3.0396265394081934
PDXP,-0.8515170029814669
CLBA1,0.37673905665123447
CDKL5,0.3381559647416586
HOXA4,0.5621431595923865
KIF25,-0.2703794246282432
CTXN3,-0.6146109601549519
AFF2,-0.34466536892667077
TRPM6,3.1271417945582582
RSC1A1,4.706538984914098
MS4A13,-0.2085681509696652
CRYGA,0.7662909679775751
DLEC1,0.1463141438327472
MPZ,0.9219946005916765
RNF122,-0.07743091761004399
SQLE,-0.8000269844880384
L2HGDH,-0.10806716150829146
GGTLC2,-0.9721801080273337
PYROXD2,-0.21135447688507844
LIPC,-0.0909532240094042
AMACR,-0.7411710549828321
ALDH5A1,-0.8426629045802129
ADHFE1,-0.21913959323371207
CEL,1.1129241322298606
GATM,3.310021041994513
MT1G,-0.9253632015101382
PAOX,-0.4289943890710031
ITIH3,-0.4565801458207576
GDPD2,0.04631114440504004
EPB41L4B,-0.6934508375392021
SLC35G1,1.9356300687087047
HAL,-1.0389291686539044
KMO,-0.9903538187529096
FTCD,-0.021944992263305426
OGDHL,-0.9051312691877653
SUOX,-0.4579501097899394
ZBTB7C,0.24680541190067815
AADAC,-0.6372321611156714
ABCC2,-0.40441610021214264
PECR,0.6306116185603107
CRABP1,1.4593314062871958
PRAP1,-0.6717408955678894
ELP6,2.0638020187777144
ELP5,1.7163766542767303
UROC1,-0.34432389431279936
AMT,-0.34543875032130783
KDM1B,2.106203137111507
UGT2B15,-0.5064917936898801
IL4I1,0.09393812381983467
ADH4,0.44577695890017344
C21orf62,0.7769106456803386
ODF2L,0.8667126310140908
CRYM,-0.3726400966950878
CCDC116,-1.5262228515772387
ZDHHC19,-1.4311800117807958
IZUMO4,-1.5356217517082822
MROH8,-1.2679546126912387
TEPP,-1.2063735349537394
CTAG1B,-0.8259153212947089
C2CD6,-1.0291530740390062
HORMAD1,-1.6340187779073574
USHBP1,-0.8044790011775852
IGSF11,-1.1708927899630912
C10orf53,-1.4404444782074088
DSCR8,-1.7616381534913206
PFN4,-1.5199123514855042
GLB1L,-1.254331832114729
RNF113B,-1.2234926588419182
TMEM202,-1.2219385137939853
OOEP,-1.4221552267925457
SPATA31E1,0.7099388914065644
GOLGA6L9,-1.1381633741265955
C8orf74,-0.9413918536483454
STPG3,-1.1629739861774784
C17orf64,-1.605664288419601
VCX3A,-0.9641253657027173
KCNA10,1.495387469097225
MEGF10,0.49158743397787835
RASA4B,-0.22127881938668822
TSPOAP1,-0.7183686503128595
GYG2,-0.3030596154153458
TEX45,-1.1570542139147777
TSPAN12,8.266463104336037
NLGN4X,1.7603243368141628
RAB3C,1.6989711932712006
UNC13C,0.33522462552107773
GULP1,0.1919925902924328
CCDC40,1.1419058611604547
CFAP53,-1.2119012996595815
SPAG17,-0.5627047420398235
RSPH9,-0.590343282558668
DAW1,0.5074747323201543
TEKT1,-0.7963358528674487
RSPH1,-0.3605697357326165
TEKT2,-0.002733633292337706
CFAP100,-1.0130702940497849
TEX26,0.97974640805863
DRC7,-1.5556890784325925
CCDC39,1.0340666626614325
CFAP43,-0.47938396158046337
LRGUK,0.547229379337756
TMEM95,-1.2818438783767956
C20orf85,-0.7025459419745809
CFAP52,0.31364578971593465
EFHB,-0.9157016248619134
KCNIP4,-0.8742127356869599
ZNF462,-0.637409515624716
TGDS,-0.8850558463151884
ZNF280C,-0.65465699054131
YPEL2,0.13561959320826156
C1orf52,-0.541949525154133
UIMC1,-1.6282807080834845
TANC1,2.0400985979695982
EDRF1,-1.0932409834392827
PFKFB3,-1.3399030314531442
LINGO2,-0.6004936565398215
SCAI,-0.8929171913998181
HILPDA,-0.6315723381295626
ZCCHC2,-1.044432231558185
PCGF6,-1.3277113018982356
ANKRD37,-1.0003868838473187
TMEFF1,-0.6702646162177573
AHDC1,-0.5606377509430256
BCL10,-0.97877063138886
CCDC112,0.3143244776383864
LURAP1,0.7455091086861226
TESMIN,-0.3003698413418661
PM20D2,-0.3750175478209061
REEP4,-0.3728341346596675
MAP7D3,1.4027962250454609
FSD2,-0.6858632334399448
TEX9,2.380070372646683
CFAP97,3.1872674331360344
USP17L30,-0.6913839750462445
USP17L2,-0.576717108389945
USP18,-1.1929976306690693
USP17L28,-0.697708260360771
USP17L29,-0.5255385378298849
USP41,-0.829222125630931
USP17L27,-0.689456320317263
USP43,-0.8169195993276355
USP30,-0.42610546030085245
USP35,0.14716617623163675
USP53,-0.7420604972129915
USP51,-0.9707020198223839
USP40,-0.8015059442521353
CCDC110,0.9618545557952988
TBX22,-1.2257733416655099
EQTN,-1.6155427580413708
CT62,-1.670559953353419
MYCBPAP,-1.5838637582852755
PDCL2,-1.5951670067538521
C7orf31,-1.202553379476289
ZNF165,-1.0317794416481265
C6orf201,-1.9082757748892263
NUPR2,-1.1506406480731843
GKAP1,-0.8513047233700005
DEPTOR,-0.7839188016295929
SPACA3,-2.072589068013667
MEIOC,-1.1495727071522794
LRRC3B,-0.44541306488707194
OSCP1,1.3990101347962132
CAPZA3,-1.6623190517520041
PPP1R1C,-0.7554926172741345
FAM220A,-0.21392654599169392
NT5C1B,0.7214657844808301
OR2C3,-1.0055578827779508
MS4A6E,-1.7364444793371168
C2orf73,-1.8465943530849995
FBXO39,-1.632053608587521
ABCD4,1.0214231127622735
FAM234B,-0.17900799699912986
DLEU1,-0.6435929455255549
RFPL1,-0.1916435223710173
ACSL5,1.3512907683753743
ABCA7,-0.8612547781922738
ABCC11,1.4678088946863208
ABCB5,1.317654334928328
HSPB2,0.21648903651042198
ABCB4,0.4160627756631639
MMACHC,-1.267992212350964
ABCC12,1.464115043812972
ABCA10,1.7190522462334834
ABCG5,0.3500257236188267
ABCG8,0.6657922853300048
ABCA6,1.5118426651146668
ABCA9,0.11096341562994125
MRPL44,-0.8314702524142205
CCDC43,-0.14120676861125972
ZBTB8OS,1.8780536256278744
ELOA3D,-0.6164331176389812
TOP1MT,-1.0062543139695987
ELOA3B,-0.6164331176389812
RUBCNL,-1.1037228701017021
PNMA2,0.5022530958971898
RALGPS1,-0.424976502743839
SHROOM2,3.499304397467127
NPAS2,0.5880430943677718
FXYD4,-0.27575095648602743
KCNU1,0.7431510988181046
SLC9C1,2.1032717186259653
HCN3,2.700077596945388
SLC9B1,-1.3895481431908678
KCNG2,1.469965904874974
SLC9A4,-0.33581343689431953
SLC9A7,-0.20135935948689626
SLC5A10,-0.6368453655469876
KCNK18,2.7703658806127462
KCNK17,0.5499340468644578
KCNQ4,1.0085939958389611
KCNK15,1.0340864077241156
NALCN,2.9885544596230313
PNMA8B,-0.6814585524360861
SLC4A11,-0.15070554680526763
KCNG1,0.057419247274470536
SCN11A,1.2930446296268516
KCNG3,1.327948008469919
KCNG4,1.2492969978330883
SCN9A,-0.5048203894429402
KCNK4,0.07061898246708027
KCNK7,1.9829358606943068
KCNK2,0.7610644973165507
KCND1,0.03887339405010888
KCNJ16,-0.28042487623320844
AMY2B,-0.6614387011941025
P2RY8,-0.6199420591539627
SCN1A,0.9877944433322635
PRPF39,1.0020058797280218
SLC25A22,-1.190939835728878
CTSV,1.1786259930689282
HCN1,1.7970439895837986
SYAP1,-0.7821802012309226
AKAP14,-0.20720374596872793
SARM1,1.845396113623989
LYPD6,2.684372901543153
LGR6,-0.5069785198127891
PPP1R3C,0.5158152400744883
SCN4B,-0.2995131868280187
RAI2,-0.01438388712859934
SLC35F1,-0.676893431170028
SCN1B,0.7097532648556059
STXBP5L,1.2009184995164537
ANOS1,1.4975027758997446
KCNE3,-0.32898339725686104
PSD2,-0.2872263036841855
LRRC6,-0.21002923004403515
NACAD,0.2491596943994489
TMTC1,-0.3093757964332491
KCNN3,-0.48097603718114657
TSPAN7,-0.09325862012914947
SCN7A,2.027272480368353
SEMA3G,0.3798884465211447
PCDH9,0.35657520943564097
C2orf40,-0.20663628199439016
HIPK4,-0.283145965747174
SLC6A6,2.4322400029320703
SLC28A1,-0.6956429124650773
MBOAT7,-1.01812171117195
AC004691.2,-0.5134313739433803
LRRIQ4,-0.6147943709268688
TSPAN13,3.5429301767581505
ADGRG1,0.04886401615207347
TMEM9,0.8486745376956543
FLVCR1,6.980159690624579
ANKRD42,-0.5526507967853186
MAP4,-0.9248830570266423
ANKLE2,0.18610492128064615
SH3D19,0.2586622588204817
PIP,0.159627463989396
EMC10,-0.8487731249699093
KCNMB3,1.996564494301185
MAPK4,0.5653047453286877
DHCR24,1.6534577307096052
ABHD11,-0.6594745397580375
DTX2,-0.9613966641331825
DHRS4,1.7629883245210145
DOK6,-0.6254089195023783
VAC14,0.822288795587855
ACAD8,1.7347528223552002
BOLA1,-0.6127688957573781
GUSBP1,-0.6712397815820924
GRINA,2.0079537572774684
TIMM29,-0.3973078886738854
HPS6,-0.9930081579954491
VPS9D1,-1.1596821852313823
SLC12A9,-0.19693935955701652
MRAP,-0.04343260195927768
MEGF8,-0.527202086804243
PRR5,-0.1453639512417312
ZNF580,0.4967443344959871
TRIM74,-1.1872142894822213
LMF2,0.43897859309516973
IP6K1,-0.7223436969738903
KCTD13,-1.1705787298534192
DUSP8,0.23014618212013851
NHEJ1,-0.7965985515904539
ZSWIM7,-0.38704710349719806
SURF2,-0.8770934894594161
KRTAP17-1,-0.9114304229106389
TMEM229B,-0.2223705955132699
RHBDL3,-0.5448549087501015
MUCL3,-0.28338970174493766
MTHFSD,-0.7094801092441196
MSMB,1.5915799235126336
DUPD1,0.2966026930805377
ANKRD22,-1.3362793779004911
HMCN1,6.144227629497245
PLSCR2,0.7042463236507587
CAPN8,-0.4213320459696668
TBX4,1.4237976105277732
SLC10A7,-0.47911328955261645
ATOH1,0.49145544291806953
EFCAB11,1.7094473185242642
GALNT18,-0.3832498470778049
ZNF850,-0.4539218148857678
SBSPON,2.393685818759265
SEL1L2,-1.2411825365746167
ZNF469,-0.3013485160270709
ZNF578,-0.5178589137895061
ORAI1,2.6174921484127447
CNGA1,8.413298625275546
ACER2,0.7046539196137546
ARMCX3,0.8761890138241706
SPHKAP,-0.14426604294132425
RELT,-0.3702808448004366
PDZK1,-0.5746784440194211
CH25H,0.43262486831933783
AKR1C3,-0.6913184345104958
PLPP4,-0.3860505780531004
IER5L,-0.05723347500216385
SOWAHC,-0.31039362929984426
ASAH2,0.1352690233541941
AIF1L,-0.27470329230585033
TRAC,1.5208328203354717
MBTPS1,0.8319254816071763
TRBC1,1.680856844902928
SGPP2,2.6479439939781
DGKH,3.731423682341693
DGKI,3.66541364776815
KCNE4,-0.009613886170728099
CXCL14,-0.06295061247961051
ANGPTL1,2.224511386909496
ACADL,-0.5850119723543392
PCOLCE2,1.320293122288013
MRGPRF,-0.32549049182548356
C1QTNF3,-0.5024822061122987
SLC39A12,-0.573349855964881
SLC2A6,-0.5140940021268061
ZDHHC6,-0.298248450577713
TMEM138,2.3663513870155297
H6PD,-0.675274667719169
GALM,-0.5451616655437486
C1GALT1C1,-0.6540839006168174
G6PD,-1.039791056160864
ZNF655,1.941083564769029
UBL7,-0.5807495534217438
FTO,1.2454196315237533
SWI5,-0.9092436915916512
CUEDC1,-0.9260847317751862
CHID1,-0.7882748028425675
DEXI,-1.2103831437331658
YIF1B,-0.9722178302956557
MIF4GD,-0.9352395202111172
C1orf50,0.46314287705280494
VAMP5,-1.4591845521178697
NRM,-0.4742577980021309
VPS11,-0.6887410628811731
TMEM205,-1.011338625463945
THTPA,-0.5528058736432196
PKIA,-0.5097499296331564
HDHD5,-0.0066234944422588786
ACOT13,-0.6460208108456911
DXO,-1.7158029708834153
APOBEC3D,-0.8418186976745782
METTL3,-0.9431931108830328
SEPT8,-0.6312977053420921
IL31RA,-0.5733947410593694
MRPL38,-1.5105747139377461
SESTD1,1.1584913442553462
RBM24,-1.0571511281713564
RBM20,-0.4348354991831431
BSDC1,-1.1092021381841068
ZBED6,-0.9513381274082543
C9orf72,2.6709754279130826
CPEB1,-0.5051850608432094
CPEB2,-0.5481016070600494
C21orf91,-0.7961710656620109
C11orf98,-0.18330226321257428
FAM184A,-0.08701740485200525
GAN,-0.5907633171631763
GBP5,-0.9738765593515101
METAP1D,2.7745539833439383
NEURL1B,0.09285663542184908
TACC2,-0.8381901185625382
USP6,-1.0405803864358791
C14orf28,-0.70779161631406
FDXACB1,-0.41076010853719924
RBMXL3,1.7222133603054108
SEMG2,0.7050605180273886
DAZ3,0.39725011249018755
DAZ1,1.0309587577905213
DAZ4,0.5891440400284926
RBM44,-0.8863309134529785
KHDRBS3,-0.6491533251491874
WFDC3,-1.198315176403082
EPHA6,-1.3500899425160398
OPN5,1.067467422758593
CCDC185,-1.9240837563248832
SPDYA,0.18773407435558184
GAB4,-0.9453849147406255
GALNTL5,-0.381340683050832
TPD52L3,-1.8739746510124926
C4orf45,-1.6305797979459997
DAZ2,-0.9431541639993202
RBMY1J,0.3368365583240409
RBM11,-0.5786956318248347
RBMY1E,-0.45644128903298337
ACCSL,-0.8175423456992458
ARMH1,0.680421818504193
CNDP1,-0.8029912086772705
ETNPPL,-0.7996960998611141
DDAH1,-0.469218568346531
SEC14L4,1.553105644341353
HSD17B14,0.6674735587099214
BBOX1,-1.0182574710751398
KYAT3,-0.9937630073816823
GOT1L1,-1.6933144615235152
GADL1,-0.744549464616452
FAHD1,0.3201806078405619
ACCS,-0.6861045241825419
CARNS1,1.833128311157088
IDNK,-0.22411212175723566
PHYKPL,-0.7452974391395054
BEX4,1.0896332782579894
GPT2,0.5292967411303924
CDH20,-0.31154451278689743
FRK,-0.39100547876978
CDH23,-0.24116001441002977
CTNNA3,0.09503262887247585
PCDH10,-0.3979437389562846
MFAP3,0.15882084837522076
ANKRD26,0.219627689213666
TULP4,-1.109369921084917
DLL3,1.577843946080349
PIGL,0.4596172274315324
GLYCAM1,-1.7668020417092911
FAM98B,-0.8006342176592649
CRYBA2,0.44780379648782415
ASIC4,0.22128393917274147
ZC2HC1B,-1.3057561803390674
FRMPD1,1.9792793982824286
EFR3B,1.7552924764428584
TSPAN16,-0.7834209086107812
ONECUT2,0.9701715791650182
CADM4,-0.20217051713862347
CNBD2,1.8589427677928045
SUN5,-1.3285370226313717
MATN4,-0.17397900173765077
MOGAT3,1.5964869737420395
DEFB129,0.02374824308202159
LRRC72,1.4908639370878143
APOBEC2,0.4367947905100036
AFF3,0.27518562065409014
OXCT2,-0.16947267908874813
PDE3A,2.807836464890782
ADAM22,0.6326597031680249
ZMYND15,-1.4257132143455429
NPAS1,0.420881269803946
PDE6A,9.785102012874518
POU3F1,0.05631469633521967
FAM166A,-0.8814949834305326
RDH16,1.5706822607264614
PRH1,0.013528107949666232
FNTB,1.6000970243582537
SMIM23,-0.5692676507350579
ADAM7,1.9110995317918287
PRM3,-1.7014989252921986
SLFNL1,-1.3596043495545922
FAM83E,-0.650933608008354
KIAA1211L,0.31090698536866607
USP19,0.40160779564278754
CABP4,2.0606527042014697
NRROS,0.3524323478567757
ARL14,0.9807975973806076
PIP5KL1,-0.5680532380878991
RRAGB,0.10063379472880529
CPQ,0.015886334706345998
HNMT,0.35560440435821883
SFTPD,-0.2801749180395828
SIGLEC14,-0.7753587200883738
TCHH,-0.8121613910116595
ATP11A,-0.4014844426016474
GRAMD4,0.10837456884361574
IFT22,1.8094609572932177
IFT20,2.5852858515904313
UBXN10,0.7377810656524155
TTC30A,2.4781163045043684
TTC30B,1.9457475410644167
WDR60,1.7153404621700297
WDR66,1.9687757159360406
WDR53,1.0780109007640792
TRIM59,-0.6826259153693514
IFT43,2.38330450697311
KIF3B,0.6728897880163168
IFT52,2.4954558924281307
SNX33,-0.5844777259807461
TRAF3IP1,1.6427234465564244
TCTE3,1.841110117244176
TTC8,6.866908870842101
BBS7,8.00707076636916
AL136295.3,-0.3240068128089808
DCAF8L1,-0.3248446428606691
IFT46,2.4293050004427434
TTC26,2.2780777755027937
PLXNA2,-0.7328812430360141
WDR91,-0.59065882640116
IFT122,1.5683991089893816
IFT81,2.751110478842274
IFT172,2.780313199282982
TCTEX1D1,1.9698832318979211
C12orf54,-1.3155864252346088
C9orf50,-1.1696518442289334
TEX47,-1.933254337725673
GOLGA6A,-1.282520331684921
LRRC74A,-1.114879138869165
MBD3L1,-1.6423139287296205
GGN,-1.7979192341183072
ADIG,-1.115040351108043
CDRT15L2,-1.1150911124625789
FAM181A,-1.2420236983060697
FAM170B,-0.987029074200262
GCNA,-0.6054428269926614
CXorf38,0.7719899610409596
CFAP70,1.6428776827846463
FAM160A2,3.711727263794237
PKD2L2,2.6694233088683874
PKD2L1,2.856072647101664
CCDC148,0.7153965518692506
WDR63,1.478850601539324
IQCK,4.140842267878677
EEF2KMT,-0.36347116572078586
TTC12,3.9378155832406274
CASP14,-0.6395851227814272
SAYSD1,1.1120980914488423
NKX2-2,1.2740395799974658
BBOF1,2.541716528117493
IFIT5,1.8882925343159809
NEK3,3.440141372238562
CCDC121,1.920660225443983
BCKDHB,-1.1287316580864564
TTC6,2.703501064411288
KIF9,-0.3793679355796104
KIF7,1.7627768634402023
IFIT1B,2.5767803938504636
EFHC1,2.1428702816153558
TBC1D32,5.055357901917997
BBS12,7.521398674596378
TTC36,2.649484336061284
CCDC181,2.261387765813601
DNAAF4,1.735399827182517
CDKL3,2.6530862015249768
CCDC146,-0.5674370886995792
MOK,0.2778481684333885
CFAP69,0.870074317869979
FANK1,-0.6656687562534125
BBS5,7.764437326727317
HCFC2,-0.8368026040659089
BBS9,7.4276395742256645
BBS1,4.228267558079442
BBIP1,5.0905608025310825
TTC21A,1.5753027924336458
NR2C1,0.4940631790310249
TKTL1,-0.9248679634451086
DOC2B,1.6207855208562867
APOA4,0.4176852793952588
APOF,-0.7523160367499718
LCN1,1.6317882742965606
LY6G6F,-0.00205104519367738
SLC17A9,-0.5350546588106664
GCSH,-1.3070914272510368
P2RX3,0.6914493795864587
FOXRED1,-0.18378724263811172
PFKFB4,-0.7381211045738186
FGF21,1.2820285556639186
TMEM217,-0.6366536894372156
TNFAIP8L1,-0.5549324077094581
CINP,0.5683254939034391
FAM200A,-0.7157368606534513
ZNF789,0.10087615559103594
BANP,0.520218967080938
ZNF718,-0.7068145007103973
PNMT,1.124945891377533
ZNF394,-1.1831733552627388
PSKH2,-0.9311137616554933
GSX1,0.2749364166004955
SIM1,1.720895659502213
TGIF2LX,-0.32671795109927676
IRX6,0.35449795105470777
EVX2,0.3381686771760564
NKX6-2,1.118225117410675
TPRX1,1.0694664945650774
DBX2,0.901338466950935
GSX2,0.6931880282706481
DUXA,0.31662926358266413
LEUTX,0.5660694905300488
RELL2,-0.6066914042760553
APOBEC3B,-0.6832295549299272
TTLL4,-0.20466540343039133
TPH1,0.7372122415430546
TMEM177,-0.5818928867774533
TMEM171,-0.7623995599327106
ZBTB8B,-0.9255899978508625
ATRIP,-0.33133596701424306
CCDC138,2.5323778336922445
CCDC18,2.3653635274019322
PLCXD1,-0.5091552574904105
DPPA2,-0.6741090563264643
FAM111B,0.2755065154343665
SREK1IP1,-0.9070532094775015
MGME1,-0.4040596345008654
TEX30,-1.1546203451313672
ANKRD36,0.5468642895878347
PELI2,1.8141155915233944
LMO3,0.7538029800826331
TOX,-1.3758691028168348
SPZ1,-0.4278041413113404
EPYC,0.7328220515306352
GLCCI1,-0.2504760729624958
PAPPA-AS1,0.8081924834818037
SPANXN3,1.4925011150656944
FOXO6,-0.6401508187702364
FAM76A,-0.5317061664316654
CCN6,-0.1292601218294956
GUCY1A2,3.1243506494870537
TLR10,-0.9034579738028556
AL355315.1,-0.4462790458968709
TUSC1,0.45301736397892234
SPINK14,1.4495452364182788
FSTL5,1.1754243322128908
SLCO5A1,0.6135806866166057
SPINK9,1.2636150095483687
WFIKKN2,0.13301007664876974
SPOCK2,-0.19470197468621253
KRTAP10-6,-0.8575758989966392
LRRD1,-0.3685073737284097
HOXD12,0.2841188485028634
ZGLP1,-0.6218779076552505
MAGEA8,-0.2606799555336697
FOXN1,-0.5996126942733958
ATG4C,-0.5768483438206679
MAP1LC3C,0.009985891602327804
ATG10,-0.6223081567622801
GSTA2,-0.714573652214081
TUBAL3,-0.8319902463871492
LRRC14,-0.9525208273680785
SYNE3,0.9540900708938922
FYCO1,-0.2458228189721614
TECPR1,-0.35335501997416024
ATG4D,0.3342250286812574
VPS16,-0.997564199246674
BOD1,-0.6081809335783177
C1orf220,-0.7367220623741568
ERI1,-1.0480883019238798
FUNDC1,-0.7273919705093203
SLC25A43,-0.8458897280175212
MORC4,-0.85142702341917
TMEM164,0.9769243656979716
THUMPD2,-1.3090965898985412
N6AMT1,-0.9115259915839395
METTL2A,-0.6060308978462501
NDUFAF5,-0.8573228079782116
TGS1,-0.5945494449045073
RPAIN,-0.4990637722856244
CDH22,-0.4187821345991561
PCDHGB3,-0.04689004677385055
PCDHGB7,-0.28420376369537104
PCDHGC5,-0.21896084751094005
NRXN2,-0.7859285813499014
DCHS1,-0.28658305426430225
PCDHGA8,-0.5156779993983034
PCDHGA3,-0.22319875255606336
PCDHGA1,-0.24699464273683655
PCDHGA6,-0.1958381637476363
CDHR1,3.0931935796356465
PCDH15,1.6866990252443113
FABP6,-0.10790965984927009
PCDHGA2,-0.13301410486710522
CELSR1,1.463495763023915
PCDHGA11,-0.1902308561026311
PTPRH,0.8355036720804777
GPR42,-0.2769073372056383
GPR75,0.9262668653748097
GPR78,-0.1749935065095645
GPR141,-0.3666063262446598
GPR88,-0.3292110739840149
MRGPRX4,-0.2929399202648007
MRGPRX1,-0.39516214576711006
MRGPRX3,-0.46412988868188104
MAS1L,0.008020583503455464
MRGPRD,0.27427263219802545
GPR39,-0.302915464078366
LHX5,1.770600411144904
TPSG1,0.781741219048204
FERD3L,-0.4961007649553031
TRIM46,-0.6890330502743153
CUX2,0.1904372654493427
ARHGAP33,1.2326171946390023
SLITRK3,-0.2506646659640203
IFNW1,2.6025688014745882
HOXB2,-0.10942453200083817
FAM153A,-0.43986267524712797
ATOH7,-0.2199222341614882
HOXD11,0.18150432321495993
MYCL,-0.6594392166262389
MYT1L,0.4062235204735945
FOXB2,-0.2360551441570679
NR4A3,-1.266797907820765
EBF2,-0.2556998738113207
HOXD1,0.09890591654985932
GYPE,-0.21891972415937305
VSTM2L,-0.5651900183005009
TBX1,0.7379425601918637
PIEZO2,1.8337307814541566
ACOT11,-0.37881047592937855
HOXC5,0.7314258035869884
ASIC1,-0.5915159801089253
KCNK9,0.0727858867887705
SCMH1,-0.7155123825726613
PHACTR4,-0.7681583031127067
CAPRIN2,0.2870837681202355
BRD8,-0.5282158776780391
JADE1,-0.1778074933633213
PTPN9,2.1277680901056018
HMGXB3,-0.7212241126822846
DIS3L2,-0.8625665748260649
HECTD4,-1.1847557939511355
MICAL3,4.198130227292132
PHC1,2.1772350703147136
PRRC2B,0.07235840263626275
RETREG3,0.40393214759689156
SLC30A8,-0.6612298547259469
PARD6G,-0.6776022313119628
MAGI3,0.9957210547633394
ANKRD45,-1.1222669195575403
LRRC9,-0.013162545912879752
CCNO,0.6134949884732641
ZNF215,1.6879262968002398
ZSCAN5A,1.4191760888541012
ZNF628,1.9278847784735533
GLIS3,-0.45164550902000233
TJP3,-0.8711138246573572
SLC22A12,-0.8307922135939181
LRRC52,-0.3567022067691548
SGSM1,-0.360344923528074
PPP1R42,-0.025952622434959733
ZSCAN31,0.6720700910303212
PPCS,0.6938694605816579
TGM5,-0.5613761790357488
SOX15,1.0051757250443525
CLEC17A,-0.6559846606157224
PSORS1C2,0.683816644249029
STOML3,-0.23628328843657537
SCGB1A1,-0.6669326746409417
KRT81,-0.20781942575703813
CRTC1,1.1711122728734706
KRTAP2-2,-0.7446101309693292
PADI1,-0.4156762005533437
ORM1,-1.0523823709992075
FAM20C,0.007940710221605838
PRG4,-0.6856460345604978
GHR,-0.29175281607990927
MT1M,-0.8354094843901873
CFHR3,-0.697965482881475
CFHR1,0.31562382340384876
F13B,-0.8917685857699195
C1RL,0.7849129286396229
A1BG,-0.9858795047450283
C8G,-0.7848939646257217
CLMP,-0.14387574344379753
MRC1,0.5356019515486751
SMIM1,0.5641540477064195
MBL2,-1.0425552238474955
LEAP2,-0.7055361093651578
EPSTI1,-1.2639963352727668
SSC4D,0.09805046956534169
CFHR5,-0.6079483230773378
SCARA5,-0.3189834633868635
LOXL3,-0.21485844175566413
PGM2L1,-0.5928651964536888
DUSP22,-0.029149312855384628
NADK2,-0.5923916897471538
GK,0.05154282775684502
IMPAD1,1.5720610486596742
SMYD3,-0.8361323345411212
ACPP,-0.6584965036474023
ADAT3,-0.6575896829054513
ADAL,1.5374134763684397
NUDT4,-0.13957448602786815
AS3MT,-0.438507403768027
SRXN1,-0.9570738776121313
NANP,-0.5589168688159654
TIGAR,-0.8495760126868175
RBM48,-0.10856407000356805
NT5C,2.127079192735209
PRTFDC1,0.5099903131495731
ZHX1,-0.7273272134030202
TRNT1,-1.2143175178944117
LHPP,-0.03523654539329256
NT5C1A,1.545629714743834
UPP2,0.08745674309425344
ULBP2,-1.2190228447989058
NT5C3B,1.6187797297554911
DUSP2,0.04060491423514345
PTPRT,0.383848239760013
PLIN4,1.896605245028822
ANGPTL5,0.30793413067043485
PRSS21,1.3883523993627318
AL645922.1,-0.7158820939792433
SRD5A1,-0.4781858520444635
LIPE,0.6843368055038057
RGS10,-1.260722942335199
PXDNL,1.4540543229215936
DUOX1,-0.23567314686675103
PHF21B,0.11413018913894445
OAF,-0.7509346493465979
CLDN4,-0.7163726881123194
GDPD1,1.4136310490758381
OR5P3,-0.3394219725332012
TAS1R2,-0.29681387661582775
OR5P2,-0.3233105706811189
VN1R2,-0.01874945409898003
MEIOB,-1.5390818006799243
OOSP2,-1.6827953106718125
TP53TG3,-0.866450661304208
MAGEB6,-1.2887949272653911
MDH1B,0.004066206064149772
DERL3,-0.6878821085201181
RTP4,-1.3184180035326727
DERL2,-1.650424258125093
TYW1B,1.3659216172148119
MOCS1,1.1876269164903646
MCPH1,-0.9531811487002881
YBEY,1.8217160922010227
LCLAT1,-0.664213144517919
MBOAT2,0.6369794308882525
TYW3,0.5835676692013937
CNNM1,0.3235267264333552
CNNM4,10.612478749682847
TMEM237,0.2890927540087064
POLR3H,0.4542713640450463
POLR3GL,0.4612510671842979
LOC101060521,1.2571529654090279
DTNBP1,-0.22894156471266083
IL17B,0.474601296287259
ROM1,4.707384775787321
PODXL2,-0.33916983994110433
DOT1L,-0.5614157717884006
PCBD2,-0.7233264063131017
LMLN,-0.446859453679291
FAM9A,-0.7442152882157739
SCML1,-0.5444323240869946
MTERF1,-0.01630596202116153
SETD6,-1.1394291511857195
RILPL1,0.1479666209802289
GOLGA8A,-1.1797045797139112
CHD7,-0.3171707353829197
MTRF1,-0.4486952355323027
NCBP3,-1.2680452535181304
COMMD1,-0.15989703761595087
ATP6V1E2,-0.7962069868222489
TMEM199,-0.2760679772635211
CCDC115,-0.4704054608702229
TP53TG1,-1.6563361478426561
COTL1,-0.2925783273517787
BLVRA,-0.3190341742169382
NME6,1.5925562134064102
TMEM167A,-0.14709193642714813
KIAA2013,-0.8675983173609403
URGCP,0.18721648851588668
CBX6,0.2228791921013158
STOML1,-0.544636069015565
ADCK2,-0.9095458781947232
CERS6,1.84658016652488
UGT2B4,-1.177966483707795
OTUB2,-0.8440742512648131
THSD1,2.6858264457496044
KIAA0513,-0.7932429280022815
HACD4,-0.8182677162701554
ADAMTS4,2.806416573578013
ADAMTS3,2.4716749793145087
ADAMTS8,2.8912217389958075
SEMA5B,0.7884171655879334
NOD2,-0.7907525380984135
PADI2,0.04187608990685846
RGS18,-1.1342452892502806
ADAMTS13,1.5642023668824443
ADAMTS14,2.4736429940943525
ADAMTS17,2.812076590197183
ADAMTS16,2.6956347709866035
ADAMTS18,6.320419056461427
THSD7B,2.623895486793128
LRRC25,-0.8637896307842278
ADAMTS15,2.84707404819704
ADAMTS19,2.904263651151877
HEXIM2,-0.8736072139357507
DOK3,-1.1032511205826026
DPY19L3,-0.3682399680876719
SMUG1,-0.8223193316031765
ALKBH4,-0.5935775011496385
NUDCD3,1.0341994656043239
RFT1,1.5409330987694085
SLC37A4,-0.641193930209241
THG1L,-0.7957416088913943
ANGPTL8,0.5365492597322065
ST14,1.7663032455808403
SLC40A1,2.852657599056234
FAM174B,-0.13192363923492006
MGAT4A,-0.9253672202652568
GALNT6,-0.8826152552222352
FAM168A,1.8002816136036177
SMCO4,-1.1796304324891151
PNLDC1,-0.7827651705914355
MSRA,-0.7313789665297724
SLC46A3,-0.6197606778659638
LAMTOR4,-0.9685831642809335
NLRX1,-0.7996363575399792
CDH24,-0.37444746600139306
CDH12,-0.06674585053329624
CDH9,-0.08049820584863304
FREM2,-0.18857342139678893
PET117,-0.41703759659764733
UQCC2,0.48607393977552915
FGGY,-0.20184619759135017
SHPK,-0.2344066158397101
GK5,-0.33903811961436986
XYLB,2.2582812715772627
MIXL1,-0.17195106015509143
ZNF74,-0.6569464022460136
PLEKHH3,-0.29296871748865644
FAM110D,0.6255328092205428
SNX25,-0.28837364642634405
MAMSTR,-0.4941288399287291
HRK,0.6800624926881739
TMEM102,0.5699913223539383
THAP11,-0.36343157083026056
ONECUT3,0.5018650466593109
ZFHX4,-0.48541800132270896
FAM185A,-0.22708859043436372
PRDX6,-0.41207993004591253
MACC1,-0.009799450085478795
SFRP5,1.1642052045150388
DNAJC17,-0.5210587438106187
ZNF169,1.7229658491266977
SLC26A1,0.2285295259146665
TCL1B,0.46899565958397926
HSD3B1,0.7594168143417325
FOXE3,-0.22571166991799224
NENF,1.0512770739966706
LIM2,1.2607930173691946
MAGEC2,-0.40900166002306426
GTF2A1L,-0.47572604105895994
AMBN,0.42295603785640856
UPK3A,2.22390173485525
ISL2,1.184704848710645
VAX2,2.7725559579401438
VAX1,2.3454612050852712
RGS11,3.0411100276978362
SAGE1,-0.18571906004538866
HLA-DRB4,-0.40782132194178744
VWA5A,-0.768750259424675
SAMD9L,-1.4901451982083425
TRIM34,-0.8389648955902755
SAMD9,-1.2150414914864143
SFT2D2,-0.4835067706409645
SIAE,-0.37834335799944074
LILRA5,-0.8079352698057771
HLA-G,-1.349921832573405
NINJ2,-0.8855846620929616
TNMD,1.9563720041399266
HOXD8,0.6261840853185076
HOXC9,-0.1535251023816376
BCDIN3D,-0.139695265929095
PSMG3,-0.5420356310348586
HOXC12,0.12087740250605243
HMX2,1.2372024271303437
RAVER2,0.30817582236358165
WNT9B,1.496597852128517
KRT36,1.6400660343712299
LHX6,0.8919319078694931
CASS4,-0.3377616147698678
CAPN6,1.0804691864525853
IRX2,0.11301206123938218
BARHL2,0.43971394587866913
HOXB4,-0.18736627406287967
HMX3,0.2051745448656072
SMR3A,1.5343451118998817
WASH3P,-0.19338052195483932
HDX,-0.5650031890038807
ARGFX,0.6621687238963412
SLITRK4,0.4727657074529262
SCNM1,-1.4063166528876117
UNC93B1,-0.8597653161874348
TLR5,-0.6501143596561766
SELENON,-0.4148342570516794
CYBC1,-0.5736967342416238
CTC1,-0.22827923796999963
ERO1B,-1.1310058490085138
FKBP11,0.20965737744924098
TNIK,-1.1316901801311305
MAGEH1,2.1469733119971446
GGCX,-0.7806908011315886
PFDN6,0.5801372795877636
MLXIP,-0.70178429168026
CNPY1,-0.16726824519419395
NKAPL,-1.5912044801093952
HBD,0.47401141763397986
IPMK,0.3819441459887982
PLCXD2,-0.12717830603184585
PI4K2A,-0.299153296690704
C2orf70,-1.373758964648623
ARHGAP28,1.421419267244683
PIP4K2B,-0.6432716617821088
AC007192.1,-0.14312772943710425
INPP5A,-0.6045814892405449
SPEM1,-0.0867260084442529
DGAT1,1.2281168504389823
DGAT2,-0.26912146204964177
SPACA7,-1.9834093042332877
PLCXD3,-0.21713226851465922
EFCAB3,0.6621934667087436
PLCD4,2.0005304108508257
PLCD3,-0.045544181971701285
RGS17,-0.7341286978331407
DGKK,0.06410113785535748
WFDC11,-0.9507271085326234
CCDC172,-1.1295005143491472
UBAC2,-0.8257613957441504
SELENOO,-0.8018239923486051
EDEM1,-1.1568416264379437
NUBPL,-0.21615465832664596
SVIP,-0.5233660280938531
NUB1,1.0646343296487302
HSCB,2.0078892668606394
USP38,-0.4280289997228884
ZFAND2B,-0.9248124697877838
AC018523.2,0.2805018809557466
UBXN2A,-0.7038248780647312
UBXN8,-0.2367430010426055
TMEM62,0.06052452114525855
ANKRD54,-1.095539218173438
OSBPL1A,-0.22538591787625786
PPP1R27,-0.7767104666554865
ANKRD29,-1.0073923275107222
ANKRD61,-1.160047343885217
ANKRD65,-0.8935366693629457
ANKDD1B,-1.0438867124189697
KNDC1,0.16173318732758762
RAPGEF5,-0.4068984115845902
SH2D3C,-0.6203017196371792
RAP1GAP,0.9917948882337091
RAPGEFL1,-0.6815089457288319
RASGEF1C,-0.3929587313853753
RASGEF1B,-0.4907321961751769
RASGEF1A,-0.18978825761659643
SPIRE1,-0.008234041836892983
SPIRE2,1.0253298855199602
DGCR6L,-0.688542855803754
ZC4H2,1.1537657974515467
SYTL4,-0.4997013432736055
RAD17,1.0691334693214438
ZXDA,-0.6114931190114047
TUFT1,-1.2444144808626636
NCKAP5L,-0.44092730678888514
TCP11L1,0.6995132391604205
ZNF720,-0.4187575874345963
PANK1,3.252911593468065
ZSCAN32,-0.108557898964772
ZBTB26,-0.7037451422982905
ZNF75A,-0.8061122624219907
ZNF75D,-0.5557937912477338
DDIT4L,-0.3142939208244147
NT5DC1,1.348589798395378
SNTB1,-0.31957494326785996
PKN3,-0.9236595994035203
ZNF786,1.14322520614463
ZBTB39,0.8929268842588336
ZNF740,1.2423214154419808
DTNB,-0.4103571083177629
VIPAS39,-0.9489928503826957
C17orf82,1.4194671105614602
DOK4,-0.24589483673422746
RTN2,-0.10181759615231799
ALKBH7,-0.9330205930702137
ZNF777,-0.640711742702416
MCRIP1,0.662801100957267
METRN,-0.5810522080025868
MOSPD3,-1.0753607340968017
SAMD1,-0.819290154888696
PHOSPHO2,-0.09720193480239255
AAGAB,0.049349298888667105
CCDC32,-0.017256497719819408
KLC3,2.2396645602567737
NOVA1,-0.11495052487155129
TRIM58,-0.7170832451839811
KIF4B,-0.2525163282033211
HLA-DRB3,-0.3884007205319367
WDCP,0.023188430051833492
PRICKLE1,0.9706775276622648
TMEM35A,-0.42396921422485634
LAMP5,-0.2702929406078018
HAPLN1,1.0011509946316428
MAPRE3,-1.243137748730292
KIF26A,-0.3013929091040869
ST8SIA3,-0.761090583169117
OLFM1,-0.9959396799147058
FAM171B,-0.5319454688647367
ZNF365,-0.6748779049181352
GRB7,-0.5364960015755139
RUNDC3B,0.12685477767403133
C4orf19,0.8753507652270236
PRR15L,-0.7886991418010584
ICA1,0.18243397975684006
CLDN7,-1.2036142208454046
ANXA9,0.25359794006002173
TFCP2L1,-0.7312027870411844
CAPN9,1.325569999528005
AGR2,0.04844741033008396
MLPH,-0.3824122596090992
PLCL1,-0.24394015770137772
PIP4P2,1.0190990045997157
ANGEL1,-0.73599087913262
PDE12,-0.8964389583444831
CYB5R2,-0.7844730981848743
INPP4B,-0.7147817012299778
AC138969.1,-0.782720412275936
PLEKHA4,1.3239774035968155
PIK3R6,-0.9550169127986736
XKR4,0.8584537256220491
SPRED2,-1.0148354771849528
ARL14EP,-0.43890339480221824
GPS2,-0.6740574872044703
PER2,-1.1463888692929238
ARHGAP22,-0.5075486252840109
MAFG,-0.4307317035113574
ERG28,-0.7925043664947482
HPGD,0.8916562297679541
ADO,0.2192747995928115
C15orf40,0.395231703239745
ALS2,1.137378845122516
DIO2,-0.7846134006816253
SLC2A11,-0.6690484485683419
BSX,2.371897511638682
SMCO1,-0.8402667340901797
PDCL,1.9850715072862248
HNF1B,1.152306443822311
ARMCX1,0.19261465623690638
AC023509.3,-0.34213473967646363
NPAS4,-0.13555566210594813
ULK2,-0.6304710216604098
MBD5,3.0356431401039523
MAMLD1,-0.16138996429502364
RAPGEF2,-1.1008666852731435
MAML2,-0.34287525805512836
GFRA1,-0.2853881842174837
PSENEN,0.33514828752431214
MAPKAPK2,-0.50187099771797
C2orf49,-0.7156282079835705
SPATA2,-0.40339573666053996
NKX1-1,0.6976894322973937
LBX2,0.4900621970700863
NANOGNB,1.3545916203976043
KANK4,0.44508843810862875
TSPAN1,-0.28553072657788264
CCNY,-0.5590212095541492
KLHDC9,1.3408031158954674
DNAH2,-0.3923797269481442
CCNI2,-0.39932088338564603
C9orf116,-0.05458044686007762
CABLES2,-0.6046612161732815
ZNF620,-1.005258707261311
ZNF552,-1.032851327961355
ZNF724,-0.9326226395540952
GRB14,2.3236788710200638
KIF16B,-0.14196620673220356
RADIL,-0.6841485834894521
MTSS1,-0.8408967594436606
MARVELD3,-0.8553881085472257
PTPRB,0.6233028773991386
SYNGR3,0.5619114107200835
PAIP2,-1.0125163917003102
TRIM16,0.6228731688559584
TRIM16L,-0.24889821004883794
FRMPD4,-0.6561652449045419
TRIM47,-0.5794049146131395
TRIM65,-0.3919898823343791
FSD1L,0.04469695980949604
NUDT9P1,-0.5301331559757919
TMEM120A,0.5181147442729294
ENKUR,-0.19323270252436872
LONRF2,1.9260094906550158
RFPL4AL1,1.8501393718989276
RFPL4A,1.8190555847792205
FAM71B,-1.4712738184098901
PTCHD1,-0.5062730538766751
H1FOO,-1.0908020155935825
SMIM21,-1.178210964678158
FAM122C,0.335236914304076
OR8D1,-0.7996563223236672
DEUP1,-1.0303778281884233
ANKRD31,-1.636571588665238
LIPJ,-1.1011951203705763
AK8,-1.1960273586087773
CNBD1,-0.5673492566196684
DISP3,1.5353711261862333
SERTAD4,-0.510147228052352
C7orf61,-1.2423693100320312
MRPL53,-0.7648604428775406
RFX8,-0.6918218429143336
RFX6,2.346032634665342
CYCSP5,-2.591680857849806
PRKAG2,2.093818390608621
PARP15,-0.5965548754700103
CMC4,0.01591868842093718
MRPL52,-1.327264003356813
RETREG1,-0.39726932707490326
PELI3,-0.35392320787837883
C19orf18,0.10346340361585474
OR6B3,-0.5511546447566528
SPRED1,-0.9714022970143896
KLK9,-0.10694051809479482
FAM122A,1.292746076983974
MSL3,0.6107868582136807
SPRR4,-0.28571868992848665
MSLN,-0.7102885394321181
SH3RF2,-0.5408017659972849
TET3,-0.5831082711231554
TPMT,-0.3683108802099579
PCIF1,-0.6706129329201004
TRIR,-0.12118910530763022
ITGB1BP1,0.774210933247393
RUFY3,-0.8366575885068087
TARP,0.09054484307988739
GPAM,0.813725520501804
GSDMB,-1.0448326956477458
ORMDL1,-0.7163320301801619
C3orf62,-0.7227278536820988
DTD2,2.3703174458995533
ZSCAN1,0.25297226157836283
LOC102724023,1.7650243744331804
FOXS1,0.8682936957046828
ZC2HC1A,-0.2744386958959408
SH2D1B,-1.0105056944064676
DENND6B,3.072914045747679
DHX58,-0.5959578076215087
ZNF385B,0.06750163649963337
ZNF322P1,-0.40918817661217305
CATIP,-0.6094485282982072
GUCD1,-0.05687773052444075
ENKD1,-1.4372512220841827
C14orf93,-0.21309320922181338
KIR2DL3,-0.7825020389935133
PRICKLE2,-0.03539936638131489
C19orf33,-0.6539323533948155
RD3,9.81421572565916
HAVCR2,-0.44833335518179346
ARHGAP24,-0.46358227467099294
MRPS6,-0.9848751919795927
KIAA1841,-0.10896496309178053
NKIRAS1,-0.6725482976919462
MTURN,0.4272484214716598
IL20RB,-0.7114945388349677
HOXC4,-0.7489142386071442
MRPL10,-1.1731946603517227
DNAJC30,-0.7621427173760781
PLA1A,-0.5543409042310439
DCUN1D2,-0.43367876574686137
AIFM3,-0.5935858625066096
GRASP,-0.48733780900892454
ZNF486,-0.54676652872969
CIART,-0.44049833143291184
BCL2L10,-0.49723836890074774
BCL2L13,-0.7053130600513251
NTMT1,-0.5976292590857721
AP4M1,-0.8234971725894064
PLXNB1,0.4693302024486886
CCDC149,-0.25523106348722036
BLOC1S5,-0.8843185212883578
FAM3A,0.28355985976776155
SMIM11B,-0.6416539232647065
SMIM11A,-0.6333764446544851
C6orf118,-0.5234101325622081
RNASE11,3.0878853089270444
TEX2,-0.545270414448459
ZSCAN18,0.8110964798373939
LRIT2,-0.2100608612084377
WDR45,-0.26208816790889955
TBC1D20,-0.5467158233998851
TBC1D26,-0.3504549961702704
ANKS6,-0.1323766537687307
METTL25,1.8813006231199496
CXXC4,-0.10509287701020915
FSIP1,-0.7534384471739104
GSTO2,0.44027827231651595
VASH2,0.7425384479793908
ZNF839,-0.8000833273271479
APOBEC3H,-0.7946361132254187
RIMS4,0.41689043534880593
LIMD1,-0.567413641282458
TSPY2,-0.2853806713254513
C4orf46,-0.9065868480811018
TMEM255A,-1.0678733587038667
NCR1,-0.9680060335827966
RNF183,-1.116446012666946
EEPD1,2.2579508936663624
SYCP2L,-0.4084317157235994
ZXDC,-1.2195507428135062
TMEM175,2.0027637516020493
FGFBP2,-0.17361557127587282
SYT6,-0.5392511482458333
DIXDC1,-0.7585513123012152
TASP1,3.15496126715237
MESD,0.8370608354572562
SCHIP1,-0.49290252330126694
TCP11L2,-0.4052265236055348
HDGFL2,-0.8252167511587309
ALKBH8,-0.6763007536477776
TIGD1,-0.6488714410333511
DNAJB7,-0.6647252799777238
OR4D6,-0.4341753971668247
TTC23,-1.174536978754669
RTL8A,-0.21893171483799742
VCY,-1.235314028525515
C3orf33,0.26293393754505395
C3orf36,1.3439060177810627
CES3,1.296154988707895
EBF4,-0.5413724050779609
CDPF1,-0.666530396526799
CTRB1,1.4508396123351113
FAM3B,3.501089524019196
OCIAD2,-0.6662789346321232
ATPAF2,-0.9272871324372499
KCNAB3,0.8987240990131292
PPP1R32,-1.2582830736981625
HMCES,0.530745222342884
ATG13,-0.8640759730110654
FRMD8,-0.6287124372382132
NMNAT2,2.093565596669253
NMNAT1,9.346206934967125
GPR61,-0.4972635522648676
C9orf78,0.449979215771089
EFHD2,-0.873549929346736
PCDHA7,-0.4254794147525037
TTLL7,0.0588046696336879
PCDHGA12,0.11089221064787348
ANXA8,4.0586928616519256
MEST,0.4277830097899653
ZDHHC23,-0.4067237725141658
COQ6,1.6059896274664567
ZFYVE1,0.38314059214364043
SUSD3,-0.5890706761225231
PITRM1,4.883455512998294
CCDC60,-0.5114045565787773
PRSS33,-0.19877565071396458
TMEM183A,-1.0106125531125605
PDZD4,-0.6563809121938365
STON1,-0.5190657963799062
PDZD9,-0.1134633342782466
GPANK1,0.622746680591818
TMCC2,0.37029837539998417
MARS2,-0.2590268904099434
CCDC144NL,0.10981161030800338
PHYHD1,-0.5106783230323122
CFAP58,-0.570583985870825
LOC403312,0.0845214461920552
USP6NL,0.19483172063599274
PASD1,-1.096049482667961
SCG5,0.996038393927825
DDX43,-1.3694765022772415
GADD45GIP1,-1.1911814203383615
SERF1B,-0.34557214016043936
CHCHD6,-0.5221777118413253
FAM151A,-0.44201507423120023
FAM133B,-0.4929384175357277
PPP1R17,0.18804686815954405
PNMA8A,-0.5351681446107283
PTTG2,-0.0865470848345846
SPIC,-0.3819779036901475
FITM1,-0.33909265443655845
SRARP,0.6583060553860226
C1orf115,-0.5374309658791154
C12orf65,-0.5081023815286545
ACBD6,-0.33368094279567173
ACBD4,-0.6071468107098448
EVA1A,-0.44602370439597566
AKAP4,-0.26614506002772226
DFFB,-0.9304425989770112
VCY1B,0.10326009827679432
KIFC3,-0.08107955660367469
SLC41A3,0.1773752806884755
CD300LB,-0.5768746974686684
STARD10,2.066678800019188
CRADD,2.3369313069227555
PRR15,-0.029474625584215187
FAM53A,0.1029130352886071
CELF4,-1.11801576508785
CCDC190,-0.14016060667723745
PACRG,-0.2709479148196439
MTERF4,-0.44993895878934026
PRSS1,-0.6352624714728331
TSLP,-0.8726868814043504
THAP3,1.6358838661787793
CARD18,-0.6550595881642332
RP9,-0.42140296029330543
DNAH14,-0.07723029206941087
GNPTAB,-0.4059279917342133
IL26,-0.4869267464239395
FAM50A,-0.6493702210647619
FMNL2,-0.21510521363306587
FMNL3,-0.3042137593616994
KCNE5,0.41765860678980116
PPFIBP2,-0.5282806258066265
CCL26,1.4402285543592026
SEPT9,-0.9165178359705648
SEPT5,-0.9065261568800218
SEPT1,-0.518950380381858
DPCD,0.40335924217332
CDK5R2,-0.4894953397946226
GIMAP8,-0.9925123871265707
CXorf56,-0.5250176212419191
MOB3C,2.04237138504127
C18orf21,1.1412047611193512
MT-ND3,-0.5618075666450149
GPR107,-0.2311783557671415
RITA1,-0.667958999305531
ATL3,0.6743252180483595
UGT1A10,-0.4697725795541755
CSAG1,-0.028973982152103398
ZNF2,-1.0668046574229908
ARID3B,-0.1539102878811761
PURG,2.0938930485850364
CCDC28B,4.199147990353751
FAAH2,-0.27026094285336466
SNX21,2.975459166351917
MAGED1,-1.2381260568022108
RSPH10B2,-0.5114152190258591
CLEC12A,-0.5921727460028152
LANCL2,-0.03625437683735165
SERAC1,-0.48657323276540815
PLAAT5,-0.6168062824800361
C19orf12,0.5485315928735857
ERMN,-0.17555767944410328
LSMEM1,-0.8034420644152105
LSMEM2,-0.7793602897388431
ST6GALNAC6,-0.5449474180430979
CAMKMT,-0.28393522520134906
WARS2,-0.22905827147232655
KLHL32,0.7137113631704455
DGLUCY,-0.7660124071393138
JHY,-0.9233738963745232
TEPSIN,-0.8602960323499008
C11orf45,0.23130883363730592
ARNT2,-0.9058891919397709
CRIP2,2.711860558434499
CAPNS2,1.1218515549111765
NBPF3,0.34803254319908006
NUDT16L1,-0.7696686842631646
PDE6H,5.075047036838123
BEND2,-0.18853726587871183
INIP,-0.5706508233652118
QPCTL,1.9968241616364688
NAA80,-0.4824060027764968
ZNF641,-0.6390576911432215
PLA2G4C,-0.6921020069577271
PLA2G4D,-0.5863200123027437
CHRFAM7A,0.5014569322236017
ROPN1L,-1.2168571175387204
NEO1,-0.989596187669327
RBPJL,1.8450099959387716
CAVIN4,-0.16847763342142022
CORIN,0.17426106488295456
PROSER2,-0.6385053868192985
MRRF,2.0080045496940673
MPV17L,-0.9405081594694816
BSND,-0.18168764226975487
TTLL6,-0.533304160242409
TCEANC,-0.6798667130653442
YPEL3,-0.7537586785219378
C11orf53,-0.6454218502154313
C11orf52,-0.11816708834267838
CLDN3,-0.7434433618484385
C6orf203,-0.40672051696738815
TRDMT1,-0.4657190564127016
NEIL1,-0.5780381458550369
NLRP2,-0.602521993949737
FILIP1,0.2982214845490593
ARL6IP6,1.535990194769695
CRACR2B,-0.5501823510225907
ZGRF1,4.516862326345579
PRKRIP1,-0.33996322355187353
MCU,0.7314475652818978
ADD2,-0.34896928169586067
EPB41L4A,-0.21512638599160194
LURAP1L,-0.24246968049869996
C7orf50,-1.3188576004076862
NXPE1,-0.38953829382001665
NXPE3,-0.1159848991540664
METTL8,-0.8852283638660584
ERVFRD-1,-0.23776935155041173
QPCT,0.5397814196633286
SMTNL2,-0.6930024680145362
MKNK1,-1.352030209731983
OLFM3,3.1526720122897647
CAPSL,-0.5130342397424557
CHURC1,-0.3720394758349735
MAP9,3.036283501035621
PRXL2A,-0.27922734455182635
FDX2,-1.0058712388327042
KIAA0825,1.9464305058176437
EP400P1,-0.6074309928499239
KCTD18,-0.2537741441682053
ZNF449,-0.4043475734400083
L3MBTL4,-0.5216883946287765
SERTM1,0.10958145972490431
SERF1A,-0.4697024871848159
AFAP1L2,2.7465476459915386
IGSF10,0.8521183469873236
CCDC107,-0.2972901604350797
C11orf71,-0.77676413480811
SPATS2,0.3827407107322201
TCEAL2,-0.3965921649864796
CHRNA7,2.8170739398447897
IFNA8,0.8106160008422423
IFNA2,2.6164300650796304
SLC48A1,-0.4423014871626911
OR2A42,-0.49669386056655407
C1orf174,-0.3717508432335183
LRP1B,0.06954027874033633
RAB3D,1.5718691848350714
ARMC7,-1.053699655026381
PLEKHG2,-0.1383078417971141
LIN7B,-0.7048896537287143
TAFA1,-0.2208795853858299
NEGR1,0.8571900618085376
DBNL,-1.2070517795532096
PKIB,-0.25021546101879233
SYT7,-0.6197479178978177
FAT3,0.45868186911791414
SYT10,-0.004509390414933867
LRRTM3,-0.5158259157487811
NLGN4Y,-0.4000762869313535
ARPP21,1.8152250821346758
KIAA1549L,-0.4775089804855819
ZNF804A,-0.30663268126132354
CBLN4,-0.47865260701816814
CADM2,-0.678870792651904
NLGN2,-0.5862762170749172
CNTNAP5,-0.5405500859834197
BAALC,2.4007814591693006
SHANK3,0.2615020781329477
ANKRD13B,-0.9336156093981508
NOL4,-0.2854140171849328
SLITRK5,-0.09220769294783218
SLITRK1,-0.43264556172336965
SOX14,1.375232316732269
KCNK12,0.11001000312426176
RIMS3,-0.14742053733139351
ADGRL3,-0.40377743923630033
FAM131B,2.6863029201518533
SYTL2,-0.4516384109284174
SYT4,-0.4348364834864138
CSRNP3,-0.3598701321866576
NXPH1,-0.6788696221613676
PCDH19,-0.2160982056589266
SDCBP2,-0.6052839091535727
SYTL3,-0.15782056468045275
PCLO,-0.3842217194670593
SNTG2,-0.5673828382424478
NSG2,-0.7694405742660384
GPR173,2.738083034505906
KIAA0408,-0.4612213575439415
FAM155A,-0.40432242582031525
KLHL4,-0.3251901216360296
KCTD16,-0.6522180458307093
SCN3B,-0.6204753288834244
ST18,0.4717957320493682
TENM4,-0.1450301385919495
OPALIN,-0.265775723400343
LRRC49,1.807143714950906
XYLT2,1.3867657806851161
INSL6,-0.35703343299740475
ACAD9,0.8004452126966765
CCDC65,-0.03792583552949576
C19orf48,-1.310390742280944
NR2C2AP,-1.0224262761074385
PPP1R35,-0.6151042380460638
ARSG,0.7174204519793689
MORN2,-0.039609813733987594
TEX43,-1.5970923060696514
TBC1D28,-1.3024103096380482
SPATA18,-0.7132063078428109
TMEM232,-1.0332381022757846
TMC1,-0.37460398195422123
ARMC3,-0.6449083094305903
NLRP13,-0.4201283841606197
NLRP9,-0.7493244310092944
NLRP8,-0.7519174376075045
STARD5,-0.3038136677177856
FRAT2,-0.589559837302182
AMER1,-0.7532918167855394
CIP2A,0.7472697631591445
NOSTRIN,-0.1910529812137811
AMER3,-0.4030625981940394
CGNL1,-0.3284894785437484
DVL1P1,5.133530754906942
MTFR1L,-0.5983943127218525
AGR3,-0.03065880360098934
CTTNBP2NL,-0.6918887008562018
TMOD1,-1.0285417400354833
SYNC,-0.780167836322809
CCDC88A,1.660015398453841
GLIS2,1.9036995776824979
TCHP,2.0018245212393304
KIAA1328,1.336207828218
PLEKHM3,-0.39440370263055624
NAP1L3,1.2975408230577743
C1GALT1,0.1100245728434358
NAV2,0.9912837671530146
KRT23,-1.1066135491206859
NCKAP5,-0.3908907492574054
SCAPER,0.0910783038161653
SYNE1,-0.0760128328155442
WNT16,1.3389824835129291
AMER2,-0.5974191358477331
TMEM179B,-0.5769417079811907
PQLC3,-0.4697313999843074
TMEM107,1.924831795295123
TM4SF18,-0.5650045237501928
FUCA2,0.04683538903274049
MTRR,-0.4686008722088456
PIGM,0.28225453781509596
GRPEL2,-0.9165053738840714
STARD9,1.3334161415783257
ARMC10,0.6695152021101434
CBR3,1.2382876819691233
VKORC1L1,1.1160934654508254
MREG,-0.6934483769175592
C16orf96,-1.4567503978506577
NETO2,-1.1864558148915063
GAS2L3,-0.5170549486814849
STK19B,0.8446835551939774
C12orf45,-1.0827867430939226
AL669918.1,1.3106172562165863
C17orf75,2.3127374383224013
ELOVL6,1.6143021438727745
LTO1,-0.28664803747935697
NOA1,1.8885254247799494
COQ2,0.3517383841259399
CLCC1,-0.5326961306056992
C5orf51,-0.21748550867160524
COQ8A,1.7697779468010941
QRSL1,-0.719851231020249
TRUB2,-0.5400032575223779
MT-ND6,-0.5094725374972285
PIGH,-0.9690292758728841
LYRM2,-1.1036441006084057
CPT2,-0.6134874073178014
LYPLAL1,-0.46217228260772647
THNSL2,0.004829596173597366
ZCRB1,-0.3197675789297692
PCCA,-0.45385044111669287
AC034102.2,0.5665108028384853
NUDT3,-0.7187584140417812
LIPF,-0.011832518711307522
DHDH,-0.598171528635536
SLC5A12,-0.7143574883545714
TMEM92,-0.6349832357512517
HES2,-0.4210933621923637
SLC6A19,-0.5938977526898981
SLC23A3,-0.7430474555371419
EPPK1,-1.2850033920795418
ZNF511,-1.0467900887770007
AARSD1,-1.1401355432884666
PPP1R14B,-1.2636881189256954
TMEM141,-1.0174739592989799
MCRIP2,-1.0909620071585704
TIMM22,-0.9274053313313725
MIEN1,-1.3163693362703883
COQ4,-1.0760914688170287
SLC35A4,-0.12680381807940383
CAND2,-0.7335204593349225
SLC25A39,-1.1806487888274633
NPPC,-0.3411774909006081
UNC5CL,2.515291333038709
MEAK7,-0.21696865650012515
RFFL,-0.7814519563970033
NRK,-0.6580142052670322
GSDMD,-1.3889826540031107
UNC5A,0.11153007807705305
CASP12,-0.4933288331164435
TICAM1,-1.398494469777513
ANKDD1A,0.643515709710379
PCSK6,2.4341593435189672
BICC1,-0.4968250285114608
CYB5D2,-0.13413770956902707
KLHL36,-0.6598356376348804
PCDHB15,-0.2917685582652317
ZNF398,1.2126904480527798
KLHL23,-1.0221226998738175
STRBP,-1.2547067981200228
ZBTB34,0.857545192119308
FAM117B,-0.2729210773953223
C16orf87,-0.7414561512031457
NKX2-4,1.5044328941980778
C2orf69,0.33615370024508545
TAF5L,0.5430169971118581
FAM217B,-0.7699851819712485
RGS12,1.779729802310966
ABHD14A-ACY1,-0.9027709660635962
PDP2,-0.3847283243054768
ZFP57,-0.45917617992800075
RANBP17,-0.4319362327394777
MRPL54,-1.3305544854446834
TRAPPC3L,-0.06467392054448425
MCEMP1,-0.8511509976574724
TPCN2,2.1281305884488804
BCL2L14,0.8861943863330634
STXBP5,-0.8058668141281679
LGI3,-0.3790889058955145
KCNAB2,1.3543626843190624
SASH1,-0.10993305159615466
ARHGEF9,0.07213107479744252
MEX3D,-0.7068418023393381
UBASH3B,-1.020114528465655
DOCK3,-0.48258528758491814
RASAL3,-0.7885271995404197
TSGA10IP,-1.2780147052409794
SOBP,-0.5263328630278044
CCDC187,-0.963557808811141
PCDHB14,-0.7336496077472049
NUDT18,-0.7830428369694468
BAHD1,-1.166677103246115
GGACT,-0.4682811692768035
COA1,0.46471196123774244
RASSF10,-0.9928040302267651
GGT6,-0.4563872528533878
OPLAH,1.0219824493581773
GGT7,-0.8739452309989715
NLRP12,0.15720174406198467
NLRP4,-0.715889217815707
NOD1,-1.0693086389151911
PYDC2,-0.708757631464138
PTGES3L-AARSD1,-0.992806745736699
FRG1BP,0.3325903162714944
STAC2,3.064585131694688
CPNE9,0.6521247052232106
AGBL3,0.7210170683227035
ATXN1L,-0.4737263426055866
KCNE2,-0.05431953004880581
GTPBP10,1.6709952533277184
DNAJC24,1.5011295099523252
ZCCHC7,-0.8412387467871107
RNF169,-0.7445505390057394
OR4D2,-0.29749801725773134
ABRA,-0.29214757083842374
ZP1,-0.38170816871615315
POF1B,-0.8298503844203101
AC011462.1,-0.7483015616444959
USP17L11,-0.7970610982258298
USP17L5,-0.8498011937280358
USP17L22,-0.7970610982258298
USP17L20,-0.7970610982258298
USP17L21,-0.7970610982258298
USP17L17,-0.7970610982258297
USP17L15,-0.7970610982258298
USP17L12,-0.7970610982258298
USP17L10,-0.7970610982258298
USP17L19,-0.7970610982258298
USP17L18,-0.7970610982258298
ESPN,-1.0216666983167098
FHDC1,-0.5321987486358492
FMN1,2.267179515739139
FMN2,-0.6068115150265824
LSS,1.7458855869376884
FHOD3,-0.4547049134387254
ZDHHC5,0.7219879253396003
ARHGAP42,-0.42789623766301726
PXK,-0.6615190797489104
WHAMM,-0.8617202721725078
GRID2IP,-0.23862742239771476
PACS2,-0.751086137256052
WIPF3,-0.9126958362533976
RAB11FIP1,-0.20720609546564533
ZIK1,0.3351628159169287
ZNF800,-1.1717625213943712
ZNF736,0.0566681139025962
AMIGO1,-0.5513305293451247
TEN1,0.12905689391564373
MSL3P1,-1.2413645314881696
ASPHD1,-0.3397604326993469
PNMA3,0.3623848754379921
DPYSL5,-0.542177792661218
SEZ6L2,-0.5253978823522777
DEF8,-0.9915213588828684
AMDHD1,-0.5545868002313505
AMDHD2,-0.9815903395740849
LGALS7,0.7753127535359771
PLXNA4,-0.30808662246955354
AC011455.3,-0.20018614842250168
CSGALNACT1,0.04862839689746635
CD109,-0.29669141154284306
ST3GAL5,-0.7240075558238745
FADS1,2.20896691159638
OTUD6A,0.358786302095069
PRUNE2,1.288234305851391
NCBP2AS2,-0.060161119530661736
LCE3B,-0.9613052510988491
VSTM4,-0.18077508627185188
ANKRD30B,-0.5560180077455994
EMP2,-0.3944958846420112
MT-RNR2,0.10759910254660622
GALNT14,-0.47117780449170427
C8orf4,-0.16990648410712222
TTC9B,-0.11873429694695357
ZNF784,-0.6822446934734621
TMEM108,-0.6486474749568957
MDGA1,-0.5875612861823949
PANK2,-0.3944067798522952
PLEKHA5,1.5227079518831703
TBC1D25,-0.5301982475357782
DUSP15,0.7439996487777139
NOTUM,-0.10504035025617972
SSUH2,-0.5505386415124744
IGDCC3,-0.504276005338574
SUSD5,0.40100656233992654
FMR1NB,-0.08811603971927517
LRRC45,-0.29086155246708045
DNLZ,-1.0203163492674503
OTULIN,-0.5473431605149119
NEXN,-0.8055799117563779
LRRC24,1.6009869089484443
TMSB4X,-1.1822972326839722
OVGP1,0.7520035082085815
NYNRIN,-0.3922794783552993
KAZALD1,0.855628769079814
SLC41A2,0.4515870951843559
SLC16A4,1.7394068059168162
GSTM3,0.3357401991691672
LDLRAD1,-0.9709216434687291
MS4A3,-0.7567359699481859
SPAG4,-0.763285213941917
TCF21,0.14675194846207198
LMBR1L,-1.0627488755166834
ORC1,-1.149312347102513
CKS1BP7,-1.793169235921874
KLHL13,-1.0286004507024076
SIRT4,-0.8848033087036986
DCUN1D3,-0.5169312484192057
BTBD9,-0.9043604647013423
LRRC58,-0.18049165247502502
MRGPRG,-0.23435502835799724
ATP23,-0.6599557978780008
CCDC167,-0.9034260125139227
CMC1,0.3600669345026865
ZSCAN9,-0.8593541477633156
GJC3,-0.1650749134471917
GJA9,-0.15585498907393014
GJD4,-0.16162842733387284
CNST,-0.6831944179116335
FN3K,1.1607291354848062
GJA8,0.18740848011818548
KREMEN2,2.2666802671842765
BFSP2,-0.10579458024037823
CLEC14A,-0.11916230464041536
ZP3,-0.22850655513002247
CCDC3,0.030009994293690907
PHF20,-0.22600927590217307
DLL4,1.1937849549305914
IL1RL2,-0.7259410994856551
KRT12,1.159249352232795
FCRL1,-0.9104963406853179
CEACAM19,-0.5166098131088871
ARRDC2,-0.48733633658059183
PRSS56,1.752314265908743
SNX14,0.9542827590183959
PMS2P5,-0.49021331789162015
OR4D1,-0.4789659779305334
ZNF397,-1.1401108154995072
KDM4C,-1.4674721068132297
KDM4D,-0.8422366723599656
FAM13A,0.7400936519493648
JMJD7,-0.8087118765188029
RFPL4B,-0.4780647189173023
GPATCH2,0.8586351244052871
AGAP4,-1.1579432489291548
ZMAT1,-0.5340958561066385
CBX2,1.5908934801996195
RASSF6,-0.43129281705816513
ETV2,-0.390027423021624
ZBED8,1.485338401171721
LRMDA,-0.4713568040898208
DNAH17,0.42128361716785157
GPR22,-0.32694190635438625
CHRNA10,1.0721118855975114
AMELY,0.957067821979826
CSMD1,-0.36446394121790476
LY6H,-0.3089224598560072
ST6GALNAC5,0.2477035536157126
CALY,-0.16376291779870905
ARPIN,3.5032269316977205
NATD1,-0.5292598364675327
FSBP,-0.9500860969963223
AP5B1,-0.19463641787815864
TEFM,0.778630023519378
MIGA2,0.4732534963400141
PALM2,0.037734072721971886
ENOX1,-0.40957952978686785
NUDT14,-0.495608093627939
PNPLA1,0.3658784791688559
TP53RK,-0.5255080236319113
TMEM203,0.016571840754129347
DPP9,-0.39654196225387417
EBPL,0.7586022943994786
DHDDS,11.410017791842082
C9orf64,0.2062315723652374
ANKRD40,1.169866586152251
MLXIPL,-0.1139725176262764
TMC4,0.6144337978888741
SCGB1D4,1.3192910982891985
NPNT,0.7697833648843253
PNLIPRP1,0.23453681488840736
TMC2,-0.12115932106315028
ARHGAP27,0.13543844733666902
TMC3,-0.12439902292682244
FAM53B,-1.0360862730430462
TMC7,-0.0997111492284403
TMC5,0.58087759783186
ZBTB25,-0.7185373259008063
TMEM38B,-0.30007173080684085
CFAP206,-0.0017581539043569408
OCIAD1,0.785456712053042
TECTB,-0.3870938982931981
RTL3,-0.8404853849401561
TMEM200A,-0.2596115594696884
CA14,0.19346517149214484
OPN3,1.6519803629957066
SGF29,-1.3040295032707994
MAGEA6,-1.1475689347311129
SDR39U1,-0.6466319437677055
AL162231.3,-0.1477424027557953
MFSD4B,-0.1253199265854957
B3GALNT2,-0.22408857470858384
SCFD2,-0.5128390258163888
EEF2K,-0.7577352856493033
BHLHA15,-0.6695893158767106
CLEC3A,1.5337127724825228
PGAM5,-0.3883274141693556
EPM2A,0.27823595866100687
FOXR2,0.5822937750420272
TRIML2,-0.6119533551523911
AKAP7,1.8745680317640814
AKAP2,-0.6132602127327698
CNGA2,2.9026048794782957
LOC653513,-0.18152933046086114
EIF4E1B,-0.1756893382741373
PDE4A,1.8234619649519042
PALM2-AKAP2,-0.40308825953414984
CCDC61,2.4490506827452583
WDR92,0.2034870907934787
PDE4DIP,-0.4889742030047295
ZG16B,1.685992163268397
SLC2A5,1.1298922989210083
CRYBG3,-0.07031551056263083
MAATS1,0.11916808691953476
C2orf88,-0.2792650029014559
SSX2,-0.13422602610627268
AMY1C,-0.7686447869619905
AMY1B,-0.8676525208175703
FAM49A,-1.1192287665392293
TUSC3,-0.7689727288722533
LDHD,1.3574086453998921
ARRDC5,0.3142890466334887
CAVIN2,0.7832341715237183
PIK3IP1,-1.0607577463209061
TP53INP1,-0.4003113047892753
FAM91A1,-0.5386029580734574
GRHL1,-0.9336176700367541
MAB21L4,-0.7968689422450798
GALNTL6,-0.5670545188432188
GALNT3,0.544176187970277
GALNT16,-0.6181016835399321
GALNT13,-0.48981965267468924
RIBC2,-0.8493127582795701
HEATR5B,-1.0651925511403737
GTF2IRD2,-0.6291687255411791
GET4,-0.836512396048824
TRIM43,-0.6077125334594782
HUS1B,-0.4487095458888862
AGBL2,-0.20109765635208535
FAM57B,0.498656836480775
RGPD6,-0.5013257487194968
FYB2,-0.3744685380488478
MMP15,0.20633834037786236
TRAF3IP2,-0.9931237126096667
AFMID,-0.3414792514437057
NUDT12,1.9236512584884589
CLCN6,1.9488710317393054
WDFY1,2.0448402150814107
C11orf74,3.6250603340528693
LMF1,1.014548586773386
NRSN2,-0.7532873407698907
RGS20,-0.846858925787223
TUSC2,-0.5124847294755592
TMEM185B,-0.03917836402279008
TMEM79,-0.4598227282795688
TMEM128,1.7607448260844718
TMEM69,0.13757959629421868
BORCS7,-0.5979320922551925
ABRACL,-0.39418850548161954
SLC35G2,0.8006652119269821
C3orf14,0.10921774592036054
CLN8,-0.051108093843202355
THAP10,2.2006083234637845
SMYD2,-1.0636034229672038
CENPS-CORT,-0.8159975820265905
ZFP62,1.8279993232358318
PPP1R26,-0.4957520879505259
POLN,-0.7002456143733875
PEX12,1.2156234838027997
NACC2,-0.6365214098156802
PRDM7,-0.7341175417866912
DBNDD2,0.3645505990608267
ST6GALNAC1,-0.7488632262619309
SCRT1,1.0518004099191787
C6orf47,-0.1966794335409466
CSMD3,0.0006046682402636622
MMRN1,0.6299880670653182
FRMD3,-0.6064334076576801
FOXD4,0.4967301698050411
NLRP14,-0.9335293657843898
RHEX,-0.06310925747174136
FOXD4L4,-0.5538506386612191
FOXD4L5,-0.27300386276238936
FOXD4L1,-0.9590817083940902
FOXD4L3,-0.995550276128901
HBQ1,0.45921031819946495
RHD,0.7204842798683809
CFAP45,-0.4408603463395325
RSPH4A,-0.25389291120299134
CFAP126,-0.4231499376072753
C7orf57,-0.4129792518616844
VMO1,-0.6674727438650023
PPIL6,-0.3719610888812032
TPPP3,-0.476384031112704
CFAP157,-0.48644842669978955
CCDC153,-0.8455753642783832
MORN4,-0.6600242515341218
CABCOCO1,-0.021680862220797206
CCDC170,-0.38591513063172705
NME9,-0.4873670718267476
RAD52,-1.4306467002023742
IGHV3-9,-1.2187238970510024
CLSTN2,-0.5315002532761146
AC105001.2,0.41766925984565273
ZNF396,-0.3380244751892884
LRRC43,1.1838410758703446
PGBD1,-0.6121519552774096
ZBED9,-0.43611830984313477
PROSER3,-0.317483936735005
ZNF174,-1.014191120641438
ZSCAN30,-0.7984274987191317
TXLNB,-0.9253054308617991
KRTAP5-9,-0.8746793322365136
C1QL3,-0.503296017894782
GPR158,-0.30213266611814743
NRSN1,-0.7915826847569966
TMEM151A,-0.5471767075905846
CREG2,-0.6399833228063598
HEPACAM,-0.4761685419328775
PLD4,-0.47400394522569556
QSOX2,-0.028359993565641787
PNPLA3,1.036133373398742
PNPLA5,0.10278345312758369
DRAM2,-0.7133412211892314
PAFAH2,-0.7045904137237571
AWAT2,2.4434017688540717
LPCAT4,-0.8708426896166335
LPCAT2,-0.6304500907612312
LPCAT3,-0.4619500702774005
NECAB2,1.0191913539312654
HSD17B13,2.0750663461783883
APOA5,-1.036984891485681
GBP7,-0.8537705605535533
SLC25A47,-0.7378291387567337
SERPINA11,-0.6139976231362442
PGLYRP2,-0.7776932727962491
SLC13A5,-1.022154695655769
OIT3,-0.8035710872157227
RTP3,-0.5213920838109004
PLGLB2,-0.6697792847200901
EXOC6B,-0.31694846453588776
ACOT12,1.038608910184422
SLC27A5,1.7322033675670006
CLCN4,0.3673890989918452
CLIC2,-0.014012497902923986
TP53I11,-0.58320626548691
SERINC2,-0.19356653691642176
PHACTR3,-0.45830254507668255
AADACL4,0.05019210423264887
C1orf122,-0.921615201575715
RTL9,0.5763873301224938
WSCD1,0.11973353227011395
ACOT2,-0.5488959592812388
PSG5,-0.22179636058999472
SHISA7,0.37879162921342185
CBLN2,-0.43808195154246743
AADACL3,-0.016557376269657975
TCAF2,-0.30876822092397244
TMEM39A,-0.6133759300581055
TSBP1,-0.11621730957213366
PRAMEF10,0.47755499929148076
AKR1C4,-0.5916374404046651
EXD2,-0.9686697364790955
KRTAP4-9,-0.25587331215323833
GSDMC,-1.209449695197327
KRTAP1-4,-0.5938763733726063
LCE1F,-1.0570342355659101
KRTAP4-1,-0.6539419948181062
KRTAP9-1,-0.6684781570549115
KRTAP4-3,-0.49089348617347667
KRTAP4-6,-0.4803179968026833
TMEM190,-0.6928766535318316
NKD1,-0.3297286044232837
KRTAP5-8,-0.9973899448736749
LCE2A,-0.9773955092760255
VWC2,-0.12046959594221572
KRTAP4-8,-0.6130465483198833
KRT74,-0.7795554400898441
KRTAP9-9,-0.843759825073845
UPK3B,-0.5556471870731099
KHDC3L,-0.469305735443822
AC002310.5,-0.7448061350437158
NTF4,2.2891553195040544
NKAIN2,0.10780641339833512
PLK5,-0.46787703568298844
PLXNB3,-0.27437176045458245
TENM1,-0.12349599045759065
ANKRD66,-1.0064979406935195
MRPL55,-1.4721340677060406
RPP21,-1.5745793324121726
ABI3,-1.064182344462541
NOMO3,-0.25593067548382337
SLC52A2,-0.420609604965879
ADPRHL2,-0.682643712104179
B3GAT2,0.7261799595618175
KLRC2,-1.1027622147638947
TTC38,-0.3379462070651514
CLEC4G,-0.37773967071294934
MROH5,-1.1577576926539626
TMEM176B,-0.7586501297108919
REG3G,-0.5360295736832386
MMD2,-0.19159684172080205
ETV7,-0.4325920516132552
ADAM33,0.7185275806995859
TMEM86B,-0.37007691996101694
TMPPE,-0.013993826667312277
TMEM140,-0.2914956048223545
SLC43A1,-0.850759221938886
TMEM144,-0.13628824971220285
PAQR8,3.5124946648264235
BCAS1,-0.6427930087304412
PLEKHH1,-0.6659643457570917
PAQR6,0.3114513588397743
ANP32C,-0.5076569435885303
ZNF781,-0.10858915753067232
ZNF695,0.41238209571072915
SLC50A1,-0.3798801883416948
PHTF1,2.2318357718568658
DUSP16,0.7100260284748166
IDS,-0.08012609049008895
AC067968.1,1.0823257480820787
GSC2,0.3564800220856444
CRYBA1,2.943745956374024
IL17C,-0.3440864483482618
ZNF81,2.567019369713169
MRPL45,-1.2394538852661963
NFXL1,-0.5187780476963637
SPIDR,-1.0797607414185793
BEST2,3.8863066169076554
NPVF,-0.281488996815551
DUSP9,1.7590723210800174
PCDHA10,-0.20503522189013046
TIGD4,-0.7037499773886956
PLEKHF1,-0.4724849041315988
DHRS13,1.4467061609414567
CCDC89,-1.2154681442347908
TPTE2,-0.8684556330996539
OR52I1,-0.31609603047979296
RNF180,-0.15027999928984354
SOWAHA,0.9744016818502762
ZSWIM5,-0.017892091930686915
ABHD17C,-0.4403600896160699
FAM110C,-0.41557712879613373
SMYD1,-1.0473623596759152
SOWAHD,2.6922266332511993
FAM111A,-0.03649152634065685
PLEKHA8,-0.3874585102555707
C5orf34,2.16985645870095
PAQR4,0.06882055722859762
CHRNA5,-0.6663739306952654
NCR3LG1,-0.5524460170116432
PARP14,-0.17803555964678677
IL15RA,-0.9104988251986872
IFI44L,-0.33153753078404535
POTEF,-0.743872015464847
FCGR1B,-0.7773649428396574
SLC25A16,0.9442225054342743
CCL8,0.06864073273815659
KLRG2,0.1234043478702597
GXYLT2,-0.3449771567036809
TMEM246,0.4364578400995768
FAM210A,-0.21892387527849322
AL645941.2,-0.8518239354109354
GBP3,-1.0437123117816636
GBP4,-1.2362821400277195
TMEM201,-0.5489764049620894
TRBV12-3,-0.8989716207905213
TYW5,-0.8916770818499988
SERPINB6,-0.8165652546224238
OTULINL,-0.5022148251710201
PTPRS,0.09674165496366789
COMMD7,-0.1722414421804431
COMMD5,-0.3961952649335247
MRFAP1,-0.7905723181021213
WBP2NL,-1.1655663279665323
SIMC1,-0.20484157170438635
FER1L6,2.464149571836721
PCDHA9,-0.3180040537043663
LONP2,-0.5114978324313275
MLYCD,-0.5849368358627871
PCDHA2,-0.548254127102372
PCDHGB5,1.4894975941516948
CA5B,0.38800963973124525
STK36,-0.5358446630441293
TIGD7,-0.30810696939695204
CT55,-0.30340751554148115
SYNM,-0.5717981363640788
FGD2,-0.8830259557442524
FAM167B,-1.2023423891762175
ZXDB,0.9892580001240294
RIMKLB,-0.06909556825711459
ZFHX3,-0.8426467311115658
ZFHX2,-0.19012667632539904
PSMG4,0.6244073814959591
GSTT1,1.01799887449881
RNU11,1.7214330210938886
RNU12-2P,1.925033311407463
LSM10,-0.7478219832938401
SNRNP48,1.044849008462299
SYNPO2,-0.3647385593529935
FRAS1,0.8885603944072556
SYNDIG1,-0.2595937422075308
SLC35F3,0.33042914789379435
MTFP1,-0.8559594994752915
C19orf25,0.7591304056215917
INSYN1,-0.7292126213290687
COPS9,-0.8461540018048068
BORCS6,-0.24611470742062863
LIN9,-0.8705108172220379
LIN37,-1.2244623503125458
ZFP30,0.6828366666736227
KLRC4,-0.8755338409961213
LIN52,-0.8963989492981154
MRVI1,0.08914829555126551
HSP90AA4P,-0.5342991922040603
SLC14A1,-0.7432286902214137
BCL2L12,-1.0913288828565415
SLC35F5,-0.8381046897071598
PAFAH1B2,-0.7911898031559405
PLEKHA2,-0.6241488982741554
LACC1,-0.4973519692962914
NOXRED1,-1.0381462831598036
PRDM15,-0.873732035726349
SLC25A17,1.9967980360706046
CDADC1,-0.7862107614245976
RAD9B,-1.343206773585828
CCDC34,-0.8919087834160555
RHNO1,-1.2917371600928407
FAM222B,-1.1435425103404495
MSRB3,1.738051733883527
GLYCTK,-1.005807138724691
FNDC4,-0.5612207747925043
EIF4EBP2,2.4439274390678456
TCP10L2,0.04020504857610193
SIPA1L3,-0.7295649052242696
SPEF1,0.29695761767221984
OTOR,1.404383870238025
CFAP46,-0.4305871189072121
TRA,-0.7726103429759925
TBC1D2B,-0.06519895187213139
OLIG3,-0.8814191255837891
PEAR1,0.30929032982032456
HSFX1,0.8629652355218472
FAM78A,-0.608754211888708
SHISAL2A,-0.7664630474976285
NFAM1,-0.4606999350927326
CARD11,-1.0346362061337002
SHC4,0.5111695001369497
CLNK,-0.9331722180557552
KIR3DL3,-0.9384005636807886
PRRT2,1.9880630659344094
ZNF853,-0.06343293562629107
PTPN20,0.8174785229295094
DUSP18,0.9659938946149851
GPR75-ASB3,-1.000775733411571
LGSN,-0.4661197410633513
DMRTA1,-0.5798937386509849
TMEM233,-0.20301945306736244
MFSD6,2.4453978624083907
SLC41A1,3.818568009273939
PRDM6,-0.8581075047620851
IFITM10,-0.2160015160030286
AC068533.4,-0.42859119116352734
LSM14B,-0.7138910392725423
SH3D21,1.1109575050325446
OTUD7B,-0.571000889974186
TNFAIP1,-0.834156669649873
C2orf68,-0.45614918687874895
KCTD1,-0.46857995391688995
RBMY1F,0.44853412466921405
SHROOM3,-0.14836668451576937
RBM45,1.2017694035441848
GOLGA8F,-0.42148175695153256
FAM120C,-0.7176672197631964
EIF2D,-1.0868808036817332
KIF21A,-0.35658114842288846
DEPDC7,-0.09217858534960119
ISY1-RAB43,1.5018022739413253
HNRNPLL,-1.105921558368805
MYO15B,0.780891333887655
MED12L,-0.4248332166315435
SFR1,-0.4055722062381889
TNKS1BP1,-0.9871470081753371
GOLGA8EP,-0.6158046404473205
ZNHIT3,-0.7812829699103141
MAGEE2,-0.020458210303470028
LENG9,0.39494857277622725
PSTPIP2,-0.6663659209860063
SNX12,1.6832158189587216
SPATA5,-0.5305823849289059
RPL9P7,9.110253706002855
ARHGEF19,1.6582415395819163
SCGB2B2,1.231280246612324
ABLIM3,-0.06443486779297133
STARD8,0.9718673114934658
ZDHHC8,-0.56873926379445
SRGAP1,-0.6211860046618812
PLEKHG5,-0.2297253372429132
NGEF,-0.7098926007298766
ABLIM2,-0.5270842357748241
FGD3,-0.552984068558693
IQGAP3,-0.43567346176623367
ARHGAP40,0.460808302652347
ARHGAP31,-0.13441126181410898
ARHGAP36,-0.3554060802247414
ARHGAP39,-0.37231241066952764
RBM41,0.21688114214035562
ARHGEF35,0.08254060872169715
ARHGAP8,1.493974704434
ARHGAP4,-0.38624614883198577
ARHGEF37,0.21326616553029135
ZDHHC22,-0.8459002331019125
ARHGAP23,0.1112288767543111
ARHGAP20,-0.030882976423427768
ELMO3,-1.087621777561957
PPP1R12B,-0.672864488662861
SYDE2,0.16082582262919612
ARHGAP11B,-0.22161274695233094
ARHGEF26,-0.25283907724525145
TBC1D3F,-0.1396204724432419
FARP2,-0.2435234330883615
AKIP1,-0.7823231276899106
CDC42BPG,-0.46685477774408396
FGF10,0.5071905141599131
SNX31,-0.39808984737400765
HPS4,2.4619670986975937
NOXO1,-0.3832255819927864
EFNA4,0.21750612305591013
INTU,0.3827930948294634
DNAJC5,0.25082427634883336
FOCAD,-0.5550574647382359
PFN3,-0.15763763713824414
SLC16A5,-0.3154872916686723
KIAA1217,-0.8600891049536551
PKIG,-0.25318608528601855
TVP23C,-0.3166955666899759
KBTBD4,-0.09682904089161261
ZNF28,0.5707711412260177
LOC81691,-0.6034723572630074
DCAF8,-0.6919431313752815
AKR1B15,-0.5103197798675831
GSTT2B,0.7942611986524843
KATNAL2,1.1887961397413007
AC026464.4,1.6685789021280273
ZNF778,-0.03555572956206096
RHBDD1,-0.79211516825082
FAM104A,-0.3675598032760455
TMEM129,-0.8688330975417032
AKR1E2,-0.6048939526183396
UBQLNL,-1.8362297893095725
AKR1C1,0.7231309244083796
AKR1C2,0.5952062599387357
AC010132.3,0.11924558023118545
CPLX3,1.7917959509407437
CPLX4,2.2495260255914835
PARP10,-0.7911392565910605
USP9Y,-1.0282919989300299
ABCB11,1.2612612105868732
GRIP2,-0.39233492100873946
EVI5L,-0.8060527774071297
C3orf67,-1.4853174680423202
C5orf52,-1.3634203156803442
STRIP1,1.2643608667428008
VCX,-0.8723182591464699
PAGE2,-0.20502802475198958
WEE2,-0.35780394907299606
ANKK1,0.20208478153603118
FPGT-TNNI3K,-0.7947808237084457
ADGRA1,0.4900148429545796
MYLK4,-0.8925171788550194
AC005833.1,-0.24738996130167934
MEIS3P1,-0.1655120871768353
AC004080.3,-0.7216053784383032
CCM2L,-0.009024173833809638
CLCNKA,0.5266986610884054
MKX,-0.5382943310444418
POTEI,-0.5826192567939594
KATNAL1,-0.42532559280458293
PPT2,0.8359033789781051
CCDC88B,-0.7991085376178851
ZCWPW2,-0.19772897321053018
CENPBD1,-0.7150225362819995
KRBA1,0.42870700699075137
NKX2-6,0.199559450344039
TMEM196,-0.816220198734049
C1orf21,-0.26440543458116195
FAM151B,-0.32827678518863346
EMX2,-0.2453752903455291
PEX11A,-0.5850616221064275
NKX2-3,-0.20923534813582056
EIF1AD,0.9478240872668082
KRTAP3-3,-0.7146893132630987
SLC26A3,0.5561571829441698
EIF4EBP3,-0.36254000379983936
SDR9C7,2.3481507630017435
GDPD3,-0.5598709343751175
PYURF,-0.34161715953136035
NEK10,-0.6014074611214616
HLA-F-AS1,-0.9641093432069082
SMIM14,-0.3224732571172418
TMEM19,-0.23057678739518594
ALPK1,-1.0871557494667483
KCNH6,1.1966250886196532
PUS3,-0.3615549380390365
NSUN5P2,-0.7604755268744828
SLC25A26,-0.5514367068464928
RAB11FIP4,-0.3121068121567807
CCDC7,-0.9099655654303513
LRRC31,-0.30800803754319867
LGALS7B,-0.13115735074455193
CDK5RAP3,-0.8316257257852772
SPATC1,-0.4871897226828003
ANKRD24,-0.2987410339591313
TCP11X2,0.22502584935110392
PNCK,-0.037040670403052915
PRAMEF5,-0.5478895401358298
PRAMEF4,0.23921482798855875
PRAMEF15,-0.5932075612804771
NHLRC1,-0.45316902561473144
ZP4,-0.36713351196172633
LRRC23,-0.1630960347990371
RDH11,2.5651245195907197
PPM1J,-1.1642506939011539
SPATA9,-1.4981322133304673
PRAMEF1,0.24917166712738684
PRAMEF2,2.4452001464510333
FAM71F2,0.9070457959779296
MYORG,-0.6928688385552466
UGT3A2,-0.6487293463199594
ST3GAL4,-0.8410142918360287
TONSL,0.9534007536087874
PXYLP1,0.3432581170090347
TPST2,-0.5946450373271105
DISP1,0.15597351149403507
FUT11,-0.5639747705819876
DISP2,0.45322201164995946
DNAJC15,-0.977935363244733
TOMM20L,-0.7192740894605035
MTIF3,0.5999963417439624
THEM6,-0.13336340677726785
MTG2,2.497198775523113
AC139530.2,-1.1731377898242
MRPS21,-1.203093682509463
ALDH1L2,-0.7975109189460764
SLC30A2,-0.7147110200049079
TRARG1,-0.2739875907752483
SLC27A6,2.20646565764597
SLC27A3,1.9484267343266577
CPT1C,0.5294988721011749
PNLIPRP3,-0.20520747676941323
SLC35E2B,-0.726972185423864
SETDB2,0.33549934418139843
AFTPH,-0.9908759231945917
SAPCD1,-0.5902137760948589
TSEN54,-1.0037908784343554
C11orf80,1.198236398631092
KMT5C,-0.7565496082180072
STRA8,-0.29218159222948215
HES6,-0.5935614039895188
HIST2H3PS2,-0.4222168033148059
ZSCAN23,-0.6121200516782193
SH2D4A,-0.9479414774022055
CCDC71,1.626857658601972
RDH10,2.536680654931896
LINC00908,0.36695444697705887
TMEM159,-0.49090957891753983
GPR34,-0.848404399591688
RRNAD1,1.0207362478379352
WDR13,-0.42503449484441735
ZNHIT2,-0.3376443345976896
GPC2,0.1862177261628372
SSBP4,-0.4760397702470305
UGT2A3,-0.3176461669823606
UGT1A8,-0.5060065838742444
UGT1A9,-0.5153772499938345
UGT1A5,-0.3704567082104442
UGT1A4,-0.3936279644135792
UGT1A7,-0.3879460885872522
UGT1A1,-0.5194156793135944
UGT1A6,-0.5647359111546087
UGT1A3,-0.320996360965163
UGT2B17,-0.5032493780834635
UGT2B10,-0.1204384064985073
MGAT5B,-0.7932915584854976
RGS8,2.2164575473899135
XYLT1,0.05847138458816083
UGT2B28,-0.5357448484814081
VXN,0.5177385708879512
ACP7,-0.22037321600903587
TTYH2,2.9314154068129823
PTRHD1,-0.7673123471711621
RNASEH2C,-0.8125652886138348
PDRG1,-0.6376859460845723
CECR2,-0.7803985161960372
GUCA1C,2.3112939926400315
CKMT1A,1.2523971006189043
CKMT1B,0.825432201022972
TRPV3,1.2872280933043865
PHKA1,-0.33831879816609284
EFHD1,0.05222779040730716
ASIC3,1.5213686905375432
IQCG,0.27524866804679465
IQCE,0.8831260430894798
UNC79,2.1426730320689122
MYH3,0.6373493445879728
FGF11,1.3631964688457325
ARL6,3.4792322003626204
TRPM5,2.9708785665124537
C11orf65,-0.31857951792331635
OCM,-0.0987108612587833
TRNAU1AP,-0.6765158880777776
LIPK,-0.49108263295306476
NDRG3,-0.6107571568547816
PDE5A,2.9415420465625
CTIF,-0.8831541429640685
FLACC1,1.1808047298980227
LOC102724652,0.4433016916265877
FAM86C1,-0.5310748794225043
C10orf82,-0.45645763682301727
SLC35E3,-0.6105549990517184
KCNH7,0.9785874346449329
SLC22A15,-0.18665635439389872
C4orf3,-0.6731473862287014
SNPH,-0.5981571304638087
STXBP4,-0.5833449000293784
PPP1R3F,-0.30607646095201047
PPP1R3E,-0.5041894787863573
PPP1R3B,-0.5223692350206247
NAPSB,-1.004424394442317
C1orf210,-0.3416160002956777
MAP6,-0.2693223506718916
GSDMA,-0.2132703287365764
PJVK,-1.1041200725410094
EBLN2,-1.1279665619220853
FAM83C,-0.6375942752174983
EVPLL,-0.4974687211408797
TMEM56,0.7772014371094993
C1orf68,1.7394881213444917
TMEM223,-0.6310328826306377
TSPAN14,4.1877931616966295
NAT14,0.06579154688657153
SLC15A4,2.323946416245973
GPR89A,-0.18303195802109942
STUM,0.1032100361976144
TSPAN2,1.8351034773883022
TSPAN32,3.6307288394845103
TSPAN33,0.9374434931636297
POMT1,-0.3739037713376121
DHRS9,1.984466999801674
CXCL17,0.0340238436258225
TMEM91,-0.2258276922618077
KLRC1,-1.0530115431810738
IFNA6,1.4997292189007339
C6orf136,-0.6787261922089175
C1orf226,-0.2929478706917045
FOXN4,1.475859980112009
MAP3K15,1.0339957353124363
DBF4B,0.2612794497554754
DCLK3,-0.01804322910398999
CSN1S1,0.22394221801352604
PMF1-BGLAP,-1.2319037948357523
LRP5L,0.004711609597064794
DCAF15,-0.8024085307388951
SIPA1L2,0.4067800965512889
HPS3,-0.7282843069911266
KIZ,11.806988885677818
RPP25L,-0.5557808621760322
CLUL1,4.4863595975910435
FAM72D,1.5142583559120202
FBLN7,0.2979177140429882
SPATA33,-1.0727387417910486
FTMT,-1.1729011386543637
MROH2B,-1.680417288358052
ANKEF1,-0.6822643538402208
GTSF1L,-1.822543308160261
ZNF559-ZNF177,-0.4099916238646505
SLFN5,-1.0988290613542362
MBNL3,1.3060590511457784
FAM210B,0.038040873794519994
FAM104B,-0.06973976920268302
CRISP3,-0.39296541942641405
LRG1,-0.8783303894695486
LRRC75B,1.3680562666304572
RETNLB,-0.044122411627152795
MEX3A,-0.013463388535728617
PHGR1,0.10108863673433642
ANXA13,1.2856338564424772
TM4SF20,0.7033270234889033
FRMD5,-0.38963597020152774
TMEM87B,0.7416732227777159
NKX6-3,1.0471592341202078
CCDC68,-0.6038316778173584
TRIM73,-0.7354356934755938
PHETA1,-0.6103786253990413
RCCD1,2.3304627764956556
MYRIP,-0.11204720363766538
SNAP47,-0.7011215731725331
SHISA6,-0.13414403433040872
KRT86,-0.8493290650228362
SAMD7,-0.2758194184189394
CCDC24,-1.0128097010587287
ANO3,0.23207289307392343
BEST4,3.341123414465584
ANO5,0.3340618308034597
ANO7,0.16176585045581557
SLC26A7,-0.5066869893495399
ANO8,1.5373796351855968
ANO9,0.7866630591402911
ANO4,1.094489538721671
ANO2,2.895330545930821
BEST3,3.712981346710342
TTC39A,1.1779383672248767
FAM131A,-0.833323361160502
TTLL3,-0.48166870055028893
MBLAC2,2.2619688266937232
PLEKHM1,-0.5883316404245054
FLYWCH1,0.702361374665154
BAIAP3,-0.5117435779907393
TMEM106A,0.06399747253584692
SLC26A9,-0.4250805269675268
TENT5C,-0.8484372932247702
H2BFS,-0.7782036796055567
HIST3H2BB,-0.9403684191650912
GID4,-0.7716065385881733
HIST1H2AL,-0.8682755882786767
EID2B,0.0867995590120959
DPPA4,0.43920969374140856
RIMBP3,-0.7754574485795656
FOXR1,-0.8411211388369808
PLEKHG4B,-0.034179577460197653
DPH7,-0.6352428386807517
BICRA,-0.6079583261748589
BCL7B,-0.76042762302302
SERPINB9,-0.9709598230579909
SCX,-0.1271149359237404
ZNF639,-0.993664553271271
PWWP2B,-0.5156142720799674
ZNF594,1.9496681680033894
HDGFL1,-0.38734484930375007
ZCWPW1,-0.2898833429085588
JADE3,-0.8764229885007371
RAP1GAP2,-0.1855708455928616
ZNF418,1.6759586946110512
ZNF550,-1.0050070283749626
YY1AP1,-0.7551766815848381
AC005324.4,-0.6849716979649452
METTL23,-0.38578355486041527
ARL11,1.3995526555597388
SAP25,-0.7686492699786105
DNAJC28,-0.5987562138250583
DNAJC22,-0.5283217928971289
EIF5AL1,-1.2055069843098987
DNAJC25-GNG10,-0.2420738420874898
HSD17B7P2,1.5111547030959422
IMMP2L,-0.7916108389769991
TXNRD3,0.5897684813937053
ALKBH2,0.28075481338354535
CNOT6L,-1.0843630678321499
AATK,0.6929813795814711
OSGIN1,0.46414778150778585
CCDC117,-0.3746919077824811
STARD3NL,-0.6418331769324798
SELENOK,-1.0759164308138922
SLCO4A1,2.262533730239459
RNF207,-0.18143278465905482
CSRNP1,-1.028818203605161
GPR37,-0.47105889486400104
ZFAND2A,-0.46423367032516427
LIFR,-0.15451635294013827
TCTEX1D4,0.011728866805080755
YPEL4,-0.09142255461822879
TRMT9B,-0.544703347293098
MGAM2,0.6953616892818837
MRM1,-1.0529069660204877
CORO6,-0.8517477191691945
FRMPD2,-0.07820764063898428
KAZN,0.7007474182559817
OPTC,2.8363294442465983
LRIG3,-0.18909648825701503
THAP2,0.007376002996048845
PTPDC1,3.6434338735893586
NRG3,1.4497815948030794
NRG4,0.7266090380861902
KIR2DL5A,-0.8366522212558104
KLB,-0.1592039871353486
OVCA2,-0.39961617784745396
TMEM220,-0.5557059604168187
LILRA4,-0.9521609332704152
LILRA1,-0.898590042434906
THEMIS,-0.6839326224036383
FRS2,-0.8202377598756736
SPRY4,-0.9593981007725856
KIR2DL1,-0.7862721533665004
TREML1,-0.6634151950227533
GAB3,-0.8230953882739673
KIR3DL1,-0.7967877122131094
MID1IP1,-0.4615377393191804
GAREM1,-0.504028292272154
WWC2,-0.42766294331272453
OSGIN2,2.0802976549301775
AMOTL1,-0.32188094684063756
OR2W3,-0.5746561956622895
GALP,0.09667179160162356
GPR151,-0.4153139316641632
OR14J1,-0.5791930095386456
FAM167A,-0.5043307707488398
L3HYPDH,-0.2258515053310727
PPP1R21,-0.7108405405960461
RELL1,-0.19868757262154335
SWT1,0.8695587281298358
KRT82,-1.0767156450203215
GPR142,1.082479986388694
GPR82,-0.6510051968340876
GPR139,-0.2984824173996818
MT-ND4L,-0.6562519266075367
LY6G5C,-0.2125889144620906
AGMO,0.10872675262338873
IFNK,-0.561197201690435
IFNE,-0.41842136668112895
IFNL1,-0.724261127157702
IFNL2,-0.7942871068740887
IFNL3,-0.8737149354108609
IL17D,-0.8357162911313617
IL20,-0.7341729331431494
SFTA3,-0.259378511370157
SFTPA1,-0.5655237126159938
CCL18,-0.685197973031913
PTRH1,0.8803734511310527
ATPAF1,-0.7115757747300309
EEF1AKMT1,-0.40244942053503163
AC135178.2,-0.3850452532560663
OGFOD3,-0.738603352233524
MANBAL,-0.6456539640451322
C1orf43,0.6604742896813497
FAM118B,-0.7510339791244487
CCRL2,-1.018247239686955
VNN1,-0.5214630219601393
MILR1,-0.7664235376810562
EGFLAM,0.3516779220520738
ENOX2,1.4173885580346093
ST7L,-0.2462281588868991
CA3,2.405628427720491
SYBU,-0.4415477878346329
PPP1R9A,-0.6320440849424325
SLC24A5,2.393484516861621
XK,-0.3548141494507857
N4BP2L1,-1.0603261706942115
CHADL,-0.4615577476402202
ANKRD55,-0.4773217843526495
FMO5,-0.05533488560328894
KCNJ12,-0.26770163511443956
RCC1L,-0.4912945297296032
USP32P2,-0.9387988098052695
AL360181.3,0.39376365451899237
TXNDC8,-0.7203933145973979
C10orf67,-1.3050101092770574
TAS1R1,-0.8600065620608898
SDHAF1,-0.5299854199216206
SNHG32,-1.1124611860300588
CDNF,-0.34323276509318795
TMEM247,-1.3708860249512937
C18orf63,-0.9620858027391365
SNX32,0.1456898422991884
KLHL26,-0.6575065752279741
FAM156B,0.22642947757566662
FAM156A,-0.3028333588746835
CCDC196,0.13612761410647875
SNX20,-0.639565895315292
FAM81A,0.6037785849163186
GAS2L2,1.3093041989492953
PRPF40B,1.1691490696399327
LYSMD1,1.7417918550506044
JRK,-0.4990394642135131
EXOC3L1,-0.18740754072643154
FAM13C,4.123518662728584
CEP57L1,-0.8069635448503525
LSP1P3,0.6682933344817401
CEP95,0.09512209538729854
AARD,-0.4487669480415346
HABP4,1.3883116077494562
C2orf80,0.4949582760510138
PRND,-1.595161986540316
GTSF1,-1.07314396399033
DEFB119,-1.698789479963974
AXDND1,-1.5982103942155437
KLHL15,0.7291413592563096
LENG8,-0.980582118698511
PSORS1C1,-1.315341320218648
CCDC179,-1.2477372011792047
DMRTA2,-1.1651155510686453
SNORC,0.5228514162420745
TFF3,0.8209328881827835
ZNF852,-0.20963221010782673
ADGRG4,2.024191178404398
WNT7A,0.9560579758746474
RPRML,0.5953834732522741
GXYLT1,-0.3748004123182951
LYPD1,-0.3767764736937366
ANKRD9,0.29838876070855613
NEURL2,-0.8181138009382346
MICALL2,-0.06777150907671296
RRAGD,-0.0804065858634196
NDRG4,1.8518672158536822
ELMOD1,-0.1125974040432986
PABPN1L,-0.9302283203211489
CELF6,0.16262903729065226
CD101,0.6018846021492712
BCL2L2-PABPN1,-0.83837880876572
AP002990.1,-0.9076680914570993
LIN28B,-0.8759537037393644
RTL4,-0.8329152948526068
AC245033.1,-0.5889318195072972
KIR2DS2,-0.7045949093496205
GPR89B,0.3116627213081483
LRRC28,-0.4514924130526257
H3F3AP6,-0.8863965242707281
SFXN2,-0.44867285329140466
AP002373.1,-0.8404712455036796
SBNO1,-0.8062870992768327
FCRL5,-0.8834326313434991
SMIM20,-0.6848172396052516
SH3PXD2B,2.33748739538356
AL355916.3,1.0662930851585524
MAPK15,-0.7320531265886094
CBSL,-0.5966657485155205
HAS3,-0.5514583509115807
SCML2,-0.7756376269834145
ACKR4,-0.2660117484538806
MT1E,-0.6038970418811674
HACD1,0.4437166205671683
KIF26B,-0.3190560413935415
SBK2,-0.4152000077168327
SLC12A8,0.3600484394827454
SPDYC,5.743518062084154
CSNK2A3,0.2835194516652178
MSS51,-0.8036466636479139
GANC,-0.8312901867301857
ZSWIM8,1.0239996365489699
KLHL29,1.592260343427731
SLC25A30,-0.2503193470419209
KCTD21,-0.32314963063410707
IGLL3P,-1.0135146112979077
PARP9,-1.3040558634498927
BPIFB1,1.2813616815844175
KIAA1324,1.408722302376666
SCGB2A1,0.7492198790615892
PDE6B,4.802570404943502
SDE2,-0.7219467201119432
C3orf38,-0.41654167643060536
PPP1R15B,-1.2075731281679765
KIAA1586,-0.11436096348113929
DNAJC25,0.7266823735061946
RNF43,0.73955368800284
VHLL,-0.005582522134586799
LRRC10,-0.24926632922575254
FAHD2B,-0.040236573866555596
CILP2,1.4072091344493407
PCDHB7,-0.4540934574241485
PCDHAC1,3.076955442590467
GPR63,2.435911072973228
HARBI1,-0.5353085340896547
ALKBH3,-0.6211070759353935
NFE4,0.7243387627573001
FRMD7,-0.5912538602017234
LSM11,-0.9483866095140328
TADA1,-0.6105364082125976
SUPT3H,1.448852197282318
USP17L1,1.152370383450093
MEDAG,-0.19870142714965397
RIPOR3,-0.913045417104027
TBX18,-0.4330724479153589
EIF4E3,-0.7886380379671465
RNASEK,-0.7139816955076206
VILL,-0.5623289077901392
FAM3D,-0.5081193858418216
NUDT22,-0.8533262750930227
CNFN,-0.8592090266805641
GRAMD1A,-0.44474310634034103
HSP90AA5P,-0.48712564442137846
LZIC,0.2972488809663086
MTBP,-0.6058621590658798
ZSCAN25,-0.6505809891217402
XRRA1,-0.4991587371749464
PARP6,-0.9301779680070518
DTX1,-0.38164695782932917
SPRY3,-0.9438361913057034
KRTAP2-4,-0.506810099818973
C17orf50,0.5038337651290595
CCDC125,-0.9224085127137738
SNRPD2P1,-0.38723830694315214
HSP90AB3P,-0.6814139796226822
HSP90AB4P,-0.7411587887558958
H2BFWT,-1.1554525787931713
NR2E3,1.263788708003757
ZNF589,-1.0853871411036007
LOC100996709,-0.607646565842255
F8A1,-0.11692908406165257
P3H4,-0.16925622435349774
AC093155.3,-0.28159299643859176
VCX2,0.40834745159179003
FRMD1,-0.9330674315523182
CA8,0.45336192580947743
PKD1L3,3.3557497194635193
TMEM88,-0.43527330795202185
CLVS1,-0.13365628833254392
HEXD,-0.5031874033585904
SLC27A1,2.068142648193111
KIAA0355,1.8040050311336777
ZHX3,-0.6768118500965103
TNNI3K,-0.2830632607257507
HMGB3P1,-0.18138173722207568
OR8U1,-0.31609603047979307
GLDN,4.982790070917021
UNC80,0.10739116674964756
OR2L13,-0.537973522875385
ZPLD1,-0.4647322900419803
SSX5,-0.8108830362375489
SSX1,-0.6918536469557098
SSX2B,-0.24717133761093893
EID3,-0.37753202951261167
MAGEB3,-0.9720955275717578
C19orf84,-0.2722131797576374
MAGEB16,-0.6798963305812468
MAGEA9B,-0.3646564154993101
DNAH11,0.17179693778074231
LRRC38,0.49086528853970457
OCM2,0.27639841634587387
CALHM6,-1.007950407719144
ARPC4-TTLL3,-0.2326656834418383
TOR1AIP2,-0.32735045002902075
KIAA1211,-0.20732089284817734
STYXL1,-0.3087486277943928
CPM,-0.05749644930523569
SLC17A8,-0.6186746528677243
BAIAP2L2,-0.28906678649977013
C11orf86,-0.18071742312776906
MS4A7,-0.4694316027928501
LRRC66,-0.4790299667252392
MT4,-0.5917677378893343
LCN6,-0.1087044994452936
LCN12,-0.4529767653396586
LCN9,0.04190442734779992
LCN8,-0.263656252177164
WFDC10A,-0.07656361205924918
LCN10,-0.35386079763884215
SERHL,-1.1288187726594194
ZFYVE28,-0.2705239346621448
RAET1G,-0.1666376764637376
KLRC4-KLRK1,-0.829313002133997
RAET1L,0.03517116719303113
MICA,2.056077097740834
KIAA0391,-0.4100869888189642
THEM4,-0.6003006026097256
RCAN3,-0.6900058791828511
TRABD2A,-0.5747448755736517
PIGZ,-0.05950774641489047
RIPPLY1,-0.8528599795617341
CCDC183,-0.48038360186624846
SLC22A17,-0.5381070624228608
IGSF21,-0.45095949296442667
PLEKHG1,0.00936896108382004
FAM45A,-0.410287744706323
OR52N4,-0.3435691892559636
OR1L8,-0.3170421382461543
OR52N5,-0.3160960304797932
OR52N2,-0.3160960304797906
TIGD3,-0.29117876495015266
ENPP6,0.38395564020204936
CMPK2,-0.8873047381961665
GNPDA2,-0.616983529592611
OR52N1,0.0898158585561772
CCDC82,-0.15437815667129096
UNC93A,0.08977030649799925
SBSN,-0.5427517519967041
KRT79,-1.0427785090900972
NKPD1,1.4959096761938357
FCRLA,-0.9300650576324353
PPIAL4A,1.605408844067625
CCDC97,-0.5445948011954012
PPIAL4C,1.903567056007755
PPIAL4G,1.7675149710299758
KRTAP6-3,-1.1505646485051368
KRT80,-0.8688409850519484
C9orf106,-0.5551693713720954
SLC25A18,-0.3874929198235032
CSKMT,-1.1441259036251004
RHOXF2,0.30657061845949607
CDY2A,-0.9542894783948868
CDYL2,-0.4342994279196643
CDY2B,-0.33933333045198183
ECHDC3,-0.4036226994156525
AC008982.1,-0.2704909105763818
CDY1B,-0.2735524920550498
SOHLH1,-1.326049547326008
SEMA3B,-0.976259503192276
FAM160B1,0.22146113163326653
OR5F1,0.11312120053442563
IRGM,-0.9368198561263245
HGSNAT,12.450366648940394
CALHM1,1.5023046437845737
TTYH1,0.20861578727747573
FAM171A2,1.4377123295777028
GRAPL,-0.9401693473885224
NDFIP2,-0.49703384969184516
PPARGC1B,-0.624562143526137
SH2B2,-0.8546285804801593
PTPA,0.08286100035235916
TGM6,-0.05672043288295538
CEACAM3,-0.5048992803006642
ARHGEF28,-0.04550477182186551
SPRR2A,-0.6945400355094535
ARL17B,1.9239827875702382
ARL17A,-0.05573629054814863
ACBD7,-0.3361919328273956
STAP2,-1.2442525355443785
C1QL4,-0.6764376640469313
ZNF658B,-0.39025380259791814
SRCIN1,-0.46903358488605607
ANKRD18A,0.2990950346425368
MTHFD2L,-0.738021330756983
B4GALNT2,-0.4121163998208267
POFUT1,-0.20019786860175884
LRRC18,-0.4742418273040492
ISLR2,-0.11050757265324934
ZBTB12,1.206130343079887
RPS6KL1,-0.7376531806712354
STKLD1,-0.45534237243498793
SPATA25,-1.1273756001196913
PLEKHG4,-0.47900495670204707
KLHDC1,-0.5221807604956116
BLOC1S4,-1.013606008510922
EFCAB9,-0.0890845999063492
C12orf57,-0.17849730813332887
CAPN12,-0.258367738302987
SPATA21,-0.3651195241558085
SYCP2,-0.9999468357021404
MYOM3,-0.4551111958104244
ADPRHL1,-0.4246346908831102
KLHL31,-0.6953996153296309
LMOD3,-0.5815273654621886
LMOD2,-0.4893848638173825
CCDC150,-0.10837719144738851
AZIN2,-0.3483445155565943
MPV17L2,0.3017708172755818
POTED,-0.5243460442776811
PDE6C,7.810145219035506
VASH1,-0.04774763545344452
WDFY4,-0.9407164887541446
KIAA1549,9.045024924637078
LGALS9C,-0.5225742302267806
LGALS9B,-0.21657464975339935
LGALS12,-0.08440265723089808
PTGFRN,-0.14159071862915162
C1orf159,0.0037875301729076083
TMEM182,0.1903999605791229
MFSD4A,-0.17432758119954192
LGALS16,0.22998225313794615
MT1H,-0.8913834408738622
B3GALT2,0.6296054744974227
MIA,1.6753316249540269
PNLIPRP2,-0.25038954190330004
KLHL8,0.8670975656161651
MGST1,0.21494428128248988
CEACAM7,0.13632032828209334
SLC22A18AS,2.5972124728059702
APOBEC3A,-1.281720748933678
CCL4,-0.7966735946176143
RTL10,-0.8250494817280042
GGNBP1,0.27754459688254374
GKN2,-0.3126188832746831
EPGN,2.607399281767426
ASIC5,0.371218526287135
L3MBTL2,-1.2731657270454413
KRT72,-1.0692593557090524
RBFOX3,1.0645138074579719
IPCEF1,-1.010067069754571
ESPNL,-0.14164355705314718
NUDT8,-0.48892529397543116
THAP6,-0.19134685996586104
RAB11FIP3,0.17358196956592467
AGAP7P,-0.6727035189992965
FCHSD1,-0.6482448055610928
PLEKHA3,-0.6190642267712394
CFAP47,0.26459925726679445
SMCR8,1.102714834864626
TLNRD1,0.07956233718475057
DDX11L8,0.07636693495886526
METRNL,-0.6075855141244717
LYNX1,0.18449700503215324
CERCAM,-0.8646805830174414
TEX101,-0.32973510235997633
MT1HL1,-0.8090568643808006
LARGE2,-0.39308550637752443
PSCA,-0.1568450472612095
LYPD2,0.07219874210384479
KRT28,-0.8337391955502845
KRT39,-0.8904761608938662
KRT71,-0.9604926667144915
KRT73,-0.9195968784764765
KRT84,-0.8607549391208893
KRT26,-0.9211692377482134
KCNK13,0.14409669234794356
KCNT2,2.536628784973439e-05
SLCO3A1,-0.3419756978658003
SLC22A10,-0.022542187188652314
SLC22A25,-0.5532225653929649
SLCO1B3,-0.2824581431653432
SLC16A14,-0.40982827232520674
LRRC26,0.47167656296485055
VSTM2A,-0.14172827067554178
PQLC1,0.22657481245666555
WASHC1,-0.04980329399928064
LOXL4,-0.2211353703902509
GPAT2,-0.33524814709570333
AGPAT4,1.6232590322384746
HAGHL,-0.1974726411957337
LRRC29,-0.5765407932197516
LRRC69,0.7790106653596524
LRRC20,-0.24893383680520295
LRRC30,-0.22056423036011907
HYAL4,-0.3155996166278194
A4GNT,-0.35729081293274123
GALNT9,-0.2682550705424179
RBM14-RBM4,-0.6099228188682023
DBNDD1,0.10881676682579487
ENTPD5,-0.05928016756642254
SEMA6B,-0.4492817146782998
CRB3,-0.622040015889656
GIPC2,-0.009309360240128827
GIPC3,-0.018429724498435992
PKHD1,0.8454353006287876
ATAD3C,-0.39704913436616396
CERS1,0.34537731103545055
HHATL,-0.4306994511554482
AHRR,1.7058999984510417
ANKRD36BP1,-1.1773285977889065
BCL2L15,2.6857153539914522
SLC2A7,-0.501241674944687
ALG1L,0.7479480741429861
PIGY,-0.08649550214121801
PIGX,0.27327814841161313
SLC36A4,1.6579762962368427
PCTP,-0.3650493093583961
TBC1D3,-0.21541146931500382
DHRS7,1.415075523125926
ENPP5,-0.04435602616784712
ENPP3,1.6025643120079571
ELOVL4,6.091829535235048
TXNRD2,-0.4925846298089034
CLDN8,-0.5205355357397762
ARSD,0.3352984965851198
NIPAL2,-0.38422286783313764
VTCN1,-0.5516819146226573
PLEKHS1,-0.5937807796045588
CST1,0.42244726807044064
CST4,0.4594875856942722
PFKFB2,0.6523082562457952
DYRK3,-0.4262020554743965
ZNF18,-0.4498344946793898
GZF1,-0.824329181883315
SLC25A38,0.055817585270916834
PHLPP2,1.9321733440627396
FAM43A,-0.5008662016874749
C9orf153,-1.1799161387276424
TMEM254,1.9519843829162868
CCNQ,-0.7427612231906713
IGFN1,0.9359890576695811
CELA2A,0.9667885586935764
SERPINE3,-0.3201853906326309
BORCS5,-0.8091814763430162
TMEM65,-0.6015993990885525
BEND3,-0.3666056240437873
ZNF496,-0.6064352328095673
ARSH,0.7781631921479707
ZNF391,1.3255664926406021
RSPO4,-0.3159979957044458
CATSPERZ,4.637271442230181
ZNF366,0.8530388132832254
CES5A,0.45241428751600626
GLIS1,-0.3536835376644279
PDILT,-0.42263269638462453
ZNF319,-0.7369950622151735
CLEC2A,-0.4889321373322656
SLC37A3,-0.08743159921135182
WNT9A,1.5836522468663488
SRRM4,-1.0154333938147282
DCAF12L1,-0.1688881295768741
PCDHB12,-0.6402620736836359
C2orf78,-1.0633614043800523
POTEC,-0.4595361668816423
KIFC2,-0.4527324711018483
USP42,-0.840322559913974
CRIPAK,-0.8896871319060978
ADA2,-1.0390639975861544
KIAA1257,-1.4291401940519717
C12orf56,-1.2221954422534136
CCDC177,-0.8794778003340812
FUZ,1.0640228494955997
NRBP2,-0.1540671028609658
C8orf44-SGK3,-0.8888509873357451
NME2P1,2.3450333749532737
GOLGA7B,-0.5902882458883474
TAPT1,-0.5710092399818671
FOXRED2,0.5256091747471747
SLC25A25,-0.7231028784216186
LVRN,-0.5698980424995733
ERAP2,-0.8739860308351995
TRHDE,1.798854709583789
TEX261,-0.7546808141685705
SLC52A1,0.06317962650074875
RDH13,-0.1484365689445868
MIEF2,2.8202594239992607
PI16,-0.38264625599024293
MSH5-SAPCD1,-0.6650423314468369
GSTA5,-0.4192360780823927
NHLRC4,0.012565821881517093
CMIP,-0.39086058115866545
SH3TC1,1.5512991524948945
C8orf76,-0.2859194466795216
SPNS2,-0.5333743308091243
PROM2,-0.842584064321709
OR11G2,-0.3160960304797931
DCST1,-0.49718927133364316
FAR2,-0.12472157603999916
MANEAL,-0.7462062725144569
ZDBF2,0.20039594276377992
CCDC102A,0.5478055571187278
FAM199X,-0.094089417293816
SLC39A13,-0.700712458709647
AC006538.2,-0.14105617370047496
GLIPR1L2,-0.8163558312607814
GLIPR1L1,-0.5485516085676748
PDZD8,0.7541069530399036
TNRC6C,-0.5188994626459067
TC2N,-0.3400685329803955
TUBE1,0.39171380010651724
RPP14,-1.0323289221945076
CSDC2,1.4192481274645614
TMSB4Y,-0.3422208155991116
PHLDB1,-0.18934524800478653
RGS9BP,4.430253496786102
PCDHB3,-0.33810263079151964
ACOT1,-0.12602964286464113
RNF214,0.04600433359240056
LCMT2,1.251898772847378
GAREM2,-0.6011085125841299
PRRT4,1.9264546069532271
RTL1,-0.48715785829327585
LEKR1,-1.9329865768895589
SOGA3,-0.6726332719853938
SCUBE2,-0.20303081927987862
FAM149A,-0.044567657812469894
CRLF1,-0.32137835755242383
LINGO4,0.09764947067797705
TBC1D24,-0.42034559354477763
EMC3,2.5362973909125586
ZNF177,-0.6849470942632947
RTBDN,3.8461206677712894
BPIFB2,0.7100788045813252
BPIFB4,0.6687704391095878
IZUMO1R,1.1826523784141494
C2CD2,-0.4662566922789386
NYAP1,-0.613781555244355
NYAP2,-0.36561506515241166
RCSD1,-1.072614541780826
REP15,-0.8310307983502147
AC093525.2,-0.2632505356606808
TBC1D8,0.3810454791415664
MTX3,-0.04205279413108912
OR9Q2,-0.31609603047979307
RSPO2,-0.4106264688426054
RTL6,-0.35343445932645595
CHAC1,-0.5731725555868981
TEDC1,-0.6029392282715261
TNFSF12-TNFSF13,-0.05145461480879413
SEMA4B,0.5844203111395312
SLCO4C1,3.053139969284968
AC011604.2,0.9283619925530473
ELOVL7,3.1861701315648947
CERS4,2.391192332327306
CERS5,2.6610452327749194
CERS3,2.1365968670692284
SRD5A3,0.4334145949367886
RIIAD1,0.575390966862581
PURB,-0.9563458525537516
CHIC1,-0.4813555630696917
LRRC61,-0.804738406993778
PKHD1L1,-0.5278511825954024
SLC49A3,3.9307460337023055
CHRDL2,-0.2923631496297773
PPP1R14C,-0.29009944774116814
NXPH4,1.9868661374424164
GSTCD,-0.8689425542537988
C12orf60,1.6053666179348411
WFIKKN1,0.840962873275093
DACT2,0.7053383450681946
RHBDL2,-0.8162809767251813
CCBE1,3.6757260464484336
MMP23A,-0.36071251953074807
POGLUT3,-0.19958803418603754
POGLUT2,0.2061103457145192
DCAF4,0.3210289675530362
KAT14,-0.7502083598467691
OR5R1,-0.19421674372679934
RNF222,-1.0511023253934897
ZNF608,-0.17806426437549444
EEF1AKMT2,-0.6362391360936218
FAM133A,-0.4113515272028444
ANKLE1,-0.8212852283252584
NAIF1,-0.4002628772071294
NEXMIF,-0.31050147782569143
SNX22,0.239504625291787
NXNL1,0.697491813934926
MYOM2,-0.3020492154632653
HSP90AB2P,-0.2565546108418611
SIRPD,-0.47930482748453107
ANXA8L1,4.593113747347418
MMS22L,-0.7456571883504255
CDAN1,-0.4995680629051763
H2AFB2,-0.9573172452119043
C15orf41,0.03645221137747437
C18orf54,-0.8117767920141434
GOLGA8J,2.4119714099286194
NDUFAF6,0.26321993902516727
MT-ND1,2.31255988872563
GOLGA8G,-0.6064157161510483
CCDC58,1.2718071794510222
DNAJC14,-0.6820174513715174
GOLGA8B,-0.732156852162666
C8orf44,-0.3845508548163707
SPRR2E,-0.9638525168645968
MAB21L3,-1.0462862879596668
CT45A10,-0.5055905750225311
SLC24A4,2.6048882062366734
CCDC191,0.07600630384480736
PITPNC1,-0.6725505637341032
RSPO3,0.34122086627537607
RAPH1,0.49945284581087723
DEDD2,-0.7778612328492869
TMEM176A,0.44089608975965255
COQ10A,-0.3909622098215135
TERC,5.996998824475879
BOLA2B,-1.064378442931701
TSPY3,-1.0866757739380632
HFM1,2.4707195950174867
DCAF4L1,-1.4169626879530353
ESX1,-0.6209753125321829
DND1,-0.7625807587587276
KIAA1210,-0.7148256079489211
WFDC6,-1.1055521754875217
AC012184.2,-0.9434323124220502
TMIGD3,1.6033802082909516
TSGA13,-0.6554166630578759
SPATS2L,-0.6110721745949086
DHRS12,2.0364812987965335
NDUFAF8,-0.6194475275019459
SPRYD4,-0.4861351996135948
SUGCT,-0.2965600752989541
HSFY1,-0.049098700058953795
MBD6,-0.3832151973105528
EPOP,-0.5038756392733285
MBD3L2,-1.0481379674602993
ZRANB3,1.0189355748187925
ALL1,-0.9881954209143682
ZFR2,-0.2757986718572978
FAM135A,-0.3193556089151372
SNX29,-0.5517120107085659
NUDT13,-0.31366748553050233
TBRG1,-0.6290065361039491
SYN2,-0.180371135875377
ZBTB49,-0.7089228735916685
FIGN,-0.6840584512869153
NEURL4,0.6372787433596555
NHSL2,-1.1494563291267572
RPP25,-1.1901459592113837
STX19,-0.7961039258353888
NUDT19,-0.0994370767755949
RILPL2,-0.338176902941185
STARD4,-0.2327154799753505
PHRF1,-0.7509583988046579
EPR1,-0.834664013109659
ZNF137P,-1.560111649465247
STPG2,3.1906444798185314
OFCC1,-0.5772049963281681
ZFYVE19,-0.6057213112373298
TTC24,0.8728088755594372
AL139300.1,0.40032513978790624
IL17F,-0.8107810839071034
FAM118A,-0.29674599538247176
PWWP3A,-0.624931807861427
DEPDC4,-0.012129917564313027
SCIN,-0.8720966170018714
MAMDC2,-0.4971446750303753
FAM126A,2.49101651790011
FAM216B,-0.14696749591809516
CES4A,0.9040131469547174
DTHD1,-0.43905207702733307
FRMD4A,-0.4548588675911527
FAM221B,-0.43605871929651
DOK7,-0.28927543752180446
CFAP161,0.010840899272317692
KCTD4,0.25063445987337396
RBIS,-0.549387731228681
CD5L,-0.42517522310057415
LRAT,3.505709594275488
FAM83A,-0.9088101031029238
NXPE2,0.15272532885214302
SLC26A11,-0.2698366323694484
KRTAP3-2,-0.858764782134121
LCE1C,0.4238467083756151
PRELID3A,-0.36516134546386875
C22orf39,-0.5956040750664325
CLYBL,-0.24297912442815192
CTBP1-DT,-0.42101953603923387
NEU4,-0.6999910305182332
C12orf49,-0.7486986910240542
LINC00663,-0.24373820576982733
LINC01547,0.12240498679128706
DAND5,0.058616113742936266
VIT,-0.3381909178444263
ERI2,-0.6980564609584418
EVC,0.09685703013392676
MAGEA12,-0.4787321032624614
SLC16A6,-0.15330583722108643
EDDM3B,1.3287561475680971
SLC7A6OS,-0.35995438105601923
SLC35B4,-0.5034490252168426
SPATC1L,-0.8669467910754233
PANX2,-0.3937707574355572
G6PC2,-0.30952507758338965
DZANK1,0.17931908494859464
ACP6,-0.4660974427269558
ALKBH6,-0.644199577938482
TIGD6,-0.5530990563810937
TTC25,-0.08590682233635391
ELMOD3,-1.1768505777338831
EXO5,0.9923785158939191
C11orf1,-0.3938809768734207
PEX26,-0.08889285980956779
TMEM101,-0.5685381231607972
PLGLB1,-0.23506975603956334
MRO,-0.5012271385454085
SLC19A3,2.0837231889408057
PAQR5,1.0093851532577696
OSCAR,-0.7130499048301961
CHCHD5,-0.6638819853171849
SLC25A51,-0.7446112847980787
MEF2B,-0.09472455380969486
GPR160,-0.7179792868750979
IFI27L2,-0.2058629360354377
CARD19,-0.0038896608974786605
ZAN,0.7131325945744161
FAM107B,-0.6213311191036852
SMIM12,-0.14089177421558288
KLRF1,2.23457482250944
PRELID2,-0.33624373208855485
C19orf44,-0.3587428994849538
HYAL3,-0.6375836929410192
GPR146,1.1806889865886745
MTHFS,-0.9204198668903066
DPH6,-0.5188964147191748
MON1B,1.3165736947325992
BCO2,4.903137471547969
TMEM245,-0.08910607699990562
TMEM242,-0.8213266815074782
CDKN2AIPNL,-0.5250823028393587
SH3BGRL2,-0.21655839855995196
PRR36,-0.08877761515026587
SNX11,1.1916972157369814
TMTC4,-0.3907742927263775
PART1,0.6881844068497295
TMEM187,-0.3688722750179086
TCEAL3,-0.13335789440754825
DACH2,-0.08405459005876084
TMCO6,1.344802946270939
CARMIL1,-0.5122080045138001
CGAS,-0.3051384508471166
GPR108,-0.5006728505383073
MPZL3,-0.8986064612849508
OSBPL7,-0.47544712615903273
RUNDC1,-0.4161885797961398
DTX4,-0.8055318024841026
TBC1D19,1.9353228385475074
KRT222,0.6570772809226084
TMEM266,-0.5912545212735068
C8orf48,-0.9221131423120895
NBPF7,0.6571071381039245
CCDC74A,-0.5531326995940626
METTL27,0.04387589000983048
METTL21C,-0.14871567749428516
NBPF15,0.2730306305585911
SNX15,2.395487892770961
CCDC74B,-0.8819576810049163
NBPF1,0.48056127577373137
SERGEF,2.590495582336098
SLC2A13,-0.5710780945895945
MCCD1,-0.10566206611791008
SLC47A2,-0.6730810859336553
ANKRD36C,-0.2169429980081984
IPP,-0.76228034251633
RABL2B,1.134197213775291
LRRC27,2.5990058086789136
GATC,2.624313182276072
LILRB5,-1.0355080977820044
CLEC4D,-1.0395423724420085
CLEC4C,-0.8157173353091718
FLVCR2,0.16275773299120946
CLEC6A,-0.7835317531530759
EFCAB5,-1.1422180176636811
OR5V1,-0.0027336004060489047
SPATA31D1,0.1369930665859322
RIBC1,-0.8602410836601553
KIAA0040,-1.042152721477559
IL20RA,-0.707208680406881
SLC25A29,-0.7672837777181333
HSD11B1L,1.717567355689045
GPR19,1.1536538787126727
FRMPD3,-0.6123930801737119
FAM241A,-0.2227921217232104
C4orf33,0.2936422513423166
SRD5A2,0.14059652627309022
TRMT10B,-0.6467820241367909
TMEM64,0.05387247442936162
NKD2,-0.20649944696005088
ANKRD36B,-0.768208114852488
ASMT,2.819995493545266
ZNF438,-0.8379335125665078
LRRC63,-0.6779367737131523
LIX1L,-0.24569453492290308
TBC1D3C,-0.10610949347918387
TAMM41,-0.33047468713136563
SPRED3,0.7205478551875701
CRYBB2,2.7557446329083897
STPG1,5.432443589036411
RSPH10B,-1.2039602088567767
SPATA6L,-0.8903297130050308
ERICH2,-0.5656773106046563
VWA3B,-1.4410275567821016
PBOV1,1.6712065623652737
ACAP3,-0.9794676095857328
PTGR2,1.1288884932498648
UGT2A1,-0.4152907422846655
BCO1,2.7070715235388034
APOC4,-0.7385420186579379
ADH1C,-0.37041996166739743
RDH12,7.570867045982133
MICU3,-0.4504467056060294
PKD1L1,0.8801002326981556
KANSL1L,3.5904442448036638
MCOLN2,0.7246339020334813
KREMEN1,2.8442127786401805
SORCS1,0.7025351051780752
SORCS2,4.892316041112603
C19orf73,-0.00475794038689278
STMP1,-0.621821562740504
ZNF746,1.1881622999607369
OR52B2,-0.3503626150290561
OR52B6,-0.31609603047975576
OR9I1,-0.3269580146950011
OR10T2,-0.4253643920823801
OR5D18,-0.31609603047979307
OR5D16,-0.316096030479793
OR6P1,-0.31609603047979307
OR6B1,2.340693821810592
OR6B2,-0.486623133804299
OR13F1,-0.3160960304797931
OR51Q1,-0.32195236653030435
OR10K1,-0.3431289615190604
OR10G4,-0.35687099585983917
OR4C11,-0.2908607217896044
OR4C13,-0.3160960304797931
OR1Q1,1.9978338367820008
OR1C1,-0.3141083651607883
OR11H12,-0.3629814540208013
OR8D4,-0.39257292086468165
OR2K2,0.2748745936161395
OR5AN1,-0.38547058421549546
OR6S1,-0.31609603047979307
OR5D14,-0.36269826428278656
OR13A1,-0.3160960304797931
OR51B5,-0.31609603047979307
OR51B4,-0.4763001478965202
OR51B6,-0.4353689830648689
OR1I1,0.02794785849933747
OR10V1,-0.316096030479793
OR4D10,-0.3529736323644832
OR4D11,-0.31609603047979307
OR1L4,-0.31609603047979307
OR1L6,-0.31609603047979307
OR1L1,-0.31609603047979307
OR1L3,0.2467698628529448
OR2J3,-0.11312484025194583
OR2AK2,-0.4038236041151659
OR2AE1,-0.6930113545844746
OR9Q1,-0.31609603047976087
OR51A2,-0.07705941538125471
OR51A4,-0.38043501993971446
OR4F6,-0.28554548947117414
OR4F5,-0.30527594186926876
OR6Y1,-0.5103816327026864
OR52A5,-0.3764991533974003
OR1S2,-0.38746060909296914
OR4F21,-0.29541303428738286
OR10W1,-0.31609603047979307
OR1M1,-0.16007972182741356
OR8B2,-0.37803738440832174
OR8B3,-0.31609603047979307
OR8B4,-0.316096030479793
OR8B8,-0.4290779228914473
OR52M1,-0.31609603047979307
OR6K2,-0.41280045419001404
OR2AT4,-0.33920486930746496
OR4F4,-0.31609603047979307
OR13C4,-0.4460874724311831
OR13C5,-0.316096030479793
OR13C2,-0.31609603047979307
OR13C8,-0.3392842183002396
OR5A2,-0.5463201305448333
OR5A1,-0.32609822487212825
OR4E2,-0.253450106258179
OR4K5,-0.38043967515820853
OR4K1,-0.31609603047979307
OR4K2,-0.32136883180795456
OR51V1,-0.36361723938896995
OR4F15,-0.316096030479793
OR4F17,-0.316096030479793
OR4C46,-0.316096030479793
OR8S1,-0.5756208853724366
OR10P1,-0.3937855016288725
OR1N2,-0.31609603047979307
OR1N1,-0.31609603047979296
OR8A1,-0.31609603047979296
OR52L1,-0.4235878268166262
OR2Z1,-0.31609603047979307
OR2D2,-0.3823785219057283
OR2D3,-0.31609603047979307
OR5B21,-0.31609603047979307
OR5AC2,-0.3315672063707418
OR5B3,-0.3495264510943716
OR5B2,-0.4825126605765211
OR2AG2,-0.316096030479793
OR2AG1,-0.378049188800245
OR51G2,-0.3287472434269336
OR5T1,-0.38773274054020274
OR5T2,-0.4825126605765211
OR2A12,-0.316096030479793
OR2A14,-0.316096030479793
OR10G7,-0.35633057835275334
OR10G3,-0.4023045033095693
OR10G9,-0.3764146027678642
OR10G8,-0.42354183989913813
OR4D9,-0.3161647477238102
OR4D5,-0.31609603047979307
OR14I1,-0.5353251597665027
OR10Q1,-0.31609603047979307
OR10AG1,-0.44721627171826867
OR2G3,-0.3160960304797931
OR2G2,-0.3371802124187907
OR2G6,-0.3708913296216512
OR2A25,-0.2856367591116687
OR5C1,-0.31609603047979307
OR9G4,-0.39597777881977125
OR9G1,-0.47737285323484957
OR5H15,-0.3145816025241108
OR5H14,-0.316096030479793
OR51T1,-0.3445777971658368
OR5B12,-0.31609603047979307
OR10R2,-0.31609603047979307
OR51F2,-0.33113109599893503
OR52J3,-0.33329187764078044
OR8B12,-0.31609603047979307
OR2T8,-0.317829037163301
OR2T4,-0.31609603047979307
OR2T5,-0.31609603047979307
OR2T2,-0.31609603047976087
OR2T3,-0.3192939559797209
OR2T1,-0.3282630534826496
OR11L1,-0.3160960304797931
OR5AS1,-0.31609603047979307
OR6V1,-0.31609603047979307
OR1J4,-0.4462011065607993
OR51E1,-0.2810802055672973
OR52H1,-0.32505813120674615
OR10A3,-0.46084402590292284
OR10A2,-0.31609603047979307
OR10A5,-0.33568825099309135
OR10A4,-0.356629421460243
OR10A7,-0.316096030479793
OR51M1,-0.31609603047979307
OR10S1,-0.31609603047979307
OR52K1,-0.29076579712368533
OR52K2,-0.33946130050759693
OR2V1,-0.31609603047979307
OR7A10,-0.05892728945646398
OR2AP1,-0.3180170944554243
OR2A1,-0.4706084536274739
OR2A2,-0.2679676213146026
OR2A5,-0.31609603047979307
OR2A4,-0.4560049316107548
OR2A7,-0.5150209964966042
OR2T34,-0.35728326556835394
OR2T33,-0.31609603047979307
OR6K3,-0.34372235837799714
OR6K6,-0.31609603047979307
OR7D2,-0.2680183771249422
OR51D1,-0.3160960304797931
OR5W2,-0.36671758449332414
OR6C65,-0.4121197907446147
OR6C68,-0.31801709445542437
OR9A2,-0.31609603047979307
OR9A4,-0.31609603047979307
OR4A47,-0.3435453405937882
OR13C3,-0.326958014695001
OR13C9,-0.34303294379160426
OR10AD1,-0.3635345784911384
OR2V2,-0.47634289083343484
OR52E8,0.1979500848846572
OR2Y1,-0.3367770227713948
OR1J2,-0.40707869639033745
OR1J1,-0.3769308948770378
OR1D5,-0.3400123485565119
OR8K5,-0.2579950439143451
OR6X1,-0.16007972182741362
OR2T29,-0.31609603047979307
OR5H1,-0.4708094735581728
OR5H2,-0.4825126605765211
OR6C75,-0.3287901162398611
OR6C74,-0.3938317927841385
OR6C76,-0.3988961031234229
OR6C70,-0.27761704235170664
OR4N2,-0.2311012344809716
OR51I1,-0.31609603047979307
OR51I2,-0.3160960304797907
OR52I2,-0.31609603047979307
OR2T27,-0.3160960304797931
OR52W1,-0.31593463096046803
OR5AP2,-0.31609603047979307
OR1K1,-0.3213688318079546
OR2T10,-0.3708771936795619
OR2T12,-0.3220181944019109
OR2M5,-0.31609603047979057
OR2M4,1.579714804843084
OR2M7,-0.35250648553659913
OR2M3,-0.31609603047979307
OR2M2,-0.31609603047979307
OR7G2,-0.4291653250153397
OR7G3,-0.12940480345187957
OR7G1,-0.4296677370271184
OR6M1,-0.47633968066115173
OR51A7,-0.31609603047979307
OR4M1,-0.31609603047979307
OR4S1,-0.43403591685902987
OR4S2,-0.40563217884660596
OR11H1,-0.3282630534826496
OR11H6,-0.4054124862255778
OR11H4,-0.4735093067668573
OR56A3,-0.19951356865500938
OR8I2,-0.3217968595050962
OR56B4,-0.31609603047979307
OR56B1,-0.316096030479793
OR2B3,-0.3619240623553393
OR2B6,-0.3416405983296691
OR13H1,-0.316096030479793
OR2L5,-0.316096030479793
OR2L2,1.997833836782001
OR2L3,-0.31609603047979307
OR5AK2,-0.31609603047979307
OR7D4,-0.3569854227054045
OR5J2,-0.3204558644923945
OR14C36,-0.31609603047979307
FAM186A,-1.2967248058029641
OR4L1,-0.31609603047979307
OR14A16,-0.3199685008077533
OR2S2,0.04794607951409884
OR4N4,-0.375090247720527
OR4N5,-0.325981634256427
OR8H1,-0.31609603047979307
OR8H3,-0.41199249882082556
OR5K4,-0.3161647477238102
OR5K1,-0.316096030479793
OR5K2,-0.316096030479793
OR8H2,-0.38238350233904705
OR10H4,-0.464009465187655
OR10H5,-0.3862724402016473
OR4C6,-0.3484603597548252
OR4C3,-0.316096030479793
OR10Z1,-0.2547042711781251
OR52D1,-0.21291381836722595
OR4Q3,-0.3206920525118941
OR9K2,-0.32860503666606106
OR5AU1,-0.32860503666606106
OR13J1,-0.316096030479793
OR5M10,-0.31609603047979307
OR5M11,-0.31609603047979307
OR5L2,-0.316096030479793
OR6N1,-0.39148976688374765
OR6N2,-0.31609603047979307
OR13D1,-0.31609603047979307
OR4K15,-0.3459962114929513
OR4K14,-0.316096030479793
OR4K17,-0.34848369037423815
OR4K13,-0.31609603047979296
OR4A16,-0.3687875173324915
OR4A15,-0.48311814343053505
OR51S1,-0.316096030479793
OR4B1,-0.31609603047979307
OR52E6,-0.31609603047979307
OR52E4,-0.3243407887083383
OR52E2,-0.3723578168508382
OR4P4,-0.3863293762460674
OR6T1,-0.22536245046240627
OR56A4,-0.28779100809366065
OR56A1,-0.26011125869671214
OR2B11,-0.42162503326805084
OR5M8,-0.3924225950445078
OR5M9,-0.31609603047979307
OR6F1,-0.4735093067668573
OR5M3,-0.3403543015114463
OR5M1,-0.3284119665789572
OR6Q1,-0.31609603047979307
OR6C2,-0.3301575760822564
OR6C6,-0.31453678226285414
OR6C4,-0.32807826491401876
OR5K3,-0.30437235031213405
OR13G1,-0.31609603047979307
OR51L1,-0.3160960304797608
OR10J5,0.7854141327590455
OR10J3,-0.39357662504719115
OR4A5,-0.3846042199889787
USP49,-0.885309657744069
ZNF561,-0.5353737283208997
NEK5,-0.21914691088890295
ASCL4,-0.6297648673279218
ZKSCAN2,-0.5707422711604263
TMCO4,-0.9424599777989863
AC040162.1,-0.9532842082385035
SAMD13,-0.788683232965884
MAGEA3,1.9512413349194915
TMEM161B,-0.19555195206925735
JAKMIP1,-0.8048130169837799
TRIM51,-0.6422302284274293
AC023055.1,-0.45892471375898136
CPA5,-0.4865820627213081
DNAH6,-0.6188300724761084
HSPB9,-0.15034267771367146
C16orf74,2.1667227145767436
LINC00482,0.791362944452813
DIPK1B,-0.5967444270059347
TMEM250,-0.7535710295579356
DIPK1C,-0.29496495685855884
KLHL30,-0.7403416404859402
SMIM8,-0.40885097942725307
CLEC12B,-0.41714035680414285
CLEC9A,-0.7347760082768697
KCNT1,0.7618728245258041
PRR5L,-0.9280054124866979
TMEM178B,-0.5609527673105427
LEXM,-0.5526920980715015
YJEFN3,-0.5191843506434625
PMS2P1,-0.3651312252408748
FCGBP,-0.0978331036614448
HES4,-0.6064234749684929
DHRS4L2,2.1112489558681524
RNF135,-0.6769390655856021
SDR16C5,2.030272179730828
SLC45A3,-0.03460296828036705
PRSS46P,-0.12915686350899597
STEAP2,-0.23160163382744234
DNASE2B,-0.05031939309298864
TRB,-0.9283140603223466
THEM5,-0.44664783559629645
ACOT6,0.2535140117026978
XKRX,3.2796671099012222
RTKN2,-0.675752876320676
USP27X,-0.15452567788463648
HMGCLL1,-0.5186486459467853
FAM78B,0.200396258876603
IER3IP1,0.28563562763385836
BEX5,-0.8681222109014619
PACRGL,-0.0006695953250876421
TCEAL5,-0.20815795632662473
TSPYL5,-0.3211357414532456
TCEAL7,0.11247143898803703
ARMCX2,0.1911141536317401
AC005520.1,1.400236945963951
TMEM163,0.20577356573796426
PXT1,-0.43433804569420464
MCTP1,-0.47974707393329047
TP53AIP1,0.8483185635684118
CD207,-0.19511557264608378
PRSS16,-0.5459779576542396
NICN1,0.7367441047310606
VWA2,0.6922076424332564
DEFB121,0.1452822764515418
ISM2,-0.6729613709900737
RNASE13,-0.43398291282399565
ANKH,-0.023952151205014767
CPXM1,-0.13408268854029406
PLBD2,-0.23547645390017807
RGS21,0.12000236278096617
GNRHR2,0.3175144629516101
AC073610.2,2.445790145395726
ARL9,2.150796523928919
OTUD7A,-0.3965567604846986
PLCL2,-0.6773830480342806
BMERB1,-0.3598090887170381
RIC8B,-0.03885913429476113
D2HGDH,0.2760273310031135
C21orf58,-0.04583271340434574
PHOSPHO1,2.165654825701538
CHTF8,-0.37985075344221503
RTEL1-TNFRSF6B,-0.7350316972165963
EYS,11.838535398129077
HAPLN3,0.215405895215426
SMIM10,2.4346063209999067
GRAMD2A,-0.44786559170896606
OR51H1,-0.14399216573107634
OR4F3,-0.15081415521225786
LHFPL3,-0.4044892210247734
CLIP2,-0.4631116509708284
PRR7,-0.40365080076265497
CA13,1.0809403658459933
AFG1L,2.2345052117104753
NOL4L,5.542435942712464
PITHD1,-0.26707558232292933
MAP3K7CL,-0.6493877013072511
AC100868.1,-0.46096903254783544
EPPIN-WFDC6,-0.5041514827718685
BSPRY,-0.7648046895798831
C9orf139,-0.6804902713040941
WFDC13,-0.23179816484189192
ZDHHC2,-0.575203079328609
HSH2D,-0.519498659000349
BHLHE22,2.450894953425538
SHD,-0.47396241422342883
SFXN5,-0.5712545150042088
SLC22A24,-0.6225338089821405
TIGD2,0.08516394304657157
PRXL2C,0.3516166969346012
CPNE8,1.7096720920088582
TMEM18,-0.11384578795079965
ZNF280B,-0.9002866600186351
FSIP2,-0.7176322241047071
SPANXA1,-0.7908997395402162
PGA5,-0.30773316637301623
AMY1A,-0.769881398807415
AMY2A,-0.6744200292103989
LOC284412,-1.2883663510609318
MESP2,-0.24588984825168894
PSTK,0.6824175657158543
PPDPFL,-0.18241283136899122
PRXL2B,-0.3782081970680756
TSPY8,2.4465821441324684
IAH1,0.996456456194005
TMEM170B,-0.49752445379851234
IGKV2-40,-1.4368595772694552
TRPC4,2.694160313488047
FAM219A,-0.5153089603628058
DNAH10,-0.22901834612229066
ARL8A,1.6190368287998345
YIPF7,2.162401977353714
NKAIN1,-0.26809111459226304
SYCE2,-1.0908101773967327
TMEM132E,0.14265353979970266
RBFA,-0.9287682798960649
TMEM132B,0.36593950772638056
SNX24,0.0006975236601363508
KLHDC8B,0.7367727818226081
KLHDC7B,-0.7504396451929765
KLHDC7A,-0.6663005376728487
KBTBD12,-0.8451060046932217
DCAF12L2,2.200618952021616
SDHAF4,0.1981057470376805
FKBP7,0.5035759918443744
FBXO16,-0.48595967874073825
SPRYD3,4.2350235450039
SLITRK2,0.024153840723650684
HIST1H4G,-0.46889300378268
H2AFB1,-1.2663171958012323
H2BFM,-0.9432648624721113
TNFRSF18,-0.8194243667798218
CCL24,-0.47291244129605003
FBN3,0.2502872590498861
WFDC12,-0.1017003406179396
KBTBD11,0.14285731403169094
LYPD6B,-0.15172840787873496
PALD1,0.9503814022334771
SLC5A11,-0.5859586131043956
SLC52A3,-1.2019628827406157
AC010542.3,0.20673452059989153
AKR7L,-0.38013639426069135
ZNF618,-0.477024568197188
POTEB,-0.3676448342383032
PERM1,-0.5280755013699772
XIRP1,-0.3500677558501574
TP53I13,-0.31244002312827
BLOC1S3,-0.6137426219626014
MIOX,-0.7284161849783126
TSNARE1,-0.8771425736845706
TMCC3,-0.7318672459271307
STX16-NPEPL1,-0.9231977761129729
NDNF,-0.20243476616024958
SLC10A4,-0.14589829999662363
MFSD9,-0.6479058618387924
SLC46A2,-0.330213407093861
SLC18B1,0.21454419360819124
SFT2D3,0.10176439206302405
LEMD1,-1.2110347295088912
SLC45A4,-0.3065386943434005
GSG1L,0.18385131315996614
C12orf66,0.2845165721313747
LINC00598,-0.39601444850415546
IDO2,0.0025916874759943282
ANKMY1,-0.7380888525675199
ARL15,2.158700465863017
C16orf54,0.17944729488457187
AC005324.3,-0.2946560522173209
TRIM64B,-0.6945717468714527
GAS8-AS1,1.762260460096565
TRBV2,-0.808703126096444
PCDHB10,-0.3116469426522325
PKD1L2,0.1723090160104869
F8A3,-1.1040432006109557
C10orf90,1.4082938203397943
ST8SIA1,-0.8487342092208371
RBMY1B,-0.4066872689153264
HELT,-0.3369562599351748
TCF24,-0.42677272826882257
TCF23,-0.35500102184202476
ASCL5,-0.35812842880929063
PTF1A,2.6464875965737615
MMAA,-0.2637737512828676
ACOXL,-0.42480272661190555
TTC39C,-0.5765168121316184
PABPC4L,0.029717315990790864
RNF152,-0.420835452941388
AC037459.1,-0.41971324210755573
AL365205.1,-0.21130802042924196
RNF157,-0.6936356070871235
ATOH8,-0.12431561257310993
TMEM145,0.3533883655450806
PRRG1,-0.15951286344621726
KDF1,-0.7444868876986315
CMTM1,-0.860591407446213
MIGA1,-0.36244623751532457
CIPC,-0.19938361297937746
ZNF320,-0.2660642583675194
SPACA6,-0.45464102577603005
WNK4,-0.4129580718006476
ICA1L,-0.6740004630175696
MS4A14,-0.8597208091777598
CCDC103,0.43775120932753525
DPY19L2,-1.006946052095997
TSPY10,0.46033310272438976
ANP32D,-0.1718093573787261
ZNF385D,-0.09568211594008065
CD160,-1.1436106823739454
MARCH8,-0.658527227232634
RUFY4,-0.5026634309910386
OR1F2P,-0.04796114124875112
SLC37A2,0.024081332776194335
SLC16A9,2.3142562194239162
NKAIN4,0.7002372625251349
BRINP3,-0.26690204160402237
WDR31,1.9622783943495923
MEIG1,-0.008609063265074289
MFSD2A,2.06133628818128
SLC6A18,-0.3895444387945536
MARC1,-0.6168525950168581
MAP1LC3B2,-0.22437148088815262
C2CD2L,1.4011487406225578
PCNX3,-0.5238614949580052
GPR157,4.825068211642483
HSFY2,-0.9428102068109142
SH3TC2,0.05455960970638427
SSX4B,-0.41571579667534614
SYCE1L,0.7015175936039129
NIPSNAP3B,2.4421972683807476
NUDT16,1.0896350988305274
ILDR1,1.9959836740406087
ZDHHC20,-0.695740931333032
LDLRAD3,-0.7736100886240724
TCERG1L,-0.33432690303288276
MINDY1,-0.6590462724398702
LRRN4CL,-0.23216102860546994
RSPO1,-0.438507488833343
UGT3A1,-0.5221222937413628
CMBL,-0.6544148302848537
IGSF9,0.0421235268589595
MYBPHL,-0.5523477420038974
FRMD4B,-0.5051139506060263
SLC5A3,-0.2935470625868593
LMTK3,-0.5906727508042275
HES3,-0.05180011493418302
WT1-AS,-1.0556535572333925
GSTT4,-0.739775039143199
MT1A,-0.6638816833356924
ATXN7L2,-0.4524518585522514
KNCN,-0.026071538547337535
TAL2,-0.37784417742206966
METTL7B,-0.28359631841290395
FSCN2,4.747647885827677
IGF2-AS,-0.08522354674538425
FIGLA,0.09588775624270142
PAIP2B,-0.35839908671603415
TRIM7,-1.032044097076147
TMEM99,-0.9702087518843057
ARSI,0.8098575236708507
TREX2,-0.32467627264425286
ZNF185,-0.2825436955444071
NCCRP1,-0.6207061757789187
PLEKHH2,1.2388941575458063
SEMA3E,-0.47169608385213296
PIH1D3,-0.6624682958576369
NCOA7,-0.4545554037746148
TLDC2,-0.3903951300337197
CT45A6,-0.18939418490501383
CT45A5,-0.18939418490501383
ADGRG7,0.41079511285886144
GTF2H2C_2,0.1333347912666093
CSMD2,-0.21795065655704488
KCNA6,0.043980839675205274
LGI4,-0.3946593975823953
AC026786.1,-0.16941855344487472
C17orf77,-0.49225514198950937
RNASE10,-0.556242447632092
BFSP1,0.9396536000291089
ELMOD2,-0.29296631142128676
AC012309.1,-0.036635163878509604
SCGB3A1,-0.4512097227825498
CCDC17,-0.6885124721335648
C22orf15,-0.8456648572413891
SNTN,-0.7932115404129695
GPR85,-0.5283637580821419
RFESD,-0.7836941177549996
KCNRG,-0.20499755035402673
INSC,-0.4979050912050959
MMP23B,-0.09312428727227545
ASTL,-0.2886923473595578
UCMA,-0.29460044720018486
OST4,-1.013811195114343
KRTAP1-3,1.9135314123968226
PRDM11,-0.0009902015494187596
CDH26,0.07176205137440775
PRAC1,0.09909320318681338
RPS10P5,-0.559086467941991
RPL17-C18orf32,-1.0484733709360694
RPLP0P6,-1.2599747334163849
UMAD1,0.45951642631425665
CATSPER2,2.654866723924106
SEMA3D,-0.3836473831192173
FAM163A,-0.172822803259398
ZBED2,-0.4484348263426721
PPP4R4,-0.5778206231207834
SETSIP,0.07806715582803855
EBF3,-0.14067633054804235
IL22RA2,-0.35078662149263246
EPB41L4A-AS1,-0.930367860511018
LRRC37A3,-0.40408782662668963
LRRC37A,-0.49698776677622064
AMTN,-0.22797944329196562
DOP1B,-0.5359755589492965
MAP7D2,1.779856266106997
ZNF385C,-0.5102493244754331
FCRL4,-0.9073023429123669
BLID,-0.32939968072646825
B4GALNT3,-0.5216976279877811
FNDC9,-1.069488434323788
MTRNR2L1,0.43521772636504946
SPTY2D1,-0.6550662458872405
ZNF626,0.7174435580919882
FAM83F,-0.0037357573255567935
SLC9B2,0.14901315012260588
ARMH4,-0.5258719819452363
TEX28,-0.6145747947236702
UPK3BL1,-0.19147221059948652
KRTAP13-1,-0.8506778132729605
LHFPL1,2.745311529524563
CCDC157,-0.8741308082894135
NPIPB5,-0.9395198536063795
SLC35G3,-0.8383752136582309
LHFPL5,-0.34710538116620687
TMEM86A,-0.6949542482734921
C14orf180,-0.3995311829625946
SERP2,-0.30651928460279687
CCDC159,-1.5945864785485664
RD3L,1.8745446081041603
TSPAN18,0.804135503986748
SPACA5,-1.2658007612829565
SYT15,-0.40938306855376627
ZNF705G,0.27771793848387655
KIF6,-0.04895759676665092
KIF12,-0.08299070271579123
CLVS2,-0.28864965131539727
FAM219B,-0.24337850865813432
LY6G5B,0.3488757427163147
KIAA0754,-0.5646943518349147
LOC102724334,-0.19790137729746524
OR5H6,-0.9742881259211944
BSPH1,0.3698643609715511
WNK2,-0.4464493577875267
C2CD4C,0.4005329467401335
IGLON5,-0.36137595295481
PRRT1,-0.46407542901679
PRRG4,-0.5881222296045767
STEAP1B,-0.48615476102488064
KCNJ13,1.8730833376733187
SHE,-0.5157229158742692
RFLNB,0.2631647894579182
CCSAP,0.11665898989962054
ZBED6CL,-0.8222406113894275
ITPRIPL1,-0.29579735979809363
C14orf177,-0.860065278962759
UPK3BL2,0.40109358275482326
TMEM178A,0.4640711060957324
RGS7BP,1.1878283245308894
OTOL1,-0.5930750825450639
C1QTNF9B,-0.5617429112707581
TIMD4,-0.6862385064492342
SCGB3A2,-0.45107256580019844
BAHCC1,-0.5828398009408962
CDR1,-0.18891080380882197
ANGPTL6,-0.45960384928877696
PRSS36,-0.29608776759930905
SMIM5,0.47553121128573045
ZAR1,-0.6223928603397019
C1orf53,3.126727227147733
ISM1,0.7010843226540279
C1orf54,-0.6673507598849481
KRT8P12,-0.5276951888429742
MAGED4,2.444927647565026
CEP295NL,0.6230177570236684
GPR149,-0.39913635498123334
ARFGEF3,0.05490190395407727
GPR148,0.003796058445276001
AL662899.3,0.1158616057120664
NBPF22P,-0.5057208707647244
ACP4,-0.004975658400884665
ADGRD1,2.0583197455387015
SPDYE1,-0.7106636685366746
M1AP,2.0738165798227772
AC005670.2,-0.8821682156071811
CDIP1,-0.7566058682850019
GPR180,-0.1703128533333584
C2orf76,0.02496072845284428
SVOPL,-0.20013868443317262
DCST2,-0.568621365769993
IL1F10,-0.08594335112688249
PSAPL1,-1.013478324626344
IQSEC3,-0.11137725386765465
CD99L2,-0.312869688042062
NAIP,-0.8425281809377401
MROH9,-0.8058800402937873
STON1-GTF2A1L,0.3008223185203649
CHURC1-FNTB,0.1284042200428814
RPL36A-HNRNPH2,2.442404591018613
ACTL9,0.5409751303272041
AC012254.2,-0.151521865559327
DHRS11,-0.3921977538338953
ARMH3,-0.3292200342645374
POLR2J3,0.4330447689318469
SPEF2,-0.49388636520622414
COTL1P1,-1.0260611503195747
AC004754.1,-0.6521765827101152
ENO4,-0.12709518471678594
CRAMP1,-0.512189153269351
SH2D3A,-0.7975846529231404
CTAGE9,-0.1062530592844223
AMN1,-0.8494304318779943
ENHO,0.1912377224901345
C9orf66,0.1721960980891256
TMEM181,-0.39715319856698167
NIPAL1,-0.5260790724501291
NSMCE3,1.550833622643103
AC020909.1,-0.7156831894150012
TMEM218,-0.7521632465974927
CSNK1G2-AS1,4.879573112090907
C2orf81,0.8435242729350594
FAM43B,0.06973342719533993
CTAG2,-0.5016546918032027
C19orf47,-0.5525727631015495
USH1G,1.0938762613166624
ATP5MF-PTCD1,1.188504188577582
CCDC198,-1.0545014040544964
SOCS4,-0.5760514184773301
ST6GAL2,-0.8252527472677962
TMED7-TICAM2,-0.8963351737784602
CARD16,-0.940700898306306
SLFN13,-1.0054126623749458
C11orf21,0.849236890417867
KY,-0.3519278879757214
RENBP,-0.26015798652875427
POTEG,-0.6714127788397868
MFRP,0.01044497837587084
AC020915.1,0.3317852184900355
SH2D4B,-0.25598159514459734
AL049634.2,-1.7248178718812122
MLIP,-0.5018254339233457
MTERF2,-0.017381779357203576
MEGF11,-0.4321299457457395
FGD5,-0.4434109965337722
BORCS8,-0.7521577768900322
ZNF90,2.4146815922709695
PI4KAP1,0.03240506832162441
CACHD1,3.2343564288381796
TMEM189,1.2784463348489794
MFSD3,-0.7946679724075248
SLC26A5,-0.23379281382426145
FAM124A,-0.33742527434434766
IL18BP,-0.8528838723785417
PHF13,0.19446303364961573
ODAPH,1.1550591373816885
FOXD4L6,-0.40981286696654146
SFTA2,-0.1596862981958653
CBWD2,0.5303610361399006
GAGE12B,-0.5750289832041998
GMCL2,-0.46546941926670005
PROX2,0.6152884471214056
BTNL9,0.13719449719010374
FAM153CP,-0.5905210354575607
LOC100288778,-0.7428704682091913
CAPN10,-0.8280420093600231
AC138696.1,-0.3237046874274401
ITPRID1,0.448611838911024
GAGE12G,-0.6685911014795966
LKAAEAR1,-1.304812359279321
HSP90B3P,-0.729054094429215
TNFRSF6B,0.40512780837200935
DTWD2,0.8652187810215743
TUBA4B,0.062091801343757975
CCL3L1,-0.3140969381775914
GPR155,-0.5333421247147617
CCDC78,0.15631443972467304
RPP38-DT,-1.0149406360094209
RHBDD2,0.08806446630847402
CST5,-0.4400087714035536
C12orf73,0.43774096749920527
TMSB4XP1,-0.6367380970703245
FKBP1C,-0.2543617198479693
SSX4,-0.21253481555730402
EGFL8,-0.436288707660803
SMIM4,-0.5807011350362322
CENPC,-1.5354444088389227
AQP11,-0.21285513002269615
NKAIN3,-0.2489149846876354
AL691442.1,-0.6885095845713052
PRTG,-0.39605446622774537
CORO7-PAM16,-0.4548238938414545
ENAM,-0.0832983356548928
TBX15,-0.7090389749851668
BPY2C,-1.5227019919026068
LOC727751,0.46753971698913394
INSM2,-0.4432269990411106
TMEM200B,1.0947093222745778
SH3BP5L,-0.5653730929373875
CROCCP2,1.699814849102091
OR14K1,-0.20982866913166534
OR2L8,-0.19421674372679937
OR52B4,-0.7647978167580451
OR1B1,-0.19421674372679937
OR5D13,-0.19421674372679937
OR2W5,-0.19421674372679937
OR5AR1,-0.2760868584837819
OR4E1,-0.19421674372679934
OR4K3,-0.19421674372679937
OR2I1P,-0.19421674372679937
OR2T35,-0.39247258447672934
OR4C45,-0.19421674372679937
AC135068.1,-0.22530824888532505
OR14A2,-0.21682081342017234
OR51J1,-0.19421674372679937
OR4A4P,-0.19421674372679937
OR4C16,-0.19421674372679937
OR8G2P,-0.19421674372679937
OR1F12,-0.19421674372679937
OR51G1,-0.19421674372679937
OR4C5,-0.27800709070904184
OR10G6,-0.19421674372679937
OR10G2,-0.2760868584837819
OR8K3,-0.2760868584837819
OR2AJ1,-0.19421674372679937
OR4Q2,-0.19421674372679937
OR11H2,-0.19421674372679937
OR6J1,-0.19421674372679937
OR4X2,-0.27608685848378195
OR3A4P,-0.19421674372679934
OR51B2,-0.45983985362324364
OR8G5,-0.19421674372679937
OR8G1,-0.19421674372679937
OR52R1,-0.19421674372679937
OR10D3,0.2685775574678011
OR5L1,-0.19421674372679934
OR8U9,-0.42065576593972576
OR8U8,-0.19421674372679937
OR51F1,-0.19421674372679937
OR2J1,-0.21261762947926002
OR2T11,-0.19421674372679937
OR52E5,-0.19421674372679937
LOC107987545,0.21500378203015988
OR2T7,-0.19421674372679934
OR56A5,-0.19421674372679937
OR4M2,-0.19421674372679937
OR4F29,-0.19421674372679937
OR1S1,-0.19421674372679937
OR10X1,-0.42065576593972587
OR11H7,-0.19421674372679937
OR10A6,-0.19421674372679937
OR4A8,-0.19421674372679937
AP5S1,-0.5815819871999625
C2orf72,-0.41857192554023326
RPL21P97,-2.119935717552425
UBTD2,-0.5011483653820633
ST20,-0.2770043098010178
DAPL1,-0.32227385318845325
DACT3,0.37615446275171593
FAM74A4,-0.5755291036724252
FBXO48,-1.2666615361854123
SDR42E1,2.0491154885009655
KIR3DS1,-0.3739703029013981
SPRR2G,-0.9384581110702614
IL36B,-0.793780523432001
LYPD5,0.1132952551784562
ADGRF3,0.5304437810273738
CRB2,1.1373477757986783
GLYATL2,-0.2328317671982567
GLYATL3,0.279945690191608
KRTAP6-1,-0.6877502796188477
RNF187,1.3245103117263861
ZNF727,2.432234232061855
PRR12,-0.524624505649029
SELENOV,-0.6729670201775225
ZNF488,-0.6619630843934272
NTN5,1.2152188203122751
CCDC71L,-0.18723048307815413
SLC43A2,-0.8096999092558896
PINLYP,0.0733298628075821
ASPDH,-0.5879953442486185
SLITRK6,-0.37848984421613585
LRRC75A,0.3954230930104491
ELFN1,-0.08022508972834146
LRRC37A2,0.905793686103483
LRRN4,0.6802085411085377
UBALD2,-1.0317586231876261
TREML4,-0.8329218580663255
SIGLEC15,-0.32911703316954105
LINC00305,-1.71152205837652
PXMP4,-0.5000992090146293
C8orf37,5.152922927583814
SPDYE3,-0.8820542246297702
ST8SIA6,-0.4927159662478603
ZNF729,-1.4927088690599286
ANKRD53,0.3087038060783428
SNHG29,0.0412019591090405
TFAP2E,0.308875036046494
CITED4,0.0278022542268279
VSIG10,0.206167505198702
APOL4,-0.624416948047583
LINC01600,-0.6030020433678344
USP26,-0.8611589353319204
PRR9,-0.47344270637531916
ZNF728,1.3406248277823039
SLC44A3,-0.2686839154459006
TMEM198,0.0364150219720109
ACTR3C,-0.6471075737325314
MIDN,-0.6562966141393172
WFDC9,0.18037257538283397
PABPC1L2A,0.16506894519315343
LY6K,0.6989239627062245
TXLNGY,0.0707975578462396
SNAI3,-0.6919218374265419
FRA10F,-1.8837795784910327
FABP9,-0.03283664871288456
SLC25A27,-0.8663314414389307
COX19,-0.39049300785313296
GASK1A,-0.5697298766748614
TBC1D3G,-0.06686014019266226
OTUD1,-0.7697758683740148
DMRTC2,-0.6898154651790886
TTC7B,0.27536213123543746
OTOG,0.6287291324397996
GCNT7,-0.4376125481015107
PCDHGA4,-0.10892528882877284
GRAMD1B,-0.12747451902380502
PAGE3,-0.10132950821608225
XAGE1B,-0.5430568081285598
PAGE2B,-0.43648568936085125
GAGE5,-0.7317443507613285
TANGO6,-0.03329727448126357
GAGE6,-0.6579729068720912
MICALCL,0.6342336375255164
SFMBT2,-0.3270791129348655
SAMD10,0.039213191560779806
SAMD5,0.12286286944102545
BORCS8-MEF2B,0.008392404793707404
BRICD5,-0.7820519470106739
CLHC1,2.449840815904485
CAPN13,-0.7903475910696248
GRXCR1,-0.32158679750935254
C5orf63,-0.7628830005563475
TRP-AGG2-6,-0.3729842511294538
MORF4,-0.6398324911193947
C5orf64,-1.5747428249629594
ANXA2P2,-0.5785994923528079
AL121594.3,-0.5794839103263673
RNF215,-0.8788145186164064
CCDC9B,-0.8790825455217238
RTTN,2.157992781065198
C2orf50,-0.5285800229559812
GSTT2,-0.4688626869266308
FAXC,-0.47135080972050736
SP9,-0.7183486552554224
GPR162,0.26476269872283786
ANKRD18B,-0.4598779624389401
ANKRD20A2,-0.6184464291599941
ANKRD33,-1.1370938157403045
ANKRD34B,-0.9792818981965804
POTEJ,-0.6964819623673413
POTEH,-0.8978895698404077
PIANP,-0.42358563315418984
CAMK2N2,-0.3232261702045279
CLEC18C,-0.0337476533935004
CLEC18B,0.28278856975016864
ZDHHC21,-0.3258405891980646
PPM1M,-0.4443518066245925
LLCFC1,-0.6298599450076119
CD164L2,-0.054862199264316555
KCTD8,-0.6851564601139832
SLC7A14,-0.6620508350165927
FABP12,-0.6228205804862982
TMEM119,0.13326426371098127
MRGPRE,0.26732506145023766
USP17L7,-0.5224337400035083
LRRC36,-0.4247872488663208
C14orf132,-0.22371216817709338
POU5F2,0.07612579783567311
SAMD11,-0.6869929395634659
CASTOR3,-0.11386078083626573
AC078927.1,-0.2123387570198224
PAQR9,1.5943198275680697
CCDC184,-0.5784494562072233
AGBL4,0.521287553503992
AGBL1,-0.22153204188439127
CSTL1,-0.4587051966293688
OTOA,-1.154085390004367
CST11,-0.3945136446648408
SPINK13,0.5742745207322173
CFAP65,-0.4457311721414765
CLDND2,0.26985642335132914
SPDYE2B,-0.8242598151208947
AC002996.1,-0.4237740149399166
RBM43,0.0347253408737751
TSPY4,0.4868753920923547
LOC102723996,-0.8852023776053302
STIMATE,1.7415979536132777
ADGRD2,0.5269747375334064
ADGRF2,0.4399149443642268
ADGRF4,0.4125072048089291
ADGRG3,0.2159795410690777
ZNF713,1.9335866339475025
LINC01018,-0.3882875459623889
HYAL1,-0.4346674205600499
C12orf76,0.5390537426321435
TANGO2,-0.6014544526558973
C16orf91,-1.0007097316266598
LCTL,-0.6339295814123549
LRRC34,-0.6738939051965546
MBLAC1,-0.8323044375312344
AL117348.2,-0.2210547272240181
GFRAL,-0.4570278722173054
ZNF716,-0.4101880590487117
TSPAN10,1.1592773456320762
WDSUB1,1.5410854387087538
SAMD12,-0.009935112780609077
C17orf67,1.0238436545669218
CARD6,-0.7162735370841496
CARD17,-0.6763879287776318
NLRP5,-0.48021974652776483
NLRP7,-0.034174729496278894
NLRP11,0.061645312297060544
NLRP10,-0.8678226038929223
ARMC2,-0.706511176225674
LRRC70,2.281889890969658
DPPA5,-0.4517648261410891
HEPN1,0.12786104593351758
CCDC73,-0.19974440223015372
CXorf58,-0.132403841942134
CCDC84,1.1024215435583737
CFC1B,-0.7240574953044089
ADAM1A,-0.9328298328617021
IGHV4-31,-1.4108270731384687
RAP1BL,-1.0753821074715157
SLC25A53,-0.6553928155584343
ZDHHC11B,-0.5765933316841269
SPIN3,-0.20137815909576035
FAM135B,0.6295731725951801
LINC02210-CRHR1,0.18624360728041775
PCSK1N,-0.4551698428422791
TMEM89,-0.952222334350056
GPIHBP1,0.05932249020436763
ARL13A,1.6971676633051143
C12orf75,0.21859379617563862
C10orf71,0.015843793477009156
SHLD1,-1.0114699686992752
DSEL,1.4481062148661736
SLC35G5,0.15618804665554203
ERFE,-0.388191227022553
C1QTNF8,-0.5089598936729459
C5orf56,-1.4286514310217708
C5orf38,-0.4918733298405337
SMIM13,0.8331053504921508
KCTD14,-0.22392132165013812
FDCSP,-0.4993113879035323
BPIFA2,-0.420998297867361
INTS6L,0.9073940473760252
ECSCR,-0.3943313690270196
BPIFB3,-0.16092775662952588
BPIFB6,0.025732849861275955
FUT10,-0.3853841567804701
TMEM45B,-1.0029421633503575
FBLL1,-1.254334836744178
TMEM268,-0.5230822208328794
FAM120AOS,-0.9884996916373169
LOC101930123,-0.8970529804641204
ANXA2R,-0.41190447611874015
TMEM68,1.556190700914179
TP53TG3C,-1.0512904519375021
SETD9,-0.9041152899505852
PAQR7,0.13317475591813702
C5orf30,0.9317590568829907
SKIDA1,-0.577161605097433
XXYLT1,-0.08461832058348709
RNF212,1.4712387362299504
MOB3B,0.02575452049851822
SLC10A3,-0.823060504780115
KIAA0895,-0.43365831200327165
CLDN12,3.867754821148779
BIVM,0.1434489195388197
SLC35E2A,-0.37193113696059504
ZFP91-CNTF,-0.8844086993834979
SPIN4,0.29250120701602333
NEIL2,1.699651292515565
IGIP,-0.16119193632744155
TMEM241,0.4644079817668901
LRTOMT,-0.4580433486296184
FAM102B,-0.017019404384307973
XKR6,-0.4743880918232208
MIR1915HG,-1.6796352326879207
EXOC3-AS1,-1.3375152445516678
LRRC37A11P,-0.6968909568525699
SPANXD,-0.6266592532782365
SPANXC,-0.9073113751084028
KIAA1147,-0.29747900420939455
GCOM1,-0.03754119590695832
OBP2B,0.44018764189881054
SMLR1,-0.3275896752116857
GOLT1A,0.3924634803442044
CT45A2,-0.5619962655956329
PEX11G,-0.20916225205002342
MIR22HG,-0.7136598554562732
ZC3H12C,-0.7618991670694548
KRTCAP3,-0.636335206632336
C5orf49,-0.09039497388431667
CDHR3,-0.12620198403589653
TTLL9,-0.007948538526017897
HSFX2,1.3119793111681701
LINC00526,-1.125933553607914
RDM1,-0.04934031037779855
PTCHD3,0.16542718394960346
BTBD16,-0.6418717323913928
CARMIL2,-0.09490021480947342
S100Z,-0.8613170256161485
LOC107987205,-0.6057826856385758
ZNF229,4.025192062970167
SLC35E4,-0.31032981013940475
RFLNA,-0.10897963112502868
POTEKP,-0.3622831894049883
HHLA3,-0.8547501569453977
TDRD15,-0.6865371202559749
CCDC122,-0.5504758929060024
ATP5MGL,-0.44002888546253105
SLC25A52,1.4761871193401361
PCARE,12.397779470219735
KIF25-AS1,-0.8225751466460182
RTL8B,-0.4038583575697153
TMSB4XP6,0.12048873007363467
TMSB4XP2,-0.8100700622647217
PGLYRP3,0.08945934696962053
TCHHL1,-0.8050275232251224
S100A7L2,-0.9441889879077516
SPINDOC,-0.6092157244457023
LINC01194,-2.3267465229847297
C19orf67,-1.3274140147897882
CHKB-CPT1B,0.09942937528398531
PCDHGB2,0.16348009455429255
PCDHGB6,-0.6453605622863715
PCDHGC4,0.001873953924752076
PCDHGA7,0.21662026115194538
ANKFN1,-0.38670322474707347
AC099329.3,-0.7067552426906721
CCDC197,-0.9334913456712233
CBWD6,0.05753833126058339
CBWD5,0.6037331610957469
SERPINB8P1,-0.10468658564318675
RIMKLA,0.12223098993909835
LOC554223,-0.8612373213504737
C2orf48,-0.3933864162903955
KLHL30-AS1,-1.0230697820589056
TMEM143,-0.36770436540141715
GBGT1,-0.421170003808766
CES1P1,-0.17680587633742434
BEND6,-0.2855893724774187
SPDYE2,0.27501294020504435
TTC34,-1.5544287703227482
CCT6P1,-1.5519399666044327
AC068775.1,2.0755260962999573
OPN1MW3,5.925890033804612
PRR5-ARHGAP8,1.9479963223368069
OPN1LW,5.057882453162446
ASPHD2,-0.4712924182797244
SYT14,0.32742727564984025
CCDC85A,-0.04734165503128917
IFFO2,-0.2151267388725096
TAS1R3,-0.24632109108469577
OPN1MW,5.744098983922504
IL1RAPL2,0.07703587863871922
PRLHR,-0.06489650881332036
HBBP1,-0.45125409356511936
NT5C1B-RDH14,0.8000098471049173
SYNDIG1L,-0.18709002366714889
LOXHD1,-0.2216123739683338
PLIN5,0.20415043697244709
LIPM,-0.7202984811436002
GAGE2C,-0.894920820845319
AC108488.2,-0.4562207237639045
NBPF11,0.2533014691332977
LOC105379861,0.22151099836861568
RIPPLY3,-0.5347507599822431
LOC149950,-1.4769095345418037
POM121L4P,-1.6418364561210141
WTIP,-0.0935980601371135
HYKK,-0.4358475094905873
AFAP1L1,-0.3225428730148242
TM4SF19,-0.2550054906707234
IGFL3,-0.6921161636198454
TMEM35B,0.1558267781937728
KLRA1P,-0.3852609056524901
RPS26P11,-1.270373883507385
OTOP3,2.197558803055439
OTOP1,1.5747096797210218
OTOP2,0.5019961225239767
ZNF697,-0.8679019168608298
TRIM39-RPP21,3.209018030220994
ANKUB1,-0.44307345415803123
METTL22,1.6742558338138824
HSP90AA2P,-0.6030288624204696
AD000671.2,-0.7202571064524829
CLRN2,-0.17575894684500828
CYYR1,0.46104253052697425
HRCT1,-0.008883913122858736
SHF,0.09756445836299978
B4GALNT4,-0.2977751141010908
CCDC174,1.5141585539677116
ZNF181,4.927332510209465
ZNF880,3.9111101208250942
MCIDAS,0.16647756191158586
KLHL1,-0.5399488062220091
KLHL34,-0.6840136126984089
KLHL33,1.3381192516992912
PHOSPHO2-KLHL23,-0.5366115705597911
FUOM,-0.917125178977756
TMEM63C,8.01375518864161
IFNLR1,-0.41846178650679083
PCDHB2,0.4201768672215681
PCDHA11,-0.33214009238792264
HIVEP3,-0.6164687595261583
PRIMA1,-0.6066849081687382
KLHL17,-0.36211740757934974
KRBA2,-1.2387182255462132
KRTAP27-1,-0.8598279897758659
KRTAP23-1,-0.6512745166358506
KRTAP24-1,-0.8582842342060533
KRTAP29-1,-0.9168761442377753
KRTAP25-1,-0.8693235015667701
NUDT17,0.2637646697219286
PRRT3,2.36947909752349
TMED8,2.297291988454828
HAPLN4,-0.037008246796449665
FAM129C,-0.7531849328886961
IL34,-0.47324839523033085
NAT8L,-0.377761093594059
APOPT1,-0.13669561703389216
CUZD1,0.07166583249321372
RNF175,-0.08859502715442678
TSPEAR,-0.40205973434172393
TENM2,-0.05197346592600982
ACOT4,-0.36508430977492756
SLCO1B7,-0.21009945481513578
AC022335.1,0.44881603781923757
BVES,-0.07114893671787803
SEPT14,-0.5866278158139521
LOC155060,0.00536670742568267
FAM92B,-0.20685802760745872
LRATD1,-0.27775394124831454
ZNF888,1.0393353042128526
RHPN1-AS1,0.4677946439535804
PRR19,-0.31377441681400897
ZNF69,-0.7928820083111716
ZNRF2P1,-1.431434660396728
IL31,-0.4667607108767812
NPIPB13,-0.30730450615678456
TTLL13P,-0.25588638844599865
TTLL8,-0.25963113844885854
FAM200B,-0.1339111743868676
XIST,-2.11253492444211
VN1R4,-0.6640652331577404
TPSB2,-0.394790374529283
HEATR4,-0.3663230429524646
ANKAR,0.06046415607421994
IL17RE,-0.317157531982849
SPNS3,-0.6202935529116541
IYD,-0.6493743223687098
NEDD8-MDP1,0.06767947972432063
MS4A15,-0.5714754559631462
C5AR2,-0.39909382501104307
AC004223.3,-0.6428634822828163
SERPINA2,0.9162386281365855
SENP8,-0.7677726301878878
TMEM139,-0.2110422163950809
FAM86B2,0.8639615633142342
LILRA3,-0.7494190215492995
PCDHA5,-0.5321568131851411
LIPT2,-0.4952492602680332
KIR2DL2,-0.6961434835365944
AC092647.5,-0.8795764131856929
TAFA2,-0.4732981842377902
TUG1,-1.1343811002402975
NAPEPLD,0.93261079201715
TTLL11,-0.12118980148017817
FRRS1,1.0514171019573353
DEFB4B,-0.4626024463856678
C17orf97,-2.5832724574904375
C16orf95,-1.481823723625777
CGREF1,0.353235753712771
PIRT,-0.49459157333243586
RBP7,-0.366316595888311
MAGEA9,-0.4007050009089009
RBBP9,-0.16718559347071188
LIX1,-0.19191454271432834
CARMIL3,-0.5189426883241796
SHISA3,1.7651599942792127
SCIMP,-0.9793530178687875
URB1-AS1,-1.4520472543909446
ESYT3,-0.02678567276745166
SLC46A1,1.1854565092440572
ARL14EPL,-1.7938438987821281
PRAG1,-0.14812414324491804
AGAP5,-0.47996152231337114
NPIPB2,-0.5258660378627964
C11orf96,-0.35436808739897374
WDR72,-0.24627024185590962
BECN2,-0.8903944487293178
FAM90A26,-0.9170594955076395
POTEA,-0.7182129996463142
PCDHB6,-0.3745435067445569
PCDHB1,-0.31349103083093915
PCDHA1,-0.49662704550769987
NAMPTP1,-0.030942232789103397
PANX3,-0.22156712115196803
LIMS3,0.4688700704714852
LIMS4,6.006880591749068
SERPINA9,-0.37900148347292667
MALAT1,-0.5411660704913592
SPRR2F,-0.8238891390545082
NIPAL4,-0.6970702805478416
LCE6A,-0.9999656992209581
CCDC160,-1.2670835881440619
SLC29A3,-0.8773558360923618
HTR3D,0.2053347092113965
LYRM9,0.032425058568602436
RNF112,-0.4721288712146604
GLRA4,0.33181772667733334
DEFB136,-0.33776345460362084
DEFB105A,-0.4236719920424246
DEFB105B,-0.4350601993447305
DEFB110,-0.36397380556909525
DEFB108B,-0.3836457644281256
DEFB118,0.036907779529462996
DEFB103B,-0.43944799258214756
DEFB103A,-0.5852138757794968
DEFB130B,-0.5169471195970557
PRB2,-0.046425759082635666
CCL4L1,-0.2466251256856586
MAGEB17,0.711683974968132
TSTD1,-0.7101235600399792
TOPAZ1,4.07130665386446
DUX1,-0.10225243204744912
TRIM6-TRIM34,-0.6043465718712432
TRIM6,1.6750882774391873
C9orf131,-0.02442125947638563
DNASE1L1,-0.6083935044804769
KBTBD3,0.36453892861454235
TRIL,-0.7344806779088536
ASXL3,-0.5678243055244621
CHCHD2P9,0.43755192613948657
BHLHE23,0.10362344367159392
TMEM98,0.7046487813870891
FAM182B,-0.46783815032438364
IFITM5,-0.21618467576552466
C5orf46,3.9218184431907757
CCL3L3,0.06903189897720745
MOSMO,0.04758427538968315
C1QTNF6,-0.5786439924697613
LAIR2,-0.37409905743327004
DEFB131A,0.5049654505055721
IGL,0.22889256066039004
BTN2A3P,0.3940604544749261
ZNF761,2.303743912582401
TRIM61,0.31339383040265706
TRIM60,0.19329971540420565
EZHIP,0.7497733139422764
ZNF772,0.06654842410395541
C6orf226,-0.582014098536854
FAM25A,-0.5992062932601225
SHISA2,0.1386476693349992
CDRT15,-0.5193592904147095
IGSF5,-0.3917270051850231
AQP10,-0.5183005050829355
ERAS,5.432195905628433
TAS2R45,0.837934239127031
NLRC3,0.12640520451562384
KIR2DS4,-1.1842202042536312
SLC16A12,-0.26503891476728797
DDTL,1.1526840032613488
GAGE12I,-0.6166813674510535
PRH2,-0.47350337174675694
C2orf27A,2.0060324351768304
C2orf27B,-0.6209422343050418
GAGE12E,-0.6546300364235403
GAGE12F,-0.6547571049927992
TLCD2,0.940446513416346
PEBP4,1.162103915213373
MYEOV,0.24514732813678672
GCM2,1.4987575945145473
C1QTNF7,-0.5107996822293924
CBLN3,-0.5623397751495431
C1QL2,-0.6215455193074553
ETFBKMT,-0.33159090117344164
RHOXF1,0.20095347439717676
NAT16,-0.5086911980724609
PGA4,-0.4988234545255788
C1QTNF12,-0.5840209288691003
PRR23B,0.46174487901310785
HHLA1,0.643495055296723
SCUBE1,-0.18164450447459507
PTX4,0.8513839761233398
PRR23D1,-0.8749815834004893
ADAMTS10,0.6992158390459897
ITIH6,-0.3188868610584811
FNIP2,-0.4386234819024412
PTCHD4,0.27970482779780387
VWC2L,-0.975058970386835
ODF3B,-0.6599351495885745
PLPP7,0.07820468713642834
CRYGS,2.0693767930726548
PRAMEF8,0.1851646682233978
DEFB104A,1.0534143115744725
C12orf50,-0.5604105764730717
STPG4,-0.5007802952647192
CEP112,2.714447456231678
RINL,-0.252627970606028
C3orf18,-0.48826334433815205
GPR152,-0.5866209684138692
SLC16A13,-0.03568808500971086
RP1L1,3.6827313770969687
RN7SK,-0.8324060157507326
SNRPEP2,-0.5473543721096131
HNRNPA3P1,-0.4482537907200003
DYDC2,-0.019126742988380022
CCDC81,-0.44812537576871225
OCSTAMP,0.6791639847642335
LINC00636,-1.2783568321658632
RPL6P1,-0.5547277502161669
BIVM-ERCC5,2.433600976544086
HHIPL1,0.07838954056002599
ANKRD20A1,-1.4913510608820066
FAM98C,-0.3031838704409294
AC004832.3,0.11422093723326891
HSPA7,-0.552758875062003
DAOA,0.7135062100644854
ERVV-2,-0.4940447114593358
ERVMER34-1,-0.21845582925138135
FAM89A,0.5422075437704672
TNFAIP8L3,0.10558378301984093
SLC45A1,-1.0088907760235586
NBPF10,0.2893646504714527
FGFBP3,0.06048456538081742
BAGE,-0.11824413385542801
TMEM155,-0.8674999346028416
DEFB125,-0.14665760891929255
PCDHB13,-0.4398168967377725
PCDHB8,-0.5206836781614008
TMTC2,0.5725967505382402
NAA60,-0.7794286532259287
SATL1,-0.5115289302465712
IGFL2,-0.6921897429272912
SLC6A17,-0.04690332317711492
SPANXB1,-0.8024498424843987
SPANXA2,-0.8095268054303046
IZUMO3,0.05210450075260146
NEMP2,-0.33416510288607426
MFSD6L,-1.3025980207648682
TMEM240,1.5874875047338501
PAGE5,-0.2526349139186677
TMEM253,-0.12019841667789764
TMEM252,5.142321876061925
MEI4,-1.990104217857302
CCDC126,-0.39709352658889524
MAGEB18,-0.8565920808145505
F8A2,-0.3608553701196356
AC091167.3,0.017190559278418293
VN1R5,1.3940643671848982
LOC401052,-0.9266849260619793
ZNF763,0.24923578804908522
AC008575.1,-0.31035370687032826
SLC35F4,0.15290828566298637
KIAA0087,-1.384477134828139
TAFA5,-0.6648026489478087
CKLF-CMTM1,0.29714860033556645
SLAMF9,-0.7263868359457314
C9orf152,-0.08438982578453341
TSPAN19,1.327130880143677
HNRNPA1P70,-1.6950483872853241
REXO1L1P,-0.6560354316979347
CYB561D1,0.37240127564705694
CFAP77,-1.4087873356487122
PLAC9,-0.5365437145497387
CCDC154,-0.6836946060574972
C6orf132,-0.79888042817092
SLC22A20P,-0.860632186204715
AC011448.1,-1.119193852963572
SLC15A5,-0.7759775411955638
RIOX1,-0.6208965813767326
KCTD9P2,-0.7833976472129118
LOC147791,-0.4463844583515272
DCANP1,-0.8249708943679701
GLIDR,-1.5967146523630122
LOC148413,0.03647131490578975
ZNF479,-0.6757572169511438
LINC01588,-0.4307421581427583
FAM27E3,-1.44330038785724
POM121L8P,-1.5271808814684573
NWD2,-0.4634010131888896
FAM204A,-0.5618695264400937
RMDN2,-0.2685671715189296
HMSD,0.10981753711356185
CLECL1,-0.7626742483681171
GCSAM,-0.6487791480954385
C6orf58,-0.054641324905308576
TMEM150C,1.0200862948781972
PLEKHG7,-0.570358285390945
MICOS10-NBL1,-0.5729427685092863
LOC107987235,-0.5748266068517087
KIR2DS3,-0.5858566977723938
GAGE7,-0.5637706468103378
ATXN7L3B,-0.5756109440174249
GDI2P1,-0.8076057788433253
WFDC10B,-1.1520926384651684
P2RX5-TAX1BP3,0.10933830701868047
C2orf83,-0.015634423865124644
DRAXIN,0.1192807526148762
BTBD8,-0.3083134972911628
FAM24B,-0.8296356779500389
AC008764.1,-0.5769621246348164
CCDC169-SOHLH2,-1.4831064188434009
A3GALT2,-0.42117000380873854
GLT6D1,-0.42117000380873854
PRCD,6.8363852654221775
SSX7,-1.0318110070779827
PATE1,-0.7684875694448039
RTL5,-0.6795235047450545
APCDD1L,-0.4319056148490186
PRNT,-0.5372115477306384
HEATR9,-0.8667111681164634
CD300LG,-1.3287837727803136
CEACAM16,-0.7002706236582953
AP000295.1,-0.796767524628307
GOLGA2P10,-0.8843384252378782
PRR18,-0.5660181685359563
THAP9,-0.20340643406100828
ZNF799,0.5952171645456591
DCDC2B,3.880273691520044
NPIPB3,-2.568440352064437
KHDC1L,-0.7666638241565682
CYS1,0.4331057190442126
PNMA6A,4.95934945837778
NOTO,2.2130561819482115
PCDHA8,-0.461344109277265
FLJ44635,2.456032658717292
C19orf38,-0.4083272075074183
AC092143.1,-0.7409928000894701
USP17L25,-0.5202767596467277
SPRN,-0.81254708638467
PGBD5,0.19666776440906708
POLR2J4,-1.0839573929628223
ATPSCKMT,-0.6358380616545845
FAM72B,-0.0772854524871772
PCDHA13,-0.1609027290514396
GTF2IRD2B,-1.3456226758652716
SMCO2,-0.6659781236814871
POTEB2,0.065937868322077
XAGE2,0.005831631959326283
ANKRD20A4,-0.738725077279397
ANKRD63,-0.9216292629190836
NBPF20,2.4237427023416465
TMEM170A,0.4236510323327379
PALM3,-0.16935980742430423
AC068775.2,-0.9727825992181235
KLRF2,-0.6744365234007816
EFCAB10,-1.1157880924143933
EFCAB12,-0.054806186509472325
C15orf61,-0.5615446530524841
TMEM52,2.474220877229894
IGHV1OR15-9,-0.3514810064272307
ARPC3P1,0.6073152389338418
STOX1,-0.12294310892206921
RAB1C,-0.6785532666700363
MAGED4B,2.6304591628958747
USP17L23,-0.9323269390604519
WASH2P,0.8203597410383684
FAM20A,0.07376417193424935
AGAP11,0.09832030555454167
DIRC3,-0.3004696007669834
TBC1D3B,0.16349796870961886
AGAP9,0.16351971180451225
SCGB1C1,-0.06321157120710498
TMEM270,-1.175897648829907
LDLRAD2,-0.04649753415755749
SLFN12L,-1.2060123656662278
STOX2,-0.12434733614176723
DEFB114,-0.399016054640473
DEFB132,0.2329065285018691
ZNF286B,-0.19218879221007984
SHISA4,-1.1524070882280926
MT1B,-0.9252064081670383
MT1DP,-0.1539580832391116
CCDC26,-0.9446621106625198
BMS1P1,-1.3301593630127595
SNHG11,-1.3529138403177865
MGC39584,-0.29094401308968776
SLC25A45,-0.6829039042448272
GK3P,-0.5900669870012315
MMEL1,-0.7365785335845245
GPHB5,0.03286887705513315
PGBD2,-0.46754864495548004
RPL9P8,9.110253706002855
BTBD19,-0.3790817405177747
CDC42EP5,1.9520775789623126
UBALD1,-0.7373370344590588
SHROOM1,3.2906334700575512
C17orf58,-1.068128671820619
RFTN2,-0.44249099233612527
LY6G6E,-0.03742012882015824
USP17L26,-0.693874693758542
USP17L24,-0.7010652698511369
TINCR,-0.59534203354782
FAM218A,-0.6553885185472035
RUSC1-AS1,-0.7367006896281058
TMIGD2,-1.1154894376565914
NXNL2,1.1687271793669711
TDH,-0.5601594037552835
GPR119,0.19209520400556795
MKRN4P,-0.7836944584785276
ZNF738,-0.053980478099732415
LINC00846,0.35697392280140605
IRAK1BP1,0.08162038884593883
TATDN3,-0.38868847672633805
PADI6,-0.5452711917781732
PWWP3B,0.10153335834309068
AC003002.1,-0.8100869837713841
MINAR1,-0.38762227077803757
WDPCP,9.791661058022
ZNF705D,-0.4669955729514039
NIPA1,0.30417003590486047
TESPA1,-0.2538964519575202
RRP7BP,-0.7504433118183158
TMEM136,0.9519514713270103
MROH1,0.17069715749935982
MEG3,0.24932982112188498
TMEM37,-0.3338978668839288
TRAPPC2B,0.30589974422620547
UBE2Q2L,-0.6313059057596341
AWAT1,0.5586044352506567
BTBD11,-0.18758432460726707
AC004997.1,-0.46302241050330195
CD177,0.28549115895126514
SPINK8,0.36689341583360174
ATP6AP1L,-0.30709627284497554
MAGIX,0.331172847761146
HMCN2,0.568577686801507
KIR3DX1,-1.4942036433634371
RIMBP3C,0.00555504769918004
AC010422.3,-0.6418210910094702
FAM166B,-0.01678495779247171
MSANTD1,0.007864642510700218
FAM229B,1.9351579488927808
FOXO3B,-0.8683656556466801
AC005837.2,0.10089085998114793
NRN1L,-0.6300312669757488
DEFB127,-0.5938311597560763
LOC100653061,4.673162871527016
HMGB1P1,-1.6391706238553183
AC104831.1,0.2551258947622753
ERMARD,-0.04876403666487544
LAYN,0.09600205138966386
SVOP,-0.3319878570388867
CCDC142,-1.3853057852437944
CCDC30,0.4786009009767924
TRABD2B,1.194094605182198
FAM45BP,-0.39614760854569825
PPP1R3G,-0.5793261221820118
GREB1L,-0.6439931876124433
NT5DC4,0.5266685426228339
TMEM255B,0.060296454937394724
DEFB115,-0.2798575625724645
TEDDM1,-0.04554182007781045
PMS2P3,-0.6368161828207157
HOTAIR,-2.279195996652792
RPL4P5,-0.4911006210026234
C9orf135,-0.4361717624382422
UGT2A2,-0.529968812391856
FAM9C,-0.5030312845622283
CDCP2,-0.9402989407119041
PLPPR5,0.25675773691945364
SHROOM4,-0.17719569986149358
CCDC171,2.1377947665739527
LYSMD4,-0.6567257784667755
TDGF1P3,0.06931272575367015
SYCN,0.034979147160514784
SCARF2,-0.3680983283874921
GPRIN3,-0.4066742308378172
AQP12B,-0.3298691643903121
AQP12A,-0.38007350771389825
C1orf127,0.9372939627543394
GAGE4,-0.5637634227082888
THEGL,-0.06564685253194513
AC099850.2,-0.5754521694233268
C8orf86,-0.34349733155828094
DCDC1,2.0700019762623345
IGHV3OR15-7,-0.7398372229839985
ZNF846,-0.023358115406982495
ZNF525,-0.6172088965448911
SUPT20HL1,-1.9246772504119907
PRAMEF17,0.43337690049619154
RPL35P5,-0.4042859796769354
ZNF804B,-0.36609202982014466
ZNF732,1.6106883669336258
ZNF737,1.6106883669336258
ZNF705A,-1.5960926935977917
ZNF658,-1.6440516223017307
FLJ38668,-0.7952809406981649
TMEM234,-0.7403401812343162
LOC729603,-0.9043779084310734
NBPF9,2.4219370418078117
TMEM235,-0.0698118010808326
ABO,-0.7101865211713222
TMEM74,-0.7130975092349068
C2orf66,0.014245092121640456
PI4KAP2,0.15799136512937653
SERINC5,-0.6822111424273334
MS4A18,-0.6850044921317612
TMEM132D,0.8084959397988907
DNAJB3,0.6903458037599487
LOC153684,0.048311965270242924
TCL6,0.6844800675165765
GOLGA8DP,0.8363263419419544
CYTL1,0.5128092839637353
VWDE,-0.30234074084941553
LYPD8,-0.5257497777202937
CCL4L2,-1.1420313305265215
LINC00656,-1.4417514070294144
FAM178B,0.38019102850243985
TRDC,-0.3962774678805478
FRRS1L,0.24557596431066686
KRTAP10-4,-0.8750668267995255
LIPN,-1.1963507045176334
CASTOR1,0.5506100438188335
CASTOR2,0.9436023926172991
NUTM2F,-0.7437278674923281
PRR22,-0.4572244736010636
GOLGA8R,-0.6725224112453416
GOLGA8H,2.4135988002740354
PRKY,-0.5310035389879524
WG,2.3621625176326475
CTAGE8,-0.15714784981644858
CLEC4F,-0.8675297061930021
MAP6D1,-0.32338381620802387
GAGE2B,-0.7377781218260466
SMIM24,2.4240141781715057
OPN1MW2,7.429340462157448
RBBP8NL,-0.4062140288036046
PIPSL,-0.7811890901875443
DEFB124,-0.5030589219164258
LRRC3C,1.0017221672953847
LRRC53,-0.6045318574397894
PATE3,-2.0323022035735323
MT1P3,-1.585901429059671
RNASEK-C17orf49,0.774002861742681
CCDC140,-0.3497716723916094
GUCY2EP,3.6185038812578076
SVBP,1.6975111291923315
RNF121,0.18582586439651105
C11orf40,0.8361955371528673
AP000350.4,-0.4553074926494065
C15orf65,0.9747991559840994
KAAG1,-0.3744534029242144
VWA5B2,0.19444247022196773
DCAF8L2,-0.07295104207708222
ALKAL1,0.07744082895231057
LINC01465,-0.04885534426246507
AC068896.1,-0.2253725652691662
PPP1R2C,-0.05649733732921689
AC090527.2,-0.48646930033691915
AC110275.1,-0.11140475259262922
WNK3,0.018556423625462448
HIGD2B,-0.8275859122000022
TMEM179,1.0235448338967765
CCDC141,1.2610081183479491
SRGAP2C,1.7656097269425302
FAM180A,1.701454210762611
EGOT,-0.644870496681774
AC048338.1,-0.9771301007136667
LINC00265,-0.7763948306502078
ZFP92,-1.258772564815209
CALHM5,1.3836929030955136
PRSS3P2,1.5708107677310759
MINDY4,1.1794245204304725
SPACA5B,-1.136627674232947
TMIGD1,-0.5987597547023501
CYP4F8,1.1464277497069202
C4orf47,0.6606852538255487
ZNF205-AS1,-0.8875592637343173
LOC142937,0.8404746779343485
EEF1E1-BLOC1S5,-0.5509861117806886
AL110118.2,-1.14754255706999
CCSER1,-1.3929280306464704
AC026464.3,0.06549977183202675
AC026464.1,-0.7467689951532004
TRN-GTT2-1,-0.7600756983499543
BHMG1,-2.5393784859365938
CLLU1,-1.160294968949219
HPF1,-1.276966905059717
PDPK2P,-0.23301653868950584
NUTM2B,-0.8569097663838076
NUTM2A,2.4339394315497014
CGB1,-0.26415884232489517
EEF1A1P5,0.01133709185570653
INAFM1,-0.4442504846252443
ZC3H12B,-0.4406252974226701
TMEM150B,-0.4322840122910229
TMIE,-0.186368548438261
STRC,-0.7435388028761519
CYB5D1,-0.28912692752822594
KIR2DS1,-0.6768090912891808
CLEC19A,-0.21479474888865563
IGKV3D-7,-1.4434317180868084
CORD1,-0.5860232421270595
TBC1D3H,0.9832072566189721
RP9P,-0.7567421900748768
CT45A3,-0.6898453974074479
SPANXN4,-1.0030753483815684
TPRG1,0.8200236212588519
LOC613037,-0.25402968749609267
DEFB106B,1.204259015261125
C1orf74,-0.7502505624819578
EEF1B2P5,-0.9850443001373337
PQLC2L,1.0363894701685779
SPRR2C,0.16929062343003365
BHLHA9,0.19349053845255207
C15orf54,-0.20864315811761758
CLEC2L,-0.5114171257306483
MT1L,-0.823611817187672
ARPIN-AP3S2,2.4746569738830724
PPIAL4D,0.24351992780262002
TBC1D27P,0.5342737339777883
VNN3,-0.3496209251746332
PLET1,-0.5235748033420534
PRSS41,-0.5214796495396061
MDGA2,0.6989239627062245
ZNF182,-1.5698011670362693
FAM163B,-1.0515628524861718
CDRT4,1.2034599118395397
ZNF630,-0.10220922641076308
REXO1L6P,-0.5665594116629179
CRIP3,-0.38996405935601525
GLTPD2,-0.23182289787261814
C10orf120,-1.359564129060354
C4orf48,-0.41163515400543316
NPIPB9,-0.5480086601567492
ARMCX6,0.2767661858495289
RBMY2FP,1.1218527593887726
CT83,2.4124664618331537
LYZL6,-1.5903907810638993
AL359922.1,-1.1683359838926342
C2orf15,0.6703829219677716
SIGLEC16,-0.8427962719544485
ILDR2,0.6217575713128036
HSBP1L1,-1.1161587877082735
ARMCX4,-0.8985881835833858
TIFAB,-0.5234018517769824
C11orf42,-1.0448756479274623
TRIM77,2.4450074416858194
XKRY2,-1.3796716657719945
RNU1-4,-0.7897036947175258
RNU2-1,-0.7897036947175258
ZNF275,-1.3671565231902987
BAGE3,-0.6150688643846743
CXorf40B,-1.2193082656360728
LOC344382,-1.2238198983399797
DEFB104B,0.43595513920315404
AP001458.2,-1.1648575953223488
FCRL6,-0.9051387887715404
SNAP23P1,1.1339810057432915
IGSF23,-0.9459008491928792
CTXN1,0.23801203686675138
LINC00312,-0.8897486267547077
SHOC1,-0.062270716168578495
ST13P4,-1.1427053276699235
PLD5,-0.04055609391916376
GOLGA6L10,2.4276416958850553
TMEM114,1.4367865070614336
CRYGB,4.045676430390824
AL589666.1,-0.9061368152219158
BEND4,-0.2762280774484487
FAM184B,0.7650758744499174
NBPF8,1.9914228068014734
C20orf197,-0.5852059166345983
RPSAP58,0.11377333985587429
SMIM17,-0.036075292260421755
PCDHB4,-0.14985668391041185
CFAP54,0.6553474229963602
CR1L,0.21576503447021173
NBPF14,0.3247389735568276
NBPF12,0.5375800160254525
GAGE12C,-0.6636149356182719
TMEM121,0.48455368203781846
C20orf203,-0.970425997687675
KIR2DS5,-0.6530425922747697
CEMP1,0.916420499413623
HDL3,0.666146393916213
TMEM44,0.5697951102555788
LINC00242,-1.6511678580392486
TMEM169,0.646134924055581
C4orf51,2.423982736932352
GBA3,0.1753913805520486
POTEM,2.432850744735652
ZHX1-C8orf76,2.421321448539198
TMEM183B,2.4292582778301
KCNJ18,2.443050170730064
PLEKHD1,2.434776196064778
ZNF730,2.4264897453114798
ZNF735,2.4320145539309643
ALG1L2,2.4131039426321705
ZNF717,1.563926753096249
ZNF865,-0.2207703849627045
ASAH2B,1.0269981144093614
C16orf47,2.4331674067506794
MROH6,1.1426716665283625
TRIQK,4.0342560632444595
GPR179,32.97231796704262
HNRNPCL3,1.7375894716915914
C8orf34,-0.2781041155212712
TRIM49B,2.4319433657557643
IGKV2D-29,1.5861140507201454
IQCJ,2.432359380301325
HSPE1-MOB4,2.4508280002455534
NEURL3,0.7845872673883835
FAM72A,1.2829375475048006
RPS10-NUDT3,1.0947717697787986
POTEB3,2.4332109332349865
C20orf96,0.05389630061241844
CTAGE15,2.4514060934524613
SUPT20HL2,2.4126268026789655
ELFN2,0.7874520763880093
GUCY1B2,2.037354693159692
SMCO3,-0.5332239292309692
ZC3H12D,-1.2999592121367083
ATRNL1,-0.15224905755077156
ATG9B,0.14885210179360334
GEMIN8P4,0.14012634617252495
OTOS,-0.5267051295401349
LINC00518,0.2876653423290474
LPAL2,-0.06030128004279305
TVP23A,-0.4754677785100597
CRYGN,0.44269445349639547
C17orf102,0.05321423349117327
FAM160A1,-0.8071234157343765
CT47A11,-0.7369155626496063
TMEM132C,-0.01605314963637528
CC2D2B,0.39087158129760574
VWA5B1,0.20075301329315062
CFAP61,-0.7134109692044984
DIRC1,0.048773609079373885
MYMK,0.9770044878596771
NPM2,-0.5870073211882317
TCIM,-0.9929498987028714
PRY2,0.5990393925450954
GABARAPL3,-0.32470536600108246
CYP4Z2P,0.02843107412268789
CRSP5,0.19187415789161597
ZNF891,0.2811076216771931
ADM5,-0.06124752347809331
AC138811.2,0.01814189017989157
C3orf80,2.358950516075216
CD163L1,0.1795600041774446
XKR9,2.616204211024525
PIN1P1,-0.4459624195421624
PAGE4,0.1988388520239458
CEACAM4,0.4104893720894236
AC008770.3,-0.8525568318116137
TMEM121B,-0.33405153291016537
FAM74A1,-0.007273092242756537
FMO6P,1.9014815178086015
KIR3DP1,-0.6613562098385505
TAC4,0.6001280688599384
C1orf189,-0.1599788641122317
DLX6-AS1,-1.307594926381296
C16orf89,-0.453614245567376
SPATA31A3,-1.6034757553663592
UCN3,0.8394649172943096
FAM222A,-0.16491027118972834
KRTAP9-7,-2.593669664290554
SIAH3,-0.4847674973809957
EXOC3L2,-0.13418601684266032
C12orf74,-0.4637797993380432
TRNAG1,-1.4424647721441828
PPP1R2B,-0.07894446422903251
C9orf163,-0.5969080018608977
MRNIP,-0.3962076895429586
TRPC2,0.9366284130698331
C2orf74,0.11384871628653255
FAM217A,-0.17228762124565705
CDHR4,-0.2860294313630073
ANKRD33B,-0.7003363794922266
DDX12P,-2.510377344694774
PRR29,0.4647227229344941
PPIAL4E,1.9553150551154346
INTS4P2,-1.7493805195306478
GPR137C,0.2075906318589122
ST20-MTHFS,-0.6930559659620653
WASH6P,0.037222851330696104
CARF,0.8149785047040624
VCX3B,-1.444774449130383
GGT3P,0.6712432069820256
ERV3-1,-1.0222388383878842
VSTM1,-2.0210345181493783
EIF3FP3,-0.8845909401796759
RPL13AP17,-0.673404115393492
MRRFP1,2.008004549694115
C16orf46,-0.5060404272583033
FREM3,-0.3409984828773233
SLFN14,-0.7222572984945812
ARHGEF33,-0.4978481208685897
AFG3L1P,-1.1581912849191538
SSX6P,-0.1224250622307925
ETV3L,-0.29514850738231146
ITPRIPL2,-0.08532477239681066
PRSS40A,3.9014233761861687
AC013269.1,3.9014233761861705
NAP1L6,1.1606769275449027
IFI27L1,-0.5255179575510397
LINC00588,0.7694558036142609
C6orf222,-0.5442023870359348
STAG3L1,0.14191654967662798
VWA3A,-0.31247937132131487
ASB16-AS1,1.2010672338361779
TMEM236,0.9741340816348351
XKR3,-1.2932671503522546
GAGE2E,-0.5750289832041998
ZNF702P,-1.2269378451847954
NPIPA7,0.3583816680327525
EEF1DP3,-0.5781960620743772
NCF1B,-1.8935509392873782
LY75-CD302,-1.758687258284453
XG,0.3056279524217087
CXorf40A,-0.21308015131737967
RNASE8,-0.2565429788152934
GOLGA2P11,-1.0360950723417013
C12orf42,0.3862327542607816
OC90,1.0329503009106293
C2CD4D,1.4439549031958199
C2CD4B,0.40053294674011225
UBE2L1,-1.3724042560543737
PDXDC2P,-0.5676527032518637
AC135050.2,0.8321048677948155
C8orf58,1.74020256861535
SMIM2,-0.9733129739699794
JAKMIP3,-1.0349587376540352
MUSTN1,-0.09667442229577575
MAMDC4,-0.3713273956096196
NAT8B,0.5517313815903699
PABPC1P1,-1.4399161415479553
C1orf158,0.40792248531148056
ERICH6B,-0.8017306106835099
DUX5,-0.4180807421827385
TMEM117,-0.4664106494003552
SEBOX,0.7164018478067674
MAGEA5,-0.5909421824275288
AC011479.1,-1.169000303713812
PRR23D2,-0.9279070511741111
XKRY,-1.5580226870559457
ZNF767P,-0.9027102078722149
ALKAL2,-0.3232984016338825
PRR23A,0.8584619798110722
ANKRD26P1,-0.8397551255951387
CLPSL2,-0.47028476380992673
C9orf85,-0.8493244676459798
CD200R1L,-0.685693813355586
H2AFB3,0.4781920297002977
SLC10A6,-0.3133693583474782
OR4F16,-0.7155327637185143
KRTAP3-4P,0.5389951904066845
C8orf88,-1.0026380551375342
NPIPB15,-1.1143349846287545
RFPL3S,-0.18874652581559134
CYTOR,0.21619387433450865
C22orf34,-0.6697725140931315
IZUMO2,0.0441696510849936
LYG1,0.062409418316097746
SEC14L6,0.9576148795857851
RPL23AP32,-0.7565702744450671
MIR4435-2HG,0.21619387433450865
GLOD5,-0.6023493899544305
TMEM26,0.7214899270170844
RAD51AP2,-0.6935456311152668
AC010422.6,-0.694484793023096
PLEKHA8P1,-0.3574470380085809
MGC34796,0.11866073992238625
CD300LD,-1.1985655852657704
SLC10A5,-0.3859048102223397
BAGE4,-0.2798575625724645
FAM181B,-1.2937992746620852
TPT1P8,-0.474232531668448
